accession	layout	r1_url	r2_url	biosample	read_count
ERR110067	PAIRED	https://ftp.sra.ebi.ac.uk/vol1/fastq/ERR110/ERR110067/ERR110067_1.fastq.gz	https://ftp.sra.ebi.ac.uk/vol1/fastq/ERR110/ERR110067/ERR110067_2.fastq.gz	SAMEA1466056	2237584
ERR110081	PAIRED	https://ftp.sra.ebi.ac.uk/vol1/fastq/ERR110/ERR110081/ERR110081_1.fastq.gz	https://ftp.sra.ebi.ac.uk/vol1/fastq/ERR110/ERR110081/ERR110081_2.fastq.gz	SAMEA1466008	1986176
ERR110082	PAIRED	https://ftp.sra.ebi.ac.uk/vol1/fastq/ERR110/ERR110082/ERR110082_1.fastq.gz	https://ftp.sra.ebi.ac.uk/vol1/fastq/ERR110/ERR110082/ERR110082_2.fastq.gz	SAMEA1465988	2320433
ERR110086	PAIRED	https://ftp.sra.ebi.ac.uk/vol1/fastq/ERR110/ERR110086/ERR110086_1.fastq.gz	https://ftp.sra.ebi.ac.uk/vol1/fastq/ERR110/ERR110086/ERR110086_2.fastq.gz	SAMEA1466052	1558089
ERR110098	PAIRED	https://ftp.sra.ebi.ac.uk/vol1/fastq/ERR110/ERR110098/ERR110098_1.fastq.gz	https://ftp.sra.ebi.ac.uk/vol1/fastq/ERR110/ERR110098/ERR110098_2.fastq.gz	SAMEA1466082	1928454
ERR110100	PAIRED	https://ftp.sra.ebi.ac.uk/vol1/fastq/ERR110/ERR110100/ERR110100_1.fastq.gz	https://ftp.sra.ebi.ac.uk/vol1/fastq/ERR110/ERR110100/ERR110100_2.fastq.gz	SAMEA1466011	2736893
ERR110102	PAIRED	https://ftp.sra.ebi.ac.uk/vol1/fastq/ERR110/ERR110102/ERR110102_1.fastq.gz	https://ftp.sra.ebi.ac.uk/vol1/fastq/ERR110/ERR110102/ERR110102_2.fastq.gz	SAMEA1466028	1938125
ERR119657	PAIRED	https://ftp.sra.ebi.ac.uk/vol1/fastq/ERR119/ERR119657/ERR119657_1.fastq.gz	https://ftp.sra.ebi.ac.uk/vol1/fastq/ERR119/ERR119657/ERR119657_2.fastq.gz	SAMEA1317939	6528927
ERR119659	PAIRED	https://ftp.sra.ebi.ac.uk/vol1/fastq/ERR119/ERR119659/ERR119659_1.fastq.gz	https://ftp.sra.ebi.ac.uk/vol1/fastq/ERR119/ERR119659/ERR119659_2.fastq.gz	SAMEA1317920	5005739
ERR119660	PAIRED	https://ftp.sra.ebi.ac.uk/vol1/fastq/ERR119/ERR119660/ERR119660_1.fastq.gz	https://ftp.sra.ebi.ac.uk/vol1/fastq/ERR119/ERR119660/ERR119660_2.fastq.gz	SAMEA1317927	5466152
ERR119664	PAIRED	https://ftp.sra.ebi.ac.uk/vol1/fastq/ERR119/ERR119664/ERR119664_1.fastq.gz	https://ftp.sra.ebi.ac.uk/vol1/fastq/ERR119/ERR119664/ERR119664_2.fastq.gz	SAMEA1317924	5006461
ERR119668	PAIRED	https://ftp.sra.ebi.ac.uk/vol1/fastq/ERR119/ERR119668/ERR119668_1.fastq.gz	https://ftp.sra.ebi.ac.uk/vol1/fastq/ERR119/ERR119668/ERR119668_2.fastq.gz	SAMEA1317922	6296684
ERR119670	PAIRED	https://ftp.sra.ebi.ac.uk/vol1/fastq/ERR119/ERR119670/ERR119670_1.fastq.gz	https://ftp.sra.ebi.ac.uk/vol1/fastq/ERR119/ERR119670/ERR119670_2.fastq.gz	SAMEA1317931	4944407
ERR119671	PAIRED	https://ftp.sra.ebi.ac.uk/vol1/fastq/ERR119/ERR119671/ERR119671_1.fastq.gz	https://ftp.sra.ebi.ac.uk/vol1/fastq/ERR119/ERR119671/ERR119671_2.fastq.gz	SAMEA1317930	4243553
ERR119677	PAIRED	https://ftp.sra.ebi.ac.uk/vol1/fastq/ERR119/ERR119677/ERR119677_1.fastq.gz	https://ftp.sra.ebi.ac.uk/vol1/fastq/ERR119/ERR119677/ERR119677_2.fastq.gz	SAMEA1317925	4659966
ERR119679	PAIRED	https://ftp.sra.ebi.ac.uk/vol1/fastq/ERR119/ERR119679/ERR119679_1.fastq.gz	https://ftp.sra.ebi.ac.uk/vol1/fastq/ERR119/ERR119679/ERR119679_2.fastq.gz	SAMEA1317937	4929973
ERR190414	PAIRED	https://ftp.sra.ebi.ac.uk/vol1/fastq/ERR190/ERR190414/ERR190414_1.fastq.gz	https://ftp.sra.ebi.ac.uk/vol1/fastq/ERR190/ERR190414/ERR190414_2.fastq.gz	SAMEA1569402	2689628
ERR190415	PAIRED	https://ftp.sra.ebi.ac.uk/vol1/fastq/ERR190/ERR190415/ERR190415_1.fastq.gz	https://ftp.sra.ebi.ac.uk/vol1/fastq/ERR190/ERR190415/ERR190415_2.fastq.gz	SAMEA1569436	2211494
ERR190417	PAIRED	https://ftp.sra.ebi.ac.uk/vol1/fastq/ERR190/ERR190417/ERR190417_1.fastq.gz	https://ftp.sra.ebi.ac.uk/vol1/fastq/ERR190/ERR190417/ERR190417_2.fastq.gz	SAMEA1569477	2121011
ERR190418	PAIRED	https://ftp.sra.ebi.ac.uk/vol1/fastq/ERR190/ERR190418/ERR190418_1.fastq.gz	https://ftp.sra.ebi.ac.uk/vol1/fastq/ERR190/ERR190418/ERR190418_2.fastq.gz	SAMEA1569374	1691594
ERR190419	PAIRED	https://ftp.sra.ebi.ac.uk/vol1/fastq/ERR190/ERR190419/ERR190419_1.fastq.gz	https://ftp.sra.ebi.ac.uk/vol1/fastq/ERR190/ERR190419/ERR190419_2.fastq.gz	SAMEA1569504	1977695
ERR190420	PAIRED	https://ftp.sra.ebi.ac.uk/vol1/fastq/ERR190/ERR190420/ERR190420_1.fastq.gz	https://ftp.sra.ebi.ac.uk/vol1/fastq/ERR190/ERR190420/ERR190420_2.fastq.gz	SAMEA1569503	2221987
ERR190421	PAIRED	https://ftp.sra.ebi.ac.uk/vol1/fastq/ERR190/ERR190421/ERR190421_1.fastq.gz	https://ftp.sra.ebi.ac.uk/vol1/fastq/ERR190/ERR190421/ERR190421_2.fastq.gz	SAMEA1569458	2477877
ERR190422	PAIRED	https://ftp.sra.ebi.ac.uk/vol1/fastq/ERR190/ERR190422/ERR190422_1.fastq.gz	https://ftp.sra.ebi.ac.uk/vol1/fastq/ERR190/ERR190422/ERR190422_2.fastq.gz	SAMEA1569539	2213016
ERR190423	PAIRED	https://ftp.sra.ebi.ac.uk/vol1/fastq/ERR190/ERR190423/ERR190423_1.fastq.gz	https://ftp.sra.ebi.ac.uk/vol1/fastq/ERR190/ERR190423/ERR190423_2.fastq.gz	SAMEA1569528	2546587
ERR190425	PAIRED	https://ftp.sra.ebi.ac.uk/vol1/fastq/ERR190/ERR190425/ERR190425_1.fastq.gz	https://ftp.sra.ebi.ac.uk/vol1/fastq/ERR190/ERR190425/ERR190425_2.fastq.gz	SAMEA1569551	1882180
ERR190428	PAIRED	https://ftp.sra.ebi.ac.uk/vol1/fastq/ERR190/ERR190428/ERR190428_1.fastq.gz	https://ftp.sra.ebi.ac.uk/vol1/fastq/ERR190/ERR190428/ERR190428_2.fastq.gz	SAMEA1569438	34389
ERR190430	PAIRED	https://ftp.sra.ebi.ac.uk/vol1/fastq/ERR190/ERR190430/ERR190430_1.fastq.gz	https://ftp.sra.ebi.ac.uk/vol1/fastq/ERR190/ERR190430/ERR190430_2.fastq.gz	SAMEA1569371	1219343
ERR190432	PAIRED	https://ftp.sra.ebi.ac.uk/vol1/fastq/ERR190/ERR190432/ERR190432_1.fastq.gz	https://ftp.sra.ebi.ac.uk/vol1/fastq/ERR190/ERR190432/ERR190432_2.fastq.gz	SAMEA1569467	2070817
ERR190433	PAIRED	https://ftp.sra.ebi.ac.uk/vol1/fastq/ERR190/ERR190433/ERR190433_1.fastq.gz	https://ftp.sra.ebi.ac.uk/vol1/fastq/ERR190/ERR190433/ERR190433_2.fastq.gz	SAMEA1569386	2050194
ERR190434	PAIRED	https://ftp.sra.ebi.ac.uk/vol1/fastq/ERR190/ERR190434/ERR190434_1.fastq.gz	https://ftp.sra.ebi.ac.uk/vol1/fastq/ERR190/ERR190434/ERR190434_2.fastq.gz	SAMEA1569395	2363701
ERR190435	PAIRED	https://ftp.sra.ebi.ac.uk/vol1/fastq/ERR190/ERR190435/ERR190435_1.fastq.gz	https://ftp.sra.ebi.ac.uk/vol1/fastq/ERR190/ERR190435/ERR190435_2.fastq.gz	SAMEA1569508	2059968
ERR190436	PAIRED	https://ftp.sra.ebi.ac.uk/vol1/fastq/ERR190/ERR190436/ERR190436_1.fastq.gz	https://ftp.sra.ebi.ac.uk/vol1/fastq/ERR190/ERR190436/ERR190436_2.fastq.gz	SAMEA1569377	2354327
ERR190437	PAIRED	https://ftp.sra.ebi.ac.uk/vol1/fastq/ERR190/ERR190437/ERR190437_1.fastq.gz	https://ftp.sra.ebi.ac.uk/vol1/fastq/ERR190/ERR190437/ERR190437_2.fastq.gz	SAMEA1569465	44952
ERR190438	PAIRED	https://ftp.sra.ebi.ac.uk/vol1/fastq/ERR190/ERR190438/ERR190438_1.fastq.gz	https://ftp.sra.ebi.ac.uk/vol1/fastq/ERR190/ERR190438/ERR190438_2.fastq.gz	SAMEA1569546	2140470
ERR190439	PAIRED	https://ftp.sra.ebi.ac.uk/vol1/fastq/ERR190/ERR190439/ERR190439_1.fastq.gz	https://ftp.sra.ebi.ac.uk/vol1/fastq/ERR190/ERR190439/ERR190439_2.fastq.gz	SAMEA1569473	6886
ERR190440	PAIRED	https://ftp.sra.ebi.ac.uk/vol1/fastq/ERR190/ERR190440/ERR190440_1.fastq.gz	https://ftp.sra.ebi.ac.uk/vol1/fastq/ERR190/ERR190440/ERR190440_2.fastq.gz	SAMEA1569417	1875493
ERR190441	PAIRED	https://ftp.sra.ebi.ac.uk/vol1/fastq/ERR190/ERR190441/ERR190441_1.fastq.gz	https://ftp.sra.ebi.ac.uk/vol1/fastq/ERR190/ERR190441/ERR190441_2.fastq.gz	SAMEA1569423	2110957
ERR190442	PAIRED	https://ftp.sra.ebi.ac.uk/vol1/fastq/ERR190/ERR190442/ERR190442_1.fastq.gz	https://ftp.sra.ebi.ac.uk/vol1/fastq/ERR190/ERR190442/ERR190442_2.fastq.gz	SAMEA1569406	2020018
ERR190443	PAIRED	https://ftp.sra.ebi.ac.uk/vol1/fastq/ERR190/ERR190443/ERR190443_1.fastq.gz	https://ftp.sra.ebi.ac.uk/vol1/fastq/ERR190/ERR190443/ERR190443_2.fastq.gz	SAMEA1569434	2142134
ERR190444	PAIRED	https://ftp.sra.ebi.ac.uk/vol1/fastq/ERR190/ERR190444/ERR190444_1.fastq.gz	https://ftp.sra.ebi.ac.uk/vol1/fastq/ERR190/ERR190444/ERR190444_2.fastq.gz	SAMEA1569387	1288192
ERR190446	PAIRED	https://ftp.sra.ebi.ac.uk/vol1/fastq/ERR190/ERR190446/ERR190446_1.fastq.gz	https://ftp.sra.ebi.ac.uk/vol1/fastq/ERR190/ERR190446/ERR190446_2.fastq.gz	SAMEA1569442	2318588
ERR190447	PAIRED	https://ftp.sra.ebi.ac.uk/vol1/fastq/ERR190/ERR190447/ERR190447_1.fastq.gz	https://ftp.sra.ebi.ac.uk/vol1/fastq/ERR190/ERR190447/ERR190447_2.fastq.gz	SAMEA1569510	1719258
ERR190448	PAIRED	https://ftp.sra.ebi.ac.uk/vol1/fastq/ERR190/ERR190448/ERR190448_1.fastq.gz	https://ftp.sra.ebi.ac.uk/vol1/fastq/ERR190/ERR190448/ERR190448_2.fastq.gz	SAMEA1569488	2550155
ERR190449	PAIRED	https://ftp.sra.ebi.ac.uk/vol1/fastq/ERR190/ERR190449/ERR190449_1.fastq.gz	https://ftp.sra.ebi.ac.uk/vol1/fastq/ERR190/ERR190449/ERR190449_2.fastq.gz	SAMEA1569533	2307653
ERR190450	PAIRED	https://ftp.sra.ebi.ac.uk/vol1/fastq/ERR190/ERR190450/ERR190450_1.fastq.gz	https://ftp.sra.ebi.ac.uk/vol1/fastq/ERR190/ERR190450/ERR190450_2.fastq.gz	SAMEA1569449	2920139
ERR190451	PAIRED	https://ftp.sra.ebi.ac.uk/vol1/fastq/ERR190/ERR190451/ERR190451_1.fastq.gz	https://ftp.sra.ebi.ac.uk/vol1/fastq/ERR190/ERR190451/ERR190451_2.fastq.gz	SAMEA1569523	646512
ERR190452	PAIRED	https://ftp.sra.ebi.ac.uk/vol1/fastq/ERR190/ERR190452/ERR190452_1.fastq.gz	https://ftp.sra.ebi.ac.uk/vol1/fastq/ERR190/ERR190452/ERR190452_2.fastq.gz	SAMEA1569487	2173388
ERR190454	PAIRED	https://ftp.sra.ebi.ac.uk/vol1/fastq/ERR190/ERR190454/ERR190454_1.fastq.gz	https://ftp.sra.ebi.ac.uk/vol1/fastq/ERR190/ERR190454/ERR190454_2.fastq.gz	SAMEA1569399	1920178
ERR190455	PAIRED	https://ftp.sra.ebi.ac.uk/vol1/fastq/ERR190/ERR190455/ERR190455_1.fastq.gz	https://ftp.sra.ebi.ac.uk/vol1/fastq/ERR190/ERR190455/ERR190455_2.fastq.gz	SAMEA1569490	12780
ERR190456	PAIRED	https://ftp.sra.ebi.ac.uk/vol1/fastq/ERR190/ERR190456/ERR190456_1.fastq.gz	https://ftp.sra.ebi.ac.uk/vol1/fastq/ERR190/ERR190456/ERR190456_2.fastq.gz	SAMEA1569408	2123425
ERR190457	PAIRED	https://ftp.sra.ebi.ac.uk/vol1/fastq/ERR190/ERR190457/ERR190457_1.fastq.gz	https://ftp.sra.ebi.ac.uk/vol1/fastq/ERR190/ERR190457/ERR190457_2.fastq.gz	SAMEA1569516	841131
ERR190458	PAIRED	https://ftp.sra.ebi.ac.uk/vol1/fastq/ERR190/ERR190458/ERR190458_1.fastq.gz	https://ftp.sra.ebi.ac.uk/vol1/fastq/ERR190/ERR190458/ERR190458_2.fastq.gz	SAMEA1569394	18958
ERR190459	PAIRED	https://ftp.sra.ebi.ac.uk/vol1/fastq/ERR190/ERR190459/ERR190459_1.fastq.gz	https://ftp.sra.ebi.ac.uk/vol1/fastq/ERR190/ERR190459/ERR190459_2.fastq.gz	SAMEA1569538	2299976
ERR190461	PAIRED	https://ftp.sra.ebi.ac.uk/vol1/fastq/ERR190/ERR190461/ERR190461_1.fastq.gz	https://ftp.sra.ebi.ac.uk/vol1/fastq/ERR190/ERR190461/ERR190461_2.fastq.gz	SAMEA1569418	1958357
ERR190462	PAIRED	https://ftp.sra.ebi.ac.uk/vol1/fastq/ERR190/ERR190462/ERR190462_1.fastq.gz	https://ftp.sra.ebi.ac.uk/vol1/fastq/ERR190/ERR190462/ERR190462_2.fastq.gz	SAMEA1569499	1527159
ERR190464	PAIRED	https://ftp.sra.ebi.ac.uk/vol1/fastq/ERR190/ERR190464/ERR190464_1.fastq.gz	https://ftp.sra.ebi.ac.uk/vol1/fastq/ERR190/ERR190464/ERR190464_2.fastq.gz	SAMEA1569557	2150216
ERR190465	PAIRED	https://ftp.sra.ebi.ac.uk/vol1/fastq/ERR190/ERR190465/ERR190465_1.fastq.gz	https://ftp.sra.ebi.ac.uk/vol1/fastq/ERR190/ERR190465/ERR190465_2.fastq.gz	SAMEA1569478	1856599
ERR190466	PAIRED	https://ftp.sra.ebi.ac.uk/vol1/fastq/ERR190/ERR190466/ERR190466_1.fastq.gz	https://ftp.sra.ebi.ac.uk/vol1/fastq/ERR190/ERR190466/ERR190466_2.fastq.gz	SAMEA1569441	1620878
ERR190467	PAIRED	https://ftp.sra.ebi.ac.uk/vol1/fastq/ERR190/ERR190467/ERR190467_1.fastq.gz	https://ftp.sra.ebi.ac.uk/vol1/fastq/ERR190/ERR190467/ERR190467_2.fastq.gz	SAMEA1569482	1636813
ERR190468	PAIRED	https://ftp.sra.ebi.ac.uk/vol1/fastq/ERR190/ERR190468/ERR190468_1.fastq.gz	https://ftp.sra.ebi.ac.uk/vol1/fastq/ERR190/ERR190468/ERR190468_2.fastq.gz	SAMEA1569411	22501
ERR190469	PAIRED	https://ftp.sra.ebi.ac.uk/vol1/fastq/ERR190/ERR190469/ERR190469_1.fastq.gz	https://ftp.sra.ebi.ac.uk/vol1/fastq/ERR190/ERR190469/ERR190469_2.fastq.gz	SAMEA1569454	1931454
ERR190470	PAIRED	https://ftp.sra.ebi.ac.uk/vol1/fastq/ERR190/ERR190470/ERR190470_1.fastq.gz	https://ftp.sra.ebi.ac.uk/vol1/fastq/ERR190/ERR190470/ERR190470_2.fastq.gz	SAMEA1569543	1410476
ERR190471	PAIRED	https://ftp.sra.ebi.ac.uk/vol1/fastq/ERR190/ERR190471/ERR190471_1.fastq.gz	https://ftp.sra.ebi.ac.uk/vol1/fastq/ERR190/ERR190471/ERR190471_2.fastq.gz	SAMEA1569460	1961165
ERR190472	PAIRED	https://ftp.sra.ebi.ac.uk/vol1/fastq/ERR190/ERR190472/ERR190472_1.fastq.gz	https://ftp.sra.ebi.ac.uk/vol1/fastq/ERR190/ERR190472/ERR190472_2.fastq.gz	SAMEA1569534	2190995
ERR190473	PAIRED	https://ftp.sra.ebi.ac.uk/vol1/fastq/ERR190/ERR190473/ERR190473_1.fastq.gz	https://ftp.sra.ebi.ac.uk/vol1/fastq/ERR190/ERR190473/ERR190473_2.fastq.gz	SAMEA1569472	1897221
ERR190474	PAIRED	https://ftp.sra.ebi.ac.uk/vol1/fastq/ERR190/ERR190474/ERR190474_1.fastq.gz	https://ftp.sra.ebi.ac.uk/vol1/fastq/ERR190/ERR190474/ERR190474_2.fastq.gz	SAMEA1569483	2284961
ERR190475	PAIRED	https://ftp.sra.ebi.ac.uk/vol1/fastq/ERR190/ERR190475/ERR190475_1.fastq.gz	https://ftp.sra.ebi.ac.uk/vol1/fastq/ERR190/ERR190475/ERR190475_2.fastq.gz	SAMEA1569382	1875272
ERR190476	PAIRED	https://ftp.sra.ebi.ac.uk/vol1/fastq/ERR190/ERR190476/ERR190476_1.fastq.gz	https://ftp.sra.ebi.ac.uk/vol1/fastq/ERR190/ERR190476/ERR190476_2.fastq.gz	SAMEA1569561	2086685
ERR190477	PAIRED	https://ftp.sra.ebi.ac.uk/vol1/fastq/ERR190/ERR190477/ERR190477_1.fastq.gz	https://ftp.sra.ebi.ac.uk/vol1/fastq/ERR190/ERR190477/ERR190477_2.fastq.gz	SAMEA1569379	1646746
ERR190478	PAIRED	https://ftp.sra.ebi.ac.uk/vol1/fastq/ERR190/ERR190478/ERR190478_1.fastq.gz	https://ftp.sra.ebi.ac.uk/vol1/fastq/ERR190/ERR190478/ERR190478_2.fastq.gz	SAMEA1569428	2230741
ERR190479	PAIRED	https://ftp.sra.ebi.ac.uk/vol1/fastq/ERR190/ERR190479/ERR190479_1.fastq.gz	https://ftp.sra.ebi.ac.uk/vol1/fastq/ERR190/ERR190479/ERR190479_2.fastq.gz	SAMEA1569407	1874297
ERR190480	PAIRED	https://ftp.sra.ebi.ac.uk/vol1/fastq/ERR190/ERR190480/ERR190480_1.fastq.gz	https://ftp.sra.ebi.ac.uk/vol1/fastq/ERR190/ERR190480/ERR190480_2.fastq.gz	SAMEA1569548	2005501
ERR190481	PAIRED	https://ftp.sra.ebi.ac.uk/vol1/fastq/ERR190/ERR190481/ERR190481_1.fastq.gz	https://ftp.sra.ebi.ac.uk/vol1/fastq/ERR190/ERR190481/ERR190481_2.fastq.gz	SAMEA1569530	1817313
ERR190482	PAIRED	https://ftp.sra.ebi.ac.uk/vol1/fastq/ERR190/ERR190482/ERR190482_1.fastq.gz	https://ftp.sra.ebi.ac.uk/vol1/fastq/ERR190/ERR190482/ERR190482_2.fastq.gz	SAMEA1569489	1128971
ERR190483	PAIRED	https://ftp.sra.ebi.ac.uk/vol1/fastq/ERR190/ERR190483/ERR190483_1.fastq.gz	https://ftp.sra.ebi.ac.uk/vol1/fastq/ERR190/ERR190483/ERR190483_2.fastq.gz	SAMEA1569525	45454
ERR190484	PAIRED	https://ftp.sra.ebi.ac.uk/vol1/fastq/ERR190/ERR190484/ERR190484_1.fastq.gz	https://ftp.sra.ebi.ac.uk/vol1/fastq/ERR190/ERR190484/ERR190484_2.fastq.gz	SAMEA1569425	2278628
ERR190486	PAIRED	https://ftp.sra.ebi.ac.uk/vol1/fastq/ERR190/ERR190486/ERR190486_1.fastq.gz	https://ftp.sra.ebi.ac.uk/vol1/fastq/ERR190/ERR190486/ERR190486_2.fastq.gz	SAMEA1569514	175037
ERR190487	PAIRED	https://ftp.sra.ebi.ac.uk/vol1/fastq/ERR190/ERR190487/ERR190487_1.fastq.gz	https://ftp.sra.ebi.ac.uk/vol1/fastq/ERR190/ERR190487/ERR190487_2.fastq.gz	SAMEA1569517	36925
ERR190488	PAIRED	https://ftp.sra.ebi.ac.uk/vol1/fastq/ERR190/ERR190488/ERR190488_1.fastq.gz	https://ftp.sra.ebi.ac.uk/vol1/fastq/ERR190/ERR190488/ERR190488_2.fastq.gz	SAMEA1569424	2208230
ERR190489	PAIRED	https://ftp.sra.ebi.ac.uk/vol1/fastq/ERR190/ERR190489/ERR190489_1.fastq.gz	https://ftp.sra.ebi.ac.uk/vol1/fastq/ERR190/ERR190489/ERR190489_2.fastq.gz	SAMEA1569450	175271
ERR190490	PAIRED	https://ftp.sra.ebi.ac.uk/vol1/fastq/ERR190/ERR190490/ERR190490_1.fastq.gz	https://ftp.sra.ebi.ac.uk/vol1/fastq/ERR190/ERR190490/ERR190490_2.fastq.gz	SAMEA1569459	2308175
ERR190491	PAIRED	https://ftp.sra.ebi.ac.uk/vol1/fastq/ERR190/ERR190491/ERR190491_1.fastq.gz	https://ftp.sra.ebi.ac.uk/vol1/fastq/ERR190/ERR190491/ERR190491_2.fastq.gz	SAMEA1569519	1934345
ERR190492	PAIRED	https://ftp.sra.ebi.ac.uk/vol1/fastq/ERR190/ERR190492/ERR190492_1.fastq.gz	https://ftp.sra.ebi.ac.uk/vol1/fastq/ERR190/ERR190492/ERR190492_2.fastq.gz	SAMEA1569372	2445457
ERR190493	PAIRED	https://ftp.sra.ebi.ac.uk/vol1/fastq/ERR190/ERR190493/ERR190493_1.fastq.gz	https://ftp.sra.ebi.ac.uk/vol1/fastq/ERR190/ERR190493/ERR190493_2.fastq.gz	SAMEA1569396	2024362
ERR190494	PAIRED	https://ftp.sra.ebi.ac.uk/vol1/fastq/ERR190/ERR190494/ERR190494_1.fastq.gz	https://ftp.sra.ebi.ac.uk/vol1/fastq/ERR190/ERR190494/ERR190494_2.fastq.gz	SAMEA1569414	1842108
ERR190495	PAIRED	https://ftp.sra.ebi.ac.uk/vol1/fastq/ERR190/ERR190495/ERR190495_1.fastq.gz	https://ftp.sra.ebi.ac.uk/vol1/fastq/ERR190/ERR190495/ERR190495_2.fastq.gz	SAMEA1569422	2533171
ERR190496	PAIRED	https://ftp.sra.ebi.ac.uk/vol1/fastq/ERR190/ERR190496/ERR190496_1.fastq.gz	https://ftp.sra.ebi.ac.uk/vol1/fastq/ERR190/ERR190496/ERR190496_2.fastq.gz	SAMEA1569496	2130363
ERR190497	PAIRED	https://ftp.sra.ebi.ac.uk/vol1/fastq/ERR190/ERR190497/ERR190497_1.fastq.gz	https://ftp.sra.ebi.ac.uk/vol1/fastq/ERR190/ERR190497/ERR190497_2.fastq.gz	SAMEA1569549	105259
ERR190498	PAIRED	https://ftp.sra.ebi.ac.uk/vol1/fastq/ERR190/ERR190498/ERR190498_1.fastq.gz	https://ftp.sra.ebi.ac.uk/vol1/fastq/ERR190/ERR190498/ERR190498_2.fastq.gz	SAMEA1569545	2137865
ERR190499	PAIRED	https://ftp.sra.ebi.ac.uk/vol1/fastq/ERR190/ERR190499/ERR190499_1.fastq.gz	https://ftp.sra.ebi.ac.uk/vol1/fastq/ERR190/ERR190499/ERR190499_2.fastq.gz	SAMEA1569380	1806568
ERR190500	PAIRED	https://ftp.sra.ebi.ac.uk/vol1/fastq/ERR190/ERR190500/ERR190500_1.fastq.gz	https://ftp.sra.ebi.ac.uk/vol1/fastq/ERR190/ERR190500/ERR190500_2.fastq.gz	SAMEA1569461	2272758
ERR190501	PAIRED	https://ftp.sra.ebi.ac.uk/vol1/fastq/ERR190/ERR190501/ERR190501_1.fastq.gz	https://ftp.sra.ebi.ac.uk/vol1/fastq/ERR190/ERR190501/ERR190501_2.fastq.gz	SAMEA1569484	2294110
ERR190502	PAIRED	https://ftp.sra.ebi.ac.uk/vol1/fastq/ERR190/ERR190502/ERR190502_1.fastq.gz	https://ftp.sra.ebi.ac.uk/vol1/fastq/ERR190/ERR190502/ERR190502_2.fastq.gz	SAMEA1569537	2049259
ERR190503	PAIRED	https://ftp.sra.ebi.ac.uk/vol1/fastq/ERR190/ERR190503/ERR190503_1.fastq.gz	https://ftp.sra.ebi.ac.uk/vol1/fastq/ERR190/ERR190503/ERR190503_2.fastq.gz	SAMEA1569541	1849852
ERR190504	PAIRED	https://ftp.sra.ebi.ac.uk/vol1/fastq/ERR190/ERR190504/ERR190504_1.fastq.gz	https://ftp.sra.ebi.ac.uk/vol1/fastq/ERR190/ERR190504/ERR190504_2.fastq.gz	SAMEA1569400	2161222
ERR190505	PAIRED	https://ftp.sra.ebi.ac.uk/vol1/fastq/ERR190/ERR190505/ERR190505_1.fastq.gz	https://ftp.sra.ebi.ac.uk/vol1/fastq/ERR190/ERR190505/ERR190505_2.fastq.gz	SAMEA1569556	2168420
ERR190506	PAIRED	https://ftp.sra.ebi.ac.uk/vol1/fastq/ERR190/ERR190506/ERR190506_1.fastq.gz	https://ftp.sra.ebi.ac.uk/vol1/fastq/ERR190/ERR190506/ERR190506_2.fastq.gz	SAMEA1569495	2261298
ERR197551	PAIRED	https://ftp.sra.ebi.ac.uk/vol1/fastq/ERR197/ERR197551/ERR197551_1.fastq.gz	https://ftp.sra.ebi.ac.uk/vol1/fastq/ERR197/ERR197551/ERR197551_2.fastq.gz	SAMEA1569471	2131263
ERR197552	PAIRED	https://ftp.sra.ebi.ac.uk/vol1/fastq/ERR197/ERR197552/ERR197552_1.fastq.gz	https://ftp.sra.ebi.ac.uk/vol1/fastq/ERR197/ERR197552/ERR197552_2.fastq.gz	SAMEA1569476	1995407
ERR197553	PAIRED	https://ftp.sra.ebi.ac.uk/vol1/fastq/ERR197/ERR197553/ERR197553_1.fastq.gz	https://ftp.sra.ebi.ac.uk/vol1/fastq/ERR197/ERR197553/ERR197553_2.fastq.gz	SAMEA1569507	2286898
ERR197554	PAIRED	https://ftp.sra.ebi.ac.uk/vol1/fastq/ERR197/ERR197554/ERR197554_1.fastq.gz	https://ftp.sra.ebi.ac.uk/vol1/fastq/ERR197/ERR197554/ERR197554_2.fastq.gz	SAMEA1569433	2264195
ERR197555	PAIRED	https://ftp.sra.ebi.ac.uk/vol1/fastq/ERR197/ERR197555/ERR197555_1.fastq.gz	https://ftp.sra.ebi.ac.uk/vol1/fastq/ERR197/ERR197555/ERR197555_2.fastq.gz	SAMEA1569558	2253939
ERR197556	PAIRED	https://ftp.sra.ebi.ac.uk/vol1/fastq/ERR197/ERR197556/ERR197556_1.fastq.gz	https://ftp.sra.ebi.ac.uk/vol1/fastq/ERR197/ERR197556/ERR197556_2.fastq.gz	SAMEA1569410	1972461
ERR197559	PAIRED	https://ftp.sra.ebi.ac.uk/vol1/fastq/ERR197/ERR197559/ERR197559_1.fastq.gz	https://ftp.sra.ebi.ac.uk/vol1/fastq/ERR197/ERR197559/ERR197559_2.fastq.gz	SAMEA1569509	274178
ERR197560	PAIRED	https://ftp.sra.ebi.ac.uk/vol1/fastq/ERR197/ERR197560/ERR197560_1.fastq.gz	https://ftp.sra.ebi.ac.uk/vol1/fastq/ERR197/ERR197560/ERR197560_2.fastq.gz	SAMEA1569559	2134578
ERR197566	PAIRED	https://ftp.sra.ebi.ac.uk/vol1/fastq/ERR197/ERR197566/ERR197566_1.fastq.gz	https://ftp.sra.ebi.ac.uk/vol1/fastq/ERR197/ERR197566/ERR197566_2.fastq.gz	SAMEA1569405	1765876
ERR197569	PAIRED	https://ftp.sra.ebi.ac.uk/vol1/fastq/ERR197/ERR197569/ERR197569_1.fastq.gz	https://ftp.sra.ebi.ac.uk/vol1/fastq/ERR197/ERR197569/ERR197569_2.fastq.gz	SAMEA1569439	2155767
ERR197570	PAIRED	https://ftp.sra.ebi.ac.uk/vol1/fastq/ERR197/ERR197570/ERR197570_1.fastq.gz	https://ftp.sra.ebi.ac.uk/vol1/fastq/ERR197/ERR197570/ERR197570_2.fastq.gz	SAMEA1569506	1940521
ERR197576	PAIRED	https://ftp.sra.ebi.ac.uk/vol1/fastq/ERR197/ERR197576/ERR197576_1.fastq.gz	https://ftp.sra.ebi.ac.uk/vol1/fastq/ERR197/ERR197576/ERR197576_2.fastq.gz	SAMEA1569485	1653063
ERR197577	PAIRED	https://ftp.sra.ebi.ac.uk/vol1/fastq/ERR197/ERR197577/ERR197577_1.fastq.gz	https://ftp.sra.ebi.ac.uk/vol1/fastq/ERR197/ERR197577/ERR197577_2.fastq.gz	SAMEA1569430	1594587
ERR197578	PAIRED	https://ftp.sra.ebi.ac.uk/vol1/fastq/ERR197/ERR197578/ERR197578_1.fastq.gz	https://ftp.sra.ebi.ac.uk/vol1/fastq/ERR197/ERR197578/ERR197578_2.fastq.gz	SAMEA1569421	2229958
ERR197579	PAIRED	https://ftp.sra.ebi.ac.uk/vol1/fastq/ERR197/ERR197579/ERR197579_1.fastq.gz	https://ftp.sra.ebi.ac.uk/vol1/fastq/ERR197/ERR197579/ERR197579_2.fastq.gz	SAMEA1569383	1963086
ERR197580	PAIRED	https://ftp.sra.ebi.ac.uk/vol1/fastq/ERR197/ERR197580/ERR197580_1.fastq.gz	https://ftp.sra.ebi.ac.uk/vol1/fastq/ERR197/ERR197580/ERR197580_2.fastq.gz	SAMEA1569429	1730714
ERR197581	PAIRED	https://ftp.sra.ebi.ac.uk/vol1/fastq/ERR197/ERR197581/ERR197581_1.fastq.gz	https://ftp.sra.ebi.ac.uk/vol1/fastq/ERR197/ERR197581/ERR197581_2.fastq.gz	SAMEA1569520	2024672
ERR197582	PAIRED	https://ftp.sra.ebi.ac.uk/vol1/fastq/ERR197/ERR197582/ERR197582_1.fastq.gz	https://ftp.sra.ebi.ac.uk/vol1/fastq/ERR197/ERR197582/ERR197582_2.fastq.gz	SAMEA1569375	2080367
ERR197583	PAIRED	https://ftp.sra.ebi.ac.uk/vol1/fastq/ERR197/ERR197583/ERR197583_1.fastq.gz	https://ftp.sra.ebi.ac.uk/vol1/fastq/ERR197/ERR197583/ERR197583_2.fastq.gz	SAMEA1569373	2296284
ERR197584	PAIRED	https://ftp.sra.ebi.ac.uk/vol1/fastq/ERR197/ERR197584/ERR197584_1.fastq.gz	https://ftp.sra.ebi.ac.uk/vol1/fastq/ERR197/ERR197584/ERR197584_2.fastq.gz	SAMEA1569500	1834037
ERR197585	PAIRED	https://ftp.sra.ebi.ac.uk/vol1/fastq/ERR197/ERR197585/ERR197585_1.fastq.gz	https://ftp.sra.ebi.ac.uk/vol1/fastq/ERR197/ERR197585/ERR197585_2.fastq.gz	SAMEA1569468	1922353
ERR197586	PAIRED	https://ftp.sra.ebi.ac.uk/vol1/fastq/ERR197/ERR197586/ERR197586_1.fastq.gz	https://ftp.sra.ebi.ac.uk/vol1/fastq/ERR197/ERR197586/ERR197586_2.fastq.gz	SAMEA1569385	2235133
ERR197587	PAIRED	https://ftp.sra.ebi.ac.uk/vol1/fastq/ERR197/ERR197587/ERR197587_1.fastq.gz	https://ftp.sra.ebi.ac.uk/vol1/fastq/ERR197/ERR197587/ERR197587_2.fastq.gz	SAMEA1569466	2042491
ERR197588	PAIRED	https://ftp.sra.ebi.ac.uk/vol1/fastq/ERR197/ERR197588/ERR197588_1.fastq.gz	https://ftp.sra.ebi.ac.uk/vol1/fastq/ERR197/ERR197588/ERR197588_2.fastq.gz	SAMEA1569409	2274336
ERR197589	PAIRED	https://ftp.sra.ebi.ac.uk/vol1/fastq/ERR197/ERR197589/ERR197589_1.fastq.gz	https://ftp.sra.ebi.ac.uk/vol1/fastq/ERR197/ERR197589/ERR197589_2.fastq.gz	SAMEA1569550	2157558
ERR197590	PAIRED	https://ftp.sra.ebi.ac.uk/vol1/fastq/ERR197/ERR197590/ERR197590_1.fastq.gz	https://ftp.sra.ebi.ac.uk/vol1/fastq/ERR197/ERR197590/ERR197590_2.fastq.gz	SAMEA1569446	1357992
ERR197591	PAIRED	https://ftp.sra.ebi.ac.uk/vol1/fastq/ERR197/ERR197591/ERR197591_1.fastq.gz	https://ftp.sra.ebi.ac.uk/vol1/fastq/ERR197/ERR197591/ERR197591_2.fastq.gz	SAMEA1569542	2138797
ERR197592	PAIRED	https://ftp.sra.ebi.ac.uk/vol1/fastq/ERR197/ERR197592/ERR197592_1.fastq.gz	https://ftp.sra.ebi.ac.uk/vol1/fastq/ERR197/ERR197592/ERR197592_2.fastq.gz	SAMEA1569443	2611417
ERR197593	PAIRED	https://ftp.sra.ebi.ac.uk/vol1/fastq/ERR197/ERR197593/ERR197593_1.fastq.gz	https://ftp.sra.ebi.ac.uk/vol1/fastq/ERR197/ERR197593/ERR197593_2.fastq.gz	SAMEA1569390	2003019
ERR197594	PAIRED	https://ftp.sra.ebi.ac.uk/vol1/fastq/ERR197/ERR197594/ERR197594_1.fastq.gz	https://ftp.sra.ebi.ac.uk/vol1/fastq/ERR197/ERR197594/ERR197594_2.fastq.gz	SAMEA1569531	2484802
ERR197595	PAIRED	https://ftp.sra.ebi.ac.uk/vol1/fastq/ERR197/ERR197595/ERR197595_1.fastq.gz	https://ftp.sra.ebi.ac.uk/vol1/fastq/ERR197/ERR197595/ERR197595_2.fastq.gz	SAMEA1569393	2763488
ERR197596	PAIRED	https://ftp.sra.ebi.ac.uk/vol1/fastq/ERR197/ERR197596/ERR197596_1.fastq.gz	https://ftp.sra.ebi.ac.uk/vol1/fastq/ERR197/ERR197596/ERR197596_2.fastq.gz	SAMEA1569486	2841731
ERR197597	PAIRED	https://ftp.sra.ebi.ac.uk/vol1/fastq/ERR197/ERR197597/ERR197597_1.fastq.gz	https://ftp.sra.ebi.ac.uk/vol1/fastq/ERR197/ERR197597/ERR197597_2.fastq.gz	SAMEA1569469	1123887
ERR197598	PAIRED	https://ftp.sra.ebi.ac.uk/vol1/fastq/ERR197/ERR197598/ERR197598_1.fastq.gz	https://ftp.sra.ebi.ac.uk/vol1/fastq/ERR197/ERR197598/ERR197598_2.fastq.gz	SAMEA1569480	2293280
ERR197599	PAIRED	https://ftp.sra.ebi.ac.uk/vol1/fastq/ERR197/ERR197599/ERR197599_1.fastq.gz	https://ftp.sra.ebi.ac.uk/vol1/fastq/ERR197/ERR197599/ERR197599_2.fastq.gz	SAMEA1569529	2301429
ERR197601	PAIRED	https://ftp.sra.ebi.ac.uk/vol1/fastq/ERR197/ERR197601/ERR197601_1.fastq.gz	https://ftp.sra.ebi.ac.uk/vol1/fastq/ERR197/ERR197601/ERR197601_2.fastq.gz	SAMEA1569555	2174429
ERR197605	PAIRED	https://ftp.sra.ebi.ac.uk/vol1/fastq/ERR197/ERR197605/ERR197605_1.fastq.gz	https://ftp.sra.ebi.ac.uk/vol1/fastq/ERR197/ERR197605/ERR197605_2.fastq.gz	SAMEA1569403	1976835
ERR197610	PAIRED	https://ftp.sra.ebi.ac.uk/vol1/fastq/ERR197/ERR197610/ERR197610_1.fastq.gz	https://ftp.sra.ebi.ac.uk/vol1/fastq/ERR197/ERR197610/ERR197610_2.fastq.gz	SAMEA1569416	1515713
ERR197612	PAIRED	https://ftp.sra.ebi.ac.uk/vol1/fastq/ERR197/ERR197612/ERR197612_1.fastq.gz	https://ftp.sra.ebi.ac.uk/vol1/fastq/ERR197/ERR197612/ERR197612_2.fastq.gz	SAMEA1569444	1696278
ERR197613	PAIRED	https://ftp.sra.ebi.ac.uk/vol1/fastq/ERR197/ERR197613/ERR197613_1.fastq.gz	https://ftp.sra.ebi.ac.uk/vol1/fastq/ERR197/ERR197613/ERR197613_2.fastq.gz	SAMEA1569447	2423283
ERR197614	PAIRED	https://ftp.sra.ebi.ac.uk/vol1/fastq/ERR197/ERR197614/ERR197614_1.fastq.gz	https://ftp.sra.ebi.ac.uk/vol1/fastq/ERR197/ERR197614/ERR197614_2.fastq.gz	SAMEA1569547	1859119
ERR197618	PAIRED	https://ftp.sra.ebi.ac.uk/vol1/fastq/ERR197/ERR197618/ERR197618_1.fastq.gz	https://ftp.sra.ebi.ac.uk/vol1/fastq/ERR197/ERR197618/ERR197618_2.fastq.gz	SAMEA1569404	2018112
ERR197619	PAIRED	https://ftp.sra.ebi.ac.uk/vol1/fastq/ERR197/ERR197619/ERR197619_1.fastq.gz	https://ftp.sra.ebi.ac.uk/vol1/fastq/ERR197/ERR197619/ERR197619_2.fastq.gz	SAMEA1569401	1956644
ERR197620	PAIRED	https://ftp.sra.ebi.ac.uk/vol1/fastq/ERR197/ERR197620/ERR197620_1.fastq.gz	https://ftp.sra.ebi.ac.uk/vol1/fastq/ERR197/ERR197620/ERR197620_2.fastq.gz	SAMEA1569419	2118703
ERR197621	PAIRED	https://ftp.sra.ebi.ac.uk/vol1/fastq/ERR197/ERR197621/ERR197621_1.fastq.gz	https://ftp.sra.ebi.ac.uk/vol1/fastq/ERR197/ERR197621/ERR197621_2.fastq.gz	SAMEA1569540	2497138
ERR197622	PAIRED	https://ftp.sra.ebi.ac.uk/vol1/fastq/ERR197/ERR197622/ERR197622_1.fastq.gz	https://ftp.sra.ebi.ac.uk/vol1/fastq/ERR197/ERR197622/ERR197622_2.fastq.gz	SAMEA1569463	1507315
ERR197623	PAIRED	https://ftp.sra.ebi.ac.uk/vol1/fastq/ERR197/ERR197623/ERR197623_1.fastq.gz	https://ftp.sra.ebi.ac.uk/vol1/fastq/ERR197/ERR197623/ERR197623_2.fastq.gz	SAMEA1569388	2182876
ERR197624	PAIRED	https://ftp.sra.ebi.ac.uk/vol1/fastq/ERR197/ERR197624/ERR197624_1.fastq.gz	https://ftp.sra.ebi.ac.uk/vol1/fastq/ERR197/ERR197624/ERR197624_2.fastq.gz	SAMEA1569552	2880309
ERR197626	PAIRED	https://ftp.sra.ebi.ac.uk/vol1/fastq/ERR197/ERR197626/ERR197626_1.fastq.gz	https://ftp.sra.ebi.ac.uk/vol1/fastq/ERR197/ERR197626/ERR197626_2.fastq.gz	SAMEA1569453	2692255
ERR197628	PAIRED	https://ftp.sra.ebi.ac.uk/vol1/fastq/ERR197/ERR197628/ERR197628_1.fastq.gz	https://ftp.sra.ebi.ac.uk/vol1/fastq/ERR197/ERR197628/ERR197628_2.fastq.gz	SAMEA1569502	2358337
ERR197629	PAIRED	https://ftp.sra.ebi.ac.uk/vol1/fastq/ERR197/ERR197629/ERR197629_1.fastq.gz	https://ftp.sra.ebi.ac.uk/vol1/fastq/ERR197/ERR197629/ERR197629_2.fastq.gz	SAMEA1569426	2784582
ERR197630	PAIRED	https://ftp.sra.ebi.ac.uk/vol1/fastq/ERR197/ERR197630/ERR197630_1.fastq.gz	https://ftp.sra.ebi.ac.uk/vol1/fastq/ERR197/ERR197630/ERR197630_2.fastq.gz	SAMEA1569518	2921831
ERR197631	PAIRED	https://ftp.sra.ebi.ac.uk/vol1/fastq/ERR197/ERR197631/ERR197631_1.fastq.gz	https://ftp.sra.ebi.ac.uk/vol1/fastq/ERR197/ERR197631/ERR197631_2.fastq.gz	SAMEA1569479	1819775
ERR197633	PAIRED	https://ftp.sra.ebi.ac.uk/vol1/fastq/ERR197/ERR197633/ERR197633_1.fastq.gz	https://ftp.sra.ebi.ac.uk/vol1/fastq/ERR197/ERR197633/ERR197633_2.fastq.gz	SAMEA1569452	2362894
ERR197635	PAIRED	https://ftp.sra.ebi.ac.uk/vol1/fastq/ERR197/ERR197635/ERR197635_1.fastq.gz	https://ftp.sra.ebi.ac.uk/vol1/fastq/ERR197/ERR197635/ERR197635_2.fastq.gz	SAMEA1569497	1535204
ERR197636	PAIRED	https://ftp.sra.ebi.ac.uk/vol1/fastq/ERR197/ERR197636/ERR197636_1.fastq.gz	https://ftp.sra.ebi.ac.uk/vol1/fastq/ERR197/ERR197636/ERR197636_2.fastq.gz	SAMEA1569532	2243091
ERR197637	PAIRED	https://ftp.sra.ebi.ac.uk/vol1/fastq/ERR197/ERR197637/ERR197637_1.fastq.gz	https://ftp.sra.ebi.ac.uk/vol1/fastq/ERR197/ERR197637/ERR197637_2.fastq.gz	SAMEA1569431	1805836
ERR197638	PAIRED	https://ftp.sra.ebi.ac.uk/vol1/fastq/ERR197/ERR197638/ERR197638_1.fastq.gz	https://ftp.sra.ebi.ac.uk/vol1/fastq/ERR197/ERR197638/ERR197638_2.fastq.gz	SAMEA1569432	1620960
ERR197639	PAIRED	https://ftp.sra.ebi.ac.uk/vol1/fastq/ERR197/ERR197639/ERR197639_1.fastq.gz	https://ftp.sra.ebi.ac.uk/vol1/fastq/ERR197/ERR197639/ERR197639_2.fastq.gz	SAMEA1569512	1896085
ERR197640	PAIRED	https://ftp.sra.ebi.ac.uk/vol1/fastq/ERR197/ERR197640/ERR197640_1.fastq.gz	https://ftp.sra.ebi.ac.uk/vol1/fastq/ERR197/ERR197640/ERR197640_2.fastq.gz	SAMEA1569435	1763661
ERR197642	PAIRED	https://ftp.sra.ebi.ac.uk/vol1/fastq/ERR197/ERR197642/ERR197642_1.fastq.gz	https://ftp.sra.ebi.ac.uk/vol1/fastq/ERR197/ERR197642/ERR197642_2.fastq.gz	SAMEA1569398	2339034
ERR197643	PAIRED	https://ftp.sra.ebi.ac.uk/vol1/fastq/ERR197/ERR197643/ERR197643_1.fastq.gz	https://ftp.sra.ebi.ac.uk/vol1/fastq/ERR197/ERR197643/ERR197643_2.fastq.gz	SAMEA1569515	2005441
ERR197644	PAIRED	https://ftp.sra.ebi.ac.uk/vol1/fastq/ERR197/ERR197644/ERR197644_1.fastq.gz	https://ftp.sra.ebi.ac.uk/vol1/fastq/ERR197/ERR197644/ERR197644_2.fastq.gz	SAMEA1569392	1948208
ERR197645	PAIRED	https://ftp.sra.ebi.ac.uk/vol1/fastq/ERR197/ERR197645/ERR197645_1.fastq.gz	https://ftp.sra.ebi.ac.uk/vol1/fastq/ERR197/ERR197645/ERR197645_2.fastq.gz	SAMEA1569492	1966506
ERR197646	PAIRED	https://ftp.sra.ebi.ac.uk/vol1/fastq/ERR197/ERR197646/ERR197646_1.fastq.gz	https://ftp.sra.ebi.ac.uk/vol1/fastq/ERR197/ERR197646/ERR197646_2.fastq.gz	SAMEA1569521	2042056
ERR249218	PAIRED	https://ftp.sra.ebi.ac.uk/vol1/fastq/ERR249/ERR249218/ERR249218_1.fastq.gz	https://ftp.sra.ebi.ac.uk/vol1/fastq/ERR249/ERR249218/ERR249218_2.fastq.gz	SAMEA1709749	2680384
ERR249288	PAIRED	https://ftp.sra.ebi.ac.uk/vol1/fastq/ERR249/ERR249288/ERR249288_1.fastq.gz	https://ftp.sra.ebi.ac.uk/vol1/fastq/ERR249/ERR249288/ERR249288_2.fastq.gz	SAMEA1709744	2624491
ERR249292	PAIRED	https://ftp.sra.ebi.ac.uk/vol1/fastq/ERR249/ERR249292/ERR249292_1.fastq.gz	https://ftp.sra.ebi.ac.uk/vol1/fastq/ERR249/ERR249292/ERR249292_2.fastq.gz	SAMEA1709886	2017668
ERR249294	PAIRED	https://ftp.sra.ebi.ac.uk/vol1/fastq/ERR249/ERR249294/ERR249294_1.fastq.gz	https://ftp.sra.ebi.ac.uk/vol1/fastq/ERR249/ERR249294/ERR249294_2.fastq.gz	SAMEA1709848	2465103
ERR249297	PAIRED	https://ftp.sra.ebi.ac.uk/vol1/fastq/ERR249/ERR249297/ERR249297_1.fastq.gz	https://ftp.sra.ebi.ac.uk/vol1/fastq/ERR249/ERR249297/ERR249297_2.fastq.gz	SAMEA1709843	3451872
ERR263722	PAIRED	https://ftp.sra.ebi.ac.uk/vol1/fastq/ERR263/ERR263722/ERR263722_1.fastq.gz	https://ftp.sra.ebi.ac.uk/vol1/fastq/ERR263/ERR263722/ERR263722_2.fastq.gz	SAMEA1876492	1468906
ERR263723	PAIRED	https://ftp.sra.ebi.ac.uk/vol1/fastq/ERR263/ERR263723/ERR263723_1.fastq.gz	https://ftp.sra.ebi.ac.uk/vol1/fastq/ERR263/ERR263723/ERR263723_2.fastq.gz	SAMEA1876495	2427048
ERR263724	PAIRED	https://ftp.sra.ebi.ac.uk/vol1/fastq/ERR263/ERR263724/ERR263724_1.fastq.gz	https://ftp.sra.ebi.ac.uk/vol1/fastq/ERR263/ERR263724/ERR263724_2.fastq.gz	SAMEA1876509	1995422
ERR263725	PAIRED	https://ftp.sra.ebi.ac.uk/vol1/fastq/ERR263/ERR263725/ERR263725_1.fastq.gz	https://ftp.sra.ebi.ac.uk/vol1/fastq/ERR263/ERR263725/ERR263725_2.fastq.gz	SAMEA1876507	2434852
ERR263726	PAIRED	https://ftp.sra.ebi.ac.uk/vol1/fastq/ERR263/ERR263726/ERR263726_1.fastq.gz	https://ftp.sra.ebi.ac.uk/vol1/fastq/ERR263/ERR263726/ERR263726_2.fastq.gz	SAMEA1876506	1988731
ERR263727	PAIRED	https://ftp.sra.ebi.ac.uk/vol1/fastq/ERR263/ERR263727/ERR263727_1.fastq.gz	https://ftp.sra.ebi.ac.uk/vol1/fastq/ERR263/ERR263727/ERR263727_2.fastq.gz	SAMEA1876505	2607269
ERR263728	PAIRED	https://ftp.sra.ebi.ac.uk/vol1/fastq/ERR263/ERR263728/ERR263728_1.fastq.gz	https://ftp.sra.ebi.ac.uk/vol1/fastq/ERR263/ERR263728/ERR263728_2.fastq.gz	SAMEA1876503	1536437
ERR2931003	PAIRED	https://ftp.sra.ebi.ac.uk/vol1/fastq/ERR293/003/ERR2931003/ERR2931003_1.fastq.gz	https://ftp.sra.ebi.ac.uk/vol1/fastq/ERR293/003/ERR2931003/ERR2931003_2.fastq.gz	SAMEA5131855	2002022
ERR2931007	PAIRED	https://ftp.sra.ebi.ac.uk/vol1/fastq/ERR293/007/ERR2931007/ERR2931007_1.fastq.gz	https://ftp.sra.ebi.ac.uk/vol1/fastq/ERR293/007/ERR2931007/ERR2931007_2.fastq.gz	SAMEA5131845	2868492
ERR2931012	PAIRED	https://ftp.sra.ebi.ac.uk/vol1/fastq/ERR293/002/ERR2931012/ERR2931012_1.fastq.gz	https://ftp.sra.ebi.ac.uk/vol1/fastq/ERR293/002/ERR2931012/ERR2931012_2.fastq.gz	SAMEA5131846	5786500
ERR2931015	PAIRED	https://ftp.sra.ebi.ac.uk/vol1/fastq/ERR293/005/ERR2931015/ERR2931015_1.fastq.gz	https://ftp.sra.ebi.ac.uk/vol1/fastq/ERR293/005/ERR2931015/ERR2931015_2.fastq.gz	SAMEA5131847	1357915
ERR2931019	PAIRED	https://ftp.sra.ebi.ac.uk/vol1/fastq/ERR293/009/ERR2931019/ERR2931019_1.fastq.gz	https://ftp.sra.ebi.ac.uk/vol1/fastq/ERR293/009/ERR2931019/ERR2931019_2.fastq.gz	SAMEA5131848	1574372
ERR2931020	PAIRED	https://ftp.sra.ebi.ac.uk/vol1/fastq/ERR293/000/ERR2931020/ERR2931020_1.fastq.gz	https://ftp.sra.ebi.ac.uk/vol1/fastq/ERR293/000/ERR2931020/ERR2931020_2.fastq.gz	SAMEA5131849	1871423
ERR2931023	PAIRED	https://ftp.sra.ebi.ac.uk/vol1/fastq/ERR293/003/ERR2931023/ERR2931023_1.fastq.gz	https://ftp.sra.ebi.ac.uk/vol1/fastq/ERR293/003/ERR2931023/ERR2931023_2.fastq.gz	SAMEA5131850	795460
ERR2931026	PAIRED	https://ftp.sra.ebi.ac.uk/vol1/fastq/ERR293/006/ERR2931026/ERR2931026_1.fastq.gz	https://ftp.sra.ebi.ac.uk/vol1/fastq/ERR293/006/ERR2931026/ERR2931026_2.fastq.gz	SAMEA5131851	2341397
ERR2931027	PAIRED	https://ftp.sra.ebi.ac.uk/vol1/fastq/ERR293/007/ERR2931027/ERR2931027_1.fastq.gz	https://ftp.sra.ebi.ac.uk/vol1/fastq/ERR293/007/ERR2931027/ERR2931027_2.fastq.gz	SAMEA5131852	879927
ERR2931030	PAIRED	https://ftp.sra.ebi.ac.uk/vol1/fastq/ERR293/000/ERR2931030/ERR2931030_1.fastq.gz	https://ftp.sra.ebi.ac.uk/vol1/fastq/ERR293/000/ERR2931030/ERR2931030_2.fastq.gz	SAMEA5131853	1378159
ERR2931031	PAIRED	https://ftp.sra.ebi.ac.uk/vol1/fastq/ERR293/001/ERR2931031/ERR2931031_1.fastq.gz	https://ftp.sra.ebi.ac.uk/vol1/fastq/ERR293/001/ERR2931031/ERR2931031_2.fastq.gz	SAMEA5131854	2068724
ERR3938696	PAIRED	https://ftp.sra.ebi.ac.uk/vol1/fastq/ERR393/006/ERR3938696/ERR3938696_1.fastq.gz	https://ftp.sra.ebi.ac.uk/vol1/fastq/ERR393/006/ERR3938696/ERR3938696_2.fastq.gz	SAMEA6574530	8168971
SRR10094349	PAIRED	https://ftp.sra.ebi.ac.uk/vol1/fastq/SRR100/049/SRR10094349/SRR10094349_1.fastq.gz	https://ftp.sra.ebi.ac.uk/vol1/fastq/SRR100/049/SRR10094349/SRR10094349_2.fastq.gz	SAMN10249077	918327
SRR10094360	PAIRED	https://ftp.sra.ebi.ac.uk/vol1/fastq/SRR100/060/SRR10094360/SRR10094360_1.fastq.gz	https://ftp.sra.ebi.ac.uk/vol1/fastq/SRR100/060/SRR10094360/SRR10094360_2.fastq.gz	SAMN10249113	2097770
SRR10094363	PAIRED	https://ftp.sra.ebi.ac.uk/vol1/fastq/SRR100/063/SRR10094363/SRR10094363_1.fastq.gz	https://ftp.sra.ebi.ac.uk/vol1/fastq/SRR100/063/SRR10094363/SRR10094363_2.fastq.gz	SAMN10249026	1748461
SRR10094364	PAIRED	https://ftp.sra.ebi.ac.uk/vol1/fastq/SRR100/064/SRR10094364/SRR10094364_1.fastq.gz	https://ftp.sra.ebi.ac.uk/vol1/fastq/SRR100/064/SRR10094364/SRR10094364_2.fastq.gz	SAMN10249084	2337925
SRR10094365	PAIRED	https://ftp.sra.ebi.ac.uk/vol1/fastq/SRR100/065/SRR10094365/SRR10094365_1.fastq.gz	https://ftp.sra.ebi.ac.uk/vol1/fastq/SRR100/065/SRR10094365/SRR10094365_2.fastq.gz	SAMN10249063	496283
SRR10094366	PAIRED	https://ftp.sra.ebi.ac.uk/vol1/fastq/SRR100/066/SRR10094366/SRR10094366_1.fastq.gz	https://ftp.sra.ebi.ac.uk/vol1/fastq/SRR100/066/SRR10094366/SRR10094366_2.fastq.gz	SAMN10249115	1749969
SRR10094367	PAIRED	https://ftp.sra.ebi.ac.uk/vol1/fastq/SRR100/067/SRR10094367/SRR10094367_1.fastq.gz	https://ftp.sra.ebi.ac.uk/vol1/fastq/SRR100/067/SRR10094367/SRR10094367_2.fastq.gz	SAMN10248960	1233674
SRR10094368	PAIRED	https://ftp.sra.ebi.ac.uk/vol1/fastq/SRR100/068/SRR10094368/SRR10094368_1.fastq.gz	https://ftp.sra.ebi.ac.uk/vol1/fastq/SRR100/068/SRR10094368/SRR10094368_2.fastq.gz	SAMN10249032	1276162
SRR10094369	PAIRED	https://ftp.sra.ebi.ac.uk/vol1/fastq/SRR100/069/SRR10094369/SRR10094369_1.fastq.gz	https://ftp.sra.ebi.ac.uk/vol1/fastq/SRR100/069/SRR10094369/SRR10094369_2.fastq.gz	SAMN10249073	1275946
SRR10094370	PAIRED	https://ftp.sra.ebi.ac.uk/vol1/fastq/SRR100/070/SRR10094370/SRR10094370_1.fastq.gz	https://ftp.sra.ebi.ac.uk/vol1/fastq/SRR100/070/SRR10094370/SRR10094370_2.fastq.gz	SAMN10248978	3246508
SRR10094371	PAIRED	https://ftp.sra.ebi.ac.uk/vol1/fastq/SRR100/071/SRR10094371/SRR10094371_1.fastq.gz	https://ftp.sra.ebi.ac.uk/vol1/fastq/SRR100/071/SRR10094371/SRR10094371_2.fastq.gz	SAMN10248940	2267475
SRR10094372	PAIRED	https://ftp.sra.ebi.ac.uk/vol1/fastq/SRR100/072/SRR10094372/SRR10094372_1.fastq.gz	https://ftp.sra.ebi.ac.uk/vol1/fastq/SRR100/072/SRR10094372/SRR10094372_2.fastq.gz	SAMN10249041	3942922
SRR10094373	PAIRED	https://ftp.sra.ebi.ac.uk/vol1/fastq/SRR100/073/SRR10094373/SRR10094373_1.fastq.gz	https://ftp.sra.ebi.ac.uk/vol1/fastq/SRR100/073/SRR10094373/SRR10094373_2.fastq.gz	SAMN10249078	3215315
SRR10094374	PAIRED	https://ftp.sra.ebi.ac.uk/vol1/fastq/SRR100/074/SRR10094374/SRR10094374_1.fastq.gz	https://ftp.sra.ebi.ac.uk/vol1/fastq/SRR100/074/SRR10094374/SRR10094374_2.fastq.gz	SAMN10249127	3227935
SRR10094375	PAIRED	https://ftp.sra.ebi.ac.uk/vol1/fastq/SRR100/075/SRR10094375/SRR10094375_1.fastq.gz	https://ftp.sra.ebi.ac.uk/vol1/fastq/SRR100/075/SRR10094375/SRR10094375_2.fastq.gz	SAMN10248955	2292046
SRR10094376	PAIRED	https://ftp.sra.ebi.ac.uk/vol1/fastq/SRR100/076/SRR10094376/SRR10094376_1.fastq.gz	https://ftp.sra.ebi.ac.uk/vol1/fastq/SRR100/076/SRR10094376/SRR10094376_2.fastq.gz	SAMN10249061	2503825
SRR10094377	PAIRED	https://ftp.sra.ebi.ac.uk/vol1/fastq/SRR100/077/SRR10094377/SRR10094377_1.fastq.gz	https://ftp.sra.ebi.ac.uk/vol1/fastq/SRR100/077/SRR10094377/SRR10094377_2.fastq.gz	SAMN10249089	2270559
SRR10094378	PAIRED	https://ftp.sra.ebi.ac.uk/vol1/fastq/SRR100/078/SRR10094378/SRR10094378_1.fastq.gz	https://ftp.sra.ebi.ac.uk/vol1/fastq/SRR100/078/SRR10094378/SRR10094378_2.fastq.gz	SAMN10248937	1612797
SRR10094379	PAIRED	https://ftp.sra.ebi.ac.uk/vol1/fastq/SRR100/079/SRR10094379/SRR10094379_1.fastq.gz	https://ftp.sra.ebi.ac.uk/vol1/fastq/SRR100/079/SRR10094379/SRR10094379_2.fastq.gz	SAMN10249177	1838629
SRR10094380	PAIRED	https://ftp.sra.ebi.ac.uk/vol1/fastq/SRR100/080/SRR10094380/SRR10094380_1.fastq.gz	https://ftp.sra.ebi.ac.uk/vol1/fastq/SRR100/080/SRR10094380/SRR10094380_2.fastq.gz	SAMN10249024	1239248
SRR10094381	PAIRED	https://ftp.sra.ebi.ac.uk/vol1/fastq/SRR100/081/SRR10094381/SRR10094381_1.fastq.gz	https://ftp.sra.ebi.ac.uk/vol1/fastq/SRR100/081/SRR10094381/SRR10094381_2.fastq.gz	SAMN10249068	1519561
SRR10094382	PAIRED	https://ftp.sra.ebi.ac.uk/vol1/fastq/SRR100/082/SRR10094382/SRR10094382_1.fastq.gz	https://ftp.sra.ebi.ac.uk/vol1/fastq/SRR100/082/SRR10094382/SRR10094382_2.fastq.gz	SAMN10249186	1271382
SRR10094383	PAIRED	https://ftp.sra.ebi.ac.uk/vol1/fastq/SRR100/083/SRR10094383/SRR10094383_1.fastq.gz	https://ftp.sra.ebi.ac.uk/vol1/fastq/SRR100/083/SRR10094383/SRR10094383_2.fastq.gz	SAMN10249163	2037681
SRR10094386	PAIRED	https://ftp.sra.ebi.ac.uk/vol1/fastq/SRR100/086/SRR10094386/SRR10094386_1.fastq.gz	https://ftp.sra.ebi.ac.uk/vol1/fastq/SRR100/086/SRR10094386/SRR10094386_2.fastq.gz	SAMN10248996	1094938
SRR10094397	PAIRED	https://ftp.sra.ebi.ac.uk/vol1/fastq/SRR100/097/SRR10094397/SRR10094397_1.fastq.gz	https://ftp.sra.ebi.ac.uk/vol1/fastq/SRR100/097/SRR10094397/SRR10094397_2.fastq.gz	SAMN10249217	1255539
SRR10094408	PAIRED	https://ftp.sra.ebi.ac.uk/vol1/fastq/SRR100/008/SRR10094408/SRR10094408_1.fastq.gz	https://ftp.sra.ebi.ac.uk/vol1/fastq/SRR100/008/SRR10094408/SRR10094408_2.fastq.gz	SAMN10249121	2590001
SRR10094409	PAIRED	https://ftp.sra.ebi.ac.uk/vol1/fastq/SRR100/009/SRR10094409/SRR10094409_1.fastq.gz	https://ftp.sra.ebi.ac.uk/vol1/fastq/SRR100/009/SRR10094409/SRR10094409_2.fastq.gz	SAMN10248989	340880
SRR10094410	PAIRED	https://ftp.sra.ebi.ac.uk/vol1/fastq/SRR100/010/SRR10094410/SRR10094410_1.fastq.gz	https://ftp.sra.ebi.ac.uk/vol1/fastq/SRR100/010/SRR10094410/SRR10094410_2.fastq.gz	SAMN10248939	2799877
SRR10094411	PAIRED	https://ftp.sra.ebi.ac.uk/vol1/fastq/SRR100/011/SRR10094411/SRR10094411_1.fastq.gz	https://ftp.sra.ebi.ac.uk/vol1/fastq/SRR100/011/SRR10094411/SRR10094411_2.fastq.gz	SAMN10249029	3186347
SRR10094412	PAIRED	https://ftp.sra.ebi.ac.uk/vol1/fastq/SRR100/012/SRR10094412/SRR10094412_1.fastq.gz	https://ftp.sra.ebi.ac.uk/vol1/fastq/SRR100/012/SRR10094412/SRR10094412_2.fastq.gz	SAMN10249093	2961452
SRR10094413	PAIRED	https://ftp.sra.ebi.ac.uk/vol1/fastq/SRR100/013/SRR10094413/SRR10094413_1.fastq.gz	https://ftp.sra.ebi.ac.uk/vol1/fastq/SRR100/013/SRR10094413/SRR10094413_2.fastq.gz	SAMN10249057	3115630
SRR10094414	PAIRED	https://ftp.sra.ebi.ac.uk/vol1/fastq/SRR100/014/SRR10094414/SRR10094414_1.fastq.gz	https://ftp.sra.ebi.ac.uk/vol1/fastq/SRR100/014/SRR10094414/SRR10094414_2.fastq.gz	SAMN10249010	2361106
SRR10094415	PAIRED	https://ftp.sra.ebi.ac.uk/vol1/fastq/SRR100/015/SRR10094415/SRR10094415_1.fastq.gz	https://ftp.sra.ebi.ac.uk/vol1/fastq/SRR100/015/SRR10094415/SRR10094415_2.fastq.gz	SAMN10249149	2427827
SRR10094416	PAIRED	https://ftp.sra.ebi.ac.uk/vol1/fastq/SRR100/016/SRR10094416/SRR10094416_1.fastq.gz	https://ftp.sra.ebi.ac.uk/vol1/fastq/SRR100/016/SRR10094416/SRR10094416_2.fastq.gz	SAMN10248941	3278668
SRR10094417	PAIRED	https://ftp.sra.ebi.ac.uk/vol1/fastq/SRR100/017/SRR10094417/SRR10094417_1.fastq.gz	https://ftp.sra.ebi.ac.uk/vol1/fastq/SRR100/017/SRR10094417/SRR10094417_2.fastq.gz	SAMN10248957	3011699
SRR10094418	PAIRED	https://ftp.sra.ebi.ac.uk/vol1/fastq/SRR100/018/SRR10094418/SRR10094418_1.fastq.gz	https://ftp.sra.ebi.ac.uk/vol1/fastq/SRR100/018/SRR10094418/SRR10094418_2.fastq.gz	SAMN10249083	2881029
SRR10094419	PAIRED	https://ftp.sra.ebi.ac.uk/vol1/fastq/SRR100/019/SRR10094419/SRR10094419_1.fastq.gz	https://ftp.sra.ebi.ac.uk/vol1/fastq/SRR100/019/SRR10094419/SRR10094419_2.fastq.gz	SAMN10249147	3228271
SRR10094420	PAIRED	https://ftp.sra.ebi.ac.uk/vol1/fastq/SRR100/020/SRR10094420/SRR10094420_1.fastq.gz	https://ftp.sra.ebi.ac.uk/vol1/fastq/SRR100/020/SRR10094420/SRR10094420_2.fastq.gz	SAMN10248986	2308215
SRR10094421	PAIRED	https://ftp.sra.ebi.ac.uk/vol1/fastq/SRR100/021/SRR10094421/SRR10094421_1.fastq.gz	https://ftp.sra.ebi.ac.uk/vol1/fastq/SRR100/021/SRR10094421/SRR10094421_2.fastq.gz	SAMN10248990	3207609
SRR10094422	PAIRED	https://ftp.sra.ebi.ac.uk/vol1/fastq/SRR100/022/SRR10094422/SRR10094422_1.fastq.gz	https://ftp.sra.ebi.ac.uk/vol1/fastq/SRR100/022/SRR10094422/SRR10094422_2.fastq.gz	SAMN10249021	1893658
SRR10094423	PAIRED	https://ftp.sra.ebi.ac.uk/vol1/fastq/SRR100/023/SRR10094423/SRR10094423_1.fastq.gz	https://ftp.sra.ebi.ac.uk/vol1/fastq/SRR100/023/SRR10094423/SRR10094423_2.fastq.gz	SAMN10249060	3474146
SRR10094424	PAIRED	https://ftp.sra.ebi.ac.uk/vol1/fastq/SRR100/024/SRR10094424/SRR10094424_1.fastq.gz	https://ftp.sra.ebi.ac.uk/vol1/fastq/SRR100/024/SRR10094424/SRR10094424_2.fastq.gz	SAMN10249116	1903367
SRR10094425	PAIRED	https://ftp.sra.ebi.ac.uk/vol1/fastq/SRR100/025/SRR10094425/SRR10094425_1.fastq.gz	https://ftp.sra.ebi.ac.uk/vol1/fastq/SRR100/025/SRR10094425/SRR10094425_2.fastq.gz	SAMN10249046	1997943
SRR10094426	PAIRED	https://ftp.sra.ebi.ac.uk/vol1/fastq/SRR100/026/SRR10094426/SRR10094426_1.fastq.gz	https://ftp.sra.ebi.ac.uk/vol1/fastq/SRR100/026/SRR10094426/SRR10094426_2.fastq.gz	SAMN10249015	2083073
SRR10094427	PAIRED	https://ftp.sra.ebi.ac.uk/vol1/fastq/SRR100/027/SRR10094427/SRR10094427_1.fastq.gz	https://ftp.sra.ebi.ac.uk/vol1/fastq/SRR100/027/SRR10094427/SRR10094427_2.fastq.gz	SAMN10249074	1256620
SRR10094428	PAIRED	https://ftp.sra.ebi.ac.uk/vol1/fastq/SRR100/028/SRR10094428/SRR10094428_1.fastq.gz	https://ftp.sra.ebi.ac.uk/vol1/fastq/SRR100/028/SRR10094428/SRR10094428_2.fastq.gz	SAMN10249102	1124195
SRR10094429	PAIRED	https://ftp.sra.ebi.ac.uk/vol1/fastq/SRR100/029/SRR10094429/SRR10094429_1.fastq.gz	https://ftp.sra.ebi.ac.uk/vol1/fastq/SRR100/029/SRR10094429/SRR10094429_2.fastq.gz	SAMN10248992	1898627
SRR10094430	PAIRED	https://ftp.sra.ebi.ac.uk/vol1/fastq/SRR100/030/SRR10094430/SRR10094430_1.fastq.gz	https://ftp.sra.ebi.ac.uk/vol1/fastq/SRR100/030/SRR10094430/SRR10094430_2.fastq.gz	SAMN10249027	1239929
SRR10094431	PAIRED	https://ftp.sra.ebi.ac.uk/vol1/fastq/SRR100/031/SRR10094431/SRR10094431_1.fastq.gz	https://ftp.sra.ebi.ac.uk/vol1/fastq/SRR100/031/SRR10094431/SRR10094431_2.fastq.gz	SAMN10249064	1397522
SRR10094432	PAIRED	https://ftp.sra.ebi.ac.uk/vol1/fastq/SRR100/032/SRR10094432/SRR10094432_1.fastq.gz	https://ftp.sra.ebi.ac.uk/vol1/fastq/SRR100/032/SRR10094432/SRR10094432_2.fastq.gz	SAMN10249126	2367172
SRR10094433	PAIRED	https://ftp.sra.ebi.ac.uk/vol1/fastq/SRR100/033/SRR10094433/SRR10094433_1.fastq.gz	https://ftp.sra.ebi.ac.uk/vol1/fastq/SRR100/033/SRR10094433/SRR10094433_2.fastq.gz	SAMN10249214	1799422
SRR10094434	PAIRED	https://ftp.sra.ebi.ac.uk/vol1/fastq/SRR100/034/SRR10094434/SRR10094434_1.fastq.gz	https://ftp.sra.ebi.ac.uk/vol1/fastq/SRR100/034/SRR10094434/SRR10094434_2.fastq.gz	SAMN10249016	1806933
SRR10094435	PAIRED	https://ftp.sra.ebi.ac.uk/vol1/fastq/SRR100/035/SRR10094435/SRR10094435_1.fastq.gz	https://ftp.sra.ebi.ac.uk/vol1/fastq/SRR100/035/SRR10094435/SRR10094435_2.fastq.gz	SAMN10249052	1432087
SRR10094436	PAIRED	https://ftp.sra.ebi.ac.uk/vol1/fastq/SRR100/036/SRR10094436/SRR10094436_1.fastq.gz	https://ftp.sra.ebi.ac.uk/vol1/fastq/SRR100/036/SRR10094436/SRR10094436_2.fastq.gz	SAMN10249097	324087
SRR10094437	PAIRED	https://ftp.sra.ebi.ac.uk/vol1/fastq/SRR100/037/SRR10094437/SRR10094437_1.fastq.gz	https://ftp.sra.ebi.ac.uk/vol1/fastq/SRR100/037/SRR10094437/SRR10094437_2.fastq.gz	SAMN10249114	2213319
SRR10094438	PAIRED	https://ftp.sra.ebi.ac.uk/vol1/fastq/SRR100/038/SRR10094438/SRR10094438_1.fastq.gz	https://ftp.sra.ebi.ac.uk/vol1/fastq/SRR100/038/SRR10094438/SRR10094438_2.fastq.gz	SAMN10248970	2550710
SRR10094439	PAIRED	https://ftp.sra.ebi.ac.uk/vol1/fastq/SRR100/039/SRR10094439/SRR10094439_1.fastq.gz	https://ftp.sra.ebi.ac.uk/vol1/fastq/SRR100/039/SRR10094439/SRR10094439_2.fastq.gz	SAMN10249162	1084024
SRR10094440	PAIRED	https://ftp.sra.ebi.ac.uk/vol1/fastq/SRR100/040/SRR10094440/SRR10094440_1.fastq.gz	https://ftp.sra.ebi.ac.uk/vol1/fastq/SRR100/040/SRR10094440/SRR10094440_2.fastq.gz	SAMN10249022	1697514
SRR10094451	PAIRED	https://ftp.sra.ebi.ac.uk/vol1/fastq/SRR100/051/SRR10094451/SRR10094451_1.fastq.gz	https://ftp.sra.ebi.ac.uk/vol1/fastq/SRR100/051/SRR10094451/SRR10094451_2.fastq.gz	SAMN10249204	986343
SRR10094462	PAIRED	https://ftp.sra.ebi.ac.uk/vol1/fastq/SRR100/062/SRR10094462/SRR10094462_1.fastq.gz	https://ftp.sra.ebi.ac.uk/vol1/fastq/SRR100/062/SRR10094462/SRR10094462_2.fastq.gz	SAMN10249037	1147419
SRR10094473	PAIRED	https://ftp.sra.ebi.ac.uk/vol1/fastq/SRR100/073/SRR10094473/SRR10094473_1.fastq.gz	https://ftp.sra.ebi.ac.uk/vol1/fastq/SRR100/073/SRR10094473/SRR10094473_2.fastq.gz	SAMN10249085	1242392
SRR10094484	PAIRED	https://ftp.sra.ebi.ac.uk/vol1/fastq/SRR100/084/SRR10094484/SRR10094484_1.fastq.gz	https://ftp.sra.ebi.ac.uk/vol1/fastq/SRR100/084/SRR10094484/SRR10094484_2.fastq.gz	SAMN10249101	1189592
SRR10094495	PAIRED	https://ftp.sra.ebi.ac.uk/vol1/fastq/SRR100/095/SRR10094495/SRR10094495_1.fastq.gz	https://ftp.sra.ebi.ac.uk/vol1/fastq/SRR100/095/SRR10094495/SRR10094495_2.fastq.gz	SAMN10248964	1292018
SRR10094506	PAIRED	https://ftp.sra.ebi.ac.uk/vol1/fastq/SRR100/006/SRR10094506/SRR10094506_1.fastq.gz	https://ftp.sra.ebi.ac.uk/vol1/fastq/SRR100/006/SRR10094506/SRR10094506_2.fastq.gz	SAMN10249210	88661
SRR10094517	PAIRED	https://ftp.sra.ebi.ac.uk/vol1/fastq/SRR100/017/SRR10094517/SRR10094517_1.fastq.gz	https://ftp.sra.ebi.ac.uk/vol1/fastq/SRR100/017/SRR10094517/SRR10094517_2.fastq.gz	SAMN10249004	1068501
SRR10094518	PAIRED	https://ftp.sra.ebi.ac.uk/vol1/fastq/SRR100/018/SRR10094518/SRR10094518_1.fastq.gz	https://ftp.sra.ebi.ac.uk/vol1/fastq/SRR100/018/SRR10094518/SRR10094518_2.fastq.gz	SAMN10249002	574534
SRR10094529	PAIRED	https://ftp.sra.ebi.ac.uk/vol1/fastq/SRR100/029/SRR10094529/SRR10094529_1.fastq.gz	https://ftp.sra.ebi.ac.uk/vol1/fastq/SRR100/029/SRR10094529/SRR10094529_2.fastq.gz	SAMN10249072	1868591
SRR10094540	PAIRED	https://ftp.sra.ebi.ac.uk/vol1/fastq/SRR100/040/SRR10094540/SRR10094540_1.fastq.gz	https://ftp.sra.ebi.ac.uk/vol1/fastq/SRR100/040/SRR10094540/SRR10094540_2.fastq.gz	SAMN10249105	828697
SRR10094551	PAIRED	https://ftp.sra.ebi.ac.uk/vol1/fastq/SRR100/051/SRR10094551/SRR10094551_1.fastq.gz	https://ftp.sra.ebi.ac.uk/vol1/fastq/SRR100/051/SRR10094551/SRR10094551_2.fastq.gz	SAMN10248953	1117553
SRR10094562	PAIRED	https://ftp.sra.ebi.ac.uk/vol1/fastq/SRR100/062/SRR10094562/SRR10094562_1.fastq.gz	https://ftp.sra.ebi.ac.uk/vol1/fastq/SRR100/062/SRR10094562/SRR10094562_2.fastq.gz	SAMN10249200	361765
SRR10094573	PAIRED	https://ftp.sra.ebi.ac.uk/vol1/fastq/SRR100/073/SRR10094573/SRR10094573_1.fastq.gz	https://ftp.sra.ebi.ac.uk/vol1/fastq/SRR100/073/SRR10094573/SRR10094573_2.fastq.gz	SAMN10249066	663214
SRR10094584	PAIRED	https://ftp.sra.ebi.ac.uk/vol1/fastq/SRR100/084/SRR10094584/SRR10094584_1.fastq.gz	https://ftp.sra.ebi.ac.uk/vol1/fastq/SRR100/084/SRR10094584/SRR10094584_2.fastq.gz	SAMN10249195	857772
SRR10094595	PAIRED	https://ftp.sra.ebi.ac.uk/vol1/fastq/SRR100/095/SRR10094595/SRR10094595_1.fastq.gz	https://ftp.sra.ebi.ac.uk/vol1/fastq/SRR100/095/SRR10094595/SRR10094595_2.fastq.gz	SAMN10248975	1118515
SRR10094606	PAIRED	https://ftp.sra.ebi.ac.uk/vol1/fastq/SRR100/006/SRR10094606/SRR10094606_1.fastq.gz	https://ftp.sra.ebi.ac.uk/vol1/fastq/SRR100/006/SRR10094606/SRR10094606_2.fastq.gz	SAMN10249137	1138205
SRR10094617	PAIRED	https://ftp.sra.ebi.ac.uk/vol1/fastq/SRR100/017/SRR10094617/SRR10094617_1.fastq.gz	https://ftp.sra.ebi.ac.uk/vol1/fastq/SRR100/017/SRR10094617/SRR10094617_2.fastq.gz	SAMN10249181	1079755
SRR10094628	PAIRED	https://ftp.sra.ebi.ac.uk/vol1/fastq/SRR100/028/SRR10094628/SRR10094628_1.fastq.gz	https://ftp.sra.ebi.ac.uk/vol1/fastq/SRR100/028/SRR10094628/SRR10094628_2.fastq.gz	SAMN10249035	1273377
SRR10094629	PAIRED	https://ftp.sra.ebi.ac.uk/vol1/fastq/SRR100/029/SRR10094629/SRR10094629_1.fastq.gz	https://ftp.sra.ebi.ac.uk/vol1/fastq/SRR100/029/SRR10094629/SRR10094629_2.fastq.gz	SAMN10249086	2435215
SRR10094630	PAIRED	https://ftp.sra.ebi.ac.uk/vol1/fastq/SRR100/030/SRR10094630/SRR10094630_1.fastq.gz	https://ftp.sra.ebi.ac.uk/vol1/fastq/SRR100/030/SRR10094630/SRR10094630_2.fastq.gz	SAMN10249109	8955353
SRR10383457	PAIRED	https://ftp.sra.ebi.ac.uk/vol1/fastq/SRR103/057/SRR10383457/SRR10383457_1.fastq.gz	https://ftp.sra.ebi.ac.uk/vol1/fastq/SRR103/057/SRR10383457/SRR10383457_2.fastq.gz	SAMN13176256	5429488
SRR11049245	PAIRED	https://ftp.sra.ebi.ac.uk/vol1/fastq/SRR110/045/SRR11049245/SRR11049245_1.fastq.gz	https://ftp.sra.ebi.ac.uk/vol1/fastq/SRR110/045/SRR11049245/SRR11049245_2.fastq.gz	SAMN14072392	3680602
SRR11176973	PAIRED	https://ftp.sra.ebi.ac.uk/vol1/fastq/SRR111/073/SRR11176973/SRR11176973_1.fastq.gz	https://ftp.sra.ebi.ac.uk/vol1/fastq/SRR111/073/SRR11176973/SRR11176973_2.fastq.gz	SAMN12769618	7618542
SRR13302058	PAIRED	https://ftp.sra.ebi.ac.uk/vol1/fastq/SRR133/058/SRR13302058/SRR13302058_1.fastq.gz	https://ftp.sra.ebi.ac.uk/vol1/fastq/SRR133/058/SRR13302058/SRR13302058_2.fastq.gz	SAMN11953941	850851
SRR13302059	PAIRED	https://ftp.sra.ebi.ac.uk/vol1/fastq/SRR133/059/SRR13302059/SRR13302059_1.fastq.gz	https://ftp.sra.ebi.ac.uk/vol1/fastq/SRR133/059/SRR13302059/SRR13302059_2.fastq.gz	SAMN11953942	865825
SRR16951843	PAIRED	https://ftp.sra.ebi.ac.uk/vol1/fastq/SRR169/043/SRR16951843/SRR16951843_1.fastq.gz	https://ftp.sra.ebi.ac.uk/vol1/fastq/SRR169/043/SRR16951843/SRR16951843_2.fastq.gz	SAMN14072391	4996001
SRR16951844	PAIRED	https://ftp.sra.ebi.ac.uk/vol1/fastq/SRR169/044/SRR16951844/SRR16951844_1.fastq.gz	https://ftp.sra.ebi.ac.uk/vol1/fastq/SRR169/044/SRR16951844/SRR16951844_2.fastq.gz	SAMN14072390	5455011
SRR16951845	PAIRED	https://ftp.sra.ebi.ac.uk/vol1/fastq/SRR169/045/SRR16951845/SRR16951845_1.fastq.gz	https://ftp.sra.ebi.ac.uk/vol1/fastq/SRR169/045/SRR16951845/SRR16951845_2.fastq.gz	SAMN14072389	4967627
SRR16951846	PAIRED	https://ftp.sra.ebi.ac.uk/vol1/fastq/SRR169/046/SRR16951846/SRR16951846_1.fastq.gz	https://ftp.sra.ebi.ac.uk/vol1/fastq/SRR169/046/SRR16951846/SRR16951846_2.fastq.gz	SAMN14072388	4509328
SRR1819769	PAIRED	https://ftp.sra.ebi.ac.uk/vol1/fastq/SRR181/009/SRR1819769/SRR1819769_1.fastq.gz	https://ftp.sra.ebi.ac.uk/vol1/fastq/SRR181/009/SRR1819769/SRR1819769_2.fastq.gz	SAMN03268801	4784801
SRR1819771	PAIRED	https://ftp.sra.ebi.ac.uk/vol1/fastq/SRR181/001/SRR1819771/SRR1819771_1.fastq.gz	https://ftp.sra.ebi.ac.uk/vol1/fastq/SRR181/001/SRR1819771/SRR1819771_2.fastq.gz	SAMN03268796	3187992
SRR1819785	PAIRED	https://ftp.sra.ebi.ac.uk/vol1/fastq/SRR181/005/SRR1819785/SRR1819785_1.fastq.gz	https://ftp.sra.ebi.ac.uk/vol1/fastq/SRR181/005/SRR1819785/SRR1819785_2.fastq.gz	SAMN03268809	4117572
SRR1819792	PAIRED	https://ftp.sra.ebi.ac.uk/vol1/fastq/SRR181/002/SRR1819792/SRR1819792_1.fastq.gz	https://ftp.sra.ebi.ac.uk/vol1/fastq/SRR181/002/SRR1819792/SRR1819792_2.fastq.gz	SAMN03268807	5065752
SRR1819797	PAIRED	https://ftp.sra.ebi.ac.uk/vol1/fastq/SRR181/007/SRR1819797/SRR1819797_1.fastq.gz	https://ftp.sra.ebi.ac.uk/vol1/fastq/SRR181/007/SRR1819797/SRR1819797_2.fastq.gz	SAMN03277095	13956909
SRR1819798	PAIRED	https://ftp.sra.ebi.ac.uk/vol1/fastq/SRR181/008/SRR1819798/SRR1819798_1.fastq.gz	https://ftp.sra.ebi.ac.uk/vol1/fastq/SRR181/008/SRR1819798/SRR1819798_2.fastq.gz	SAMN03277097	15347324
SRR1819799	PAIRED	https://ftp.sra.ebi.ac.uk/vol1/fastq/SRR181/009/SRR1819799/SRR1819799_1.fastq.gz	https://ftp.sra.ebi.ac.uk/vol1/fastq/SRR181/009/SRR1819799/SRR1819799_2.fastq.gz	SAMN03277099	13059310
SRR1819800	PAIRED	https://ftp.sra.ebi.ac.uk/vol1/fastq/SRR181/000/SRR1819800/SRR1819800_1.fastq.gz	https://ftp.sra.ebi.ac.uk/vol1/fastq/SRR181/000/SRR1819800/SRR1819800_2.fastq.gz	SAMN03277092	14722075
SRR1819801	PAIRED	https://ftp.sra.ebi.ac.uk/vol1/fastq/SRR181/001/SRR1819801/SRR1819801_1.fastq.gz	https://ftp.sra.ebi.ac.uk/vol1/fastq/SRR181/001/SRR1819801/SRR1819801_2.fastq.gz	SAMN03277100	16065174
SRR1819803	PAIRED	https://ftp.sra.ebi.ac.uk/vol1/fastq/SRR181/003/SRR1819803/SRR1819803_1.fastq.gz	https://ftp.sra.ebi.ac.uk/vol1/fastq/SRR181/003/SRR1819803/SRR1819803_2.fastq.gz	SAMN03277098	19957085
SRR1819804	PAIRED	https://ftp.sra.ebi.ac.uk/vol1/fastq/SRR181/004/SRR1819804/SRR1819804_1.fastq.gz	https://ftp.sra.ebi.ac.uk/vol1/fastq/SRR181/004/SRR1819804/SRR1819804_2.fastq.gz	SAMN03277103	15997660
SRR1819805	PAIRED	https://ftp.sra.ebi.ac.uk/vol1/fastq/SRR181/005/SRR1819805/SRR1819805_1.fastq.gz	https://ftp.sra.ebi.ac.uk/vol1/fastq/SRR181/005/SRR1819805/SRR1819805_2.fastq.gz	SAMN03277104	15793957
SRR1819807	PAIRED	https://ftp.sra.ebi.ac.uk/vol1/fastq/SRR181/007/SRR1819807/SRR1819807_1.fastq.gz	https://ftp.sra.ebi.ac.uk/vol1/fastq/SRR181/007/SRR1819807/SRR1819807_2.fastq.gz	SAMN03277094	15573926
SRR1819808	PAIRED	https://ftp.sra.ebi.ac.uk/vol1/fastq/SRR181/008/SRR1819808/SRR1819808_1.fastq.gz	https://ftp.sra.ebi.ac.uk/vol1/fastq/SRR181/008/SRR1819808/SRR1819808_2.fastq.gz	SAMN03277093	16357135
SRR1819809	PAIRED	https://ftp.sra.ebi.ac.uk/vol1/fastq/SRR181/009/SRR1819809/SRR1819809_1.fastq.gz	https://ftp.sra.ebi.ac.uk/vol1/fastq/SRR181/009/SRR1819809/SRR1819809_2.fastq.gz	SAMN03277096	15421608
SRR2075860	PAIRED	https://ftp.sra.ebi.ac.uk/vol1/fastq/SRR207/000/SRR2075860/SRR2075860_1.fastq.gz	https://ftp.sra.ebi.ac.uk/vol1/fastq/SRR207/000/SRR2075860/SRR2075860_2.fastq.gz	SAMN03571960	260657
SRR2075876	PAIRED	https://ftp.sra.ebi.ac.uk/vol1/fastq/SRR207/006/SRR2075876/SRR2075876_1.fastq.gz	https://ftp.sra.ebi.ac.uk/vol1/fastq/SRR207/006/SRR2075876/SRR2075876_2.fastq.gz	SAMN03575971	459822
SRR2075877	PAIRED	https://ftp.sra.ebi.ac.uk/vol1/fastq/SRR207/007/SRR2075877/SRR2075877_1.fastq.gz	https://ftp.sra.ebi.ac.uk/vol1/fastq/SRR207/007/SRR2075877/SRR2075877_2.fastq.gz	SAMN03575972	441086
SRR2075878	PAIRED	https://ftp.sra.ebi.ac.uk/vol1/fastq/SRR207/008/SRR2075878/SRR2075878_1.fastq.gz	https://ftp.sra.ebi.ac.uk/vol1/fastq/SRR207/008/SRR2075878/SRR2075878_2.fastq.gz	SAMN03575974	327968
SRR2075879	PAIRED	https://ftp.sra.ebi.ac.uk/vol1/fastq/SRR207/009/SRR2075879/SRR2075879_1.fastq.gz	https://ftp.sra.ebi.ac.uk/vol1/fastq/SRR207/009/SRR2075879/SRR2075879_2.fastq.gz	SAMN03576356	231849
SRR2075880	PAIRED	https://ftp.sra.ebi.ac.uk/vol1/fastq/SRR207/000/SRR2075880/SRR2075880_1.fastq.gz	https://ftp.sra.ebi.ac.uk/vol1/fastq/SRR207/000/SRR2075880/SRR2075880_2.fastq.gz	SAMN03576358	233802
SRR2075881	PAIRED	https://ftp.sra.ebi.ac.uk/vol1/fastq/SRR207/001/SRR2075881/SRR2075881_1.fastq.gz	https://ftp.sra.ebi.ac.uk/vol1/fastq/SRR207/001/SRR2075881/SRR2075881_2.fastq.gz	SAMN03576359	168989
SRR2075882	PAIRED	https://ftp.sra.ebi.ac.uk/vol1/fastq/SRR207/002/SRR2075882/SRR2075882_1.fastq.gz	https://ftp.sra.ebi.ac.uk/vol1/fastq/SRR207/002/SRR2075882/SRR2075882_2.fastq.gz	SAMN03576361	324791
SRR2075883	PAIRED	https://ftp.sra.ebi.ac.uk/vol1/fastq/SRR207/003/SRR2075883/SRR2075883_1.fastq.gz	https://ftp.sra.ebi.ac.uk/vol1/fastq/SRR207/003/SRR2075883/SRR2075883_2.fastq.gz	SAMN03576362	297879
SRR2075884	PAIRED	https://ftp.sra.ebi.ac.uk/vol1/fastq/SRR207/004/SRR2075884/SRR2075884_1.fastq.gz	https://ftp.sra.ebi.ac.uk/vol1/fastq/SRR207/004/SRR2075884/SRR2075884_2.fastq.gz	SAMN03576363	329290
SRR2075885	PAIRED	https://ftp.sra.ebi.ac.uk/vol1/fastq/SRR207/005/SRR2075885/SRR2075885_1.fastq.gz	https://ftp.sra.ebi.ac.uk/vol1/fastq/SRR207/005/SRR2075885/SRR2075885_2.fastq.gz	SAMN03576364	408754
SRR2075887	PAIRED	https://ftp.sra.ebi.ac.uk/vol1/fastq/SRR207/007/SRR2075887/SRR2075887_1.fastq.gz	https://ftp.sra.ebi.ac.uk/vol1/fastq/SRR207/007/SRR2075887/SRR2075887_2.fastq.gz	SAMN03576365	389776
SRR2075890	PAIRED	https://ftp.sra.ebi.ac.uk/vol1/fastq/SRR207/000/SRR2075890/SRR2075890_1.fastq.gz	https://ftp.sra.ebi.ac.uk/vol1/fastq/SRR207/000/SRR2075890/SRR2075890_2.fastq.gz	SAMN03576366	204224
SRR2075891	PAIRED	https://ftp.sra.ebi.ac.uk/vol1/fastq/SRR207/001/SRR2075891/SRR2075891_1.fastq.gz	https://ftp.sra.ebi.ac.uk/vol1/fastq/SRR207/001/SRR2075891/SRR2075891_2.fastq.gz	SAMN03576441	141485
SRR2075893	PAIRED	https://ftp.sra.ebi.ac.uk/vol1/fastq/SRR207/003/SRR2075893/SRR2075893_1.fastq.gz	https://ftp.sra.ebi.ac.uk/vol1/fastq/SRR207/003/SRR2075893/SRR2075893_2.fastq.gz	SAMN03576442	325138
SRR2075895	PAIRED	https://ftp.sra.ebi.ac.uk/vol1/fastq/SRR207/005/SRR2075895/SRR2075895_1.fastq.gz	https://ftp.sra.ebi.ac.uk/vol1/fastq/SRR207/005/SRR2075895/SRR2075895_2.fastq.gz	SAMN03576445	261760
SRR2075896	PAIRED	https://ftp.sra.ebi.ac.uk/vol1/fastq/SRR207/006/SRR2075896/SRR2075896_1.fastq.gz	https://ftp.sra.ebi.ac.uk/vol1/fastq/SRR207/006/SRR2075896/SRR2075896_2.fastq.gz	SAMN03576446	325385
SRR2075897	PAIRED	https://ftp.sra.ebi.ac.uk/vol1/fastq/SRR207/007/SRR2075897/SRR2075897_1.fastq.gz	https://ftp.sra.ebi.ac.uk/vol1/fastq/SRR207/007/SRR2075897/SRR2075897_2.fastq.gz	SAMN03576448	303383
SRR2075898	PAIRED	https://ftp.sra.ebi.ac.uk/vol1/fastq/SRR207/008/SRR2075898/SRR2075898_1.fastq.gz	https://ftp.sra.ebi.ac.uk/vol1/fastq/SRR207/008/SRR2075898/SRR2075898_2.fastq.gz	SAMN03576449	533158
SRR2075899	PAIRED	https://ftp.sra.ebi.ac.uk/vol1/fastq/SRR207/009/SRR2075899/SRR2075899_1.fastq.gz	https://ftp.sra.ebi.ac.uk/vol1/fastq/SRR207/009/SRR2075899/SRR2075899_2.fastq.gz	SAMN03576505	417994
SRR2075900	PAIRED	https://ftp.sra.ebi.ac.uk/vol1/fastq/SRR207/000/SRR2075900/SRR2075900_1.fastq.gz	https://ftp.sra.ebi.ac.uk/vol1/fastq/SRR207/000/SRR2075900/SRR2075900_2.fastq.gz	SAMN03576511	531633
SRR2075902	PAIRED	https://ftp.sra.ebi.ac.uk/vol1/fastq/SRR207/002/SRR2075902/SRR2075902_1.fastq.gz	https://ftp.sra.ebi.ac.uk/vol1/fastq/SRR207/002/SRR2075902/SRR2075902_2.fastq.gz	SAMN03576512	150373
SRR2075903	PAIRED	https://ftp.sra.ebi.ac.uk/vol1/fastq/SRR207/003/SRR2075903/SRR2075903_1.fastq.gz	https://ftp.sra.ebi.ac.uk/vol1/fastq/SRR207/003/SRR2075903/SRR2075903_2.fastq.gz	SAMN03577725	187353
SRR2075906	PAIRED	https://ftp.sra.ebi.ac.uk/vol1/fastq/SRR207/006/SRR2075906/SRR2075906_1.fastq.gz	https://ftp.sra.ebi.ac.uk/vol1/fastq/SRR207/006/SRR2075906/SRR2075906_2.fastq.gz	SAMN03577726	289460
SRR2075907	PAIRED	https://ftp.sra.ebi.ac.uk/vol1/fastq/SRR207/007/SRR2075907/SRR2075907_1.fastq.gz	https://ftp.sra.ebi.ac.uk/vol1/fastq/SRR207/007/SRR2075907/SRR2075907_2.fastq.gz	SAMN03577727	388948
SRR2075948	PAIRED	https://ftp.sra.ebi.ac.uk/vol1/fastq/SRR207/008/SRR2075948/SRR2075948_1.fastq.gz	https://ftp.sra.ebi.ac.uk/vol1/fastq/SRR207/008/SRR2075948/SRR2075948_2.fastq.gz	SAMN03577728	323388
SRR2075950	PAIRED	https://ftp.sra.ebi.ac.uk/vol1/fastq/SRR207/000/SRR2075950/SRR2075950_1.fastq.gz	https://ftp.sra.ebi.ac.uk/vol1/fastq/SRR207/000/SRR2075950/SRR2075950_2.fastq.gz	SAMN03577729	542939
SRR2075951	PAIRED	https://ftp.sra.ebi.ac.uk/vol1/fastq/SRR207/001/SRR2075951/SRR2075951_1.fastq.gz	https://ftp.sra.ebi.ac.uk/vol1/fastq/SRR207/001/SRR2075951/SRR2075951_2.fastq.gz	SAMN03577730	497318
SRR22159793	PAIRED	https://ftp.sra.ebi.ac.uk/vol1/fastq/SRR221/093/SRR22159793/SRR22159793_1.fastq.gz	https://ftp.sra.ebi.ac.uk/vol1/fastq/SRR221/093/SRR22159793/SRR22159793_2.fastq.gz	SAMN29928039	1260027
SRR23106203	PAIRED	https://ftp.sra.ebi.ac.uk/vol1/fastq/SRR231/003/SRR23106203/SRR23106203_1.fastq.gz	https://ftp.sra.ebi.ac.uk/vol1/fastq/SRR231/003/SRR23106203/SRR23106203_2.fastq.gz	SAMN32778013	1005963
SRR23106229	PAIRED	https://ftp.sra.ebi.ac.uk/vol1/fastq/SRR231/029/SRR23106229/SRR23106229_1.fastq.gz	https://ftp.sra.ebi.ac.uk/vol1/fastq/SRR231/029/SRR23106229/SRR23106229_2.fastq.gz	SAMN32777989	484445
SRR23106230	PAIRED	https://ftp.sra.ebi.ac.uk/vol1/fastq/SRR231/030/SRR23106230/SRR23106230_1.fastq.gz	https://ftp.sra.ebi.ac.uk/vol1/fastq/SRR231/030/SRR23106230/SRR23106230_2.fastq.gz	SAMN32777988	321128
SRR23106234	PAIRED	https://ftp.sra.ebi.ac.uk/vol1/fastq/SRR231/034/SRR23106234/SRR23106234_1.fastq.gz	https://ftp.sra.ebi.ac.uk/vol1/fastq/SRR231/034/SRR23106234/SRR23106234_2.fastq.gz	SAMN32777985	1183583
SRR23106238	PAIRED	https://ftp.sra.ebi.ac.uk/vol1/fastq/SRR231/038/SRR23106238/SRR23106238_1.fastq.gz	https://ftp.sra.ebi.ac.uk/vol1/fastq/SRR231/038/SRR23106238/SRR23106238_2.fastq.gz	SAMN32777981	289265
SRR23106245	PAIRED	https://ftp.sra.ebi.ac.uk/vol1/fastq/SRR231/045/SRR23106245/SRR23106245_1.fastq.gz	https://ftp.sra.ebi.ac.uk/vol1/fastq/SRR231/045/SRR23106245/SRR23106245_2.fastq.gz	SAMN32777975	396418
SRR23106247	PAIRED	https://ftp.sra.ebi.ac.uk/vol1/fastq/SRR231/047/SRR23106247/SRR23106247_1.fastq.gz	https://ftp.sra.ebi.ac.uk/vol1/fastq/SRR231/047/SRR23106247/SRR23106247_2.fastq.gz	SAMN32777973	384056
SRR23106308	PAIRED	https://ftp.sra.ebi.ac.uk/vol1/fastq/SRR231/008/SRR23106308/SRR23106308_1.fastq.gz	https://ftp.sra.ebi.ac.uk/vol1/fastq/SRR231/008/SRR23106308/SRR23106308_2.fastq.gz	SAMN32778066	362781
SRR23106310	PAIRED	https://ftp.sra.ebi.ac.uk/vol1/fastq/SRR231/010/SRR23106310/SRR23106310_1.fastq.gz	https://ftp.sra.ebi.ac.uk/vol1/fastq/SRR231/010/SRR23106310/SRR23106310_2.fastq.gz	SAMN32778065	453895
SRR23106313	PAIRED	https://ftp.sra.ebi.ac.uk/vol1/fastq/SRR231/013/SRR23106313/SRR23106313_1.fastq.gz	https://ftp.sra.ebi.ac.uk/vol1/fastq/SRR231/013/SRR23106313/SRR23106313_2.fastq.gz	SAMN32778062	370677
SRR23106314	PAIRED	https://ftp.sra.ebi.ac.uk/vol1/fastq/SRR231/014/SRR23106314/SRR23106314_1.fastq.gz	https://ftp.sra.ebi.ac.uk/vol1/fastq/SRR231/014/SRR23106314/SRR23106314_2.fastq.gz	SAMN32778061	417042
SRR23106317	PAIRED	https://ftp.sra.ebi.ac.uk/vol1/fastq/SRR231/017/SRR23106317/SRR23106317_1.fastq.gz	https://ftp.sra.ebi.ac.uk/vol1/fastq/SRR231/017/SRR23106317/SRR23106317_2.fastq.gz	SAMN32778058	403768
SRR23106322	PAIRED	https://ftp.sra.ebi.ac.uk/vol1/fastq/SRR231/022/SRR23106322/SRR23106322_1.fastq.gz	https://ftp.sra.ebi.ac.uk/vol1/fastq/SRR231/022/SRR23106322/SRR23106322_2.fastq.gz	SAMN32778054	464393
SRR23106324	PAIRED	https://ftp.sra.ebi.ac.uk/vol1/fastq/SRR231/024/SRR23106324/SRR23106324_1.fastq.gz	https://ftp.sra.ebi.ac.uk/vol1/fastq/SRR231/024/SRR23106324/SRR23106324_2.fastq.gz	SAMN32778052	415626
SRR23106325	PAIRED	https://ftp.sra.ebi.ac.uk/vol1/fastq/SRR231/025/SRR23106325/SRR23106325_1.fastq.gz	https://ftp.sra.ebi.ac.uk/vol1/fastq/SRR231/025/SRR23106325/SRR23106325_2.fastq.gz	SAMN32778051	431269
SRR23106330	PAIRED	https://ftp.sra.ebi.ac.uk/vol1/fastq/SRR231/030/SRR23106330/SRR23106330_1.fastq.gz	https://ftp.sra.ebi.ac.uk/vol1/fastq/SRR231/030/SRR23106330/SRR23106330_2.fastq.gz	SAMN32778046	436492
SRR23106331	PAIRED	https://ftp.sra.ebi.ac.uk/vol1/fastq/SRR231/031/SRR23106331/SRR23106331_1.fastq.gz	https://ftp.sra.ebi.ac.uk/vol1/fastq/SRR231/031/SRR23106331/SRR23106331_2.fastq.gz	SAMN32777938	521457
SRR23106346	PAIRED	https://ftp.sra.ebi.ac.uk/vol1/fastq/SRR231/046/SRR23106346/SRR23106346_1.fastq.gz	https://ftp.sra.ebi.ac.uk/vol1/fastq/SRR231/046/SRR23106346/SRR23106346_2.fastq.gz	SAMN32777958	431666
SRR23106351	PAIRED	https://ftp.sra.ebi.ac.uk/vol1/fastq/SRR231/051/SRR23106351/SRR23106351_1.fastq.gz	https://ftp.sra.ebi.ac.uk/vol1/fastq/SRR231/051/SRR23106351/SRR23106351_2.fastq.gz	SAMN32777954	423277
SRR23106353	PAIRED	https://ftp.sra.ebi.ac.uk/vol1/fastq/SRR231/053/SRR23106353/SRR23106353_1.fastq.gz	https://ftp.sra.ebi.ac.uk/vol1/fastq/SRR231/053/SRR23106353/SRR23106353_2.fastq.gz	SAMN32777952	312485
SRR23106360	PAIRED	https://ftp.sra.ebi.ac.uk/vol1/fastq/SRR231/060/SRR23106360/SRR23106360_1.fastq.gz	https://ftp.sra.ebi.ac.uk/vol1/fastq/SRR231/060/SRR23106360/SRR23106360_2.fastq.gz	SAMN32778085	464255
SRR23106361	PAIRED	https://ftp.sra.ebi.ac.uk/vol1/fastq/SRR231/061/SRR23106361/SRR23106361_1.fastq.gz	https://ftp.sra.ebi.ac.uk/vol1/fastq/SRR231/061/SRR23106361/SRR23106361_2.fastq.gz	SAMN32778084	361880
SRR23106362	PAIRED	https://ftp.sra.ebi.ac.uk/vol1/fastq/SRR231/062/SRR23106362/SRR23106362_1.fastq.gz	https://ftp.sra.ebi.ac.uk/vol1/fastq/SRR231/062/SRR23106362/SRR23106362_2.fastq.gz	SAMN32778083	514259
SRR23106363	PAIRED	https://ftp.sra.ebi.ac.uk/vol1/fastq/SRR231/063/SRR23106363/SRR23106363_1.fastq.gz	https://ftp.sra.ebi.ac.uk/vol1/fastq/SRR231/063/SRR23106363/SRR23106363_2.fastq.gz	SAMN32778082	599552
SRR23106364	PAIRED	https://ftp.sra.ebi.ac.uk/vol1/fastq/SRR231/064/SRR23106364/SRR23106364_1.fastq.gz	https://ftp.sra.ebi.ac.uk/vol1/fastq/SRR231/064/SRR23106364/SRR23106364_2.fastq.gz	SAMN32778081	470549
SRR23106365	PAIRED	https://ftp.sra.ebi.ac.uk/vol1/fastq/SRR231/065/SRR23106365/SRR23106365_1.fastq.gz	https://ftp.sra.ebi.ac.uk/vol1/fastq/SRR231/065/SRR23106365/SRR23106365_2.fastq.gz	SAMN32778080	559265
SRR23106366	PAIRED	https://ftp.sra.ebi.ac.uk/vol1/fastq/SRR231/066/SRR23106366/SRR23106366_1.fastq.gz	https://ftp.sra.ebi.ac.uk/vol1/fastq/SRR231/066/SRR23106366/SRR23106366_2.fastq.gz	SAMN32778079	494497
SRR23106367	PAIRED	https://ftp.sra.ebi.ac.uk/vol1/fastq/SRR231/067/SRR23106367/SRR23106367_1.fastq.gz	https://ftp.sra.ebi.ac.uk/vol1/fastq/SRR231/067/SRR23106367/SRR23106367_2.fastq.gz	SAMN32778078	406297
SRR23106368	PAIRED	https://ftp.sra.ebi.ac.uk/vol1/fastq/SRR231/068/SRR23106368/SRR23106368_1.fastq.gz	https://ftp.sra.ebi.ac.uk/vol1/fastq/SRR231/068/SRR23106368/SRR23106368_2.fastq.gz	SAMN32778077	529403
SRR23106369	PAIRED	https://ftp.sra.ebi.ac.uk/vol1/fastq/SRR231/069/SRR23106369/SRR23106369_1.fastq.gz	https://ftp.sra.ebi.ac.uk/vol1/fastq/SRR231/069/SRR23106369/SRR23106369_2.fastq.gz	SAMN32778076	461575
SRR23106371	PAIRED	https://ftp.sra.ebi.ac.uk/vol1/fastq/SRR231/071/SRR23106371/SRR23106371_1.fastq.gz	https://ftp.sra.ebi.ac.uk/vol1/fastq/SRR231/071/SRR23106371/SRR23106371_2.fastq.gz	SAMN32778075	434740
SRR23106372	PAIRED	https://ftp.sra.ebi.ac.uk/vol1/fastq/SRR231/072/SRR23106372/SRR23106372_1.fastq.gz	https://ftp.sra.ebi.ac.uk/vol1/fastq/SRR231/072/SRR23106372/SRR23106372_2.fastq.gz	SAMN32778074	445655
SRR23106373	PAIRED	https://ftp.sra.ebi.ac.uk/vol1/fastq/SRR231/073/SRR23106373/SRR23106373_1.fastq.gz	https://ftp.sra.ebi.ac.uk/vol1/fastq/SRR231/073/SRR23106373/SRR23106373_2.fastq.gz	SAMN32778073	505527
SRR23106374	PAIRED	https://ftp.sra.ebi.ac.uk/vol1/fastq/SRR231/074/SRR23106374/SRR23106374_1.fastq.gz	https://ftp.sra.ebi.ac.uk/vol1/fastq/SRR231/074/SRR23106374/SRR23106374_2.fastq.gz	SAMN32778072	424092
SRR23106375	PAIRED	https://ftp.sra.ebi.ac.uk/vol1/fastq/SRR231/075/SRR23106375/SRR23106375_1.fastq.gz	https://ftp.sra.ebi.ac.uk/vol1/fastq/SRR231/075/SRR23106375/SRR23106375_2.fastq.gz	SAMN32778071	454992
SRR23106397	PAIRED	https://ftp.sra.ebi.ac.uk/vol1/fastq/SRR231/097/SRR23106397/SRR23106397_1.fastq.gz	https://ftp.sra.ebi.ac.uk/vol1/fastq/SRR231/097/SRR23106397/SRR23106397_2.fastq.gz	SAMN32778029	884811
SRR25100038	PAIRED	https://ftp.sra.ebi.ac.uk/vol1/fastq/SRR251/038/SRR25100038/SRR25100038_1.fastq.gz	https://ftp.sra.ebi.ac.uk/vol1/fastq/SRR251/038/SRR25100038/SRR25100038_2.fastq.gz	SAMN35995983	714210
SRR25100039	PAIRED	https://ftp.sra.ebi.ac.uk/vol1/fastq/SRR251/039/SRR25100039/SRR25100039_1.fastq.gz	https://ftp.sra.ebi.ac.uk/vol1/fastq/SRR251/039/SRR25100039/SRR25100039_2.fastq.gz	SAMN35995980	735007
SRR25100040	PAIRED	https://ftp.sra.ebi.ac.uk/vol1/fastq/SRR251/040/SRR25100040/SRR25100040_1.fastq.gz	https://ftp.sra.ebi.ac.uk/vol1/fastq/SRR251/040/SRR25100040/SRR25100040_2.fastq.gz	SAMN35995988	659485
SRR25100041	PAIRED	https://ftp.sra.ebi.ac.uk/vol1/fastq/SRR251/041/SRR25100041/SRR25100041_1.fastq.gz	https://ftp.sra.ebi.ac.uk/vol1/fastq/SRR251/041/SRR25100041/SRR25100041_2.fastq.gz	SAMN35995981	622794
SRR25100042	PAIRED	https://ftp.sra.ebi.ac.uk/vol1/fastq/SRR251/042/SRR25100042/SRR25100042_1.fastq.gz	https://ftp.sra.ebi.ac.uk/vol1/fastq/SRR251/042/SRR25100042/SRR25100042_2.fastq.gz	SAMN35995982	690037
SRR25100043	PAIRED	https://ftp.sra.ebi.ac.uk/vol1/fastq/SRR251/043/SRR25100043/SRR25100043_1.fastq.gz	https://ftp.sra.ebi.ac.uk/vol1/fastq/SRR251/043/SRR25100043/SRR25100043_2.fastq.gz	SAMN35995979	1010997
SRR25100044	PAIRED	https://ftp.sra.ebi.ac.uk/vol1/fastq/SRR251/044/SRR25100044/SRR25100044_1.fastq.gz	https://ftp.sra.ebi.ac.uk/vol1/fastq/SRR251/044/SRR25100044/SRR25100044_2.fastq.gz	SAMN35995987	1102021
SRR25100045	PAIRED	https://ftp.sra.ebi.ac.uk/vol1/fastq/SRR251/045/SRR25100045/SRR25100045_1.fastq.gz	https://ftp.sra.ebi.ac.uk/vol1/fastq/SRR251/045/SRR25100045/SRR25100045_2.fastq.gz	SAMN35995986	1059713
SRR25100046	PAIRED	https://ftp.sra.ebi.ac.uk/vol1/fastq/SRR251/046/SRR25100046/SRR25100046_1.fastq.gz	https://ftp.sra.ebi.ac.uk/vol1/fastq/SRR251/046/SRR25100046/SRR25100046_2.fastq.gz	SAMN35995985	1128496
SRR25100047	PAIRED	https://ftp.sra.ebi.ac.uk/vol1/fastq/SRR251/047/SRR25100047/SRR25100047_1.fastq.gz	https://ftp.sra.ebi.ac.uk/vol1/fastq/SRR251/047/SRR25100047/SRR25100047_2.fastq.gz	SAMN35995984	1095062
SRR25519436	PAIRED	https://ftp.sra.ebi.ac.uk/vol1/fastq/SRR255/036/SRR25519436/SRR25519436_1.fastq.gz	https://ftp.sra.ebi.ac.uk/vol1/fastq/SRR255/036/SRR25519436/SRR25519436_2.fastq.gz	SAMN11953943	996688
SRR26183117	PAIRED	https://ftp.sra.ebi.ac.uk/vol1/fastq/SRR261/017/SRR26183117/SRR26183117_1.fastq.gz	https://ftp.sra.ebi.ac.uk/vol1/fastq/SRR261/017/SRR26183117/SRR26183117_2.fastq.gz	SAMN37546086	680952
SRR26956677	PAIRED	https://ftp.sra.ebi.ac.uk/vol1/fastq/SRR269/077/SRR26956677/SRR26956677_1.fastq.gz	https://ftp.sra.ebi.ac.uk/vol1/fastq/SRR269/077/SRR26956677/SRR26956677_2.fastq.gz	SAMN38450464	735104
SRR2911724	PAIRED	https://ftp.sra.ebi.ac.uk/vol1/fastq/SRR291/004/SRR2911724/SRR2911724_1.fastq.gz	https://ftp.sra.ebi.ac.uk/vol1/fastq/SRR291/004/SRR2911724/SRR2911724_2.fastq.gz	SAMN04229826	1202943
SRR2911725	PAIRED	https://ftp.sra.ebi.ac.uk/vol1/fastq/SRR291/005/SRR2911725/SRR2911725_1.fastq.gz	https://ftp.sra.ebi.ac.uk/vol1/fastq/SRR291/005/SRR2911725/SRR2911725_2.fastq.gz	SAMN04229822	926769
SRR2911726	PAIRED	https://ftp.sra.ebi.ac.uk/vol1/fastq/SRR291/006/SRR2911726/SRR2911726_1.fastq.gz	https://ftp.sra.ebi.ac.uk/vol1/fastq/SRR291/006/SRR2911726/SRR2911726_2.fastq.gz	SAMN04229823	1170132
SRR2911739	PAIRED	https://ftp.sra.ebi.ac.uk/vol1/fastq/SRR291/009/SRR2911739/SRR2911739_1.fastq.gz	https://ftp.sra.ebi.ac.uk/vol1/fastq/SRR291/009/SRR2911739/SRR2911739_2.fastq.gz	SAMN04229824	1164943
SRR2911742	PAIRED	https://ftp.sra.ebi.ac.uk/vol1/fastq/SRR291/002/SRR2911742/SRR2911742_1.fastq.gz	https://ftp.sra.ebi.ac.uk/vol1/fastq/SRR291/002/SRR2911742/SRR2911742_2.fastq.gz	SAMN04229825	1234488
SRR2916633	PAIRED	https://ftp.sra.ebi.ac.uk/vol1/fastq/SRR291/003/SRR2916633/SRR2916633_1.fastq.gz	https://ftp.sra.ebi.ac.uk/vol1/fastq/SRR291/003/SRR2916633/SRR2916633_2.fastq.gz	SAMN04254728	664104
SRR2916634	PAIRED	https://ftp.sra.ebi.ac.uk/vol1/fastq/SRR291/004/SRR2916634/SRR2916634_1.fastq.gz	https://ftp.sra.ebi.ac.uk/vol1/fastq/SRR291/004/SRR2916634/SRR2916634_2.fastq.gz	SAMN04254729	602298
SRR2916635	PAIRED	https://ftp.sra.ebi.ac.uk/vol1/fastq/SRR291/005/SRR2916635/SRR2916635_1.fastq.gz	https://ftp.sra.ebi.ac.uk/vol1/fastq/SRR291/005/SRR2916635/SRR2916635_2.fastq.gz	SAMN04254730	417329
SRR2916636	PAIRED	https://ftp.sra.ebi.ac.uk/vol1/fastq/SRR291/006/SRR2916636/SRR2916636_1.fastq.gz	https://ftp.sra.ebi.ac.uk/vol1/fastq/SRR291/006/SRR2916636/SRR2916636_2.fastq.gz	SAMN04254731	645423
SRR2916656	PAIRED	https://ftp.sra.ebi.ac.uk/vol1/fastq/SRR291/006/SRR2916656/SRR2916656_1.fastq.gz	https://ftp.sra.ebi.ac.uk/vol1/fastq/SRR291/006/SRR2916656/SRR2916656_2.fastq.gz	SAMN04254727	2090247
SRR29202109	PAIRED	https://ftp.sra.ebi.ac.uk/vol1/fastq/SRR292/009/SRR29202109/SRR29202109_1.fastq.gz	https://ftp.sra.ebi.ac.uk/vol1/fastq/SRR292/009/SRR29202109/SRR29202109_2.fastq.gz	SAMN41558526	1478205
SRR29202112	PAIRED	https://ftp.sra.ebi.ac.uk/vol1/fastq/SRR292/012/SRR29202112/SRR29202112_1.fastq.gz	https://ftp.sra.ebi.ac.uk/vol1/fastq/SRR292/012/SRR29202112/SRR29202112_2.fastq.gz	SAMN41558524	1207011
SRR29202117	PAIRED	https://ftp.sra.ebi.ac.uk/vol1/fastq/SRR292/017/SRR29202117/SRR29202117_1.fastq.gz	https://ftp.sra.ebi.ac.uk/vol1/fastq/SRR292/017/SRR29202117/SRR29202117_2.fastq.gz	SAMN41558519	1491597
SRR29202120	PAIRED	https://ftp.sra.ebi.ac.uk/vol1/fastq/SRR292/020/SRR29202120/SRR29202120_1.fastq.gz	https://ftp.sra.ebi.ac.uk/vol1/fastq/SRR292/020/SRR29202120/SRR29202120_2.fastq.gz	SAMN41558516	1025408
SRR29202135	PAIRED	https://ftp.sra.ebi.ac.uk/vol1/fastq/SRR292/035/SRR29202135/SRR29202135_1.fastq.gz	https://ftp.sra.ebi.ac.uk/vol1/fastq/SRR292/035/SRR29202135/SRR29202135_2.fastq.gz	SAMN41558532	1751046
SRR29202140	PAIRED	https://ftp.sra.ebi.ac.uk/vol1/fastq/SRR292/040/SRR29202140/SRR29202140_1.fastq.gz	https://ftp.sra.ebi.ac.uk/vol1/fastq/SRR292/040/SRR29202140/SRR29202140_2.fastq.gz	SAMN41558513	1052113
SRR29202142	PAIRED	https://ftp.sra.ebi.ac.uk/vol1/fastq/SRR292/042/SRR29202142/SRR29202142_1.fastq.gz	https://ftp.sra.ebi.ac.uk/vol1/fastq/SRR292/042/SRR29202142/SRR29202142_2.fastq.gz	SAMN41558511	513320
SRR29202144	PAIRED	https://ftp.sra.ebi.ac.uk/vol1/fastq/SRR292/044/SRR29202144/SRR29202144_1.fastq.gz	https://ftp.sra.ebi.ac.uk/vol1/fastq/SRR292/044/SRR29202144/SRR29202144_2.fastq.gz	SAMN41558509	799755
SRR29202145	PAIRED	https://ftp.sra.ebi.ac.uk/vol1/fastq/SRR292/045/SRR29202145/SRR29202145_1.fastq.gz	https://ftp.sra.ebi.ac.uk/vol1/fastq/SRR292/045/SRR29202145/SRR29202145_2.fastq.gz	SAMN41558508	730942
SRR29202146	PAIRED	https://ftp.sra.ebi.ac.uk/vol1/fastq/SRR292/046/SRR29202146/SRR29202146_1.fastq.gz	https://ftp.sra.ebi.ac.uk/vol1/fastq/SRR292/046/SRR29202146/SRR29202146_2.fastq.gz	SAMN41558507	934637
SRR29202150	PAIRED	https://ftp.sra.ebi.ac.uk/vol1/fastq/SRR292/050/SRR29202150/SRR29202150_1.fastq.gz	https://ftp.sra.ebi.ac.uk/vol1/fastq/SRR292/050/SRR29202150/SRR29202150_2.fastq.gz	SAMN41558504	1033462
SRR29202153	PAIRED	https://ftp.sra.ebi.ac.uk/vol1/fastq/SRR292/053/SRR29202153/SRR29202153_1.fastq.gz	https://ftp.sra.ebi.ac.uk/vol1/fastq/SRR292/053/SRR29202153/SRR29202153_2.fastq.gz	SAMN41558501	1032121
SRR29202157	PAIRED	https://ftp.sra.ebi.ac.uk/vol1/fastq/SRR292/057/SRR29202157/SRR29202157_1.fastq.gz	https://ftp.sra.ebi.ac.uk/vol1/fastq/SRR292/057/SRR29202157/SRR29202157_2.fastq.gz	SAMN41558484	1195064
SRR29202158	PAIRED	https://ftp.sra.ebi.ac.uk/vol1/fastq/SRR292/058/SRR29202158/SRR29202158_1.fastq.gz	https://ftp.sra.ebi.ac.uk/vol1/fastq/SRR292/058/SRR29202158/SRR29202158_2.fastq.gz	SAMN41558555	603163
SRR29202159	PAIRED	https://ftp.sra.ebi.ac.uk/vol1/fastq/SRR292/059/SRR29202159/SRR29202159_1.fastq.gz	https://ftp.sra.ebi.ac.uk/vol1/fastq/SRR292/059/SRR29202159/SRR29202159_2.fastq.gz	SAMN41558554	800585
SRR29202160	PAIRED	https://ftp.sra.ebi.ac.uk/vol1/fastq/SRR292/060/SRR29202160/SRR29202160_1.fastq.gz	https://ftp.sra.ebi.ac.uk/vol1/fastq/SRR292/060/SRR29202160/SRR29202160_2.fastq.gz	SAMN41558553	702249
SRR29202161	PAIRED	https://ftp.sra.ebi.ac.uk/vol1/fastq/SRR292/061/SRR29202161/SRR29202161_1.fastq.gz	https://ftp.sra.ebi.ac.uk/vol1/fastq/SRR292/061/SRR29202161/SRR29202161_2.fastq.gz	SAMN41558552	761821
SRR29202162	PAIRED	https://ftp.sra.ebi.ac.uk/vol1/fastq/SRR292/062/SRR29202162/SRR29202162_1.fastq.gz	https://ftp.sra.ebi.ac.uk/vol1/fastq/SRR292/062/SRR29202162/SRR29202162_2.fastq.gz	SAMN41558551	1629085
SRR29202164	PAIRED	https://ftp.sra.ebi.ac.uk/vol1/fastq/SRR292/064/SRR29202164/SRR29202164_1.fastq.gz	https://ftp.sra.ebi.ac.uk/vol1/fastq/SRR292/064/SRR29202164/SRR29202164_2.fastq.gz	SAMN41558549	913260
SRR29202165	PAIRED	https://ftp.sra.ebi.ac.uk/vol1/fastq/SRR292/065/SRR29202165/SRR29202165_1.fastq.gz	https://ftp.sra.ebi.ac.uk/vol1/fastq/SRR292/065/SRR29202165/SRR29202165_2.fastq.gz	SAMN41558548	1672259
SRR29202166	PAIRED	https://ftp.sra.ebi.ac.uk/vol1/fastq/SRR292/066/SRR29202166/SRR29202166_1.fastq.gz	https://ftp.sra.ebi.ac.uk/vol1/fastq/SRR292/066/SRR29202166/SRR29202166_2.fastq.gz	SAMN41558547	1469620
SRR29202169	PAIRED	https://ftp.sra.ebi.ac.uk/vol1/fastq/SRR292/069/SRR29202169/SRR29202169_1.fastq.gz	https://ftp.sra.ebi.ac.uk/vol1/fastq/SRR292/069/SRR29202169/SRR29202169_2.fastq.gz	SAMN41558545	592766
SRR29202172	PAIRED	https://ftp.sra.ebi.ac.uk/vol1/fastq/SRR292/072/SRR29202172/SRR29202172_1.fastq.gz	https://ftp.sra.ebi.ac.uk/vol1/fastq/SRR292/072/SRR29202172/SRR29202172_2.fastq.gz	SAMN41558498	1686014
SRR29202177	PAIRED	https://ftp.sra.ebi.ac.uk/vol1/fastq/SRR292/077/SRR29202177/SRR29202177_1.fastq.gz	https://ftp.sra.ebi.ac.uk/vol1/fastq/SRR292/077/SRR29202177/SRR29202177_2.fastq.gz	SAMN41558494	1464926
SRR29202178	PAIRED	https://ftp.sra.ebi.ac.uk/vol1/fastq/SRR292/078/SRR29202178/SRR29202178_1.fastq.gz	https://ftp.sra.ebi.ac.uk/vol1/fastq/SRR292/078/SRR29202178/SRR29202178_2.fastq.gz	SAMN41558493	927870
SRR29202179	PAIRED	https://ftp.sra.ebi.ac.uk/vol1/fastq/SRR292/079/SRR29202179/SRR29202179_1.fastq.gz	https://ftp.sra.ebi.ac.uk/vol1/fastq/SRR292/079/SRR29202179/SRR29202179_2.fastq.gz	SAMN41558492	1424244
SRR29202182	PAIRED	https://ftp.sra.ebi.ac.uk/vol1/fastq/SRR292/082/SRR29202182/SRR29202182_1.fastq.gz	https://ftp.sra.ebi.ac.uk/vol1/fastq/SRR292/082/SRR29202182/SRR29202182_2.fastq.gz	SAMN41558489	1507479
SRR2954965	PAIRED	https://ftp.sra.ebi.ac.uk/vol1/fastq/SRR295/005/SRR2954965/SRR2954965_1.fastq.gz	https://ftp.sra.ebi.ac.uk/vol1/fastq/SRR295/005/SRR2954965/SRR2954965_2.fastq.gz	SAMN04252827	908383
SRR29765747	PAIRED	https://ftp.sra.ebi.ac.uk/vol1/fastq/SRR297/047/SRR29765747/SRR29765747_1.fastq.gz	https://ftp.sra.ebi.ac.uk/vol1/fastq/SRR297/047/SRR29765747/SRR29765747_2.fastq.gz	SAMN42396291	1008807
SRR29765757	PAIRED	https://ftp.sra.ebi.ac.uk/vol1/fastq/SRR297/057/SRR29765757/SRR29765757_1.fastq.gz	https://ftp.sra.ebi.ac.uk/vol1/fastq/SRR297/057/SRR29765757/SRR29765757_2.fastq.gz	SAMN42396282	1329116
SRR29765760	PAIRED	https://ftp.sra.ebi.ac.uk/vol1/fastq/SRR297/060/SRR29765760/SRR29765760_1.fastq.gz	https://ftp.sra.ebi.ac.uk/vol1/fastq/SRR297/060/SRR29765760/SRR29765760_2.fastq.gz	SAMN42396279	1590120
SRR2976831	PAIRED	https://ftp.sra.ebi.ac.uk/vol1/fastq/SRR297/001/SRR2976831/SRR2976831_1.fastq.gz	https://ftp.sra.ebi.ac.uk/vol1/fastq/SRR297/001/SRR2976831/SRR2976831_2.fastq.gz	SAMN04022941	242987
SRR3057118	PAIRED	https://ftp.sra.ebi.ac.uk/vol1/fastq/SRR305/008/SRR3057118/SRR3057118_1.fastq.gz	https://ftp.sra.ebi.ac.uk/vol1/fastq/SRR305/008/SRR3057118/SRR3057118_2.fastq.gz	SAMN04339712	1156196
SRR3112200	PAIRED	https://ftp.sra.ebi.ac.uk/vol1/fastq/SRR311/000/SRR3112200/SRR3112200_1.fastq.gz	https://ftp.sra.ebi.ac.uk/vol1/fastq/SRR311/000/SRR3112200/SRR3112200_2.fastq.gz	SAMN04432977	6835726
SRR3112201	PAIRED	https://ftp.sra.ebi.ac.uk/vol1/fastq/SRR311/001/SRR3112201/SRR3112201_1.fastq.gz	https://ftp.sra.ebi.ac.uk/vol1/fastq/SRR311/001/SRR3112201/SRR3112201_2.fastq.gz	SAMN04432978	6283265
SRR3112205	PAIRED	https://ftp.sra.ebi.ac.uk/vol1/fastq/SRR311/005/SRR3112205/SRR3112205_1.fastq.gz	https://ftp.sra.ebi.ac.uk/vol1/fastq/SRR311/005/SRR3112205/SRR3112205_2.fastq.gz	SAMN04432982	6740277
SRR3112206	PAIRED	https://ftp.sra.ebi.ac.uk/vol1/fastq/SRR311/006/SRR3112206/SRR3112206_1.fastq.gz	https://ftp.sra.ebi.ac.uk/vol1/fastq/SRR311/006/SRR3112206/SRR3112206_2.fastq.gz	SAMN04432983	6795712
SRR3112302	PAIRED	https://ftp.sra.ebi.ac.uk/vol1/fastq/SRR311/002/SRR3112302/SRR3112302_1.fastq.gz	https://ftp.sra.ebi.ac.uk/vol1/fastq/SRR311/002/SRR3112302/SRR3112302_2.fastq.gz	SAMN04014874	3863047
SRR3112304	PAIRED	https://ftp.sra.ebi.ac.uk/vol1/fastq/SRR311/004/SRR3112304/SRR3112304_1.fastq.gz	https://ftp.sra.ebi.ac.uk/vol1/fastq/SRR311/004/SRR3112304/SRR3112304_2.fastq.gz	SAMN04014876	2298875
SRR3112305	PAIRED	https://ftp.sra.ebi.ac.uk/vol1/fastq/SRR311/005/SRR3112305/SRR3112305_1.fastq.gz	https://ftp.sra.ebi.ac.uk/vol1/fastq/SRR311/005/SRR3112305/SRR3112305_2.fastq.gz	SAMN04014877	3729485
SRR3112306	PAIRED	https://ftp.sra.ebi.ac.uk/vol1/fastq/SRR311/006/SRR3112306/SRR3112306_1.fastq.gz	https://ftp.sra.ebi.ac.uk/vol1/fastq/SRR311/006/SRR3112306/SRR3112306_2.fastq.gz	SAMN04014878	4600639
SRR3112313	PAIRED	https://ftp.sra.ebi.ac.uk/vol1/fastq/SRR311/003/SRR3112313/SRR3112313_1.fastq.gz	https://ftp.sra.ebi.ac.uk/vol1/fastq/SRR311/003/SRR3112313/SRR3112313_2.fastq.gz	SAMN04014886	2886725
SRR3130307	PAIRED	https://ftp.sra.ebi.ac.uk/vol1/fastq/SRR313/007/SRR3130307/SRR3130307_1.fastq.gz	https://ftp.sra.ebi.ac.uk/vol1/fastq/SRR313/007/SRR3130307/SRR3130307_2.fastq.gz	SAMN04445872	885241
SRR3130308	PAIRED	https://ftp.sra.ebi.ac.uk/vol1/fastq/SRR313/008/SRR3130308/SRR3130308_1.fastq.gz	https://ftp.sra.ebi.ac.uk/vol1/fastq/SRR313/008/SRR3130308/SRR3130308_2.fastq.gz	SAMN04445873	841278
SRR3130309	PAIRED	https://ftp.sra.ebi.ac.uk/vol1/fastq/SRR313/009/SRR3130309/SRR3130309_1.fastq.gz	https://ftp.sra.ebi.ac.uk/vol1/fastq/SRR313/009/SRR3130309/SRR3130309_2.fastq.gz	SAMN04445874	966750
SRR3130310	PAIRED	https://ftp.sra.ebi.ac.uk/vol1/fastq/SRR313/000/SRR3130310/SRR3130310_1.fastq.gz	https://ftp.sra.ebi.ac.uk/vol1/fastq/SRR313/000/SRR3130310/SRR3130310_2.fastq.gz	SAMN04445875	1065169
SRR3130311	PAIRED	https://ftp.sra.ebi.ac.uk/vol1/fastq/SRR313/001/SRR3130311/SRR3130311_1.fastq.gz	https://ftp.sra.ebi.ac.uk/vol1/fastq/SRR313/001/SRR3130311/SRR3130311_2.fastq.gz	SAMN04445876	854781
SRR3131127	PAIRED	https://ftp.sra.ebi.ac.uk/vol1/fastq/SRR313/007/SRR3131127/SRR3131127_1.fastq.gz	https://ftp.sra.ebi.ac.uk/vol1/fastq/SRR313/007/SRR3131127/SRR3131127_2.fastq.gz	SAMN04446435	1663207
SRR3131130	PAIRED	https://ftp.sra.ebi.ac.uk/vol1/fastq/SRR313/000/SRR3131130/SRR3131130_1.fastq.gz	https://ftp.sra.ebi.ac.uk/vol1/fastq/SRR313/000/SRR3131130/SRR3131130_2.fastq.gz	SAMN04446436	1518356
SRR3131131	PAIRED	https://ftp.sra.ebi.ac.uk/vol1/fastq/SRR313/001/SRR3131131/SRR3131131_1.fastq.gz	https://ftp.sra.ebi.ac.uk/vol1/fastq/SRR313/001/SRR3131131/SRR3131131_2.fastq.gz	SAMN04446437	1834524
SRR3131132	PAIRED	https://ftp.sra.ebi.ac.uk/vol1/fastq/SRR313/002/SRR3131132/SRR3131132_1.fastq.gz	https://ftp.sra.ebi.ac.uk/vol1/fastq/SRR313/002/SRR3131132/SRR3131132_2.fastq.gz	SAMN04446438	1447932
SRR3131145	PAIRED	https://ftp.sra.ebi.ac.uk/vol1/fastq/SRR313/005/SRR3131145/SRR3131145_1.fastq.gz	https://ftp.sra.ebi.ac.uk/vol1/fastq/SRR313/005/SRR3131145/SRR3131145_2.fastq.gz	SAMN04446439	1339727
SRR3131146	PAIRED	https://ftp.sra.ebi.ac.uk/vol1/fastq/SRR313/006/SRR3131146/SRR3131146_1.fastq.gz	https://ftp.sra.ebi.ac.uk/vol1/fastq/SRR313/006/SRR3131146/SRR3131146_2.fastq.gz	SAMN04446440	1425418
SRR3131147	PAIRED	https://ftp.sra.ebi.ac.uk/vol1/fastq/SRR313/007/SRR3131147/SRR3131147_1.fastq.gz	https://ftp.sra.ebi.ac.uk/vol1/fastq/SRR313/007/SRR3131147/SRR3131147_2.fastq.gz	SAMN04446441	1483245
SRR3131148	PAIRED	https://ftp.sra.ebi.ac.uk/vol1/fastq/SRR313/008/SRR3131148/SRR3131148_1.fastq.gz	https://ftp.sra.ebi.ac.uk/vol1/fastq/SRR313/008/SRR3131148/SRR3131148_2.fastq.gz	SAMN04446442	1409225
SRR3131149	PAIRED	https://ftp.sra.ebi.ac.uk/vol1/fastq/SRR313/009/SRR3131149/SRR3131149_1.fastq.gz	https://ftp.sra.ebi.ac.uk/vol1/fastq/SRR313/009/SRR3131149/SRR3131149_2.fastq.gz	SAMN04446443	1428356
SRR3131150	PAIRED	https://ftp.sra.ebi.ac.uk/vol1/fastq/SRR313/000/SRR3131150/SRR3131150_1.fastq.gz	https://ftp.sra.ebi.ac.uk/vol1/fastq/SRR313/000/SRR3131150/SRR3131150_2.fastq.gz	SAMN04446444	1487855
SRR3131151	PAIRED	https://ftp.sra.ebi.ac.uk/vol1/fastq/SRR313/001/SRR3131151/SRR3131151_1.fastq.gz	https://ftp.sra.ebi.ac.uk/vol1/fastq/SRR313/001/SRR3131151/SRR3131151_2.fastq.gz	SAMN04446445	1370983
SRR3131152	PAIRED	https://ftp.sra.ebi.ac.uk/vol1/fastq/SRR313/002/SRR3131152/SRR3131152_1.fastq.gz	https://ftp.sra.ebi.ac.uk/vol1/fastq/SRR313/002/SRR3131152/SRR3131152_2.fastq.gz	SAMN04446446	1368534
SRR3131153	PAIRED	https://ftp.sra.ebi.ac.uk/vol1/fastq/SRR313/003/SRR3131153/SRR3131153_1.fastq.gz	https://ftp.sra.ebi.ac.uk/vol1/fastq/SRR313/003/SRR3131153/SRR3131153_2.fastq.gz	SAMN04446447	1420603
SRR3131154	PAIRED	https://ftp.sra.ebi.ac.uk/vol1/fastq/SRR313/004/SRR3131154/SRR3131154_1.fastq.gz	https://ftp.sra.ebi.ac.uk/vol1/fastq/SRR313/004/SRR3131154/SRR3131154_2.fastq.gz	SAMN04446448	1528683
SRR3131155	PAIRED	https://ftp.sra.ebi.ac.uk/vol1/fastq/SRR313/005/SRR3131155/SRR3131155_1.fastq.gz	https://ftp.sra.ebi.ac.uk/vol1/fastq/SRR313/005/SRR3131155/SRR3131155_2.fastq.gz	SAMN04446449	1455058
SRR3131156	PAIRED	https://ftp.sra.ebi.ac.uk/vol1/fastq/SRR313/006/SRR3131156/SRR3131156_1.fastq.gz	https://ftp.sra.ebi.ac.uk/vol1/fastq/SRR313/006/SRR3131156/SRR3131156_2.fastq.gz	SAMN04446450	1396635
SRR3131157	PAIRED	https://ftp.sra.ebi.ac.uk/vol1/fastq/SRR313/007/SRR3131157/SRR3131157_1.fastq.gz	https://ftp.sra.ebi.ac.uk/vol1/fastq/SRR313/007/SRR3131157/SRR3131157_2.fastq.gz	SAMN04446451	1072309
SRR3131158	PAIRED	https://ftp.sra.ebi.ac.uk/vol1/fastq/SRR313/008/SRR3131158/SRR3131158_1.fastq.gz	https://ftp.sra.ebi.ac.uk/vol1/fastq/SRR313/008/SRR3131158/SRR3131158_2.fastq.gz	SAMN04446452	609666
SRR3131159	PAIRED	https://ftp.sra.ebi.ac.uk/vol1/fastq/SRR313/009/SRR3131159/SRR3131159_1.fastq.gz	https://ftp.sra.ebi.ac.uk/vol1/fastq/SRR313/009/SRR3131159/SRR3131159_2.fastq.gz	SAMN04446453	873372
SRR3131162	PAIRED	https://ftp.sra.ebi.ac.uk/vol1/fastq/SRR313/002/SRR3131162/SRR3131162_1.fastq.gz	https://ftp.sra.ebi.ac.uk/vol1/fastq/SRR313/002/SRR3131162/SRR3131162_2.fastq.gz	SAMN04446456	1197763
SRR3131163	PAIRED	https://ftp.sra.ebi.ac.uk/vol1/fastq/SRR313/003/SRR3131163/SRR3131163_1.fastq.gz	https://ftp.sra.ebi.ac.uk/vol1/fastq/SRR313/003/SRR3131163/SRR3131163_2.fastq.gz	SAMN04446457	1141511
SRR3131164	PAIRED	https://ftp.sra.ebi.ac.uk/vol1/fastq/SRR313/004/SRR3131164/SRR3131164_1.fastq.gz	https://ftp.sra.ebi.ac.uk/vol1/fastq/SRR313/004/SRR3131164/SRR3131164_2.fastq.gz	SAMN04446458	1056604
SRR3131165	PAIRED	https://ftp.sra.ebi.ac.uk/vol1/fastq/SRR313/005/SRR3131165/SRR3131165_1.fastq.gz	https://ftp.sra.ebi.ac.uk/vol1/fastq/SRR313/005/SRR3131165/SRR3131165_2.fastq.gz	SAMN04446459	933096
SRR3131166	PAIRED	https://ftp.sra.ebi.ac.uk/vol1/fastq/SRR313/006/SRR3131166/SRR3131166_1.fastq.gz	https://ftp.sra.ebi.ac.uk/vol1/fastq/SRR313/006/SRR3131166/SRR3131166_2.fastq.gz	SAMN04446460	1072528
SRR3131167	PAIRED	https://ftp.sra.ebi.ac.uk/vol1/fastq/SRR313/007/SRR3131167/SRR3131167_1.fastq.gz	https://ftp.sra.ebi.ac.uk/vol1/fastq/SRR313/007/SRR3131167/SRR3131167_2.fastq.gz	SAMN04446461	1055091
SRR3131168	PAIRED	https://ftp.sra.ebi.ac.uk/vol1/fastq/SRR313/008/SRR3131168/SRR3131168_1.fastq.gz	https://ftp.sra.ebi.ac.uk/vol1/fastq/SRR313/008/SRR3131168/SRR3131168_2.fastq.gz	SAMN04446462	1186701
SRR3131169	PAIRED	https://ftp.sra.ebi.ac.uk/vol1/fastq/SRR313/009/SRR3131169/SRR3131169_1.fastq.gz	https://ftp.sra.ebi.ac.uk/vol1/fastq/SRR313/009/SRR3131169/SRR3131169_2.fastq.gz	SAMN04446463	1160668
SRR3131170	PAIRED	https://ftp.sra.ebi.ac.uk/vol1/fastq/SRR313/000/SRR3131170/SRR3131170_1.fastq.gz	https://ftp.sra.ebi.ac.uk/vol1/fastq/SRR313/000/SRR3131170/SRR3131170_2.fastq.gz	SAMN04446464	1103367
SRR3131171	PAIRED	https://ftp.sra.ebi.ac.uk/vol1/fastq/SRR313/001/SRR3131171/SRR3131171_1.fastq.gz	https://ftp.sra.ebi.ac.uk/vol1/fastq/SRR313/001/SRR3131171/SRR3131171_2.fastq.gz	SAMN04446465	892262
SRR3131172	PAIRED	https://ftp.sra.ebi.ac.uk/vol1/fastq/SRR313/002/SRR3131172/SRR3131172_1.fastq.gz	https://ftp.sra.ebi.ac.uk/vol1/fastq/SRR313/002/SRR3131172/SRR3131172_2.fastq.gz	SAMN04446466	1034661
SRR3131173	PAIRED	https://ftp.sra.ebi.ac.uk/vol1/fastq/SRR313/003/SRR3131173/SRR3131173_1.fastq.gz	https://ftp.sra.ebi.ac.uk/vol1/fastq/SRR313/003/SRR3131173/SRR3131173_2.fastq.gz	SAMN04446467	1019511
SRR3131206	PAIRED	https://ftp.sra.ebi.ac.uk/vol1/fastq/SRR313/006/SRR3131206/SRR3131206_1.fastq.gz	https://ftp.sra.ebi.ac.uk/vol1/fastq/SRR313/006/SRR3131206/SRR3131206_2.fastq.gz	SAMN04446468	1079728
SRR3131207	PAIRED	https://ftp.sra.ebi.ac.uk/vol1/fastq/SRR313/007/SRR3131207/SRR3131207_1.fastq.gz	https://ftp.sra.ebi.ac.uk/vol1/fastq/SRR313/007/SRR3131207/SRR3131207_2.fastq.gz	SAMN04446469	970283
SRR3131208	PAIRED	https://ftp.sra.ebi.ac.uk/vol1/fastq/SRR313/008/SRR3131208/SRR3131208_1.fastq.gz	https://ftp.sra.ebi.ac.uk/vol1/fastq/SRR313/008/SRR3131208/SRR3131208_2.fastq.gz	SAMN04446470	1068674
SRR3131209	PAIRED	https://ftp.sra.ebi.ac.uk/vol1/fastq/SRR313/009/SRR3131209/SRR3131209_1.fastq.gz	https://ftp.sra.ebi.ac.uk/vol1/fastq/SRR313/009/SRR3131209/SRR3131209_2.fastq.gz	SAMN04446471	1220084
SRR3131210	PAIRED	https://ftp.sra.ebi.ac.uk/vol1/fastq/SRR313/000/SRR3131210/SRR3131210_1.fastq.gz	https://ftp.sra.ebi.ac.uk/vol1/fastq/SRR313/000/SRR3131210/SRR3131210_2.fastq.gz	SAMN04446472	1007867
SRR3131211	PAIRED	https://ftp.sra.ebi.ac.uk/vol1/fastq/SRR313/001/SRR3131211/SRR3131211_1.fastq.gz	https://ftp.sra.ebi.ac.uk/vol1/fastq/SRR313/001/SRR3131211/SRR3131211_2.fastq.gz	SAMN04446473	1255989
SRR3131212	PAIRED	https://ftp.sra.ebi.ac.uk/vol1/fastq/SRR313/002/SRR3131212/SRR3131212_1.fastq.gz	https://ftp.sra.ebi.ac.uk/vol1/fastq/SRR313/002/SRR3131212/SRR3131212_2.fastq.gz	SAMN04446474	1161550
SRR3131213	PAIRED	https://ftp.sra.ebi.ac.uk/vol1/fastq/SRR313/003/SRR3131213/SRR3131213_1.fastq.gz	https://ftp.sra.ebi.ac.uk/vol1/fastq/SRR313/003/SRR3131213/SRR3131213_2.fastq.gz	SAMN04446475	1196796
SRR3131214	PAIRED	https://ftp.sra.ebi.ac.uk/vol1/fastq/SRR313/004/SRR3131214/SRR3131214_1.fastq.gz	https://ftp.sra.ebi.ac.uk/vol1/fastq/SRR313/004/SRR3131214/SRR3131214_2.fastq.gz	SAMN04446476	1196896
SRR3131215	PAIRED	https://ftp.sra.ebi.ac.uk/vol1/fastq/SRR313/005/SRR3131215/SRR3131215_1.fastq.gz	https://ftp.sra.ebi.ac.uk/vol1/fastq/SRR313/005/SRR3131215/SRR3131215_2.fastq.gz	SAMN04446477	1236433
SRR3131216	PAIRED	https://ftp.sra.ebi.ac.uk/vol1/fastq/SRR313/006/SRR3131216/SRR3131216_1.fastq.gz	https://ftp.sra.ebi.ac.uk/vol1/fastq/SRR313/006/SRR3131216/SRR3131216_2.fastq.gz	SAMN04446520	1112478
SRR3131217	PAIRED	https://ftp.sra.ebi.ac.uk/vol1/fastq/SRR313/007/SRR3131217/SRR3131217_1.fastq.gz	https://ftp.sra.ebi.ac.uk/vol1/fastq/SRR313/007/SRR3131217/SRR3131217_2.fastq.gz	SAMN04446538	1188826
SRR3131219	PAIRED	https://ftp.sra.ebi.ac.uk/vol1/fastq/SRR313/009/SRR3131219/SRR3131219_1.fastq.gz	https://ftp.sra.ebi.ac.uk/vol1/fastq/SRR313/009/SRR3131219/SRR3131219_2.fastq.gz	SAMN04446540	1042490
SRR3131220	PAIRED	https://ftp.sra.ebi.ac.uk/vol1/fastq/SRR313/000/SRR3131220/SRR3131220_1.fastq.gz	https://ftp.sra.ebi.ac.uk/vol1/fastq/SRR313/000/SRR3131220/SRR3131220_2.fastq.gz	SAMN04446541	1170282
SRR3131221	PAIRED	https://ftp.sra.ebi.ac.uk/vol1/fastq/SRR313/001/SRR3131221/SRR3131221_1.fastq.gz	https://ftp.sra.ebi.ac.uk/vol1/fastq/SRR313/001/SRR3131221/SRR3131221_2.fastq.gz	SAMN04446542	1094106
SRR3131222	PAIRED	https://ftp.sra.ebi.ac.uk/vol1/fastq/SRR313/002/SRR3131222/SRR3131222_1.fastq.gz	https://ftp.sra.ebi.ac.uk/vol1/fastq/SRR313/002/SRR3131222/SRR3131222_2.fastq.gz	SAMN04446543	1119445
SRR3131223	PAIRED	https://ftp.sra.ebi.ac.uk/vol1/fastq/SRR313/003/SRR3131223/SRR3131223_1.fastq.gz	https://ftp.sra.ebi.ac.uk/vol1/fastq/SRR313/003/SRR3131223/SRR3131223_2.fastq.gz	SAMN04446544	780842
SRR3131224	PAIRED	https://ftp.sra.ebi.ac.uk/vol1/fastq/SRR313/004/SRR3131224/SRR3131224_1.fastq.gz	https://ftp.sra.ebi.ac.uk/vol1/fastq/SRR313/004/SRR3131224/SRR3131224_2.fastq.gz	SAMN04446545	1015581
SRR3131225	PAIRED	https://ftp.sra.ebi.ac.uk/vol1/fastq/SRR313/005/SRR3131225/SRR3131225_1.fastq.gz	https://ftp.sra.ebi.ac.uk/vol1/fastq/SRR313/005/SRR3131225/SRR3131225_2.fastq.gz	SAMN04446546	1144809
SRR3131226	PAIRED	https://ftp.sra.ebi.ac.uk/vol1/fastq/SRR313/006/SRR3131226/SRR3131226_1.fastq.gz	https://ftp.sra.ebi.ac.uk/vol1/fastq/SRR313/006/SRR3131226/SRR3131226_2.fastq.gz	SAMN04446547	1052362
SRR3131227	PAIRED	https://ftp.sra.ebi.ac.uk/vol1/fastq/SRR313/007/SRR3131227/SRR3131227_1.fastq.gz	https://ftp.sra.ebi.ac.uk/vol1/fastq/SRR313/007/SRR3131227/SRR3131227_2.fastq.gz	SAMN04446548	656697
SRR3131228	PAIRED	https://ftp.sra.ebi.ac.uk/vol1/fastq/SRR313/008/SRR3131228/SRR3131228_1.fastq.gz	https://ftp.sra.ebi.ac.uk/vol1/fastq/SRR313/008/SRR3131228/SRR3131228_2.fastq.gz	SAMN04446549	1032859
SRR3131229	PAIRED	https://ftp.sra.ebi.ac.uk/vol1/fastq/SRR313/009/SRR3131229/SRR3131229_1.fastq.gz	https://ftp.sra.ebi.ac.uk/vol1/fastq/SRR313/009/SRR3131229/SRR3131229_2.fastq.gz	SAMN04446550	992783
SRR3131230	PAIRED	https://ftp.sra.ebi.ac.uk/vol1/fastq/SRR313/000/SRR3131230/SRR3131230_1.fastq.gz	https://ftp.sra.ebi.ac.uk/vol1/fastq/SRR313/000/SRR3131230/SRR3131230_2.fastq.gz	SAMN04446551	998555
SRR3131234	PAIRED	https://ftp.sra.ebi.ac.uk/vol1/fastq/SRR313/004/SRR3131234/SRR3131234_1.fastq.gz	https://ftp.sra.ebi.ac.uk/vol1/fastq/SRR313/004/SRR3131234/SRR3131234_2.fastq.gz	SAMN04446555	1468638
SRR3131235	PAIRED	https://ftp.sra.ebi.ac.uk/vol1/fastq/SRR313/005/SRR3131235/SRR3131235_1.fastq.gz	https://ftp.sra.ebi.ac.uk/vol1/fastq/SRR313/005/SRR3131235/SRR3131235_2.fastq.gz	SAMN04446556	1132376
SRR3131236	PAIRED	https://ftp.sra.ebi.ac.uk/vol1/fastq/SRR313/006/SRR3131236/SRR3131236_1.fastq.gz	https://ftp.sra.ebi.ac.uk/vol1/fastq/SRR313/006/SRR3131236/SRR3131236_2.fastq.gz	SAMN04446557	1142673
SRR3131237	PAIRED	https://ftp.sra.ebi.ac.uk/vol1/fastq/SRR313/007/SRR3131237/SRR3131237_1.fastq.gz	https://ftp.sra.ebi.ac.uk/vol1/fastq/SRR313/007/SRR3131237/SRR3131237_2.fastq.gz	SAMN04446558	1116549
SRR3131238	PAIRED	https://ftp.sra.ebi.ac.uk/vol1/fastq/SRR313/008/SRR3131238/SRR3131238_1.fastq.gz	https://ftp.sra.ebi.ac.uk/vol1/fastq/SRR313/008/SRR3131238/SRR3131238_2.fastq.gz	SAMN04446559	1166955
SRR3131239	PAIRED	https://ftp.sra.ebi.ac.uk/vol1/fastq/SRR313/009/SRR3131239/SRR3131239_1.fastq.gz	https://ftp.sra.ebi.ac.uk/vol1/fastq/SRR313/009/SRR3131239/SRR3131239_2.fastq.gz	SAMN04446560	1049657
SRR3131240	PAIRED	https://ftp.sra.ebi.ac.uk/vol1/fastq/SRR313/000/SRR3131240/SRR3131240_1.fastq.gz	https://ftp.sra.ebi.ac.uk/vol1/fastq/SRR313/000/SRR3131240/SRR3131240_2.fastq.gz	SAMN04446535	1536442
SRR3133084	PAIRED	https://ftp.sra.ebi.ac.uk/vol1/fastq/SRR313/004/SRR3133084/SRR3133084_1.fastq.gz	https://ftp.sra.ebi.ac.uk/vol1/fastq/SRR313/004/SRR3133084/SRR3133084_2.fastq.gz	SAMN04447699	1166889
SRR3133085	PAIRED	https://ftp.sra.ebi.ac.uk/vol1/fastq/SRR313/005/SRR3133085/SRR3133085_1.fastq.gz	https://ftp.sra.ebi.ac.uk/vol1/fastq/SRR313/005/SRR3133085/SRR3133085_2.fastq.gz	SAMN04447700	1128961
SRR3133086	PAIRED	https://ftp.sra.ebi.ac.uk/vol1/fastq/SRR313/006/SRR3133086/SRR3133086_1.fastq.gz	https://ftp.sra.ebi.ac.uk/vol1/fastq/SRR313/006/SRR3133086/SRR3133086_2.fastq.gz	SAMN04447701	945509
SRR3133087	PAIRED	https://ftp.sra.ebi.ac.uk/vol1/fastq/SRR313/007/SRR3133087/SRR3133087_1.fastq.gz	https://ftp.sra.ebi.ac.uk/vol1/fastq/SRR313/007/SRR3133087/SRR3133087_2.fastq.gz	SAMN04447702	989492
SRR3133088	PAIRED	https://ftp.sra.ebi.ac.uk/vol1/fastq/SRR313/008/SRR3133088/SRR3133088_1.fastq.gz	https://ftp.sra.ebi.ac.uk/vol1/fastq/SRR313/008/SRR3133088/SRR3133088_2.fastq.gz	SAMN04447703	944439
SRR3133089	PAIRED	https://ftp.sra.ebi.ac.uk/vol1/fastq/SRR313/009/SRR3133089/SRR3133089_1.fastq.gz	https://ftp.sra.ebi.ac.uk/vol1/fastq/SRR313/009/SRR3133089/SRR3133089_2.fastq.gz	SAMN04447704	985383
SRR3133090	PAIRED	https://ftp.sra.ebi.ac.uk/vol1/fastq/SRR313/000/SRR3133090/SRR3133090_1.fastq.gz	https://ftp.sra.ebi.ac.uk/vol1/fastq/SRR313/000/SRR3133090/SRR3133090_2.fastq.gz	SAMN04447705	878214
SRR3133091	PAIRED	https://ftp.sra.ebi.ac.uk/vol1/fastq/SRR313/001/SRR3133091/SRR3133091_1.fastq.gz	https://ftp.sra.ebi.ac.uk/vol1/fastq/SRR313/001/SRR3133091/SRR3133091_2.fastq.gz	SAMN04447706	822872
SRR3133092	PAIRED	https://ftp.sra.ebi.ac.uk/vol1/fastq/SRR313/002/SRR3133092/SRR3133092_1.fastq.gz	https://ftp.sra.ebi.ac.uk/vol1/fastq/SRR313/002/SRR3133092/SRR3133092_2.fastq.gz	SAMN04447707	787090
SRR3133093	PAIRED	https://ftp.sra.ebi.ac.uk/vol1/fastq/SRR313/003/SRR3133093/SRR3133093_1.fastq.gz	https://ftp.sra.ebi.ac.uk/vol1/fastq/SRR313/003/SRR3133093/SRR3133093_2.fastq.gz	SAMN04447708	930181
SRR3133094	PAIRED	https://ftp.sra.ebi.ac.uk/vol1/fastq/SRR313/004/SRR3133094/SRR3133094_1.fastq.gz	https://ftp.sra.ebi.ac.uk/vol1/fastq/SRR313/004/SRR3133094/SRR3133094_2.fastq.gz	SAMN04447709	807520
SRR3133095	PAIRED	https://ftp.sra.ebi.ac.uk/vol1/fastq/SRR313/005/SRR3133095/SRR3133095_1.fastq.gz	https://ftp.sra.ebi.ac.uk/vol1/fastq/SRR313/005/SRR3133095/SRR3133095_2.fastq.gz	SAMN04447710	893297
SRR3133096	PAIRED	https://ftp.sra.ebi.ac.uk/vol1/fastq/SRR313/006/SRR3133096/SRR3133096_1.fastq.gz	https://ftp.sra.ebi.ac.uk/vol1/fastq/SRR313/006/SRR3133096/SRR3133096_2.fastq.gz	SAMN04447711	1268173
SRR3133097	PAIRED	https://ftp.sra.ebi.ac.uk/vol1/fastq/SRR313/007/SRR3133097/SRR3133097_1.fastq.gz	https://ftp.sra.ebi.ac.uk/vol1/fastq/SRR313/007/SRR3133097/SRR3133097_2.fastq.gz	SAMN04447712	1063053
SRR3133098	PAIRED	https://ftp.sra.ebi.ac.uk/vol1/fastq/SRR313/008/SRR3133098/SRR3133098_1.fastq.gz	https://ftp.sra.ebi.ac.uk/vol1/fastq/SRR313/008/SRR3133098/SRR3133098_2.fastq.gz	SAMN04447713	1163073
SRR3133099	PAIRED	https://ftp.sra.ebi.ac.uk/vol1/fastq/SRR313/009/SRR3133099/SRR3133099_1.fastq.gz	https://ftp.sra.ebi.ac.uk/vol1/fastq/SRR313/009/SRR3133099/SRR3133099_2.fastq.gz	SAMN04447714	1028734
SRR3133100	PAIRED	https://ftp.sra.ebi.ac.uk/vol1/fastq/SRR313/000/SRR3133100/SRR3133100_1.fastq.gz	https://ftp.sra.ebi.ac.uk/vol1/fastq/SRR313/000/SRR3133100/SRR3133100_2.fastq.gz	SAMN04447715	1174609
SRR3133101	PAIRED	https://ftp.sra.ebi.ac.uk/vol1/fastq/SRR313/001/SRR3133101/SRR3133101_1.fastq.gz	https://ftp.sra.ebi.ac.uk/vol1/fastq/SRR313/001/SRR3133101/SRR3133101_2.fastq.gz	SAMN04447716	631277
SRR3133102	PAIRED	https://ftp.sra.ebi.ac.uk/vol1/fastq/SRR313/002/SRR3133102/SRR3133102_1.fastq.gz	https://ftp.sra.ebi.ac.uk/vol1/fastq/SRR313/002/SRR3133102/SRR3133102_2.fastq.gz	SAMN04447717	973075
SRR3133103	PAIRED	https://ftp.sra.ebi.ac.uk/vol1/fastq/SRR313/003/SRR3133103/SRR3133103_1.fastq.gz	https://ftp.sra.ebi.ac.uk/vol1/fastq/SRR313/003/SRR3133103/SRR3133103_2.fastq.gz	SAMN04447718	1023293
SRR3133104	PAIRED	https://ftp.sra.ebi.ac.uk/vol1/fastq/SRR313/004/SRR3133104/SRR3133104_1.fastq.gz	https://ftp.sra.ebi.ac.uk/vol1/fastq/SRR313/004/SRR3133104/SRR3133104_2.fastq.gz	SAMN04447719	1197835
SRR3133105	PAIRED	https://ftp.sra.ebi.ac.uk/vol1/fastq/SRR313/005/SRR3133105/SRR3133105_1.fastq.gz	https://ftp.sra.ebi.ac.uk/vol1/fastq/SRR313/005/SRR3133105/SRR3133105_2.fastq.gz	SAMN04447720	1286929
SRR3133106	PAIRED	https://ftp.sra.ebi.ac.uk/vol1/fastq/SRR313/006/SRR3133106/SRR3133106_1.fastq.gz	https://ftp.sra.ebi.ac.uk/vol1/fastq/SRR313/006/SRR3133106/SRR3133106_2.fastq.gz	SAMN04447721	1222118
SRR3133107	PAIRED	https://ftp.sra.ebi.ac.uk/vol1/fastq/SRR313/007/SRR3133107/SRR3133107_1.fastq.gz	https://ftp.sra.ebi.ac.uk/vol1/fastq/SRR313/007/SRR3133107/SRR3133107_2.fastq.gz	SAMN04447722	1198501
SRR3135171	PAIRED	https://ftp.sra.ebi.ac.uk/vol1/fastq/SRR313/001/SRR3135171/SRR3135171_1.fastq.gz	https://ftp.sra.ebi.ac.uk/vol1/fastq/SRR313/001/SRR3135171/SRR3135171_2.fastq.gz	SAMN04448596	546795
SRR3135275	PAIRED	https://ftp.sra.ebi.ac.uk/vol1/fastq/SRR313/005/SRR3135275/SRR3135275_1.fastq.gz	https://ftp.sra.ebi.ac.uk/vol1/fastq/SRR313/005/SRR3135275/SRR3135275_2.fastq.gz	SAMN04448648	444569
SRR3137567	PAIRED	https://ftp.sra.ebi.ac.uk/vol1/fastq/SRR313/007/SRR3137567/SRR3137567_1.fastq.gz	https://ftp.sra.ebi.ac.uk/vol1/fastq/SRR313/007/SRR3137567/SRR3137567_2.fastq.gz	SAMN04450953	676851
SRR3137568	PAIRED	https://ftp.sra.ebi.ac.uk/vol1/fastq/SRR313/008/SRR3137568/SRR3137568_1.fastq.gz	https://ftp.sra.ebi.ac.uk/vol1/fastq/SRR313/008/SRR3137568/SRR3137568_2.fastq.gz	SAMN04450954	631348
SRR3137569	PAIRED	https://ftp.sra.ebi.ac.uk/vol1/fastq/SRR313/009/SRR3137569/SRR3137569_1.fastq.gz	https://ftp.sra.ebi.ac.uk/vol1/fastq/SRR313/009/SRR3137569/SRR3137569_2.fastq.gz	SAMN04450955	584471
SRR3137570	PAIRED	https://ftp.sra.ebi.ac.uk/vol1/fastq/SRR313/000/SRR3137570/SRR3137570_1.fastq.gz	https://ftp.sra.ebi.ac.uk/vol1/fastq/SRR313/000/SRR3137570/SRR3137570_2.fastq.gz	SAMN04450956	653387
SRR3137571	PAIRED	https://ftp.sra.ebi.ac.uk/vol1/fastq/SRR313/001/SRR3137571/SRR3137571_1.fastq.gz	https://ftp.sra.ebi.ac.uk/vol1/fastq/SRR313/001/SRR3137571/SRR3137571_2.fastq.gz	SAMN04450957	717873
SRR3137572	PAIRED	https://ftp.sra.ebi.ac.uk/vol1/fastq/SRR313/002/SRR3137572/SRR3137572_1.fastq.gz	https://ftp.sra.ebi.ac.uk/vol1/fastq/SRR313/002/SRR3137572/SRR3137572_2.fastq.gz	SAMN04450958	766768
SRR3137574	PAIRED	https://ftp.sra.ebi.ac.uk/vol1/fastq/SRR313/004/SRR3137574/SRR3137574_1.fastq.gz	https://ftp.sra.ebi.ac.uk/vol1/fastq/SRR313/004/SRR3137574/SRR3137574_2.fastq.gz	SAMN04450960	664468
SRR3137575	PAIRED	https://ftp.sra.ebi.ac.uk/vol1/fastq/SRR313/005/SRR3137575/SRR3137575_1.fastq.gz	https://ftp.sra.ebi.ac.uk/vol1/fastq/SRR313/005/SRR3137575/SRR3137575_2.fastq.gz	SAMN04450961	731953
SRR3137579	PAIRED	https://ftp.sra.ebi.ac.uk/vol1/fastq/SRR313/009/SRR3137579/SRR3137579_1.fastq.gz	https://ftp.sra.ebi.ac.uk/vol1/fastq/SRR313/009/SRR3137579/SRR3137579_2.fastq.gz	SAMN04450965	538055
SRR3137580	PAIRED	https://ftp.sra.ebi.ac.uk/vol1/fastq/SRR313/000/SRR3137580/SRR3137580_1.fastq.gz	https://ftp.sra.ebi.ac.uk/vol1/fastq/SRR313/000/SRR3137580/SRR3137580_2.fastq.gz	SAMN04450966	586640
SRR3137581	PAIRED	https://ftp.sra.ebi.ac.uk/vol1/fastq/SRR313/001/SRR3137581/SRR3137581_1.fastq.gz	https://ftp.sra.ebi.ac.uk/vol1/fastq/SRR313/001/SRR3137581/SRR3137581_2.fastq.gz	SAMN04450967	774059
SRR3137582	PAIRED	https://ftp.sra.ebi.ac.uk/vol1/fastq/SRR313/002/SRR3137582/SRR3137582_1.fastq.gz	https://ftp.sra.ebi.ac.uk/vol1/fastq/SRR313/002/SRR3137582/SRR3137582_2.fastq.gz	SAMN04450968	743354
SRR3137583	PAIRED	https://ftp.sra.ebi.ac.uk/vol1/fastq/SRR313/003/SRR3137583/SRR3137583_1.fastq.gz	https://ftp.sra.ebi.ac.uk/vol1/fastq/SRR313/003/SRR3137583/SRR3137583_2.fastq.gz	SAMN04450969	646224
SRR3137584	PAIRED	https://ftp.sra.ebi.ac.uk/vol1/fastq/SRR313/004/SRR3137584/SRR3137584_1.fastq.gz	https://ftp.sra.ebi.ac.uk/vol1/fastq/SRR313/004/SRR3137584/SRR3137584_2.fastq.gz	SAMN04450970	746741
SRR3137585	PAIRED	https://ftp.sra.ebi.ac.uk/vol1/fastq/SRR313/005/SRR3137585/SRR3137585_1.fastq.gz	https://ftp.sra.ebi.ac.uk/vol1/fastq/SRR313/005/SRR3137585/SRR3137585_2.fastq.gz	SAMN04450971	600387
SRR3137586	PAIRED	https://ftp.sra.ebi.ac.uk/vol1/fastq/SRR313/006/SRR3137586/SRR3137586_1.fastq.gz	https://ftp.sra.ebi.ac.uk/vol1/fastq/SRR313/006/SRR3137586/SRR3137586_2.fastq.gz	SAMN04450972	705068
SRR3137587	PAIRED	https://ftp.sra.ebi.ac.uk/vol1/fastq/SRR313/007/SRR3137587/SRR3137587_1.fastq.gz	https://ftp.sra.ebi.ac.uk/vol1/fastq/SRR313/007/SRR3137587/SRR3137587_2.fastq.gz	SAMN04450973	618904
SRR3137588	PAIRED	https://ftp.sra.ebi.ac.uk/vol1/fastq/SRR313/008/SRR3137588/SRR3137588_1.fastq.gz	https://ftp.sra.ebi.ac.uk/vol1/fastq/SRR313/008/SRR3137588/SRR3137588_2.fastq.gz	SAMN04450974	661880
SRR3137589	PAIRED	https://ftp.sra.ebi.ac.uk/vol1/fastq/SRR313/009/SRR3137589/SRR3137589_1.fastq.gz	https://ftp.sra.ebi.ac.uk/vol1/fastq/SRR313/009/SRR3137589/SRR3137589_2.fastq.gz	SAMN04450975	611110
SRR3137590	PAIRED	https://ftp.sra.ebi.ac.uk/vol1/fastq/SRR313/000/SRR3137590/SRR3137590_1.fastq.gz	https://ftp.sra.ebi.ac.uk/vol1/fastq/SRR313/000/SRR3137590/SRR3137590_2.fastq.gz	SAMN04450976	542485
SRR3146378	PAIRED	https://ftp.sra.ebi.ac.uk/vol1/fastq/SRR314/008/SRR3146378/SRR3146378_1.fastq.gz	https://ftp.sra.ebi.ac.uk/vol1/fastq/SRR314/008/SRR3146378/SRR3146378_2.fastq.gz	SAMN04457322	895785
SRR3146379	PAIRED	https://ftp.sra.ebi.ac.uk/vol1/fastq/SRR314/009/SRR3146379/SRR3146379_1.fastq.gz	https://ftp.sra.ebi.ac.uk/vol1/fastq/SRR314/009/SRR3146379/SRR3146379_2.fastq.gz	SAMN04457323	1358016
SRR3146380	PAIRED	https://ftp.sra.ebi.ac.uk/vol1/fastq/SRR314/000/SRR3146380/SRR3146380_1.fastq.gz	https://ftp.sra.ebi.ac.uk/vol1/fastq/SRR314/000/SRR3146380/SRR3146380_2.fastq.gz	SAMN04457324	1040342
SRR3146381	PAIRED	https://ftp.sra.ebi.ac.uk/vol1/fastq/SRR314/001/SRR3146381/SRR3146381_1.fastq.gz	https://ftp.sra.ebi.ac.uk/vol1/fastq/SRR314/001/SRR3146381/SRR3146381_2.fastq.gz	SAMN04457325	1042866
SRR3146382	PAIRED	https://ftp.sra.ebi.ac.uk/vol1/fastq/SRR314/002/SRR3146382/SRR3146382_1.fastq.gz	https://ftp.sra.ebi.ac.uk/vol1/fastq/SRR314/002/SRR3146382/SRR3146382_2.fastq.gz	SAMN04457326	1239837
SRR3146383	PAIRED	https://ftp.sra.ebi.ac.uk/vol1/fastq/SRR314/003/SRR3146383/SRR3146383_1.fastq.gz	https://ftp.sra.ebi.ac.uk/vol1/fastq/SRR314/003/SRR3146383/SRR3146383_2.fastq.gz	SAMN04457327	1118816
SRR3146384	PAIRED	https://ftp.sra.ebi.ac.uk/vol1/fastq/SRR314/004/SRR3146384/SRR3146384_1.fastq.gz	https://ftp.sra.ebi.ac.uk/vol1/fastq/SRR314/004/SRR3146384/SRR3146384_2.fastq.gz	SAMN04457328	998233
SRR3146385	PAIRED	https://ftp.sra.ebi.ac.uk/vol1/fastq/SRR314/005/SRR3146385/SRR3146385_1.fastq.gz	https://ftp.sra.ebi.ac.uk/vol1/fastq/SRR314/005/SRR3146385/SRR3146385_2.fastq.gz	SAMN04457329	1179861
SRR3146386	PAIRED	https://ftp.sra.ebi.ac.uk/vol1/fastq/SRR314/006/SRR3146386/SRR3146386_1.fastq.gz	https://ftp.sra.ebi.ac.uk/vol1/fastq/SRR314/006/SRR3146386/SRR3146386_2.fastq.gz	SAMN04457330	974216
SRR3146387	PAIRED	https://ftp.sra.ebi.ac.uk/vol1/fastq/SRR314/007/SRR3146387/SRR3146387_1.fastq.gz	https://ftp.sra.ebi.ac.uk/vol1/fastq/SRR314/007/SRR3146387/SRR3146387_2.fastq.gz	SAMN04457331	1242365
SRR3151888	PAIRED	https://ftp.sra.ebi.ac.uk/vol1/fastq/SRR315/008/SRR3151888/SRR3151888_1.fastq.gz	https://ftp.sra.ebi.ac.uk/vol1/fastq/SRR315/008/SRR3151888/SRR3151888_2.fastq.gz	SAMN04479995	1184866
SRR3151889	PAIRED	https://ftp.sra.ebi.ac.uk/vol1/fastq/SRR315/009/SRR3151889/SRR3151889_1.fastq.gz	https://ftp.sra.ebi.ac.uk/vol1/fastq/SRR315/009/SRR3151889/SRR3151889_2.fastq.gz	SAMN04479996	1074100
SRR3151890	PAIRED	https://ftp.sra.ebi.ac.uk/vol1/fastq/SRR315/000/SRR3151890/SRR3151890_1.fastq.gz	https://ftp.sra.ebi.ac.uk/vol1/fastq/SRR315/000/SRR3151890/SRR3151890_2.fastq.gz	SAMN04479997	1100166
SRR3151891	PAIRED	https://ftp.sra.ebi.ac.uk/vol1/fastq/SRR315/001/SRR3151891/SRR3151891_1.fastq.gz	https://ftp.sra.ebi.ac.uk/vol1/fastq/SRR315/001/SRR3151891/SRR3151891_2.fastq.gz	SAMN04479998	711798
SRR3152160	PAIRED	https://ftp.sra.ebi.ac.uk/vol1/fastq/SRR315/000/SRR3152160/SRR3152160_1.fastq.gz	https://ftp.sra.ebi.ac.uk/vol1/fastq/SRR315/000/SRR3152160/SRR3152160_2.fastq.gz	SAMN04480078	1226874
SRR3152161	PAIRED	https://ftp.sra.ebi.ac.uk/vol1/fastq/SRR315/001/SRR3152161/SRR3152161_1.fastq.gz	https://ftp.sra.ebi.ac.uk/vol1/fastq/SRR315/001/SRR3152161/SRR3152161_2.fastq.gz	SAMN04480079	970944
SRR3152162	PAIRED	https://ftp.sra.ebi.ac.uk/vol1/fastq/SRR315/002/SRR3152162/SRR3152162_1.fastq.gz	https://ftp.sra.ebi.ac.uk/vol1/fastq/SRR315/002/SRR3152162/SRR3152162_2.fastq.gz	SAMN04480080	1046756
SRR3152492	PAIRED	https://ftp.sra.ebi.ac.uk/vol1/fastq/SRR315/002/SRR3152492/SRR3152492_1.fastq.gz	https://ftp.sra.ebi.ac.uk/vol1/fastq/SRR315/002/SRR3152492/SRR3152492_2.fastq.gz	SAMN04480650	661696
SRR3152495	PAIRED	https://ftp.sra.ebi.ac.uk/vol1/fastq/SRR315/005/SRR3152495/SRR3152495_1.fastq.gz	https://ftp.sra.ebi.ac.uk/vol1/fastq/SRR315/005/SRR3152495/SRR3152495_2.fastq.gz	SAMN04480653	621681
SRR3152496	PAIRED	https://ftp.sra.ebi.ac.uk/vol1/fastq/SRR315/006/SRR3152496/SRR3152496_1.fastq.gz	https://ftp.sra.ebi.ac.uk/vol1/fastq/SRR315/006/SRR3152496/SRR3152496_2.fastq.gz	SAMN04480654	619243
SRR3152497	PAIRED	https://ftp.sra.ebi.ac.uk/vol1/fastq/SRR315/007/SRR3152497/SRR3152497_1.fastq.gz	https://ftp.sra.ebi.ac.uk/vol1/fastq/SRR315/007/SRR3152497/SRR3152497_2.fastq.gz	SAMN04480655	673025
SRR3152498	PAIRED	https://ftp.sra.ebi.ac.uk/vol1/fastq/SRR315/008/SRR3152498/SRR3152498_1.fastq.gz	https://ftp.sra.ebi.ac.uk/vol1/fastq/SRR315/008/SRR3152498/SRR3152498_2.fastq.gz	SAMN04480656	725850
SRR3152499	PAIRED	https://ftp.sra.ebi.ac.uk/vol1/fastq/SRR315/009/SRR3152499/SRR3152499_1.fastq.gz	https://ftp.sra.ebi.ac.uk/vol1/fastq/SRR315/009/SRR3152499/SRR3152499_2.fastq.gz	SAMN04480657	626732
SRR3152500	PAIRED	https://ftp.sra.ebi.ac.uk/vol1/fastq/SRR315/000/SRR3152500/SRR3152500_1.fastq.gz	https://ftp.sra.ebi.ac.uk/vol1/fastq/SRR315/000/SRR3152500/SRR3152500_2.fastq.gz	SAMN04480658	648383
SRR3152502	PAIRED	https://ftp.sra.ebi.ac.uk/vol1/fastq/SRR315/002/SRR3152502/SRR3152502_1.fastq.gz	https://ftp.sra.ebi.ac.uk/vol1/fastq/SRR315/002/SRR3152502/SRR3152502_2.fastq.gz	SAMN04480660	675109
SRR3152503	PAIRED	https://ftp.sra.ebi.ac.uk/vol1/fastq/SRR315/003/SRR3152503/SRR3152503_1.fastq.gz	https://ftp.sra.ebi.ac.uk/vol1/fastq/SRR315/003/SRR3152503/SRR3152503_2.fastq.gz	SAMN04480661	612947
SRR3152504	PAIRED	https://ftp.sra.ebi.ac.uk/vol1/fastq/SRR315/004/SRR3152504/SRR3152504_1.fastq.gz	https://ftp.sra.ebi.ac.uk/vol1/fastq/SRR315/004/SRR3152504/SRR3152504_2.fastq.gz	SAMN04480662	600203
SRR3152506	PAIRED	https://ftp.sra.ebi.ac.uk/vol1/fastq/SRR315/006/SRR3152506/SRR3152506_1.fastq.gz	https://ftp.sra.ebi.ac.uk/vol1/fastq/SRR315/006/SRR3152506/SRR3152506_2.fastq.gz	SAMN04480664	519999
SRR3152507	PAIRED	https://ftp.sra.ebi.ac.uk/vol1/fastq/SRR315/007/SRR3152507/SRR3152507_1.fastq.gz	https://ftp.sra.ebi.ac.uk/vol1/fastq/SRR315/007/SRR3152507/SRR3152507_2.fastq.gz	SAMN04480665	530233
SRR3152508	PAIRED	https://ftp.sra.ebi.ac.uk/vol1/fastq/SRR315/008/SRR3152508/SRR3152508_1.fastq.gz	https://ftp.sra.ebi.ac.uk/vol1/fastq/SRR315/008/SRR3152508/SRR3152508_2.fastq.gz	SAMN04480666	601794
SRR3152510	PAIRED	https://ftp.sra.ebi.ac.uk/vol1/fastq/SRR315/000/SRR3152510/SRR3152510_1.fastq.gz	https://ftp.sra.ebi.ac.uk/vol1/fastq/SRR315/000/SRR3152510/SRR3152510_2.fastq.gz	SAMN04480668	657961
SRR3159147	PAIRED	https://ftp.sra.ebi.ac.uk/vol1/fastq/SRR315/007/SRR3159147/SRR3159147_1.fastq.gz	https://ftp.sra.ebi.ac.uk/vol1/fastq/SRR315/007/SRR3159147/SRR3159147_2.fastq.gz	SAMN04482432	1471470
SRR3159148	PAIRED	https://ftp.sra.ebi.ac.uk/vol1/fastq/SRR315/008/SRR3159148/SRR3159148_1.fastq.gz	https://ftp.sra.ebi.ac.uk/vol1/fastq/SRR315/008/SRR3159148/SRR3159148_2.fastq.gz	SAMN04482433	949685
SRR3159149	PAIRED	https://ftp.sra.ebi.ac.uk/vol1/fastq/SRR315/009/SRR3159149/SRR3159149_1.fastq.gz	https://ftp.sra.ebi.ac.uk/vol1/fastq/SRR315/009/SRR3159149/SRR3159149_2.fastq.gz	SAMN04482434	1384593
SRR3159150	PAIRED	https://ftp.sra.ebi.ac.uk/vol1/fastq/SRR315/000/SRR3159150/SRR3159150_1.fastq.gz	https://ftp.sra.ebi.ac.uk/vol1/fastq/SRR315/000/SRR3159150/SRR3159150_2.fastq.gz	SAMN04482435	950469
SRR3159151	PAIRED	https://ftp.sra.ebi.ac.uk/vol1/fastq/SRR315/001/SRR3159151/SRR3159151_1.fastq.gz	https://ftp.sra.ebi.ac.uk/vol1/fastq/SRR315/001/SRR3159151/SRR3159151_2.fastq.gz	SAMN04482436	980828
SRR3159152	PAIRED	https://ftp.sra.ebi.ac.uk/vol1/fastq/SRR315/002/SRR3159152/SRR3159152_1.fastq.gz	https://ftp.sra.ebi.ac.uk/vol1/fastq/SRR315/002/SRR3159152/SRR3159152_2.fastq.gz	SAMN04482437	1088777
SRR3159153	PAIRED	https://ftp.sra.ebi.ac.uk/vol1/fastq/SRR315/003/SRR3159153/SRR3159153_1.fastq.gz	https://ftp.sra.ebi.ac.uk/vol1/fastq/SRR315/003/SRR3159153/SRR3159153_2.fastq.gz	SAMN04482438	984812
SRR3159154	PAIRED	https://ftp.sra.ebi.ac.uk/vol1/fastq/SRR315/004/SRR3159154/SRR3159154_1.fastq.gz	https://ftp.sra.ebi.ac.uk/vol1/fastq/SRR315/004/SRR3159154/SRR3159154_2.fastq.gz	SAMN04482439	1198190
SRR3159155	PAIRED	https://ftp.sra.ebi.ac.uk/vol1/fastq/SRR315/005/SRR3159155/SRR3159155_1.fastq.gz	https://ftp.sra.ebi.ac.uk/vol1/fastq/SRR315/005/SRR3159155/SRR3159155_2.fastq.gz	SAMN04482440	1131584
SRR3159156	PAIRED	https://ftp.sra.ebi.ac.uk/vol1/fastq/SRR315/006/SRR3159156/SRR3159156_1.fastq.gz	https://ftp.sra.ebi.ac.uk/vol1/fastq/SRR315/006/SRR3159156/SRR3159156_2.fastq.gz	SAMN04482441	1021977
SRR3159157	PAIRED	https://ftp.sra.ebi.ac.uk/vol1/fastq/SRR315/007/SRR3159157/SRR3159157_1.fastq.gz	https://ftp.sra.ebi.ac.uk/vol1/fastq/SRR315/007/SRR3159157/SRR3159157_2.fastq.gz	SAMN04482442	1283445
SRR3159158	PAIRED	https://ftp.sra.ebi.ac.uk/vol1/fastq/SRR315/008/SRR3159158/SRR3159158_1.fastq.gz	https://ftp.sra.ebi.ac.uk/vol1/fastq/SRR315/008/SRR3159158/SRR3159158_2.fastq.gz	SAMN04482443	1303290
SRR3159159	PAIRED	https://ftp.sra.ebi.ac.uk/vol1/fastq/SRR315/009/SRR3159159/SRR3159159_1.fastq.gz	https://ftp.sra.ebi.ac.uk/vol1/fastq/SRR315/009/SRR3159159/SRR3159159_2.fastq.gz	SAMN04482444	1067732
SRR3159160	PAIRED	https://ftp.sra.ebi.ac.uk/vol1/fastq/SRR315/000/SRR3159160/SRR3159160_1.fastq.gz	https://ftp.sra.ebi.ac.uk/vol1/fastq/SRR315/000/SRR3159160/SRR3159160_2.fastq.gz	SAMN04482445	733037
SRR3159161	PAIRED	https://ftp.sra.ebi.ac.uk/vol1/fastq/SRR315/001/SRR3159161/SRR3159161_1.fastq.gz	https://ftp.sra.ebi.ac.uk/vol1/fastq/SRR315/001/SRR3159161/SRR3159161_2.fastq.gz	SAMN04482446	840915
SRR3159162	PAIRED	https://ftp.sra.ebi.ac.uk/vol1/fastq/SRR315/002/SRR3159162/SRR3159162_1.fastq.gz	https://ftp.sra.ebi.ac.uk/vol1/fastq/SRR315/002/SRR3159162/SRR3159162_2.fastq.gz	SAMN04482447	880856
SRR3159163	PAIRED	https://ftp.sra.ebi.ac.uk/vol1/fastq/SRR315/003/SRR3159163/SRR3159163_1.fastq.gz	https://ftp.sra.ebi.ac.uk/vol1/fastq/SRR315/003/SRR3159163/SRR3159163_2.fastq.gz	SAMN04482448	820759
SRR3159164	PAIRED	https://ftp.sra.ebi.ac.uk/vol1/fastq/SRR315/004/SRR3159164/SRR3159164_1.fastq.gz	https://ftp.sra.ebi.ac.uk/vol1/fastq/SRR315/004/SRR3159164/SRR3159164_2.fastq.gz	SAMN04482449	555517
SRR3159165	PAIRED	https://ftp.sra.ebi.ac.uk/vol1/fastq/SRR315/005/SRR3159165/SRR3159165_1.fastq.gz	https://ftp.sra.ebi.ac.uk/vol1/fastq/SRR315/005/SRR3159165/SRR3159165_2.fastq.gz	SAMN04482450	572570
SRR3159166	PAIRED	https://ftp.sra.ebi.ac.uk/vol1/fastq/SRR315/006/SRR3159166/SRR3159166_1.fastq.gz	https://ftp.sra.ebi.ac.uk/vol1/fastq/SRR315/006/SRR3159166/SRR3159166_2.fastq.gz	SAMN04482451	959538
SRR3159167	PAIRED	https://ftp.sra.ebi.ac.uk/vol1/fastq/SRR315/007/SRR3159167/SRR3159167_1.fastq.gz	https://ftp.sra.ebi.ac.uk/vol1/fastq/SRR315/007/SRR3159167/SRR3159167_2.fastq.gz	SAMN04482452	994337
SRR3159168	PAIRED	https://ftp.sra.ebi.ac.uk/vol1/fastq/SRR315/008/SRR3159168/SRR3159168_1.fastq.gz	https://ftp.sra.ebi.ac.uk/vol1/fastq/SRR315/008/SRR3159168/SRR3159168_2.fastq.gz	SAMN04482453	1179000
SRR3159169	PAIRED	https://ftp.sra.ebi.ac.uk/vol1/fastq/SRR315/009/SRR3159169/SRR3159169_1.fastq.gz	https://ftp.sra.ebi.ac.uk/vol1/fastq/SRR315/009/SRR3159169/SRR3159169_2.fastq.gz	SAMN04482454	1281661
SRR3159170	PAIRED	https://ftp.sra.ebi.ac.uk/vol1/fastq/SRR315/000/SRR3159170/SRR3159170_1.fastq.gz	https://ftp.sra.ebi.ac.uk/vol1/fastq/SRR315/000/SRR3159170/SRR3159170_2.fastq.gz	SAMN04482455	1371941
SRR3168639	PAIRED	https://ftp.sra.ebi.ac.uk/vol1/fastq/SRR316/009/SRR3168639/SRR3168639_1.fastq.gz	https://ftp.sra.ebi.ac.uk/vol1/fastq/SRR316/009/SRR3168639/SRR3168639_2.fastq.gz	SAMN04456594	824610
SRR3168640	PAIRED	https://ftp.sra.ebi.ac.uk/vol1/fastq/SRR316/000/SRR3168640/SRR3168640_1.fastq.gz	https://ftp.sra.ebi.ac.uk/vol1/fastq/SRR316/000/SRR3168640/SRR3168640_2.fastq.gz	SAMN04456595	1050434
SRR3168642	PAIRED	https://ftp.sra.ebi.ac.uk/vol1/fastq/SRR316/002/SRR3168642/SRR3168642_1.fastq.gz	https://ftp.sra.ebi.ac.uk/vol1/fastq/SRR316/002/SRR3168642/SRR3168642_2.fastq.gz	SAMN04456583	949813
SRR3168648	PAIRED	https://ftp.sra.ebi.ac.uk/vol1/fastq/SRR316/008/SRR3168648/SRR3168648_1.fastq.gz	https://ftp.sra.ebi.ac.uk/vol1/fastq/SRR316/008/SRR3168648/SRR3168648_2.fastq.gz	SAMN04456589	1031078
SRR3170229	PAIRED	https://ftp.sra.ebi.ac.uk/vol1/fastq/SRR317/009/SRR3170229/SRR3170229_1.fastq.gz	https://ftp.sra.ebi.ac.uk/vol1/fastq/SRR317/009/SRR3170229/SRR3170229_2.fastq.gz	SAMN04485907	1395901
SRR3170230	PAIRED	https://ftp.sra.ebi.ac.uk/vol1/fastq/SRR317/000/SRR3170230/SRR3170230_1.fastq.gz	https://ftp.sra.ebi.ac.uk/vol1/fastq/SRR317/000/SRR3170230/SRR3170230_2.fastq.gz	SAMN04485908	1045506
SRR3170231	PAIRED	https://ftp.sra.ebi.ac.uk/vol1/fastq/SRR317/001/SRR3170231/SRR3170231_1.fastq.gz	https://ftp.sra.ebi.ac.uk/vol1/fastq/SRR317/001/SRR3170231/SRR3170231_2.fastq.gz	SAMN04485909	1834060
SRR3170232	PAIRED	https://ftp.sra.ebi.ac.uk/vol1/fastq/SRR317/002/SRR3170232/SRR3170232_1.fastq.gz	https://ftp.sra.ebi.ac.uk/vol1/fastq/SRR317/002/SRR3170232/SRR3170232_2.fastq.gz	SAMN04485910	1185982
SRR3170233	PAIRED	https://ftp.sra.ebi.ac.uk/vol1/fastq/SRR317/003/SRR3170233/SRR3170233_1.fastq.gz	https://ftp.sra.ebi.ac.uk/vol1/fastq/SRR317/003/SRR3170233/SRR3170233_2.fastq.gz	SAMN04485911	1193572
SRR3170234	PAIRED	https://ftp.sra.ebi.ac.uk/vol1/fastq/SRR317/004/SRR3170234/SRR3170234_1.fastq.gz	https://ftp.sra.ebi.ac.uk/vol1/fastq/SRR317/004/SRR3170234/SRR3170234_2.fastq.gz	SAMN04485912	1028516
SRR3170235	PAIRED	https://ftp.sra.ebi.ac.uk/vol1/fastq/SRR317/005/SRR3170235/SRR3170235_1.fastq.gz	https://ftp.sra.ebi.ac.uk/vol1/fastq/SRR317/005/SRR3170235/SRR3170235_2.fastq.gz	SAMN04485913	659399
SRR3170236	PAIRED	https://ftp.sra.ebi.ac.uk/vol1/fastq/SRR317/006/SRR3170236/SRR3170236_1.fastq.gz	https://ftp.sra.ebi.ac.uk/vol1/fastq/SRR317/006/SRR3170236/SRR3170236_2.fastq.gz	SAMN04485914	1083463
SRR3170237	PAIRED	https://ftp.sra.ebi.ac.uk/vol1/fastq/SRR317/007/SRR3170237/SRR3170237_1.fastq.gz	https://ftp.sra.ebi.ac.uk/vol1/fastq/SRR317/007/SRR3170237/SRR3170237_2.fastq.gz	SAMN04485915	925867
SRR3170238	PAIRED	https://ftp.sra.ebi.ac.uk/vol1/fastq/SRR317/008/SRR3170238/SRR3170238_1.fastq.gz	https://ftp.sra.ebi.ac.uk/vol1/fastq/SRR317/008/SRR3170238/SRR3170238_2.fastq.gz	SAMN04485916	1184078
SRR3170239	PAIRED	https://ftp.sra.ebi.ac.uk/vol1/fastq/SRR317/009/SRR3170239/SRR3170239_1.fastq.gz	https://ftp.sra.ebi.ac.uk/vol1/fastq/SRR317/009/SRR3170239/SRR3170239_2.fastq.gz	SAMN04485917	1138761
SRR3170240	PAIRED	https://ftp.sra.ebi.ac.uk/vol1/fastq/SRR317/000/SRR3170240/SRR3170240_1.fastq.gz	https://ftp.sra.ebi.ac.uk/vol1/fastq/SRR317/000/SRR3170240/SRR3170240_2.fastq.gz	SAMN04485918	1286278
SRR3170241	PAIRED	https://ftp.sra.ebi.ac.uk/vol1/fastq/SRR317/001/SRR3170241/SRR3170241_1.fastq.gz	https://ftp.sra.ebi.ac.uk/vol1/fastq/SRR317/001/SRR3170241/SRR3170241_2.fastq.gz	SAMN04485901	1481404
SRR3170242	PAIRED	https://ftp.sra.ebi.ac.uk/vol1/fastq/SRR317/002/SRR3170242/SRR3170242_1.fastq.gz	https://ftp.sra.ebi.ac.uk/vol1/fastq/SRR317/002/SRR3170242/SRR3170242_2.fastq.gz	SAMN04485902	1284456
SRR3170243	PAIRED	https://ftp.sra.ebi.ac.uk/vol1/fastq/SRR317/003/SRR3170243/SRR3170243_1.fastq.gz	https://ftp.sra.ebi.ac.uk/vol1/fastq/SRR317/003/SRR3170243/SRR3170243_2.fastq.gz	SAMN04485903	1239314
SRR3170244	PAIRED	https://ftp.sra.ebi.ac.uk/vol1/fastq/SRR317/004/SRR3170244/SRR3170244_1.fastq.gz	https://ftp.sra.ebi.ac.uk/vol1/fastq/SRR317/004/SRR3170244/SRR3170244_2.fastq.gz	SAMN04485904	1118842
SRR3170246	PAIRED	https://ftp.sra.ebi.ac.uk/vol1/fastq/SRR317/006/SRR3170246/SRR3170246_1.fastq.gz	https://ftp.sra.ebi.ac.uk/vol1/fastq/SRR317/006/SRR3170246/SRR3170246_2.fastq.gz	SAMN04485906	1249054
SRR3170252	PAIRED	https://ftp.sra.ebi.ac.uk/vol1/fastq/SRR317/002/SRR3170252/SRR3170252_1.fastq.gz	https://ftp.sra.ebi.ac.uk/vol1/fastq/SRR317/002/SRR3170252/SRR3170252_2.fastq.gz	SAMN04487133	1498284
SRR3170253	PAIRED	https://ftp.sra.ebi.ac.uk/vol1/fastq/SRR317/003/SRR3170253/SRR3170253_1.fastq.gz	https://ftp.sra.ebi.ac.uk/vol1/fastq/SRR317/003/SRR3170253/SRR3170253_2.fastq.gz	SAMN04487134	1443042
SRR3170254	PAIRED	https://ftp.sra.ebi.ac.uk/vol1/fastq/SRR317/004/SRR3170254/SRR3170254_1.fastq.gz	https://ftp.sra.ebi.ac.uk/vol1/fastq/SRR317/004/SRR3170254/SRR3170254_2.fastq.gz	SAMN04487135	1213386
SRR3170255	PAIRED	https://ftp.sra.ebi.ac.uk/vol1/fastq/SRR317/005/SRR3170255/SRR3170255_1.fastq.gz	https://ftp.sra.ebi.ac.uk/vol1/fastq/SRR317/005/SRR3170255/SRR3170255_2.fastq.gz	SAMN04487136	1521404
SRR3170256	PAIRED	https://ftp.sra.ebi.ac.uk/vol1/fastq/SRR317/006/SRR3170256/SRR3170256_1.fastq.gz	https://ftp.sra.ebi.ac.uk/vol1/fastq/SRR317/006/SRR3170256/SRR3170256_2.fastq.gz	SAMN04487137	1427782
SRR3170257	PAIRED	https://ftp.sra.ebi.ac.uk/vol1/fastq/SRR317/007/SRR3170257/SRR3170257_1.fastq.gz	https://ftp.sra.ebi.ac.uk/vol1/fastq/SRR317/007/SRR3170257/SRR3170257_2.fastq.gz	SAMN04487138	1392384
SRR3170260	PAIRED	https://ftp.sra.ebi.ac.uk/vol1/fastq/SRR317/000/SRR3170260/SRR3170260_1.fastq.gz	https://ftp.sra.ebi.ac.uk/vol1/fastq/SRR317/000/SRR3170260/SRR3170260_2.fastq.gz	SAMN04487141	1374576
SRR3170261	PAIRED	https://ftp.sra.ebi.ac.uk/vol1/fastq/SRR317/001/SRR3170261/SRR3170261_1.fastq.gz	https://ftp.sra.ebi.ac.uk/vol1/fastq/SRR317/001/SRR3170261/SRR3170261_2.fastq.gz	SAMN04487142	876011
SRR3170262	PAIRED	https://ftp.sra.ebi.ac.uk/vol1/fastq/SRR317/002/SRR3170262/SRR3170262_1.fastq.gz	https://ftp.sra.ebi.ac.uk/vol1/fastq/SRR317/002/SRR3170262/SRR3170262_2.fastq.gz	SAMN04487143	874019
SRR3170263	PAIRED	https://ftp.sra.ebi.ac.uk/vol1/fastq/SRR317/003/SRR3170263/SRR3170263_1.fastq.gz	https://ftp.sra.ebi.ac.uk/vol1/fastq/SRR317/003/SRR3170263/SRR3170263_2.fastq.gz	SAMN04487144	905385
SRR3170264	PAIRED	https://ftp.sra.ebi.ac.uk/vol1/fastq/SRR317/004/SRR3170264/SRR3170264_1.fastq.gz	https://ftp.sra.ebi.ac.uk/vol1/fastq/SRR317/004/SRR3170264/SRR3170264_2.fastq.gz	SAMN04487145	824308
SRR3170266	PAIRED	https://ftp.sra.ebi.ac.uk/vol1/fastq/SRR317/006/SRR3170266/SRR3170266_1.fastq.gz	https://ftp.sra.ebi.ac.uk/vol1/fastq/SRR317/006/SRR3170266/SRR3170266_2.fastq.gz	SAMN04487147	863393
SRR3170267	PAIRED	https://ftp.sra.ebi.ac.uk/vol1/fastq/SRR317/007/SRR3170267/SRR3170267_1.fastq.gz	https://ftp.sra.ebi.ac.uk/vol1/fastq/SRR317/007/SRR3170267/SRR3170267_2.fastq.gz	SAMN04487148	836001
SRR3170268	PAIRED	https://ftp.sra.ebi.ac.uk/vol1/fastq/SRR317/008/SRR3170268/SRR3170268_1.fastq.gz	https://ftp.sra.ebi.ac.uk/vol1/fastq/SRR317/008/SRR3170268/SRR3170268_2.fastq.gz	SAMN04487149	730412
SRR3170530	PAIRED	https://ftp.sra.ebi.ac.uk/vol1/fastq/SRR317/000/SRR3170530/SRR3170530_1.fastq.gz	https://ftp.sra.ebi.ac.uk/vol1/fastq/SRR317/000/SRR3170530/SRR3170530_2.fastq.gz	SAMN04487132	1293368
SRR3170587	PAIRED	https://ftp.sra.ebi.ac.uk/vol1/fastq/SRR317/007/SRR3170587/SRR3170587_1.fastq.gz	https://ftp.sra.ebi.ac.uk/vol1/fastq/SRR317/007/SRR3170587/SRR3170587_2.fastq.gz	SAMN04488268	643484
SRR3170588	PAIRED	https://ftp.sra.ebi.ac.uk/vol1/fastq/SRR317/008/SRR3170588/SRR3170588_1.fastq.gz	https://ftp.sra.ebi.ac.uk/vol1/fastq/SRR317/008/SRR3170588/SRR3170588_2.fastq.gz	SAMN04488269	742477
SRR3170589	PAIRED	https://ftp.sra.ebi.ac.uk/vol1/fastq/SRR317/009/SRR3170589/SRR3170589_1.fastq.gz	https://ftp.sra.ebi.ac.uk/vol1/fastq/SRR317/009/SRR3170589/SRR3170589_2.fastq.gz	SAMN04488270	641644
SRR3170590	PAIRED	https://ftp.sra.ebi.ac.uk/vol1/fastq/SRR317/000/SRR3170590/SRR3170590_1.fastq.gz	https://ftp.sra.ebi.ac.uk/vol1/fastq/SRR317/000/SRR3170590/SRR3170590_2.fastq.gz	SAMN04488271	655667
SRR3170591	PAIRED	https://ftp.sra.ebi.ac.uk/vol1/fastq/SRR317/001/SRR3170591/SRR3170591_1.fastq.gz	https://ftp.sra.ebi.ac.uk/vol1/fastq/SRR317/001/SRR3170591/SRR3170591_2.fastq.gz	SAMN04488272	615874
SRR3170592	PAIRED	https://ftp.sra.ebi.ac.uk/vol1/fastq/SRR317/002/SRR3170592/SRR3170592_1.fastq.gz	https://ftp.sra.ebi.ac.uk/vol1/fastq/SRR317/002/SRR3170592/SRR3170592_2.fastq.gz	SAMN04488273	648484
SRR3170593	PAIRED	https://ftp.sra.ebi.ac.uk/vol1/fastq/SRR317/003/SRR3170593/SRR3170593_1.fastq.gz	https://ftp.sra.ebi.ac.uk/vol1/fastq/SRR317/003/SRR3170593/SRR3170593_2.fastq.gz	SAMN04488274	566796
SRR3170594	PAIRED	https://ftp.sra.ebi.ac.uk/vol1/fastq/SRR317/004/SRR3170594/SRR3170594_1.fastq.gz	https://ftp.sra.ebi.ac.uk/vol1/fastq/SRR317/004/SRR3170594/SRR3170594_2.fastq.gz	SAMN04488275	702906
SRR3170595	PAIRED	https://ftp.sra.ebi.ac.uk/vol1/fastq/SRR317/005/SRR3170595/SRR3170595_1.fastq.gz	https://ftp.sra.ebi.ac.uk/vol1/fastq/SRR317/005/SRR3170595/SRR3170595_2.fastq.gz	SAMN04488276	626177
SRR3170596	PAIRED	https://ftp.sra.ebi.ac.uk/vol1/fastq/SRR317/006/SRR3170596/SRR3170596_1.fastq.gz	https://ftp.sra.ebi.ac.uk/vol1/fastq/SRR317/006/SRR3170596/SRR3170596_2.fastq.gz	SAMN04488277	697389
SRR3170597	PAIRED	https://ftp.sra.ebi.ac.uk/vol1/fastq/SRR317/007/SRR3170597/SRR3170597_1.fastq.gz	https://ftp.sra.ebi.ac.uk/vol1/fastq/SRR317/007/SRR3170597/SRR3170597_2.fastq.gz	SAMN04488278	745074
SRR3170598	PAIRED	https://ftp.sra.ebi.ac.uk/vol1/fastq/SRR317/008/SRR3170598/SRR3170598_1.fastq.gz	https://ftp.sra.ebi.ac.uk/vol1/fastq/SRR317/008/SRR3170598/SRR3170598_2.fastq.gz	SAMN04488279	746092
SRR3170599	PAIRED	https://ftp.sra.ebi.ac.uk/vol1/fastq/SRR317/009/SRR3170599/SRR3170599_1.fastq.gz	https://ftp.sra.ebi.ac.uk/vol1/fastq/SRR317/009/SRR3170599/SRR3170599_2.fastq.gz	SAMN04488280	654572
SRR3170600	PAIRED	https://ftp.sra.ebi.ac.uk/vol1/fastq/SRR317/000/SRR3170600/SRR3170600_1.fastq.gz	https://ftp.sra.ebi.ac.uk/vol1/fastq/SRR317/000/SRR3170600/SRR3170600_2.fastq.gz	SAMN04488281	716108
SRR3170601	PAIRED	https://ftp.sra.ebi.ac.uk/vol1/fastq/SRR317/001/SRR3170601/SRR3170601_1.fastq.gz	https://ftp.sra.ebi.ac.uk/vol1/fastq/SRR317/001/SRR3170601/SRR3170601_2.fastq.gz	SAMN04488282	617463
SRR3170602	PAIRED	https://ftp.sra.ebi.ac.uk/vol1/fastq/SRR317/002/SRR3170602/SRR3170602_1.fastq.gz	https://ftp.sra.ebi.ac.uk/vol1/fastq/SRR317/002/SRR3170602/SRR3170602_2.fastq.gz	SAMN04488283	1028257
SRR3170603	PAIRED	https://ftp.sra.ebi.ac.uk/vol1/fastq/SRR317/003/SRR3170603/SRR3170603_1.fastq.gz	https://ftp.sra.ebi.ac.uk/vol1/fastq/SRR317/003/SRR3170603/SRR3170603_2.fastq.gz	SAMN04488284	1352600
SRR3170604	PAIRED	https://ftp.sra.ebi.ac.uk/vol1/fastq/SRR317/004/SRR3170604/SRR3170604_1.fastq.gz	https://ftp.sra.ebi.ac.uk/vol1/fastq/SRR317/004/SRR3170604/SRR3170604_2.fastq.gz	SAMN04488285	1207623
SRR3170605	PAIRED	https://ftp.sra.ebi.ac.uk/vol1/fastq/SRR317/005/SRR3170605/SRR3170605_1.fastq.gz	https://ftp.sra.ebi.ac.uk/vol1/fastq/SRR317/005/SRR3170605/SRR3170605_2.fastq.gz	SAMN04488286	637144
SRR3170606	PAIRED	https://ftp.sra.ebi.ac.uk/vol1/fastq/SRR317/006/SRR3170606/SRR3170606_1.fastq.gz	https://ftp.sra.ebi.ac.uk/vol1/fastq/SRR317/006/SRR3170606/SRR3170606_2.fastq.gz	SAMN04488287	642318
SRR3170608	PAIRED	https://ftp.sra.ebi.ac.uk/vol1/fastq/SRR317/008/SRR3170608/SRR3170608_1.fastq.gz	https://ftp.sra.ebi.ac.uk/vol1/fastq/SRR317/008/SRR3170608/SRR3170608_2.fastq.gz	SAMN04488289	738776
SRR3170609	PAIRED	https://ftp.sra.ebi.ac.uk/vol1/fastq/SRR317/009/SRR3170609/SRR3170609_1.fastq.gz	https://ftp.sra.ebi.ac.uk/vol1/fastq/SRR317/009/SRR3170609/SRR3170609_2.fastq.gz	SAMN04488290	647818
SRR3170610	PAIRED	https://ftp.sra.ebi.ac.uk/vol1/fastq/SRR317/000/SRR3170610/SRR3170610_1.fastq.gz	https://ftp.sra.ebi.ac.uk/vol1/fastq/SRR317/000/SRR3170610/SRR3170610_2.fastq.gz	SAMN04488291	685734
SRR3170612	PAIRED	https://ftp.sra.ebi.ac.uk/vol1/fastq/SRR317/002/SRR3170612/SRR3170612_1.fastq.gz	https://ftp.sra.ebi.ac.uk/vol1/fastq/SRR317/002/SRR3170612/SRR3170612_2.fastq.gz	SAMN04488293	417397
SRR3170733	PAIRED	https://ftp.sra.ebi.ac.uk/vol1/fastq/SRR317/003/SRR3170733/SRR3170733_1.fastq.gz	https://ftp.sra.ebi.ac.uk/vol1/fastq/SRR317/003/SRR3170733/SRR3170733_2.fastq.gz	SAMN04491035	662634
SRR3170734	PAIRED	https://ftp.sra.ebi.ac.uk/vol1/fastq/SRR317/004/SRR3170734/SRR3170734_1.fastq.gz	https://ftp.sra.ebi.ac.uk/vol1/fastq/SRR317/004/SRR3170734/SRR3170734_2.fastq.gz	SAMN04491036	686327
SRR3170735	PAIRED	https://ftp.sra.ebi.ac.uk/vol1/fastq/SRR317/005/SRR3170735/SRR3170735_1.fastq.gz	https://ftp.sra.ebi.ac.uk/vol1/fastq/SRR317/005/SRR3170735/SRR3170735_2.fastq.gz	SAMN04491037	683217
SRR3170736	PAIRED	https://ftp.sra.ebi.ac.uk/vol1/fastq/SRR317/006/SRR3170736/SRR3170736_1.fastq.gz	https://ftp.sra.ebi.ac.uk/vol1/fastq/SRR317/006/SRR3170736/SRR3170736_2.fastq.gz	SAMN04491038	612807
SRR3170737	PAIRED	https://ftp.sra.ebi.ac.uk/vol1/fastq/SRR317/007/SRR3170737/SRR3170737_1.fastq.gz	https://ftp.sra.ebi.ac.uk/vol1/fastq/SRR317/007/SRR3170737/SRR3170737_2.fastq.gz	SAMN04491039	586713
SRR3170738	PAIRED	https://ftp.sra.ebi.ac.uk/vol1/fastq/SRR317/008/SRR3170738/SRR3170738_1.fastq.gz	https://ftp.sra.ebi.ac.uk/vol1/fastq/SRR317/008/SRR3170738/SRR3170738_2.fastq.gz	SAMN04491040	616307
SRR3170739	PAIRED	https://ftp.sra.ebi.ac.uk/vol1/fastq/SRR317/009/SRR3170739/SRR3170739_1.fastq.gz	https://ftp.sra.ebi.ac.uk/vol1/fastq/SRR317/009/SRR3170739/SRR3170739_2.fastq.gz	SAMN04491041	657027
SRR3170740	PAIRED	https://ftp.sra.ebi.ac.uk/vol1/fastq/SRR317/000/SRR3170740/SRR3170740_1.fastq.gz	https://ftp.sra.ebi.ac.uk/vol1/fastq/SRR317/000/SRR3170740/SRR3170740_2.fastq.gz	SAMN04491042	725951
SRR3170768	PAIRED	https://ftp.sra.ebi.ac.uk/vol1/fastq/SRR317/008/SRR3170768/SRR3170768_1.fastq.gz	https://ftp.sra.ebi.ac.uk/vol1/fastq/SRR317/008/SRR3170768/SRR3170768_2.fastq.gz	SAMN04491433	970291
SRR3170769	PAIRED	https://ftp.sra.ebi.ac.uk/vol1/fastq/SRR317/009/SRR3170769/SRR3170769_1.fastq.gz	https://ftp.sra.ebi.ac.uk/vol1/fastq/SRR317/009/SRR3170769/SRR3170769_2.fastq.gz	SAMN04491434	1135977
SRR3170770	PAIRED	https://ftp.sra.ebi.ac.uk/vol1/fastq/SRR317/000/SRR3170770/SRR3170770_1.fastq.gz	https://ftp.sra.ebi.ac.uk/vol1/fastq/SRR317/000/SRR3170770/SRR3170770_2.fastq.gz	SAMN04491435	1193753
SRR3170771	PAIRED	https://ftp.sra.ebi.ac.uk/vol1/fastq/SRR317/001/SRR3170771/SRR3170771_1.fastq.gz	https://ftp.sra.ebi.ac.uk/vol1/fastq/SRR317/001/SRR3170771/SRR3170771_2.fastq.gz	SAMN04491436	1224750
SRR3170772	PAIRED	https://ftp.sra.ebi.ac.uk/vol1/fastq/SRR317/002/SRR3170772/SRR3170772_1.fastq.gz	https://ftp.sra.ebi.ac.uk/vol1/fastq/SRR317/002/SRR3170772/SRR3170772_2.fastq.gz	SAMN04491437	1125064
SRR3170773	PAIRED	https://ftp.sra.ebi.ac.uk/vol1/fastq/SRR317/003/SRR3170773/SRR3170773_1.fastq.gz	https://ftp.sra.ebi.ac.uk/vol1/fastq/SRR317/003/SRR3170773/SRR3170773_2.fastq.gz	SAMN04491438	1009267
SRR3170774	PAIRED	https://ftp.sra.ebi.ac.uk/vol1/fastq/SRR317/004/SRR3170774/SRR3170774_1.fastq.gz	https://ftp.sra.ebi.ac.uk/vol1/fastq/SRR317/004/SRR3170774/SRR3170774_2.fastq.gz	SAMN04491439	1192081
SRR3170775	PAIRED	https://ftp.sra.ebi.ac.uk/vol1/fastq/SRR317/005/SRR3170775/SRR3170775_1.fastq.gz	https://ftp.sra.ebi.ac.uk/vol1/fastq/SRR317/005/SRR3170775/SRR3170775_2.fastq.gz	SAMN04491440	1085691
SRR3170776	PAIRED	https://ftp.sra.ebi.ac.uk/vol1/fastq/SRR317/006/SRR3170776/SRR3170776_1.fastq.gz	https://ftp.sra.ebi.ac.uk/vol1/fastq/SRR317/006/SRR3170776/SRR3170776_2.fastq.gz	SAMN04491441	1092356
SRR3170777	PAIRED	https://ftp.sra.ebi.ac.uk/vol1/fastq/SRR317/007/SRR3170777/SRR3170777_1.fastq.gz	https://ftp.sra.ebi.ac.uk/vol1/fastq/SRR317/007/SRR3170777/SRR3170777_2.fastq.gz	SAMN04491442	1154606
SRR3170778	PAIRED	https://ftp.sra.ebi.ac.uk/vol1/fastq/SRR317/008/SRR3170778/SRR3170778_1.fastq.gz	https://ftp.sra.ebi.ac.uk/vol1/fastq/SRR317/008/SRR3170778/SRR3170778_2.fastq.gz	SAMN04491443	1162614
SRR3170779	PAIRED	https://ftp.sra.ebi.ac.uk/vol1/fastq/SRR317/009/SRR3170779/SRR3170779_1.fastq.gz	https://ftp.sra.ebi.ac.uk/vol1/fastq/SRR317/009/SRR3170779/SRR3170779_2.fastq.gz	SAMN04491444	798120
SRR3170780	PAIRED	https://ftp.sra.ebi.ac.uk/vol1/fastq/SRR317/000/SRR3170780/SRR3170780_1.fastq.gz	https://ftp.sra.ebi.ac.uk/vol1/fastq/SRR317/000/SRR3170780/SRR3170780_2.fastq.gz	SAMN04491445	1038770
SRR3170781	PAIRED	https://ftp.sra.ebi.ac.uk/vol1/fastq/SRR317/001/SRR3170781/SRR3170781_1.fastq.gz	https://ftp.sra.ebi.ac.uk/vol1/fastq/SRR317/001/SRR3170781/SRR3170781_2.fastq.gz	SAMN04491446	1090844
SRR3170782	PAIRED	https://ftp.sra.ebi.ac.uk/vol1/fastq/SRR317/002/SRR3170782/SRR3170782_1.fastq.gz	https://ftp.sra.ebi.ac.uk/vol1/fastq/SRR317/002/SRR3170782/SRR3170782_2.fastq.gz	SAMN04491447	1078067
SRR3170783	PAIRED	https://ftp.sra.ebi.ac.uk/vol1/fastq/SRR317/003/SRR3170783/SRR3170783_1.fastq.gz	https://ftp.sra.ebi.ac.uk/vol1/fastq/SRR317/003/SRR3170783/SRR3170783_2.fastq.gz	SAMN04491448	641284
SRR3170784	PAIRED	https://ftp.sra.ebi.ac.uk/vol1/fastq/SRR317/004/SRR3170784/SRR3170784_1.fastq.gz	https://ftp.sra.ebi.ac.uk/vol1/fastq/SRR317/004/SRR3170784/SRR3170784_2.fastq.gz	SAMN04491449	1045543
SRR3170785	PAIRED	https://ftp.sra.ebi.ac.uk/vol1/fastq/SRR317/005/SRR3170785/SRR3170785_1.fastq.gz	https://ftp.sra.ebi.ac.uk/vol1/fastq/SRR317/005/SRR3170785/SRR3170785_2.fastq.gz	SAMN04491450	1013903
SRR3170786	PAIRED	https://ftp.sra.ebi.ac.uk/vol1/fastq/SRR317/006/SRR3170786/SRR3170786_1.fastq.gz	https://ftp.sra.ebi.ac.uk/vol1/fastq/SRR317/006/SRR3170786/SRR3170786_2.fastq.gz	SAMN04491451	991739
SRR3170787	PAIRED	https://ftp.sra.ebi.ac.uk/vol1/fastq/SRR317/007/SRR3170787/SRR3170787_1.fastq.gz	https://ftp.sra.ebi.ac.uk/vol1/fastq/SRR317/007/SRR3170787/SRR3170787_2.fastq.gz	SAMN04491452	1184163
SRR3170788	PAIRED	https://ftp.sra.ebi.ac.uk/vol1/fastq/SRR317/008/SRR3170788/SRR3170788_1.fastq.gz	https://ftp.sra.ebi.ac.uk/vol1/fastq/SRR317/008/SRR3170788/SRR3170788_2.fastq.gz	SAMN04491453	1232436
SRR3170789	PAIRED	https://ftp.sra.ebi.ac.uk/vol1/fastq/SRR317/009/SRR3170789/SRR3170789_1.fastq.gz	https://ftp.sra.ebi.ac.uk/vol1/fastq/SRR317/009/SRR3170789/SRR3170789_2.fastq.gz	SAMN04491454	1231512
SRR3197175	PAIRED	https://ftp.sra.ebi.ac.uk/vol1/fastq/SRR319/005/SRR3197175/SRR3197175_1.fastq.gz	https://ftp.sra.ebi.ac.uk/vol1/fastq/SRR319/005/SRR3197175/SRR3197175_2.fastq.gz	SAMN04516582	1399871
SRR3197589	PAIRED	https://ftp.sra.ebi.ac.uk/vol1/fastq/SRR319/009/SRR3197589/SRR3197589_1.fastq.gz	https://ftp.sra.ebi.ac.uk/vol1/fastq/SRR319/009/SRR3197589/SRR3197589_2.fastq.gz	SAMN04525189	737564
SRR3197590	PAIRED	https://ftp.sra.ebi.ac.uk/vol1/fastq/SRR319/000/SRR3197590/SRR3197590_1.fastq.gz	https://ftp.sra.ebi.ac.uk/vol1/fastq/SRR319/000/SRR3197590/SRR3197590_2.fastq.gz	SAMN04525190	626912
SRR3197591	PAIRED	https://ftp.sra.ebi.ac.uk/vol1/fastq/SRR319/001/SRR3197591/SRR3197591_1.fastq.gz	https://ftp.sra.ebi.ac.uk/vol1/fastq/SRR319/001/SRR3197591/SRR3197591_2.fastq.gz	SAMN04525191	630205
SRR3197592	PAIRED	https://ftp.sra.ebi.ac.uk/vol1/fastq/SRR319/002/SRR3197592/SRR3197592_1.fastq.gz	https://ftp.sra.ebi.ac.uk/vol1/fastq/SRR319/002/SRR3197592/SRR3197592_2.fastq.gz	SAMN04525192	596039
SRR3197593	PAIRED	https://ftp.sra.ebi.ac.uk/vol1/fastq/SRR319/003/SRR3197593/SRR3197593_1.fastq.gz	https://ftp.sra.ebi.ac.uk/vol1/fastq/SRR319/003/SRR3197593/SRR3197593_2.fastq.gz	SAMN04525193	557630
SRR3197594	PAIRED	https://ftp.sra.ebi.ac.uk/vol1/fastq/SRR319/004/SRR3197594/SRR3197594_1.fastq.gz	https://ftp.sra.ebi.ac.uk/vol1/fastq/SRR319/004/SRR3197594/SRR3197594_2.fastq.gz	SAMN04525194	560673
SRR3197595	PAIRED	https://ftp.sra.ebi.ac.uk/vol1/fastq/SRR319/005/SRR3197595/SRR3197595_1.fastq.gz	https://ftp.sra.ebi.ac.uk/vol1/fastq/SRR319/005/SRR3197595/SRR3197595_2.fastq.gz	SAMN04525195	513935
SRR3197596	PAIRED	https://ftp.sra.ebi.ac.uk/vol1/fastq/SRR319/006/SRR3197596/SRR3197596_1.fastq.gz	https://ftp.sra.ebi.ac.uk/vol1/fastq/SRR319/006/SRR3197596/SRR3197596_2.fastq.gz	SAMN04525196	496726
SRR3197597	PAIRED	https://ftp.sra.ebi.ac.uk/vol1/fastq/SRR319/007/SRR3197597/SRR3197597_1.fastq.gz	https://ftp.sra.ebi.ac.uk/vol1/fastq/SRR319/007/SRR3197597/SRR3197597_2.fastq.gz	SAMN04525197	495896
SRR3197599	PAIRED	https://ftp.sra.ebi.ac.uk/vol1/fastq/SRR319/009/SRR3197599/SRR3197599_1.fastq.gz	https://ftp.sra.ebi.ac.uk/vol1/fastq/SRR319/009/SRR3197599/SRR3197599_2.fastq.gz	SAMN04525199	685368
SRR3197600	PAIRED	https://ftp.sra.ebi.ac.uk/vol1/fastq/SRR319/000/SRR3197600/SRR3197600_1.fastq.gz	https://ftp.sra.ebi.ac.uk/vol1/fastq/SRR319/000/SRR3197600/SRR3197600_2.fastq.gz	SAMN04525200	512471
SRR3197602	PAIRED	https://ftp.sra.ebi.ac.uk/vol1/fastq/SRR319/002/SRR3197602/SRR3197602_1.fastq.gz	https://ftp.sra.ebi.ac.uk/vol1/fastq/SRR319/002/SRR3197602/SRR3197602_2.fastq.gz	SAMN04525201	591974
SRR3197603	PAIRED	https://ftp.sra.ebi.ac.uk/vol1/fastq/SRR319/003/SRR3197603/SRR3197603_1.fastq.gz	https://ftp.sra.ebi.ac.uk/vol1/fastq/SRR319/003/SRR3197603/SRR3197603_2.fastq.gz	SAMN04525202	562649
SRR3197604	PAIRED	https://ftp.sra.ebi.ac.uk/vol1/fastq/SRR319/004/SRR3197604/SRR3197604_1.fastq.gz	https://ftp.sra.ebi.ac.uk/vol1/fastq/SRR319/004/SRR3197604/SRR3197604_2.fastq.gz	SAMN04525203	516381
SRR3197605	PAIRED	https://ftp.sra.ebi.ac.uk/vol1/fastq/SRR319/005/SRR3197605/SRR3197605_1.fastq.gz	https://ftp.sra.ebi.ac.uk/vol1/fastq/SRR319/005/SRR3197605/SRR3197605_2.fastq.gz	SAMN04525204	526380
SRR3197606	PAIRED	https://ftp.sra.ebi.ac.uk/vol1/fastq/SRR319/006/SRR3197606/SRR3197606_1.fastq.gz	https://ftp.sra.ebi.ac.uk/vol1/fastq/SRR319/006/SRR3197606/SRR3197606_2.fastq.gz	SAMN04525205	605304
SRR3197607	PAIRED	https://ftp.sra.ebi.ac.uk/vol1/fastq/SRR319/007/SRR3197607/SRR3197607_1.fastq.gz	https://ftp.sra.ebi.ac.uk/vol1/fastq/SRR319/007/SRR3197607/SRR3197607_2.fastq.gz	SAMN04525206	168279
SRR3197608	PAIRED	https://ftp.sra.ebi.ac.uk/vol1/fastq/SRR319/008/SRR3197608/SRR3197608_1.fastq.gz	https://ftp.sra.ebi.ac.uk/vol1/fastq/SRR319/008/SRR3197608/SRR3197608_2.fastq.gz	SAMN04525207	572823
SRR3197609	PAIRED	https://ftp.sra.ebi.ac.uk/vol1/fastq/SRR319/009/SRR3197609/SRR3197609_1.fastq.gz	https://ftp.sra.ebi.ac.uk/vol1/fastq/SRR319/009/SRR3197609/SRR3197609_2.fastq.gz	SAMN04525208	632645
SRR3197610	PAIRED	https://ftp.sra.ebi.ac.uk/vol1/fastq/SRR319/000/SRR3197610/SRR3197610_1.fastq.gz	https://ftp.sra.ebi.ac.uk/vol1/fastq/SRR319/000/SRR3197610/SRR3197610_2.fastq.gz	SAMN04525209	510229
SRR3216436	PAIRED	https://ftp.sra.ebi.ac.uk/vol1/fastq/SRR321/006/SRR3216436/SRR3216436_1.fastq.gz	https://ftp.sra.ebi.ac.uk/vol1/fastq/SRR321/006/SRR3216436/SRR3216436_2.fastq.gz	SAMN04515401	1578760
SRR3216437	PAIRED	https://ftp.sra.ebi.ac.uk/vol1/fastq/SRR321/007/SRR3216437/SRR3216437_1.fastq.gz	https://ftp.sra.ebi.ac.uk/vol1/fastq/SRR321/007/SRR3216437/SRR3216437_2.fastq.gz	SAMN04515407	1362806
SRR3216439	PAIRED	https://ftp.sra.ebi.ac.uk/vol1/fastq/SRR321/009/SRR3216439/SRR3216439_1.fastq.gz	https://ftp.sra.ebi.ac.uk/vol1/fastq/SRR321/009/SRR3216439/SRR3216439_2.fastq.gz	SAMN04544429	2166777
SRR3216440	PAIRED	https://ftp.sra.ebi.ac.uk/vol1/fastq/SRR321/000/SRR3216440/SRR3216440_1.fastq.gz	https://ftp.sra.ebi.ac.uk/vol1/fastq/SRR321/000/SRR3216440/SRR3216440_2.fastq.gz	SAMN04544430	1699643
SRR3216441	PAIRED	https://ftp.sra.ebi.ac.uk/vol1/fastq/SRR321/001/SRR3216441/SRR3216441_1.fastq.gz	https://ftp.sra.ebi.ac.uk/vol1/fastq/SRR321/001/SRR3216441/SRR3216441_2.fastq.gz	SAMN04544431	1830669
SRR3216442	PAIRED	https://ftp.sra.ebi.ac.uk/vol1/fastq/SRR321/002/SRR3216442/SRR3216442_1.fastq.gz	https://ftp.sra.ebi.ac.uk/vol1/fastq/SRR321/002/SRR3216442/SRR3216442_2.fastq.gz	SAMN04544432	2226110
SRR3217267	PAIRED	https://ftp.sra.ebi.ac.uk/vol1/fastq/SRR321/007/SRR3217267/SRR3217267_1.fastq.gz	https://ftp.sra.ebi.ac.uk/vol1/fastq/SRR321/007/SRR3217267/SRR3217267_2.fastq.gz	SAMN04515391	1542097
SRR3217268	PAIRED	https://ftp.sra.ebi.ac.uk/vol1/fastq/SRR321/008/SRR3217268/SRR3217268_1.fastq.gz	https://ftp.sra.ebi.ac.uk/vol1/fastq/SRR321/008/SRR3217268/SRR3217268_2.fastq.gz	SAMN04515395	1854660
SRR3217269	PAIRED	https://ftp.sra.ebi.ac.uk/vol1/fastq/SRR321/009/SRR3217269/SRR3217269_1.fastq.gz	https://ftp.sra.ebi.ac.uk/vol1/fastq/SRR321/009/SRR3217269/SRR3217269_2.fastq.gz	SAMN04515397	1379794
SRR3217271	PAIRED	https://ftp.sra.ebi.ac.uk/vol1/fastq/SRR321/001/SRR3217271/SRR3217271_1.fastq.gz	https://ftp.sra.ebi.ac.uk/vol1/fastq/SRR321/001/SRR3217271/SRR3217271_2.fastq.gz	SAMN04515399	1316520
SRR3217272	PAIRED	https://ftp.sra.ebi.ac.uk/vol1/fastq/SRR321/002/SRR3217272/SRR3217272_1.fastq.gz	https://ftp.sra.ebi.ac.uk/vol1/fastq/SRR321/002/SRR3217272/SRR3217272_2.fastq.gz	SAMN04515405	2168185
SRR3217273	PAIRED	https://ftp.sra.ebi.ac.uk/vol1/fastq/SRR321/003/SRR3217273/SRR3217273_1.fastq.gz	https://ftp.sra.ebi.ac.uk/vol1/fastq/SRR321/003/SRR3217273/SRR3217273_2.fastq.gz	SAMN04515409	1801652
SRR3217321	PAIRED	https://ftp.sra.ebi.ac.uk/vol1/fastq/SRR321/001/SRR3217321/SRR3217321_1.fastq.gz	https://ftp.sra.ebi.ac.uk/vol1/fastq/SRR321/001/SRR3217321/SRR3217321_2.fastq.gz	SAMN04515390	1662587
SRR3217322	PAIRED	https://ftp.sra.ebi.ac.uk/vol1/fastq/SRR321/002/SRR3217322/SRR3217322_1.fastq.gz	https://ftp.sra.ebi.ac.uk/vol1/fastq/SRR321/002/SRR3217322/SRR3217322_2.fastq.gz	SAMN04515392	1288534
SRR3217323	PAIRED	https://ftp.sra.ebi.ac.uk/vol1/fastq/SRR321/003/SRR3217323/SRR3217323_1.fastq.gz	https://ftp.sra.ebi.ac.uk/vol1/fastq/SRR321/003/SRR3217323/SRR3217323_2.fastq.gz	SAMN04515393	1198765
SRR3217324	PAIRED	https://ftp.sra.ebi.ac.uk/vol1/fastq/SRR321/004/SRR3217324/SRR3217324_1.fastq.gz	https://ftp.sra.ebi.ac.uk/vol1/fastq/SRR321/004/SRR3217324/SRR3217324_2.fastq.gz	SAMN04515394	1974985
SRR3217325	PAIRED	https://ftp.sra.ebi.ac.uk/vol1/fastq/SRR321/005/SRR3217325/SRR3217325_1.fastq.gz	https://ftp.sra.ebi.ac.uk/vol1/fastq/SRR321/005/SRR3217325/SRR3217325_2.fastq.gz	SAMN04515400	2119897
SRR3217328	PAIRED	https://ftp.sra.ebi.ac.uk/vol1/fastq/SRR321/008/SRR3217328/SRR3217328_1.fastq.gz	https://ftp.sra.ebi.ac.uk/vol1/fastq/SRR321/008/SRR3217328/SRR3217328_2.fastq.gz	SAMN04515402	2046665
SRR3217329	PAIRED	https://ftp.sra.ebi.ac.uk/vol1/fastq/SRR321/009/SRR3217329/SRR3217329_1.fastq.gz	https://ftp.sra.ebi.ac.uk/vol1/fastq/SRR321/009/SRR3217329/SRR3217329_2.fastq.gz	SAMN04515403	1751660
SRR3217330	PAIRED	https://ftp.sra.ebi.ac.uk/vol1/fastq/SRR321/000/SRR3217330/SRR3217330_1.fastq.gz	https://ftp.sra.ebi.ac.uk/vol1/fastq/SRR321/000/SRR3217330/SRR3217330_2.fastq.gz	SAMN04515404	1920744
SRR3217331	PAIRED	https://ftp.sra.ebi.ac.uk/vol1/fastq/SRR321/001/SRR3217331/SRR3217331_1.fastq.gz	https://ftp.sra.ebi.ac.uk/vol1/fastq/SRR321/001/SRR3217331/SRR3217331_2.fastq.gz	SAMN04515406	1548671
SRR3217332	PAIRED	https://ftp.sra.ebi.ac.uk/vol1/fastq/SRR321/002/SRR3217332/SRR3217332_1.fastq.gz	https://ftp.sra.ebi.ac.uk/vol1/fastq/SRR321/002/SRR3217332/SRR3217332_2.fastq.gz	SAMN04515408	1429183
SRR3217387	PAIRED	https://ftp.sra.ebi.ac.uk/vol1/fastq/SRR321/007/SRR3217387/SRR3217387_1.fastq.gz	https://ftp.sra.ebi.ac.uk/vol1/fastq/SRR321/007/SRR3217387/SRR3217387_2.fastq.gz	SAMN04515789	1540856
SRR3217388	PAIRED	https://ftp.sra.ebi.ac.uk/vol1/fastq/SRR321/008/SRR3217388/SRR3217388_1.fastq.gz	https://ftp.sra.ebi.ac.uk/vol1/fastq/SRR321/008/SRR3217388/SRR3217388_2.fastq.gz	SAMN04515790	1513811
SRR3217389	PAIRED	https://ftp.sra.ebi.ac.uk/vol1/fastq/SRR321/009/SRR3217389/SRR3217389_1.fastq.gz	https://ftp.sra.ebi.ac.uk/vol1/fastq/SRR321/009/SRR3217389/SRR3217389_2.fastq.gz	SAMN04515791	1074533
SRR3217390	PAIRED	https://ftp.sra.ebi.ac.uk/vol1/fastq/SRR321/000/SRR3217390/SRR3217390_1.fastq.gz	https://ftp.sra.ebi.ac.uk/vol1/fastq/SRR321/000/SRR3217390/SRR3217390_2.fastq.gz	SAMN04515792	2069228
SRR3217391	PAIRED	https://ftp.sra.ebi.ac.uk/vol1/fastq/SRR321/001/SRR3217391/SRR3217391_1.fastq.gz	https://ftp.sra.ebi.ac.uk/vol1/fastq/SRR321/001/SRR3217391/SRR3217391_2.fastq.gz	SAMN04515793	2399761
SRR3217392	PAIRED	https://ftp.sra.ebi.ac.uk/vol1/fastq/SRR321/002/SRR3217392/SRR3217392_1.fastq.gz	https://ftp.sra.ebi.ac.uk/vol1/fastq/SRR321/002/SRR3217392/SRR3217392_2.fastq.gz	SAMN04515794	2042779
SRR3217394	PAIRED	https://ftp.sra.ebi.ac.uk/vol1/fastq/SRR321/004/SRR3217394/SRR3217394_1.fastq.gz	https://ftp.sra.ebi.ac.uk/vol1/fastq/SRR321/004/SRR3217394/SRR3217394_2.fastq.gz	SAMN04515796	1776279
SRR3217395	PAIRED	https://ftp.sra.ebi.ac.uk/vol1/fastq/SRR321/005/SRR3217395/SRR3217395_1.fastq.gz	https://ftp.sra.ebi.ac.uk/vol1/fastq/SRR321/005/SRR3217395/SRR3217395_2.fastq.gz	SAMN04515797	1457753
SRR3217396	PAIRED	https://ftp.sra.ebi.ac.uk/vol1/fastq/SRR321/006/SRR3217396/SRR3217396_1.fastq.gz	https://ftp.sra.ebi.ac.uk/vol1/fastq/SRR321/006/SRR3217396/SRR3217396_2.fastq.gz	SAMN04515798	1640917
SRR3217397	PAIRED	https://ftp.sra.ebi.ac.uk/vol1/fastq/SRR321/007/SRR3217397/SRR3217397_1.fastq.gz	https://ftp.sra.ebi.ac.uk/vol1/fastq/SRR321/007/SRR3217397/SRR3217397_2.fastq.gz	SAMN04515799	1703450
SRR3217398	PAIRED	https://ftp.sra.ebi.ac.uk/vol1/fastq/SRR321/008/SRR3217398/SRR3217398_1.fastq.gz	https://ftp.sra.ebi.ac.uk/vol1/fastq/SRR321/008/SRR3217398/SRR3217398_2.fastq.gz	SAMN04515800	1672153
SRR3217399	PAIRED	https://ftp.sra.ebi.ac.uk/vol1/fastq/SRR321/009/SRR3217399/SRR3217399_1.fastq.gz	https://ftp.sra.ebi.ac.uk/vol1/fastq/SRR321/009/SRR3217399/SRR3217399_2.fastq.gz	SAMN04515801	1878179
SRR3217400	PAIRED	https://ftp.sra.ebi.ac.uk/vol1/fastq/SRR321/000/SRR3217400/SRR3217400_1.fastq.gz	https://ftp.sra.ebi.ac.uk/vol1/fastq/SRR321/000/SRR3217400/SRR3217400_2.fastq.gz	SAMN04515802	1783458
SRR3217401	PAIRED	https://ftp.sra.ebi.ac.uk/vol1/fastq/SRR321/001/SRR3217401/SRR3217401_1.fastq.gz	https://ftp.sra.ebi.ac.uk/vol1/fastq/SRR321/001/SRR3217401/SRR3217401_2.fastq.gz	SAMN04515803	1914405
SRR3217402	PAIRED	https://ftp.sra.ebi.ac.uk/vol1/fastq/SRR321/002/SRR3217402/SRR3217402_1.fastq.gz	https://ftp.sra.ebi.ac.uk/vol1/fastq/SRR321/002/SRR3217402/SRR3217402_2.fastq.gz	SAMN04515804	1446217
SRR3217403	PAIRED	https://ftp.sra.ebi.ac.uk/vol1/fastq/SRR321/003/SRR3217403/SRR3217403_1.fastq.gz	https://ftp.sra.ebi.ac.uk/vol1/fastq/SRR321/003/SRR3217403/SRR3217403_2.fastq.gz	SAMN04515805	1312361
SRR3217404	PAIRED	https://ftp.sra.ebi.ac.uk/vol1/fastq/SRR321/004/SRR3217404/SRR3217404_1.fastq.gz	https://ftp.sra.ebi.ac.uk/vol1/fastq/SRR321/004/SRR3217404/SRR3217404_2.fastq.gz	SAMN04515806	1168758
SRR3217405	PAIRED	https://ftp.sra.ebi.ac.uk/vol1/fastq/SRR321/005/SRR3217405/SRR3217405_1.fastq.gz	https://ftp.sra.ebi.ac.uk/vol1/fastq/SRR321/005/SRR3217405/SRR3217405_2.fastq.gz	SAMN04515807	1162236
SRR3217406	PAIRED	https://ftp.sra.ebi.ac.uk/vol1/fastq/SRR321/006/SRR3217406/SRR3217406_1.fastq.gz	https://ftp.sra.ebi.ac.uk/vol1/fastq/SRR321/006/SRR3217406/SRR3217406_2.fastq.gz	SAMN04515808	1225233
SRR3217407	PAIRED	https://ftp.sra.ebi.ac.uk/vol1/fastq/SRR321/007/SRR3217407/SRR3217407_1.fastq.gz	https://ftp.sra.ebi.ac.uk/vol1/fastq/SRR321/007/SRR3217407/SRR3217407_2.fastq.gz	SAMN04515809	1892599
SRR3218381	PAIRED	https://ftp.sra.ebi.ac.uk/vol1/fastq/SRR321/001/SRR3218381/SRR3218381_1.fastq.gz	https://ftp.sra.ebi.ac.uk/vol1/fastq/SRR321/001/SRR3218381/SRR3218381_2.fastq.gz	SAMN04545389	1323099
SRR3218382	PAIRED	https://ftp.sra.ebi.ac.uk/vol1/fastq/SRR321/002/SRR3218382/SRR3218382_1.fastq.gz	https://ftp.sra.ebi.ac.uk/vol1/fastq/SRR321/002/SRR3218382/SRR3218382_2.fastq.gz	SAMN04545390	1393939
SRR3218383	PAIRED	https://ftp.sra.ebi.ac.uk/vol1/fastq/SRR321/003/SRR3218383/SRR3218383_1.fastq.gz	https://ftp.sra.ebi.ac.uk/vol1/fastq/SRR321/003/SRR3218383/SRR3218383_2.fastq.gz	SAMN04545391	2101541
SRR3218384	PAIRED	https://ftp.sra.ebi.ac.uk/vol1/fastq/SRR321/004/SRR3218384/SRR3218384_1.fastq.gz	https://ftp.sra.ebi.ac.uk/vol1/fastq/SRR321/004/SRR3218384/SRR3218384_2.fastq.gz	SAMN04545392	1752526
SRR3218385	PAIRED	https://ftp.sra.ebi.ac.uk/vol1/fastq/SRR321/005/SRR3218385/SRR3218385_1.fastq.gz	https://ftp.sra.ebi.ac.uk/vol1/fastq/SRR321/005/SRR3218385/SRR3218385_2.fastq.gz	SAMN04545393	1210029
SRR3218386	PAIRED	https://ftp.sra.ebi.ac.uk/vol1/fastq/SRR321/006/SRR3218386/SRR3218386_1.fastq.gz	https://ftp.sra.ebi.ac.uk/vol1/fastq/SRR321/006/SRR3218386/SRR3218386_2.fastq.gz	SAMN04545394	1756694
SRR3218387	PAIRED	https://ftp.sra.ebi.ac.uk/vol1/fastq/SRR321/007/SRR3218387/SRR3218387_1.fastq.gz	https://ftp.sra.ebi.ac.uk/vol1/fastq/SRR321/007/SRR3218387/SRR3218387_2.fastq.gz	SAMN04545395	1997658
SRR3218388	PAIRED	https://ftp.sra.ebi.ac.uk/vol1/fastq/SRR321/008/SRR3218388/SRR3218388_1.fastq.gz	https://ftp.sra.ebi.ac.uk/vol1/fastq/SRR321/008/SRR3218388/SRR3218388_2.fastq.gz	SAMN04545396	1505898
SRR3218389	PAIRED	https://ftp.sra.ebi.ac.uk/vol1/fastq/SRR321/009/SRR3218389/SRR3218389_1.fastq.gz	https://ftp.sra.ebi.ac.uk/vol1/fastq/SRR321/009/SRR3218389/SRR3218389_2.fastq.gz	SAMN04545397	1888394
SRR3218390	PAIRED	https://ftp.sra.ebi.ac.uk/vol1/fastq/SRR321/000/SRR3218390/SRR3218390_1.fastq.gz	https://ftp.sra.ebi.ac.uk/vol1/fastq/SRR321/000/SRR3218390/SRR3218390_2.fastq.gz	SAMN04545398	1292140
SRR3218391	PAIRED	https://ftp.sra.ebi.ac.uk/vol1/fastq/SRR321/001/SRR3218391/SRR3218391_1.fastq.gz	https://ftp.sra.ebi.ac.uk/vol1/fastq/SRR321/001/SRR3218391/SRR3218391_2.fastq.gz	SAMN04545399	1168155
SRR3218392	PAIRED	https://ftp.sra.ebi.ac.uk/vol1/fastq/SRR321/002/SRR3218392/SRR3218392_1.fastq.gz	https://ftp.sra.ebi.ac.uk/vol1/fastq/SRR321/002/SRR3218392/SRR3218392_2.fastq.gz	SAMN04545400	1244099
SRR3218393	PAIRED	https://ftp.sra.ebi.ac.uk/vol1/fastq/SRR321/003/SRR3218393/SRR3218393_1.fastq.gz	https://ftp.sra.ebi.ac.uk/vol1/fastq/SRR321/003/SRR3218393/SRR3218393_2.fastq.gz	SAMN04545401	2068843
SRR3218394	PAIRED	https://ftp.sra.ebi.ac.uk/vol1/fastq/SRR321/004/SRR3218394/SRR3218394_1.fastq.gz	https://ftp.sra.ebi.ac.uk/vol1/fastq/SRR321/004/SRR3218394/SRR3218394_2.fastq.gz	SAMN04545402	1892854
SRR3218395	PAIRED	https://ftp.sra.ebi.ac.uk/vol1/fastq/SRR321/005/SRR3218395/SRR3218395_1.fastq.gz	https://ftp.sra.ebi.ac.uk/vol1/fastq/SRR321/005/SRR3218395/SRR3218395_2.fastq.gz	SAMN04545403	1523584
SRR3218396	PAIRED	https://ftp.sra.ebi.ac.uk/vol1/fastq/SRR321/006/SRR3218396/SRR3218396_1.fastq.gz	https://ftp.sra.ebi.ac.uk/vol1/fastq/SRR321/006/SRR3218396/SRR3218396_2.fastq.gz	SAMN04545404	1809568
SRR3218397	PAIRED	https://ftp.sra.ebi.ac.uk/vol1/fastq/SRR321/007/SRR3218397/SRR3218397_1.fastq.gz	https://ftp.sra.ebi.ac.uk/vol1/fastq/SRR321/007/SRR3218397/SRR3218397_2.fastq.gz	SAMN04545405	1678446
SRR3218398	PAIRED	https://ftp.sra.ebi.ac.uk/vol1/fastq/SRR321/008/SRR3218398/SRR3218398_1.fastq.gz	https://ftp.sra.ebi.ac.uk/vol1/fastq/SRR321/008/SRR3218398/SRR3218398_2.fastq.gz	SAMN04545406	1530029
SRR3218399	PAIRED	https://ftp.sra.ebi.ac.uk/vol1/fastq/SRR321/009/SRR3218399/SRR3218399_1.fastq.gz	https://ftp.sra.ebi.ac.uk/vol1/fastq/SRR321/009/SRR3218399/SRR3218399_2.fastq.gz	SAMN04545407	1760425
SRR3218400	PAIRED	https://ftp.sra.ebi.ac.uk/vol1/fastq/SRR321/000/SRR3218400/SRR3218400_1.fastq.gz	https://ftp.sra.ebi.ac.uk/vol1/fastq/SRR321/000/SRR3218400/SRR3218400_2.fastq.gz	SAMN04545408	1568423
SRR3218401	PAIRED	https://ftp.sra.ebi.ac.uk/vol1/fastq/SRR321/001/SRR3218401/SRR3218401_1.fastq.gz	https://ftp.sra.ebi.ac.uk/vol1/fastq/SRR321/001/SRR3218401/SRR3218401_2.fastq.gz	SAMN04545409	1459385
SRR3218402	PAIRED	https://ftp.sra.ebi.ac.uk/vol1/fastq/SRR321/002/SRR3218402/SRR3218402_1.fastq.gz	https://ftp.sra.ebi.ac.uk/vol1/fastq/SRR321/002/SRR3218402/SRR3218402_2.fastq.gz	SAMN04545410	1498384
SRR3222484	PAIRED	https://ftp.sra.ebi.ac.uk/vol1/fastq/SRR322/004/SRR3222484/SRR3222484_1.fastq.gz	https://ftp.sra.ebi.ac.uk/vol1/fastq/SRR322/004/SRR3222484/SRR3222484_2.fastq.gz	SAMN04546716	1453442
SRR3222485	PAIRED	https://ftp.sra.ebi.ac.uk/vol1/fastq/SRR322/005/SRR3222485/SRR3222485_1.fastq.gz	https://ftp.sra.ebi.ac.uk/vol1/fastq/SRR322/005/SRR3222485/SRR3222485_2.fastq.gz	SAMN04546717	1353922
SRR3222486	PAIRED	https://ftp.sra.ebi.ac.uk/vol1/fastq/SRR322/006/SRR3222486/SRR3222486_1.fastq.gz	https://ftp.sra.ebi.ac.uk/vol1/fastq/SRR322/006/SRR3222486/SRR3222486_2.fastq.gz	SAMN04546718	1436514
SRR3222487	PAIRED	https://ftp.sra.ebi.ac.uk/vol1/fastq/SRR322/007/SRR3222487/SRR3222487_1.fastq.gz	https://ftp.sra.ebi.ac.uk/vol1/fastq/SRR322/007/SRR3222487/SRR3222487_2.fastq.gz	SAMN04546719	1554395
SRR3222488	PAIRED	https://ftp.sra.ebi.ac.uk/vol1/fastq/SRR322/008/SRR3222488/SRR3222488_1.fastq.gz	https://ftp.sra.ebi.ac.uk/vol1/fastq/SRR322/008/SRR3222488/SRR3222488_2.fastq.gz	SAMN04546720	1772654
SRR3222489	PAIRED	https://ftp.sra.ebi.ac.uk/vol1/fastq/SRR322/009/SRR3222489/SRR3222489_1.fastq.gz	https://ftp.sra.ebi.ac.uk/vol1/fastq/SRR322/009/SRR3222489/SRR3222489_2.fastq.gz	SAMN04546721	1830647
SRR3222490	PAIRED	https://ftp.sra.ebi.ac.uk/vol1/fastq/SRR322/000/SRR3222490/SRR3222490_1.fastq.gz	https://ftp.sra.ebi.ac.uk/vol1/fastq/SRR322/000/SRR3222490/SRR3222490_2.fastq.gz	SAMN04546722	1715711
SRR3222491	PAIRED	https://ftp.sra.ebi.ac.uk/vol1/fastq/SRR322/001/SRR3222491/SRR3222491_1.fastq.gz	https://ftp.sra.ebi.ac.uk/vol1/fastq/SRR322/001/SRR3222491/SRR3222491_2.fastq.gz	SAMN04546723	1323621
SRR3222492	PAIRED	https://ftp.sra.ebi.ac.uk/vol1/fastq/SRR322/002/SRR3222492/SRR3222492_1.fastq.gz	https://ftp.sra.ebi.ac.uk/vol1/fastq/SRR322/002/SRR3222492/SRR3222492_2.fastq.gz	SAMN04546724	2127737
SRR3222493	PAIRED	https://ftp.sra.ebi.ac.uk/vol1/fastq/SRR322/003/SRR3222493/SRR3222493_1.fastq.gz	https://ftp.sra.ebi.ac.uk/vol1/fastq/SRR322/003/SRR3222493/SRR3222493_2.fastq.gz	SAMN04546725	2024894
SRR3222494	PAIRED	https://ftp.sra.ebi.ac.uk/vol1/fastq/SRR322/004/SRR3222494/SRR3222494_1.fastq.gz	https://ftp.sra.ebi.ac.uk/vol1/fastq/SRR322/004/SRR3222494/SRR3222494_2.fastq.gz	SAMN04546726	1974159
SRR3222495	PAIRED	https://ftp.sra.ebi.ac.uk/vol1/fastq/SRR322/005/SRR3222495/SRR3222495_1.fastq.gz	https://ftp.sra.ebi.ac.uk/vol1/fastq/SRR322/005/SRR3222495/SRR3222495_2.fastq.gz	SAMN04546727	1527266
SRR3222496	PAIRED	https://ftp.sra.ebi.ac.uk/vol1/fastq/SRR322/006/SRR3222496/SRR3222496_1.fastq.gz	https://ftp.sra.ebi.ac.uk/vol1/fastq/SRR322/006/SRR3222496/SRR3222496_2.fastq.gz	SAMN04546728	1333801
SRR3222497	PAIRED	https://ftp.sra.ebi.ac.uk/vol1/fastq/SRR322/007/SRR3222497/SRR3222497_1.fastq.gz	https://ftp.sra.ebi.ac.uk/vol1/fastq/SRR322/007/SRR3222497/SRR3222497_2.fastq.gz	SAMN04546729	1485567
SRR3222498	PAIRED	https://ftp.sra.ebi.ac.uk/vol1/fastq/SRR322/008/SRR3222498/SRR3222498_1.fastq.gz	https://ftp.sra.ebi.ac.uk/vol1/fastq/SRR322/008/SRR3222498/SRR3222498_2.fastq.gz	SAMN04546730	1758955
SRR3222499	PAIRED	https://ftp.sra.ebi.ac.uk/vol1/fastq/SRR322/009/SRR3222499/SRR3222499_1.fastq.gz	https://ftp.sra.ebi.ac.uk/vol1/fastq/SRR322/009/SRR3222499/SRR3222499_2.fastq.gz	SAMN04546731	2019483
SRR3223161	PAIRED	https://ftp.sra.ebi.ac.uk/vol1/fastq/SRR322/001/SRR3223161/SRR3223161_1.fastq.gz	https://ftp.sra.ebi.ac.uk/vol1/fastq/SRR322/001/SRR3223161/SRR3223161_2.fastq.gz	SAMN04547088	1437125
SRR3223162	PAIRED	https://ftp.sra.ebi.ac.uk/vol1/fastq/SRR322/002/SRR3223162/SRR3223162_1.fastq.gz	https://ftp.sra.ebi.ac.uk/vol1/fastq/SRR322/002/SRR3223162/SRR3223162_2.fastq.gz	SAMN04547089	1788215
SRR3223163	PAIRED	https://ftp.sra.ebi.ac.uk/vol1/fastq/SRR322/003/SRR3223163/SRR3223163_1.fastq.gz	https://ftp.sra.ebi.ac.uk/vol1/fastq/SRR322/003/SRR3223163/SRR3223163_2.fastq.gz	SAMN04547090	1454004
SRR3223164	PAIRED	https://ftp.sra.ebi.ac.uk/vol1/fastq/SRR322/004/SRR3223164/SRR3223164_1.fastq.gz	https://ftp.sra.ebi.ac.uk/vol1/fastq/SRR322/004/SRR3223164/SRR3223164_2.fastq.gz	SAMN04547091	2396422
SRR3223165	PAIRED	https://ftp.sra.ebi.ac.uk/vol1/fastq/SRR322/005/SRR3223165/SRR3223165_1.fastq.gz	https://ftp.sra.ebi.ac.uk/vol1/fastq/SRR322/005/SRR3223165/SRR3223165_2.fastq.gz	SAMN04547092	1880087
SRR3223166	PAIRED	https://ftp.sra.ebi.ac.uk/vol1/fastq/SRR322/006/SRR3223166/SRR3223166_1.fastq.gz	https://ftp.sra.ebi.ac.uk/vol1/fastq/SRR322/006/SRR3223166/SRR3223166_2.fastq.gz	SAMN04547093	1126239
SRR3223167	PAIRED	https://ftp.sra.ebi.ac.uk/vol1/fastq/SRR322/007/SRR3223167/SRR3223167_1.fastq.gz	https://ftp.sra.ebi.ac.uk/vol1/fastq/SRR322/007/SRR3223167/SRR3223167_2.fastq.gz	SAMN04547094	1248501
SRR3223168	PAIRED	https://ftp.sra.ebi.ac.uk/vol1/fastq/SRR322/008/SRR3223168/SRR3223168_1.fastq.gz	https://ftp.sra.ebi.ac.uk/vol1/fastq/SRR322/008/SRR3223168/SRR3223168_2.fastq.gz	SAMN04547095	1755599
SRR3223169	PAIRED	https://ftp.sra.ebi.ac.uk/vol1/fastq/SRR322/009/SRR3223169/SRR3223169_1.fastq.gz	https://ftp.sra.ebi.ac.uk/vol1/fastq/SRR322/009/SRR3223169/SRR3223169_2.fastq.gz	SAMN04547096	1667664
SRR3223170	PAIRED	https://ftp.sra.ebi.ac.uk/vol1/fastq/SRR322/000/SRR3223170/SRR3223170_1.fastq.gz	https://ftp.sra.ebi.ac.uk/vol1/fastq/SRR322/000/SRR3223170/SRR3223170_2.fastq.gz	SAMN04547097	1757653
SRR3223171	PAIRED	https://ftp.sra.ebi.ac.uk/vol1/fastq/SRR322/001/SRR3223171/SRR3223171_1.fastq.gz	https://ftp.sra.ebi.ac.uk/vol1/fastq/SRR322/001/SRR3223171/SRR3223171_2.fastq.gz	SAMN04547098	1434909
SRR3223172	PAIRED	https://ftp.sra.ebi.ac.uk/vol1/fastq/SRR322/002/SRR3223172/SRR3223172_1.fastq.gz	https://ftp.sra.ebi.ac.uk/vol1/fastq/SRR322/002/SRR3223172/SRR3223172_2.fastq.gz	SAMN04547099	1503675
SRR3223173	PAIRED	https://ftp.sra.ebi.ac.uk/vol1/fastq/SRR322/003/SRR3223173/SRR3223173_1.fastq.gz	https://ftp.sra.ebi.ac.uk/vol1/fastq/SRR322/003/SRR3223173/SRR3223173_2.fastq.gz	SAMN04547100	1934160
SRR3223174	PAIRED	https://ftp.sra.ebi.ac.uk/vol1/fastq/SRR322/004/SRR3223174/SRR3223174_1.fastq.gz	https://ftp.sra.ebi.ac.uk/vol1/fastq/SRR322/004/SRR3223174/SRR3223174_2.fastq.gz	SAMN04547101	1944280
SRR3223175	PAIRED	https://ftp.sra.ebi.ac.uk/vol1/fastq/SRR322/005/SRR3223175/SRR3223175_1.fastq.gz	https://ftp.sra.ebi.ac.uk/vol1/fastq/SRR322/005/SRR3223175/SRR3223175_2.fastq.gz	SAMN04547102	1854110
SRR3223176	PAIRED	https://ftp.sra.ebi.ac.uk/vol1/fastq/SRR322/006/SRR3223176/SRR3223176_1.fastq.gz	https://ftp.sra.ebi.ac.uk/vol1/fastq/SRR322/006/SRR3223176/SRR3223176_2.fastq.gz	SAMN04547103	1546858
SRR3223177	PAIRED	https://ftp.sra.ebi.ac.uk/vol1/fastq/SRR322/007/SRR3223177/SRR3223177_1.fastq.gz	https://ftp.sra.ebi.ac.uk/vol1/fastq/SRR322/007/SRR3223177/SRR3223177_2.fastq.gz	SAMN04547104	1607748
SRR3223178	PAIRED	https://ftp.sra.ebi.ac.uk/vol1/fastq/SRR322/008/SRR3223178/SRR3223178_1.fastq.gz	https://ftp.sra.ebi.ac.uk/vol1/fastq/SRR322/008/SRR3223178/SRR3223178_2.fastq.gz	SAMN04547105	1685351
SRR3223179	PAIRED	https://ftp.sra.ebi.ac.uk/vol1/fastq/SRR322/009/SRR3223179/SRR3223179_1.fastq.gz	https://ftp.sra.ebi.ac.uk/vol1/fastq/SRR322/009/SRR3223179/SRR3223179_2.fastq.gz	SAMN04547106	1496118
SRR3223180	PAIRED	https://ftp.sra.ebi.ac.uk/vol1/fastq/SRR322/000/SRR3223180/SRR3223180_1.fastq.gz	https://ftp.sra.ebi.ac.uk/vol1/fastq/SRR322/000/SRR3223180/SRR3223180_2.fastq.gz	SAMN04547107	1416652
SRR3223465	PAIRED	https://ftp.sra.ebi.ac.uk/vol1/fastq/SRR322/005/SRR3223465/SRR3223465_1.fastq.gz	https://ftp.sra.ebi.ac.uk/vol1/fastq/SRR322/005/SRR3223465/SRR3223465_2.fastq.gz	SAMN04549255	1798842
SRR3223466	PAIRED	https://ftp.sra.ebi.ac.uk/vol1/fastq/SRR322/006/SRR3223466/SRR3223466_1.fastq.gz	https://ftp.sra.ebi.ac.uk/vol1/fastq/SRR322/006/SRR3223466/SRR3223466_2.fastq.gz	SAMN04549256	1590214
SRR3223467	PAIRED	https://ftp.sra.ebi.ac.uk/vol1/fastq/SRR322/007/SRR3223467/SRR3223467_1.fastq.gz	https://ftp.sra.ebi.ac.uk/vol1/fastq/SRR322/007/SRR3223467/SRR3223467_2.fastq.gz	SAMN04549257	1602628
SRR3223469	PAIRED	https://ftp.sra.ebi.ac.uk/vol1/fastq/SRR322/009/SRR3223469/SRR3223469_1.fastq.gz	https://ftp.sra.ebi.ac.uk/vol1/fastq/SRR322/009/SRR3223469/SRR3223469_2.fastq.gz	SAMN04549259	1892584
SRR3223470	PAIRED	https://ftp.sra.ebi.ac.uk/vol1/fastq/SRR322/000/SRR3223470/SRR3223470_1.fastq.gz	https://ftp.sra.ebi.ac.uk/vol1/fastq/SRR322/000/SRR3223470/SRR3223470_2.fastq.gz	SAMN04549260	1192414
SRR3223471	PAIRED	https://ftp.sra.ebi.ac.uk/vol1/fastq/SRR322/001/SRR3223471/SRR3223471_1.fastq.gz	https://ftp.sra.ebi.ac.uk/vol1/fastq/SRR322/001/SRR3223471/SRR3223471_2.fastq.gz	SAMN04549261	1649677
SRR3223472	PAIRED	https://ftp.sra.ebi.ac.uk/vol1/fastq/SRR322/002/SRR3223472/SRR3223472_1.fastq.gz	https://ftp.sra.ebi.ac.uk/vol1/fastq/SRR322/002/SRR3223472/SRR3223472_2.fastq.gz	SAMN04549262	1553626
SRR3223473	PAIRED	https://ftp.sra.ebi.ac.uk/vol1/fastq/SRR322/003/SRR3223473/SRR3223473_1.fastq.gz	https://ftp.sra.ebi.ac.uk/vol1/fastq/SRR322/003/SRR3223473/SRR3223473_2.fastq.gz	SAMN04549263	1939963
SRR3223474	PAIRED	https://ftp.sra.ebi.ac.uk/vol1/fastq/SRR322/004/SRR3223474/SRR3223474_1.fastq.gz	https://ftp.sra.ebi.ac.uk/vol1/fastq/SRR322/004/SRR3223474/SRR3223474_2.fastq.gz	SAMN04549264	2472112
SRR3223476	PAIRED	https://ftp.sra.ebi.ac.uk/vol1/fastq/SRR322/006/SRR3223476/SRR3223476_1.fastq.gz	https://ftp.sra.ebi.ac.uk/vol1/fastq/SRR322/006/SRR3223476/SRR3223476_2.fastq.gz	SAMN04549266	1919263
SRR3223478	PAIRED	https://ftp.sra.ebi.ac.uk/vol1/fastq/SRR322/008/SRR3223478/SRR3223478_1.fastq.gz	https://ftp.sra.ebi.ac.uk/vol1/fastq/SRR322/008/SRR3223478/SRR3223478_2.fastq.gz	SAMN04549268	2028419
SRR3223479	PAIRED	https://ftp.sra.ebi.ac.uk/vol1/fastq/SRR322/009/SRR3223479/SRR3223479_1.fastq.gz	https://ftp.sra.ebi.ac.uk/vol1/fastq/SRR322/009/SRR3223479/SRR3223479_2.fastq.gz	SAMN04549269	1733293
SRR3223480	PAIRED	https://ftp.sra.ebi.ac.uk/vol1/fastq/SRR322/000/SRR3223480/SRR3223480_1.fastq.gz	https://ftp.sra.ebi.ac.uk/vol1/fastq/SRR322/000/SRR3223480/SRR3223480_2.fastq.gz	SAMN04549270	1346493
SRR3223481	PAIRED	https://ftp.sra.ebi.ac.uk/vol1/fastq/SRR322/001/SRR3223481/SRR3223481_1.fastq.gz	https://ftp.sra.ebi.ac.uk/vol1/fastq/SRR322/001/SRR3223481/SRR3223481_2.fastq.gz	SAMN04549271	1673791
SRR3223482	PAIRED	https://ftp.sra.ebi.ac.uk/vol1/fastq/SRR322/002/SRR3223482/SRR3223482_1.fastq.gz	https://ftp.sra.ebi.ac.uk/vol1/fastq/SRR322/002/SRR3223482/SRR3223482_2.fastq.gz	SAMN04549272	1727944
SRR3223483	PAIRED	https://ftp.sra.ebi.ac.uk/vol1/fastq/SRR322/003/SRR3223483/SRR3223483_1.fastq.gz	https://ftp.sra.ebi.ac.uk/vol1/fastq/SRR322/003/SRR3223483/SRR3223483_2.fastq.gz	SAMN04549273	1514962
SRR3223484	PAIRED	https://ftp.sra.ebi.ac.uk/vol1/fastq/SRR322/004/SRR3223484/SRR3223484_1.fastq.gz	https://ftp.sra.ebi.ac.uk/vol1/fastq/SRR322/004/SRR3223484/SRR3223484_2.fastq.gz	SAMN04549274	1431726
SRR3223485	PAIRED	https://ftp.sra.ebi.ac.uk/vol1/fastq/SRR322/005/SRR3223485/SRR3223485_1.fastq.gz	https://ftp.sra.ebi.ac.uk/vol1/fastq/SRR322/005/SRR3223485/SRR3223485_2.fastq.gz	SAMN04549275	1756195
SRR3223550	PAIRED	https://ftp.sra.ebi.ac.uk/vol1/fastq/SRR322/000/SRR3223550/SRR3223550_1.fastq.gz	https://ftp.sra.ebi.ac.uk/vol1/fastq/SRR322/000/SRR3223550/SRR3223550_2.fastq.gz	SAMN04549300	1551030
SRR3223552	PAIRED	https://ftp.sra.ebi.ac.uk/vol1/fastq/SRR322/002/SRR3223552/SRR3223552_1.fastq.gz	https://ftp.sra.ebi.ac.uk/vol1/fastq/SRR322/002/SRR3223552/SRR3223552_2.fastq.gz	SAMN04549302	2127369
SRR3223553	PAIRED	https://ftp.sra.ebi.ac.uk/vol1/fastq/SRR322/003/SRR3223553/SRR3223553_1.fastq.gz	https://ftp.sra.ebi.ac.uk/vol1/fastq/SRR322/003/SRR3223553/SRR3223553_2.fastq.gz	SAMN04549303	1993310
SRR3223554	PAIRED	https://ftp.sra.ebi.ac.uk/vol1/fastq/SRR322/004/SRR3223554/SRR3223554_1.fastq.gz	https://ftp.sra.ebi.ac.uk/vol1/fastq/SRR322/004/SRR3223554/SRR3223554_2.fastq.gz	SAMN04549304	1691449
SRR3223555	PAIRED	https://ftp.sra.ebi.ac.uk/vol1/fastq/SRR322/005/SRR3223555/SRR3223555_1.fastq.gz	https://ftp.sra.ebi.ac.uk/vol1/fastq/SRR322/005/SRR3223555/SRR3223555_2.fastq.gz	SAMN04549305	1805800
SRR3223556	PAIRED	https://ftp.sra.ebi.ac.uk/vol1/fastq/SRR322/006/SRR3223556/SRR3223556_1.fastq.gz	https://ftp.sra.ebi.ac.uk/vol1/fastq/SRR322/006/SRR3223556/SRR3223556_2.fastq.gz	SAMN04549306	2079340
SRR3223557	PAIRED	https://ftp.sra.ebi.ac.uk/vol1/fastq/SRR322/007/SRR3223557/SRR3223557_1.fastq.gz	https://ftp.sra.ebi.ac.uk/vol1/fastq/SRR322/007/SRR3223557/SRR3223557_2.fastq.gz	SAMN04549307	1724788
SRR3223558	PAIRED	https://ftp.sra.ebi.ac.uk/vol1/fastq/SRR322/008/SRR3223558/SRR3223558_1.fastq.gz	https://ftp.sra.ebi.ac.uk/vol1/fastq/SRR322/008/SRR3223558/SRR3223558_2.fastq.gz	SAMN04549308	1493343
SRR3223560	PAIRED	https://ftp.sra.ebi.ac.uk/vol1/fastq/SRR322/000/SRR3223560/SRR3223560_1.fastq.gz	https://ftp.sra.ebi.ac.uk/vol1/fastq/SRR322/000/SRR3223560/SRR3223560_2.fastq.gz	SAMN04549310	2537229
SRR3223561	PAIRED	https://ftp.sra.ebi.ac.uk/vol1/fastq/SRR322/001/SRR3223561/SRR3223561_1.fastq.gz	https://ftp.sra.ebi.ac.uk/vol1/fastq/SRR322/001/SRR3223561/SRR3223561_2.fastq.gz	SAMN04549311	1625956
SRR3223562	PAIRED	https://ftp.sra.ebi.ac.uk/vol1/fastq/SRR322/002/SRR3223562/SRR3223562_1.fastq.gz	https://ftp.sra.ebi.ac.uk/vol1/fastq/SRR322/002/SRR3223562/SRR3223562_2.fastq.gz	SAMN04549312	1819161
SRR3223563	PAIRED	https://ftp.sra.ebi.ac.uk/vol1/fastq/SRR322/003/SRR3223563/SRR3223563_1.fastq.gz	https://ftp.sra.ebi.ac.uk/vol1/fastq/SRR322/003/SRR3223563/SRR3223563_2.fastq.gz	SAMN04549313	1522361
SRR3223564	PAIRED	https://ftp.sra.ebi.ac.uk/vol1/fastq/SRR322/004/SRR3223564/SRR3223564_1.fastq.gz	https://ftp.sra.ebi.ac.uk/vol1/fastq/SRR322/004/SRR3223564/SRR3223564_2.fastq.gz	SAMN04549314	1622068
SRR3223565	PAIRED	https://ftp.sra.ebi.ac.uk/vol1/fastq/SRR322/005/SRR3223565/SRR3223565_1.fastq.gz	https://ftp.sra.ebi.ac.uk/vol1/fastq/SRR322/005/SRR3223565/SRR3223565_2.fastq.gz	SAMN04549315	1871868
SRR3223566	PAIRED	https://ftp.sra.ebi.ac.uk/vol1/fastq/SRR322/006/SRR3223566/SRR3223566_1.fastq.gz	https://ftp.sra.ebi.ac.uk/vol1/fastq/SRR322/006/SRR3223566/SRR3223566_2.fastq.gz	SAMN04549316	1693248
SRR3223567	PAIRED	https://ftp.sra.ebi.ac.uk/vol1/fastq/SRR322/007/SRR3223567/SRR3223567_1.fastq.gz	https://ftp.sra.ebi.ac.uk/vol1/fastq/SRR322/007/SRR3223567/SRR3223567_2.fastq.gz	SAMN04549317	1498701
SRR3223568	PAIRED	https://ftp.sra.ebi.ac.uk/vol1/fastq/SRR322/008/SRR3223568/SRR3223568_1.fastq.gz	https://ftp.sra.ebi.ac.uk/vol1/fastq/SRR322/008/SRR3223568/SRR3223568_2.fastq.gz	SAMN04549318	1600541
SRR3223910	PAIRED	https://ftp.sra.ebi.ac.uk/vol1/fastq/SRR322/000/SRR3223910/SRR3223910_1.fastq.gz	https://ftp.sra.ebi.ac.uk/vol1/fastq/SRR322/000/SRR3223910/SRR3223910_2.fastq.gz	SAMN04549497	1662612
SRR3223911	PAIRED	https://ftp.sra.ebi.ac.uk/vol1/fastq/SRR322/001/SRR3223911/SRR3223911_1.fastq.gz	https://ftp.sra.ebi.ac.uk/vol1/fastq/SRR322/001/SRR3223911/SRR3223911_2.fastq.gz	SAMN04549498	1707524
SRR3223912	PAIRED	https://ftp.sra.ebi.ac.uk/vol1/fastq/SRR322/002/SRR3223912/SRR3223912_1.fastq.gz	https://ftp.sra.ebi.ac.uk/vol1/fastq/SRR322/002/SRR3223912/SRR3223912_2.fastq.gz	SAMN04549499	1474054
SRR3223913	PAIRED	https://ftp.sra.ebi.ac.uk/vol1/fastq/SRR322/003/SRR3223913/SRR3223913_1.fastq.gz	https://ftp.sra.ebi.ac.uk/vol1/fastq/SRR322/003/SRR3223913/SRR3223913_2.fastq.gz	SAMN04549500	2269448
SRR3223914	PAIRED	https://ftp.sra.ebi.ac.uk/vol1/fastq/SRR322/004/SRR3223914/SRR3223914_1.fastq.gz	https://ftp.sra.ebi.ac.uk/vol1/fastq/SRR322/004/SRR3223914/SRR3223914_2.fastq.gz	SAMN04549501	1910158
SRR3223915	PAIRED	https://ftp.sra.ebi.ac.uk/vol1/fastq/SRR322/005/SRR3223915/SRR3223915_1.fastq.gz	https://ftp.sra.ebi.ac.uk/vol1/fastq/SRR322/005/SRR3223915/SRR3223915_2.fastq.gz	SAMN04549502	931507
SRR3223916	PAIRED	https://ftp.sra.ebi.ac.uk/vol1/fastq/SRR322/006/SRR3223916/SRR3223916_1.fastq.gz	https://ftp.sra.ebi.ac.uk/vol1/fastq/SRR322/006/SRR3223916/SRR3223916_2.fastq.gz	SAMN04549503	1910506
SRR3223917	PAIRED	https://ftp.sra.ebi.ac.uk/vol1/fastq/SRR322/007/SRR3223917/SRR3223917_1.fastq.gz	https://ftp.sra.ebi.ac.uk/vol1/fastq/SRR322/007/SRR3223917/SRR3223917_2.fastq.gz	SAMN04549504	1810986
SRR3223918	PAIRED	https://ftp.sra.ebi.ac.uk/vol1/fastq/SRR322/008/SRR3223918/SRR3223918_1.fastq.gz	https://ftp.sra.ebi.ac.uk/vol1/fastq/SRR322/008/SRR3223918/SRR3223918_2.fastq.gz	SAMN04549505	1508588
SRR3223919	PAIRED	https://ftp.sra.ebi.ac.uk/vol1/fastq/SRR322/009/SRR3223919/SRR3223919_1.fastq.gz	https://ftp.sra.ebi.ac.uk/vol1/fastq/SRR322/009/SRR3223919/SRR3223919_2.fastq.gz	SAMN04549506	1736304
SRR3223920	PAIRED	https://ftp.sra.ebi.ac.uk/vol1/fastq/SRR322/000/SRR3223920/SRR3223920_1.fastq.gz	https://ftp.sra.ebi.ac.uk/vol1/fastq/SRR322/000/SRR3223920/SRR3223920_2.fastq.gz	SAMN04549507	1700393
SRR3223921	PAIRED	https://ftp.sra.ebi.ac.uk/vol1/fastq/SRR322/001/SRR3223921/SRR3223921_1.fastq.gz	https://ftp.sra.ebi.ac.uk/vol1/fastq/SRR322/001/SRR3223921/SRR3223921_2.fastq.gz	SAMN04549508	1948972
SRR3223922	PAIRED	https://ftp.sra.ebi.ac.uk/vol1/fastq/SRR322/002/SRR3223922/SRR3223922_1.fastq.gz	https://ftp.sra.ebi.ac.uk/vol1/fastq/SRR322/002/SRR3223922/SRR3223922_2.fastq.gz	SAMN04549509	1973841
SRR3223923	PAIRED	https://ftp.sra.ebi.ac.uk/vol1/fastq/SRR322/003/SRR3223923/SRR3223923_1.fastq.gz	https://ftp.sra.ebi.ac.uk/vol1/fastq/SRR322/003/SRR3223923/SRR3223923_2.fastq.gz	SAMN04549510	1956393
SRR3223924	PAIRED	https://ftp.sra.ebi.ac.uk/vol1/fastq/SRR322/004/SRR3223924/SRR3223924_1.fastq.gz	https://ftp.sra.ebi.ac.uk/vol1/fastq/SRR322/004/SRR3223924/SRR3223924_2.fastq.gz	SAMN04549511	1993936
SRR3223925	PAIRED	https://ftp.sra.ebi.ac.uk/vol1/fastq/SRR322/005/SRR3223925/SRR3223925_1.fastq.gz	https://ftp.sra.ebi.ac.uk/vol1/fastq/SRR322/005/SRR3223925/SRR3223925_2.fastq.gz	SAMN04549512	1588100
SRR3223926	PAIRED	https://ftp.sra.ebi.ac.uk/vol1/fastq/SRR322/006/SRR3223926/SRR3223926_1.fastq.gz	https://ftp.sra.ebi.ac.uk/vol1/fastq/SRR322/006/SRR3223926/SRR3223926_2.fastq.gz	SAMN04549513	1597539
SRR3223927	PAIRED	https://ftp.sra.ebi.ac.uk/vol1/fastq/SRR322/007/SRR3223927/SRR3223927_1.fastq.gz	https://ftp.sra.ebi.ac.uk/vol1/fastq/SRR322/007/SRR3223927/SRR3223927_2.fastq.gz	SAMN04549514	1537755
SRR3223928	PAIRED	https://ftp.sra.ebi.ac.uk/vol1/fastq/SRR322/008/SRR3223928/SRR3223928_1.fastq.gz	https://ftp.sra.ebi.ac.uk/vol1/fastq/SRR322/008/SRR3223928/SRR3223928_2.fastq.gz	SAMN04549515	1407394
SRR3223929	PAIRED	https://ftp.sra.ebi.ac.uk/vol1/fastq/SRR322/009/SRR3223929/SRR3223929_1.fastq.gz	https://ftp.sra.ebi.ac.uk/vol1/fastq/SRR322/009/SRR3223929/SRR3223929_2.fastq.gz	SAMN04549516	1534286
SRR3224227	PAIRED	https://ftp.sra.ebi.ac.uk/vol1/fastq/SRR322/007/SRR3224227/SRR3224227_1.fastq.gz	https://ftp.sra.ebi.ac.uk/vol1/fastq/SRR322/007/SRR3224227/SRR3224227_2.fastq.gz	SAMN04549546	1661024
SRR3224228	PAIRED	https://ftp.sra.ebi.ac.uk/vol1/fastq/SRR322/008/SRR3224228/SRR3224228_1.fastq.gz	https://ftp.sra.ebi.ac.uk/vol1/fastq/SRR322/008/SRR3224228/SRR3224228_2.fastq.gz	SAMN04549547	1609817
SRR3224230	PAIRED	https://ftp.sra.ebi.ac.uk/vol1/fastq/SRR322/000/SRR3224230/SRR3224230_1.fastq.gz	https://ftp.sra.ebi.ac.uk/vol1/fastq/SRR322/000/SRR3224230/SRR3224230_2.fastq.gz	SAMN04549549	1201961
SRR3224231	PAIRED	https://ftp.sra.ebi.ac.uk/vol1/fastq/SRR322/001/SRR3224231/SRR3224231_1.fastq.gz	https://ftp.sra.ebi.ac.uk/vol1/fastq/SRR322/001/SRR3224231/SRR3224231_2.fastq.gz	SAMN04549550	1788664
SRR3224232	PAIRED	https://ftp.sra.ebi.ac.uk/vol1/fastq/SRR322/002/SRR3224232/SRR3224232_1.fastq.gz	https://ftp.sra.ebi.ac.uk/vol1/fastq/SRR322/002/SRR3224232/SRR3224232_2.fastq.gz	SAMN04549551	1489769
SRR3224233	PAIRED	https://ftp.sra.ebi.ac.uk/vol1/fastq/SRR322/003/SRR3224233/SRR3224233_1.fastq.gz	https://ftp.sra.ebi.ac.uk/vol1/fastq/SRR322/003/SRR3224233/SRR3224233_2.fastq.gz	SAMN04549552	1767261
SRR3224234	PAIRED	https://ftp.sra.ebi.ac.uk/vol1/fastq/SRR322/004/SRR3224234/SRR3224234_1.fastq.gz	https://ftp.sra.ebi.ac.uk/vol1/fastq/SRR322/004/SRR3224234/SRR3224234_2.fastq.gz	SAMN04549553	1636556
SRR3224235	PAIRED	https://ftp.sra.ebi.ac.uk/vol1/fastq/SRR322/005/SRR3224235/SRR3224235_1.fastq.gz	https://ftp.sra.ebi.ac.uk/vol1/fastq/SRR322/005/SRR3224235/SRR3224235_2.fastq.gz	SAMN04549554	1549098
SRR3224236	PAIRED	https://ftp.sra.ebi.ac.uk/vol1/fastq/SRR322/006/SRR3224236/SRR3224236_1.fastq.gz	https://ftp.sra.ebi.ac.uk/vol1/fastq/SRR322/006/SRR3224236/SRR3224236_2.fastq.gz	SAMN04549555	1587020
SRR3224237	PAIRED	https://ftp.sra.ebi.ac.uk/vol1/fastq/SRR322/007/SRR3224237/SRR3224237_1.fastq.gz	https://ftp.sra.ebi.ac.uk/vol1/fastq/SRR322/007/SRR3224237/SRR3224237_2.fastq.gz	SAMN04549556	2426341
SRR3224238	PAIRED	https://ftp.sra.ebi.ac.uk/vol1/fastq/SRR322/008/SRR3224238/SRR3224238_1.fastq.gz	https://ftp.sra.ebi.ac.uk/vol1/fastq/SRR322/008/SRR3224238/SRR3224238_2.fastq.gz	SAMN04549557	2004458
SRR3224239	PAIRED	https://ftp.sra.ebi.ac.uk/vol1/fastq/SRR322/009/SRR3224239/SRR3224239_1.fastq.gz	https://ftp.sra.ebi.ac.uk/vol1/fastq/SRR322/009/SRR3224239/SRR3224239_2.fastq.gz	SAMN04549558	1517673
SRR3224240	PAIRED	https://ftp.sra.ebi.ac.uk/vol1/fastq/SRR322/000/SRR3224240/SRR3224240_1.fastq.gz	https://ftp.sra.ebi.ac.uk/vol1/fastq/SRR322/000/SRR3224240/SRR3224240_2.fastq.gz	SAMN04549559	1660051
SRR3224241	PAIRED	https://ftp.sra.ebi.ac.uk/vol1/fastq/SRR322/001/SRR3224241/SRR3224241_1.fastq.gz	https://ftp.sra.ebi.ac.uk/vol1/fastq/SRR322/001/SRR3224241/SRR3224241_2.fastq.gz	SAMN04549560	1567497
SRR3224242	PAIRED	https://ftp.sra.ebi.ac.uk/vol1/fastq/SRR322/002/SRR3224242/SRR3224242_1.fastq.gz	https://ftp.sra.ebi.ac.uk/vol1/fastq/SRR322/002/SRR3224242/SRR3224242_2.fastq.gz	SAMN04549561	1676977
SRR3224243	PAIRED	https://ftp.sra.ebi.ac.uk/vol1/fastq/SRR322/003/SRR3224243/SRR3224243_1.fastq.gz	https://ftp.sra.ebi.ac.uk/vol1/fastq/SRR322/003/SRR3224243/SRR3224243_2.fastq.gz	SAMN04549562	1502700
SRR3224244	PAIRED	https://ftp.sra.ebi.ac.uk/vol1/fastq/SRR322/004/SRR3224244/SRR3224244_1.fastq.gz	https://ftp.sra.ebi.ac.uk/vol1/fastq/SRR322/004/SRR3224244/SRR3224244_2.fastq.gz	SAMN04549563	1849818
SRR3224793	PAIRED	https://ftp.sra.ebi.ac.uk/vol1/fastq/SRR322/003/SRR3224793/SRR3224793_1.fastq.gz	https://ftp.sra.ebi.ac.uk/vol1/fastq/SRR322/003/SRR3224793/SRR3224793_2.fastq.gz	SAMN04549824	1750168
SRR3224794	PAIRED	https://ftp.sra.ebi.ac.uk/vol1/fastq/SRR322/004/SRR3224794/SRR3224794_1.fastq.gz	https://ftp.sra.ebi.ac.uk/vol1/fastq/SRR322/004/SRR3224794/SRR3224794_2.fastq.gz	SAMN04549825	1758817
SRR3224795	PAIRED	https://ftp.sra.ebi.ac.uk/vol1/fastq/SRR322/005/SRR3224795/SRR3224795_1.fastq.gz	https://ftp.sra.ebi.ac.uk/vol1/fastq/SRR322/005/SRR3224795/SRR3224795_2.fastq.gz	SAMN04549826	1738998
SRR3224796	PAIRED	https://ftp.sra.ebi.ac.uk/vol1/fastq/SRR322/006/SRR3224796/SRR3224796_1.fastq.gz	https://ftp.sra.ebi.ac.uk/vol1/fastq/SRR322/006/SRR3224796/SRR3224796_2.fastq.gz	SAMN04549827	2062564
SRR3224797	PAIRED	https://ftp.sra.ebi.ac.uk/vol1/fastq/SRR322/007/SRR3224797/SRR3224797_1.fastq.gz	https://ftp.sra.ebi.ac.uk/vol1/fastq/SRR322/007/SRR3224797/SRR3224797_2.fastq.gz	SAMN04549828	2328384
SRR3224798	PAIRED	https://ftp.sra.ebi.ac.uk/vol1/fastq/SRR322/008/SRR3224798/SRR3224798_1.fastq.gz	https://ftp.sra.ebi.ac.uk/vol1/fastq/SRR322/008/SRR3224798/SRR3224798_2.fastq.gz	SAMN04549829	1573056
SRR3224799	PAIRED	https://ftp.sra.ebi.ac.uk/vol1/fastq/SRR322/009/SRR3224799/SRR3224799_1.fastq.gz	https://ftp.sra.ebi.ac.uk/vol1/fastq/SRR322/009/SRR3224799/SRR3224799_2.fastq.gz	SAMN04549830	1555218
SRR3224800	PAIRED	https://ftp.sra.ebi.ac.uk/vol1/fastq/SRR322/000/SRR3224800/SRR3224800_1.fastq.gz	https://ftp.sra.ebi.ac.uk/vol1/fastq/SRR322/000/SRR3224800/SRR3224800_2.fastq.gz	SAMN04549831	1287728
SRR3224801	PAIRED	https://ftp.sra.ebi.ac.uk/vol1/fastq/SRR322/001/SRR3224801/SRR3224801_1.fastq.gz	https://ftp.sra.ebi.ac.uk/vol1/fastq/SRR322/001/SRR3224801/SRR3224801_2.fastq.gz	SAMN04549832	1988527
SRR3224802	PAIRED	https://ftp.sra.ebi.ac.uk/vol1/fastq/SRR322/002/SRR3224802/SRR3224802_1.fastq.gz	https://ftp.sra.ebi.ac.uk/vol1/fastq/SRR322/002/SRR3224802/SRR3224802_2.fastq.gz	SAMN04549833	1715380
SRR3224803	PAIRED	https://ftp.sra.ebi.ac.uk/vol1/fastq/SRR322/003/SRR3224803/SRR3224803_1.fastq.gz	https://ftp.sra.ebi.ac.uk/vol1/fastq/SRR322/003/SRR3224803/SRR3224803_2.fastq.gz	SAMN04549834	2086502
SRR3224804	PAIRED	https://ftp.sra.ebi.ac.uk/vol1/fastq/SRR322/004/SRR3224804/SRR3224804_1.fastq.gz	https://ftp.sra.ebi.ac.uk/vol1/fastq/SRR322/004/SRR3224804/SRR3224804_2.fastq.gz	SAMN04549835	1420538
SRR3224805	PAIRED	https://ftp.sra.ebi.ac.uk/vol1/fastq/SRR322/005/SRR3224805/SRR3224805_1.fastq.gz	https://ftp.sra.ebi.ac.uk/vol1/fastq/SRR322/005/SRR3224805/SRR3224805_2.fastq.gz	SAMN04549837	1641425
SRR3224806	PAIRED	https://ftp.sra.ebi.ac.uk/vol1/fastq/SRR322/006/SRR3224806/SRR3224806_1.fastq.gz	https://ftp.sra.ebi.ac.uk/vol1/fastq/SRR322/006/SRR3224806/SRR3224806_2.fastq.gz	SAMN04549838	1977846
SRR3224807	PAIRED	https://ftp.sra.ebi.ac.uk/vol1/fastq/SRR322/007/SRR3224807/SRR3224807_1.fastq.gz	https://ftp.sra.ebi.ac.uk/vol1/fastq/SRR322/007/SRR3224807/SRR3224807_2.fastq.gz	SAMN04549839	1603798
SRR3224808	PAIRED	https://ftp.sra.ebi.ac.uk/vol1/fastq/SRR322/008/SRR3224808/SRR3224808_1.fastq.gz	https://ftp.sra.ebi.ac.uk/vol1/fastq/SRR322/008/SRR3224808/SRR3224808_2.fastq.gz	SAMN04549840	1294839
SRR3224809	PAIRED	https://ftp.sra.ebi.ac.uk/vol1/fastq/SRR322/009/SRR3224809/SRR3224809_1.fastq.gz	https://ftp.sra.ebi.ac.uk/vol1/fastq/SRR322/009/SRR3224809/SRR3224809_2.fastq.gz	SAMN04549841	1733014
SRR3224810	PAIRED	https://ftp.sra.ebi.ac.uk/vol1/fastq/SRR322/000/SRR3224810/SRR3224810_1.fastq.gz	https://ftp.sra.ebi.ac.uk/vol1/fastq/SRR322/000/SRR3224810/SRR3224810_2.fastq.gz	SAMN04549842	1515680
SRR3224811	PAIRED	https://ftp.sra.ebi.ac.uk/vol1/fastq/SRR322/001/SRR3224811/SRR3224811_1.fastq.gz	https://ftp.sra.ebi.ac.uk/vol1/fastq/SRR322/001/SRR3224811/SRR3224811_2.fastq.gz	SAMN04549843	1559817
SRR3224812	PAIRED	https://ftp.sra.ebi.ac.uk/vol1/fastq/SRR322/002/SRR3224812/SRR3224812_1.fastq.gz	https://ftp.sra.ebi.ac.uk/vol1/fastq/SRR322/002/SRR3224812/SRR3224812_2.fastq.gz	SAMN04549844	1785314
SRR3224982	PAIRED	https://ftp.sra.ebi.ac.uk/vol1/fastq/SRR322/002/SRR3224982/SRR3224982_1.fastq.gz	https://ftp.sra.ebi.ac.uk/vol1/fastq/SRR322/002/SRR3224982/SRR3224982_2.fastq.gz	SAMN04549865	1696298
SRR3224984	PAIRED	https://ftp.sra.ebi.ac.uk/vol1/fastq/SRR322/004/SRR3224984/SRR3224984_1.fastq.gz	https://ftp.sra.ebi.ac.uk/vol1/fastq/SRR322/004/SRR3224984/SRR3224984_2.fastq.gz	SAMN04549866	1588754
SRR3224985	PAIRED	https://ftp.sra.ebi.ac.uk/vol1/fastq/SRR322/005/SRR3224985/SRR3224985_1.fastq.gz	https://ftp.sra.ebi.ac.uk/vol1/fastq/SRR322/005/SRR3224985/SRR3224985_2.fastq.gz	SAMN04549867	1755742
SRR3224986	PAIRED	https://ftp.sra.ebi.ac.uk/vol1/fastq/SRR322/006/SRR3224986/SRR3224986_1.fastq.gz	https://ftp.sra.ebi.ac.uk/vol1/fastq/SRR322/006/SRR3224986/SRR3224986_2.fastq.gz	SAMN04549868	1592484
SRR3224987	PAIRED	https://ftp.sra.ebi.ac.uk/vol1/fastq/SRR322/007/SRR3224987/SRR3224987_1.fastq.gz	https://ftp.sra.ebi.ac.uk/vol1/fastq/SRR322/007/SRR3224987/SRR3224987_2.fastq.gz	SAMN04549869	1783321
SRR3224988	PAIRED	https://ftp.sra.ebi.ac.uk/vol1/fastq/SRR322/008/SRR3224988/SRR3224988_1.fastq.gz	https://ftp.sra.ebi.ac.uk/vol1/fastq/SRR322/008/SRR3224988/SRR3224988_2.fastq.gz	SAMN04549870	1481922
SRR3224989	PAIRED	https://ftp.sra.ebi.ac.uk/vol1/fastq/SRR322/009/SRR3224989/SRR3224989_1.fastq.gz	https://ftp.sra.ebi.ac.uk/vol1/fastq/SRR322/009/SRR3224989/SRR3224989_2.fastq.gz	SAMN04549871	1791877
SRR3224990	PAIRED	https://ftp.sra.ebi.ac.uk/vol1/fastq/SRR322/000/SRR3224990/SRR3224990_1.fastq.gz	https://ftp.sra.ebi.ac.uk/vol1/fastq/SRR322/000/SRR3224990/SRR3224990_2.fastq.gz	SAMN04549872	1097389
SRR3224991	PAIRED	https://ftp.sra.ebi.ac.uk/vol1/fastq/SRR322/001/SRR3224991/SRR3224991_1.fastq.gz	https://ftp.sra.ebi.ac.uk/vol1/fastq/SRR322/001/SRR3224991/SRR3224991_2.fastq.gz	SAMN04549873	1271204
SRR3224992	PAIRED	https://ftp.sra.ebi.ac.uk/vol1/fastq/SRR322/002/SRR3224992/SRR3224992_1.fastq.gz	https://ftp.sra.ebi.ac.uk/vol1/fastq/SRR322/002/SRR3224992/SRR3224992_2.fastq.gz	SAMN04549874	2097049
SRR3224993	PAIRED	https://ftp.sra.ebi.ac.uk/vol1/fastq/SRR322/003/SRR3224993/SRR3224993_1.fastq.gz	https://ftp.sra.ebi.ac.uk/vol1/fastq/SRR322/003/SRR3224993/SRR3224993_2.fastq.gz	SAMN04549875	1429779
SRR3224994	PAIRED	https://ftp.sra.ebi.ac.uk/vol1/fastq/SRR322/004/SRR3224994/SRR3224994_1.fastq.gz	https://ftp.sra.ebi.ac.uk/vol1/fastq/SRR322/004/SRR3224994/SRR3224994_2.fastq.gz	SAMN04549876	1820682
SRR3224995	PAIRED	https://ftp.sra.ebi.ac.uk/vol1/fastq/SRR322/005/SRR3224995/SRR3224995_1.fastq.gz	https://ftp.sra.ebi.ac.uk/vol1/fastq/SRR322/005/SRR3224995/SRR3224995_2.fastq.gz	SAMN04549877	2266404
SRR3224996	PAIRED	https://ftp.sra.ebi.ac.uk/vol1/fastq/SRR322/006/SRR3224996/SRR3224996_1.fastq.gz	https://ftp.sra.ebi.ac.uk/vol1/fastq/SRR322/006/SRR3224996/SRR3224996_2.fastq.gz	SAMN04549878	1825687
SRR3224997	PAIRED	https://ftp.sra.ebi.ac.uk/vol1/fastq/SRR322/007/SRR3224997/SRR3224997_1.fastq.gz	https://ftp.sra.ebi.ac.uk/vol1/fastq/SRR322/007/SRR3224997/SRR3224997_2.fastq.gz	SAMN04549879	1846491
SRR3224998	PAIRED	https://ftp.sra.ebi.ac.uk/vol1/fastq/SRR322/008/SRR3224998/SRR3224998_1.fastq.gz	https://ftp.sra.ebi.ac.uk/vol1/fastq/SRR322/008/SRR3224998/SRR3224998_2.fastq.gz	SAMN04549880	1927027
SRR3224999	PAIRED	https://ftp.sra.ebi.ac.uk/vol1/fastq/SRR322/009/SRR3224999/SRR3224999_1.fastq.gz	https://ftp.sra.ebi.ac.uk/vol1/fastq/SRR322/009/SRR3224999/SRR3224999_2.fastq.gz	SAMN04549881	1550810
SRR3225001	PAIRED	https://ftp.sra.ebi.ac.uk/vol1/fastq/SRR322/001/SRR3225001/SRR3225001_1.fastq.gz	https://ftp.sra.ebi.ac.uk/vol1/fastq/SRR322/001/SRR3225001/SRR3225001_2.fastq.gz	SAMN04549883	1608241
SRR3225002	PAIRED	https://ftp.sra.ebi.ac.uk/vol1/fastq/SRR322/002/SRR3225002/SRR3225002_1.fastq.gz	https://ftp.sra.ebi.ac.uk/vol1/fastq/SRR322/002/SRR3225002/SRR3225002_2.fastq.gz	SAMN04549884	1566848
SRR3225003	PAIRED	https://ftp.sra.ebi.ac.uk/vol1/fastq/SRR322/003/SRR3225003/SRR3225003_1.fastq.gz	https://ftp.sra.ebi.ac.uk/vol1/fastq/SRR322/003/SRR3225003/SRR3225003_2.fastq.gz	SAMN04549885	1735287
SRR3225041	PAIRED	https://ftp.sra.ebi.ac.uk/vol1/fastq/SRR322/001/SRR3225041/SRR3225041_1.fastq.gz	https://ftp.sra.ebi.ac.uk/vol1/fastq/SRR322/001/SRR3225041/SRR3225041_2.fastq.gz	SAMN04550075	1797850
SRR3225042	PAIRED	https://ftp.sra.ebi.ac.uk/vol1/fastq/SRR322/002/SRR3225042/SRR3225042_1.fastq.gz	https://ftp.sra.ebi.ac.uk/vol1/fastq/SRR322/002/SRR3225042/SRR3225042_2.fastq.gz	SAMN04550076	1601859
SRR3225043	PAIRED	https://ftp.sra.ebi.ac.uk/vol1/fastq/SRR322/003/SRR3225043/SRR3225043_1.fastq.gz	https://ftp.sra.ebi.ac.uk/vol1/fastq/SRR322/003/SRR3225043/SRR3225043_2.fastq.gz	SAMN04550077	1597738
SRR3225044	PAIRED	https://ftp.sra.ebi.ac.uk/vol1/fastq/SRR322/004/SRR3225044/SRR3225044_1.fastq.gz	https://ftp.sra.ebi.ac.uk/vol1/fastq/SRR322/004/SRR3225044/SRR3225044_2.fastq.gz	SAMN04550078	1818930
SRR3225045	PAIRED	https://ftp.sra.ebi.ac.uk/vol1/fastq/SRR322/005/SRR3225045/SRR3225045_1.fastq.gz	https://ftp.sra.ebi.ac.uk/vol1/fastq/SRR322/005/SRR3225045/SRR3225045_2.fastq.gz	SAMN04550079	2134500
SRR3225046	PAIRED	https://ftp.sra.ebi.ac.uk/vol1/fastq/SRR322/006/SRR3225046/SRR3225046_1.fastq.gz	https://ftp.sra.ebi.ac.uk/vol1/fastq/SRR322/006/SRR3225046/SRR3225046_2.fastq.gz	SAMN04550080	2127082
SRR3225047	PAIRED	https://ftp.sra.ebi.ac.uk/vol1/fastq/SRR322/007/SRR3225047/SRR3225047_1.fastq.gz	https://ftp.sra.ebi.ac.uk/vol1/fastq/SRR322/007/SRR3225047/SRR3225047_2.fastq.gz	SAMN04550081	1520435
SRR3225048	PAIRED	https://ftp.sra.ebi.ac.uk/vol1/fastq/SRR322/008/SRR3225048/SRR3225048_1.fastq.gz	https://ftp.sra.ebi.ac.uk/vol1/fastq/SRR322/008/SRR3225048/SRR3225048_2.fastq.gz	SAMN04550082	1794701
SRR3225049	PAIRED	https://ftp.sra.ebi.ac.uk/vol1/fastq/SRR322/009/SRR3225049/SRR3225049_1.fastq.gz	https://ftp.sra.ebi.ac.uk/vol1/fastq/SRR322/009/SRR3225049/SRR3225049_2.fastq.gz	SAMN04550083	1526362
SRR3225050	PAIRED	https://ftp.sra.ebi.ac.uk/vol1/fastq/SRR322/000/SRR3225050/SRR3225050_1.fastq.gz	https://ftp.sra.ebi.ac.uk/vol1/fastq/SRR322/000/SRR3225050/SRR3225050_2.fastq.gz	SAMN04550084	1871720
SRR3225051	PAIRED	https://ftp.sra.ebi.ac.uk/vol1/fastq/SRR322/001/SRR3225051/SRR3225051_1.fastq.gz	https://ftp.sra.ebi.ac.uk/vol1/fastq/SRR322/001/SRR3225051/SRR3225051_2.fastq.gz	SAMN04550085	1202776
SRR3225052	PAIRED	https://ftp.sra.ebi.ac.uk/vol1/fastq/SRR322/002/SRR3225052/SRR3225052_1.fastq.gz	https://ftp.sra.ebi.ac.uk/vol1/fastq/SRR322/002/SRR3225052/SRR3225052_2.fastq.gz	SAMN04550086	1815989
SRR3225053	PAIRED	https://ftp.sra.ebi.ac.uk/vol1/fastq/SRR322/003/SRR3225053/SRR3225053_1.fastq.gz	https://ftp.sra.ebi.ac.uk/vol1/fastq/SRR322/003/SRR3225053/SRR3225053_2.fastq.gz	SAMN04550087	1297528
SRR3225054	PAIRED	https://ftp.sra.ebi.ac.uk/vol1/fastq/SRR322/004/SRR3225054/SRR3225054_1.fastq.gz	https://ftp.sra.ebi.ac.uk/vol1/fastq/SRR322/004/SRR3225054/SRR3225054_2.fastq.gz	SAMN04550088	1748724
SRR3225055	PAIRED	https://ftp.sra.ebi.ac.uk/vol1/fastq/SRR322/005/SRR3225055/SRR3225055_1.fastq.gz	https://ftp.sra.ebi.ac.uk/vol1/fastq/SRR322/005/SRR3225055/SRR3225055_2.fastq.gz	SAMN04550089	1717666
SRR3225056	PAIRED	https://ftp.sra.ebi.ac.uk/vol1/fastq/SRR322/006/SRR3225056/SRR3225056_1.fastq.gz	https://ftp.sra.ebi.ac.uk/vol1/fastq/SRR322/006/SRR3225056/SRR3225056_2.fastq.gz	SAMN04550090	1517458
SRR3225057	PAIRED	https://ftp.sra.ebi.ac.uk/vol1/fastq/SRR322/007/SRR3225057/SRR3225057_1.fastq.gz	https://ftp.sra.ebi.ac.uk/vol1/fastq/SRR322/007/SRR3225057/SRR3225057_2.fastq.gz	SAMN04550091	1779701
SRR3225058	PAIRED	https://ftp.sra.ebi.ac.uk/vol1/fastq/SRR322/008/SRR3225058/SRR3225058_1.fastq.gz	https://ftp.sra.ebi.ac.uk/vol1/fastq/SRR322/008/SRR3225058/SRR3225058_2.fastq.gz	SAMN04550092	1789635
SRR3225059	PAIRED	https://ftp.sra.ebi.ac.uk/vol1/fastq/SRR322/009/SRR3225059/SRR3225059_1.fastq.gz	https://ftp.sra.ebi.ac.uk/vol1/fastq/SRR322/009/SRR3225059/SRR3225059_2.fastq.gz	SAMN04550093	1601423
SRR3225060	PAIRED	https://ftp.sra.ebi.ac.uk/vol1/fastq/SRR322/000/SRR3225060/SRR3225060_1.fastq.gz	https://ftp.sra.ebi.ac.uk/vol1/fastq/SRR322/000/SRR3225060/SRR3225060_2.fastq.gz	SAMN04550094	1381737
SRR3225061	PAIRED	https://ftp.sra.ebi.ac.uk/vol1/fastq/SRR322/001/SRR3225061/SRR3225061_1.fastq.gz	https://ftp.sra.ebi.ac.uk/vol1/fastq/SRR322/001/SRR3225061/SRR3225061_2.fastq.gz	SAMN04550095	1729685
SRR3225230	PAIRED	https://ftp.sra.ebi.ac.uk/vol1/fastq/SRR322/000/SRR3225230/SRR3225230_1.fastq.gz	https://ftp.sra.ebi.ac.uk/vol1/fastq/SRR322/000/SRR3225230/SRR3225230_2.fastq.gz	SAMN04550105	1848688
SRR3225231	PAIRED	https://ftp.sra.ebi.ac.uk/vol1/fastq/SRR322/001/SRR3225231/SRR3225231_1.fastq.gz	https://ftp.sra.ebi.ac.uk/vol1/fastq/SRR322/001/SRR3225231/SRR3225231_2.fastq.gz	SAMN04550106	1761240
SRR3225232	PAIRED	https://ftp.sra.ebi.ac.uk/vol1/fastq/SRR322/002/SRR3225232/SRR3225232_1.fastq.gz	https://ftp.sra.ebi.ac.uk/vol1/fastq/SRR322/002/SRR3225232/SRR3225232_2.fastq.gz	SAMN04550107	1749584
SRR3225233	PAIRED	https://ftp.sra.ebi.ac.uk/vol1/fastq/SRR322/003/SRR3225233/SRR3225233_1.fastq.gz	https://ftp.sra.ebi.ac.uk/vol1/fastq/SRR322/003/SRR3225233/SRR3225233_2.fastq.gz	SAMN04550108	1769346
SRR3225234	PAIRED	https://ftp.sra.ebi.ac.uk/vol1/fastq/SRR322/004/SRR3225234/SRR3225234_1.fastq.gz	https://ftp.sra.ebi.ac.uk/vol1/fastq/SRR322/004/SRR3225234/SRR3225234_2.fastq.gz	SAMN04550109	2390996
SRR3225235	PAIRED	https://ftp.sra.ebi.ac.uk/vol1/fastq/SRR322/005/SRR3225235/SRR3225235_1.fastq.gz	https://ftp.sra.ebi.ac.uk/vol1/fastq/SRR322/005/SRR3225235/SRR3225235_2.fastq.gz	SAMN04550110	2256676
SRR3225236	PAIRED	https://ftp.sra.ebi.ac.uk/vol1/fastq/SRR322/006/SRR3225236/SRR3225236_1.fastq.gz	https://ftp.sra.ebi.ac.uk/vol1/fastq/SRR322/006/SRR3225236/SRR3225236_2.fastq.gz	SAMN04550111	1680253
SRR3225237	PAIRED	https://ftp.sra.ebi.ac.uk/vol1/fastq/SRR322/007/SRR3225237/SRR3225237_1.fastq.gz	https://ftp.sra.ebi.ac.uk/vol1/fastq/SRR322/007/SRR3225237/SRR3225237_2.fastq.gz	SAMN04550112	2048549
SRR3225238	PAIRED	https://ftp.sra.ebi.ac.uk/vol1/fastq/SRR322/008/SRR3225238/SRR3225238_1.fastq.gz	https://ftp.sra.ebi.ac.uk/vol1/fastq/SRR322/008/SRR3225238/SRR3225238_2.fastq.gz	SAMN04550113	1611499
SRR3225240	PAIRED	https://ftp.sra.ebi.ac.uk/vol1/fastq/SRR322/000/SRR3225240/SRR3225240_1.fastq.gz	https://ftp.sra.ebi.ac.uk/vol1/fastq/SRR322/000/SRR3225240/SRR3225240_2.fastq.gz	SAMN04550114	2009994
SRR3225241	PAIRED	https://ftp.sra.ebi.ac.uk/vol1/fastq/SRR322/001/SRR3225241/SRR3225241_1.fastq.gz	https://ftp.sra.ebi.ac.uk/vol1/fastq/SRR322/001/SRR3225241/SRR3225241_2.fastq.gz	SAMN04550115	1600379
SRR3225242	PAIRED	https://ftp.sra.ebi.ac.uk/vol1/fastq/SRR322/002/SRR3225242/SRR3225242_1.fastq.gz	https://ftp.sra.ebi.ac.uk/vol1/fastq/SRR322/002/SRR3225242/SRR3225242_2.fastq.gz	SAMN04550116	1709403
SRR3225243	PAIRED	https://ftp.sra.ebi.ac.uk/vol1/fastq/SRR322/003/SRR3225243/SRR3225243_1.fastq.gz	https://ftp.sra.ebi.ac.uk/vol1/fastq/SRR322/003/SRR3225243/SRR3225243_2.fastq.gz	SAMN04550117	1491324
SRR3225244	PAIRED	https://ftp.sra.ebi.ac.uk/vol1/fastq/SRR322/004/SRR3225244/SRR3225244_1.fastq.gz	https://ftp.sra.ebi.ac.uk/vol1/fastq/SRR322/004/SRR3225244/SRR3225244_2.fastq.gz	SAMN04550118	1602839
SRR3225245	PAIRED	https://ftp.sra.ebi.ac.uk/vol1/fastq/SRR322/005/SRR3225245/SRR3225245_1.fastq.gz	https://ftp.sra.ebi.ac.uk/vol1/fastq/SRR322/005/SRR3225245/SRR3225245_2.fastq.gz	SAMN04550119	1766631
SRR3225246	PAIRED	https://ftp.sra.ebi.ac.uk/vol1/fastq/SRR322/006/SRR3225246/SRR3225246_1.fastq.gz	https://ftp.sra.ebi.ac.uk/vol1/fastq/SRR322/006/SRR3225246/SRR3225246_2.fastq.gz	SAMN04550120	1686458
SRR3225248	PAIRED	https://ftp.sra.ebi.ac.uk/vol1/fastq/SRR322/008/SRR3225248/SRR3225248_1.fastq.gz	https://ftp.sra.ebi.ac.uk/vol1/fastq/SRR322/008/SRR3225248/SRR3225248_2.fastq.gz	SAMN04550122	1985175
SRR3225249	PAIRED	https://ftp.sra.ebi.ac.uk/vol1/fastq/SRR322/009/SRR3225249/SRR3225249_1.fastq.gz	https://ftp.sra.ebi.ac.uk/vol1/fastq/SRR322/009/SRR3225249/SRR3225249_2.fastq.gz	SAMN04550123	1418408
SRR3225250	PAIRED	https://ftp.sra.ebi.ac.uk/vol1/fastq/SRR322/000/SRR3225250/SRR3225250_1.fastq.gz	https://ftp.sra.ebi.ac.uk/vol1/fastq/SRR322/000/SRR3225250/SRR3225250_2.fastq.gz	SAMN04550124	1788596
SRR3226988	PAIRED	https://ftp.sra.ebi.ac.uk/vol1/fastq/SRR322/008/SRR3226988/SRR3226988_1.fastq.gz	https://ftp.sra.ebi.ac.uk/vol1/fastq/SRR322/008/SRR3226988/SRR3226988_2.fastq.gz	SAMN04555174	1680449
SRR3226989	PAIRED	https://ftp.sra.ebi.ac.uk/vol1/fastq/SRR322/009/SRR3226989/SRR3226989_1.fastq.gz	https://ftp.sra.ebi.ac.uk/vol1/fastq/SRR322/009/SRR3226989/SRR3226989_2.fastq.gz	SAMN04555175	1634865
SRR3226990	PAIRED	https://ftp.sra.ebi.ac.uk/vol1/fastq/SRR322/000/SRR3226990/SRR3226990_1.fastq.gz	https://ftp.sra.ebi.ac.uk/vol1/fastq/SRR322/000/SRR3226990/SRR3226990_2.fastq.gz	SAMN04555176	1496267
SRR3226991	PAIRED	https://ftp.sra.ebi.ac.uk/vol1/fastq/SRR322/001/SRR3226991/SRR3226991_1.fastq.gz	https://ftp.sra.ebi.ac.uk/vol1/fastq/SRR322/001/SRR3226991/SRR3226991_2.fastq.gz	SAMN04555177	2110850
SRR3226992	PAIRED	https://ftp.sra.ebi.ac.uk/vol1/fastq/SRR322/002/SRR3226992/SRR3226992_1.fastq.gz	https://ftp.sra.ebi.ac.uk/vol1/fastq/SRR322/002/SRR3226992/SRR3226992_2.fastq.gz	SAMN04555178	2182426
SRR3226993	PAIRED	https://ftp.sra.ebi.ac.uk/vol1/fastq/SRR322/003/SRR3226993/SRR3226993_1.fastq.gz	https://ftp.sra.ebi.ac.uk/vol1/fastq/SRR322/003/SRR3226993/SRR3226993_2.fastq.gz	SAMN04555179	1227143
SRR3226994	PAIRED	https://ftp.sra.ebi.ac.uk/vol1/fastq/SRR322/004/SRR3226994/SRR3226994_1.fastq.gz	https://ftp.sra.ebi.ac.uk/vol1/fastq/SRR322/004/SRR3226994/SRR3226994_2.fastq.gz	SAMN04555180	1411718
SRR3226995	PAIRED	https://ftp.sra.ebi.ac.uk/vol1/fastq/SRR322/005/SRR3226995/SRR3226995_1.fastq.gz	https://ftp.sra.ebi.ac.uk/vol1/fastq/SRR322/005/SRR3226995/SRR3226995_2.fastq.gz	SAMN04555181	2030428
SRR3226996	PAIRED	https://ftp.sra.ebi.ac.uk/vol1/fastq/SRR322/006/SRR3226996/SRR3226996_1.fastq.gz	https://ftp.sra.ebi.ac.uk/vol1/fastq/SRR322/006/SRR3226996/SRR3226996_2.fastq.gz	SAMN04555182	2065112
SRR3226997	PAIRED	https://ftp.sra.ebi.ac.uk/vol1/fastq/SRR322/007/SRR3226997/SRR3226997_1.fastq.gz	https://ftp.sra.ebi.ac.uk/vol1/fastq/SRR322/007/SRR3226997/SRR3226997_2.fastq.gz	SAMN04555183	1850923
SRR3226998	PAIRED	https://ftp.sra.ebi.ac.uk/vol1/fastq/SRR322/008/SRR3226998/SRR3226998_1.fastq.gz	https://ftp.sra.ebi.ac.uk/vol1/fastq/SRR322/008/SRR3226998/SRR3226998_2.fastq.gz	SAMN04555184	1949338
SRR3226999	PAIRED	https://ftp.sra.ebi.ac.uk/vol1/fastq/SRR322/009/SRR3226999/SRR3226999_1.fastq.gz	https://ftp.sra.ebi.ac.uk/vol1/fastq/SRR322/009/SRR3226999/SRR3226999_2.fastq.gz	SAMN04555185	2058011
SRR3227001	PAIRED	https://ftp.sra.ebi.ac.uk/vol1/fastq/SRR322/001/SRR3227001/SRR3227001_1.fastq.gz	https://ftp.sra.ebi.ac.uk/vol1/fastq/SRR322/001/SRR3227001/SRR3227001_2.fastq.gz	SAMN04555187	1845573
SRR3227002	PAIRED	https://ftp.sra.ebi.ac.uk/vol1/fastq/SRR322/002/SRR3227002/SRR3227002_1.fastq.gz	https://ftp.sra.ebi.ac.uk/vol1/fastq/SRR322/002/SRR3227002/SRR3227002_2.fastq.gz	SAMN04555188	1493783
SRR3227003	PAIRED	https://ftp.sra.ebi.ac.uk/vol1/fastq/SRR322/003/SRR3227003/SRR3227003_1.fastq.gz	https://ftp.sra.ebi.ac.uk/vol1/fastq/SRR322/003/SRR3227003/SRR3227003_2.fastq.gz	SAMN04555189	1461755
SRR3227004	PAIRED	https://ftp.sra.ebi.ac.uk/vol1/fastq/SRR322/004/SRR3227004/SRR3227004_1.fastq.gz	https://ftp.sra.ebi.ac.uk/vol1/fastq/SRR322/004/SRR3227004/SRR3227004_2.fastq.gz	SAMN04555190	1521729
SRR3227005	PAIRED	https://ftp.sra.ebi.ac.uk/vol1/fastq/SRR322/005/SRR3227005/SRR3227005_1.fastq.gz	https://ftp.sra.ebi.ac.uk/vol1/fastq/SRR322/005/SRR3227005/SRR3227005_2.fastq.gz	SAMN04555191	1793098
SRR3227006	PAIRED	https://ftp.sra.ebi.ac.uk/vol1/fastq/SRR322/006/SRR3227006/SRR3227006_1.fastq.gz	https://ftp.sra.ebi.ac.uk/vol1/fastq/SRR322/006/SRR3227006/SRR3227006_2.fastq.gz	SAMN04555192	2095869
SRR3227007	PAIRED	https://ftp.sra.ebi.ac.uk/vol1/fastq/SRR322/007/SRR3227007/SRR3227007_1.fastq.gz	https://ftp.sra.ebi.ac.uk/vol1/fastq/SRR322/007/SRR3227007/SRR3227007_2.fastq.gz	SAMN04555193	1746689
SRR3227008	PAIRED	https://ftp.sra.ebi.ac.uk/vol1/fastq/SRR322/008/SRR3227008/SRR3227008_1.fastq.gz	https://ftp.sra.ebi.ac.uk/vol1/fastq/SRR322/008/SRR3227008/SRR3227008_2.fastq.gz	SAMN04555194	1956188
SRR3227009	PAIRED	https://ftp.sra.ebi.ac.uk/vol1/fastq/SRR322/009/SRR3227009/SRR3227009_1.fastq.gz	https://ftp.sra.ebi.ac.uk/vol1/fastq/SRR322/009/SRR3227009/SRR3227009_2.fastq.gz	SAMN04555195	1235438
SRR3227010	PAIRED	https://ftp.sra.ebi.ac.uk/vol1/fastq/SRR322/000/SRR3227010/SRR3227010_1.fastq.gz	https://ftp.sra.ebi.ac.uk/vol1/fastq/SRR322/000/SRR3227010/SRR3227010_2.fastq.gz	SAMN04555196	1325214
SRR3227011	PAIRED	https://ftp.sra.ebi.ac.uk/vol1/fastq/SRR322/001/SRR3227011/SRR3227011_1.fastq.gz	https://ftp.sra.ebi.ac.uk/vol1/fastq/SRR322/001/SRR3227011/SRR3227011_2.fastq.gz	SAMN04555197	1997149
SRR3227012	PAIRED	https://ftp.sra.ebi.ac.uk/vol1/fastq/SRR322/002/SRR3227012/SRR3227012_1.fastq.gz	https://ftp.sra.ebi.ac.uk/vol1/fastq/SRR322/002/SRR3227012/SRR3227012_2.fastq.gz	SAMN04555198	2487450
SRR3227013	PAIRED	https://ftp.sra.ebi.ac.uk/vol1/fastq/SRR322/003/SRR3227013/SRR3227013_1.fastq.gz	https://ftp.sra.ebi.ac.uk/vol1/fastq/SRR322/003/SRR3227013/SRR3227013_2.fastq.gz	SAMN04555199	1823173
SRR3227014	PAIRED	https://ftp.sra.ebi.ac.uk/vol1/fastq/SRR322/004/SRR3227014/SRR3227014_1.fastq.gz	https://ftp.sra.ebi.ac.uk/vol1/fastq/SRR322/004/SRR3227014/SRR3227014_2.fastq.gz	SAMN04555200	1524840
SRR3227015	PAIRED	https://ftp.sra.ebi.ac.uk/vol1/fastq/SRR322/005/SRR3227015/SRR3227015_1.fastq.gz	https://ftp.sra.ebi.ac.uk/vol1/fastq/SRR322/005/SRR3227015/SRR3227015_2.fastq.gz	SAMN04555201	1890633
SRR3227016	PAIRED	https://ftp.sra.ebi.ac.uk/vol1/fastq/SRR322/006/SRR3227016/SRR3227016_1.fastq.gz	https://ftp.sra.ebi.ac.uk/vol1/fastq/SRR322/006/SRR3227016/SRR3227016_2.fastq.gz	SAMN04555202	1966134
SRR3227017	PAIRED	https://ftp.sra.ebi.ac.uk/vol1/fastq/SRR322/007/SRR3227017/SRR3227017_1.fastq.gz	https://ftp.sra.ebi.ac.uk/vol1/fastq/SRR322/007/SRR3227017/SRR3227017_2.fastq.gz	SAMN04555203	1763405
SRR3227018	PAIRED	https://ftp.sra.ebi.ac.uk/vol1/fastq/SRR322/008/SRR3227018/SRR3227018_1.fastq.gz	https://ftp.sra.ebi.ac.uk/vol1/fastq/SRR322/008/SRR3227018/SRR3227018_2.fastq.gz	SAMN04555204	1970610
SRR3227019	PAIRED	https://ftp.sra.ebi.ac.uk/vol1/fastq/SRR322/009/SRR3227019/SRR3227019_1.fastq.gz	https://ftp.sra.ebi.ac.uk/vol1/fastq/SRR322/009/SRR3227019/SRR3227019_2.fastq.gz	SAMN04555205	1726748
SRR3227020	PAIRED	https://ftp.sra.ebi.ac.uk/vol1/fastq/SRR322/000/SRR3227020/SRR3227020_1.fastq.gz	https://ftp.sra.ebi.ac.uk/vol1/fastq/SRR322/000/SRR3227020/SRR3227020_2.fastq.gz	SAMN04555206	1855889
SRR3227021	PAIRED	https://ftp.sra.ebi.ac.uk/vol1/fastq/SRR322/001/SRR3227021/SRR3227021_1.fastq.gz	https://ftp.sra.ebi.ac.uk/vol1/fastq/SRR322/001/SRR3227021/SRR3227021_2.fastq.gz	SAMN04555207	1642060
SRR3227022	PAIRED	https://ftp.sra.ebi.ac.uk/vol1/fastq/SRR322/002/SRR3227022/SRR3227022_1.fastq.gz	https://ftp.sra.ebi.ac.uk/vol1/fastq/SRR322/002/SRR3227022/SRR3227022_2.fastq.gz	SAMN04555208	1214296
SRR3227023	PAIRED	https://ftp.sra.ebi.ac.uk/vol1/fastq/SRR322/003/SRR3227023/SRR3227023_1.fastq.gz	https://ftp.sra.ebi.ac.uk/vol1/fastq/SRR322/003/SRR3227023/SRR3227023_2.fastq.gz	SAMN04555209	1375747
SRR3227024	PAIRED	https://ftp.sra.ebi.ac.uk/vol1/fastq/SRR322/004/SRR3227024/SRR3227024_1.fastq.gz	https://ftp.sra.ebi.ac.uk/vol1/fastq/SRR322/004/SRR3227024/SRR3227024_2.fastq.gz	SAMN04555210	1541971
SRR3227025	PAIRED	https://ftp.sra.ebi.ac.uk/vol1/fastq/SRR322/005/SRR3227025/SRR3227025_1.fastq.gz	https://ftp.sra.ebi.ac.uk/vol1/fastq/SRR322/005/SRR3227025/SRR3227025_2.fastq.gz	SAMN04555211	1339959
SRR3227026	PAIRED	https://ftp.sra.ebi.ac.uk/vol1/fastq/SRR322/006/SRR3227026/SRR3227026_1.fastq.gz	https://ftp.sra.ebi.ac.uk/vol1/fastq/SRR322/006/SRR3227026/SRR3227026_2.fastq.gz	SAMN04555212	1676036
SRR3227027	PAIRED	https://ftp.sra.ebi.ac.uk/vol1/fastq/SRR322/007/SRR3227027/SRR3227027_1.fastq.gz	https://ftp.sra.ebi.ac.uk/vol1/fastq/SRR322/007/SRR3227027/SRR3227027_2.fastq.gz	SAMN04555213	2378183
SRR3227028	PAIRED	https://ftp.sra.ebi.ac.uk/vol1/fastq/SRR322/008/SRR3227028/SRR3227028_1.fastq.gz	https://ftp.sra.ebi.ac.uk/vol1/fastq/SRR322/008/SRR3227028/SRR3227028_2.fastq.gz	SAMN04555214	1387951
SRR3227029	PAIRED	https://ftp.sra.ebi.ac.uk/vol1/fastq/SRR322/009/SRR3227029/SRR3227029_1.fastq.gz	https://ftp.sra.ebi.ac.uk/vol1/fastq/SRR322/009/SRR3227029/SRR3227029_2.fastq.gz	SAMN04555215	1403119
SRR3227030	PAIRED	https://ftp.sra.ebi.ac.uk/vol1/fastq/SRR322/000/SRR3227030/SRR3227030_1.fastq.gz	https://ftp.sra.ebi.ac.uk/vol1/fastq/SRR322/000/SRR3227030/SRR3227030_2.fastq.gz	SAMN04555216	1318794
SRR3227031	PAIRED	https://ftp.sra.ebi.ac.uk/vol1/fastq/SRR322/001/SRR3227031/SRR3227031_1.fastq.gz	https://ftp.sra.ebi.ac.uk/vol1/fastq/SRR322/001/SRR3227031/SRR3227031_2.fastq.gz	SAMN04555217	1281355
SRR3227032	PAIRED	https://ftp.sra.ebi.ac.uk/vol1/fastq/SRR322/002/SRR3227032/SRR3227032_1.fastq.gz	https://ftp.sra.ebi.ac.uk/vol1/fastq/SRR322/002/SRR3227032/SRR3227032_2.fastq.gz	SAMN04555218	2609328
SRR3227033	PAIRED	https://ftp.sra.ebi.ac.uk/vol1/fastq/SRR322/003/SRR3227033/SRR3227033_1.fastq.gz	https://ftp.sra.ebi.ac.uk/vol1/fastq/SRR322/003/SRR3227033/SRR3227033_2.fastq.gz	SAMN04555219	2180260
SRR3227034	PAIRED	https://ftp.sra.ebi.ac.uk/vol1/fastq/SRR322/004/SRR3227034/SRR3227034_1.fastq.gz	https://ftp.sra.ebi.ac.uk/vol1/fastq/SRR322/004/SRR3227034/SRR3227034_2.fastq.gz	SAMN04555220	2386341
SRR3227035	PAIRED	https://ftp.sra.ebi.ac.uk/vol1/fastq/SRR322/005/SRR3227035/SRR3227035_1.fastq.gz	https://ftp.sra.ebi.ac.uk/vol1/fastq/SRR322/005/SRR3227035/SRR3227035_2.fastq.gz	SAMN04555221	1406037
SRR3227036	PAIRED	https://ftp.sra.ebi.ac.uk/vol1/fastq/SRR322/006/SRR3227036/SRR3227036_1.fastq.gz	https://ftp.sra.ebi.ac.uk/vol1/fastq/SRR322/006/SRR3227036/SRR3227036_2.fastq.gz	SAMN04555222	1852787
SRR3227037	PAIRED	https://ftp.sra.ebi.ac.uk/vol1/fastq/SRR322/007/SRR3227037/SRR3227037_1.fastq.gz	https://ftp.sra.ebi.ac.uk/vol1/fastq/SRR322/007/SRR3227037/SRR3227037_2.fastq.gz	SAMN04555223	1570079
SRR3227038	PAIRED	https://ftp.sra.ebi.ac.uk/vol1/fastq/SRR322/008/SRR3227038/SRR3227038_1.fastq.gz	https://ftp.sra.ebi.ac.uk/vol1/fastq/SRR322/008/SRR3227038/SRR3227038_2.fastq.gz	SAMN04555224	1660340
SRR3227039	PAIRED	https://ftp.sra.ebi.ac.uk/vol1/fastq/SRR322/009/SRR3227039/SRR3227039_1.fastq.gz	https://ftp.sra.ebi.ac.uk/vol1/fastq/SRR322/009/SRR3227039/SRR3227039_2.fastq.gz	SAMN04555225	2000290
SRR3227040	PAIRED	https://ftp.sra.ebi.ac.uk/vol1/fastq/SRR322/000/SRR3227040/SRR3227040_1.fastq.gz	https://ftp.sra.ebi.ac.uk/vol1/fastq/SRR322/000/SRR3227040/SRR3227040_2.fastq.gz	SAMN04555226	2061500
SRR3227041	PAIRED	https://ftp.sra.ebi.ac.uk/vol1/fastq/SRR322/001/SRR3227041/SRR3227041_1.fastq.gz	https://ftp.sra.ebi.ac.uk/vol1/fastq/SRR322/001/SRR3227041/SRR3227041_2.fastq.gz	SAMN04555227	1848343
SRR3227042	PAIRED	https://ftp.sra.ebi.ac.uk/vol1/fastq/SRR322/002/SRR3227042/SRR3227042_1.fastq.gz	https://ftp.sra.ebi.ac.uk/vol1/fastq/SRR322/002/SRR3227042/SRR3227042_2.fastq.gz	SAMN04555228	1931280
SRR3227043	PAIRED	https://ftp.sra.ebi.ac.uk/vol1/fastq/SRR322/003/SRR3227043/SRR3227043_1.fastq.gz	https://ftp.sra.ebi.ac.uk/vol1/fastq/SRR322/003/SRR3227043/SRR3227043_2.fastq.gz	SAMN04555229	1628843
SRR3227044	PAIRED	https://ftp.sra.ebi.ac.uk/vol1/fastq/SRR322/004/SRR3227044/SRR3227044_1.fastq.gz	https://ftp.sra.ebi.ac.uk/vol1/fastq/SRR322/004/SRR3227044/SRR3227044_2.fastq.gz	SAMN04555230	1365005
SRR3227045	PAIRED	https://ftp.sra.ebi.ac.uk/vol1/fastq/SRR322/005/SRR3227045/SRR3227045_1.fastq.gz	https://ftp.sra.ebi.ac.uk/vol1/fastq/SRR322/005/SRR3227045/SRR3227045_2.fastq.gz	SAMN04555231	1087434
SRR3227046	PAIRED	https://ftp.sra.ebi.ac.uk/vol1/fastq/SRR322/006/SRR3227046/SRR3227046_1.fastq.gz	https://ftp.sra.ebi.ac.uk/vol1/fastq/SRR322/006/SRR3227046/SRR3227046_2.fastq.gz	SAMN04555232	1308574
SRR3227047	PAIRED	https://ftp.sra.ebi.ac.uk/vol1/fastq/SRR322/007/SRR3227047/SRR3227047_1.fastq.gz	https://ftp.sra.ebi.ac.uk/vol1/fastq/SRR322/007/SRR3227047/SRR3227047_2.fastq.gz	SAMN04555233	1476498
SRR3227048	PAIRED	https://ftp.sra.ebi.ac.uk/vol1/fastq/SRR322/008/SRR3227048/SRR3227048_1.fastq.gz	https://ftp.sra.ebi.ac.uk/vol1/fastq/SRR322/008/SRR3227048/SRR3227048_2.fastq.gz	SAMN04555234	2292405
SRR3228473	PAIRED	https://ftp.sra.ebi.ac.uk/vol1/fastq/SRR322/003/SRR3228473/SRR3228473_1.fastq.gz	https://ftp.sra.ebi.ac.uk/vol1/fastq/SRR322/003/SRR3228473/SRR3228473_2.fastq.gz	SAMN04555289	1554615
SRR3228474	PAIRED	https://ftp.sra.ebi.ac.uk/vol1/fastq/SRR322/004/SRR3228474/SRR3228474_1.fastq.gz	https://ftp.sra.ebi.ac.uk/vol1/fastq/SRR322/004/SRR3228474/SRR3228474_2.fastq.gz	SAMN04555290	1185129
SRR3228475	PAIRED	https://ftp.sra.ebi.ac.uk/vol1/fastq/SRR322/005/SRR3228475/SRR3228475_1.fastq.gz	https://ftp.sra.ebi.ac.uk/vol1/fastq/SRR322/005/SRR3228475/SRR3228475_2.fastq.gz	SAMN04555291	1215496
SRR3228476	PAIRED	https://ftp.sra.ebi.ac.uk/vol1/fastq/SRR322/006/SRR3228476/SRR3228476_1.fastq.gz	https://ftp.sra.ebi.ac.uk/vol1/fastq/SRR322/006/SRR3228476/SRR3228476_2.fastq.gz	SAMN04555292	1367477
SRR3228477	PAIRED	https://ftp.sra.ebi.ac.uk/vol1/fastq/SRR322/007/SRR3228477/SRR3228477_1.fastq.gz	https://ftp.sra.ebi.ac.uk/vol1/fastq/SRR322/007/SRR3228477/SRR3228477_2.fastq.gz	SAMN04555293	2063741
SRR3228478	PAIRED	https://ftp.sra.ebi.ac.uk/vol1/fastq/SRR322/008/SRR3228478/SRR3228478_1.fastq.gz	https://ftp.sra.ebi.ac.uk/vol1/fastq/SRR322/008/SRR3228478/SRR3228478_2.fastq.gz	SAMN04555294	1809720
SRR3228479	PAIRED	https://ftp.sra.ebi.ac.uk/vol1/fastq/SRR322/009/SRR3228479/SRR3228479_1.fastq.gz	https://ftp.sra.ebi.ac.uk/vol1/fastq/SRR322/009/SRR3228479/SRR3228479_2.fastq.gz	SAMN04555295	2395557
SRR3228480	PAIRED	https://ftp.sra.ebi.ac.uk/vol1/fastq/SRR322/000/SRR3228480/SRR3228480_1.fastq.gz	https://ftp.sra.ebi.ac.uk/vol1/fastq/SRR322/000/SRR3228480/SRR3228480_2.fastq.gz	SAMN04555296	1601589
SRR3228481	PAIRED	https://ftp.sra.ebi.ac.uk/vol1/fastq/SRR322/001/SRR3228481/SRR3228481_1.fastq.gz	https://ftp.sra.ebi.ac.uk/vol1/fastq/SRR322/001/SRR3228481/SRR3228481_2.fastq.gz	SAMN04555297	1376160
SRR3228482	PAIRED	https://ftp.sra.ebi.ac.uk/vol1/fastq/SRR322/002/SRR3228482/SRR3228482_1.fastq.gz	https://ftp.sra.ebi.ac.uk/vol1/fastq/SRR322/002/SRR3228482/SRR3228482_2.fastq.gz	SAMN04555298	1850777
SRR3228483	PAIRED	https://ftp.sra.ebi.ac.uk/vol1/fastq/SRR322/003/SRR3228483/SRR3228483_1.fastq.gz	https://ftp.sra.ebi.ac.uk/vol1/fastq/SRR322/003/SRR3228483/SRR3228483_2.fastq.gz	SAMN04555299	1825752
SRR3228488	PAIRED	https://ftp.sra.ebi.ac.uk/vol1/fastq/SRR322/008/SRR3228488/SRR3228488_1.fastq.gz	https://ftp.sra.ebi.ac.uk/vol1/fastq/SRR322/008/SRR3228488/SRR3228488_2.fastq.gz	SAMN04555300	1914203
SRR3228489	PAIRED	https://ftp.sra.ebi.ac.uk/vol1/fastq/SRR322/009/SRR3228489/SRR3228489_1.fastq.gz	https://ftp.sra.ebi.ac.uk/vol1/fastq/SRR322/009/SRR3228489/SRR3228489_2.fastq.gz	SAMN04555301	2337423
SRR3228490	PAIRED	https://ftp.sra.ebi.ac.uk/vol1/fastq/SRR322/000/SRR3228490/SRR3228490_1.fastq.gz	https://ftp.sra.ebi.ac.uk/vol1/fastq/SRR322/000/SRR3228490/SRR3228490_2.fastq.gz	SAMN04555302	2025312
SRR3228491	PAIRED	https://ftp.sra.ebi.ac.uk/vol1/fastq/SRR322/001/SRR3228491/SRR3228491_1.fastq.gz	https://ftp.sra.ebi.ac.uk/vol1/fastq/SRR322/001/SRR3228491/SRR3228491_2.fastq.gz	SAMN04555303	1800012
SRR3228492	PAIRED	https://ftp.sra.ebi.ac.uk/vol1/fastq/SRR322/002/SRR3228492/SRR3228492_1.fastq.gz	https://ftp.sra.ebi.ac.uk/vol1/fastq/SRR322/002/SRR3228492/SRR3228492_2.fastq.gz	SAMN04555304	1725979
SRR3228493	PAIRED	https://ftp.sra.ebi.ac.uk/vol1/fastq/SRR322/003/SRR3228493/SRR3228493_1.fastq.gz	https://ftp.sra.ebi.ac.uk/vol1/fastq/SRR322/003/SRR3228493/SRR3228493_2.fastq.gz	SAMN04555305	1473604
SRR3228494	PAIRED	https://ftp.sra.ebi.ac.uk/vol1/fastq/SRR322/004/SRR3228494/SRR3228494_1.fastq.gz	https://ftp.sra.ebi.ac.uk/vol1/fastq/SRR322/004/SRR3228494/SRR3228494_2.fastq.gz	SAMN04555306	1488320
SRR3228495	PAIRED	https://ftp.sra.ebi.ac.uk/vol1/fastq/SRR322/005/SRR3228495/SRR3228495_1.fastq.gz	https://ftp.sra.ebi.ac.uk/vol1/fastq/SRR322/005/SRR3228495/SRR3228495_2.fastq.gz	SAMN04555307	1488225
SRR3228496	PAIRED	https://ftp.sra.ebi.ac.uk/vol1/fastq/SRR322/006/SRR3228496/SRR3228496_1.fastq.gz	https://ftp.sra.ebi.ac.uk/vol1/fastq/SRR322/006/SRR3228496/SRR3228496_2.fastq.gz	SAMN04555308	1454509
SRR3228497	PAIRED	https://ftp.sra.ebi.ac.uk/vol1/fastq/SRR322/007/SRR3228497/SRR3228497_1.fastq.gz	https://ftp.sra.ebi.ac.uk/vol1/fastq/SRR322/007/SRR3228497/SRR3228497_2.fastq.gz	SAMN04555309	2035791
SRR3228498	PAIRED	https://ftp.sra.ebi.ac.uk/vol1/fastq/SRR322/008/SRR3228498/SRR3228498_1.fastq.gz	https://ftp.sra.ebi.ac.uk/vol1/fastq/SRR322/008/SRR3228498/SRR3228498_2.fastq.gz	SAMN04555310	2164647
SRR3228533	PAIRED	https://ftp.sra.ebi.ac.uk/vol1/fastq/SRR322/003/SRR3228533/SRR3228533_1.fastq.gz	https://ftp.sra.ebi.ac.uk/vol1/fastq/SRR322/003/SRR3228533/SRR3228533_2.fastq.gz	SAMN04555479	1378858
SRR3228534	PAIRED	https://ftp.sra.ebi.ac.uk/vol1/fastq/SRR322/004/SRR3228534/SRR3228534_1.fastq.gz	https://ftp.sra.ebi.ac.uk/vol1/fastq/SRR322/004/SRR3228534/SRR3228534_2.fastq.gz	SAMN04555480	1686281
SRR3228535	PAIRED	https://ftp.sra.ebi.ac.uk/vol1/fastq/SRR322/005/SRR3228535/SRR3228535_1.fastq.gz	https://ftp.sra.ebi.ac.uk/vol1/fastq/SRR322/005/SRR3228535/SRR3228535_2.fastq.gz	SAMN04555481	1294875
SRR3228536	PAIRED	https://ftp.sra.ebi.ac.uk/vol1/fastq/SRR322/006/SRR3228536/SRR3228536_1.fastq.gz	https://ftp.sra.ebi.ac.uk/vol1/fastq/SRR322/006/SRR3228536/SRR3228536_2.fastq.gz	SAMN04555482	2237326
SRR3228537	PAIRED	https://ftp.sra.ebi.ac.uk/vol1/fastq/SRR322/007/SRR3228537/SRR3228537_1.fastq.gz	https://ftp.sra.ebi.ac.uk/vol1/fastq/SRR322/007/SRR3228537/SRR3228537_2.fastq.gz	SAMN04555483	1914732
SRR3228538	PAIRED	https://ftp.sra.ebi.ac.uk/vol1/fastq/SRR322/008/SRR3228538/SRR3228538_1.fastq.gz	https://ftp.sra.ebi.ac.uk/vol1/fastq/SRR322/008/SRR3228538/SRR3228538_2.fastq.gz	SAMN04555484	2188857
SRR3228539	PAIRED	https://ftp.sra.ebi.ac.uk/vol1/fastq/SRR322/009/SRR3228539/SRR3228539_1.fastq.gz	https://ftp.sra.ebi.ac.uk/vol1/fastq/SRR322/009/SRR3228539/SRR3228539_2.fastq.gz	SAMN04555485	1613591
SRR3228540	PAIRED	https://ftp.sra.ebi.ac.uk/vol1/fastq/SRR322/000/SRR3228540/SRR3228540_1.fastq.gz	https://ftp.sra.ebi.ac.uk/vol1/fastq/SRR322/000/SRR3228540/SRR3228540_2.fastq.gz	SAMN04555486	1858477
SRR3228541	PAIRED	https://ftp.sra.ebi.ac.uk/vol1/fastq/SRR322/001/SRR3228541/SRR3228541_1.fastq.gz	https://ftp.sra.ebi.ac.uk/vol1/fastq/SRR322/001/SRR3228541/SRR3228541_2.fastq.gz	SAMN04555487	1914692
SRR3228542	PAIRED	https://ftp.sra.ebi.ac.uk/vol1/fastq/SRR322/002/SRR3228542/SRR3228542_1.fastq.gz	https://ftp.sra.ebi.ac.uk/vol1/fastq/SRR322/002/SRR3228542/SRR3228542_2.fastq.gz	SAMN04555488	1743821
SRR3228543	PAIRED	https://ftp.sra.ebi.ac.uk/vol1/fastq/SRR322/003/SRR3228543/SRR3228543_1.fastq.gz	https://ftp.sra.ebi.ac.uk/vol1/fastq/SRR322/003/SRR3228543/SRR3228543_2.fastq.gz	SAMN04555489	1764454
SRR3228544	PAIRED	https://ftp.sra.ebi.ac.uk/vol1/fastq/SRR322/004/SRR3228544/SRR3228544_1.fastq.gz	https://ftp.sra.ebi.ac.uk/vol1/fastq/SRR322/004/SRR3228544/SRR3228544_2.fastq.gz	SAMN04555490	1706747
SRR3228545	PAIRED	https://ftp.sra.ebi.ac.uk/vol1/fastq/SRR322/005/SRR3228545/SRR3228545_1.fastq.gz	https://ftp.sra.ebi.ac.uk/vol1/fastq/SRR322/005/SRR3228545/SRR3228545_2.fastq.gz	SAMN04555491	1904569
SRR3228546	PAIRED	https://ftp.sra.ebi.ac.uk/vol1/fastq/SRR322/006/SRR3228546/SRR3228546_1.fastq.gz	https://ftp.sra.ebi.ac.uk/vol1/fastq/SRR322/006/SRR3228546/SRR3228546_2.fastq.gz	SAMN04555492	1724855
SRR3228547	PAIRED	https://ftp.sra.ebi.ac.uk/vol1/fastq/SRR322/007/SRR3228547/SRR3228547_1.fastq.gz	https://ftp.sra.ebi.ac.uk/vol1/fastq/SRR322/007/SRR3228547/SRR3228547_2.fastq.gz	SAMN04555493	2090310
SRR3228548	PAIRED	https://ftp.sra.ebi.ac.uk/vol1/fastq/SRR322/008/SRR3228548/SRR3228548_1.fastq.gz	https://ftp.sra.ebi.ac.uk/vol1/fastq/SRR322/008/SRR3228548/SRR3228548_2.fastq.gz	SAMN04555494	1947746
SRR3228549	PAIRED	https://ftp.sra.ebi.ac.uk/vol1/fastq/SRR322/009/SRR3228549/SRR3228549_1.fastq.gz	https://ftp.sra.ebi.ac.uk/vol1/fastq/SRR322/009/SRR3228549/SRR3228549_2.fastq.gz	SAMN04555495	1465639
SRR3228550	PAIRED	https://ftp.sra.ebi.ac.uk/vol1/fastq/SRR322/000/SRR3228550/SRR3228550_1.fastq.gz	https://ftp.sra.ebi.ac.uk/vol1/fastq/SRR322/000/SRR3228550/SRR3228550_2.fastq.gz	SAMN04555496	1356556
SRR3228551	PAIRED	https://ftp.sra.ebi.ac.uk/vol1/fastq/SRR322/001/SRR3228551/SRR3228551_1.fastq.gz	https://ftp.sra.ebi.ac.uk/vol1/fastq/SRR322/001/SRR3228551/SRR3228551_2.fastq.gz	SAMN04555497	1274835
SRR3228552	PAIRED	https://ftp.sra.ebi.ac.uk/vol1/fastq/SRR322/002/SRR3228552/SRR3228552_1.fastq.gz	https://ftp.sra.ebi.ac.uk/vol1/fastq/SRR322/002/SRR3228552/SRR3228552_2.fastq.gz	SAMN04555498	1467997
SRR3228553	PAIRED	https://ftp.sra.ebi.ac.uk/vol1/fastq/SRR322/003/SRR3228553/SRR3228553_1.fastq.gz	https://ftp.sra.ebi.ac.uk/vol1/fastq/SRR322/003/SRR3228553/SRR3228553_2.fastq.gz	SAMN04555499	1884438
SRR3228554	PAIRED	https://ftp.sra.ebi.ac.uk/vol1/fastq/SRR322/004/SRR3228554/SRR3228554_1.fastq.gz	https://ftp.sra.ebi.ac.uk/vol1/fastq/SRR322/004/SRR3228554/SRR3228554_2.fastq.gz	SAMN04555500	1501217
SRR3228555	PAIRED	https://ftp.sra.ebi.ac.uk/vol1/fastq/SRR322/005/SRR3228555/SRR3228555_1.fastq.gz	https://ftp.sra.ebi.ac.uk/vol1/fastq/SRR322/005/SRR3228555/SRR3228555_2.fastq.gz	SAMN04555501	1741537
SRR3228556	PAIRED	https://ftp.sra.ebi.ac.uk/vol1/fastq/SRR322/006/SRR3228556/SRR3228556_1.fastq.gz	https://ftp.sra.ebi.ac.uk/vol1/fastq/SRR322/006/SRR3228556/SRR3228556_2.fastq.gz	SAMN04555502	1523185
SRR3228557	PAIRED	https://ftp.sra.ebi.ac.uk/vol1/fastq/SRR322/007/SRR3228557/SRR3228557_1.fastq.gz	https://ftp.sra.ebi.ac.uk/vol1/fastq/SRR322/007/SRR3228557/SRR3228557_2.fastq.gz	SAMN04555503	1572586
SRR3228558	PAIRED	https://ftp.sra.ebi.ac.uk/vol1/fastq/SRR322/008/SRR3228558/SRR3228558_1.fastq.gz	https://ftp.sra.ebi.ac.uk/vol1/fastq/SRR322/008/SRR3228558/SRR3228558_2.fastq.gz	SAMN04555504	1507904
SRR3228559	PAIRED	https://ftp.sra.ebi.ac.uk/vol1/fastq/SRR322/009/SRR3228559/SRR3228559_1.fastq.gz	https://ftp.sra.ebi.ac.uk/vol1/fastq/SRR322/009/SRR3228559/SRR3228559_2.fastq.gz	SAMN04555505	1935823
SRR3228560	PAIRED	https://ftp.sra.ebi.ac.uk/vol1/fastq/SRR322/000/SRR3228560/SRR3228560_1.fastq.gz	https://ftp.sra.ebi.ac.uk/vol1/fastq/SRR322/000/SRR3228560/SRR3228560_2.fastq.gz	SAMN04555506	2548407
SRR3228561	PAIRED	https://ftp.sra.ebi.ac.uk/vol1/fastq/SRR322/001/SRR3228561/SRR3228561_1.fastq.gz	https://ftp.sra.ebi.ac.uk/vol1/fastq/SRR322/001/SRR3228561/SRR3228561_2.fastq.gz	SAMN04555507	1761580
SRR3228562	PAIRED	https://ftp.sra.ebi.ac.uk/vol1/fastq/SRR322/002/SRR3228562/SRR3228562_1.fastq.gz	https://ftp.sra.ebi.ac.uk/vol1/fastq/SRR322/002/SRR3228562/SRR3228562_2.fastq.gz	SAMN04555508	1984104
SRR3228563	PAIRED	https://ftp.sra.ebi.ac.uk/vol1/fastq/SRR322/003/SRR3228563/SRR3228563_1.fastq.gz	https://ftp.sra.ebi.ac.uk/vol1/fastq/SRR322/003/SRR3228563/SRR3228563_2.fastq.gz	SAMN04555509	1772342
SRR3228564	PAIRED	https://ftp.sra.ebi.ac.uk/vol1/fastq/SRR322/004/SRR3228564/SRR3228564_1.fastq.gz	https://ftp.sra.ebi.ac.uk/vol1/fastq/SRR322/004/SRR3228564/SRR3228564_2.fastq.gz	SAMN04555510	1936555
SRR3228565	PAIRED	https://ftp.sra.ebi.ac.uk/vol1/fastq/SRR322/005/SRR3228565/SRR3228565_1.fastq.gz	https://ftp.sra.ebi.ac.uk/vol1/fastq/SRR322/005/SRR3228565/SRR3228565_2.fastq.gz	SAMN04555511	1735889
SRR3228566	PAIRED	https://ftp.sra.ebi.ac.uk/vol1/fastq/SRR322/006/SRR3228566/SRR3228566_1.fastq.gz	https://ftp.sra.ebi.ac.uk/vol1/fastq/SRR322/006/SRR3228566/SRR3228566_2.fastq.gz	SAMN04555512	1827139
SRR3228567	PAIRED	https://ftp.sra.ebi.ac.uk/vol1/fastq/SRR322/007/SRR3228567/SRR3228567_1.fastq.gz	https://ftp.sra.ebi.ac.uk/vol1/fastq/SRR322/007/SRR3228567/SRR3228567_2.fastq.gz	SAMN04555513	1825818
SRR3228568	PAIRED	https://ftp.sra.ebi.ac.uk/vol1/fastq/SRR322/008/SRR3228568/SRR3228568_1.fastq.gz	https://ftp.sra.ebi.ac.uk/vol1/fastq/SRR322/008/SRR3228568/SRR3228568_2.fastq.gz	SAMN04555514	1612241
SRR3228569	PAIRED	https://ftp.sra.ebi.ac.uk/vol1/fastq/SRR322/009/SRR3228569/SRR3228569_1.fastq.gz	https://ftp.sra.ebi.ac.uk/vol1/fastq/SRR322/009/SRR3228569/SRR3228569_2.fastq.gz	SAMN04555515	1511934
SRR3228570	PAIRED	https://ftp.sra.ebi.ac.uk/vol1/fastq/SRR322/000/SRR3228570/SRR3228570_1.fastq.gz	https://ftp.sra.ebi.ac.uk/vol1/fastq/SRR322/000/SRR3228570/SRR3228570_2.fastq.gz	SAMN04555516	1475576
SRR3228571	PAIRED	https://ftp.sra.ebi.ac.uk/vol1/fastq/SRR322/001/SRR3228571/SRR3228571_1.fastq.gz	https://ftp.sra.ebi.ac.uk/vol1/fastq/SRR322/001/SRR3228571/SRR3228571_2.fastq.gz	SAMN04555517	1388542
SRR3228572	PAIRED	https://ftp.sra.ebi.ac.uk/vol1/fastq/SRR322/002/SRR3228572/SRR3228572_1.fastq.gz	https://ftp.sra.ebi.ac.uk/vol1/fastq/SRR322/002/SRR3228572/SRR3228572_2.fastq.gz	SAMN04555518	1326578
SRR3228573	PAIRED	https://ftp.sra.ebi.ac.uk/vol1/fastq/SRR322/003/SRR3228573/SRR3228573_1.fastq.gz	https://ftp.sra.ebi.ac.uk/vol1/fastq/SRR322/003/SRR3228573/SRR3228573_2.fastq.gz	SAMN04555519	1464651
SRR3228574	PAIRED	https://ftp.sra.ebi.ac.uk/vol1/fastq/SRR322/004/SRR3228574/SRR3228574_1.fastq.gz	https://ftp.sra.ebi.ac.uk/vol1/fastq/SRR322/004/SRR3228574/SRR3228574_2.fastq.gz	SAMN04555520	1765404
SRR3228575	PAIRED	https://ftp.sra.ebi.ac.uk/vol1/fastq/SRR322/005/SRR3228575/SRR3228575_1.fastq.gz	https://ftp.sra.ebi.ac.uk/vol1/fastq/SRR322/005/SRR3228575/SRR3228575_2.fastq.gz	SAMN04555521	2547235
SRR3242011	PAIRED	https://ftp.sra.ebi.ac.uk/vol1/fastq/SRR324/001/SRR3242011/SRR3242011_1.fastq.gz	https://ftp.sra.ebi.ac.uk/vol1/fastq/SRR324/001/SRR3242011/SRR3242011_2.fastq.gz	SAMN04014904	1307722
SRR3242016	PAIRED	https://ftp.sra.ebi.ac.uk/vol1/fastq/SRR324/006/SRR3242016/SRR3242016_1.fastq.gz	https://ftp.sra.ebi.ac.uk/vol1/fastq/SRR324/006/SRR3242016/SRR3242016_2.fastq.gz	SAMN04014919	1664416
SRR3242017	PAIRED	https://ftp.sra.ebi.ac.uk/vol1/fastq/SRR324/007/SRR3242017/SRR3242017_1.fastq.gz	https://ftp.sra.ebi.ac.uk/vol1/fastq/SRR324/007/SRR3242017/SRR3242017_2.fastq.gz	SAMN04014924	1543872
SRR3242022	PAIRED	https://ftp.sra.ebi.ac.uk/vol1/fastq/SRR324/002/SRR3242022/SRR3242022_1.fastq.gz	https://ftp.sra.ebi.ac.uk/vol1/fastq/SRR324/002/SRR3242022/SRR3242022_2.fastq.gz	SAMN04014929	1499136
SRR3242026	PAIRED	https://ftp.sra.ebi.ac.uk/vol1/fastq/SRR324/006/SRR3242026/SRR3242026_1.fastq.gz	https://ftp.sra.ebi.ac.uk/vol1/fastq/SRR324/006/SRR3242026/SRR3242026_2.fastq.gz	SAMN04014942	1499390
SRR3242027	PAIRED	https://ftp.sra.ebi.ac.uk/vol1/fastq/SRR324/007/SRR3242027/SRR3242027_1.fastq.gz	https://ftp.sra.ebi.ac.uk/vol1/fastq/SRR324/007/SRR3242027/SRR3242027_2.fastq.gz	SAMN04014943	889142
SRR3242033	PAIRED	https://ftp.sra.ebi.ac.uk/vol1/fastq/SRR324/003/SRR3242033/SRR3242033_1.fastq.gz	https://ftp.sra.ebi.ac.uk/vol1/fastq/SRR324/003/SRR3242033/SRR3242033_2.fastq.gz	SAMN04568502	1627918
SRR3242034	PAIRED	https://ftp.sra.ebi.ac.uk/vol1/fastq/SRR324/004/SRR3242034/SRR3242034_1.fastq.gz	https://ftp.sra.ebi.ac.uk/vol1/fastq/SRR324/004/SRR3242034/SRR3242034_2.fastq.gz	SAMN04568503	1673485
SRR3242035	PAIRED	https://ftp.sra.ebi.ac.uk/vol1/fastq/SRR324/005/SRR3242035/SRR3242035_1.fastq.gz	https://ftp.sra.ebi.ac.uk/vol1/fastq/SRR324/005/SRR3242035/SRR3242035_2.fastq.gz	SAMN04568504	1287795
SRR3242036	PAIRED	https://ftp.sra.ebi.ac.uk/vol1/fastq/SRR324/006/SRR3242036/SRR3242036_1.fastq.gz	https://ftp.sra.ebi.ac.uk/vol1/fastq/SRR324/006/SRR3242036/SRR3242036_2.fastq.gz	SAMN04568505	2259412
SRR3242037	PAIRED	https://ftp.sra.ebi.ac.uk/vol1/fastq/SRR324/007/SRR3242037/SRR3242037_1.fastq.gz	https://ftp.sra.ebi.ac.uk/vol1/fastq/SRR324/007/SRR3242037/SRR3242037_2.fastq.gz	SAMN04568506	2083919
SRR3242038	PAIRED	https://ftp.sra.ebi.ac.uk/vol1/fastq/SRR324/008/SRR3242038/SRR3242038_1.fastq.gz	https://ftp.sra.ebi.ac.uk/vol1/fastq/SRR324/008/SRR3242038/SRR3242038_2.fastq.gz	SAMN04568507	1757510
SRR3242039	PAIRED	https://ftp.sra.ebi.ac.uk/vol1/fastq/SRR324/009/SRR3242039/SRR3242039_1.fastq.gz	https://ftp.sra.ebi.ac.uk/vol1/fastq/SRR324/009/SRR3242039/SRR3242039_2.fastq.gz	SAMN04568508	1764500
SRR3242040	PAIRED	https://ftp.sra.ebi.ac.uk/vol1/fastq/SRR324/000/SRR3242040/SRR3242040_1.fastq.gz	https://ftp.sra.ebi.ac.uk/vol1/fastq/SRR324/000/SRR3242040/SRR3242040_2.fastq.gz	SAMN04568509	1704370
SRR3242041	PAIRED	https://ftp.sra.ebi.ac.uk/vol1/fastq/SRR324/001/SRR3242041/SRR3242041_1.fastq.gz	https://ftp.sra.ebi.ac.uk/vol1/fastq/SRR324/001/SRR3242041/SRR3242041_2.fastq.gz	SAMN04568510	1739651
SRR3242042	PAIRED	https://ftp.sra.ebi.ac.uk/vol1/fastq/SRR324/002/SRR3242042/SRR3242042_1.fastq.gz	https://ftp.sra.ebi.ac.uk/vol1/fastq/SRR324/002/SRR3242042/SRR3242042_2.fastq.gz	SAMN04568511	1573369
SRR3242043	PAIRED	https://ftp.sra.ebi.ac.uk/vol1/fastq/SRR324/003/SRR3242043/SRR3242043_1.fastq.gz	https://ftp.sra.ebi.ac.uk/vol1/fastq/SRR324/003/SRR3242043/SRR3242043_2.fastq.gz	SAMN04568512	2123833
SRR3242044	PAIRED	https://ftp.sra.ebi.ac.uk/vol1/fastq/SRR324/004/SRR3242044/SRR3242044_1.fastq.gz	https://ftp.sra.ebi.ac.uk/vol1/fastq/SRR324/004/SRR3242044/SRR3242044_2.fastq.gz	SAMN04568513	1676794
SRR3242045	PAIRED	https://ftp.sra.ebi.ac.uk/vol1/fastq/SRR324/005/SRR3242045/SRR3242045_1.fastq.gz	https://ftp.sra.ebi.ac.uk/vol1/fastq/SRR324/005/SRR3242045/SRR3242045_2.fastq.gz	SAMN04568514	1696929
SRR3242046	PAIRED	https://ftp.sra.ebi.ac.uk/vol1/fastq/SRR324/006/SRR3242046/SRR3242046_1.fastq.gz	https://ftp.sra.ebi.ac.uk/vol1/fastq/SRR324/006/SRR3242046/SRR3242046_2.fastq.gz	SAMN04568515	1975879
SRR3242047	PAIRED	https://ftp.sra.ebi.ac.uk/vol1/fastq/SRR324/007/SRR3242047/SRR3242047_1.fastq.gz	https://ftp.sra.ebi.ac.uk/vol1/fastq/SRR324/007/SRR3242047/SRR3242047_2.fastq.gz	SAMN04568516	1837069
SRR3242048	PAIRED	https://ftp.sra.ebi.ac.uk/vol1/fastq/SRR324/008/SRR3242048/SRR3242048_1.fastq.gz	https://ftp.sra.ebi.ac.uk/vol1/fastq/SRR324/008/SRR3242048/SRR3242048_2.fastq.gz	SAMN04568517	2446370
SRR3242049	PAIRED	https://ftp.sra.ebi.ac.uk/vol1/fastq/SRR324/009/SRR3242049/SRR3242049_1.fastq.gz	https://ftp.sra.ebi.ac.uk/vol1/fastq/SRR324/009/SRR3242049/SRR3242049_2.fastq.gz	SAMN04568518	1500363
SRR3242050	PAIRED	https://ftp.sra.ebi.ac.uk/vol1/fastq/SRR324/000/SRR3242050/SRR3242050_1.fastq.gz	https://ftp.sra.ebi.ac.uk/vol1/fastq/SRR324/000/SRR3242050/SRR3242050_2.fastq.gz	SAMN04568519	1465407
SRR3242051	PAIRED	https://ftp.sra.ebi.ac.uk/vol1/fastq/SRR324/001/SRR3242051/SRR3242051_1.fastq.gz	https://ftp.sra.ebi.ac.uk/vol1/fastq/SRR324/001/SRR3242051/SRR3242051_2.fastq.gz	SAMN04568520	1595785
SRR3242052	PAIRED	https://ftp.sra.ebi.ac.uk/vol1/fastq/SRR324/002/SRR3242052/SRR3242052_1.fastq.gz	https://ftp.sra.ebi.ac.uk/vol1/fastq/SRR324/002/SRR3242052/SRR3242052_2.fastq.gz	SAMN04568521	1730970
SRR3242053	PAIRED	https://ftp.sra.ebi.ac.uk/vol1/fastq/SRR324/003/SRR3242053/SRR3242053_1.fastq.gz	https://ftp.sra.ebi.ac.uk/vol1/fastq/SRR324/003/SRR3242053/SRR3242053_2.fastq.gz	SAMN04568522	1819063
SRR3242054	PAIRED	https://ftp.sra.ebi.ac.uk/vol1/fastq/SRR324/004/SRR3242054/SRR3242054_1.fastq.gz	https://ftp.sra.ebi.ac.uk/vol1/fastq/SRR324/004/SRR3242054/SRR3242054_2.fastq.gz	SAMN04568523	2383292
SRR3502988	PAIRED	https://ftp.sra.ebi.ac.uk/vol1/fastq/SRR350/008/SRR3502988/SRR3502988_1.fastq.gz	https://ftp.sra.ebi.ac.uk/vol1/fastq/SRR350/008/SRR3502988/SRR3502988_2.fastq.gz	SAMN04993337	2714811
SRR3502990	PAIRED	https://ftp.sra.ebi.ac.uk/vol1/fastq/SRR350/000/SRR3502990/SRR3502990_1.fastq.gz	https://ftp.sra.ebi.ac.uk/vol1/fastq/SRR350/000/SRR3502990/SRR3502990_2.fastq.gz	SAMN04993338	3720299
SRR3502996	PAIRED	https://ftp.sra.ebi.ac.uk/vol1/fastq/SRR350/006/SRR3502996/SRR3502996_1.fastq.gz	https://ftp.sra.ebi.ac.uk/vol1/fastq/SRR350/006/SRR3502996/SRR3502996_2.fastq.gz	SAMN04993339	3056891
SRR3503026	PAIRED	https://ftp.sra.ebi.ac.uk/vol1/fastq/SRR350/006/SRR3503026/SRR3503026_1.fastq.gz	https://ftp.sra.ebi.ac.uk/vol1/fastq/SRR350/006/SRR3503026/SRR3503026_2.fastq.gz	SAMN04993340	3758624
SRR3503028	PAIRED	https://ftp.sra.ebi.ac.uk/vol1/fastq/SRR350/008/SRR3503028/SRR3503028_1.fastq.gz	https://ftp.sra.ebi.ac.uk/vol1/fastq/SRR350/008/SRR3503028/SRR3503028_2.fastq.gz	SAMN04993341	1629672
SRR3503029	PAIRED	https://ftp.sra.ebi.ac.uk/vol1/fastq/SRR350/009/SRR3503029/SRR3503029_1.fastq.gz	https://ftp.sra.ebi.ac.uk/vol1/fastq/SRR350/009/SRR3503029/SRR3503029_2.fastq.gz	SAMN04993343	2442326
SRR3503033	PAIRED	https://ftp.sra.ebi.ac.uk/vol1/fastq/SRR350/003/SRR3503033/SRR3503033_1.fastq.gz	https://ftp.sra.ebi.ac.uk/vol1/fastq/SRR350/003/SRR3503033/SRR3503033_2.fastq.gz	SAMN04993345	1940046
SRR3503035	PAIRED	https://ftp.sra.ebi.ac.uk/vol1/fastq/SRR350/005/SRR3503035/SRR3503035_1.fastq.gz	https://ftp.sra.ebi.ac.uk/vol1/fastq/SRR350/005/SRR3503035/SRR3503035_2.fastq.gz	SAMN04993349	3483476
SRR3503038	PAIRED	https://ftp.sra.ebi.ac.uk/vol1/fastq/SRR350/008/SRR3503038/SRR3503038_1.fastq.gz	https://ftp.sra.ebi.ac.uk/vol1/fastq/SRR350/008/SRR3503038/SRR3503038_2.fastq.gz	SAMN04993350	2868926
SRR3503441	PAIRED	https://ftp.sra.ebi.ac.uk/vol1/fastq/SRR350/001/SRR3503441/SRR3503441_1.fastq.gz	https://ftp.sra.ebi.ac.uk/vol1/fastq/SRR350/001/SRR3503441/SRR3503441_2.fastq.gz	SAMN04993351	3913619
SRR3503443	PAIRED	https://ftp.sra.ebi.ac.uk/vol1/fastq/SRR350/003/SRR3503443/SRR3503443_1.fastq.gz	https://ftp.sra.ebi.ac.uk/vol1/fastq/SRR350/003/SRR3503443/SRR3503443_2.fastq.gz	SAMN04993353	1995361
SRR3503444	PAIRED	https://ftp.sra.ebi.ac.uk/vol1/fastq/SRR350/004/SRR3503444/SRR3503444_1.fastq.gz	https://ftp.sra.ebi.ac.uk/vol1/fastq/SRR350/004/SRR3503444/SRR3503444_2.fastq.gz	SAMN04993355	1496543
SRR3503448	PAIRED	https://ftp.sra.ebi.ac.uk/vol1/fastq/SRR350/008/SRR3503448/SRR3503448_1.fastq.gz	https://ftp.sra.ebi.ac.uk/vol1/fastq/SRR350/008/SRR3503448/SRR3503448_2.fastq.gz	SAMN04993357	3665259
SRR3503451	PAIRED	https://ftp.sra.ebi.ac.uk/vol1/fastq/SRR350/001/SRR3503451/SRR3503451_1.fastq.gz	https://ftp.sra.ebi.ac.uk/vol1/fastq/SRR350/001/SRR3503451/SRR3503451_2.fastq.gz	SAMN04993359	2289889
SRR3503456	PAIRED	https://ftp.sra.ebi.ac.uk/vol1/fastq/SRR350/006/SRR3503456/SRR3503456_1.fastq.gz	https://ftp.sra.ebi.ac.uk/vol1/fastq/SRR350/006/SRR3503456/SRR3503456_2.fastq.gz	SAMN04993360	1980268
SRR3503457	PAIRED	https://ftp.sra.ebi.ac.uk/vol1/fastq/SRR350/007/SRR3503457/SRR3503457_1.fastq.gz	https://ftp.sra.ebi.ac.uk/vol1/fastq/SRR350/007/SRR3503457/SRR3503457_2.fastq.gz	SAMN04993363	2021734
SRR3503458	PAIRED	https://ftp.sra.ebi.ac.uk/vol1/fastq/SRR350/008/SRR3503458/SRR3503458_1.fastq.gz	https://ftp.sra.ebi.ac.uk/vol1/fastq/SRR350/008/SRR3503458/SRR3503458_2.fastq.gz	SAMN04993365	2573339
SRR3503459	PAIRED	https://ftp.sra.ebi.ac.uk/vol1/fastq/SRR350/009/SRR3503459/SRR3503459_1.fastq.gz	https://ftp.sra.ebi.ac.uk/vol1/fastq/SRR350/009/SRR3503459/SRR3503459_2.fastq.gz	SAMN04993366	1633748
SRR3503472	PAIRED	https://ftp.sra.ebi.ac.uk/vol1/fastq/SRR350/002/SRR3503472/SRR3503472_1.fastq.gz	https://ftp.sra.ebi.ac.uk/vol1/fastq/SRR350/002/SRR3503472/SRR3503472_2.fastq.gz	SAMN04993370	4124141
SRR3503473	PAIRED	https://ftp.sra.ebi.ac.uk/vol1/fastq/SRR350/003/SRR3503473/SRR3503473_1.fastq.gz	https://ftp.sra.ebi.ac.uk/vol1/fastq/SRR350/003/SRR3503473/SRR3503473_2.fastq.gz	SAMN04993372	2309518
SRR3503474	PAIRED	https://ftp.sra.ebi.ac.uk/vol1/fastq/SRR350/004/SRR3503474/SRR3503474_1.fastq.gz	https://ftp.sra.ebi.ac.uk/vol1/fastq/SRR350/004/SRR3503474/SRR3503474_2.fastq.gz	SAMN04993374	2059719
SRR3503476	PAIRED	https://ftp.sra.ebi.ac.uk/vol1/fastq/SRR350/006/SRR3503476/SRR3503476_1.fastq.gz	https://ftp.sra.ebi.ac.uk/vol1/fastq/SRR350/006/SRR3503476/SRR3503476_2.fastq.gz	SAMN04993377	2043921
SRR3503601	PAIRED	https://ftp.sra.ebi.ac.uk/vol1/fastq/SRR350/001/SRR3503601/SRR3503601_1.fastq.gz	https://ftp.sra.ebi.ac.uk/vol1/fastq/SRR350/001/SRR3503601/SRR3503601_2.fastq.gz	SAMN04993378	2439160
SRR3503602	PAIRED	https://ftp.sra.ebi.ac.uk/vol1/fastq/SRR350/002/SRR3503602/SRR3503602_1.fastq.gz	https://ftp.sra.ebi.ac.uk/vol1/fastq/SRR350/002/SRR3503602/SRR3503602_2.fastq.gz	SAMN04993379	1859086
SRR3503603	PAIRED	https://ftp.sra.ebi.ac.uk/vol1/fastq/SRR350/003/SRR3503603/SRR3503603_1.fastq.gz	https://ftp.sra.ebi.ac.uk/vol1/fastq/SRR350/003/SRR3503603/SRR3503603_2.fastq.gz	SAMN04993381	11379272
SRR3503610	PAIRED	https://ftp.sra.ebi.ac.uk/vol1/fastq/SRR350/000/SRR3503610/SRR3503610_1.fastq.gz	https://ftp.sra.ebi.ac.uk/vol1/fastq/SRR350/000/SRR3503610/SRR3503610_2.fastq.gz	SAMN04993382	2758036
SRR3503615	PAIRED	https://ftp.sra.ebi.ac.uk/vol1/fastq/SRR350/005/SRR3503615/SRR3503615_1.fastq.gz	https://ftp.sra.ebi.ac.uk/vol1/fastq/SRR350/005/SRR3503615/SRR3503615_2.fastq.gz	SAMN04993384	2236199
SRR3503617	PAIRED	https://ftp.sra.ebi.ac.uk/vol1/fastq/SRR350/007/SRR3503617/SRR3503617_1.fastq.gz	https://ftp.sra.ebi.ac.uk/vol1/fastq/SRR350/007/SRR3503617/SRR3503617_2.fastq.gz	SAMN04993412	1786280
SRR3503620	PAIRED	https://ftp.sra.ebi.ac.uk/vol1/fastq/SRR350/000/SRR3503620/SRR3503620_1.fastq.gz	https://ftp.sra.ebi.ac.uk/vol1/fastq/SRR350/000/SRR3503620/SRR3503620_2.fastq.gz	SAMN04993385	3184044
SRR3503622	PAIRED	https://ftp.sra.ebi.ac.uk/vol1/fastq/SRR350/002/SRR3503622/SRR3503622_1.fastq.gz	https://ftp.sra.ebi.ac.uk/vol1/fastq/SRR350/002/SRR3503622/SRR3503622_2.fastq.gz	SAMN04993386	2011209
SRR3503626	PAIRED	https://ftp.sra.ebi.ac.uk/vol1/fastq/SRR350/006/SRR3503626/SRR3503626_1.fastq.gz	https://ftp.sra.ebi.ac.uk/vol1/fastq/SRR350/006/SRR3503626/SRR3503626_2.fastq.gz	SAMN04993413	3520920
SRR3503631	PAIRED	https://ftp.sra.ebi.ac.uk/vol1/fastq/SRR350/001/SRR3503631/SRR3503631_1.fastq.gz	https://ftp.sra.ebi.ac.uk/vol1/fastq/SRR350/001/SRR3503631/SRR3503631_2.fastq.gz	SAMN04993414	2445632
SRR3503820	PAIRED	https://ftp.sra.ebi.ac.uk/vol1/fastq/SRR350/000/SRR3503820/SRR3503820_1.fastq.gz	https://ftp.sra.ebi.ac.uk/vol1/fastq/SRR350/000/SRR3503820/SRR3503820_2.fastq.gz	SAMN04993416	1791410
SRR3503822	PAIRED	https://ftp.sra.ebi.ac.uk/vol1/fastq/SRR350/002/SRR3503822/SRR3503822_1.fastq.gz	https://ftp.sra.ebi.ac.uk/vol1/fastq/SRR350/002/SRR3503822/SRR3503822_2.fastq.gz	SAMN04993417	3749264
SRR3503825	PAIRED	https://ftp.sra.ebi.ac.uk/vol1/fastq/SRR350/005/SRR3503825/SRR3503825_1.fastq.gz	https://ftp.sra.ebi.ac.uk/vol1/fastq/SRR350/005/SRR3503825/SRR3503825_2.fastq.gz	SAMN04993418	2959987
SRR3503827	PAIRED	https://ftp.sra.ebi.ac.uk/vol1/fastq/SRR350/007/SRR3503827/SRR3503827_1.fastq.gz	https://ftp.sra.ebi.ac.uk/vol1/fastq/SRR350/007/SRR3503827/SRR3503827_2.fastq.gz	SAMN04993419	3557685
SRR3503828	PAIRED	https://ftp.sra.ebi.ac.uk/vol1/fastq/SRR350/008/SRR3503828/SRR3503828_1.fastq.gz	https://ftp.sra.ebi.ac.uk/vol1/fastq/SRR350/008/SRR3503828/SRR3503828_2.fastq.gz	SAMN04993420	2569274
SRR3503830	PAIRED	https://ftp.sra.ebi.ac.uk/vol1/fastq/SRR350/000/SRR3503830/SRR3503830_1.fastq.gz	https://ftp.sra.ebi.ac.uk/vol1/fastq/SRR350/000/SRR3503830/SRR3503830_2.fastq.gz	SAMN04993415	118064705
SRR3503835	PAIRED	https://ftp.sra.ebi.ac.uk/vol1/fastq/SRR350/005/SRR3503835/SRR3503835_1.fastq.gz	https://ftp.sra.ebi.ac.uk/vol1/fastq/SRR350/005/SRR3503835/SRR3503835_2.fastq.gz	SAMN04993421	3158448
SRR3503836	PAIRED	https://ftp.sra.ebi.ac.uk/vol1/fastq/SRR350/006/SRR3503836/SRR3503836_1.fastq.gz	https://ftp.sra.ebi.ac.uk/vol1/fastq/SRR350/006/SRR3503836/SRR3503836_2.fastq.gz	SAMN04993422	1912924
SRR3503841	PAIRED	https://ftp.sra.ebi.ac.uk/vol1/fastq/SRR350/001/SRR3503841/SRR3503841_1.fastq.gz	https://ftp.sra.ebi.ac.uk/vol1/fastq/SRR350/001/SRR3503841/SRR3503841_2.fastq.gz	SAMN04993424	2416143
SRR3503843	PAIRED	https://ftp.sra.ebi.ac.uk/vol1/fastq/SRR350/003/SRR3503843/SRR3503843_1.fastq.gz	https://ftp.sra.ebi.ac.uk/vol1/fastq/SRR350/003/SRR3503843/SRR3503843_2.fastq.gz	SAMN04993426	2504129
SRR3503845	PAIRED	https://ftp.sra.ebi.ac.uk/vol1/fastq/SRR350/005/SRR3503845/SRR3503845_1.fastq.gz	https://ftp.sra.ebi.ac.uk/vol1/fastq/SRR350/005/SRR3503845/SRR3503845_2.fastq.gz	SAMN04993427	2918133
SRR3503898	PAIRED	https://ftp.sra.ebi.ac.uk/vol1/fastq/SRR350/008/SRR3503898/SRR3503898_1.fastq.gz	https://ftp.sra.ebi.ac.uk/vol1/fastq/SRR350/008/SRR3503898/SRR3503898_2.fastq.gz	SAMN04993429	49510557
SRR3503900	PAIRED	https://ftp.sra.ebi.ac.uk/vol1/fastq/SRR350/000/SRR3503900/SRR3503900_1.fastq.gz	https://ftp.sra.ebi.ac.uk/vol1/fastq/SRR350/000/SRR3503900/SRR3503900_2.fastq.gz	SAMN04993430	1903063
SRR3503903	PAIRED	https://ftp.sra.ebi.ac.uk/vol1/fastq/SRR350/003/SRR3503903/SRR3503903_1.fastq.gz	https://ftp.sra.ebi.ac.uk/vol1/fastq/SRR350/003/SRR3503903/SRR3503903_2.fastq.gz	SAMN04993434	3152778
SRR3503904	PAIRED	https://ftp.sra.ebi.ac.uk/vol1/fastq/SRR350/004/SRR3503904/SRR3503904_1.fastq.gz	https://ftp.sra.ebi.ac.uk/vol1/fastq/SRR350/004/SRR3503904/SRR3503904_2.fastq.gz	SAMN04993432	2369343
SRR3503905	PAIRED	https://ftp.sra.ebi.ac.uk/vol1/fastq/SRR350/005/SRR3503905/SRR3503905_1.fastq.gz	https://ftp.sra.ebi.ac.uk/vol1/fastq/SRR350/005/SRR3503905/SRR3503905_2.fastq.gz	SAMN04993435	3746549
SRR3503907	PAIRED	https://ftp.sra.ebi.ac.uk/vol1/fastq/SRR350/007/SRR3503907/SRR3503907_1.fastq.gz	https://ftp.sra.ebi.ac.uk/vol1/fastq/SRR350/007/SRR3503907/SRR3503907_2.fastq.gz	SAMN04993437	2504931
SRR3503909	PAIRED	https://ftp.sra.ebi.ac.uk/vol1/fastq/SRR350/009/SRR3503909/SRR3503909_1.fastq.gz	https://ftp.sra.ebi.ac.uk/vol1/fastq/SRR350/009/SRR3503909/SRR3503909_2.fastq.gz	SAMN04993438	2534603
SRR3503910	PAIRED	https://ftp.sra.ebi.ac.uk/vol1/fastq/SRR350/000/SRR3503910/SRR3503910_1.fastq.gz	https://ftp.sra.ebi.ac.uk/vol1/fastq/SRR350/000/SRR3503910/SRR3503910_2.fastq.gz	SAMN04993440	2613926
SRR3503911	PAIRED	https://ftp.sra.ebi.ac.uk/vol1/fastq/SRR350/001/SRR3503911/SRR3503911_1.fastq.gz	https://ftp.sra.ebi.ac.uk/vol1/fastq/SRR350/001/SRR3503911/SRR3503911_2.fastq.gz	SAMN04993442	1815559
SRR3503913	PAIRED	https://ftp.sra.ebi.ac.uk/vol1/fastq/SRR350/003/SRR3503913/SRR3503913_1.fastq.gz	https://ftp.sra.ebi.ac.uk/vol1/fastq/SRR350/003/SRR3503913/SRR3503913_2.fastq.gz	SAMN04993444	3522055
SRR3503914	PAIRED	https://ftp.sra.ebi.ac.uk/vol1/fastq/SRR350/004/SRR3503914/SRR3503914_1.fastq.gz	https://ftp.sra.ebi.ac.uk/vol1/fastq/SRR350/004/SRR3503914/SRR3503914_2.fastq.gz	SAMN04993445	2391827
SRR3503915	PAIRED	https://ftp.sra.ebi.ac.uk/vol1/fastq/SRR350/005/SRR3503915/SRR3503915_1.fastq.gz	https://ftp.sra.ebi.ac.uk/vol1/fastq/SRR350/005/SRR3503915/SRR3503915_2.fastq.gz	SAMN04993447	2022667
SRR3503957	PAIRED	https://ftp.sra.ebi.ac.uk/vol1/fastq/SRR350/007/SRR3503957/SRR3503957_1.fastq.gz	https://ftp.sra.ebi.ac.uk/vol1/fastq/SRR350/007/SRR3503957/SRR3503957_2.fastq.gz	SAMN04993449	3253531
SRR3504013	PAIRED	https://ftp.sra.ebi.ac.uk/vol1/fastq/SRR350/003/SRR3504013/SRR3504013_1.fastq.gz	https://ftp.sra.ebi.ac.uk/vol1/fastq/SRR350/003/SRR3504013/SRR3504013_2.fastq.gz	SAMN04993451	3096304
SRR3504014	PAIRED	https://ftp.sra.ebi.ac.uk/vol1/fastq/SRR350/004/SRR3504014/SRR3504014_1.fastq.gz	https://ftp.sra.ebi.ac.uk/vol1/fastq/SRR350/004/SRR3504014/SRR3504014_2.fastq.gz	SAMN04993453	1678449
SRR3504016	PAIRED	https://ftp.sra.ebi.ac.uk/vol1/fastq/SRR350/006/SRR3504016/SRR3504016_1.fastq.gz	https://ftp.sra.ebi.ac.uk/vol1/fastq/SRR350/006/SRR3504016/SRR3504016_2.fastq.gz	SAMN04993455	1589121
SRR3504095	PAIRED	https://ftp.sra.ebi.ac.uk/vol1/fastq/SRR350/005/SRR3504095/SRR3504095_1.fastq.gz	https://ftp.sra.ebi.ac.uk/vol1/fastq/SRR350/005/SRR3504095/SRR3504095_2.fastq.gz	SAMN04993388	3510110
SRR3504097	PAIRED	https://ftp.sra.ebi.ac.uk/vol1/fastq/SRR350/007/SRR3504097/SRR3504097_1.fastq.gz	https://ftp.sra.ebi.ac.uk/vol1/fastq/SRR350/007/SRR3504097/SRR3504097_2.fastq.gz	SAMN04993390	3249141
SRR3504099	PAIRED	https://ftp.sra.ebi.ac.uk/vol1/fastq/SRR350/009/SRR3504099/SRR3504099_1.fastq.gz	https://ftp.sra.ebi.ac.uk/vol1/fastq/SRR350/009/SRR3504099/SRR3504099_2.fastq.gz	SAMN04993393	3523199
SRR3504209	PAIRED	https://ftp.sra.ebi.ac.uk/vol1/fastq/SRR350/009/SRR3504209/SRR3504209_1.fastq.gz	https://ftp.sra.ebi.ac.uk/vol1/fastq/SRR350/009/SRR3504209/SRR3504209_2.fastq.gz	SAMN04993397	2510454
SRR3504211	PAIRED	https://ftp.sra.ebi.ac.uk/vol1/fastq/SRR350/001/SRR3504211/SRR3504211_1.fastq.gz	https://ftp.sra.ebi.ac.uk/vol1/fastq/SRR350/001/SRR3504211/SRR3504211_2.fastq.gz	SAMN04993399	3238008
SRR3504213	PAIRED	https://ftp.sra.ebi.ac.uk/vol1/fastq/SRR350/003/SRR3504213/SRR3504213_1.fastq.gz	https://ftp.sra.ebi.ac.uk/vol1/fastq/SRR350/003/SRR3504213/SRR3504213_2.fastq.gz	SAMN04993401	2967189
SRR3504215	PAIRED	https://ftp.sra.ebi.ac.uk/vol1/fastq/SRR350/005/SRR3504215/SRR3504215_1.fastq.gz	https://ftp.sra.ebi.ac.uk/vol1/fastq/SRR350/005/SRR3504215/SRR3504215_2.fastq.gz	SAMN04993405	1941072
SRR3504216	PAIRED	https://ftp.sra.ebi.ac.uk/vol1/fastq/SRR350/006/SRR3504216/SRR3504216_1.fastq.gz	https://ftp.sra.ebi.ac.uk/vol1/fastq/SRR350/006/SRR3504216/SRR3504216_2.fastq.gz	SAMN04993407	1766754
SRR3504218	PAIRED	https://ftp.sra.ebi.ac.uk/vol1/fastq/SRR350/008/SRR3504218/SRR3504218_1.fastq.gz	https://ftp.sra.ebi.ac.uk/vol1/fastq/SRR350/008/SRR3504218/SRR3504218_2.fastq.gz	SAMN04993409	2334327
SRR3504220	PAIRED	https://ftp.sra.ebi.ac.uk/vol1/fastq/SRR350/000/SRR3504220/SRR3504220_1.fastq.gz	https://ftp.sra.ebi.ac.uk/vol1/fastq/SRR350/000/SRR3504220/SRR3504220_2.fastq.gz	SAMN04993411	2064970
SRR3536229	PAIRED	https://ftp.sra.ebi.ac.uk/vol1/fastq/SRR353/009/SRR3536229/SRR3536229_1.fastq.gz	https://ftp.sra.ebi.ac.uk/vol1/fastq/SRR353/009/SRR3536229/SRR3536229_2.fastq.gz	SAMN04993368	3488791
SRR4417569	PAIRED	https://ftp.sra.ebi.ac.uk/vol1/fastq/SRR441/009/SRR4417569/SRR4417569_1.fastq.gz	https://ftp.sra.ebi.ac.uk/vol1/fastq/SRR441/009/SRR4417569/SRR4417569_2.fastq.gz	SAMN04901663	1246173
SRR4417570	PAIRED	https://ftp.sra.ebi.ac.uk/vol1/fastq/SRR441/000/SRR4417570/SRR4417570_1.fastq.gz	https://ftp.sra.ebi.ac.uk/vol1/fastq/SRR441/000/SRR4417570/SRR4417570_2.fastq.gz	SAMN04901664	1180492
SRR4417571	PAIRED	https://ftp.sra.ebi.ac.uk/vol1/fastq/SRR441/001/SRR4417571/SRR4417571_1.fastq.gz	https://ftp.sra.ebi.ac.uk/vol1/fastq/SRR441/001/SRR4417571/SRR4417571_2.fastq.gz	SAMN04901673	965071
SRR4417572	PAIRED	https://ftp.sra.ebi.ac.uk/vol1/fastq/SRR441/002/SRR4417572/SRR4417572_1.fastq.gz	https://ftp.sra.ebi.ac.uk/vol1/fastq/SRR441/002/SRR4417572/SRR4417572_2.fastq.gz	SAMN04901674	886239
SRR4417573	PAIRED	https://ftp.sra.ebi.ac.uk/vol1/fastq/SRR441/003/SRR4417573/SRR4417573_1.fastq.gz	https://ftp.sra.ebi.ac.uk/vol1/fastq/SRR441/003/SRR4417573/SRR4417573_2.fastq.gz	SAMN04901675	797448
SRR4417574	PAIRED	https://ftp.sra.ebi.ac.uk/vol1/fastq/SRR441/004/SRR4417574/SRR4417574_1.fastq.gz	https://ftp.sra.ebi.ac.uk/vol1/fastq/SRR441/004/SRR4417574/SRR4417574_2.fastq.gz	SAMN04901676	832246
SRR4417575	PAIRED	https://ftp.sra.ebi.ac.uk/vol1/fastq/SRR441/005/SRR4417575/SRR4417575_1.fastq.gz	https://ftp.sra.ebi.ac.uk/vol1/fastq/SRR441/005/SRR4417575/SRR4417575_2.fastq.gz	SAMN04901677	756542
SRR4417577	PAIRED	https://ftp.sra.ebi.ac.uk/vol1/fastq/SRR441/007/SRR4417577/SRR4417577_1.fastq.gz	https://ftp.sra.ebi.ac.uk/vol1/fastq/SRR441/007/SRR4417577/SRR4417577_2.fastq.gz	SAMN04901678	760635
SRR4417578	PAIRED	https://ftp.sra.ebi.ac.uk/vol1/fastq/SRR441/008/SRR4417578/SRR4417578_1.fastq.gz	https://ftp.sra.ebi.ac.uk/vol1/fastq/SRR441/008/SRR4417578/SRR4417578_2.fastq.gz	SAMN04901679	835512
SRR4417579	PAIRED	https://ftp.sra.ebi.ac.uk/vol1/fastq/SRR441/009/SRR4417579/SRR4417579_1.fastq.gz	https://ftp.sra.ebi.ac.uk/vol1/fastq/SRR441/009/SRR4417579/SRR4417579_2.fastq.gz	SAMN04901680	839938
SRR4417581	PAIRED	https://ftp.sra.ebi.ac.uk/vol1/fastq/SRR441/001/SRR4417581/SRR4417581_1.fastq.gz	https://ftp.sra.ebi.ac.uk/vol1/fastq/SRR441/001/SRR4417581/SRR4417581_2.fastq.gz	SAMN04901681	883252
SRR4417582	PAIRED	https://ftp.sra.ebi.ac.uk/vol1/fastq/SRR441/002/SRR4417582/SRR4417582_1.fastq.gz	https://ftp.sra.ebi.ac.uk/vol1/fastq/SRR441/002/SRR4417582/SRR4417582_2.fastq.gz	SAMN04901682	367925
SRR4417583	PAIRED	https://ftp.sra.ebi.ac.uk/vol1/fastq/SRR441/003/SRR4417583/SRR4417583_1.fastq.gz	https://ftp.sra.ebi.ac.uk/vol1/fastq/SRR441/003/SRR4417583/SRR4417583_2.fastq.gz	SAMN04901665	1443179
SRR4417585	PAIRED	https://ftp.sra.ebi.ac.uk/vol1/fastq/SRR441/005/SRR4417585/SRR4417585_1.fastq.gz	https://ftp.sra.ebi.ac.uk/vol1/fastq/SRR441/005/SRR4417585/SRR4417585_2.fastq.gz	SAMN04901683	668440
SRR4417586	PAIRED	https://ftp.sra.ebi.ac.uk/vol1/fastq/SRR441/006/SRR4417586/SRR4417586_1.fastq.gz	https://ftp.sra.ebi.ac.uk/vol1/fastq/SRR441/006/SRR4417586/SRR4417586_2.fastq.gz	SAMN04901684	683535
SRR4417587	PAIRED	https://ftp.sra.ebi.ac.uk/vol1/fastq/SRR441/007/SRR4417587/SRR4417587_1.fastq.gz	https://ftp.sra.ebi.ac.uk/vol1/fastq/SRR441/007/SRR4417587/SRR4417587_2.fastq.gz	SAMN04901685	818706
SRR4417589	PAIRED	https://ftp.sra.ebi.ac.uk/vol1/fastq/SRR441/009/SRR4417589/SRR4417589_1.fastq.gz	https://ftp.sra.ebi.ac.uk/vol1/fastq/SRR441/009/SRR4417589/SRR4417589_2.fastq.gz	SAMN04901686	727216
SRR4417590	PAIRED	https://ftp.sra.ebi.ac.uk/vol1/fastq/SRR441/000/SRR4417590/SRR4417590_1.fastq.gz	https://ftp.sra.ebi.ac.uk/vol1/fastq/SRR441/000/SRR4417590/SRR4417590_2.fastq.gz	SAMN04901687	758662
SRR4417591	PAIRED	https://ftp.sra.ebi.ac.uk/vol1/fastq/SRR441/001/SRR4417591/SRR4417591_1.fastq.gz	https://ftp.sra.ebi.ac.uk/vol1/fastq/SRR441/001/SRR4417591/SRR4417591_2.fastq.gz	SAMN04901688	825448
SRR4417592	PAIRED	https://ftp.sra.ebi.ac.uk/vol1/fastq/SRR441/002/SRR4417592/SRR4417592_1.fastq.gz	https://ftp.sra.ebi.ac.uk/vol1/fastq/SRR441/002/SRR4417592/SRR4417592_2.fastq.gz	SAMN04901689	846642
SRR4417593	PAIRED	https://ftp.sra.ebi.ac.uk/vol1/fastq/SRR441/003/SRR4417593/SRR4417593_1.fastq.gz	https://ftp.sra.ebi.ac.uk/vol1/fastq/SRR441/003/SRR4417593/SRR4417593_2.fastq.gz	SAMN04901690	768626
SRR4417594	PAIRED	https://ftp.sra.ebi.ac.uk/vol1/fastq/SRR441/004/SRR4417594/SRR4417594_1.fastq.gz	https://ftp.sra.ebi.ac.uk/vol1/fastq/SRR441/004/SRR4417594/SRR4417594_2.fastq.gz	SAMN04901691	865901
SRR4417595	PAIRED	https://ftp.sra.ebi.ac.uk/vol1/fastq/SRR441/005/SRR4417595/SRR4417595_1.fastq.gz	https://ftp.sra.ebi.ac.uk/vol1/fastq/SRR441/005/SRR4417595/SRR4417595_2.fastq.gz	SAMN04901692	783758
SRR4417598	PAIRED	https://ftp.sra.ebi.ac.uk/vol1/fastq/SRR441/008/SRR4417598/SRR4417598_1.fastq.gz	https://ftp.sra.ebi.ac.uk/vol1/fastq/SRR441/008/SRR4417598/SRR4417598_2.fastq.gz	SAMN04901693	865685
SRR4417599	PAIRED	https://ftp.sra.ebi.ac.uk/vol1/fastq/SRR441/009/SRR4417599/SRR4417599_1.fastq.gz	https://ftp.sra.ebi.ac.uk/vol1/fastq/SRR441/009/SRR4417599/SRR4417599_2.fastq.gz	SAMN04901694	847922
SRR4417600	PAIRED	https://ftp.sra.ebi.ac.uk/vol1/fastq/SRR441/000/SRR4417600/SRR4417600_1.fastq.gz	https://ftp.sra.ebi.ac.uk/vol1/fastq/SRR441/000/SRR4417600/SRR4417600_2.fastq.gz	SAMN04901695	807565
SRR4417601	PAIRED	https://ftp.sra.ebi.ac.uk/vol1/fastq/SRR441/001/SRR4417601/SRR4417601_1.fastq.gz	https://ftp.sra.ebi.ac.uk/vol1/fastq/SRR441/001/SRR4417601/SRR4417601_2.fastq.gz	SAMN04901696	1047133
SRR4417602	PAIRED	https://ftp.sra.ebi.ac.uk/vol1/fastq/SRR441/002/SRR4417602/SRR4417602_1.fastq.gz	https://ftp.sra.ebi.ac.uk/vol1/fastq/SRR441/002/SRR4417602/SRR4417602_2.fastq.gz	SAMN04901697	878105
SRR4417603	PAIRED	https://ftp.sra.ebi.ac.uk/vol1/fastq/SRR441/003/SRR4417603/SRR4417603_1.fastq.gz	https://ftp.sra.ebi.ac.uk/vol1/fastq/SRR441/003/SRR4417603/SRR4417603_2.fastq.gz	SAMN04901698	877304
SRR4417604	PAIRED	https://ftp.sra.ebi.ac.uk/vol1/fastq/SRR441/004/SRR4417604/SRR4417604_1.fastq.gz	https://ftp.sra.ebi.ac.uk/vol1/fastq/SRR441/004/SRR4417604/SRR4417604_2.fastq.gz	SAMN04901699	888142
SRR4417605	PAIRED	https://ftp.sra.ebi.ac.uk/vol1/fastq/SRR441/005/SRR4417605/SRR4417605_1.fastq.gz	https://ftp.sra.ebi.ac.uk/vol1/fastq/SRR441/005/SRR4417605/SRR4417605_2.fastq.gz	SAMN04901700	826525
SRR4417606	PAIRED	https://ftp.sra.ebi.ac.uk/vol1/fastq/SRR441/006/SRR4417606/SRR4417606_1.fastq.gz	https://ftp.sra.ebi.ac.uk/vol1/fastq/SRR441/006/SRR4417606/SRR4417606_2.fastq.gz	SAMN04901701	805766
SRR4417607	PAIRED	https://ftp.sra.ebi.ac.uk/vol1/fastq/SRR441/007/SRR4417607/SRR4417607_1.fastq.gz	https://ftp.sra.ebi.ac.uk/vol1/fastq/SRR441/007/SRR4417607/SRR4417607_2.fastq.gz	SAMN04901702	828770
SRR4417608	PAIRED	https://ftp.sra.ebi.ac.uk/vol1/fastq/SRR441/008/SRR4417608/SRR4417608_1.fastq.gz	https://ftp.sra.ebi.ac.uk/vol1/fastq/SRR441/008/SRR4417608/SRR4417608_2.fastq.gz	SAMN04901667	893323
SRR4417609	PAIRED	https://ftp.sra.ebi.ac.uk/vol1/fastq/SRR441/009/SRR4417609/SRR4417609_1.fastq.gz	https://ftp.sra.ebi.ac.uk/vol1/fastq/SRR441/009/SRR4417609/SRR4417609_2.fastq.gz	SAMN04901703	729659
SRR4417610	PAIRED	https://ftp.sra.ebi.ac.uk/vol1/fastq/SRR441/000/SRR4417610/SRR4417610_1.fastq.gz	https://ftp.sra.ebi.ac.uk/vol1/fastq/SRR441/000/SRR4417610/SRR4417610_2.fastq.gz	SAMN04901668	863976
SRR4417611	PAIRED	https://ftp.sra.ebi.ac.uk/vol1/fastq/SRR441/001/SRR4417611/SRR4417611_1.fastq.gz	https://ftp.sra.ebi.ac.uk/vol1/fastq/SRR441/001/SRR4417611/SRR4417611_2.fastq.gz	SAMN04901669	855499
SRR4417612	PAIRED	https://ftp.sra.ebi.ac.uk/vol1/fastq/SRR441/002/SRR4417612/SRR4417612_1.fastq.gz	https://ftp.sra.ebi.ac.uk/vol1/fastq/SRR441/002/SRR4417612/SRR4417612_2.fastq.gz	SAMN04901670	786680
SRR4417613	PAIRED	https://ftp.sra.ebi.ac.uk/vol1/fastq/SRR441/003/SRR4417613/SRR4417613_1.fastq.gz	https://ftp.sra.ebi.ac.uk/vol1/fastq/SRR441/003/SRR4417613/SRR4417613_2.fastq.gz	SAMN04901671	815664
SRR4417614	PAIRED	https://ftp.sra.ebi.ac.uk/vol1/fastq/SRR441/004/SRR4417614/SRR4417614_1.fastq.gz	https://ftp.sra.ebi.ac.uk/vol1/fastq/SRR441/004/SRR4417614/SRR4417614_2.fastq.gz	SAMN04901672	866558
SRR5120223	PAIRED	https://ftp.sra.ebi.ac.uk/vol1/fastq/SRR512/003/SRR5120223/SRR5120223_1.fastq.gz	https://ftp.sra.ebi.ac.uk/vol1/fastq/SRR512/003/SRR5120223/SRR5120223_2.fastq.gz	SAMN06007771	1745755
SRR5237398	PAIRED	https://ftp.sra.ebi.ac.uk/vol1/fastq/SRR523/008/SRR5237398/SRR5237398_1.fastq.gz	https://ftp.sra.ebi.ac.uk/vol1/fastq/SRR523/008/SRR5237398/SRR5237398_2.fastq.gz	SAMN06311521	908096
SRR5445923	PAIRED	https://ftp.sra.ebi.ac.uk/vol1/fastq/SRR544/003/SRR5445923/SRR5445923_1.fastq.gz	https://ftp.sra.ebi.ac.uk/vol1/fastq/SRR544/003/SRR5445923/SRR5445923_2.fastq.gz	SAMN06754731	939950
SRR5445925	PAIRED	https://ftp.sra.ebi.ac.uk/vol1/fastq/SRR544/005/SRR5445925/SRR5445925_1.fastq.gz	https://ftp.sra.ebi.ac.uk/vol1/fastq/SRR544/005/SRR5445925/SRR5445925_2.fastq.gz	SAMN06754729	1518644
SRR5477432	PAIRED	https://ftp.sra.ebi.ac.uk/vol1/fastq/SRR547/002/SRR5477432/SRR5477432_1.fastq.gz	https://ftp.sra.ebi.ac.uk/vol1/fastq/SRR547/002/SRR5477432/SRR5477432_2.fastq.gz	SAMN06827909	2534033
SRR5477433	PAIRED	https://ftp.sra.ebi.ac.uk/vol1/fastq/SRR547/003/SRR5477433/SRR5477433_1.fastq.gz	https://ftp.sra.ebi.ac.uk/vol1/fastq/SRR547/003/SRR5477433/SRR5477433_2.fastq.gz	SAMN06827878	1993273
SRR5477434	PAIRED	https://ftp.sra.ebi.ac.uk/vol1/fastq/SRR547/004/SRR5477434/SRR5477434_1.fastq.gz	https://ftp.sra.ebi.ac.uk/vol1/fastq/SRR547/004/SRR5477434/SRR5477434_2.fastq.gz	SAMN06827876	2332912
SRR5477435	PAIRED	https://ftp.sra.ebi.ac.uk/vol1/fastq/SRR547/005/SRR5477435/SRR5477435_1.fastq.gz	https://ftp.sra.ebi.ac.uk/vol1/fastq/SRR547/005/SRR5477435/SRR5477435_2.fastq.gz	SAMN06827877	2337901
SRR5477436	PAIRED	https://ftp.sra.ebi.ac.uk/vol1/fastq/SRR547/006/SRR5477436/SRR5477436_1.fastq.gz	https://ftp.sra.ebi.ac.uk/vol1/fastq/SRR547/006/SRR5477436/SRR5477436_2.fastq.gz	SAMN06827875	2629731
SRR5477437	PAIRED	https://ftp.sra.ebi.ac.uk/vol1/fastq/SRR547/007/SRR5477437/SRR5477437_1.fastq.gz	https://ftp.sra.ebi.ac.uk/vol1/fastq/SRR547/007/SRR5477437/SRR5477437_2.fastq.gz	SAMN06827873	1649704
SRR5477438	PAIRED	https://ftp.sra.ebi.ac.uk/vol1/fastq/SRR547/008/SRR5477438/SRR5477438_1.fastq.gz	https://ftp.sra.ebi.ac.uk/vol1/fastq/SRR547/008/SRR5477438/SRR5477438_2.fastq.gz	SAMN06827874	245171
SRR5477439	PAIRED	https://ftp.sra.ebi.ac.uk/vol1/fastq/SRR547/009/SRR5477439/SRR5477439_1.fastq.gz	https://ftp.sra.ebi.ac.uk/vol1/fastq/SRR547/009/SRR5477439/SRR5477439_2.fastq.gz	SAMN06827872	1133627
SRR5477440	PAIRED	https://ftp.sra.ebi.ac.uk/vol1/fastq/SRR547/000/SRR5477440/SRR5477440_1.fastq.gz	https://ftp.sra.ebi.ac.uk/vol1/fastq/SRR547/000/SRR5477440/SRR5477440_2.fastq.gz	SAMN06827910	1727355
SRR5511001	PAIRED	https://ftp.sra.ebi.ac.uk/vol1/fastq/SRR551/001/SRR5511001/SRR5511001_1.fastq.gz	https://ftp.sra.ebi.ac.uk/vol1/fastq/SRR551/001/SRR5511001/SRR5511001_2.fastq.gz	SAMN06837745	2013310
SRR5511002	PAIRED	https://ftp.sra.ebi.ac.uk/vol1/fastq/SRR551/002/SRR5511002/SRR5511002_1.fastq.gz	https://ftp.sra.ebi.ac.uk/vol1/fastq/SRR551/002/SRR5511002/SRR5511002_2.fastq.gz	SAMN06837743	1613128
SRR5511003	PAIRED	https://ftp.sra.ebi.ac.uk/vol1/fastq/SRR551/003/SRR5511003/SRR5511003_1.fastq.gz	https://ftp.sra.ebi.ac.uk/vol1/fastq/SRR551/003/SRR5511003/SRR5511003_2.fastq.gz	SAMN06837744	2241504
SRR5511005	PAIRED	https://ftp.sra.ebi.ac.uk/vol1/fastq/SRR551/005/SRR5511005/SRR5511005_1.fastq.gz	https://ftp.sra.ebi.ac.uk/vol1/fastq/SRR551/005/SRR5511005/SRR5511005_2.fastq.gz	SAMN06837773	1940386
SRR5511006	PAIRED	https://ftp.sra.ebi.ac.uk/vol1/fastq/SRR551/006/SRR5511006/SRR5511006_1.fastq.gz	https://ftp.sra.ebi.ac.uk/vol1/fastq/SRR551/006/SRR5511006/SRR5511006_2.fastq.gz	SAMN06837775	1701983
SRR5511007	PAIRED	https://ftp.sra.ebi.ac.uk/vol1/fastq/SRR551/007/SRR5511007/SRR5511007_1.fastq.gz	https://ftp.sra.ebi.ac.uk/vol1/fastq/SRR551/007/SRR5511007/SRR5511007_2.fastq.gz	SAMN06837776	1989864
SRR5511008	PAIRED	https://ftp.sra.ebi.ac.uk/vol1/fastq/SRR551/008/SRR5511008/SRR5511008_1.fastq.gz	https://ftp.sra.ebi.ac.uk/vol1/fastq/SRR551/008/SRR5511008/SRR5511008_2.fastq.gz	SAMN06837774	2291610
SRR5511025	PAIRED	https://ftp.sra.ebi.ac.uk/vol1/fastq/SRR551/005/SRR5511025/SRR5511025_1.fastq.gz	https://ftp.sra.ebi.ac.uk/vol1/fastq/SRR551/005/SRR5511025/SRR5511025_2.fastq.gz	SAMN06837772	1957896
SRR5511027	PAIRED	https://ftp.sra.ebi.ac.uk/vol1/fastq/SRR551/007/SRR5511027/SRR5511027_1.fastq.gz	https://ftp.sra.ebi.ac.uk/vol1/fastq/SRR551/007/SRR5511027/SRR5511027_2.fastq.gz	SAMN06837771	1572279
SRR5511028	PAIRED	https://ftp.sra.ebi.ac.uk/vol1/fastq/SRR551/008/SRR5511028/SRR5511028_1.fastq.gz	https://ftp.sra.ebi.ac.uk/vol1/fastq/SRR551/008/SRR5511028/SRR5511028_2.fastq.gz	SAMN06837769	1811572
SRR5511029	PAIRED	https://ftp.sra.ebi.ac.uk/vol1/fastq/SRR551/009/SRR5511029/SRR5511029_1.fastq.gz	https://ftp.sra.ebi.ac.uk/vol1/fastq/SRR551/009/SRR5511029/SRR5511029_2.fastq.gz	SAMN06837765	2025012
SRR5511031	PAIRED	https://ftp.sra.ebi.ac.uk/vol1/fastq/SRR551/001/SRR5511031/SRR5511031_1.fastq.gz	https://ftp.sra.ebi.ac.uk/vol1/fastq/SRR551/001/SRR5511031/SRR5511031_2.fastq.gz	SAMN06837767	1628546
SRR5511034	PAIRED	https://ftp.sra.ebi.ac.uk/vol1/fastq/SRR551/004/SRR5511034/SRR5511034_1.fastq.gz	https://ftp.sra.ebi.ac.uk/vol1/fastq/SRR551/004/SRR5511034/SRR5511034_2.fastq.gz	SAMN06837763	1448943
SRR5511035	PAIRED	https://ftp.sra.ebi.ac.uk/vol1/fastq/SRR551/005/SRR5511035/SRR5511035_1.fastq.gz	https://ftp.sra.ebi.ac.uk/vol1/fastq/SRR551/005/SRR5511035/SRR5511035_2.fastq.gz	SAMN06837762	1752174
SRR5511047	PAIRED	https://ftp.sra.ebi.ac.uk/vol1/fastq/SRR551/007/SRR5511047/SRR5511047_1.fastq.gz	https://ftp.sra.ebi.ac.uk/vol1/fastq/SRR551/007/SRR5511047/SRR5511047_2.fastq.gz	SAMN06837759	2933433
SRR5511048	PAIRED	https://ftp.sra.ebi.ac.uk/vol1/fastq/SRR551/008/SRR5511048/SRR5511048_1.fastq.gz	https://ftp.sra.ebi.ac.uk/vol1/fastq/SRR551/008/SRR5511048/SRR5511048_2.fastq.gz	SAMN06837761	3256873
SRR5511049	PAIRED	https://ftp.sra.ebi.ac.uk/vol1/fastq/SRR551/009/SRR5511049/SRR5511049_1.fastq.gz	https://ftp.sra.ebi.ac.uk/vol1/fastq/SRR551/009/SRR5511049/SRR5511049_2.fastq.gz	SAMN06837758	1226852
SRR5511050	PAIRED	https://ftp.sra.ebi.ac.uk/vol1/fastq/SRR551/000/SRR5511050/SRR5511050_1.fastq.gz	https://ftp.sra.ebi.ac.uk/vol1/fastq/SRR551/000/SRR5511050/SRR5511050_2.fastq.gz	SAMN06837757	1716033
SRR5511051	PAIRED	https://ftp.sra.ebi.ac.uk/vol1/fastq/SRR551/001/SRR5511051/SRR5511051_1.fastq.gz	https://ftp.sra.ebi.ac.uk/vol1/fastq/SRR551/001/SRR5511051/SRR5511051_2.fastq.gz	SAMN06837756	1961049
SRR5511077	PAIRED	https://ftp.sra.ebi.ac.uk/vol1/fastq/SRR551/007/SRR5511077/SRR5511077_1.fastq.gz	https://ftp.sra.ebi.ac.uk/vol1/fastq/SRR551/007/SRR5511077/SRR5511077_2.fastq.gz	SAMN06837752	2830402
SRR5511079	PAIRED	https://ftp.sra.ebi.ac.uk/vol1/fastq/SRR551/009/SRR5511079/SRR5511079_1.fastq.gz	https://ftp.sra.ebi.ac.uk/vol1/fastq/SRR551/009/SRR5511079/SRR5511079_2.fastq.gz	SAMN06837750	1827533
SRR5511080	PAIRED	https://ftp.sra.ebi.ac.uk/vol1/fastq/SRR551/000/SRR5511080/SRR5511080_1.fastq.gz	https://ftp.sra.ebi.ac.uk/vol1/fastq/SRR551/000/SRR5511080/SRR5511080_2.fastq.gz	SAMN06837751	1511678
SRR5511081	PAIRED	https://ftp.sra.ebi.ac.uk/vol1/fastq/SRR551/001/SRR5511081/SRR5511081_1.fastq.gz	https://ftp.sra.ebi.ac.uk/vol1/fastq/SRR551/001/SRR5511081/SRR5511081_2.fastq.gz	SAMN06837753	2044612
SRR5511082	PAIRED	https://ftp.sra.ebi.ac.uk/vol1/fastq/SRR551/002/SRR5511082/SRR5511082_1.fastq.gz	https://ftp.sra.ebi.ac.uk/vol1/fastq/SRR551/002/SRR5511082/SRR5511082_2.fastq.gz	SAMN06837749	1978327
SRR5511083	PAIRED	https://ftp.sra.ebi.ac.uk/vol1/fastq/SRR551/003/SRR5511083/SRR5511083_1.fastq.gz	https://ftp.sra.ebi.ac.uk/vol1/fastq/SRR551/003/SRR5511083/SRR5511083_2.fastq.gz	SAMN06837748	1733156
SRR5511084	PAIRED	https://ftp.sra.ebi.ac.uk/vol1/fastq/SRR551/004/SRR5511084/SRR5511084_1.fastq.gz	https://ftp.sra.ebi.ac.uk/vol1/fastq/SRR551/004/SRR5511084/SRR5511084_2.fastq.gz	SAMN06837742	2073065
SRR5511086	PAIRED	https://ftp.sra.ebi.ac.uk/vol1/fastq/SRR551/006/SRR5511086/SRR5511086_1.fastq.gz	https://ftp.sra.ebi.ac.uk/vol1/fastq/SRR551/006/SRR5511086/SRR5511086_2.fastq.gz	SAMN06837740	575750
SRR5511179	PAIRED	https://ftp.sra.ebi.ac.uk/vol1/fastq/SRR551/009/SRR5511179/SRR5511179_1.fastq.gz	https://ftp.sra.ebi.ac.uk/vol1/fastq/SRR551/009/SRR5511179/SRR5511179_2.fastq.gz	SAMN06837741	1500894
SRR5511181	PAIRED	https://ftp.sra.ebi.ac.uk/vol1/fastq/SRR551/001/SRR5511181/SRR5511181_1.fastq.gz	https://ftp.sra.ebi.ac.uk/vol1/fastq/SRR551/001/SRR5511181/SRR5511181_2.fastq.gz	SAMN06837803	2224724
SRR5511182	PAIRED	https://ftp.sra.ebi.ac.uk/vol1/fastq/SRR551/002/SRR5511182/SRR5511182_1.fastq.gz	https://ftp.sra.ebi.ac.uk/vol1/fastq/SRR551/002/SRR5511182/SRR5511182_2.fastq.gz	SAMN06837807	2334196
SRR5511183	PAIRED	https://ftp.sra.ebi.ac.uk/vol1/fastq/SRR551/003/SRR5511183/SRR5511183_1.fastq.gz	https://ftp.sra.ebi.ac.uk/vol1/fastq/SRR551/003/SRR5511183/SRR5511183_2.fastq.gz	SAMN06837737	2322808
SRR5511209	PAIRED	https://ftp.sra.ebi.ac.uk/vol1/fastq/SRR551/009/SRR5511209/SRR5511209_1.fastq.gz	https://ftp.sra.ebi.ac.uk/vol1/fastq/SRR551/009/SRR5511209/SRR5511209_2.fastq.gz	SAMN06837797	2247279
SRR5511210	PAIRED	https://ftp.sra.ebi.ac.uk/vol1/fastq/SRR551/000/SRR5511210/SRR5511210_1.fastq.gz	https://ftp.sra.ebi.ac.uk/vol1/fastq/SRR551/000/SRR5511210/SRR5511210_2.fastq.gz	SAMN06837800	1664693
SRR5511211	PAIRED	https://ftp.sra.ebi.ac.uk/vol1/fastq/SRR551/001/SRR5511211/SRR5511211_1.fastq.gz	https://ftp.sra.ebi.ac.uk/vol1/fastq/SRR551/001/SRR5511211/SRR5511211_2.fastq.gz	SAMN06837802	1855750
SRR5511212	PAIRED	https://ftp.sra.ebi.ac.uk/vol1/fastq/SRR551/002/SRR5511212/SRR5511212_1.fastq.gz	https://ftp.sra.ebi.ac.uk/vol1/fastq/SRR551/002/SRR5511212/SRR5511212_2.fastq.gz	SAMN06837799	2294251
SRR5511213	PAIRED	https://ftp.sra.ebi.ac.uk/vol1/fastq/SRR551/003/SRR5511213/SRR5511213_1.fastq.gz	https://ftp.sra.ebi.ac.uk/vol1/fastq/SRR551/003/SRR5511213/SRR5511213_2.fastq.gz	SAMN06837791	1548103
SRR5511214	PAIRED	https://ftp.sra.ebi.ac.uk/vol1/fastq/SRR551/004/SRR5511214/SRR5511214_1.fastq.gz	https://ftp.sra.ebi.ac.uk/vol1/fastq/SRR551/004/SRR5511214/SRR5511214_2.fastq.gz	SAMN06837796	2104636
SRR5511215	PAIRED	https://ftp.sra.ebi.ac.uk/vol1/fastq/SRR551/005/SRR5511215/SRR5511215_1.fastq.gz	https://ftp.sra.ebi.ac.uk/vol1/fastq/SRR551/005/SRR5511215/SRR5511215_2.fastq.gz	SAMN06837794	2260274
SRR5511216	PAIRED	https://ftp.sra.ebi.ac.uk/vol1/fastq/SRR551/006/SRR5511216/SRR5511216_1.fastq.gz	https://ftp.sra.ebi.ac.uk/vol1/fastq/SRR551/006/SRR5511216/SRR5511216_2.fastq.gz	SAMN06837792	1966181
SRR5511217	PAIRED	https://ftp.sra.ebi.ac.uk/vol1/fastq/SRR551/007/SRR5511217/SRR5511217_1.fastq.gz	https://ftp.sra.ebi.ac.uk/vol1/fastq/SRR551/007/SRR5511217/SRR5511217_2.fastq.gz	SAMN06837787	2639044
SRR5511218	PAIRED	https://ftp.sra.ebi.ac.uk/vol1/fastq/SRR551/008/SRR5511218/SRR5511218_1.fastq.gz	https://ftp.sra.ebi.ac.uk/vol1/fastq/SRR551/008/SRR5511218/SRR5511218_2.fastq.gz	SAMN06837789	1351352
SRR5511219	PAIRED	https://ftp.sra.ebi.ac.uk/vol1/fastq/SRR551/009/SRR5511219/SRR5511219_1.fastq.gz	https://ftp.sra.ebi.ac.uk/vol1/fastq/SRR551/009/SRR5511219/SRR5511219_2.fastq.gz	SAMN06837788	1793173
SRR5511220	PAIRED	https://ftp.sra.ebi.ac.uk/vol1/fastq/SRR551/000/SRR5511220/SRR5511220_1.fastq.gz	https://ftp.sra.ebi.ac.uk/vol1/fastq/SRR551/000/SRR5511220/SRR5511220_2.fastq.gz	SAMN06837786	3253525
SRR5511222	PAIRED	https://ftp.sra.ebi.ac.uk/vol1/fastq/SRR551/002/SRR5511222/SRR5511222_1.fastq.gz	https://ftp.sra.ebi.ac.uk/vol1/fastq/SRR551/002/SRR5511222/SRR5511222_2.fastq.gz	SAMN06837783	2690596
SRR5511223	PAIRED	https://ftp.sra.ebi.ac.uk/vol1/fastq/SRR551/003/SRR5511223/SRR5511223_1.fastq.gz	https://ftp.sra.ebi.ac.uk/vol1/fastq/SRR551/003/SRR5511223/SRR5511223_2.fastq.gz	SAMN06837784	2438223
SRR5511227	PAIRED	https://ftp.sra.ebi.ac.uk/vol1/fastq/SRR551/007/SRR5511227/SRR5511227_1.fastq.gz	https://ftp.sra.ebi.ac.uk/vol1/fastq/SRR551/007/SRR5511227/SRR5511227_2.fastq.gz	SAMN06837812	1228155
SRR5511231	PAIRED	https://ftp.sra.ebi.ac.uk/vol1/fastq/SRR551/001/SRR5511231/SRR5511231_1.fastq.gz	https://ftp.sra.ebi.ac.uk/vol1/fastq/SRR551/001/SRR5511231/SRR5511231_2.fastq.gz	SAMN06837813	1534834
SRR5511232	PAIRED	https://ftp.sra.ebi.ac.uk/vol1/fastq/SRR551/002/SRR5511232/SRR5511232_1.fastq.gz	https://ftp.sra.ebi.ac.uk/vol1/fastq/SRR551/002/SRR5511232/SRR5511232_2.fastq.gz	SAMN06837809	2274950
SRR5511233	PAIRED	https://ftp.sra.ebi.ac.uk/vol1/fastq/SRR551/003/SRR5511233/SRR5511233_1.fastq.gz	https://ftp.sra.ebi.ac.uk/vol1/fastq/SRR551/003/SRR5511233/SRR5511233_2.fastq.gz	SAMN06837811	1663652
SRR5511234	PAIRED	https://ftp.sra.ebi.ac.uk/vol1/fastq/SRR551/004/SRR5511234/SRR5511234_1.fastq.gz	https://ftp.sra.ebi.ac.uk/vol1/fastq/SRR551/004/SRR5511234/SRR5511234_2.fastq.gz	SAMN06837836	1618946
SRR5511235	PAIRED	https://ftp.sra.ebi.ac.uk/vol1/fastq/SRR551/005/SRR5511235/SRR5511235_1.fastq.gz	https://ftp.sra.ebi.ac.uk/vol1/fastq/SRR551/005/SRR5511235/SRR5511235_2.fastq.gz	SAMN06837810	2328644
SRR5511236	PAIRED	https://ftp.sra.ebi.ac.uk/vol1/fastq/SRR551/006/SRR5511236/SRR5511236_1.fastq.gz	https://ftp.sra.ebi.ac.uk/vol1/fastq/SRR551/006/SRR5511236/SRR5511236_2.fastq.gz	SAMN06837835	1712141
SRR5511237	PAIRED	https://ftp.sra.ebi.ac.uk/vol1/fastq/SRR551/007/SRR5511237/SRR5511237_1.fastq.gz	https://ftp.sra.ebi.ac.uk/vol1/fastq/SRR551/007/SRR5511237/SRR5511237_2.fastq.gz	SAMN06837832	1483168
SRR5511238	PAIRED	https://ftp.sra.ebi.ac.uk/vol1/fastq/SRR551/008/SRR5511238/SRR5511238_1.fastq.gz	https://ftp.sra.ebi.ac.uk/vol1/fastq/SRR551/008/SRR5511238/SRR5511238_2.fastq.gz	SAMN06837833	955738
SRR5511239	PAIRED	https://ftp.sra.ebi.ac.uk/vol1/fastq/SRR551/009/SRR5511239/SRR5511239_1.fastq.gz	https://ftp.sra.ebi.ac.uk/vol1/fastq/SRR551/009/SRR5511239/SRR5511239_2.fastq.gz	SAMN06837834	2063276
SRR5511240	PAIRED	https://ftp.sra.ebi.ac.uk/vol1/fastq/SRR551/000/SRR5511240/SRR5511240_1.fastq.gz	https://ftp.sra.ebi.ac.uk/vol1/fastq/SRR551/000/SRR5511240/SRR5511240_2.fastq.gz	SAMN06837831	2239454
SRR5511241	PAIRED	https://ftp.sra.ebi.ac.uk/vol1/fastq/SRR551/001/SRR5511241/SRR5511241_1.fastq.gz	https://ftp.sra.ebi.ac.uk/vol1/fastq/SRR551/001/SRR5511241/SRR5511241_2.fastq.gz	SAMN06837830	2032224
SRR5511242	PAIRED	https://ftp.sra.ebi.ac.uk/vol1/fastq/SRR551/002/SRR5511242/SRR5511242_1.fastq.gz	https://ftp.sra.ebi.ac.uk/vol1/fastq/SRR551/002/SRR5511242/SRR5511242_2.fastq.gz	SAMN06837829	1670055
SRR5511243	PAIRED	https://ftp.sra.ebi.ac.uk/vol1/fastq/SRR551/003/SRR5511243/SRR5511243_1.fastq.gz	https://ftp.sra.ebi.ac.uk/vol1/fastq/SRR551/003/SRR5511243/SRR5511243_2.fastq.gz	SAMN06837825	1874082
SRR5511244	PAIRED	https://ftp.sra.ebi.ac.uk/vol1/fastq/SRR551/004/SRR5511244/SRR5511244_1.fastq.gz	https://ftp.sra.ebi.ac.uk/vol1/fastq/SRR551/004/SRR5511244/SRR5511244_2.fastq.gz	SAMN06837828	3791736
SRR5511246	PAIRED	https://ftp.sra.ebi.ac.uk/vol1/fastq/SRR551/006/SRR5511246/SRR5511246_1.fastq.gz	https://ftp.sra.ebi.ac.uk/vol1/fastq/SRR551/006/SRR5511246/SRR5511246_2.fastq.gz	SAMN06837826	2870743
SRR5511247	PAIRED	https://ftp.sra.ebi.ac.uk/vol1/fastq/SRR551/007/SRR5511247/SRR5511247_1.fastq.gz	https://ftp.sra.ebi.ac.uk/vol1/fastq/SRR551/007/SRR5511247/SRR5511247_2.fastq.gz	SAMN06837823	1506978
SRR5511248	PAIRED	https://ftp.sra.ebi.ac.uk/vol1/fastq/SRR551/008/SRR5511248/SRR5511248_1.fastq.gz	https://ftp.sra.ebi.ac.uk/vol1/fastq/SRR551/008/SRR5511248/SRR5511248_2.fastq.gz	SAMN06837824	2031491
SRR5511249	PAIRED	https://ftp.sra.ebi.ac.uk/vol1/fastq/SRR551/009/SRR5511249/SRR5511249_1.fastq.gz	https://ftp.sra.ebi.ac.uk/vol1/fastq/SRR551/009/SRR5511249/SRR5511249_2.fastq.gz	SAMN06837822	2416350
SRR5511250	PAIRED	https://ftp.sra.ebi.ac.uk/vol1/fastq/SRR551/000/SRR5511250/SRR5511250_1.fastq.gz	https://ftp.sra.ebi.ac.uk/vol1/fastq/SRR551/000/SRR5511250/SRR5511250_2.fastq.gz	SAMN06837821	2448853
SRR5511284	PAIRED	https://ftp.sra.ebi.ac.uk/vol1/fastq/SRR551/004/SRR5511284/SRR5511284_1.fastq.gz	https://ftp.sra.ebi.ac.uk/vol1/fastq/SRR551/004/SRR5511284/SRR5511284_2.fastq.gz	SAMN06837817	815866
SRR5511285	PAIRED	https://ftp.sra.ebi.ac.uk/vol1/fastq/SRR551/005/SRR5511285/SRR5511285_1.fastq.gz	https://ftp.sra.ebi.ac.uk/vol1/fastq/SRR551/005/SRR5511285/SRR5511285_2.fastq.gz	SAMN06837818	826712
SRR5511286	PAIRED	https://ftp.sra.ebi.ac.uk/vol1/fastq/SRR551/006/SRR5511286/SRR5511286_1.fastq.gz	https://ftp.sra.ebi.ac.uk/vol1/fastq/SRR551/006/SRR5511286/SRR5511286_2.fastq.gz	SAMN06837816	1305574
SRR5511287	PAIRED	https://ftp.sra.ebi.ac.uk/vol1/fastq/SRR551/007/SRR5511287/SRR5511287_1.fastq.gz	https://ftp.sra.ebi.ac.uk/vol1/fastq/SRR551/007/SRR5511287/SRR5511287_2.fastq.gz	SAMN06837819	1629364
SRR5511288	PAIRED	https://ftp.sra.ebi.ac.uk/vol1/fastq/SRR551/008/SRR5511288/SRR5511288_1.fastq.gz	https://ftp.sra.ebi.ac.uk/vol1/fastq/SRR551/008/SRR5511288/SRR5511288_2.fastq.gz	SAMN06837814	1178967
SRR5511289	PAIRED	https://ftp.sra.ebi.ac.uk/vol1/fastq/SRR551/009/SRR5511289/SRR5511289_1.fastq.gz	https://ftp.sra.ebi.ac.uk/vol1/fastq/SRR551/009/SRR5511289/SRR5511289_2.fastq.gz	SAMN06837815	1506917
SRR5519632	PAIRED	https://ftp.sra.ebi.ac.uk/vol1/fastq/SRR551/002/SRR5519632/SRR5519632_1.fastq.gz	https://ftp.sra.ebi.ac.uk/vol1/fastq/SRR551/002/SRR5519632/SRR5519632_2.fastq.gz	SAMN06892213	1394984
SRR5519633	PAIRED	https://ftp.sra.ebi.ac.uk/vol1/fastq/SRR551/003/SRR5519633/SRR5519633_1.fastq.gz	https://ftp.sra.ebi.ac.uk/vol1/fastq/SRR551/003/SRR5519633/SRR5519633_2.fastq.gz	SAMN06892214	1595757
SRR5519634	PAIRED	https://ftp.sra.ebi.ac.uk/vol1/fastq/SRR551/004/SRR5519634/SRR5519634_1.fastq.gz	https://ftp.sra.ebi.ac.uk/vol1/fastq/SRR551/004/SRR5519634/SRR5519634_2.fastq.gz	SAMN06892212	1470659
SRR5519635	PAIRED	https://ftp.sra.ebi.ac.uk/vol1/fastq/SRR551/005/SRR5519635/SRR5519635_1.fastq.gz	https://ftp.sra.ebi.ac.uk/vol1/fastq/SRR551/005/SRR5519635/SRR5519635_2.fastq.gz	SAMN06892216	1564508
SRR5519636	PAIRED	https://ftp.sra.ebi.ac.uk/vol1/fastq/SRR551/006/SRR5519636/SRR5519636_1.fastq.gz	https://ftp.sra.ebi.ac.uk/vol1/fastq/SRR551/006/SRR5519636/SRR5519636_2.fastq.gz	SAMN06892215	1540293
SRR5519638	PAIRED	https://ftp.sra.ebi.ac.uk/vol1/fastq/SRR551/008/SRR5519638/SRR5519638_1.fastq.gz	https://ftp.sra.ebi.ac.uk/vol1/fastq/SRR551/008/SRR5519638/SRR5519638_2.fastq.gz	SAMN06892211	1573945
SRR5519645	PAIRED	https://ftp.sra.ebi.ac.uk/vol1/fastq/SRR551/005/SRR5519645/SRR5519645_1.fastq.gz	https://ftp.sra.ebi.ac.uk/vol1/fastq/SRR551/005/SRR5519645/SRR5519645_2.fastq.gz	SAMN06892209	1569677
SRR5519647	PAIRED	https://ftp.sra.ebi.ac.uk/vol1/fastq/SRR551/007/SRR5519647/SRR5519647_1.fastq.gz	https://ftp.sra.ebi.ac.uk/vol1/fastq/SRR551/007/SRR5519647/SRR5519647_2.fastq.gz	SAMN06892210	1561411
SRR5519650	PAIRED	https://ftp.sra.ebi.ac.uk/vol1/fastq/SRR551/000/SRR5519650/SRR5519650_1.fastq.gz	https://ftp.sra.ebi.ac.uk/vol1/fastq/SRR551/000/SRR5519650/SRR5519650_2.fastq.gz	SAMN06892248	1489926
SRR5519653	PAIRED	https://ftp.sra.ebi.ac.uk/vol1/fastq/SRR551/003/SRR5519653/SRR5519653_1.fastq.gz	https://ftp.sra.ebi.ac.uk/vol1/fastq/SRR551/003/SRR5519653/SRR5519653_2.fastq.gz	SAMN06892249	1427373
SRR5519654	PAIRED	https://ftp.sra.ebi.ac.uk/vol1/fastq/SRR551/004/SRR5519654/SRR5519654_1.fastq.gz	https://ftp.sra.ebi.ac.uk/vol1/fastq/SRR551/004/SRR5519654/SRR5519654_2.fastq.gz	SAMN06892244	1505688
SRR5519656	PAIRED	https://ftp.sra.ebi.ac.uk/vol1/fastq/SRR551/006/SRR5519656/SRR5519656_1.fastq.gz	https://ftp.sra.ebi.ac.uk/vol1/fastq/SRR551/006/SRR5519656/SRR5519656_2.fastq.gz	SAMN06892245	1646545
SRR5519657	PAIRED	https://ftp.sra.ebi.ac.uk/vol1/fastq/SRR551/007/SRR5519657/SRR5519657_1.fastq.gz	https://ftp.sra.ebi.ac.uk/vol1/fastq/SRR551/007/SRR5519657/SRR5519657_2.fastq.gz	SAMN06892242	1523654
SRR5519665	PAIRED	https://ftp.sra.ebi.ac.uk/vol1/fastq/SRR551/005/SRR5519665/SRR5519665_1.fastq.gz	https://ftp.sra.ebi.ac.uk/vol1/fastq/SRR551/005/SRR5519665/SRR5519665_2.fastq.gz	SAMN06892241	1462707
SRR5519667	PAIRED	https://ftp.sra.ebi.ac.uk/vol1/fastq/SRR551/007/SRR5519667/SRR5519667_1.fastq.gz	https://ftp.sra.ebi.ac.uk/vol1/fastq/SRR551/007/SRR5519667/SRR5519667_2.fastq.gz	SAMN06892237	1413126
SRR5519668	PAIRED	https://ftp.sra.ebi.ac.uk/vol1/fastq/SRR551/008/SRR5519668/SRR5519668_1.fastq.gz	https://ftp.sra.ebi.ac.uk/vol1/fastq/SRR551/008/SRR5519668/SRR5519668_2.fastq.gz	SAMN06892239	1479363
SRR5519669	PAIRED	https://ftp.sra.ebi.ac.uk/vol1/fastq/SRR551/009/SRR5519669/SRR5519669_1.fastq.gz	https://ftp.sra.ebi.ac.uk/vol1/fastq/SRR551/009/SRR5519669/SRR5519669_2.fastq.gz	SAMN06892227	1507829
SRR5519672	PAIRED	https://ftp.sra.ebi.ac.uk/vol1/fastq/SRR551/002/SRR5519672/SRR5519672_1.fastq.gz	https://ftp.sra.ebi.ac.uk/vol1/fastq/SRR551/002/SRR5519672/SRR5519672_2.fastq.gz	SAMN06892231	1617037
SRR5519673	PAIRED	https://ftp.sra.ebi.ac.uk/vol1/fastq/SRR551/003/SRR5519673/SRR5519673_1.fastq.gz	https://ftp.sra.ebi.ac.uk/vol1/fastq/SRR551/003/SRR5519673/SRR5519673_2.fastq.gz	SAMN06892234	1495824
SRR5519674	PAIRED	https://ftp.sra.ebi.ac.uk/vol1/fastq/SRR551/004/SRR5519674/SRR5519674_1.fastq.gz	https://ftp.sra.ebi.ac.uk/vol1/fastq/SRR551/004/SRR5519674/SRR5519674_2.fastq.gz	SAMN06892224	1530809
SRR5519711	PAIRED	https://ftp.sra.ebi.ac.uk/vol1/fastq/SRR551/001/SRR5519711/SRR5519711_1.fastq.gz	https://ftp.sra.ebi.ac.uk/vol1/fastq/SRR551/001/SRR5519711/SRR5519711_2.fastq.gz	SAMN06892225	1305720
SRR5519712	PAIRED	https://ftp.sra.ebi.ac.uk/vol1/fastq/SRR551/002/SRR5519712/SRR5519712_1.fastq.gz	https://ftp.sra.ebi.ac.uk/vol1/fastq/SRR551/002/SRR5519712/SRR5519712_2.fastq.gz	SAMN06892226	1409894
SRR5519713	PAIRED	https://ftp.sra.ebi.ac.uk/vol1/fastq/SRR551/003/SRR5519713/SRR5519713_1.fastq.gz	https://ftp.sra.ebi.ac.uk/vol1/fastq/SRR551/003/SRR5519713/SRR5519713_2.fastq.gz	SAMN06892223	1541051
SRR5519714	PAIRED	https://ftp.sra.ebi.ac.uk/vol1/fastq/SRR551/004/SRR5519714/SRR5519714_1.fastq.gz	https://ftp.sra.ebi.ac.uk/vol1/fastq/SRR551/004/SRR5519714/SRR5519714_2.fastq.gz	SAMN06892222	1321358
SRR5519716	PAIRED	https://ftp.sra.ebi.ac.uk/vol1/fastq/SRR551/006/SRR5519716/SRR5519716_1.fastq.gz	https://ftp.sra.ebi.ac.uk/vol1/fastq/SRR551/006/SRR5519716/SRR5519716_2.fastq.gz	SAMN06892220	1591797
SRR5519720	PAIRED	https://ftp.sra.ebi.ac.uk/vol1/fastq/SRR551/000/SRR5519720/SRR5519720_1.fastq.gz	https://ftp.sra.ebi.ac.uk/vol1/fastq/SRR551/000/SRR5519720/SRR5519720_2.fastq.gz	SAMN06892218	1528164
SRR5519721	PAIRED	https://ftp.sra.ebi.ac.uk/vol1/fastq/SRR551/001/SRR5519721/SRR5519721_1.fastq.gz	https://ftp.sra.ebi.ac.uk/vol1/fastq/SRR551/001/SRR5519721/SRR5519721_2.fastq.gz	SAMN06892217	1611357
SRR5519722	PAIRED	https://ftp.sra.ebi.ac.uk/vol1/fastq/SRR551/002/SRR5519722/SRR5519722_1.fastq.gz	https://ftp.sra.ebi.ac.uk/vol1/fastq/SRR551/002/SRR5519722/SRR5519722_2.fastq.gz	SAMN06892219	1545185
SRR5519723	PAIRED	https://ftp.sra.ebi.ac.uk/vol1/fastq/SRR551/003/SRR5519723/SRR5519723_1.fastq.gz	https://ftp.sra.ebi.ac.uk/vol1/fastq/SRR551/003/SRR5519723/SRR5519723_2.fastq.gz	SAMN06892221	1578757
SRR5519725	PAIRED	https://ftp.sra.ebi.ac.uk/vol1/fastq/SRR551/005/SRR5519725/SRR5519725_1.fastq.gz	https://ftp.sra.ebi.ac.uk/vol1/fastq/SRR551/005/SRR5519725/SRR5519725_2.fastq.gz	SAMN06892299	1384450
SRR5519726	PAIRED	https://ftp.sra.ebi.ac.uk/vol1/fastq/SRR551/006/SRR5519726/SRR5519726_1.fastq.gz	https://ftp.sra.ebi.ac.uk/vol1/fastq/SRR551/006/SRR5519726/SRR5519726_2.fastq.gz	SAMN06892300	1515002
SRR5519727	PAIRED	https://ftp.sra.ebi.ac.uk/vol1/fastq/SRR551/007/SRR5519727/SRR5519727_1.fastq.gz	https://ftp.sra.ebi.ac.uk/vol1/fastq/SRR551/007/SRR5519727/SRR5519727_2.fastq.gz	SAMN06892296	1413238
SRR5519728	PAIRED	https://ftp.sra.ebi.ac.uk/vol1/fastq/SRR551/008/SRR5519728/SRR5519728_1.fastq.gz	https://ftp.sra.ebi.ac.uk/vol1/fastq/SRR551/008/SRR5519728/SRR5519728_2.fastq.gz	SAMN06892297	1479622
SRR5519729	PAIRED	https://ftp.sra.ebi.ac.uk/vol1/fastq/SRR551/009/SRR5519729/SRR5519729_1.fastq.gz	https://ftp.sra.ebi.ac.uk/vol1/fastq/SRR551/009/SRR5519729/SRR5519729_2.fastq.gz	SAMN06892292	1480046
SRR5519730	PAIRED	https://ftp.sra.ebi.ac.uk/vol1/fastq/SRR551/000/SRR5519730/SRR5519730_1.fastq.gz	https://ftp.sra.ebi.ac.uk/vol1/fastq/SRR551/000/SRR5519730/SRR5519730_2.fastq.gz	SAMN06892294	1688081
SRR5519731	PAIRED	https://ftp.sra.ebi.ac.uk/vol1/fastq/SRR551/001/SRR5519731/SRR5519731_1.fastq.gz	https://ftp.sra.ebi.ac.uk/vol1/fastq/SRR551/001/SRR5519731/SRR5519731_2.fastq.gz	SAMN06892295	1345311
SRR5519732	PAIRED	https://ftp.sra.ebi.ac.uk/vol1/fastq/SRR551/002/SRR5519732/SRR5519732_1.fastq.gz	https://ftp.sra.ebi.ac.uk/vol1/fastq/SRR551/002/SRR5519732/SRR5519732_2.fastq.gz	SAMN06892293	1554193
SRR5519733	PAIRED	https://ftp.sra.ebi.ac.uk/vol1/fastq/SRR551/003/SRR5519733/SRR5519733_1.fastq.gz	https://ftp.sra.ebi.ac.uk/vol1/fastq/SRR551/003/SRR5519733/SRR5519733_2.fastq.gz	SAMN06892290	1466975
SRR5519734	PAIRED	https://ftp.sra.ebi.ac.uk/vol1/fastq/SRR551/004/SRR5519734/SRR5519734_1.fastq.gz	https://ftp.sra.ebi.ac.uk/vol1/fastq/SRR551/004/SRR5519734/SRR5519734_2.fastq.gz	SAMN06892287	1471589
SRR5519735	PAIRED	https://ftp.sra.ebi.ac.uk/vol1/fastq/SRR551/005/SRR5519735/SRR5519735_1.fastq.gz	https://ftp.sra.ebi.ac.uk/vol1/fastq/SRR551/005/SRR5519735/SRR5519735_2.fastq.gz	SAMN06892285	1432895
SRR5519736	PAIRED	https://ftp.sra.ebi.ac.uk/vol1/fastq/SRR551/006/SRR5519736/SRR5519736_1.fastq.gz	https://ftp.sra.ebi.ac.uk/vol1/fastq/SRR551/006/SRR5519736/SRR5519736_2.fastq.gz	SAMN06892288	1633547
SRR5519737	PAIRED	https://ftp.sra.ebi.ac.uk/vol1/fastq/SRR551/007/SRR5519737/SRR5519737_1.fastq.gz	https://ftp.sra.ebi.ac.uk/vol1/fastq/SRR551/007/SRR5519737/SRR5519737_2.fastq.gz	SAMN06892289	1419441
SRR5519739	PAIRED	https://ftp.sra.ebi.ac.uk/vol1/fastq/SRR551/009/SRR5519739/SRR5519739_1.fastq.gz	https://ftp.sra.ebi.ac.uk/vol1/fastq/SRR551/009/SRR5519739/SRR5519739_2.fastq.gz	SAMN06892283	1457498
SRR5519740	PAIRED	https://ftp.sra.ebi.ac.uk/vol1/fastq/SRR551/000/SRR5519740/SRR5519740_1.fastq.gz	https://ftp.sra.ebi.ac.uk/vol1/fastq/SRR551/000/SRR5519740/SRR5519740_2.fastq.gz	SAMN06892284	1475231
SRR5519741	PAIRED	https://ftp.sra.ebi.ac.uk/vol1/fastq/SRR551/001/SRR5519741/SRR5519741_1.fastq.gz	https://ftp.sra.ebi.ac.uk/vol1/fastq/SRR551/001/SRR5519741/SRR5519741_2.fastq.gz	SAMN06892282	1511552
SRR5519742	PAIRED	https://ftp.sra.ebi.ac.uk/vol1/fastq/SRR551/002/SRR5519742/SRR5519742_1.fastq.gz	https://ftp.sra.ebi.ac.uk/vol1/fastq/SRR551/002/SRR5519742/SRR5519742_2.fastq.gz	SAMN06892281	1527312
SRR5519744	PAIRED	https://ftp.sra.ebi.ac.uk/vol1/fastq/SRR551/004/SRR5519744/SRR5519744_1.fastq.gz	https://ftp.sra.ebi.ac.uk/vol1/fastq/SRR551/004/SRR5519744/SRR5519744_2.fastq.gz	SAMN06892277	1499188
SRR5519746	PAIRED	https://ftp.sra.ebi.ac.uk/vol1/fastq/SRR551/006/SRR5519746/SRR5519746_1.fastq.gz	https://ftp.sra.ebi.ac.uk/vol1/fastq/SRR551/006/SRR5519746/SRR5519746_2.fastq.gz	SAMN06892276	1489839
SRR5519747	PAIRED	https://ftp.sra.ebi.ac.uk/vol1/fastq/SRR551/007/SRR5519747/SRR5519747_1.fastq.gz	https://ftp.sra.ebi.ac.uk/vol1/fastq/SRR551/007/SRR5519747/SRR5519747_2.fastq.gz	SAMN06892275	1571909
SRR5519748	PAIRED	https://ftp.sra.ebi.ac.uk/vol1/fastq/SRR551/008/SRR5519748/SRR5519748_1.fastq.gz	https://ftp.sra.ebi.ac.uk/vol1/fastq/SRR551/008/SRR5519748/SRR5519748_2.fastq.gz	SAMN06892260	1437401
SRR5519756	PAIRED	https://ftp.sra.ebi.ac.uk/vol1/fastq/SRR551/006/SRR5519756/SRR5519756_1.fastq.gz	https://ftp.sra.ebi.ac.uk/vol1/fastq/SRR551/006/SRR5519756/SRR5519756_2.fastq.gz	SAMN06892258	1576040
SRR5519757	PAIRED	https://ftp.sra.ebi.ac.uk/vol1/fastq/SRR551/007/SRR5519757/SRR5519757_1.fastq.gz	https://ftp.sra.ebi.ac.uk/vol1/fastq/SRR551/007/SRR5519757/SRR5519757_2.fastq.gz	SAMN06892256	1498257
SRR5519758	PAIRED	https://ftp.sra.ebi.ac.uk/vol1/fastq/SRR551/008/SRR5519758/SRR5519758_1.fastq.gz	https://ftp.sra.ebi.ac.uk/vol1/fastq/SRR551/008/SRR5519758/SRR5519758_2.fastq.gz	SAMN06892254	1455355
SRR5519759	PAIRED	https://ftp.sra.ebi.ac.uk/vol1/fastq/SRR551/009/SRR5519759/SRR5519759_1.fastq.gz	https://ftp.sra.ebi.ac.uk/vol1/fastq/SRR551/009/SRR5519759/SRR5519759_2.fastq.gz	SAMN06892257	1475010
SRR5519760	PAIRED	https://ftp.sra.ebi.ac.uk/vol1/fastq/SRR551/000/SRR5519760/SRR5519760_1.fastq.gz	https://ftp.sra.ebi.ac.uk/vol1/fastq/SRR551/000/SRR5519760/SRR5519760_2.fastq.gz	SAMN06892205	1504569
SRR5519761	PAIRED	https://ftp.sra.ebi.ac.uk/vol1/fastq/SRR551/001/SRR5519761/SRR5519761_1.fastq.gz	https://ftp.sra.ebi.ac.uk/vol1/fastq/SRR551/001/SRR5519761/SRR5519761_2.fastq.gz	SAMN06892204	1603495
SRR5519762	PAIRED	https://ftp.sra.ebi.ac.uk/vol1/fastq/SRR551/002/SRR5519762/SRR5519762_1.fastq.gz	https://ftp.sra.ebi.ac.uk/vol1/fastq/SRR551/002/SRR5519762/SRR5519762_2.fastq.gz	SAMN06892331	1313619
SRR5519763	PAIRED	https://ftp.sra.ebi.ac.uk/vol1/fastq/SRR551/003/SRR5519763/SRR5519763_1.fastq.gz	https://ftp.sra.ebi.ac.uk/vol1/fastq/SRR551/003/SRR5519763/SRR5519763_2.fastq.gz	SAMN06892206	1470961
SRR5519764	PAIRED	https://ftp.sra.ebi.ac.uk/vol1/fastq/SRR551/004/SRR5519764/SRR5519764_1.fastq.gz	https://ftp.sra.ebi.ac.uk/vol1/fastq/SRR551/004/SRR5519764/SRR5519764_2.fastq.gz	SAMN06892325	1563913
SRR5519765	PAIRED	https://ftp.sra.ebi.ac.uk/vol1/fastq/SRR551/005/SRR5519765/SRR5519765_1.fastq.gz	https://ftp.sra.ebi.ac.uk/vol1/fastq/SRR551/005/SRR5519765/SRR5519765_2.fastq.gz	SAMN06892330	1657831
SRR5519766	PAIRED	https://ftp.sra.ebi.ac.uk/vol1/fastq/SRR551/006/SRR5519766/SRR5519766_1.fastq.gz	https://ftp.sra.ebi.ac.uk/vol1/fastq/SRR551/006/SRR5519766/SRR5519766_2.fastq.gz	SAMN06892328	1641354
SRR5519767	PAIRED	https://ftp.sra.ebi.ac.uk/vol1/fastq/SRR551/007/SRR5519767/SRR5519767_1.fastq.gz	https://ftp.sra.ebi.ac.uk/vol1/fastq/SRR551/007/SRR5519767/SRR5519767_2.fastq.gz	SAMN06892326	1550692
SRR5519768	PAIRED	https://ftp.sra.ebi.ac.uk/vol1/fastq/SRR551/008/SRR5519768/SRR5519768_1.fastq.gz	https://ftp.sra.ebi.ac.uk/vol1/fastq/SRR551/008/SRR5519768/SRR5519768_2.fastq.gz	SAMN06892329	1432554
SRR5519804	PAIRED	https://ftp.sra.ebi.ac.uk/vol1/fastq/SRR551/004/SRR5519804/SRR5519804_1.fastq.gz	https://ftp.sra.ebi.ac.uk/vol1/fastq/SRR551/004/SRR5519804/SRR5519804_2.fastq.gz	SAMN06892323	1527193
SRR5519805	PAIRED	https://ftp.sra.ebi.ac.uk/vol1/fastq/SRR551/005/SRR5519805/SRR5519805_1.fastq.gz	https://ftp.sra.ebi.ac.uk/vol1/fastq/SRR551/005/SRR5519805/SRR5519805_2.fastq.gz	SAMN06892324	1597586
SRR5519806	PAIRED	https://ftp.sra.ebi.ac.uk/vol1/fastq/SRR551/006/SRR5519806/SRR5519806_1.fastq.gz	https://ftp.sra.ebi.ac.uk/vol1/fastq/SRR551/006/SRR5519806/SRR5519806_2.fastq.gz	SAMN06892321	1348744
SRR5519807	PAIRED	https://ftp.sra.ebi.ac.uk/vol1/fastq/SRR551/007/SRR5519807/SRR5519807_1.fastq.gz	https://ftp.sra.ebi.ac.uk/vol1/fastq/SRR551/007/SRR5519807/SRR5519807_2.fastq.gz	SAMN06892322	1623246
SRR5519808	PAIRED	https://ftp.sra.ebi.ac.uk/vol1/fastq/SRR551/008/SRR5519808/SRR5519808_1.fastq.gz	https://ftp.sra.ebi.ac.uk/vol1/fastq/SRR551/008/SRR5519808/SRR5519808_2.fastq.gz	SAMN06892320	1468529
SRR5519809	PAIRED	https://ftp.sra.ebi.ac.uk/vol1/fastq/SRR551/009/SRR5519809/SRR5519809_1.fastq.gz	https://ftp.sra.ebi.ac.uk/vol1/fastq/SRR551/009/SRR5519809/SRR5519809_2.fastq.gz	SAMN06892316	1233298
SRR5519810	PAIRED	https://ftp.sra.ebi.ac.uk/vol1/fastq/SRR551/000/SRR5519810/SRR5519810_1.fastq.gz	https://ftp.sra.ebi.ac.uk/vol1/fastq/SRR551/000/SRR5519810/SRR5519810_2.fastq.gz	SAMN06892315	1159394
SRR5519811	PAIRED	https://ftp.sra.ebi.ac.uk/vol1/fastq/SRR551/001/SRR5519811/SRR5519811_1.fastq.gz	https://ftp.sra.ebi.ac.uk/vol1/fastq/SRR551/001/SRR5519811/SRR5519811_2.fastq.gz	SAMN06892318	1565612
SRR5519812	PAIRED	https://ftp.sra.ebi.ac.uk/vol1/fastq/SRR551/002/SRR5519812/SRR5519812_1.fastq.gz	https://ftp.sra.ebi.ac.uk/vol1/fastq/SRR551/002/SRR5519812/SRR5519812_2.fastq.gz	SAMN06892314	1423499
SRR5519871	PAIRED	https://ftp.sra.ebi.ac.uk/vol1/fastq/SRR551/001/SRR5519871/SRR5519871_1.fastq.gz	https://ftp.sra.ebi.ac.uk/vol1/fastq/SRR551/001/SRR5519871/SRR5519871_2.fastq.gz	SAMN06892311	1462851
SRR5519872	PAIRED	https://ftp.sra.ebi.ac.uk/vol1/fastq/SRR551/002/SRR5519872/SRR5519872_1.fastq.gz	https://ftp.sra.ebi.ac.uk/vol1/fastq/SRR551/002/SRR5519872/SRR5519872_2.fastq.gz	SAMN06892310	1615663
SRR5519899	PAIRED	https://ftp.sra.ebi.ac.uk/vol1/fastq/SRR551/009/SRR5519899/SRR5519899_1.fastq.gz	https://ftp.sra.ebi.ac.uk/vol1/fastq/SRR551/009/SRR5519899/SRR5519899_2.fastq.gz	SAMN06892308	1653820
SRR5660177	PAIRED	https://ftp.sra.ebi.ac.uk/vol1/fastq/SRR566/007/SRR5660177/SRR5660177_1.fastq.gz	https://ftp.sra.ebi.ac.uk/vol1/fastq/SRR566/007/SRR5660177/SRR5660177_2.fastq.gz	SAMN07203008	1240326
SRR5660178	PAIRED	https://ftp.sra.ebi.ac.uk/vol1/fastq/SRR566/008/SRR5660178/SRR5660178_1.fastq.gz	https://ftp.sra.ebi.ac.uk/vol1/fastq/SRR566/008/SRR5660178/SRR5660178_2.fastq.gz	SAMN07203011	1565369
SRR5660180	PAIRED	https://ftp.sra.ebi.ac.uk/vol1/fastq/SRR566/000/SRR5660180/SRR5660180_1.fastq.gz	https://ftp.sra.ebi.ac.uk/vol1/fastq/SRR566/000/SRR5660180/SRR5660180_2.fastq.gz	SAMN07203012	1219288
SRR5660181	PAIRED	https://ftp.sra.ebi.ac.uk/vol1/fastq/SRR566/001/SRR5660181/SRR5660181_1.fastq.gz	https://ftp.sra.ebi.ac.uk/vol1/fastq/SRR566/001/SRR5660181/SRR5660181_2.fastq.gz	SAMN07203010	1179743
SRR5660183	PAIRED	https://ftp.sra.ebi.ac.uk/vol1/fastq/SRR566/003/SRR5660183/SRR5660183_1.fastq.gz	https://ftp.sra.ebi.ac.uk/vol1/fastq/SRR566/003/SRR5660183/SRR5660183_2.fastq.gz	SAMN07203009	1481298
SRR5862467	PAIRED	https://ftp.sra.ebi.ac.uk/vol1/fastq/SRR586/007/SRR5862467/SRR5862467_1.fastq.gz	https://ftp.sra.ebi.ac.uk/vol1/fastq/SRR586/007/SRR5862467/SRR5862467_2.fastq.gz	SAMN07410719	1466789
SRR5862475	PAIRED	https://ftp.sra.ebi.ac.uk/vol1/fastq/SRR586/005/SRR5862475/SRR5862475_1.fastq.gz	https://ftp.sra.ebi.ac.uk/vol1/fastq/SRR586/005/SRR5862475/SRR5862475_2.fastq.gz	SAMN07410709	1126284
SRR5891469	PAIRED	https://ftp.sra.ebi.ac.uk/vol1/fastq/SRR589/009/SRR5891469/SRR5891469_1.fastq.gz	https://ftp.sra.ebi.ac.uk/vol1/fastq/SRR589/009/SRR5891469/SRR5891469_2.fastq.gz	SAMN07445130	3174183
SRR5891471	PAIRED	https://ftp.sra.ebi.ac.uk/vol1/fastq/SRR589/001/SRR5891471/SRR5891471_1.fastq.gz	https://ftp.sra.ebi.ac.uk/vol1/fastq/SRR589/001/SRR5891471/SRR5891471_2.fastq.gz	SAMN07445129	3158312
SRR5891472	PAIRED	https://ftp.sra.ebi.ac.uk/vol1/fastq/SRR589/002/SRR5891472/SRR5891472_1.fastq.gz	https://ftp.sra.ebi.ac.uk/vol1/fastq/SRR589/002/SRR5891472/SRR5891472_2.fastq.gz	SAMN07445128	2562287
SRR5891473	PAIRED	https://ftp.sra.ebi.ac.uk/vol1/fastq/SRR589/003/SRR5891473/SRR5891473_1.fastq.gz	https://ftp.sra.ebi.ac.uk/vol1/fastq/SRR589/003/SRR5891473/SRR5891473_2.fastq.gz	SAMN07445127	2453964
SRR5891475	PAIRED	https://ftp.sra.ebi.ac.uk/vol1/fastq/SRR589/005/SRR5891475/SRR5891475_1.fastq.gz	https://ftp.sra.ebi.ac.uk/vol1/fastq/SRR589/005/SRR5891475/SRR5891475_2.fastq.gz	SAMN07445126	2967683
SRR5891476	PAIRED	https://ftp.sra.ebi.ac.uk/vol1/fastq/SRR589/006/SRR5891476/SRR5891476_1.fastq.gz	https://ftp.sra.ebi.ac.uk/vol1/fastq/SRR589/006/SRR5891476/SRR5891476_2.fastq.gz	SAMN07445125	2549262
SRR5891477	PAIRED	https://ftp.sra.ebi.ac.uk/vol1/fastq/SRR589/007/SRR5891477/SRR5891477_1.fastq.gz	https://ftp.sra.ebi.ac.uk/vol1/fastq/SRR589/007/SRR5891477/SRR5891477_2.fastq.gz	SAMN07445132	3066490
SRR5891478	PAIRED	https://ftp.sra.ebi.ac.uk/vol1/fastq/SRR589/008/SRR5891478/SRR5891478_1.fastq.gz	https://ftp.sra.ebi.ac.uk/vol1/fastq/SRR589/008/SRR5891478/SRR5891478_2.fastq.gz	SAMN07445131	2556917
SRR5891479	PAIRED	https://ftp.sra.ebi.ac.uk/vol1/fastq/SRR589/009/SRR5891479/SRR5891479_1.fastq.gz	https://ftp.sra.ebi.ac.uk/vol1/fastq/SRR589/009/SRR5891479/SRR5891479_2.fastq.gz	SAMN07445124	2888053
SRR5891482	PAIRED	https://ftp.sra.ebi.ac.uk/vol1/fastq/SRR589/002/SRR5891482/SRR5891482_1.fastq.gz	https://ftp.sra.ebi.ac.uk/vol1/fastq/SRR589/002/SRR5891482/SRR5891482_2.fastq.gz	SAMN07445123	3261752
SRR5891483	PAIRED	https://ftp.sra.ebi.ac.uk/vol1/fastq/SRR589/003/SRR5891483/SRR5891483_1.fastq.gz	https://ftp.sra.ebi.ac.uk/vol1/fastq/SRR589/003/SRR5891483/SRR5891483_2.fastq.gz	SAMN07445121	2966710
SRR5891484	PAIRED	https://ftp.sra.ebi.ac.uk/vol1/fastq/SRR589/004/SRR5891484/SRR5891484_1.fastq.gz	https://ftp.sra.ebi.ac.uk/vol1/fastq/SRR589/004/SRR5891484/SRR5891484_2.fastq.gz	SAMN07445122	2705571
SRR5891485	PAIRED	https://ftp.sra.ebi.ac.uk/vol1/fastq/SRR589/005/SRR5891485/SRR5891485_1.fastq.gz	https://ftp.sra.ebi.ac.uk/vol1/fastq/SRR589/005/SRR5891485/SRR5891485_2.fastq.gz	SAMN07445119	3019437
SRR5891486	PAIRED	https://ftp.sra.ebi.ac.uk/vol1/fastq/SRR589/006/SRR5891486/SRR5891486_1.fastq.gz	https://ftp.sra.ebi.ac.uk/vol1/fastq/SRR589/006/SRR5891486/SRR5891486_2.fastq.gz	SAMN07445120	2457900
SRR5891488	PAIRED	https://ftp.sra.ebi.ac.uk/vol1/fastq/SRR589/008/SRR5891488/SRR5891488_1.fastq.gz	https://ftp.sra.ebi.ac.uk/vol1/fastq/SRR589/008/SRR5891488/SRR5891488_2.fastq.gz	SAMN07445118	2951484
SRR5891490	PAIRED	https://ftp.sra.ebi.ac.uk/vol1/fastq/SRR589/000/SRR5891490/SRR5891490_1.fastq.gz	https://ftp.sra.ebi.ac.uk/vol1/fastq/SRR589/000/SRR5891490/SRR5891490_2.fastq.gz	SAMN07445133	2988927
SRR5891491	PAIRED	https://ftp.sra.ebi.ac.uk/vol1/fastq/SRR589/001/SRR5891491/SRR5891491_1.fastq.gz	https://ftp.sra.ebi.ac.uk/vol1/fastq/SRR589/001/SRR5891491/SRR5891491_2.fastq.gz	SAMN07445114	1933231
SRR5891492	PAIRED	https://ftp.sra.ebi.ac.uk/vol1/fastq/SRR589/002/SRR5891492/SRR5891492_1.fastq.gz	https://ftp.sra.ebi.ac.uk/vol1/fastq/SRR589/002/SRR5891492/SRR5891492_2.fastq.gz	SAMN07445115	3295056
SRR5891493	PAIRED	https://ftp.sra.ebi.ac.uk/vol1/fastq/SRR589/003/SRR5891493/SRR5891493_1.fastq.gz	https://ftp.sra.ebi.ac.uk/vol1/fastq/SRR589/003/SRR5891493/SRR5891493_2.fastq.gz	SAMN07445113	2174154
SRR5891495	PAIRED	https://ftp.sra.ebi.ac.uk/vol1/fastq/SRR589/005/SRR5891495/SRR5891495_1.fastq.gz	https://ftp.sra.ebi.ac.uk/vol1/fastq/SRR589/005/SRR5891495/SRR5891495_2.fastq.gz	SAMN07445112	2500213
SRR5891497	PAIRED	https://ftp.sra.ebi.ac.uk/vol1/fastq/SRR589/007/SRR5891497/SRR5891497_1.fastq.gz	https://ftp.sra.ebi.ac.uk/vol1/fastq/SRR589/007/SRR5891497/SRR5891497_2.fastq.gz	SAMN07445111	2100978
SRR5891499	PAIRED	https://ftp.sra.ebi.ac.uk/vol1/fastq/SRR589/009/SRR5891499/SRR5891499_1.fastq.gz	https://ftp.sra.ebi.ac.uk/vol1/fastq/SRR589/009/SRR5891499/SRR5891499_2.fastq.gz	SAMN07445116	2345299
SRR5891500	PAIRED	https://ftp.sra.ebi.ac.uk/vol1/fastq/SRR589/000/SRR5891500/SRR5891500_1.fastq.gz	https://ftp.sra.ebi.ac.uk/vol1/fastq/SRR589/000/SRR5891500/SRR5891500_2.fastq.gz	SAMN07445117	2977858
SRR5901132	PAIRED	https://ftp.sra.ebi.ac.uk/vol1/fastq/SRR590/002/SRR5901132/SRR5901132_1.fastq.gz	https://ftp.sra.ebi.ac.uk/vol1/fastq/SRR590/002/SRR5901132/SRR5901132_2.fastq.gz	SAMN07450848	836478
SRR5943593	PAIRED	https://ftp.sra.ebi.ac.uk/vol1/fastq/SRR594/003/SRR5943593/SRR5943593_1.fastq.gz	https://ftp.sra.ebi.ac.uk/vol1/fastq/SRR594/003/SRR5943593/SRR5943593_2.fastq.gz	SAMN07450689	3215748
SRR5943594	PAIRED	https://ftp.sra.ebi.ac.uk/vol1/fastq/SRR594/004/SRR5943594/SRR5943594_1.fastq.gz	https://ftp.sra.ebi.ac.uk/vol1/fastq/SRR594/004/SRR5943594/SRR5943594_2.fastq.gz	SAMN07450687	3326174
SRR5943595	PAIRED	https://ftp.sra.ebi.ac.uk/vol1/fastq/SRR594/005/SRR5943595/SRR5943595_1.fastq.gz	https://ftp.sra.ebi.ac.uk/vol1/fastq/SRR594/005/SRR5943595/SRR5943595_2.fastq.gz	SAMN07450688	2727192
SRR5943596	PAIRED	https://ftp.sra.ebi.ac.uk/vol1/fastq/SRR594/006/SRR5943596/SRR5943596_1.fastq.gz	https://ftp.sra.ebi.ac.uk/vol1/fastq/SRR594/006/SRR5943596/SRR5943596_2.fastq.gz	SAMN07450686	3523054
SRR5943597	PAIRED	https://ftp.sra.ebi.ac.uk/vol1/fastq/SRR594/007/SRR5943597/SRR5943597_1.fastq.gz	https://ftp.sra.ebi.ac.uk/vol1/fastq/SRR594/007/SRR5943597/SRR5943597_2.fastq.gz	SAMN07450683	3098042
SRR5943598	PAIRED	https://ftp.sra.ebi.ac.uk/vol1/fastq/SRR594/008/SRR5943598/SRR5943598_1.fastq.gz	https://ftp.sra.ebi.ac.uk/vol1/fastq/SRR594/008/SRR5943598/SRR5943598_2.fastq.gz	SAMN07450685	3474047
SRR5943599	PAIRED	https://ftp.sra.ebi.ac.uk/vol1/fastq/SRR594/009/SRR5943599/SRR5943599_1.fastq.gz	https://ftp.sra.ebi.ac.uk/vol1/fastq/SRR594/009/SRR5943599/SRR5943599_2.fastq.gz	SAMN07450684	3219039
SRR5943600	PAIRED	https://ftp.sra.ebi.ac.uk/vol1/fastq/SRR594/000/SRR5943600/SRR5943600_1.fastq.gz	https://ftp.sra.ebi.ac.uk/vol1/fastq/SRR594/000/SRR5943600/SRR5943600_2.fastq.gz	SAMN07450597	3051376
SRR5943601	PAIRED	https://ftp.sra.ebi.ac.uk/vol1/fastq/SRR594/001/SRR5943601/SRR5943601_1.fastq.gz	https://ftp.sra.ebi.ac.uk/vol1/fastq/SRR594/001/SRR5943601/SRR5943601_2.fastq.gz	SAMN07450598	3790411
SRR5943610	PAIRED	https://ftp.sra.ebi.ac.uk/vol1/fastq/SRR594/000/SRR5943610/SRR5943610_1.fastq.gz	https://ftp.sra.ebi.ac.uk/vol1/fastq/SRR594/000/SRR5943610/SRR5943610_2.fastq.gz	SAMN07450596	3441026
SRR5943611	PAIRED	https://ftp.sra.ebi.ac.uk/vol1/fastq/SRR594/001/SRR5943611/SRR5943611_1.fastq.gz	https://ftp.sra.ebi.ac.uk/vol1/fastq/SRR594/001/SRR5943611/SRR5943611_2.fastq.gz	SAMN07450595	3193778
SRR5943612	PAIRED	https://ftp.sra.ebi.ac.uk/vol1/fastq/SRR594/002/SRR5943612/SRR5943612_1.fastq.gz	https://ftp.sra.ebi.ac.uk/vol1/fastq/SRR594/002/SRR5943612/SRR5943612_2.fastq.gz	SAMN07450594	3506493
SRR5943613	PAIRED	https://ftp.sra.ebi.ac.uk/vol1/fastq/SRR594/003/SRR5943613/SRR5943613_1.fastq.gz	https://ftp.sra.ebi.ac.uk/vol1/fastq/SRR594/003/SRR5943613/SRR5943613_2.fastq.gz	SAMN07450593	3535851
SRR5943614	PAIRED	https://ftp.sra.ebi.ac.uk/vol1/fastq/SRR594/004/SRR5943614/SRR5943614_1.fastq.gz	https://ftp.sra.ebi.ac.uk/vol1/fastq/SRR594/004/SRR5943614/SRR5943614_2.fastq.gz	SAMN07450722	3436085
SRR5943615	PAIRED	https://ftp.sra.ebi.ac.uk/vol1/fastq/SRR594/005/SRR5943615/SRR5943615_1.fastq.gz	https://ftp.sra.ebi.ac.uk/vol1/fastq/SRR594/005/SRR5943615/SRR5943615_2.fastq.gz	SAMN07450720	3224785
SRR5943616	PAIRED	https://ftp.sra.ebi.ac.uk/vol1/fastq/SRR594/006/SRR5943616/SRR5943616_1.fastq.gz	https://ftp.sra.ebi.ac.uk/vol1/fastq/SRR594/006/SRR5943616/SRR5943616_2.fastq.gz	SAMN07450721	3292942
SRR5943617	PAIRED	https://ftp.sra.ebi.ac.uk/vol1/fastq/SRR594/007/SRR5943617/SRR5943617_1.fastq.gz	https://ftp.sra.ebi.ac.uk/vol1/fastq/SRR594/007/SRR5943617/SRR5943617_2.fastq.gz	SAMN07450719	3294220
SRR5943618	PAIRED	https://ftp.sra.ebi.ac.uk/vol1/fastq/SRR594/008/SRR5943618/SRR5943618_1.fastq.gz	https://ftp.sra.ebi.ac.uk/vol1/fastq/SRR594/008/SRR5943618/SRR5943618_2.fastq.gz	SAMN07450718	3629535
SRR5943619	PAIRED	https://ftp.sra.ebi.ac.uk/vol1/fastq/SRR594/009/SRR5943619/SRR5943619_1.fastq.gz	https://ftp.sra.ebi.ac.uk/vol1/fastq/SRR594/009/SRR5943619/SRR5943619_2.fastq.gz	SAMN07450717	3374715
SRR5943620	PAIRED	https://ftp.sra.ebi.ac.uk/vol1/fastq/SRR594/000/SRR5943620/SRR5943620_1.fastq.gz	https://ftp.sra.ebi.ac.uk/vol1/fastq/SRR594/000/SRR5943620/SRR5943620_2.fastq.gz	SAMN07450715	3661528
SRR5943621	PAIRED	https://ftp.sra.ebi.ac.uk/vol1/fastq/SRR594/001/SRR5943621/SRR5943621_1.fastq.gz	https://ftp.sra.ebi.ac.uk/vol1/fastq/SRR594/001/SRR5943621/SRR5943621_2.fastq.gz	SAMN07450716	3567671
SRR5943622	PAIRED	https://ftp.sra.ebi.ac.uk/vol1/fastq/SRR594/002/SRR5943622/SRR5943622_1.fastq.gz	https://ftp.sra.ebi.ac.uk/vol1/fastq/SRR594/002/SRR5943622/SRR5943622_2.fastq.gz	SAMN07450714	3041797
SRR6037664	PAIRED	https://ftp.sra.ebi.ac.uk/vol1/fastq/SRR603/004/SRR6037664/SRR6037664_1.fastq.gz	https://ftp.sra.ebi.ac.uk/vol1/fastq/SRR603/004/SRR6037664/SRR6037664_2.fastq.gz	SAMN07602915	1535181
SRR6799412	PAIRED	https://ftp.sra.ebi.ac.uk/vol1/fastq/SRR679/002/SRR6799412/SRR6799412_1.fastq.gz	https://ftp.sra.ebi.ac.uk/vol1/fastq/SRR679/002/SRR6799412/SRR6799412_2.fastq.gz	SAMN04014911	10158282
SRR6799415	PAIRED	https://ftp.sra.ebi.ac.uk/vol1/fastq/SRR679/005/SRR6799415/SRR6799415_1.fastq.gz	https://ftp.sra.ebi.ac.uk/vol1/fastq/SRR679/005/SRR6799415/SRR6799415_2.fastq.gz	SAMN04014897	9365401
SRR6807653	PAIRED	https://ftp.sra.ebi.ac.uk/vol1/fastq/SRR680/003/SRR6807653/SRR6807653_1.fastq.gz	https://ftp.sra.ebi.ac.uk/vol1/fastq/SRR680/003/SRR6807653/SRR6807653_2.fastq.gz	SAMN04014893	9822748
SRR7821049	PAIRED	https://ftp.sra.ebi.ac.uk/vol1/fastq/SRR782/009/SRR7821049/SRR7821049_1.fastq.gz	https://ftp.sra.ebi.ac.uk/vol1/fastq/SRR782/009/SRR7821049/SRR7821049_2.fastq.gz	SAMN10036073	11618466
SRR7821050	PAIRED	https://ftp.sra.ebi.ac.uk/vol1/fastq/SRR782/000/SRR7821050/SRR7821050_1.fastq.gz	https://ftp.sra.ebi.ac.uk/vol1/fastq/SRR782/000/SRR7821050/SRR7821050_2.fastq.gz	SAMN10036074	12213307
SRR7821051	PAIRED	https://ftp.sra.ebi.ac.uk/vol1/fastq/SRR782/001/SRR7821051/SRR7821051_1.fastq.gz	https://ftp.sra.ebi.ac.uk/vol1/fastq/SRR782/001/SRR7821051/SRR7821051_2.fastq.gz	SAMN10036071	16358202
SRR7821052	PAIRED	https://ftp.sra.ebi.ac.uk/vol1/fastq/SRR782/002/SRR7821052/SRR7821052_1.fastq.gz	https://ftp.sra.ebi.ac.uk/vol1/fastq/SRR782/002/SRR7821052/SRR7821052_2.fastq.gz	SAMN10036072	12786901
SRR7821053	PAIRED	https://ftp.sra.ebi.ac.uk/vol1/fastq/SRR782/003/SRR7821053/SRR7821053_1.fastq.gz	https://ftp.sra.ebi.ac.uk/vol1/fastq/SRR782/003/SRR7821053/SRR7821053_2.fastq.gz	SAMN10036077	13684259
SRR7821054	PAIRED	https://ftp.sra.ebi.ac.uk/vol1/fastq/SRR782/004/SRR7821054/SRR7821054_1.fastq.gz	https://ftp.sra.ebi.ac.uk/vol1/fastq/SRR782/004/SRR7821054/SRR7821054_2.fastq.gz	SAMN10036078	13309233
SRR7821055	PAIRED	https://ftp.sra.ebi.ac.uk/vol1/fastq/SRR782/005/SRR7821055/SRR7821055_1.fastq.gz	https://ftp.sra.ebi.ac.uk/vol1/fastq/SRR782/005/SRR7821055/SRR7821055_2.fastq.gz	SAMN10036075	11851250
SRR7821056	PAIRED	https://ftp.sra.ebi.ac.uk/vol1/fastq/SRR782/006/SRR7821056/SRR7821056_1.fastq.gz	https://ftp.sra.ebi.ac.uk/vol1/fastq/SRR782/006/SRR7821056/SRR7821056_2.fastq.gz	SAMN10036076	14102112
SRR7821057	PAIRED	https://ftp.sra.ebi.ac.uk/vol1/fastq/SRR782/007/SRR7821057/SRR7821057_1.fastq.gz	https://ftp.sra.ebi.ac.uk/vol1/fastq/SRR782/007/SRR7821057/SRR7821057_2.fastq.gz	SAMN10036079	14300049
SRR7821058	PAIRED	https://ftp.sra.ebi.ac.uk/vol1/fastq/SRR782/008/SRR7821058/SRR7821058_1.fastq.gz	https://ftp.sra.ebi.ac.uk/vol1/fastq/SRR782/008/SRR7821058/SRR7821058_2.fastq.gz	SAMN10036080	11921945
SRR7821059	PAIRED	https://ftp.sra.ebi.ac.uk/vol1/fastq/SRR782/009/SRR7821059/SRR7821059_1.fastq.gz	https://ftp.sra.ebi.ac.uk/vol1/fastq/SRR782/009/SRR7821059/SRR7821059_2.fastq.gz	SAMN10036083	12126962
SRR7821060	PAIRED	https://ftp.sra.ebi.ac.uk/vol1/fastq/SRR782/000/SRR7821060/SRR7821060_1.fastq.gz	https://ftp.sra.ebi.ac.uk/vol1/fastq/SRR782/000/SRR7821060/SRR7821060_2.fastq.gz	SAMN10036084	13299505
SRR7821061	PAIRED	https://ftp.sra.ebi.ac.uk/vol1/fastq/SRR782/001/SRR7821061/SRR7821061_1.fastq.gz	https://ftp.sra.ebi.ac.uk/vol1/fastq/SRR782/001/SRR7821061/SRR7821061_2.fastq.gz	SAMN10036081	12850289
SRR7821062	PAIRED	https://ftp.sra.ebi.ac.uk/vol1/fastq/SRR782/002/SRR7821062/SRR7821062_1.fastq.gz	https://ftp.sra.ebi.ac.uk/vol1/fastq/SRR782/002/SRR7821062/SRR7821062_2.fastq.gz	SAMN10036082	14197188
SRR7821063	PAIRED	https://ftp.sra.ebi.ac.uk/vol1/fastq/SRR782/003/SRR7821063/SRR7821063_1.fastq.gz	https://ftp.sra.ebi.ac.uk/vol1/fastq/SRR782/003/SRR7821063/SRR7821063_2.fastq.gz	SAMN10036087	13746725
SRR7821064	PAIRED	https://ftp.sra.ebi.ac.uk/vol1/fastq/SRR782/004/SRR7821064/SRR7821064_1.fastq.gz	https://ftp.sra.ebi.ac.uk/vol1/fastq/SRR782/004/SRR7821064/SRR7821064_2.fastq.gz	SAMN10036088	13811802
SRR7821065	PAIRED	https://ftp.sra.ebi.ac.uk/vol1/fastq/SRR782/005/SRR7821065/SRR7821065_1.fastq.gz	https://ftp.sra.ebi.ac.uk/vol1/fastq/SRR782/005/SRR7821065/SRR7821065_2.fastq.gz	SAMN10036085	10065956
SRR7821066	PAIRED	https://ftp.sra.ebi.ac.uk/vol1/fastq/SRR782/006/SRR7821066/SRR7821066_1.fastq.gz	https://ftp.sra.ebi.ac.uk/vol1/fastq/SRR782/006/SRR7821066/SRR7821066_2.fastq.gz	SAMN10036086	12599115
SRR7821067	PAIRED	https://ftp.sra.ebi.ac.uk/vol1/fastq/SRR782/007/SRR7821067/SRR7821067_1.fastq.gz	https://ftp.sra.ebi.ac.uk/vol1/fastq/SRR782/007/SRR7821067/SRR7821067_2.fastq.gz	SAMN10036089	12006559
SRR7821068	PAIRED	https://ftp.sra.ebi.ac.uk/vol1/fastq/SRR782/008/SRR7821068/SRR7821068_1.fastq.gz	https://ftp.sra.ebi.ac.uk/vol1/fastq/SRR782/008/SRR7821068/SRR7821068_2.fastq.gz	SAMN10036090	10725708
SRR7821069	PAIRED	https://ftp.sra.ebi.ac.uk/vol1/fastq/SRR782/009/SRR7821069/SRR7821069_1.fastq.gz	https://ftp.sra.ebi.ac.uk/vol1/fastq/SRR782/009/SRR7821069/SRR7821069_2.fastq.gz	SAMN10036093	13701372
SRR7821070	PAIRED	https://ftp.sra.ebi.ac.uk/vol1/fastq/SRR782/000/SRR7821070/SRR7821070_1.fastq.gz	https://ftp.sra.ebi.ac.uk/vol1/fastq/SRR782/000/SRR7821070/SRR7821070_2.fastq.gz	SAMN10036092	12650761
SRR7821071	PAIRED	https://ftp.sra.ebi.ac.uk/vol1/fastq/SRR782/001/SRR7821071/SRR7821071_1.fastq.gz	https://ftp.sra.ebi.ac.uk/vol1/fastq/SRR782/001/SRR7821071/SRR7821071_2.fastq.gz	SAMN10036091	12710459
SRR8837010	PAIRED	https://ftp.sra.ebi.ac.uk/vol1/fastq/SRR883/000/SRR8837010/SRR8837010_1.fastq.gz	https://ftp.sra.ebi.ac.uk/vol1/fastq/SRR883/000/SRR8837010/SRR8837010_2.fastq.gz	SAMN10086814	10948209
SRR8837150	PAIRED	https://ftp.sra.ebi.ac.uk/vol1/fastq/SRR883/000/SRR8837150/SRR8837150_1.fastq.gz	https://ftp.sra.ebi.ac.uk/vol1/fastq/SRR883/000/SRR8837150/SRR8837150_2.fastq.gz	SAMN10086821	896231
