sample_id	biosample	blaCTX-M	blaTEM	blaSHV	blaKPC	blaNDM	blaOXA-48-like	qnrB	aac6-Ib-cr	sul1	sul2	dfrA12	dfrA14	mcr-1
DRR148122	SAMD00126359	1	0	0	0	0	0	0	0	1	1	0	0	0
DRR148128	SAMD00126365	1	0	0	0	0	0	0	0	0	0	0	0	0
DRR148135	SAMD00126372	1	0	0	0	0	0	0	0	0	0	0	0	0
DRR148139	SAMD00126376	1	0	0	0	0	0	0	0	0	0	0	0	0
DRR148144	SAMD00126381	1	0	0	0	0	0	0	0	1	1	0	0	0
DRR148148	SAMD00126385	1	0	0	0	0	0	0	0	1	1	0	0	0
DRR148154	SAMD00126391	1	0	0	0	0	0	0	0	0	0	0	0	0
DRR148168	SAMD00126405	1	0	0	0	0	0	0	0	0	0	0	0	0
DRR148169	SAMD00126406	1	0	0	0	0	0	0	0	1	1	0	0	0
DRR148189	SAMD00126426	0	1	0	0	0	0	0	0	1	1	0	0	0
DRR148196	SAMD00126433	1	1	0	0	0	0	0	0	0	0	0	0	0
DRR148201	SAMD00126438	1	1	0	0	0	0	0	0	1	1	0	0	0
DRR148202	SAMD00126439	1	0	0	0	0	0	0	0	1	1	0	0	0
DRR148234	SAMD00126471	1	0	0	0	0	0	0	0	0	0	0	0	0
DRR148237	SAMD00126474	1	1	0	0	0	0	0	0	1	1	0	0	0
DRR148240	SAMD00126477	0	0	0	0	0	0	0	0	0	0	0	0	0
DRR148243	SAMD00126480	0	0	0	0	0	0	0	0	0	0	0	0	0
DRR148244	SAMD00126481	0	0	0	0	0	0	0	0	0	0	0	0	0
DRR148253	SAMD00126490	1	1	0	0	0	0	0	0	1	1	0	0	0
DRR148261	SAMD00126498	0	0	0	0	0	0	0	0	0	0	0	0	0
DRR148266	SAMD00126503	0	0	0	0	0	0	0	0	0	0	0	0	0
DRR148268	SAMD00126505	0	0	0	0	0	0	0	0	0	0	0	0	0
DRR148274	SAMD00126511	0	1	0	0	0	0	0	0	1	1	0	0	0
DRR148297	SAMD00126534	0	1	0	0	0	0	0	0	0	0	0	0	0
DRR148303	SAMD00126540	0	1	0	0	0	0	0	0	0	0	0	0	0
DRR148325	SAMD00126562	0	0	0	0	0	0	0	0	0	0	0	0	0
DRR148329	SAMD00126566	1	1	0	0	0	0	0	0	0	0	0	0	0
DRR148334	SAMD00126571	0	0	0	0	0	0	0	0	0	0	0	0	0
DRR148336	SAMD00126573	1	1	0	0	0	0	0	0	1	1	0	0	0
DRR148347	SAMD00126584	1	0	0	0	0	0	0	0	1	1	0	0	0
DRR148353	SAMD00126590	0	0	0	0	0	0	0	0	0	0	0	0	0
DRR148354	SAMD00126591	0	0	0	0	0	0	0	0	0	0	0	0	0
DRR148355	SAMD00126592	1	0	0	0	0	0	0	0	1	1	0	0	0
DRR148358	SAMD00126595	0	0	0	0	0	0	0	0	0	0	0	0	0
DRR148360	SAMD00126597	0	1	0	0	0	0	0	0	0	0	1	0	0
DRR148362	SAMD00126599	0	1	0	0	0	0	0	0	0	0	0	0	0
DRR148363	SAMD00126600	0	1	0	0	0	0	0	0	0	0	0	0	0
DRR148367	SAMD00126604	0	1	0	0	0	0	0	0	0	0	0	0	0
DRR385906	SAMD00497402	1	1	0	0	0	0	0	0	0	0	0	0	0
DRR385957	SAMD00497453	1	1	0	0	0	0	0	0	0	1	0	1	0
DRR385966	SAMD00497462	1	0	0	0	0	0	0	0	0	0	0	0	0
DRR385972	SAMD00497468	1	0	0	0	0	0	0	0	1	1	0	0	0
DRR385973	SAMD00497469	0	0	0	0	0	0	0	0	0	0	0	0	0
DRR385992	SAMD00497488	1	1	0	0	0	0	0	0	0	0	0	0	0
DRR386014	SAMD00497510	0	0	0	0	0	0	0	0	0	0	0	0	0
DRR386018	SAMD00497514	0	0	0	0	0	0	0	0	0	0	0	0	0
DRR386030	SAMD00497526	0	0	0	0	0	0	0	0	0	0	0	0	0
DRR386034	SAMD00497530	0	0	0	0	0	0	0	0	0	0	0	0	0
DRR386038	SAMD00497534	0	0	0	0	0	0	0	0	0	0	0	0	0
DRR386075	SAMD00497571	0	0	0	0	0	0	0	0	0	0	0	0	0
DRR386087	SAMD00497583	0	1	0	0	0	0	1	0	1	1	0	0	0
DRR386109	SAMD00497605	1	1	0	0	0	0	0	0	1	1	0	0	0
DRR386117	SAMD00497613	1	0	0	0	0	0	0	0	0	0	0	0	0
DRR386134	SAMD00497630	1	1	0	0	0	0	0	0	1	1	0	0	0
DRR386142	SAMD00497638	1	0	0	0	0	0	0	1	0	0	0	0	0
DRR386165	SAMD00497661	1	1	0	0	0	0	0	0	0	0	0	0	0
DRR386167	SAMD00497663	1	0	0	0	0	0	0	0	1	1	0	0	0
DRR386169	SAMD00497665	1	1	0	0	0	0	0	0	0	0	0	0	0
DRR386174	SAMD00497670	0	1	0	0	0	0	0	0	0	1	0	0	0
DRR386183	SAMD00497679	0	0	0	0	0	0	0	0	0	0	0	0	0
DRR386190	SAMD00497686	0	0	0	0	0	0	0	0	0	0	0	0	0
DRR386195	SAMD00497691	0	0	0	0	0	0	0	0	0	0	0	0	0
DRR386206	SAMD00497702	0	0	0	0	0	0	0	0	0	0	0	0	0
DRR386208	SAMD00497704	0	1	0	0	0	0	0	0	0	0	0	0	0
DRR386216	SAMD00497712	0	0	0	0	0	0	1	0	1	0	0	0	0
DRR386247	SAMD00497743	0	0	0	0	0	0	0	1	1	0	0	0	0
DRR386285	SAMD00497781	1	1	0	0	0	0	0	0	0	1	0	0	0
DRR386312	SAMD00497808	1	0	0	0	0	0	0	0	1	0	0	0	0
DRR386330	SAMD00497826	1	1	0	0	0	0	0	0	1	1	0	0	0
DRR386378	SAMD00497874	1	0	0	0	0	0	0	0	0	0	0	0	0
DRR386420	SAMD00497916	0	0	0	0	0	0	0	0	0	0	0	0	0
DRR386429	SAMD00497925	0	0	0	0	0	0	0	0	0	0	0	0	0
DRR386461	SAMD00497957	0	1	0	0	0	0	0	0	0	0	0	0	0
DRR386463	SAMD00497959	0	0	0	0	0	0	0	0	0	0	0	0	0
DRR386474	SAMD00497970	1	0	0	0	0	0	0	0	1	1	0	0	0
DRR386485	SAMD00497981	1	0	0	0	0	0	0	0	1	0	0	0	0
DRR386489	SAMD00497985	1	1	0	0	0	0	0	0	0	1	0	0	0
DRR386529	SAMD00498025	1	0	0	0	0	0	0	0	0	0	0	0	0
DRR386586	SAMD00498082	0	1	0	0	0	0	0	0	0	0	0	0	0
DRR386603	SAMD00498099	0	0	0	0	0	0	0	0	0	0	0	0	0
DRR386607	SAMD00498103	0	0	0	0	0	0	0	0	0	0	0	0	0
DRR386612	SAMD00498108	1	1	0	0	0	0	0	0	0	0	0	0	0
DRR386648	SAMD00498144	1	0	0	0	0	0	0	0	0	0	0	0	0
DRR386653	SAMD00498149	1	0	0	0	0	0	0	0	0	0	0	0	0
DRR386689	SAMD00498185	1	1	0	0	0	0	0	0	1	1	0	0	0
DRR386695	SAMD00498191	0	0	0	0	0	0	0	0	0	0	0	0	0
DRR386696	SAMD00498192	1	1	0	0	0	0	0	0	1	1	0	0	0
DRR386702	SAMD00498198	1	0	0	0	0	0	0	0	1	1	0	0	0
DRR386736	SAMD00498232	1	0	0	0	0	0	0	0	0	0	0	0	0
DRR386737	SAMD00498233	1	1	0	0	0	0	0	0	0	1	0	0	0
DRR386753	SAMD00498249	0	0	0	0	0	0	0	0	0	0	0	0	0
DRR386754	SAMD00498250	0	0	0	0	0	0	0	0	0	0	0	0	0
DRR386758	SAMD00498254	1	1	0	0	0	0	0	0	1	1	0	0	0
DRR386759	SAMD00498255	1	0	0	0	0	0	0	0	0	0	0	0	0
DRR386768	SAMD00498264	1	1	0	0	0	0	0	0	0	0	0	0	0
DRR386798	SAMD00498294	0	0	0	0	0	0	0	0	0	0	0	0	0
DRR386799	SAMD00498295	0	0	0	0	0	0	0	0	0	0	0	0	0
DRR386808	SAMD00498304	0	0	0	0	0	0	0	1	1	0	0	0	0
DRR386818	SAMD00498314	1	0	0	0	0	0	0	0	0	0	0	0	0
DRR386839	SAMD00498335	0	1	0	0	0	0	0	0	0	1	0	0	0
DRR386840	SAMD00498336	1	0	0	0	0	0	0	1	1	0	0	0	0
DRR386844	SAMD00498340	1	1	0	0	0	0	0	0	0	0	0	0	0
DRR386848	SAMD00498344	1	1	1	0	0	0	0	0	0	1	0	0	0
DRR386862	SAMD00498358	1	0	0	0	0	0	0	0	1	0	0	0	0
DRR386879	SAMD00498375	1	1	0	0	0	0	0	0	0	1	0	0	0
DRR386881	SAMD00498377	1	0	0	0	0	0	0	0	0	0	0	0	0
DRR386882	SAMD00498378	1	0	0	0	0	0	0	1	0	0	0	0	0
DRR386909	SAMD00498405	1	0	0	0	0	0	0	0	1	1	0	0	0
DRR386912	SAMD00498408	1	0	0	0	0	0	0	0	0	0	0	0	0
DRR387051	SAMD00498547	1	0	0	0	0	0	0	0	0	0	0	0	0
DRR387070	SAMD00498566	0	0	0	0	0	0	0	0	0	0	0	0	0
DRR387095	SAMD00498591	1	1	0	0	0	0	0	1	1	0	0	1	0
DRR387127	SAMD00498623	1	1	0	0	0	0	0	0	0	0	0	0	0
DRR387162	SAMD00498658	0	0	0	0	0	0	0	0	0	0	0	0	0
DRR387178	SAMD00498674	0	1	0	0	0	0	1	0	1	0	0	0	0
DRR387208	SAMD00498704	1	0	0	0	1	0	0	0	1	0	1	0	0
DRR387214	SAMD00498710	1	0	0	0	0	0	0	1	0	0	1	0	1
DRR387219	SAMD00498715	1	0	0	0	0	0	0	0	1	1	0	0	0
DRR387254	SAMD00498750	0	0	0	0	0	0	0	0	1	0	0	0	0
DRR387288	SAMD00498784	0	0	0	0	0	0	0	0	0	0	0	0	0
DRR387298	SAMD00498794	0	0	0	0	0	0	1	0	1	0	0	0	0
DRR387299	SAMD00498795	0	0	0	0	0	0	0	0	0	0	0	0	0
DRR387300	SAMD00498796	0	0	1	0	0	0	0	0	0	0	0	0	0
DRR387301	SAMD00498797	0	1	0	0	0	0	0	0	0	1	0	0	0
DRR387324	SAMD00498820	0	0	0	0	0	0	0	1	0	1	0	1	0
DRR387339	SAMD00498835	1	0	0	0	0	0	0	0	1	1	0	0	0
DRR387342	SAMD00498838	1	0	0	0	0	0	0	0	0	1	0	0	0
DRR387355	SAMD00498851	1	0	0	0	0	0	0	0	1	1	0	0	0
DRR387357	SAMD00498853	0	1	0	0	0	0	1	0	1	0	0	0	0
DRR387391	SAMD00498887	1	0	0	0	0	0	0	0	1	1	0	0	0
DRR387430	SAMD00498926	0	0	0	0	0	0	0	0	0	1	0	0	0
DRR387433	SAMD00498929	1	0	0	0	0	0	0	0	1	1	0	0	0
DRR387449	SAMD00498945	0	0	1	0	0	0	0	0	0	0	0	0	0
DRR387456	SAMD00498952	1	0	0	0	0	0	0	0	0	0	0	0	0
DRR387471	SAMD00498967	1	1	0	0	0	0	0	0	0	1	0	1	0
DRR387483	SAMD00498979	0	1	0	0	0	0	0	0	0	1	1	0	0
DRR387488	SAMD00498984	0	1	0	0	0	0	1	1	1	0	0	0	0
DRR387517	SAMD00499013	1	0	0	0	0	0	0	0	1	1	0	0	0
DRR387542	SAMD00499038	1	0	0	0	0	0	0	0	0	0	0	0	0
DRR387545	SAMD00499041	1	0	0	0	0	0	0	0	0	0	0	0	0
DRR387549	SAMD00499045	1	1	0	0	0	0	0	1	1	1	0	0	0
DRR387557	SAMD00499053	1	1	0	0	0	0	0	1	0	1	0	1	0
DRR387566	SAMD00499062	0	0	0	0	0	0	0	0	0	0	0	0	0
DRR387570	SAMD00499066	0	0	0	0	0	0	0	0	0	0	0	0	0
DRR387609	SAMD00499105	1	1	0	0	0	0	0	1	1	1	0	0	0
DRR387613	SAMD00499109	0	0	0	0	0	0	1	0	1	0	0	0	0
DRR387639	SAMD00499135	1	0	0	0	0	0	0	0	1	1	0	0	0
DRR387649	SAMD00499145	1	0	0	0	0	0	0	1	0	1	0	0	0
DRR387681	SAMD00499177	1	1	0	0	0	0	0	0	0	0	0	0	0
DRR387686	SAMD00499182	1	0	0	0	0	0	0	0	0	0	0	0	0
DRR387703	SAMD00499199	0	0	0	0	1	0	0	0	0	0	0	0	0
DRR387709	SAMD00499205	0	0	0	0	1	0	0	0	1	0	1	0	0
DRR387733	SAMD00499229	1	0	0	0	0	0	0	1	0	0	0	0	0
DRR387735	SAMD00499231	1	1	0	0	0	0	0	0	0	0	0	0	0
DRR387757	SAMD00499253	1	0	0	0	0	0	0	0	1	0	0	0	0
DRR387775	SAMD00499271	1	1	0	0	0	0	0	0	1	1	0	0	0
DRR387780	SAMD00499276	1	1	0	0	0	0	0	0	1	1	0	0	0
DRR387799	SAMD00499295	1	0	0	0	0	0	0	0	0	0	0	0	0
DRR387800	SAMD00499296	0	0	0	0	0	0	0	0	0	0	0	0	0
DRR387821	SAMD00499317	1	0	0	0	0	0	0	0	0	0	0	0	0
DRR387824	SAMD00499320	1	0	0	0	0	1	0	0	1	1	0	0	0
DRR387827	SAMD00499323	0	0	0	0	0	0	0	0	0	0	0	0	0
DRR387831	SAMD00499327	1	0	0	0	0	0	0	0	1	1	0	0	0
DRR387865	SAMD00499361	1	1	0	0	0	0	0	0	1	1	0	0	0
DRR387887	SAMD00499383	1	0	0	0	0	0	0	0	0	0	0	0	0
DRR387902	SAMD00499398	0	0	0	0	0	0	0	0	0	0	0	0	0
DRR387909	SAMD00499405	1	1	0	0	0	0	0	0	1	1	0	0	0
DRR387934	SAMD00499430	1	0	0	0	0	0	0	0	0	0	0	0	0
DRR387936	SAMD00499432	1	0	0	0	0	0	0	0	0	0	0	0	0
DRR387942	SAMD00499438	0	1	0	0	0	0	0	0	1	1	0	0	0
DRR387963	SAMD00499459	1	0	0	0	0	0	0	0	1	1	0	0	0
DRR387969	SAMD00499465	1	1	0	0	0	0	0	0	0	0	0	0	0
DRR387974	SAMD00499470	0	0	0	0	0	0	0	0	0	0	0	0	0
DRR387982	SAMD00499478	1	0	0	0	0	0	0	0	1	0	0	0	0
DRR388011	SAMD00499507	1	0	0	0	0	0	0	0	0	1	0	0	0
DRR388028	SAMD00499524	0	0	0	0	0	0	0	0	0	0	0	0	0
DRR388029	SAMD00499525	0	0	0	0	0	0	0	0	0	0	0	0	0
DRR388046	SAMD00499542	1	0	0	0	0	0	0	0	1	1	0	0	0
DRR388089	SAMD00499585	1	0	0	0	0	0	0	0	0	0	0	0	0
DRR388142	SAMD00499638	0	0	0	0	0	0	0	0	0	0	0	0	0
DRR388155	SAMD00499651	1	1	0	0	0	0	0	0	0	0	0	0	0
DRR388170	SAMD00499666	0	0	0	0	0	0	1	0	1	0	0	0	0
DRR388174	SAMD00499670	1	0	0	0	0	0	0	0	1	0	0	0	0
DRR388184	SAMD00499680	1	1	0	0	0	0	0	0	0	0	0	0	0
DRR388241	SAMD00499737	0	1	0	0	0	0	0	0	0	0	0	0	0
DRR388261	SAMD00499757	0	1	0	0	0	0	0	0	0	0	0	0	0
DRR388283	SAMD00499779	1	1	0	0	0	0	0	0	1	1	0	0	0
DRR388289	SAMD00499785	1	1	0	0	0	0	0	0	0	1	0	0	0
DRR388290	SAMD00499786	0	1	0	0	0	0	0	0	1	1	0	1	0
DRR388302	SAMD00499798	0	1	0	0	0	0	0	0	0	0	0	0	0
DRR388332	SAMD00499828	0	0	0	0	0	0	0	0	0	0	0	0	0
DRR388346	SAMD00499842	0	0	0	0	0	0	0	0	0	0	0	0	0
DRR388347	SAMD00499843	0	0	0	0	0	0	0	0	0	0	0	0	0
DRR388355	SAMD00499851	0	0	0	0	0	0	0	0	0	0	0	0	0
DRR388367	SAMD00499863	0	0	0	0	0	0	0	0	0	0	0	0	0
DRR388379	SAMD00499875	0	0	0	0	0	0	0	0	0	0	0	0	0
DRR388410	SAMD00499906	1	0	0	0	0	0	0	0	0	0	0	0	0
DRR388411	SAMD00499907	1	1	0	0	0	0	0	0	0	0	0	0	0
DRR388441	SAMD00499937	0	0	0	0	0	0	0	0	0	0	0	0	0
DRR388458	SAMD00499954	0	1	0	0	0	0	0	0	0	0	0	0	0
DRR388461	SAMD00499957	0	0	0	0	0	0	0	0	0	0	0	0	0
DRR388464	SAMD00499960	0	0	0	0	0	0	0	0	0	0	0	0	0
DRR388472	SAMD00499968	1	1	0	0	0	0	0	0	0	1	0	0	0
DRR388478	SAMD00499974	0	0	0	0	0	0	0	0	0	0	0	0	0
DRR388485	SAMD00499981	0	0	0	0	0	0	0	0	1	0	0	0	0
DRR388500	SAMD00499996	1	1	0	0	0	0	0	0	0	0	0	0	0
DRR388506	SAMD00500002	1	0	0	0	0	0	0	0	1	1	0	0	0
DRR388518	SAMD00500014	1	0	0	0	0	0	0	0	0	0	0	0	0
DRR388526	SAMD00500022	1	0	0	0	0	0	0	0	0	0	0	0	0
DRR388551	SAMD00500047	1	0	0	0	0	0	0	0	0	0	0	0	0
DRR388554	SAMD00500050	1	1	0	0	0	0	0	0	0	1	0	0	0
DRR388555	SAMD00500051	1	1	0	0	0	0	0	1	0	0	0	0	0
DRR388560	SAMD00500056	0	0	0	0	0	0	0	0	0	0	0	0	0
DRR388575	SAMD00500071	1	0	0	0	1	0	0	0	1	0	1	0	0
DRR388600	SAMD00500096	1	1	0	0	0	0	0	0	0	0	0	0	0
DRR388624	SAMD00500120	1	0	0	0	0	0	0	0	1	0	1	0	0
DRR388627	SAMD00500123	1	1	0	0	0	0	0	0	0	1	0	0	0
DRR388643	SAMD00500139	0	0	0	0	0	0	0	0	0	0	0	0	0
DRR388645	SAMD00500141	1	0	0	0	0	0	0	0	1	0	1	0	0
DRR388666	SAMD00500162	1	0	0	0	0	0	0	0	1	0	0	0	0
DRR388679	SAMD00500175	1	1	0	0	0	0	1	1	0	1	0	1	0
DRR388718	SAMD00500214	1	1	0	0	0	0	0	0	0	0	0	0	0
DRR388733	SAMD00500229	0	0	0	0	0	0	0	0	0	0	0	0	0
DRR388750	SAMD00500246	0	0	0	0	0	0	0	0	0	0	0	0	0
DRR388777	SAMD00500273	1	1	0	0	0	0	0	0	0	0	0	0	0
DRR388814	SAMD00500310	0	0	0	0	0	0	0	0	0	0	0	0	0
DRR388860	SAMD00500356	0	0	0	0	0	0	0	0	0	0	0	0	0
DRR388861	SAMD00500357	0	0	0	0	0	0	0	0	0	0	0	0	0
DRR388915	SAMD00500411	1	0	0	0	0	0	0	0	0	0	0	0	0
DRR388935	SAMD00500431	1	1	0	0	0	0	0	0	1	1	0	0	0
DRR388936	SAMD00500432	1	0	0	0	0	0	0	0	1	1	0	0	0
DRR388950	SAMD00500446	1	1	0	0	0	0	0	0	1	1	0	0	0
DRR388996	SAMD00500492	0	0	0	0	0	0	0	0	0	0	0	0	0
DRR389001	SAMD00500497	0	0	0	0	0	0	0	0	1	0	0	0	0
DRR389007	SAMD00500503	1	1	0	0	0	0	0	0	1	1	0	0	0
DRR389044	SAMD00500540	1	0	0	0	0	0	0	0	0	0	0	0	0
DRR389054	SAMD00500550	1	0	0	0	0	0	0	0	1	1	0	0	0
DRR389058	SAMD00500554	1	0	0	0	0	0	0	0	1	1	0	0	0
DRR389090	SAMD00500586	0	0	0	0	0	0	0	1	1	0	0	0	0
DRR389097	SAMD00500593	0	0	0	0	0	0	0	1	1	0	0	0	0
DRR389118	SAMD00500614	1	1	0	0	0	0	0	0	0	1	0	0	0
DRR389128	SAMD00500624	1	0	0	0	0	0	0	1	0	0	0	0	0
DRR389161	SAMD00500657	0	1	0	0	0	0	0	0	0	1	0	1	0
DRR389185	SAMD00500681	0	0	0	0	0	0	0	0	0	0	0	0	0
DRR389188	SAMD00500684	1	0	0	0	0	0	0	0	1	1	0	0	0
DRR389191	SAMD00500687	1	0	0	0	0	0	0	0	1	0	0	0	0
DRR389204	SAMD00500700	1	1	0	0	0	0	0	0	0	0	0	0	0
DRR389211	SAMD00500707	0	0	0	0	0	0	1	0	1	0	0	0	0
DRR389216	SAMD00500712	1	1	0	0	0	0	0	1	1	0	0	0	0
DRR389237	SAMD00500733	0	1	0	0	0	0	1	0	1	1	0	0	0
DRR389238	SAMD00500734	1	1	0	0	0	0	0	0	1	0	0	0	0
DRR389244	SAMD00500740	1	1	0	0	0	0	0	0	0	0	0	0	0
DRR389273	SAMD00500769	1	1	0	0	0	0	0	1	0	1	1	0	0
DRR389276	SAMD00500772	1	0	0	0	0	0	0	0	1	0	0	0	0
DRR389278	SAMD00500774	1	1	0	0	0	0	0	0	0	0	0	0	0
DRR389280	SAMD00500776	0	1	0	0	1	0	0	0	0	0	0	0	0
DRR389293	SAMD00500789	0	0	0	0	0	0	0	0	0	0	0	0	0
DRR389339	SAMD00500835	1	1	0	0	0	0	0	0	1	0	0	1	0
DRR389361	SAMD00500857	0	0	0	0	0	0	0	0	0	0	0	0	0
DRR389363	SAMD00500859	0	0	0	0	0	0	0	0	0	1	0	0	0
DRR389396	SAMD00500892	0	0	0	0	0	0	0	0	0	0	0	0	0
DRR389397	SAMD00500893	0	0	0	0	0	0	0	0	0	0	0	0	0
DRR389438	SAMD00500934	1	0	0	0	0	0	0	0	0	0	0	0	0
DRR389448	SAMD00500944	0	0	0	0	0	0	0	0	0	0	0	0	0
DRR389463	SAMD00500959	0	0	0	0	0	0	0	0	0	0	0	0	0
DRR389500	SAMD00500996	1	1	0	0	0	0	0	0	0	0	0	0	0
DRR389535	SAMD00501031	1	0	0	0	0	0	0	0	1	0	0	0	0
DRR389537	SAMD00501033	1	0	0	0	0	0	0	0	0	0	0	0	0
DRR389543	SAMD00501039	1	1	0	0	1	0	0	0	0	1	0	1	0
DRR389559	SAMD00501055	1	1	0	0	0	0	0	0	0	0	0	0	0
DRR389574	SAMD00501070	1	0	0	0	0	0	0	0	0	0	0	0	0
DRR389578	SAMD00501074	1	1	0	0	0	0	0	0	0	0	0	0	0
DRR389638	SAMD00501134	1	0	0	0	0	0	0	0	1	1	0	0	0
DRR389641	SAMD00501137	1	0	0	0	0	0	0	0	1	1	0	0	0
DRR389669	SAMD00501165	0	0	0	0	0	0	0	0	0	0	0	0	0
DRR389672	SAMD00501168	0	0	0	0	0	0	0	0	0	0	0	0	0
DRR389676	SAMD00501172	1	0	0	0	0	0	0	0	0	0	0	0	0
DRR389691	SAMD00501187	0	1	0	0	0	0	0	0	0	1	0	0	0
DRR389729	SAMD00501225	1	1	0	0	0	0	0	0	0	0	0	0	0
DRR389736	SAMD00501232	0	0	0	0	0	0	0	0	0	0	0	0	0
DRR389744	SAMD00501240	1	1	0	0	0	0	0	0	1	1	0	0	0
DRR389746	SAMD00501242	1	0	0	0	0	0	0	0	0	0	0	0	0
DRR389766	SAMD00501262	0	0	0	0	0	0	0	0	0	0	0	0	0
DRR389768	SAMD00501264	0	0	0	0	0	0	0	0	0	0	0	0	0
DRR389772	SAMD00501268	0	0	0	0	0	0	0	0	0	1	0	0	0
DRR389788	SAMD00501284	1	0	0	0	0	0	0	0	0	0	0	0	0
DRR389798	SAMD00501294	1	1	0	0	0	0	0	0	1	0	0	0	0
DRR389819	SAMD00501315	0	0	0	0	0	0	0	0	1	0	0	0	0
DRR389827	SAMD00501323	1	0	0	0	0	0	0	0	1	1	0	0	0
DRR389831	SAMD00501327	1	0	1	0	0	0	1	1	1	0	0	0	0
DRR389839	SAMD00501335	1	0	0	0	0	0	0	0	0	0	0	0	0
DRR389842	SAMD00501338	0	0	0	0	0	0	0	0	0	0	0	0	0
DRR389881	SAMD00501377	0	0	0	0	0	0	0	0	1	0	0	0	0
DRR389889	SAMD00501385	1	1	0	0	0	0	0	0	1	1	0	0	0
DRR389894	SAMD00501390	0	0	0	0	0	0	0	0	0	0	0	0	0
DRR389983	SAMD00501479	1	0	0	0	0	0	0	0	1	1	0	0	0
DRR389988	SAMD00501484	1	0	0	0	0	0	0	0	1	1	0	0	0
DRR389990	SAMD00501486	1	1	0	0	0	0	0	0	0	0	0	0	0
DRR389991	SAMD00501487	1	1	0	0	0	0	0	0	0	0	0	0	0
DRR390034	SAMD00501530	1	0	0	0	0	0	0	0	1	1	0	0	0
DRR390042	SAMD00501538	0	1	0	0	0	0	0	0	1	0	0	0	0
DRR390146	SAMD00501642	0	0	1	0	0	0	1	0	0	1	0	0	0
DRR390147	SAMD00501643	1	1	0	0	0	0	0	0	0	0	0	0	0
DRR390153	SAMD00501649	0	0	0	0	0	0	0	0	0	0	0	0	0
DRR390163	SAMD00501659	1	0	0	0	0	0	0	0	0	0	0	0	0
DRR390164	SAMD00501660	1	0	0	0	0	0	0	0	0	0	0	0	0
DRR390175	SAMD00501671	1	0	0	0	0	0	0	0	0	1	0	0	0
DRR390182	SAMD00501678	1	1	0	0	0	0	0	0	0	0	0	0	0
DRR390250	SAMD00501746	1	1	0	0	0	0	0	1	0	0	0	0	0
DRR390259	SAMD00501755	1	1	0	0	0	0	0	0	0	1	0	0	0
DRR390281	SAMD00501777	0	0	0	0	0	0	0	0	0	0	0	0	0
DRR390285	SAMD00501781	0	0	0	0	0	0	0	0	0	0	0	0	0
DRR390313	SAMD00501809	1	1	0	0	0	0	0	0	1	0	0	0	0
DRR390318	SAMD00501814	0	0	0	0	0	0	0	0	0	0	0	0	0
DRR390327	SAMD00501823	0	0	0	0	0	0	0	0	0	0	0	0	0
DRR390337	SAMD00501833	0	0	0	0	0	0	0	0	0	0	0	0	0
DRR390340	SAMD00501836	0	0	0	0	0	0	0	0	0	0	0	0	0
DRR390348	SAMD00501844	1	0	0	0	0	0	0	0	0	0	0	0	0
DRR390363	SAMD00501859	0	1	0	0	0	0	0	0	0	0	0	0	0
DRR390369	SAMD00501865	0	0	0	0	0	0	0	0	0	0	0	0	0
DRR390373	SAMD00501869	0	1	0	0	0	0	0	0	0	0	0	0	0
DRR390403	SAMD00501899	0	1	0	0	0	0	0	0	0	0	0	0	0
DRR390415	SAMD00501911	1	0	0	0	0	0	0	0	1	1	0	0	0
DRR390418	SAMD00501914	1	1	0	0	0	0	0	0	0	0	0	0	0
DRR390426	SAMD00501922	1	0	0	0	0	0	0	1	0	0	0	0	0
DRR390429	SAMD00501925	1	0	0	0	0	0	0	1	0	0	0	0	0
DRR390442	SAMD00501938	1	1	0	0	0	0	0	0	1	1	0	1	0
DRR390448	SAMD00501944	0	1	0	0	0	0	1	0	1	0	0	0	0
DRR390461	SAMD00501957	0	0	0	0	0	0	0	1	1	0	0	0	0
DRR390482	SAMD00501978	1	0	0	0	0	0	0	0	0	0	0	0	0
DRR390487	SAMD00501983	1	0	0	0	0	0	0	0	1	1	0	0	0
DRR390503	SAMD00501999	1	1	0	0	0	0	0	0	1	1	0	0	0
DRR390573	SAMD00502069	0	0	0	0	0	0	0	0	0	0	0	0	0
DRR390584	SAMD00502080	1	1	0	0	0	0	0	0	1	1	0	0	0
DRR390599	SAMD00502095	0	0	1	0	0	0	0	0	0	0	0	0	0
DRR390629	SAMD00502125	1	0	0	0	0	0	0	0	0	0	0	0	0
DRR390635	SAMD00502131	0	0	1	0	0	0	0	0	0	0	0	0	0
DRR390637	SAMD00502133	0	0	1	0	0	0	0	0	0	0	0	0	0
DRR390715	SAMD00502211	0	1	0	0	0	0	0	0	0	0	0	0	0
DRR390729	SAMD00502225	0	0	0	0	0	0	0	0	0	0	0	0	0
DRR390733	SAMD00502229	1	0	0	0	0	0	0	0	0	0	0	0	0
DRR390734	SAMD00502230	1	0	0	0	0	0	0	0	0	0	0	0	0
DRR390812	SAMD00502308	1	1	0	0	0	0	0	0	0	0	0	0	0
DRR390855	SAMD00502351	1	0	0	0	0	0	0	0	1	0	0	0	0
DRR390907	SAMD00502403	0	0	0	0	1	1	0	0	1	0	1	0	0
DRR390952	SAMD00502448	1	1	0	0	0	0	0	0	0	0	0	0	0
DRR390996	SAMD00502492	1	0	0	0	0	0	0	0	0	0	0	0	0
DRR391009	SAMD00502505	1	0	0	0	0	0	0	0	0	0	0	0	0
ERR1197954	SAMEA3719139	1	0	0	0	0	0	0	0	1	1	0	0	0
ERR1197955	SAMEA3719140	1	0	0	0	0	0	0	0	1	1	0	0	0
ERR1197962	SAMEA3719145	1	0	0	0	0	0	0	0	1	1	0	0	0
ERR1197963	SAMEA3719146	1	0	0	0	0	0	0	0	1	1	0	0	0
ERR1218538	SAMEA3531663	1	1	0	0	0	0	0	0	1	1	1	0	0
ERR1218542	SAMEA3531688	1	0	0	0	0	0	0	0	1	1	0	0	0
ERR1218547	SAMEA3531750	1	1	0	0	0	0	0	0	0	1	1	0	0
ERR1218558	SAMEA3531799	1	0	0	0	0	0	0	0	1	1	0	0	0
ERR1218563	SAMEA3531863	0	1	0	0	1	0	0	0	0	0	0	0	0
ERR1218583	SAMEA3531626	1	1	0	0	0	0	0	0	1	0	0	0	0
ERR1218590	SAMEA3531634	1	1	0	0	0	0	0	0	1	0	0	0	0
ERR1218594	SAMEA3531638	1	1	0	0	0	0	0	0	1	1	0	0	0
ERR1218596	SAMEA3531642	1	0	0	0	0	0	0	0	0	0	0	0	0
ERR1218618	SAMEA3531704	1	1	0	0	0	0	0	0	0	1	1	0	0
ERR1218624	SAMEA3531721	1	1	0	0	0	0	0	0	1	1	0	0	0
ERR1218637	SAMEA3531744	1	0	0	0	0	0	0	0	1	1	0	0	0
ERR1218639	SAMEA3531746	1	1	0	0	0	0	0	0	0	1	0	1	0
ERR1218640	SAMEA3531747	1	0	0	0	0	0	0	0	0	0	0	0	0
ERR1218650	SAMEA3531764	1	1	0	0	0	0	0	0	0	0	1	1	0
ERR1218668	SAMEA3531662	1	1	0	0	0	0	0	0	0	1	0	1	0
ERR1218677	SAMEA3531681	1	1	0	0	0	0	0	0	0	0	0	0	0
ERR1218687	SAMEA3531703	1	0	0	0	0	0	0	0	0	0	0	0	0
ERR1218711	SAMEA3531805	1	1	0	0	0	0	0	0	1	0	0	0	0
ERR1218712	SAMEA3531821	1	1	0	0	0	0	0	0	0	1	0	1	0
ERR134529	SAMEA1466152	0	0	0	0	0	0	0	0	0	1	0	1	0
ERR134530	SAMEA1466170	0	1	0	0	0	0	0	0	0	1	0	1	0
ERR134535	SAMEA1466118	0	1	0	0	0	0	0	0	0	1	0	1	0
ERR134538	SAMEA1466151	0	0	0	0	0	0	0	0	0	1	0	1	0
ERR134539	SAMEA1466199	0	0	0	0	0	0	0	0	0	0	0	0	0
ERR137793	SAMEA1466139	0	1	0	0	0	0	0	0	1	1	0	0	0
ERR137810	SAMEA1466100	0	1	0	0	0	0	0	0	0	1	0	0	0
ERR137817	SAMEA1466177	0	1	0	0	0	0	0	0	0	0	0	0	0
ERR137824	SAMEA1466108	0	1	0	0	0	0	0	0	1	1	0	0	0
ERR1417737	SAMEA3993591	0	1	0	0	0	0	0	0	1	1	0	0	0
ERR1417741	SAMEA3993595	0	0	0	0	0	0	0	0	0	0	0	0	0
ERR1417743	SAMEA3993597	0	0	0	0	0	0	0	0	0	0	0	0	0
ERR1417744	SAMEA3993598	0	0	0	0	0	0	0	0	0	0	0	0	0
ERR1417753	SAMEA3993607	0	0	0	0	0	0	0	0	0	1	0	0	0
ERR1417756	SAMEA3993610	1	1	0	0	0	0	0	0	0	1	0	0	0
ERR1417761	SAMEA3993615	1	0	0	0	0	0	0	0	1	1	0	0	0
ERR1737209	SAMEA4555338	0	0	0	0	0	0	0	0	0	0	0	0	0
ERR1737210	SAMEA4555339	0	0	0	0	0	0	0	0	0	0	0	0	0
ERR1737215	SAMEA4555344	0	0	0	0	0	0	0	0	0	0	0	0	0
ERR1737217	SAMEA4555346	0	0	0	0	0	0	0	0	0	0	0	0	0
ERR178159	SAMEA1531056	0	1	0	0	0	0	0	0	1	1	0	0	0
ERR178172	SAMEA1531035	0	1	0	0	0	0	0	0	0	0	0	0	0
ERR178177	SAMEA1531016	0	1	0	0	0	0	0	0	1	1	0	0	0
ERR178178	SAMEA1530998	0	1	0	0	0	0	0	0	0	1	0	0	0
ERR178182	SAMEA1530988	0	1	0	0	0	0	0	0	1	1	0	0	0
ERR178183	SAMEA1531055	0	1	0	0	0	0	0	0	1	1	0	0	0
ERR178184	SAMEA1531052	0	0	0	0	0	0	0	0	0	0	0	0	0
ERR178188	SAMEA1531028	1	1	0	0	0	0	0	0	0	1	0	1	0
ERR178191	SAMEA1531058	0	0	0	0	0	0	0	0	0	0	0	0	0
ERR178205	SAMEA1530993	0	1	0	0	0	0	0	0	0	1	0	0	0
ERR178210	SAMEA1531043	0	1	0	0	0	0	0	0	0	1	0	0	0
ERR178212	SAMEA1531033	0	0	0	0	0	0	0	0	0	0	0	0	0
ERR1878174	SAMEA4370216	1	0	0	0	0	0	0	0	0	0	0	1	0
ERR1878175	SAMEA4370217	1	0	0	0	0	0	0	0	0	0	0	1	0
ERR1878197	SAMEA4370239	1	0	0	0	0	0	0	0	1	1	0	0	0
ERR1878202	SAMEA4370244	1	0	0	0	0	0	0	0	1	1	0	0	0
ERR1878228	SAMEA4370270	1	0	0	0	0	0	0	0	0	0	0	0	0
ERR1878236	SAMEA4370278	0	1	0	0	0	0	0	0	1	1	0	0	0
ERR1878247	SAMEA4370289	1	1	0	0	0	0	0	0	1	1	0	0	0
ERR1878258	SAMEA4370300	1	0	0	0	0	0	0	0	0	1	0	1	0
ERR1878268	SAMEA4370310	1	0	0	0	0	0	0	0	0	0	0	0	0
ERR1878273	SAMEA4370315	1	0	0	0	0	0	0	0	0	0	0	0	0
ERR1878276	SAMEA4370318	1	1	0	0	0	0	0	0	1	1	0	0	0
ERR1878285	SAMEA4370327	1	0	0	0	0	0	0	1	1	0	0	0	0
ERR1878298	SAMEA4370340	1	1	0	0	0	0	0	1	1	1	0	0	0
ERR1878333	SAMEA4370376	1	0	0	0	0	0	0	0	0	0	0	1	0
ERR1878338	SAMEA4370381	1	0	0	0	0	0	0	0	0	0	0	1	0
ERR1878340	SAMEA4370383	1	0	0	0	0	0	0	0	0	0	0	1	0
ERR1878343	SAMEA4370386	1	0	0	0	0	0	0	0	0	0	0	0	0
ERR1878344	SAMEA4370387	1	0	0	0	0	0	0	0	0	0	0	0	0
ERR1878345	SAMEA4370388	1	0	0	0	0	0	0	0	0	0	0	0	0
ERR1878347	SAMEA4370390	1	0	0	0	0	0	0	0	0	0	0	1	0
ERR1878358	SAMEA4370401	1	1	0	0	0	0	0	1	1	1	0	0	0
ERR1878373	SAMEA4370416	1	0	0	0	0	0	0	0	0	0	0	0	0
ERR1878376	SAMEA4370419	1	0	0	0	0	0	0	0	0	0	0	0	0
ERR1878381	SAMEA4370424	1	0	0	0	0	0	0	0	0	0	0	0	0
ERR1878384	SAMEA4370427	1	0	0	0	0	0	0	0	0	0	0	0	0
ERR1878465	SAMEA4370508	1	1	0	0	0	0	0	0	0	1	0	1	0
ERR1912615	SAMEA103923480	1	0	0	0	0	0	0	0	0	1	0	1	0
ERR1912622	SAMEA103923487	0	1	0	0	0	0	0	0	1	1	1	0	0
ERR1912631	SAMEA103923496	0	1	0	0	0	0	0	0	1	1	0	0	0
ERR1981373	SAMEA104077104	0	1	0	0	0	1	0	0	1	0	1	0	0
ERR1987533	SAMEA104083450	0	1	0	0	0	1	0	0	0	1	0	0	0
ERR1987773	SAMEA104083542	0	1	0	0	0	1	0	0	0	0	0	0	0
ERR1990254	SAMEA104091835	0	1	0	0	1	0	0	0	0	0	0	0	0
ERR1990255	SAMEA104091836	0	0	0	0	0	1	0	0	0	0	0	0	0
ERR1995411	SAMEA104107456	0	1	0	0	0	0	0	0	1	0	0	0	0
ERR1995412	SAMEA104107457	0	1	0	0	0	0	0	0	0	1	0	0	0
ERR1995431	SAMEA104107476	0	0	0	0	0	0	0	0	0	1	0	1	0
ERR1995447	SAMEA104107492	0	1	0	0	0	0	0	0	0	0	1	0	0
ERR1995448	SAMEA104107493	0	0	0	0	0	0	0	0	0	0	0	0	0
ERR1995449	SAMEA104107494	0	0	0	0	0	0	0	0	0	1	0	0	0
ERR1995451	SAMEA104107496	0	1	0	0	0	0	0	0	0	0	0	0	0
ERR1995460	SAMEA104107505	0	0	0	0	0	0	0	0	0	0	0	0	0
ERR1995469	SAMEA104107514	0	0	0	0	0	0	0	0	0	0	0	0	0
ERR1995472	SAMEA104107517	0	0	0	0	0	0	0	0	1	0	0	0	0
ERR1995479	SAMEA104107524	0	0	0	0	0	0	0	0	0	0	1	0	0
ERR1995481	SAMEA104107526	0	0	0	0	0	0	0	0	0	0	0	0	0
ERR1995490	SAMEA104107535	0	0	0	0	0	0	0	0	0	0	1	0	0
ERR1995496	SAMEA104107541	0	1	0	0	0	0	0	0	0	0	1	0	0
ERR1995500	SAMEA104107545	0	1	0	0	0	0	0	0	0	0	1	0	0
ERR2010892	SAMEA104128285	0	0	0	0	0	0	0	0	0	0	0	0	0
ERR2010898	SAMEA104128291	1	0	0	0	0	0	1	1	1	0	0	0	0
ERR2010925	SAMEA104128318	0	1	0	0	0	0	1	0	1	0	0	0	0
ERR2010929	SAMEA104128322	0	0	0	0	0	0	0	0	1	0	0	0	0
ERR2010934	SAMEA104128327	0	1	0	0	0	0	0	0	0	0	0	0	0
ERR2010949	SAMEA104128342	0	0	0	0	0	0	1	0	1	0	0	0	0
ERR2010960	SAMEA104128353	0	1	0	0	0	0	0	0	0	0	0	0	0
ERR2010966	SAMEA104128359	0	1	0	0	0	0	0	0	0	0	0	0	0
ERR2019147	SAMEA104142866	1	1	0	0	0	0	0	0	1	1	0	0	0
ERR2019162	SAMEA104142881	1	0	0	0	0	0	0	0	0	1	0	0	0
ERR2019171	SAMEA104142890	1	1	0	0	0	0	0	0	0	1	0	0	0
ERR2019190	SAMEA104142909	0	0	0	0	0	0	0	0	0	0	0	0	0
ERR2019245	SAMEA104142964	1	1	0	0	0	0	0	0	1	0	1	0	1
ERR2019246	SAMEA104142965	1	1	0	0	0	0	0	0	1	1	0	0	0
ERR2019253	SAMEA104142972	0	1	1	0	0	0	0	0	0	0	0	0	0
ERR2044057	SAMEA104175428	0	0	0	0	0	0	0	0	0	0	0	0	0
ERR2044058	SAMEA104175429	0	0	0	0	0	0	0	0	0	0	0	0	0
ERR2044070	SAMEA104175441	0	0	0	0	0	0	0	0	0	0	0	0	0
ERR2044076	SAMEA104175447	0	0	0	0	0	0	0	0	0	0	0	0	0
ERR2044077	SAMEA104175448	0	0	0	0	0	0	0	0	0	0	0	0	0
ERR2044078	SAMEA104175449	0	0	0	0	0	0	0	0	0	0	0	0	0
ERR2044079	SAMEA104175450	0	0	0	0	0	0	0	0	0	0	0	0	0
ERR2044101	SAMEA104175472	0	0	0	0	0	0	0	0	0	0	0	0	0
ERR2044105	SAMEA104175476	0	0	0	0	0	0	0	0	0	1	0	0	0
ERR2044106	SAMEA104175477	0	0	0	0	0	0	0	0	0	0	0	0	0
ERR2044111	SAMEA104175482	0	0	0	0	0	0	0	0	0	0	0	0	0
ERR2044142	SAMEA104175416	0	0	0	0	0	0	0	0	0	0	0	0	0
ERR2060036	SAMEA104188684	1	1	0	0	0	0	0	0	0	0	0	1	0
ERR2060061	SAMEA104188709	1	0	0	0	0	0	0	0	1	1	0	0	0
ERR2060065	SAMEA104188713	1	0	0	0	0	0	0	0	0	0	0	0	0
ERR2060071	SAMEA104188719	1	0	0	0	0	0	0	0	0	0	0	1	0
ERR2060075	SAMEA104188723	0	0	0	0	0	0	0	0	0	1	1	0	0
ERR2060086	SAMEA104188734	1	1	0	0	0	0	0	0	0	1	0	0	0
ERR2060088	SAMEA104188736	1	1	0	0	0	0	0	0	1	0	0	0	0
ERR2060098	SAMEA104188746	1	1	0	0	0	0	0	0	0	1	0	1	0
ERR2060100	SAMEA104188748	1	1	0	0	0	0	0	0	0	0	0	1	0
ERR2060128	SAMEA104188776	1	1	0	0	0	0	0	0	1	1	0	0	0
ERR2060129	SAMEA104188777	1	0	0	0	0	0	0	0	1	1	0	0	0
ERR2060133	SAMEA104188781	1	1	0	0	0	0	0	1	0	1	0	1	0
ERR2060136	SAMEA104188784	1	1	0	0	0	0	0	0	0	0	0	0	0
ERR2060142	SAMEA104188790	1	0	0	0	0	0	0	0	1	0	0	0	0
ERR2124241	SAMEA104305651	1	0	0	0	1	0	0	0	0	0	0	0	0
ERR2124244	SAMEA104305654	0	0	0	0	0	1	0	0	0	1	0	0	0
ERR2124245	SAMEA104305655	0	0	0	0	0	1	0	0	0	0	0	0	0
ERR2137869	SAMEA4362735	0	0	0	0	0	0	0	0	0	0	0	0	0
ERR2137875	SAMEA4362741	0	1	0	0	0	0	0	0	1	1	0	0	0
ERR2137882	SAMEA4362748	0	0	0	0	0	0	0	0	0	0	0	0	0
ERR2137896	SAMEA4362763	0	0	0	0	0	0	0	0	0	0	0	0	0
ERR2137906	SAMEA4362773	0	0	0	0	0	0	0	0	0	0	0	0	0
ERR2137908	SAMEA4362775	0	0	0	0	0	0	0	0	0	0	0	0	0
ERR2137914	SAMEA4362781	0	0	0	0	0	0	0	0	0	0	0	0	0
ERR2137921	SAMEA4362788	1	1	0	0	0	0	0	0	0	0	0	0	0
ERR2137924	SAMEA4362791	0	0	0	0	0	0	0	0	0	0	0	0	0
ERR2137940	SAMEA4362807	0	0	0	0	0	0	0	0	0	0	0	0	0
ERR2137948	SAMEA4362815	0	0	0	0	0	0	0	0	0	0	0	0	0
ERR2137972	SAMEA4362839	0	1	0	0	0	0	0	0	0	0	1	0	0
ERR2137980	SAMEA4362848	0	1	0	0	0	0	0	0	0	1	0	0	0
ERR2137986	SAMEA4362854	0	0	0	0	0	0	0	0	0	0	0	0	0
ERR2138003	SAMEA4362872	0	0	0	0	0	0	0	0	0	0	0	0	0
ERR2138017	SAMEA4362888	0	1	0	0	0	0	0	0	0	0	1	0	0
ERR2138018	SAMEA4362889	0	1	0	0	0	0	0	0	0	0	1	0	0
ERR2138024	SAMEA4362895	0	0	0	0	0	0	0	0	0	0	0	0	0
ERR2138029	SAMEA4362900	0	0	0	0	0	0	0	0	1	0	0	0	0
ERR2138032	SAMEA4362904	0	0	0	0	0	0	0	1	0	0	0	0	0
ERR2138044	SAMEA4362916	0	0	0	0	0	0	0	0	0	1	0	0	0
ERR2138057	SAMEA4362930	1	1	0	0	0	0	0	0	1	1	0	0	0
ERR2138059	SAMEA4362932	0	1	0	0	0	0	0	0	0	1	0	0	0
ERR2138066	SAMEA4362939	1	0	0	0	0	0	0	0	0	0	0	0	0
ERR2138076	SAMEA4362950	0	1	0	0	0	0	0	0	0	0	0	0	0
ERR2138077	SAMEA4362951	0	1	0	0	0	0	0	0	0	0	0	0	0
ERR2138085	SAMEA4362960	0	1	0	0	0	0	0	0	0	0	0	0	0
ERR2138091	SAMEA4362966	0	1	0	0	0	0	0	0	0	0	0	0	0
ERR2138101	SAMEA4362976	0	0	0	0	0	0	0	0	0	0	0	0	0
ERR2138109	SAMEA4362984	0	0	0	0	0	0	0	0	0	0	0	0	0
ERR2138111	SAMEA4362986	0	0	0	0	0	0	0	0	1	0	0	0	0
ERR2138122	SAMEA4362997	0	0	0	0	0	0	0	0	0	0	0	0	0
ERR2138124	SAMEA4362999	0	1	0	0	0	0	0	0	0	1	0	0	0
ERR2138134	SAMEA4363010	0	1	0	0	0	0	0	0	0	1	0	1	0
ERR2138143	SAMEA4363019	0	0	0	0	0	0	0	0	0	0	0	0	0
ERR2138150	SAMEA4363026	0	1	0	0	0	0	0	0	0	1	0	0	0
ERR2138161	SAMEA4363037	0	0	0	0	0	0	0	0	0	0	0	0	0
ERR2138176	SAMEA4363053	0	0	0	0	0	0	0	0	0	0	0	0	0
ERR2138177	SAMEA4363054	1	0	0	0	0	0	0	0	0	1	0	1	0
ERR2138192	SAMEA4363070	1	1	0	0	0	0	0	1	1	1	0	0	0
ERR2138195	SAMEA4363073	1	1	0	0	0	0	0	1	1	1	0	0	0
ERR2138196	SAMEA4363074	1	1	0	0	0	0	0	0	1	1	0	0	0
ERR2138197	SAMEA4363075	0	0	0	0	0	0	0	0	0	0	0	0	0
ERR2138203	SAMEA4363081	1	0	0	0	0	0	0	1	1	0	0	0	0
ERR2138210	SAMEA4363088	1	0	0	0	0	0	0	1	1	0	0	0	0
ERR2138221	SAMEA4363100	0	1	0	0	0	0	0	0	1	0	0	0	0
ERR2138222	SAMEA4363101	0	1	0	0	0	0	0	0	1	0	0	0	0
ERR2138223	SAMEA4363102	0	1	0	0	0	0	0	0	1	0	0	0	0
ERR2138224	SAMEA4363103	0	0	0	0	0	0	0	0	0	0	0	0	0
ERR2138232	SAMEA4363111	0	1	0	0	0	0	0	0	0	1	0	0	0
ERR2138249	SAMEA4363129	0	1	0	0	0	0	0	0	0	1	0	0	0
ERR2138281	SAMEA4363162	0	0	0	0	0	0	0	0	0	0	0	0	0
ERR2138283	SAMEA4363164	0	0	0	0	0	0	0	0	0	0	0	0	0
ERR2138294	SAMEA4363176	0	1	0	0	0	0	0	0	1	1	0	0	0
ERR2138299	SAMEA4363181	0	0	0	0	0	0	0	0	0	0	0	0	0
ERR2138304	SAMEA4363186	0	1	0	0	0	0	0	0	0	0	1	0	0
ERR2138313	SAMEA4363195	0	0	0	0	0	0	0	0	0	0	0	0	0
ERR2138317	SAMEA4363199	0	0	0	0	0	0	0	0	0	0	0	0	0
ERR2138338	SAMEA4363222	0	1	0	0	0	0	0	0	0	1	0	0	0
ERR2138352	SAMEA4363236	0	1	0	0	0	0	0	0	0	0	0	0	0
ERR2138356	SAMEA4363240	0	1	0	0	0	0	0	0	0	1	0	0	0
ERR2138372	SAMEA4363256	0	0	0	0	0	0	0	0	0	0	0	0	0
ERR2138375	SAMEA4363259	0	1	0	0	0	0	0	0	0	1	0	0	0
ERR2138378	SAMEA4363262	0	0	0	0	0	0	0	0	0	0	0	0	0
ERR2138384	SAMEA4363269	1	0	0	0	0	0	0	0	0	0	0	1	0
ERR2138394	SAMEA4363279	0	1	0	0	0	0	0	0	0	1	0	0	0
ERR2138415	SAMEA4363301	0	1	0	0	0	0	0	0	0	1	0	0	0
ERR2138420	SAMEA4363306	0	1	0	0	0	0	0	0	0	1	0	0	0
ERR2138422	SAMEA4363308	0	1	0	0	0	0	0	0	0	1	0	0	0
ERR2138427	SAMEA4363313	0	0	0	0	0	0	0	0	0	0	0	0	0
ERR2138429	SAMEA4363315	0	0	0	0	0	0	0	0	0	0	0	0	0
ERR2138445	SAMEA4363331	0	1	0	0	0	0	0	0	0	1	1	0	0
ERR2138453	SAMEA4363341	0	0	0	0	0	0	0	0	0	0	0	0	0
ERR2138454	SAMEA4363342	0	0	0	0	0	0	0	0	0	0	0	0	0
ERR2138459	SAMEA4363347	0	1	0	0	0	0	0	0	0	0	0	0	0
ERR2138494	SAMEA4363389	0	1	0	0	0	0	0	0	0	1	0	1	0
ERR2138495	SAMEA4363390	0	0	0	0	0	0	0	0	0	0	0	0	0
ERR2138508	SAMEA4363404	0	0	0	0	0	0	0	0	0	0	0	0	0
ERR2138518	SAMEA4363414	0	1	0	0	0	0	0	0	0	1	0	0	0
ERR2138520	SAMEA4363416	0	0	0	0	0	0	0	0	0	0	0	0	0
ERR2138525	SAMEA4363421	0	0	0	0	0	0	0	0	0	0	0	0	0
ERR2138527	SAMEA4363423	0	0	0	0	0	0	0	0	0	0	0	0	0
ERR2138528	SAMEA4363424	0	0	0	0	0	0	0	0	0	0	0	0	0
ERR2138529	SAMEA4363425	0	1	0	0	0	0	0	0	0	0	0	0	0
ERR2138541	SAMEA4363438	0	1	0	0	0	0	0	0	0	0	0	0	0
ERR2138545	SAMEA4363442	0	1	0	0	0	0	0	0	0	1	0	1	0
ERR2138548	SAMEA4363445	0	1	0	0	0	0	0	0	0	1	0	1	0
ERR2138553	SAMEA4363450	0	0	0	0	0	0	0	0	0	0	0	0	0
ERR2138563	SAMEA4363460	0	0	0	0	0	0	0	0	0	0	0	0	0
ERR2138565	SAMEA4363462	0	0	0	0	0	0	0	0	0	0	0	0	0
ERR2138566	SAMEA4363463	0	0	0	0	0	0	0	0	0	0	0	0	0
ERR2138567	SAMEA4363464	0	0	0	0	0	0	0	0	0	0	0	0	0
ERR2138581	SAMEA4363478	0	1	0	0	0	0	0	0	0	0	0	0	0
ERR2138599	SAMEA4363496	0	1	0	0	0	0	0	0	0	0	0	0	0
ERR2138623	SAMEA4363522	0	0	0	0	0	0	0	0	0	0	0	0	0
ERR2138629	SAMEA4363528	0	1	0	0	0	0	0	0	1	0	0	0	0
ERR2138634	SAMEA4363534	0	1	0	0	0	0	0	0	1	1	0	0	0
ERR2138638	SAMEA4363538	0	1	0	0	0	0	0	0	1	1	0	0	0
ERR2138664	SAMEA4363566	0	0	0	0	0	0	0	0	0	0	0	0	0
ERR2138669	SAMEA4363571	0	1	0	0	0	0	0	0	0	1	0	0	0
ERR2138688	SAMEA4363592	1	1	0	0	0	0	0	0	0	1	0	1	0
ERR2138711	SAMEA4363616	0	1	0	0	0	0	0	0	0	0	0	0	0
ERR2138722	SAMEA4363629	0	1	0	0	0	0	0	0	0	1	0	0	0
ERR2138724	SAMEA4363631	0	1	0	0	0	0	0	0	0	1	0	0	0
ERR2146813	SAMEA4362882	0	0	0	0	0	0	0	0	0	0	0	0	0
ERR2146815	SAMEA4362921	0	0	0	0	0	0	0	0	0	0	0	0	0
ERR2146818	SAMEA4363006	0	1	0	0	0	0	0	0	0	1	0	1	0
ERR2146826	SAMEA4363287	0	1	0	0	0	0	0	0	1	1	0	0	0
ERR2146832	SAMEA4363364	0	0	0	0	0	0	0	0	0	0	0	0	0
ERR2205868	SAMEA104407460	0	0	0	0	0	0	0	0	0	0	0	0	0
ERR2205882	SAMEA104407474	0	0	0	0	0	0	0	0	1	0	0	0	0
ERR2205883	SAMEA104407475	1	0	0	0	0	0	0	0	0	1	0	0	0
ERR2205885	SAMEA104407477	0	1	0	0	0	0	0	0	1	1	0	0	0
ERR2205890	SAMEA104407482	0	0	1	0	0	0	0	0	0	0	0	0	0
ERR2205895	SAMEA104407487	0	1	0	0	0	0	0	0	0	0	0	0	0
ERR2205896	SAMEA104407488	0	0	0	0	0	0	0	0	0	0	0	0	0
ERR2205897	SAMEA104407489	0	1	0	0	0	0	0	0	1	1	0	0	0
ERR2205909	SAMEA104407501	0	0	0	0	0	0	0	0	0	0	0	0	0
ERR2205910	SAMEA104407502	0	1	0	0	0	0	0	0	0	1	0	0	0
ERR2205914	SAMEA104407506	0	1	0	0	0	0	0	0	1	1	1	0	1
ERR2205926	SAMEA104407518	0	0	1	0	0	0	0	0	1	0	0	0	0
ERR2205932	SAMEA104407524	0	0	0	0	0	0	0	0	0	0	0	0	0
ERR2205948	SAMEA104407540	1	1	0	0	0	0	1	0	1	0	0	0	0
ERR2205949	SAMEA104407541	0	1	0	0	0	0	0	0	0	0	0	0	0
ERR2205951	SAMEA104407543	0	0	0	0	0	0	0	0	0	0	0	0	1
ERR2205954	SAMEA104407546	0	1	0	0	0	0	0	0	1	1	1	0	1
ERR2205957	SAMEA104407549	0	0	0	0	0	0	0	0	0	0	0	0	0
ERR2205964	SAMEA104407556	0	0	0	0	0	0	0	0	1	1	0	0	0
ERR2205970	SAMEA104407562	0	0	0	0	0	0	0	0	0	0	0	0	0
ERR2205983	SAMEA104407575	0	0	0	0	0	0	0	0	0	0	0	0	0
ERR2205988	SAMEA104407580	0	1	0	0	0	0	0	0	0	0	0	0	0
ERR2205992	SAMEA104407584	0	0	0	0	0	0	0	0	0	1	0	0	0
ERR2205996	SAMEA104407588	0	1	0	0	0	0	0	0	0	1	0	0	0
ERR2206010	SAMEA104407602	0	0	0	0	0	0	0	0	0	1	0	0	0
ERR2206019	SAMEA104407611	0	1	0	0	0	0	0	0	0	0	0	0	0
ERR2209644	SAMEA104412400	1	0	0	0	0	0	0	0	0	0	0	0	1
ERR2209724	SAMEA104412480	0	1	0	0	0	0	0	0	1	1	0	0	1
ERR2223767	SAMEA104437490	0	1	0	0	0	0	0	0	0	0	0	0	1
ERR2223919	SAMEA104437642	0	1	0	0	0	0	0	0	0	0	0	0	1
ERR2223922	SAMEA104437645	0	1	0	0	0	0	1	0	1	0	0	0	1
ERR2223926	SAMEA104437649	0	1	0	0	0	0	0	0	0	1	0	0	1
ERR2223967	SAMEA104437690	0	1	1	0	0	0	0	0	1	1	0	0	1
ERR2223969	SAMEA104437692	0	1	0	0	0	0	0	0	1	1	0	0	1
ERR2223975	SAMEA104437698	0	1	0	0	0	0	1	0	0	1	0	1	1
ERR2223976	SAMEA104437699	0	1	0	0	0	0	0	0	1	0	0	0	1
ERR2223980	SAMEA104437703	0	1	0	0	0	0	0	0	0	0	0	0	1
ERR2223994	SAMEA104437717	0	1	0	0	0	0	0	0	0	0	0	0	1
ERR2223995	SAMEA104437718	0	1	0	0	0	0	0	0	0	1	0	0	1
ERR2224008	SAMEA104437731	0	1	0	0	0	0	1	0	0	0	0	0	1
ERR2224009	SAMEA104437732	0	1	0	0	0	0	0	0	1	1	0	0	1
ERR2224017	SAMEA104437740	0	1	0	0	0	0	0	0	1	1	0	0	1
ERR2224023	SAMEA104437746	0	1	0	0	0	0	1	0	0	0	0	0	1
ERR2580165	SAMEA4652189	0	0	0	0	0	0	0	0	0	0	0	0	0
ERR2931025	SAMEA5131864	1	0	0	0	0	0	0	0	0	0	0	1	0
ERR2935293	SAMEA5075565	0	1	0	0	0	0	0	1	0	0	0	0	0
ERR2935297	SAMEA5075569	0	1	0	0	0	0	0	0	0	0	0	0	0
ERR2935302	SAMEA5075574	1	0	0	0	0	0	0	0	0	1	0	0	0
ERR2935305	SAMEA5075577	0	1	0	0	0	0	0	0	0	0	0	0	0
ERR2935309	SAMEA5075581	1	0	0	0	0	0	0	0	0	1	0	0	0
ERR2935311	SAMEA5075583	0	0	0	0	0	0	0	0	0	0	0	0	0
ERR2935339	SAMEA5075611	1	1	0	0	0	0	0	1	0	0	1	0	0
ERR2935345	SAMEA5075617	0	1	0	0	0	0	0	0	0	0	0	0	0
ERR2935350	SAMEA5075622	1	0	0	0	0	0	0	1	0	0	0	0	0
ERR2935351	SAMEA5075623	1	0	0	0	0	0	0	1	0	0	0	0	0
ERR2935359	SAMEA5075631	1	1	0	0	0	0	0	1	1	1	1	0	0
ERR2935379	SAMEA5075651	1	0	0	0	0	0	0	0	0	0	0	0	0
ERR2935381	SAMEA5075653	1	0	0	0	0	0	0	1	0	0	0	0	0
ERR2935387	SAMEA5075659	1	0	0	0	0	0	0	1	0	0	0	0	0
ERR2935399	SAMEA5075672	0	1	0	0	0	0	0	1	0	0	0	0	0
ERR2935401	SAMEA5075674	0	1	0	0	0	0	0	0	0	0	0	0	0
ERR2935405	SAMEA5075678	0	1	0	0	0	0	0	0	0	0	0	0	0
ERR2935419	SAMEA5075692	0	0	0	0	0	0	0	1	1	0	0	0	0
ERR2935445	SAMEA5075718	0	1	0	0	0	0	0	0	0	0	0	0	0
ERR2935446	SAMEA5075719	0	0	0	0	0	0	0	1	0	0	0	0	0
ERR2935468	SAMEA5075741	0	1	0	0	0	0	0	0	0	0	0	0	0
ERR2935480	SAMEA5075753	1	1	0	0	0	0	0	0	1	1	0	0	0
ERR2935485	SAMEA5075758	0	0	0	0	0	0	0	0	0	0	0	0	0
ERR2935488	SAMEA5075761	0	1	0	0	0	0	0	0	0	0	0	0	0
ERR2935496	SAMEA5075769	0	1	0	0	0	0	0	0	0	1	0	0	0
ERR2935511	SAMEA5075784	0	1	0	0	0	0	0	0	0	0	0	0	0
ERR2935520	SAMEA5075793	0	1	0	0	0	0	0	0	0	0	0	0	0
ERR2935538	SAMEA5075811	0	1	0	0	0	0	0	0	1	1	0	0	0
ERR2935566	SAMEA5075839	1	0	0	0	0	0	0	1	0	0	0	0	0
ERR2935582	SAMEA5075855	0	0	0	0	0	0	0	0	0	0	0	0	0
ERR2935583	SAMEA5075856	0	1	0	0	0	0	0	0	0	0	0	0	0
ERR2935608	SAMEA5075881	0	0	0	0	0	0	0	1	0	0	0	0	0
ERR2935612	SAMEA5075885	1	0	0	0	0	0	0	1	0	0	0	0	0
ERR2935616	SAMEA5075889	0	1	0	0	0	0	0	0	0	0	0	0	0
ERR2935622	SAMEA5075895	0	1	0	0	0	0	0	0	0	0	0	0	0
ERR2935627	SAMEA5075900	1	0	0	0	0	0	0	0	1	1	0	0	0
ERR2935629	SAMEA5075902	1	0	0	0	0	0	0	1	1	0	1	0	0
ERR2935635	SAMEA5075908	1	0	0	0	0	0	0	1	1	0	0	0	0
ERR2935642	SAMEA5075915	1	0	0	0	0	0	0	1	0	1	0	0	0
ERR2935653	SAMEA5075926	0	1	0	0	0	0	0	0	0	0	0	0	0
ERR2935655	SAMEA5075928	0	1	0	0	0	0	0	0	1	1	0	0	0
ERR2935664	SAMEA5075937	0	1	0	0	0	0	0	0	0	1	0	0	0
ERR2935690	SAMEA5075963	0	1	0	0	0	0	0	0	0	1	0	0	0
ERR2935691	SAMEA5075964	0	0	0	0	0	0	0	0	0	0	0	0	0
ERR2935698	SAMEA5075971	0	0	0	0	0	0	0	0	0	0	0	0	0
ERR2935699	SAMEA5075972	0	1	0	0	0	0	0	1	0	0	0	0	0
ERR2935719	SAMEA5075992	0	1	0	0	0	0	0	0	0	0	0	0	0
ERR2935721	SAMEA5075994	0	1	0	0	0	0	0	1	0	0	0	0	0
ERR2935724	SAMEA5075997	0	0	0	0	0	0	0	1	1	1	0	0	0
ERR2935726	SAMEA5075999	0	1	0	0	0	0	0	0	0	0	0	0	0
ERR2935734	SAMEA5076007	0	1	0	0	0	0	0	0	0	1	0	0	0
ERR2935742	SAMEA5076015	0	1	0	0	0	0	0	0	1	1	0	0	0
ERR2935748	SAMEA5076021	1	1	0	0	0	0	0	0	0	0	0	0	0
ERR2935755	SAMEA5076028	0	0	0	0	0	0	0	0	0	0	0	0	0
ERR2935758	SAMEA5076031	0	1	0	0	0	0	0	1	0	0	0	1	0
ERR2935771	SAMEA5076044	1	1	0	0	0	0	0	0	0	0	1	0	0
ERR2935773	SAMEA5076046	1	0	0	0	0	0	0	1	1	0	0	0	0
ERR3061898	SAMEA104369952	1	0	0	0	0	0	0	0	1	1	0	0	0
ERR3061906	SAMEA104369969	0	0	0	0	0	0	0	0	0	0	1	0	0
ERR3061907	SAMEA104369970	0	1	0	0	0	0	0	0	1	1	0	0	0
ERR3061987	SAMEA104370086	0	0	0	0	0	0	0	0	0	0	0	0	0
ERR3061994	SAMEA104370093	0	0	0	0	0	0	0	0	0	0	0	0	0
ERR3062027	SAMEA104370126	0	0	0	0	0	0	0	0	0	0	0	0	0
ERR3062037	SAMEA104370141	0	1	0	0	0	0	0	0	0	0	0	0	0
ERR3062049	SAMEA104370159	0	0	0	0	0	0	0	0	0	0	0	0	0
ERR3062052	SAMEA104370163	0	0	0	0	0	0	0	0	0	0	0	0	0
ERR3062066	SAMEA104370193	1	0	0	0	0	0	0	0	1	1	0	0	0
ERR3062069	SAMEA104370196	0	0	0	0	0	0	0	0	0	0	0	0	0
ERR3062077	SAMEA104370204	0	0	0	0	0	0	0	0	1	0	0	0	0
ERR3062102	SAMEA104370237	1	1	0	0	0	0	0	0	1	1	0	0	0
ERR3062105	SAMEA104370240	1	1	0	0	0	0	0	0	0	0	0	0	0
ERR3062115	SAMEA104370254	1	1	0	0	0	0	0	0	1	1	0	0	0
ERR3062120	SAMEA104370261	1	1	0	0	0	0	0	0	0	0	0	1	0
ERR3062157	SAMEA104370302	0	0	0	0	0	0	0	0	0	0	0	0	0
ERR3062159	SAMEA104370304	0	1	0	0	0	0	0	0	1	1	0	0	0
ERR3062161	SAMEA104369940	1	0	0	0	0	0	0	1	1	0	0	0	0
ERR3062167	SAMEA104369949	1	1	0	0	0	0	0	1	0	1	0	0	0
ERR3062171	SAMEA104369957	0	0	0	0	0	0	0	0	0	0	0	0	0
ERR3062190	SAMEA104370002	0	0	0	0	0	0	0	0	0	0	0	0	0
ERR3062195	SAMEA104370041	1	0	0	0	0	0	0	1	1	0	0	0	0
ERR3062197	SAMEA104370045	1	1	0	0	0	0	0	0	0	1	0	0	0
ERR3062219	SAMEA104370145	0	0	0	0	0	0	0	0	0	1	0	0	0
ERR3062229	SAMEA104370175	1	1	0	0	0	0	0	1	1	1	0	0	0
ERR3062262	SAMEA104370311	0	0	0	0	0	0	0	0	0	0	0	0	0
ERR3062274	SAMEA104370321	0	0	0	0	0	0	0	0	0	0	0	0	0
ERR3449883	SAMEA5805971	0	1	0	0	0	0	0	0	0	0	0	0	0
ERR3808867	SAMEA6469189	0	1	0	0	0	0	0	0	1	1	0	0	0
ERR3808870	SAMEA6469192	0	1	0	0	0	0	1	1	1	1	0	0	0
ERR3808876	SAMEA6469198	0	1	0	0	0	0	0	0	0	0	0	0	0
ERR3808880	SAMEA6469202	0	0	0	0	0	0	0	0	1	0	0	0	0
ERR3808889	SAMEA6469211	0	1	0	0	0	0	0	0	0	1	0	0	0
ERR3808890	SAMEA6469212	0	1	0	0	0	0	0	0	0	1	0	0	0
ERR3808897	SAMEA6469219	0	1	0	0	0	0	0	0	0	1	0	0	0
ERR3808907	SAMEA6469229	1	0	0	0	0	0	0	1	1	0	0	0	0
ERR3808910	SAMEA6469232	0	0	0	0	0	0	0	0	1	1	0	0	0
ERR3808913	SAMEA6469235	0	0	0	0	0	0	0	1	1	1	0	0	0
ERR3808926	SAMEA6469248	0	0	0	0	0	0	0	0	0	1	0	0	0
ERR3808927	SAMEA6469249	0	0	0	0	0	0	0	0	1	1	0	0	0
ERR3939279	SAMEA6574537	1	1	0	0	0	0	0	1	1	1	0	0	0
ERR3939284	SAMEA6574542	1	1	0	0	0	0	0	0	1	0	1	0	0
ERR4013386	SAMEA6656326	0	0	0	0	0	0	0	0	0	0	0	0	0
ERR4013387	SAMEA6656327	0	0	0	0	0	0	0	0	0	0	0	0	0
ERR4013411	SAMEA6656351	0	1	0	0	0	0	0	0	1	0	0	0	0
ERR4013420	SAMEA6656360	0	0	0	0	0	0	0	0	0	0	0	0	0
ERR4013429	SAMEA6656369	0	1	0	0	0	0	0	0	0	1	0	0	0
ERR4013432	SAMEA6656372	0	0	0	0	0	0	0	0	1	0	0	0	0
ERR4013439	SAMEA6656379	0	0	0	0	0	0	0	0	0	0	0	1	0
ERR4013441	SAMEA6656381	0	0	0	0	0	0	0	0	0	0	0	0	0
ERR4013450	SAMEA6656390	0	1	0	0	0	0	0	0	0	0	0	0	0
ERR4013453	SAMEA6656393	0	1	0	0	0	0	0	0	0	1	0	0	0
ERR4013457	SAMEA6656397	0	1	0	0	0	0	0	0	1	1	0	0	0
ERR4013462	SAMEA6656402	0	1	0	0	0	0	0	0	0	0	0	0	0
ERR4013469	SAMEA6656409	0	0	0	0	0	0	0	0	0	0	0	0	0
ERR4013487	SAMEA6656427	0	0	0	0	0	0	0	0	0	0	0	0	0
ERR4013493	SAMEA6656433	0	0	0	0	0	0	0	0	0	0	0	0	0
ERR4013500	SAMEA6656440	0	0	0	0	0	0	0	0	0	0	0	0	0
ERR4013501	SAMEA6656441	0	0	0	0	0	0	0	0	0	0	0	0	0
ERR4013504	SAMEA6656444	1	0	0	0	0	0	0	0	0	0	0	0	0
ERR4013506	SAMEA6656446	0	0	0	0	0	0	0	0	0	0	0	0	0
ERR4013517	SAMEA6656457	1	0	0	0	0	0	0	1	1	0	0	0	0
ERR4013520	SAMEA6656460	0	0	0	0	0	0	0	0	0	0	0	0	0
ERR4013542	SAMEA6656482	0	0	0	0	0	0	0	0	0	0	0	0	0
ERR4013547	SAMEA6656487	0	0	0	0	0	0	0	0	0	0	0	0	0
ERR4034031	SAMEA5623025	0	1	0	0	0	0	0	0	1	1	0	0	0
ERR4034034	SAMEA5621172	0	0	0	0	0	0	0	0	0	0	0	0	0
ERR4034037	SAMEA5623124	0	0	0	0	0	0	0	0	0	0	0	0	0
ERR4034042	SAMEA5621176	0	0	0	0	0	0	0	0	0	0	0	0	0
ERR4034045	SAMEA5621073	0	1	0	0	0	0	0	0	0	1	0	0	0
ERR4034056	SAMEA5621167	1	0	0	0	0	0	0	1	1	0	0	0	0
ERR4034062	SAMEA5621182	0	1	0	0	0	0	0	0	0	0	0	0	0
ERR4034071	SAMEA5621187	0	0	0	0	0	0	0	0	0	0	0	0	0
ERR4034074	SAMEA5621188	0	0	0	0	0	0	0	0	1	0	0	0	0
ERR4034077	SAMEA5621189	0	0	0	0	0	0	0	0	0	0	0	0	0
ERR4034085	SAMEA5621091	0	0	0	0	0	0	0	0	0	0	0	0	0
ERR4034086	SAMEA5621192	0	1	0	0	0	0	0	0	0	0	0	0	0
ERR4034089	SAMEA5621193	0	0	0	0	0	0	0	0	0	0	0	0	0
ERR4034092	SAMEA5621194	0	1	0	0	0	0	0	0	1	1	0	0	0
ERR4034101	SAMEA5621199	0	1	0	0	0	0	0	0	1	0	0	0	0
ERR4034102	SAMEA5621232	0	0	0	0	0	0	0	0	0	0	0	0	0
ERR4034111	SAMEA5621295	0	0	0	0	0	0	0	0	0	0	0	0	0
ERR4034117	SAMEA5621357	0	0	0	0	0	0	0	0	0	0	0	0	0
ERR4034119	SAMEA5621205	1	0	0	0	0	0	0	0	0	0	0	0	0
ERR4034126	SAMEA5621207	0	0	0	0	0	0	0	0	0	0	0	0	0
ERR4034127	SAMEA5621565	0	0	0	0	0	0	0	0	0	0	0	0	0
ERR4034129	SAMEA5621208	0	0	0	0	0	0	0	0	0	0	0	0	0
ERR4034132	SAMEA5621209	0	1	0	0	0	0	0	0	0	1	0	0	0
ERR4034139	SAMEA5621706	0	0	0	0	0	0	0	0	0	0	0	0	0
ERR4034146	SAMEA5621114	0	0	0	0	0	0	0	0	0	0	0	0	0
ERR4034153	SAMEA5621217	0	0	0	0	0	0	0	0	0	0	0	0	0
ERR4034155	SAMEA5621117	0	1	0	0	0	0	0	0	0	1	0	0	0
ERR4034161	SAMEA5621119	0	1	0	0	0	0	0	0	1	1	0	0	0
ERR4034166	SAMEA5621947	1	0	0	0	0	0	0	1	1	0	0	0	0
ERR4034168	SAMEA5621224	0	1	0	0	0	0	0	0	0	1	0	0	0
ERR4034171	SAMEA5621225	0	1	0	0	0	0	0	0	1	0	0	0	0
ERR4034182	SAMEA5621126	0	1	0	0	0	0	0	0	0	1	0	0	0
ERR4034185	SAMEA5621127	0	1	0	0	0	0	0	0	0	1	0	0	0
ERR4034204	SAMEA5621133	0	0	0	0	0	0	0	0	0	0	0	0	0
ERR4034207	SAMEA5621134	0	0	0	0	0	0	0	0	0	0	0	0	0
ERR4034214	SAMEA5621241	0	0	0	0	0	0	0	0	0	0	0	0	0
ERR4034228	SAMEA5621141	0	0	0	0	0	0	0	0	0	1	0	0	0
ERR4034237	SAMEA5621145	0	0	0	0	0	0	0	0	0	0	0	0	0
ERR4034265	SAMEA5621259	0	1	0	0	0	0	0	0	1	1	0	0	0
ERR4034268	SAMEA5621260	0	1	0	0	0	0	0	0	1	1	0	0	0
ERR4034269	SAMEA5622563	0	0	0	0	0	0	0	0	0	0	0	0	0
ERR4034270	SAMEA5621157	0	0	0	0	0	0	0	0	0	0	0	0	0
ERR4034272	SAMEA5622571	0	0	0	0	0	0	0	0	0	0	0	0	0
ERR4034283	SAMEA5621161	0	1	0	0	0	0	0	0	0	0	0	0	0
ERR4034312	SAMEA5621827	0	0	0	0	0	0	0	0	0	0	0	0	0
ERR4034314	SAMEA5621569	0	0	0	0	0	0	0	0	0	0	0	0	0
ERR4034319	SAMEA5621670	0	1	0	0	0	0	0	0	1	0	1	0	0
ERR4034333	SAMEA5621928	0	0	0	0	0	0	0	0	0	0	0	0	0
ERR4034349	SAMEA5621836	0	1	0	0	0	0	0	0	0	0	0	0	0
ERR4034356	SAMEA5621679	0	0	0	0	0	0	0	0	0	0	0	0	0
ERR4034364	SAMEA5621681	0	0	0	0	0	0	0	0	0	0	0	0	0
ERR4034371	SAMEA5621586	0	0	0	0	0	0	0	0	0	0	0	0	0
ERR4034382	SAMEA5621844	0	1	0	0	0	0	0	0	0	1	0	0	0
ERR4034392	SAMEA5621591	0	0	0	0	0	0	0	0	0	1	0	0	0
ERR4034400	SAMEA5621593	0	1	0	0	0	0	0	0	0	0	0	0	0
ERR4034416	SAMEA5621597	0	0	1	0	0	0	0	0	1	0	0	0	0
ERR4034417	SAMEA5621690	0	0	0	0	0	0	0	0	0	0	0	0	0
ERR4034422	SAMEA5621854	0	0	0	0	0	0	0	0	1	0	0	0	0
ERR4034425	SAMEA5621692	0	0	0	0	0	0	0	0	0	0	0	0	0
ERR4034433	SAMEA5621699	0	0	0	0	0	0	0	0	1	0	0	0	0
ERR4034443	SAMEA5621962	0	0	1	0	0	0	0	0	1	0	0	0	0
ERR4034445	SAMEA5621702	0	0	0	0	0	0	0	0	0	0	0	0	0
ERR4034450	SAMEA5621861	0	0	0	0	0	0	0	0	0	0	0	0	0
ERR4034457	SAMEA5621705	0	0	0	0	0	0	0	0	0	0	0	0	0
ERR4034465	SAMEA5621609	0	0	0	0	0	0	0	0	1	0	0	0	0
ERR4034468	SAMEA5621970	0	0	0	0	0	0	0	0	0	0	0	0	0
ERR4034486	SAMEA5621713	0	1	0	0	0	0	0	0	0	1	0	0	0
ERR4034488	SAMEA5621978	0	0	0	0	0	0	0	0	1	0	0	0	0
ERR4034494	SAMEA5621715	0	0	0	0	0	0	0	0	0	0	0	0	0
ERR4034497	SAMEA5621617	0	1	0	0	0	0	0	0	1	0	0	0	0
ERR4034499	SAMEA5621874	0	1	0	0	0	0	0	0	1	1	0	0	0
ERR4034505	SAMEA5621619	0	1	0	0	0	0	0	0	1	1	0	0	0
ERR4034507	SAMEA5621876	0	0	0	0	0	0	0	0	1	0	0	0	0
ERR4034509	SAMEA5621620	0	0	0	0	0	0	0	1	0	0	0	0	0
ERR4034518	SAMEA5621779	0	0	0	0	0	0	0	0	0	0	0	0	0
ERR4034522	SAMEA5621780	0	1	0	0	0	0	0	0	0	1	0	0	0
ERR4034525	SAMEA5621624	0	0	0	0	0	0	0	0	0	0	0	0	0
ERR4034532	SAMEA5621989	0	0	0	0	0	0	0	0	0	0	0	0	0
ERR4034534	SAMEA5621783	0	0	0	0	0	0	0	0	0	0	0	0	0
ERR4034540	SAMEA5621992	0	0	0	0	0	0	0	0	0	0	0	0	0
ERR4034542	SAMEA5621785	0	0	0	0	0	0	0	0	0	0	0	0	0
ERR4034568	SAMEA5621891	0	0	0	0	0	0	0	0	0	0	0	0	0
ERR4034590	SAMEA5621640	0	0	0	0	0	0	0	0	0	0	0	0	0
ERR4034596	SAMEA5621898	0	1	0	0	0	0	0	0	0	0	0	0	0
ERR4034607	SAMEA5621804	0	0	0	0	0	0	0	0	0	0	0	0	0
ERR4034608	SAMEA5621901	0	0	0	0	0	0	0	0	0	1	0	0	0
ERR4034620	SAMEA5621904	0	1	0	0	0	0	0	0	0	0	0	0	0
ERR4034624	SAMEA5621905	0	0	0	0	0	0	0	0	0	1	0	0	0
ERR4034640	SAMEA5621813	0	0	0	0	0	0	0	0	0	1	0	0	0
ERR4034667	SAMEA5621660	0	0	0	0	0	0	0	0	0	0	0	0	0
ERR4034669	SAMEA5621916	0	0	0	0	0	0	0	0	0	0	0	0	0
ERR4034680	SAMEA5621663	0	0	0	0	0	0	0	0	0	0	0	0	0
ERR4034689	SAMEA5622928	0	0	0	0	0	0	0	0	0	0	0	0	0
ERR4034693	SAMEA5622929	0	1	0	0	0	0	0	0	0	1	0	0	0
ERR4034698	SAMEA5622439	0	0	0	0	0	0	0	0	0	0	0	0	0
ERR4034710	SAMEA5622442	0	0	0	0	0	0	0	0	0	0	0	0	0
ERR4034718	SAMEA5622444	0	0	0	0	0	0	0	0	0	0	0	0	0
ERR4034719	SAMEA5622542	0	0	0	0	0	0	0	0	0	0	0	0	0
ERR4034740	SAMEA5622652	0	0	0	0	0	0	0	0	0	0	0	0	0
ERR4034758	SAMEA5622945	0	0	0	0	0	0	0	0	0	0	0	0	0
ERR4034761	SAMEA5622657	0	1	0	0	0	0	0	0	0	1	0	0	0
ERR4034766	SAMEA5622947	0	0	0	0	0	0	0	0	0	0	0	0	0
ERR4034767	SAMEA5622457	0	0	0	0	0	0	0	0	0	0	0	0	0
ERR4034774	SAMEA5622949	0	0	0	0	0	0	0	0	0	0	0	0	0
ERR4034788	SAMEA5622437	0	0	0	0	0	0	0	0	0	0	0	0	0
ERR4034806	SAMEA5622668	0	0	0	0	0	0	0	0	0	1	0	0	0
ERR4034808	SAMEA5622464	0	0	0	0	0	0	0	0	0	0	0	0	0
ERR4034816	SAMEA5622466	0	0	0	0	0	0	0	0	0	0	0	0	0
ERR4034821	SAMEA5622570	0	1	0	0	0	0	0	0	0	0	0	0	0
ERR4034822	SAMEA5622672	0	0	0	0	0	0	0	0	0	0	0	0	0
ERR4034824	SAMEA5622468	0	0	0	0	0	0	0	0	0	0	0	0	0
ERR4034825	SAMEA5622572	0	1	0	0	0	0	0	0	1	1	0	0	0
ERR4034833	SAMEA5622575	0	0	0	0	0	0	0	0	0	0	0	0	0
ERR4034847	SAMEA5622977	0	0	0	0	0	0	0	0	0	0	0	0	0
ERR4034857	SAMEA5622582	0	1	0	0	0	0	0	0	0	0	0	0	0
ERR4034860	SAMEA5622477	0	0	0	0	0	0	0	0	0	0	0	0	0
ERR4034885	SAMEA5622483	0	0	0	0	0	0	0	0	0	0	0	0	0
ERR4034894	SAMEA5622591	0	1	0	0	0	0	0	0	0	1	0	0	0
ERR4034898	SAMEA5622592	0	0	0	0	0	0	0	0	0	0	0	0	0
ERR4034923	SAMEA5622699	0	0	0	0	0	0	0	0	0	0	0	0	0
ERR4034940	SAMEA5622991	0	1	0	0	0	0	0	0	1	1	0	0	0
ERR4034944	SAMEA5622992	0	0	0	0	0	0	0	0	0	0	0	0	0
ERR4034950	SAMEA5622607	0	1	0	0	0	0	0	0	0	0	0	0	0
ERR4034963	SAMEA5622611	0	0	0	0	0	0	0	0	0	0	0	0	0
ERR4034969	SAMEA5622998	0	0	0	0	0	0	0	0	0	0	0	0	0
ERR4034979	SAMEA5622615	0	1	0	0	0	0	0	0	0	0	0	0	0
ERR4034985	SAMEA5623002	0	1	0	0	0	0	0	0	1	1	1	0	0
ERR4034995	SAMEA5622619	0	0	0	0	0	0	0	0	0	0	0	0	0
ERR4034997	SAMEA5623005	0	0	0	0	0	0	0	0	1	0	1	0	0
ERR4035015	SAMEA5622624	0	1	0	0	0	0	0	0	0	0	0	0	0
ERR4035025	SAMEA5623013	0	0	0	0	0	0	0	0	0	0	0	0	0
ERR4035027	SAMEA5622628	0	0	0	0	0	0	0	0	0	0	0	0	0
ERR4035029	SAMEA5623014	0	1	0	0	0	0	0	0	0	0	0	0	0
ERR4035033	SAMEA5623015	0	1	0	0	0	0	0	0	0	1	0	0	0
ERR4035035	SAMEA5622630	0	0	0	0	0	0	0	0	0	0	0	0	0
ERR4035047	SAMEA5622524	0	0	0	0	0	0	0	0	0	0	0	0	0
ERR4035048	SAMEA5622633	0	0	0	0	0	0	0	0	0	0	0	0	0
ERR4035074	SAMEA5623511	0	0	0	0	0	0	0	0	0	0	0	0	0
ERR4035099	SAMEA5621476	0	1	0	0	0	0	0	0	1	1	0	0	0
ERR4035103	SAMEA5621477	0	0	0	0	0	0	0	0	0	0	0	0	0
ERR4035113	SAMEA5621283	0	0	0	0	0	0	0	0	0	0	0	0	0
ERR4035123	SAMEA5621286	1	1	0	0	0	0	0	1	1	0	0	0	0
ERR4035125	SAMEA5621483	0	0	0	0	0	0	0	0	0	0	0	0	0
ERR4035127	SAMEA5621388	0	0	0	0	0	0	0	0	0	0	0	0	0
ERR4035130	SAMEA5621288	0	0	0	0	0	0	0	0	0	0	0	0	0
ERR4035131	SAMEA5621389	0	0	0	0	0	0	0	0	0	0	0	0	0
ERR4035134	SAMEA5621289	0	0	0	0	0	0	0	0	0	0	0	0	0
ERR4035135	SAMEA5621390	0	0	0	0	0	0	0	0	0	0	0	0	0
ERR4035142	SAMEA5621291	0	0	1	0	0	0	0	0	0	0	0	0	0
ERR4035146	SAMEA5621292	0	0	0	0	0	0	0	0	0	0	0	0	0
ERR4035152	SAMEA5621490	0	0	0	0	0	0	0	0	0	0	0	0	0
ERR4035167	SAMEA5621398	0	0	0	0	0	0	0	0	0	0	0	0	0
ERR4035170	SAMEA5621300	0	0	0	0	0	0	0	0	0	0	0	0	0
ERR4035171	SAMEA5621399	0	1	0	0	0	0	0	0	0	1	0	0	0
ERR4035175	SAMEA5621400	0	1	0	0	0	0	0	0	0	0	0	0	0
ERR4035195	SAMEA5621306	0	1	0	0	0	0	0	0	1	0	0	0	0
ERR4035216	SAMEA5621311	0	0	0	0	0	0	0	0	0	0	0	0	0
ERR4035228	SAMEA5621314	0	1	0	0	0	0	0	0	0	0	0	0	0
ERR4035229	SAMEA5621413	0	0	0	0	0	0	0	0	0	0	0	0	0
ERR4035230	SAMEA5621510	0	0	0	0	0	0	0	0	0	0	0	0	0
ERR4035239	SAMEA5623554	0	0	0	0	0	0	0	0	0	0	0	0	0
ERR4035241	SAMEA5621416	0	1	0	0	0	0	0	0	0	1	0	0	0
ERR4035251	SAMEA5623557	0	1	0	0	0	0	0	0	1	0	0	0	0
ERR4035267	SAMEA5623562	0	0	0	0	0	0	0	0	0	0	0	0	0
ERR4035268	SAMEA5621324	1	1	0	0	0	0	0	0	1	0	0	0	0
ERR4035273	SAMEA5621434	0	1	0	0	0	0	0	0	1	1	0	0	0
ERR4035278	SAMEA5621522	0	0	0	0	0	0	0	0	0	0	0	0	0
ERR4035290	SAMEA5621525	0	0	0	0	0	0	0	0	0	0	0	0	0
ERR4035311	SAMEA5621530	0	0	0	0	0	0	0	0	0	0	0	0	0
ERR4035313	SAMEA5621335	0	1	0	0	0	0	0	0	1	1	0	0	0
ERR4035318	SAMEA5621427	0	0	0	0	0	0	0	0	0	0	0	0	0
ERR4035322	SAMEA5621428	0	0	0	0	0	0	0	0	0	0	0	0	0
ERR4035330	SAMEA5621430	0	0	0	0	0	0	0	0	0	0	0	0	0
ERR4035332	SAMEA5623578	0	1	0	0	0	0	0	0	0	0	0	0	0
ERR4035373	SAMEA5621350	0	0	0	0	0	0	0	0	0	0	0	0	0
ERR4035376	SAMEA5623589	0	0	0	0	0	0	0	0	0	0	0	0	0
ERR4035405	SAMEA5623596	0	0	0	0	0	0	0	0	0	0	0	0	0
ERR4035436	SAMEA5621562	0	1	0	0	0	0	0	0	0	1	0	0	0
ERR4035443	SAMEA5621467	0	0	0	0	0	0	0	0	0	0	0	0	0
ERR4035445	SAMEA5623606	0	0	0	0	0	0	0	0	0	0	0	0	0
ERR4035446	SAMEA5622238	0	0	0	0	0	0	0	0	0	0	0	0	0
ERR4035449	SAMEA5622134	0	1	0	0	0	0	0	0	0	1	0	0	0
ERR4035457	SAMEA5622040	0	1	0	0	0	0	0	0	0	1	0	0	0
ERR4035461	SAMEA5622041	0	0	0	0	0	0	0	0	0	0	0	0	0
ERR4035463	SAMEA5622242	0	0	0	0	0	0	0	0	0	0	0	0	0
ERR4035483	SAMEA5622247	0	1	0	0	0	0	0	0	0	1	0	1	0
ERR4035484	SAMEA5622345	0	0	0	0	0	0	0	0	0	0	0	0	0
ERR4035489	SAMEA5622048	0	1	0	0	0	0	0	0	0	1	0	0	0
ERR4035497	SAMEA5622050	0	1	0	0	0	0	0	0	0	0	0	0	0
ERR4035513	SAMEA5622054	0	0	0	0	0	0	0	0	0	0	0	0	0
ERR4035519	SAMEA5622256	0	0	0	0	0	0	0	0	0	0	0	0	0
ERR4035536	SAMEA5622358	0	1	0	0	0	0	0	0	0	0	0	0	0
ERR4035538	SAMEA5622160	0	1	0	0	0	0	0	0	0	1	0	0	0
ERR4035545	SAMEA5622360	0	1	0	0	0	0	0	0	1	1	0	0	0
ERR4035547	SAMEA5622162	0	0	0	0	0	0	0	0	1	0	0	0	0
ERR4035548	SAMEA5622263	0	0	0	0	0	0	0	0	0	0	0	0	0
ERR4035552	SAMEA5622264	0	0	0	0	0	0	0	0	1	0	0	0	0
ERR4035578	SAMEA5622369	0	1	0	0	0	0	0	0	1	0	0	0	0
ERR4035580	SAMEA5622171	0	1	0	0	0	0	0	0	0	1	0	0	0
ERR4035588	SAMEA5622173	0	0	0	0	0	0	0	0	0	0	0	0	0
ERR4035593	SAMEA5622274	0	1	0	0	0	0	0	0	0	0	0	0	0
ERR4035626	SAMEA5622381	0	0	0	0	0	0	0	0	0	0	0	0	0
ERR4035627	SAMEA5622083	0	0	0	0	0	0	0	0	0	0	0	0	0
ERR4035630	SAMEA5622382	0	0	0	0	0	0	0	0	0	0	0	0	0
ERR4035636	SAMEA5622187	0	1	0	0	0	0	0	0	0	0	0	0	0
ERR4035640	SAMEA5622188	0	0	0	0	0	0	0	0	0	0	0	0	0
ERR4035644	SAMEA5622189	0	0	0	0	0	0	0	0	0	0	0	0	0
ERR4035646	SAMEA5622386	0	1	0	0	0	0	0	0	0	0	0	0	0
ERR4035649	SAMEA5622288	0	0	0	0	0	0	0	0	0	0	0	0	0
ERR4035663	SAMEA5622390	0	1	0	0	0	0	0	0	0	0	0	0	0
ERR4035666	SAMEA5622293	0	0	0	0	0	0	0	0	0	0	0	0	0
ERR4035675	SAMEA5622393	0	0	0	0	0	0	0	0	0	0	0	0	0
ERR4035680	SAMEA5622096	0	1	0	0	0	0	0	0	1	1	0	0	0
ERR4035684	SAMEA5622097	0	0	0	0	0	0	0	0	0	1	0	0	0
ERR4035688	SAMEA5622098	0	0	0	0	0	0	0	0	0	0	0	0	0
ERR4035710	SAMEA5622304	0	0	0	0	0	0	0	0	0	0	0	0	0
ERR4035717	SAMEA5622205	0	0	0	0	0	0	0	0	1	1	0	0	0
ERR4035728	SAMEA5622108	0	0	0	0	0	0	0	0	0	0	0	0	0
ERR4035729	SAMEA5622208	0	0	0	0	0	0	0	0	0	0	0	0	0
ERR4035737	SAMEA5622210	0	0	0	0	0	0	0	0	0	0	0	0	0
ERR4035739	SAMEA5622409	0	0	0	0	0	0	0	0	0	0	0	0	0
ERR4035741	SAMEA5622211	0	1	0	0	0	0	0	0	0	0	0	0	0
ERR4035750	SAMEA5622214	0	0	0	0	0	0	0	0	0	0	0	0	0
ERR4035754	SAMEA5622219	0	0	0	0	0	0	0	0	0	0	0	0	0
ERR4035757	SAMEA5622115	0	0	1	0	0	0	0	0	1	0	0	0	0
ERR4035770	SAMEA5622223	0	1	0	0	0	0	0	0	1	1	0	0	0
ERR4035771	SAMEA5622319	0	0	0	0	0	0	0	0	0	0	0	0	0
ERR4035779	SAMEA5622321	0	0	0	0	0	0	0	0	0	1	0	0	0
ERR4035781	SAMEA5622121	0	0	0	0	0	0	0	0	0	0	0	0	0
ERR4035794	SAMEA5622229	0	0	0	0	0	0	0	0	0	0	0	0	0
ERR4035803	SAMEA5622327	0	1	0	0	0	0	0	0	0	1	0	0	0
ERR4035806	SAMEA5622232	0	1	0	0	0	0	0	0	0	0	0	0	0
ERR4035813	SAMEA5622129	0	1	0	0	0	0	0	0	0	1	0	0	0
ERR4035818	SAMEA5622235	0	0	1	0	0	0	0	0	1	0	0	0	0
ERR4035820	SAMEA5622430	0	1	0	0	0	0	0	0	0	1	0	0	0
ERR4035826	SAMEA5622237	0	0	0	0	0	0	0	0	0	0	0	0	0
ERR4035829	SAMEA5622133	0	1	0	0	0	0	0	0	1	1	0	0	0
ERR4035843	SAMEA5623899	1	1	0	0	0	0	0	1	1	1	0	0	0
ERR4035859	SAMEA5623998	0	0	0	0	0	0	0	0	0	0	0	0	0
ERR4035898	SAMEA5623720	0	0	0	0	0	0	0	0	0	0	0	0	0
ERR4035912	SAMEA5623916	0	0	0	0	0	0	0	0	0	0	0	0	0
ERR4035916	SAMEA5623917	0	1	0	0	0	0	0	0	0	0	0	0	0
ERR4035923	SAMEA5624016	0	1	0	0	0	0	0	0	1	1	0	0	0
ERR4035924	SAMEA5623920	0	1	0	0	0	0	0	0	0	1	0	0	0
ERR4035929	SAMEA5623631	0	1	0	0	0	0	0	0	1	0	0	0	0
ERR4035932	SAMEA5623922	0	0	0	0	0	0	0	0	0	0	0	0	0
ERR4035937	SAMEA5623633	1	0	0	0	0	0	0	1	1	1	0	0	0
ERR4035941	SAMEA5623924	0	0	0	0	0	0	0	0	0	0	0	0	0
ERR4035942	SAMEA5623635	0	1	0	0	0	0	0	0	0	0	0	0	0
ERR4035944	SAMEA5624021	0	0	0	0	0	0	0	0	0	0	0	0	0
ERR4035957	SAMEA5623928	0	0	0	0	0	0	0	0	0	0	0	0	0
ERR4035963	SAMEA5623736	0	0	0	0	0	0	0	0	0	0	0	0	0
ERR4035969	SAMEA5623931	0	1	0	0	0	0	0	0	1	0	1	0	0
ERR4035975	SAMEA5623739	0	0	0	0	0	0	0	0	0	1	0	1	0
ERR4035987	SAMEA5623742	0	1	0	0	0	0	0	0	0	1	0	1	0
ERR4035989	SAMEA5623936	0	1	0	0	0	0	0	0	1	1	0	0	0
ERR4035990	SAMEA5623647	0	0	0	0	0	0	0	0	0	0	0	0	0
ERR4036001	SAMEA5623939	0	1	0	0	0	0	0	1	1	1	0	0	0
ERR4036002	SAMEA5623650	0	0	0	0	0	0	0	0	0	0	0	0	0
ERR4036009	SAMEA5623941	0	0	1	0	0	0	0	0	1	0	0	0	0
ERR4036014	SAMEA5623653	0	0	0	0	0	0	0	0	0	0	0	0	0
ERR4036037	SAMEA5624044	0	1	0	0	0	0	0	0	1	1	0	0	0
ERR4036043	SAMEA5623660	0	0	0	0	0	0	0	0	0	0	0	0	0
ERR4036049	SAMEA5624047	0	0	0	0	0	0	0	0	0	0	0	0	0
ERR4036054	SAMEA5623964	0	0	0	0	0	0	0	0	0	0	0	0	0
ERR4036058	SAMEA5624050	0	1	0	0	0	0	0	0	0	1	0	0	0
ERR4036069	SAMEA5623762	0	0	0	0	0	0	0	0	0	0	0	0	0
ERR4036073	SAMEA5623763	0	0	0	0	0	0	0	0	1	0	0	0	0
ERR4036093	SAMEA5623768	0	0	0	0	0	0	0	0	0	0	0	0	0
ERR4036098	SAMEA5624060	0	0	0	0	0	0	0	0	0	0	0	0	0
ERR4036102	SAMEA5624061	0	0	0	0	0	0	0	0	0	0	0	0	0
ERR4036116	SAMEA5623678	0	0	0	0	0	0	0	0	0	0	0	0	0
ERR4036121	SAMEA5623775	0	0	0	0	0	0	0	0	0	0	0	0	0
ERR4036127	SAMEA5623971	0	0	0	0	0	0	0	0	0	0	0	0	0
ERR4036134	SAMEA5624069	0	0	0	0	0	0	0	0	0	0	0	0	0
ERR4036142	SAMEA5624071	0	0	0	0	0	0	0	0	0	0	0	0	0
ERR4036158	SAMEA5623785	0	1	0	0	0	0	0	0	0	1	0	0	0
ERR4036159	SAMEA5624075	0	1	0	0	0	0	0	0	0	0	0	0	0
ERR4036165	SAMEA5623690	0	0	0	0	0	0	0	0	0	0	0	0	0
ERR4036169	SAMEA5623691	0	1	0	0	0	0	0	0	0	0	0	0	0
ERR4036181	SAMEA5623694	0	1	0	0	0	0	0	0	0	1	0	0	0
ERR4036185	SAMEA5623695	0	0	0	0	0	0	0	0	0	0	0	0	0
ERR4036199	SAMEA5624085	0	0	0	0	0	0	0	0	0	0	0	0	0
ERR4036202	SAMEA5623796	0	0	0	0	0	0	0	0	0	0	0	0	0
ERR4036208	SAMEA5623991	0	0	0	0	0	0	0	0	0	0	0	0	0
ERR4036222	SAMEA5624380	0	1	0	0	0	0	0	0	0	1	0	0	0
ERR4036235	SAMEA5624383	0	0	0	0	0	0	0	0	0	0	0	0	0
ERR4036239	SAMEA5624384	0	1	0	0	0	0	0	0	0	1	0	0	0
ERR4036252	SAMEA5624098	0	0	0	0	0	0	0	0	0	0	0	0	0
ERR4036284	SAMEA5624106	0	1	0	0	0	0	0	0	0	0	0	0	0
ERR4036290	SAMEA5624301	0	0	0	0	0	0	0	0	0	0	0	0	0
ERR4036299	SAMEA5624399	0	0	0	0	0	0	0	0	0	0	0	0	0
ERR4036303	SAMEA5624400	0	0	0	0	0	0	0	0	0	1	0	0	0
ERR4036304	SAMEA5624111	0	1	0	0	0	0	0	0	1	1	0	0	0
ERR4036324	SAMEA5624405	0	0	0	0	0	0	0	0	0	0	0	0	0
ERR4036344	SAMEA5624410	1	0	0	0	0	0	0	1	0	0	0	0	0
ERR4036349	SAMEA5624122	0	1	0	0	0	0	0	0	1	0	0	0	0
ERR4036385	SAMEA5624131	0	0	0	0	0	0	0	0	0	0	0	0	0
ERR4036389	SAMEA5624132	0	0	0	0	0	0	0	0	0	0	0	0	0
ERR4036394	SAMEA5624337	0	0	0	0	0	0	0	0	0	0	0	0	0
ERR4036399	SAMEA5624328	0	0	0	0	0	0	0	0	0	0	0	0	0
ERR4036400	SAMEA5624424	0	0	0	0	0	0	0	0	0	0	0	0	0
ERR4036403	SAMEA5624329	0	0	0	0	0	0	0	0	0	0	0	0	0
ERR4036408	SAMEA5624426	0	1	0	0	0	0	0	0	0	1	0	0	0
ERR4036411	SAMEA5624331	0	0	0	0	0	0	0	0	0	0	0	0	0
ERR4036417	SAMEA5624428	0	0	0	0	0	0	0	0	0	0	0	0	0
ERR4036445	SAMEA5624339	0	0	0	0	0	0	0	0	0	0	0	0	0
ERR4036452	SAMEA5624263	0	0	0	0	0	0	0	0	0	0	0	0	0
ERR4036456	SAMEA5624264	0	0	0	0	0	0	0	0	0	0	0	0	0
ERR4036458	SAMEA5624439	0	1	0	0	0	0	0	0	0	1	0	0	0
ERR4036460	SAMEA5624265	0	0	0	0	0	0	0	0	1	0	0	0	0
ERR4036464	SAMEA5624266	0	0	0	0	0	0	0	0	0	0	0	0	0
ERR4036482	SAMEA5624445	0	0	0	0	0	0	0	0	1	1	0	0	0
ERR4036484	SAMEA5624246	0	1	0	0	0	0	0	0	0	1	0	1	0
ERR4036490	SAMEA5624447	0	0	0	0	0	0	0	0	0	0	0	0	0
ERR4036492	SAMEA5624248	0	1	0	0	0	0	0	0	0	1	0	0	0
ERR4036506	SAMEA5624451	0	0	0	0	0	0	0	0	0	0	0	0	0
ERR4036516	SAMEA5624254	0	0	0	0	0	0	0	0	0	0	0	0	0
ERR4036530	SAMEA5624361	0	1	0	0	0	0	0	0	1	1	0	0	0
ERR4036535	SAMEA5624458	0	0	0	0	0	0	0	0	0	0	0	0	0
ERR4036546	SAMEA5624365	0	1	0	0	0	0	0	0	0	0	0	0	0
ERR4036559	SAMEA5624464	0	1	0	0	0	0	0	0	0	1	0	0	0
ERR4036560	SAMEA5624282	0	0	0	0	0	0	0	0	0	0	0	0	0
ERR4036589	SAMEA5624279	0	0	0	0	0	0	0	0	0	0	0	0	0
ERR4036591	SAMEA5624472	0	0	0	0	0	0	0	0	0	0	0	0	0
ERR4036609	SAMEA5621728	0	1	0	0	0	0	0	0	0	1	0	0	0
ERR4036613	SAMEA5621732	0	0	0	0	0	0	0	0	1	0	0	0	0
ERR4036622	SAMEA5621742	0	0	0	0	0	0	0	0	0	0	0	0	0
ERR4036635	SAMEA5621755	0	0	0	0	0	0	0	0	0	0	0	0	0
ERR4036637	SAMEA5621757	0	0	0	0	0	0	0	0	0	0	0	0	0
ERR4036641	SAMEA5621761	0	0	0	0	0	0	0	0	0	0	0	0	0
ERR4036662	SAMEA5622833	0	0	0	0	0	0	0	0	0	0	0	0	0
ERR4036668	SAMEA5623129	0	0	0	0	0	0	0	0	0	0	0	0	0
ERR4036670	SAMEA5622739	0	0	0	0	0	0	0	0	0	0	0	0	0
ERR4036673	SAMEA5622740	0	0	0	0	0	0	0	0	0	0	0	0	0
ERR4036693	SAMEA5622841	0	0	0	0	0	0	0	0	0	0	0	0	0
ERR4036698	SAMEA5622747	0	0	0	0	0	0	0	0	0	0	0	0	0
ERR4036705	SAMEA5622749	0	1	0	0	0	0	0	0	0	0	0	0	0
ERR4036707	SAMEA5622845	0	0	0	0	0	0	0	0	0	0	0	0	0
ERR4036722	SAMEA5623045	0	0	0	0	0	0	0	0	0	0	0	0	0
ERR4036734	SAMEA5623048	0	1	0	0	0	0	0	0	1	1	0	0	0
ERR4036738	SAMEA5623049	0	0	0	0	0	0	0	0	0	0	0	0	0
ERR4036743	SAMEA5623051	0	1	0	0	0	0	0	0	0	0	0	0	0
ERR4036747	SAMEA5622760	0	0	0	0	0	0	0	0	0	0	0	0	0
ERR4036753	SAMEA5623151	0	0	0	0	0	0	0	0	0	0	0	0	0
ERR4036756	SAMEA5623152	0	0	0	0	0	0	0	0	0	0	0	0	0
ERR4036761	SAMEA5623153	0	0	0	0	0	0	0	0	0	0	0	0	0
ERR4036768	SAMEA5622765	0	1	0	0	0	0	0	0	1	1	1	0	0
ERR4036769	SAMEA5623155	0	0	0	0	0	0	0	0	0	0	0	0	0
ERR4036773	SAMEA5623156	0	0	0	0	0	0	0	0	0	0	0	0	0
ERR4036776	SAMEA5622767	0	0	0	0	0	0	0	0	0	0	0	0	0
ERR4036777	SAMEA5622863	0	0	0	0	0	0	0	0	0	0	0	0	0
ERR4036779	SAMEA5622768	0	0	0	0	0	0	0	0	0	0	0	0	0
ERR4036798	SAMEA5623064	0	1	0	0	0	0	0	0	0	1	0	0	0
ERR4036815	SAMEA5622777	0	1	0	0	0	0	0	0	0	0	0	0	0
ERR4036828	SAMEA5622780	0	0	0	0	0	0	0	0	0	0	0	0	0
ERR4036833	SAMEA5623172	0	0	0	0	0	0	0	0	0	0	0	0	0
ERR4036851	SAMEA5622786	0	0	0	0	0	0	0	0	0	0	0	0	0
ERR4036852	SAMEA5622882	0	0	0	0	0	0	0	0	0	0	0	0	0
ERR4036853	SAMEA5623177	0	1	0	0	0	0	0	0	1	1	0	0	0
ERR4036863	SAMEA5622885	0	0	0	0	0	0	0	0	0	0	0	0	0
ERR4036873	SAMEA5622887	0	0	0	0	0	0	0	0	0	0	0	0	0
ERR4036880	SAMEA5622793	0	0	0	0	0	0	0	0	0	0	0	0	0
ERR4036892	SAMEA5622892	0	0	0	0	0	0	0	0	0	0	0	0	0
ERR4036900	SAMEA5622894	0	0	0	0	0	0	0	0	0	0	0	0	0
ERR4036906	SAMEA5623190	0	0	0	0	0	0	0	0	0	0	0	0	0
ERR4036914	SAMEA5623192	0	0	0	0	0	0	0	0	0	0	0	0	0
ERR4036923	SAMEA5622804	0	0	0	0	0	0	0	0	0	0	0	0	0
ERR4036930	SAMEA5623097	0	1	0	0	0	0	0	0	0	1	0	0	0
ERR4036937	SAMEA5623198	0	1	0	0	0	0	0	0	0	0	0	0	0
ERR4036944	SAMEA5622905	0	0	0	0	0	0	0	0	0	0	0	0	0
ERR4036952	SAMEA5622907	0	0	0	0	0	0	0	0	0	0	0	0	0
ERR4036955	SAMEA5623104	0	1	0	0	0	0	0	0	1	1	1	0	0
ERR4036963	SAMEA5623107	0	0	0	0	0	0	0	0	0	1	0	0	0
ERR4036984	SAMEA5623210	0	0	0	0	0	0	0	0	0	0	0	0	0
ERR4036989	SAMEA5622916	0	1	0	0	0	0	0	0	1	1	1	0	0
ERR4036991	SAMEA5623212	0	0	0	0	0	0	0	0	0	0	0	0	0
ERR4036998	SAMEA5623115	0	0	0	0	0	0	0	0	0	0	0	0	0
ERR4037000	SAMEA5622823	0	0	0	0	0	0	0	0	0	0	0	0	0
ERR4037011	SAMEA5622826	0	1	0	0	0	0	0	0	1	0	0	0	0
ERR4037021	SAMEA5622924	0	0	0	0	0	0	0	0	0	0	0	0	0
ERR4037034	SAMEA5623241	0	1	0	0	0	0	0	0	0	1	0	0	0
ERR4037045	SAMEA5623417	0	1	0	0	0	0	0	0	1	1	0	0	0
ERR4037046	SAMEA5623321	0	1	0	0	0	0	0	0	0	1	0	0	0
ERR4037068	SAMEA5623808	0	0	0	0	0	0	0	0	0	0	0	0	0
ERR4037075	SAMEA5623329	0	1	0	0	0	0	0	0	0	0	0	0	0
ERR4037077	SAMEA5623810	0	0	0	0	0	0	0	0	0	0	0	0	0
ERR4037090	SAMEA5623428	0	1	0	0	0	0	0	0	1	1	0	0	0
ERR4037094	SAMEA5623429	1	0	0	0	0	0	0	0	0	1	0	0	0
ERR4037102	SAMEA5623234	0	0	0	0	0	0	0	0	0	0	0	0	0
ERR4037103	SAMEA5623817	0	1	0	0	0	0	0	0	0	1	0	0	0
ERR4037106	SAMEA5623235	0	0	0	0	0	0	0	0	0	0	0	0	0
ERR4037109	SAMEA5623337	0	0	0	0	0	0	0	0	0	0	0	0	0
ERR4037118	SAMEA5623238	0	0	0	0	0	0	0	0	0	0	0	0	0
ERR4037121	SAMEA5623340	0	0	0	0	0	0	0	0	0	0	0	0	0
ERR4037141	SAMEA5623441	0	1	0	0	0	0	0	0	1	0	0	0	0
ERR4037143	SAMEA5623250	0	1	0	0	0	0	0	0	0	0	0	0	0
ERR4037156	SAMEA5623253	0	1	0	0	0	0	0	0	0	1	0	0	0
ERR4037157	SAMEA5623830	0	1	0	0	0	0	0	0	0	1	0	1	0
ERR4037159	SAMEA5623350	0	1	0	0	0	0	0	0	1	1	0	0	0
ERR4037165	SAMEA5623832	0	0	1	0	0	0	0	0	1	0	0	0	0
ERR4037171	SAMEA5623353	0	0	0	0	0	0	0	0	0	0	0	0	0
ERR4037178	SAMEA5623450	0	0	0	0	0	0	0	0	0	0	0	0	0
ERR4037188	SAMEA5623453	0	0	0	0	0	0	0	0	0	0	0	0	0
ERR4037206	SAMEA5623265	0	0	0	0	0	0	0	0	0	0	0	0	0
ERR4037212	SAMEA5623459	0	1	0	0	0	0	0	0	0	1	0	0	0
ERR4037216	SAMEA5623460	0	0	0	0	0	0	0	0	1	0	0	0	0
ERR4037228	SAMEA5623463	0	1	0	0	0	0	0	0	0	1	0	0	0
ERR4037233	SAMEA5623464	0	0	0	0	0	0	0	0	0	0	0	0	0
ERR4037237	SAMEA5623465	0	1	0	0	0	0	0	0	0	0	0	0	0
ERR4037265	SAMEA5623280	0	0	0	0	0	0	0	0	0	0	0	0	0
ERR4037286	SAMEA5623862	0	0	0	0	0	0	0	0	0	0	0	0	0
ERR4037295	SAMEA5623865	0	1	0	0	0	0	0	0	0	1	0	0	0
ERR4037308	SAMEA5623480	0	0	0	0	0	0	0	0	0	0	0	0	0
ERR4037309	SAMEA5623387	0	0	0	0	0	0	0	0	0	0	0	0	0
ERR4037332	SAMEA5623393	0	1	0	0	0	0	0	0	1	0	0	0	0
ERR4037334	SAMEA5623486	0	0	0	0	0	0	0	0	0	0	0	0	0
ERR4037348	SAMEA5623397	0	0	0	0	0	0	0	0	0	0	0	0	0
ERR4037368	SAMEA5623402	0	0	0	0	0	0	0	0	0	0	0	0	0
ERR4037379	SAMEA5623309	0	0	0	0	0	0	0	0	0	0	0	0	0
ERR4037383	SAMEA5623310	0	0	0	0	0	0	0	0	0	0	0	0	0
ERR4037384	SAMEA5623499	0	0	0	0	0	0	0	0	0	0	0	0	0
ERR4037387	SAMEA5623889	0	1	0	0	0	0	0	0	1	1	0	0	0
ERR4037399	SAMEA5623410	0	0	0	0	0	0	0	0	0	0	0	0	0
ERR4037414	SAMEA5623895	0	0	0	0	0	0	0	0	0	0	0	0	0
ERR4037415	SAMEA5623514	0	0	0	0	0	0	0	0	0	1	0	0	0
ERR4037419	SAMEA5623525	0	0	0	0	0	0	0	0	0	0	0	0	0
ERR4037421	SAMEA5622750	0	0	0	0	0	0	0	0	0	0	0	0	0
ERR4037429	SAMEA5623950	0	1	0	0	0	0	0	0	0	1	0	0	0
ERR4037431	SAMEA5623952	0	0	1	0	0	0	0	0	1	0	0	0	0
ERR4037432	SAMEA5623953	0	1	0	0	0	0	0	0	0	0	0	0	0
ERR4037433	SAMEA5623954	1	0	0	0	0	0	0	1	1	1	0	0	0
ERR4037435	SAMEA5623956	0	1	0	0	0	0	0	0	1	0	0	0	0
ERR4037444	SAMEA5624157	0	0	0	0	0	0	0	0	0	0	0	0	0
ERR4037445	SAMEA5624158	0	0	0	0	0	0	0	0	0	0	0	0	0
ERR4037452	SAMEA5624165	0	0	0	0	0	0	0	0	0	0	0	0	0
ERR4037461	SAMEA5624174	0	0	0	0	0	0	0	0	0	0	0	0	0
ERR4037463	SAMEA5624176	0	1	0	0	0	0	0	0	1	1	0	0	0
ERR4037465	SAMEA5624178	0	0	1	0	0	0	0	0	1	0	0	0	0
ERR4037466	SAMEA5624179	0	0	0	0	0	0	0	0	1	0	0	0	0
ERR4037472	SAMEA5624185	1	1	0	0	0	0	0	0	0	0	0	0	0
ERR4037478	SAMEA5624191	0	0	0	0	0	0	0	0	1	0	0	0	0
ERR4037486	SAMEA5624199	0	0	0	0	0	0	0	0	0	0	0	0	0
ERR4037489	SAMEA5624203	0	1	0	0	0	0	0	0	1	1	0	0	1
ERR4037490	SAMEA5624204	0	1	0	0	0	0	0	0	0	1	0	0	0
ERR4037493	SAMEA5624207	0	1	0	0	0	0	0	0	0	0	0	0	0
ERR4037503	SAMEA5624217	0	1	0	0	0	0	0	0	0	1	0	0	0
ERR4037505	SAMEA5624219	0	0	0	0	0	0	0	0	0	0	0	0	0
ERR4037509	SAMEA5624223	0	0	0	0	0	0	0	0	0	0	0	0	0
ERR4037511	SAMEA5624225	0	0	0	0	0	0	0	0	0	0	0	0	0
ERR434260	SAMEA2204238	0	1	0	0	0	0	0	0	0	0	1	0	0
ERR434262	SAMEA2204260	0	0	0	0	0	0	0	0	0	0	0	0	0
ERR434263	SAMEA2204277	0	1	0	0	0	0	0	0	0	1	0	0	0
ERR434270	SAMEA2204427	0	0	0	0	0	0	0	0	0	0	0	0	0
ERR434276	SAMEA2204506	0	0	0	0	0	0	0	0	0	0	0	0	0
ERR434292	SAMEA2204745	0	1	0	0	0	0	0	0	0	0	0	0	0
ERR434294	SAMEA2204765	0	0	0	0	0	0	0	0	0	0	0	0	0
ERR434311	SAMEA2205131	0	0	0	0	0	0	0	0	0	0	0	0	0
ERR434317	SAMEA2205214	0	1	0	0	0	0	0	0	0	1	0	0	0
ERR434321	SAMEA2205257	0	0	0	0	0	0	0	0	0	0	0	0	0
ERR434323	SAMEA2205267	0	1	0	0	0	0	0	0	1	1	0	0	0
ERR434327	SAMEA2205285	0	1	0	0	0	0	0	0	1	1	0	0	0
ERR434348	SAMEA2205563	0	0	0	0	0	0	0	0	0	0	0	0	0
ERR434364	SAMEA2204431	0	0	0	0	0	0	0	0	0	0	0	0	0
ERR434372	SAMEA2204488	0	1	0	0	0	0	0	0	0	0	0	0	0
ERR434396	SAMEA2204936	0	1	0	0	0	0	0	0	0	1	0	1	0
ERR434400	SAMEA2205095	0	0	0	0	0	0	0	0	0	0	0	0	0
ERR434402	SAMEA2205142	0	0	0	0	0	0	0	0	1	0	0	0	0
ERR434406	SAMEA2205172	0	1	0	0	0	0	0	0	0	0	0	0	0
ERR434419	SAMEA2205311	0	1	0	0	0	0	0	0	1	0	0	0	0
ERR434429	SAMEA2205476	0	0	0	0	0	0	0	0	0	0	0	0	0
ERR434449	SAMEA2205726	0	0	0	0	0	0	0	0	0	0	0	0	0
ERR434467	SAMEA2204491	0	1	0	0	0	0	0	0	0	0	0	0	0
ERR434468	SAMEA2204504	0	0	0	0	0	0	0	0	0	0	0	0	0
ERR434472	SAMEA2204618	1	0	0	0	0	0	0	0	1	1	0	0	0
ERR434480	SAMEA2204690	0	1	0	0	0	0	0	0	0	1	0	0	0
ERR434484	SAMEA2204768	0	0	0	0	0	0	0	0	0	0	0	0	0
ERR434488	SAMEA2204878	0	0	0	0	0	0	0	0	0	0	0	0	0
ERR434491	SAMEA2204967	0	1	0	0	0	0	0	0	1	1	0	0	0
ERR434500	SAMEA2205129	0	0	0	0	0	0	0	0	0	0	0	0	0
ERR434501	SAMEA2205145	0	1	0	0	0	0	0	0	0	0	0	0	0
ERR434503	SAMEA2205191	0	1	0	0	0	0	0	1	0	0	0	0	0
ERR434507	SAMEA2205226	0	1	0	0	0	0	0	0	1	1	0	0	0
ERR434513	SAMEA2205298	0	1	0	0	0	0	0	0	0	1	0	0	0
ERR434536	SAMEA2205507	0	1	0	0	0	0	0	0	1	0	0	0	0
ERR434541	SAMEA2205713	0	1	0	0	0	0	0	0	0	0	0	0	0
ERR434542	SAMEA2205739	0	1	0	0	0	0	0	0	1	1	0	0	0
ERR434569	SAMEA2204681	0	0	0	0	0	0	0	0	0	0	0	0	0
ERR434579	SAMEA2205011	0	1	0	0	0	0	0	0	1	1	0	0	0
ERR434586	SAMEA2205150	0	1	0	0	0	0	0	0	0	0	0	0	0
ERR434591	SAMEA2205233	0	0	0	0	0	0	0	0	0	0	0	0	0
ERR434593	SAMEA2205259	0	0	0	0	0	0	0	0	0	0	0	0	0
ERR434594	SAMEA2205272	0	0	0	0	0	0	0	0	0	0	0	0	0
ERR434598	SAMEA2205282	0	0	0	0	0	0	0	0	0	0	0	0	0
ERR434603	SAMEA2205330	0	1	0	0	0	0	0	0	0	1	0	1	0
ERR434607	SAMEA2205371	0	0	0	0	0	0	0	0	0	0	0	0	0
ERR434611	SAMEA2205388	0	0	0	0	0	0	0	0	1	0	0	0	0
ERR434612	SAMEA2205434	0	1	0	0	0	0	0	0	1	1	0	0	0
ERR434613	SAMEA2205437	0	0	0	0	0	0	0	0	0	0	0	0	0
ERR434619	SAMEA2205496	0	0	0	0	0	0	0	0	0	0	0	0	0
ERR434626	SAMEA2205565	0	1	0	0	0	0	0	0	0	1	0	0	0
ERR434637	SAMEA2205702	0	1	0	0	0	0	0	0	0	1	0	0	0
ERR434646	SAMEA2204254	0	0	0	0	0	0	0	0	0	0	0	0	0
ERR434650	SAMEA2204321	0	1	0	0	0	0	0	0	0	1	0	0	0
ERR434662	SAMEA2204516	0	0	0	0	0	0	0	0	0	0	0	0	0
ERR434675	SAMEA2204726	0	1	0	0	0	0	0	0	0	0	0	0	0
ERR434685	SAMEA2204896	0	0	0	0	0	0	0	0	0	0	0	0	0
ERR434702	SAMEA2205127	0	1	0	0	0	0	0	0	0	0	0	0	0
ERR434703	SAMEA2205136	1	1	0	0	0	0	0	1	1	0	0	0	0
ERR434704	SAMEA2205167	0	0	0	0	0	0	0	0	0	0	0	0	0
ERR434709	SAMEA2205303	1	0	0	0	0	0	0	0	1	1	0	0	0
ERR434713	SAMEA2205363	0	1	0	0	0	0	0	0	0	1	0	0	0
ERR434715	SAMEA2205375	0	0	0	0	0	0	0	0	0	0	0	0	0
ERR434735	SAMEA2205616	0	1	0	0	0	0	0	0	1	1	0	0	0
ERR434741	SAMEA2204235	0	1	0	0	0	0	0	0	1	1	0	0	0
ERR434754	SAMEA2204301	0	0	1	0	0	0	0	0	1	0	0	0	0
ERR434765	SAMEA2204340	0	0	0	0	0	0	0	0	0	0	0	0	0
ERR434766	SAMEA2204344	1	0	0	0	0	0	0	1	1	0	0	0	0
ERR434771	SAMEA2204367	0	1	0	0	0	0	0	0	0	0	0	0	0
ERR434773	SAMEA2204374	0	0	0	0	0	0	0	0	0	0	0	0	0
ERR434791	SAMEA2204582	0	0	0	0	0	0	0	0	0	0	0	0	0
ERR434792	SAMEA2204585	0	0	0	0	0	0	0	0	0	0	0	0	0
ERR434799	SAMEA2204714	0	1	0	0	0	0	0	0	1	1	0	0	0
ERR434807	SAMEA2204917	0	0	0	0	0	0	0	0	0	0	0	0	0
ERR434820	SAMEA2204983	0	1	0	0	0	0	0	0	0	0	0	0	0
ERR434822	SAMEA2205028	0	1	0	0	0	0	0	0	0	1	0	0	0
ERR434825	SAMEA2205055	1	1	0	0	0	0	0	1	1	0	1	0	0
ERR434832	SAMEA2205461	0	1	0	0	0	0	0	0	0	1	0	0	0
ERR434833	SAMEA2205485	0	0	0	0	0	0	0	0	0	0	0	0	0
ERR434836	SAMEA2204239	0	0	0	0	0	0	0	0	0	0	0	0	0
ERR434838	SAMEA2204245	0	0	0	0	0	0	0	0	0	0	0	0	0
ERR434848	SAMEA2204296	0	0	0	0	0	0	0	0	1	0	1	0	0
ERR434851	SAMEA2204309	0	1	0	0	0	0	0	0	1	1	0	0	0
ERR434852	SAMEA2204314	0	0	0	0	0	0	0	0	0	0	0	0	0
ERR434856	SAMEA2204346	0	1	0	0	0	0	0	0	0	0	0	0	0
ERR434859	SAMEA2204375	0	0	0	0	0	0	0	0	0	0	0	0	0
ERR434865	SAMEA2204403	0	0	0	0	0	0	0	0	0	0	0	0	0
ERR434867	SAMEA2204410	0	0	0	0	0	0	0	0	0	0	0	0	0
ERR434869	SAMEA2204513	0	0	0	0	0	0	0	0	1	0	0	0	0
ERR434885	SAMEA2204583	0	1	0	0	0	0	0	0	0	0	0	0	0
ERR434897	SAMEA2204779	0	1	0	0	0	0	0	0	0	0	0	0	0
ERR434901	SAMEA2204940	0	0	0	0	0	0	0	0	0	0	0	0	0
ERR434906	SAMEA2204968	0	1	0	0	0	0	0	0	0	0	0	0	0
ERR434909	SAMEA2204991	0	1	0	0	0	0	0	0	0	0	0	0	0
ERR434936	SAMEA2204286	0	1	0	0	0	0	0	0	1	1	0	0	0
ERR434946	SAMEA2204354	0	1	1	0	0	0	0	0	1	0	0	0	0
ERR434952	SAMEA2204398	0	0	0	0	0	0	0	0	1	0	0	0	0
ERR434972	SAMEA2204700	0	1	0	0	0	0	0	0	0	0	0	0	0
ERR434981	SAMEA2204780	0	1	0	0	0	0	0	0	0	0	0	0	0
ERR434985	SAMEA2204912	0	0	0	0	0	0	0	0	0	0	0	0	0
ERR434990	SAMEA2204958	0	0	0	0	0	0	0	0	0	0	0	0	0
ERR434992	SAMEA2204974	0	0	0	0	0	0	0	0	0	0	0	0	0
ERR434997	SAMEA2205151	0	1	0	0	0	0	0	0	1	1	0	0	0
ERR435008	SAMEA2205481	1	0	0	0	0	0	0	1	1	0	0	0	0
ERR435012	SAMEA2205513	0	0	0	0	0	0	0	0	0	0	0	0	0
ERR435041	SAMEA2204384	0	1	0	0	0	0	0	0	1	1	0	0	0
ERR435042	SAMEA2204386	0	1	0	0	0	0	0	0	1	1	0	0	0
ERR435053	SAMEA2204541	0	1	0	0	0	0	0	0	1	0	0	0	0
ERR435060	SAMEA2204698	0	1	0	0	0	0	0	0	1	1	0	0	0
ERR435064	SAMEA2204894	0	0	0	0	0	0	0	0	0	0	0	0	0
ERR435067	SAMEA2204930	0	1	0	0	0	0	0	0	1	0	0	0	0
ERR435079	SAMEA2204987	0	0	1	0	0	0	0	0	1	0	0	0	0
ERR435084	SAMEA2205004	0	1	0	0	0	0	0	0	1	1	0	0	0
ERR435089	SAMEA2205021	0	0	0	0	0	0	0	0	1	0	0	0	0
ERR435097	SAMEA2205415	0	1	0	0	0	0	0	0	0	1	0	0	0
ERR435102	SAMEA2204428	0	0	0	0	0	0	0	0	1	0	0	0	0
ERR435113	SAMEA2204608	0	0	0	0	0	0	0	0	0	0	0	0	0
ERR435121	SAMEA2204752	0	1	0	0	0	0	0	0	1	1	0	0	0
ERR435123	SAMEA2204775	0	0	0	0	0	0	0	0	0	0	0	0	0
ERR435132	SAMEA2205081	0	1	0	0	0	0	0	0	0	1	0	0	0
ERR435133	SAMEA2205084	0	1	0	0	0	0	0	1	1	0	0	0	0
ERR435139	SAMEA2205137	0	0	0	0	0	0	0	1	0	0	0	0	0
ERR435144	SAMEA2205165	0	0	0	0	0	0	0	0	0	0	0	0	0
ERR435172	SAMEA2205474	0	1	0	0	0	0	0	0	1	1	0	0	0
ERR435173	SAMEA2205497	0	1	0	0	0	0	0	0	0	0	0	0	0
ERR435190	SAMEA2205693	0	1	0	0	0	0	0	0	1	1	0	0	0
ERR435191	SAMEA2205695	1	1	0	0	0	0	0	0	1	1	0	0	0
ERR435202	SAMEA2204600	0	0	0	0	0	0	0	0	0	0	0	0	0
ERR435203	SAMEA2204605	0	0	0	0	0	0	0	0	0	0	0	0	0
ERR435218	SAMEA2204813	0	1	0	0	0	0	0	0	0	0	0	0	0
ERR435225	SAMEA2204953	0	0	0	0	0	0	0	0	0	0	0	0	0
ERR435230	SAMEA2205102	0	0	0	0	0	0	0	0	0	0	0	0	0
ERR435236	SAMEA2205194	0	0	0	0	0	0	0	0	0	0	0	0	0
ERR435238	SAMEA2205204	0	1	0	0	0	0	0	0	0	1	0	0	0
ERR435240	SAMEA2205240	0	0	0	0	0	0	0	0	0	0	0	0	0
ERR435252	SAMEA2205342	0	0	0	0	0	0	0	0	0	0	0	0	0
ERR435262	SAMEA2205459	0	1	0	0	0	0	0	0	0	1	0	1	0
ERR435263	SAMEA2205475	1	0	0	0	0	0	0	1	1	0	0	0	0
ERR435267	SAMEA2205504	0	1	0	0	0	0	0	0	0	1	0	0	0
ERR435269	SAMEA2205529	0	0	0	0	0	0	0	0	0	0	0	0	0
ERR435274	SAMEA2205614	0	1	0	0	0	0	0	0	0	1	0	0	0
ERR435279	SAMEA2205681	0	1	0	0	0	0	0	0	0	1	0	0	0
ERR435294	SAMEA2204433	0	0	0	0	0	0	0	0	0	0	0	0	0
ERR435296	SAMEA2204444	0	0	0	0	0	0	0	0	0	0	0	0	0
ERR435298	SAMEA2204492	0	1	0	0	0	0	0	0	1	1	0	0	0
ERR435310	SAMEA2204652	0	0	0	0	0	0	0	0	0	0	0	0	0
ERR435312	SAMEA2204672	0	0	0	0	0	0	0	0	0	0	0	0	0
ERR435316	SAMEA2204792	0	1	0	0	0	0	0	0	0	1	0	0	0
ERR435318	SAMEA2204824	0	1	0	0	0	0	0	0	0	1	0	0	0
ERR435319	SAMEA2204832	0	1	0	0	0	0	0	0	0	0	0	0	0
ERR435325	SAMEA2204863	0	0	1	0	0	0	0	0	1	0	0	0	0
ERR435330	SAMEA2205063	0	0	0	0	0	0	0	0	0	0	0	0	0
ERR435332	SAMEA2205082	0	0	0	0	0	0	0	0	0	0	0	0	0
ERR435339	SAMEA2205132	0	1	0	0	0	0	0	0	0	1	0	0	0
ERR435342	SAMEA2205221	0	1	0	0	0	0	0	0	1	1	0	0	0
ERR435348	SAMEA2205265	0	0	0	0	0	0	0	0	0	0	0	0	0
ERR435358	SAMEA2205357	0	1	0	0	0	0	0	0	0	0	0	0	0
ERR435361	SAMEA2205408	0	1	0	0	0	0	0	0	1	1	0	0	0
ERR435370	SAMEA2205582	0	1	0	0	0	0	0	0	0	1	0	0	0
ERR435372	SAMEA2205601	0	1	0	0	0	0	0	0	1	1	0	0	0
ERR435400	SAMEA2204634	0	1	0	0	0	0	0	0	0	0	0	0	0
ERR435413	SAMEA2204840	0	1	0	0	0	0	0	0	1	0	0	0	0
ERR435416	SAMEA2205083	0	0	0	0	0	0	0	0	1	1	0	0	0
ERR435430	SAMEA2205235	0	1	0	0	0	0	0	0	1	1	0	0	0
ERR435438	SAMEA2205308	0	0	1	0	0	0	0	0	1	0	0	0	0
ERR435445	SAMEA2205373	0	1	0	0	0	0	0	0	0	0	0	0	0
ERR435454	SAMEA2205448	0	0	0	0	0	0	0	0	0	0	0	0	0
ERR435458	SAMEA2205490	0	0	0	0	0	0	0	0	0	0	0	0	0
ERR435467	SAMEA2205596	0	0	0	0	0	0	0	0	0	0	0	0	0
ERR435468	SAMEA2205609	0	0	0	0	0	0	0	0	1	0	0	0	0
ERR435483	SAMEA2205754	0	0	0	0	0	0	0	0	0	0	0	0	0
ERR435498	SAMEA2204720	0	1	0	0	0	0	0	0	1	1	0	0	0
ERR435509	SAMEA2204821	0	1	0	0	0	0	0	0	1	1	0	0	0
ERR435518	SAMEA2204880	0	1	0	0	0	0	0	0	1	0	0	0	0
ERR435529	SAMEA2205070	0	0	0	0	0	0	0	0	0	0	0	0	0
ERR435535	SAMEA2205148	0	0	0	0	0	0	0	0	0	0	0	0	0
ERR435549	SAMEA2205263	0	1	0	0	0	0	0	0	0	0	0	0	0
ERR435563	SAMEA2205642	0	0	0	0	0	0	0	0	0	0	0	0	0
ERR435564	SAMEA2205648	0	1	0	0	0	0	0	0	0	0	0	0	0
ERR435568	SAMEA2205658	0	0	0	0	0	0	0	0	0	0	0	0	0
ERR435572	SAMEA2205720	0	1	0	0	0	0	0	0	1	0	0	0	0
ERR439558	SAMEA2204845	0	1	0	0	0	0	0	0	0	0	0	0	0
ERR439564	SAMEA2204875	0	1	0	0	0	0	0	0	1	0	0	0	0
ERR439574	SAMEA2205096	0	0	0	0	0	0	0	0	0	0	0	0	0
ERR439578	SAMEA2205133	0	1	0	0	0	0	0	0	1	0	0	0	0
ERR439579	SAMEA2205134	0	0	0	0	0	0	0	0	0	0	0	0	0
ERR439590	SAMEA2205234	0	0	0	0	0	0	0	0	0	0	0	0	0
ERR439594	SAMEA2205289	0	0	0	0	0	0	0	0	0	0	0	0	0
ERR439596	SAMEA2205416	0	0	0	0	0	0	0	0	0	0	0	0	0
ERR439607	SAMEA2205640	0	1	0	0	0	0	0	0	0	0	0	0	0
ERR439611	SAMEA2205662	0	0	0	0	0	0	0	0	0	0	0	0	0
ERR439616	SAMEA2205673	0	0	0	0	0	0	0	0	0	0	0	0	0
ERR439621	SAMEA2205706	0	0	0	0	0	0	0	0	1	1	0	1	0
ERR439624	SAMEA2205718	0	1	0	0	0	0	0	0	0	0	0	0	0
ERR439633	SAMEA2204343	0	1	0	0	0	0	0	0	0	0	0	0	0
ERR439641	SAMEA2204751	0	0	0	0	0	0	0	1	1	0	0	0	0
ERR439644	SAMEA2204808	0	0	0	0	0	0	0	0	0	0	0	0	0
ERR439645	SAMEA2204846	0	1	0	0	0	0	0	0	1	1	0	0	0
ERR439652	SAMEA2205306	0	1	0	0	0	0	0	0	1	0	0	0	0
ERR439664	SAMEA2205668	0	0	0	0	0	0	0	0	0	0	0	0	0
ERR439680	SAMEA2204345	0	0	0	0	0	0	0	0	0	0	0	0	0
ERR439687	SAMEA2204530	0	1	0	0	0	0	0	0	1	1	0	0	0
ERR439699	SAMEA2204594	0	1	0	0	0	0	0	0	0	1	0	0	0
ERR439706	SAMEA2204781	0	0	0	0	0	0	0	0	0	0	0	0	0
ERR439708	SAMEA2204899	0	0	0	0	0	0	0	0	0	0	0	0	0
ERR439719	SAMEA2205000	0	1	0	0	0	0	0	0	0	1	0	0	0
ERR7221499	SAMEA10468740	0	1	0	0	0	1	0	0	1	0	0	0	1
ERR7221501	SAMEA10468742	1	1	0	0	0	1	0	0	0	1	0	0	0
ERR7221509	SAMEA10468750	0	1	0	0	0	1	0	0	0	0	0	0	0
ERR7221524	SAMEA10468766	1	0	0	0	0	1	0	0	1	1	0	0	0
ERR7221539	SAMEA10468780	0	1	0	0	0	1	0	0	1	1	0	0	0
ERR7221540	SAMEA10468781	0	1	0	0	0	1	0	0	0	1	0	1	0
ERR7221544	SAMEA10468786	0	1	0	0	0	1	0	0	0	0	0	0	0
ERR7221569	SAMEA10468811	1	1	0	0	1	0	0	1	1	0	1	0	0
ERR7221589	SAMEA10468829	0	1	0	0	0	1	0	0	0	1	0	0	0
ERR7221593	SAMEA10468831	0	1	0	0	0	1	0	0	1	1	0	0	0
ERR7221595	SAMEA10468835	0	0	0	0	0	0	0	0	0	0	0	0	0
ERR9954988	SAMEA110363136	0	0	0	0	0	0	0	0	0	0	0	0	0
ERR9954990	SAMEA110363175	0	0	0	0	0	0	0	0	0	0	0	0	0
ERR9955005	SAMEA110362943	0	0	0	0	0	0	0	0	0	0	0	0	0
ERR9955025	SAMEA110362962	0	0	0	0	0	0	0	0	0	0	0	0	0
ERR9955042	SAMEA110363105	0	0	0	0	0	0	0	0	0	0	0	0	0
ERR9955043	SAMEA110362953	0	0	0	0	0	0	0	0	0	0	0	0	0
ERR9955085	SAMEA110363140	0	0	0	0	0	0	0	0	0	0	0	0	0
ERR9955110	SAMEA110363061	0	0	0	0	0	0	0	0	0	0	0	0	0
ERR9955132	SAMEA110363093	0	0	0	0	0	0	0	0	0	0	0	0	0
ERR9955142	SAMEA110363126	0	0	0	0	0	0	0	0	0	0	0	0	0
ERR9955155	SAMEA110363065	0	0	0	0	0	0	0	0	0	0	0	0	0
ERR9955159	SAMEA110363086	0	0	0	0	0	0	0	0	0	0	0	0	0
ERR9955168	SAMEA110362930	0	0	0	0	0	0	0	0	0	0	0	0	0
ERR9955187	SAMEA110363070	0	0	0	0	0	0	0	0	0	0	0	0	0
ERR9955190	SAMEA110362969	0	0	0	0	0	0	0	0	0	0	0	0	0
ERR9955208	SAMEA110363053	1	1	0	0	0	0	0	0	1	1	1	0	0
ERR9955210	SAMEA110362960	0	0	0	0	0	0	0	0	0	0	0	0	0
SRR10003642	SAMN12609940	0	1	0	0	0	0	0	0	0	0	0	0	0
SRR10026531	SAMN12644604	0	0	0	0	0	0	0	0	0	0	0	0	0
SRR10030028	SAMN12684081	0	1	0	0	0	0	0	0	1	0	0	0	0
SRR10030174	SAMN12684085	0	0	0	0	0	0	0	0	0	0	0	0	0
SRR10075452	SAMN12702868	0	0	0	0	0	0	0	0	0	1	0	0	0
SRR10095184	SAMN12723019	0	1	0	0	0	0	0	0	0	0	0	0	0
SRR10116198	SAMN12745439	0	0	0	0	0	0	0	0	1	1	0	0	0
SRR10139655	SAMN12783873	0	0	0	0	0	0	0	0	0	0	0	0	0
SRR10140579	SAMN12784304	0	0	0	0	0	0	0	0	0	0	0	0	0
SRR10156351	SAMN12802231	0	0	0	0	0	0	0	0	0	0	0	0	0
SRR10165141	SAMN12822643	0	0	0	0	0	0	0	0	0	1	0	0	0
SRR10185956	SAMN12846495	0	0	0	0	0	0	0	0	0	0	0	0	0
SRR10186367	SAMN12846531	0	0	0	0	0	0	0	0	0	1	0	0	0
SRR10194276	SAMN12860547	0	0	0	0	0	0	0	0	0	0	0	0	0
SRR10194300	SAMN12860556	0	0	0	0	0	0	0	0	0	0	0	0	0
SRR10231127	SAMN12912148	0	0	0	0	0	0	0	0	0	0	0	0	0
SRR10231129	SAMN12912146	0	0	0	0	0	0	0	0	0	0	0	0	0
SRR10231131	SAMN12912152	0	0	0	0	0	0	0	0	0	0	0	0	0
SRR10240837	SAMN12987056	0	0	1	0	0	0	0	0	1	0	0	0	0
SRR10247462	SAMN12995280	0	0	0	0	0	0	0	0	0	0	0	0	0
SRR10257901	SAMN13012291	0	0	0	0	0	0	0	0	0	0	0	0	0
SRR10257909	SAMN13012323	0	1	0	0	0	0	0	0	0	1	1	0	0
SRR10267809	SAMN13019836	0	0	0	0	0	0	0	0	0	0	0	0	0
SRR10267814	SAMN13019818	0	1	0	0	0	0	0	0	0	0	0	0	0
SRR10267815	SAMN13019838	0	0	0	0	0	0	0	0	1	0	0	0	0
SRR10271460	SAMN13024355	0	1	0	0	0	0	0	0	0	1	0	1	0
SRR10271461	SAMN13024356	0	0	0	0	0	0	0	0	0	0	0	0	0
SRR10271466	SAMN13023842	0	0	0	0	0	0	0	0	0	0	0	0	0
SRR10271497	SAMN13023754	0	0	0	0	0	0	0	0	0	0	0	0	0
SRR10271500	SAMN13023757	0	0	0	0	0	0	0	0	0	0	0	0	0
SRR10271506	SAMN13023763	1	0	0	0	0	0	0	0	0	1	0	0	0
SRR10271520	SAMN13023777	0	0	0	0	0	0	0	0	0	0	0	0	0
SRR10271534	SAMN13023791	0	0	0	0	0	0	0	0	0	0	0	0	0
SRR10271538	SAMN13023795	1	0	0	0	0	0	0	0	0	1	0	0	0
SRR10271539	SAMN13023796	0	1	0	0	0	0	0	0	0	0	0	0	0
SRR10271547	SAMN13023804	0	0	0	0	0	0	0	0	0	0	0	0	0
SRR10271548	SAMN13023805	0	1	0	0	0	0	0	0	0	0	0	0	0
SRR10271553	SAMN13023810	0	1	0	0	0	0	0	0	1	1	1	0	0
SRR10271559	SAMN13024376	0	0	0	0	0	0	0	0	0	0	0	0	0
SRR10271563	SAMN13024380	0	0	0	0	0	0	0	0	0	0	0	0	0
SRR10271578	SAMN13024395	0	1	0	0	0	0	0	0	0	0	0	0	0
SRR10271590	SAMN13024603	0	0	0	0	0	0	0	0	0	0	0	0	0
SRR10271594	SAMN13024607	0	1	0	0	0	0	0	0	1	0	0	0	0
SRR10271601	SAMN13024614	0	1	0	0	0	0	0	0	1	0	0	0	0
SRR10271602	SAMN13024615	0	0	0	0	0	0	0	1	1	0	0	0	0
SRR10271610	SAMN13024623	0	1	0	0	0	0	0	0	0	1	0	0	0
SRR10271612	SAMN13024625	0	0	0	0	0	0	0	0	0	0	0	0	0
SRR10271613	SAMN13024626	0	0	0	0	0	0	0	0	0	0	0	0	0
SRR10271636	SAMN13023977	0	0	0	0	0	0	0	0	0	0	0	0	0
SRR10271637	SAMN13023978	0	0	1	0	0	0	0	0	1	0	0	0	0
SRR10271642	SAMN13024403	0	1	0	0	0	0	0	0	0	0	0	0	0
SRR10271653	SAMN13024414	0	1	0	0	0	0	0	0	0	0	0	0	0
SRR10271657	SAMN13024418	0	1	0	0	0	0	0	0	0	1	0	0	0
SRR10271661	SAMN13024422	0	0	0	0	0	0	0	0	0	0	0	0	0
SRR10271666	SAMN13024427	0	1	0	0	0	0	0	0	0	1	0	0	0
SRR10271671	SAMN13024432	0	1	0	0	0	0	0	0	0	0	0	0	0
SRR10271681	SAMN13024442	0	0	0	0	0	0	0	0	1	0	0	0	0
SRR10271686	SAMN13024447	0	0	0	0	0	0	0	0	0	0	0	0	0
SRR10271687	SAMN13024448	0	0	0	0	0	0	0	0	0	0	0	0	0
SRR10271692	SAMN13024453	0	1	0	0	0	0	0	0	0	1	0	1	0
SRR10271693	SAMN13024454	0	0	0	0	0	0	0	0	0	0	0	0	0
SRR10271721	SAMN13024479	0	0	0	0	0	0	0	0	0	0	0	0	0
SRR10271727	SAMN13024485	0	1	0	0	0	0	0	0	0	0	0	0	0
SRR10271735	SAMN13023821	0	0	0	0	0	0	0	0	0	1	0	0	0
SRR10271748	SAMN13023834	0	1	0	0	0	0	0	0	0	0	0	0	0
SRR10271763	SAMN13024539	1	0	0	0	0	0	0	1	1	0	0	0	0
SRR10271765	SAMN13024541	0	1	0	0	0	0	0	0	1	1	0	0	0
SRR10271784	SAMN13024168	0	0	0	0	0	0	0	0	0	0	0	0	0
SRR10271802	SAMN13024186	0	0	0	0	0	0	0	0	0	0	0	0	0
SRR10271803	SAMN13024187	0	1	0	0	0	0	0	0	0	0	0	0	0
SRR10271805	SAMN13024189	0	1	0	0	0	0	0	0	0	1	0	0	0
SRR10271812	SAMN13024196	0	0	0	0	0	0	0	0	0	0	0	0	0
SRR10271814	SAMN13024198	0	0	0	0	0	0	0	0	1	1	0	0	0
SRR10271819	SAMN13024203	0	1	0	0	0	0	0	0	1	1	0	0	0
SRR10271823	SAMN13024207	0	0	0	0	0	0	0	0	0	0	0	0	0
SRR10271830	SAMN13024214	0	0	0	0	0	0	0	0	0	0	0	0	0
SRR10271838	SAMN13024222	0	0	0	0	0	0	0	0	0	0	0	0	0
SRR10271847	SAMN13024231	1	0	0	0	0	0	0	0	1	0	0	0	0
SRR10271853	SAMN13024237	0	1	0	0	0	0	0	0	0	1	0	0	0
SRR10271854	SAMN13024238	0	1	0	0	0	0	0	0	0	0	0	0	0
SRR10271866	SAMN13024250	0	0	0	0	0	0	0	0	0	0	0	0	0
SRR10271870	SAMN13024254	0	0	0	0	0	0	0	0	0	0	0	0	0
SRR10271879	SAMN13024263	0	1	0	0	0	0	0	0	1	1	0	0	0
SRR10271893	SAMN13024277	0	1	0	0	0	0	0	0	0	1	0	0	0
SRR10271894	SAMN13024278	0	0	0	0	0	0	0	0	0	0	0	0	0
SRR10271900	SAMN13024284	0	1	0	0	0	0	0	0	0	1	0	0	0
SRR10271902	SAMN13024286	0	0	0	0	0	0	0	0	0	0	0	0	0
SRR10271903	SAMN13024287	0	0	0	0	0	0	0	0	0	0	0	0	0
SRR10271928	SAMN13024312	0	1	0	0	0	0	0	0	1	1	0	0	0
SRR10271929	SAMN13024313	1	1	0	0	0	0	0	0	1	1	0	0	0
SRR10271931	SAMN13024315	0	1	0	0	0	0	0	0	0	0	0	0	0
SRR10271936	SAMN13024628	0	0	0	0	0	0	0	0	0	0	0	0	0
SRR10271937	SAMN13024629	0	0	0	0	0	0	0	0	1	0	0	0	0
SRR10271944	SAMN13024636	0	1	0	0	0	0	0	0	0	0	0	0	0
SRR10271946	SAMN13024638	0	0	0	0	0	0	0	0	0	0	0	0	0
SRR10271958	SAMN13024650	0	1	0	0	0	0	0	0	0	0	0	0	0
SRR10271964	SAMN13024320	0	1	0	0	0	0	0	0	1	0	0	0	0
SRR10271969	SAMN13024325	0	1	0	0	0	0	0	0	0	1	0	0	0
SRR10271973	SAMN13024329	0	1	0	0	0	0	0	0	0	1	0	0	0
SRR10271979	SAMN13024335	0	0	0	0	0	0	0	0	0	0	0	0	0
SRR10272005	SAMN13024669	0	1	0	0	0	0	0	0	0	1	0	1	0
SRR10272010	SAMN13024674	0	0	0	0	0	0	0	0	0	0	0	0	0
SRR10272024	SAMN13024688	0	0	0	0	0	0	0	0	0	1	0	0	0
SRR10272025	SAMN13024689	0	0	0	0	0	0	0	0	0	0	0	0	0
SRR10272030	SAMN13024694	1	0	0	0	0	0	0	1	1	1	0	0	0
SRR10272035	SAMN13024699	0	0	0	0	0	0	0	0	0	0	0	0	0
SRR10272038	SAMN13024702	0	0	0	0	0	0	0	0	0	0	0	0	0
SRR10272040	SAMN13024704	0	1	0	0	0	0	0	0	1	1	0	0	0
SRR10272042	SAMN13024706	0	1	0	0	0	0	0	0	1	0	0	0	0
SRR10272070	SAMN13023886	0	0	0	0	0	0	0	0	0	0	0	0	0
SRR10272091	SAMN13023851	0	0	0	0	0	0	0	0	0	0	0	0	0
SRR10272097	SAMN13023857	1	1	0	0	0	0	0	0	1	1	0	0	0
SRR10272107	SAMN13023867	0	0	0	0	0	0	0	0	0	0	0	0	0
SRR10272115	SAMN13023987	0	0	0	0	0	0	0	0	0	0	0	0	0
SRR10272124	SAMN13023996	0	0	0	0	0	0	0	0	0	0	0	0	0
SRR10272175	SAMN13024019	0	0	0	0	0	0	0	0	0	0	0	0	0
SRR10272181	SAMN13024025	0	1	0	0	0	0	0	0	0	0	0	0	0
SRR10272183	SAMN13024027	0	1	0	0	0	0	0	0	0	1	0	0	0
SRR10272184	SAMN13024028	0	0	0	0	0	0	0	0	0	0	0	0	0
SRR10272194	SAMN13024038	0	0	0	0	0	0	0	0	0	0	0	0	0
SRR10272214	SAMN13024058	0	1	0	0	0	0	0	0	0	0	0	0	0
SRR10272220	SAMN13024064	0	0	0	0	0	0	0	0	0	1	0	0	0
SRR10272221	SAMN13024065	0	0	0	0	0	0	0	0	0	0	0	0	0
SRR10272226	SAMN13024070	0	0	0	0	0	0	0	0	0	0	0	0	0
SRR10272228	SAMN13024072	0	0	0	0	0	0	0	0	0	0	0	0	0
SRR10272229	SAMN13024073	0	0	0	0	0	0	0	0	0	0	0	0	0
SRR10272234	SAMN13024078	0	1	0	0	0	0	0	0	0	0	0	0	0
SRR10272237	SAMN13024081	1	1	0	0	0	0	0	1	0	1	0	1	0
SRR10272238	SAMN13024082	0	0	0	0	0	0	0	0	0	0	0	0	0
SRR10272239	SAMN13024083	0	0	0	0	0	0	0	0	0	0	0	0	0
SRR10272243	SAMN13024087	0	1	0	0	0	0	0	0	0	0	0	0	0
SRR10272265	SAMN13024109	0	0	1	0	0	0	0	0	1	0	0	0	0
SRR10272273	SAMN13024117	0	0	0	0	0	0	0	0	0	0	0	0	0
SRR10272277	SAMN13024121	0	1	0	0	0	0	0	0	1	1	0	0	0
SRR10272291	SAMN13024583	0	1	0	0	0	0	0	0	1	1	0	0	0
SRR10272295	SAMN13024587	0	0	0	0	0	0	0	0	0	0	0	0	0
SRR10272305	SAMN13024597	1	1	0	0	0	0	0	1	1	0	0	0	0
SRR10272307	SAMN13024123	0	1	0	0	0	0	0	0	0	1	0	0	0
SRR10272310	SAMN13024126	0	1	0	0	0	0	0	0	0	0	0	0	0
SRR10272319	SAMN13024135	0	1	0	0	0	0	0	0	0	1	0	0	0
SRR10272329	SAMN13024145	0	1	0	0	0	0	0	0	0	1	0	0	0
SRR10272337	SAMN13024517	0	1	0	0	0	0	0	0	1	1	0	0	0
SRR10272338	SAMN13024518	0	1	0	0	0	0	0	0	0	0	0	0	0
SRR10272350	SAMN13024530	1	1	0	0	0	0	0	1	1	1	0	0	0
SRR10272367	SAMN13023915	0	0	0	0	0	0	0	0	0	0	0	0	0
SRR10272370	SAMN13023918	0	0	0	0	0	0	0	0	0	0	0	0	0
SRR10272373	SAMN13023921	0	0	0	0	0	0	0	0	0	1	0	0	0
SRR10272374	SAMN13023922	0	0	0	0	0	0	0	0	0	0	0	0	0
SRR10272386	SAMN13023934	0	1	0	0	0	0	0	0	0	0	0	0	0
SRR10272404	SAMN13023952	0	1	0	0	0	0	0	0	1	0	0	0	0
SRR10272406	SAMN13023954	0	0	0	0	0	0	0	0	0	0	0	0	0
SRR10272423	SAMN13024503	0	1	0	0	0	0	0	0	0	0	0	0	0
SRR10272427	SAMN13024507	0	0	0	0	0	0	0	0	0	0	0	0	0
SRR10298232	SAMN13047762	0	0	0	0	0	0	0	0	0	0	0	0	0
SRR10302130	SAMN13050478	0	0	0	0	0	0	0	0	0	0	0	0	0
SRR10302653	SAMN13051357	0	0	0	0	0	0	0	0	0	0	0	0	0
SRR10302655	SAMN13051405	0	0	0	0	0	0	0	0	0	0	0	0	0
SRR10322599	SAMN13086537	0	0	0	0	0	0	0	0	0	0	0	0	0
SRR10325493	SAMN13087300	0	0	0	0	0	0	0	0	0	0	0	0	0
SRR10326101	SAMN13087582	0	0	0	0	0	0	0	0	0	0	0	0	0
SRR10326104	SAMN13087581	0	0	0	0	0	0	0	0	0	0	0	0	0
SRR10335782	SAMN13091974	0	0	0	0	0	0	0	0	0	0	0	0	0
SRR10340860	SAMN13108288	0	1	0	0	0	0	0	0	1	1	0	0	0
SRR10340898	SAMN13108300	0	0	0	0	0	0	0	0	1	0	0	0	0
SRR10357363	SAMN13149731	0	0	0	0	0	0	0	0	0	0	0	0	0
SRR10366808	SAMN13160034	0	0	0	0	0	0	0	0	0	0	0	0	0
SRR10375102	SAMN13162517	0	0	0	0	0	0	0	0	0	0	0	0	0
SRR10380841	SAMN13172700	0	0	0	0	0	0	0	0	1	1	0	0	0
SRR10380978	SAMN13173359	0	0	0	0	0	0	0	0	0	0	0	0	0
SRR10383456	SAMN13176257	0	0	0	0	0	0	0	0	0	0	0	0	0
SRR10383459	SAMN13176254	0	0	0	0	0	0	0	0	0	0	0	0	0
SRR10384537	SAMN13178622	0	0	0	0	0	0	0	0	0	1	0	0	0
SRR10384915	SAMN13178717	0	0	0	0	0	0	0	0	0	0	0	0	0
SRR10393517	SAMN13192664	0	0	0	0	0	0	0	0	0	0	0	0	0
SRR10418241	SAMN13242727	0	0	0	0	0	0	0	0	0	0	0	0	0
SRR10418273	SAMN13242763	0	0	0	0	0	0	0	0	0	0	0	0	0
SRR10436923	SAMN13279661	0	0	0	0	0	0	0	0	0	0	0	0	0
SRR10436932	SAMN13279648	0	1	0	0	0	0	0	0	0	0	0	0	0
SRR10437476	SAMN13279655	0	0	0	0	0	0	0	0	0	0	0	0	0
SRR10437497	SAMN13279676	0	0	0	0	0	0	0	0	0	1	0	0	0
SRR10437986	SAMN13279830	0	0	0	0	0	0	0	0	0	0	0	0	0
SRR10437989	SAMN13279832	0	1	0	0	0	0	0	0	1	0	0	0	0
SRR10438059	SAMN13279861	0	0	0	0	0	0	0	0	0	1	0	0	0
SRR10438062	SAMN13279865	0	0	0	0	0	0	0	0	0	1	0	1	0
SRR10438068	SAMN13279881	0	0	0	0	0	0	1	0	0	0	0	0	0
SRR10438070	SAMN13279903	0	0	0	0	0	0	0	0	0	0	0	0	0
SRR10438614	SAMN13280850	0	0	0	0	0	0	0	0	0	0	0	0	0
SRR10441994	SAMN13283334	0	0	0	0	0	0	0	0	0	0	0	0	0
SRR10442143	SAMN13283493	0	0	0	0	0	0	0	0	0	0	0	0	0
SRR10482417	SAMN13320524	0	0	0	0	0	0	0	0	0	1	0	0	0
SRR10501688	SAMN13339197	0	0	0	0	0	0	0	0	0	1	0	0	0
SRR10502041	SAMN13340359	0	0	0	0	0	0	0	0	0	0	0	0	0
SRR10502087	SAMN13340415	0	0	0	0	0	0	0	0	0	0	0	0	0
SRR10502089	SAMN13340429	0	0	0	0	0	0	0	0	0	1	0	0	0
SRR10535869	SAMN13392106	0	1	0	0	0	0	0	0	0	0	0	0	0
SRR10541238	SAMN13412145	0	0	0	0	0	0	0	0	0	0	0	0	0
SRR10541935	SAMN13413557	0	1	0	0	0	0	0	0	0	1	0	0	0
SRR10559661	SAMN13429603	0	0	0	0	0	0	0	0	0	0	0	0	0
SRR10569303	SAMN13445911	0	1	0	0	0	0	0	0	0	0	0	0	0
SRR10579906	SAMN12990705	0	0	0	0	0	0	0	0	0	0	0	0	0
SRR10579916	SAMN12990696	0	0	0	0	0	0	0	0	0	0	0	0	0
SRR10579919	SAMN12990693	0	1	0	0	0	0	0	0	1	0	0	0	0
SRR10579932	SAMN12990682	0	1	0	0	0	0	0	0	0	0	0	0	0
SRR10579944	SAMN12990667	0	1	0	0	0	0	0	0	0	0	0	0	0
SRR10579960	SAMN12990652	0	0	0	0	0	0	0	0	0	0	0	0	0
SRR10579973	SAMN12990638	0	0	0	0	0	0	0	0	0	1	0	0	0
SRR10579981	SAMN12990631	0	0	0	0	0	0	0	0	0	0	0	0	0
SRR10579986	SAMN12990609	0	0	0	0	0	0	0	0	0	0	0	0	0
SRR10580045	SAMN13474469	0	1	0	0	0	0	0	0	0	0	0	0	0
SRR10580047	SAMN13474476	0	0	0	0	0	0	0	0	0	1	0	0	0
SRR10586196	SAMN13482839	0	0	0	0	0	0	0	0	0	0	0	0	0
SRR10600462	SAMN13502871	0	0	0	0	0	0	0	0	1	1	0	0	0
SRR10687689	SAMN12943580	0	0	0	0	0	0	0	0	0	0	0	0	0
SRR10687692	SAMN12943451	0	0	0	0	0	0	0	0	0	0	0	0	0
SRR10687695	SAMN12943575	0	0	0	0	0	0	0	0	0	0	0	0	0
SRR10687696	SAMN12943574	0	1	0	0	0	0	0	0	0	1	0	0	0
SRR10687698	SAMN12943572	0	0	0	0	0	0	0	0	0	0	0	0	0
SRR10687710	SAMN12943706	0	1	0	0	0	0	0	0	0	0	0	0	0
SRR10687733	SAMN12943685	0	0	0	0	0	0	0	0	0	0	0	0	0
SRR10687762	SAMN12943515	0	0	0	0	0	0	0	0	0	0	0	0	0
SRR10687777	SAMN12943501	0	0	0	0	0	0	0	0	0	0	0	0	0
SRR10687781	SAMN12943497	0	1	0	0	0	0	0	0	0	1	0	0	0
SRR10687786	SAMN12943493	0	0	0	0	0	0	0	0	0	0	0	0	0
SRR10687801	SAMN12943674	0	0	0	0	0	0	0	0	0	1	0	0	0
SRR10687812	SAMN12943664	0	0	0	0	0	0	0	0	0	0	0	0	0
SRR10687815	SAMN12943661	0	0	0	0	0	0	0	0	0	0	0	0	0
SRR10687818	SAMN12943658	0	0	0	0	0	0	0	0	0	0	0	0	0
SRR10687820	SAMN12943657	0	0	0	0	0	0	0	0	0	0	0	0	0
SRR10687823	SAMN12943654	0	0	0	0	0	0	0	0	0	0	0	0	0
SRR10687824	SAMN12943653	0	0	0	0	0	0	0	0	0	0	0	0	0
SRR10687830	SAMN12943735	0	0	0	0	0	0	0	0	0	0	0	0	0
SRR10687838	SAMN12943466	0	0	0	0	0	0	0	0	0	0	0	0	0
SRR10687842	SAMN12943724	0	0	0	0	0	0	0	0	0	0	0	0	0
SRR10687854	SAMN12943713	0	1	0	0	0	0	0	0	0	0	0	0	0
SRR10687859	SAMN12943650	0	0	0	0	0	0	0	0	0	0	0	0	0
SRR10687861	SAMN12943648	0	1	0	0	0	0	0	0	0	0	0	0	0
SRR10687873	SAMN12943457	0	0	0	0	0	0	0	0	0	0	0	0	0
SRR10687878	SAMN12943634	0	0	0	0	0	0	0	0	0	0	0	0	0
SRR10687882	SAMN12943630	0	1	0	0	0	0	0	0	0	1	0	0	0
SRR10687888	SAMN12943625	0	0	0	0	0	0	0	0	0	0	0	0	0
SRR10687900	SAMN12943614	0	0	0	0	0	0	0	0	0	0	0	0	0
SRR10687911	SAMN12943604	0	1	0	0	0	0	0	0	0	0	0	0	0
SRR10687934	SAMN12943475	0	0	0	0	0	0	0	0	0	0	0	0	0
SRR10687940	SAMN12943469	0	0	0	0	0	0	0	0	0	0	0	0	0
SRR10687946	SAMN12943745	0	0	0	0	0	0	0	0	0	0	0	0	0
SRR10687947	SAMN12943744	0	0	0	0	0	0	0	0	0	0	0	0	0
SRR10687950	SAMN12943741	0	0	0	0	0	0	0	0	0	1	0	0	0
SRR10687959	SAMN12943560	0	0	0	0	0	0	0	0	0	0	0	0	0
SRR10687969	SAMN12943551	0	0	0	0	0	0	0	0	0	1	0	0	0
SRR10687970	SAMN12943550	0	0	0	0	0	0	0	0	1	1	0	0	0
SRR10687971	SAMN12943549	0	0	0	0	0	0	0	0	0	0	0	0	0
SRR10687972	SAMN12943548	0	0	0	0	0	0	0	0	0	0	0	0	0
SRR10687974	SAMN12943547	0	0	0	0	0	0	0	0	0	0	0	0	0
SRR10687980	SAMN12943540	0	0	0	0	0	0	0	0	0	0	0	0	0
SRR10687986	SAMN12943437	0	0	0	0	0	0	0	0	0	0	0	0	0
SRR10687987	SAMN12943593	0	0	0	0	0	0	0	0	0	0	0	0	0
SRR10687998	SAMN12943583	0	0	0	0	0	0	0	0	1	0	0	0	0
SRR10810338	SAMN13703497	0	0	0	0	0	0	0	0	0	0	0	0	0
SRR10810370	SAMN13703506	0	0	0	0	0	0	0	0	0	0	0	0	0
SRR10820755	SAMN13714350	0	0	0	0	0	0	0	0	1	1	0	0	0
SRR10822778	SAMN13718753	0	1	0	0	0	0	0	0	1	0	0	0	0
SRR10827528	SAMN13721832	0	0	0	0	0	0	0	0	0	0	0	0	0
SRR10827529	SAMN13721833	0	0	0	0	0	0	0	0	0	0	0	0	0
SRR10827533	SAMN13721840	0	0	0	0	0	0	0	0	0	1	0	0	0
SRR10877313	SAMN13836681	0	0	0	0	0	0	0	0	0	0	0	0	0
SRR10878371	SAMN13837005	1	0	0	0	0	0	0	1	1	1	0	0	0
SRR10878372	SAMN13837004	1	0	0	0	0	0	0	0	0	0	0	0	0
SRR10878374	SAMN13836985	1	0	0	0	0	0	0	0	0	1	0	0	0
SRR10885155	SAMN13852237	0	0	0	0	0	0	0	0	0	0	0	0	0
SRR10947454	SAMN13898692	0	0	0	0	0	0	0	0	0	0	0	0	0
SRR10947583	SAMN13898659	0	0	0	0	0	0	0	0	0	0	0	0	0
SRR10959112	SAMN13911721	0	0	0	0	0	0	0	0	0	0	0	0	0
SRR10969701	SAMN13927612	0	1	0	0	0	0	0	0	0	1	0	0	0
SRR10969706	SAMN13927618	0	0	0	0	0	0	0	0	0	0	0	0	0
SRR10970064	SAMN13927593	0	1	0	0	0	0	0	0	1	1	0	0	0
SRR10970067	SAMN13927585	0	0	0	0	0	0	0	0	1	1	0	1	0
SRR10970069	SAMN13927555	0	0	0	0	0	0	0	0	0	1	0	0	0
SRR10970092	SAMN13927558	0	0	0	0	0	0	0	0	0	1	0	0	0
SRR10970109	SAMN13927605	0	1	0	0	0	0	0	0	1	1	0	0	0
SRR10970114	SAMN13927606	0	1	0	0	0	0	0	0	1	1	0	0	0
SRR10970120	SAMN13927575	0	1	0	0	0	0	0	0	1	1	0	0	0
SRR10970121	SAMN13927559	0	0	0	0	0	0	0	0	0	1	0	0	0
SRR10970122	SAMN13927577	0	1	0	0	0	0	0	0	1	1	0	0	0
SRR10970125	SAMN13927574	0	1	0	0	0	0	0	0	1	1	0	0	0
SRR10970338	SAMN13927583	0	1	0	0	0	0	0	0	1	1	0	0	0
SRR10970339	SAMN13927603	0	1	0	0	0	0	0	0	1	1	0	0	0
SRR10982262	SAMN13938491	0	0	0	0	0	0	0	0	0	0	0	0	0
SRR10982264	SAMN13938484	0	0	0	0	0	0	0	0	0	0	0	0	0
SRR11029765	SAMN14008855	0	0	0	0	0	0	0	0	0	0	0	0	0
SRR11029841	SAMN14009994	0	0	0	0	0	0	0	0	0	0	0	0	0
SRR11029843	SAMN14009993	0	0	0	0	0	0	0	0	0	0	0	0	0
SRR11080863	SAMN13981353	0	0	0	0	0	0	0	0	0	0	0	0	0
SRR11080867	SAMN13981366	0	0	0	0	0	0	0	0	0	0	0	0	0
SRR11080871	SAMN13981362	0	1	0	0	0	0	0	0	0	0	0	0	0
SRR11087859	SAMN14111980	0	0	0	0	0	0	0	0	0	0	0	0	0
SRR11101139	SAMN14125505	1	1	0	0	0	0	0	0	0	1	0	0	0
SRR11101152	SAMN14125516	0	0	0	0	0	0	0	0	0	0	0	0	0
SRR11101259	SAMN14125644	0	0	0	0	0	0	0	0	0	0	0	0	0
SRR11101268	SAMN14125656	0	1	0	0	0	0	0	0	0	0	0	0	0
SRR11101283	SAMN14125678	1	1	0	0	0	0	0	1	1	0	0	0	0
SRR11263469	SAMN14331076	0	0	0	0	0	0	0	0	0	0	0	0	0
SRR11266544	SAMN14331107	0	0	0	0	0	0	0	0	0	0	0	0	0
SRR11298945	SAMN14369371	0	0	0	0	0	0	0	0	1	0	0	0	0
SRR11301515	SAMN14372313	0	0	0	0	0	0	0	0	0	0	0	0	0
SRR11319488	SAMN14384396	0	1	0	0	0	0	0	0	0	1	0	0	0
SRR11319491	SAMN14384393	0	0	0	0	0	0	0	0	0	0	0	0	0
SRR11319492	SAMN14384392	0	0	0	0	0	0	0	0	0	0	0	0	0
SRR11349398	SAMN14403491	0	0	0	0	0	0	0	0	0	0	0	0	0
SRR11420627	SAMN14448216	0	0	0	0	0	0	0	0	0	0	0	0	0
SRR11424074	SAMN14448423	0	0	0	0	0	0	0	0	0	0	0	0	0
SRR11424109	SAMN14448585	0	0	0	0	0	0	0	0	0	1	0	0	0
SRR11451411	SAMN14488140	0	0	0	0	0	0	0	0	0	0	0	0	0
SRR11487644	SAMN14544593	0	1	0	0	0	0	0	0	1	0	0	0	0
SRR11487834	SAMN14544543	0	1	0	0	0	0	0	0	0	1	0	0	0
SRR1172772	SAMN02581401	1	1	1	1	0	0	0	0	1	1	0	1	0
SRR11783246	SAMN14911220	0	0	0	0	0	0	0	0	0	0	0	0	0
SRR11783284	SAMN14911290	0	0	0	0	0	0	0	0	0	0	0	0	0
SRR11866733	SAMN15047364	0	0	0	0	0	0	0	0	0	0	0	0	0
SRR11871163	SAMN15052644	0	0	0	0	0	0	0	0	0	0	0	0	0
SRR11871164	SAMN15052643	0	0	0	0	0	0	0	0	0	0	0	0	0
SRR11871168	SAMN15052639	0	0	0	0	0	0	0	0	0	0	0	0	0
SRR11871177	SAMN15052631	0	0	0	0	0	0	0	0	0	0	0	0	0
SRR11871198	SAMN15052494	0	0	0	0	0	0	0	0	0	0	0	0	0
SRR11871201	SAMN15052572	0	1	0	0	0	0	0	0	0	0	0	0	0
SRR11871205	SAMN15052568	0	0	0	0	0	0	0	0	0	0	0	0	0
SRR11871206	SAMN15052567	0	0	0	0	0	0	0	0	0	0	0	0	0
SRR11871221	SAMN15052554	0	0	0	0	0	0	0	0	0	0	0	0	0
SRR11871226	SAMN15052549	0	0	0	0	0	0	0	0	0	0	0	0	0
SRR11871233	SAMN15052609	0	0	0	0	0	0	0	0	0	0	0	0	0
SRR11871243	SAMN15052600	0	1	0	0	0	0	0	0	1	1	1	0	0
SRR11871256	SAMN15052588	0	0	0	0	0	0	0	0	1	0	0	0	0
SRR11871289	SAMN15052521	0	1	0	0	0	0	0	0	0	1	0	0	0
SRR11871292	SAMN15052495	0	1	0	0	0	0	0	0	0	0	0	0	0
SRR11871296	SAMN15052583	0	0	0	0	0	0	0	0	0	0	0	0	0
SRR11871311	SAMN15052511	0	1	0	0	0	0	0	0	0	1	0	1	0
SRR11871325	SAMN15052652	0	1	0	0	0	0	0	0	0	1	0	0	0
SRR12017858	SAMN15239395	0	0	0	0	0	0	0	0	0	0	0	0	0
SRR12017880	SAMN15239385	0	0	0	0	0	0	0	0	0	0	0	0	0
SRR12017924	SAMN15239419	0	0	0	0	0	0	0	0	0	1	0	0	0
SRR12034999	SAMN15299110	0	0	0	0	0	0	0	0	0	0	0	0	0
SRR12075377	SAMN15349898	0	0	0	0	0	0	0	0	0	0	0	0	0
SRR12145932	SAMN15447920	0	1	0	0	0	0	0	0	1	0	0	0	0
SRR12145960	SAMN15447895	0	1	0	0	0	0	0	0	0	0	0	0	0
SRR12145961	SAMN15447894	0	1	0	0	0	0	0	0	0	1	0	0	0
SRR12145975	SAMN15447881	0	1	0	0	0	0	0	0	0	1	0	1	0
SRR12145980	SAMN15447877	0	1	0	0	0	0	0	0	1	1	0	0	0
SRR12145989	SAMN15447860	0	1	0	0	0	0	0	1	0	1	0	0	0
SRR12186922	SAMN15496477	0	0	0	0	0	0	0	0	0	1	0	0	0
SRR12272107	SAMN15569259	0	0	0	0	0	0	0	0	0	0	0	0	0
SRR12314147	SAMN15635030	0	0	0	0	0	0	0	0	0	0	0	0	0
SRR12377545	SAMN15717387	0	0	0	0	0	0	0	0	1	0	0	0	0
SRR12377556	SAMN15717375	0	0	0	0	0	0	0	0	0	0	0	0	0
SRR12377578	SAMN15717910	0	0	0	0	0	0	0	0	0	0	0	0	0
SRR12378059	SAMN15717926	0	0	0	0	0	0	0	0	0	0	0	0	0
SRR12383626	SAMN15722864	0	0	0	0	0	0	0	0	0	0	0	0	0
SRR12385458	SAMN15728536	0	0	0	0	0	0	0	0	0	0	0	0	0
SRR12387684	SAMN15729761	0	0	0	0	0	0	0	0	0	0	0	0	0
SRR12395468	SAMN15690527	0	0	0	0	0	0	0	0	0	0	0	0	0
SRR12401673	SAMN15747902	0	0	0	0	0	0	0	0	0	0	0	0	0
SRR12641603	SAMN16124838	0	0	0	0	0	0	0	0	0	0	0	0	0
SRR12699130	SAMN15776721	0	0	0	0	0	0	0	0	0	0	0	0	0
SRR12699135	SAMN15776719	0	0	0	0	0	0	0	0	0	0	0	0	0
SRR12699136	SAMN15776718	0	0	0	0	0	0	0	0	0	0	0	0	0
SRR12699137	SAMN15776717	0	0	0	0	0	0	0	0	0	0	0	0	0
SRR12699145	SAMN15776737	0	0	0	0	0	0	0	0	0	0	0	0	0
SRR12699147	SAMN15776727	0	0	0	0	0	0	0	0	0	0	0	0	0
SRR12704891	SAMN16245187	0	0	0	0	0	0	0	0	0	0	0	0	0
SRR12704902	SAMN16245177	0	0	0	0	0	0	0	0	0	0	0	0	0
SRR12704906	SAMN16245173	0	0	0	0	0	0	0	0	0	1	0	0	0
SRR12704909	SAMN16245171	0	0	0	0	0	0	0	0	0	1	0	0	0
SRR12704912	SAMN16245168	0	0	0	0	0	0	0	0	0	0	0	0	0
SRR12704927	SAMN16245154	0	0	0	0	0	0	0	0	0	0	0	0	0
SRR12704929	SAMN16245108	0	1	0	0	0	0	0	0	0	0	0	0	0
SRR12704931	SAMN16245151	0	0	0	0	0	0	0	0	0	0	0	0	0
SRR12704937	SAMN16245145	0	1	0	0	0	0	0	0	0	0	0	0	0
SRR12704948	SAMN16245135	0	0	0	0	0	0	0	0	0	0	0	0	0
SRR12704958	SAMN13996946	0	0	0	0	0	0	0	0	0	0	0	0	0
SRR12704973	SAMN12859066	0	0	0	0	0	0	0	0	0	0	0	0	0
SRR12704974	SAMN12859069	0	0	0	0	0	0	0	0	0	0	0	0	0
SRR12705017	SAMN16245105	0	0	0	0	0	0	0	0	0	0	0	0	0
SRR12705026	SAMN16245294	0	0	0	0	0	0	0	0	0	0	0	0	0
SRR12705027	SAMN16245293	0	0	0	0	0	0	0	0	0	0	0	0	0
SRR12705029	SAMN16245292	0	0	0	0	0	0	0	0	0	0	0	0	0
SRR12705042	SAMN16245280	0	0	0	0	0	0	0	0	0	0	0	0	0
SRR12705053	SAMN16245270	0	0	0	0	0	0	0	0	1	1	0	0	0
SRR12705054	SAMN16245269	0	1	0	0	0	0	0	0	0	1	1	0	0
SRR12705056	SAMN16245267	0	0	0	0	0	0	0	0	0	0	0	0	0
SRR12705057	SAMN16245266	0	0	0	0	0	0	0	0	0	1	0	0	0
SRR12705058	SAMN16245265	0	0	0	0	0	0	0	0	0	0	0	0	0
SRR12705088	SAMN16245238	0	0	0	0	0	0	0	0	0	0	0	0	0
SRR12705090	SAMN16245236	0	1	0	0	0	0	0	0	0	1	0	1	0
SRR12705098	SAMN16245229	0	0	0	0	0	0	0	0	0	0	0	0	0
SRR12705102	SAMN16245225	0	0	0	0	0	0	0	0	0	1	0	0	0
SRR12705108	SAMN16245220	0	0	0	0	0	0	0	0	0	1	0	0	0
SRR12705112	SAMN16245216	0	0	0	0	0	0	0	0	0	0	0	0	0
SRR12705117	SAMN16245212	0	0	0	0	0	0	0	0	0	1	0	0	0
SRR12705118	SAMN16245211	0	1	0	0	0	0	0	0	0	1	0	0	0
SRR12705124	SAMN16245205	0	0	0	0	0	0	0	0	1	0	0	0	0
SRR12736111	SAMN16285889	0	0	0	0	0	0	0	0	0	0	0	0	0
SRR12781278	SAMN16380583	0	0	0	0	0	0	0	0	0	0	0	0	0
SRR12798571	SAMN16400654	0	0	0	0	0	0	0	0	0	0	0	0	0
SRR12825268	SAMN16428977	0	1	0	0	0	0	0	0	0	1	0	0	0
SRR12845315	SAMN16480739	0	0	0	0	0	0	0	0	0	0	0	0	0
SRR12849831	SAMN16484139	0	0	0	0	0	0	0	0	0	0	0	0	0
SRR12849835	SAMN16484136	0	0	0	0	0	0	0	0	0	0	0	0	0
SRR12849849	SAMN16484123	0	0	0	0	0	0	0	0	0	0	0	0	0
SRR12849850	SAMN16484122	0	0	0	0	0	0	0	0	0	0	0	0	0
SRR12849854	SAMN16484116	0	0	0	0	0	0	0	0	0	0	0	0	0
SRR12849872	SAMN16484112	0	1	0	0	0	0	0	0	0	0	0	0	0
SRR12849877	SAMN16484152	0	1	0	0	0	0	0	0	0	0	0	0	0
SRR12849882	SAMN16484118	0	1	0	0	0	0	0	0	1	1	0	0	0
SRR12898998	SAMN16551990	0	0	0	0	0	0	0	0	0	0	0	0	0
SRR12899000	SAMN16551988	0	0	0	0	0	0	0	0	0	1	0	0	0
SRR12916380	SAMN16569407	0	0	0	0	0	0	0	0	0	0	0	0	0
SRR12967810	SAMN16629944	0	0	0	0	0	0	0	0	0	0	0	0	0
SRR12991184	SAMN16662052	0	0	0	0	0	0	0	0	0	0	0	0	0
SRR12991187	SAMN16662054	0	0	0	0	0	0	0	0	0	0	0	0	0
SRR13092326	SAMN16847665	0	0	0	0	0	0	0	0	1	1	0	0	0
SRR1314217	SAMN02801814	0	0	0	0	0	0	0	0	0	0	0	0	0
SRR1314231	SAMN02801828	0	1	0	0	0	0	0	0	0	0	0	0	0
SRR1314235	SAMN02801832	0	1	0	0	0	0	0	0	0	0	0	0	0
SRR1314238	SAMN02801835	0	1	0	0	0	0	0	0	0	1	0	0	0
SRR1314242	SAMN02801839	0	1	0	0	0	0	0	0	0	1	0	1	0
SRR1314250	SAMN02801847	0	0	0	0	0	0	0	1	0	1	0	0	0
SRR1314265	SAMN02801862	0	1	0	0	0	0	0	0	0	1	0	1	0
SRR1314266	SAMN02801863	0	0	0	0	0	0	0	0	0	0	0	0	0
SRR1314268	SAMN02801865	0	0	0	0	0	0	0	0	0	1	0	0	0
SRR1314286	SAMN02801883	0	0	0	0	0	0	1	1	1	1	0	0	0
SRR1314311	SAMN02801908	0	0	0	0	0	0	0	0	0	0	0	0	0
SRR1314321	SAMN02801918	0	1	0	0	0	0	0	0	0	0	0	0	0
SRR1314354	SAMN02801951	0	0	0	0	0	0	0	0	0	0	0	0	0
SRR1314355	SAMN02801952	0	0	0	0	0	0	0	0	0	0	0	0	0
SRR1314359	SAMN02801956	0	0	0	0	0	0	0	0	0	0	0	0	0
SRR1314364	SAMN02801961	0	0	0	0	0	0	0	0	1	1	0	0	0
SRR1314377	SAMN02801974	0	0	0	0	0	0	0	0	0	0	0	0	0
SRR1314386	SAMN02801983	0	0	0	0	0	0	0	0	0	0	0	0	0
SRR1314409	SAMN02802006	0	0	0	0	0	0	0	0	0	0	0	0	0
SRR1314416	SAMN02802013	0	0	0	0	0	0	0	0	0	0	0	0	0
SRR1314417	SAMN02802014	0	0	0	0	0	0	0	0	0	0	0	0	0
SRR1314427	SAMN02802024	0	1	0	0	0	0	0	0	1	1	0	0	0
SRR1314428	SAMN02802025	0	0	0	0	0	0	0	0	0	0	0	0	0
SRR1314439	SAMN02802036	0	0	0	0	0	0	0	0	0	0	0	0	0
SRR1314444	SAMN02802041	0	0	0	0	0	0	0	0	0	0	0	0	0
SRR1314471	SAMN02802068	0	0	0	0	0	0	0	0	0	0	0	0	0
SRR1314473	SAMN02802070	0	0	0	0	0	0	0	0	0	0	0	0	0
SRR1314474	SAMN02802071	0	0	0	0	0	0	0	0	0	0	0	0	0
SRR1314475	SAMN02802072	0	0	0	0	0	0	0	0	0	0	0	0	0
SRR1314479	SAMN02802076	0	1	0	0	0	0	0	0	0	1	0	0	0
SRR1314491	SAMN02802088	0	1	0	0	0	0	0	0	0	1	0	0	0
SRR1314496	SAMN02802093	0	0	0	0	0	0	0	0	0	0	0	0	0
SRR1314497	SAMN02802094	0	0	0	0	0	0	0	0	0	0	0	0	0
SRR1314498	SAMN02802095	0	0	0	0	0	0	0	0	0	0	0	0	0
SRR1314504	SAMN02802101	0	0	0	0	0	0	0	0	0	0	0	0	0
SRR1314510	SAMN02802107	0	1	0	0	0	0	0	0	0	0	0	0	0
SRR1314515	SAMN02802112	0	0	0	0	0	0	0	0	0	0	0	0	0
SRR1314527	SAMN02802124	0	0	0	0	0	0	0	0	0	0	0	0	0
SRR1314534	SAMN02802131	0	0	0	0	0	0	0	0	0	0	0	0	0
SRR1314542	SAMN02802139	0	1	0	0	0	0	0	0	0	0	0	0	0
SRR1314543	SAMN02802140	0	0	0	0	0	0	0	0	0	0	0	0	0
SRR1314551	SAMN02802148	0	1	0	0	0	0	0	0	1	0	0	0	0
SRR1314554	SAMN02802151	0	0	0	0	0	0	0	0	0	0	0	0	0
SRR1314567	SAMN02802164	0	0	0	0	0	0	0	0	0	0	0	0	0
SRR1314571	SAMN02802168	0	1	0	0	0	0	0	0	1	1	0	0	0
SRR1314574	SAMN02802171	0	1	0	0	0	0	0	0	0	1	0	0	0
SRR1314576	SAMN02802173	0	0	0	0	0	0	0	0	0	0	0	0	0
SRR1314590	SAMN02802187	0	1	0	0	0	0	0	0	0	0	0	0	0
SRR1314598	SAMN02802195	1	0	0	0	0	0	0	1	1	0	0	1	0
SRR13207412	SAMN16480748	0	0	0	0	0	0	0	0	0	0	0	0	0
SRR13302057	SAMN11953914	1	0	0	0	0	0	0	1	1	1	0	0	0
SRR13450785	SAMN17348074	0	0	0	0	0	0	0	0	0	0	0	0	0
SRR13455344	SAMN17369178	0	0	0	0	0	0	0	0	0	0	0	0	0
SRR13522407	SAMN17379559	0	0	0	0	0	0	0	0	0	0	0	0	0
SRR13522413	SAMN17379553	0	0	0	0	0	0	0	0	0	0	0	0	0
SRR13532100	SAMN17577697	0	0	0	0	0	0	0	0	0	0	0	0	0
SRR13617559	SAMN17762789	0	0	0	0	0	0	0	0	0	0	0	0	0
SRR13643363	SAMN17813950	0	0	0	0	0	0	0	0	1	0	0	0	0
SRR13643370	SAMN17813943	0	1	0	0	0	0	0	0	0	0	0	0	0
SRR13643378	SAMN17813936	1	1	0	0	0	0	0	0	0	1	0	1	0
SRR13643382	SAMN17813915	0	0	0	0	0	0	0	0	0	0	0	0	0
SRR13643442	SAMN17813924	0	0	0	0	0	0	0	0	0	0	0	0	0
SRR13680140	SAMN17843413	0	0	0	0	0	0	0	0	0	0	0	0	0
SRR13680141	SAMN17843412	0	0	0	0	0	0	0	0	0	0	0	0	0
SRR13680142	SAMN17843411	0	0	0	0	0	0	0	0	0	0	0	0	0
SRR13721336	SAMN17925338	0	1	0	0	0	0	0	0	0	1	0	0	0
SRR13971533	SAMN18316010	1	0	0	0	0	0	0	0	1	1	0	0	0
SRR14154155	SAMN18634049	0	0	0	0	0	0	0	0	0	0	0	0	0
SRR14154156	SAMN18634048	0	1	0	0	0	0	0	0	1	1	0	0	0
SRR14154166	SAMN18634039	0	0	0	0	0	0	0	0	0	0	0	0	0
SRR14154173	SAMN18634032	0	0	0	0	0	0	0	0	0	0	0	0	0
SRR14230551	SAMN18736275	0	0	0	0	0	0	0	0	0	0	0	0	0
SRR14272535	SAMN06641880	0	0	0	0	0	0	0	0	0	0	0	0	0
SRR14272539	SAMN06641874	0	0	0	0	0	0	1	0	1	0	0	0	0
SRR14272563	SAMN18746135	0	1	0	0	0	0	0	0	0	1	0	0	0
SRR14272572	SAMN06641841	0	1	0	0	0	0	0	0	0	1	0	0	0
SRR14272610	SAMN06641801	0	0	0	0	0	0	0	0	0	1	0	0	0
SRR14272618	SAMN06641941	0	0	0	0	0	0	0	0	0	0	0	0	0
SRR14272621	SAMN06641789	0	1	0	0	0	0	0	0	1	1	0	0	0
SRR14272623	SAMN06641777	0	0	0	0	0	0	0	0	0	0	0	0	0
SRR14416193	SAMN18988787	0	0	0	0	0	0	0	0	0	0	0	0	0
SRR14416196	SAMN18988778	0	0	0	0	0	0	0	0	0	0	0	0	0
SRR14416198	SAMN18988776	0	1	0	0	0	0	0	0	1	1	1	0	0
SRR14460201	SAMN19064872	0	1	0	0	0	0	0	0	0	1	0	0	0
SRR14483458	SAMN19094639	0	0	0	0	0	0	0	0	0	0	0	0	0
SRR14483460	SAMN19068272	0	0	0	0	0	0	0	0	0	0	0	0	0
SRR14483463	SAMN19068278	0	0	0	0	0	0	0	0	0	0	0	0	0
SRR14491937	SAMN19101986	0	0	0	0	0	0	0	0	0	0	0	0	0
SRR14491939	SAMN19101984	1	0	0	0	0	0	0	1	1	0	0	0	0
SRR14491941	SAMN19101997	0	0	0	0	0	0	0	0	0	0	0	0	0
SRR14491942	SAMN19101996	0	0	0	0	0	0	0	0	0	0	0	0	0
SRR14491946	SAMN19101992	0	1	0	0	0	0	0	0	1	0	1	0	0
SRR14568866	SAMN19233494	0	0	0	0	0	0	0	0	0	0	0	0	0
SRR14656161	SAMN19349426	0	0	0	0	1	0	0	0	1	0	1	0	0
SRR14656162	SAMN19349425	0	1	0	0	1	0	0	0	1	0	1	0	0
SRR14679141	SAMN19233567	0	0	0	0	0	0	0	0	0	0	0	0	0
SRR14788791	SAMN19670072	1	1	0	0	0	0	0	0	0	0	0	0	0
SRR14788801	SAMN19670116	1	0	0	0	0	0	0	1	1	0	0	0	0
SRR14788808	SAMN19670110	0	1	0	0	0	0	0	0	0	0	0	0	0
SRR14788809	SAMN19670109	1	0	0	0	0	0	0	1	0	0	0	0	0
SRR14788811	SAMN19670107	0	0	0	0	0	0	0	0	0	0	0	0	0
SRR14788818	SAMN19670101	0	0	0	0	0	0	0	0	0	0	0	0	0
SRR14788834	SAMN19670086	0	0	0	0	0	0	0	0	0	0	0	0	0
SRR14788841	SAMN19670080	0	0	0	0	0	0	0	0	0	0	0	0	0
SRR14788846	SAMN19670067	0	1	0	0	0	0	0	0	0	1	0	0	0
SRR14979272	SAMN19948870	0	0	0	0	0	0	0	0	0	0	0	0	0
SRR15007624	SAMN19680762	0	1	0	0	0	0	0	0	1	1	1	0	0
SRR15007631	SAMN19680757	1	0	0	0	0	0	0	0	1	0	0	0	0
SRR15007638	SAMN19680754	0	0	0	0	0	0	0	0	0	0	0	0	0
SRR15007640	SAMN19680770	0	0	0	0	0	0	0	0	0	0	0	0	0
SRR15007646	SAMN19680764	0	0	0	0	0	0	0	0	0	0	0	0	0
SRR15024309	SAMN20010954	0	0	0	0	0	0	0	0	0	0	0	0	0
SRR15042805	SAMN19658430	0	0	0	0	0	0	0	0	0	0	0	0	0
SRR15049156	SAMN20079289	0	0	0	0	0	0	0	0	0	0	0	0	0
SRR15049763	SAMN20080775	0	0	0	0	0	0	0	0	0	0	0	0	0
SRR15054640	SAMN20085866	0	0	0	0	0	0	0	0	0	0	0	0	0
SRR15058935	SAMN19658468	0	1	0	0	0	0	0	0	0	1	0	0	0
SRR15095860	SAMN20163838	0	0	0	0	0	0	0	0	0	0	0	0	0
SRR15097542	SAMN19658440	1	0	0	0	0	0	0	1	0	0	0	0	0
SRR15097544	SAMN19658402	1	1	0	0	0	0	0	0	1	1	0	1	0
SRR15104477	SAMN20174377	0	0	0	0	0	0	0	0	0	0	0	0	0
SRR15128223	SAMN20200285	0	0	0	0	0	0	0	0	0	0	0	0	0
SRR15128229	SAMN20200280	0	0	0	0	0	0	0	0	0	0	0	0	0
SRR15128231	SAMN20200278	0	0	0	0	0	0	0	0	0	0	0	0	0
SRR15128233	SAMN20200276	0	0	0	0	0	0	0	0	0	0	0	0	0
SRR15128238	SAMN20200271	0	0	0	0	0	0	0	0	0	0	0	0	0
SRR15128240	SAMN20200270	0	0	0	0	0	0	0	0	0	0	0	0	0
SRR15128244	SAMN20200266	0	0	0	0	0	0	0	0	0	0	0	0	0
SRR15128245	SAMN20200265	0	0	0	0	0	0	0	0	0	0	0	0	0
SRR15128250	SAMN20200234	0	0	0	0	0	0	0	0	0	0	0	0	0
SRR15128255	SAMN20200256	1	0	0	0	0	0	0	0	0	0	0	0	0
SRR15128267	SAMN20200245	0	0	0	0	0	0	0	0	0	0	0	0	0
SRR15132469	SAMN19658504	1	0	0	0	0	0	0	0	1	1	0	0	0
SRR15197815	SAMN19658528	0	0	0	0	0	0	0	0	0	0	0	0	0
SRR15306176	SAMN20504919	0	0	0	0	0	0	0	0	0	0	0	0	0
SRR15402276	SAMN20693850	0	0	0	0	0	0	0	0	0	0	0	0	0
SRR15496956	SAMN20814567	0	0	0	0	0	0	0	0	0	0	0	0	0
SRR15534428	SAMN20865823	0	0	0	0	0	0	0	0	0	0	0	0	0
SRR15534430	SAMN20865821	0	0	0	0	0	0	0	0	0	0	0	0	0
SRR15571332	SAMN20934507	0	0	0	0	0	0	0	0	1	1	0	0	0
SRR15668797	SAMN21038400	0	0	0	0	0	0	0	0	0	0	0	0	0
SRR15668812	SAMN21038386	0	0	0	0	0	0	0	0	0	0	0	0	0
SRR15668815	SAMN21038383	0	0	0	0	0	0	0	0	0	0	0	0	0
SRR15668817	SAMN21038373	0	0	0	0	0	0	0	0	0	0	0	0	0
SRR15670798	SAMN21040601	0	0	0	0	0	0	0	0	0	0	0	0	0
SRR15692616	SAMN21175652	0	1	0	0	0	0	0	0	0	1	0	0	0
SRR15943378	SAMN21490373	0	0	0	0	0	0	0	0	0	0	0	0	0
SRR1610044	SAMN03074766	0	1	0	0	0	0	0	0	0	1	0	0	0
SRR1610046	SAMN03074768	1	0	0	0	0	0	0	1	0	1	0	0	0
SRR1610059	SAMN03074781	0	1	0	0	0	0	0	0	0	1	0	0	0
SRR1610072	SAMN03074794	0	1	0	0	0	0	0	0	0	0	0	0	0
SRR1610141	SAMN03068729	0	1	0	0	0	0	0	0	0	1	0	0	0
SRR16206898	SAMN22064878	0	0	0	0	0	0	0	0	0	0	0	0	0
SRR16230391	SAMN22107644	0	0	0	0	0	0	0	0	0	0	0	0	0
SRR16250098	SAMN22137259	0	0	0	0	0	0	0	0	0	0	0	0	0
SRR16250099	SAMN22137258	0	0	0	0	0	0	0	0	0	0	0	0	0
SRR16250116	SAMN22137285	0	0	0	0	0	0	0	0	0	0	0	0	0
SRR16250117	SAMN22137284	0	0	0	0	0	0	0	0	0	0	0	0	0
SRR16298041	SAMN22184022	0	0	0	0	0	0	0	0	0	0	0	0	0
SRR16298043	SAMN22184020	0	0	0	0	0	0	0	0	0	0	0	0	0
SRR16298061	SAMN22184025	0	0	0	0	0	0	0	0	0	0	0	0	0
SRR16643219	SAMN22785520	0	1	0	0	0	0	0	0	0	0	0	0	0
SRR16643232	SAMN22785486	0	0	0	0	0	0	0	0	0	0	0	0	0
SRR16643234	SAMN22785517	0	1	0	0	0	0	0	0	0	0	0	0	0
SRR16643235	SAMN22785482	0	0	0	0	0	0	0	0	0	0	0	0	0
SRR16643239	SAMN22785513	0	0	0	0	0	0	0	0	0	1	0	0	0
SRR16643245	SAMN22785507	0	0	0	0	0	0	0	0	1	0	0	0	0
SRR16643257	SAMN22785480	0	0	0	0	0	0	0	0	0	0	0	0	0
SRR16893058	SAMN23010875	0	0	0	0	0	0	0	0	0	0	0	0	0
SRR16983442	SAMN23213235	0	0	0	0	0	0	0	0	0	0	0	0	0
SRR16983445	SAMN23213232	0	0	0	0	0	0	0	0	0	0	0	0	0
SRR17096807	SAMN23564048	0	0	0	0	0	0	0	0	0	0	0	0	0
SRR17096808	SAMN23564047	0	0	0	0	0	0	0	0	0	0	0	0	0
SRR17096811	SAMN23564044	0	0	0	0	0	0	0	0	0	0	0	0	0
SRR17170169	SAMN23794869	0	0	0	0	0	0	0	0	0	0	0	0	0
SRR17170170	SAMN23794868	0	0	0	0	0	0	0	0	0	0	0	0	0
SRR17182382	SAMN23827514	0	0	0	0	0	0	0	0	0	0	0	0	0
SRR17182384	SAMN23827512	0	0	0	0	0	0	0	0	0	0	0	0	0
SRR17182387	SAMN23827509	0	0	0	0	0	0	0	0	0	0	0	0	0
SRR17182389	SAMN23827524	0	0	0	0	0	0	0	0	0	0	0	0	0
SRR17182398	SAMN23827507	0	0	0	0	0	0	0	0	0	0	0	0	0
SRR17220480	SAMN24007687	0	0	0	0	0	0	0	0	0	0	0	0	0
SRR17220481	SAMN24007686	0	0	0	0	0	0	0	0	0	0	0	0	0
SRR17220482	SAMN24007677	0	0	0	0	0	0	0	0	0	0	0	0	0
SRR17220483	SAMN24007676	0	1	0	0	0	0	0	0	0	0	0	0	0
SRR17468345	SAMN23009207	0	0	0	0	0	0	0	0	0	0	0	0	0
SRR17468350	SAMN24694348	0	0	0	0	0	0	0	0	0	0	0	0	0
SRR17468354	SAMN24694345	0	0	0	0	0	0	0	0	0	0	0	0	0
SRR17518368	SAMN24745762	0	0	0	0	0	0	0	0	0	0	0	0	0
SRR17518372	SAMN24745758	0	0	0	0	0	0	0	0	0	0	0	0	0
SRR17548629	SAMN24811825	0	1	0	0	0	0	0	0	0	0	0	0	0
SRR17548630	SAMN24811824	0	0	0	0	0	0	0	0	0	0	0	0	0
SRR17548634	SAMN24811820	0	0	0	0	0	0	0	0	0	0	0	0	0
SRR17720378	SAMN25221517	0	0	0	0	0	0	0	0	0	0	0	0	0
SRR18059923	SAMN26023528	0	1	0	0	0	0	0	0	0	1	0	0	0
SRR18128563	SAMN26225109	0	0	0	0	0	0	0	0	0	0	0	0	0
SRR18344619	SAMN26748515	1	1	0	0	0	0	1	0	0	1	0	0	0
SRR18344620	SAMN26748514	0	0	0	0	0	0	0	0	0	0	0	0	0
SRR18889127	SAMN27738903	0	0	0	0	0	0	0	0	0	0	0	0	0
SRR18889130	SAMN27738908	0	0	0	0	0	0	0	0	0	0	0	0	0
SRR18889136	SAMN27738911	0	1	0	0	0	0	0	0	0	1	0	0	0
SRR18889139	SAMN27738900	0	1	0	0	0	0	0	0	0	0	0	0	0
SRR18911902	SAMN27763085	0	0	0	0	0	0	0	0	0	1	0	0	0
SRR18958926	SAMN27923117	0	0	0	0	0	0	0	0	0	0	0	0	0
SRR18966430	SAMN27960773	0	0	0	0	0	0	0	0	0	0	0	0	0
SRR18966436	SAMN27960802	0	0	0	0	0	0	0	0	0	0	0	0	0
SRR18966438	SAMN27960800	0	0	0	0	0	0	0	0	0	0	0	0	0
SRR18966453	SAMN27960787	0	1	0	0	0	0	0	0	0	1	0	0	0
SRR18966459	SAMN27960781	0	0	0	0	0	0	0	0	0	0	0	0	0
SRR18996237	SAMN27997701	0	0	0	0	0	0	0	0	0	0	0	0	0
SRR18996238	SAMN27997700	0	1	0	0	0	0	0	0	0	0	0	0	0
SRR18996239	SAMN27997699	0	0	0	0	0	0	0	0	0	0	0	0	0
SRR18996240	SAMN27997698	0	0	0	0	0	0	0	0	0	1	0	0	0
SRR18996244	SAMN27997716	0	0	0	0	0	0	0	0	0	0	0	0	0
SRR19200966	SAMN28235841	1	0	0	0	0	0	0	1	0	1	0	0	0
SRR19200968	SAMN28235839	1	1	0	0	0	0	0	0	0	1	0	1	0
SRR19200973	SAMN28235860	1	1	0	0	0	0	0	0	1	1	0	0	0
SRR19200977	SAMN28235856	1	0	0	0	0	0	0	0	0	0	0	0	0
SRR19200986	SAMN28235848	1	0	0	0	0	0	0	0	1	0	0	0	0
SRR19363602	SAMN28606091	0	0	0	0	0	0	0	0	0	0	0	0	0
SRR19646071	SAMN29019868	1	0	0	0	0	0	0	0	0	0	0	0	0
SRR19646072	SAMN29019880	1	0	0	0	0	0	0	1	0	0	0	0	0
SRR19981262	SAMN29503081	0	0	0	0	0	0	0	0	0	0	0	0	0
SRR2015206	SAMN03019924	0	0	0	0	0	0	0	0	0	0	0	0	0
SRR20245689	SAMN29770909	0	0	0	0	0	0	0	0	0	0	0	0	0
SRR20245691	SAMN29770908	1	1	0	0	0	0	0	0	0	1	0	1	0
SRR20245699	SAMN29770918	0	0	0	0	0	0	0	0	0	0	0	0	0
SRR21096616	SAMN27524931	0	0	0	0	0	0	0	0	1	0	0	0	0
SRR21096652	SAMN27525025	0	0	0	0	0	0	0	0	1	0	0	0	0
SRR21096706	SAMN27524758	0	0	0	0	0	0	0	0	1	0	0	0	0
SRR21096729	SAMN27524746	0	1	0	0	0	0	1	0	0	0	0	0	0
SRR21096780	SAMN27524983	0	0	0	0	0	0	0	0	1	0	0	0	0
SRR21096786	SAMN27524953	0	0	0	0	0	0	0	0	1	0	0	0	0
SRR21096821	SAMN27525070	0	1	0	0	0	0	0	0	0	1	0	0	0
SRR21096823	SAMN27525047	0	0	0	0	0	0	0	0	1	0	0	0	0
SRR21096832	SAMN27525056	0	0	0	0	0	0	0	0	1	0	0	0	0
SRR21096863	SAMN27524690	0	0	0	0	0	0	0	0	1	0	0	0	0
SRR21096911	SAMN27524986	0	0	0	0	0	0	0	0	1	0	0	0	0
SRR21096915	SAMN27524822	0	0	0	0	0	0	0	0	1	0	0	0	0
SRR21096935	SAMN27525067	0	0	0	0	0	0	0	0	1	1	0	1	0
SRR21097020	SAMN27525036	0	0	0	0	0	0	0	0	1	0	0	0	0
SRR21097021	SAMN27525058	0	0	0	0	0	0	0	0	1	0	0	0	0
SRR21826519	SAMN26304325	1	0	0	0	0	0	0	0	1	0	0	0	0
SRR21826521	SAMN26304671	0	0	0	0	0	0	0	0	0	0	0	0	0
SRR21826564	SAMN26304827	0	0	0	0	0	0	0	0	0	0	0	0	0
SRR21826567	SAMN26304452	0	0	0	0	0	0	0	0	0	0	0	0	0
SRR21826570	SAMN26308927	0	1	0	0	0	0	0	0	0	0	0	0	0
SRR21826591	SAMN26305284	0	0	0	0	0	0	0	0	0	0	0	0	0
SRR21826593	SAMN26305079	0	0	0	0	0	0	0	0	0	0	0	0	0
SRR21826608	SAMN26308397	0	1	0	0	0	0	0	0	1	1	0	0	0
SRR21826618	SAMN26308793	0	1	0	0	0	0	0	0	0	0	0	0	0
SRR21826619	SAMN26305052	0	0	0	0	0	0	0	0	0	0	0	0	0
SRR21826630	SAMN26309158	0	0	0	0	0	0	0	0	0	0	0	0	0
SRR21826646	SAMN26304785	0	1	0	0	0	0	0	0	0	0	0	0	0
SRR21826654	SAMN26304441	0	1	0	0	0	0	0	0	0	0	0	0	0
SRR21826678	SAMN26304991	0	1	0	0	0	0	0	0	0	0	0	0	0
SRR21826690	SAMN26304360	0	1	0	0	0	0	0	0	0	0	0	0	0
SRR21826697	SAMN26304586	1	1	0	0	0	0	0	0	0	0	0	0	0
SRR21826706	SAMN26305158	0	1	0	0	0	0	0	0	0	1	0	0	0
SRR21826720	SAMN26308412	0	0	0	0	0	0	1	0	1	0	1	0	0
SRR21826728	SAMN26309390	0	0	0	0	0	0	0	0	0	0	0	0	0
SRR21826732	SAMN26308789	0	1	0	0	0	0	0	0	0	0	0	0	0
SRR21826745	SAMN26304328	0	0	0	0	0	0	0	0	0	0	0	0	0
SRR21826748	SAMN26304456	0	0	0	0	0	0	0	0	0	1	0	0	0
SRR21826750	SAMN26309369	1	1	0	0	0	0	0	0	1	1	1	0	0
SRR21826751	SAMN26309316	0	1	0	0	0	0	0	0	0	0	1	0	0
SRR21826753	SAMN26309368	1	1	0	0	0	0	0	0	1	1	1	0	0
SRR21826756	SAMN26304559	0	0	0	0	0	0	0	0	1	1	0	0	0
SRR21826758	SAMN26308402	1	0	0	0	0	0	0	0	1	0	0	1	0
SRR21826760	SAMN26308795	0	1	0	0	0	0	0	0	0	0	0	0	0
SRR21826765	SAMN26309418	1	1	0	0	0	0	0	0	1	1	0	0	0
SRR21826766	SAMN26309370	0	1	0	0	0	0	0	0	0	0	1	0	0
SRR21826768	SAMN26309355	0	0	0	0	0	0	0	0	0	0	0	0	0
SRR21826786	SAMN26308617	0	1	0	0	0	0	0	0	0	1	0	0	0
SRR21826788	SAMN26309022	0	1	0	0	0	0	0	0	0	0	0	0	0
SRR21826790	SAMN26305102	0	1	0	0	0	0	0	0	0	1	0	0	0
SRR21826792	SAMN26308639	0	0	0	0	0	0	0	0	0	0	0	0	0
SRR21826803	SAMN26304820	0	0	0	0	0	0	0	0	0	0	0	0	0
SRR21826811	SAMN26304334	0	0	0	0	0	0	0	0	0	0	0	0	0
SRR21826816	SAMN26304914	0	0	0	0	0	0	0	0	0	0	0	0	0
SRR21835407	SAMN26309169	0	0	0	0	0	0	0	0	0	0	0	0	0
SRR21835412	SAMN26309417	0	0	0	0	0	0	0	0	0	0	0	0	0
SRR21835423	SAMN26304959	0	0	0	0	0	0	0	0	0	0	0	0	0
SRR21835427	SAMN26304330	0	1	0	0	0	0	0	0	0	0	0	0	0
SRR21835437	SAMN26305062	0	1	0	0	0	0	0	0	1	1	0	0	0
SRR21835445	SAMN26309161	0	1	0	0	0	0	0	0	0	1	0	0	0
SRR21835447	SAMN26308585	0	0	0	0	0	0	0	0	0	0	0	0	0
SRR21835460	SAMN26308382	0	0	0	0	0	0	0	0	0	0	0	0	0
SRR21835463	SAMN26308582	0	0	0	0	0	0	0	0	0	0	0	0	0
SRR21835471	SAMN26308824	1	1	0	0	0	0	0	0	1	1	0	0	0
SRR21835474	SAMN26308830	0	1	0	0	0	0	0	0	0	0	0	0	0
SRR21835475	SAMN26308515	0	1	0	0	0	0	0	0	1	0	0	0	0
SRR21835476	SAMN26308701	0	0	0	0	0	0	1	0	1	0	0	0	0
SRR21835479	SAMN26309230	1	0	0	0	0	0	0	0	1	1	0	0	0
SRR21835523	SAMN26304594	0	0	0	0	0	0	0	0	0	0	0	0	0
SRR21835540	SAMN26309423	0	0	0	0	0	0	0	0	0	0	0	0	0
SRR21835552	SAMN26308642	0	0	0	0	0	0	0	0	0	0	0	0	0
SRR21835562	SAMN26308967	0	0	0	0	0	0	0	0	0	0	0	0	0
SRR21835571	SAMN26309223	0	1	0	0	0	0	0	0	0	1	0	0	0
SRR21835587	SAMN26308806	0	1	0	0	0	0	0	0	0	0	0	0	0
SRR21835602	SAMN26308553	0	1	0	0	0	0	0	0	0	0	0	0	0
SRR21835607	SAMN26304661	0	0	0	0	0	0	0	0	0	0	0	0	0
SRR21835609	SAMN26304894	1	0	0	0	0	0	0	0	0	0	0	0	0
SRR21835610	SAMN26309310	0	1	0	0	0	0	0	0	0	1	0	0	0
SRR21835615	SAMN26309105	0	0	0	0	0	0	0	0	0	0	0	0	0
SRR21835626	SAMN26304699	0	1	0	0	0	0	1	0	1	1	0	0	0
SRR21835629	SAMN26309104	0	0	0	0	0	0	0	0	0	0	0	0	0
SRR21835630	SAMN26304380	0	0	0	0	0	0	0	0	0	0	0	0	0
SRR21835651	SAMN26308514	0	1	0	0	0	0	0	0	0	0	0	0	0
SRR21835652	SAMN26308956	0	0	1	0	0	0	0	0	1	0	0	0	0
SRR21835658	SAMN26305047	0	0	0	0	0	0	0	0	0	0	0	0	0
SRR21835665	SAMN26308640	0	0	0	0	0	0	0	0	0	0	0	0	0
SRR21839774	SAMN26308937	0	1	0	0	0	0	0	0	0	0	0	0	0
SRR21839780	SAMN26305270	0	1	0	0	0	0	0	0	0	0	0	0	0
SRR21839785	SAMN26305143	0	0	0	0	0	0	0	0	0	0	0	0	0
SRR21839788	SAMN26308653	0	1	0	0	0	0	0	0	0	0	0	0	0
SRR21839799	SAMN26308610	0	1	0	0	0	0	0	0	0	1	0	0	0
SRR21839805	SAMN26304643	0	1	0	0	0	0	0	0	0	0	0	0	0
SRR21839816	SAMN26308449	0	1	0	0	0	0	0	0	1	1	0	0	0
SRR21839826	SAMN26304745	0	1	0	0	0	0	0	0	0	0	0	0	0
SRR21839829	SAMN26308570	0	1	0	0	0	0	0	0	0	0	0	0	0
SRR21839834	SAMN26304391	0	1	0	0	0	0	0	0	0	1	0	0	0
SRR21839837	SAMN26304518	0	0	0	0	0	0	0	0	0	0	0	0	0
SRR21839846	SAMN26305172	0	0	0	0	0	0	0	0	0	0	0	0	0
SRR21839849	SAMN26308361	0	0	0	0	0	0	0	0	0	0	0	0	0
SRR21839850	SAMN26305064	0	1	0	0	0	0	0	0	1	1	0	0	0
SRR21839857	SAMN26308997	0	0	0	0	0	0	0	0	0	0	0	0	0
SRR21839858	SAMN26309357	0	0	0	0	0	0	0	0	0	0	0	0	0
SRR21839865	SAMN26304638	0	0	0	0	0	0	0	0	1	0	0	0	0
SRR21839878	SAMN26304336	0	0	0	0	0	0	0	0	0	0	0	0	0
SRR21839885	SAMN26304758	0	1	0	0	0	0	0	0	1	0	1	0	0
SRR21839886	SAMN26308739	0	0	0	0	0	0	0	0	0	0	0	0	0
SRR21839893	SAMN26305173	0	0	0	0	0	0	0	0	0	0	0	0	0
SRR21839896	SAMN26309432	0	0	0	0	0	0	0	0	0	0	0	0	0
SRR21839905	SAMN26304850	0	0	0	0	0	0	0	0	0	0	0	0	0
SRR21839908	SAMN26304790	0	1	0	0	0	0	0	0	0	1	0	0	0
SRR21839910	SAMN26304731	0	1	0	0	0	0	0	0	0	0	0	0	0
SRR21839925	SAMN26304965	0	0	0	0	0	0	0	0	0	0	0	0	0
SRR21839926	SAMN26304924	0	0	0	0	0	0	0	0	0	0	0	0	0
SRR21839930	SAMN26305040	0	0	0	0	0	0	0	0	0	0	0	0	0
SRR21839932	SAMN26309121	0	1	0	0	0	0	0	0	0	0	0	0	0
SRR21839953	SAMN26308828	1	0	0	0	0	0	0	1	1	0	0	0	0
SRR21839954	SAMN26308835	0	1	0	0	0	0	0	0	0	0	0	0	0
SRR21839961	SAMN26309234	0	1	0	0	0	0	0	0	1	1	0	0	0
SRR21839963	SAMN26304533	0	0	0	0	0	0	0	0	1	0	0	0	0
SRR21839978	SAMN26304434	0	0	0	0	0	0	0	0	0	0	0	0	0
SRR21840002	SAMN26305229	0	0	0	0	0	0	0	0	0	0	0	0	0
SRR21840004	SAMN26309295	0	0	0	0	0	0	0	0	0	0	0	0	0
SRR21840007	SAMN26305063	0	0	0	0	0	0	0	0	0	0	0	0	0
SRR21840012	SAMN26304373	0	0	0	0	0	0	0	0	0	0	0	0	0
SRR21840021	SAMN26308645	0	0	0	0	0	0	0	0	0	0	0	0	0
SRR21840026	SAMN26304855	0	0	0	0	0	0	0	0	0	0	0	0	0
SRR21840033	SAMN26308988	0	0	0	0	0	0	0	0	0	0	0	0	0
SRR21840047	SAMN26304386	0	0	0	0	0	0	0	0	0	0	0	0	0
SRR21840048	SAMN26309329	0	0	0	0	0	0	0	0	0	0	0	0	0
SRR21840050	SAMN26309119	0	0	0	0	0	0	0	0	0	0	0	0	0
SRR21840053	SAMN26304931	0	1	0	0	0	0	0	0	0	0	0	0	0
SRR21840057	SAMN26309117	0	0	0	0	0	0	0	0	0	0	0	0	0
SRR21840060	SAMN26309078	0	0	0	0	0	0	0	0	0	0	0	0	0
SRR21840067	SAMN26308415	1	1	0	0	0	0	0	0	1	1	0	0	0
SRR21840071	SAMN26304582	0	0	0	0	0	0	0	0	0	0	0	0	0
SRR21844381	SAMN26305240	0	1	0	0	0	0	0	0	0	1	0	0	0
SRR21844384	SAMN26304320	0	0	0	0	0	0	0	0	0	0	0	0	0
SRR21844392	SAMN26304448	0	0	0	0	0	0	0	0	0	0	0	0	0
SRR21844393	SAMN26308358	0	1	0	0	0	0	0	0	0	0	0	0	0
SRR21844401	SAMN26305077	0	0	0	0	0	0	0	0	0	0	0	0	0
SRR21844416	SAMN26309372	0	0	0	0	0	0	0	0	0	0	0	0	0
SRR21844419	SAMN26309285	0	0	0	0	0	0	0	0	0	0	0	0	0
SRR21844435	SAMN26305175	0	0	0	0	0	0	0	0	0	0	0	0	0
SRR21844438	SAMN26308840	0	0	0	0	0	0	0	0	0	0	0	0	0
SRR21844456	SAMN26305297	0	0	0	0	0	0	0	0	0	0	0	0	0
SRR21844457	SAMN26308442	0	0	0	0	0	0	0	0	0	1	0	0	0
SRR21844459	SAMN26309275	0	1	0	0	0	0	0	0	0	0	0	0	0
SRR21844460	SAMN26304886	0	0	0	0	0	0	0	0	0	0	0	0	0
SRR21844466	SAMN26308752	0	0	0	0	0	0	0	0	0	0	0	0	0
SRR21844483	SAMN26308942	0	0	0	0	0	0	0	0	0	0	0	0	0
SRR21844496	SAMN26304605	0	1	0	0	0	0	0	0	0	1	0	0	0
SRR21844500	SAMN26309330	0	0	0	0	0	0	0	0	0	0	0	0	0
SRR21844505	SAMN26308989	0	0	0	0	0	0	0	0	0	0	0	0	0
SRR21844507	SAMN26304835	0	0	0	0	0	0	0	0	0	0	0	0	0
SRR21844508	SAMN26305190	1	0	0	0	0	0	0	0	0	1	0	0	0
SRR21844547	SAMN26308597	0	0	0	0	0	0	0	0	0	0	0	0	0
SRR21844551	SAMN26308944	0	0	0	0	0	0	0	0	0	0	0	0	0
SRR21844553	SAMN26308450	0	1	0	0	0	0	0	0	1	0	0	0	0
SRR21844569	SAMN26309274	0	0	0	0	0	0	0	0	0	0	0	0	0
SRR21844573	SAMN26304470	0	0	0	0	0	0	0	0	0	0	0	0	0
SRR21844582	SAMN26309350	0	0	0	0	0	0	0	0	0	0	0	0	0
SRR21844583	SAMN26304899	0	0	0	0	0	0	0	0	0	0	0	0	0
SRR21844599	SAMN26304464	0	0	0	0	0	0	0	0	0	0	0	0	0
SRR21844622	SAMN26305174	0	0	0	0	0	0	0	0	0	0	0	0	0
SRR21844630	SAMN26308849	0	1	0	0	0	0	0	0	1	0	1	0	0
SRR21846546	SAMN26309244	0	1	0	0	0	0	0	0	1	1	0	0	0
SRR21846549	SAMN26309311	0	0	0	0	0	0	0	0	0	0	0	0	0
SRR21846551	SAMN26309320	0	0	0	0	0	0	0	0	0	0	0	0	0
SRR21846552	SAMN26308778	0	1	0	0	0	0	0	0	1	0	1	0	0
SRR21846561	SAMN26308491	1	0	0	0	0	0	0	0	1	1	0	0	0
SRR21846562	SAMN26308482	0	1	0	0	0	0	0	0	1	1	0	0	0
SRR21846566	SAMN26308854	0	1	0	0	0	0	0	0	1	0	0	0	0
SRR21846574	SAMN26308962	0	1	0	0	0	0	0	0	1	1	0	0	0
SRR21846575	SAMN26308960	0	1	0	0	0	0	0	0	1	0	0	0	0
SRR21846590	SAMN26309422	0	0	1	0	0	0	0	0	1	0	0	0	0
SRR21846600	SAMN26304857	0	1	0	0	0	0	0	0	0	1	0	0	0
SRR21846604	SAMN26305151	0	0	0	0	0	0	0	0	0	0	0	0	0
SRR21846617	SAMN26305178	0	0	0	0	0	0	0	0	0	0	0	0	0
SRR21846632	SAMN26309388	0	0	0	0	0	0	0	0	0	0	0	0	0
SRR21846635	SAMN26305246	0	0	0	0	0	0	0	0	0	0	0	0	0
SRR21846637	SAMN26308862	0	0	0	0	0	0	0	0	0	0	0	0	0
SRR21846648	SAMN26304458	0	0	0	0	0	0	0	0	0	0	0	0	0
SRR21846653	SAMN26304398	0	0	0	0	0	0	0	0	0	0	0	0	0
SRR21846688	SAMN26305007	0	0	0	0	0	0	0	0	0	0	0	0	0
SRR21846691	SAMN26308740	0	0	0	0	0	0	0	0	0	0	0	0	0
SRR21846693	SAMN26308348	0	0	0	0	0	0	0	0	0	0	0	0	0
SRR21846699	SAMN26304778	0	0	0	0	0	0	0	0	0	0	0	0	0
SRR21846703	SAMN26308863	0	0	0	0	0	0	0	0	0	0	0	0	0
SRR21846705	SAMN26308391	0	0	0	0	0	0	0	0	0	0	0	0	0
SRR21846707	SAMN26304735	0	1	0	0	0	0	0	0	0	0	0	0	0
SRR21846714	SAMN26308355	0	0	0	0	0	0	0	0	0	0	0	0	0
SRR21846726	SAMN26304437	0	0	0	0	0	0	0	0	0	0	0	0	0
SRR21846727	SAMN26304896	0	0	0	0	0	0	0	0	0	0	0	0	0
SRR21846740	SAMN26309243	0	1	0	0	0	0	0	0	0	1	0	0	0
SRR21846741	SAMN26308459	0	0	0	0	0	0	0	0	0	0	0	0	0
SRR21846749	SAMN26309401	0	0	0	0	0	0	0	0	0	1	0	1	0
SRR21846760	SAMN26305108	0	0	0	0	0	0	0	0	0	0	0	0	0
SRR21846762	SAMN26304970	0	0	0	0	0	0	0	0	0	0	0	0	0
SRR21846771	SAMN26309128	0	0	0	0	0	0	0	0	0	0	0	0	0
SRR21846784	SAMN26308866	0	1	0	0	0	0	0	0	1	0	1	0	0
SRR21846793	SAMN26308779	0	1	0	0	0	0	0	0	1	0	1	0	0
SRR21846796	SAMN26305076	0	0	0	0	0	0	0	0	0	0	0	0	0
SRR21846811	SAMN26305085	0	0	0	0	0	0	0	0	0	1	0	0	0
SRR21846817	SAMN26304598	0	0	0	0	0	0	0	0	0	0	0	0	0
SRR21846820	SAMN26304613	0	0	0	0	0	0	0	0	0	0	0	0	0
SRR21846824	SAMN26308949	0	0	0	0	0	0	0	0	0	0	0	0	0
SRR21846826	SAMN26305001	0	0	0	0	0	0	0	0	0	0	0	0	0
SRR21846836	SAMN26304393	0	0	0	0	0	0	0	0	0	0	0	0	0
SRR21846838	SAMN26304524	0	0	0	0	0	0	0	0	0	0	0	0	0
SRR21846842	SAMN26304403	0	1	0	0	0	0	0	0	0	1	0	0	0
SRR21847732	SAMN26304630	0	0	0	0	0	0	0	0	0	0	0	0	0
SRR21847751	SAMN26304446	0	0	0	0	0	0	0	0	0	0	0	0	0
SRR21847754	SAMN26309373	0	1	0	0	0	0	0	0	0	1	0	0	0
SRR21847768	SAMN26304631	0	0	0	0	0	0	0	0	0	0	0	0	0
SRR21847778	SAMN26308663	0	1	0	0	0	0	0	0	0	0	0	0	0
SRR21847781	SAMN26308428	0	0	0	0	0	0	0	0	1	1	1	0	0
SRR21847786	SAMN26304536	1	0	0	0	0	0	0	0	0	1	0	0	0
SRR21847789	SAMN26305134	1	0	0	0	0	0	0	0	1	1	0	0	0
SRR21847794	SAMN26309057	0	1	0	0	0	0	0	0	1	1	0	0	0
SRR21847817	SAMN26308453	0	0	0	0	0	0	0	0	0	0	0	0	0
SRR21847827	SAMN26304863	0	1	0	0	0	0	0	0	0	0	0	0	0
SRR21847851	SAMN26308531	0	0	0	0	0	0	0	0	0	0	0	0	0
SRR21847859	SAMN26308982	0	0	0	0	0	0	0	0	0	0	0	0	0
SRR21847863	SAMN26305288	0	0	0	0	0	0	0	0	0	0	0	0	0
SRR21847869	SAMN26308951	0	0	0	0	0	0	0	0	0	0	0	0	0
SRR21847878	SAMN26304669	0	0	0	0	0	0	0	0	0	0	0	0	0
SRR21847884	SAMN26308611	0	0	0	0	0	0	0	0	1	0	1	0	0
SRR21847895	SAMN26309059	0	1	0	0	0	0	0	0	0	1	0	0	0
SRR21847904	SAMN26308613	0	1	0	0	0	0	0	0	1	1	0	0	0
SRR21847905	SAMN26309297	0	0	0	0	0	0	0	0	0	0	0	0	0
SRR21847908	SAMN26304348	0	0	0	0	0	0	0	0	0	0	0	0	0
SRR21847922	SAMN26304794	0	1	0	0	0	0	0	0	0	0	0	0	0
SRR21847937	SAMN26304882	0	0	0	0	0	0	0	0	0	0	0	0	0
SRR21847952	SAMN26305261	0	0	0	0	0	0	0	0	0	0	0	0	0
SRR21847962	SAMN26304577	0	0	0	0	0	0	0	0	0	0	0	0	0
SRR21847972	SAMN26308523	0	0	0	0	0	0	0	0	0	0	0	0	0
SRR21847973	SAMN26308983	0	0	0	0	0	0	0	0	0	0	0	0	0
SRR21847974	SAMN26309255	0	0	0	0	0	0	0	0	0	0	0	0	0
SRR21847984	SAMN26304374	0	1	0	0	0	0	0	0	0	0	0	0	0
SRR21847986	SAMN26308562	0	0	0	0	0	0	0	0	0	0	0	0	0
SRR21847998	SAMN26309381	0	1	0	0	0	0	0	0	0	0	0	0	0
SRR21848005	SAMN26304653	0	0	0	0	0	0	0	0	0	0	0	0	0
SRR21849184	SAMN26308846	1	1	0	0	0	0	0	0	1	1	0	0	0
SRR21849186	SAMN26305055	0	0	0	0	0	0	0	0	0	0	0	0	0
SRR21849195	SAMN26304837	0	0	0	0	0	0	0	0	0	0	0	0	0
SRR21849199	SAMN26308691	0	0	0	0	0	0	0	0	0	0	0	0	0
SRR21849200	SAMN26304738	0	0	0	0	0	0	0	0	0	0	0	0	0
SRR21849209	SAMN26309263	0	0	0	0	0	0	0	0	0	0	0	0	0
SRR21849216	SAMN26309193	0	0	0	0	0	0	0	0	0	0	0	0	0
SRR21849219	SAMN26305003	0	0	0	0	0	0	0	0	0	0	0	0	0
SRR21849238	SAMN26309409	0	1	0	0	0	0	0	0	0	0	0	0	0
SRR21849242	SAMN26309200	0	0	0	0	0	0	0	0	0	0	0	0	0
SRR21849243	SAMN26309199	0	0	0	0	0	0	0	0	0	0	0	0	0
SRR21849250	SAMN26308411	0	1	0	0	0	0	0	0	1	1	0	0	0
SRR21849253	SAMN26305258	0	0	0	0	0	0	0	0	0	0	0	0	0
SRR21849262	SAMN26309207	0	1	0	0	0	0	0	0	0	0	0	0	0
SRR21849263	SAMN26304333	0	1	0	0	0	0	0	0	0	0	0	0	0
SRR21849265	SAMN26309015	0	0	0	0	0	0	0	0	0	0	0	0	0
SRR21849270	SAMN26304903	0	1	0	0	0	0	0	0	0	0	0	0	0
SRR21849287	SAMN26309086	0	0	0	0	0	0	0	0	1	0	0	0	0
SRR21849289	SAMN26309206	0	1	0	0	0	0	0	0	0	0	0	0	0
SRR21849290	SAMN26308903	1	0	0	0	0	0	0	0	0	0	0	1	0
SRR21849291	SAMN26308389	0	0	0	0	0	0	0	0	0	0	0	0	0
SRR21849294	SAMN26308890	0	1	0	0	0	0	0	0	1	1	0	0	0
SRR21849300	SAMN26308410	0	1	0	0	0	0	0	0	1	1	0	0	0
SRR21849309	SAMN26309012	0	1	0	0	0	0	0	0	0	1	0	0	0
SRR21849315	SAMN26308384	0	0	0	0	0	0	0	0	0	0	0	0	0
SRR21849322	SAMN26304849	0	1	0	0	0	0	0	0	0	1	0	0	0
SRR21849331	SAMN26308886	0	1	0	0	0	0	0	0	0	0	0	0	0
SRR21849343	SAMN26309387	0	0	0	0	0	0	0	0	0	0	0	0	0
SRR21849348	SAMN26308913	0	0	0	0	0	0	0	0	0	0	0	0	0
SRR21849359	SAMN26304814	0	1	0	0	0	0	0	0	1	0	1	0	0
SRR21849362	SAMN26308404	0	1	0	0	0	0	0	0	1	1	0	0	0
SRR21849371	SAMN26309333	0	0	0	0	0	0	0	0	0	0	0	0	0
SRR21849377	SAMN26305269	0	0	0	0	0	0	0	0	0	0	0	0	0
SRR21849378	SAMN26305193	0	0	0	0	0	0	0	0	0	0	0	0	0
SRR21849390	SAMN26309175	0	0	0	0	0	0	0	0	0	0	0	0	0
SRR21849400	SAMN26304525	0	1	0	0	0	0	0	0	0	1	0	0	0
SRR21849402	SAMN26309149	0	0	0	0	0	0	0	0	0	0	0	0	0
SRR21849405	SAMN26308385	0	0	0	0	0	0	0	0	0	0	0	0	0
SRR21849421	SAMN26304648	0	0	0	0	0	0	0	0	0	0	0	0	0
SRR21849423	SAMN26309421	0	1	0	0	0	0	0	0	0	0	0	0	0
SRR21849431	SAMN26309068	1	0	0	0	0	0	0	0	0	0	0	0	0
SRR21849433	SAMN26309353	0	1	0	0	0	0	0	0	0	1	0	0	0
SRR2239576	SAMN03177616	0	0	0	0	0	0	0	0	0	1	0	0	0
SRR2239586	SAMN03177626	0	0	0	0	0	0	0	0	1	1	0	0	0
SRR2239594	SAMN03177634	0	1	0	0	0	0	0	0	0	1	1	0	0
SRR2239597	SAMN03177637	0	0	0	0	0	0	0	0	0	1	0	0	0
SRR2239600	SAMN03177640	0	0	0	0	0	0	0	0	0	1	0	0	0
SRR2239608	SAMN03177648	0	1	0	0	0	0	0	0	1	0	0	0	0
SRR2239629	SAMN03177669	0	1	0	0	0	0	0	0	0	1	0	0	0
SRR2239638	SAMN03177678	0	0	0	0	0	0	0	0	0	1	0	0	0
SRR23063362	SAMN32680975	1	1	0	0	0	0	0	0	0	0	0	0	0
SRR23106206	SAMN32778010	1	1	0	0	1	0	0	0	1	0	1	0	0
SRR23106219	SAMN32777998	0	1	0	0	1	0	0	0	1	0	1	0	0
SRR23106223	SAMN32777995	1	1	0	0	1	1	0	0	1	0	1	0	0
SRR23106279	SAMN32778019	1	1	0	0	1	0	0	0	1	0	1	1	0
SRR23106328	SAMN32778048	1	1	0	0	1	1	0	1	1	0	0	0	0
SRR23106396	SAMN32778030	1	1	0	0	1	1	0	0	1	0	1	0	0
SRR23106401	SAMN32777936	1	0	0	0	1	0	0	1	1	0	1	0	0
SRR23602977	SAMN33426532	0	0	0	0	0	0	0	0	0	0	0	0	0
SRR23603017	SAMN33426544	0	0	0	0	0	0	0	0	0	0	0	0	0
SRR23603517	SAMN33426865	1	0	0	0	0	0	0	1	1	0	0	0	0
SRR23611037	SAMN33435763	0	0	0	0	0	0	0	0	0	0	0	0	0
SRR23611038	SAMN33435762	0	0	0	0	0	0	0	0	0	0	0	0	0
SRR23611295	SAMN33436155	0	0	0	0	0	0	0	0	0	0	0	0	0
SRR23611296	SAMN33436154	0	1	0	0	0	0	0	0	0	1	0	0	0
SRR25437040	SAMN36726422	1	1	0	0	0	0	0	0	0	0	0	0	0
SRR25437043	SAMN36726419	1	1	0	0	0	0	0	0	0	0	0	0	0
SRR25437058	SAMN36726457	1	0	0	0	1	0	0	1	1	0	0	0	0
SRR25437061	SAMN36726454	1	0	1	0	0	0	0	0	1	1	1	0	0
SRR25437080	SAMN36726437	1	0	0	0	0	0	0	1	0	0	0	0	0
SRR25437130	SAMN36726698	1	1	0	0	0	0	0	0	0	1	0	1	0
SRR25437136	SAMN36726693	1	0	0	0	0	0	0	0	1	0	0	0	0
SRR25437138	SAMN36726691	1	0	0	0	0	0	0	0	1	0	0	0	0
SRR25437160	SAMN36726645	1	1	0	0	0	0	0	0	1	1	0	0	0
SRR25437192	SAMN36726667	1	0	0	0	0	0	0	0	1	0	0	0	0
SRR25437421	SAMN36727315	1	0	0	0	0	0	0	1	0	0	0	0	0
SRR25437450	SAMN36727329	1	0	0	0	0	0	0	1	1	0	0	0	0
SRR25437456	SAMN36727298	1	1	0	0	0	0	0	1	0	0	0	1	0
SRR25438464	SAMN36728989	1	0	0	0	0	0	0	0	1	1	0	0	0
SRR25438473	SAMN36728981	1	0	0	0	0	0	0	0	0	0	0	0	0
SRR25438486	SAMN36728944	1	1	0	0	0	0	0	0	1	1	0	0	0
SRR25438491	SAMN36728895	1	0	0	0	0	0	0	1	1	0	0	0	0
SRR25438504	SAMN36728928	1	0	0	0	0	0	0	0	1	1	0	0	0
SRR25438514	SAMN36729185	0	1	0	0	0	0	0	0	0	1	0	1	0
SRR25438557	SAMN36729095	0	0	0	0	0	0	0	0	0	0	0	0	0
SRR25438581	SAMN36729049	0	1	1	0	0	0	0	0	1	1	0	0	0
SRR25438605	SAMN36728963	1	1	0	0	0	0	0	0	0	0	0	0	0
SRR25438629	SAMN36729081	1	0	0	0	0	0	0	1	0	0	0	0	0
SRR25438661	SAMN36729027	1	0	0	0	0	0	0	0	1	0	0	0	0
SRR25438679	SAMN36729137	1	0	0	0	0	0	0	1	1	0	0	0	0
SRR25438707	SAMN36729010	0	1	0	0	0	0	0	0	1	1	0	1	0
SRR25438710	SAMN36729008	1	1	0	0	0	0	0	0	1	0	0	0	0
SRR25438731	SAMN36728891	1	0	0	0	0	0	0	0	1	1	0	0	0
SRR26176500	SAMN37516943	1	0	0	0	0	0	0	0	1	0	0	0	0
SRR26176503	SAMN37516941	1	0	0	0	0	0	0	0	1	1	0	0	0
SRR26176506	SAMN37516938	1	0	0	0	0	0	0	0	0	1	0	0	0
SRR26176519	SAMN37516926	1	1	0	0	0	0	0	0	0	1	0	0	0
SRR26176521	SAMN37516924	1	0	0	0	0	0	0	1	0	0	0	0	0
SRR26176526	SAMN37516920	1	1	0	0	0	0	0	0	0	0	0	0	0
SRR26176545	SAMN37516876	1	1	0	0	0	0	0	1	1	1	0	0	0
SRR26176555	SAMN37516893	1	1	0	0	0	0	0	0	0	0	0	0	0
SRR26176562	SAMN37516887	1	0	0	0	0	0	0	1	1	0	0	0	0
SRR2669141	SAMN04160768	1	1	0	0	0	0	0	0	0	0	0	0	0
SRR2671127	SAMN04160760	0	0	0	0	0	0	0	0	1	1	0	0	0
SRR2671136	SAMN04160758	1	0	0	0	0	0	0	0	0	0	0	0	0
SRR26854810	SAMN38285456	0	0	0	0	0	0	0	0	1	0	1	0	0
SRR28625620	SAMN40930686	1	0	0	0	0	0	0	1	1	1	0	0	0
SRR28625624	SAMN40930682	1	0	0	0	0	0	0	0	1	0	0	0	0
SRR28625638	SAMN40930670	1	1	0	0	0	0	0	0	0	0	0	0	0
SRR28625645	SAMN40930663	1	0	0	0	0	0	0	0	1	1	0	0	0
SRR28625646	SAMN40930662	1	0	0	0	0	0	0	0	1	1	0	0	0
SRR28813415	SAMN41091872	1	0	0	0	0	0	0	0	1	1	0	0	0
SRR2927303	SAMN04279645	1	0	0	0	0	0	0	0	1	1	0	0	0
SRR2927304	SAMN04279646	1	0	0	0	0	0	0	0	1	1	0	0	0
SRR2976832	SAMN04022942	1	0	0	0	0	0	0	0	0	0	0	0	0
SRR2976833	SAMN04022943	0	1	0	0	0	0	0	0	0	1	1	0	0
SRR3050852	SAMN04357503	0	0	0	0	0	0	0	0	1	0	0	0	0
SRR3050853	SAMN04357504	0	1	0	0	0	0	0	0	0	0	0	0	0
SRR3050855	SAMN04357506	1	0	0	0	0	0	0	1	1	0	0	0	0
SRR3050871	SAMN04357522	0	0	1	0	0	0	0	0	1	0	0	0	0
SRR3050873	SAMN04357524	0	1	0	0	0	0	0	0	0	0	0	0	0
SRR3050875	SAMN04357526	0	0	0	0	0	0	0	0	0	0	0	0	0
SRR3050890	SAMN04357541	0	1	0	0	0	0	0	0	1	1	0	0	0
SRR3050903	SAMN04357554	0	1	0	0	0	0	0	0	0	0	0	0	0
SRR3050915	SAMN04357566	0	1	0	0	0	0	0	0	1	0	0	0	0
SRR3050920	SAMN04357571	0	0	0	0	0	0	0	0	0	0	0	0	0
SRR3050928	SAMN04357579	0	0	0	0	0	0	0	1	1	0	0	0	0
SRR3050937	SAMN04357588	0	0	0	0	0	0	0	0	0	0	0	0	0
SRR3050947	SAMN04357598	0	0	0	0	0	0	0	1	1	0	0	0	0
SRR3050959	SAMN04357610	0	1	0	0	0	0	0	0	0	0	0	0	0
SRR3050965	SAMN04357616	0	0	0	0	0	0	0	0	0	0	0	0	0
SRR3050976	SAMN04357627	0	1	0	0	0	0	0	0	0	0	1	0	0
SRR3050979	SAMN04357630	0	1	0	0	0	0	0	0	1	1	0	0	0
SRR3050980	SAMN04357631	0	1	0	0	0	0	0	0	1	1	0	0	0
SRR3050981	SAMN04357632	1	1	0	0	0	0	0	1	0	1	0	1	0
SRR3050986	SAMN04357637	0	1	0	0	0	0	0	0	0	1	0	0	0
SRR3050987	SAMN04357638	0	1	0	0	0	0	0	0	0	1	0	0	0
SRR3050991	SAMN04357642	0	1	0	0	0	0	0	0	0	0	0	0	0
SRR3051028	SAMN04357679	0	0	0	0	0	0	0	0	0	0	0	0	0
SRR3051039	SAMN04357690	0	1	0	0	0	0	0	0	0	1	0	0	0
SRR3051040	SAMN04357691	1	0	0	0	0	0	0	1	1	0	0	0	0
SRR3051041	SAMN04357692	1	1	0	0	1	0	0	1	1	0	1	0	0
SRR3051042	SAMN04357693	1	1	0	0	0	1	0	0	1	0	0	0	0
SRR3051047	SAMN04357698	1	1	0	0	0	1	0	0	0	1	0	0	0
SRR3051053	SAMN04357704	1	0	0	0	1	0	0	1	1	1	1	0	0
SRR3051079	SAMN04357730	1	1	0	0	0	0	0	0	0	1	0	0	0
SRR3051083	SAMN04357734	0	1	0	0	0	0	0	0	1	1	0	0	0
SRR3051085	SAMN04357736	0	0	0	0	0	0	1	0	1	0	0	0	0
SRR3057122	SAMN04339724	1	1	0	0	0	0	0	0	0	0	0	0	0
SRR3057126	SAMN04339728	1	1	0	0	0	0	0	0	1	1	1	0	0
SRR3057133	SAMN04339718	1	0	0	0	0	0	0	0	0	0	0	0	0
SRR3057134	SAMN04339719	1	0	0	0	0	0	0	0	1	1	0	0	0
SRR3095382	SAMN04393398	1	1	0	0	0	0	0	0	0	0	0	0	0
SRR3095388	SAMN04393391	0	1	0	0	0	0	0	0	0	1	0	0	0
SRR31121263	SAMN43564626	0	0	0	0	0	0	0	0	1	1	0	0	0
SRR31121269	SAMN43564595	0	0	0	0	0	0	0	0	1	1	0	0	0
SRR31121273	SAMN43564518	0	0	0	0	0	0	0	0	1	1	0	0	0
SRR31121288	SAMN43563533	0	0	0	0	0	0	0	0	0	0	0	0	0
SRR31121294	SAMN43563616	0	0	0	0	0	0	0	0	0	0	0	0	0
SRR31121351	SAMN43563260	0	1	0	0	0	0	0	0	1	0	0	0	0
SRR31121361	SAMN43563234	0	0	0	0	0	0	0	0	1	1	0	0	0
SRR31121369	SAMN43563912	0	0	0	0	0	0	0	0	0	0	0	0	0
SRR31121385	SAMN43563255	0	0	0	0	0	0	0	0	1	0	0	0	0
SRR31121402	SAMN43563387	0	0	0	0	0	0	0	0	0	0	0	0	0
SRR31121405	SAMN43564003	0	0	0	0	0	0	0	0	1	0	0	0	0
SRR31121409	SAMN43563391	0	1	0	0	0	0	0	0	0	0	0	0	0
SRR31121451	SAMN43563328	0	0	0	0	0	0	0	0	0	0	0	0	0
SRR31121471	SAMN43563069	0	0	0	0	0	0	0	0	0	0	0	0	0
SRR31121485	SAMN43562919	0	0	0	0	0	0	0	0	0	0	0	0	0
SRR31121487	SAMN43562934	0	0	0	0	0	0	0	0	1	1	0	0	0
SRR31121492	SAMN43562929	0	0	0	0	0	0	0	0	0	0	0	0	0
SRR31121493	SAMN43562923	0	0	0	0	0	0	0	0	0	0	0	0	0
SRR31121575	SAMN43563202	0	0	0	0	0	0	0	0	0	0	0	0	0
SRR31121579	SAMN43563192	0	0	0	0	0	0	0	0	0	0	0	0	0
SRR31121580	SAMN43563203	0	0	0	0	0	0	0	0	0	0	0	0	0
SRR31121581	SAMN43563194	0	0	0	0	0	0	0	0	0	0	0	0	0
SRR31121643	SAMN43562906	0	0	0	0	0	0	0	0	0	0	0	0	0
SRR31121646	SAMN43562916	0	0	0	0	0	0	0	0	1	1	0	0	0
SRR31121649	SAMN43562895	0	0	0	0	0	0	0	0	0	1	0	0	0
SRR31121653	SAMN43563480	0	0	0	0	0	0	0	0	0	1	0	0	0
SRR31121667	SAMN43562771	0	0	0	0	0	0	0	0	0	0	0	0	0
SRR31121668	SAMN43563342	0	0	0	0	0	0	0	0	0	0	0	0	0
SRR31121678	SAMN43562789	0	0	0	0	0	0	0	0	0	1	0	0	0
SRR31121680	SAMN43563478	0	0	0	0	0	0	0	0	0	1	0	0	0
SRR31121686	SAMN43562982	0	0	0	0	0	0	0	0	0	0	0	0	0
SRR31121687	SAMN43563097	0	0	0	0	0	0	0	0	1	1	0	0	0
SRR31121694	SAMN43563149	0	0	0	0	0	0	0	0	1	1	0	0	0
SRR31121706	SAMN43563285	0	0	0	0	0	0	0	0	1	1	0	0	0
SRR31121708	SAMN43564958	0	0	0	0	0	0	0	0	1	0	0	0	0
SRR31121709	SAMN43564949	0	0	0	0	0	0	0	0	0	0	0	0	0
SRR31121710	SAMN43564573	0	0	0	0	0	0	0	0	1	1	0	0	0
SRR31121716	SAMN43564576	0	0	0	0	0	0	0	0	1	1	0	0	0
SRR31121722	SAMN43564696	0	0	0	0	0	0	0	0	1	1	0	0	0
SRR31121723	SAMN43564392	0	0	0	0	0	0	0	0	1	1	0	0	0
SRR31121724	SAMN43564492	0	0	0	0	0	0	0	0	1	0	0	0	0
SRR31121733	SAMN43564460	0	0	0	0	0	0	0	0	0	0	0	0	0
SRR31121735	SAMN43563363	0	0	0	0	0	0	0	0	0	0	0	0	0
SRR31121736	SAMN43563281	0	0	0	0	0	0	0	0	1	1	0	0	0
SRR31121738	SAMN43563065	0	0	0	0	0	0	0	0	1	1	1	0	0
SRR31121751	SAMN43564909	0	0	0	0	0	0	0	0	1	1	0	0	0
SRR31121780	SAMN43564843	0	0	0	0	0	0	0	0	1	1	0	0	0
SRR31121797	SAMN43563802	0	0	0	0	0	0	0	0	0	0	0	0	0
SRR31121862	SAMN43563032	0	0	0	0	0	0	0	0	0	0	0	0	0
SRR31121868	SAMN43564557	0	0	0	0	0	0	0	0	1	1	0	0	0
SRR31121874	SAMN43565188	0	0	0	0	0	0	0	0	1	1	0	0	0
SRR31121880	SAMN43565117	0	0	0	0	0	0	0	0	0	0	0	0	0
SRR31121904	SAMN43563566	0	0	0	0	0	0	0	0	0	0	0	0	0
SRR31121918	SAMN43564554	0	1	0	0	0	0	0	0	0	0	0	0	0
SRR31121921	SAMN43564458	0	0	0	0	0	0	0	0	1	1	0	0	0
SRR31121929	SAMN43564531	0	0	0	0	0	0	0	0	1	1	0	0	0
SRR31121932	SAMN43564188	0	0	0	0	0	0	0	0	1	0	0	0	0
SRR31121935	SAMN43563539	0	0	0	0	0	0	0	0	1	1	0	0	0
SRR31121952	SAMN43563988	0	0	0	0	0	0	0	0	1	1	0	0	0
SRR31121958	SAMN43563856	0	0	0	0	0	0	0	0	0	0	0	0	0
SRR31121964	SAMN43563831	0	0	0	0	0	0	0	0	0	0	0	0	0
SRR31121983	SAMN43564747	0	1	0	0	0	0	0	0	1	1	0	0	0
SRR31121994	SAMN43564682	0	0	0	0	0	0	0	0	1	1	0	0	0
SRR31121995	SAMN43564677	0	0	0	0	0	0	0	0	1	1	0	0	0
SRR31122008	SAMN43564254	0	0	0	0	0	0	0	0	0	1	0	0	0
SRR31122010	SAMN43564420	0	0	0	0	0	0	0	0	1	1	0	0	0
SRR31122016	SAMN43564400	0	0	0	0	0	0	0	0	0	1	0	0	0
SRR31122038	SAMN43563169	0	0	0	0	0	0	0	0	0	0	0	0	0
SRR31122055	SAMN43563974	0	0	0	0	0	0	0	0	0	0	0	0	0
SRR31122061	SAMN43563288	0	0	0	0	0	0	0	0	0	1	0	0	0
SRR31122071	SAMN43563109	0	1	0	0	0	0	0	0	1	0	0	0	0
SRR31122072	SAMN43563127	0	0	0	0	0	0	0	0	0	0	0	0	0
SRR31122095	SAMN43563337	0	0	0	0	0	0	0	0	1	0	0	0	0
SRR31122127	SAMN43563493	0	0	0	0	0	0	0	0	0	0	0	0	0
SRR31122129	SAMN43563591	0	0	0	0	0	0	0	0	1	1	0	0	0
SRR31122142	SAMN43563366	0	0	0	0	0	0	0	0	1	1	0	0	0
SRR31122175	SAMN43562782	0	0	0	0	0	0	0	0	1	0	0	0	0
SRR31122179	SAMN43562751	0	0	0	0	0	0	0	0	1	1	0	0	0
SRR31122194	SAMN43562779	0	0	0	0	0	0	0	0	1	1	0	0	0
SRR31122200	SAMN43563226	0	0	0	0	0	0	0	0	1	1	1	0	0
SRR31122202	SAMN43563305	0	0	0	0	0	0	0	0	0	1	0	0	0
SRR31122206	SAMN43563118	0	0	0	0	0	0	0	0	0	1	0	0	0
SRR31122210	SAMN43563011	0	0	0	0	0	0	0	0	0	0	0	0	0
SRR31122215	SAMN43563217	0	0	0	0	0	0	0	0	1	1	0	0	0
SRR31122224	SAMN43563301	0	0	0	0	0	0	0	0	1	1	0	0	0
SRR31122231	SAMN43564896	1	0	0	0	0	0	0	0	0	1	0	0	0
SRR31122245	SAMN43564981	0	0	0	0	0	0	0	0	1	1	0	1	0
SRR3112266	SAMN04014856	1	1	0	0	0	0	0	1	1	1	0	0	0
SRR3112315	SAMN04014889	1	1	0	0	1	0	0	1	1	0	1	0	0
SRR3112329	SAMN04014922	0	1	0	0	0	0	0	0	0	0	0	0	0
SRR31139370	SAMN43563020	0	0	0	0	0	0	0	0	0	0	0	0	0
SRR31139371	SAMN43563003	0	0	0	0	0	0	0	0	0	0	0	0	0
SRR31139640	SAMN43564992	0	0	0	0	0	0	0	0	0	1	0	0	0
SRR31139642	SAMN43564969	0	0	0	0	0	0	0	0	0	1	0	0	0
SRR31139728	SAMN43565074	0	0	0	0	0	0	0	0	1	1	0	0	0
SRR31139759	SAMN43564685	0	0	0	0	0	0	0	0	0	0	0	0	0
SRR31139760	SAMN43565180	0	0	0	0	0	0	0	0	1	1	0	0	0
SRR31139769	SAMN43565152	0	0	0	0	0	0	0	0	0	0	0	0	0
SRR31139792	SAMN43565111	0	0	0	0	0	0	0	0	1	1	0	0	0
SRR31139803	SAMN43565105	0	1	0	0	0	0	0	0	0	1	0	0	0
SRR31139818	SAMN43564952	0	0	0	0	0	0	0	0	0	0	0	0	0
SRR31139850	SAMN43564864	0	0	0	0	0	0	0	0	0	0	0	0	0
SRR31139899	SAMN43565148	0	0	0	0	0	0	0	0	0	0	0	0	0
SRR31139900	SAMN43565151	0	0	0	0	0	0	0	0	0	0	0	0	0
SRR31139982	SAMN43565096	0	0	0	0	0	0	0	0	0	0	0	0	0
SRR31139993	SAMN43564890	0	0	0	0	0	0	0	0	1	1	0	0	0
SRR31140047	SAMN43565023	0	0	0	0	0	0	0	0	0	1	0	0	0
SRR31140230	SAMN43564540	0	1	0	0	0	0	0	0	0	0	0	0	0
SRR31140356	SAMN43563812	0	1	0	0	0	0	0	0	0	0	0	0	0
SRR31140411	SAMN43562968	0	0	0	0	0	0	0	0	0	0	0	0	0
SRR31140419	SAMN43563953	0	0	0	0	0	0	0	0	0	0	0	0	0
SRR31140459	SAMN43563636	0	0	1	0	0	0	0	0	1	1	0	0	0
SRR31140460	SAMN43563631	0	0	0	0	0	0	0	0	0	0	0	0	0
SRR31140461	SAMN43563639	0	1	0	0	0	0	0	0	0	0	0	0	0
SRR31140480	SAMN43562975	0	0	0	0	0	0	0	0	1	1	0	0	0
SRR31140513	SAMN43563902	0	0	0	0	0	0	0	0	0	0	0	0	0
SRR31140568	SAMN43563610	0	0	0	0	0	0	0	0	0	1	0	0	0
SRR31140578	SAMN43563585	0	1	0	0	0	0	0	0	1	0	0	0	0
SRR31140607	SAMN43564672	0	0	0	0	0	0	0	0	0	0	0	0	0
SRR31140681	SAMN43564339	0	0	0	0	0	0	0	0	0	0	0	0	0
SRR31140693	SAMN43564319	0	0	0	0	0	0	0	0	0	0	0	0	0
SRR31140714	SAMN43564257	0	0	0	0	0	0	0	0	0	0	0	0	0
SRR31140737	SAMN43563869	0	0	0	0	0	0	0	0	0	0	0	0	0
SRR31140746	SAMN43563865	0	0	0	0	0	0	0	0	1	0	0	0	0
SRR31140789	SAMN43563597	0	0	0	0	0	0	0	0	0	1	0	0	0
SRR31140838	SAMN43564482	0	0	0	0	0	0	0	0	0	0	0	0	0
SRR31140857	SAMN43563692	0	0	0	0	0	0	0	0	0	0	0	0	0
SRR31140874	SAMN43564350	0	0	0	0	0	0	0	0	0	0	0	0	0
SRR31140887	SAMN43564237	0	0	0	0	0	0	0	0	1	1	0	0	0
SRR31140889	SAMN43564197	0	1	0	0	0	0	0	0	0	0	0	0	0
SRR31140900	SAMN43564232	0	0	1	0	0	0	0	0	1	0	0	0	0
SRR31140904	SAMN43564233	0	0	0	0	0	0	0	0	0	1	0	0	0
SRR31140911	SAMN43564159	0	0	0	0	0	0	0	0	0	1	0	0	0
SRR31140923	SAMN43564088	0	0	0	0	0	0	0	0	0	0	0	0	0
SRR31140932	SAMN43563918	0	0	0	0	0	0	0	0	1	1	0	0	0
SRR31140959	SAMN43564107	0	0	0	0	0	0	0	0	0	0	0	0	0
SRR31141004	SAMN43563991	0	0	0	0	0	0	0	0	0	0	0	0	0
SRR31141027	SAMN43563678	0	0	0	0	0	0	0	0	0	0	0	0	0
SRR31141054	SAMN43563827	0	0	0	0	0	0	0	0	0	0	0	0	0
SRR31141099	SAMN43563738	0	0	0	0	0	0	0	0	0	0	0	0	0
SRR31141112	SAMN43564713	0	0	0	0	0	0	0	0	1	0	0	0	0
SRR31141130	SAMN43564608	0	1	0	0	0	0	0	0	1	1	0	0	0
SRR31141132	SAMN43564624	0	0	1	0	0	0	0	0	1	0	0	0	0
SRR31141134	SAMN43564631	0	0	0	0	0	0	0	0	0	1	0	0	0
SRR31141146	SAMN43564606	0	0	0	0	0	0	0	0	0	1	0	0	0
SRR31141190	SAMN43563087	0	0	0	0	0	0	0	0	1	1	0	0	0
SRR3168643	SAMN04456584	1	1	0	0	0	0	0	1	0	0	0	0	0
SRR3191409	SAMN04510557	0	0	0	0	0	0	0	0	1	1	0	0	0
SRR3199589	SAMN04526076	0	0	0	0	0	0	0	0	0	0	0	0	0
SRR3205733	SAMN04531125	0	0	0	0	0	0	0	0	0	0	0	0	0
SRR3236167	SAMN04563576	0	0	0	0	0	0	0	0	0	0	0	0	0
SRR3241576	SAMN04568568	0	0	0	0	0	0	0	0	0	0	0	0	0
SRR32629548	SAMN07291521	0	0	0	0	0	0	0	0	1	0	0	0	0
SRR3290091	SAMN04571743	1	1	0	0	0	0	0	1	1	1	0	1	0
SRR33047825	SAMN46558899	0	1	0	0	1	0	0	0	1	0	0	0	0
SRR33047833	SAMN46558892	1	1	0	0	1	0	0	0	1	0	1	0	0
SRR3344219	SAMN04621602	0	0	0	0	0	0	0	0	0	0	0	0	0
SRR3345831	SAMN04622923	1	0	0	0	0	0	0	1	1	1	0	0	0
SRR3457629	SAMN04908468	0	0	0	0	0	0	0	0	0	0	0	0	0
SRR3475948	SAMN04942588	0	0	0	0	0	0	0	0	0	0	0	0	0
SRR3618633	SAMN05194539	1	0	0	0	0	0	0	1	1	1	0	0	0
SRR3715459	SAMN05272515	0	0	0	0	0	0	0	0	0	0	0	0	0
SRR3953317	SAMN05440605	0	0	0	0	0	0	0	0	0	0	0	0	0
SRR3982099	SAMN05170063	0	0	0	0	0	0	0	0	0	1	0	0	0
SRR3982376	SAMN05170086	0	0	0	0	0	0	0	0	0	1	0	0	0
SRR3996244	SAMN05170127	1	0	0	0	0	0	0	1	1	1	1	0	0
SRR4017839	SAMN05170184	1	0	0	0	0	0	0	1	1	0	0	0	0
SRR4017886	SAMN05170210	0	1	0	0	0	0	0	0	1	0	1	0	0
SRR4017896	SAMN05170220	0	1	0	1	0	0	0	0	0	1	0	0	0
SRR4019404	SAMN05510457	1	1	0	0	0	0	0	1	1	1	0	0	0
SRR4065706	SAMN05170351	0	0	0	1	0	0	0	0	0	0	0	0	0
SRR4069214	SAMN05170356	1	1	0	0	0	0	0	0	0	0	0	0	0
SRR4294837	SAMN05806162	1	0	0	0	0	0	0	0	1	0	0	0	0
SRR4294842	SAMN05806175	0	1	0	0	0	0	0	0	1	1	0	0	0
SRR4294845	SAMN05806164	1	0	0	0	0	0	0	1	1	0	0	0	0
SRR4294847	SAMN05806166	1	1	0	0	0	0	0	0	0	1	0	1	0
SRR4923154	SAMN05916202	0	0	0	0	0	0	0	0	0	0	0	0	0
SRR5120215	SAMN06007768	1	0	0	0	0	0	0	0	0	0	0	0	0
SRR5120217	SAMN06007775	1	0	0	0	0	0	0	0	1	0	0	0	0
SRR5120226	SAMN06015662	1	1	0	0	0	0	0	1	0	0	0	1	0
SRR5120228	SAMN06015666	1	0	0	0	0	0	0	1	1	0	0	0	0
SRR5152378	SAMN06175433	0	0	0	0	0	0	0	0	0	0	0	0	0
SRR5237401	SAMN06311518	0	1	0	0	0	0	0	0	0	1	0	0	0
SRR5283175	SAMN06283844	0	0	0	0	0	0	0	0	0	0	0	0	0
SRR5289383	SAMN06346137	0	0	0	0	0	0	0	0	0	0	0	0	0
SRR5292143	SAMN06368760	0	0	0	0	0	0	0	0	0	0	0	0	0
SRR5312160	SAMN06475293	0	0	0	0	0	0	0	0	0	0	0	0	0
SRR5398450	SAMN06672151	1	0	0	0	0	0	0	0	0	0	0	0	0
SRR5445921	SAMN06754733	1	0	0	0	0	0	0	0	1	1	0	0	0
SRR5765341	SAMN07255258	0	0	0	0	0	0	0	0	0	0	0	0	0
SRR5787729	SAMN07203337	0	0	0	0	0	0	0	0	0	0	0	0	0
SRR5810504	SAMN07332512	1	1	0	0	0	0	0	0	0	0	0	0	0
SRR5870546	SAMN07361839	0	0	0	0	0	0	0	0	0	0	0	0	0
SRR5901138	SAMN07450854	0	0	0	0	0	0	0	0	0	0	0	0	0
SRR5928752	SAMN07410534	0	0	0	0	0	0	0	0	0	0	0	0	0
SRR5943513	SAMN07450661	1	0	0	0	0	0	0	1	1	0	0	0	0
SRR6011644	SAMN07573684	0	0	0	0	0	0	0	0	0	0	0	0	0
SRR6069473	SAMN07605226	0	0	0	0	0	0	0	0	0	0	0	0	0
SRR6072240	SAMN07626117	0	0	0	0	0	0	0	0	0	0	0	0	0
SRR6160438	SAMN07747812	0	0	0	0	0	0	0	0	0	0	0	0	0
SRR6164688	SAMN07757825	0	0	0	0	0	0	0	0	0	0	0	0	0
SRR6181315	SAMN07795430	0	0	0	0	0	0	0	0	0	0	0	0	0
SRR6207520	SAMN07812334	0	0	0	0	0	0	0	0	0	0	0	0	0
SRR6293185	SAMN08016890	0	0	0	0	0	0	0	0	0	1	0	0	0
SRR6310687	SAMN07709882	0	0	0	0	0	0	0	0	0	0	0	0	0
SRR6385000	SAMN08165357	0	0	0	0	0	0	0	0	0	0	0	0	0
SRR6385001	SAMN08165354	0	0	0	0	0	0	0	0	0	0	0	0	0
SRR6410631	SAMN08204769	0	0	0	0	0	0	0	0	0	0	0	0	0
SRR6484758	SAMN08330136	0	0	0	0	0	0	0	0	1	1	0	0	0
SRR6507037	SAMN08383720	0	0	0	0	0	0	0	0	0	0	0	0	0
SRR6742566	SAMN08397420	0	0	0	0	0	0	0	0	0	0	0	0	0
SRR6743536	SAMN08558967	0	0	0	0	0	0	0	0	0	1	0	0	0
SRR6743550	SAMN08558984	0	0	0	0	0	0	0	0	0	0	0	0	0
SRR6761137	SAMN07709879	0	0	0	0	0	0	0	0	0	0	0	0	0
SRR6766971	SAMN08595263	0	0	0	0	0	0	0	0	0	0	0	0	0
SRR6786701	SAMN08616882	0	0	0	0	0	0	0	0	0	0	0	0	0
SRR6994977	SAMN07291527	0	0	0	0	0	0	0	1	1	0	0	0	0
SRR7048440	SAMN08963224	0	0	0	0	0	0	0	0	0	0	0	0	0
SRR7048446	SAMN08963230	0	0	0	0	0	0	0	0	0	0	0	0	0
SRR7050046	SAMN08964475	0	0	0	0	0	0	0	0	0	0	0	0	0
SRR7064605	SAMN08963939	0	1	0	0	0	0	0	0	1	1	1	0	0
SRR7178215	SAMN09221039	0	0	0	0	0	0	0	0	1	1	0	0	0
SRR7244093	SAMN09289785	0	0	0	0	0	0	0	0	0	1	0	0	0
SRR7278739	SAMN08971997	1	1	0	0	0	0	0	0	0	1	1	0	0
SRR7505603	SAMN09637009	0	0	0	0	0	0	0	0	0	0	0	0	0
SRR7537046	SAMN09689822	0	0	0	0	0	0	0	0	0	0	0	0	0
SRR7540826	SAMN09691904	0	0	0	0	0	0	0	0	0	0	0	0	0
SRR7631851	SAMN09753038	0	0	0	0	0	0	0	0	0	0	0	0	0
SRR7638091	SAMN09729018	0	0	0	0	0	0	0	0	0	0	0	0	0
SRR7641448	SAMN09763593	0	0	0	0	0	0	0	0	0	0	0	0	0
SRR7647874	SAMN09729004	0	0	0	0	0	0	0	0	0	0	0	0	0
SRR7739469	SAMN09880072	0	0	0	0	0	0	0	0	0	0	0	0	0
SRR7765064	SAMN09839638	0	0	0	0	0	0	0	0	0	0	0	0	0
SRR7767491	SAMN09934185	0	0	0	0	0	0	0	0	0	0	0	0	0
SRR7788245	SAMN09951537	0	0	0	0	0	0	0	0	0	0	0	0	0
SRR7894997	SAMN10112251	0	0	0	0	0	0	0	0	0	0	0	0	0
SRR7909943	SAMN10139164	0	0	0	0	0	0	0	0	0	0	0	0	0
SRR8095286	SAMN10221516	0	0	0	0	0	0	0	0	0	0	0	0	0
SRR8095290	SAMN10221034	0	0	0	0	0	0	0	0	1	0	0	0	0
SRR8095308	SAMN10221211	0	0	0	0	0	0	0	0	1	0	0	0	0
SRR8095330	SAMN10221038	0	0	0	0	0	0	0	0	1	0	0	0	0
SRR8095335	SAMN10221373	0	0	0	0	0	0	0	0	0	0	0	0	0
SRR8095344	SAMN10221567	0	0	0	0	0	0	0	0	0	1	0	0	0
SRR8095355	SAMN10221629	0	0	0	0	0	0	0	0	0	0	0	0	0
SRR8095358	SAMN10221630	0	0	0	0	0	0	0	0	0	1	0	0	0
SRR8095368	SAMN10220995	0	0	0	0	0	0	0	0	0	1	0	1	0
SRR8095373	SAMN10221175	0	0	0	0	0	0	0	0	0	0	0	0	0
SRR8095380	SAMN10221168	0	0	0	0	0	0	0	0	0	0	0	0	0
SRR8095383	SAMN10221312	0	0	0	0	0	0	0	0	0	0	0	0	0
SRR8095385	SAMN10221310	0	0	0	0	0	0	0	0	0	0	0	0	0
SRR8095387	SAMN10221177	0	0	0	0	0	0	0	0	0	0	0	0	0
SRR8095389	SAMN10221377	0	0	0	0	0	0	0	0	0	0	0	0	0
SRR8095390	SAMN10221382	0	0	0	0	0	0	0	0	0	0	0	0	0
SRR8095403	SAMN10221387	0	0	0	0	0	0	0	0	0	0	0	0	0
SRR8095409	SAMN10221002	0	0	0	0	0	0	0	0	0	0	0	0	0
SRR8095411	SAMN10221000	0	0	0	0	0	0	0	0	0	0	0	0	0
SRR8095420	SAMN10221065	0	0	0	0	0	0	0	0	0	1	0	0	0
SRR8095423	SAMN10221062	0	1	0	0	0	0	0	0	0	1	0	0	0
SRR8095426	SAMN10221067	0	0	0	0	0	0	0	0	0	0	0	0	0
SRR8095435	SAMN10221601	0	1	0	0	0	0	0	0	0	1	0	0	0
SRR8095440	SAMN10221606	0	0	0	0	0	0	0	0	0	0	0	0	0
SRR8095441	SAMN10221607	0	0	0	0	0	0	0	0	0	0	0	0	0
SRR8095447	SAMN10221405	0	1	0	0	0	0	0	0	1	1	0	0	0
SRR8095468	SAMN10221276	0	0	0	0	0	0	0	0	0	0	0	0	0
SRR8095469	SAMN10221277	0	0	0	0	0	0	0	0	0	0	0	0	0
SRR8095476	SAMN10221498	0	1	0	0	0	0	0	0	0	0	0	0	0
SRR8095487	SAMN10221105	0	0	0	0	0	0	0	0	0	0	0	0	0
SRR8095488	SAMN10221104	0	0	0	0	0	0	0	0	1	1	0	0	0
SRR8095490	SAMN10221102	0	0	0	0	0	0	0	0	0	0	0	0	0
SRR8095492	SAMN10221100	0	1	0	0	0	0	0	0	1	0	0	0	0
SRR8095511	SAMN10221345	0	0	0	0	0	0	0	0	0	0	0	0	0
SRR8095523	SAMN10221050	0	0	0	0	0	0	0	0	0	0	0	0	0
SRR8095525	SAMN10221426	0	0	0	0	0	0	0	0	0	0	0	0	0
SRR8095532	SAMN10221423	0	1	0	0	0	0	0	0	0	0	0	0	0
SRR8095545	SAMN10221307	0	0	0	0	0	0	0	0	0	1	0	0	0
SRR8095546	SAMN10221029	0	0	0	0	0	0	0	0	0	0	0	0	0
SRR8095562	SAMN10221181	0	0	0	0	0	0	0	0	0	0	0	0	0
SRR8095568	SAMN10221183	0	0	0	0	0	0	0	0	0	0	0	0	0
SRR8095575	SAMN10221301	0	0	0	0	0	0	0	0	0	0	0	0	0
SRR8095587	SAMN10221332	0	0	0	0	0	0	0	0	0	0	0	0	0
SRR8095590	SAMN10221335	0	0	0	0	0	0	0	0	0	0	0	0	0
SRR8095624	SAMN10221437	0	1	0	0	0	0	0	0	0	0	0	0	0
SRR8095625	SAMN10221436	0	1	0	0	0	0	0	0	0	0	0	0	0
SRR8095626	SAMN10221584	0	0	0	0	0	0	0	0	0	0	0	0	0
SRR8095643	SAMN10221654	0	0	0	0	0	0	0	0	1	0	0	0	0
SRR8095673	SAMN10221477	0	0	0	0	0	0	0	0	0	0	0	0	0
SRR8095685	SAMN10221086	0	1	0	0	0	0	0	0	0	0	0	0	0
SRR8095686	SAMN10221083	0	0	0	0	0	0	0	0	0	1	0	0	0
SRR8095690	SAMN10221079	0	0	0	0	0	0	0	0	1	0	0	0	0
SRR8095697	SAMN10221205	0	0	0	0	0	0	0	0	0	0	0	0	0
SRR8095698	SAMN10221198	0	1	0	0	0	0	0	0	0	0	0	0	0
SRR8095706	SAMN10221663	0	1	0	0	0	0	0	0	0	1	0	0	0
SRR8095712	SAMN10221661	0	0	0	0	0	0	0	0	0	0	0	0	0
SRR8095718	SAMN10221455	0	0	0	0	0	0	0	0	1	0	0	0	0
SRR8095739	SAMN10221540	0	0	0	0	0	0	0	0	0	0	0	0	0
SRR8095740	SAMN10221045	0	0	0	0	0	0	0	0	0	0	0	0	0
SRR8095741	SAMN10221626	0	1	0	0	0	0	0	0	0	0	0	0	0
SRR8095745	SAMN10221621	0	1	0	0	0	0	0	0	0	0	0	0	0
SRR8095746	SAMN10221618	0	0	0	0	0	0	0	0	0	0	0	0	0
SRR8095748	SAMN10221624	0	0	0	0	0	0	0	0	0	0	0	0	0
SRR8095749	SAMN10221625	0	0	0	0	0	0	0	0	0	0	0	0	0
SRR8095758	SAMN10220982	0	0	0	0	0	0	0	0	0	0	0	0	0
SRR8095768	SAMN10221122	0	0	0	0	0	0	0	0	1	0	0	0	0
SRR8095777	SAMN10221164	0	1	0	0	0	0	0	0	0	0	0	0	0
SRR8095789	SAMN10221147	0	0	0	0	0	0	0	0	0	0	0	0	0
SRR8095821	SAMN10221255	0	1	0	0	0	0	0	0	0	1	0	1	0
SRR8095831	SAMN10221412	0	0	0	0	0	0	0	0	0	0	0	0	0
SRR8095836	SAMN10221590	0	0	0	0	0	0	0	0	0	0	0	0	0
SRR8095842	SAMN10221469	0	0	0	0	0	0	0	0	1	0	0	0	0
SRR8095865	SAMN10221282	0	0	0	0	0	0	0	0	0	0	0	0	0
SRR8095868	SAMN10221349	0	0	0	0	0	0	0	0	0	1	0	0	0
SRR8095873	SAMN10221159	0	0	0	0	0	0	0	0	0	0	0	0	0
SRR8095878	SAMN10221388	0	0	0	0	0	0	0	0	0	0	0	0	0
SRR8095884	SAMN10221396	0	0	0	0	0	0	0	0	0	0	0	0	0
SRR8095885	SAMN10221008	0	0	0	0	0	0	0	0	0	0	0	0	0
SRR8095889	SAMN10221012	0	0	0	0	0	0	0	0	0	0	0	0	0
SRR8095891	SAMN10221096	0	0	0	0	0	0	0	0	1	1	0	0	0
SRR8095892	SAMN10221097	0	0	0	0	0	0	0	0	0	0	0	0	0
SRR8095895	SAMN10221092	0	0	0	0	0	0	0	0	0	0	0	0	0
SRR8095909	SAMN10221467	0	0	0	0	0	0	0	0	0	0	0	0	0
SRR8095911	SAMN10221670	0	0	0	0	0	0	0	0	0	0	0	0	0
SRR8095919	SAMN10221441	0	0	0	0	0	0	0	0	0	0	0	0	0
SRR8095920	SAMN10221438	0	0	0	0	0	0	0	0	0	0	0	0	0
SRR8095921	SAMN10221439	0	0	0	0	0	0	0	0	0	0	0	0	0
SRR8095922	SAMN10221446	0	1	0	0	0	0	0	0	0	0	0	0	0
SRR8095933	SAMN10220967	0	0	0	0	0	0	0	0	0	0	0	0	0
SRR8095935	SAMN10221411	0	0	0	0	0	0	0	0	0	0	0	0	0
SRR8095946	SAMN10221410	0	0	0	0	0	0	0	0	0	0	0	0	0
SRR8095961	SAMN10221016	0	0	0	0	0	0	0	0	0	0	0	0	0
SRR8095964	SAMN10221529	0	0	0	0	0	0	0	0	0	0	0	0	0
SRR8095970	SAMN10221243	0	0	0	0	0	0	0	0	0	0	0	0	0
SRR8095972	SAMN10221245	0	0	0	0	0	0	0	0	0	0	0	0	0
SRR8095988	SAMN10221128	0	0	0	0	0	0	0	0	0	0	0	0	0
SRR8095990	SAMN10221134	0	0	0	0	0	0	0	0	0	0	0	0	0
SRR8136756	SAMN10348383	0	0	0	0	0	0	0	0	0	0	0	0	0
SRR8136784	SAMN10348493	0	0	0	0	0	0	0	0	0	0	0	0	0
SRR8139715	SAMN10353501	0	0	0	0	0	0	0	0	0	0	0	0	0
SRR8176779	SAMN10396969	0	0	0	0	0	0	0	0	0	0	0	0	0
SRR8206985	SAMN10416382	0	0	0	0	0	0	0	0	0	0	0	0	0
SRR8207013	SAMN10416384	0	0	0	0	0	0	0	0	0	0	0	0	0
SRR8236051	SAMN10393224	0	0	0	0	0	0	0	0	0	0	0	0	0
SRR8247816	SAMN10457091	0	0	0	0	0	0	0	0	0	0	0	0	0
SRR8318548	SAMN10594325	0	0	0	0	0	0	0	0	1	1	0	0	0
SRR8444321	SAMN10748581	0	0	0	0	0	0	0	0	1	1	0	0	0
SRR8448138	SAMN10748593	0	0	0	0	0	0	0	0	0	0	0	0	0
SRR8478944	SAMN10794287	0	0	0	0	0	0	0	0	0	0	0	0	0
SRR8482250	SAMN10808243	0	0	0	0	0	0	0	0	0	0	0	0	0
SRR8482351	SAMN10810231	0	0	0	0	0	0	0	0	0	0	0	0	0
SRR8489080	SAMN10821743	0	0	0	0	0	0	0	0	0	0	0	0	0
SRR8502634	SAMN10840588	0	0	0	0	0	0	0	0	0	0	0	0	0
SRR8502728	SAMN10393223	0	0	0	0	0	0	0	0	0	0	0	0	0
SRR8625824	SAMN11008224	0	0	0	0	0	0	0	0	0	0	0	0	0
SRR8632714	SAMN11022126	0	0	0	0	0	0	0	0	0	0	0	0	0
SRR8643367	SAMN11029170	0	0	0	0	0	0	0	0	0	1	0	0	0
SRR8648061	SAMN11031616	0	0	0	0	0	0	0	0	0	0	0	0	0
SRR8650368	SAMN11031756	0	0	0	0	0	0	0	0	0	0	0	0	0
SRR8650371	SAMN11031750	0	0	0	0	0	0	0	0	0	0	0	0	0
SRR8650388	SAMN11031609	0	0	0	0	0	0	0	0	0	0	0	0	0
SRR8650389	SAMN11031735	0	0	0	0	0	0	0	0	0	0	0	0	0
SRR8650419	SAMN11031654	0	0	0	0	0	0	0	0	0	0	0	0	0
SRR8650423	SAMN11031714	0	0	0	0	0	0	0	0	0	0	0	0	0
SRR8728074	SAMN11127355	1	1	0	0	0	0	0	0	0	0	0	0	0
SRR8844677	SAMN11335462	0	1	0	0	0	0	0	0	1	1	0	0	0
SRR8844679	SAMN11335456	0	1	0	0	0	0	0	0	1	1	0	0	0
SRR8844680	SAMN11335459	0	1	0	0	0	0	0	0	1	1	0	0	0
SRR8844692	SAMN11335372	1	0	0	0	0	0	0	0	0	1	0	0	0
SRR8844698	SAMN11335366	1	0	0	0	0	0	0	0	0	1	0	0	0
SRR8844699	SAMN11335367	1	0	0	0	0	0	0	0	0	1	0	0	0
SRR8844704	SAMN11335417	1	0	0	0	0	0	0	1	1	0	0	0	0
SRR8844710	SAMN11335425	1	0	0	0	0	0	0	1	1	0	0	0	0
SRR8844723	SAMN11335404	1	0	0	0	0	0	0	1	1	0	0	0	0
SRR8844751	SAMN11335376	1	0	0	0	0	0	0	0	0	0	0	0	0
SRR8844766	SAMN11335388	1	0	0	0	0	0	0	0	1	1	0	0	0
SRR8844767	SAMN11335389	1	0	0	0	0	0	0	0	1	1	0	0	0
SRR8844768	SAMN11335390	1	0	0	0	0	0	0	0	1	1	0	0	0
SRR8895779	SAMN11417669	0	0	0	0	0	0	0	0	0	0	0	0	0
SRR8896899	SAMN11417755	0	1	0	0	0	0	0	0	0	0	0	0	0
SRR8924498	SAMN11457295	0	0	0	0	0	0	0	0	0	0	0	0	0
SRR8926896	SAMN11461884	0	0	0	0	0	0	0	0	0	0	0	0	0
SRR8956188	SAMN11507219	0	0	0	0	0	0	0	0	0	0	0	0	0
SRR9002272	SAMN11372926	0	1	0	0	0	0	0	0	0	1	0	0	0
SRR9002281	SAMN11372845	0	0	0	0	0	0	0	0	0	0	0	0	0
SRR9002282	SAMN11372848	0	0	0	0	0	0	0	0	0	1	0	0	0
SRR9002285	SAMN11372956	0	0	0	0	0	0	0	0	0	0	0	0	0
SRR9002296	SAMN11372904	0	1	0	0	0	0	0	0	0	0	0	0	0
SRR9002298	SAMN11372959	0	0	0	0	0	0	0	0	0	0	0	0	0
SRR9002302	SAMN11372907	0	0	0	0	0	0	0	0	0	0	0	0	0
SRR9002308	SAMN11372943	0	1	0	0	0	0	0	0	1	0	0	0	0
SRR9002328	SAMN11372937	0	0	0	0	0	0	0	0	0	0	0	0	0
SRR9002336	SAMN11372879	0	0	0	0	0	0	0	0	1	1	0	0	0
SRR9002350	SAMN11372884	0	0	0	0	0	0	0	0	1	1	0	0	0
SRR9002368	SAMN11372859	0	0	0	0	0	0	0	0	0	0	0	0	0
SRR9002377	SAMN11372854	0	0	0	0	0	0	0	0	0	0	0	0	0
SRR9002378	SAMN11372924	0	0	0	0	0	0	0	0	0	0	0	0	0
SRR9002397	SAMN11372960	0	1	0	0	0	0	0	0	0	0	0	0	0
SRR9002401	SAMN11372915	0	1	0	0	0	0	0	0	0	1	0	0	0
SRR9002404	SAMN11372916	0	0	0	0	0	0	0	0	0	0	0	0	0
SRR9017111	SAMN11581064	0	0	0	0	0	0	0	0	0	0	0	0	0
SRR9029848	SAMN11604751	0	0	0	0	0	0	0	0	0	0	0	0	0
SRR9050357	SAMN11636368	0	1	0	0	0	0	0	0	0	0	0	0	0
SRR9123274	SAMN11854355	0	0	0	0	0	0	0	0	0	1	0	0	0
SRR9200118	SAMN11954902	0	0	0	0	0	0	0	0	0	0	0	0	0
SRR9200326	SAMN11954911	0	0	0	0	0	0	0	0	0	0	0	0	0
SRR9218359	SAMN11982667	0	0	0	0	0	0	0	0	0	1	0	0	0
SRR9222698	SAMN11982668	0	0	0	0	0	0	0	0	0	0	0	0	0
SRR9280640	SAMN12035816	0	1	0	0	0	0	0	0	1	0	0	0	0
SRR9616832	SAMN12174733	0	0	0	0	0	0	0	0	0	0	0	0	0
SRR9617590	SAMN12175339	0	1	0	0	0	0	0	0	0	0	0	0	0
SRR9617625	SAMN12175410	0	0	0	0	0	0	0	0	0	0	0	0	0
SRR9617646	SAMN12175436	0	0	0	0	0	0	0	0	0	0	0	0	0
SRR9648056	SAMN12230467	0	0	0	0	0	0	0	0	0	1	0	0	0
SRR9648316	SAMN12221392	0	0	0	0	0	0	0	0	0	0	0	0	0
SRR9666364	SAMN12249001	0	0	0	0	0	0	0	0	0	0	0	0	0
SRR9674864	SAMN12261709	0	0	0	0	0	0	0	0	0	0	0	0	0
SRR9694204	SAMN12286706	0	0	0	0	0	0	0	0	0	0	0	0	0
SRR9694239	SAMN12286867	0	0	0	0	0	0	0	0	0	0	0	0	0
SRR9696570	SAMN12289081	0	0	0	0	0	0	0	0	0	0	0	0	0
SRR9696571	SAMN12289082	0	0	0	0	0	0	0	0	0	0	0	0	0
SRR9710829	SAMN12315942	0	0	0	0	0	0	0	0	0	0	0	0	0
SRR9852767	SAMN12359589	0	0	0	0	0	0	0	0	0	0	0	0	0
SRR9852778	SAMN12359562	0	0	0	0	0	0	0	0	0	0	0	0	0
SRR9852781	SAMN12359583	0	1	0	0	0	0	0	0	0	0	0	0	0
SRR9852783	SAMN12359599	0	1	0	0	0	0	0	0	0	0	0	0	0
SRR9852788	SAMN12359596	0	0	0	0	0	0	0	0	0	0	0	0	0
SRR9852800	SAMN12359608	0	0	0	0	0	0	0	0	0	1	0	0	0
SRR9852807	SAMN12359539	0	0	0	0	0	0	0	0	0	0	0	0	0
SRR9852810	SAMN12359601	0	0	0	0	0	0	0	0	0	0	0	0	0
SRR9852821	SAMN12359567	0	0	0	0	0	0	0	0	0	0	0	0	0
SRR9852825	SAMN12359571	0	1	0	0	0	0	0	0	0	0	0	0	0
SRR9852831	SAMN12359551	0	1	0	0	0	0	0	0	0	1	0	0	0
SRR9962851	SAMN12568786	0	0	0	0	0	0	0	0	0	0	0	0	0
SRR9964893	SAMN12571453	0	0	0	0	0	0	0	0	0	0	0	0	0
SRR9965374	SAMN12571692	0	0	0	0	0	0	0	0	0	0	0	0	0
SRR9974947	SAMN12585960	0	0	0	0	0	0	0	0	0	0	0	0	0
SRR9984520	SAMN12359715	0	1	0	0	0	0	0	0	0	0	0	0	0
SRR9984524	SAMN12360041	0	0	0	0	0	0	0	0	0	0	0	0	0
SRR9984528	SAMN12360037	0	0	0	0	0	0	0	0	0	0	0	0	0
SRR9984560	SAMN12359990	0	0	0	0	0	0	0	0	0	0	0	0	0
SRR9984585	SAMN12359640	0	1	0	0	0	0	0	0	0	1	0	0	0
SRR9984586	SAMN12359641	0	0	0	0	0	0	0	0	0	1	0	0	0
SRR9984609	SAMN12359782	0	0	0	0	0	0	0	0	0	0	0	0	0
SRR9984611	SAMN12359774	0	0	0	0	0	0	0	0	0	0	0	0	0
SRR9984614	SAMN12359777	0	0	0	0	0	0	0	0	1	0	0	0	0
SRR9984622	SAMN12360001	0	0	0	0	0	0	0	0	0	0	0	0	0
SRR9984624	SAMN12359995	0	0	0	0	0	0	0	0	0	0	0	0	0
SRR9984630	SAMN12359974	0	0	0	0	0	0	0	0	0	0	0	0	0
SRR9984633	SAMN12359981	0	0	0	0	0	0	0	0	0	0	0	0	0
SRR9984641	SAMN12359814	0	0	0	0	0	0	0	0	0	0	0	0	0
SRR9984644	SAMN12359823	0	0	0	0	0	0	0	0	0	0	0	0	0
SRR9984646	SAMN12359809	0	0	0	0	0	0	0	0	0	0	0	0	0
SRR9984663	SAMN12359890	0	0	0	0	0	0	0	0	0	0	0	0	0
SRR9984673	SAMN12359656	0	0	0	0	0	0	0	0	0	0	0	0	0
SRR9984681	SAMN12359901	0	0	0	0	0	0	0	0	0	0	0	0	0
SRR9984685	SAMN12359897	0	0	0	0	0	0	0	0	0	0	0	0	0
SRR9984694	SAMN12360025	0	1	0	0	0	0	0	0	0	1	0	0	0
SRR9984698	SAMN12359790	0	0	0	0	0	0	0	0	0	0	0	0	0
SRR9984725	SAMN12359674	0	1	0	0	0	0	0	0	0	1	0	0	0
SRR9984728	SAMN12360003	0	0	0	0	0	0	0	0	0	0	0	0	0
SRR9984731	SAMN12359685	0	0	0	0	0	0	0	0	0	0	0	0	0
SRR9984740	SAMN12359692	0	0	0	0	0	0	0	0	0	0	0	0	0
SRR9984741	SAMN12359713	0	0	0	0	0	0	0	0	1	0	0	0	0
SRR9984744	SAMN12359710	0	0	0	0	0	0	0	0	0	0	0	0	0
SRR9984750	SAMN12359704	0	0	0	0	0	0	0	0	0	0	0	0	0
SRR9984775	SAMN12359773	0	0	0	0	0	0	0	0	0	0	0	0	0
SRR9984776	SAMN12359772	0	0	0	0	0	0	0	0	0	1	0	0	0
SRR9984783	SAMN12359615	0	0	0	0	0	0	0	0	0	0	0	0	0
SRR9984785	SAMN12359617	0	0	0	0	0	0	0	0	0	0	0	0	0
SRR9984788	SAMN12359622	0	0	0	0	0	0	0	0	0	1	0	0	0
SRR9984793	SAMN12359911	0	0	0	0	0	0	0	0	0	0	0	0	0
SRR9984801	SAMN12359757	0	0	0	0	0	0	0	0	0	1	0	0	0
SRR9984802	SAMN12359754	0	0	0	0	0	0	0	0	0	0	0	0	0
SRR9984807	SAMN12359759	0	1	0	0	0	0	0	0	0	0	0	0	0
SRR9984812	SAMN12359863	0	0	0	0	0	0	0	0	0	1	0	0	0
SRR9984815	SAMN12359854	0	0	0	0	0	0	0	0	0	0	0	0	0
SRR9984816	SAMN12359857	0	0	0	0	0	0	0	0	0	0	0	0	0
SRR9984818	SAMN12359859	0	0	0	0	0	0	0	0	0	0	0	0	0
SRR9984826	SAMN12359679	0	0	0	0	0	0	0	0	0	0	0	0	0
SRR9984830	SAMN12359703	0	0	0	0	0	0	0	0	0	0	0	0	0
SRR9984831	SAMN12359694	0	0	0	0	0	0	0	0	0	0	0	0	0
SRR9984857	SAMN12359950	0	0	0	0	0	0	0	0	0	1	0	0	0
SRR9984867	SAMN12359930	0	0	0	0	0	0	0	0	0	0	0	0	0
SRR9984868	SAMN12359929	0	0	0	0	0	0	0	0	0	0	0	0	0
SRR9984876	SAMN12359843	0	0	0	0	0	0	0	0	0	0	0	0	0
SRR9984878	SAMN12359635	0	1	0	0	0	0	0	0	0	1	0	0	0
SRR9984881	SAMN12359746	0	0	0	0	0	0	0	0	0	0	0	0	0
SRR9984890	SAMN12359973	0	0	0	0	0	0	0	0	0	0	0	0	0
SRR9984895	SAMN12359968	0	0	0	0	0	0	0	0	0	0	0	0	0
SRR9984896	SAMN12359967	0	0	0	0	0	0	0	0	0	1	0	0	0
SRR9984899	SAMN12359739	0	0	0	0	0	0	0	0	0	1	0	0	0
SRR9984900	SAMN12359740	0	0	0	0	0	0	0	0	1	1	0	0	0
SRR9984903	SAMN12359735	0	0	0	0	0	0	0	0	0	1	0	0	0
SRR9984912	SAMN12359958	0	0	0	0	0	0	0	0	0	0	0	0	0
SRR9984913	SAMN12359959	0	0	0	0	0	0	0	0	0	0	0	0	0
SRR9984914	SAMN12359960	0	0	0	0	0	0	0	0	0	1	0	0	0
SRR9984917	SAMN12359963	0	1	0	0	0	0	0	0	0	1	0	0	0
SRR9984923	SAMN12359838	0	1	0	0	0	0	0	0	0	1	0	0	0
SRR9984930	SAMN12359645	0	0	0	0	0	0	0	0	0	0	0	0	0
SRR9984938	SAMN12359873	0	0	0	0	0	0	0	0	0	0	0	0	0
SRR9984939	SAMN12359884	0	0	0	0	0	0	0	0	0	0	0	0	0
SRR9995343	SAMN12601400	0	0	0	0	0	0	0	0	0	0	0	0	0
SRR9996291	SAMN12587163	0	0	0	0	0	0	0	0	0	0	0	0	0
SRR9996292	SAMN12587162	0	0	0	0	0	0	0	0	0	0	0	0	0
