sample_id	biosample	mecA	blaZ	ermC	ermB	tetK	mupA
DRR170691	SAMD00164374	1	0	0	0	0	0
DRR170699	SAMD00164378	1	1	0	0	0	0
ERR017169	SAMEA734677	1	1	0	0	0	0
ERR017171	SAMEA734757	1	1	0	0	0	0
ERR017173	SAMEA734681	1	1	0	0	0	0
ERR017178	SAMEA734678	1	1	0	0	0	0
ERR017181	SAMEA734758	1	1	1	0	0	0
ERR017187	SAMEA734756	1	1	1	0	0	0
ERR017190	SAMEA734753	0	0	0	0	0	0
ERR017193	SAMEA734730	1	1	0	0	0	0
ERR017197	SAMEA734793	1	1	1	0	0	0
ERR017199	SAMEA734724	1	1	0	0	0	0
ERR017200	SAMEA734733	1	1	0	0	0	0
ERR017201	SAMEA734734	1	1	1	0	0	0
ERR017207	SAMEA734773	1	1	1	0	0	0
ERR017208	SAMEA734774	1	1	1	0	0	0
ERR017209	SAMEA734771	1	1	1	0	0	0
ERR017210	SAMEA734772	1	1	1	0	0	0
ERR017211	SAMEA734800	1	1	1	0	0	0
ERR017214	SAMEA734795	1	1	0	0	0	0
ERR017217	SAMEA734776	1	1	1	0	0	0
ERR017219	SAMEA734743	1	1	0	0	0	0
ERR017223	SAMEA734739	0	1	0	0	0	0
ERR017225	SAMEA734780	1	1	1	0	0	0
ERR017226	SAMEA734777	1	1	1	0	0	0
ERR017231	SAMEA734768	0	0	0	0	0	0
ERR017232	SAMEA734767	1	1	1	0	0	0
ERR017241	SAMEA734765	1	1	1	0	0	0
ERR017243	SAMEA734782	1	1	0	0	0	0
ERR017244	SAMEA734783	1	1	1	0	0	0
ERR017245	SAMEA734784	1	1	0	0	0	0
ERR017247	SAMEA734786	1	1	0	0	0	0
ERR017249	SAMEA734788	1	1	0	0	0	0
ERR017250	SAMEA734770	1	1	1	0	0	0
ERR017253	SAMEA734781	1	1	1	0	0	0
ERR017260	SAMEA734688	0	0	0	0	0	0
ERR017261	SAMEA734687	1	1	1	0	0	0
ERR017262	SAMEA734686	1	1	1	0	0	0
ERR017263	SAMEA734789	1	1	0	0	0	0
ERR017267	SAMEA734696	1	1	1	0	0	0
ERR017268	SAMEA734699	1	1	1	0	0	0
ERR017269	SAMEA734700	1	1	1	0	0	0
ERR017270	SAMEA734697	1	1	1	0	0	0
ERR017271	SAMEA734698	1	1	1	0	0	0
ERR017274	SAMEA734701	1	1	1	0	0	0
ERR017275	SAMEA734702	1	1	1	0	0	0
ERR017278	SAMEA734719	1	1	0	0	0	0
ERR017279	SAMEA734718	1	1	1	0	0	0
ERR017284	SAMEA734711	1	1	1	0	0	0
ERR017285	SAMEA734715	1	1	1	0	0	0
ERR017287	SAMEA734717	1	1	1	0	0	0
ERR017290	SAMEA734720	1	1	1	0	0	0
ERR017292	SAMEA734722	1	1	1	0	0	0
ERR017293	SAMEA734752	0	1	1	0	0	0
ERR017297	SAMEA734749	1	1	0	0	0	0
ERR017301	SAMEA734728	0	1	0	0	0	0
ERR024671	SAMEA862644	1	0	0	0	0	0
ERR024672	SAMEA862637	1	0	0	0	0	0
ERR024674	SAMEA862631	1	0	0	0	0	0
ERR024684	SAMEA862659	1	0	0	0	0	0
ERR024687	SAMEA862648	1	0	0	0	0	0
ERR024691	SAMEA862617	1	0	1	0	0	0
ERR024974	SAMEA862657	1	0	0	0	0	0
ERR024977	SAMEA862534	1	0	0	0	0	0
ERR026007	SAMEA862564	1	0	1	0	0	0
ERR026008	SAMEA862604	1	0	0	0	0	0
ERR026009	SAMEA862605	1	0	0	0	0	0
ERR026010	SAMEA862602	1	0	0	0	0	0
ERR026011	SAMEA862603	1	0	0	0	0	0
ERR026649	SAMEA862583	1	0	0	0	0	0
ERR026652	SAMEA862577	1	0	1	0	0	1
ERR026662	SAMEA862541	1	0	0	0	0	0
ERR026665	SAMEA862558	1	0	0	0	0	0
ERR026667	SAMEA862559	1	0	0	0	0	0
ERR026688	SAMEA862569	1	0	0	0	0	0
ERR026705	SAMEA862618	1	0	0	0	0	0
ERR026707	SAMEA862624	1	0	0	0	0	0
ERR026709	SAMEA862622	1	0	0	0	0	0
ERR026710	SAMEA862627	1	0	0	0	0	0
ERR029342	SAMEA800387	1	1	1	0	0	0
ERR029343	SAMEA800313	1	1	1	0	0	0
ERR029344	SAMEA800312	1	1	0	0	0	0
ERR029348	SAMEA800348	1	1	0	0	0	0
ERR029349	SAMEA800310	1	1	0	0	0	0
ERR029350	SAMEA800309	1	1	1	0	0	0
ERR029351	SAMEA800308	1	1	1	0	0	0
ERR029352	SAMEA800307	1	1	1	0	1	0
ERR029355	SAMEA800193	1	1	1	0	0	0
ERR029357	SAMEA800198	1	1	1	0	0	0
ERR029358	SAMEA800366	1	1	1	0	0	0
ERR029359	SAMEA800243	1	1	1	0	0	0
ERR029362	SAMEA800306	1	1	1	0	0	0
ERR029363	SAMEA800315	1	1	1	0	0	0
ERR029364	SAMEA800314	1	1	1	0	1	0
ERR029368	SAMEA800189	1	1	1	0	0	0
ERR029373	SAMEA800368	1	1	1	0	0	0
ERR029374	SAMEA800367	1	1	1	0	0	0
ERR029376	SAMEA800361	1	1	1	0	0	0
ERR029377	SAMEA800364	1	1	1	0	0	0
ERR029379	SAMEA800365	1	1	0	0	0	0
ERR029383	SAMEA800300	1	1	1	0	0	0
ERR029385	SAMEA800239	1	1	0	0	1	0
ERR029387	SAMEA800237	1	1	1	0	0	0
ERR029389	SAMEA800235	1	1	1	0	0	0
ERR029391	SAMEA800244	1	1	1	0	0	0
ERR029392	SAMEA800298	1	1	1	0	0	0
ERR029458	SAMEA800274	1	0	0	0	1	0
ERR029459	SAMEA800275	1	0	0	0	1	0
ERR029460	SAMEA800257	1	0	0	0	1	0
ERR029462	SAMEA800255	1	0	0	0	1	0
ERR029463	SAMEA800254	1	1	0	0	0	0
ERR029464	SAMEA800253	1	0	0	0	0	0
ERR029465	SAMEA800252	1	0	0	0	1	0
ERR029469	SAMEA800276	1	0	0	0	0	0
ERR029471	SAMEA800288	1	0	0	0	1	0
ERR029472	SAMEA800277	0	0	0	0	0	0
ERR029475	SAMEA800291	1	1	0	0	0	0
ERR029477	SAMEA800281	1	0	1	0	1	1
ERR029478	SAMEA800282	1	0	0	0	1	0
ERR030148	SAMEA800179	1	1	1	0	0	0
ERR030152	SAMEA800304	1	1	0	0	0	0
ERR030154	SAMEA800296	1	1	1	0	1	0
ERR030155	SAMEA800297	1	0	0	0	1	0
ERR030157	SAMEA800177	1	0	1	0	1	1
ERR030160	SAMEA800214	1	1	1	0	0	0
ERR030161	SAMEA800217	1	1	1	0	0	0
ERR030166	SAMEA800183	1	1	1	0	0	0
ERR030167	SAMEA800186	1	1	1	0	0	0
ERR030173	SAMEA800382	1	0	0	0	1	0
ERR030180	SAMEA800377	1	1	1	0	0	0
ERR030181	SAMEA800384	1	1	1	0	0	0
ERR030182	SAMEA800383	1	0	1	0	1	1
ERR030189	SAMEA800203	1	0	0	0	1	0
ERR030190	SAMEA800204	1	0	0	0	1	0
ERR030191	SAMEA800205	1	0	0	0	0	0
ERR030192	SAMEA800206	1	0	0	0	1	0
ERR030195	SAMEA800201	1	0	0	0	0	0
ERR030196	SAMEA800202	1	0	0	0	1	0
ERR030199	SAMEA800325	1	0	0	0	1	0
ERR030200	SAMEA800360	1	0	0	0	1	0
ERR030201	SAMEA800357	1	0	0	0	1	0
ERR030202	SAMEA800333	1	0	0	0	1	0
ERR030204	SAMEA800331	1	0	0	0	1	0
ERR030205	SAMEA800329	1	0	0	0	1	0
ERR030208	SAMEA800359	1	1	1	0	0	0
ERR030212	SAMEA800259	1	0	0	0	1	0
ERR030214	SAMEA800355	1	0	0	0	0	0
ERR030215	SAMEA800356	1	0	0	0	1	1
ERR030217	SAMEA800354	1	0	0	0	1	0
ERR030219	SAMEA800352	1	0	0	0	0	0
ERR030223	SAMEA800283	1	0	0	0	1	0
ERR030225	SAMEA800270	1	0	0	0	0	0
ERR030226	SAMEA800284	1	1	1	0	0	0
ERR030227	SAMEA800268	1	0	1	0	1	1
ERR030228	SAMEA800285	1	0	0	0	1	1
ERR030230	SAMEA800267	1	0	0	0	1	0
ERR030235	SAMEA800269	1	0	0	0	0	0
ERR030238	SAMEA800264	1	0	0	0	1	0
ERR030240	SAMEA800336	1	0	1	0	1	0
ERR030241	SAMEA800250	1	0	0	0	1	0
ERR030242	SAMEA800251	1	0	0	0	1	0
ERR030243	SAMEA800248	1	0	0	0	1	0
ERR030245	SAMEA800249	1	0	0	0	1	0
ERR030248	SAMEA800227	1	1	1	0	0	0
ERR030250	SAMEA800320	1	1	1	0	1	0
ERR030254	SAMEA800223	0	0	0	0	0	0
ERR030257	SAMEA800225	1	1	0	0	0	0
ERR030259	SAMEA800230	1	0	0	0	1	0
ERR030260	SAMEA800196	1	0	0	0	1	0
ERR030261	SAMEA800232	1	0	0	0	1	0
ERR030266	SAMEA800234	1	0	0	0	1	0
ERR030267	SAMEA800294	1	1	1	0	0	0
ERR030269	SAMEA800195	1	0	0	0	1	0
ERR030271	SAMEA800376	1	1	1	0	0	0
ERR030272	SAMEA800316	1	0	0	0	1	0
ERR030274	SAMEA800375	1	1	1	0	0	0
ERR030276	SAMEA800293	1	0	0	0	1	0
ERR030280	SAMEA800370	1	0	0	0	1	0
ERR030281	SAMEA800369	1	0	0	0	1	0
ERR031666	SAMEA800345	1	0	0	0	1	0
ERR031667	SAMEA800338	1	0	0	0	1	0
ERR031672	SAMEA800339	1	1	1	0	0	0
ERR033239	SAMEA698513	1	1	0	0	0	0
ERR033245	SAMEA698592	1	1	0	0	0	0
ERR033246	SAMEA698630	1	0	0	0	0	0
ERR033247	SAMEA698590	1	0	0	0	0	0
ERR033291	SAMEA698299	0	0	0	0	0	0
ERR033293	SAMEA698300	0	1	0	0	0	0
ERR033295	SAMEA698697	0	1	0	0	0	0
ERR033296	SAMEA698692	1	1	0	0	0	0
ERR033297	SAMEA698694	1	1	1	0	0	0
ERR033299	SAMEA698690	1	1	0	0	0	1
ERR033300	SAMEA698685	1	0	0	0	0	0
ERR033301	SAMEA698687	0	1	0	0	0	0
ERR033304	SAMEA698368	0	1	1	0	0	0
ERR033309	SAMEA698366	1	1	0	0	0	0
ERR033310	SAMEA698365	1	0	1	0	0	0
ERR033315	SAMEA698509	1	0	0	0	0	0
ERR033331	SAMEA698456	0	1	0	0	0	0
ERR033332	SAMEA698463	1	1	0	0	0	0
ERR033336	SAMEA698255	1	1	0	0	0	0
ERR033337	SAMEA698455	0	1	0	0	0	0
ERR033338	SAMEA698454	0	0	0	0	0	0
ERR033340	SAMEA698458	0	0	0	0	0	0
ERR033347	SAMEA698460	1	1	0	0	0	0
ERR033353	SAMEA698487	0	0	0	0	0	0
ERR033356	SAMEA698617	1	1	0	0	0	0
ERR033358	SAMEA698616	0	1	0	0	0	0
ERR033359	SAMEA698544	1	1	0	0	0	0
ERR033360	SAMEA698543	1	0	0	0	0	0
ERR033361	SAMEA698542	0	0	1	0	1	0
ERR033370	SAMEA698412	0	1	0	0	0	0
ERR033371	SAMEA698546	0	0	0	0	0	0
ERR033373	SAMEA698404	0	0	0	0	0	0
ERR033376	SAMEA698407	0	1	0	0	0	0
ERR033389	SAMEA698292	0	1	0	0	0	0
ERR033390	SAMEA698291	0	1	0	0	0	0
ERR033408	SAMEA698259	1	1	0	0	0	0
ERR033409	SAMEA698257	1	1	0	0	0	0
ERR033424	SAMEA698168	0	0	0	0	0	0
ERR033426	SAMEA698330	0	1	0	0	0	0
ERR033448	SAMEA698467	1	1	0	0	0	0
ERR033454	SAMEA698392	0	1	0	0	0	0
ERR033456	SAMEA698394	1	0	0	0	0	0
ERR033463	SAMEA698249	0	1	0	0	0	0
ERR033464	SAMEA698250	0	1	0	0	0	0
ERR033465	SAMEA698247	1	1	0	0	0	0
ERR033469	SAMEA698243	0	0	0	0	0	0
ERR033471	SAMEA698241	1	0	0	0	1	0
ERR033475	SAMEA698287	1	1	1	0	0	0
ERR033477	SAMEA698442	1	1	1	0	0	0
ERR033478	SAMEA698281	1	1	0	0	0	0
ERR033480	SAMEA698285	0	0	0	0	0	0
ERR033482	SAMEA698283	1	0	0	0	0	0
ERR033487	SAMEA698441	0	1	0	0	0	0
ERR033488	SAMEA698571	1	1	1	0	0	0
ERR033491	SAMEA698574	1	1	0	0	0	0
ERR033511	SAMEA698583	1	1	1	0	0	0
ERR033514	SAMEA698446	1	1	1	0	0	0
ERR033516	SAMEA698448	0	1	0	0	0	0
ERR033517	SAMEA698449	0	1	0	0	0	0
ERR033518	SAMEA698450	1	1	1	0	0	0
ERR033524	SAMEA698530	1	1	1	0	0	1
ERR033525	SAMEA698515	1	1	0	0	0	0
ERR033527	SAMEA698363	1	1	0	0	0	0
ERR033529	SAMEA698185	1	0	0	0	0	0
ERR033534	SAMEA698526	0	1	1	0	0	0
ERR033541	SAMEA698729	0	1	0	0	0	0
ERR033544	SAMEA698667	1	1	0	0	0	0
ERR033545	SAMEA698665	0	1	1	0	0	0
ERR033547	SAMEA698679	0	1	0	0	0	0
ERR033550	SAMEA698211	0	0	0	0	0	0
ERR033551	SAMEA698204	1	0	0	0	0	0
ERR033556	SAMEA698579	0	0	0	0	0	0
ERR033557	SAMEA698401	0	1	0	0	0	0
ERR033571	SAMEA698268	0	1	0	0	0	0
ERR033572	SAMEA698416	0	0	0	0	0	0
ERR033573	SAMEA698415	0	1	0	0	0	0
ERR033579	SAMEA698189	0	1	0	0	0	0
ERR033580	SAMEA698188	0	1	0	0	0	0
ERR033581	SAMEA698187	0	0	0	0	0	0
ERR033583	SAMEA698193	0	1	0	0	0	0
ERR033584	SAMEA698192	0	1	0	0	0	0
ERR033593	SAMEA698560	0	1	0	0	0	0
ERR033596	SAMEA698557	1	1	0	0	0	0
ERR033635	SAMEA698172	0	0	0	0	0	0
ERR033636	SAMEA698173	1	1	0	0	0	0
ERR033637	SAMEA698166	0	1	0	0	0	0
ERR033644	SAMEA698197	0	1	0	0	0	0
ERR033645	SAMEA698196	1	1	0	0	0	0
ERR033652	SAMEA698575	0	1	0	0	0	0
ERR033693	SAMEA698719	0	0	0	0	0	0
ERR033694	SAMEA698722	0	0	1	0	0	0
ERR033697	SAMEA698313	0	1	0	0	0	0
ERR033699	SAMEA698315	0	0	0	0	0	0
ERR033700	SAMEA698318	1	1	0	0	0	0
ERR033702	SAMEA698730	0	0	0	0	0	0
ERR038660	SAMEA698468	0	1	0	0	0	0
ERR038661	SAMEA698469	1	1	0	0	0	0
ERR038662	SAMEA698470	0	0	0	0	0	0
ERR038663	SAMEA698471	0	0	0	0	0	0
ERR038664	SAMEA698598	0	1	0	0	0	0
ERR038665	SAMEA698597	0	0	0	0	0	0
ERR038669	SAMEA698474	0	1	0	0	0	0
ERR038671	SAMEA698504	0	0	0	0	0	0
ERR038673	SAMEA698500	0	0	1	0	0	0
ERR038675	SAMEA698502	0	1	0	0	0	0
ERR038678	SAMEA698497	1	1	0	0	0	0
ERR038682	SAMEA698361	0	1	0	0	0	0
ERR038691	SAMEA698359	0	1	0	0	1	0
ERR039389	SAMEA698279	0	1	0	0	0	0
ERR039393	SAMEA698657	0	1	0	0	0	0
ERR044563	SAMEA1030187	1	1	1	0	0	0
ERR044564	SAMEA1030181	1	1	1	0	0	0
ERR044565	SAMEA1030330	1	1	1	0	0	0
ERR044566	SAMEA1030313	1	1	0	0	0	0
ERR044569	SAMEA1030252	1	1	1	0	0	0
ERR044572	SAMEA1030227	1	1	1	0	0	0
ERR044573	SAMEA1030245	1	1	1	0	0	0
ERR044576	SAMEA1030176	1	1	1	0	0	0
ERR044578	SAMEA1030146	1	1	1	0	0	0
ERR044579	SAMEA1030331	1	1	1	0	0	0
ERR044582	SAMEA1030309	1	1	1	0	0	0
ERR044585	SAMEA1030207	1	1	1	0	0	0
ERR044586	SAMEA1030192	1	1	0	0	0	0
ERR044587	SAMEA1030267	1	1	1	0	0	0
ERR044588	SAMEA1030282	1	1	0	0	0	0
ERR044590	SAMEA1030255	1	1	0	0	0	0
ERR044592	SAMEA1030323	1	1	1	0	0	0
ERR044593	SAMEA1030338	1	1	0	0	0	0
ERR044594	SAMEA1030292	1	1	1	0	0	0
ERR044596	SAMEA1030141	1	1	0	0	0	0
ERR044597	SAMEA1030182	1	1	0	0	0	0
ERR044598	SAMEA1030169	1	1	0	0	0	0
ERR044601	SAMEA1030240	1	1	1	0	0	0
ERR044602	SAMEA1030237	1	1	0	0	0	0
ERR045052	SAMEA1030316	1	1	0	0	0	0
ERR045056	SAMEA1030150	1	1	0	0	0	0
ERR045059	SAMEA1030188	1	1	0	0	0	0
ERR045063	SAMEA1030281	0	1	0	0	0	0
ERR045064	SAMEA1030251	0	0	0	0	0	0
ERR045067	SAMEA1030317	1	1	0	0	0	0
ERR045069	SAMEA1030202	1	1	0	0	0	0
ERR045070	SAMEA1030213	1	1	0	0	0	0
ERR045071	SAMEA1030228	1	1	1	0	0	0
ERR045073	SAMEA1030234	1	1	0	0	0	0
ERR045843	SAMEA1028326	0	0	0	0	0	0
ERR053009	SAMEA1021981	1	0	0	0	0	0
ERR053012	SAMEA1022020	1	0	0	0	1	0
ERR053016	SAMEA1021856	1	0	0	0	1	0
ERR053018	SAMEA1021900	1	0	0	0	1	0
ERR053019	SAMEA1021881	1	0	0	0	1	0
ERR053021	SAMEA1021999	1	0	0	0	1	0
ERR053032	SAMEA1021849	1	0	0	0	1	0
ERR053034	SAMEA1021821	1	0	0	0	1	0
ERR053037	SAMEA1021970	1	0	0	0	1	0
ERR053039	SAMEA1022005	1	0	0	0	1	0
ERR053040	SAMEA1021933	1	0	0	0	1	0
ERR053046	SAMEA1021915	1	0	0	0	1	0
ERR085402	SAMEA1094535	1	1	1	0	0	0
ERR085403	SAMEA1094532	1	1	1	0	0	0
ERR085404	SAMEA1094534	1	1	1	0	0	0
ERR085406	SAMEA1094541	1	1	1	0	0	0
ERR085407	SAMEA1094536	1	1	1	0	0	0
ERR085408	SAMEA1094544	1	1	1	0	0	0
ERR085409	SAMEA1094525	1	1	1	0	0	0
ERR085413	SAMEA1094545	1	1	1	0	0	0
ERR085415	SAMEA1094529	1	1	1	0	0	0
ERR085416	SAMEA1094526	1	1	1	0	0	0
ERR085417	SAMEA1094542	1	1	1	0	0	0
ERR1069823	SAMEA3448970	0	0	0	0	1	0
ERR1069824	SAMEA3448971	0	1	0	0	1	0
ERR1069825	SAMEA3448972	0	1	0	0	0	0
ERR1069826	SAMEA3448973	0	1	0	0	1	0
ERR1069827	SAMEA3448974	0	0	0	0	0	0
ERR1069830	SAMEA3448977	0	1	0	0	0	0
ERR1069831	SAMEA3448978	0	1	1	0	1	0
ERR1069832	SAMEA3448979	0	1	0	0	1	0
ERR1069833	SAMEA3448980	0	1	0	0	1	0
ERR1069834	SAMEA3448981	0	1	0	0	1	0
ERR1069839	SAMEA3448986	0	1	0	0	1	0
ERR1069842	SAMEA3448989	0	1	0	0	0	0
ERR1069845	SAMEA3448992	0	1	0	0	1	0
ERR1069847	SAMEA3448994	0	1	0	0	1	0
ERR1069848	SAMEA3448995	0	1	0	0	1	0
ERR1069850	SAMEA3448997	0	1	0	0	1	0
ERR1069852	SAMEA3448999	0	1	0	0	1	0
ERR1069854	SAMEA3449001	0	1	0	0	1	0
ERR1069855	SAMEA3449002	0	1	0	0	1	0
ERR1069857	SAMEA3449004	0	1	0	0	0	0
ERR1069858	SAMEA3449005	0	1	0	0	0	0
ERR1069860	SAMEA3449007	0	1	0	0	1	0
ERR1069862	SAMEA3449009	0	1	0	0	0	0
ERR1069863	SAMEA3449010	0	1	0	0	1	0
ERR1069864	SAMEA3449011	0	1	0	0	1	0
ERR1069867	SAMEA3449014	0	1	0	0	1	0
ERR1069870	SAMEA3449017	0	1	0	0	0	0
ERR1069872	SAMEA3449019	0	1	0	0	0	0
ERR1069873	SAMEA3449020	0	1	0	0	1	0
ERR1069875	SAMEA3449022	0	0	0	0	0	0
ERR1069877	SAMEA3449024	0	1	0	0	1	0
ERR1069878	SAMEA3449025	0	1	0	0	1	0
ERR1069880	SAMEA3449027	0	1	0	0	1	0
ERR1069886	SAMEA3449033	0	1	0	0	1	0
ERR1069887	SAMEA3449034	0	1	0	0	1	0
ERR1069889	SAMEA3449036	0	1	0	0	0	0
ERR1069891	SAMEA3449038	0	1	0	0	1	0
ERR1069895	SAMEA3449042	0	1	0	0	0	0
ERR1069896	SAMEA3449043	0	1	0	0	1	0
ERR1069900	SAMEA3449047	0	1	0	0	1	0
ERR1069902	SAMEA3449049	0	1	0	0	1	0
ERR1069903	SAMEA3449050	0	1	0	0	1	0
ERR1069904	SAMEA3449051	0	0	0	0	0	0
ERR1069906	SAMEA3449053	0	1	0	0	1	0
ERR1069907	SAMEA3449054	0	1	1	0	1	0
ERR1069908	SAMEA3449055	0	0	0	0	0	0
ERR1069909	SAMEA3449056	0	1	0	0	1	0
ERR1069910	SAMEA3448833	0	1	0	0	1	0
ERR1069916	SAMEA3448839	0	1	0	0	1	0
ERR1069917	SAMEA3448840	0	1	0	0	1	0
ERR1069919	SAMEA3448842	0	1	0	0	1	0
ERR1069921	SAMEA3448844	0	0	0	0	0	0
ERR1069922	SAMEA3448845	0	1	0	0	1	0
ERR1069926	SAMEA3448849	0	1	0	0	0	0
ERR1069927	SAMEA3448850	0	1	0	0	0	0
ERR1069930	SAMEA3448853	0	1	0	0	0	0
ERR1069931	SAMEA3448854	0	1	0	0	0	0
ERR1069933	SAMEA3448856	0	1	0	0	1	0
ERR1069934	SAMEA3448857	0	1	0	0	0	0
ERR1069935	SAMEA3448858	0	1	0	0	1	0
ERR1069938	SAMEA3448861	0	1	0	0	1	0
ERR1069941	SAMEA3448864	0	1	0	0	1	0
ERR1069943	SAMEA3448866	0	1	0	0	1	0
ERR1069945	SAMEA3448868	0	0	0	0	0	0
ERR1069946	SAMEA3448869	0	1	0	0	0	0
ERR1069948	SAMEA3448871	0	1	0	0	1	0
ERR1069949	SAMEA3448872	0	1	0	0	0	0
ERR1069951	SAMEA3448874	0	1	0	0	0	0
ERR1069952	SAMEA3448875	0	1	1	0	1	0
ERR1069956	SAMEA3448879	0	1	0	0	0	0
ERR1069959	SAMEA3449396	0	1	0	0	1	0
ERR1069966	SAMEA3449403	0	0	0	0	1	0
ERR1069967	SAMEA3449404	0	0	0	0	1	0
ERR1069969	SAMEA3448882	0	0	0	0	1	0
ERR1069972	SAMEA3448885	0	1	0	0	1	0
ERR1069973	SAMEA3448886	0	1	0	0	1	0
ERR1069975	SAMEA3448888	0	1	0	0	1	0
ERR1069976	SAMEA3448889	0	1	0	0	1	0
ERR1069978	SAMEA3448891	0	1	0	0	0	0
ERR1069980	SAMEA3448893	0	1	0	0	1	0
ERR1069981	SAMEA3448894	0	0	0	0	0	0
ERR1069982	SAMEA3448895	0	1	0	0	1	0
ERR1069984	SAMEA3448897	0	1	0	0	1	0
ERR1069992	SAMEA3448905	0	0	0	0	1	0
ERR1069993	SAMEA3448906	0	1	0	0	1	0
ERR1069995	SAMEA3448908	0	0	0	0	0	0
ERR1069999	SAMEA3448912	0	1	0	0	1	0
ERR1070001	SAMEA3448914	0	1	0	0	1	0
ERR1070002	SAMEA3448915	0	0	0	0	1	0
ERR1070005	SAMEA3448918	0	0	0	0	0	0
ERR1070007	SAMEA3448920	0	1	0	0	1	0
ERR1070008	SAMEA3448921	0	1	0	0	0	0
ERR1070010	SAMEA3448923	0	0	0	0	1	0
ERR1070011	SAMEA3448924	0	1	0	0	1	0
ERR1070012	SAMEA3448925	0	1	0	0	0	0
ERR1070015	SAMEA3448928	0	0	0	0	1	0
ERR1070016	SAMEA3448929	0	1	0	0	0	0
ERR1070017	SAMEA3448930	0	0	0	0	1	0
ERR1070018	SAMEA3448931	0	0	0	0	0	0
ERR1070020	SAMEA3448933	0	1	0	0	0	0
ERR1070025	SAMEA3448938	0	0	0	0	0	0
ERR1070026	SAMEA3448939	0	1	0	0	0	0
ERR1070027	SAMEA3448940	0	0	0	0	1	0
ERR1070029	SAMEA3448942	0	0	0	0	0	0
ERR1070035	SAMEA3448948	1	0	0	0	1	1
ERR1070036	SAMEA3448949	0	1	0	0	0	0
ERR1070037	SAMEA3448950	0	1	0	0	1	0
ERR1070039	SAMEA3448952	0	1	0	0	1	0
ERR1070041	SAMEA3448954	0	0	0	0	0	0
ERR1070042	SAMEA3448955	1	0	0	0	1	0
ERR1070044	SAMEA3448957	0	1	0	0	1	0
ERR1070047	SAMEA3448960	0	1	0	0	0	0
ERR1070049	SAMEA3448962	0	1	0	0	0	0
ERR1070052	SAMEA3448965	1	0	0	0	0	0
ERR1070053	SAMEA3448966	0	1	0	0	1	0
ERR1070054	SAMEA3448967	0	1	0	0	0	0
ERR1070055	SAMEA3448968	0	1	0	0	1	0
ERR1070059	SAMEA3449059	0	1	0	0	0	0
ERR1070061	SAMEA3449061	0	0	1	0	0	0
ERR1070062	SAMEA3449062	0	1	1	0	1	0
ERR1070066	SAMEA3449066	0	1	0	0	1	0
ERR1070068	SAMEA3449068	0	1	0	0	0	0
ERR1070103	SAMEA3449103	0	1	0	0	0	0
ERR1070104	SAMEA3449104	0	0	0	0	1	0
ERR1070105	SAMEA3449105	0	0	0	0	0	0
ERR1070143	SAMEA3449143	0	1	1	0	1	0
ERR1197981	SAMEA3719314	0	0	0	0	0	0
ERR124429	SAMEA1464023	1	1	1	0	0	0
ERR124430	SAMEA1464014	1	1	1	0	0	0
ERR124431	SAMEA1464000	1	1	1	0	0	0
ERR124432	SAMEA1464017	1	1	1	0	0	0
ERR128709	SAMEA1464011	1	1	0	0	0	0
ERR128711	SAMEA1464033	1	1	0	0	0	0
ERR128713	SAMEA1464006	1	1	0	0	0	0
ERR128715	SAMEA1464028	1	1	0	0	0	0
ERR128716	SAMEA1464016	1	1	0	0	0	0
ERR128720	SAMEA1464027	1	1	1	0	0	0
ERR131810	SAMEA1464029	1	1	0	0	0	0
ERR131811	SAMEA1464034	1	1	0	0	0	0
ERR131814	SAMEA1464024	1	1	0	0	0	0
ERR134620	SAMEA1324760	1	1	0	0	0	0
ERR134634	SAMEA1324679	1	1	0	0	0	1
ERR134676	SAMEA1324628	1	1	0	0	0	0
ERR134712	SAMEA1324555	0	0	0	0	0	0
ERR134744	SAMEA1324746	1	1	0	0	0	0
ERR134806	SAMEA1324572	1	1	0	0	0	0
ERR134818	SAMEA1324666	1	1	0	0	0	0
ERR134823	SAMEA1324752	1	1	0	0	0	0
ERR134848	SAMEA1324700	1	1	0	0	0	0
ERR156333	SAMEA1463394	1	1	1	0	0	0
ERR156340	SAMEA1463361	1	1	0	0	0	0
ERR171845	SAMEA1522623	1	0	0	0	1	0
ERR190210	SAMEA1565121	1	1	0	0	0	0
ERR204139	SAMEA1572484	1	1	0	0	0	0
ERR204155	SAMEA1572450	1	1	1	0	0	0
ERR204180	SAMEA1572482	1	0	0	0	0	0
ERR204182	SAMEA1572433	1	1	1	0	0	0
ERR204205	SAMEA1572354	1	0	0	0	1	0
ERR204229	SAMEA1572272	1	1	0	0	1	0
ERR211938	SAMEA1568590	1	1	0	0	0	0
ERR211950	SAMEA1568618	1	0	0	0	0	0
ERR211953	SAMEA1568663	1	1	0	0	0	0
ERR211954	SAMEA1568655	1	1	1	0	1	0
ERR211968	SAMEA1568639	1	1	1	0	0	0
ERR212780	SAMEA1572255	1	1	0	0	0	0
ERR212783	SAMEA1572500	1	1	1	0	0	0
ERR212793	SAMEA1572216	1	1	0	0	0	0
ERR212816	SAMEA1572437	1	1	1	0	0	0
ERR212833	SAMEA1572388	1	0	0	0	0	0
ERR212847	SAMEA1572359	1	0	1	0	1	0
ERR212879	SAMEA1572552	1	1	0	0	0	0
ERR212899	SAMEA1572481	1	1	1	0	1	0
ERR212901	SAMEA1572517	1	0	0	0	0	0
ERR212927	SAMEA1572285	1	1	0	0	0	0
ERR212947	SAMEA1572527	1	1	0	0	0	0
ERR213001	SAMEA1572496	1	1	0	0	0	0
ERR213014	SAMEA1572258	1	1	0	0	1	0
ERR2309517	SAMEA104602089	0	1	0	0	0	0
ERR2309518	SAMEA104602090	0	1	0	0	0	0
ERR2309519	SAMEA104602091	0	0	0	0	0	0
ERR2309521	SAMEA104602093	0	1	0	0	0	0
ERR2309525	SAMEA104602097	0	1	0	0	0	0
ERR2309526	SAMEA104602098	0	1	0	0	0	0
ERR2309528	SAMEA104602100	0	0	0	0	0	0
ERR2309529	SAMEA104602039	0	0	0	0	0	0
ERR2309531	SAMEA104602102	0	0	0	0	0	0
ERR2309532	SAMEA104602103	0	0	0	0	0	0
ERR2309533	SAMEA104602104	0	1	0	0	0	0
ERR2309538	SAMEA104602109	0	1	0	0	0	0
ERR2309541	SAMEA104602112	0	1	0	0	0	0
ERR2309543	SAMEA104602114	0	1	0	0	0	0
ERR2309545	SAMEA104602116	0	0	0	0	0	0
ERR2309549	SAMEA104602119	0	1	0	0	0	0
ERR2309551	SAMEA104602121	0	0	0	0	0	0
ERR2309552	SAMEA104602122	0	1	0	0	0	0
ERR2309555	SAMEA104602125	0	1	0	0	0	0
ERR2309556	SAMEA104602126	0	1	0	0	0	0
ERR2309557	SAMEA104602127	0	1	0	0	0	0
ERR2309561	SAMEA104602131	0	1	0	0	0	0
ERR2309562	SAMEA104602041	0	1	0	0	0	0
ERR2309563	SAMEA104602042	0	1	0	0	0	0
ERR2309564	SAMEA104602043	0	1	0	0	0	0
ERR2309569	SAMEA104602047	0	0	0	0	0	0
ERR2309574	SAMEA104602052	0	1	0	0	0	0
ERR2309575	SAMEA104602053	0	1	0	0	0	0
ERR2309576	SAMEA104602054	0	1	0	0	1	0
ERR2309581	SAMEA104602136	0	0	0	0	0	0
ERR2309583	SAMEA104602057	0	1	0	0	0	0
ERR2309584	SAMEA104602058	0	1	0	0	0	0
ERR2309586	SAMEA104602060	0	1	0	0	0	0
ERR2309588	SAMEA104602062	0	1	0	0	0	0
ERR2309589	SAMEA104602063	1	0	0	0	0	0
ERR2309590	SAMEA104602064	0	1	0	0	0	0
ERR2309595	SAMEA104602068	0	1	0	0	0	0
ERR2309597	SAMEA104602070	0	1	0	0	0	0
ERR2309598	SAMEA104602071	0	1	0	0	0	0
ERR2309602	SAMEA104602075	0	1	0	0	0	0
ERR2309605	SAMEA104602078	0	1	0	0	0	0
ERR2309606	SAMEA104602079	0	1	0	0	0	0
ERR2309607	SAMEA104602080	0	1	0	0	0	0
ERR2309612	SAMEA104602085	0	1	0	0	0	0
ERR2309613	SAMEA104602086	0	1	0	0	0	0
ERR234887	SAMEA1709024	1	1	1	0	0	0
ERR237621	SAMEA1708667	1	1	0	0	0	0
ERR246614	SAMEA1708781	1	1	0	0	0	0
ERR249315	SAMEA1710092	1	0	0	0	0	0
ERR249323	SAMEA1710103	1	1	0	0	0	0
ERR256883	SAMEA1710114	1	0	1	0	0	0
ERR294307	SAMEA1904138	1	1	0	0	0	0
ERR302763	SAMEA1466507	1	1	0	0	0	0
ERR302839	SAMEA1466448	1	1	0	0	0	0
ERR3148086	SAMEA5330273	0	0	0	0	1	0
ERR3148087	SAMEA5330274	0	0	1	0	0	0
ERR3148090	SAMEA5330277	0	1	1	0	0	0
ERR3148097	SAMEA5330284	0	0	0	0	1	0
ERR3148099	SAMEA5330286	0	0	0	0	1	0
ERR3148102	SAMEA5330289	0	0	0	0	1	0
ERR3148104	SAMEA5330291	0	0	0	0	1	0
ERR3148106	SAMEA5330293	0	0	0	0	0	0
ERR3148112	SAMEA5330299	0	1	0	0	0	0
ERR3148113	SAMEA5330300	0	0	0	0	1	0
ERR3148115	SAMEA5330302	0	0	0	0	1	0
ERR3148117	SAMEA5330304	0	0	0	0	1	0
ERR3148118	SAMEA5330305	0	0	0	0	0	0
ERR3148119	SAMEA5330306	0	0	0	0	0	0
ERR3148120	SAMEA5330307	0	0	0	0	0	0
ERR3148121	SAMEA5330308	0	1	0	0	1	0
ERR3148125	SAMEA5330312	0	0	0	0	0	0
ERR3148127	SAMEA5330314	0	0	0	0	0	0
ERR3148128	SAMEA5330315	0	0	0	0	0	0
ERR3148130	SAMEA5330317	0	0	0	0	1	0
ERR3148131	SAMEA5330318	0	0	0	0	1	0
ERR3148133	SAMEA5330320	0	0	0	0	1	0
ERR3148134	SAMEA5330321	0	0	0	0	0	0
ERR3148137	SAMEA5330324	0	0	0	0	0	0
ERR3148139	SAMEA5330326	0	1	0	0	0	0
ERR3148140	SAMEA5330327	0	1	0	0	0	0
ERR3148142	SAMEA5330329	0	1	0	0	0	0
ERR3148144	SAMEA5330331	0	1	0	0	0	0
ERR355928	SAMEA1572280	1	1	0	0	0	0
ERR355931	SAMEA1568646	1	1	0	0	0	0
ERR355935	SAMEA1572478	1	0	0	0	0	0
ERR3826070	SAMEA5672311	1	1	1	0	0	0
ERR3826072	SAMEA5672313	1	1	0	0	0	0
ERR3826073	SAMEA5672314	1	1	0	0	0	0
ERR3826076	SAMEA5672317	1	1	0	0	0	0
ERR3826079	SAMEA5672304	1	1	1	0	0	0
ERR3826080	SAMEA5672305	1	1	1	0	0	0
ERR3826084	SAMEA5672335	1	1	0	0	0	0
ERR3826086	SAMEA5672341	1	1	1	0	0	0
ERR3826087	SAMEA5672344	1	1	0	0	0	0
ERR3826088	SAMEA5672415	1	1	1	0	0	0
ERR3826089	SAMEA5672416	1	1	1	0	0	0
ERR3826090	SAMEA5672445	1	0	0	0	0	0
ERR3826091	SAMEA5672446	1	1	1	0	1	0
ERR3826094	SAMEA5672449	1	1	1	0	0	0
ERR3826095	SAMEA5672450	1	1	0	0	0	1
ERR3826096	SAMEA5672451	1	1	1	0	0	0
ERR3826098	SAMEA5672453	1	0	0	0	0	0
ERR3826100	SAMEA5672455	1	1	1	0	0	0
ERR3826101	SAMEA5672456	1	1	1	0	0	0
ERR3826106	SAMEA5672461	1	1	0	0	0	0
ERR3826110	SAMEA5672465	1	0	0	0	0	0
ERR3826111	SAMEA5672466	1	1	1	0	0	0
ERR3826117	SAMEA5672473	1	1	0	0	0	0
ERR3826120	SAMEA5672477	1	1	0	0	0	0
ERR3826122	SAMEA5672483	1	1	0	0	0	0
ERR3826124	SAMEA5672485	1	1	1	0	0	0
ERR3826128	SAMEA5672489	1	1	1	0	0	0
ERR3826132	SAMEA5672493	1	1	1	0	0	0
ERR3826135	SAMEA5672496	1	1	1	0	1	0
ERR3826136	SAMEA5672497	1	1	0	0	0	0
ERR3826139	SAMEA5672500	1	1	0	0	0	0
ERR3826140	SAMEA5672501	1	1	0	0	0	0
ERR3826141	SAMEA5672502	1	0	1	0	0	0
ERR3826142	SAMEA5672503	1	1	1	0	0	0
ERR3826143	SAMEA5672504	1	1	0	0	0	0
ERR3826145	SAMEA5672506	1	1	1	0	0	0
ERR3826147	SAMEA5672508	1	1	0	0	0	1
ERR3826148	SAMEA5672509	1	1	1	0	0	0
ERR3826151	SAMEA5672512	1	1	0	0	0	0
ERR3826152	SAMEA5672513	1	1	0	0	0	0
ERR3826153	SAMEA5672514	1	1	0	0	0	0
ERR3826154	SAMEA5672515	1	1	1	0	0	0
ERR3826155	SAMEA5672516	1	1	1	0	1	0
ERR3826158	SAMEA5672519	1	1	1	0	1	0
ERR3826168	SAMEA5672529	1	1	0	0	0	0
ERR3826169	SAMEA5672530	1	1	0	0	0	0
ERR3826170	SAMEA5672531	1	1	1	0	0	0
ERR3826173	SAMEA5672534	1	1	1	0	1	1
ERR3826174	SAMEA5672535	1	1	1	0	0	0
ERR3826175	SAMEA5672536	1	1	0	0	0	0
ERR3826176	SAMEA5672537	1	1	1	0	1	0
ERR3826177	SAMEA5672538	1	1	1	0	0	1
ERR3826178	SAMEA5672539	1	1	1	0	0	0
ERR3826179	SAMEA5672540	1	1	1	0	0	0
ERR3826187	SAMEA5672548	1	1	0	0	0	0
ERR3826189	SAMEA5672550	1	1	0	0	0	0
ERR3826190	SAMEA5672551	1	1	0	0	0	0
ERR3826195	SAMEA5672556	1	1	0	0	0	0
ERR3826197	SAMEA5672558	1	0	0	0	0	0
ERR3826199	SAMEA5672560	1	1	1	0	0	0
ERR3826200	SAMEA5672561	1	1	0	0	0	0
ERR3826203	SAMEA5672577	1	1	0	0	0	0
ERR3826206	SAMEA5672580	1	1	0	0	0	0
ERR3826207	SAMEA5672581	1	1	0	0	0	1
ERR3826210	SAMEA5672564	1	1	0	1	1	0
ERR3826212	SAMEA5672566	1	1	0	0	0	0
ERR3826217	SAMEA5672571	1	1	0	0	0	0
ERR3826223	SAMEA5672584	1	0	0	0	0	0
ERR3826224	SAMEA5672585	1	1	0	0	0	0
ERR3826229	SAMEA5672590	1	1	1	0	0	0
ERR3826232	SAMEA5672593	1	1	0	0	0	0
ERR3826236	SAMEA5672597	1	1	0	0	1	0
ERR3826237	SAMEA5672598	1	1	0	0	0	0
ERR3826239	SAMEA5672600	1	1	0	0	0	0
ERR3826243	SAMEA5672604	1	1	0	0	0	0
ERR3826245	SAMEA5672606	1	1	0	0	0	0
ERR3826249	SAMEA5672610	1	1	1	0	0	0
ERR3826250	SAMEA5672611	1	1	0	0	0	0
ERR3826251	SAMEA5672612	1	1	0	0	0	0
ERR3826254	SAMEA5672615	1	0	0	0	1	0
ERR3826256	SAMEA5672617	1	1	0	0	0	0
ERR3826258	SAMEA5672619	1	0	0	0	0	0
ERR3826259	SAMEA5672620	1	1	0	0	0	0
ERR3826261	SAMEA5672622	1	1	1	0	0	0
ERR3826262	SAMEA5672623	1	1	0	0	0	0
ERR3826263	SAMEA5672624	1	1	1	0	0	0
ERR3826265	SAMEA5672626	1	1	1	0	1	0
ERR3826266	SAMEA5672627	1	1	0	0	0	0
ERR3826267	SAMEA5672628	1	1	1	0	0	0
ERR3826271	SAMEA5672632	1	1	0	0	0	0
ERR3826274	SAMEA5672635	1	1	0	0	0	0
ERR3826275	SAMEA5672636	1	1	0	0	1	0
ERR3826277	SAMEA5672638	1	1	0	0	0	0
ERR3826278	SAMEA5672639	1	1	0	0	0	0
ERR3826279	SAMEA5672640	1	1	0	0	0	0
ERR3826282	SAMEA5672643	1	1	0	0	0	0
ERR3826283	SAMEA5672644	1	1	0	0	0	0
ERR3826287	SAMEA5672648	1	1	1	0	1	0
ERR3826289	SAMEA5672650	1	1	0	0	0	0
ERR3826290	SAMEA5672651	1	1	0	0	0	0
ERR3826291	SAMEA5672652	1	1	0	0	1	0
ERR3826292	SAMEA5672653	1	1	1	0	0	0
ERR3826295	SAMEA5672656	1	1	0	0	0	0
ERR3826298	SAMEA5672659	1	1	1	0	0	0
ERR3826302	SAMEA5672663	1	1	1	0	0	0
ERR3826304	SAMEA5672665	1	1	1	0	0	0
ERR3826306	SAMEA5672667	1	1	1	0	0	0
ERR3826309	SAMEA5672671	1	1	0	0	1	0
ERR3826313	SAMEA5672675	1	1	0	0	0	0
ERR3826314	SAMEA5672676	1	1	0	0	0	0
ERR3826317	SAMEA5672679	1	1	0	0	0	0
ERR3826318	SAMEA5672680	1	1	0	0	0	0
ERR3826319	SAMEA5672681	1	1	0	0	0	1
ERR3826320	SAMEA5672682	1	1	1	0	0	0
ERR3826321	SAMEA5672683	1	1	0	0	0	0
ERR3826322	SAMEA5672684	1	1	0	0	0	0
ERR3826323	SAMEA5672685	1	1	0	0	0	0
ERR3826324	SAMEA5672686	1	1	0	0	0	0
ERR3826326	SAMEA5672688	1	1	0	0	0	0
ERR3826330	SAMEA5672692	1	1	1	0	0	0
ERR3826332	SAMEA5672694	1	1	0	0	0	1
ERR3826333	SAMEA5672695	1	1	0	0	1	0
ERR3826335	SAMEA5672697	1	1	0	0	1	0
ERR3826336	SAMEA5672698	1	1	0	0	0	0
ERR3826337	SAMEA5672699	1	0	0	0	0	0
ERR3826338	SAMEA5672700	1	1	0	0	1	0
ERR3826341	SAMEA5672703	1	1	0	0	0	0
ERR3826344	SAMEA5672706	1	0	1	0	0	0
ERR3826345	SAMEA5672707	1	1	1	0	0	0
ERR3826348	SAMEA5672710	1	1	1	0	1	0
ERR3826352	SAMEA5672714	1	1	0	0	0	0
ERR3826359	SAMEA5672721	1	1	1	0	0	0
ERR3826360	SAMEA5672722	1	1	1	0	0	0
ERR3826361	SAMEA5672723	1	1	0	0	0	0
ERR3826362	SAMEA5672724	1	1	0	0	0	0
ERR3826363	SAMEA5672725	1	1	0	0	0	0
ERR3826364	SAMEA5672726	1	1	1	0	0	0
ERR3826370	SAMEA5672732	1	1	1	0	0	0
ERR3826371	SAMEA5672733	1	1	0	0	0	0
ERR3826373	SAMEA5672735	1	1	1	0	0	0
ERR3826374	SAMEA5672736	1	1	0	0	0	0
ERR3826375	SAMEA5672737	1	1	0	0	0	0
ERR3826376	SAMEA5672738	1	1	0	0	0	0
ERR3826377	SAMEA5672739	1	1	0	0	0	0
ERR3826378	SAMEA5672740	1	1	0	0	1	0
ERR3826379	SAMEA5672741	1	1	1	0	0	0
ERR3826380	SAMEA5672742	1	1	1	0	0	0
ERR3826383	SAMEA5672745	1	1	1	0	0	0
ERR3826384	SAMEA5672746	1	1	0	0	0	0
ERR3826386	SAMEA5672748	1	1	1	0	0	0
ERR3826387	SAMEA5672749	1	1	1	0	0	0
ERR3826388	SAMEA5672750	1	1	1	0	0	0
ERR3826390	SAMEA5672752	1	1	0	0	0	0
ERR3826392	SAMEA5672754	1	1	0	0	0	0
ERR3826394	SAMEA5672756	1	1	1	0	0	0
ERR3826395	SAMEA5672757	1	1	1	0	0	0
ERR3826396	SAMEA5672758	1	1	0	0	0	0
ERR3826399	SAMEA5672761	1	1	0	1	0	0
ERR3826401	SAMEA5672763	1	1	0	0	0	0
ERR3826404	SAMEA5672766	1	1	0	0	0	0
ERR3826405	SAMEA5672767	1	1	0	0	0	0
ERR3826407	SAMEA5672769	1	1	0	0	0	0
ERR3826410	SAMEA5672772	1	0	0	0	0	0
ERR3826411	SAMEA5672773	1	1	1	0	0	0
ERR3826413	SAMEA5672775	1	1	0	0	0	0
ERR3826417	SAMEA5672779	1	1	1	0	1	0
ERR3826418	SAMEA5672780	1	1	0	0	1	0
ERR3826420	SAMEA5672782	1	1	0	0	0	0
ERR3826422	SAMEA5672784	1	0	0	0	0	0
ERR3826424	SAMEA5672786	1	1	0	0	1	0
ERR3826425	SAMEA5672787	1	1	1	0	0	0
ERR3826426	SAMEA5672788	1	0	0	0	0	0
ERR3826427	SAMEA5672789	1	1	0	0	0	0
ERR3826429	SAMEA5672791	1	1	0	0	0	0
ERR3826433	SAMEA5672795	1	0	0	0	0	0
ERR3826435	SAMEA5672797	1	1	0	0	0	0
ERR3826436	SAMEA5672798	1	1	0	0	1	0
ERR3826441	SAMEA5672804	1	1	1	0	0	0
ERR3826442	SAMEA5672805	1	1	0	1	0	0
ERR3826449	SAMEA5672812	1	1	1	0	0	1
ERR3826453	SAMEA5672819	1	1	0	0	0	0
ERR3826456	SAMEA5672822	1	1	0	0	0	0
ERR3826457	SAMEA5672823	1	1	0	0	0	0
ERR3826459	SAMEA5672825	1	1	0	0	0	0
ERR3826462	SAMEA5672828	1	1	1	0	0	0
ERR3826464	SAMEA5672813	1	1	0	0	0	0
ERR3826471	SAMEA5672834	1	1	1	0	0	0
ERR3826476	SAMEA5672839	1	1	0	0	0	0
ERR3826477	SAMEA5672840	1	1	0	0	0	0
ERR3826478	SAMEA5672841	1	1	1	0	0	0
ERR3826480	SAMEA5672843	1	1	1	0	0	0
ERR3826481	SAMEA5672844	1	1	0	0	0	0
ERR3826484	SAMEA5672847	1	1	0	0	0	0
ERR3826485	SAMEA5672848	1	1	0	0	0	0
ERR3826486	SAMEA5672849	1	1	1	0	0	0
ERR3826488	SAMEA5672851	1	1	1	0	0	0
ERR3826491	SAMEA5672854	1	1	1	0	0	0
ERR3826492	SAMEA5672855	1	1	0	0	0	0
ERR3826495	SAMEA5672858	1	1	1	0	0	0
ERR3826498	SAMEA5672861	1	1	1	0	0	0
ERR3826499	SAMEA5672862	1	0	0	0	0	0
ERR3826501	SAMEA5672864	1	1	0	0	0	0
ERR3826502	SAMEA5672865	1	1	1	0	0	0
ERR3826503	SAMEA5672866	1	1	0	0	0	0
ERR3826504	SAMEA5672867	1	1	0	0	0	1
ERR3826505	SAMEA5672868	1	1	1	0	0	0
ERR3826506	SAMEA5672869	1	1	0	0	0	0
ERR3826507	SAMEA5672870	1	0	0	0	0	0
ERR3826508	SAMEA5672871	1	1	1	0	1	0
ERR3826512	SAMEA5672875	1	0	0	0	0	0
ERR3826513	SAMEA5672876	1	1	0	0	0	0
ERR3826514	SAMEA5672877	1	1	1	0	0	0
ERR3826515	SAMEA5672878	1	1	1	0	0	0
ERR3826516	SAMEA5672879	1	1	1	0	0	0
ERR3826519	SAMEA5672882	1	1	1	0	0	0
ERR3826520	SAMEA5672883	1	1	1	0	0	0
ERR3826523	SAMEA5672886	1	1	0	0	0	0
ERR3826524	SAMEA5672887	1	1	0	0	0	0
ERR3826526	SAMEA5672889	1	1	1	0	0	0
ERR3826528	SAMEA5672891	1	1	1	0	0	0
ERR3826531	SAMEA5672894	1	1	1	0	0	0
ERR3826537	SAMEA5672900	1	1	1	0	0	0
ERR3826538	SAMEA5672901	1	1	0	0	0	0
ERR3826539	SAMEA5672902	1	1	0	0	0	1
ERR3826542	SAMEA5672905	1	1	0	0	1	1
ERR3826543	SAMEA5672906	1	1	0	0	0	0
ERR3826545	SAMEA5672908	1	1	1	0	0	0
ERR3826550	SAMEA5672913	1	1	0	0	0	0
ERR3826551	SAMEA5672914	1	1	1	0	0	0
ERR3826552	SAMEA5672915	1	1	0	0	0	1
ERR3826553	SAMEA5672916	1	1	0	0	1	0
ERR3826554	SAMEA5672917	1	1	0	0	0	0
ERR3826559	SAMEA5672922	1	1	0	0	0	0
ERR3826560	SAMEA5672923	1	0	0	0	1	0
ERR3826561	SAMEA5672924	1	1	0	0	0	0
ERR3826563	SAMEA5672926	1	1	1	0	0	0
ERR3826564	SAMEA5672927	1	1	1	0	0	0
ERR3826565	SAMEA5672928	1	1	0	0	0	0
ERR3826566	SAMEA5672929	1	1	0	0	0	0
ERR3826569	SAMEA5672932	1	1	0	0	0	0
ERR3826571	SAMEA5672934	1	1	1	0	0	0
ERR3826572	SAMEA5672935	1	1	1	0	0	0
ERR3826573	SAMEA5672936	1	1	0	0	0	0
ERR3826574	SAMEA5672937	1	1	0	0	0	0
ERR3826577	SAMEA5672940	1	1	1	0	0	1
ERR3826579	SAMEA5672942	1	1	0	0	0	0
ERR3826582	SAMEA5672945	1	1	0	0	0	0
ERR3826584	SAMEA5672947	1	1	1	0	0	0
ERR3826585	SAMEA5672948	1	1	0	0	0	0
ERR3826590	SAMEA5672953	1	1	0	0	0	0
ERR3826591	SAMEA5672954	1	1	0	0	0	0
ERR3826592	SAMEA5672955	1	1	0	0	0	0
ERR3826593	SAMEA5672956	1	1	0	0	0	0
ERR3826595	SAMEA5672958	1	0	1	0	0	0
ERR3826596	SAMEA5672959	1	1	1	0	0	0
ERR3826597	SAMEA5672960	1	1	0	0	0	0
ERR3826599	SAMEA5672962	1	1	1	0	0	0
ERR3826605	SAMEA5672968	1	1	0	0	0	0
ERR3826606	SAMEA5672969	1	0	1	0	0	0
ERR3826607	SAMEA5672970	1	0	0	0	0	0
ERR3826609	SAMEA5672972	1	1	0	0	0	0
ERR3826612	SAMEA5672975	1	1	1	0	0	0
ERR3826614	SAMEA5672977	1	1	1	0	1	0
ERR3826615	SAMEA5672978	1	1	0	0	0	0
ERR3826619	SAMEA5672982	1	1	0	0	0	1
ERR3826621	SAMEA5672984	1	1	0	0	0	0
ERR3826622	SAMEA5672985	1	1	0	0	0	0
ERR3826623	SAMEA5672986	1	1	1	0	0	0
ERR3826627	SAMEA5672990	1	1	0	0	0	0
ERR3826632	SAMEA5672995	1	0	0	0	0	0
ERR3826635	SAMEA5672998	1	1	1	0	0	0
ERR3826637	SAMEA5673000	1	0	0	0	0	0
ERR3826638	SAMEA5673001	1	1	0	0	0	0
ERR3826639	SAMEA5673002	1	1	0	0	1	0
ERR3826641	SAMEA5673004	1	1	0	0	0	0
ERR3826647	SAMEA5673010	1	1	1	0	0	0
ERR3826648	SAMEA5673011	1	1	0	0	1	0
ERR3826649	SAMEA5673012	1	1	0	0	0	0
ERR3826650	SAMEA5673013	1	1	0	0	0	0
ERR3826653	SAMEA5673016	1	1	0	0	0	0
ERR3826654	SAMEA5673017	1	1	1	0	0	0
ERR3826656	SAMEA5673019	1	1	1	0	0	0
ERR3826657	SAMEA5673020	1	1	0	0	1	0
ERR3826659	SAMEA5673022	1	1	0	0	0	0
ERR3826662	SAMEA5673025	1	1	0	0	0	0
ERR3826663	SAMEA5673026	1	1	0	0	0	0
ERR3826666	SAMEA5673029	1	1	1	0	0	0
ERR3826668	SAMEA5673031	1	1	1	0	1	0
ERR3826670	SAMEA5673033	1	1	1	0	0	0
ERR3826671	SAMEA5673034	1	1	1	0	0	1
ERR3826673	SAMEA5673036	1	1	0	0	0	0
ERR3826674	SAMEA5673037	1	1	0	0	0	0
ERR3826681	SAMEA5673044	1	0	0	0	0	1
ERR3826683	SAMEA5673046	0	1	0	0	0	0
ERR3826685	SAMEA5673048	1	1	0	0	0	0
ERR3826686	SAMEA5673049	0	1	0	0	0	0
ERR3826687	SAMEA5673050	1	1	1	0	0	0
ERR3826690	SAMEA5673053	1	1	0	0	0	0
ERR3826691	SAMEA5673054	1	0	1	0	1	0
ERR3826693	SAMEA5673056	1	1	0	0	0	0
ERR3826694	SAMEA5673057	1	1	0	0	0	1
ERR3826696	SAMEA5673059	1	1	0	0	0	0
ERR3826697	SAMEA5673060	1	1	1	0	0	0
ERR3826698	SAMEA5673061	1	1	1	0	0	0
ERR3826699	SAMEA5673062	1	1	0	0	0	0
ERR3826701	SAMEA5673064	1	1	0	0	0	1
ERR3826702	SAMEA5673065	1	1	0	0	0	1
ERR3826704	SAMEA5673067	1	1	0	0	0	0
ERR3826707	SAMEA5673070	1	1	1	0	1	0
ERR3826714	SAMEA5673077	1	1	0	0	0	0
ERR3826716	SAMEA5673087	1	1	0	0	1	0
ERR3826718	SAMEA5673089	1	1	0	0	0	0
ERR3826720	SAMEA5673079	1	1	0	0	0	0
ERR3826722	SAMEA5673081	1	1	1	0	0	0
ERR3826726	SAMEA5673085	1	1	1	0	0	1
ERR3826727	SAMEA5673086	1	1	0	0	0	0
ERR3826730	SAMEA5672321	1	1	0	0	0	0
ERR3826731	SAMEA5672322	1	1	1	0	0	0
ERR3826732	SAMEA5672323	1	1	1	0	0	0
ERR3826734	SAMEA5672325	1	1	1	0	1	0
ERR3826737	SAMEA5672328	1	1	0	0	0	0
ERR3826740	SAMEA5672331	1	1	0	0	0	0
ERR3826742	SAMEA5672333	1	1	1	0	1	0
ERR3826743	SAMEA5672334	1	1	0	0	0	0
ERR3826744	SAMEA5672343	1	1	1	0	0	0
ERR3826745	SAMEA5672336	1	1	0	0	0	0
ERR3826747	SAMEA5672339	1	1	0	0	0	0
ERR3826748	SAMEA5672340	1	1	1	0	0	0
ERR3826749	SAMEA5672342	1	1	1	0	0	0
ERR3826754	SAMEA5672349	1	1	0	0	0	0
ERR3826755	SAMEA5672350	1	1	0	0	1	0
ERR3826756	SAMEA5672351	1	1	0	0	0	0
ERR3826757	SAMEA5672352	1	1	1	0	0	0
ERR3826759	SAMEA5672354	1	1	0	0	0	0
ERR3826761	SAMEA5672356	1	1	1	0	0	0
ERR3826764	SAMEA5672359	1	1	1	0	0	0
ERR3826765	SAMEA5672360	1	1	1	0	0	0
ERR3826766	SAMEA5672361	1	1	1	0	1	0
ERR3826771	SAMEA5672366	1	1	0	0	0	0
ERR3826772	SAMEA5672367	1	1	0	0	0	0
ERR3826775	SAMEA5672370	1	1	0	0	0	0
ERR3826776	SAMEA5672371	1	1	0	0	0	0
ERR3826778	SAMEA5672373	1	1	0	0	0	0
ERR3826782	SAMEA5672377	1	0	0	0	0	0
ERR3826783	SAMEA5672378	1	1	0	0	0	0
ERR3826786	SAMEA5672381	1	1	0	0	0	0
ERR3826787	SAMEA5672382	1	1	0	0	0	0
ERR3826789	SAMEA5672384	1	1	0	0	0	1
ERR3826792	SAMEA5672387	1	1	0	0	0	0
ERR3826793	SAMEA5672388	1	1	0	0	1	0
ERR3826794	SAMEA5672389	1	1	1	0	0	0
ERR3826796	SAMEA5672391	1	1	1	0	0	0
ERR3826797	SAMEA5672392	1	1	0	0	0	0
ERR3826800	SAMEA5672395	1	1	1	0	0	0
ERR3826803	SAMEA5672398	1	1	0	0	0	0
ERR3826805	SAMEA5672400	1	0	0	0	0	0
ERR3826806	SAMEA5672401	1	1	1	0	0	0
ERR3826809	SAMEA5672404	1	1	1	0	0	0
ERR3826810	SAMEA5672405	1	1	0	0	0	0
ERR3826816	SAMEA5672411	1	1	0	0	0	1
ERR3826820	SAMEA5672417	1	1	0	0	0	0
ERR3826822	SAMEA5672419	1	1	1	0	0	0
ERR3826828	SAMEA5672425	1	1	1	0	0	0
ERR3826829	SAMEA5672426	1	1	0	0	0	0
ERR3826831	SAMEA5672428	1	1	0	0	0	0
ERR3826832	SAMEA5672429	1	1	1	0	1	0
ERR3826834	SAMEA5672431	1	1	0	0	0	0
ERR3826838	SAMEA5672435	1	1	1	0	1	0
ERR3826840	SAMEA5672437	1	1	0	0	0	0
ERR3826842	SAMEA5672439	1	1	0	0	0	0
ERR3826843	SAMEA5672440	1	1	1	0	1	0
ERR3826844	SAMEA5672441	1	1	0	0	0	0
ERR3826846	SAMEA5672443	1	0	0	0	0	0
ERR3826848	SAMEA5672469	1	1	0	0	0	0
ERR3826850	SAMEA5672478	1	1	0	0	0	0
ERR3826851	SAMEA5672479	1	1	0	0	0	0
ERR3826852	SAMEA5672481	1	1	0	0	0	0
ERR3826853	SAMEA5672482	1	1	0	0	0	1
ERR3829616	SAMEA5672803	1	0	0	0	0	0
ERR4013645	SAMEA6656585	0	1	0	0	0	0
ERR4013648	SAMEA6656588	0	0	0	0	0	0
ERR4013649	SAMEA6656589	0	1	0	0	0	0
ERR4013650	SAMEA6656590	0	1	0	0	0	0
ERR4013651	SAMEA6656591	0	1	0	0	0	0
ERR4013653	SAMEA6656593	0	0	0	0	0	0
ERR4013654	SAMEA6656594	0	1	0	0	0	0
ERR4013656	SAMEA6656596	0	1	0	0	0	0
ERR4013659	SAMEA6656599	0	0	0	0	0	0
ERR4013660	SAMEA6656600	1	1	0	0	0	0
ERR4013661	SAMEA6656601	0	0	0	0	0	0
ERR4013662	SAMEA6656602	0	0	0	0	0	0
ERR4013663	SAMEA6656603	0	1	0	0	0	0
ERR4013665	SAMEA6656605	0	1	0	0	0	0
ERR4013667	SAMEA6656607	0	1	0	0	0	0
ERR4013668	SAMEA6656608	0	1	0	0	0	0
ERR4013670	SAMEA6656610	0	1	0	0	0	0
ERR4013671	SAMEA6656611	0	0	0	0	0	0
ERR4013673	SAMEA6656613	0	1	0	0	0	0
ERR4013675	SAMEA6656615	0	1	0	0	0	0
ERR4013682	SAMEA6656622	0	0	0	0	0	0
ERR4013686	SAMEA6656626	0	1	0	0	0	0
ERR4013689	SAMEA6656629	0	0	0	0	0	0
ERR4013691	SAMEA6656631	0	0	0	0	0	0
ERR4013693	SAMEA6656633	0	1	0	0	0	0
ERR4013694	SAMEA6656634	0	1	0	0	0	0
ERR4013696	SAMEA6656636	0	0	0	0	0	0
ERR4013697	SAMEA6656637	0	0	0	0	0	0
ERR4013698	SAMEA6656638	0	0	0	0	0	0
ERR4013700	SAMEA6656640	0	0	0	0	0	0
ERR4013701	SAMEA6656641	0	0	0	0	0	0
ERR4013703	SAMEA6656643	0	1	0	0	0	0
ERR4013705	SAMEA6656645	0	0	0	0	0	0
ERR4013706	SAMEA6656646	0	0	0	0	0	0
ERR4013711	SAMEA6656651	0	1	0	0	0	0
ERR4013713	SAMEA6656653	0	0	0	0	0	0
ERR4013714	SAMEA6656654	0	1	0	0	0	0
ERR4013716	SAMEA6656656	0	0	0	0	0	0
ERR4013717	SAMEA6656657	0	1	0	0	0	0
ERR4013718	SAMEA6656658	0	1	0	0	0	0
ERR4013721	SAMEA6656661	0	1	0	0	0	0
ERR4013724	SAMEA6656664	0	0	0	0	0	0
ERR4013726	SAMEA6656666	0	1	0	0	0	0
ERR4013727	SAMEA6656667	0	1	0	0	0	0
ERR4013729	SAMEA6656670	0	1	0	0	0	0
ERR4013749	SAMEA6656690	0	1	0	0	0	0
ERR4013800	SAMEA6656741	0	1	0	0	0	0
ERR410035	SAMEA2335070	0	0	1	0	0	0
ERR410038	SAMEA2335073	0	1	0	0	1	0
ERR410040	SAMEA2335075	0	1	0	0	1	0
ERR410041	SAMEA2335076	0	1	0	0	0	0
ERR410043	SAMEA2335078	0	0	0	0	0	0
ERR410046	SAMEA2335081	0	1	0	0	0	0
ERR410047	SAMEA2335082	0	0	0	0	0	0
ERR410048	SAMEA2335083	0	0	0	0	0	0
ERR410049	SAMEA2335084	0	0	0	0	0	0
ERR410050	SAMEA2335085	0	1	0	0	0	0
ERR410051	SAMEA2335086	0	1	0	0	0	0
ERR410052	SAMEA2335087	0	1	0	0	0	0
ERR410053	SAMEA2335088	0	1	0	0	0	0
ERR410055	SAMEA2335090	0	0	0	0	0	0
ERR410056	SAMEA2335091	0	1	0	0	0	0
ERR410057	SAMEA2335092	0	0	0	0	0	0
ERR410058	SAMEA2335093	0	0	0	0	0	0
ERR410066	SAMEA2335101	0	0	0	0	0	0
ERR410067	SAMEA2335102	0	1	0	0	0	0
ERR410068	SAMEA2335103	0	0	0	0	0	0
ERR410070	SAMEA2335105	0	1	0	0	0	0
ERR410071	SAMEA2335106	0	1	0	0	0	0
ERR410075	SAMEA2335110	0	1	0	0	0	0
ERR410077	SAMEA2335112	0	1	0	0	0	0
ERR410078	SAMEA2335113	0	1	0	0	0	0
ERR410079	SAMEA2335114	0	1	0	0	0	0
ERR410081	SAMEA2335116	0	0	0	0	0	0
ERR410083	SAMEA2335118	0	1	0	0	0	0
ERR410085	SAMEA2335120	0	1	0	0	0	0
ERR410090	SAMEA2335125	0	1	0	0	0	0
ERR410092	SAMEA2335127	0	0	0	0	0	0
ERR410095	SAMEA2335130	0	0	0	0	0	0
ERR410096	SAMEA2335131	0	1	0	0	0	0
ERR410097	SAMEA2335132	0	0	0	0	0	0
ERR410099	SAMEA2335134	0	1	0	0	0	0
ERR410101	SAMEA2335136	0	1	0	0	0	0
ERR410102	SAMEA2335137	0	0	0	0	0	0
ERR410108	SAMEA2335143	0	0	0	0	0	0
ERR410109	SAMEA2335144	0	1	0	0	0	0
ERR410111	SAMEA2335146	0	1	0	0	0	0
ERR410113	SAMEA2335148	0	0	0	0	0	0
ERR410115	SAMEA2335150	0	0	0	0	0	0
ERR410118	SAMEA2335153	0	0	0	0	0	0
ERR410126	SAMEA2335161	0	1	0	0	0	0
ERR410128	SAMEA2335163	0	1	0	0	0	0
ERR410129	SAMEA2335164	0	1	0	0	0	0
ERR410135	SAMEA2335170	0	1	0	0	0	0
ERR410136	SAMEA2335171	0	0	0	0	0	0
ERR418318	SAMEA2339835	1	1	1	0	0	0
ERR418319	SAMEA2339836	1	0	0	0	0	0
ERR418320	SAMEA2339837	1	0	0	0	0	0
ERR418322	SAMEA2339839	1	1	1	0	0	0
ERR418323	SAMEA2339840	1	0	0	0	0	0
ERR418325	SAMEA2339842	1	1	1	0	0	0
ERR418326	SAMEA2339843	1	1	1	0	0	0
ERR418327	SAMEA2339844	1	1	1	0	0	0
ERR418328	SAMEA2339845	1	0	0	0	0	0
ERR418329	SAMEA2339846	1	1	1	0	0	0
ERR418331	SAMEA2339848	1	0	0	0	0	0
ERR418332	SAMEA2339849	1	0	0	0	0	0
ERR418334	SAMEA2339851	1	0	0	0	0	0
ERR418337	SAMEA2339854	1	0	0	0	0	0
ERR418339	SAMEA2339856	1	0	0	0	0	0
ERR418340	SAMEA2339857	1	1	1	0	0	0
ERR418342	SAMEA2339859	1	1	1	0	0	0
ERR418343	SAMEA2339860	1	0	0	0	0	0
ERR418345	SAMEA2339862	1	1	0	0	0	0
ERR418346	SAMEA2339863	1	0	0	0	0	0
ERR418347	SAMEA2339864	1	1	1	0	0	0
ERR418350	SAMEA2339867	1	1	0	0	0	0
ERR418352	SAMEA2339869	1	1	0	0	0	0
ERR418356	SAMEA2339873	1	0	0	0	0	0
ERR418357	SAMEA2339874	1	1	1	0	0	0
ERR418359	SAMEA2339876	1	0	0	0	0	0
ERR418361	SAMEA2339878	1	1	1	0	0	0
ERR418363	SAMEA2339880	1	0	0	0	0	0
ERR418364	SAMEA2339881	1	0	0	0	0	0
ERR418365	SAMEA2339882	1	1	1	0	0	0
ERR418367	SAMEA2339884	1	0	0	0	0	0
ERR418375	SAMEA2339892	1	0	0	0	0	0
ERR418377	SAMEA2339894	1	1	1	0	0	0
ERR418381	SAMEA2339898	1	0	0	0	0	1
ERR418382	SAMEA2339899	1	0	0	0	0	0
ERR418383	SAMEA2339900	1	0	0	0	0	1
ERR418384	SAMEA2339901	1	0	0	0	0	0
ERR418386	SAMEA2339903	0	0	0	0	0	0
ERR418390	SAMEA2339907	0	1	0	0	0	0
ERR418391	SAMEA2339908	0	0	0	0	0	0
ERR418392	SAMEA2339909	0	0	0	0	0	0
ERR418393	SAMEA2339910	0	0	0	0	0	0
ERR418394	SAMEA2339911	0	0	0	0	0	0
ERR418395	SAMEA2339912	0	0	0	0	0	0
ERR418397	SAMEA2339914	0	1	0	0	0	0
ERR418398	SAMEA2339915	0	0	0	0	0	0
ERR418400	SAMEA2339917	0	1	0	0	0	0
ERR418402	SAMEA2339919	0	1	0	0	0	0
ERR418404	SAMEA2339921	0	0	0	0	0	0
ERR418405	SAMEA2339922	0	0	0	0	0	0
ERR418415	SAMEA2339932	0	0	0	0	0	0
ERR418416	SAMEA2339933	1	1	1	0	0	0
ERR418417	SAMEA2339934	0	0	0	0	0	0
ERR418420	SAMEA2339937	0	0	0	0	0	0
ERR418421	SAMEA2339938	1	1	0	0	0	0
ERR418422	SAMEA2339939	0	1	0	0	0	0
ERR418423	SAMEA2339940	0	0	0	0	0	0
ERR418426	SAMEA2339943	0	0	0	0	0	0
ERR418429	SAMEA2339946	0	1	0	0	0	0
ERR418431	SAMEA2339948	1	1	1	0	0	0
ERR418432	SAMEA2339949	0	1	0	0	0	0
ERR418434	SAMEA2339951	0	1	0	0	1	0
ERR418435	SAMEA2339952	0	0	0	0	0	0
ERR418436	SAMEA2339953	0	1	0	0	0	0
ERR418437	SAMEA2339954	0	0	0	0	0	1
ERR418439	SAMEA2339956	0	1	0	0	0	0
ERR418441	SAMEA2339958	0	1	0	0	0	0
ERR418443	SAMEA2339960	1	1	1	0	0	0
ERR418445	SAMEA2339962	0	1	0	0	0	0
ERR418446	SAMEA2339963	0	1	0	0	0	0
ERR418447	SAMEA2339964	0	0	0	0	0	0
ERR418448	SAMEA2339965	0	1	0	0	0	0
ERR418452	SAMEA2339969	0	1	0	0	0	0
ERR418453	SAMEA2339970	0	1	0	0	1	0
ERR418455	SAMEA2339972	1	1	0	0	0	0
ERR418456	SAMEA2339973	0	1	0	0	0	0
ERR418458	SAMEA2339975	0	1	0	0	0	0
ERR418459	SAMEA2339976	0	1	0	0	1	0
ERR418463	SAMEA2339980	0	0	0	0	0	0
ERR418464	SAMEA2339981	0	1	0	0	0	0
ERR418465	SAMEA2339982	0	1	0	0	0	0
ERR418467	SAMEA2339984	0	1	0	0	0	0
ERR418468	SAMEA2339985	1	1	1	0	0	0
ERR418469	SAMEA2339986	0	1	0	0	0	0
ERR418474	SAMEA2339991	0	0	0	0	0	0
ERR418477	SAMEA2339994	0	0	0	0	0	1
ERR418482	SAMEA2339999	1	1	0	0	0	0
ERR418486	SAMEA2340003	0	0	0	0	0	0
ERR418489	SAMEA2340006	0	1	0	0	0	0
ERR418493	SAMEA2340010	0	0	0	0	0	0
ERR418495	SAMEA2340012	0	1	0	0	0	0
ERR418496	SAMEA2340013	0	1	0	0	0	0
ERR418497	SAMEA2340014	0	0	0	0	0	0
ERR418500	SAMEA2340017	0	1	0	0	0	0
ERR418507	SAMEA2340024	1	1	0	0	0	0
ERR418508	SAMEA2340025	0	0	0	0	0	0
ERR418511	SAMEA2340028	0	1	0	0	0	0
ERR418513	SAMEA2340030	0	1	0	0	0	0
ERR418514	SAMEA2340031	0	1	0	0	0	0
ERR418515	SAMEA2340032	0	0	0	0	0	0
ERR418516	SAMEA2340033	0	1	0	0	0	0
ERR418519	SAMEA2340036	0	1	0	0	0	0
ERR418520	SAMEA2340037	0	1	0	0	0	0
ERR418522	SAMEA2340039	0	1	0	0	0	0
ERR418523	SAMEA2340040	0	1	0	0	0	0
ERR418525	SAMEA2340042	0	0	0	0	0	0
ERR418528	SAMEA2340045	0	0	0	0	0	0
ERR418531	SAMEA2340048	0	1	0	0	0	0
ERR418533	SAMEA2340050	1	1	0	0	0	0
ERR418540	SAMEA2340057	0	1	0	0	0	0
ERR418541	SAMEA2340058	0	1	0	0	0	0
ERR418542	SAMEA2340059	0	1	0	0	0	0
ERR418543	SAMEA2340060	0	1	0	0	0	0
ERR418544	SAMEA2340061	0	0	0	0	1	0
ERR418545	SAMEA2340062	0	0	0	0	0	0
ERR418551	SAMEA2340068	0	1	0	0	0	0
ERR418555	SAMEA2340072	0	1	1	0	0	0
ERR418556	SAMEA2340073	0	1	0	0	0	0
ERR418557	SAMEA2340074	0	1	0	0	0	0
ERR418559	SAMEA2340076	0	1	1	0	0	0
ERR418563	SAMEA2340080	1	1	0	0	0	0
ERR418564	SAMEA2340081	0	1	0	0	0	0
ERR418567	SAMEA2340084	0	1	0	0	0	0
ERR418569	SAMEA2340086	0	0	0	0	0	0
ERR418570	SAMEA2340087	0	1	0	0	0	0
ERR418572	SAMEA2340089	0	0	0	0	0	0
ERR418575	SAMEA2340092	0	1	1	0	1	0
ERR418576	SAMEA2340093	0	1	0	0	0	0
ERR418579	SAMEA2340096	0	0	0	0	1	0
ERR418580	SAMEA2340097	0	1	0	0	0	0
ERR418584	SAMEA2340101	1	1	1	0	1	0
ERR418586	SAMEA2340103	0	0	0	0	0	0
ERR418589	SAMEA2340106	0	0	0	0	0	0
ERR418592	SAMEA2340109	0	1	0	0	0	0
ERR418594	SAMEA2340111	0	0	0	0	0	0
ERR418595	SAMEA2340112	0	0	0	0	0	0
ERR418598	SAMEA2340115	0	1	0	0	0	0
ERR418599	SAMEA2340116	0	1	0	0	0	0
ERR418600	SAMEA2340117	0	0	0	0	0	0
ERR418601	SAMEA2340118	1	1	1	0	0	0
ERR418604	SAMEA2340121	0	0	0	0	0	0
ERR418611	SAMEA2340128	0	1	0	0	1	0
ERR418613	SAMEA2340130	0	1	0	0	0	0
ERR418614	SAMEA2340131	0	1	0	0	0	0
ERR418616	SAMEA2340133	0	1	0	0	0	0
ERR418618	SAMEA2340135	0	1	0	0	0	0
ERR418619	SAMEA2340136	0	0	0	0	0	0
ERR418621	SAMEA2340138	0	1	0	0	0	0
ERR418622	SAMEA2340139	0	0	0	0	0	0
ERR418623	SAMEA2340140	0	1	0	0	0	0
ERR418627	SAMEA2340144	0	1	0	0	0	0
ERR418628	SAMEA2340145	0	1	0	0	0	0
ERR418629	SAMEA2340146	1	1	0	0	0	0
ERR418631	SAMEA2340148	0	0	0	0	0	0
ERR418633	SAMEA2340150	0	0	0	0	0	0
ERR418634	SAMEA2340151	0	0	0	0	0	0
ERR418635	SAMEA2340152	0	0	0	0	1	0
ERR418636	SAMEA2340153	0	0	0	0	0	0
ERR418637	SAMEA2340154	1	1	0	0	0	0
ERR418638	SAMEA2340155	0	0	0	0	0	0
ERR418639	SAMEA2340156	1	1	1	0	0	0
ERR418642	SAMEA2340159	0	0	0	0	0	0
ERR418643	SAMEA2340160	0	0	0	0	0	0
ERR418644	SAMEA2340161	0	0	0	0	0	0
ERR418647	SAMEA2340164	0	0	0	0	0	0
ERR418649	SAMEA2340166	0	0	0	0	0	0
ERR418650	SAMEA2340167	0	1	0	0	0	0
ERR418651	SAMEA2340168	0	1	0	0	0	0
ERR418653	SAMEA2340170	0	1	0	0	0	0
ERR418654	SAMEA2340171	0	1	1	0	0	0
ERR418656	SAMEA2340173	0	1	0	0	0	0
ERR418657	SAMEA2340174	0	1	0	0	0	0
ERR418659	SAMEA2340176	1	1	1	0	0	0
ERR418661	SAMEA2340178	0	1	0	0	0	0
ERR418663	SAMEA2340180	0	1	0	0	1	0
ERR418664	SAMEA2340181	0	1	0	0	1	0
ERR418666	SAMEA2340183	0	1	0	0	0	0
ERR418667	SAMEA2340184	0	1	0	0	0	0
ERR418668	SAMEA2340185	0	1	0	0	1	0
ERR418669	SAMEA2340186	0	1	0	0	0	0
ERR418670	SAMEA2340187	0	1	0	0	0	0
ERR418671	SAMEA2340188	0	1	0	0	0	0
ERR418672	SAMEA2340189	0	0	0	0	0	0
ERR418673	SAMEA2340190	0	0	0	0	0	0
ERR418674	SAMEA2340191	0	1	0	0	0	0
ERR418675	SAMEA2340192	0	1	0	0	0	0
ERR418679	SAMEA2340196	0	1	0	0	0	0
ERR418680	SAMEA2340197	0	0	0	0	0	0
ERR418682	SAMEA2340199	0	1	0	0	0	0
ERR418683	SAMEA2340200	0	0	0	0	0	0
ERR418685	SAMEA2340202	0	1	0	0	0	0
ERR418687	SAMEA2340204	1	1	1	0	0	0
ERR418688	SAMEA2340205	0	0	0	0	0	0
ERR418689	SAMEA2340206	0	1	0	0	0	0
ERR418690	SAMEA2340207	0	0	0	0	0	0
ERR418691	SAMEA2340208	1	1	1	0	0	0
ERR418692	SAMEA2340209	0	1	0	0	0	0
ERR418693	SAMEA2340210	0	1	0	0	0	0
ERR418694	SAMEA2340211	0	1	0	0	0	0
ERR418695	SAMEA2340212	0	1	0	0	0	0
ERR418697	SAMEA2340214	0	1	0	0	0	0
ERR418700	SAMEA2340217	1	1	1	0	0	0
ERR418701	SAMEA2340218	0	1	0	0	0	0
ERR418702	SAMEA2340219	0	0	0	0	0	0
ERR418709	SAMEA2340226	1	1	0	0	0	0
ERR418710	SAMEA2340227	1	1	1	0	0	0
ERR418713	SAMEA2340230	0	0	0	0	0	0
ERR418714	SAMEA2340231	1	1	0	0	0	0
ERR418716	SAMEA2340233	0	1	0	0	0	0
ERR418717	SAMEA2340234	0	1	0	0	0	0
ERR418718	SAMEA2340235	0	1	1	0	0	0
ERR418720	SAMEA2340237	0	0	0	0	0	0
ERR418722	SAMEA2340239	0	1	0	0	0	0
ERR418723	SAMEA2340240	0	0	0	0	1	0
ERR418724	SAMEA2340241	0	1	0	0	0	0
ERR418729	SAMEA2340246	0	1	0	0	0	0
ERR418730	SAMEA2340247	1	0	0	0	1	0
ERR418731	SAMEA2340248	0	1	0	0	0	0
ERR418732	SAMEA2340249	1	1	1	0	0	0
ERR418733	SAMEA2340250	0	0	0	0	0	0
ERR418734	SAMEA2340251	1	1	1	0	0	0
ERR418738	SAMEA2340255	0	1	0	0	0	0
ERR418739	SAMEA2340256	0	1	0	0	0	0
ERR418740	SAMEA2340257	0	0	0	0	0	0
ERR418742	SAMEA2340259	1	0	0	0	0	0
ERR418744	SAMEA2340261	0	0	0	0	0	0
ERR418746	SAMEA2340263	0	1	0	0	0	0
ERR418747	SAMEA2340264	1	1	0	0	0	0
ERR418752	SAMEA2340269	0	1	0	0	1	0
ERR418753	SAMEA2340270	1	1	1	0	0	0
ERR418756	SAMEA2340273	0	1	0	0	0	0
ERR418757	SAMEA2340274	0	0	0	0	0	0
ERR418760	SAMEA2340277	0	1	0	0	0	0
ERR418762	SAMEA2340279	0	1	1	0	1	0
ERR418763	SAMEA2340280	1	1	0	0	0	0
ERR418765	SAMEA2340282	0	0	0	0	0	0
ERR418766	SAMEA2340283	1	0	0	0	0	0
ERR418771	SAMEA2340288	1	1	1	0	0	0
ERR418773	SAMEA2340290	0	1	0	0	0	0
ERR418774	SAMEA2340291	1	0	0	0	0	0
ERR418778	SAMEA2340295	0	0	0	0	0	0
ERR418780	SAMEA2340297	1	1	1	0	0	0
ERR418782	SAMEA2340299	0	0	0	0	0	0
ERR418785	SAMEA2340302	1	0	0	0	0	0
ERR418786	SAMEA2340303	0	0	0	0	0	0
ERR418788	SAMEA2340305	0	0	0	0	0	0
ERR418789	SAMEA2340306	0	1	0	0	0	0
ERR418791	SAMEA2340308	1	0	0	0	0	0
ERR418793	SAMEA2340310	0	1	0	0	0	0
ERR418794	SAMEA2340311	1	0	0	0	0	0
ERR418795	SAMEA2340312	1	0	0	0	0	0
ERR418796	SAMEA2340313	0	1	0	0	0	0
ERR418797	SAMEA2340314	0	1	0	0	0	0
ERR418802	SAMEA2340319	1	0	0	0	0	0
ERR418803	SAMEA2340320	0	1	0	0	0	0
ERR418807	SAMEA2340324	1	1	1	0	0	0
ERR418808	SAMEA2340325	0	1	0	0	0	0
ERR418809	SAMEA2340326	0	0	0	0	0	0
ERR418810	SAMEA2340327	0	0	0	0	0	0
ERR418811	SAMEA2340328	0	1	0	0	0	0
ERR418813	SAMEA2340330	1	1	0	0	0	0
ERR418817	SAMEA2340334	0	1	0	0	0	0
ERR418849	SAMEA2340366	0	0	0	0	0	0
ERR418850	SAMEA2340367	0	0	0	0	0	0
ERR418853	SAMEA2340370	0	1	0	0	0	0
ERR418854	SAMEA2340371	0	1	0	0	0	0
ERR418856	SAMEA2340373	0	1	0	0	0	0
ERR418860	SAMEA2340377	0	1	1	0	0	0
ERR418861	SAMEA2340378	0	1	0	0	0	0
ERR418863	SAMEA2340380	0	1	0	0	0	0
ERR418868	SAMEA2340385	0	0	0	0	0	0
ERR418869	SAMEA2340386	0	0	0	0	0	0
ERR418872	SAMEA2340389	1	0	0	0	0	0
ERR418874	SAMEA2340391	0	1	0	0	0	0
ERR418879	SAMEA2340396	0	1	0	0	0	0
ERR418880	SAMEA2340397	0	0	0	0	0	0
ERR418884	SAMEA2340401	0	0	0	0	0	0
ERR418889	SAMEA2340406	0	0	0	0	0	0
ERR418890	SAMEA2340407	1	1	1	0	0	0
ERR418891	SAMEA2340408	1	1	1	0	0	0
ERR418894	SAMEA2340411	1	1	1	0	0	0
ERR418897	SAMEA2340414	1	1	1	0	0	0
ERR418899	SAMEA2340416	1	1	1	0	0	0
ERR418902	SAMEA2340419	0	1	0	0	0	0
ERR418903	SAMEA2340420	1	1	0	0	0	0
ERR418905	SAMEA2340422	1	1	1	0	0	0
ERR418908	SAMEA2340425	1	1	1	0	0	0
ERR418913	SAMEA2340430	0	0	0	0	0	0
ERR418914	SAMEA2340431	0	0	0	0	0	0
ERR418915	SAMEA2340432	0	0	0	0	0	0
ERR418920	SAMEA2340437	1	1	0	0	0	0
ERR418922	SAMEA2340439	0	1	0	0	0	0
ERR418923	SAMEA2340440	0	1	0	0	0	0
ERR418926	SAMEA2340443	0	1	0	0	0	0
ERR418929	SAMEA2340446	0	1	0	0	0	0
ERR418930	SAMEA2340447	0	1	0	0	0	0
ERR418931	SAMEA2340448	0	1	0	0	0	0
ERR418932	SAMEA2340449	0	1	0	0	0	0
ERR418933	SAMEA2340450	0	1	0	0	0	0
ERR418934	SAMEA2340451	0	1	0	0	0	0
ERR418937	SAMEA2340454	0	0	0	0	0	0
ERR418940	SAMEA2340457	0	0	0	0	0	0
ERR418941	SAMEA2340458	0	0	0	0	0	0
ERR418942	SAMEA2340459	0	1	0	0	0	0
ERR418943	SAMEA2340460	0	1	0	0	0	0
ERR418944	SAMEA2340461	0	1	0	0	1	0
ERR418945	SAMEA2340462	0	0	0	0	0	0
ERR418949	SAMEA2340466	0	0	0	0	0	0
ERR418952	SAMEA2340469	1	0	0	0	0	0
ERR418953	SAMEA2340470	1	1	1	0	0	1
ERR418954	SAMEA2340471	1	0	1	0	0	1
ERR418955	SAMEA2340472	1	1	1	0	0	0
ERR418957	SAMEA2340474	1	1	1	0	0	0
ERR418962	SAMEA2340479	0	1	0	0	0	0
ERR418963	SAMEA2340480	0	1	0	0	0	0
ERR418964	SAMEA2340481	0	0	1	0	0	0
ERR418966	SAMEA2340483	0	0	0	0	0	0
ERR418968	SAMEA2340485	0	0	0	0	0	0
ERR418970	SAMEA2340487	0	0	0	0	0	0
ERR418971	SAMEA2340488	0	0	0	0	0	0
ERR418973	SAMEA2340490	0	0	0	0	0	0
ERR418974	SAMEA2340491	0	1	1	0	0	0
ERR418976	SAMEA2340493	1	1	1	0	0	0
ERR418979	SAMEA2340496	0	1	0	0	0	0
ERR418980	SAMEA2340497	0	1	0	0	0	0
ERR418984	SAMEA2340501	0	0	0	0	0	0
ERR418987	SAMEA2340504	0	1	0	0	0	0
ERR418989	SAMEA2340506	0	1	0	0	0	0
ERR418992	SAMEA2340509	0	0	0	0	0	0
ERR418994	SAMEA2340511	0	1	0	0	0	0
ERR418998	SAMEA2340515	0	1	0	0	0	0
ERR419001	SAMEA2340518	0	0	0	0	0	0
ERR419002	SAMEA2340519	0	1	0	0	0	0
ERR419004	SAMEA2340521	0	1	0	0	0	0
ERR419006	SAMEA2340523	0	0	0	0	0	0
ERR419008	SAMEA2340525	0	0	0	0	0	0
ERR419010	SAMEA2340527	0	1	0	0	0	0
ERR419011	SAMEA2340528	0	1	0	0	1	0
ERR419012	SAMEA2340529	0	0	0	0	0	0
ERR419013	SAMEA2340530	0	1	0	0	0	0
ERR419015	SAMEA2340532	0	0	0	0	0	0
ERR419019	SAMEA2340536	0	1	0	0	0	0
ERR419022	SAMEA2340539	0	1	0	0	0	0
ERR419023	SAMEA2340540	0	1	0	0	0	0
ERR419024	SAMEA2340541	0	1	0	0	0	0
ERR419025	SAMEA2340542	0	1	0	0	0	0
ERR419027	SAMEA2340544	0	0	0	0	0	0
ERR419028	SAMEA2340545	0	1	0	0	0	0
ERR419030	SAMEA2340547	0	0	0	0	0	0
ERR419035	SAMEA2340552	0	1	0	0	0	0
ERR419037	SAMEA2340554	0	1	0	0	0	0
ERR419038	SAMEA2340555	0	0	0	0	0	0
ERR419039	SAMEA2340556	0	0	0	0	0	0
ERR419040	SAMEA2340557	0	1	0	0	0	0
ERR419041	SAMEA2340558	0	1	0	0	0	0
ERR419042	SAMEA2340559	0	1	0	0	0	0
ERR419051	SAMEA2340568	0	1	0	0	0	0
ERR419052	SAMEA2340569	0	0	1	0	0	0
ERR419055	SAMEA2340572	0	0	0	0	0	0
ERR419056	SAMEA2340573	0	0	0	0	0	0
ERR419057	SAMEA2340574	0	1	0	0	0	0
ERR419059	SAMEA2340576	0	1	0	0	0	0
ERR419061	SAMEA2340578	1	0	0	0	0	0
ERR419062	SAMEA2340579	1	0	0	0	0	0
ERR419063	SAMEA2340580	0	0	0	0	0	0
ERR419065	SAMEA2340582	0	0	0	0	0	0
ERR419066	SAMEA2340583	0	0	0	0	0	0
ERR419067	SAMEA2340584	0	0	0	0	0	0
ERR419073	SAMEA2340590	0	0	0	0	0	0
ERR419076	SAMEA2340593	1	1	1	0	0	0
ERR419078	SAMEA2340595	0	1	0	0	0	0
ERR419081	SAMEA2340598	0	1	0	0	0	0
ERR419083	SAMEA2340600	0	1	0	0	0	0
ERR419087	SAMEA2340604	0	0	0	0	0	0
ERR419092	SAMEA2340609	0	0	0	0	0	0
ERR419093	SAMEA2340610	0	0	0	0	0	0
ERR419096	SAMEA2340613	0	1	0	0	0	0
ERR419100	SAMEA2340617	0	1	0	0	0	0
ERR419106	SAMEA2340623	0	1	0	0	0	0
ERR419108	SAMEA2340625	0	1	0	0	0	0
ERR419109	SAMEA2340626	0	1	0	0	0	0
ERR419110	SAMEA2340627	0	0	0	0	0	0
ERR419114	SAMEA2340631	0	1	0	0	0	0
ERR419115	SAMEA2340632	0	1	0	0	0	0
ERR419118	SAMEA2340635	0	1	0	0	0	0
ERR419119	SAMEA2340636	0	1	0	0	0	0
ERR419120	SAMEA2340637	0	1	0	0	0	0
ERR419121	SAMEA2340638	0	1	0	0	0	0
ERR419123	SAMEA2340640	0	1	0	0	0	0
ERR419125	SAMEA2340642	1	1	0	0	1	0
ERR419128	SAMEA2340645	0	0	0	0	0	0
ERR419129	SAMEA2340646	0	1	0	0	0	0
ERR419130	SAMEA2340647	1	1	1	0	0	0
ERR419131	SAMEA2340648	1	1	1	0	0	0
ERR419132	SAMEA2340649	0	1	0	0	0	0
ERR419140	SAMEA2340657	0	0	0	0	0	0
ERR419145	SAMEA2340662	0	1	0	0	0	0
ERR419146	SAMEA2340663	0	0	0	0	0	0
ERR419148	SAMEA2340665	0	1	0	0	0	0
ERR419150	SAMEA2340667	0	1	0	0	0	0
ERR419151	SAMEA2340668	0	0	0	0	0	0
ERR419152	SAMEA2340669	0	1	0	0	0	0
ERR419153	SAMEA2340670	0	1	0	0	0	0
ERR419154	SAMEA2340671	0	1	0	0	0	0
ERR419155	SAMEA2340672	0	0	0	0	0	0
ERR419156	SAMEA2340673	0	0	0	0	0	0
ERR419157	SAMEA2340674	0	1	0	0	1	0
ERR419158	SAMEA2340675	0	1	0	0	0	0
ERR419159	SAMEA2340676	0	1	1	0	0	0
ERR419160	SAMEA2340677	0	0	0	0	0	0
ERR419163	SAMEA2340680	0	1	0	0	1	0
ERR419167	SAMEA2340684	0	1	0	0	1	0
ERR419168	SAMEA2340685	0	1	1	0	1	0
ERR419169	SAMEA2340686	0	0	0	0	0	0
ERR419171	SAMEA2340688	0	1	0	0	0	0
ERR419173	SAMEA2340690	0	1	0	0	1	0
ERR419176	SAMEA2340693	0	1	0	0	0	0
ERR419177	SAMEA2340694	0	1	0	0	0	0
ERR419178	SAMEA2340695	0	0	0	0	0	0
ERR419182	SAMEA2340699	0	0	0	0	0	0
ERR419185	SAMEA2340702	0	1	0	0	0	0
ERR419190	SAMEA2340707	0	0	0	0	0	0
ERR419192	SAMEA2340709	0	1	0	0	0	0
ERR419194	SAMEA2340711	0	1	0	0	1	0
ERR419195	SAMEA2340712	0	1	0	0	0	0
ERR419197	SAMEA2340714	0	0	0	0	0	0
ERR419200	SAMEA2340717	0	0	0	0	0	0
ERR419202	SAMEA2340719	0	0	0	0	0	0
ERR419203	SAMEA2340720	0	1	0	0	0	0
ERR419204	SAMEA2340721	0	1	0	0	0	0
ERR419205	SAMEA2340722	0	0	0	0	0	0
ERR419207	SAMEA2340724	0	1	0	0	0	0
ERR419209	SAMEA2340726	0	1	0	0	0	0
ERR419212	SAMEA2340729	0	0	0	0	0	0
ERR419218	SAMEA2340735	0	0	0	0	0	0
ERR419219	SAMEA2340736	0	0	0	0	0	0
ERR419221	SAMEA2340738	0	0	0	0	0	0
ERR419222	SAMEA2340739	0	1	0	0	0	0
ERR419224	SAMEA2340741	0	1	0	0	0	0
ERR419226	SAMEA2340743	0	1	0	0	0	0
ERR419227	SAMEA2340744	0	1	0	0	0	0
ERR419228	SAMEA2340745	0	0	0	0	0	0
ERR419229	SAMEA2340746	0	1	0	0	1	0
ERR419231	SAMEA2340748	0	0	0	0	0	0
ERR419232	SAMEA2340749	0	1	0	0	0	0
ERR419233	SAMEA2340750	0	0	0	0	0	0
ERR419235	SAMEA2340752	0	0	0	0	0	0
ERR419237	SAMEA2340754	0	0	0	0	0	0
ERR419239	SAMEA2340756	0	1	0	0	0	0
ERR419240	SAMEA2340757	0	1	0	0	0	0
ERR419241	SAMEA2340758	0	0	0	0	0	0
ERR4662240	SAMEA7294242	0	0	0	0	0	0
ERR4662243	SAMEA7294245	0	0	0	0	0	0
ERR4662244	SAMEA7294246	0	0	0	0	0	0
ERR4662245	SAMEA7294247	0	0	0	0	0	0
ERR4662247	SAMEA7294249	0	0	0	0	0	0
ERR4662250	SAMEA7294252	0	0	0	0	0	0
ERR4662251	SAMEA7294253	0	0	0	0	0	0
ERR4662255	SAMEA7294257	0	0	0	0	0	0
ERR4662258	SAMEA7294260	0	0	0	0	0	0
ERR4662259	SAMEA7294261	0	0	0	0	0	0
ERR4662261	SAMEA7294263	0	0	0	0	0	0
ERR4662264	SAMEA7294266	0	0	0	0	0	0
ERR4662265	SAMEA7294267	0	0	0	0	0	0
ERR4662266	SAMEA7294268	0	0	0	0	0	0
ERR4662273	SAMEA7294275	0	0	0	0	0	0
ERR4662278	SAMEA7294280	0	0	0	0	0	0
ERR4662279	SAMEA7294281	0	0	0	0	0	0
ERR4662280	SAMEA7294282	0	0	0	0	0	0
ERR4662281	SAMEA7294283	0	0	0	0	0	0
ERR4783596	SAMEA6422277	1	0	1	0	0	0
ERR4784495	SAMEA6507650	1	1	0	0	0	0
ERR4784520	SAMEA6507168	0	1	0	0	0	0
ERR4784550	SAMEA6507717	1	1	1	0	0	0
ERR4784695	SAMEA6507229	1	1	1	0	0	1
ERR4785138	SAMEA6507647	1	1	1	0	0	0
ERR4785734	SAMEA6627045	0	1	0	0	0	0
ERR4899863	SAMEA7667455	1	1	1	0	0	0
ERR4899867	SAMEA7667459	1	1	0	0	0	0
ERR4899872	SAMEA7667464	1	1	1	0	0	0
ERR4899875	SAMEA7667467	1	1	0	0	0	0
ERR4899876	SAMEA7667468	1	1	0	0	0	0
ERR4899878	SAMEA7667470	1	1	1	0	0	0
ERR4899881	SAMEA7667473	0	0	0	0	0	0
ERR4899883	SAMEA7667475	1	1	0	0	0	0
ERR4899885	SAMEA7667477	0	0	0	0	0	0
ERR4899886	SAMEA7667478	1	1	1	0	0	0
ERR4899888	SAMEA7667480	0	1	0	0	0	0
ERR4899889	SAMEA7667481	0	1	0	0	0	0
ERR4899891	SAMEA7667483	1	1	0	0	0	0
ERR4899892	SAMEA7667484	1	1	0	0	0	0
ERR4899895	SAMEA7667487	0	1	0	0	0	0
ERR4899896	SAMEA7667488	0	1	1	0	0	0
ERR4899898	SAMEA7667490	1	1	0	0	0	0
ERR4899899	SAMEA7667491	1	0	0	0	0	0
ERR4899901	SAMEA7667493	0	1	0	0	1	0
ERR4899902	SAMEA7667494	0	0	1	0	0	0
ERR4899904	SAMEA7667496	0	1	0	0	0	0
ERR4899905	SAMEA7667497	1	1	1	0	0	0
ERR4899906	SAMEA7667498	0	0	0	0	0	0
ERR4899909	SAMEA7667501	1	1	0	0	0	0
ERR4899914	SAMEA7667506	0	0	0	0	0	0
ERR4899915	SAMEA7667507	0	1	1	0	0	0
ERR4899918	SAMEA7667510	1	1	0	0	0	0
ERR4899919	SAMEA7667511	0	0	0	0	0	0
ERR4899922	SAMEA7667514	1	0	0	0	1	0
ERR4899927	SAMEA7667519	0	0	0	0	0	0
ERR4899933	SAMEA7667525	1	1	1	0	0	0
ERR4899935	SAMEA7667527	0	0	0	0	0	0
ERR4899937	SAMEA7667529	1	1	1	0	0	0
ERR4899938	SAMEA7667530	1	1	1	0	0	0
ERR4899940	SAMEA7667532	1	1	0	0	0	0
ERR4899942	SAMEA7667534	1	1	1	0	0	0
ERR4899952	SAMEA7667544	1	1	0	0	0	0
ERR4899954	SAMEA7667546	1	1	0	0	0	0
ERR4899956	SAMEA7667548	1	0	1	0	0	0
ERR4899957	SAMEA7667549	1	1	0	0	0	0
ERR4899958	SAMEA7667550	1	1	0	0	0	0
ERR4899959	SAMEA7667551	1	1	0	0	0	0
ERR4899960	SAMEA7667552	1	1	0	0	0	0
ERR4899961	SAMEA7667553	1	1	0	0	0	0
ERR4899962	SAMEA7667554	1	1	0	0	0	0
ERR4899965	SAMEA7667557	1	1	0	0	0	0
ERR4899966	SAMEA7667558	1	0	0	0	0	0
ERR4899967	SAMEA7667559	1	0	0	0	0	0
ERR4899969	SAMEA7667561	1	0	1	0	1	0
ERR4899970	SAMEA7667562	1	0	0	0	0	0
ERR4899973	SAMEA7667565	1	1	0	0	0	0
ERR4899974	SAMEA7667566	1	1	0	0	0	0
ERR4899975	SAMEA7667567	1	1	0	0	0	0
ERR4899976	SAMEA7667568	1	1	0	0	0	0
ERR4899980	SAMEA7667572	1	1	1	0	0	0
ERR4899981	SAMEA7667573	1	1	0	0	0	0
ERR4899982	SAMEA7667574	1	1	1	0	0	0
ERR4899984	SAMEA7667576	1	1	1	0	0	0
ERR4899985	SAMEA7667577	1	1	1	0	0	0
ERR4899987	SAMEA7667579	1	1	1	0	0	0
ERR4899988	SAMEA7667580	1	0	0	0	0	0
ERR4899989	SAMEA7667581	1	1	0	0	0	0
ERR4899992	SAMEA7667584	1	0	0	0	0	0
ERR4899994	SAMEA7667586	1	1	0	0	0	0
ERR4899995	SAMEA7667587	1	1	0	0	0	0
ERR4899997	SAMEA7667589	1	0	1	0	1	0
ERR4899999	SAMEA7667591	1	1	1	0	0	0
ERR4900000	SAMEA7667592	1	1	0	0	0	0
ERR4900001	SAMEA7667593	0	0	0	0	0	0
ERR4900002	SAMEA7667594	0	0	0	0	0	0
ERR4900005	SAMEA7667597	1	0	0	0	0	0
ERR4900006	SAMEA7667598	1	1	0	0	0	0
ERR4900009	SAMEA7667601	1	1	0	0	0	0
ERR4900010	SAMEA7667602	1	1	1	0	0	0
ERR4900012	SAMEA7667604	0	0	1	0	0	0
ERR4900013	SAMEA7667605	1	1	0	0	0	0
ERR4900017	SAMEA7667609	1	0	0	0	1	0
ERR4900019	SAMEA7667611	1	0	0	0	0	1
ERR4900023	SAMEA7667615	0	0	0	0	0	0
ERR4900024	SAMEA7667616	0	0	0	0	0	0
ERR4900027	SAMEA7667619	0	0	0	0	0	0
ERR4900030	SAMEA7667622	0	0	0	0	0	0
ERR4900033	SAMEA7667625	0	0	0	0	0	0
ERR4900036	SAMEA7667628	0	1	0	0	0	0
ERR4900038	SAMEA7667630	0	0	0	0	0	0
ERR4900039	SAMEA7667631	0	0	0	0	0	0
ERR527219	SAMEA2385116	1	1	1	0	0	0
ERR527220	SAMEA2385117	1	1	0	0	0	0
ERR527221	SAMEA2385118	1	0	0	0	0	0
ERR527225	SAMEA2385122	1	1	1	0	0	0
ERR527227	SAMEA2385124	1	1	1	0	0	0
ERR527233	SAMEA2385130	1	1	0	0	0	0
ERR527234	SAMEA2385131	1	1	0	0	0	0
ERR527237	SAMEA2385134	1	1	0	0	0	0
ERR527243	SAMEA2385140	1	1	1	0	0	0
ERR527244	SAMEA2385141	1	1	0	0	0	0
ERR527246	SAMEA2385143	1	1	0	0	0	0
ERR527249	SAMEA2385146	1	1	1	0	0	0
ERR527252	SAMEA2385149	1	0	0	0	0	0
ERR527258	SAMEA2385156	1	1	1	0	0	0
ERR527264	SAMEA2385162	1	0	0	0	0	1
ERR527267	SAMEA2385165	1	1	1	0	0	0
ERR527272	SAMEA2385170	1	1	1	0	0	0
ERR527273	SAMEA2385171	1	1	1	0	1	0
ERR527275	SAMEA2385173	1	1	1	0	0	0
ERR527280	SAMEA2385178	1	1	1	0	0	0
ERR527283	SAMEA2385181	1	0	1	0	0	0
ERR527284	SAMEA2385182	1	1	0	0	0	0
ERR527285	SAMEA2385183	1	1	1	0	0	0
ERR527286	SAMEA2385184	1	1	0	0	0	0
ERR527288	SAMEA2385186	1	1	1	0	0	0
ERR527290	SAMEA2385188	1	0	1	0	0	0
ERR527292	SAMEA2385190	1	1	1	0	0	0
ERR527294	SAMEA2385192	1	1	0	0	0	0
ERR527295	SAMEA2385193	1	1	0	0	0	0
ERR527297	SAMEA2385195	1	1	0	0	0	0
ERR527299	SAMEA2385197	1	1	1	0	0	0
ERR527300	SAMEA2385198	1	1	0	0	1	0
ERR527307	SAMEA2385205	1	1	0	0	0	0
ERR527309	SAMEA2385207	1	1	1	0	0	0
ERR527310	SAMEA2385208	1	0	1	0	0	1
ERR527312	SAMEA2385210	1	1	1	0	1	0
ERR540703	SAMEA2385402	1	0	1	0	1	0
ERR540704	SAMEA2385403	1	1	0	0	0	0
ERR540705	SAMEA2385404	1	1	0	0	0	0
ERR540706	SAMEA2385405	1	1	1	0	0	0
ERR540709	SAMEA2385408	1	1	0	0	0	0
ERR540710	SAMEA2385409	1	1	0	0	0	0
ERR540712	SAMEA2385411	1	1	1	0	1	0
ERR540713	SAMEA2385412	1	1	1	0	0	0
ERR540714	SAMEA2385413	1	1	1	0	0	1
ERR540720	SAMEA2385419	1	1	1	0	0	0
ERR540722	SAMEA2385421	1	1	1	0	0	0
ERR540723	SAMEA2385422	1	1	1	0	0	0
ERR540724	SAMEA2385423	1	1	0	0	0	0
ERR540725	SAMEA2385424	1	1	0	0	1	0
ERR540729	SAMEA2385428	1	1	0	0	0	0
ERR540730	SAMEA2385429	1	1	1	0	0	0
ERR540732	SAMEA2385431	1	1	1	0	0	0
ERR540737	SAMEA2385436	1	1	1	0	0	0
ERR540739	SAMEA2385438	1	1	1	0	0	0
ERR540740	SAMEA2385439	1	1	0	0	0	0
ERR540743	SAMEA2385442	1	1	0	0	0	0
ERR540744	SAMEA2385443	1	1	1	0	0	0
ERR540745	SAMEA2385444	1	1	0	0	0	0
ERR540746	SAMEA2385445	1	1	0	0	0	0
ERR540749	SAMEA2385448	1	0	0	0	0	0
ERR540752	SAMEA2385451	1	1	1	0	0	0
ERR540754	SAMEA2385453	1	1	0	0	0	0
ERR540755	SAMEA2385454	1	0	0	0	0	0
ERR540756	SAMEA2385455	1	1	1	0	0	0
ERR540759	SAMEA2385458	1	0	0	0	0	0
ERR540761	SAMEA2385460	1	1	1	0	0	0
ERR540762	SAMEA2385461	1	1	0	0	0	1
ERR540763	SAMEA2385462	1	0	0	0	0	0
ERR540764	SAMEA2385463	1	1	0	0	0	0
ERR540766	SAMEA2385465	1	1	1	0	1	0
ERR540771	SAMEA2385470	1	1	0	0	0	0
ERR540772	SAMEA2385471	1	1	1	0	0	0
ERR540774	SAMEA2385473	1	1	0	0	0	0
ERR540776	SAMEA2385477	1	1	1	0	0	0
ERR540777	SAMEA2385478	1	1	0	0	1	0
ERR540779	SAMEA2385480	1	1	1	0	1	0
ERR540781	SAMEA2385482	1	1	1	0	0	0
ERR540782	SAMEA2385483	1	1	1	0	0	0
ERR540783	SAMEA2385484	1	1	0	0	0	0
ERR540784	SAMEA2385485	1	1	1	0	0	0
ERR540785	SAMEA2385486	1	1	1	0	0	0
ERR540787	SAMEA2385488	1	1	0	0	0	0
ERR540788	SAMEA2385489	1	1	0	0	0	0
ERR540791	SAMEA2385492	1	1	1	0	0	0
ERR540793	SAMEA2385494	1	1	1	0	0	0
ERR540795	SAMEA2385306	1	0	0	0	0	0
ERR540800	SAMEA2385311	1	0	1	0	0	1
ERR540801	SAMEA2385312	1	1	0	0	0	0
ERR540803	SAMEA2385314	1	1	1	0	0	0
ERR540804	SAMEA2385315	1	1	1	0	1	0
ERR540812	SAMEA2385323	1	1	1	0	0	0
ERR540816	SAMEA2385327	1	1	1	0	0	0
ERR540820	SAMEA2385331	1	1	1	0	0	0
ERR540821	SAMEA2385332	1	1	0	0	0	0
ERR540822	SAMEA2385333	1	1	1	0	1	0
ERR540823	SAMEA2385334	1	1	0	0	0	0
ERR540824	SAMEA2385335	1	1	0	0	0	0
ERR540827	SAMEA2385338	1	0	0	0	0	0
ERR540833	SAMEA2385345	1	0	0	0	1	0
ERR540839	SAMEA2385351	1	0	0	0	0	0
ERR540841	SAMEA2385353	1	1	0	0	0	0
ERR540842	SAMEA2385354	1	1	0	0	0	0
ERR540844	SAMEA2385356	1	0	0	0	0	0
ERR540851	SAMEA2385363	1	1	0	0	0	0
ERR540854	SAMEA2385366	1	1	1	0	0	0
ERR540856	SAMEA2385368	1	0	0	0	0	0
ERR540857	SAMEA2385369	1	1	0	0	0	0
ERR540859	SAMEA2385371	1	1	0	0	0	0
ERR540861	SAMEA2385373	1	1	0	0	0	0
ERR540862	SAMEA2385374	1	1	1	0	0	0
ERR540865	SAMEA2385377	1	1	1	0	0	0
ERR540869	SAMEA2385381	1	1	1	0	0	0
ERR540872	SAMEA2385384	1	0	0	0	0	0
ERR540873	SAMEA2385385	1	1	0	0	0	0
ERR540876	SAMEA2385388	1	1	0	0	0	0
ERR540879	SAMEA2385391	1	1	0	0	0	0
ERR540880	SAMEA2385392	1	1	1	0	1	0
ERR540883	SAMEA2385395	1	1	1	0	0	0
ERR540884	SAMEA2385396	1	1	0	0	0	0
ERR540886	SAMEA2385398	1	1	1	0	0	0
ERR540888	SAMEA2385400	1	1	1	0	0	0
ERR540896	SAMEA2385503	1	1	0	0	0	0
ERR540897	SAMEA2385504	1	1	0	0	0	0
ERR540898	SAMEA2385505	1	1	0	0	0	0
ERR540900	SAMEA2385507	1	1	1	0	1	0
ERR540903	SAMEA2385510	1	1	0	0	0	0
ERR540906	SAMEA2385513	1	1	0	0	0	0
ERR540908	SAMEA2385515	1	0	0	0	0	0
ERR540909	SAMEA2385516	1	1	1	0	0	0
ERR540910	SAMEA2385517	1	1	0	0	0	0
ERR540913	SAMEA2385520	1	1	1	0	0	0
ERR540915	SAMEA2385522	1	1	0	0	0	0
ERR540917	SAMEA2385524	1	1	0	0	0	0
ERR540918	SAMEA2385525	1	1	0	0	0	0
ERR540919	SAMEA2385526	1	1	0	0	0	0
ERR540922	SAMEA2385529	1	1	1	0	0	0
ERR540926	SAMEA2385533	1	1	0	0	0	0
ERR540927	SAMEA2385535	1	1	0	0	0	0
ERR540930	SAMEA2385538	1	1	1	0	0	0
ERR540932	SAMEA2385540	1	0	1	0	1	0
ERR540934	SAMEA2385542	1	1	1	0	0	0
ERR540935	SAMEA2385543	1	1	1	0	0	0
ERR540939	SAMEA2385547	1	1	1	0	0	0
ERR540940	SAMEA2385548	1	1	1	0	0	0
ERR540941	SAMEA2385549	1	1	1	0	0	0
ERR540943	SAMEA2385551	1	0	0	0	0	0
ERR540944	SAMEA2385552	1	1	0	0	0	0
ERR540946	SAMEA2385554	1	1	0	0	0	0
ERR540947	SAMEA2385555	1	1	1	0	0	0
ERR540951	SAMEA2385559	1	1	0	0	1	0
ERR540954	SAMEA2385562	1	1	0	0	0	0
ERR540956	SAMEA2385564	1	1	0	0	0	0
ERR540959	SAMEA2385567	1	1	0	0	0	0
ERR540964	SAMEA2385572	1	1	1	0	0	0
ERR540966	SAMEA2385574	1	1	0	0	0	0
ERR540967	SAMEA2385575	1	1	0	0	0	0
ERR540970	SAMEA2385578	1	0	0	0	0	0
ERR540972	SAMEA2385580	1	1	1	0	0	0
ERR540973	SAMEA2385581	1	1	0	0	0	0
ERR540974	SAMEA2385582	1	1	0	0	0	0
ERR540975	SAMEA2385583	1	1	1	0	0	0
ERR540976	SAMEA2385584	1	1	1	0	0	0
ERR540977	SAMEA2385585	1	0	0	0	0	0
ERR540978	SAMEA2385586	1	0	0	0	0	0
ERR540979	SAMEA2385587	1	1	1	0	0	0
ERR540982	SAMEA2385590	1	1	1	0	1	0
ERR540983	SAMEA2385211	1	1	1	0	0	0
ERR540985	SAMEA2385213	1	1	0	0	0	0
ERR540988	SAMEA2385216	1	0	0	0	0	0
ERR540989	SAMEA2385217	1	1	0	0	0	0
ERR540990	SAMEA2385218	1	1	1	0	0	0
ERR540991	SAMEA2385219	1	1	1	0	1	0
ERR540995	SAMEA2385223	1	1	1	0	0	0
ERR540996	SAMEA2385224	1	1	1	0	0	0
ERR540999	SAMEA2385227	1	1	1	0	0	1
ERR541001	SAMEA2385229	1	1	1	0	1	0
ERR541005	SAMEA2385233	1	1	1	0	0	0
ERR541006	SAMEA2385234	1	1	0	0	0	0
ERR541007	SAMEA2385235	1	0	0	0	0	1
ERR541008	SAMEA2385236	1	0	1	0	0	1
ERR541009	SAMEA2385237	1	1	1	0	0	0
ERR541011	SAMEA2385239	1	1	1	0	0	0
ERR541012	SAMEA2385240	1	0	1	0	0	0
ERR541015	SAMEA2385243	1	1	1	0	0	0
ERR541017	SAMEA2385245	1	1	0	0	0	0
ERR541018	SAMEA2385246	1	1	1	0	0	0
ERR541019	SAMEA2385247	1	1	0	0	0	0
ERR541020	SAMEA2385248	1	1	0	0	1	0
ERR541023	SAMEA2385252	1	1	0	0	0	0
ERR541024	SAMEA2385253	1	1	1	0	1	0
ERR541026	SAMEA2385255	1	1	0	0	0	0
ERR541027	SAMEA2385256	1	1	1	0	0	0
ERR541028	SAMEA2385257	1	1	1	0	0	0
ERR541029	SAMEA2385258	1	1	1	0	0	1
ERR541033	SAMEA2385262	1	1	1	0	0	0
ERR541036	SAMEA2385265	1	1	0	0	0	0
ERR541040	SAMEA2385269	1	1	1	0	0	0
ERR541043	SAMEA2385272	1	1	0	0	0	0
ERR541046	SAMEA2385275	1	0	0	0	0	0
ERR541048	SAMEA2385277	1	1	0	0	0	0
ERR541050	SAMEA2385279	1	1	1	0	0	0
ERR541055	SAMEA2385284	1	1	0	0	0	0
ERR541056	SAMEA2385285	1	1	0	0	0	0
ERR541060	SAMEA2385289	1	0	0	0	0	0
ERR541066	SAMEA2385295	1	1	1	0	1	0
ERR541070	SAMEA2385299	1	1	1	0	0	0
ERR541072	SAMEA2385301	1	1	1	0	0	0
ERR541073	SAMEA2385302	1	1	0	0	0	0
ERR555045	SAMEA2385593	1	0	0	0	0	0
ERR555047	SAMEA2385595	1	1	1	0	0	0
ERR555049	SAMEA2385597	1	0	0	0	0	0
ERR555053	SAMEA2385601	1	1	0	0	0	0
ERR555054	SAMEA2385602	1	1	0	0	0	0
ERR555057	SAMEA2385605	1	1	0	0	0	0
ERR555058	SAMEA2385606	1	1	0	0	0	0
ERR555059	SAMEA2385607	1	1	0	0	0	0
ERR555060	SAMEA2385608	1	1	1	0	0	0
ERR555065	SAMEA2385613	1	1	0	0	0	0
ERR555067	SAMEA2385615	1	1	1	0	0	0
ERR555068	SAMEA2385616	1	1	0	0	0	0
ERR555070	SAMEA2385618	1	1	1	0	0	0
ERR555072	SAMEA2385620	1	1	1	0	0	0
ERR555077	SAMEA2385625	1	1	1	0	0	0
ERR555078	SAMEA2385626	1	1	0	0	0	0
ERR555080	SAMEA2385628	1	1	0	0	0	0
ERR555085	SAMEA2385633	1	0	0	0	0	0
ERR555086	SAMEA2385634	1	0	1	0	0	1
ERR555087	SAMEA2385635	1	1	0	0	0	0
ERR564224	SAMEA2385154	1	1	0	0	0	0
ERR564227	SAMEA2385475	1	1	1	0	1	0
ERR564228	SAMEA2385476	1	1	0	0	0	0
ERR6120251	SAMEA8943038	1	1	0	0	0	0
ERR701907	SAMEA1967788	1	1	0	0	0	0
ERR701939	SAMEA2042825	1	1	1	0	0	0
ERR701940	SAMEA2040965	1	1	0	0	0	0
ERR701943	SAMEA2040967	1	1	1	0	0	0
ERR701951	SAMEA2042885	1	1	1	0	0	0
ERR701963	SAMEA2041033	1	1	1	0	0	0
ERR702012	SAMEA2042064	1	1	1	0	0	0
ERR702017	SAMEA2041841	1	1	0	0	1	0
ERR702042	SAMEA2040640	1	1	1	0	0	0
ERR702050	SAMEA1973156	1	1	1	0	0	0
ERR702051	SAMEA2042707	1	1	1	0	0	0
ERR702054	SAMEA2042708	1	1	0	0	0	0
ERR702056	SAMEA2040718	1	1	0	0	0	0
ERR702057	SAMEA2042709	1	1	1	0	0	0
ERR702078	SAMEA2042717	1	1	0	0	0	0
ERR702088	SAMEA2040740	1	1	0	0	0	0
ERR702102	SAMEA2042726	1	1	1	0	0	0
ERR702164	SAMEA2664771	1	1	1	0	0	0
ERR702200	SAMEA2664839	1	1	0	0	0	0
ERR702202	SAMEA2664846	1	1	0	0	0	0
ERR702216	SAMEA2664817	1	0	0	0	0	0
ERR714005	SAMEA2675660	1	1	0	1	1	0
ERR714006	SAMEA2675661	1	0	0	0	0	0
ERR714030	SAMEA2675685	1	1	1	0	0	0
ERR714046	SAMEA2675701	1	1	0	0	0	0
ERR714051	SAMEA2675706	1	1	0	0	0	0
ERR714053	SAMEA2675708	1	1	0	0	0	0
ERR714060	SAMEA2675715	1	1	1	0	0	0
ERR714061	SAMEA2675716	1	0	0	0	0	0
ERR714729	SAMEA2043019	1	1	0	0	0	0
ERR714741	SAMEA2041416	1	1	0	0	0	0
ERR714745	SAMEA2043025	1	1	0	0	1	0
ERR714747	SAMEA2041421	1	1	1	0	0	0
ERR714795	SAMEA2041872	1	0	0	0	0	0
ERR714843	SAMEA2663826	1	1	0	0	0	0
ERR714847	SAMEA2663839	1	1	1	0	1	0
ERR714853	SAMEA2663858	1	0	0	0	0	0
ERR714895	SAMEA2663983	1	1	0	0	0	0
ERR714903	SAMEA2663766	1	1	1	0	0	0
ERR714916	SAMEA2041118	1	1	0	0	0	0
ERR714930	SAMEA2042959	1	1	0	1	0	0
ERR714956	SAMEA2041220	1	1	1	0	0	0
ERR715003	SAMEA2041629	1	1	0	0	0	0
ERR715053	SAMEA2041955	1	1	0	0	0	0
ERR715072	SAMEA2041963	1	1	0	0	0	0
ERR715128	SAMEA2664424	1	1	0	0	1	0
ERR715133	SAMEA2664429	1	0	0	0	0	1
ERR715137	SAMEA2664433	1	1	0	0	0	0
ERR715146	SAMEA2664347	1	1	0	0	0	0
ERR715163	SAMEA2664448	1	1	0	0	0	0
ERR715171	SAMEA2664456	1	1	0	0	0	0
ERR715212	SAMEA2664648	1	1	1	0	0	0
ERR715239	SAMEA2664700	1	1	0	0	0	0
ERR715255	SAMEA2664529	1	1	1	0	0	0
ERR715264	SAMEA2664555	1	1	0	0	0	0
ERR715292	SAMEA2664878	1	1	1	0	0	0
ERR715294	SAMEA2664882	1	1	0	0	0	0
ERR715295	SAMEA2664884	1	0	0	0	0	0
ERR715341	SAMEA2664875	1	1	0	0	0	0
ERR715345	SAMEA2664883	1	0	0	0	0	0
ERR715353	SAMEA2664899	1	1	0	0	0	0
ERR715361	SAMEA2664915	1	1	1	0	1	0
ERR715387	SAMEA2664946	1	1	0	0	0	0
ERR715395	SAMEA2664954	1	1	0	0	0	0
ERR715403	SAMEA2664963	1	1	0	0	0	0
ERR730959	SAMEA2665027	1	1	0	0	0	0
ERR736944	SAMEA2665014	1	1	0	0	0	0
ERR736945	SAMEA2665015	1	1	0	0	0	0
ERR736955	SAMEA2665033	1	1	1	0	0	0
ERR736964	SAMEA2665048	1	1	0	0	0	0
ERR736978	SAMEA2665076	1	1	0	0	0	0
ERR736992	SAMEA2665062	1	1	0	0	0	0
ERR737010	SAMEA2665088	1	1	0	0	0	0
ERR737021	SAMEA2665099	1	1	0	0	0	0
ERR737066	SAMEA2663913	1	1	1	0	1	0
ERR737075	SAMEA2663939	1	1	0	0	0	0
ERR737079	SAMEA2663957	1	1	0	0	0	0
ERR737099	SAMEA2664009	1	1	0	0	0	0
ERR737105	SAMEA2664015	1	1	0	0	1	1
ERR737118	SAMEA2664028	1	1	1	0	0	0
ERR737141	SAMEA2664060	1	0	0	0	0	0
ERR737146	SAMEA2664073	1	1	0	0	0	0
ERR737154	SAMEA2664094	1	1	0	0	0	0
ERR737156	SAMEA2664099	1	1	0	0	1	0
ERR737185	SAMEA2664187	1	1	1	0	0	0
ERR737188	SAMEA2664198	1	1	0	0	0	0
ERR737206	SAMEA2664097	1	0	0	0	0	1
ERR737219	SAMEA2664136	1	1	0	0	0	0
ERR737221	SAMEA2664142	1	1	0	0	0	0
ERR737252	SAMEA2664226	1	1	0	0	0	0
ERR737266	SAMEA2664254	1	0	0	0	0	0
ERR737269	SAMEA2664258	1	1	1	0	0	0
ERR737273	SAMEA2664264	1	0	0	0	0	0
ERR737285	SAMEA2664067	1	0	0	0	0	0
ERR737292	SAMEA2664085	1	1	1	0	0	0
ERR737324	SAMEA2664180	1	1	0	0	0	0
ERR737332	SAMEA2664204	1	0	0	0	0	0
ERR737349	SAMEA2664245	1	1	0	0	0	0
ERR737353	SAMEA2664252	1	1	0	0	0	0
ERR737361	SAMEA2664272	1	1	0	0	0	0
ERR737368	SAMEA2664279	1	1	0	0	0	0
ERR737373	SAMEA2664284	1	0	0	0	0	0
ERR737376	SAMEA2664287	1	1	1	0	0	0
ERR737455	SAMEA2663973	1	0	0	0	1	0
ERR737483	SAMEA2664305	1	1	1	0	0	0
ERR737485	SAMEA2664307	1	1	1	0	0	0
ERR737520	SAMEA2664382	1	1	0	0	0	0
ERR737536	SAMEA2664325	1	1	0	0	0	0
ERR737537	SAMEA2664328	1	1	0	0	0	0
ERR737551	SAMEA2664368	1	1	0	0	0	0
ERR737578	SAMEA2664491	1	1	1	0	0	0
ERR737622	SAMEA2664527	1	1	0	0	0	0
ERR737644	SAMEA2664588	1	1	0	0	0	0
ERR742921	SAMEA2664677	1	1	0	0	0	0
ERR742935	SAMEA2664707	1	1	0	0	0	0
ERR742941	SAMEA2664717	1	1	0	0	0	0
ERR742963	SAMEA2664739	1	0	1	0	1	0
ERR769123	SAMEA3268792	1	1	1	0	0	1
ERR769124	SAMEA3268800	1	1	1	0	0	1
ERR769127	SAMEA3268797	1	0	1	0	0	1
ERR769131	SAMEA3268786	1	1	1	0	0	1
ERR769133	SAMEA3268790	1	1	1	0	0	1
ERR769134	SAMEA3268783	1	1	1	0	0	1
ERR769135	SAMEA3268787	1	1	1	0	0	1
ERR769136	SAMEA3268801	0	1	1	0	0	1
ERR769138	SAMEA3268777	0	1	0	0	0	0
ERR769142	SAMEA3268802	1	1	1	0	0	1
ERR769144	SAMEA3268778	1	1	0	0	0	1
ERR769145	SAMEA3268788	1	1	0	0	0	0
ERR774758	SAMEA2664135	1	0	0	0	0	0
ERR774759	SAMEA2664607	1	1	0	0	0	0
SRR10591300	SAMN13412178	1	1	0	0	1	0
SRR10591304	SAMN13412174	1	1	0	0	0	0
SRR10591307	SAMN13412198	1	1	0	0	1	0
SRR10591309	SAMN13412196	1	1	0	0	0	0
SRR10591310	SAMN13412195	1	1	0	0	0	0
SRR10591313	SAMN13412192	1	1	0	0	1	0
SRR10591317	SAMN13412189	1	1	0	0	0	0
SRR10591318	SAMN13412188	1	1	0	0	0	0
SRR10591319	SAMN13412187	1	1	1	0	1	0
SRR10591320	SAMN13412186	1	1	0	0	0	0
SRR10591323	SAMN13412183	1	1	0	0	0	0
SRR10591325	SAMN13412181	1	1	0	0	1	0
SRR10591326	SAMN13412180	1	1	0	0	0	0
SRR1177879	SAMN02649746	0	1	0	0	0	0
SRR1177881	SAMN02649748	1	1	0	0	0	0
SRR1177888	SAMN02649755	0	1	0	0	1	0
SRR1177892	SAMN02649759	1	1	0	0	0	0
SRR1177894	SAMN02649761	1	1	0	0	0	0
SRR1177895	SAMN02649762	1	1	0	0	0	0
SRR1177897	SAMN02649764	1	1	0	0	0	0
SRR1177899	SAMN02649766	1	0	0	0	0	0
SRR1177900	SAMN02649767	1	1	0	0	0	0
SRR1177902	SAMN02649769	1	1	0	0	0	0
SRR1177904	SAMN02649771	1	0	0	0	0	0
SRR1177905	SAMN02649772	1	1	0	0	0	0
SRR1177912	SAMN02649779	1	0	1	0	0	0
SRR1177913	SAMN02649780	1	1	0	0	0	0
SRR1177914	SAMN02649781	1	1	0	0	0	0
SRR1177915	SAMN02649782	1	1	0	0	0	0
SRR1177916	SAMN02649783	1	1	0	0	0	0
SRR1177919	SAMN02649786	1	1	0	0	0	0
SRR1177920	SAMN02649787	1	1	1	0	0	0
SRR1177921	SAMN02649788	1	1	0	0	0	0
SRR1177927	SAMN02649794	1	1	0	0	0	1
SRR1177928	SAMN02649795	1	1	0	0	0	0
SRR1177937	SAMN02649804	1	1	0	0	0	0
SRR1177938	SAMN02649805	1	1	0	0	0	0
SRR1177943	SAMN02649810	1	1	0	0	0	1
SRR1177944	SAMN02649811	1	1	0	0	0	0
SRR1177945	SAMN02649812	1	1	1	0	0	0
SRR1177946	SAMN02649813	1	1	0	0	0	0
SRR11850346	SAMN15016684	1	1	0	0	0	0
SRR13301919	SAMN11953839	0	0	0	0	0	0
SRR13301920	SAMN11953840	1	1	0	0	0	0
SRR13301939	SAMN11953834	1	1	0	0	0	0
SRR13301940	SAMN11953835	0	0	1	0	0	0
SRR13301941	SAMN11953842	1	1	0	0	0	0
SRR13301942	SAMN11953843	0	1	0	0	0	1
SRR13301944	SAMN11953845	1	1	0	0	0	0
SRR13301945	SAMN11953846	1	1	1	0	0	0
SRR13301971	SAMN11953831	0	1	0	0	0	0
SRR13301973	SAMN11953837	1	1	0	0	0	0
SRR13301974	SAMN11953838	1	1	1	0	0	0
SRR13301982	SAMN11953857	1	0	0	0	1	0
SRR13301983	SAMN11953856	1	1	0	0	0	0
SRR13301984	SAMN11953855	1	1	1	0	0	0
SRR13301992	SAMN11953874	1	0	0	0	0	0
SRR13301995	SAMN11953871	1	0	0	0	0	0
SRR13301996	SAMN11953853	1	0	0	0	0	0
SRR13301997	SAMN11953870	1	0	0	0	1	0
SRR13302004	SAMN11953863	1	1	0	0	0	0
SRR13302006	SAMN11953861	1	0	0	0	0	0
SRR13302008	SAMN11953851	1	0	0	0	0	0
SRR13302100	SAMN11953994	1	1	0	0	0	0
SRR13302119	SAMN11954001	0	1	0	0	0	0
SRR13302121	SAMN11953999	1	1	1	0	0	1
SRR13302124	SAMN11953996	1	1	0	0	0	1
SRR16971215	SAMN23247391	1	1	0	0	0	0
SRR17033805	SAMN23417367	1	0	0	0	1	0
SRR17789622	SAMN25295699	0	0	0	0	0	0
SRR17789623	SAMN25296017	0	1	0	0	0	0
SRR17789625	SAMN25295697	0	1	0	0	0	0
SRR17789628	SAMN25295694	0	1	0	0	0	0
SRR17789629	SAMN25295640	0	0	0	0	0	0
SRR17789631	SAMN25295692	0	1	0	0	0	0
SRR17789632	SAMN25295691	0	1	0	0	0	0
SRR17789637	SAMN25295686	0	1	0	0	0	0
SRR17789639	SAMN25295684	0	0	0	0	0	0
SRR17789641	SAMN25295683	0	1	0	0	0	0
SRR17789642	SAMN25295682	0	1	0	0	0	0
SRR17789645	SAMN25295679	0	1	0	0	0	0
SRR17789646	SAMN25295678	0	1	0	0	0	0
SRR17789647	SAMN25295677	0	0	0	0	0	0
SRR17789648	SAMN25295676	0	1	0	0	0	0
SRR17789650	SAMN25296034	0	0	0	0	0	0
SRR17789651	SAMN25295958	0	0	0	0	0	0
SRR17789655	SAMN25295954	0	1	0	0	0	0
SRR17789656	SAMN25295666	0	1	0	0	0	0
SRR17789657	SAMN25295953	0	1	0	0	0	0
SRR17789658	SAMN25295952	1	1	0	0	0	0
SRR17789660	SAMN25295950	0	1	0	0	0	0
SRR17789661	SAMN25295949	0	1	0	0	0	0
SRR17789662	SAMN25295948	0	1	0	0	0	0
SRR17789663	SAMN25295947	0	1	0	0	0	1
SRR17789664	SAMN25295946	0	1	1	0	1	0
SRR17789668	SAMN25295943	0	0	0	0	0	0
SRR17789669	SAMN25295942	0	1	0	0	0	0
SRR17789671	SAMN25295940	0	1	0	0	0	1
SRR17789673	SAMN25295938	0	1	0	0	0	0
SRR17789674	SAMN25295937	0	1	0	0	0	0
SRR17789676	SAMN25295935	0	1	0	0	0	0
SRR17789677	SAMN25295934	0	1	0	0	0	0
SRR17789678	SAMN25295664	0	1	0	0	0	0
SRR17789681	SAMN25295855	0	0	0	0	0	0
SRR17789682	SAMN25295854	0	0	0	0	0	0
SRR17789687	SAMN25295850	0	0	0	0	0	0
SRR17789688	SAMN25295849	0	0	0	0	0	0
SRR17789689	SAMN25295848	0	0	0	0	0	0
SRR17789690	SAMN25295847	0	0	0	0	0	0
SRR17789692	SAMN25295845	0	1	0	0	0	0
SRR17789693	SAMN25295844	0	0	0	0	0	0
SRR17789695	SAMN25295843	0	1	0	0	0	0
SRR17789698	SAMN25295840	0	0	0	0	0	0
SRR17789699	SAMN25295839	0	1	0	0	0	0
SRR17789701	SAMN25295837	0	1	0	0	0	0
SRR17789706	SAMN25295636	0	1	0	0	0	0
SRR17789707	SAMN25295674	0	0	0	0	0	0
SRR17789709	SAMN25296033	0	1	0	0	0	0
SRR17789710	SAMN25296032	0	1	0	0	0	1
SRR17789712	SAMN25296030	1	1	0	0	0	0
SRR17789713	SAMN25296029	0	0	1	0	0	0
SRR17789715	SAMN25296027	0	1	0	0	0	0
SRR17789717	SAMN25296025	0	1	0	0	0	0
SRR17789719	SAMN25295673	0	0	0	0	0	0
SRR17789720	SAMN25296023	0	1	0	0	0	0
SRR17789721	SAMN25296022	0	1	0	0	0	0
SRR17789722	SAMN25296021	0	1	0	0	0	0
SRR17789723	SAMN25296020	0	1	0	0	0	1
SRR17789727	SAMN25296015	1	1	0	0	0	0
SRR17789732	SAMN25296011	0	1	0	0	0	1
SRR17789734	SAMN25295637	0	1	0	0	0	0
SRR17789737	SAMN25295931	0	0	1	0	0	0
SRR17789739	SAMN25295929	0	1	0	0	0	0
SRR17789744	SAMN25295924	0	1	0	0	0	0
SRR17789746	SAMN25295923	1	0	0	0	1	0
SRR17789747	SAMN25295922	0	0	0	0	0	0
SRR17789748	SAMN25295921	0	0	0	0	0	0
SRR17789750	SAMN25295919	0	0	0	0	0	0
SRR17789751	SAMN25295918	0	1	0	0	0	0
SRR17789752	SAMN25295917	0	1	0	0	0	0
SRR17789753	SAMN25295916	0	1	0	0	0	0
SRR17789754	SAMN25295915	0	1	0	0	0	0
SRR17789758	SAMN25295912	0	1	0	0	0	0
SRR17789759	SAMN25295911	0	1	0	0	0	0
SRR17789760	SAMN25295910	0	1	0	0	0	0
SRR17789764	SAMN25295831	0	0	0	0	0	0
SRR17789766	SAMN25295829	0	1	0	1	0	0
SRR17789771	SAMN25295824	0	1	0	0	0	0
SRR17789772	SAMN25295653	0	1	0	0	0	0
SRR17789775	SAMN25295821	0	1	0	0	0	0
SRR17789776	SAMN25295820	0	0	0	0	0	1
SRR17789777	SAMN25295819	0	0	0	0	0	1
SRR17789778	SAMN25295818	0	0	0	0	0	1
SRR17789779	SAMN25295817	0	0	0	0	0	0
SRR17789780	SAMN25295816	0	0	0	0	0	1
SRR17789781	SAMN25295815	0	1	0	0	0	0
SRR17789782	SAMN25295814	0	0	0	0	0	0
SRR17789783	SAMN25295652	0	1	0	0	0	0
SRR17789784	SAMN25295813	0	1	0	0	0	0
SRR17789785	SAMN25295812	0	1	0	0	0	0
SRR17789786	SAMN25295811	0	1	0	0	0	0
SRR17789787	SAMN25295810	0	0	0	0	0	0
SRR17789788	SAMN25295809	0	1	0	0	0	0
SRR17789789	SAMN25295808	0	1	0	0	0	0
SRR17789792	SAMN25295731	0	1	0	0	0	0
SRR17789797	SAMN25295726	0	1	0	0	0	0
SRR17789798	SAMN25295725	0	1	0	0	0	0
SRR17789801	SAMN25296007	0	0	0	0	0	0
SRR17789802	SAMN25296006	0	1	0	0	0	0
SRR17789803	SAMN25296005	0	1	0	0	0	0
SRR17789804	SAMN25296004	1	1	0	0	0	0
SRR17789805	SAMN25295671	0	0	0	0	0	0
SRR17789806	SAMN25296003	0	0	0	0	0	0
SRR17789807	SAMN25296002	0	0	0	0	0	0
SRR17789808	SAMN25296001	0	1	0	0	0	0
SRR17789811	SAMN25295998	1	1	0	0	0	0
SRR17789812	SAMN25295997	0	1	0	0	0	0
SRR17789813	SAMN25295996	0	0	0	0	0	0
SRR17789815	SAMN25295994	1	0	0	0	0	0
SRR17789817	SAMN25295993	1	1	0	0	0	0
SRR17789818	SAMN25295992	1	1	0	0	0	0
SRR17789819	SAMN25295991	0	1	0	0	0	0
SRR17789821	SAMN25295989	1	1	0	0	0	0
SRR17789824	SAMN25295986	0	1	0	0	0	0
SRR17789825	SAMN25295985	0	0	0	0	0	0
SRR17789827	SAMN25295908	0	0	0	0	0	0
SRR17789829	SAMN25295906	0	0	0	0	0	0
SRR17789831	SAMN25295904	0	1	0	0	0	0
SRR17789836	SAMN25295900	0	1	0	0	0	0
SRR17789837	SAMN25295899	0	1	0	0	0	0
SRR17789839	SAMN25295897	0	0	0	0	0	0
SRR17789840	SAMN25295896	0	0	0	0	0	0
SRR17789841	SAMN25295895	0	1	0	0	0	0
SRR17789843	SAMN25295660	0	1	0	0	0	0
SRR17789845	SAMN25295892	0	1	0	0	0	0
SRR17789846	SAMN25295891	0	0	0	0	0	0
SRR17789848	SAMN25295889	0	0	0	0	0	0
SRR17789854	SAMN25295659	0	1	0	0	0	0
SRR17789856	SAMN25295806	0	0	0	0	0	0
SRR17789857	SAMN25295805	0	0	0	0	0	0
SRR17789860	SAMN25295803	0	1	0	0	0	0
SRR17789861	SAMN25295802	0	0	0	0	0	0
SRR17789864	SAMN25295799	0	1	0	0	0	0
SRR17789867	SAMN25295796	0	0	0	0	0	0
SRR17789868	SAMN25295795	0	1	0	0	0	0
SRR17789869	SAMN25295794	0	1	0	0	0	0
SRR17789874	SAMN25295790	0	1	0	0	0	0
SRR17789875	SAMN25295789	1	1	1	0	0	0
SRR17789881	SAMN25295649	0	1	0	0	0	0
SRR17789885	SAMN25295723	0	1	0	0	0	0
SRR17789886	SAMN25295722	0	1	0	0	0	0
SRR17789889	SAMN25295719	0	1	0	0	0	0
SRR17789890	SAMN25295718	0	1	0	0	0	0
SRR17789892	SAMN25295716	0	1	0	0	0	0
SRR17789895	SAMN25295642	0	0	0	0	0	0
SRR17789897	SAMN25295712	0	0	0	0	0	0
SRR17789900	SAMN25295709	0	1	0	0	0	0
SRR17789902	SAMN25295707	0	1	0	0	0	0
SRR17789903	SAMN25295706	0	1	0	0	0	0
SRR17789905	SAMN25295704	0	1	0	0	0	0
SRR17789906	SAMN25295641	0	0	0	0	0	0
SRR17789910	SAMN25295700	0	1	0	0	0	0
SRR17789912	SAMN25295983	0	0	0	0	0	0
SRR17789914	SAMN25295981	0	1	0	0	0	0
SRR17789919	SAMN25295976	0	0	0	0	0	0
SRR17789922	SAMN25295668	0	1	0	0	0	0
SRR17789923	SAMN25295973	0	1	0	0	0	0
SRR17789925	SAMN25295971	0	1	0	0	0	0
SRR17789927	SAMN25295969	0	0	0	0	0	0
SRR17789928	SAMN25295968	0	0	0	0	0	0
SRR17789929	SAMN25295967	0	1	0	0	0	0
SRR17789930	SAMN25295966	0	0	0	0	0	0
SRR17789932	SAMN25295964	0	1	0	0	0	0
SRR17789933	SAMN25295667	0	1	0	0	0	0
SRR17789934	SAMN25295963	0	1	0	0	0	0
SRR17789935	SAMN25295962	0	0	0	0	0	0
SRR17789937	SAMN25295960	0	1	0	0	0	1
SRR17789938	SAMN25295959	0	0	0	0	0	0
SRR17789940	SAMN25295882	0	1	0	0	0	0
SRR17789941	SAMN25295881	0	0	0	0	0	0
SRR17789942	SAMN25295880	0	0	0	0	0	0
SRR17789944	SAMN25295878	0	0	0	0	0	0
SRR17789945	SAMN25295877	0	1	0	0	0	0
SRR17789946	SAMN25295876	0	0	0	0	0	0
SRR17789947	SAMN25295875	0	1	0	0	0	0
SRR17789948	SAMN25295874	0	1	0	0	0	0
SRR17789949	SAMN25295658	0	1	0	0	0	0
SRR17789950	SAMN25295873	0	0	1	0	0	0
SRR17789954	SAMN25295869	0	1	0	0	0	0
SRR17789956	SAMN25295867	0	0	0	0	0	0
SRR17789957	SAMN25295866	0	1	0	0	0	0
SRR17789959	SAMN25295864	0	1	1	0	1	0
SRR17789962	SAMN25295862	0	1	0	0	0	0
SRR17789963	SAMN25295861	0	1	0	0	0	0
SRR17789964	SAMN25295860	0	1	0	0	0	0
SRR17789970	SAMN25295779	0	1	0	0	0	0
SRR17789971	SAMN25295778	0	1	0	0	0	0
SRR17789972	SAMN25295777	0	0	0	0	0	0
SRR17789974	SAMN25295775	0	1	0	0	0	0
SRR17789975	SAMN25295774	0	1	0	0	0	0
SRR17789977	SAMN25295773	0	0	0	0	0	0
SRR17789982	SAMN25295768	0	1	0	0	0	1
SRR17789983	SAMN25295767	0	1	0	0	0	0
SRR17789984	SAMN25295766	0	1	0	0	0	0
SRR17789985	SAMN25295765	0	0	0	0	0	0
SRR17789988	SAMN25295763	0	0	0	0	0	0
SRR17789990	SAMN25295761	0	0	0	0	0	0
SRR17789992	SAMN25295759	0	1	0	0	0	0
SRR17789993	SAMN25295758	0	1	0	0	0	0
SRR17789995	SAMN25295756	0	1	0	0	1	0
SRR17790002	SAMN25295750	0	1	0	0	0	0
SRR17790004	SAMN25295748	0	0	0	0	0	0
SRR17790006	SAMN25295746	0	0	0	0	0	0
SRR17790007	SAMN25295745	0	1	0	0	0	0
SRR17790008	SAMN25295744	0	0	0	0	0	0
SRR17790009	SAMN25295645	0	1	0	0	0	0
SRR17790011	SAMN25295742	0	1	0	0	0	0
SRR17790016	SAMN25295737	0	1	0	0	0	0
SRR17790017	SAMN25295736	0	1	0	0	0	0
SRR17790019	SAMN25295734	1	1	0	0	0	0
SRR17790020	SAMN25295644	0	1	0	0	0	0
SRR17790021	SAMN25295635	0	1	0	0	0	0
SRR17790022	SAMN25295634	0	1	0	0	0	0
SRR18507860	SAMN26198729	0	1	0	0	0	0
SRR18507866	SAMN26198723	0	1	0	0	0	0
SRR19846894	SAMN29334804	0	0	0	0	0	0
SRR19846895	SAMN29334803	0	0	0	0	0	0
SRR19846901	SAMN29334797	0	0	0	0	0	0
SRR19846902	SAMN29334809	0	0	0	0	0	0
SRR19846903	SAMN29334808	0	0	0	0	0	0
SRR19846905	SAMN29334806	0	0	0	0	0	0
SRR21002223	SAMN30236597	0	0	0	0	0	0
SRR21002224	SAMN30236596	0	0	0	0	0	0
SRR21002225	SAMN30236595	0	0	0	0	0	0
SRR21002226	SAMN30236594	0	1	0	0	0	0
SRR21002228	SAMN30236623	0	0	0	0	0	0
SRR21002230	SAMN30236621	0	1	0	0	0	0
SRR21002233	SAMN30236592	0	0	0	0	0	0
SRR21002235	SAMN30236617	0	1	0	0	0	0
SRR21002236	SAMN30236616	0	1	0	0	0	0
SRR21002237	SAMN30236615	0	1	0	0	0	0
SRR21002241	SAMN30236611	0	1	0	0	0	0
SRR21002245	SAMN30236608	0	1	0	0	0	0
SRR21002246	SAMN30236607	0	0	0	0	0	0
SRR21002248	SAMN30236605	0	0	0	0	0	0
SRR21002249	SAMN30236604	0	1	0	0	0	0
SRR21002250	SAMN30236603	0	1	0	0	0	0
SRR21002252	SAMN30236601	0	1	0	0	0	0
SRR21786805	SAMN31137440	0	1	0	0	0	0
SRR21786806	SAMN31137439	0	1	0	0	0	0
SRR21786807	SAMN31137438	0	1	0	0	0	0
SRR21786813	SAMN31137432	0	1	0	0	0	0
SRR21786814	SAMN31137351	0	0	0	0	0	0
SRR21786815	SAMN31137431	1	1	1	0	0	1
SRR21786816	SAMN31137430	0	0	0	0	0	0
SRR21786817	SAMN31137429	0	1	0	0	0	0
SRR21786818	SAMN31137428	0	1	0	0	0	0
SRR21786828	SAMN31137419	0	1	0	0	0	0
SRR21786831	SAMN31137416	0	0	0	0	0	0
SRR21786833	SAMN31137414	0	0	0	0	0	0
SRR21786835	SAMN31137412	0	0	0	0	0	0
SRR21786837	SAMN31137411	1	1	0	0	0	0
SRR21786838	SAMN31137410	0	0	0	0	0	0
SRR21786840	SAMN31137408	0	1	0	0	0	0
SRR21786843	SAMN31137405	0	0	0	0	0	0
SRR21786848	SAMN31137401	0	1	0	0	0	0
SRR21786850	SAMN31137399	0	0	0	0	0	0
SRR21786851	SAMN31137398	1	1	0	0	0	0
SRR21786852	SAMN31137397	0	0	0	0	0	0
SRR21786853	SAMN31137396	0	0	0	0	0	0
SRR21786854	SAMN31137395	0	1	1	0	0	0
SRR21786861	SAMN31137389	0	1	0	0	0	0
SRR21786865	SAMN31137385	0	0	0	0	0	0
SRR21786868	SAMN31137382	0	1	0	0	0	0
SRR21786869	SAMN31137346	0	1	0	0	1	0
SRR21786870	SAMN31137381	0	0	0	0	0	0
SRR21786872	SAMN31137379	0	0	0	0	0	0
SRR21786873	SAMN31137378	0	0	0	0	0	0
SRR21786876	SAMN31137375	0	0	0	0	0	0
SRR21786879	SAMN31137372	0	1	0	0	0	0
SRR21786884	SAMN31137368	0	1	0	0	0	0
SRR21786885	SAMN31137367	0	0	0	0	0	0
SRR21786886	SAMN31137366	0	0	0	0	0	0
SRR21786887	SAMN31137365	0	1	0	0	0	0
SRR21786888	SAMN31137364	0	0	0	0	0	0
SRR21786890	SAMN31137362	0	1	0	0	0	0
SRR21786892	SAMN31137361	0	1	1	0	0	0
SRR21786893	SAMN31137360	0	0	0	0	0	0
SRR21786895	SAMN31137358	1	1	0	0	0	0
SRR21786896	SAMN31137357	0	1	0	0	0	0
SRR21786900	SAMN31137353	0	1	0	0	1	0
SRR21786902	SAMN31137448	0	1	0	0	0	0
SRR21786903	SAMN31137447	0	1	1	0	0	0
SRR21786904	SAMN31137446	0	1	0	0	0	0
SRR21786906	SAMN31137444	1	0	0	0	0	0
SRR21786907	SAMN31137443	1	1	0	0	0	1
SRR21786909	SAMN31137352	1	1	0	0	0	0
SRR22496538	SAMN31980824	0	1	0	0	0	0
SRR22496540	SAMN31980769	1	0	0	0	0	0
SRR22496542	SAMN31980821	0	1	0	0	0	0
SRR22496544	SAMN31980819	0	1	0	0	0	0
SRR22496545	SAMN31980818	0	0	0	0	0	0
SRR22496549	SAMN31980814	0	1	0	0	1	0
SRR22496552	SAMN31980812	1	1	0	0	0	0
SRR22496553	SAMN31980811	0	1	0	0	0	0
SRR22496554	SAMN31980810	0	0	0	0	0	0
SRR22496557	SAMN31980807	0	1	0	0	0	0
SRR22496559	SAMN31980805	0	0	0	0	0	0
SRR22496560	SAMN31980804	1	1	0	0	1	0
SRR22496565	SAMN31980800	0	0	0	0	0	0
SRR22496567	SAMN31980798	0	1	0	0	0	0
SRR22496569	SAMN31980796	0	0	0	0	0	0
SRR22496571	SAMN31980794	0	0	0	0	0	0
SRR22496574	SAMN31980792	0	0	0	0	0	0
SRR22496575	SAMN31980791	0	1	0	0	1	0
SRR22496578	SAMN31980788	0	0	0	0	0	0
SRR22496579	SAMN31980787	0	0	0	0	0	0
SRR22496581	SAMN31980785	0	0	0	0	0	0
SRR22496582	SAMN31980784	0	1	0	0	0	0
SRR22496586	SAMN31980781	1	0	0	0	0	0
SRR22496587	SAMN31980780	1	1	0	0	0	0
SRR22496589	SAMN31980778	0	0	0	0	0	0
SRR22496591	SAMN31980776	0	1	0	0	0	0
SRR22496594	SAMN31980774	0	0	0	0	0	1
SRR22496599	SAMN31980832	0	0	0	0	0	0
SRR22496600	SAMN31980831	0	1	0	0	0	0
SRR22496601	SAMN31980830	0	0	1	0	0	0
SRR22496604	SAMN31980827	0	0	0	0	0	0
SRR22496606	SAMN31980825	0	1	0	0	0	0
SRR22496609	SAMN31980763	1	1	0	0	0	0
SRR25437010	SAMN36726475	0	1	0	0	0	0
SRR25437014	SAMN36726471	0	1	0	0	0	0
SRR25437021	SAMN36726465	0	1	0	0	0	0
SRR25437028	SAMN36726433	0	1	0	0	0	0
SRR25437076	SAMN36726440	0	1	0	0	0	0
SRR25437083	SAMN36726400	0	0	0	0	0	0
SRR25437179	SAMN36726628	0	0	0	0	0	0
SRR25437201	SAMN36726659	0	0	0	0	0	0
SRR25437206	SAMN36726619	0	1	0	0	0	0
SRR25437423	SAMN36727313	0	0	0	0	0	0
SRR25437475	SAMN36727281	1	1	0	0	0	0
SRR25438437	SAMN36729167	0	1	0	0	0	0
SRR25438439	SAMN36729165	0	1	0	0	0	0
SRR25438443	SAMN36729161	0	1	0	0	0	0
SRR25438445	SAMN36728917	0	1	0	0	0	0
SRR25438462	SAMN36729144	0	0	0	0	0	0
SRR25438488	SAMN36728942	0	1	0	0	0	0
SRR25438508	SAMN36728920	0	0	0	0	0	0
SRR25438524	SAMN36729176	0	1	0	0	0	0
SRR25438531	SAMN36728918	0	1	0	0	0	0
SRR25438539	SAMN36729111	1	1	0	0	1	0
SRR25438562	SAMN36729066	0	0	0	0	0	0
SRR25438647	SAMN36728905	0	0	0	0	0	0
SRR25438657	SAMN36729030	0	1	0	0	0	0
SRR25438677	SAMN36729139	0	0	0	0	0	0
SRR25438683	SAMN36729133	0	0	0	0	0	0
SRR25438713	SAMN36729005	0	0	0	0	0	0
SRR25438720	SAMN36728999	0	0	0	0	0	0
SRR25438740	SAMN36729210	0	0	0	0	0	0
SRR25438757	SAMN36729195	0	0	0	0	0	0
SRR25573030	SAMN36892898	0	1	0	0	0	0
SRR25573039	SAMN36892890	0	0	0	0	0	0
SRR25573060	SAMN36892871	0	1	0	0	0	0
SRR25573062	SAMN36892869	0	1	1	0	1	0
SRR25573077	SAMN36892855	0	0	0	0	0	0
SRR25573078	SAMN36892846	0	0	1	0	0	0
SRR26176493	SAMN37516950	0	0	0	0	0	0
SRR26176533	SAMN37516913	0	0	0	0	0	0
SRR26176558	SAMN37516891	0	1	0	0	0	0
SRR26809079	SAMN38228816	0	0	0	0	0	0
SRR26809084	SAMN38228815	0	0	0	0	0	0
SRR26809093	SAMN38228869	0	0	0	0	0	0
SRR26809095	SAMN38228814	1	1	0	0	0	0
SRR26809098	SAMN38228865	0	1	0	0	0	0
SRR26809099	SAMN38228864	0	1	0	0	0	0
SRR26809101	SAMN38228862	0	1	0	0	0	0
SRR26809109	SAMN38228855	0	0	0	0	0	0
SRR26809131	SAMN38228835	0	0	0	0	0	0
SRR26809132	SAMN38228834	0	1	0	0	0	0
SRR26809140	SAMN38228827	0	0	1	0	0	0
SRR26809145	SAMN38228822	0	0	1	0	0	0
SRR27984546	SAMN39956421	0	0	0	0	0	0
SRR27984547	SAMN39956420	0	1	0	0	0	0
SRR27984548	SAMN39956419	0	0	1	0	0	0
SRR27984550	SAMN39956400	0	0	1	0	0	0
SRR27984561	SAMN39956399	0	1	1	0	0	0
SRR27984562	SAMN39956398	0	1	0	0	0	0
SRR27991389	SAMN35839406	1	1	0	0	0	1
SRR27997463	SAMN38637657	0	0	0	0	0	0
SRR27997464	SAMN38637656	0	0	0	0	0	0
SRR27997467	SAMN38637653	0	1	0	0	1	0
SRR27997468	SAMN38637669	0	0	0	0	0	0
SRR27997470	SAMN38637667	0	0	0	0	0	0
SRR27997473	SAMN38637664	0	1	0	0	1	0
SRR27997475	SAMN38637662	0	0	0	0	0	0
SRR27997477	SAMN38637652	1	1	0	0	0	0
SRR27997478	SAMN38637651	1	0	0	0	0	0
SRR28000017	SAMN38637677	1	1	0	0	0	0
SRR28000019	SAMN38637675	1	1	0	0	0	0
SRR28000020	SAMN38637674	1	0	1	0	0	0
SRR28000021	SAMN38637673	1	1	0	0	0	0
SRR28000022	SAMN38637672	0	1	0	0	0	0
SRR28000024	SAMN38637688	1	1	1	0	0	1
SRR28000027	SAMN38637685	1	0	1	0	0	0
SRR28000031	SAMN38637681	1	1	1	0	0	0
SRR28000032	SAMN38637680	1	1	0	0	0	0
SRR28000033	SAMN38637679	0	1	0	0	0	0
SRR28000035	SAMN38637635	1	1	0	0	0	0
SRR28086905	SAMN38637630	1	0	0	0	0	0
SRR28129117	SAMN38637694	0	1	0	0	0	0
SRR28129119	SAMN38637729	0	0	0	0	0	0
SRR28129120	SAMN38637728	1	1	0	0	0	0
SRR28129125	SAMN38637721	1	1	0	0	0	0
SRR28129127	SAMN38637692	0	1	0	0	0	0
SRR28129128	SAMN38637719	0	1	0	0	0	0
SRR28129130	SAMN38637717	1	1	0	0	0	0
SRR28129131	SAMN38637716	0	1	0	0	0	0
SRR28129133	SAMN38637714	0	1	0	0	1	0
SRR28129138	SAMN38637691	1	1	0	0	0	0
SRR28129140	SAMN38637707	0	1	0	0	0	0
SRR28129143	SAMN38637704	1	1	0	0	0	1
SRR28129145	SAMN38637702	1	1	0	0	0	0
SRR28129146	SAMN38637701	1	1	0	0	0	0
SRR28129147	SAMN38637700	0	1	0	0	0	0
SRR28129148	SAMN38637699	0	1	0	0	0	0
SRR28129149	SAMN38637690	1	1	0	0	0	0
SRR28320673	SAMN38637739	1	1	1	0	0	0
SRR28320683	SAMN38637788	0	0	0	0	0	0
SRR28320686	SAMN38637785	1	1	0	0	0	0
SRR28320688	SAMN38637783	1	1	0	0	0	0
SRR28320689	SAMN38637782	1	1	0	0	0	0
SRR28320690	SAMN38637781	1	1	0	0	0	0
SRR28320694	SAMN38637777	1	1	0	0	0	0
SRR28320696	SAMN38637775	1	1	1	0	0	0
SRR28320700	SAMN38637771	0	1	0	0	0	0
SRR28320702	SAMN38637734	1	1	0	0	0	0
SRR28320704	SAMN38637768	1	1	0	0	0	0
SRR28320705	SAMN38637767	1	1	0	0	0	0
SRR28320710	SAMN38637762	0	1	0	0	0	0
SRR28320713	SAMN38637733	1	1	0	0	0	0
SRR28320714	SAMN38637759	1	1	0	0	0	0
SRR28320715	SAMN38637758	0	1	0	0	0	0
SRR28320716	SAMN38637757	0	1	0	0	0	0
SRR28320718	SAMN38637755	0	1	0	0	0	0
SRR28320720	SAMN38637753	1	1	0	0	0	0
SRR28320721	SAMN38637752	1	1	0	0	0	0
SRR28320729	SAMN38637745	0	1	0	0	0	0
SRR28320735	SAMN38637731	1	1	1	0	1	1
SRR28625630	SAMN40930677	0	0	0	0	0	0
SRR28625631	SAMN40930676	0	0	0	0	0	0
SRR28625654	SAMN40930655	0	1	0	0	0	0
SRR28625655	SAMN40930654	0	1	0	0	0	0
SRR28625659	SAMN40930633	0	1	0	0	0	0
SRR28628851	SAMN40932247	0	0	0	0	0	0
SRR28628853	SAMN40932157	0	0	0	0	0	0
SRR28763365	SAMN38637643	1	1	0	0	0	0
SRR28793127	SAMN38334799	1	1	0	0	0	0
SRR28813406	SAMN41091880	0	1	0	0	0	0
SRR28813408	SAMN41091879	0	0	0	0	0	0
SRR28813409	SAMN41091878	0	1	0	0	0	0
SRR28813411	SAMN41091876	0	1	0	0	0	0
SRR28813412	SAMN41091875	0	0	0	0	0	0
SRR28813413	SAMN41091874	0	0	0	0	0	0
SRR33944733	SAMN38637646	0	0	0	0	0	0
SRR33944735	SAMN38637639	0	0	0	0	0	0
SRR33944737	SAMN38637637	0	0	0	0	0	0
SRR33944738	SAMN38637636	0	0	0	0	0	0
SRR35091549	SAMN38637627	0	0	0	0	0	0
SRR4417445	SAMN04901607	1	0	0	0	0	0
SRR521633	SAMN01091293	1	1	1	0	0	0
SRR521636	SAMN01091296	1	1	0	0	0	0
SRR521637	SAMN01091297	1	1	1	0	0	0
SRR521638	SAMN01091298	1	1	1	0	0	0
SRR521641	SAMN01091990	0	1	0	0	0	0
SRR521642	SAMN01091991	1	1	1	0	0	1
SRR521643	SAMN01091992	1	1	1	0	0	0
SRR521645	SAMN01091994	1	1	0	0	0	0
SRR521647	SAMN01091996	1	1	1	0	0	0
SRR521648	SAMN01091997	1	1	1	0	0	0
SRR521649	SAMN01091998	1	1	1	0	0	0
SRR5237408	SAMN06311511	0	0	0	0	0	0
SRR5415156	SAMN04868311	1	1	0	0	0	0
SRR5415158	SAMN04868309	1	1	0	0	0	0
SRR5415162	SAMN04868305	1	1	0	0	0	0
SRR5415167	SAMN04868300	1	1	0	0	0	0
SRR5415168	SAMN04868299	1	1	0	0	0	0
SRR5415169	SAMN04868298	1	1	0	0	0	0
SRR5415171	SAMN04868296	1	1	0	0	0	0
SRR5415172	SAMN04868295	1	1	1	0	0	0
SRR5415175	SAMN04868292	1	1	1	0	0	1
SRR5415177	SAMN04868290	1	1	0	0	0	0
SRR5415179	SAMN04868288	1	1	0	0	0	0
SRR5415180	SAMN04868287	1	1	0	0	0	0
SRR5415182	SAMN04868285	1	1	0	0	0	0
SRR5415183	SAMN04868284	1	1	0	0	0	0
SRR5415185	SAMN04868282	1	1	0	0	0	0
SRR5415190	SAMN04868277	1	1	0	0	0	0
SRR5415191	SAMN04868276	1	1	0	0	0	1
SRR5415192	SAMN04868275	1	1	0	0	0	0
SRR5415194	SAMN04868273	1	1	0	0	0	0
SRR5415196	SAMN04868271	1	1	0	0	0	0
SRR5415200	SAMN04868267	1	1	0	0	0	0
SRR5415202	SAMN04868265	1	1	0	0	0	0
SRR5415203	SAMN04868264	1	1	0	0	1	0
SRR5415205	SAMN04868262	1	1	0	0	0	0
SRR5415206	SAMN04868261	1	1	0	0	0	0
SRR5415207	SAMN04868260	1	1	1	0	0	0
SRR5415210	SAMN04868257	1	1	0	0	0	0
SRR5415212	SAMN04868255	1	1	1	0	0	0
SRR5415213	SAMN04868254	0	0	0	0	0	0
SRR5415215	SAMN04868252	1	1	0	0	0	0
SRR5415216	SAMN04868251	1	1	0	0	0	0
SRR5415219	SAMN04868248	1	1	1	0	0	0
SRR5415221	SAMN04868246	1	1	0	0	0	0
SRR5415222	SAMN04868245	1	1	0	0	0	0
SRR5415226	SAMN04868241	1	1	0	0	0	0
SRR5415227	SAMN04868240	1	1	0	0	0	0
SRR5415230	SAMN04868237	1	1	0	0	0	0
SRR5415233	SAMN04868234	1	1	1	0	0	0
SRR5415234	SAMN04868233	1	1	0	0	0	0
SRR5415235	SAMN04868232	1	1	0	0	0	0
SRR5415237	SAMN04868230	1	1	0	0	0	0
SRR5415238	SAMN04868229	1	1	0	0	0	0
SRR5415240	SAMN04868227	1	1	0	0	0	0
SRR5415241	SAMN04868226	1	1	0	0	0	0
SRR5415242	SAMN04868225	1	1	0	0	0	0
SRR5415248	SAMN04868219	1	1	0	0	0	0
SRR5415249	SAMN04868218	1	1	1	0	1	0
SRR5415250	SAMN04868217	1	1	0	0	0	0
SRR5415252	SAMN04868215	1	1	0	0	0	0
SRR5415255	SAMN04868212	1	1	0	0	0	0
SRR5415256	SAMN04868211	1	0	0	0	0	0
SRR5415258	SAMN04868209	1	1	0	0	0	0
SRR5415259	SAMN04868208	1	1	0	0	0	0
SRR5415260	SAMN04868207	1	1	1	0	0	0
SRR5415264	SAMN04868203	1	1	0	0	0	0
SRR5415267	SAMN04868200	1	1	0	0	0	0
SRR5415268	SAMN04868199	1	1	0	0	0	0
SRR5415270	SAMN04868197	1	1	0	0	0	0
SRR5415272	SAMN04868195	1	1	0	0	0	0
SRR5415275	SAMN04868192	1	1	0	0	0	0
SRR5415276	SAMN04868191	1	1	0	0	0	0
SRR5415277	SAMN04868190	1	1	0	0	0	0
SRR5415282	SAMN04868185	1	1	0	0	0	0
SRR5415283	SAMN04868184	1	1	0	0	0	0
SRR5415285	SAMN04868182	1	1	0	0	0	0
SRR5415287	SAMN04868180	1	1	1	0	0	0
SRR5415288	SAMN04868179	1	1	0	0	0	0
SRR5415290	SAMN04868177	1	1	0	0	0	0
SRR5415291	SAMN04868176	1	1	0	0	1	0
SRR5415293	SAMN04868174	1	1	0	0	0	0
SRR5415294	SAMN04868173	1	1	0	0	0	0
SRR5415295	SAMN04868172	1	1	0	0	0	0
SRR5415297	SAMN04868170	1	1	0	0	1	0
SRR5415299	SAMN04868168	1	1	0	0	0	0
SRR5415300	SAMN04868167	1	1	0	0	0	0
SRR5415313	SAMN04868154	1	1	0	0	0	0
SRR5415315	SAMN04868152	1	1	0	0	0	0
SRR5415317	SAMN04868150	1	1	0	0	0	0
SRR5415320	SAMN04868147	1	1	0	0	0	0
SRR5415321	SAMN04868146	1	1	0	0	0	0
SRR5415326	SAMN04868141	1	1	0	0	0	0
SRR5415328	SAMN04868139	1	1	0	0	0	0
SRR5415330	SAMN04868137	1	1	0	0	0	0
SRR5415331	SAMN04868136	1	1	0	0	0	0
SRR5415332	SAMN04868135	1	1	0	0	0	0
SRR5415333	SAMN04868134	1	1	1	0	0	0
SRR5415340	SAMN04868127	1	1	0	0	0	0
SRR5415342	SAMN04868125	1	1	0	0	0	0
SRR5415343	SAMN04868124	1	1	0	0	0	0
SRR5415344	SAMN04868123	1	1	0	0	0	0
SRR5415348	SAMN04868119	1	1	0	0	0	0
SRR5415350	SAMN04868117	1	1	0	0	0	0
SRR5415351	SAMN04868116	1	1	0	0	0	0
SRR5415352	SAMN04868115	1	1	0	0	0	0
SRR5415354	SAMN04868113	1	1	0	0	0	0
SRR5415355	SAMN04868112	1	1	0	0	0	0
SRR5415357	SAMN04868110	1	1	0	0	0	0
SRR5415359	SAMN04868108	1	1	0	0	1	0
SRR5415360	SAMN04868107	1	1	0	0	0	0
SRR5415364	SAMN04868103	1	1	0	0	0	0
SRR5415366	SAMN04868101	1	1	0	0	0	0
SRR5415373	SAMN04868094	1	1	1	0	0	0
SRR5415374	SAMN04868093	1	1	0	0	0	0
SRR5415375	SAMN04868092	1	0	0	0	0	0
SRR5415376	SAMN04868091	1	1	0	0	0	0
SRR5415377	SAMN04868090	1	0	0	0	0	0
SRR5415378	SAMN04868089	1	1	0	0	0	0
SRR5415379	SAMN04868088	1	1	0	0	0	0
SRR5415381	SAMN04868086	1	1	1	0	0	0
SRR5415383	SAMN04868084	1	1	0	0	0	0
SRR5415385	SAMN04868082	1	1	0	0	0	0
SRR5415387	SAMN04868080	1	1	0	0	0	0
SRR5415388	SAMN04868079	1	1	0	0	0	0
SRR5415389	SAMN04868078	1	1	0	0	0	0
SRR5415392	SAMN04868075	1	1	0	0	0	0
SRR5415393	SAMN04868074	1	1	0	0	0	0
SRR5415394	SAMN04868073	1	1	0	0	0	0
SRR5415398	SAMN04868069	1	1	0	0	0	0
SRR5415399	SAMN04868068	1	1	0	0	0	0
SRR5415403	SAMN04868064	1	1	0	0	0	0
SRR5415408	SAMN04868059	1	1	0	0	0	0
SRR5415409	SAMN04868058	1	1	0	0	0	0
SRR5415411	SAMN04868056	1	1	0	0	0	0
SRR5415417	SAMN04868050	1	1	0	0	0	0
SRR5415419	SAMN04868048	1	1	0	0	0	0
SRR5415421	SAMN04868046	1	1	0	0	0	0
SRR5415427	SAMN04868040	1	1	0	0	0	0
SRR5415428	SAMN04868039	1	1	0	0	0	0
SRR5415431	SAMN04868036	1	1	0	0	1	1
SRR5415432	SAMN04868035	1	1	1	0	0	0
SRR5415437	SAMN04868030	1	1	0	0	0	0
SRR5415438	SAMN04868029	1	1	0	0	0	0
SRR5415439	SAMN04868028	1	1	0	0	0	0
SRR5415441	SAMN04868026	1	1	0	0	0	0
SRR5415442	SAMN04868025	1	1	0	0	0	0
SRR5415443	SAMN04868024	1	1	0	0	0	0
SRR5415445	SAMN04868022	1	1	0	0	0	0
SRR5415449	SAMN04868018	1	1	0	0	0	0
SRR5415450	SAMN04868017	1	1	0	0	0	0
SRR5415453	SAMN04868014	1	1	0	0	0	0
SRR5415454	SAMN04868013	1	1	0	0	0	0
SRR5415455	SAMN04868012	1	1	1	0	0	1
SRR5415456	SAMN04868011	1	1	0	0	0	0
SRR5415458	SAMN04868009	1	1	0	0	0	0
SRR5415459	SAMN04868008	1	1	0	0	0	0
SRR5415460	SAMN04868007	1	1	0	0	0	0
SRR5415467	SAMN04868000	1	0	0	0	0	0
SRR5415468	SAMN04867999	1	1	0	0	0	0
SRR5415469	SAMN04867998	1	1	0	0	0	0
SRR5415471	SAMN04867996	1	1	0	0	0	0
SRR5415472	SAMN04867995	1	1	0	0	0	0
SRR5415473	SAMN04867994	1	1	0	0	0	0
SRR5415474	SAMN04867993	1	1	0	0	0	0
SRR5415476	SAMN04867991	1	1	0	0	0	0
SRR5415480	SAMN04867987	1	1	0	0	0	0
SRR5415481	SAMN04867986	1	1	0	0	0	0
SRR5415482	SAMN04867985	1	1	0	0	0	0
SRR5415483	SAMN04867984	1	1	0	0	0	0
SRR5415485	SAMN04867982	1	1	0	0	0	0
SRR5415487	SAMN04867980	1	1	1	0	0	0
SRR5415490	SAMN04867977	1	1	0	0	1	1
SRR5415492	SAMN04867975	1	1	0	0	0	0
SRR5415493	SAMN04867974	1	1	0	0	0	0
SRR5415494	SAMN04867973	1	1	0	0	0	0
SRR5415496	SAMN04867971	1	1	0	0	0	0
SRR5486247	SAMN06847534	0	0	0	0	0	0
SRR5486248	SAMN06847533	0	0	0	0	0	0
SRR5486249	SAMN06847532	1	0	0	0	0	0
SRR5486250	SAMN06847531	0	0	0	0	1	0
SRR5486252	SAMN06847529	0	1	0	0	0	0
SRR5486256	SAMN06847525	0	1	0	0	0	0
SRR5486258	SAMN06847523	0	1	0	0	0	0
SRR5486261	SAMN06847520	0	1	0	0	0	0
SRR5486263	SAMN06847518	1	1	0	0	0	0
SRR5486265	SAMN06847516	0	0	0	0	0	0
SRR5486268	SAMN06847513	0	0	0	0	0	0
SRR5486271	SAMN06847510	0	1	0	0	0	0
SRR5486272	SAMN06847509	0	1	0	0	1	0
SRR5486273	SAMN06847508	0	0	0	0	0	0
SRR5486277	SAMN06847504	0	1	0	0	0	0
SRR5486279	SAMN06847502	0	0	0	0	0	0
SRR5486283	SAMN06847498	1	1	0	0	0	0
SRR5486289	SAMN06847492	0	0	0	0	0	0
SRR5486291	SAMN06847490	1	0	0	0	0	0
SRR5486292	SAMN06847489	0	0	0	0	0	0
SRR5486293	SAMN06847488	0	0	0	0	0	0
SRR5486295	SAMN06847486	1	1	0	0	0	0
SRR5486298	SAMN06847483	0	0	0	0	0	0
SRR5486299	SAMN06847482	1	1	0	0	0	0
SRR5486301	SAMN06847480	1	1	0	0	0	0
SRR5486306	SAMN06847476	1	1	0	0	0	0
SRR5486307	SAMN06847475	0	1	0	0	0	0
SRR5486308	SAMN06847474	0	0	0	0	0	0
SRR5486310	SAMN06847472	0	0	0	0	0	0
SRR5486311	SAMN06847471	0	1	0	0	0	0
SRR5486312	SAMN06847470	1	0	0	0	0	0
SRR5486313	SAMN06847469	0	1	0	0	0	0
SRR5486314	SAMN06847468	1	1	0	0	0	0
SRR5486319	SAMN06847463	0	1	0	0	0	0
SRR5486325	SAMN06847457	0	1	0	0	0	0
SRR5486331	SAMN06847451	1	1	0	0	0	0
SRR5486333	SAMN06847449	0	0	0	0	0	0
SRR5486338	SAMN06847444	0	1	0	0	0	0
SRR5486341	SAMN06847441	1	0	1	0	0	0
SRR5486342	SAMN06847440	0	0	0	0	0	0
SRR5486348	SAMN06847434	0	0	0	0	0	0
SRR5926160	SAMN07460113	1	1	0	0	0	0
SRR5926163	SAMN07460116	1	1	0	0	0	0
SRR5926165	SAMN07460114	1	1	0	0	0	0
SRR5926166	SAMN07460115	1	1	0	0	0	0
SRR5926167	SAMN07460118	1	1	0	0	0	0
SRR5926168	SAMN07460119	1	1	0	0	0	0
SRR5926177	SAMN07460123	1	1	0	0	0	0
SRR5926181	SAMN07460124	1	1	0	0	0	0
SRR6332088	SAMN08111862	0	1	0	0	0	1
SRR6332090	SAMN08111864	0	1	0	0	0	1
SRR6332095	SAMN08111861	0	1	0	0	0	1
SRR6332096	SAMN08111866	0	1	0	0	0	0
SRR6332097	SAMN08111867	0	1	0	0	0	1
SRR6332100	SAMN08111914	0	1	0	0	0	1
SRR6332101	SAMN08111915	0	1	1	0	0	0
SRR6332103	SAMN08111909	0	1	0	0	0	0
SRR6332105	SAMN08111911	0	1	0	0	0	0
SRR6332106	SAMN08111916	0	1	0	0	0	1
SRR6332111	SAMN08111920	0	0	0	0	0	0
SRR6332112	SAMN08111923	0	1	0	0	0	1
SRR6332115	SAMN08111924	0	1	0	0	0	1
SRR6332120	SAMN08111945	0	1	0	0	0	0
SRR6332124	SAMN08111941	0	1	1	0	1	1
SRR6332125	SAMN08111940	0	0	1	0	0	0
SRR6332126	SAMN08111939	0	1	0	0	0	0
SRR6332127	SAMN08111938	0	1	0	0	0	0
SRR6332128	SAMN08111930	0	1	0	0	0	1
SRR6332131	SAMN08111929	0	1	0	0	0	1
SRR6332134	SAMN08111932	0	0	0	0	0	0
SRR6332136	SAMN08111936	0	1	0	0	0	1
SRR6332137	SAMN08111937	0	1	0	0	0	1
SRR6332139	SAMN08111869	0	1	0	0	0	1
SRR6332141	SAMN08111871	0	1	0	0	0	1
SRR6332142	SAMN08111872	0	0	0	0	0	0
SRR6332143	SAMN08111873	1	1	0	0	0	1
SRR6332145	SAMN08111875	0	0	0	0	0	0
SRR6332146	SAMN08111876	0	1	0	0	0	0
SRR6332151	SAMN08111949	0	0	0	0	0	0
SRR6332152	SAMN08111950	0	0	0	0	0	0
SRR6332154	SAMN08111952	0	1	0	0	0	0
SRR6332156	SAMN08111954	0	1	0	0	0	1
SRR6332157	SAMN08111955	0	1	0	0	0	0
SRR6332159	SAMN08111886	0	1	0	0	0	0
SRR6332163	SAMN08111884	0	1	1	0	0	0
SRR6332169	SAMN08111969	0	1	0	0	0	1
SRR6332171	SAMN08111897	0	1	0	0	0	1
SRR6332172	SAMN08111894	0	1	0	0	0	0
SRR6332173	SAMN08111895	0	1	0	0	0	1
SRR6332181	SAMN08111964	0	0	0	0	0	0
SRR6332182	SAMN08111963	0	1	0	0	0	1
SRR6332183	SAMN08111962	0	0	0	0	0	0
SRR6332186	SAMN08111959	0	1	0	0	0	1
SRR6332191	SAMN08111906	0	1	0	0	0	1
SRR6332192	SAMN08111901	0	1	0	0	0	1
SRR6332194	SAMN08111899	0	1	0	0	0	1
SRR6332195	SAMN08111898	0	0	0	0	0	0
SRR6332198	SAMN08111903	0	1	0	0	0	1
SRR6985637	SAMN04901606	1	1	0	0	0	0
SRR6985639	SAMN04901609	1	0	0	0	0	0
SRR6985644	SAMN04901612	0	1	0	0	0	0
SRR6985646	SAMN04901608	1	1	0	0	1	1
SRR6985651	SAMN04901613	1	0	0	0	0	0
SRR6985655	SAMN04901616	1	1	0	0	0	0
SRR6985700	SAMN07291554	1	0	0	0	0	0
SRR6985703	SAMN07291558	1	1	0	0	0	0
SRR6985715	SAMN07291566	1	1	0	0	0	0
SRR6985717	SAMN07291567	1	1	0	0	0	0
SRR6985721	SAMN04901614	1	1	0	0	1	1
SRR6985724	SAMN04901615	1	1	0	0	0	0
SRR6985725	SAMN04901618	1	1	0	0	0	1
SRR6994982	SAMN04901611	1	1	0	0	0	0
SRR7296768	SAMN09401041	1	1	0	0	0	0
SRR7296769	SAMN09401064	1	1	0	0	0	0
SRR7296772	SAMN09401075	1	1	0	0	0	0
SRR7296809	SAMN09401068	1	1	0	0	0	0
SRR7296836	SAMN09401107	1	1	0	0	0	0
SRR7296841	SAMN09400901	1	1	0	0	0	0
SRR7296843	SAMN09400903	1	0	0	0	0	0
SRR7296844	SAMN09400906	1	1	1	0	0	0
SRR7296845	SAMN09400905	1	1	0	0	0	0
SRR7296865	SAMN09401066	1	1	1	0	0	0
SRR7296868	SAMN09401063	1	1	0	0	0	0
SRR7296870	SAMN09401061	1	1	0	0	0	0
SRR7296872	SAMN09401008	1	1	1	0	0	0
SRR7296873	SAMN09401005	1	1	0	0	0	0
SRR7296874	SAMN09401006	1	1	0	0	0	0
SRR7296878	SAMN09401002	1	1	0	0	0	0
SRR7296880	SAMN09401000	1	1	1	0	0	0
SRR7296953	SAMN09401037	1	1	0	0	0	0
SRR7296955	SAMN09401030	1	1	0	0	0	0
SRR7296956	SAMN09401029	1	0	0	0	0	0
SRR7296957	SAMN09401032	1	0	0	0	0	0
SRR7296958	SAMN09401031	1	1	0	0	0	0
SRR7296960	SAMN09401033	1	1	0	0	0	0
SRR7296963	SAMN09401095	1	1	0	0	0	0
SRR7296969	SAMN09401096	1	1	0	0	0	0
SRR7296979	SAMN09400961	1	1	0	0	0	0
SRR7296980	SAMN09400962	1	1	0	0	0	0
SRR7296981	SAMN09400959	1	0	1	0	0	0
SRR7296983	SAMN09400965	1	1	0	0	0	0
SRR7296985	SAMN09400963	1	1	0	0	0	0
SRR7296986	SAMN09400964	1	1	0	0	0	0
SRR7296989	SAMN09400968	1	1	0	0	0	0
SRR7296995	SAMN09400911	1	1	0	0	0	0
SRR7296996	SAMN09400912	1	1	0	0	0	0
SRR7296998	SAMN09400914	1	1	0	0	0	0
SRR7296999	SAMN09400915	1	0	0	0	0	0
SRR7297000	SAMN09400916	1	0	1	0	0	0
SRR7297017	SAMN09401099	1	1	0	0	0	0
SRR7297136	SAMN09401097	1	0	0	0	0	0
SRR7297137	SAMN09401098	1	1	0	0	0	0
SRR7297151	SAMN09401082	1	1	0	0	0	0
SRR7297154	SAMN09401083	1	1	0	0	0	0
SRR7297155	SAMN09401086	1	1	0	0	0	0
SRR7297159	SAMN09400981	1	1	0	0	0	0
SRR7297163	SAMN09400985	1	0	0	0	0	0
SRR7297164	SAMN09400986	1	1	0	0	0	0
SRR7297225	SAMN09400943	1	1	0	0	0	0
SRR7297227	SAMN09400945	1	1	0	0	0	0
SRR7297228	SAMN09400940	1	1	0	0	0	0
SRR7297230	SAMN09400942	1	1	1	0	0	0
SRR7297231	SAMN09400941	1	1	0	0	0	0
SRR7297232	SAMN09400948	1	1	0	0	0	0
SRR7297241	SAMN09401016	0	1	0	0	0	0
SRR7297242	SAMN09401015	1	1	0	0	0	0
SRR7297243	SAMN09401014	1	1	0	0	0	0
SRR7297259	SAMN09400897	1	1	0	0	0	0
SRR7297276	SAMN09401057	1	0	0	0	0	0
SRR7297284	SAMN09401049	1	1	0	0	0	0
SRR7297285	SAMN09401050	1	1	0	0	0	0
SRR7297286	SAMN09401051	1	1	0	0	0	0
SRR7297288	SAMN09401053	1	1	1	0	0	0
SRR7297290	SAMN09401055	1	1	0	0	0	0
SRR7297303	SAMN09400920	1	1	0	0	0	0
SRR7297360	SAMN09401101	1	0	1	0	0	0
SRR7297364	SAMN09401105	1	1	0	0	0	0
SRR7297376	SAMN09401042	1	1	0	0	0	0
SRR7297389	SAMN09401039	1	0	0	0	0	0
SRR7297393	SAMN09401043	1	1	0	0	0	0
SRR7297405	SAMN09401108	1	1	0	0	0	0
SRR7297408	SAMN09400974	1	0	0	0	0	0
SRR7297409	SAMN09400973	0	1	0	0	0	0
SRR7297413	SAMN09400969	1	1	0	0	0	0
SRR7297417	SAMN09400977	1	1	0	0	0	0
SRR7297447	SAMN09401088	1	0	0	0	0	0
SRR7297450	SAMN09401087	1	0	0	0	0	0
SRR7297460	SAMN09401071	1	0	0	0	0	0
SRR7297461	SAMN09401072	1	1	1	0	0	0
SRR7297463	SAMN09401070	1	0	0	0	0	0
SRR7297464	SAMN09400998	1	1	0	0	0	0
SRR7297466	SAMN09401073	1	1	0	0	0	0
SRR7297468	SAMN09400994	1	1	0	0	0	0
SRR7297469	SAMN09400993	1	1	0	0	0	0
SRR7297470	SAMN09400996	1	1	0	0	0	0
SRR7297471	SAMN09400995	1	1	0	0	1	1
SRR7297473	SAMN09400989	1	1	0	0	0	0
SRR7297534	SAMN09400935	1	1	0	0	0	0
SRR7297535	SAMN09400936	1	1	0	0	0	0
SRR7297540	SAMN09400929	1	0	0	0	0	0
SRR7297541	SAMN09400930	1	1	0	0	1	0
SRR7297566	SAMN09401023	1	1	1	0	0	1
SRR7297567	SAMN09401024	1	1	0	0	0	0
SRR7297569	SAMN09401026	1	1	0	0	0	0
SRR7297572	SAMN09401021	1	1	0	0	0	0
SRR7297573	SAMN09401022	1	1	0	0	0	1
SRR7297574	SAMN09401027	1	1	0	0	0	0
SRR7297575	SAMN09401028	1	1	0	0	0	1
SRR7297577	SAMN09401060	1	0	0	0	0	0
SRR7297579	SAMN09400927	1	1	0	0	0	0
SRR7297585	SAMN09400951	1	1	0	0	0	0
SRR7297588	SAMN09400956	1	1	0	0	0	0
SRR7297591	SAMN09400957	1	0	0	0	0	0
SRR7297593	SAMN09400925	1	0	0	0	0	0
SRR7297595	SAMN09400923	1	1	1	0	1	0
SRR7297597	SAMN09400921	1	1	0	0	0	0
SRR7795231	SAMN08456662	0	1	0	0	0	0
SRR7795232	SAMN08456651	0	1	0	0	0	0
SRR7867445	SAMN10080618	1	0	0	0	0	0
SRR7867449	SAMN10080702	1	1	0	1	0	0
SRR7867451	SAMN10080700	1	1	0	1	1	0
SRR7867454	SAMN10080697	1	1	0	1	1	0
SRR7867455	SAMN10080696	1	1	0	1	1	0
SRR7867456	SAMN10080695	1	1	0	1	1	0
SRR7867457	SAMN10080694	1	1	0	0	1	0
SRR7867470	SAMN10080693	1	1	0	1	1	0
SRR7867471	SAMN10080686	1	1	0	1	0	0
SRR7867473	SAMN10080684	0	0	0	0	0	0
SRR7867476	SAMN10080691	1	1	0	1	1	0
SRR7867479	SAMN10080672	0	1	0	0	0	0
SRR7867480	SAMN10080673	1	1	0	1	1	0
SRR7867484	SAMN10080671	1	0	0	1	0	0
SRR7867486	SAMN10080665	1	0	1	0	0	0
SRR7867495	SAMN10080614	1	0	0	0	0	1
SRR7867497	SAMN10080616	1	0	1	0	0	0
SRR7867498	SAMN10080675	1	1	0	1	0	0
SRR7867502	SAMN10080679	1	0	0	1	0	0
SRR7867504	SAMN10080681	1	1	0	1	1	0
SRR7867506	SAMN10080663	1	0	0	0	0	0
SRR7867512	SAMN10080661	1	0	1	0	0	0
SRR7867527	SAMN10080631	1	0	0	0	0	0
SRR7867528	SAMN10080628	1	0	0	0	0	0
SRR7867530	SAMN10080626	1	0	0	0	0	0
SRR7867531	SAMN10080627	0	0	0	0	0	0
SRR7867533	SAMN10080625	1	0	1	0	0	0
SRR7867571	SAMN10080610	1	0	1	0	0	0
SRR7867577	SAMN10080612	1	0	1	0	0	0
SRR7867580	SAMN10080732	0	1	0	1	1	0
SRR7867583	SAMN10080731	0	1	0	0	0	0
SRR7867588	SAMN10080724	1	1	0	0	0	0
SRR7867590	SAMN10080736	0	0	0	0	0	0
SRR7867595	SAMN10080705	1	1	0	1	1	0
SRR7867596	SAMN10080706	1	1	1	0	0	0
SRR7867597	SAMN10080707	1	1	0	1	1	0
SRR7867599	SAMN10080709	1	1	0	1	1	0
SRR7867600	SAMN10080710	1	1	0	1	0	0
SRR7867602	SAMN10080712	1	1	0	1	0	0
SRR7867603	SAMN10080713	1	1	0	1	0	0
SRR7867618	SAMN10080722	1	1	0	1	1	0
SRR7867621	SAMN10080721	1	1	0	1	1	0
SRR7867622	SAMN10080720	1	1	0	1	1	0
SRR7867623	SAMN10080715	1	1	0	1	1	0
SRR7867624	SAMN10080714	1	1	0	1	0	0
SRR7867635	SAMN10080592	1	1	1	0	0	0
SRR8526659	SAMN07291574	1	1	0	0	0	0
SRR8526660	SAMN07291585	0	0	0	0	0	0
SRR8526661	SAMN07291581	0	0	0	0	0	0
SRR8526663	SAMN07291570	1	1	1	0	0	0
SRR8526667	SAMN07291572	1	1	0	0	0	0
SRR8526669	SAMN07291578	0	1	0	0	0	0
SRR8526671	SAMN07291571	1	1	1	0	0	0
SRR8526674	SAMN07291575	1	1	0	0	0	0
SRR8526675	SAMN07291582	0	1	0	0	0	0
SRR9046749	SAMN11611371	1	0	1	0	0	0
SRR9046750	SAMN11611372	1	1	0	0	0	0
SRR9046751	SAMN11611369	1	1	0	0	0	0
SRR9046752	SAMN11611370	1	1	1	0	0	0
SRR9046753	SAMN11611375	0	1	0	1	0	0
SRR9046755	SAMN11611373	1	0	0	0	0	0
SRR9046757	SAMN11611377	0	1	0	1	0	0
