accession	layout	r1_url	r2_url	biosample	read_count	stratum
DRR148122	PAIRED	https://ftp.sra.ebi.ac.uk/vol1/fastq/DRR148/DRR148122/DRR148122_1.fastq.gz	https://ftp.sra.ebi.ac.uk/vol1/fastq/DRR148/DRR148122/DRR148122_2.fastq.gz	SAMD00126359	664503	u
DRR148128	PAIRED	https://ftp.sra.ebi.ac.uk/vol1/fastq/DRR148/DRR148128/DRR148128_1.fastq.gz	https://ftp.sra.ebi.ac.uk/vol1/fastq/DRR148/DRR148128/DRR148128_2.fastq.gz	SAMD00126365	1104033	u
DRR148135	PAIRED	https://ftp.sra.ebi.ac.uk/vol1/fastq/DRR148/DRR148135/DRR148135_1.fastq.gz	https://ftp.sra.ebi.ac.uk/vol1/fastq/DRR148/DRR148135/DRR148135_2.fastq.gz	SAMD00126372	928950	u
DRR148139	PAIRED	https://ftp.sra.ebi.ac.uk/vol1/fastq/DRR148/DRR148139/DRR148139_1.fastq.gz	https://ftp.sra.ebi.ac.uk/vol1/fastq/DRR148/DRR148139/DRR148139_2.fastq.gz	SAMD00126376	738953	u
DRR148144	PAIRED	https://ftp.sra.ebi.ac.uk/vol1/fastq/DRR148/DRR148144/DRR148144_1.fastq.gz	https://ftp.sra.ebi.ac.uk/vol1/fastq/DRR148/DRR148144/DRR148144_2.fastq.gz	SAMD00126381	753466	u
DRR148148	PAIRED	https://ftp.sra.ebi.ac.uk/vol1/fastq/DRR148/DRR148148/DRR148148_1.fastq.gz	https://ftp.sra.ebi.ac.uk/vol1/fastq/DRR148/DRR148148/DRR148148_2.fastq.gz	SAMD00126385	865664	u
DRR148154	PAIRED	https://ftp.sra.ebi.ac.uk/vol1/fastq/DRR148/DRR148154/DRR148154_1.fastq.gz	https://ftp.sra.ebi.ac.uk/vol1/fastq/DRR148/DRR148154/DRR148154_2.fastq.gz	SAMD00126391	737627	u
DRR148168	PAIRED	https://ftp.sra.ebi.ac.uk/vol1/fastq/DRR148/DRR148168/DRR148168_1.fastq.gz	https://ftp.sra.ebi.ac.uk/vol1/fastq/DRR148/DRR148168/DRR148168_2.fastq.gz	SAMD00126405	882455	u
DRR148169	PAIRED	https://ftp.sra.ebi.ac.uk/vol1/fastq/DRR148/DRR148169/DRR148169_1.fastq.gz	https://ftp.sra.ebi.ac.uk/vol1/fastq/DRR148/DRR148169/DRR148169_2.fastq.gz	SAMD00126406	692045	u
DRR148189	PAIRED	https://ftp.sra.ebi.ac.uk/vol1/fastq/DRR148/DRR148189/DRR148189_1.fastq.gz	https://ftp.sra.ebi.ac.uk/vol1/fastq/DRR148/DRR148189/DRR148189_2.fastq.gz	SAMD00126426	564467	u
DRR148196	PAIRED	https://ftp.sra.ebi.ac.uk/vol1/fastq/DRR148/DRR148196/DRR148196_1.fastq.gz	https://ftp.sra.ebi.ac.uk/vol1/fastq/DRR148/DRR148196/DRR148196_2.fastq.gz	SAMD00126433	733168	u
DRR148201	PAIRED	https://ftp.sra.ebi.ac.uk/vol1/fastq/DRR148/DRR148201/DRR148201_1.fastq.gz	https://ftp.sra.ebi.ac.uk/vol1/fastq/DRR148/DRR148201/DRR148201_2.fastq.gz	SAMD00126438	678920	u
DRR148202	PAIRED	https://ftp.sra.ebi.ac.uk/vol1/fastq/DRR148/DRR148202/DRR148202_1.fastq.gz	https://ftp.sra.ebi.ac.uk/vol1/fastq/DRR148/DRR148202/DRR148202_2.fastq.gz	SAMD00126439	597064	u
DRR148234	PAIRED	https://ftp.sra.ebi.ac.uk/vol1/fastq/DRR148/DRR148234/DRR148234_1.fastq.gz	https://ftp.sra.ebi.ac.uk/vol1/fastq/DRR148/DRR148234/DRR148234_2.fastq.gz	SAMD00126471	1554700	u
DRR148237	PAIRED	https://ftp.sra.ebi.ac.uk/vol1/fastq/DRR148/DRR148237/DRR148237_1.fastq.gz	https://ftp.sra.ebi.ac.uk/vol1/fastq/DRR148/DRR148237/DRR148237_2.fastq.gz	SAMD00126474	1083549	u
DRR148240	PAIRED	https://ftp.sra.ebi.ac.uk/vol1/fastq/DRR148/DRR148240/DRR148240_1.fastq.gz	https://ftp.sra.ebi.ac.uk/vol1/fastq/DRR148/DRR148240/DRR148240_2.fastq.gz	SAMD00126477	1114357	u
DRR148243	PAIRED	https://ftp.sra.ebi.ac.uk/vol1/fastq/DRR148/DRR148243/DRR148243_1.fastq.gz	https://ftp.sra.ebi.ac.uk/vol1/fastq/DRR148/DRR148243/DRR148243_2.fastq.gz	SAMD00126480	1076257	u
DRR148244	PAIRED	https://ftp.sra.ebi.ac.uk/vol1/fastq/DRR148/DRR148244/DRR148244_1.fastq.gz	https://ftp.sra.ebi.ac.uk/vol1/fastq/DRR148/DRR148244/DRR148244_2.fastq.gz	SAMD00126481	1019763	u
DRR148253	PAIRED	https://ftp.sra.ebi.ac.uk/vol1/fastq/DRR148/DRR148253/DRR148253_1.fastq.gz	https://ftp.sra.ebi.ac.uk/vol1/fastq/DRR148/DRR148253/DRR148253_2.fastq.gz	SAMD00126490	925273	u
DRR148261	PAIRED	https://ftp.sra.ebi.ac.uk/vol1/fastq/DRR148/DRR148261/DRR148261_1.fastq.gz	https://ftp.sra.ebi.ac.uk/vol1/fastq/DRR148/DRR148261/DRR148261_2.fastq.gz	SAMD00126498	845776	u
DRR148266	PAIRED	https://ftp.sra.ebi.ac.uk/vol1/fastq/DRR148/DRR148266/DRR148266_1.fastq.gz	https://ftp.sra.ebi.ac.uk/vol1/fastq/DRR148/DRR148266/DRR148266_2.fastq.gz	SAMD00126503	985180	u
DRR148268	PAIRED	https://ftp.sra.ebi.ac.uk/vol1/fastq/DRR148/DRR148268/DRR148268_1.fastq.gz	https://ftp.sra.ebi.ac.uk/vol1/fastq/DRR148/DRR148268/DRR148268_2.fastq.gz	SAMD00126505	1095652	u
DRR148274	PAIRED	https://ftp.sra.ebi.ac.uk/vol1/fastq/DRR148/DRR148274/DRR148274_1.fastq.gz	https://ftp.sra.ebi.ac.uk/vol1/fastq/DRR148/DRR148274/DRR148274_2.fastq.gz	SAMD00126511	1173104	u
DRR148297	PAIRED	https://ftp.sra.ebi.ac.uk/vol1/fastq/DRR148/DRR148297/DRR148297_1.fastq.gz	https://ftp.sra.ebi.ac.uk/vol1/fastq/DRR148/DRR148297/DRR148297_2.fastq.gz	SAMD00126534	1044339	u
DRR148303	PAIRED	https://ftp.sra.ebi.ac.uk/vol1/fastq/DRR148/DRR148303/DRR148303_1.fastq.gz	https://ftp.sra.ebi.ac.uk/vol1/fastq/DRR148/DRR148303/DRR148303_2.fastq.gz	SAMD00126540	696477	u
DRR148325	PAIRED	https://ftp.sra.ebi.ac.uk/vol1/fastq/DRR148/DRR148325/DRR148325_1.fastq.gz	https://ftp.sra.ebi.ac.uk/vol1/fastq/DRR148/DRR148325/DRR148325_2.fastq.gz	SAMD00126562	492610	u
DRR148329	PAIRED	https://ftp.sra.ebi.ac.uk/vol1/fastq/DRR148/DRR148329/DRR148329_1.fastq.gz	https://ftp.sra.ebi.ac.uk/vol1/fastq/DRR148/DRR148329/DRR148329_2.fastq.gz	SAMD00126566	796135	u
DRR148334	PAIRED	https://ftp.sra.ebi.ac.uk/vol1/fastq/DRR148/DRR148334/DRR148334_1.fastq.gz	https://ftp.sra.ebi.ac.uk/vol1/fastq/DRR148/DRR148334/DRR148334_2.fastq.gz	SAMD00126571	748424	u
DRR148336	PAIRED	https://ftp.sra.ebi.ac.uk/vol1/fastq/DRR148/DRR148336/DRR148336_1.fastq.gz	https://ftp.sra.ebi.ac.uk/vol1/fastq/DRR148/DRR148336/DRR148336_2.fastq.gz	SAMD00126573	1183255	u
DRR148347	PAIRED	https://ftp.sra.ebi.ac.uk/vol1/fastq/DRR148/DRR148347/DRR148347_1.fastq.gz	https://ftp.sra.ebi.ac.uk/vol1/fastq/DRR148/DRR148347/DRR148347_2.fastq.gz	SAMD00126584	745981	u
DRR148353	PAIRED	https://ftp.sra.ebi.ac.uk/vol1/fastq/DRR148/DRR148353/DRR148353_1.fastq.gz	https://ftp.sra.ebi.ac.uk/vol1/fastq/DRR148/DRR148353/DRR148353_2.fastq.gz	SAMD00126590	1011817	u
DRR148354	PAIRED	https://ftp.sra.ebi.ac.uk/vol1/fastq/DRR148/DRR148354/DRR148354_1.fastq.gz	https://ftp.sra.ebi.ac.uk/vol1/fastq/DRR148/DRR148354/DRR148354_2.fastq.gz	SAMD00126591	1100609	u
DRR148355	PAIRED	https://ftp.sra.ebi.ac.uk/vol1/fastq/DRR148/DRR148355/DRR148355_1.fastq.gz	https://ftp.sra.ebi.ac.uk/vol1/fastq/DRR148/DRR148355/DRR148355_2.fastq.gz	SAMD00126592	674871	u
DRR148358	PAIRED	https://ftp.sra.ebi.ac.uk/vol1/fastq/DRR148/DRR148358/DRR148358_1.fastq.gz	https://ftp.sra.ebi.ac.uk/vol1/fastq/DRR148/DRR148358/DRR148358_2.fastq.gz	SAMD00126595	592918	u
DRR148360	PAIRED	https://ftp.sra.ebi.ac.uk/vol1/fastq/DRR148/DRR148360/DRR148360_1.fastq.gz	https://ftp.sra.ebi.ac.uk/vol1/fastq/DRR148/DRR148360/DRR148360_2.fastq.gz	SAMD00126597	1089488	u
DRR148362	PAIRED	https://ftp.sra.ebi.ac.uk/vol1/fastq/DRR148/DRR148362/DRR148362_1.fastq.gz	https://ftp.sra.ebi.ac.uk/vol1/fastq/DRR148/DRR148362/DRR148362_2.fastq.gz	SAMD00126599	867405	u
DRR148363	PAIRED	https://ftp.sra.ebi.ac.uk/vol1/fastq/DRR148/DRR148363/DRR148363_1.fastq.gz	https://ftp.sra.ebi.ac.uk/vol1/fastq/DRR148/DRR148363/DRR148363_2.fastq.gz	SAMD00126600	1049404	u
DRR148367	PAIRED	https://ftp.sra.ebi.ac.uk/vol1/fastq/DRR148/DRR148367/DRR148367_1.fastq.gz	https://ftp.sra.ebi.ac.uk/vol1/fastq/DRR148/DRR148367/DRR148367_2.fastq.gz	SAMD00126604	1196720	u
DRR385906	PAIRED	https://ftp.sra.ebi.ac.uk/vol1/fastq/DRR385/DRR385906/DRR385906_1.fastq.gz	https://ftp.sra.ebi.ac.uk/vol1/fastq/DRR385/DRR385906/DRR385906_2.fastq.gz	SAMD00497402	1263032	u
DRR385957	PAIRED	https://ftp.sra.ebi.ac.uk/vol1/fastq/DRR385/DRR385957/DRR385957_1.fastq.gz	https://ftp.sra.ebi.ac.uk/vol1/fastq/DRR385/DRR385957/DRR385957_2.fastq.gz	SAMD00497453	1275336	u
DRR385966	PAIRED	https://ftp.sra.ebi.ac.uk/vol1/fastq/DRR385/DRR385966/DRR385966_1.fastq.gz	https://ftp.sra.ebi.ac.uk/vol1/fastq/DRR385/DRR385966/DRR385966_2.fastq.gz	SAMD00497462	780444	u
DRR385972	PAIRED	https://ftp.sra.ebi.ac.uk/vol1/fastq/DRR385/DRR385972/DRR385972_1.fastq.gz	https://ftp.sra.ebi.ac.uk/vol1/fastq/DRR385/DRR385972/DRR385972_2.fastq.gz	SAMD00497468	1195962	u
DRR385973	PAIRED	https://ftp.sra.ebi.ac.uk/vol1/fastq/DRR385/DRR385973/DRR385973_1.fastq.gz	https://ftp.sra.ebi.ac.uk/vol1/fastq/DRR385/DRR385973/DRR385973_2.fastq.gz	SAMD00497469	1807541	u
DRR385992	PAIRED	https://ftp.sra.ebi.ac.uk/vol1/fastq/DRR385/DRR385992/DRR385992_1.fastq.gz	https://ftp.sra.ebi.ac.uk/vol1/fastq/DRR385/DRR385992/DRR385992_2.fastq.gz	SAMD00497488	990189	u
DRR386014	PAIRED	https://ftp.sra.ebi.ac.uk/vol1/fastq/DRR386/DRR386014/DRR386014_1.fastq.gz	https://ftp.sra.ebi.ac.uk/vol1/fastq/DRR386/DRR386014/DRR386014_2.fastq.gz	SAMD00497510	1343568	u
DRR386018	PAIRED	https://ftp.sra.ebi.ac.uk/vol1/fastq/DRR386/DRR386018/DRR386018_1.fastq.gz	https://ftp.sra.ebi.ac.uk/vol1/fastq/DRR386/DRR386018/DRR386018_2.fastq.gz	SAMD00497514	1216280	u
DRR386030	PAIRED	https://ftp.sra.ebi.ac.uk/vol1/fastq/DRR386/DRR386030/DRR386030_1.fastq.gz	https://ftp.sra.ebi.ac.uk/vol1/fastq/DRR386/DRR386030/DRR386030_2.fastq.gz	SAMD00497526	1003386	u
DRR386034	PAIRED	https://ftp.sra.ebi.ac.uk/vol1/fastq/DRR386/DRR386034/DRR386034_1.fastq.gz	https://ftp.sra.ebi.ac.uk/vol1/fastq/DRR386/DRR386034/DRR386034_2.fastq.gz	SAMD00497530	1162192	u
DRR386038	PAIRED	https://ftp.sra.ebi.ac.uk/vol1/fastq/DRR386/DRR386038/DRR386038_1.fastq.gz	https://ftp.sra.ebi.ac.uk/vol1/fastq/DRR386/DRR386038/DRR386038_2.fastq.gz	SAMD00497534	945048	u
DRR386075	PAIRED	https://ftp.sra.ebi.ac.uk/vol1/fastq/DRR386/DRR386075/DRR386075_1.fastq.gz	https://ftp.sra.ebi.ac.uk/vol1/fastq/DRR386/DRR386075/DRR386075_2.fastq.gz	SAMD00497571	671539	u
DRR386087	PAIRED	https://ftp.sra.ebi.ac.uk/vol1/fastq/DRR386/DRR386087/DRR386087_1.fastq.gz	https://ftp.sra.ebi.ac.uk/vol1/fastq/DRR386/DRR386087/DRR386087_2.fastq.gz	SAMD00497583	2028832	u
DRR386109	PAIRED	https://ftp.sra.ebi.ac.uk/vol1/fastq/DRR386/DRR386109/DRR386109_1.fastq.gz	https://ftp.sra.ebi.ac.uk/vol1/fastq/DRR386/DRR386109/DRR386109_2.fastq.gz	SAMD00497605	1780999	u
DRR386117	PAIRED	https://ftp.sra.ebi.ac.uk/vol1/fastq/DRR386/DRR386117/DRR386117_1.fastq.gz	https://ftp.sra.ebi.ac.uk/vol1/fastq/DRR386/DRR386117/DRR386117_2.fastq.gz	SAMD00497613	1861160	u
DRR386134	PAIRED	https://ftp.sra.ebi.ac.uk/vol1/fastq/DRR386/DRR386134/DRR386134_1.fastq.gz	https://ftp.sra.ebi.ac.uk/vol1/fastq/DRR386/DRR386134/DRR386134_2.fastq.gz	SAMD00497630	1375712	u
DRR386142	PAIRED	https://ftp.sra.ebi.ac.uk/vol1/fastq/DRR386/DRR386142/DRR386142_1.fastq.gz	https://ftp.sra.ebi.ac.uk/vol1/fastq/DRR386/DRR386142/DRR386142_2.fastq.gz	SAMD00497638	1468314	u
DRR386165	PAIRED	https://ftp.sra.ebi.ac.uk/vol1/fastq/DRR386/DRR386165/DRR386165_1.fastq.gz	https://ftp.sra.ebi.ac.uk/vol1/fastq/DRR386/DRR386165/DRR386165_2.fastq.gz	SAMD00497661	1286007	u
DRR386167	PAIRED	https://ftp.sra.ebi.ac.uk/vol1/fastq/DRR386/DRR386167/DRR386167_1.fastq.gz	https://ftp.sra.ebi.ac.uk/vol1/fastq/DRR386/DRR386167/DRR386167_2.fastq.gz	SAMD00497663	945109	u
DRR386169	PAIRED	https://ftp.sra.ebi.ac.uk/vol1/fastq/DRR386/DRR386169/DRR386169_1.fastq.gz	https://ftp.sra.ebi.ac.uk/vol1/fastq/DRR386/DRR386169/DRR386169_2.fastq.gz	SAMD00497665	1103940	u
DRR386174	PAIRED	https://ftp.sra.ebi.ac.uk/vol1/fastq/DRR386/DRR386174/DRR386174_1.fastq.gz	https://ftp.sra.ebi.ac.uk/vol1/fastq/DRR386/DRR386174/DRR386174_2.fastq.gz	SAMD00497670	960710	u
DRR386183	PAIRED	https://ftp.sra.ebi.ac.uk/vol1/fastq/DRR386/DRR386183/DRR386183_1.fastq.gz	https://ftp.sra.ebi.ac.uk/vol1/fastq/DRR386/DRR386183/DRR386183_2.fastq.gz	SAMD00497679	817673	u
DRR386190	PAIRED	https://ftp.sra.ebi.ac.uk/vol1/fastq/DRR386/DRR386190/DRR386190_1.fastq.gz	https://ftp.sra.ebi.ac.uk/vol1/fastq/DRR386/DRR386190/DRR386190_2.fastq.gz	SAMD00497686	1060868	u
DRR386195	PAIRED	https://ftp.sra.ebi.ac.uk/vol1/fastq/DRR386/DRR386195/DRR386195_1.fastq.gz	https://ftp.sra.ebi.ac.uk/vol1/fastq/DRR386/DRR386195/DRR386195_2.fastq.gz	SAMD00497691	1407030	u
DRR386206	PAIRED	https://ftp.sra.ebi.ac.uk/vol1/fastq/DRR386/DRR386206/DRR386206_1.fastq.gz	https://ftp.sra.ebi.ac.uk/vol1/fastq/DRR386/DRR386206/DRR386206_2.fastq.gz	SAMD00497702	1160276	u
DRR386208	PAIRED	https://ftp.sra.ebi.ac.uk/vol1/fastq/DRR386/DRR386208/DRR386208_1.fastq.gz	https://ftp.sra.ebi.ac.uk/vol1/fastq/DRR386/DRR386208/DRR386208_2.fastq.gz	SAMD00497704	1463790	u
DRR386216	PAIRED	https://ftp.sra.ebi.ac.uk/vol1/fastq/DRR386/DRR386216/DRR386216_1.fastq.gz	https://ftp.sra.ebi.ac.uk/vol1/fastq/DRR386/DRR386216/DRR386216_2.fastq.gz	SAMD00497712	1405653	u
DRR386247	PAIRED	https://ftp.sra.ebi.ac.uk/vol1/fastq/DRR386/DRR386247/DRR386247_1.fastq.gz	https://ftp.sra.ebi.ac.uk/vol1/fastq/DRR386/DRR386247/DRR386247_2.fastq.gz	SAMD00497743	1394380	u
DRR386285	PAIRED	https://ftp.sra.ebi.ac.uk/vol1/fastq/DRR386/DRR386285/DRR386285_1.fastq.gz	https://ftp.sra.ebi.ac.uk/vol1/fastq/DRR386/DRR386285/DRR386285_2.fastq.gz	SAMD00497781	1453175	u
DRR386312	PAIRED	https://ftp.sra.ebi.ac.uk/vol1/fastq/DRR386/DRR386312/DRR386312_1.fastq.gz	https://ftp.sra.ebi.ac.uk/vol1/fastq/DRR386/DRR386312/DRR386312_2.fastq.gz	SAMD00497808	1347942	u
DRR386330	PAIRED	https://ftp.sra.ebi.ac.uk/vol1/fastq/DRR386/DRR386330/DRR386330_1.fastq.gz	https://ftp.sra.ebi.ac.uk/vol1/fastq/DRR386/DRR386330/DRR386330_2.fastq.gz	SAMD00497826	1482704	u
DRR386378	PAIRED	https://ftp.sra.ebi.ac.uk/vol1/fastq/DRR386/DRR386378/DRR386378_1.fastq.gz	https://ftp.sra.ebi.ac.uk/vol1/fastq/DRR386/DRR386378/DRR386378_2.fastq.gz	SAMD00497874	860156	u
DRR386420	PAIRED	https://ftp.sra.ebi.ac.uk/vol1/fastq/DRR386/DRR386420/DRR386420_1.fastq.gz	https://ftp.sra.ebi.ac.uk/vol1/fastq/DRR386/DRR386420/DRR386420_2.fastq.gz	SAMD00497916	910948	u
DRR386429	PAIRED	https://ftp.sra.ebi.ac.uk/vol1/fastq/DRR386/DRR386429/DRR386429_1.fastq.gz	https://ftp.sra.ebi.ac.uk/vol1/fastq/DRR386/DRR386429/DRR386429_2.fastq.gz	SAMD00497925	870568	u
DRR386461	PAIRED	https://ftp.sra.ebi.ac.uk/vol1/fastq/DRR386/DRR386461/DRR386461_1.fastq.gz	https://ftp.sra.ebi.ac.uk/vol1/fastq/DRR386/DRR386461/DRR386461_2.fastq.gz	SAMD00497957	1296702	u
DRR386463	PAIRED	https://ftp.sra.ebi.ac.uk/vol1/fastq/DRR386/DRR386463/DRR386463_1.fastq.gz	https://ftp.sra.ebi.ac.uk/vol1/fastq/DRR386/DRR386463/DRR386463_2.fastq.gz	SAMD00497959	1000682	u
DRR386474	PAIRED	https://ftp.sra.ebi.ac.uk/vol1/fastq/DRR386/DRR386474/DRR386474_1.fastq.gz	https://ftp.sra.ebi.ac.uk/vol1/fastq/DRR386/DRR386474/DRR386474_2.fastq.gz	SAMD00497970	1260938	u
DRR386485	PAIRED	https://ftp.sra.ebi.ac.uk/vol1/fastq/DRR386/DRR386485/DRR386485_1.fastq.gz	https://ftp.sra.ebi.ac.uk/vol1/fastq/DRR386/DRR386485/DRR386485_2.fastq.gz	SAMD00497981	1292315	u
DRR386489	PAIRED	https://ftp.sra.ebi.ac.uk/vol1/fastq/DRR386/DRR386489/DRR386489_1.fastq.gz	https://ftp.sra.ebi.ac.uk/vol1/fastq/DRR386/DRR386489/DRR386489_2.fastq.gz	SAMD00497985	1410661	u
DRR386529	PAIRED	https://ftp.sra.ebi.ac.uk/vol1/fastq/DRR386/DRR386529/DRR386529_1.fastq.gz	https://ftp.sra.ebi.ac.uk/vol1/fastq/DRR386/DRR386529/DRR386529_2.fastq.gz	SAMD00498025	1116200	u
DRR386586	PAIRED	https://ftp.sra.ebi.ac.uk/vol1/fastq/DRR386/DRR386586/DRR386586_1.fastq.gz	https://ftp.sra.ebi.ac.uk/vol1/fastq/DRR386/DRR386586/DRR386586_2.fastq.gz	SAMD00498082	867891	u
DRR386603	PAIRED	https://ftp.sra.ebi.ac.uk/vol1/fastq/DRR386/DRR386603/DRR386603_1.fastq.gz	https://ftp.sra.ebi.ac.uk/vol1/fastq/DRR386/DRR386603/DRR386603_2.fastq.gz	SAMD00498099	2964280	u
DRR386607	PAIRED	https://ftp.sra.ebi.ac.uk/vol1/fastq/DRR386/DRR386607/DRR386607_1.fastq.gz	https://ftp.sra.ebi.ac.uk/vol1/fastq/DRR386/DRR386607/DRR386607_2.fastq.gz	SAMD00498103	663955	u
DRR386612	PAIRED	https://ftp.sra.ebi.ac.uk/vol1/fastq/DRR386/DRR386612/DRR386612_1.fastq.gz	https://ftp.sra.ebi.ac.uk/vol1/fastq/DRR386/DRR386612/DRR386612_2.fastq.gz	SAMD00498108	761267	u
DRR386648	PAIRED	https://ftp.sra.ebi.ac.uk/vol1/fastq/DRR386/DRR386648/DRR386648_1.fastq.gz	https://ftp.sra.ebi.ac.uk/vol1/fastq/DRR386/DRR386648/DRR386648_2.fastq.gz	SAMD00498144	1081914	u
DRR386653	PAIRED	https://ftp.sra.ebi.ac.uk/vol1/fastq/DRR386/DRR386653/DRR386653_1.fastq.gz	https://ftp.sra.ebi.ac.uk/vol1/fastq/DRR386/DRR386653/DRR386653_2.fastq.gz	SAMD00498149	827802	u
DRR386689	PAIRED	https://ftp.sra.ebi.ac.uk/vol1/fastq/DRR386/DRR386689/DRR386689_1.fastq.gz	https://ftp.sra.ebi.ac.uk/vol1/fastq/DRR386/DRR386689/DRR386689_2.fastq.gz	SAMD00498185	760730	u
DRR386695	PAIRED	https://ftp.sra.ebi.ac.uk/vol1/fastq/DRR386/DRR386695/DRR386695_1.fastq.gz	https://ftp.sra.ebi.ac.uk/vol1/fastq/DRR386/DRR386695/DRR386695_2.fastq.gz	SAMD00498191	1489635	u
DRR386696	PAIRED	https://ftp.sra.ebi.ac.uk/vol1/fastq/DRR386/DRR386696/DRR386696_1.fastq.gz	https://ftp.sra.ebi.ac.uk/vol1/fastq/DRR386/DRR386696/DRR386696_2.fastq.gz	SAMD00498192	1643329	u
DRR386702	PAIRED	https://ftp.sra.ebi.ac.uk/vol1/fastq/DRR386/DRR386702/DRR386702_1.fastq.gz	https://ftp.sra.ebi.ac.uk/vol1/fastq/DRR386/DRR386702/DRR386702_2.fastq.gz	SAMD00498198	804676	u
DRR386736	PAIRED	https://ftp.sra.ebi.ac.uk/vol1/fastq/DRR386/DRR386736/DRR386736_1.fastq.gz	https://ftp.sra.ebi.ac.uk/vol1/fastq/DRR386/DRR386736/DRR386736_2.fastq.gz	SAMD00498232	965430	u
DRR386737	PAIRED	https://ftp.sra.ebi.ac.uk/vol1/fastq/DRR386/DRR386737/DRR386737_1.fastq.gz	https://ftp.sra.ebi.ac.uk/vol1/fastq/DRR386/DRR386737/DRR386737_2.fastq.gz	SAMD00498233	1085072	u
DRR386753	PAIRED	https://ftp.sra.ebi.ac.uk/vol1/fastq/DRR386/DRR386753/DRR386753_1.fastq.gz	https://ftp.sra.ebi.ac.uk/vol1/fastq/DRR386/DRR386753/DRR386753_2.fastq.gz	SAMD00498249	756877	u
DRR386754	PAIRED	https://ftp.sra.ebi.ac.uk/vol1/fastq/DRR386/DRR386754/DRR386754_1.fastq.gz	https://ftp.sra.ebi.ac.uk/vol1/fastq/DRR386/DRR386754/DRR386754_2.fastq.gz	SAMD00498250	907846	u
DRR386758	PAIRED	https://ftp.sra.ebi.ac.uk/vol1/fastq/DRR386/DRR386758/DRR386758_1.fastq.gz	https://ftp.sra.ebi.ac.uk/vol1/fastq/DRR386/DRR386758/DRR386758_2.fastq.gz	SAMD00498254	2823168	u
DRR386759	PAIRED	https://ftp.sra.ebi.ac.uk/vol1/fastq/DRR386/DRR386759/DRR386759_1.fastq.gz	https://ftp.sra.ebi.ac.uk/vol1/fastq/DRR386/DRR386759/DRR386759_2.fastq.gz	SAMD00498255	1853511	u
DRR386768	PAIRED	https://ftp.sra.ebi.ac.uk/vol1/fastq/DRR386/DRR386768/DRR386768_1.fastq.gz	https://ftp.sra.ebi.ac.uk/vol1/fastq/DRR386/DRR386768/DRR386768_2.fastq.gz	SAMD00498264	1385295	u
DRR386798	PAIRED	https://ftp.sra.ebi.ac.uk/vol1/fastq/DRR386/DRR386798/DRR386798_1.fastq.gz	https://ftp.sra.ebi.ac.uk/vol1/fastq/DRR386/DRR386798/DRR386798_2.fastq.gz	SAMD00498294	1389116	u
DRR386799	PAIRED	https://ftp.sra.ebi.ac.uk/vol1/fastq/DRR386/DRR386799/DRR386799_1.fastq.gz	https://ftp.sra.ebi.ac.uk/vol1/fastq/DRR386/DRR386799/DRR386799_2.fastq.gz	SAMD00498295	1561655	u
DRR386808	PAIRED	https://ftp.sra.ebi.ac.uk/vol1/fastq/DRR386/DRR386808/DRR386808_1.fastq.gz	https://ftp.sra.ebi.ac.uk/vol1/fastq/DRR386/DRR386808/DRR386808_2.fastq.gz	SAMD00498304	1530733	u
DRR386818	PAIRED	https://ftp.sra.ebi.ac.uk/vol1/fastq/DRR386/DRR386818/DRR386818_1.fastq.gz	https://ftp.sra.ebi.ac.uk/vol1/fastq/DRR386/DRR386818/DRR386818_2.fastq.gz	SAMD00498314	1151287	u
DRR386839	PAIRED	https://ftp.sra.ebi.ac.uk/vol1/fastq/DRR386/DRR386839/DRR386839_1.fastq.gz	https://ftp.sra.ebi.ac.uk/vol1/fastq/DRR386/DRR386839/DRR386839_2.fastq.gz	SAMD00498335	1057637	u
DRR386840	PAIRED	https://ftp.sra.ebi.ac.uk/vol1/fastq/DRR386/DRR386840/DRR386840_1.fastq.gz	https://ftp.sra.ebi.ac.uk/vol1/fastq/DRR386/DRR386840/DRR386840_2.fastq.gz	SAMD00498336	1078372	u
DRR386844	PAIRED	https://ftp.sra.ebi.ac.uk/vol1/fastq/DRR386/DRR386844/DRR386844_1.fastq.gz	https://ftp.sra.ebi.ac.uk/vol1/fastq/DRR386/DRR386844/DRR386844_2.fastq.gz	SAMD00498340	1326255	u
DRR386848	PAIRED	https://ftp.sra.ebi.ac.uk/vol1/fastq/DRR386/DRR386848/DRR386848_1.fastq.gz	https://ftp.sra.ebi.ac.uk/vol1/fastq/DRR386/DRR386848/DRR386848_2.fastq.gz	SAMD00498344	1073922	u
DRR386862	PAIRED	https://ftp.sra.ebi.ac.uk/vol1/fastq/DRR386/DRR386862/DRR386862_1.fastq.gz	https://ftp.sra.ebi.ac.uk/vol1/fastq/DRR386/DRR386862/DRR386862_2.fastq.gz	SAMD00498358	1413455	u
DRR386879	PAIRED	https://ftp.sra.ebi.ac.uk/vol1/fastq/DRR386/DRR386879/DRR386879_1.fastq.gz	https://ftp.sra.ebi.ac.uk/vol1/fastq/DRR386/DRR386879/DRR386879_2.fastq.gz	SAMD00498375	1038755	u
DRR386881	PAIRED	https://ftp.sra.ebi.ac.uk/vol1/fastq/DRR386/DRR386881/DRR386881_1.fastq.gz	https://ftp.sra.ebi.ac.uk/vol1/fastq/DRR386/DRR386881/DRR386881_2.fastq.gz	SAMD00498377	1097169	u
DRR386882	PAIRED	https://ftp.sra.ebi.ac.uk/vol1/fastq/DRR386/DRR386882/DRR386882_1.fastq.gz	https://ftp.sra.ebi.ac.uk/vol1/fastq/DRR386/DRR386882/DRR386882_2.fastq.gz	SAMD00498378	957157	u
DRR386909	PAIRED	https://ftp.sra.ebi.ac.uk/vol1/fastq/DRR386/DRR386909/DRR386909_1.fastq.gz	https://ftp.sra.ebi.ac.uk/vol1/fastq/DRR386/DRR386909/DRR386909_2.fastq.gz	SAMD00498405	2333797	u
DRR386912	PAIRED	https://ftp.sra.ebi.ac.uk/vol1/fastq/DRR386/DRR386912/DRR386912_1.fastq.gz	https://ftp.sra.ebi.ac.uk/vol1/fastq/DRR386/DRR386912/DRR386912_2.fastq.gz	SAMD00498408	1002209	u
DRR387051	PAIRED	https://ftp.sra.ebi.ac.uk/vol1/fastq/DRR387/DRR387051/DRR387051_1.fastq.gz	https://ftp.sra.ebi.ac.uk/vol1/fastq/DRR387/DRR387051/DRR387051_2.fastq.gz	SAMD00498547	1139600	u
DRR387070	PAIRED	https://ftp.sra.ebi.ac.uk/vol1/fastq/DRR387/DRR387070/DRR387070_1.fastq.gz	https://ftp.sra.ebi.ac.uk/vol1/fastq/DRR387/DRR387070/DRR387070_2.fastq.gz	SAMD00498566	1153584	u
DRR387095	PAIRED	https://ftp.sra.ebi.ac.uk/vol1/fastq/DRR387/DRR387095/DRR387095_1.fastq.gz	https://ftp.sra.ebi.ac.uk/vol1/fastq/DRR387/DRR387095/DRR387095_2.fastq.gz	SAMD00498591	1095458	u
DRR387127	PAIRED	https://ftp.sra.ebi.ac.uk/vol1/fastq/DRR387/DRR387127/DRR387127_1.fastq.gz	https://ftp.sra.ebi.ac.uk/vol1/fastq/DRR387/DRR387127/DRR387127_2.fastq.gz	SAMD00498623	1033820	u
DRR387162	PAIRED	https://ftp.sra.ebi.ac.uk/vol1/fastq/DRR387/DRR387162/DRR387162_1.fastq.gz	https://ftp.sra.ebi.ac.uk/vol1/fastq/DRR387/DRR387162/DRR387162_2.fastq.gz	SAMD00498658	1751412	u
DRR387178	PAIRED	https://ftp.sra.ebi.ac.uk/vol1/fastq/DRR387/DRR387178/DRR387178_1.fastq.gz	https://ftp.sra.ebi.ac.uk/vol1/fastq/DRR387/DRR387178/DRR387178_2.fastq.gz	SAMD00498674	1022800	u
DRR387208	PAIRED	https://ftp.sra.ebi.ac.uk/vol1/fastq/DRR387/DRR387208/DRR387208_1.fastq.gz	https://ftp.sra.ebi.ac.uk/vol1/fastq/DRR387/DRR387208/DRR387208_2.fastq.gz	SAMD00498704	1482682	u
DRR387214	PAIRED	https://ftp.sra.ebi.ac.uk/vol1/fastq/DRR387/DRR387214/DRR387214_1.fastq.gz	https://ftp.sra.ebi.ac.uk/vol1/fastq/DRR387/DRR387214/DRR387214_2.fastq.gz	SAMD00498710	1284493	u
DRR387219	PAIRED	https://ftp.sra.ebi.ac.uk/vol1/fastq/DRR387/DRR387219/DRR387219_1.fastq.gz	https://ftp.sra.ebi.ac.uk/vol1/fastq/DRR387/DRR387219/DRR387219_2.fastq.gz	SAMD00498715	1863406	u
DRR387254	PAIRED	https://ftp.sra.ebi.ac.uk/vol1/fastq/DRR387/DRR387254/DRR387254_1.fastq.gz	https://ftp.sra.ebi.ac.uk/vol1/fastq/DRR387/DRR387254/DRR387254_2.fastq.gz	SAMD00498750	1386430	u
DRR387288	PAIRED	https://ftp.sra.ebi.ac.uk/vol1/fastq/DRR387/DRR387288/DRR387288_1.fastq.gz	https://ftp.sra.ebi.ac.uk/vol1/fastq/DRR387/DRR387288/DRR387288_2.fastq.gz	SAMD00498784	2279068	u
DRR387298	PAIRED	https://ftp.sra.ebi.ac.uk/vol1/fastq/DRR387/DRR387298/DRR387298_1.fastq.gz	https://ftp.sra.ebi.ac.uk/vol1/fastq/DRR387/DRR387298/DRR387298_2.fastq.gz	SAMD00498794	2012618	u
DRR387299	PAIRED	https://ftp.sra.ebi.ac.uk/vol1/fastq/DRR387/DRR387299/DRR387299_1.fastq.gz	https://ftp.sra.ebi.ac.uk/vol1/fastq/DRR387/DRR387299/DRR387299_2.fastq.gz	SAMD00498795	1525122	u
DRR387300	PAIRED	https://ftp.sra.ebi.ac.uk/vol1/fastq/DRR387/DRR387300/DRR387300_1.fastq.gz	https://ftp.sra.ebi.ac.uk/vol1/fastq/DRR387/DRR387300/DRR387300_2.fastq.gz	SAMD00498796	1146939	u
DRR387301	PAIRED	https://ftp.sra.ebi.ac.uk/vol1/fastq/DRR387/DRR387301/DRR387301_1.fastq.gz	https://ftp.sra.ebi.ac.uk/vol1/fastq/DRR387/DRR387301/DRR387301_2.fastq.gz	SAMD00498797	1565766	u
DRR387324	PAIRED	https://ftp.sra.ebi.ac.uk/vol1/fastq/DRR387/DRR387324/DRR387324_1.fastq.gz	https://ftp.sra.ebi.ac.uk/vol1/fastq/DRR387/DRR387324/DRR387324_2.fastq.gz	SAMD00498820	1061526	u
DRR387339	PAIRED	https://ftp.sra.ebi.ac.uk/vol1/fastq/DRR387/DRR387339/DRR387339_1.fastq.gz	https://ftp.sra.ebi.ac.uk/vol1/fastq/DRR387/DRR387339/DRR387339_2.fastq.gz	SAMD00498835	863605	u
DRR387342	PAIRED	https://ftp.sra.ebi.ac.uk/vol1/fastq/DRR387/DRR387342/DRR387342_1.fastq.gz	https://ftp.sra.ebi.ac.uk/vol1/fastq/DRR387/DRR387342/DRR387342_2.fastq.gz	SAMD00498838	703811	u
DRR387355	PAIRED	https://ftp.sra.ebi.ac.uk/vol1/fastq/DRR387/DRR387355/DRR387355_1.fastq.gz	https://ftp.sra.ebi.ac.uk/vol1/fastq/DRR387/DRR387355/DRR387355_2.fastq.gz	SAMD00498851	822653	u
DRR387357	PAIRED	https://ftp.sra.ebi.ac.uk/vol1/fastq/DRR387/DRR387357/DRR387357_1.fastq.gz	https://ftp.sra.ebi.ac.uk/vol1/fastq/DRR387/DRR387357/DRR387357_2.fastq.gz	SAMD00498853	868922	u
DRR387391	PAIRED	https://ftp.sra.ebi.ac.uk/vol1/fastq/DRR387/DRR387391/DRR387391_1.fastq.gz	https://ftp.sra.ebi.ac.uk/vol1/fastq/DRR387/DRR387391/DRR387391_2.fastq.gz	SAMD00498887	1760585	u
DRR387430	PAIRED	https://ftp.sra.ebi.ac.uk/vol1/fastq/DRR387/DRR387430/DRR387430_1.fastq.gz	https://ftp.sra.ebi.ac.uk/vol1/fastq/DRR387/DRR387430/DRR387430_2.fastq.gz	SAMD00498926	1158266	u
DRR387433	PAIRED	https://ftp.sra.ebi.ac.uk/vol1/fastq/DRR387/DRR387433/DRR387433_1.fastq.gz	https://ftp.sra.ebi.ac.uk/vol1/fastq/DRR387/DRR387433/DRR387433_2.fastq.gz	SAMD00498929	1276900	u
DRR387449	PAIRED	https://ftp.sra.ebi.ac.uk/vol1/fastq/DRR387/DRR387449/DRR387449_1.fastq.gz	https://ftp.sra.ebi.ac.uk/vol1/fastq/DRR387/DRR387449/DRR387449_2.fastq.gz	SAMD00498945	702534	u
DRR387456	PAIRED	https://ftp.sra.ebi.ac.uk/vol1/fastq/DRR387/DRR387456/DRR387456_1.fastq.gz	https://ftp.sra.ebi.ac.uk/vol1/fastq/DRR387/DRR387456/DRR387456_2.fastq.gz	SAMD00498952	1155923	u
DRR387471	PAIRED	https://ftp.sra.ebi.ac.uk/vol1/fastq/DRR387/DRR387471/DRR387471_1.fastq.gz	https://ftp.sra.ebi.ac.uk/vol1/fastq/DRR387/DRR387471/DRR387471_2.fastq.gz	SAMD00498967	880537	u
DRR387483	PAIRED	https://ftp.sra.ebi.ac.uk/vol1/fastq/DRR387/DRR387483/DRR387483_1.fastq.gz	https://ftp.sra.ebi.ac.uk/vol1/fastq/DRR387/DRR387483/DRR387483_2.fastq.gz	SAMD00498979	1111945	u
DRR387488	PAIRED	https://ftp.sra.ebi.ac.uk/vol1/fastq/DRR387/DRR387488/DRR387488_1.fastq.gz	https://ftp.sra.ebi.ac.uk/vol1/fastq/DRR387/DRR387488/DRR387488_2.fastq.gz	SAMD00498984	890374	u
DRR387517	PAIRED	https://ftp.sra.ebi.ac.uk/vol1/fastq/DRR387/DRR387517/DRR387517_1.fastq.gz	https://ftp.sra.ebi.ac.uk/vol1/fastq/DRR387/DRR387517/DRR387517_2.fastq.gz	SAMD00499013	1283867	u
DRR387542	PAIRED	https://ftp.sra.ebi.ac.uk/vol1/fastq/DRR387/DRR387542/DRR387542_1.fastq.gz	https://ftp.sra.ebi.ac.uk/vol1/fastq/DRR387/DRR387542/DRR387542_2.fastq.gz	SAMD00499038	841378	u
DRR387545	PAIRED	https://ftp.sra.ebi.ac.uk/vol1/fastq/DRR387/DRR387545/DRR387545_1.fastq.gz	https://ftp.sra.ebi.ac.uk/vol1/fastq/DRR387/DRR387545/DRR387545_2.fastq.gz	SAMD00499041	1201185	u
DRR387549	PAIRED	https://ftp.sra.ebi.ac.uk/vol1/fastq/DRR387/DRR387549/DRR387549_1.fastq.gz	https://ftp.sra.ebi.ac.uk/vol1/fastq/DRR387/DRR387549/DRR387549_2.fastq.gz	SAMD00499045	920928	u
DRR387557	PAIRED	https://ftp.sra.ebi.ac.uk/vol1/fastq/DRR387/DRR387557/DRR387557_1.fastq.gz	https://ftp.sra.ebi.ac.uk/vol1/fastq/DRR387/DRR387557/DRR387557_2.fastq.gz	SAMD00499053	1676602	u
DRR387566	PAIRED	https://ftp.sra.ebi.ac.uk/vol1/fastq/DRR387/DRR387566/DRR387566_1.fastq.gz	https://ftp.sra.ebi.ac.uk/vol1/fastq/DRR387/DRR387566/DRR387566_2.fastq.gz	SAMD00499062	1173147	u
DRR387570	PAIRED	https://ftp.sra.ebi.ac.uk/vol1/fastq/DRR387/DRR387570/DRR387570_1.fastq.gz	https://ftp.sra.ebi.ac.uk/vol1/fastq/DRR387/DRR387570/DRR387570_2.fastq.gz	SAMD00499066	3168388	u
DRR387609	PAIRED	https://ftp.sra.ebi.ac.uk/vol1/fastq/DRR387/DRR387609/DRR387609_1.fastq.gz	https://ftp.sra.ebi.ac.uk/vol1/fastq/DRR387/DRR387609/DRR387609_2.fastq.gz	SAMD00499105	1100717	u
DRR387613	PAIRED	https://ftp.sra.ebi.ac.uk/vol1/fastq/DRR387/DRR387613/DRR387613_1.fastq.gz	https://ftp.sra.ebi.ac.uk/vol1/fastq/DRR387/DRR387613/DRR387613_2.fastq.gz	SAMD00499109	908092	u
DRR387639	PAIRED	https://ftp.sra.ebi.ac.uk/vol1/fastq/DRR387/DRR387639/DRR387639_1.fastq.gz	https://ftp.sra.ebi.ac.uk/vol1/fastq/DRR387/DRR387639/DRR387639_2.fastq.gz	SAMD00499135	1213320	u
DRR387649	PAIRED	https://ftp.sra.ebi.ac.uk/vol1/fastq/DRR387/DRR387649/DRR387649_1.fastq.gz	https://ftp.sra.ebi.ac.uk/vol1/fastq/DRR387/DRR387649/DRR387649_2.fastq.gz	SAMD00499145	1240031	u
DRR387681	PAIRED	https://ftp.sra.ebi.ac.uk/vol1/fastq/DRR387/DRR387681/DRR387681_1.fastq.gz	https://ftp.sra.ebi.ac.uk/vol1/fastq/DRR387/DRR387681/DRR387681_2.fastq.gz	SAMD00499177	1411614	u
DRR387686	PAIRED	https://ftp.sra.ebi.ac.uk/vol1/fastq/DRR387/DRR387686/DRR387686_1.fastq.gz	https://ftp.sra.ebi.ac.uk/vol1/fastq/DRR387/DRR387686/DRR387686_2.fastq.gz	SAMD00499182	1156801	u
DRR387703	PAIRED	https://ftp.sra.ebi.ac.uk/vol1/fastq/DRR387/DRR387703/DRR387703_1.fastq.gz	https://ftp.sra.ebi.ac.uk/vol1/fastq/DRR387/DRR387703/DRR387703_2.fastq.gz	SAMD00499199	1196344	u
DRR387709	PAIRED	https://ftp.sra.ebi.ac.uk/vol1/fastq/DRR387/DRR387709/DRR387709_1.fastq.gz	https://ftp.sra.ebi.ac.uk/vol1/fastq/DRR387/DRR387709/DRR387709_2.fastq.gz	SAMD00499205	1044237	u
DRR387733	PAIRED	https://ftp.sra.ebi.ac.uk/vol1/fastq/DRR387/DRR387733/DRR387733_1.fastq.gz	https://ftp.sra.ebi.ac.uk/vol1/fastq/DRR387/DRR387733/DRR387733_2.fastq.gz	SAMD00499229	1293424	u
DRR387735	PAIRED	https://ftp.sra.ebi.ac.uk/vol1/fastq/DRR387/DRR387735/DRR387735_1.fastq.gz	https://ftp.sra.ebi.ac.uk/vol1/fastq/DRR387/DRR387735/DRR387735_2.fastq.gz	SAMD00499231	1478790	u
DRR387757	PAIRED	https://ftp.sra.ebi.ac.uk/vol1/fastq/DRR387/DRR387757/DRR387757_1.fastq.gz	https://ftp.sra.ebi.ac.uk/vol1/fastq/DRR387/DRR387757/DRR387757_2.fastq.gz	SAMD00499253	1332765	u
DRR387775	PAIRED	https://ftp.sra.ebi.ac.uk/vol1/fastq/DRR387/DRR387775/DRR387775_1.fastq.gz	https://ftp.sra.ebi.ac.uk/vol1/fastq/DRR387/DRR387775/DRR387775_2.fastq.gz	SAMD00499271	1002934	u
DRR387780	PAIRED	https://ftp.sra.ebi.ac.uk/vol1/fastq/DRR387/DRR387780/DRR387780_1.fastq.gz	https://ftp.sra.ebi.ac.uk/vol1/fastq/DRR387/DRR387780/DRR387780_2.fastq.gz	SAMD00499276	941129	u
DRR387799	PAIRED	https://ftp.sra.ebi.ac.uk/vol1/fastq/DRR387/DRR387799/DRR387799_1.fastq.gz	https://ftp.sra.ebi.ac.uk/vol1/fastq/DRR387/DRR387799/DRR387799_2.fastq.gz	SAMD00499295	883626	u
DRR387800	PAIRED	https://ftp.sra.ebi.ac.uk/vol1/fastq/DRR387/DRR387800/DRR387800_1.fastq.gz	https://ftp.sra.ebi.ac.uk/vol1/fastq/DRR387/DRR387800/DRR387800_2.fastq.gz	SAMD00499296	1087206	u
DRR387821	PAIRED	https://ftp.sra.ebi.ac.uk/vol1/fastq/DRR387/DRR387821/DRR387821_1.fastq.gz	https://ftp.sra.ebi.ac.uk/vol1/fastq/DRR387/DRR387821/DRR387821_2.fastq.gz	SAMD00499317	833052	u
DRR387824	PAIRED	https://ftp.sra.ebi.ac.uk/vol1/fastq/DRR387/DRR387824/DRR387824_1.fastq.gz	https://ftp.sra.ebi.ac.uk/vol1/fastq/DRR387/DRR387824/DRR387824_2.fastq.gz	SAMD00499320	749904	u
DRR387827	PAIRED	https://ftp.sra.ebi.ac.uk/vol1/fastq/DRR387/DRR387827/DRR387827_1.fastq.gz	https://ftp.sra.ebi.ac.uk/vol1/fastq/DRR387/DRR387827/DRR387827_2.fastq.gz	SAMD00499323	890040	u
DRR387831	PAIRED	https://ftp.sra.ebi.ac.uk/vol1/fastq/DRR387/DRR387831/DRR387831_1.fastq.gz	https://ftp.sra.ebi.ac.uk/vol1/fastq/DRR387/DRR387831/DRR387831_2.fastq.gz	SAMD00499327	1287384	u
DRR387865	PAIRED	https://ftp.sra.ebi.ac.uk/vol1/fastq/DRR387/DRR387865/DRR387865_1.fastq.gz	https://ftp.sra.ebi.ac.uk/vol1/fastq/DRR387/DRR387865/DRR387865_2.fastq.gz	SAMD00499361	1070069	u
DRR387887	PAIRED	https://ftp.sra.ebi.ac.uk/vol1/fastq/DRR387/DRR387887/DRR387887_1.fastq.gz	https://ftp.sra.ebi.ac.uk/vol1/fastq/DRR387/DRR387887/DRR387887_2.fastq.gz	SAMD00499383	1018423	u
DRR387902	PAIRED	https://ftp.sra.ebi.ac.uk/vol1/fastq/DRR387/DRR387902/DRR387902_1.fastq.gz	https://ftp.sra.ebi.ac.uk/vol1/fastq/DRR387/DRR387902/DRR387902_2.fastq.gz	SAMD00499398	1605609	u
DRR387909	PAIRED	https://ftp.sra.ebi.ac.uk/vol1/fastq/DRR387/DRR387909/DRR387909_1.fastq.gz	https://ftp.sra.ebi.ac.uk/vol1/fastq/DRR387/DRR387909/DRR387909_2.fastq.gz	SAMD00499405	1450771	u
DRR387934	PAIRED	https://ftp.sra.ebi.ac.uk/vol1/fastq/DRR387/DRR387934/DRR387934_1.fastq.gz	https://ftp.sra.ebi.ac.uk/vol1/fastq/DRR387/DRR387934/DRR387934_2.fastq.gz	SAMD00499430	1386015	u
DRR387936	PAIRED	https://ftp.sra.ebi.ac.uk/vol1/fastq/DRR387/DRR387936/DRR387936_1.fastq.gz	https://ftp.sra.ebi.ac.uk/vol1/fastq/DRR387/DRR387936/DRR387936_2.fastq.gz	SAMD00499432	1380665	u
DRR387942	PAIRED	https://ftp.sra.ebi.ac.uk/vol1/fastq/DRR387/DRR387942/DRR387942_1.fastq.gz	https://ftp.sra.ebi.ac.uk/vol1/fastq/DRR387/DRR387942/DRR387942_2.fastq.gz	SAMD00499438	812262	u
DRR387963	PAIRED	https://ftp.sra.ebi.ac.uk/vol1/fastq/DRR387/DRR387963/DRR387963_1.fastq.gz	https://ftp.sra.ebi.ac.uk/vol1/fastq/DRR387/DRR387963/DRR387963_2.fastq.gz	SAMD00499459	901700	u
DRR387969	PAIRED	https://ftp.sra.ebi.ac.uk/vol1/fastq/DRR387/DRR387969/DRR387969_1.fastq.gz	https://ftp.sra.ebi.ac.uk/vol1/fastq/DRR387/DRR387969/DRR387969_2.fastq.gz	SAMD00499465	942321	u
DRR387974	PAIRED	https://ftp.sra.ebi.ac.uk/vol1/fastq/DRR387/DRR387974/DRR387974_1.fastq.gz	https://ftp.sra.ebi.ac.uk/vol1/fastq/DRR387/DRR387974/DRR387974_2.fastq.gz	SAMD00499470	760996	u
DRR387982	PAIRED	https://ftp.sra.ebi.ac.uk/vol1/fastq/DRR387/DRR387982/DRR387982_1.fastq.gz	https://ftp.sra.ebi.ac.uk/vol1/fastq/DRR387/DRR387982/DRR387982_2.fastq.gz	SAMD00499478	2070531	u
DRR388011	PAIRED	https://ftp.sra.ebi.ac.uk/vol1/fastq/DRR388/DRR388011/DRR388011_1.fastq.gz	https://ftp.sra.ebi.ac.uk/vol1/fastq/DRR388/DRR388011/DRR388011_2.fastq.gz	SAMD00499507	1116847	u
DRR388028	PAIRED	https://ftp.sra.ebi.ac.uk/vol1/fastq/DRR388/DRR388028/DRR388028_1.fastq.gz	https://ftp.sra.ebi.ac.uk/vol1/fastq/DRR388/DRR388028/DRR388028_2.fastq.gz	SAMD00499524	1014342	u
DRR388029	PAIRED	https://ftp.sra.ebi.ac.uk/vol1/fastq/DRR388/DRR388029/DRR388029_1.fastq.gz	https://ftp.sra.ebi.ac.uk/vol1/fastq/DRR388/DRR388029/DRR388029_2.fastq.gz	SAMD00499525	969831	u
DRR388046	PAIRED	https://ftp.sra.ebi.ac.uk/vol1/fastq/DRR388/DRR388046/DRR388046_1.fastq.gz	https://ftp.sra.ebi.ac.uk/vol1/fastq/DRR388/DRR388046/DRR388046_2.fastq.gz	SAMD00499542	1053443	u
DRR388089	PAIRED	https://ftp.sra.ebi.ac.uk/vol1/fastq/DRR388/DRR388089/DRR388089_1.fastq.gz	https://ftp.sra.ebi.ac.uk/vol1/fastq/DRR388/DRR388089/DRR388089_2.fastq.gz	SAMD00499585	2596879	u
DRR388142	PAIRED	https://ftp.sra.ebi.ac.uk/vol1/fastq/DRR388/DRR388142/DRR388142_1.fastq.gz	https://ftp.sra.ebi.ac.uk/vol1/fastq/DRR388/DRR388142/DRR388142_2.fastq.gz	SAMD00499638	1540243	u
DRR388155	PAIRED	https://ftp.sra.ebi.ac.uk/vol1/fastq/DRR388/DRR388155/DRR388155_1.fastq.gz	https://ftp.sra.ebi.ac.uk/vol1/fastq/DRR388/DRR388155/DRR388155_2.fastq.gz	SAMD00499651	1516079	u
DRR388170	PAIRED	https://ftp.sra.ebi.ac.uk/vol1/fastq/DRR388/DRR388170/DRR388170_1.fastq.gz	https://ftp.sra.ebi.ac.uk/vol1/fastq/DRR388/DRR388170/DRR388170_2.fastq.gz	SAMD00499666	935294	u
DRR388174	PAIRED	https://ftp.sra.ebi.ac.uk/vol1/fastq/DRR388/DRR388174/DRR388174_1.fastq.gz	https://ftp.sra.ebi.ac.uk/vol1/fastq/DRR388/DRR388174/DRR388174_2.fastq.gz	SAMD00499670	775778	u
DRR388184	PAIRED	https://ftp.sra.ebi.ac.uk/vol1/fastq/DRR388/DRR388184/DRR388184_1.fastq.gz	https://ftp.sra.ebi.ac.uk/vol1/fastq/DRR388/DRR388184/DRR388184_2.fastq.gz	SAMD00499680	1403228	u
DRR388241	PAIRED	https://ftp.sra.ebi.ac.uk/vol1/fastq/DRR388/DRR388241/DRR388241_1.fastq.gz	https://ftp.sra.ebi.ac.uk/vol1/fastq/DRR388/DRR388241/DRR388241_2.fastq.gz	SAMD00499737	1256547	u
DRR388261	PAIRED	https://ftp.sra.ebi.ac.uk/vol1/fastq/DRR388/DRR388261/DRR388261_1.fastq.gz	https://ftp.sra.ebi.ac.uk/vol1/fastq/DRR388/DRR388261/DRR388261_2.fastq.gz	SAMD00499757	1410257	u
DRR388283	PAIRED	https://ftp.sra.ebi.ac.uk/vol1/fastq/DRR388/DRR388283/DRR388283_1.fastq.gz	https://ftp.sra.ebi.ac.uk/vol1/fastq/DRR388/DRR388283/DRR388283_2.fastq.gz	SAMD00499779	1950468	u
DRR388289	PAIRED	https://ftp.sra.ebi.ac.uk/vol1/fastq/DRR388/DRR388289/DRR388289_1.fastq.gz	https://ftp.sra.ebi.ac.uk/vol1/fastq/DRR388/DRR388289/DRR388289_2.fastq.gz	SAMD00499785	1243499	u
DRR388290	PAIRED	https://ftp.sra.ebi.ac.uk/vol1/fastq/DRR388/DRR388290/DRR388290_1.fastq.gz	https://ftp.sra.ebi.ac.uk/vol1/fastq/DRR388/DRR388290/DRR388290_2.fastq.gz	SAMD00499786	1205420	u
DRR388302	PAIRED	https://ftp.sra.ebi.ac.uk/vol1/fastq/DRR388/DRR388302/DRR388302_1.fastq.gz	https://ftp.sra.ebi.ac.uk/vol1/fastq/DRR388/DRR388302/DRR388302_2.fastq.gz	SAMD00499798	1740186	u
DRR388332	PAIRED	https://ftp.sra.ebi.ac.uk/vol1/fastq/DRR388/DRR388332/DRR388332_1.fastq.gz	https://ftp.sra.ebi.ac.uk/vol1/fastq/DRR388/DRR388332/DRR388332_2.fastq.gz	SAMD00499828	1038346	u
DRR388346	PAIRED	https://ftp.sra.ebi.ac.uk/vol1/fastq/DRR388/DRR388346/DRR388346_1.fastq.gz	https://ftp.sra.ebi.ac.uk/vol1/fastq/DRR388/DRR388346/DRR388346_2.fastq.gz	SAMD00499842	980509	u
DRR388347	PAIRED	https://ftp.sra.ebi.ac.uk/vol1/fastq/DRR388/DRR388347/DRR388347_1.fastq.gz	https://ftp.sra.ebi.ac.uk/vol1/fastq/DRR388/DRR388347/DRR388347_2.fastq.gz	SAMD00499843	905554	u
DRR388355	PAIRED	https://ftp.sra.ebi.ac.uk/vol1/fastq/DRR388/DRR388355/DRR388355_1.fastq.gz	https://ftp.sra.ebi.ac.uk/vol1/fastq/DRR388/DRR388355/DRR388355_2.fastq.gz	SAMD00499851	819927	u
DRR388367	PAIRED	https://ftp.sra.ebi.ac.uk/vol1/fastq/DRR388/DRR388367/DRR388367_1.fastq.gz	https://ftp.sra.ebi.ac.uk/vol1/fastq/DRR388/DRR388367/DRR388367_2.fastq.gz	SAMD00499863	1103237	u
DRR388379	PAIRED	https://ftp.sra.ebi.ac.uk/vol1/fastq/DRR388/DRR388379/DRR388379_1.fastq.gz	https://ftp.sra.ebi.ac.uk/vol1/fastq/DRR388/DRR388379/DRR388379_2.fastq.gz	SAMD00499875	1490336	u
DRR388410	PAIRED	https://ftp.sra.ebi.ac.uk/vol1/fastq/DRR388/DRR388410/DRR388410_1.fastq.gz	https://ftp.sra.ebi.ac.uk/vol1/fastq/DRR388/DRR388410/DRR388410_2.fastq.gz	SAMD00499906	764892	u
DRR388411	PAIRED	https://ftp.sra.ebi.ac.uk/vol1/fastq/DRR388/DRR388411/DRR388411_1.fastq.gz	https://ftp.sra.ebi.ac.uk/vol1/fastq/DRR388/DRR388411/DRR388411_2.fastq.gz	SAMD00499907	793475	u
DRR388441	PAIRED	https://ftp.sra.ebi.ac.uk/vol1/fastq/DRR388/DRR388441/DRR388441_1.fastq.gz	https://ftp.sra.ebi.ac.uk/vol1/fastq/DRR388/DRR388441/DRR388441_2.fastq.gz	SAMD00499937	1069474	u
DRR388458	PAIRED	https://ftp.sra.ebi.ac.uk/vol1/fastq/DRR388/DRR388458/DRR388458_1.fastq.gz	https://ftp.sra.ebi.ac.uk/vol1/fastq/DRR388/DRR388458/DRR388458_2.fastq.gz	SAMD00499954	1358894	u
DRR388461	PAIRED	https://ftp.sra.ebi.ac.uk/vol1/fastq/DRR388/DRR388461/DRR388461_1.fastq.gz	https://ftp.sra.ebi.ac.uk/vol1/fastq/DRR388/DRR388461/DRR388461_2.fastq.gz	SAMD00499957	1541849	u
DRR388464	PAIRED	https://ftp.sra.ebi.ac.uk/vol1/fastq/DRR388/DRR388464/DRR388464_1.fastq.gz	https://ftp.sra.ebi.ac.uk/vol1/fastq/DRR388/DRR388464/DRR388464_2.fastq.gz	SAMD00499960	1368575	u
DRR388472	PAIRED	https://ftp.sra.ebi.ac.uk/vol1/fastq/DRR388/DRR388472/DRR388472_1.fastq.gz	https://ftp.sra.ebi.ac.uk/vol1/fastq/DRR388/DRR388472/DRR388472_2.fastq.gz	SAMD00499968	1360503	u
DRR388478	PAIRED	https://ftp.sra.ebi.ac.uk/vol1/fastq/DRR388/DRR388478/DRR388478_1.fastq.gz	https://ftp.sra.ebi.ac.uk/vol1/fastq/DRR388/DRR388478/DRR388478_2.fastq.gz	SAMD00499974	1038577	u
DRR388485	PAIRED	https://ftp.sra.ebi.ac.uk/vol1/fastq/DRR388/DRR388485/DRR388485_1.fastq.gz	https://ftp.sra.ebi.ac.uk/vol1/fastq/DRR388/DRR388485/DRR388485_2.fastq.gz	SAMD00499981	1262463	u
DRR388500	PAIRED	https://ftp.sra.ebi.ac.uk/vol1/fastq/DRR388/DRR388500/DRR388500_1.fastq.gz	https://ftp.sra.ebi.ac.uk/vol1/fastq/DRR388/DRR388500/DRR388500_2.fastq.gz	SAMD00499996	1201761	u
DRR388506	PAIRED	https://ftp.sra.ebi.ac.uk/vol1/fastq/DRR388/DRR388506/DRR388506_1.fastq.gz	https://ftp.sra.ebi.ac.uk/vol1/fastq/DRR388/DRR388506/DRR388506_2.fastq.gz	SAMD00500002	1304540	u
DRR388518	PAIRED	https://ftp.sra.ebi.ac.uk/vol1/fastq/DRR388/DRR388518/DRR388518_1.fastq.gz	https://ftp.sra.ebi.ac.uk/vol1/fastq/DRR388/DRR388518/DRR388518_2.fastq.gz	SAMD00500014	955906	u
DRR388526	PAIRED	https://ftp.sra.ebi.ac.uk/vol1/fastq/DRR388/DRR388526/DRR388526_1.fastq.gz	https://ftp.sra.ebi.ac.uk/vol1/fastq/DRR388/DRR388526/DRR388526_2.fastq.gz	SAMD00500022	912249	u
DRR388551	PAIRED	https://ftp.sra.ebi.ac.uk/vol1/fastq/DRR388/DRR388551/DRR388551_1.fastq.gz	https://ftp.sra.ebi.ac.uk/vol1/fastq/DRR388/DRR388551/DRR388551_2.fastq.gz	SAMD00500047	1159737	u
DRR388554	PAIRED	https://ftp.sra.ebi.ac.uk/vol1/fastq/DRR388/DRR388554/DRR388554_1.fastq.gz	https://ftp.sra.ebi.ac.uk/vol1/fastq/DRR388/DRR388554/DRR388554_2.fastq.gz	SAMD00500050	1696886	u
DRR388555	PAIRED	https://ftp.sra.ebi.ac.uk/vol1/fastq/DRR388/DRR388555/DRR388555_1.fastq.gz	https://ftp.sra.ebi.ac.uk/vol1/fastq/DRR388/DRR388555/DRR388555_2.fastq.gz	SAMD00500051	1029564	u
DRR388560	PAIRED	https://ftp.sra.ebi.ac.uk/vol1/fastq/DRR388/DRR388560/DRR388560_1.fastq.gz	https://ftp.sra.ebi.ac.uk/vol1/fastq/DRR388/DRR388560/DRR388560_2.fastq.gz	SAMD00500056	886515	u
DRR388575	PAIRED	https://ftp.sra.ebi.ac.uk/vol1/fastq/DRR388/DRR388575/DRR388575_1.fastq.gz	https://ftp.sra.ebi.ac.uk/vol1/fastq/DRR388/DRR388575/DRR388575_2.fastq.gz	SAMD00500071	1208469	u
DRR388600	PAIRED	https://ftp.sra.ebi.ac.uk/vol1/fastq/DRR388/DRR388600/DRR388600_1.fastq.gz	https://ftp.sra.ebi.ac.uk/vol1/fastq/DRR388/DRR388600/DRR388600_2.fastq.gz	SAMD00500096	1164417	u
DRR388624	PAIRED	https://ftp.sra.ebi.ac.uk/vol1/fastq/DRR388/DRR388624/DRR388624_1.fastq.gz	https://ftp.sra.ebi.ac.uk/vol1/fastq/DRR388/DRR388624/DRR388624_2.fastq.gz	SAMD00500120	1352439	u
DRR388627	PAIRED	https://ftp.sra.ebi.ac.uk/vol1/fastq/DRR388/DRR388627/DRR388627_1.fastq.gz	https://ftp.sra.ebi.ac.uk/vol1/fastq/DRR388/DRR388627/DRR388627_2.fastq.gz	SAMD00500123	2163866	u
DRR388643	PAIRED	https://ftp.sra.ebi.ac.uk/vol1/fastq/DRR388/DRR388643/DRR388643_1.fastq.gz	https://ftp.sra.ebi.ac.uk/vol1/fastq/DRR388/DRR388643/DRR388643_2.fastq.gz	SAMD00500139	1327056	u
DRR388645	PAIRED	https://ftp.sra.ebi.ac.uk/vol1/fastq/DRR388/DRR388645/DRR388645_1.fastq.gz	https://ftp.sra.ebi.ac.uk/vol1/fastq/DRR388/DRR388645/DRR388645_2.fastq.gz	SAMD00500141	1450449	u
DRR388666	PAIRED	https://ftp.sra.ebi.ac.uk/vol1/fastq/DRR388/DRR388666/DRR388666_1.fastq.gz	https://ftp.sra.ebi.ac.uk/vol1/fastq/DRR388/DRR388666/DRR388666_2.fastq.gz	SAMD00500162	1034323	u
DRR388679	PAIRED	https://ftp.sra.ebi.ac.uk/vol1/fastq/DRR388/DRR388679/DRR388679_1.fastq.gz	https://ftp.sra.ebi.ac.uk/vol1/fastq/DRR388/DRR388679/DRR388679_2.fastq.gz	SAMD00500175	1472477	u
DRR388718	PAIRED	https://ftp.sra.ebi.ac.uk/vol1/fastq/DRR388/DRR388718/DRR388718_1.fastq.gz	https://ftp.sra.ebi.ac.uk/vol1/fastq/DRR388/DRR388718/DRR388718_2.fastq.gz	SAMD00500214	902095	u
DRR388733	PAIRED	https://ftp.sra.ebi.ac.uk/vol1/fastq/DRR388/DRR388733/DRR388733_1.fastq.gz	https://ftp.sra.ebi.ac.uk/vol1/fastq/DRR388/DRR388733/DRR388733_2.fastq.gz	SAMD00500229	1153378	u
DRR388750	PAIRED	https://ftp.sra.ebi.ac.uk/vol1/fastq/DRR388/DRR388750/DRR388750_1.fastq.gz	https://ftp.sra.ebi.ac.uk/vol1/fastq/DRR388/DRR388750/DRR388750_2.fastq.gz	SAMD00500246	1118817	u
DRR388777	PAIRED	https://ftp.sra.ebi.ac.uk/vol1/fastq/DRR388/DRR388777/DRR388777_1.fastq.gz	https://ftp.sra.ebi.ac.uk/vol1/fastq/DRR388/DRR388777/DRR388777_2.fastq.gz	SAMD00500273	921879	u
DRR388814	PAIRED	https://ftp.sra.ebi.ac.uk/vol1/fastq/DRR388/DRR388814/DRR388814_1.fastq.gz	https://ftp.sra.ebi.ac.uk/vol1/fastq/DRR388/DRR388814/DRR388814_2.fastq.gz	SAMD00500310	859270	u
DRR388860	PAIRED	https://ftp.sra.ebi.ac.uk/vol1/fastq/DRR388/DRR388860/DRR388860_1.fastq.gz	https://ftp.sra.ebi.ac.uk/vol1/fastq/DRR388/DRR388860/DRR388860_2.fastq.gz	SAMD00500356	1499658	u
DRR388861	PAIRED	https://ftp.sra.ebi.ac.uk/vol1/fastq/DRR388/DRR388861/DRR388861_1.fastq.gz	https://ftp.sra.ebi.ac.uk/vol1/fastq/DRR388/DRR388861/DRR388861_2.fastq.gz	SAMD00500357	2147218	u
DRR388915	PAIRED	https://ftp.sra.ebi.ac.uk/vol1/fastq/DRR388/DRR388915/DRR388915_1.fastq.gz	https://ftp.sra.ebi.ac.uk/vol1/fastq/DRR388/DRR388915/DRR388915_2.fastq.gz	SAMD00500411	941305	u
DRR388935	PAIRED	https://ftp.sra.ebi.ac.uk/vol1/fastq/DRR388/DRR388935/DRR388935_1.fastq.gz	https://ftp.sra.ebi.ac.uk/vol1/fastq/DRR388/DRR388935/DRR388935_2.fastq.gz	SAMD00500431	1172363	u
DRR388936	PAIRED	https://ftp.sra.ebi.ac.uk/vol1/fastq/DRR388/DRR388936/DRR388936_1.fastq.gz	https://ftp.sra.ebi.ac.uk/vol1/fastq/DRR388/DRR388936/DRR388936_2.fastq.gz	SAMD00500432	3040343	u
DRR388950	PAIRED	https://ftp.sra.ebi.ac.uk/vol1/fastq/DRR388/DRR388950/DRR388950_1.fastq.gz	https://ftp.sra.ebi.ac.uk/vol1/fastq/DRR388/DRR388950/DRR388950_2.fastq.gz	SAMD00500446	1906183	u
DRR388996	PAIRED	https://ftp.sra.ebi.ac.uk/vol1/fastq/DRR388/DRR388996/DRR388996_1.fastq.gz	https://ftp.sra.ebi.ac.uk/vol1/fastq/DRR388/DRR388996/DRR388996_2.fastq.gz	SAMD00500492	1229676	u
DRR389001	PAIRED	https://ftp.sra.ebi.ac.uk/vol1/fastq/DRR389/DRR389001/DRR389001_1.fastq.gz	https://ftp.sra.ebi.ac.uk/vol1/fastq/DRR389/DRR389001/DRR389001_2.fastq.gz	SAMD00500497	1241581	u
DRR389007	PAIRED	https://ftp.sra.ebi.ac.uk/vol1/fastq/DRR389/DRR389007/DRR389007_1.fastq.gz	https://ftp.sra.ebi.ac.uk/vol1/fastq/DRR389/DRR389007/DRR389007_2.fastq.gz	SAMD00500503	1273904	u
DRR389044	PAIRED	https://ftp.sra.ebi.ac.uk/vol1/fastq/DRR389/DRR389044/DRR389044_1.fastq.gz	https://ftp.sra.ebi.ac.uk/vol1/fastq/DRR389/DRR389044/DRR389044_2.fastq.gz	SAMD00500540	834215	u
DRR389054	PAIRED	https://ftp.sra.ebi.ac.uk/vol1/fastq/DRR389/DRR389054/DRR389054_1.fastq.gz	https://ftp.sra.ebi.ac.uk/vol1/fastq/DRR389/DRR389054/DRR389054_2.fastq.gz	SAMD00500550	1133020	u
DRR389058	PAIRED	https://ftp.sra.ebi.ac.uk/vol1/fastq/DRR389/DRR389058/DRR389058_1.fastq.gz	https://ftp.sra.ebi.ac.uk/vol1/fastq/DRR389/DRR389058/DRR389058_2.fastq.gz	SAMD00500554	1067948	u
DRR389090	PAIRED	https://ftp.sra.ebi.ac.uk/vol1/fastq/DRR389/DRR389090/DRR389090_1.fastq.gz	https://ftp.sra.ebi.ac.uk/vol1/fastq/DRR389/DRR389090/DRR389090_2.fastq.gz	SAMD00500586	808390	u
DRR389097	PAIRED	https://ftp.sra.ebi.ac.uk/vol1/fastq/DRR389/DRR389097/DRR389097_1.fastq.gz	https://ftp.sra.ebi.ac.uk/vol1/fastq/DRR389/DRR389097/DRR389097_2.fastq.gz	SAMD00500593	867628	u
DRR389118	PAIRED	https://ftp.sra.ebi.ac.uk/vol1/fastq/DRR389/DRR389118/DRR389118_1.fastq.gz	https://ftp.sra.ebi.ac.uk/vol1/fastq/DRR389/DRR389118/DRR389118_2.fastq.gz	SAMD00500614	1396797	u
DRR389128	PAIRED	https://ftp.sra.ebi.ac.uk/vol1/fastq/DRR389/DRR389128/DRR389128_1.fastq.gz	https://ftp.sra.ebi.ac.uk/vol1/fastq/DRR389/DRR389128/DRR389128_2.fastq.gz	SAMD00500624	792657	u
DRR389161	PAIRED	https://ftp.sra.ebi.ac.uk/vol1/fastq/DRR389/DRR389161/DRR389161_1.fastq.gz	https://ftp.sra.ebi.ac.uk/vol1/fastq/DRR389/DRR389161/DRR389161_2.fastq.gz	SAMD00500657	759356	u
DRR389185	PAIRED	https://ftp.sra.ebi.ac.uk/vol1/fastq/DRR389/DRR389185/DRR389185_1.fastq.gz	https://ftp.sra.ebi.ac.uk/vol1/fastq/DRR389/DRR389185/DRR389185_2.fastq.gz	SAMD00500681	1947517	u
DRR389188	PAIRED	https://ftp.sra.ebi.ac.uk/vol1/fastq/DRR389/DRR389188/DRR389188_1.fastq.gz	https://ftp.sra.ebi.ac.uk/vol1/fastq/DRR389/DRR389188/DRR389188_2.fastq.gz	SAMD00500684	1121116	u
DRR389191	PAIRED	https://ftp.sra.ebi.ac.uk/vol1/fastq/DRR389/DRR389191/DRR389191_1.fastq.gz	https://ftp.sra.ebi.ac.uk/vol1/fastq/DRR389/DRR389191/DRR389191_2.fastq.gz	SAMD00500687	1199934	u
DRR389204	PAIRED	https://ftp.sra.ebi.ac.uk/vol1/fastq/DRR389/DRR389204/DRR389204_1.fastq.gz	https://ftp.sra.ebi.ac.uk/vol1/fastq/DRR389/DRR389204/DRR389204_2.fastq.gz	SAMD00500700	1209108	u
DRR389211	PAIRED	https://ftp.sra.ebi.ac.uk/vol1/fastq/DRR389/DRR389211/DRR389211_1.fastq.gz	https://ftp.sra.ebi.ac.uk/vol1/fastq/DRR389/DRR389211/DRR389211_2.fastq.gz	SAMD00500707	951511	u
DRR389216	PAIRED	https://ftp.sra.ebi.ac.uk/vol1/fastq/DRR389/DRR389216/DRR389216_1.fastq.gz	https://ftp.sra.ebi.ac.uk/vol1/fastq/DRR389/DRR389216/DRR389216_2.fastq.gz	SAMD00500712	803570	u
DRR389237	PAIRED	https://ftp.sra.ebi.ac.uk/vol1/fastq/DRR389/DRR389237/DRR389237_1.fastq.gz	https://ftp.sra.ebi.ac.uk/vol1/fastq/DRR389/DRR389237/DRR389237_2.fastq.gz	SAMD00500733	1429401	u
DRR389238	PAIRED	https://ftp.sra.ebi.ac.uk/vol1/fastq/DRR389/DRR389238/DRR389238_1.fastq.gz	https://ftp.sra.ebi.ac.uk/vol1/fastq/DRR389/DRR389238/DRR389238_2.fastq.gz	SAMD00500734	1332245	u
DRR389244	PAIRED	https://ftp.sra.ebi.ac.uk/vol1/fastq/DRR389/DRR389244/DRR389244_1.fastq.gz	https://ftp.sra.ebi.ac.uk/vol1/fastq/DRR389/DRR389244/DRR389244_2.fastq.gz	SAMD00500740	982525	u
DRR389273	PAIRED	https://ftp.sra.ebi.ac.uk/vol1/fastq/DRR389/DRR389273/DRR389273_1.fastq.gz	https://ftp.sra.ebi.ac.uk/vol1/fastq/DRR389/DRR389273/DRR389273_2.fastq.gz	SAMD00500769	1263869	u
DRR389276	PAIRED	https://ftp.sra.ebi.ac.uk/vol1/fastq/DRR389/DRR389276/DRR389276_1.fastq.gz	https://ftp.sra.ebi.ac.uk/vol1/fastq/DRR389/DRR389276/DRR389276_2.fastq.gz	SAMD00500772	933342	u
DRR389278	PAIRED	https://ftp.sra.ebi.ac.uk/vol1/fastq/DRR389/DRR389278/DRR389278_1.fastq.gz	https://ftp.sra.ebi.ac.uk/vol1/fastq/DRR389/DRR389278/DRR389278_2.fastq.gz	SAMD00500774	1184804	u
DRR389280	PAIRED	https://ftp.sra.ebi.ac.uk/vol1/fastq/DRR389/DRR389280/DRR389280_1.fastq.gz	https://ftp.sra.ebi.ac.uk/vol1/fastq/DRR389/DRR389280/DRR389280_2.fastq.gz	SAMD00500776	1467081	u
DRR389293	PAIRED	https://ftp.sra.ebi.ac.uk/vol1/fastq/DRR389/DRR389293/DRR389293_1.fastq.gz	https://ftp.sra.ebi.ac.uk/vol1/fastq/DRR389/DRR389293/DRR389293_2.fastq.gz	SAMD00500789	1054019	u
DRR389339	PAIRED	https://ftp.sra.ebi.ac.uk/vol1/fastq/DRR389/DRR389339/DRR389339_1.fastq.gz	https://ftp.sra.ebi.ac.uk/vol1/fastq/DRR389/DRR389339/DRR389339_2.fastq.gz	SAMD00500835	666896	u
DRR389361	PAIRED	https://ftp.sra.ebi.ac.uk/vol1/fastq/DRR389/DRR389361/DRR389361_1.fastq.gz	https://ftp.sra.ebi.ac.uk/vol1/fastq/DRR389/DRR389361/DRR389361_2.fastq.gz	SAMD00500857	1288162	u
DRR389363	PAIRED	https://ftp.sra.ebi.ac.uk/vol1/fastq/DRR389/DRR389363/DRR389363_1.fastq.gz	https://ftp.sra.ebi.ac.uk/vol1/fastq/DRR389/DRR389363/DRR389363_2.fastq.gz	SAMD00500859	1405180	u
DRR389396	PAIRED	https://ftp.sra.ebi.ac.uk/vol1/fastq/DRR389/DRR389396/DRR389396_1.fastq.gz	https://ftp.sra.ebi.ac.uk/vol1/fastq/DRR389/DRR389396/DRR389396_2.fastq.gz	SAMD00500892	1779512	u
DRR389397	PAIRED	https://ftp.sra.ebi.ac.uk/vol1/fastq/DRR389/DRR389397/DRR389397_1.fastq.gz	https://ftp.sra.ebi.ac.uk/vol1/fastq/DRR389/DRR389397/DRR389397_2.fastq.gz	SAMD00500893	1897049	u
DRR389438	PAIRED	https://ftp.sra.ebi.ac.uk/vol1/fastq/DRR389/DRR389438/DRR389438_1.fastq.gz	https://ftp.sra.ebi.ac.uk/vol1/fastq/DRR389/DRR389438/DRR389438_2.fastq.gz	SAMD00500934	1356414	u
DRR389448	PAIRED	https://ftp.sra.ebi.ac.uk/vol1/fastq/DRR389/DRR389448/DRR389448_1.fastq.gz	https://ftp.sra.ebi.ac.uk/vol1/fastq/DRR389/DRR389448/DRR389448_2.fastq.gz	SAMD00500944	1899044	u
DRR389463	PAIRED	https://ftp.sra.ebi.ac.uk/vol1/fastq/DRR389/DRR389463/DRR389463_1.fastq.gz	https://ftp.sra.ebi.ac.uk/vol1/fastq/DRR389/DRR389463/DRR389463_2.fastq.gz	SAMD00500959	1144358	u
DRR389500	PAIRED	https://ftp.sra.ebi.ac.uk/vol1/fastq/DRR389/DRR389500/DRR389500_1.fastq.gz	https://ftp.sra.ebi.ac.uk/vol1/fastq/DRR389/DRR389500/DRR389500_2.fastq.gz	SAMD00500996	1153002	u
DRR389535	PAIRED	https://ftp.sra.ebi.ac.uk/vol1/fastq/DRR389/DRR389535/DRR389535_1.fastq.gz	https://ftp.sra.ebi.ac.uk/vol1/fastq/DRR389/DRR389535/DRR389535_2.fastq.gz	SAMD00501031	1159769	u
DRR389537	PAIRED	https://ftp.sra.ebi.ac.uk/vol1/fastq/DRR389/DRR389537/DRR389537_1.fastq.gz	https://ftp.sra.ebi.ac.uk/vol1/fastq/DRR389/DRR389537/DRR389537_2.fastq.gz	SAMD00501033	1081910	u
DRR389543	PAIRED	https://ftp.sra.ebi.ac.uk/vol1/fastq/DRR389/DRR389543/DRR389543_1.fastq.gz	https://ftp.sra.ebi.ac.uk/vol1/fastq/DRR389/DRR389543/DRR389543_2.fastq.gz	SAMD00501039	1151060	u
DRR389559	PAIRED	https://ftp.sra.ebi.ac.uk/vol1/fastq/DRR389/DRR389559/DRR389559_1.fastq.gz	https://ftp.sra.ebi.ac.uk/vol1/fastq/DRR389/DRR389559/DRR389559_2.fastq.gz	SAMD00501055	1564757	u
DRR389574	PAIRED	https://ftp.sra.ebi.ac.uk/vol1/fastq/DRR389/DRR389574/DRR389574_1.fastq.gz	https://ftp.sra.ebi.ac.uk/vol1/fastq/DRR389/DRR389574/DRR389574_2.fastq.gz	SAMD00501070	1438669	u
DRR389578	PAIRED	https://ftp.sra.ebi.ac.uk/vol1/fastq/DRR389/DRR389578/DRR389578_1.fastq.gz	https://ftp.sra.ebi.ac.uk/vol1/fastq/DRR389/DRR389578/DRR389578_2.fastq.gz	SAMD00501074	1271545	u
DRR389638	PAIRED	https://ftp.sra.ebi.ac.uk/vol1/fastq/DRR389/DRR389638/DRR389638_1.fastq.gz	https://ftp.sra.ebi.ac.uk/vol1/fastq/DRR389/DRR389638/DRR389638_2.fastq.gz	SAMD00501134	1419707	u
DRR389641	PAIRED	https://ftp.sra.ebi.ac.uk/vol1/fastq/DRR389/DRR389641/DRR389641_1.fastq.gz	https://ftp.sra.ebi.ac.uk/vol1/fastq/DRR389/DRR389641/DRR389641_2.fastq.gz	SAMD00501137	1339886	u
DRR389669	PAIRED	https://ftp.sra.ebi.ac.uk/vol1/fastq/DRR389/DRR389669/DRR389669_1.fastq.gz	https://ftp.sra.ebi.ac.uk/vol1/fastq/DRR389/DRR389669/DRR389669_2.fastq.gz	SAMD00501165	1022146	u
DRR389672	PAIRED	https://ftp.sra.ebi.ac.uk/vol1/fastq/DRR389/DRR389672/DRR389672_1.fastq.gz	https://ftp.sra.ebi.ac.uk/vol1/fastq/DRR389/DRR389672/DRR389672_2.fastq.gz	SAMD00501168	927743	u
DRR389676	PAIRED	https://ftp.sra.ebi.ac.uk/vol1/fastq/DRR389/DRR389676/DRR389676_1.fastq.gz	https://ftp.sra.ebi.ac.uk/vol1/fastq/DRR389/DRR389676/DRR389676_2.fastq.gz	SAMD00501172	961588	u
DRR389691	PAIRED	https://ftp.sra.ebi.ac.uk/vol1/fastq/DRR389/DRR389691/DRR389691_1.fastq.gz	https://ftp.sra.ebi.ac.uk/vol1/fastq/DRR389/DRR389691/DRR389691_2.fastq.gz	SAMD00501187	1140545	u
DRR389729	PAIRED	https://ftp.sra.ebi.ac.uk/vol1/fastq/DRR389/DRR389729/DRR389729_1.fastq.gz	https://ftp.sra.ebi.ac.uk/vol1/fastq/DRR389/DRR389729/DRR389729_2.fastq.gz	SAMD00501225	1187230	u
DRR389736	PAIRED	https://ftp.sra.ebi.ac.uk/vol1/fastq/DRR389/DRR389736/DRR389736_1.fastq.gz	https://ftp.sra.ebi.ac.uk/vol1/fastq/DRR389/DRR389736/DRR389736_2.fastq.gz	SAMD00501232	1499076	u
DRR389744	PAIRED	https://ftp.sra.ebi.ac.uk/vol1/fastq/DRR389/DRR389744/DRR389744_1.fastq.gz	https://ftp.sra.ebi.ac.uk/vol1/fastq/DRR389/DRR389744/DRR389744_2.fastq.gz	SAMD00501240	1516848	u
DRR389746	PAIRED	https://ftp.sra.ebi.ac.uk/vol1/fastq/DRR389/DRR389746/DRR389746_1.fastq.gz	https://ftp.sra.ebi.ac.uk/vol1/fastq/DRR389/DRR389746/DRR389746_2.fastq.gz	SAMD00501242	1833283	u
DRR389766	PAIRED	https://ftp.sra.ebi.ac.uk/vol1/fastq/DRR389/DRR389766/DRR389766_1.fastq.gz	https://ftp.sra.ebi.ac.uk/vol1/fastq/DRR389/DRR389766/DRR389766_2.fastq.gz	SAMD00501262	1126109	u
DRR389768	PAIRED	https://ftp.sra.ebi.ac.uk/vol1/fastq/DRR389/DRR389768/DRR389768_1.fastq.gz	https://ftp.sra.ebi.ac.uk/vol1/fastq/DRR389/DRR389768/DRR389768_2.fastq.gz	SAMD00501264	1215996	u
DRR389772	PAIRED	https://ftp.sra.ebi.ac.uk/vol1/fastq/DRR389/DRR389772/DRR389772_1.fastq.gz	https://ftp.sra.ebi.ac.uk/vol1/fastq/DRR389/DRR389772/DRR389772_2.fastq.gz	SAMD00501268	1514193	u
DRR389788	PAIRED	https://ftp.sra.ebi.ac.uk/vol1/fastq/DRR389/DRR389788/DRR389788_1.fastq.gz	https://ftp.sra.ebi.ac.uk/vol1/fastq/DRR389/DRR389788/DRR389788_2.fastq.gz	SAMD00501284	1060100	u
DRR389798	PAIRED	https://ftp.sra.ebi.ac.uk/vol1/fastq/DRR389/DRR389798/DRR389798_1.fastq.gz	https://ftp.sra.ebi.ac.uk/vol1/fastq/DRR389/DRR389798/DRR389798_2.fastq.gz	SAMD00501294	1616785	u
DRR389819	PAIRED	https://ftp.sra.ebi.ac.uk/vol1/fastq/DRR389/DRR389819/DRR389819_1.fastq.gz	https://ftp.sra.ebi.ac.uk/vol1/fastq/DRR389/DRR389819/DRR389819_2.fastq.gz	SAMD00501315	1022245	u
DRR389827	PAIRED	https://ftp.sra.ebi.ac.uk/vol1/fastq/DRR389/DRR389827/DRR389827_1.fastq.gz	https://ftp.sra.ebi.ac.uk/vol1/fastq/DRR389/DRR389827/DRR389827_2.fastq.gz	SAMD00501323	837027	u
DRR389831	PAIRED	https://ftp.sra.ebi.ac.uk/vol1/fastq/DRR389/DRR389831/DRR389831_1.fastq.gz	https://ftp.sra.ebi.ac.uk/vol1/fastq/DRR389/DRR389831/DRR389831_2.fastq.gz	SAMD00501327	965939	u
DRR389839	PAIRED	https://ftp.sra.ebi.ac.uk/vol1/fastq/DRR389/DRR389839/DRR389839_1.fastq.gz	https://ftp.sra.ebi.ac.uk/vol1/fastq/DRR389/DRR389839/DRR389839_2.fastq.gz	SAMD00501335	1477156	u
DRR389842	PAIRED	https://ftp.sra.ebi.ac.uk/vol1/fastq/DRR389/DRR389842/DRR389842_1.fastq.gz	https://ftp.sra.ebi.ac.uk/vol1/fastq/DRR389/DRR389842/DRR389842_2.fastq.gz	SAMD00501338	1040393	u
DRR389881	PAIRED	https://ftp.sra.ebi.ac.uk/vol1/fastq/DRR389/DRR389881/DRR389881_1.fastq.gz	https://ftp.sra.ebi.ac.uk/vol1/fastq/DRR389/DRR389881/DRR389881_2.fastq.gz	SAMD00501377	1401362	u
DRR389889	PAIRED	https://ftp.sra.ebi.ac.uk/vol1/fastq/DRR389/DRR389889/DRR389889_1.fastq.gz	https://ftp.sra.ebi.ac.uk/vol1/fastq/DRR389/DRR389889/DRR389889_2.fastq.gz	SAMD00501385	1116718	u
DRR389894	PAIRED	https://ftp.sra.ebi.ac.uk/vol1/fastq/DRR389/DRR389894/DRR389894_1.fastq.gz	https://ftp.sra.ebi.ac.uk/vol1/fastq/DRR389/DRR389894/DRR389894_2.fastq.gz	SAMD00501390	1228095	u
DRR389983	PAIRED	https://ftp.sra.ebi.ac.uk/vol1/fastq/DRR389/DRR389983/DRR389983_1.fastq.gz	https://ftp.sra.ebi.ac.uk/vol1/fastq/DRR389/DRR389983/DRR389983_2.fastq.gz	SAMD00501479	1255588	u
DRR389988	PAIRED	https://ftp.sra.ebi.ac.uk/vol1/fastq/DRR389/DRR389988/DRR389988_1.fastq.gz	https://ftp.sra.ebi.ac.uk/vol1/fastq/DRR389/DRR389988/DRR389988_2.fastq.gz	SAMD00501484	1166208	u
DRR389990	PAIRED	https://ftp.sra.ebi.ac.uk/vol1/fastq/DRR389/DRR389990/DRR389990_1.fastq.gz	https://ftp.sra.ebi.ac.uk/vol1/fastq/DRR389/DRR389990/DRR389990_2.fastq.gz	SAMD00501486	1105917	u
DRR389991	PAIRED	https://ftp.sra.ebi.ac.uk/vol1/fastq/DRR389/DRR389991/DRR389991_1.fastq.gz	https://ftp.sra.ebi.ac.uk/vol1/fastq/DRR389/DRR389991/DRR389991_2.fastq.gz	SAMD00501487	1107111	u
DRR390034	PAIRED	https://ftp.sra.ebi.ac.uk/vol1/fastq/DRR390/DRR390034/DRR390034_1.fastq.gz	https://ftp.sra.ebi.ac.uk/vol1/fastq/DRR390/DRR390034/DRR390034_2.fastq.gz	SAMD00501530	1066381	u
DRR390042	PAIRED	https://ftp.sra.ebi.ac.uk/vol1/fastq/DRR390/DRR390042/DRR390042_1.fastq.gz	https://ftp.sra.ebi.ac.uk/vol1/fastq/DRR390/DRR390042/DRR390042_2.fastq.gz	SAMD00501538	1154923	u
DRR390146	PAIRED	https://ftp.sra.ebi.ac.uk/vol1/fastq/DRR390/DRR390146/DRR390146_1.fastq.gz	https://ftp.sra.ebi.ac.uk/vol1/fastq/DRR390/DRR390146/DRR390146_2.fastq.gz	SAMD00501642	859386	u
DRR390147	PAIRED	https://ftp.sra.ebi.ac.uk/vol1/fastq/DRR390/DRR390147/DRR390147_1.fastq.gz	https://ftp.sra.ebi.ac.uk/vol1/fastq/DRR390/DRR390147/DRR390147_2.fastq.gz	SAMD00501643	1013896	u
DRR390153	PAIRED	https://ftp.sra.ebi.ac.uk/vol1/fastq/DRR390/DRR390153/DRR390153_1.fastq.gz	https://ftp.sra.ebi.ac.uk/vol1/fastq/DRR390/DRR390153/DRR390153_2.fastq.gz	SAMD00501649	794831	u
DRR390163	PAIRED	https://ftp.sra.ebi.ac.uk/vol1/fastq/DRR390/DRR390163/DRR390163_1.fastq.gz	https://ftp.sra.ebi.ac.uk/vol1/fastq/DRR390/DRR390163/DRR390163_2.fastq.gz	SAMD00501659	740223	u
DRR390164	PAIRED	https://ftp.sra.ebi.ac.uk/vol1/fastq/DRR390/DRR390164/DRR390164_1.fastq.gz	https://ftp.sra.ebi.ac.uk/vol1/fastq/DRR390/DRR390164/DRR390164_2.fastq.gz	SAMD00501660	882060	u
DRR390175	PAIRED	https://ftp.sra.ebi.ac.uk/vol1/fastq/DRR390/DRR390175/DRR390175_1.fastq.gz	https://ftp.sra.ebi.ac.uk/vol1/fastq/DRR390/DRR390175/DRR390175_2.fastq.gz	SAMD00501671	958649	u
DRR390182	PAIRED	https://ftp.sra.ebi.ac.uk/vol1/fastq/DRR390/DRR390182/DRR390182_1.fastq.gz	https://ftp.sra.ebi.ac.uk/vol1/fastq/DRR390/DRR390182/DRR390182_2.fastq.gz	SAMD00501678	1474665	u
DRR390250	PAIRED	https://ftp.sra.ebi.ac.uk/vol1/fastq/DRR390/DRR390250/DRR390250_1.fastq.gz	https://ftp.sra.ebi.ac.uk/vol1/fastq/DRR390/DRR390250/DRR390250_2.fastq.gz	SAMD00501746	1013056	u
DRR390259	PAIRED	https://ftp.sra.ebi.ac.uk/vol1/fastq/DRR390/DRR390259/DRR390259_1.fastq.gz	https://ftp.sra.ebi.ac.uk/vol1/fastq/DRR390/DRR390259/DRR390259_2.fastq.gz	SAMD00501755	2167283	u
DRR390281	PAIRED	https://ftp.sra.ebi.ac.uk/vol1/fastq/DRR390/DRR390281/DRR390281_1.fastq.gz	https://ftp.sra.ebi.ac.uk/vol1/fastq/DRR390/DRR390281/DRR390281_2.fastq.gz	SAMD00501777	1112812	u
DRR390285	PAIRED	https://ftp.sra.ebi.ac.uk/vol1/fastq/DRR390/DRR390285/DRR390285_1.fastq.gz	https://ftp.sra.ebi.ac.uk/vol1/fastq/DRR390/DRR390285/DRR390285_2.fastq.gz	SAMD00501781	1114527	u
DRR390313	PAIRED	https://ftp.sra.ebi.ac.uk/vol1/fastq/DRR390/DRR390313/DRR390313_1.fastq.gz	https://ftp.sra.ebi.ac.uk/vol1/fastq/DRR390/DRR390313/DRR390313_2.fastq.gz	SAMD00501809	1760544	u
DRR390318	PAIRED	https://ftp.sra.ebi.ac.uk/vol1/fastq/DRR390/DRR390318/DRR390318_1.fastq.gz	https://ftp.sra.ebi.ac.uk/vol1/fastq/DRR390/DRR390318/DRR390318_2.fastq.gz	SAMD00501814	1704872	u
DRR390327	PAIRED	https://ftp.sra.ebi.ac.uk/vol1/fastq/DRR390/DRR390327/DRR390327_1.fastq.gz	https://ftp.sra.ebi.ac.uk/vol1/fastq/DRR390/DRR390327/DRR390327_2.fastq.gz	SAMD00501823	972391	u
DRR390337	PAIRED	https://ftp.sra.ebi.ac.uk/vol1/fastq/DRR390/DRR390337/DRR390337_1.fastq.gz	https://ftp.sra.ebi.ac.uk/vol1/fastq/DRR390/DRR390337/DRR390337_2.fastq.gz	SAMD00501833	1042355	u
DRR390340	PAIRED	https://ftp.sra.ebi.ac.uk/vol1/fastq/DRR390/DRR390340/DRR390340_1.fastq.gz	https://ftp.sra.ebi.ac.uk/vol1/fastq/DRR390/DRR390340/DRR390340_2.fastq.gz	SAMD00501836	883120	u
DRR390348	PAIRED	https://ftp.sra.ebi.ac.uk/vol1/fastq/DRR390/DRR390348/DRR390348_1.fastq.gz	https://ftp.sra.ebi.ac.uk/vol1/fastq/DRR390/DRR390348/DRR390348_2.fastq.gz	SAMD00501844	972220	u
DRR390363	PAIRED	https://ftp.sra.ebi.ac.uk/vol1/fastq/DRR390/DRR390363/DRR390363_1.fastq.gz	https://ftp.sra.ebi.ac.uk/vol1/fastq/DRR390/DRR390363/DRR390363_2.fastq.gz	SAMD00501859	1365059	u
DRR390369	PAIRED	https://ftp.sra.ebi.ac.uk/vol1/fastq/DRR390/DRR390369/DRR390369_1.fastq.gz	https://ftp.sra.ebi.ac.uk/vol1/fastq/DRR390/DRR390369/DRR390369_2.fastq.gz	SAMD00501865	2196042	u
DRR390373	PAIRED	https://ftp.sra.ebi.ac.uk/vol1/fastq/DRR390/DRR390373/DRR390373_1.fastq.gz	https://ftp.sra.ebi.ac.uk/vol1/fastq/DRR390/DRR390373/DRR390373_2.fastq.gz	SAMD00501869	854064	u
DRR390403	PAIRED	https://ftp.sra.ebi.ac.uk/vol1/fastq/DRR390/DRR390403/DRR390403_1.fastq.gz	https://ftp.sra.ebi.ac.uk/vol1/fastq/DRR390/DRR390403/DRR390403_2.fastq.gz	SAMD00501899	980025	u
DRR390415	PAIRED	https://ftp.sra.ebi.ac.uk/vol1/fastq/DRR390/DRR390415/DRR390415_1.fastq.gz	https://ftp.sra.ebi.ac.uk/vol1/fastq/DRR390/DRR390415/DRR390415_2.fastq.gz	SAMD00501911	1054224	u
DRR390418	PAIRED	https://ftp.sra.ebi.ac.uk/vol1/fastq/DRR390/DRR390418/DRR390418_1.fastq.gz	https://ftp.sra.ebi.ac.uk/vol1/fastq/DRR390/DRR390418/DRR390418_2.fastq.gz	SAMD00501914	1010452	u
DRR390426	PAIRED	https://ftp.sra.ebi.ac.uk/vol1/fastq/DRR390/DRR390426/DRR390426_1.fastq.gz	https://ftp.sra.ebi.ac.uk/vol1/fastq/DRR390/DRR390426/DRR390426_2.fastq.gz	SAMD00501922	1015733	u
DRR390429	PAIRED	https://ftp.sra.ebi.ac.uk/vol1/fastq/DRR390/DRR390429/DRR390429_1.fastq.gz	https://ftp.sra.ebi.ac.uk/vol1/fastq/DRR390/DRR390429/DRR390429_2.fastq.gz	SAMD00501925	1100420	u
DRR390442	PAIRED	https://ftp.sra.ebi.ac.uk/vol1/fastq/DRR390/DRR390442/DRR390442_1.fastq.gz	https://ftp.sra.ebi.ac.uk/vol1/fastq/DRR390/DRR390442/DRR390442_2.fastq.gz	SAMD00501938	981809	u
DRR390448	PAIRED	https://ftp.sra.ebi.ac.uk/vol1/fastq/DRR390/DRR390448/DRR390448_1.fastq.gz	https://ftp.sra.ebi.ac.uk/vol1/fastq/DRR390/DRR390448/DRR390448_2.fastq.gz	SAMD00501944	1155061	u
DRR390461	PAIRED	https://ftp.sra.ebi.ac.uk/vol1/fastq/DRR390/DRR390461/DRR390461_1.fastq.gz	https://ftp.sra.ebi.ac.uk/vol1/fastq/DRR390/DRR390461/DRR390461_2.fastq.gz	SAMD00501957	859761	u
DRR390482	PAIRED	https://ftp.sra.ebi.ac.uk/vol1/fastq/DRR390/DRR390482/DRR390482_1.fastq.gz	https://ftp.sra.ebi.ac.uk/vol1/fastq/DRR390/DRR390482/DRR390482_2.fastq.gz	SAMD00501978	877563	u
DRR390487	PAIRED	https://ftp.sra.ebi.ac.uk/vol1/fastq/DRR390/DRR390487/DRR390487_1.fastq.gz	https://ftp.sra.ebi.ac.uk/vol1/fastq/DRR390/DRR390487/DRR390487_2.fastq.gz	SAMD00501983	894316	u
DRR390503	PAIRED	https://ftp.sra.ebi.ac.uk/vol1/fastq/DRR390/DRR390503/DRR390503_1.fastq.gz	https://ftp.sra.ebi.ac.uk/vol1/fastq/DRR390/DRR390503/DRR390503_2.fastq.gz	SAMD00501999	1502721	u
DRR390573	PAIRED	https://ftp.sra.ebi.ac.uk/vol1/fastq/DRR390/DRR390573/DRR390573_1.fastq.gz	https://ftp.sra.ebi.ac.uk/vol1/fastq/DRR390/DRR390573/DRR390573_2.fastq.gz	SAMD00502069	1634312	u
DRR390584	PAIRED	https://ftp.sra.ebi.ac.uk/vol1/fastq/DRR390/DRR390584/DRR390584_1.fastq.gz	https://ftp.sra.ebi.ac.uk/vol1/fastq/DRR390/DRR390584/DRR390584_2.fastq.gz	SAMD00502080	1136085	u
DRR390599	PAIRED	https://ftp.sra.ebi.ac.uk/vol1/fastq/DRR390/DRR390599/DRR390599_1.fastq.gz	https://ftp.sra.ebi.ac.uk/vol1/fastq/DRR390/DRR390599/DRR390599_2.fastq.gz	SAMD00502095	1578098	u
DRR390629	PAIRED	https://ftp.sra.ebi.ac.uk/vol1/fastq/DRR390/DRR390629/DRR390629_1.fastq.gz	https://ftp.sra.ebi.ac.uk/vol1/fastq/DRR390/DRR390629/DRR390629_2.fastq.gz	SAMD00502125	1194496	u
DRR390635	PAIRED	https://ftp.sra.ebi.ac.uk/vol1/fastq/DRR390/DRR390635/DRR390635_1.fastq.gz	https://ftp.sra.ebi.ac.uk/vol1/fastq/DRR390/DRR390635/DRR390635_2.fastq.gz	SAMD00502131	841010	u
DRR390637	PAIRED	https://ftp.sra.ebi.ac.uk/vol1/fastq/DRR390/DRR390637/DRR390637_1.fastq.gz	https://ftp.sra.ebi.ac.uk/vol1/fastq/DRR390/DRR390637/DRR390637_2.fastq.gz	SAMD00502133	1236022	u
DRR390715	PAIRED	https://ftp.sra.ebi.ac.uk/vol1/fastq/DRR390/DRR390715/DRR390715_1.fastq.gz	https://ftp.sra.ebi.ac.uk/vol1/fastq/DRR390/DRR390715/DRR390715_2.fastq.gz	SAMD00502211	1010062	u
DRR390729	PAIRED	https://ftp.sra.ebi.ac.uk/vol1/fastq/DRR390/DRR390729/DRR390729_1.fastq.gz	https://ftp.sra.ebi.ac.uk/vol1/fastq/DRR390/DRR390729/DRR390729_2.fastq.gz	SAMD00502225	966844	u
DRR390733	PAIRED	https://ftp.sra.ebi.ac.uk/vol1/fastq/DRR390/DRR390733/DRR390733_1.fastq.gz	https://ftp.sra.ebi.ac.uk/vol1/fastq/DRR390/DRR390733/DRR390733_2.fastq.gz	SAMD00502229	1245593	u
DRR390734	PAIRED	https://ftp.sra.ebi.ac.uk/vol1/fastq/DRR390/DRR390734/DRR390734_1.fastq.gz	https://ftp.sra.ebi.ac.uk/vol1/fastq/DRR390/DRR390734/DRR390734_2.fastq.gz	SAMD00502230	1029439	u
DRR390812	PAIRED	https://ftp.sra.ebi.ac.uk/vol1/fastq/DRR390/DRR390812/DRR390812_1.fastq.gz	https://ftp.sra.ebi.ac.uk/vol1/fastq/DRR390/DRR390812/DRR390812_2.fastq.gz	SAMD00502308	783139	u
DRR390855	PAIRED	https://ftp.sra.ebi.ac.uk/vol1/fastq/DRR390/DRR390855/DRR390855_1.fastq.gz	https://ftp.sra.ebi.ac.uk/vol1/fastq/DRR390/DRR390855/DRR390855_2.fastq.gz	SAMD00502351	1020673	u
DRR390907	PAIRED	https://ftp.sra.ebi.ac.uk/vol1/fastq/DRR390/DRR390907/DRR390907_1.fastq.gz	https://ftp.sra.ebi.ac.uk/vol1/fastq/DRR390/DRR390907/DRR390907_2.fastq.gz	SAMD00502403	774909	u
DRR390952	PAIRED	https://ftp.sra.ebi.ac.uk/vol1/fastq/DRR390/DRR390952/DRR390952_1.fastq.gz	https://ftp.sra.ebi.ac.uk/vol1/fastq/DRR390/DRR390952/DRR390952_2.fastq.gz	SAMD00502448	975256	u
DRR390996	PAIRED	https://ftp.sra.ebi.ac.uk/vol1/fastq/DRR390/DRR390996/DRR390996_1.fastq.gz	https://ftp.sra.ebi.ac.uk/vol1/fastq/DRR390/DRR390996/DRR390996_2.fastq.gz	SAMD00502492	922931	u
DRR391009	PAIRED	https://ftp.sra.ebi.ac.uk/vol1/fastq/DRR391/DRR391009/DRR391009_1.fastq.gz	https://ftp.sra.ebi.ac.uk/vol1/fastq/DRR391/DRR391009/DRR391009_2.fastq.gz	SAMD00502505	1812336	u
ERR1197954	PAIRED	https://ftp.sra.ebi.ac.uk/vol1/fastq/ERR119/004/ERR1197954/ERR1197954_1.fastq.gz	https://ftp.sra.ebi.ac.uk/vol1/fastq/ERR119/004/ERR1197954/ERR1197954_2.fastq.gz	SAMEA3719139	1469748	u
ERR1197955	PAIRED	https://ftp.sra.ebi.ac.uk/vol1/fastq/ERR119/005/ERR1197955/ERR1197955_1.fastq.gz	https://ftp.sra.ebi.ac.uk/vol1/fastq/ERR119/005/ERR1197955/ERR1197955_2.fastq.gz	SAMEA3719140	928034	u
ERR1197962	PAIRED	https://ftp.sra.ebi.ac.uk/vol1/fastq/ERR119/002/ERR1197962/ERR1197962_1.fastq.gz	https://ftp.sra.ebi.ac.uk/vol1/fastq/ERR119/002/ERR1197962/ERR1197962_2.fastq.gz	SAMEA3719145	2456881	u
ERR1197963	PAIRED	https://ftp.sra.ebi.ac.uk/vol1/fastq/ERR119/003/ERR1197963/ERR1197963_1.fastq.gz	https://ftp.sra.ebi.ac.uk/vol1/fastq/ERR119/003/ERR1197963/ERR1197963_2.fastq.gz	SAMEA3719146	2780345	u
ERR1218538	PAIRED	https://ftp.sra.ebi.ac.uk/vol1/fastq/ERR121/008/ERR1218538/ERR1218538_1.fastq.gz	https://ftp.sra.ebi.ac.uk/vol1/fastq/ERR121/008/ERR1218538/ERR1218538_2.fastq.gz	SAMEA3531663	5140420	u
ERR1218542	PAIRED	https://ftp.sra.ebi.ac.uk/vol1/fastq/ERR121/002/ERR1218542/ERR1218542_1.fastq.gz	https://ftp.sra.ebi.ac.uk/vol1/fastq/ERR121/002/ERR1218542/ERR1218542_2.fastq.gz	SAMEA3531688	5582908	u
ERR1218547	PAIRED	https://ftp.sra.ebi.ac.uk/vol1/fastq/ERR121/007/ERR1218547/ERR1218547_1.fastq.gz	https://ftp.sra.ebi.ac.uk/vol1/fastq/ERR121/007/ERR1218547/ERR1218547_2.fastq.gz	SAMEA3531750	5381986	u
ERR1218558	PAIRED	https://ftp.sra.ebi.ac.uk/vol1/fastq/ERR121/008/ERR1218558/ERR1218558_1.fastq.gz	https://ftp.sra.ebi.ac.uk/vol1/fastq/ERR121/008/ERR1218558/ERR1218558_2.fastq.gz	SAMEA3531799	5125682	u
ERR1218563	PAIRED	https://ftp.sra.ebi.ac.uk/vol1/fastq/ERR121/003/ERR1218563/ERR1218563_1.fastq.gz	https://ftp.sra.ebi.ac.uk/vol1/fastq/ERR121/003/ERR1218563/ERR1218563_2.fastq.gz	SAMEA3531863	5127828	u
ERR1218583	PAIRED	https://ftp.sra.ebi.ac.uk/vol1/fastq/ERR121/003/ERR1218583/ERR1218583_1.fastq.gz	https://ftp.sra.ebi.ac.uk/vol1/fastq/ERR121/003/ERR1218583/ERR1218583_2.fastq.gz	SAMEA3531626	5480682	u
ERR1218590	PAIRED	https://ftp.sra.ebi.ac.uk/vol1/fastq/ERR121/000/ERR1218590/ERR1218590_1.fastq.gz	https://ftp.sra.ebi.ac.uk/vol1/fastq/ERR121/000/ERR1218590/ERR1218590_2.fastq.gz	SAMEA3531634	5830590	u
ERR1218594	PAIRED	https://ftp.sra.ebi.ac.uk/vol1/fastq/ERR121/004/ERR1218594/ERR1218594_1.fastq.gz	https://ftp.sra.ebi.ac.uk/vol1/fastq/ERR121/004/ERR1218594/ERR1218594_2.fastq.gz	SAMEA3531638	5946208	u
ERR1218596	PAIRED	https://ftp.sra.ebi.ac.uk/vol1/fastq/ERR121/006/ERR1218596/ERR1218596_1.fastq.gz	https://ftp.sra.ebi.ac.uk/vol1/fastq/ERR121/006/ERR1218596/ERR1218596_2.fastq.gz	SAMEA3531642	5964226	u
ERR1218618	PAIRED	https://ftp.sra.ebi.ac.uk/vol1/fastq/ERR121/008/ERR1218618/ERR1218618_1.fastq.gz	https://ftp.sra.ebi.ac.uk/vol1/fastq/ERR121/008/ERR1218618/ERR1218618_2.fastq.gz	SAMEA3531704	6120366	u
ERR1218624	PAIRED	https://ftp.sra.ebi.ac.uk/vol1/fastq/ERR121/004/ERR1218624/ERR1218624_1.fastq.gz	https://ftp.sra.ebi.ac.uk/vol1/fastq/ERR121/004/ERR1218624/ERR1218624_2.fastq.gz	SAMEA3531721	5723460	u
ERR1218637	PAIRED	https://ftp.sra.ebi.ac.uk/vol1/fastq/ERR121/007/ERR1218637/ERR1218637_1.fastq.gz	https://ftp.sra.ebi.ac.uk/vol1/fastq/ERR121/007/ERR1218637/ERR1218637_2.fastq.gz	SAMEA3531744	6775718	u
ERR1218639	PAIRED	https://ftp.sra.ebi.ac.uk/vol1/fastq/ERR121/009/ERR1218639/ERR1218639_1.fastq.gz	https://ftp.sra.ebi.ac.uk/vol1/fastq/ERR121/009/ERR1218639/ERR1218639_2.fastq.gz	SAMEA3531746	5978046	u
ERR1218640	PAIRED	https://ftp.sra.ebi.ac.uk/vol1/fastq/ERR121/000/ERR1218640/ERR1218640_1.fastq.gz	https://ftp.sra.ebi.ac.uk/vol1/fastq/ERR121/000/ERR1218640/ERR1218640_2.fastq.gz	SAMEA3531747	4501838	u
ERR1218650	PAIRED	https://ftp.sra.ebi.ac.uk/vol1/fastq/ERR121/000/ERR1218650/ERR1218650_1.fastq.gz	https://ftp.sra.ebi.ac.uk/vol1/fastq/ERR121/000/ERR1218650/ERR1218650_2.fastq.gz	SAMEA3531764	5159382	u
ERR1218668	PAIRED	https://ftp.sra.ebi.ac.uk/vol1/fastq/ERR121/008/ERR1218668/ERR1218668_1.fastq.gz	https://ftp.sra.ebi.ac.uk/vol1/fastq/ERR121/008/ERR1218668/ERR1218668_2.fastq.gz	SAMEA3531662	4985070	u
ERR1218677	PAIRED	https://ftp.sra.ebi.ac.uk/vol1/fastq/ERR121/007/ERR1218677/ERR1218677_1.fastq.gz	https://ftp.sra.ebi.ac.uk/vol1/fastq/ERR121/007/ERR1218677/ERR1218677_2.fastq.gz	SAMEA3531681	5545838	u
ERR1218687	PAIRED	https://ftp.sra.ebi.ac.uk/vol1/fastq/ERR121/007/ERR1218687/ERR1218687_1.fastq.gz	https://ftp.sra.ebi.ac.uk/vol1/fastq/ERR121/007/ERR1218687/ERR1218687_2.fastq.gz	SAMEA3531703	5730162	u
ERR1218711	PAIRED	https://ftp.sra.ebi.ac.uk/vol1/fastq/ERR121/001/ERR1218711/ERR1218711_1.fastq.gz	https://ftp.sra.ebi.ac.uk/vol1/fastq/ERR121/001/ERR1218711/ERR1218711_2.fastq.gz	SAMEA3531805	5602440	u
ERR1218712	PAIRED	https://ftp.sra.ebi.ac.uk/vol1/fastq/ERR121/002/ERR1218712/ERR1218712_1.fastq.gz	https://ftp.sra.ebi.ac.uk/vol1/fastq/ERR121/002/ERR1218712/ERR1218712_2.fastq.gz	SAMEA3531821	6019140	u
ERR134529	PAIRED	https://ftp.sra.ebi.ac.uk/vol1/fastq/ERR134/ERR134529/ERR134529_1.fastq.gz	https://ftp.sra.ebi.ac.uk/vol1/fastq/ERR134/ERR134529/ERR134529_2.fastq.gz	SAMEA1466152	4082589	s
ERR134530	PAIRED	https://ftp.sra.ebi.ac.uk/vol1/fastq/ERR134/ERR134530/ERR134530_1.fastq.gz	https://ftp.sra.ebi.ac.uk/vol1/fastq/ERR134/ERR134530/ERR134530_2.fastq.gz	SAMEA1466170	3166289	s
ERR134535	PAIRED	https://ftp.sra.ebi.ac.uk/vol1/fastq/ERR134/ERR134535/ERR134535_1.fastq.gz	https://ftp.sra.ebi.ac.uk/vol1/fastq/ERR134/ERR134535/ERR134535_2.fastq.gz	SAMEA1466118	5762761	s
ERR134538	PAIRED	https://ftp.sra.ebi.ac.uk/vol1/fastq/ERR134/ERR134538/ERR134538_1.fastq.gz	https://ftp.sra.ebi.ac.uk/vol1/fastq/ERR134/ERR134538/ERR134538_2.fastq.gz	SAMEA1466151	4419760	s
ERR134539	PAIRED	https://ftp.sra.ebi.ac.uk/vol1/fastq/ERR134/ERR134539/ERR134539_1.fastq.gz	https://ftp.sra.ebi.ac.uk/vol1/fastq/ERR134/ERR134539/ERR134539_2.fastq.gz	SAMEA1466199	3855303	s
ERR137793	PAIRED	https://ftp.sra.ebi.ac.uk/vol1/fastq/ERR137/ERR137793/ERR137793_1.fastq.gz	https://ftp.sra.ebi.ac.uk/vol1/fastq/ERR137/ERR137793/ERR137793_2.fastq.gz	SAMEA1466139	3072762	s
ERR137810	PAIRED	https://ftp.sra.ebi.ac.uk/vol1/fastq/ERR137/ERR137810/ERR137810_1.fastq.gz	https://ftp.sra.ebi.ac.uk/vol1/fastq/ERR137/ERR137810/ERR137810_2.fastq.gz	SAMEA1466100	3815519	s
ERR137817	PAIRED	https://ftp.sra.ebi.ac.uk/vol1/fastq/ERR137/ERR137817/ERR137817_1.fastq.gz	https://ftp.sra.ebi.ac.uk/vol1/fastq/ERR137/ERR137817/ERR137817_2.fastq.gz	SAMEA1466177	2912863	s
ERR137824	PAIRED	https://ftp.sra.ebi.ac.uk/vol1/fastq/ERR137/ERR137824/ERR137824_1.fastq.gz	https://ftp.sra.ebi.ac.uk/vol1/fastq/ERR137/ERR137824/ERR137824_2.fastq.gz	SAMEA1466108	2859486	s
ERR1417737	PAIRED	https://ftp.sra.ebi.ac.uk/vol1/fastq/ERR141/007/ERR1417737/ERR1417737_1.fastq.gz	https://ftp.sra.ebi.ac.uk/vol1/fastq/ERR141/007/ERR1417737/ERR1417737_2.fastq.gz	SAMEA3993591	1458588	u
ERR1417741	PAIRED	https://ftp.sra.ebi.ac.uk/vol1/fastq/ERR141/001/ERR1417741/ERR1417741_1.fastq.gz	https://ftp.sra.ebi.ac.uk/vol1/fastq/ERR141/001/ERR1417741/ERR1417741_2.fastq.gz	SAMEA3993595	1616576	u
ERR1417743	PAIRED	https://ftp.sra.ebi.ac.uk/vol1/fastq/ERR141/003/ERR1417743/ERR1417743_1.fastq.gz	https://ftp.sra.ebi.ac.uk/vol1/fastq/ERR141/003/ERR1417743/ERR1417743_2.fastq.gz	SAMEA3993597	1495026	u
ERR1417744	PAIRED	https://ftp.sra.ebi.ac.uk/vol1/fastq/ERR141/004/ERR1417744/ERR1417744_1.fastq.gz	https://ftp.sra.ebi.ac.uk/vol1/fastq/ERR141/004/ERR1417744/ERR1417744_2.fastq.gz	SAMEA3993598	1370185	u
ERR1417753	PAIRED	https://ftp.sra.ebi.ac.uk/vol1/fastq/ERR141/003/ERR1417753/ERR1417753_1.fastq.gz	https://ftp.sra.ebi.ac.uk/vol1/fastq/ERR141/003/ERR1417753/ERR1417753_2.fastq.gz	SAMEA3993607	1417417	u
ERR1417756	PAIRED	https://ftp.sra.ebi.ac.uk/vol1/fastq/ERR141/006/ERR1417756/ERR1417756_1.fastq.gz	https://ftp.sra.ebi.ac.uk/vol1/fastq/ERR141/006/ERR1417756/ERR1417756_2.fastq.gz	SAMEA3993610	1563813	u
ERR1417761	PAIRED	https://ftp.sra.ebi.ac.uk/vol1/fastq/ERR141/001/ERR1417761/ERR1417761_1.fastq.gz	https://ftp.sra.ebi.ac.uk/vol1/fastq/ERR141/001/ERR1417761/ERR1417761_2.fastq.gz	SAMEA3993615	1645687	u
ERR1737209	PAIRED	https://ftp.sra.ebi.ac.uk/vol1/fastq/ERR173/009/ERR1737209/ERR1737209_1.fastq.gz	https://ftp.sra.ebi.ac.uk/vol1/fastq/ERR173/009/ERR1737209/ERR1737209_2.fastq.gz	SAMEA4555338	706469	u
ERR1737210	PAIRED	https://ftp.sra.ebi.ac.uk/vol1/fastq/ERR173/000/ERR1737210/ERR1737210_1.fastq.gz	https://ftp.sra.ebi.ac.uk/vol1/fastq/ERR173/000/ERR1737210/ERR1737210_2.fastq.gz	SAMEA4555339	588649	u
ERR1737215	PAIRED	https://ftp.sra.ebi.ac.uk/vol1/fastq/ERR173/005/ERR1737215/ERR1737215_1.fastq.gz	https://ftp.sra.ebi.ac.uk/vol1/fastq/ERR173/005/ERR1737215/ERR1737215_2.fastq.gz	SAMEA4555344	826764	u
ERR1737217	PAIRED	https://ftp.sra.ebi.ac.uk/vol1/fastq/ERR173/007/ERR1737217/ERR1737217_1.fastq.gz	https://ftp.sra.ebi.ac.uk/vol1/fastq/ERR173/007/ERR1737217/ERR1737217_2.fastq.gz	SAMEA4555346	464319	u
ERR178159	PAIRED	https://ftp.sra.ebi.ac.uk/vol1/fastq/ERR178/ERR178159/ERR178159_1.fastq.gz	https://ftp.sra.ebi.ac.uk/vol1/fastq/ERR178/ERR178159/ERR178159_2.fastq.gz	SAMEA1531056	2062075	s
ERR178172	PAIRED	https://ftp.sra.ebi.ac.uk/vol1/fastq/ERR178/ERR178172/ERR178172_1.fastq.gz	https://ftp.sra.ebi.ac.uk/vol1/fastq/ERR178/ERR178172/ERR178172_2.fastq.gz	SAMEA1531035	2411803	s
ERR178177	PAIRED	https://ftp.sra.ebi.ac.uk/vol1/fastq/ERR178/ERR178177/ERR178177_1.fastq.gz	https://ftp.sra.ebi.ac.uk/vol1/fastq/ERR178/ERR178177/ERR178177_2.fastq.gz	SAMEA1531016	948811	s
ERR178178	PAIRED	https://ftp.sra.ebi.ac.uk/vol1/fastq/ERR178/ERR178178/ERR178178_1.fastq.gz	https://ftp.sra.ebi.ac.uk/vol1/fastq/ERR178/ERR178178/ERR178178_2.fastq.gz	SAMEA1530998	1093009	s
ERR178182	PAIRED	https://ftp.sra.ebi.ac.uk/vol1/fastq/ERR178/ERR178182/ERR178182_1.fastq.gz	https://ftp.sra.ebi.ac.uk/vol1/fastq/ERR178/ERR178182/ERR178182_2.fastq.gz	SAMEA1530988	2323945	s
ERR178183	PAIRED	https://ftp.sra.ebi.ac.uk/vol1/fastq/ERR178/ERR178183/ERR178183_1.fastq.gz	https://ftp.sra.ebi.ac.uk/vol1/fastq/ERR178/ERR178183/ERR178183_2.fastq.gz	SAMEA1531055	1729938	s
ERR178184	PAIRED	https://ftp.sra.ebi.ac.uk/vol1/fastq/ERR178/ERR178184/ERR178184_1.fastq.gz	https://ftp.sra.ebi.ac.uk/vol1/fastq/ERR178/ERR178184/ERR178184_2.fastq.gz	SAMEA1531052	1560343	s
ERR178188	PAIRED	https://ftp.sra.ebi.ac.uk/vol1/fastq/ERR178/ERR178188/ERR178188_1.fastq.gz	https://ftp.sra.ebi.ac.uk/vol1/fastq/ERR178/ERR178188/ERR178188_2.fastq.gz	SAMEA1531028	1651338	r
ERR178191	PAIRED	https://ftp.sra.ebi.ac.uk/vol1/fastq/ERR178/ERR178191/ERR178191_1.fastq.gz	https://ftp.sra.ebi.ac.uk/vol1/fastq/ERR178/ERR178191/ERR178191_2.fastq.gz	SAMEA1531058	1184488	s
ERR178205	PAIRED	https://ftp.sra.ebi.ac.uk/vol1/fastq/ERR178/ERR178205/ERR178205_1.fastq.gz	https://ftp.sra.ebi.ac.uk/vol1/fastq/ERR178/ERR178205/ERR178205_2.fastq.gz	SAMEA1530993	862694	s
ERR178210	PAIRED	https://ftp.sra.ebi.ac.uk/vol1/fastq/ERR178/ERR178210/ERR178210_1.fastq.gz	https://ftp.sra.ebi.ac.uk/vol1/fastq/ERR178/ERR178210/ERR178210_2.fastq.gz	SAMEA1531043	1652978	s
ERR178212	PAIRED	https://ftp.sra.ebi.ac.uk/vol1/fastq/ERR178/ERR178212/ERR178212_1.fastq.gz	https://ftp.sra.ebi.ac.uk/vol1/fastq/ERR178/ERR178212/ERR178212_2.fastq.gz	SAMEA1531033	1045660	s
ERR1878174	PAIRED	https://ftp.sra.ebi.ac.uk/vol1/fastq/ERR187/004/ERR1878174/ERR1878174_1.fastq.gz	https://ftp.sra.ebi.ac.uk/vol1/fastq/ERR187/004/ERR1878174/ERR1878174_2.fastq.gz	SAMEA4370216	2554544	u
ERR1878175	PAIRED	https://ftp.sra.ebi.ac.uk/vol1/fastq/ERR187/005/ERR1878175/ERR1878175_1.fastq.gz	https://ftp.sra.ebi.ac.uk/vol1/fastq/ERR187/005/ERR1878175/ERR1878175_2.fastq.gz	SAMEA4370217	2308786	u
ERR1878197	PAIRED	https://ftp.sra.ebi.ac.uk/vol1/fastq/ERR187/007/ERR1878197/ERR1878197_1.fastq.gz	https://ftp.sra.ebi.ac.uk/vol1/fastq/ERR187/007/ERR1878197/ERR1878197_2.fastq.gz	SAMEA4370239	2251362	u
ERR1878202	PAIRED	https://ftp.sra.ebi.ac.uk/vol1/fastq/ERR187/002/ERR1878202/ERR1878202_1.fastq.gz	https://ftp.sra.ebi.ac.uk/vol1/fastq/ERR187/002/ERR1878202/ERR1878202_2.fastq.gz	SAMEA4370244	3004360	u
ERR1878228	PAIRED	https://ftp.sra.ebi.ac.uk/vol1/fastq/ERR187/008/ERR1878228/ERR1878228_1.fastq.gz	https://ftp.sra.ebi.ac.uk/vol1/fastq/ERR187/008/ERR1878228/ERR1878228_2.fastq.gz	SAMEA4370270	2820924	u
ERR1878236	PAIRED	https://ftp.sra.ebi.ac.uk/vol1/fastq/ERR187/006/ERR1878236/ERR1878236_1.fastq.gz	https://ftp.sra.ebi.ac.uk/vol1/fastq/ERR187/006/ERR1878236/ERR1878236_2.fastq.gz	SAMEA4370278	2815722	u
ERR1878247	PAIRED	https://ftp.sra.ebi.ac.uk/vol1/fastq/ERR187/007/ERR1878247/ERR1878247_1.fastq.gz	https://ftp.sra.ebi.ac.uk/vol1/fastq/ERR187/007/ERR1878247/ERR1878247_2.fastq.gz	SAMEA4370289	2541110	u
ERR1878258	PAIRED	https://ftp.sra.ebi.ac.uk/vol1/fastq/ERR187/008/ERR1878258/ERR1878258_1.fastq.gz	https://ftp.sra.ebi.ac.uk/vol1/fastq/ERR187/008/ERR1878258/ERR1878258_2.fastq.gz	SAMEA4370300	2339052	u
ERR1878268	PAIRED	https://ftp.sra.ebi.ac.uk/vol1/fastq/ERR187/008/ERR1878268/ERR1878268_1.fastq.gz	https://ftp.sra.ebi.ac.uk/vol1/fastq/ERR187/008/ERR1878268/ERR1878268_2.fastq.gz	SAMEA4370310	2559682	u
ERR1878273	PAIRED	https://ftp.sra.ebi.ac.uk/vol1/fastq/ERR187/003/ERR1878273/ERR1878273_1.fastq.gz	https://ftp.sra.ebi.ac.uk/vol1/fastq/ERR187/003/ERR1878273/ERR1878273_2.fastq.gz	SAMEA4370315	2874374	u
ERR1878276	PAIRED	https://ftp.sra.ebi.ac.uk/vol1/fastq/ERR187/006/ERR1878276/ERR1878276_1.fastq.gz	https://ftp.sra.ebi.ac.uk/vol1/fastq/ERR187/006/ERR1878276/ERR1878276_2.fastq.gz	SAMEA4370318	2635332	u
ERR1878285	PAIRED	https://ftp.sra.ebi.ac.uk/vol1/fastq/ERR187/005/ERR1878285/ERR1878285_1.fastq.gz	https://ftp.sra.ebi.ac.uk/vol1/fastq/ERR187/005/ERR1878285/ERR1878285_2.fastq.gz	SAMEA4370327	3075982	u
ERR1878298	PAIRED	https://ftp.sra.ebi.ac.uk/vol1/fastq/ERR187/008/ERR1878298/ERR1878298_1.fastq.gz	https://ftp.sra.ebi.ac.uk/vol1/fastq/ERR187/008/ERR1878298/ERR1878298_2.fastq.gz	SAMEA4370340	2792070	u
ERR1878333	PAIRED	https://ftp.sra.ebi.ac.uk/vol1/fastq/ERR187/003/ERR1878333/ERR1878333_1.fastq.gz	https://ftp.sra.ebi.ac.uk/vol1/fastq/ERR187/003/ERR1878333/ERR1878333_2.fastq.gz	SAMEA4370376	2335532	u
ERR1878338	PAIRED	https://ftp.sra.ebi.ac.uk/vol1/fastq/ERR187/008/ERR1878338/ERR1878338_1.fastq.gz	https://ftp.sra.ebi.ac.uk/vol1/fastq/ERR187/008/ERR1878338/ERR1878338_2.fastq.gz	SAMEA4370381	3058612	u
ERR1878340	PAIRED	https://ftp.sra.ebi.ac.uk/vol1/fastq/ERR187/000/ERR1878340/ERR1878340_1.fastq.gz	https://ftp.sra.ebi.ac.uk/vol1/fastq/ERR187/000/ERR1878340/ERR1878340_2.fastq.gz	SAMEA4370383	2773864	u
ERR1878343	PAIRED	https://ftp.sra.ebi.ac.uk/vol1/fastq/ERR187/003/ERR1878343/ERR1878343_1.fastq.gz	https://ftp.sra.ebi.ac.uk/vol1/fastq/ERR187/003/ERR1878343/ERR1878343_2.fastq.gz	SAMEA4370386	2511132	u
ERR1878344	PAIRED	https://ftp.sra.ebi.ac.uk/vol1/fastq/ERR187/004/ERR1878344/ERR1878344_1.fastq.gz	https://ftp.sra.ebi.ac.uk/vol1/fastq/ERR187/004/ERR1878344/ERR1878344_2.fastq.gz	SAMEA4370387	2383358	u
ERR1878345	PAIRED	https://ftp.sra.ebi.ac.uk/vol1/fastq/ERR187/005/ERR1878345/ERR1878345_1.fastq.gz	https://ftp.sra.ebi.ac.uk/vol1/fastq/ERR187/005/ERR1878345/ERR1878345_2.fastq.gz	SAMEA4370388	2954968	u
ERR1878347	PAIRED	https://ftp.sra.ebi.ac.uk/vol1/fastq/ERR187/007/ERR1878347/ERR1878347_1.fastq.gz	https://ftp.sra.ebi.ac.uk/vol1/fastq/ERR187/007/ERR1878347/ERR1878347_2.fastq.gz	SAMEA4370390	2796324	u
ERR1878358	PAIRED	https://ftp.sra.ebi.ac.uk/vol1/fastq/ERR187/008/ERR1878358/ERR1878358_1.fastq.gz	https://ftp.sra.ebi.ac.uk/vol1/fastq/ERR187/008/ERR1878358/ERR1878358_2.fastq.gz	SAMEA4370401	2130992	u
ERR1878373	PAIRED	https://ftp.sra.ebi.ac.uk/vol1/fastq/ERR187/003/ERR1878373/ERR1878373_1.fastq.gz	https://ftp.sra.ebi.ac.uk/vol1/fastq/ERR187/003/ERR1878373/ERR1878373_2.fastq.gz	SAMEA4370416	2530770	u
ERR1878376	PAIRED	https://ftp.sra.ebi.ac.uk/vol1/fastq/ERR187/006/ERR1878376/ERR1878376_1.fastq.gz	https://ftp.sra.ebi.ac.uk/vol1/fastq/ERR187/006/ERR1878376/ERR1878376_2.fastq.gz	SAMEA4370419	3342744	u
ERR1878381	PAIRED	https://ftp.sra.ebi.ac.uk/vol1/fastq/ERR187/001/ERR1878381/ERR1878381_1.fastq.gz	https://ftp.sra.ebi.ac.uk/vol1/fastq/ERR187/001/ERR1878381/ERR1878381_2.fastq.gz	SAMEA4370424	2537462	u
ERR1878384	PAIRED	https://ftp.sra.ebi.ac.uk/vol1/fastq/ERR187/004/ERR1878384/ERR1878384_1.fastq.gz	https://ftp.sra.ebi.ac.uk/vol1/fastq/ERR187/004/ERR1878384/ERR1878384_2.fastq.gz	SAMEA4370427	2516008	u
ERR1878465	PAIRED	https://ftp.sra.ebi.ac.uk/vol1/fastq/ERR187/005/ERR1878465/ERR1878465_1.fastq.gz	https://ftp.sra.ebi.ac.uk/vol1/fastq/ERR187/005/ERR1878465/ERR1878465_2.fastq.gz	SAMEA4370508	2533844	u
ERR1912615	PAIRED	https://ftp.sra.ebi.ac.uk/vol1/fastq/ERR191/005/ERR1912615/ERR1912615_1.fastq.gz	https://ftp.sra.ebi.ac.uk/vol1/fastq/ERR191/005/ERR1912615/ERR1912615_2.fastq.gz	SAMEA103923480	353931	u
ERR1912622	PAIRED	https://ftp.sra.ebi.ac.uk/vol1/fastq/ERR191/002/ERR1912622/ERR1912622_1.fastq.gz	https://ftp.sra.ebi.ac.uk/vol1/fastq/ERR191/002/ERR1912622/ERR1912622_2.fastq.gz	SAMEA103923487	857286	u
ERR1912631	PAIRED	https://ftp.sra.ebi.ac.uk/vol1/fastq/ERR191/001/ERR1912631/ERR1912631_1.fastq.gz	https://ftp.sra.ebi.ac.uk/vol1/fastq/ERR191/001/ERR1912631/ERR1912631_2.fastq.gz	SAMEA103923496	1055884	u
ERR1981373	PAIRED	https://ftp.sra.ebi.ac.uk/vol1/fastq/ERR198/003/ERR1981373/ERR1981373_1.fastq.gz	https://ftp.sra.ebi.ac.uk/vol1/fastq/ERR198/003/ERR1981373/ERR1981373_2.fastq.gz	SAMEA104077104	3615537	u
ERR1987533	PAIRED	https://ftp.sra.ebi.ac.uk/vol1/fastq/ERR198/003/ERR1987533/ERR1987533_1.fastq.gz	https://ftp.sra.ebi.ac.uk/vol1/fastq/ERR198/003/ERR1987533/ERR1987533_2.fastq.gz	SAMEA104083450	3502632	u
ERR1987773	PAIRED	https://ftp.sra.ebi.ac.uk/vol1/fastq/ERR198/003/ERR1987773/ERR1987773_1.fastq.gz	https://ftp.sra.ebi.ac.uk/vol1/fastq/ERR198/003/ERR1987773/ERR1987773_2.fastq.gz	SAMEA104083542	3395882	u
ERR1990254	PAIRED	https://ftp.sra.ebi.ac.uk/vol1/fastq/ERR199/004/ERR1990254/ERR1990254_1.fastq.gz	https://ftp.sra.ebi.ac.uk/vol1/fastq/ERR199/004/ERR1990254/ERR1990254_2.fastq.gz	SAMEA104091835	3513698	u
ERR1990255	PAIRED	https://ftp.sra.ebi.ac.uk/vol1/fastq/ERR199/005/ERR1990255/ERR1990255_1.fastq.gz	https://ftp.sra.ebi.ac.uk/vol1/fastq/ERR199/005/ERR1990255/ERR1990255_2.fastq.gz	SAMEA104091836	3505420	u
ERR1995411	PAIRED	https://ftp.sra.ebi.ac.uk/vol1/fastq/ERR199/001/ERR1995411/ERR1995411_1.fastq.gz	https://ftp.sra.ebi.ac.uk/vol1/fastq/ERR199/001/ERR1995411/ERR1995411_2.fastq.gz	SAMEA104107456	1498609	u
ERR1995412	PAIRED	https://ftp.sra.ebi.ac.uk/vol1/fastq/ERR199/002/ERR1995412/ERR1995412_1.fastq.gz	https://ftp.sra.ebi.ac.uk/vol1/fastq/ERR199/002/ERR1995412/ERR1995412_2.fastq.gz	SAMEA104107457	904674	u
ERR1995431	PAIRED	https://ftp.sra.ebi.ac.uk/vol1/fastq/ERR199/001/ERR1995431/ERR1995431_1.fastq.gz	https://ftp.sra.ebi.ac.uk/vol1/fastq/ERR199/001/ERR1995431/ERR1995431_2.fastq.gz	SAMEA104107476	900298	u
ERR1995447	PAIRED	https://ftp.sra.ebi.ac.uk/vol1/fastq/ERR199/007/ERR1995447/ERR1995447_1.fastq.gz	https://ftp.sra.ebi.ac.uk/vol1/fastq/ERR199/007/ERR1995447/ERR1995447_2.fastq.gz	SAMEA104107492	646397	u
ERR1995448	PAIRED	https://ftp.sra.ebi.ac.uk/vol1/fastq/ERR199/008/ERR1995448/ERR1995448_1.fastq.gz	https://ftp.sra.ebi.ac.uk/vol1/fastq/ERR199/008/ERR1995448/ERR1995448_2.fastq.gz	SAMEA104107493	671429	u
ERR1995449	PAIRED	https://ftp.sra.ebi.ac.uk/vol1/fastq/ERR199/009/ERR1995449/ERR1995449_1.fastq.gz	https://ftp.sra.ebi.ac.uk/vol1/fastq/ERR199/009/ERR1995449/ERR1995449_2.fastq.gz	SAMEA104107494	515799	u
ERR1995451	PAIRED	https://ftp.sra.ebi.ac.uk/vol1/fastq/ERR199/001/ERR1995451/ERR1995451_1.fastq.gz	https://ftp.sra.ebi.ac.uk/vol1/fastq/ERR199/001/ERR1995451/ERR1995451_2.fastq.gz	SAMEA104107496	1148839	u
ERR1995460	PAIRED	https://ftp.sra.ebi.ac.uk/vol1/fastq/ERR199/000/ERR1995460/ERR1995460_1.fastq.gz	https://ftp.sra.ebi.ac.uk/vol1/fastq/ERR199/000/ERR1995460/ERR1995460_2.fastq.gz	SAMEA104107505	1140385	u
ERR1995469	PAIRED	https://ftp.sra.ebi.ac.uk/vol1/fastq/ERR199/009/ERR1995469/ERR1995469_1.fastq.gz	https://ftp.sra.ebi.ac.uk/vol1/fastq/ERR199/009/ERR1995469/ERR1995469_2.fastq.gz	SAMEA104107514	1109148	u
ERR1995472	PAIRED	https://ftp.sra.ebi.ac.uk/vol1/fastq/ERR199/002/ERR1995472/ERR1995472_1.fastq.gz	https://ftp.sra.ebi.ac.uk/vol1/fastq/ERR199/002/ERR1995472/ERR1995472_2.fastq.gz	SAMEA104107517	811478	u
ERR1995479	PAIRED	https://ftp.sra.ebi.ac.uk/vol1/fastq/ERR199/009/ERR1995479/ERR1995479_1.fastq.gz	https://ftp.sra.ebi.ac.uk/vol1/fastq/ERR199/009/ERR1995479/ERR1995479_2.fastq.gz	SAMEA104107524	694733	u
ERR1995481	PAIRED	https://ftp.sra.ebi.ac.uk/vol1/fastq/ERR199/001/ERR1995481/ERR1995481_1.fastq.gz	https://ftp.sra.ebi.ac.uk/vol1/fastq/ERR199/001/ERR1995481/ERR1995481_2.fastq.gz	SAMEA104107526	1087029	u
ERR1995490	PAIRED	https://ftp.sra.ebi.ac.uk/vol1/fastq/ERR199/000/ERR1995490/ERR1995490_1.fastq.gz	https://ftp.sra.ebi.ac.uk/vol1/fastq/ERR199/000/ERR1995490/ERR1995490_2.fastq.gz	SAMEA104107535	770731	u
ERR1995496	PAIRED	https://ftp.sra.ebi.ac.uk/vol1/fastq/ERR199/006/ERR1995496/ERR1995496_1.fastq.gz	https://ftp.sra.ebi.ac.uk/vol1/fastq/ERR199/006/ERR1995496/ERR1995496_2.fastq.gz	SAMEA104107541	446668	u
ERR1995500	PAIRED	https://ftp.sra.ebi.ac.uk/vol1/fastq/ERR199/000/ERR1995500/ERR1995500_1.fastq.gz	https://ftp.sra.ebi.ac.uk/vol1/fastq/ERR199/000/ERR1995500/ERR1995500_2.fastq.gz	SAMEA104107545	2171742	u
ERR2010892	PAIRED	https://ftp.sra.ebi.ac.uk/vol1/fastq/ERR201/002/ERR2010892/ERR2010892_1.fastq.gz	https://ftp.sra.ebi.ac.uk/vol1/fastq/ERR201/002/ERR2010892/ERR2010892_2.fastq.gz	SAMEA104128285	1707906	s
ERR2010898	PAIRED	https://ftp.sra.ebi.ac.uk/vol1/fastq/ERR201/008/ERR2010898/ERR2010898_1.fastq.gz	https://ftp.sra.ebi.ac.uk/vol1/fastq/ERR201/008/ERR2010898/ERR2010898_2.fastq.gz	SAMEA104128291	1790279	s
ERR2010925	PAIRED	https://ftp.sra.ebi.ac.uk/vol1/fastq/ERR201/005/ERR2010925/ERR2010925_1.fastq.gz	https://ftp.sra.ebi.ac.uk/vol1/fastq/ERR201/005/ERR2010925/ERR2010925_2.fastq.gz	SAMEA104128318	7231672	s
ERR2010929	PAIRED	https://ftp.sra.ebi.ac.uk/vol1/fastq/ERR201/009/ERR2010929/ERR2010929_1.fastq.gz	https://ftp.sra.ebi.ac.uk/vol1/fastq/ERR201/009/ERR2010929/ERR2010929_2.fastq.gz	SAMEA104128322	2227687	s
ERR2010934	PAIRED	https://ftp.sra.ebi.ac.uk/vol1/fastq/ERR201/004/ERR2010934/ERR2010934_1.fastq.gz	https://ftp.sra.ebi.ac.uk/vol1/fastq/ERR201/004/ERR2010934/ERR2010934_2.fastq.gz	SAMEA104128327	2073908	s
ERR2010949	PAIRED	https://ftp.sra.ebi.ac.uk/vol1/fastq/ERR201/009/ERR2010949/ERR2010949_1.fastq.gz	https://ftp.sra.ebi.ac.uk/vol1/fastq/ERR201/009/ERR2010949/ERR2010949_2.fastq.gz	SAMEA104128342	2132485	s
ERR2010960	PAIRED	https://ftp.sra.ebi.ac.uk/vol1/fastq/ERR201/000/ERR2010960/ERR2010960_1.fastq.gz	https://ftp.sra.ebi.ac.uk/vol1/fastq/ERR201/000/ERR2010960/ERR2010960_2.fastq.gz	SAMEA104128353	2059432	s
ERR2010966	PAIRED	https://ftp.sra.ebi.ac.uk/vol1/fastq/ERR201/006/ERR2010966/ERR2010966_1.fastq.gz	https://ftp.sra.ebi.ac.uk/vol1/fastq/ERR201/006/ERR2010966/ERR2010966_2.fastq.gz	SAMEA104128359	2126585	s
ERR2019147	PAIRED	https://ftp.sra.ebi.ac.uk/vol1/fastq/ERR201/007/ERR2019147/ERR2019147_1.fastq.gz	https://ftp.sra.ebi.ac.uk/vol1/fastq/ERR201/007/ERR2019147/ERR2019147_2.fastq.gz	SAMEA104142866	893910	u
ERR2019162	PAIRED	https://ftp.sra.ebi.ac.uk/vol1/fastq/ERR201/002/ERR2019162/ERR2019162_1.fastq.gz	https://ftp.sra.ebi.ac.uk/vol1/fastq/ERR201/002/ERR2019162/ERR2019162_2.fastq.gz	SAMEA104142881	750823	u
ERR2019171	PAIRED	https://ftp.sra.ebi.ac.uk/vol1/fastq/ERR201/001/ERR2019171/ERR2019171_1.fastq.gz	https://ftp.sra.ebi.ac.uk/vol1/fastq/ERR201/001/ERR2019171/ERR2019171_2.fastq.gz	SAMEA104142890	840684	u
ERR2019190	PAIRED	https://ftp.sra.ebi.ac.uk/vol1/fastq/ERR201/000/ERR2019190/ERR2019190_1.fastq.gz	https://ftp.sra.ebi.ac.uk/vol1/fastq/ERR201/000/ERR2019190/ERR2019190_2.fastq.gz	SAMEA104142909	2401373	u
ERR2019245	PAIRED	https://ftp.sra.ebi.ac.uk/vol1/fastq/ERR201/005/ERR2019245/ERR2019245_1.fastq.gz	https://ftp.sra.ebi.ac.uk/vol1/fastq/ERR201/005/ERR2019245/ERR2019245_2.fastq.gz	SAMEA104142964	2210432	u
ERR2019246	PAIRED	https://ftp.sra.ebi.ac.uk/vol1/fastq/ERR201/006/ERR2019246/ERR2019246_1.fastq.gz	https://ftp.sra.ebi.ac.uk/vol1/fastq/ERR201/006/ERR2019246/ERR2019246_2.fastq.gz	SAMEA104142965	1309142	u
ERR2019253	PAIRED	https://ftp.sra.ebi.ac.uk/vol1/fastq/ERR201/003/ERR2019253/ERR2019253_1.fastq.gz	https://ftp.sra.ebi.ac.uk/vol1/fastq/ERR201/003/ERR2019253/ERR2019253_2.fastq.gz	SAMEA104142972	2169494	u
ERR2044057	PAIRED	https://ftp.sra.ebi.ac.uk/vol1/fastq/ERR204/007/ERR2044057/ERR2044057_1.fastq.gz	https://ftp.sra.ebi.ac.uk/vol1/fastq/ERR204/007/ERR2044057/ERR2044057_2.fastq.gz	SAMEA104175428	758344	u
ERR2044058	PAIRED	https://ftp.sra.ebi.ac.uk/vol1/fastq/ERR204/008/ERR2044058/ERR2044058_1.fastq.gz	https://ftp.sra.ebi.ac.uk/vol1/fastq/ERR204/008/ERR2044058/ERR2044058_2.fastq.gz	SAMEA104175429	1265851	u
ERR2044070	PAIRED	https://ftp.sra.ebi.ac.uk/vol1/fastq/ERR204/000/ERR2044070/ERR2044070_1.fastq.gz	https://ftp.sra.ebi.ac.uk/vol1/fastq/ERR204/000/ERR2044070/ERR2044070_2.fastq.gz	SAMEA104175441	728711	u
ERR2044076	PAIRED	https://ftp.sra.ebi.ac.uk/vol1/fastq/ERR204/006/ERR2044076/ERR2044076_1.fastq.gz	https://ftp.sra.ebi.ac.uk/vol1/fastq/ERR204/006/ERR2044076/ERR2044076_2.fastq.gz	SAMEA104175447	973742	u
ERR2044077	PAIRED	https://ftp.sra.ebi.ac.uk/vol1/fastq/ERR204/007/ERR2044077/ERR2044077_1.fastq.gz	https://ftp.sra.ebi.ac.uk/vol1/fastq/ERR204/007/ERR2044077/ERR2044077_2.fastq.gz	SAMEA104175448	547245	u
ERR2044078	PAIRED	https://ftp.sra.ebi.ac.uk/vol1/fastq/ERR204/008/ERR2044078/ERR2044078_1.fastq.gz	https://ftp.sra.ebi.ac.uk/vol1/fastq/ERR204/008/ERR2044078/ERR2044078_2.fastq.gz	SAMEA104175449	1382032	u
ERR2044079	PAIRED	https://ftp.sra.ebi.ac.uk/vol1/fastq/ERR204/009/ERR2044079/ERR2044079_1.fastq.gz	https://ftp.sra.ebi.ac.uk/vol1/fastq/ERR204/009/ERR2044079/ERR2044079_2.fastq.gz	SAMEA104175450	1088558	u
ERR2044101	PAIRED	https://ftp.sra.ebi.ac.uk/vol1/fastq/ERR204/001/ERR2044101/ERR2044101_1.fastq.gz	https://ftp.sra.ebi.ac.uk/vol1/fastq/ERR204/001/ERR2044101/ERR2044101_2.fastq.gz	SAMEA104175472	1831470	u
ERR2044105	PAIRED	https://ftp.sra.ebi.ac.uk/vol1/fastq/ERR204/005/ERR2044105/ERR2044105_1.fastq.gz	https://ftp.sra.ebi.ac.uk/vol1/fastq/ERR204/005/ERR2044105/ERR2044105_2.fastq.gz	SAMEA104175476	1311762	u
ERR2044106	PAIRED	https://ftp.sra.ebi.ac.uk/vol1/fastq/ERR204/006/ERR2044106/ERR2044106_1.fastq.gz	https://ftp.sra.ebi.ac.uk/vol1/fastq/ERR204/006/ERR2044106/ERR2044106_2.fastq.gz	SAMEA104175477	1829949	u
ERR2044111	PAIRED	https://ftp.sra.ebi.ac.uk/vol1/fastq/ERR204/001/ERR2044111/ERR2044111_1.fastq.gz	https://ftp.sra.ebi.ac.uk/vol1/fastq/ERR204/001/ERR2044111/ERR2044111_2.fastq.gz	SAMEA104175482	1886981	u
ERR2044142	PAIRED	https://ftp.sra.ebi.ac.uk/vol1/fastq/ERR204/002/ERR2044142/ERR2044142_1.fastq.gz	https://ftp.sra.ebi.ac.uk/vol1/fastq/ERR204/002/ERR2044142/ERR2044142_2.fastq.gz	SAMEA104175416	1628388	u
ERR2060036	PAIRED	https://ftp.sra.ebi.ac.uk/vol1/fastq/ERR206/006/ERR2060036/ERR2060036_1.fastq.gz	https://ftp.sra.ebi.ac.uk/vol1/fastq/ERR206/006/ERR2060036/ERR2060036_2.fastq.gz	SAMEA104188684	2024175	u
ERR2060061	PAIRED	https://ftp.sra.ebi.ac.uk/vol1/fastq/ERR206/001/ERR2060061/ERR2060061_1.fastq.gz	https://ftp.sra.ebi.ac.uk/vol1/fastq/ERR206/001/ERR2060061/ERR2060061_2.fastq.gz	SAMEA104188709	1687007	u
ERR2060065	PAIRED	https://ftp.sra.ebi.ac.uk/vol1/fastq/ERR206/005/ERR2060065/ERR2060065_1.fastq.gz	https://ftp.sra.ebi.ac.uk/vol1/fastq/ERR206/005/ERR2060065/ERR2060065_2.fastq.gz	SAMEA104188713	1461818	u
ERR2060071	PAIRED	https://ftp.sra.ebi.ac.uk/vol1/fastq/ERR206/001/ERR2060071/ERR2060071_1.fastq.gz	https://ftp.sra.ebi.ac.uk/vol1/fastq/ERR206/001/ERR2060071/ERR2060071_2.fastq.gz	SAMEA104188719	1702514	u
ERR2060075	PAIRED	https://ftp.sra.ebi.ac.uk/vol1/fastq/ERR206/005/ERR2060075/ERR2060075_1.fastq.gz	https://ftp.sra.ebi.ac.uk/vol1/fastq/ERR206/005/ERR2060075/ERR2060075_2.fastq.gz	SAMEA104188723	1404003	u
ERR2060086	PAIRED	https://ftp.sra.ebi.ac.uk/vol1/fastq/ERR206/006/ERR2060086/ERR2060086_1.fastq.gz	https://ftp.sra.ebi.ac.uk/vol1/fastq/ERR206/006/ERR2060086/ERR2060086_2.fastq.gz	SAMEA104188734	1497986	u
ERR2060088	PAIRED	https://ftp.sra.ebi.ac.uk/vol1/fastq/ERR206/008/ERR2060088/ERR2060088_1.fastq.gz	https://ftp.sra.ebi.ac.uk/vol1/fastq/ERR206/008/ERR2060088/ERR2060088_2.fastq.gz	SAMEA104188736	1442034	u
ERR2060098	PAIRED	https://ftp.sra.ebi.ac.uk/vol1/fastq/ERR206/008/ERR2060098/ERR2060098_1.fastq.gz	https://ftp.sra.ebi.ac.uk/vol1/fastq/ERR206/008/ERR2060098/ERR2060098_2.fastq.gz	SAMEA104188746	1082575	u
ERR2060100	PAIRED	https://ftp.sra.ebi.ac.uk/vol1/fastq/ERR206/000/ERR2060100/ERR2060100_1.fastq.gz	https://ftp.sra.ebi.ac.uk/vol1/fastq/ERR206/000/ERR2060100/ERR2060100_2.fastq.gz	SAMEA104188748	1155482	u
ERR2060128	PAIRED	https://ftp.sra.ebi.ac.uk/vol1/fastq/ERR206/008/ERR2060128/ERR2060128_1.fastq.gz	https://ftp.sra.ebi.ac.uk/vol1/fastq/ERR206/008/ERR2060128/ERR2060128_2.fastq.gz	SAMEA104188776	1012279	u
ERR2060129	PAIRED	https://ftp.sra.ebi.ac.uk/vol1/fastq/ERR206/009/ERR2060129/ERR2060129_1.fastq.gz	https://ftp.sra.ebi.ac.uk/vol1/fastq/ERR206/009/ERR2060129/ERR2060129_2.fastq.gz	SAMEA104188777	1074571	u
ERR2060133	PAIRED	https://ftp.sra.ebi.ac.uk/vol1/fastq/ERR206/003/ERR2060133/ERR2060133_1.fastq.gz	https://ftp.sra.ebi.ac.uk/vol1/fastq/ERR206/003/ERR2060133/ERR2060133_2.fastq.gz	SAMEA104188781	1100056	u
ERR2060136	PAIRED	https://ftp.sra.ebi.ac.uk/vol1/fastq/ERR206/006/ERR2060136/ERR2060136_1.fastq.gz	https://ftp.sra.ebi.ac.uk/vol1/fastq/ERR206/006/ERR2060136/ERR2060136_2.fastq.gz	SAMEA104188784	1132482	u
ERR2060142	PAIRED	https://ftp.sra.ebi.ac.uk/vol1/fastq/ERR206/002/ERR2060142/ERR2060142_1.fastq.gz	https://ftp.sra.ebi.ac.uk/vol1/fastq/ERR206/002/ERR2060142/ERR2060142_2.fastq.gz	SAMEA104188790	1051161	u
ERR2124241	PAIRED	https://ftp.sra.ebi.ac.uk/vol1/fastq/ERR212/001/ERR2124241/ERR2124241_1.fastq.gz	https://ftp.sra.ebi.ac.uk/vol1/fastq/ERR212/001/ERR2124241/ERR2124241_2.fastq.gz	SAMEA104305651	3349912	u
ERR2124244	PAIRED	https://ftp.sra.ebi.ac.uk/vol1/fastq/ERR212/004/ERR2124244/ERR2124244_1.fastq.gz	https://ftp.sra.ebi.ac.uk/vol1/fastq/ERR212/004/ERR2124244/ERR2124244_2.fastq.gz	SAMEA104305654	3068926	u
ERR2124245	PAIRED	https://ftp.sra.ebi.ac.uk/vol1/fastq/ERR212/005/ERR2124245/ERR2124245_1.fastq.gz	https://ftp.sra.ebi.ac.uk/vol1/fastq/ERR212/005/ERR2124245/ERR2124245_2.fastq.gz	SAMEA104305655	2878444	u
ERR2137869	PAIRED	https://ftp.sra.ebi.ac.uk/vol1/fastq/ERR213/009/ERR2137869/ERR2137869_1.fastq.gz	https://ftp.sra.ebi.ac.uk/vol1/fastq/ERR213/009/ERR2137869/ERR2137869_2.fastq.gz	SAMEA4362735	2454652	u
ERR2137875	PAIRED	https://ftp.sra.ebi.ac.uk/vol1/fastq/ERR213/005/ERR2137875/ERR2137875_1.fastq.gz	https://ftp.sra.ebi.ac.uk/vol1/fastq/ERR213/005/ERR2137875/ERR2137875_2.fastq.gz	SAMEA4362741	2206698	u
ERR2137882	PAIRED	https://ftp.sra.ebi.ac.uk/vol1/fastq/ERR213/002/ERR2137882/ERR2137882_1.fastq.gz	https://ftp.sra.ebi.ac.uk/vol1/fastq/ERR213/002/ERR2137882/ERR2137882_2.fastq.gz	SAMEA4362748	2471558	u
ERR2137896	PAIRED	https://ftp.sra.ebi.ac.uk/vol1/fastq/ERR213/006/ERR2137896/ERR2137896_1.fastq.gz	https://ftp.sra.ebi.ac.uk/vol1/fastq/ERR213/006/ERR2137896/ERR2137896_2.fastq.gz	SAMEA4362763	2414896	u
ERR2137906	PAIRED	https://ftp.sra.ebi.ac.uk/vol1/fastq/ERR213/006/ERR2137906/ERR2137906_1.fastq.gz	https://ftp.sra.ebi.ac.uk/vol1/fastq/ERR213/006/ERR2137906/ERR2137906_2.fastq.gz	SAMEA4362773	2274628	u
ERR2137908	PAIRED	https://ftp.sra.ebi.ac.uk/vol1/fastq/ERR213/008/ERR2137908/ERR2137908_1.fastq.gz	https://ftp.sra.ebi.ac.uk/vol1/fastq/ERR213/008/ERR2137908/ERR2137908_2.fastq.gz	SAMEA4362775	2719502	u
ERR2137914	PAIRED	https://ftp.sra.ebi.ac.uk/vol1/fastq/ERR213/004/ERR2137914/ERR2137914_1.fastq.gz	https://ftp.sra.ebi.ac.uk/vol1/fastq/ERR213/004/ERR2137914/ERR2137914_2.fastq.gz	SAMEA4362781	2095256	u
ERR2137921	PAIRED	https://ftp.sra.ebi.ac.uk/vol1/fastq/ERR213/001/ERR2137921/ERR2137921_1.fastq.gz	https://ftp.sra.ebi.ac.uk/vol1/fastq/ERR213/001/ERR2137921/ERR2137921_2.fastq.gz	SAMEA4362788	2171828	u
ERR2137924	PAIRED	https://ftp.sra.ebi.ac.uk/vol1/fastq/ERR213/004/ERR2137924/ERR2137924_1.fastq.gz	https://ftp.sra.ebi.ac.uk/vol1/fastq/ERR213/004/ERR2137924/ERR2137924_2.fastq.gz	SAMEA4362791	2240486	u
ERR2137940	PAIRED	https://ftp.sra.ebi.ac.uk/vol1/fastq/ERR213/000/ERR2137940/ERR2137940_1.fastq.gz	https://ftp.sra.ebi.ac.uk/vol1/fastq/ERR213/000/ERR2137940/ERR2137940_2.fastq.gz	SAMEA4362807	2113490	u
ERR2137948	PAIRED	https://ftp.sra.ebi.ac.uk/vol1/fastq/ERR213/008/ERR2137948/ERR2137948_1.fastq.gz	https://ftp.sra.ebi.ac.uk/vol1/fastq/ERR213/008/ERR2137948/ERR2137948_2.fastq.gz	SAMEA4362815	2929462	u
ERR2137972	PAIRED	https://ftp.sra.ebi.ac.uk/vol1/fastq/ERR213/002/ERR2137972/ERR2137972_1.fastq.gz	https://ftp.sra.ebi.ac.uk/vol1/fastq/ERR213/002/ERR2137972/ERR2137972_2.fastq.gz	SAMEA4362839	2063816	u
ERR2137980	PAIRED	https://ftp.sra.ebi.ac.uk/vol1/fastq/ERR213/000/ERR2137980/ERR2137980_1.fastq.gz	https://ftp.sra.ebi.ac.uk/vol1/fastq/ERR213/000/ERR2137980/ERR2137980_2.fastq.gz	SAMEA4362848	2697210	u
ERR2137986	PAIRED	https://ftp.sra.ebi.ac.uk/vol1/fastq/ERR213/006/ERR2137986/ERR2137986_1.fastq.gz	https://ftp.sra.ebi.ac.uk/vol1/fastq/ERR213/006/ERR2137986/ERR2137986_2.fastq.gz	SAMEA4362854	2527950	u
ERR2138003	PAIRED	https://ftp.sra.ebi.ac.uk/vol1/fastq/ERR213/003/ERR2138003/ERR2138003_1.fastq.gz	https://ftp.sra.ebi.ac.uk/vol1/fastq/ERR213/003/ERR2138003/ERR2138003_2.fastq.gz	SAMEA4362872	2382366	u
ERR2138017	PAIRED	https://ftp.sra.ebi.ac.uk/vol1/fastq/ERR213/007/ERR2138017/ERR2138017_1.fastq.gz	https://ftp.sra.ebi.ac.uk/vol1/fastq/ERR213/007/ERR2138017/ERR2138017_2.fastq.gz	SAMEA4362888	2601338	u
ERR2138018	PAIRED	https://ftp.sra.ebi.ac.uk/vol1/fastq/ERR213/008/ERR2138018/ERR2138018_1.fastq.gz	https://ftp.sra.ebi.ac.uk/vol1/fastq/ERR213/008/ERR2138018/ERR2138018_2.fastq.gz	SAMEA4362889	2820632	u
ERR2138024	PAIRED	https://ftp.sra.ebi.ac.uk/vol1/fastq/ERR213/004/ERR2138024/ERR2138024_1.fastq.gz	https://ftp.sra.ebi.ac.uk/vol1/fastq/ERR213/004/ERR2138024/ERR2138024_2.fastq.gz	SAMEA4362895	2750942	u
ERR2138029	PAIRED	https://ftp.sra.ebi.ac.uk/vol1/fastq/ERR213/009/ERR2138029/ERR2138029_1.fastq.gz	https://ftp.sra.ebi.ac.uk/vol1/fastq/ERR213/009/ERR2138029/ERR2138029_2.fastq.gz	SAMEA4362900	2213426	u
ERR2138032	PAIRED	https://ftp.sra.ebi.ac.uk/vol1/fastq/ERR213/002/ERR2138032/ERR2138032_1.fastq.gz	https://ftp.sra.ebi.ac.uk/vol1/fastq/ERR213/002/ERR2138032/ERR2138032_2.fastq.gz	SAMEA4362904	2400546	u
ERR2138044	PAIRED	https://ftp.sra.ebi.ac.uk/vol1/fastq/ERR213/004/ERR2138044/ERR2138044_1.fastq.gz	https://ftp.sra.ebi.ac.uk/vol1/fastq/ERR213/004/ERR2138044/ERR2138044_2.fastq.gz	SAMEA4362916	2693786	u
ERR2138057	PAIRED	https://ftp.sra.ebi.ac.uk/vol1/fastq/ERR213/007/ERR2138057/ERR2138057_1.fastq.gz	https://ftp.sra.ebi.ac.uk/vol1/fastq/ERR213/007/ERR2138057/ERR2138057_2.fastq.gz	SAMEA4362930	2652752	u
ERR2138059	PAIRED	https://ftp.sra.ebi.ac.uk/vol1/fastq/ERR213/009/ERR2138059/ERR2138059_1.fastq.gz	https://ftp.sra.ebi.ac.uk/vol1/fastq/ERR213/009/ERR2138059/ERR2138059_2.fastq.gz	SAMEA4362932	2736052	u
ERR2138066	PAIRED	https://ftp.sra.ebi.ac.uk/vol1/fastq/ERR213/006/ERR2138066/ERR2138066_1.fastq.gz	https://ftp.sra.ebi.ac.uk/vol1/fastq/ERR213/006/ERR2138066/ERR2138066_2.fastq.gz	SAMEA4362939	2530854	u
ERR2138076	PAIRED	https://ftp.sra.ebi.ac.uk/vol1/fastq/ERR213/006/ERR2138076/ERR2138076_1.fastq.gz	https://ftp.sra.ebi.ac.uk/vol1/fastq/ERR213/006/ERR2138076/ERR2138076_2.fastq.gz	SAMEA4362950	2683022	u
ERR2138077	PAIRED	https://ftp.sra.ebi.ac.uk/vol1/fastq/ERR213/007/ERR2138077/ERR2138077_1.fastq.gz	https://ftp.sra.ebi.ac.uk/vol1/fastq/ERR213/007/ERR2138077/ERR2138077_2.fastq.gz	SAMEA4362951	2382558	u
ERR2138085	PAIRED	https://ftp.sra.ebi.ac.uk/vol1/fastq/ERR213/005/ERR2138085/ERR2138085_1.fastq.gz	https://ftp.sra.ebi.ac.uk/vol1/fastq/ERR213/005/ERR2138085/ERR2138085_2.fastq.gz	SAMEA4362960	2341524	u
ERR2138091	PAIRED	https://ftp.sra.ebi.ac.uk/vol1/fastq/ERR213/001/ERR2138091/ERR2138091_1.fastq.gz	https://ftp.sra.ebi.ac.uk/vol1/fastq/ERR213/001/ERR2138091/ERR2138091_2.fastq.gz	SAMEA4362966	2436032	u
ERR2138101	PAIRED	https://ftp.sra.ebi.ac.uk/vol1/fastq/ERR213/001/ERR2138101/ERR2138101_1.fastq.gz	https://ftp.sra.ebi.ac.uk/vol1/fastq/ERR213/001/ERR2138101/ERR2138101_2.fastq.gz	SAMEA4362976	2190080	u
ERR2138109	PAIRED	https://ftp.sra.ebi.ac.uk/vol1/fastq/ERR213/009/ERR2138109/ERR2138109_1.fastq.gz	https://ftp.sra.ebi.ac.uk/vol1/fastq/ERR213/009/ERR2138109/ERR2138109_2.fastq.gz	SAMEA4362984	2366548	u
ERR2138111	PAIRED	https://ftp.sra.ebi.ac.uk/vol1/fastq/ERR213/001/ERR2138111/ERR2138111_1.fastq.gz	https://ftp.sra.ebi.ac.uk/vol1/fastq/ERR213/001/ERR2138111/ERR2138111_2.fastq.gz	SAMEA4362986	2515706	u
ERR2138122	PAIRED	https://ftp.sra.ebi.ac.uk/vol1/fastq/ERR213/002/ERR2138122/ERR2138122_1.fastq.gz	https://ftp.sra.ebi.ac.uk/vol1/fastq/ERR213/002/ERR2138122/ERR2138122_2.fastq.gz	SAMEA4362997	2119648	u
ERR2138124	PAIRED	https://ftp.sra.ebi.ac.uk/vol1/fastq/ERR213/004/ERR2138124/ERR2138124_1.fastq.gz	https://ftp.sra.ebi.ac.uk/vol1/fastq/ERR213/004/ERR2138124/ERR2138124_2.fastq.gz	SAMEA4362999	2026664	u
ERR2138134	PAIRED	https://ftp.sra.ebi.ac.uk/vol1/fastq/ERR213/004/ERR2138134/ERR2138134_1.fastq.gz	https://ftp.sra.ebi.ac.uk/vol1/fastq/ERR213/004/ERR2138134/ERR2138134_2.fastq.gz	SAMEA4363010	2446880	u
ERR2138143	PAIRED	https://ftp.sra.ebi.ac.uk/vol1/fastq/ERR213/003/ERR2138143/ERR2138143_1.fastq.gz	https://ftp.sra.ebi.ac.uk/vol1/fastq/ERR213/003/ERR2138143/ERR2138143_2.fastq.gz	SAMEA4363019	2630152	u
ERR2138150	PAIRED	https://ftp.sra.ebi.ac.uk/vol1/fastq/ERR213/000/ERR2138150/ERR2138150_1.fastq.gz	https://ftp.sra.ebi.ac.uk/vol1/fastq/ERR213/000/ERR2138150/ERR2138150_2.fastq.gz	SAMEA4363026	2298864	u
ERR2138161	PAIRED	https://ftp.sra.ebi.ac.uk/vol1/fastq/ERR213/001/ERR2138161/ERR2138161_1.fastq.gz	https://ftp.sra.ebi.ac.uk/vol1/fastq/ERR213/001/ERR2138161/ERR2138161_2.fastq.gz	SAMEA4363037	2262094	u
ERR2138176	PAIRED	https://ftp.sra.ebi.ac.uk/vol1/fastq/ERR213/006/ERR2138176/ERR2138176_1.fastq.gz	https://ftp.sra.ebi.ac.uk/vol1/fastq/ERR213/006/ERR2138176/ERR2138176_2.fastq.gz	SAMEA4363053	2460424	u
ERR2138177	PAIRED	https://ftp.sra.ebi.ac.uk/vol1/fastq/ERR213/007/ERR2138177/ERR2138177_1.fastq.gz	https://ftp.sra.ebi.ac.uk/vol1/fastq/ERR213/007/ERR2138177/ERR2138177_2.fastq.gz	SAMEA4363054	2512026	u
ERR2138192	PAIRED	https://ftp.sra.ebi.ac.uk/vol1/fastq/ERR213/002/ERR2138192/ERR2138192_1.fastq.gz	https://ftp.sra.ebi.ac.uk/vol1/fastq/ERR213/002/ERR2138192/ERR2138192_2.fastq.gz	SAMEA4363070	2407042	u
ERR2138195	PAIRED	https://ftp.sra.ebi.ac.uk/vol1/fastq/ERR213/005/ERR2138195/ERR2138195_1.fastq.gz	https://ftp.sra.ebi.ac.uk/vol1/fastq/ERR213/005/ERR2138195/ERR2138195_2.fastq.gz	SAMEA4363073	2639112	u
ERR2138196	PAIRED	https://ftp.sra.ebi.ac.uk/vol1/fastq/ERR213/006/ERR2138196/ERR2138196_1.fastq.gz	https://ftp.sra.ebi.ac.uk/vol1/fastq/ERR213/006/ERR2138196/ERR2138196_2.fastq.gz	SAMEA4363074	2708012	u
ERR2138197	PAIRED	https://ftp.sra.ebi.ac.uk/vol1/fastq/ERR213/007/ERR2138197/ERR2138197_1.fastq.gz	https://ftp.sra.ebi.ac.uk/vol1/fastq/ERR213/007/ERR2138197/ERR2138197_2.fastq.gz	SAMEA4363075	2334796	u
ERR2138203	PAIRED	https://ftp.sra.ebi.ac.uk/vol1/fastq/ERR213/003/ERR2138203/ERR2138203_1.fastq.gz	https://ftp.sra.ebi.ac.uk/vol1/fastq/ERR213/003/ERR2138203/ERR2138203_2.fastq.gz	SAMEA4363081	2563192	u
ERR2138210	PAIRED	https://ftp.sra.ebi.ac.uk/vol1/fastq/ERR213/000/ERR2138210/ERR2138210_1.fastq.gz	https://ftp.sra.ebi.ac.uk/vol1/fastq/ERR213/000/ERR2138210/ERR2138210_2.fastq.gz	SAMEA4363088	2440836	u
ERR2138221	PAIRED	https://ftp.sra.ebi.ac.uk/vol1/fastq/ERR213/001/ERR2138221/ERR2138221_1.fastq.gz	https://ftp.sra.ebi.ac.uk/vol1/fastq/ERR213/001/ERR2138221/ERR2138221_2.fastq.gz	SAMEA4363100	2852796	u
ERR2138222	PAIRED	https://ftp.sra.ebi.ac.uk/vol1/fastq/ERR213/002/ERR2138222/ERR2138222_1.fastq.gz	https://ftp.sra.ebi.ac.uk/vol1/fastq/ERR213/002/ERR2138222/ERR2138222_2.fastq.gz	SAMEA4363101	2375652	u
ERR2138223	PAIRED	https://ftp.sra.ebi.ac.uk/vol1/fastq/ERR213/003/ERR2138223/ERR2138223_1.fastq.gz	https://ftp.sra.ebi.ac.uk/vol1/fastq/ERR213/003/ERR2138223/ERR2138223_2.fastq.gz	SAMEA4363102	2409194	u
ERR2138224	PAIRED	https://ftp.sra.ebi.ac.uk/vol1/fastq/ERR213/004/ERR2138224/ERR2138224_1.fastq.gz	https://ftp.sra.ebi.ac.uk/vol1/fastq/ERR213/004/ERR2138224/ERR2138224_2.fastq.gz	SAMEA4363103	2483454	u
ERR2138232	PAIRED	https://ftp.sra.ebi.ac.uk/vol1/fastq/ERR213/002/ERR2138232/ERR2138232_1.fastq.gz	https://ftp.sra.ebi.ac.uk/vol1/fastq/ERR213/002/ERR2138232/ERR2138232_2.fastq.gz	SAMEA4363111	1918472	u
ERR2138249	PAIRED	https://ftp.sra.ebi.ac.uk/vol1/fastq/ERR213/009/ERR2138249/ERR2138249_1.fastq.gz	https://ftp.sra.ebi.ac.uk/vol1/fastq/ERR213/009/ERR2138249/ERR2138249_2.fastq.gz	SAMEA4363129	2362862	u
ERR2138281	PAIRED	https://ftp.sra.ebi.ac.uk/vol1/fastq/ERR213/001/ERR2138281/ERR2138281_1.fastq.gz	https://ftp.sra.ebi.ac.uk/vol1/fastq/ERR213/001/ERR2138281/ERR2138281_2.fastq.gz	SAMEA4363162	2075194	u
ERR2138283	PAIRED	https://ftp.sra.ebi.ac.uk/vol1/fastq/ERR213/003/ERR2138283/ERR2138283_1.fastq.gz	https://ftp.sra.ebi.ac.uk/vol1/fastq/ERR213/003/ERR2138283/ERR2138283_2.fastq.gz	SAMEA4363164	2368212	u
ERR2138294	PAIRED	https://ftp.sra.ebi.ac.uk/vol1/fastq/ERR213/004/ERR2138294/ERR2138294_1.fastq.gz	https://ftp.sra.ebi.ac.uk/vol1/fastq/ERR213/004/ERR2138294/ERR2138294_2.fastq.gz	SAMEA4363176	2546824	u
ERR2138299	PAIRED	https://ftp.sra.ebi.ac.uk/vol1/fastq/ERR213/009/ERR2138299/ERR2138299_1.fastq.gz	https://ftp.sra.ebi.ac.uk/vol1/fastq/ERR213/009/ERR2138299/ERR2138299_2.fastq.gz	SAMEA4363181	2721306	u
ERR2138304	PAIRED	https://ftp.sra.ebi.ac.uk/vol1/fastq/ERR213/004/ERR2138304/ERR2138304_1.fastq.gz	https://ftp.sra.ebi.ac.uk/vol1/fastq/ERR213/004/ERR2138304/ERR2138304_2.fastq.gz	SAMEA4363186	2151434	u
ERR2138313	PAIRED	https://ftp.sra.ebi.ac.uk/vol1/fastq/ERR213/003/ERR2138313/ERR2138313_1.fastq.gz	https://ftp.sra.ebi.ac.uk/vol1/fastq/ERR213/003/ERR2138313/ERR2138313_2.fastq.gz	SAMEA4363195	2506890	u
ERR2138317	PAIRED	https://ftp.sra.ebi.ac.uk/vol1/fastq/ERR213/007/ERR2138317/ERR2138317_1.fastq.gz	https://ftp.sra.ebi.ac.uk/vol1/fastq/ERR213/007/ERR2138317/ERR2138317_2.fastq.gz	SAMEA4363199	2188626	u
ERR2138338	PAIRED	https://ftp.sra.ebi.ac.uk/vol1/fastq/ERR213/008/ERR2138338/ERR2138338_1.fastq.gz	https://ftp.sra.ebi.ac.uk/vol1/fastq/ERR213/008/ERR2138338/ERR2138338_2.fastq.gz	SAMEA4363222	2366858	u
ERR2138352	PAIRED	https://ftp.sra.ebi.ac.uk/vol1/fastq/ERR213/002/ERR2138352/ERR2138352_1.fastq.gz	https://ftp.sra.ebi.ac.uk/vol1/fastq/ERR213/002/ERR2138352/ERR2138352_2.fastq.gz	SAMEA4363236	2371934	u
ERR2138356	PAIRED	https://ftp.sra.ebi.ac.uk/vol1/fastq/ERR213/006/ERR2138356/ERR2138356_1.fastq.gz	https://ftp.sra.ebi.ac.uk/vol1/fastq/ERR213/006/ERR2138356/ERR2138356_2.fastq.gz	SAMEA4363240	2308484	u
ERR2138372	PAIRED	https://ftp.sra.ebi.ac.uk/vol1/fastq/ERR213/002/ERR2138372/ERR2138372_1.fastq.gz	https://ftp.sra.ebi.ac.uk/vol1/fastq/ERR213/002/ERR2138372/ERR2138372_2.fastq.gz	SAMEA4363256	2427852	u
ERR2138375	PAIRED	https://ftp.sra.ebi.ac.uk/vol1/fastq/ERR213/005/ERR2138375/ERR2138375_1.fastq.gz	https://ftp.sra.ebi.ac.uk/vol1/fastq/ERR213/005/ERR2138375/ERR2138375_2.fastq.gz	SAMEA4363259	2253156	u
ERR2138378	PAIRED	https://ftp.sra.ebi.ac.uk/vol1/fastq/ERR213/008/ERR2138378/ERR2138378_1.fastq.gz	https://ftp.sra.ebi.ac.uk/vol1/fastq/ERR213/008/ERR2138378/ERR2138378_2.fastq.gz	SAMEA4363262	2129886	u
ERR2138384	PAIRED	https://ftp.sra.ebi.ac.uk/vol1/fastq/ERR213/004/ERR2138384/ERR2138384_1.fastq.gz	https://ftp.sra.ebi.ac.uk/vol1/fastq/ERR213/004/ERR2138384/ERR2138384_2.fastq.gz	SAMEA4363269	2089996	u
ERR2138394	PAIRED	https://ftp.sra.ebi.ac.uk/vol1/fastq/ERR213/004/ERR2138394/ERR2138394_1.fastq.gz	https://ftp.sra.ebi.ac.uk/vol1/fastq/ERR213/004/ERR2138394/ERR2138394_2.fastq.gz	SAMEA4363279	2099332	u
ERR2138415	PAIRED	https://ftp.sra.ebi.ac.uk/vol1/fastq/ERR213/005/ERR2138415/ERR2138415_1.fastq.gz	https://ftp.sra.ebi.ac.uk/vol1/fastq/ERR213/005/ERR2138415/ERR2138415_2.fastq.gz	SAMEA4363301	2566664	u
ERR2138420	PAIRED	https://ftp.sra.ebi.ac.uk/vol1/fastq/ERR213/000/ERR2138420/ERR2138420_1.fastq.gz	https://ftp.sra.ebi.ac.uk/vol1/fastq/ERR213/000/ERR2138420/ERR2138420_2.fastq.gz	SAMEA4363306	2913136	u
ERR2138422	PAIRED	https://ftp.sra.ebi.ac.uk/vol1/fastq/ERR213/002/ERR2138422/ERR2138422_1.fastq.gz	https://ftp.sra.ebi.ac.uk/vol1/fastq/ERR213/002/ERR2138422/ERR2138422_2.fastq.gz	SAMEA4363308	2557776	u
ERR2138427	PAIRED	https://ftp.sra.ebi.ac.uk/vol1/fastq/ERR213/007/ERR2138427/ERR2138427_1.fastq.gz	https://ftp.sra.ebi.ac.uk/vol1/fastq/ERR213/007/ERR2138427/ERR2138427_2.fastq.gz	SAMEA4363313	2694824	u
ERR2138429	PAIRED	https://ftp.sra.ebi.ac.uk/vol1/fastq/ERR213/009/ERR2138429/ERR2138429_1.fastq.gz	https://ftp.sra.ebi.ac.uk/vol1/fastq/ERR213/009/ERR2138429/ERR2138429_2.fastq.gz	SAMEA4363315	2505112	u
ERR2138445	PAIRED	https://ftp.sra.ebi.ac.uk/vol1/fastq/ERR213/005/ERR2138445/ERR2138445_1.fastq.gz	https://ftp.sra.ebi.ac.uk/vol1/fastq/ERR213/005/ERR2138445/ERR2138445_2.fastq.gz	SAMEA4363331	2518790	u
ERR2138453	PAIRED	https://ftp.sra.ebi.ac.uk/vol1/fastq/ERR213/003/ERR2138453/ERR2138453_1.fastq.gz	https://ftp.sra.ebi.ac.uk/vol1/fastq/ERR213/003/ERR2138453/ERR2138453_2.fastq.gz	SAMEA4363341	2338654	u
ERR2138454	PAIRED	https://ftp.sra.ebi.ac.uk/vol1/fastq/ERR213/004/ERR2138454/ERR2138454_1.fastq.gz	https://ftp.sra.ebi.ac.uk/vol1/fastq/ERR213/004/ERR2138454/ERR2138454_2.fastq.gz	SAMEA4363342	2298220	u
ERR2138459	PAIRED	https://ftp.sra.ebi.ac.uk/vol1/fastq/ERR213/009/ERR2138459/ERR2138459_1.fastq.gz	https://ftp.sra.ebi.ac.uk/vol1/fastq/ERR213/009/ERR2138459/ERR2138459_2.fastq.gz	SAMEA4363347	2431590	u
ERR2138494	PAIRED	https://ftp.sra.ebi.ac.uk/vol1/fastq/ERR213/004/ERR2138494/ERR2138494_1.fastq.gz	https://ftp.sra.ebi.ac.uk/vol1/fastq/ERR213/004/ERR2138494/ERR2138494_2.fastq.gz	SAMEA4363389	2707912	u
ERR2138495	PAIRED	https://ftp.sra.ebi.ac.uk/vol1/fastq/ERR213/005/ERR2138495/ERR2138495_1.fastq.gz	https://ftp.sra.ebi.ac.uk/vol1/fastq/ERR213/005/ERR2138495/ERR2138495_2.fastq.gz	SAMEA4363390	2826334	u
ERR2138508	PAIRED	https://ftp.sra.ebi.ac.uk/vol1/fastq/ERR213/008/ERR2138508/ERR2138508_1.fastq.gz	https://ftp.sra.ebi.ac.uk/vol1/fastq/ERR213/008/ERR2138508/ERR2138508_2.fastq.gz	SAMEA4363404	2473442	u
ERR2138518	PAIRED	https://ftp.sra.ebi.ac.uk/vol1/fastq/ERR213/008/ERR2138518/ERR2138518_1.fastq.gz	https://ftp.sra.ebi.ac.uk/vol1/fastq/ERR213/008/ERR2138518/ERR2138518_2.fastq.gz	SAMEA4363414	2870656	u
ERR2138520	PAIRED	https://ftp.sra.ebi.ac.uk/vol1/fastq/ERR213/000/ERR2138520/ERR2138520_1.fastq.gz	https://ftp.sra.ebi.ac.uk/vol1/fastq/ERR213/000/ERR2138520/ERR2138520_2.fastq.gz	SAMEA4363416	2449452	u
ERR2138525	PAIRED	https://ftp.sra.ebi.ac.uk/vol1/fastq/ERR213/005/ERR2138525/ERR2138525_1.fastq.gz	https://ftp.sra.ebi.ac.uk/vol1/fastq/ERR213/005/ERR2138525/ERR2138525_2.fastq.gz	SAMEA4363421	2530754	u
ERR2138527	PAIRED	https://ftp.sra.ebi.ac.uk/vol1/fastq/ERR213/007/ERR2138527/ERR2138527_1.fastq.gz	https://ftp.sra.ebi.ac.uk/vol1/fastq/ERR213/007/ERR2138527/ERR2138527_2.fastq.gz	SAMEA4363423	2297810	u
ERR2138528	PAIRED	https://ftp.sra.ebi.ac.uk/vol1/fastq/ERR213/008/ERR2138528/ERR2138528_1.fastq.gz	https://ftp.sra.ebi.ac.uk/vol1/fastq/ERR213/008/ERR2138528/ERR2138528_2.fastq.gz	SAMEA4363424	2569270	u
ERR2138529	PAIRED	https://ftp.sra.ebi.ac.uk/vol1/fastq/ERR213/009/ERR2138529/ERR2138529_1.fastq.gz	https://ftp.sra.ebi.ac.uk/vol1/fastq/ERR213/009/ERR2138529/ERR2138529_2.fastq.gz	SAMEA4363425	2467558	u
ERR2138541	PAIRED	https://ftp.sra.ebi.ac.uk/vol1/fastq/ERR213/001/ERR2138541/ERR2138541_1.fastq.gz	https://ftp.sra.ebi.ac.uk/vol1/fastq/ERR213/001/ERR2138541/ERR2138541_2.fastq.gz	SAMEA4363438	2578216	u
ERR2138545	PAIRED	https://ftp.sra.ebi.ac.uk/vol1/fastq/ERR213/005/ERR2138545/ERR2138545_1.fastq.gz	https://ftp.sra.ebi.ac.uk/vol1/fastq/ERR213/005/ERR2138545/ERR2138545_2.fastq.gz	SAMEA4363442	2315276	u
ERR2138548	PAIRED	https://ftp.sra.ebi.ac.uk/vol1/fastq/ERR213/008/ERR2138548/ERR2138548_1.fastq.gz	https://ftp.sra.ebi.ac.uk/vol1/fastq/ERR213/008/ERR2138548/ERR2138548_2.fastq.gz	SAMEA4363445	2412008	u
ERR2138553	PAIRED	https://ftp.sra.ebi.ac.uk/vol1/fastq/ERR213/003/ERR2138553/ERR2138553_1.fastq.gz	https://ftp.sra.ebi.ac.uk/vol1/fastq/ERR213/003/ERR2138553/ERR2138553_2.fastq.gz	SAMEA4363450	2378670	u
ERR2138563	PAIRED	https://ftp.sra.ebi.ac.uk/vol1/fastq/ERR213/003/ERR2138563/ERR2138563_1.fastq.gz	https://ftp.sra.ebi.ac.uk/vol1/fastq/ERR213/003/ERR2138563/ERR2138563_2.fastq.gz	SAMEA4363460	2409230	u
ERR2138565	PAIRED	https://ftp.sra.ebi.ac.uk/vol1/fastq/ERR213/005/ERR2138565/ERR2138565_1.fastq.gz	https://ftp.sra.ebi.ac.uk/vol1/fastq/ERR213/005/ERR2138565/ERR2138565_2.fastq.gz	SAMEA4363462	2231432	u
ERR2138566	PAIRED	https://ftp.sra.ebi.ac.uk/vol1/fastq/ERR213/006/ERR2138566/ERR2138566_1.fastq.gz	https://ftp.sra.ebi.ac.uk/vol1/fastq/ERR213/006/ERR2138566/ERR2138566_2.fastq.gz	SAMEA4363463	2070026	u
ERR2138567	PAIRED	https://ftp.sra.ebi.ac.uk/vol1/fastq/ERR213/007/ERR2138567/ERR2138567_1.fastq.gz	https://ftp.sra.ebi.ac.uk/vol1/fastq/ERR213/007/ERR2138567/ERR2138567_2.fastq.gz	SAMEA4363464	2420260	u
ERR2138581	PAIRED	https://ftp.sra.ebi.ac.uk/vol1/fastq/ERR213/001/ERR2138581/ERR2138581_1.fastq.gz	https://ftp.sra.ebi.ac.uk/vol1/fastq/ERR213/001/ERR2138581/ERR2138581_2.fastq.gz	SAMEA4363478	1773858	u
ERR2138599	PAIRED	https://ftp.sra.ebi.ac.uk/vol1/fastq/ERR213/009/ERR2138599/ERR2138599_1.fastq.gz	https://ftp.sra.ebi.ac.uk/vol1/fastq/ERR213/009/ERR2138599/ERR2138599_2.fastq.gz	SAMEA4363496	2131554	u
ERR2138623	PAIRED	https://ftp.sra.ebi.ac.uk/vol1/fastq/ERR213/003/ERR2138623/ERR2138623_1.fastq.gz	https://ftp.sra.ebi.ac.uk/vol1/fastq/ERR213/003/ERR2138623/ERR2138623_2.fastq.gz	SAMEA4363522	1968136	u
ERR2138629	PAIRED	https://ftp.sra.ebi.ac.uk/vol1/fastq/ERR213/009/ERR2138629/ERR2138629_1.fastq.gz	https://ftp.sra.ebi.ac.uk/vol1/fastq/ERR213/009/ERR2138629/ERR2138629_2.fastq.gz	SAMEA4363528	2087112	u
ERR2138634	PAIRED	https://ftp.sra.ebi.ac.uk/vol1/fastq/ERR213/004/ERR2138634/ERR2138634_1.fastq.gz	https://ftp.sra.ebi.ac.uk/vol1/fastq/ERR213/004/ERR2138634/ERR2138634_2.fastq.gz	SAMEA4363534	1947710	u
ERR2138638	PAIRED	https://ftp.sra.ebi.ac.uk/vol1/fastq/ERR213/008/ERR2138638/ERR2138638_1.fastq.gz	https://ftp.sra.ebi.ac.uk/vol1/fastq/ERR213/008/ERR2138638/ERR2138638_2.fastq.gz	SAMEA4363538	2563594	u
ERR2138664	PAIRED	https://ftp.sra.ebi.ac.uk/vol1/fastq/ERR213/004/ERR2138664/ERR2138664_1.fastq.gz	https://ftp.sra.ebi.ac.uk/vol1/fastq/ERR213/004/ERR2138664/ERR2138664_2.fastq.gz	SAMEA4363566	2450708	u
ERR2138669	PAIRED	https://ftp.sra.ebi.ac.uk/vol1/fastq/ERR213/009/ERR2138669/ERR2138669_1.fastq.gz	https://ftp.sra.ebi.ac.uk/vol1/fastq/ERR213/009/ERR2138669/ERR2138669_2.fastq.gz	SAMEA4363571	2288558	u
ERR2138688	PAIRED	https://ftp.sra.ebi.ac.uk/vol1/fastq/ERR213/008/ERR2138688/ERR2138688_1.fastq.gz	https://ftp.sra.ebi.ac.uk/vol1/fastq/ERR213/008/ERR2138688/ERR2138688_2.fastq.gz	SAMEA4363592	2053822	u
ERR2138711	PAIRED	https://ftp.sra.ebi.ac.uk/vol1/fastq/ERR213/001/ERR2138711/ERR2138711_1.fastq.gz	https://ftp.sra.ebi.ac.uk/vol1/fastq/ERR213/001/ERR2138711/ERR2138711_2.fastq.gz	SAMEA4363616	2216208	u
ERR2138722	PAIRED	https://ftp.sra.ebi.ac.uk/vol1/fastq/ERR213/002/ERR2138722/ERR2138722_1.fastq.gz	https://ftp.sra.ebi.ac.uk/vol1/fastq/ERR213/002/ERR2138722/ERR2138722_2.fastq.gz	SAMEA4363629	2980040	u
ERR2138724	PAIRED	https://ftp.sra.ebi.ac.uk/vol1/fastq/ERR213/004/ERR2138724/ERR2138724_1.fastq.gz	https://ftp.sra.ebi.ac.uk/vol1/fastq/ERR213/004/ERR2138724/ERR2138724_2.fastq.gz	SAMEA4363631	2198480	u
ERR2146813	PAIRED	https://ftp.sra.ebi.ac.uk/vol1/fastq/ERR214/003/ERR2146813/ERR2146813_1.fastq.gz	https://ftp.sra.ebi.ac.uk/vol1/fastq/ERR214/003/ERR2146813/ERR2146813_2.fastq.gz	SAMEA4362882	2419318	u
ERR2146815	PAIRED	https://ftp.sra.ebi.ac.uk/vol1/fastq/ERR214/005/ERR2146815/ERR2146815_1.fastq.gz	https://ftp.sra.ebi.ac.uk/vol1/fastq/ERR214/005/ERR2146815/ERR2146815_2.fastq.gz	SAMEA4362921	2620126	u
ERR2146818	PAIRED	https://ftp.sra.ebi.ac.uk/vol1/fastq/ERR214/008/ERR2146818/ERR2146818_1.fastq.gz	https://ftp.sra.ebi.ac.uk/vol1/fastq/ERR214/008/ERR2146818/ERR2146818_2.fastq.gz	SAMEA4363006	2416042	u
ERR2146826	PAIRED	https://ftp.sra.ebi.ac.uk/vol1/fastq/ERR214/006/ERR2146826/ERR2146826_1.fastq.gz	https://ftp.sra.ebi.ac.uk/vol1/fastq/ERR214/006/ERR2146826/ERR2146826_2.fastq.gz	SAMEA4363287	2027372	u
ERR2146832	PAIRED	https://ftp.sra.ebi.ac.uk/vol1/fastq/ERR214/002/ERR2146832/ERR2146832_1.fastq.gz	https://ftp.sra.ebi.ac.uk/vol1/fastq/ERR214/002/ERR2146832/ERR2146832_2.fastq.gz	SAMEA4363364	2610736	u
ERR2205868	PAIRED	https://ftp.sra.ebi.ac.uk/vol1/fastq/ERR220/008/ERR2205868/ERR2205868_1.fastq.gz	https://ftp.sra.ebi.ac.uk/vol1/fastq/ERR220/008/ERR2205868/ERR2205868_2.fastq.gz	SAMEA104407460	1167124	u
ERR2205882	PAIRED	https://ftp.sra.ebi.ac.uk/vol1/fastq/ERR220/002/ERR2205882/ERR2205882_1.fastq.gz	https://ftp.sra.ebi.ac.uk/vol1/fastq/ERR220/002/ERR2205882/ERR2205882_2.fastq.gz	SAMEA104407474	1826774	u
ERR2205883	PAIRED	https://ftp.sra.ebi.ac.uk/vol1/fastq/ERR220/003/ERR2205883/ERR2205883_1.fastq.gz	https://ftp.sra.ebi.ac.uk/vol1/fastq/ERR220/003/ERR2205883/ERR2205883_2.fastq.gz	SAMEA104407475	1027232	u
ERR2205885	PAIRED	https://ftp.sra.ebi.ac.uk/vol1/fastq/ERR220/005/ERR2205885/ERR2205885_1.fastq.gz	https://ftp.sra.ebi.ac.uk/vol1/fastq/ERR220/005/ERR2205885/ERR2205885_2.fastq.gz	SAMEA104407477	1027134	u
ERR2205890	PAIRED	https://ftp.sra.ebi.ac.uk/vol1/fastq/ERR220/000/ERR2205890/ERR2205890_1.fastq.gz	https://ftp.sra.ebi.ac.uk/vol1/fastq/ERR220/000/ERR2205890/ERR2205890_2.fastq.gz	SAMEA104407482	415225	u
ERR2205895	PAIRED	https://ftp.sra.ebi.ac.uk/vol1/fastq/ERR220/005/ERR2205895/ERR2205895_1.fastq.gz	https://ftp.sra.ebi.ac.uk/vol1/fastq/ERR220/005/ERR2205895/ERR2205895_2.fastq.gz	SAMEA104407487	976414	u
ERR2205896	PAIRED	https://ftp.sra.ebi.ac.uk/vol1/fastq/ERR220/006/ERR2205896/ERR2205896_1.fastq.gz	https://ftp.sra.ebi.ac.uk/vol1/fastq/ERR220/006/ERR2205896/ERR2205896_2.fastq.gz	SAMEA104407488	200939	u
ERR2205897	PAIRED	https://ftp.sra.ebi.ac.uk/vol1/fastq/ERR220/007/ERR2205897/ERR2205897_1.fastq.gz	https://ftp.sra.ebi.ac.uk/vol1/fastq/ERR220/007/ERR2205897/ERR2205897_2.fastq.gz	SAMEA104407489	416646	u
ERR2205909	PAIRED	https://ftp.sra.ebi.ac.uk/vol1/fastq/ERR220/009/ERR2205909/ERR2205909_1.fastq.gz	https://ftp.sra.ebi.ac.uk/vol1/fastq/ERR220/009/ERR2205909/ERR2205909_2.fastq.gz	SAMEA104407501	1053050	u
ERR2205910	PAIRED	https://ftp.sra.ebi.ac.uk/vol1/fastq/ERR220/000/ERR2205910/ERR2205910_1.fastq.gz	https://ftp.sra.ebi.ac.uk/vol1/fastq/ERR220/000/ERR2205910/ERR2205910_2.fastq.gz	SAMEA104407502	1046978	u
ERR2205914	PAIRED	https://ftp.sra.ebi.ac.uk/vol1/fastq/ERR220/004/ERR2205914/ERR2205914_1.fastq.gz	https://ftp.sra.ebi.ac.uk/vol1/fastq/ERR220/004/ERR2205914/ERR2205914_2.fastq.gz	SAMEA104407506	973793	u
ERR2205926	PAIRED	https://ftp.sra.ebi.ac.uk/vol1/fastq/ERR220/006/ERR2205926/ERR2205926_1.fastq.gz	https://ftp.sra.ebi.ac.uk/vol1/fastq/ERR220/006/ERR2205926/ERR2205926_2.fastq.gz	SAMEA104407518	1541526	u
ERR2205932	PAIRED	https://ftp.sra.ebi.ac.uk/vol1/fastq/ERR220/002/ERR2205932/ERR2205932_1.fastq.gz	https://ftp.sra.ebi.ac.uk/vol1/fastq/ERR220/002/ERR2205932/ERR2205932_2.fastq.gz	SAMEA104407524	1066577	u
ERR2205948	PAIRED	https://ftp.sra.ebi.ac.uk/vol1/fastq/ERR220/008/ERR2205948/ERR2205948_1.fastq.gz	https://ftp.sra.ebi.ac.uk/vol1/fastq/ERR220/008/ERR2205948/ERR2205948_2.fastq.gz	SAMEA104407540	773391	u
ERR2205949	PAIRED	https://ftp.sra.ebi.ac.uk/vol1/fastq/ERR220/009/ERR2205949/ERR2205949_1.fastq.gz	https://ftp.sra.ebi.ac.uk/vol1/fastq/ERR220/009/ERR2205949/ERR2205949_2.fastq.gz	SAMEA104407541	996559	u
ERR2205951	PAIRED	https://ftp.sra.ebi.ac.uk/vol1/fastq/ERR220/001/ERR2205951/ERR2205951_1.fastq.gz	https://ftp.sra.ebi.ac.uk/vol1/fastq/ERR220/001/ERR2205951/ERR2205951_2.fastq.gz	SAMEA104407543	1005098	u
ERR2205954	PAIRED	https://ftp.sra.ebi.ac.uk/vol1/fastq/ERR220/004/ERR2205954/ERR2205954_1.fastq.gz	https://ftp.sra.ebi.ac.uk/vol1/fastq/ERR220/004/ERR2205954/ERR2205954_2.fastq.gz	SAMEA104407546	1302645	u
ERR2205957	PAIRED	https://ftp.sra.ebi.ac.uk/vol1/fastq/ERR220/007/ERR2205957/ERR2205957_1.fastq.gz	https://ftp.sra.ebi.ac.uk/vol1/fastq/ERR220/007/ERR2205957/ERR2205957_2.fastq.gz	SAMEA104407549	1041992	u
ERR2205964	PAIRED	https://ftp.sra.ebi.ac.uk/vol1/fastq/ERR220/004/ERR2205964/ERR2205964_1.fastq.gz	https://ftp.sra.ebi.ac.uk/vol1/fastq/ERR220/004/ERR2205964/ERR2205964_2.fastq.gz	SAMEA104407556	959343	u
ERR2205970	PAIRED	https://ftp.sra.ebi.ac.uk/vol1/fastq/ERR220/000/ERR2205970/ERR2205970_1.fastq.gz	https://ftp.sra.ebi.ac.uk/vol1/fastq/ERR220/000/ERR2205970/ERR2205970_2.fastq.gz	SAMEA104407562	1061183	u
ERR2205983	PAIRED	https://ftp.sra.ebi.ac.uk/vol1/fastq/ERR220/003/ERR2205983/ERR2205983_1.fastq.gz	https://ftp.sra.ebi.ac.uk/vol1/fastq/ERR220/003/ERR2205983/ERR2205983_2.fastq.gz	SAMEA104407575	1785387	u
ERR2205988	PAIRED	https://ftp.sra.ebi.ac.uk/vol1/fastq/ERR220/008/ERR2205988/ERR2205988_1.fastq.gz	https://ftp.sra.ebi.ac.uk/vol1/fastq/ERR220/008/ERR2205988/ERR2205988_2.fastq.gz	SAMEA104407580	722519	u
ERR2205992	PAIRED	https://ftp.sra.ebi.ac.uk/vol1/fastq/ERR220/002/ERR2205992/ERR2205992_1.fastq.gz	https://ftp.sra.ebi.ac.uk/vol1/fastq/ERR220/002/ERR2205992/ERR2205992_2.fastq.gz	SAMEA104407584	548113	u
ERR2205996	PAIRED	https://ftp.sra.ebi.ac.uk/vol1/fastq/ERR220/006/ERR2205996/ERR2205996_1.fastq.gz	https://ftp.sra.ebi.ac.uk/vol1/fastq/ERR220/006/ERR2205996/ERR2205996_2.fastq.gz	SAMEA104407588	996750	u
ERR2206010	PAIRED	https://ftp.sra.ebi.ac.uk/vol1/fastq/ERR220/000/ERR2206010/ERR2206010_1.fastq.gz	https://ftp.sra.ebi.ac.uk/vol1/fastq/ERR220/000/ERR2206010/ERR2206010_2.fastq.gz	SAMEA104407602	367497	u
ERR2206019	PAIRED	https://ftp.sra.ebi.ac.uk/vol1/fastq/ERR220/009/ERR2206019/ERR2206019_1.fastq.gz	https://ftp.sra.ebi.ac.uk/vol1/fastq/ERR220/009/ERR2206019/ERR2206019_2.fastq.gz	SAMEA104407611	549416	u
ERR2209644	PAIRED	https://ftp.sra.ebi.ac.uk/vol1/fastq/ERR220/004/ERR2209644/ERR2209644_1.fastq.gz	https://ftp.sra.ebi.ac.uk/vol1/fastq/ERR220/004/ERR2209644/ERR2209644_2.fastq.gz	SAMEA104412400	337588	u
ERR2209724	PAIRED	https://ftp.sra.ebi.ac.uk/vol1/fastq/ERR220/004/ERR2209724/ERR2209724_1.fastq.gz	https://ftp.sra.ebi.ac.uk/vol1/fastq/ERR220/004/ERR2209724/ERR2209724_2.fastq.gz	SAMEA104412480	3303280	u
ERR2223767	PAIRED	https://ftp.sra.ebi.ac.uk/vol1/fastq/ERR222/007/ERR2223767/ERR2223767_1.fastq.gz	https://ftp.sra.ebi.ac.uk/vol1/fastq/ERR222/007/ERR2223767/ERR2223767_2.fastq.gz	SAMEA104437490	542293	u
ERR2223919	PAIRED	https://ftp.sra.ebi.ac.uk/vol1/fastq/ERR222/009/ERR2223919/ERR2223919_1.fastq.gz	https://ftp.sra.ebi.ac.uk/vol1/fastq/ERR222/009/ERR2223919/ERR2223919_2.fastq.gz	SAMEA104437642	678632	u
ERR2223922	PAIRED	https://ftp.sra.ebi.ac.uk/vol1/fastq/ERR222/002/ERR2223922/ERR2223922_1.fastq.gz	https://ftp.sra.ebi.ac.uk/vol1/fastq/ERR222/002/ERR2223922/ERR2223922_2.fastq.gz	SAMEA104437645	671333	u
ERR2223926	PAIRED	https://ftp.sra.ebi.ac.uk/vol1/fastq/ERR222/006/ERR2223926/ERR2223926_1.fastq.gz	https://ftp.sra.ebi.ac.uk/vol1/fastq/ERR222/006/ERR2223926/ERR2223926_2.fastq.gz	SAMEA104437649	595497	u
ERR2223967	PAIRED	https://ftp.sra.ebi.ac.uk/vol1/fastq/ERR222/007/ERR2223967/ERR2223967_1.fastq.gz	https://ftp.sra.ebi.ac.uk/vol1/fastq/ERR222/007/ERR2223967/ERR2223967_2.fastq.gz	SAMEA104437690	2066970	u
ERR2223969	PAIRED	https://ftp.sra.ebi.ac.uk/vol1/fastq/ERR222/009/ERR2223969/ERR2223969_1.fastq.gz	https://ftp.sra.ebi.ac.uk/vol1/fastq/ERR222/009/ERR2223969/ERR2223969_2.fastq.gz	SAMEA104437692	1786214	u
ERR2223975	PAIRED	https://ftp.sra.ebi.ac.uk/vol1/fastq/ERR222/005/ERR2223975/ERR2223975_1.fastq.gz	https://ftp.sra.ebi.ac.uk/vol1/fastq/ERR222/005/ERR2223975/ERR2223975_2.fastq.gz	SAMEA104437698	2149840	u
ERR2223976	PAIRED	https://ftp.sra.ebi.ac.uk/vol1/fastq/ERR222/006/ERR2223976/ERR2223976_1.fastq.gz	https://ftp.sra.ebi.ac.uk/vol1/fastq/ERR222/006/ERR2223976/ERR2223976_2.fastq.gz	SAMEA104437699	2133235	u
ERR2223980	PAIRED	https://ftp.sra.ebi.ac.uk/vol1/fastq/ERR222/000/ERR2223980/ERR2223980_1.fastq.gz	https://ftp.sra.ebi.ac.uk/vol1/fastq/ERR222/000/ERR2223980/ERR2223980_2.fastq.gz	SAMEA104437703	1852394	u
ERR2223994	PAIRED	https://ftp.sra.ebi.ac.uk/vol1/fastq/ERR222/004/ERR2223994/ERR2223994_1.fastq.gz	https://ftp.sra.ebi.ac.uk/vol1/fastq/ERR222/004/ERR2223994/ERR2223994_2.fastq.gz	SAMEA104437717	881083	u
ERR2223995	PAIRED	https://ftp.sra.ebi.ac.uk/vol1/fastq/ERR222/005/ERR2223995/ERR2223995_1.fastq.gz	https://ftp.sra.ebi.ac.uk/vol1/fastq/ERR222/005/ERR2223995/ERR2223995_2.fastq.gz	SAMEA104437718	686172	u
ERR2224008	PAIRED	https://ftp.sra.ebi.ac.uk/vol1/fastq/ERR222/008/ERR2224008/ERR2224008_1.fastq.gz	https://ftp.sra.ebi.ac.uk/vol1/fastq/ERR222/008/ERR2224008/ERR2224008_2.fastq.gz	SAMEA104437731	708843	u
ERR2224009	PAIRED	https://ftp.sra.ebi.ac.uk/vol1/fastq/ERR222/009/ERR2224009/ERR2224009_1.fastq.gz	https://ftp.sra.ebi.ac.uk/vol1/fastq/ERR222/009/ERR2224009/ERR2224009_2.fastq.gz	SAMEA104437732	707162	u
ERR2224017	PAIRED	https://ftp.sra.ebi.ac.uk/vol1/fastq/ERR222/007/ERR2224017/ERR2224017_1.fastq.gz	https://ftp.sra.ebi.ac.uk/vol1/fastq/ERR222/007/ERR2224017/ERR2224017_2.fastq.gz	SAMEA104437740	648083	u
ERR2224023	PAIRED	https://ftp.sra.ebi.ac.uk/vol1/fastq/ERR222/003/ERR2224023/ERR2224023_1.fastq.gz	https://ftp.sra.ebi.ac.uk/vol1/fastq/ERR222/003/ERR2224023/ERR2224023_2.fastq.gz	SAMEA104437746	544457	u
ERR2580165	PAIRED	https://ftp.sra.ebi.ac.uk/vol1/fastq/ERR258/005/ERR2580165/ERR2580165_1.fastq.gz	https://ftp.sra.ebi.ac.uk/vol1/fastq/ERR258/005/ERR2580165/ERR2580165_2.fastq.gz	SAMEA4652189	1673288	s
ERR2931025	PAIRED	https://ftp.sra.ebi.ac.uk/vol1/fastq/ERR293/005/ERR2931025/ERR2931025_1.fastq.gz	https://ftp.sra.ebi.ac.uk/vol1/fastq/ERR293/005/ERR2931025/ERR2931025_2.fastq.gz	SAMEA5131864	896804	u
ERR2935293	PAIRED	https://ftp.sra.ebi.ac.uk/vol1/fastq/ERR293/003/ERR2935293/ERR2935293_1.fastq.gz	https://ftp.sra.ebi.ac.uk/vol1/fastq/ERR293/003/ERR2935293/ERR2935293_2.fastq.gz	SAMEA5075565	972538	u
ERR2935297	PAIRED	https://ftp.sra.ebi.ac.uk/vol1/fastq/ERR293/007/ERR2935297/ERR2935297_1.fastq.gz	https://ftp.sra.ebi.ac.uk/vol1/fastq/ERR293/007/ERR2935297/ERR2935297_2.fastq.gz	SAMEA5075569	575524	u
ERR2935302	PAIRED	https://ftp.sra.ebi.ac.uk/vol1/fastq/ERR293/002/ERR2935302/ERR2935302_1.fastq.gz	https://ftp.sra.ebi.ac.uk/vol1/fastq/ERR293/002/ERR2935302/ERR2935302_2.fastq.gz	SAMEA5075574	768404	u
ERR2935305	PAIRED	https://ftp.sra.ebi.ac.uk/vol1/fastq/ERR293/005/ERR2935305/ERR2935305_1.fastq.gz	https://ftp.sra.ebi.ac.uk/vol1/fastq/ERR293/005/ERR2935305/ERR2935305_2.fastq.gz	SAMEA5075577	908768	u
ERR2935309	PAIRED	https://ftp.sra.ebi.ac.uk/vol1/fastq/ERR293/009/ERR2935309/ERR2935309_1.fastq.gz	https://ftp.sra.ebi.ac.uk/vol1/fastq/ERR293/009/ERR2935309/ERR2935309_2.fastq.gz	SAMEA5075581	844681	u
ERR2935311	PAIRED	https://ftp.sra.ebi.ac.uk/vol1/fastq/ERR293/001/ERR2935311/ERR2935311_1.fastq.gz	https://ftp.sra.ebi.ac.uk/vol1/fastq/ERR293/001/ERR2935311/ERR2935311_2.fastq.gz	SAMEA5075583	983858	u
ERR2935339	PAIRED	https://ftp.sra.ebi.ac.uk/vol1/fastq/ERR293/009/ERR2935339/ERR2935339_1.fastq.gz	https://ftp.sra.ebi.ac.uk/vol1/fastq/ERR293/009/ERR2935339/ERR2935339_2.fastq.gz	SAMEA5075611	589468	u
ERR2935345	PAIRED	https://ftp.sra.ebi.ac.uk/vol1/fastq/ERR293/005/ERR2935345/ERR2935345_1.fastq.gz	https://ftp.sra.ebi.ac.uk/vol1/fastq/ERR293/005/ERR2935345/ERR2935345_2.fastq.gz	SAMEA5075617	691585	u
ERR2935350	PAIRED	https://ftp.sra.ebi.ac.uk/vol1/fastq/ERR293/000/ERR2935350/ERR2935350_1.fastq.gz	https://ftp.sra.ebi.ac.uk/vol1/fastq/ERR293/000/ERR2935350/ERR2935350_2.fastq.gz	SAMEA5075622	628608	u
ERR2935351	PAIRED	https://ftp.sra.ebi.ac.uk/vol1/fastq/ERR293/001/ERR2935351/ERR2935351_1.fastq.gz	https://ftp.sra.ebi.ac.uk/vol1/fastq/ERR293/001/ERR2935351/ERR2935351_2.fastq.gz	SAMEA5075623	717895	u
ERR2935359	PAIRED	https://ftp.sra.ebi.ac.uk/vol1/fastq/ERR293/009/ERR2935359/ERR2935359_1.fastq.gz	https://ftp.sra.ebi.ac.uk/vol1/fastq/ERR293/009/ERR2935359/ERR2935359_2.fastq.gz	SAMEA5075631	1270985	u
ERR2935379	PAIRED	https://ftp.sra.ebi.ac.uk/vol1/fastq/ERR293/009/ERR2935379/ERR2935379_1.fastq.gz	https://ftp.sra.ebi.ac.uk/vol1/fastq/ERR293/009/ERR2935379/ERR2935379_2.fastq.gz	SAMEA5075651	727458	u
ERR2935381	PAIRED	https://ftp.sra.ebi.ac.uk/vol1/fastq/ERR293/001/ERR2935381/ERR2935381_1.fastq.gz	https://ftp.sra.ebi.ac.uk/vol1/fastq/ERR293/001/ERR2935381/ERR2935381_2.fastq.gz	SAMEA5075653	651408	u
ERR2935387	PAIRED	https://ftp.sra.ebi.ac.uk/vol1/fastq/ERR293/007/ERR2935387/ERR2935387_1.fastq.gz	https://ftp.sra.ebi.ac.uk/vol1/fastq/ERR293/007/ERR2935387/ERR2935387_2.fastq.gz	SAMEA5075659	621957	u
ERR2935399	PAIRED	https://ftp.sra.ebi.ac.uk/vol1/fastq/ERR293/009/ERR2935399/ERR2935399_1.fastq.gz	https://ftp.sra.ebi.ac.uk/vol1/fastq/ERR293/009/ERR2935399/ERR2935399_2.fastq.gz	SAMEA5075672	799783	u
ERR2935401	PAIRED	https://ftp.sra.ebi.ac.uk/vol1/fastq/ERR293/001/ERR2935401/ERR2935401_1.fastq.gz	https://ftp.sra.ebi.ac.uk/vol1/fastq/ERR293/001/ERR2935401/ERR2935401_2.fastq.gz	SAMEA5075674	783130	u
ERR2935405	PAIRED	https://ftp.sra.ebi.ac.uk/vol1/fastq/ERR293/005/ERR2935405/ERR2935405_1.fastq.gz	https://ftp.sra.ebi.ac.uk/vol1/fastq/ERR293/005/ERR2935405/ERR2935405_2.fastq.gz	SAMEA5075678	553544	u
ERR2935419	PAIRED	https://ftp.sra.ebi.ac.uk/vol1/fastq/ERR293/009/ERR2935419/ERR2935419_1.fastq.gz	https://ftp.sra.ebi.ac.uk/vol1/fastq/ERR293/009/ERR2935419/ERR2935419_2.fastq.gz	SAMEA5075692	924184	u
ERR2935445	PAIRED	https://ftp.sra.ebi.ac.uk/vol1/fastq/ERR293/005/ERR2935445/ERR2935445_1.fastq.gz	https://ftp.sra.ebi.ac.uk/vol1/fastq/ERR293/005/ERR2935445/ERR2935445_2.fastq.gz	SAMEA5075718	718777	u
ERR2935446	PAIRED	https://ftp.sra.ebi.ac.uk/vol1/fastq/ERR293/006/ERR2935446/ERR2935446_1.fastq.gz	https://ftp.sra.ebi.ac.uk/vol1/fastq/ERR293/006/ERR2935446/ERR2935446_2.fastq.gz	SAMEA5075719	744302	u
ERR2935468	PAIRED	https://ftp.sra.ebi.ac.uk/vol1/fastq/ERR293/008/ERR2935468/ERR2935468_1.fastq.gz	https://ftp.sra.ebi.ac.uk/vol1/fastq/ERR293/008/ERR2935468/ERR2935468_2.fastq.gz	SAMEA5075741	629970	u
ERR2935480	PAIRED	https://ftp.sra.ebi.ac.uk/vol1/fastq/ERR293/000/ERR2935480/ERR2935480_1.fastq.gz	https://ftp.sra.ebi.ac.uk/vol1/fastq/ERR293/000/ERR2935480/ERR2935480_2.fastq.gz	SAMEA5075753	890314	u
ERR2935485	PAIRED	https://ftp.sra.ebi.ac.uk/vol1/fastq/ERR293/005/ERR2935485/ERR2935485_1.fastq.gz	https://ftp.sra.ebi.ac.uk/vol1/fastq/ERR293/005/ERR2935485/ERR2935485_2.fastq.gz	SAMEA5075758	587638	u
ERR2935488	PAIRED	https://ftp.sra.ebi.ac.uk/vol1/fastq/ERR293/008/ERR2935488/ERR2935488_1.fastq.gz	https://ftp.sra.ebi.ac.uk/vol1/fastq/ERR293/008/ERR2935488/ERR2935488_2.fastq.gz	SAMEA5075761	889759	u
ERR2935496	PAIRED	https://ftp.sra.ebi.ac.uk/vol1/fastq/ERR293/006/ERR2935496/ERR2935496_1.fastq.gz	https://ftp.sra.ebi.ac.uk/vol1/fastq/ERR293/006/ERR2935496/ERR2935496_2.fastq.gz	SAMEA5075769	718342	u
ERR2935511	PAIRED	https://ftp.sra.ebi.ac.uk/vol1/fastq/ERR293/001/ERR2935511/ERR2935511_1.fastq.gz	https://ftp.sra.ebi.ac.uk/vol1/fastq/ERR293/001/ERR2935511/ERR2935511_2.fastq.gz	SAMEA5075784	1767169	u
ERR2935520	PAIRED	https://ftp.sra.ebi.ac.uk/vol1/fastq/ERR293/000/ERR2935520/ERR2935520_1.fastq.gz	https://ftp.sra.ebi.ac.uk/vol1/fastq/ERR293/000/ERR2935520/ERR2935520_2.fastq.gz	SAMEA5075793	669432	u
ERR2935538	PAIRED	https://ftp.sra.ebi.ac.uk/vol1/fastq/ERR293/008/ERR2935538/ERR2935538_1.fastq.gz	https://ftp.sra.ebi.ac.uk/vol1/fastq/ERR293/008/ERR2935538/ERR2935538_2.fastq.gz	SAMEA5075811	892448	u
ERR2935566	PAIRED	https://ftp.sra.ebi.ac.uk/vol1/fastq/ERR293/006/ERR2935566/ERR2935566_1.fastq.gz	https://ftp.sra.ebi.ac.uk/vol1/fastq/ERR293/006/ERR2935566/ERR2935566_2.fastq.gz	SAMEA5075839	508301	u
ERR2935582	PAIRED	https://ftp.sra.ebi.ac.uk/vol1/fastq/ERR293/002/ERR2935582/ERR2935582_1.fastq.gz	https://ftp.sra.ebi.ac.uk/vol1/fastq/ERR293/002/ERR2935582/ERR2935582_2.fastq.gz	SAMEA5075855	886993	u
ERR2935583	PAIRED	https://ftp.sra.ebi.ac.uk/vol1/fastq/ERR293/003/ERR2935583/ERR2935583_1.fastq.gz	https://ftp.sra.ebi.ac.uk/vol1/fastq/ERR293/003/ERR2935583/ERR2935583_2.fastq.gz	SAMEA5075856	748635	u
ERR2935608	PAIRED	https://ftp.sra.ebi.ac.uk/vol1/fastq/ERR293/008/ERR2935608/ERR2935608_1.fastq.gz	https://ftp.sra.ebi.ac.uk/vol1/fastq/ERR293/008/ERR2935608/ERR2935608_2.fastq.gz	SAMEA5075881	736577	u
ERR2935612	PAIRED	https://ftp.sra.ebi.ac.uk/vol1/fastq/ERR293/002/ERR2935612/ERR2935612_1.fastq.gz	https://ftp.sra.ebi.ac.uk/vol1/fastq/ERR293/002/ERR2935612/ERR2935612_2.fastq.gz	SAMEA5075885	632883	u
ERR2935616	PAIRED	https://ftp.sra.ebi.ac.uk/vol1/fastq/ERR293/006/ERR2935616/ERR2935616_1.fastq.gz	https://ftp.sra.ebi.ac.uk/vol1/fastq/ERR293/006/ERR2935616/ERR2935616_2.fastq.gz	SAMEA5075889	574888	u
ERR2935622	PAIRED	https://ftp.sra.ebi.ac.uk/vol1/fastq/ERR293/002/ERR2935622/ERR2935622_1.fastq.gz	https://ftp.sra.ebi.ac.uk/vol1/fastq/ERR293/002/ERR2935622/ERR2935622_2.fastq.gz	SAMEA5075895	1011180	u
ERR2935627	PAIRED	https://ftp.sra.ebi.ac.uk/vol1/fastq/ERR293/007/ERR2935627/ERR2935627_1.fastq.gz	https://ftp.sra.ebi.ac.uk/vol1/fastq/ERR293/007/ERR2935627/ERR2935627_2.fastq.gz	SAMEA5075900	712452	u
ERR2935629	PAIRED	https://ftp.sra.ebi.ac.uk/vol1/fastq/ERR293/009/ERR2935629/ERR2935629_1.fastq.gz	https://ftp.sra.ebi.ac.uk/vol1/fastq/ERR293/009/ERR2935629/ERR2935629_2.fastq.gz	SAMEA5075902	848145	u
ERR2935635	PAIRED	https://ftp.sra.ebi.ac.uk/vol1/fastq/ERR293/005/ERR2935635/ERR2935635_1.fastq.gz	https://ftp.sra.ebi.ac.uk/vol1/fastq/ERR293/005/ERR2935635/ERR2935635_2.fastq.gz	SAMEA5075908	981513	u
ERR2935642	PAIRED	https://ftp.sra.ebi.ac.uk/vol1/fastq/ERR293/002/ERR2935642/ERR2935642_1.fastq.gz	https://ftp.sra.ebi.ac.uk/vol1/fastq/ERR293/002/ERR2935642/ERR2935642_2.fastq.gz	SAMEA5075915	577029	u
ERR2935653	PAIRED	https://ftp.sra.ebi.ac.uk/vol1/fastq/ERR293/003/ERR2935653/ERR2935653_1.fastq.gz	https://ftp.sra.ebi.ac.uk/vol1/fastq/ERR293/003/ERR2935653/ERR2935653_2.fastq.gz	SAMEA5075926	768455	u
ERR2935655	PAIRED	https://ftp.sra.ebi.ac.uk/vol1/fastq/ERR293/005/ERR2935655/ERR2935655_1.fastq.gz	https://ftp.sra.ebi.ac.uk/vol1/fastq/ERR293/005/ERR2935655/ERR2935655_2.fastq.gz	SAMEA5075928	931135	u
ERR2935664	PAIRED	https://ftp.sra.ebi.ac.uk/vol1/fastq/ERR293/004/ERR2935664/ERR2935664_1.fastq.gz	https://ftp.sra.ebi.ac.uk/vol1/fastq/ERR293/004/ERR2935664/ERR2935664_2.fastq.gz	SAMEA5075937	911789	u
ERR2935690	PAIRED	https://ftp.sra.ebi.ac.uk/vol1/fastq/ERR293/000/ERR2935690/ERR2935690_1.fastq.gz	https://ftp.sra.ebi.ac.uk/vol1/fastq/ERR293/000/ERR2935690/ERR2935690_2.fastq.gz	SAMEA5075963	1090085	u
ERR2935691	PAIRED	https://ftp.sra.ebi.ac.uk/vol1/fastq/ERR293/001/ERR2935691/ERR2935691_1.fastq.gz	https://ftp.sra.ebi.ac.uk/vol1/fastq/ERR293/001/ERR2935691/ERR2935691_2.fastq.gz	SAMEA5075964	800562	u
ERR2935698	PAIRED	https://ftp.sra.ebi.ac.uk/vol1/fastq/ERR293/008/ERR2935698/ERR2935698_1.fastq.gz	https://ftp.sra.ebi.ac.uk/vol1/fastq/ERR293/008/ERR2935698/ERR2935698_2.fastq.gz	SAMEA5075971	362148	u
ERR2935699	PAIRED	https://ftp.sra.ebi.ac.uk/vol1/fastq/ERR293/009/ERR2935699/ERR2935699_1.fastq.gz	https://ftp.sra.ebi.ac.uk/vol1/fastq/ERR293/009/ERR2935699/ERR2935699_2.fastq.gz	SAMEA5075972	557484	u
ERR2935719	PAIRED	https://ftp.sra.ebi.ac.uk/vol1/fastq/ERR293/009/ERR2935719/ERR2935719_1.fastq.gz	https://ftp.sra.ebi.ac.uk/vol1/fastq/ERR293/009/ERR2935719/ERR2935719_2.fastq.gz	SAMEA5075992	654264	u
ERR2935721	PAIRED	https://ftp.sra.ebi.ac.uk/vol1/fastq/ERR293/001/ERR2935721/ERR2935721_1.fastq.gz	https://ftp.sra.ebi.ac.uk/vol1/fastq/ERR293/001/ERR2935721/ERR2935721_2.fastq.gz	SAMEA5075994	666394	u
ERR2935724	PAIRED	https://ftp.sra.ebi.ac.uk/vol1/fastq/ERR293/004/ERR2935724/ERR2935724_1.fastq.gz	https://ftp.sra.ebi.ac.uk/vol1/fastq/ERR293/004/ERR2935724/ERR2935724_2.fastq.gz	SAMEA5075997	773928	u
ERR2935726	PAIRED	https://ftp.sra.ebi.ac.uk/vol1/fastq/ERR293/006/ERR2935726/ERR2935726_1.fastq.gz	https://ftp.sra.ebi.ac.uk/vol1/fastq/ERR293/006/ERR2935726/ERR2935726_2.fastq.gz	SAMEA5075999	761644	u
ERR2935734	PAIRED	https://ftp.sra.ebi.ac.uk/vol1/fastq/ERR293/004/ERR2935734/ERR2935734_1.fastq.gz	https://ftp.sra.ebi.ac.uk/vol1/fastq/ERR293/004/ERR2935734/ERR2935734_2.fastq.gz	SAMEA5076007	791851	u
ERR2935742	PAIRED	https://ftp.sra.ebi.ac.uk/vol1/fastq/ERR293/002/ERR2935742/ERR2935742_1.fastq.gz	https://ftp.sra.ebi.ac.uk/vol1/fastq/ERR293/002/ERR2935742/ERR2935742_2.fastq.gz	SAMEA5076015	867441	u
ERR2935748	PAIRED	https://ftp.sra.ebi.ac.uk/vol1/fastq/ERR293/008/ERR2935748/ERR2935748_1.fastq.gz	https://ftp.sra.ebi.ac.uk/vol1/fastq/ERR293/008/ERR2935748/ERR2935748_2.fastq.gz	SAMEA5076021	517640	u
ERR2935755	PAIRED	https://ftp.sra.ebi.ac.uk/vol1/fastq/ERR293/005/ERR2935755/ERR2935755_1.fastq.gz	https://ftp.sra.ebi.ac.uk/vol1/fastq/ERR293/005/ERR2935755/ERR2935755_2.fastq.gz	SAMEA5076028	740633	u
ERR2935758	PAIRED	https://ftp.sra.ebi.ac.uk/vol1/fastq/ERR293/008/ERR2935758/ERR2935758_1.fastq.gz	https://ftp.sra.ebi.ac.uk/vol1/fastq/ERR293/008/ERR2935758/ERR2935758_2.fastq.gz	SAMEA5076031	814641	u
ERR2935771	PAIRED	https://ftp.sra.ebi.ac.uk/vol1/fastq/ERR293/001/ERR2935771/ERR2935771_1.fastq.gz	https://ftp.sra.ebi.ac.uk/vol1/fastq/ERR293/001/ERR2935771/ERR2935771_2.fastq.gz	SAMEA5076044	1185986	u
ERR2935773	PAIRED	https://ftp.sra.ebi.ac.uk/vol1/fastq/ERR293/003/ERR2935773/ERR2935773_1.fastq.gz	https://ftp.sra.ebi.ac.uk/vol1/fastq/ERR293/003/ERR2935773/ERR2935773_2.fastq.gz	SAMEA5076046	1157910	u
ERR3061898	PAIRED	https://ftp.sra.ebi.ac.uk/vol1/fastq/ERR306/008/ERR3061898/ERR3061898_1.fastq.gz	https://ftp.sra.ebi.ac.uk/vol1/fastq/ERR306/008/ERR3061898/ERR3061898_2.fastq.gz	SAMEA104369952	1631466	u
ERR3061906	PAIRED	https://ftp.sra.ebi.ac.uk/vol1/fastq/ERR306/006/ERR3061906/ERR3061906_1.fastq.gz	https://ftp.sra.ebi.ac.uk/vol1/fastq/ERR306/006/ERR3061906/ERR3061906_2.fastq.gz	SAMEA104369969	1861120	u
ERR3061907	PAIRED	https://ftp.sra.ebi.ac.uk/vol1/fastq/ERR306/007/ERR3061907/ERR3061907_1.fastq.gz	https://ftp.sra.ebi.ac.uk/vol1/fastq/ERR306/007/ERR3061907/ERR3061907_2.fastq.gz	SAMEA104369970	1816442	u
ERR3061987	PAIRED	https://ftp.sra.ebi.ac.uk/vol1/fastq/ERR306/007/ERR3061987/ERR3061987_1.fastq.gz	https://ftp.sra.ebi.ac.uk/vol1/fastq/ERR306/007/ERR3061987/ERR3061987_2.fastq.gz	SAMEA104370086	1687570	u
ERR3061994	PAIRED	https://ftp.sra.ebi.ac.uk/vol1/fastq/ERR306/004/ERR3061994/ERR3061994_1.fastq.gz	https://ftp.sra.ebi.ac.uk/vol1/fastq/ERR306/004/ERR3061994/ERR3061994_2.fastq.gz	SAMEA104370093	1572546	u
ERR3062027	PAIRED	https://ftp.sra.ebi.ac.uk/vol1/fastq/ERR306/007/ERR3062027/ERR3062027_1.fastq.gz	https://ftp.sra.ebi.ac.uk/vol1/fastq/ERR306/007/ERR3062027/ERR3062027_2.fastq.gz	SAMEA104370126	1623016	u
ERR3062037	PAIRED	https://ftp.sra.ebi.ac.uk/vol1/fastq/ERR306/007/ERR3062037/ERR3062037_1.fastq.gz	https://ftp.sra.ebi.ac.uk/vol1/fastq/ERR306/007/ERR3062037/ERR3062037_2.fastq.gz	SAMEA104370141	1518380	u
ERR3062049	PAIRED	https://ftp.sra.ebi.ac.uk/vol1/fastq/ERR306/009/ERR3062049/ERR3062049_1.fastq.gz	https://ftp.sra.ebi.ac.uk/vol1/fastq/ERR306/009/ERR3062049/ERR3062049_2.fastq.gz	SAMEA104370159	1513928	u
ERR3062052	PAIRED	https://ftp.sra.ebi.ac.uk/vol1/fastq/ERR306/002/ERR3062052/ERR3062052_1.fastq.gz	https://ftp.sra.ebi.ac.uk/vol1/fastq/ERR306/002/ERR3062052/ERR3062052_2.fastq.gz	SAMEA104370163	1544928	u
ERR3062066	PAIRED	https://ftp.sra.ebi.ac.uk/vol1/fastq/ERR306/006/ERR3062066/ERR3062066_1.fastq.gz	https://ftp.sra.ebi.ac.uk/vol1/fastq/ERR306/006/ERR3062066/ERR3062066_2.fastq.gz	SAMEA104370193	1777572	u
ERR3062069	PAIRED	https://ftp.sra.ebi.ac.uk/vol1/fastq/ERR306/009/ERR3062069/ERR3062069_1.fastq.gz	https://ftp.sra.ebi.ac.uk/vol1/fastq/ERR306/009/ERR3062069/ERR3062069_2.fastq.gz	SAMEA104370196	1849656	u
ERR3062077	PAIRED	https://ftp.sra.ebi.ac.uk/vol1/fastq/ERR306/007/ERR3062077/ERR3062077_1.fastq.gz	https://ftp.sra.ebi.ac.uk/vol1/fastq/ERR306/007/ERR3062077/ERR3062077_2.fastq.gz	SAMEA104370204	1296176	u
ERR3062102	PAIRED	https://ftp.sra.ebi.ac.uk/vol1/fastq/ERR306/002/ERR3062102/ERR3062102_1.fastq.gz	https://ftp.sra.ebi.ac.uk/vol1/fastq/ERR306/002/ERR3062102/ERR3062102_2.fastq.gz	SAMEA104370237	1523356	u
ERR3062105	PAIRED	https://ftp.sra.ebi.ac.uk/vol1/fastq/ERR306/005/ERR3062105/ERR3062105_1.fastq.gz	https://ftp.sra.ebi.ac.uk/vol1/fastq/ERR306/005/ERR3062105/ERR3062105_2.fastq.gz	SAMEA104370240	1915032	u
ERR3062115	PAIRED	https://ftp.sra.ebi.ac.uk/vol1/fastq/ERR306/005/ERR3062115/ERR3062115_1.fastq.gz	https://ftp.sra.ebi.ac.uk/vol1/fastq/ERR306/005/ERR3062115/ERR3062115_2.fastq.gz	SAMEA104370254	1232292	u
ERR3062120	PAIRED	https://ftp.sra.ebi.ac.uk/vol1/fastq/ERR306/000/ERR3062120/ERR3062120_1.fastq.gz	https://ftp.sra.ebi.ac.uk/vol1/fastq/ERR306/000/ERR3062120/ERR3062120_2.fastq.gz	SAMEA104370261	1687264	u
ERR3062157	PAIRED	https://ftp.sra.ebi.ac.uk/vol1/fastq/ERR306/007/ERR3062157/ERR3062157_1.fastq.gz	https://ftp.sra.ebi.ac.uk/vol1/fastq/ERR306/007/ERR3062157/ERR3062157_2.fastq.gz	SAMEA104370302	1385208	u
ERR3062159	PAIRED	https://ftp.sra.ebi.ac.uk/vol1/fastq/ERR306/009/ERR3062159/ERR3062159_1.fastq.gz	https://ftp.sra.ebi.ac.uk/vol1/fastq/ERR306/009/ERR3062159/ERR3062159_2.fastq.gz	SAMEA104370304	1366130	u
ERR3062161	PAIRED	https://ftp.sra.ebi.ac.uk/vol1/fastq/ERR306/001/ERR3062161/ERR3062161_1.fastq.gz	https://ftp.sra.ebi.ac.uk/vol1/fastq/ERR306/001/ERR3062161/ERR3062161_2.fastq.gz	SAMEA104369940	1321012	u
ERR3062167	PAIRED	https://ftp.sra.ebi.ac.uk/vol1/fastq/ERR306/007/ERR3062167/ERR3062167_1.fastq.gz	https://ftp.sra.ebi.ac.uk/vol1/fastq/ERR306/007/ERR3062167/ERR3062167_2.fastq.gz	SAMEA104369949	1341700	u
ERR3062171	PAIRED	https://ftp.sra.ebi.ac.uk/vol1/fastq/ERR306/001/ERR3062171/ERR3062171_1.fastq.gz	https://ftp.sra.ebi.ac.uk/vol1/fastq/ERR306/001/ERR3062171/ERR3062171_2.fastq.gz	SAMEA104369957	1337086	u
ERR3062190	PAIRED	https://ftp.sra.ebi.ac.uk/vol1/fastq/ERR306/000/ERR3062190/ERR3062190_1.fastq.gz	https://ftp.sra.ebi.ac.uk/vol1/fastq/ERR306/000/ERR3062190/ERR3062190_2.fastq.gz	SAMEA104370002	1476354	u
ERR3062195	PAIRED	https://ftp.sra.ebi.ac.uk/vol1/fastq/ERR306/005/ERR3062195/ERR3062195_1.fastq.gz	https://ftp.sra.ebi.ac.uk/vol1/fastq/ERR306/005/ERR3062195/ERR3062195_2.fastq.gz	SAMEA104370041	1622240	u
ERR3062197	PAIRED	https://ftp.sra.ebi.ac.uk/vol1/fastq/ERR306/007/ERR3062197/ERR3062197_1.fastq.gz	https://ftp.sra.ebi.ac.uk/vol1/fastq/ERR306/007/ERR3062197/ERR3062197_2.fastq.gz	SAMEA104370045	1697502	u
ERR3062219	PAIRED	https://ftp.sra.ebi.ac.uk/vol1/fastq/ERR306/009/ERR3062219/ERR3062219_1.fastq.gz	https://ftp.sra.ebi.ac.uk/vol1/fastq/ERR306/009/ERR3062219/ERR3062219_2.fastq.gz	SAMEA104370145	1371398	u
ERR3062229	PAIRED	https://ftp.sra.ebi.ac.uk/vol1/fastq/ERR306/009/ERR3062229/ERR3062229_1.fastq.gz	https://ftp.sra.ebi.ac.uk/vol1/fastq/ERR306/009/ERR3062229/ERR3062229_2.fastq.gz	SAMEA104370175	1399974	u
ERR3062262	PAIRED	https://ftp.sra.ebi.ac.uk/vol1/fastq/ERR306/002/ERR3062262/ERR3062262_1.fastq.gz	https://ftp.sra.ebi.ac.uk/vol1/fastq/ERR306/002/ERR3062262/ERR3062262_2.fastq.gz	SAMEA104370311	1416788	u
ERR3062274	PAIRED	https://ftp.sra.ebi.ac.uk/vol1/fastq/ERR306/004/ERR3062274/ERR3062274_1.fastq.gz	https://ftp.sra.ebi.ac.uk/vol1/fastq/ERR306/004/ERR3062274/ERR3062274_2.fastq.gz	SAMEA104370321	1241820	u
ERR3449883	PAIRED	https://ftp.sra.ebi.ac.uk/vol1/fastq/ERR344/003/ERR3449883/ERR3449883_1.fastq.gz	https://ftp.sra.ebi.ac.uk/vol1/fastq/ERR344/003/ERR3449883/ERR3449883_2.fastq.gz	SAMEA5805971	664033	u
ERR3808867	PAIRED	https://ftp.sra.ebi.ac.uk/vol1/fastq/ERR380/007/ERR3808867/ERR3808867_1.fastq.gz	https://ftp.sra.ebi.ac.uk/vol1/fastq/ERR380/007/ERR3808867/ERR3808867_2.fastq.gz	SAMEA6469189	783616	u
ERR3808870	PAIRED	https://ftp.sra.ebi.ac.uk/vol1/fastq/ERR380/000/ERR3808870/ERR3808870_1.fastq.gz	https://ftp.sra.ebi.ac.uk/vol1/fastq/ERR380/000/ERR3808870/ERR3808870_2.fastq.gz	SAMEA6469192	479379	u
ERR3808876	PAIRED	https://ftp.sra.ebi.ac.uk/vol1/fastq/ERR380/006/ERR3808876/ERR3808876_1.fastq.gz	https://ftp.sra.ebi.ac.uk/vol1/fastq/ERR380/006/ERR3808876/ERR3808876_2.fastq.gz	SAMEA6469198	937985	u
ERR3808880	PAIRED	https://ftp.sra.ebi.ac.uk/vol1/fastq/ERR380/000/ERR3808880/ERR3808880_1.fastq.gz	https://ftp.sra.ebi.ac.uk/vol1/fastq/ERR380/000/ERR3808880/ERR3808880_2.fastq.gz	SAMEA6469202	1405985	u
ERR3808889	PAIRED	https://ftp.sra.ebi.ac.uk/vol1/fastq/ERR380/009/ERR3808889/ERR3808889_1.fastq.gz	https://ftp.sra.ebi.ac.uk/vol1/fastq/ERR380/009/ERR3808889/ERR3808889_2.fastq.gz	SAMEA6469211	724923	u
ERR3808890	PAIRED	https://ftp.sra.ebi.ac.uk/vol1/fastq/ERR380/000/ERR3808890/ERR3808890_1.fastq.gz	https://ftp.sra.ebi.ac.uk/vol1/fastq/ERR380/000/ERR3808890/ERR3808890_2.fastq.gz	SAMEA6469212	709262	u
ERR3808897	PAIRED	https://ftp.sra.ebi.ac.uk/vol1/fastq/ERR380/007/ERR3808897/ERR3808897_1.fastq.gz	https://ftp.sra.ebi.ac.uk/vol1/fastq/ERR380/007/ERR3808897/ERR3808897_2.fastq.gz	SAMEA6469219	607339	u
ERR3808907	PAIRED	https://ftp.sra.ebi.ac.uk/vol1/fastq/ERR380/007/ERR3808907/ERR3808907_1.fastq.gz	https://ftp.sra.ebi.ac.uk/vol1/fastq/ERR380/007/ERR3808907/ERR3808907_2.fastq.gz	SAMEA6469229	1462578	u
ERR3808910	PAIRED	https://ftp.sra.ebi.ac.uk/vol1/fastq/ERR380/000/ERR3808910/ERR3808910_1.fastq.gz	https://ftp.sra.ebi.ac.uk/vol1/fastq/ERR380/000/ERR3808910/ERR3808910_2.fastq.gz	SAMEA6469232	1168786	u
ERR3808913	PAIRED	https://ftp.sra.ebi.ac.uk/vol1/fastq/ERR380/003/ERR3808913/ERR3808913_1.fastq.gz	https://ftp.sra.ebi.ac.uk/vol1/fastq/ERR380/003/ERR3808913/ERR3808913_2.fastq.gz	SAMEA6469235	1036913	u
ERR3808926	PAIRED	https://ftp.sra.ebi.ac.uk/vol1/fastq/ERR380/006/ERR3808926/ERR3808926_1.fastq.gz	https://ftp.sra.ebi.ac.uk/vol1/fastq/ERR380/006/ERR3808926/ERR3808926_2.fastq.gz	SAMEA6469248	613568	u
ERR3808927	PAIRED	https://ftp.sra.ebi.ac.uk/vol1/fastq/ERR380/007/ERR3808927/ERR3808927_1.fastq.gz	https://ftp.sra.ebi.ac.uk/vol1/fastq/ERR380/007/ERR3808927/ERR3808927_2.fastq.gz	SAMEA6469249	890955	u
ERR3939279	PAIRED	https://ftp.sra.ebi.ac.uk/vol1/fastq/ERR393/009/ERR3939279/ERR3939279_1.fastq.gz	https://ftp.sra.ebi.ac.uk/vol1/fastq/ERR393/009/ERR3939279/ERR3939279_2.fastq.gz	SAMEA6574537	901053	u
ERR3939284	PAIRED	https://ftp.sra.ebi.ac.uk/vol1/fastq/ERR393/004/ERR3939284/ERR3939284_1.fastq.gz	https://ftp.sra.ebi.ac.uk/vol1/fastq/ERR393/004/ERR3939284/ERR3939284_2.fastq.gz	SAMEA6574542	425144	u
ERR4013386	PAIRED	https://ftp.sra.ebi.ac.uk/vol1/fastq/ERR401/006/ERR4013386/ERR4013386_1.fastq.gz	https://ftp.sra.ebi.ac.uk/vol1/fastq/ERR401/006/ERR4013386/ERR4013386_2.fastq.gz	SAMEA6656326	1807596	u
ERR4013387	PAIRED	https://ftp.sra.ebi.ac.uk/vol1/fastq/ERR401/007/ERR4013387/ERR4013387_1.fastq.gz	https://ftp.sra.ebi.ac.uk/vol1/fastq/ERR401/007/ERR4013387/ERR4013387_2.fastq.gz	SAMEA6656327	1371016	u
ERR4013411	PAIRED	https://ftp.sra.ebi.ac.uk/vol1/fastq/ERR401/001/ERR4013411/ERR4013411_1.fastq.gz	https://ftp.sra.ebi.ac.uk/vol1/fastq/ERR401/001/ERR4013411/ERR4013411_2.fastq.gz	SAMEA6656351	1311037	u
ERR4013420	PAIRED	https://ftp.sra.ebi.ac.uk/vol1/fastq/ERR401/000/ERR4013420/ERR4013420_1.fastq.gz	https://ftp.sra.ebi.ac.uk/vol1/fastq/ERR401/000/ERR4013420/ERR4013420_2.fastq.gz	SAMEA6656360	955038	u
ERR4013429	PAIRED	https://ftp.sra.ebi.ac.uk/vol1/fastq/ERR401/009/ERR4013429/ERR4013429_1.fastq.gz	https://ftp.sra.ebi.ac.uk/vol1/fastq/ERR401/009/ERR4013429/ERR4013429_2.fastq.gz	SAMEA6656369	1530390	u
ERR4013432	PAIRED	https://ftp.sra.ebi.ac.uk/vol1/fastq/ERR401/002/ERR4013432/ERR4013432_1.fastq.gz	https://ftp.sra.ebi.ac.uk/vol1/fastq/ERR401/002/ERR4013432/ERR4013432_2.fastq.gz	SAMEA6656372	1011537	u
ERR4013439	PAIRED	https://ftp.sra.ebi.ac.uk/vol1/fastq/ERR401/009/ERR4013439/ERR4013439_1.fastq.gz	https://ftp.sra.ebi.ac.uk/vol1/fastq/ERR401/009/ERR4013439/ERR4013439_2.fastq.gz	SAMEA6656379	1305851	u
ERR4013441	PAIRED	https://ftp.sra.ebi.ac.uk/vol1/fastq/ERR401/001/ERR4013441/ERR4013441_1.fastq.gz	https://ftp.sra.ebi.ac.uk/vol1/fastq/ERR401/001/ERR4013441/ERR4013441_2.fastq.gz	SAMEA6656381	1221702	u
ERR4013450	PAIRED	https://ftp.sra.ebi.ac.uk/vol1/fastq/ERR401/000/ERR4013450/ERR4013450_1.fastq.gz	https://ftp.sra.ebi.ac.uk/vol1/fastq/ERR401/000/ERR4013450/ERR4013450_2.fastq.gz	SAMEA6656390	1600230	u
ERR4013453	PAIRED	https://ftp.sra.ebi.ac.uk/vol1/fastq/ERR401/003/ERR4013453/ERR4013453_1.fastq.gz	https://ftp.sra.ebi.ac.uk/vol1/fastq/ERR401/003/ERR4013453/ERR4013453_2.fastq.gz	SAMEA6656393	1190072	u
ERR4013457	PAIRED	https://ftp.sra.ebi.ac.uk/vol1/fastq/ERR401/007/ERR4013457/ERR4013457_1.fastq.gz	https://ftp.sra.ebi.ac.uk/vol1/fastq/ERR401/007/ERR4013457/ERR4013457_2.fastq.gz	SAMEA6656397	710984	u
ERR4013462	PAIRED	https://ftp.sra.ebi.ac.uk/vol1/fastq/ERR401/002/ERR4013462/ERR4013462_1.fastq.gz	https://ftp.sra.ebi.ac.uk/vol1/fastq/ERR401/002/ERR4013462/ERR4013462_2.fastq.gz	SAMEA6656402	1925870	u
ERR4013469	PAIRED	https://ftp.sra.ebi.ac.uk/vol1/fastq/ERR401/009/ERR4013469/ERR4013469_1.fastq.gz	https://ftp.sra.ebi.ac.uk/vol1/fastq/ERR401/009/ERR4013469/ERR4013469_2.fastq.gz	SAMEA6656409	561944	u
ERR4013487	PAIRED	https://ftp.sra.ebi.ac.uk/vol1/fastq/ERR401/007/ERR4013487/ERR4013487_1.fastq.gz	https://ftp.sra.ebi.ac.uk/vol1/fastq/ERR401/007/ERR4013487/ERR4013487_2.fastq.gz	SAMEA6656427	1772997	u
ERR4013493	PAIRED	https://ftp.sra.ebi.ac.uk/vol1/fastq/ERR401/003/ERR4013493/ERR4013493_1.fastq.gz	https://ftp.sra.ebi.ac.uk/vol1/fastq/ERR401/003/ERR4013493/ERR4013493_2.fastq.gz	SAMEA6656433	1774458	u
ERR4013500	PAIRED	https://ftp.sra.ebi.ac.uk/vol1/fastq/ERR401/000/ERR4013500/ERR4013500_1.fastq.gz	https://ftp.sra.ebi.ac.uk/vol1/fastq/ERR401/000/ERR4013500/ERR4013500_2.fastq.gz	SAMEA6656440	291152	u
ERR4013501	PAIRED	https://ftp.sra.ebi.ac.uk/vol1/fastq/ERR401/001/ERR4013501/ERR4013501_1.fastq.gz	https://ftp.sra.ebi.ac.uk/vol1/fastq/ERR401/001/ERR4013501/ERR4013501_2.fastq.gz	SAMEA6656441	2589380	u
ERR4013504	PAIRED	https://ftp.sra.ebi.ac.uk/vol1/fastq/ERR401/004/ERR4013504/ERR4013504_1.fastq.gz	https://ftp.sra.ebi.ac.uk/vol1/fastq/ERR401/004/ERR4013504/ERR4013504_2.fastq.gz	SAMEA6656444	2172854	u
ERR4013506	PAIRED	https://ftp.sra.ebi.ac.uk/vol1/fastq/ERR401/006/ERR4013506/ERR4013506_1.fastq.gz	https://ftp.sra.ebi.ac.uk/vol1/fastq/ERR401/006/ERR4013506/ERR4013506_2.fastq.gz	SAMEA6656446	1619501	u
ERR4013517	PAIRED	https://ftp.sra.ebi.ac.uk/vol1/fastq/ERR401/007/ERR4013517/ERR4013517_1.fastq.gz	https://ftp.sra.ebi.ac.uk/vol1/fastq/ERR401/007/ERR4013517/ERR4013517_2.fastq.gz	SAMEA6656457	1768905	u
ERR4013520	PAIRED	https://ftp.sra.ebi.ac.uk/vol1/fastq/ERR401/000/ERR4013520/ERR4013520_1.fastq.gz	https://ftp.sra.ebi.ac.uk/vol1/fastq/ERR401/000/ERR4013520/ERR4013520_2.fastq.gz	SAMEA6656460	492366	u
ERR4013542	PAIRED	https://ftp.sra.ebi.ac.uk/vol1/fastq/ERR401/002/ERR4013542/ERR4013542_1.fastq.gz	https://ftp.sra.ebi.ac.uk/vol1/fastq/ERR401/002/ERR4013542/ERR4013542_2.fastq.gz	SAMEA6656482	3105305	u
ERR4013547	PAIRED	https://ftp.sra.ebi.ac.uk/vol1/fastq/ERR401/007/ERR4013547/ERR4013547_1.fastq.gz	https://ftp.sra.ebi.ac.uk/vol1/fastq/ERR401/007/ERR4013547/ERR4013547_2.fastq.gz	SAMEA6656487	3475804	u
ERR4034031	PAIRED	https://ftp.sra.ebi.ac.uk/vol1/fastq/ERR403/001/ERR4034031/ERR4034031_1.fastq.gz	https://ftp.sra.ebi.ac.uk/vol1/fastq/ERR403/001/ERR4034031/ERR4034031_2.fastq.gz	SAMEA5623025	2043138	u
ERR4034034	PAIRED	https://ftp.sra.ebi.ac.uk/vol1/fastq/ERR403/004/ERR4034034/ERR4034034_1.fastq.gz	https://ftp.sra.ebi.ac.uk/vol1/fastq/ERR403/004/ERR4034034/ERR4034034_2.fastq.gz	SAMEA5621172	2341430	u
ERR4034037	PAIRED	https://ftp.sra.ebi.ac.uk/vol1/fastq/ERR403/007/ERR4034037/ERR4034037_1.fastq.gz	https://ftp.sra.ebi.ac.uk/vol1/fastq/ERR403/007/ERR4034037/ERR4034037_2.fastq.gz	SAMEA5623124	1958910	u
ERR4034042	PAIRED	https://ftp.sra.ebi.ac.uk/vol1/fastq/ERR403/002/ERR4034042/ERR4034042_1.fastq.gz	https://ftp.sra.ebi.ac.uk/vol1/fastq/ERR403/002/ERR4034042/ERR4034042_2.fastq.gz	SAMEA5621176	2297088	u
ERR4034045	PAIRED	https://ftp.sra.ebi.ac.uk/vol1/fastq/ERR403/005/ERR4034045/ERR4034045_1.fastq.gz	https://ftp.sra.ebi.ac.uk/vol1/fastq/ERR403/005/ERR4034045/ERR4034045_2.fastq.gz	SAMEA5621073	1862224	u
ERR4034056	PAIRED	https://ftp.sra.ebi.ac.uk/vol1/fastq/ERR403/006/ERR4034056/ERR4034056_1.fastq.gz	https://ftp.sra.ebi.ac.uk/vol1/fastq/ERR403/006/ERR4034056/ERR4034056_2.fastq.gz	SAMEA5621167	2632422	u
ERR4034062	PAIRED	https://ftp.sra.ebi.ac.uk/vol1/fastq/ERR403/002/ERR4034062/ERR4034062_1.fastq.gz	https://ftp.sra.ebi.ac.uk/vol1/fastq/ERR403/002/ERR4034062/ERR4034062_2.fastq.gz	SAMEA5621182	2590740	u
ERR4034071	PAIRED	https://ftp.sra.ebi.ac.uk/vol1/fastq/ERR403/001/ERR4034071/ERR4034071_1.fastq.gz	https://ftp.sra.ebi.ac.uk/vol1/fastq/ERR403/001/ERR4034071/ERR4034071_2.fastq.gz	SAMEA5621187	2421524	u
ERR4034074	PAIRED	https://ftp.sra.ebi.ac.uk/vol1/fastq/ERR403/004/ERR4034074/ERR4034074_1.fastq.gz	https://ftp.sra.ebi.ac.uk/vol1/fastq/ERR403/004/ERR4034074/ERR4034074_2.fastq.gz	SAMEA5621188	2685416	u
ERR4034077	PAIRED	https://ftp.sra.ebi.ac.uk/vol1/fastq/ERR403/007/ERR4034077/ERR4034077_1.fastq.gz	https://ftp.sra.ebi.ac.uk/vol1/fastq/ERR403/007/ERR4034077/ERR4034077_2.fastq.gz	SAMEA5621189	2390320	u
ERR4034085	PAIRED	https://ftp.sra.ebi.ac.uk/vol1/fastq/ERR403/005/ERR4034085/ERR4034085_1.fastq.gz	https://ftp.sra.ebi.ac.uk/vol1/fastq/ERR403/005/ERR4034085/ERR4034085_2.fastq.gz	SAMEA5621091	1915946	u
ERR4034086	PAIRED	https://ftp.sra.ebi.ac.uk/vol1/fastq/ERR403/006/ERR4034086/ERR4034086_1.fastq.gz	https://ftp.sra.ebi.ac.uk/vol1/fastq/ERR403/006/ERR4034086/ERR4034086_2.fastq.gz	SAMEA5621192	2673818	u
ERR4034089	PAIRED	https://ftp.sra.ebi.ac.uk/vol1/fastq/ERR403/009/ERR4034089/ERR4034089_1.fastq.gz	https://ftp.sra.ebi.ac.uk/vol1/fastq/ERR403/009/ERR4034089/ERR4034089_2.fastq.gz	SAMEA5621193	2487644	u
ERR4034092	PAIRED	https://ftp.sra.ebi.ac.uk/vol1/fastq/ERR403/002/ERR4034092/ERR4034092_1.fastq.gz	https://ftp.sra.ebi.ac.uk/vol1/fastq/ERR403/002/ERR4034092/ERR4034092_2.fastq.gz	SAMEA5621194	2377284	u
ERR4034101	PAIRED	https://ftp.sra.ebi.ac.uk/vol1/fastq/ERR403/001/ERR4034101/ERR4034101_1.fastq.gz	https://ftp.sra.ebi.ac.uk/vol1/fastq/ERR403/001/ERR4034101/ERR4034101_2.fastq.gz	SAMEA5621199	2649028	u
ERR4034102	PAIRED	https://ftp.sra.ebi.ac.uk/vol1/fastq/ERR403/002/ERR4034102/ERR4034102_1.fastq.gz	https://ftp.sra.ebi.ac.uk/vol1/fastq/ERR403/002/ERR4034102/ERR4034102_2.fastq.gz	SAMEA5621232	2625066	u
ERR4034111	PAIRED	https://ftp.sra.ebi.ac.uk/vol1/fastq/ERR403/001/ERR4034111/ERR4034111_1.fastq.gz	https://ftp.sra.ebi.ac.uk/vol1/fastq/ERR403/001/ERR4034111/ERR4034111_2.fastq.gz	SAMEA5621295	2666486	u
ERR4034117	PAIRED	https://ftp.sra.ebi.ac.uk/vol1/fastq/ERR403/007/ERR4034117/ERR4034117_1.fastq.gz	https://ftp.sra.ebi.ac.uk/vol1/fastq/ERR403/007/ERR4034117/ERR4034117_2.fastq.gz	SAMEA5621357	2643462	u
ERR4034119	PAIRED	https://ftp.sra.ebi.ac.uk/vol1/fastq/ERR403/009/ERR4034119/ERR4034119_1.fastq.gz	https://ftp.sra.ebi.ac.uk/vol1/fastq/ERR403/009/ERR4034119/ERR4034119_2.fastq.gz	SAMEA5621205	2611038	u
ERR4034126	PAIRED	https://ftp.sra.ebi.ac.uk/vol1/fastq/ERR403/006/ERR4034126/ERR4034126_1.fastq.gz	https://ftp.sra.ebi.ac.uk/vol1/fastq/ERR403/006/ERR4034126/ERR4034126_2.fastq.gz	SAMEA5621207	2762888	u
ERR4034127	PAIRED	https://ftp.sra.ebi.ac.uk/vol1/fastq/ERR403/007/ERR4034127/ERR4034127_1.fastq.gz	https://ftp.sra.ebi.ac.uk/vol1/fastq/ERR403/007/ERR4034127/ERR4034127_2.fastq.gz	SAMEA5621565	2558642	u
ERR4034129	PAIRED	https://ftp.sra.ebi.ac.uk/vol1/fastq/ERR403/009/ERR4034129/ERR4034129_1.fastq.gz	https://ftp.sra.ebi.ac.uk/vol1/fastq/ERR403/009/ERR4034129/ERR4034129_2.fastq.gz	SAMEA5621208	2591260	u
ERR4034132	PAIRED	https://ftp.sra.ebi.ac.uk/vol1/fastq/ERR403/002/ERR4034132/ERR4034132_1.fastq.gz	https://ftp.sra.ebi.ac.uk/vol1/fastq/ERR403/002/ERR4034132/ERR4034132_2.fastq.gz	SAMEA5621209	2432050	u
ERR4034139	PAIRED	https://ftp.sra.ebi.ac.uk/vol1/fastq/ERR403/009/ERR4034139/ERR4034139_1.fastq.gz	https://ftp.sra.ebi.ac.uk/vol1/fastq/ERR403/009/ERR4034139/ERR4034139_2.fastq.gz	SAMEA5621706	2715950	u
ERR4034146	PAIRED	https://ftp.sra.ebi.ac.uk/vol1/fastq/ERR403/006/ERR4034146/ERR4034146_1.fastq.gz	https://ftp.sra.ebi.ac.uk/vol1/fastq/ERR403/006/ERR4034146/ERR4034146_2.fastq.gz	SAMEA5621114	1911036	u
ERR4034153	PAIRED	https://ftp.sra.ebi.ac.uk/vol1/fastq/ERR403/003/ERR4034153/ERR4034153_1.fastq.gz	https://ftp.sra.ebi.ac.uk/vol1/fastq/ERR403/003/ERR4034153/ERR4034153_2.fastq.gz	SAMEA5621217	2545332	u
ERR4034155	PAIRED	https://ftp.sra.ebi.ac.uk/vol1/fastq/ERR403/005/ERR4034155/ERR4034155_1.fastq.gz	https://ftp.sra.ebi.ac.uk/vol1/fastq/ERR403/005/ERR4034155/ERR4034155_2.fastq.gz	SAMEA5621117	2234108	u
ERR4034161	PAIRED	https://ftp.sra.ebi.ac.uk/vol1/fastq/ERR403/001/ERR4034161/ERR4034161_1.fastq.gz	https://ftp.sra.ebi.ac.uk/vol1/fastq/ERR403/001/ERR4034161/ERR4034161_2.fastq.gz	SAMEA5621119	2113804	u
ERR4034166	PAIRED	https://ftp.sra.ebi.ac.uk/vol1/fastq/ERR403/006/ERR4034166/ERR4034166_1.fastq.gz	https://ftp.sra.ebi.ac.uk/vol1/fastq/ERR403/006/ERR4034166/ERR4034166_2.fastq.gz	SAMEA5621947	2185406	u
ERR4034168	PAIRED	https://ftp.sra.ebi.ac.uk/vol1/fastq/ERR403/008/ERR4034168/ERR4034168_1.fastq.gz	https://ftp.sra.ebi.ac.uk/vol1/fastq/ERR403/008/ERR4034168/ERR4034168_2.fastq.gz	SAMEA5621224	2255802	u
ERR4034171	PAIRED	https://ftp.sra.ebi.ac.uk/vol1/fastq/ERR403/001/ERR4034171/ERR4034171_1.fastq.gz	https://ftp.sra.ebi.ac.uk/vol1/fastq/ERR403/001/ERR4034171/ERR4034171_2.fastq.gz	SAMEA5621225	2610240	u
ERR4034182	PAIRED	https://ftp.sra.ebi.ac.uk/vol1/fastq/ERR403/002/ERR4034182/ERR4034182_1.fastq.gz	https://ftp.sra.ebi.ac.uk/vol1/fastq/ERR403/002/ERR4034182/ERR4034182_2.fastq.gz	SAMEA5621126	2103308	u
ERR4034185	PAIRED	https://ftp.sra.ebi.ac.uk/vol1/fastq/ERR403/005/ERR4034185/ERR4034185_1.fastq.gz	https://ftp.sra.ebi.ac.uk/vol1/fastq/ERR403/005/ERR4034185/ERR4034185_2.fastq.gz	SAMEA5621127	2135672	u
ERR4034204	PAIRED	https://ftp.sra.ebi.ac.uk/vol1/fastq/ERR403/004/ERR4034204/ERR4034204_1.fastq.gz	https://ftp.sra.ebi.ac.uk/vol1/fastq/ERR403/004/ERR4034204/ERR4034204_2.fastq.gz	SAMEA5621133	2220414	u
ERR4034207	PAIRED	https://ftp.sra.ebi.ac.uk/vol1/fastq/ERR403/007/ERR4034207/ERR4034207_1.fastq.gz	https://ftp.sra.ebi.ac.uk/vol1/fastq/ERR403/007/ERR4034207/ERR4034207_2.fastq.gz	SAMEA5621134	2008168	u
ERR4034214	PAIRED	https://ftp.sra.ebi.ac.uk/vol1/fastq/ERR403/004/ERR4034214/ERR4034214_1.fastq.gz	https://ftp.sra.ebi.ac.uk/vol1/fastq/ERR403/004/ERR4034214/ERR4034214_2.fastq.gz	SAMEA5621241	2488568	u
ERR4034228	PAIRED	https://ftp.sra.ebi.ac.uk/vol1/fastq/ERR403/008/ERR4034228/ERR4034228_1.fastq.gz	https://ftp.sra.ebi.ac.uk/vol1/fastq/ERR403/008/ERR4034228/ERR4034228_2.fastq.gz	SAMEA5621141	2132894	u
ERR4034237	PAIRED	https://ftp.sra.ebi.ac.uk/vol1/fastq/ERR403/007/ERR4034237/ERR4034237_1.fastq.gz	https://ftp.sra.ebi.ac.uk/vol1/fastq/ERR403/007/ERR4034237/ERR4034237_2.fastq.gz	SAMEA5621145	2219744	u
ERR4034265	PAIRED	https://ftp.sra.ebi.ac.uk/vol1/fastq/ERR403/005/ERR4034265/ERR4034265_1.fastq.gz	https://ftp.sra.ebi.ac.uk/vol1/fastq/ERR403/005/ERR4034265/ERR4034265_2.fastq.gz	SAMEA5621259	2568608	u
ERR4034268	PAIRED	https://ftp.sra.ebi.ac.uk/vol1/fastq/ERR403/008/ERR4034268/ERR4034268_1.fastq.gz	https://ftp.sra.ebi.ac.uk/vol1/fastq/ERR403/008/ERR4034268/ERR4034268_2.fastq.gz	SAMEA5621260	2366788	u
ERR4034269	PAIRED	https://ftp.sra.ebi.ac.uk/vol1/fastq/ERR403/009/ERR4034269/ERR4034269_1.fastq.gz	https://ftp.sra.ebi.ac.uk/vol1/fastq/ERR403/009/ERR4034269/ERR4034269_2.fastq.gz	SAMEA5622563	2899032	u
ERR4034270	PAIRED	https://ftp.sra.ebi.ac.uk/vol1/fastq/ERR403/000/ERR4034270/ERR4034270_1.fastq.gz	https://ftp.sra.ebi.ac.uk/vol1/fastq/ERR403/000/ERR4034270/ERR4034270_2.fastq.gz	SAMEA5621157	2622412	u
ERR4034272	PAIRED	https://ftp.sra.ebi.ac.uk/vol1/fastq/ERR403/002/ERR4034272/ERR4034272_1.fastq.gz	https://ftp.sra.ebi.ac.uk/vol1/fastq/ERR403/002/ERR4034272/ERR4034272_2.fastq.gz	SAMEA5622571	2625060	u
ERR4034283	PAIRED	https://ftp.sra.ebi.ac.uk/vol1/fastq/ERR403/003/ERR4034283/ERR4034283_1.fastq.gz	https://ftp.sra.ebi.ac.uk/vol1/fastq/ERR403/003/ERR4034283/ERR4034283_2.fastq.gz	SAMEA5621161	1811658	u
ERR4034312	PAIRED	https://ftp.sra.ebi.ac.uk/vol1/fastq/ERR403/002/ERR4034312/ERR4034312_1.fastq.gz	https://ftp.sra.ebi.ac.uk/vol1/fastq/ERR403/002/ERR4034312/ERR4034312_2.fastq.gz	SAMEA5621827	2314098	u
ERR4034314	PAIRED	https://ftp.sra.ebi.ac.uk/vol1/fastq/ERR403/004/ERR4034314/ERR4034314_1.fastq.gz	https://ftp.sra.ebi.ac.uk/vol1/fastq/ERR403/004/ERR4034314/ERR4034314_2.fastq.gz	SAMEA5621569	2056826	u
ERR4034319	PAIRED	https://ftp.sra.ebi.ac.uk/vol1/fastq/ERR403/009/ERR4034319/ERR4034319_1.fastq.gz	https://ftp.sra.ebi.ac.uk/vol1/fastq/ERR403/009/ERR4034319/ERR4034319_2.fastq.gz	SAMEA5621670	2535088	u
ERR4034333	PAIRED	https://ftp.sra.ebi.ac.uk/vol1/fastq/ERR403/003/ERR4034333/ERR4034333_1.fastq.gz	https://ftp.sra.ebi.ac.uk/vol1/fastq/ERR403/003/ERR4034333/ERR4034333_2.fastq.gz	SAMEA5621928	2051270	u
ERR4034349	PAIRED	https://ftp.sra.ebi.ac.uk/vol1/fastq/ERR403/009/ERR4034349/ERR4034349_1.fastq.gz	https://ftp.sra.ebi.ac.uk/vol1/fastq/ERR403/009/ERR4034349/ERR4034349_2.fastq.gz	SAMEA5621836	2426458	u
ERR4034356	PAIRED	https://ftp.sra.ebi.ac.uk/vol1/fastq/ERR403/006/ERR4034356/ERR4034356_1.fastq.gz	https://ftp.sra.ebi.ac.uk/vol1/fastq/ERR403/006/ERR4034356/ERR4034356_2.fastq.gz	SAMEA5621679	2280204	u
ERR4034364	PAIRED	https://ftp.sra.ebi.ac.uk/vol1/fastq/ERR403/004/ERR4034364/ERR4034364_1.fastq.gz	https://ftp.sra.ebi.ac.uk/vol1/fastq/ERR403/004/ERR4034364/ERR4034364_2.fastq.gz	SAMEA5621681	2357394	u
ERR4034371	PAIRED	https://ftp.sra.ebi.ac.uk/vol1/fastq/ERR403/001/ERR4034371/ERR4034371_1.fastq.gz	https://ftp.sra.ebi.ac.uk/vol1/fastq/ERR403/001/ERR4034371/ERR4034371_2.fastq.gz	SAMEA5621586	2507906	u
ERR4034382	PAIRED	https://ftp.sra.ebi.ac.uk/vol1/fastq/ERR403/002/ERR4034382/ERR4034382_1.fastq.gz	https://ftp.sra.ebi.ac.uk/vol1/fastq/ERR403/002/ERR4034382/ERR4034382_2.fastq.gz	SAMEA5621844	2686308	u
ERR4034392	PAIRED	https://ftp.sra.ebi.ac.uk/vol1/fastq/ERR403/002/ERR4034392/ERR4034392_1.fastq.gz	https://ftp.sra.ebi.ac.uk/vol1/fastq/ERR403/002/ERR4034392/ERR4034392_2.fastq.gz	SAMEA5621591	2339564	u
ERR4034400	PAIRED	https://ftp.sra.ebi.ac.uk/vol1/fastq/ERR403/000/ERR4034400/ERR4034400_1.fastq.gz	https://ftp.sra.ebi.ac.uk/vol1/fastq/ERR403/000/ERR4034400/ERR4034400_2.fastq.gz	SAMEA5621593	2404334	u
ERR4034416	PAIRED	https://ftp.sra.ebi.ac.uk/vol1/fastq/ERR403/006/ERR4034416/ERR4034416_1.fastq.gz	https://ftp.sra.ebi.ac.uk/vol1/fastq/ERR403/006/ERR4034416/ERR4034416_2.fastq.gz	SAMEA5621597	2785994	u
ERR4034417	PAIRED	https://ftp.sra.ebi.ac.uk/vol1/fastq/ERR403/007/ERR4034417/ERR4034417_1.fastq.gz	https://ftp.sra.ebi.ac.uk/vol1/fastq/ERR403/007/ERR4034417/ERR4034417_2.fastq.gz	SAMEA5621690	2425838	u
ERR4034422	PAIRED	https://ftp.sra.ebi.ac.uk/vol1/fastq/ERR403/002/ERR4034422/ERR4034422_1.fastq.gz	https://ftp.sra.ebi.ac.uk/vol1/fastq/ERR403/002/ERR4034422/ERR4034422_2.fastq.gz	SAMEA5621854	2607384	u
ERR4034425	PAIRED	https://ftp.sra.ebi.ac.uk/vol1/fastq/ERR403/005/ERR4034425/ERR4034425_1.fastq.gz	https://ftp.sra.ebi.ac.uk/vol1/fastq/ERR403/005/ERR4034425/ERR4034425_2.fastq.gz	SAMEA5621692	2725556	u
ERR4034433	PAIRED	https://ftp.sra.ebi.ac.uk/vol1/fastq/ERR403/003/ERR4034433/ERR4034433_1.fastq.gz	https://ftp.sra.ebi.ac.uk/vol1/fastq/ERR403/003/ERR4034433/ERR4034433_2.fastq.gz	SAMEA5621699	2713408	u
ERR4034443	PAIRED	https://ftp.sra.ebi.ac.uk/vol1/fastq/ERR403/003/ERR4034443/ERR4034443_1.fastq.gz	https://ftp.sra.ebi.ac.uk/vol1/fastq/ERR403/003/ERR4034443/ERR4034443_2.fastq.gz	SAMEA5621962	2097778	u
ERR4034445	PAIRED	https://ftp.sra.ebi.ac.uk/vol1/fastq/ERR403/005/ERR4034445/ERR4034445_1.fastq.gz	https://ftp.sra.ebi.ac.uk/vol1/fastq/ERR403/005/ERR4034445/ERR4034445_2.fastq.gz	SAMEA5621702	2692198	u
ERR4034450	PAIRED	https://ftp.sra.ebi.ac.uk/vol1/fastq/ERR403/000/ERR4034450/ERR4034450_1.fastq.gz	https://ftp.sra.ebi.ac.uk/vol1/fastq/ERR403/000/ERR4034450/ERR4034450_2.fastq.gz	SAMEA5621861	2536784	u
ERR4034457	PAIRED	https://ftp.sra.ebi.ac.uk/vol1/fastq/ERR403/007/ERR4034457/ERR4034457_1.fastq.gz	https://ftp.sra.ebi.ac.uk/vol1/fastq/ERR403/007/ERR4034457/ERR4034457_2.fastq.gz	SAMEA5621705	2337484	u
ERR4034465	PAIRED	https://ftp.sra.ebi.ac.uk/vol1/fastq/ERR403/005/ERR4034465/ERR4034465_1.fastq.gz	https://ftp.sra.ebi.ac.uk/vol1/fastq/ERR403/005/ERR4034465/ERR4034465_2.fastq.gz	SAMEA5621609	2406980	u
ERR4034468	PAIRED	https://ftp.sra.ebi.ac.uk/vol1/fastq/ERR403/008/ERR4034468/ERR4034468_1.fastq.gz	https://ftp.sra.ebi.ac.uk/vol1/fastq/ERR403/008/ERR4034468/ERR4034468_2.fastq.gz	SAMEA5621970	1748170	u
ERR4034486	PAIRED	https://ftp.sra.ebi.ac.uk/vol1/fastq/ERR403/006/ERR4034486/ERR4034486_1.fastq.gz	https://ftp.sra.ebi.ac.uk/vol1/fastq/ERR403/006/ERR4034486/ERR4034486_2.fastq.gz	SAMEA5621713	2569694	u
ERR4034488	PAIRED	https://ftp.sra.ebi.ac.uk/vol1/fastq/ERR403/008/ERR4034488/ERR4034488_1.fastq.gz	https://ftp.sra.ebi.ac.uk/vol1/fastq/ERR403/008/ERR4034488/ERR4034488_2.fastq.gz	SAMEA5621978	2281336	u
ERR4034494	PAIRED	https://ftp.sra.ebi.ac.uk/vol1/fastq/ERR403/004/ERR4034494/ERR4034494_1.fastq.gz	https://ftp.sra.ebi.ac.uk/vol1/fastq/ERR403/004/ERR4034494/ERR4034494_2.fastq.gz	SAMEA5621715	2304962	u
ERR4034497	PAIRED	https://ftp.sra.ebi.ac.uk/vol1/fastq/ERR403/007/ERR4034497/ERR4034497_1.fastq.gz	https://ftp.sra.ebi.ac.uk/vol1/fastq/ERR403/007/ERR4034497/ERR4034497_2.fastq.gz	SAMEA5621617	2353172	u
ERR4034499	PAIRED	https://ftp.sra.ebi.ac.uk/vol1/fastq/ERR403/009/ERR4034499/ERR4034499_1.fastq.gz	https://ftp.sra.ebi.ac.uk/vol1/fastq/ERR403/009/ERR4034499/ERR4034499_2.fastq.gz	SAMEA5621874	2711710	u
ERR4034505	PAIRED	https://ftp.sra.ebi.ac.uk/vol1/fastq/ERR403/005/ERR4034505/ERR4034505_1.fastq.gz	https://ftp.sra.ebi.ac.uk/vol1/fastq/ERR403/005/ERR4034505/ERR4034505_2.fastq.gz	SAMEA5621619	2376216	u
ERR4034507	PAIRED	https://ftp.sra.ebi.ac.uk/vol1/fastq/ERR403/007/ERR4034507/ERR4034507_1.fastq.gz	https://ftp.sra.ebi.ac.uk/vol1/fastq/ERR403/007/ERR4034507/ERR4034507_2.fastq.gz	SAMEA5621876	2433652	u
ERR4034509	PAIRED	https://ftp.sra.ebi.ac.uk/vol1/fastq/ERR403/009/ERR4034509/ERR4034509_1.fastq.gz	https://ftp.sra.ebi.ac.uk/vol1/fastq/ERR403/009/ERR4034509/ERR4034509_2.fastq.gz	SAMEA5621620	2443990	u
ERR4034518	PAIRED	https://ftp.sra.ebi.ac.uk/vol1/fastq/ERR403/008/ERR4034518/ERR4034518_1.fastq.gz	https://ftp.sra.ebi.ac.uk/vol1/fastq/ERR403/008/ERR4034518/ERR4034518_2.fastq.gz	SAMEA5621779	2831498	u
ERR4034522	PAIRED	https://ftp.sra.ebi.ac.uk/vol1/fastq/ERR403/002/ERR4034522/ERR4034522_1.fastq.gz	https://ftp.sra.ebi.ac.uk/vol1/fastq/ERR403/002/ERR4034522/ERR4034522_2.fastq.gz	SAMEA5621780	2534204	u
ERR4034525	PAIRED	https://ftp.sra.ebi.ac.uk/vol1/fastq/ERR403/005/ERR4034525/ERR4034525_1.fastq.gz	https://ftp.sra.ebi.ac.uk/vol1/fastq/ERR403/005/ERR4034525/ERR4034525_2.fastq.gz	SAMEA5621624	2543662	u
ERR4034532	PAIRED	https://ftp.sra.ebi.ac.uk/vol1/fastq/ERR403/002/ERR4034532/ERR4034532_1.fastq.gz	https://ftp.sra.ebi.ac.uk/vol1/fastq/ERR403/002/ERR4034532/ERR4034532_2.fastq.gz	SAMEA5621989	2201288	u
ERR4034534	PAIRED	https://ftp.sra.ebi.ac.uk/vol1/fastq/ERR403/004/ERR4034534/ERR4034534_1.fastq.gz	https://ftp.sra.ebi.ac.uk/vol1/fastq/ERR403/004/ERR4034534/ERR4034534_2.fastq.gz	SAMEA5621783	2579536	u
ERR4034540	PAIRED	https://ftp.sra.ebi.ac.uk/vol1/fastq/ERR403/000/ERR4034540/ERR4034540_1.fastq.gz	https://ftp.sra.ebi.ac.uk/vol1/fastq/ERR403/000/ERR4034540/ERR4034540_2.fastq.gz	SAMEA5621992	1905534	u
ERR4034542	PAIRED	https://ftp.sra.ebi.ac.uk/vol1/fastq/ERR403/002/ERR4034542/ERR4034542_1.fastq.gz	https://ftp.sra.ebi.ac.uk/vol1/fastq/ERR403/002/ERR4034542/ERR4034542_2.fastq.gz	SAMEA5621785	2717288	u
ERR4034568	PAIRED	https://ftp.sra.ebi.ac.uk/vol1/fastq/ERR403/008/ERR4034568/ERR4034568_1.fastq.gz	https://ftp.sra.ebi.ac.uk/vol1/fastq/ERR403/008/ERR4034568/ERR4034568_2.fastq.gz	SAMEA5621891	2662812	u
ERR4034590	PAIRED	https://ftp.sra.ebi.ac.uk/vol1/fastq/ERR403/000/ERR4034590/ERR4034590_1.fastq.gz	https://ftp.sra.ebi.ac.uk/vol1/fastq/ERR403/000/ERR4034590/ERR4034590_2.fastq.gz	SAMEA5621640	2557758	u
ERR4034596	PAIRED	https://ftp.sra.ebi.ac.uk/vol1/fastq/ERR403/006/ERR4034596/ERR4034596_1.fastq.gz	https://ftp.sra.ebi.ac.uk/vol1/fastq/ERR403/006/ERR4034596/ERR4034596_2.fastq.gz	SAMEA5621898	2232650	u
ERR4034607	PAIRED	https://ftp.sra.ebi.ac.uk/vol1/fastq/ERR403/007/ERR4034607/ERR4034607_1.fastq.gz	https://ftp.sra.ebi.ac.uk/vol1/fastq/ERR403/007/ERR4034607/ERR4034607_2.fastq.gz	SAMEA5621804	2106458	u
ERR4034608	PAIRED	https://ftp.sra.ebi.ac.uk/vol1/fastq/ERR403/008/ERR4034608/ERR4034608_1.fastq.gz	https://ftp.sra.ebi.ac.uk/vol1/fastq/ERR403/008/ERR4034608/ERR4034608_2.fastq.gz	SAMEA5621901	2316296	u
ERR4034620	PAIRED	https://ftp.sra.ebi.ac.uk/vol1/fastq/ERR403/000/ERR4034620/ERR4034620_1.fastq.gz	https://ftp.sra.ebi.ac.uk/vol1/fastq/ERR403/000/ERR4034620/ERR4034620_2.fastq.gz	SAMEA5621904	2385794	u
ERR4034624	PAIRED	https://ftp.sra.ebi.ac.uk/vol1/fastq/ERR403/004/ERR4034624/ERR4034624_1.fastq.gz	https://ftp.sra.ebi.ac.uk/vol1/fastq/ERR403/004/ERR4034624/ERR4034624_2.fastq.gz	SAMEA5621905	2425998	u
ERR4034640	PAIRED	https://ftp.sra.ebi.ac.uk/vol1/fastq/ERR403/000/ERR4034640/ERR4034640_1.fastq.gz	https://ftp.sra.ebi.ac.uk/vol1/fastq/ERR403/000/ERR4034640/ERR4034640_2.fastq.gz	SAMEA5621813	2291184	u
ERR4034667	PAIRED	https://ftp.sra.ebi.ac.uk/vol1/fastq/ERR403/007/ERR4034667/ERR4034667_1.fastq.gz	https://ftp.sra.ebi.ac.uk/vol1/fastq/ERR403/007/ERR4034667/ERR4034667_2.fastq.gz	SAMEA5621660	2486214	u
ERR4034669	PAIRED	https://ftp.sra.ebi.ac.uk/vol1/fastq/ERR403/009/ERR4034669/ERR4034669_1.fastq.gz	https://ftp.sra.ebi.ac.uk/vol1/fastq/ERR403/009/ERR4034669/ERR4034669_2.fastq.gz	SAMEA5621916	2256456	u
ERR4034680	PAIRED	https://ftp.sra.ebi.ac.uk/vol1/fastq/ERR403/000/ERR4034680/ERR4034680_1.fastq.gz	https://ftp.sra.ebi.ac.uk/vol1/fastq/ERR403/000/ERR4034680/ERR4034680_2.fastq.gz	SAMEA5621663	2389188	u
ERR4034689	PAIRED	https://ftp.sra.ebi.ac.uk/vol1/fastq/ERR403/009/ERR4034689/ERR4034689_1.fastq.gz	https://ftp.sra.ebi.ac.uk/vol1/fastq/ERR403/009/ERR4034689/ERR4034689_2.fastq.gz	SAMEA5622928	2055118	u
ERR4034693	PAIRED	https://ftp.sra.ebi.ac.uk/vol1/fastq/ERR403/003/ERR4034693/ERR4034693_1.fastq.gz	https://ftp.sra.ebi.ac.uk/vol1/fastq/ERR403/003/ERR4034693/ERR4034693_2.fastq.gz	SAMEA5622929	2306832	u
ERR4034698	PAIRED	https://ftp.sra.ebi.ac.uk/vol1/fastq/ERR403/008/ERR4034698/ERR4034698_1.fastq.gz	https://ftp.sra.ebi.ac.uk/vol1/fastq/ERR403/008/ERR4034698/ERR4034698_2.fastq.gz	SAMEA5622439	2065890	u
ERR4034710	PAIRED	https://ftp.sra.ebi.ac.uk/vol1/fastq/ERR403/000/ERR4034710/ERR4034710_1.fastq.gz	https://ftp.sra.ebi.ac.uk/vol1/fastq/ERR403/000/ERR4034710/ERR4034710_2.fastq.gz	SAMEA5622442	2431414	u
ERR4034718	PAIRED	https://ftp.sra.ebi.ac.uk/vol1/fastq/ERR403/008/ERR4034718/ERR4034718_1.fastq.gz	https://ftp.sra.ebi.ac.uk/vol1/fastq/ERR403/008/ERR4034718/ERR4034718_2.fastq.gz	SAMEA5622444	2209710	u
ERR4034719	PAIRED	https://ftp.sra.ebi.ac.uk/vol1/fastq/ERR403/009/ERR4034719/ERR4034719_1.fastq.gz	https://ftp.sra.ebi.ac.uk/vol1/fastq/ERR403/009/ERR4034719/ERR4034719_2.fastq.gz	SAMEA5622542	2348642	u
ERR4034740	PAIRED	https://ftp.sra.ebi.ac.uk/vol1/fastq/ERR403/000/ERR4034740/ERR4034740_1.fastq.gz	https://ftp.sra.ebi.ac.uk/vol1/fastq/ERR403/000/ERR4034740/ERR4034740_2.fastq.gz	SAMEA5622652	2571070	u
ERR4034758	PAIRED	https://ftp.sra.ebi.ac.uk/vol1/fastq/ERR403/008/ERR4034758/ERR4034758_1.fastq.gz	https://ftp.sra.ebi.ac.uk/vol1/fastq/ERR403/008/ERR4034758/ERR4034758_2.fastq.gz	SAMEA5622945	2124258	u
ERR4034761	PAIRED	https://ftp.sra.ebi.ac.uk/vol1/fastq/ERR403/001/ERR4034761/ERR4034761_1.fastq.gz	https://ftp.sra.ebi.ac.uk/vol1/fastq/ERR403/001/ERR4034761/ERR4034761_2.fastq.gz	SAMEA5622657	2371398	u
ERR4034766	PAIRED	https://ftp.sra.ebi.ac.uk/vol1/fastq/ERR403/006/ERR4034766/ERR4034766_1.fastq.gz	https://ftp.sra.ebi.ac.uk/vol1/fastq/ERR403/006/ERR4034766/ERR4034766_2.fastq.gz	SAMEA5622947	2027378	u
ERR4034767	PAIRED	https://ftp.sra.ebi.ac.uk/vol1/fastq/ERR403/007/ERR4034767/ERR4034767_1.fastq.gz	https://ftp.sra.ebi.ac.uk/vol1/fastq/ERR403/007/ERR4034767/ERR4034767_2.fastq.gz	SAMEA5622457	2682560	u
ERR4034774	PAIRED	https://ftp.sra.ebi.ac.uk/vol1/fastq/ERR403/004/ERR4034774/ERR4034774_1.fastq.gz	https://ftp.sra.ebi.ac.uk/vol1/fastq/ERR403/004/ERR4034774/ERR4034774_2.fastq.gz	SAMEA5622949	2435512	u
ERR4034788	PAIRED	https://ftp.sra.ebi.ac.uk/vol1/fastq/ERR403/008/ERR4034788/ERR4034788_1.fastq.gz	https://ftp.sra.ebi.ac.uk/vol1/fastq/ERR403/008/ERR4034788/ERR4034788_2.fastq.gz	SAMEA5622437	2729344	u
ERR4034806	PAIRED	https://ftp.sra.ebi.ac.uk/vol1/fastq/ERR403/006/ERR4034806/ERR4034806_1.fastq.gz	https://ftp.sra.ebi.ac.uk/vol1/fastq/ERR403/006/ERR4034806/ERR4034806_2.fastq.gz	SAMEA5622668	2446060	u
ERR4034808	PAIRED	https://ftp.sra.ebi.ac.uk/vol1/fastq/ERR403/008/ERR4034808/ERR4034808_1.fastq.gz	https://ftp.sra.ebi.ac.uk/vol1/fastq/ERR403/008/ERR4034808/ERR4034808_2.fastq.gz	SAMEA5622464	2616596	u
ERR4034816	PAIRED	https://ftp.sra.ebi.ac.uk/vol1/fastq/ERR403/006/ERR4034816/ERR4034816_1.fastq.gz	https://ftp.sra.ebi.ac.uk/vol1/fastq/ERR403/006/ERR4034816/ERR4034816_2.fastq.gz	SAMEA5622466	2587660	u
ERR4034821	PAIRED	https://ftp.sra.ebi.ac.uk/vol1/fastq/ERR403/001/ERR4034821/ERR4034821_1.fastq.gz	https://ftp.sra.ebi.ac.uk/vol1/fastq/ERR403/001/ERR4034821/ERR4034821_2.fastq.gz	SAMEA5622570	2483018	u
ERR4034822	PAIRED	https://ftp.sra.ebi.ac.uk/vol1/fastq/ERR403/002/ERR4034822/ERR4034822_1.fastq.gz	https://ftp.sra.ebi.ac.uk/vol1/fastq/ERR403/002/ERR4034822/ERR4034822_2.fastq.gz	SAMEA5622672	2167706	u
ERR4034824	PAIRED	https://ftp.sra.ebi.ac.uk/vol1/fastq/ERR403/004/ERR4034824/ERR4034824_1.fastq.gz	https://ftp.sra.ebi.ac.uk/vol1/fastq/ERR403/004/ERR4034824/ERR4034824_2.fastq.gz	SAMEA5622468	2783148	u
ERR4034825	PAIRED	https://ftp.sra.ebi.ac.uk/vol1/fastq/ERR403/005/ERR4034825/ERR4034825_1.fastq.gz	https://ftp.sra.ebi.ac.uk/vol1/fastq/ERR403/005/ERR4034825/ERR4034825_2.fastq.gz	SAMEA5622572	2531498	u
ERR4034833	PAIRED	https://ftp.sra.ebi.ac.uk/vol1/fastq/ERR403/003/ERR4034833/ERR4034833_1.fastq.gz	https://ftp.sra.ebi.ac.uk/vol1/fastq/ERR403/003/ERR4034833/ERR4034833_2.fastq.gz	SAMEA5622575	2515562	u
ERR4034847	PAIRED	https://ftp.sra.ebi.ac.uk/vol1/fastq/ERR403/007/ERR4034847/ERR4034847_1.fastq.gz	https://ftp.sra.ebi.ac.uk/vol1/fastq/ERR403/007/ERR4034847/ERR4034847_2.fastq.gz	SAMEA5622977	2115684	u
ERR4034857	PAIRED	https://ftp.sra.ebi.ac.uk/vol1/fastq/ERR403/007/ERR4034857/ERR4034857_1.fastq.gz	https://ftp.sra.ebi.ac.uk/vol1/fastq/ERR403/007/ERR4034857/ERR4034857_2.fastq.gz	SAMEA5622582	2568790	u
ERR4034860	PAIRED	https://ftp.sra.ebi.ac.uk/vol1/fastq/ERR403/000/ERR4034860/ERR4034860_1.fastq.gz	https://ftp.sra.ebi.ac.uk/vol1/fastq/ERR403/000/ERR4034860/ERR4034860_2.fastq.gz	SAMEA5622477	2921986	u
ERR4034885	PAIRED	https://ftp.sra.ebi.ac.uk/vol1/fastq/ERR403/005/ERR4034885/ERR4034885_1.fastq.gz	https://ftp.sra.ebi.ac.uk/vol1/fastq/ERR403/005/ERR4034885/ERR4034885_2.fastq.gz	SAMEA5622483	2805020	u
ERR4034894	PAIRED	https://ftp.sra.ebi.ac.uk/vol1/fastq/ERR403/004/ERR4034894/ERR4034894_1.fastq.gz	https://ftp.sra.ebi.ac.uk/vol1/fastq/ERR403/004/ERR4034894/ERR4034894_2.fastq.gz	SAMEA5622591	2580930	u
ERR4034898	PAIRED	https://ftp.sra.ebi.ac.uk/vol1/fastq/ERR403/008/ERR4034898/ERR4034898_1.fastq.gz	https://ftp.sra.ebi.ac.uk/vol1/fastq/ERR403/008/ERR4034898/ERR4034898_2.fastq.gz	SAMEA5622592	2842976	u
ERR4034923	PAIRED	https://ftp.sra.ebi.ac.uk/vol1/fastq/ERR403/003/ERR4034923/ERR4034923_1.fastq.gz	https://ftp.sra.ebi.ac.uk/vol1/fastq/ERR403/003/ERR4034923/ERR4034923_2.fastq.gz	SAMEA5622699	2471206	u
ERR4034940	PAIRED	https://ftp.sra.ebi.ac.uk/vol1/fastq/ERR403/000/ERR4034940/ERR4034940_1.fastq.gz	https://ftp.sra.ebi.ac.uk/vol1/fastq/ERR403/000/ERR4034940/ERR4034940_2.fastq.gz	SAMEA5622991	2191794	u
ERR4034944	PAIRED	https://ftp.sra.ebi.ac.uk/vol1/fastq/ERR403/004/ERR4034944/ERR4034944_1.fastq.gz	https://ftp.sra.ebi.ac.uk/vol1/fastq/ERR403/004/ERR4034944/ERR4034944_2.fastq.gz	SAMEA5622992	2307818	u
ERR4034950	PAIRED	https://ftp.sra.ebi.ac.uk/vol1/fastq/ERR403/000/ERR4034950/ERR4034950_1.fastq.gz	https://ftp.sra.ebi.ac.uk/vol1/fastq/ERR403/000/ERR4034950/ERR4034950_2.fastq.gz	SAMEA5622607	2562526	u
ERR4034963	PAIRED	https://ftp.sra.ebi.ac.uk/vol1/fastq/ERR403/003/ERR4034963/ERR4034963_1.fastq.gz	https://ftp.sra.ebi.ac.uk/vol1/fastq/ERR403/003/ERR4034963/ERR4034963_2.fastq.gz	SAMEA5622611	2698358	u
ERR4034969	PAIRED	https://ftp.sra.ebi.ac.uk/vol1/fastq/ERR403/009/ERR4034969/ERR4034969_1.fastq.gz	https://ftp.sra.ebi.ac.uk/vol1/fastq/ERR403/009/ERR4034969/ERR4034969_2.fastq.gz	SAMEA5622998	2585326	u
ERR4034979	PAIRED	https://ftp.sra.ebi.ac.uk/vol1/fastq/ERR403/009/ERR4034979/ERR4034979_1.fastq.gz	https://ftp.sra.ebi.ac.uk/vol1/fastq/ERR403/009/ERR4034979/ERR4034979_2.fastq.gz	SAMEA5622615	2687462	u
ERR4034985	PAIRED	https://ftp.sra.ebi.ac.uk/vol1/fastq/ERR403/005/ERR4034985/ERR4034985_1.fastq.gz	https://ftp.sra.ebi.ac.uk/vol1/fastq/ERR403/005/ERR4034985/ERR4034985_2.fastq.gz	SAMEA5623002	2319050	u
ERR4034995	PAIRED	https://ftp.sra.ebi.ac.uk/vol1/fastq/ERR403/005/ERR4034995/ERR4034995_1.fastq.gz	https://ftp.sra.ebi.ac.uk/vol1/fastq/ERR403/005/ERR4034995/ERR4034995_2.fastq.gz	SAMEA5622619	2604486	u
ERR4034997	PAIRED	https://ftp.sra.ebi.ac.uk/vol1/fastq/ERR403/007/ERR4034997/ERR4034997_1.fastq.gz	https://ftp.sra.ebi.ac.uk/vol1/fastq/ERR403/007/ERR4034997/ERR4034997_2.fastq.gz	SAMEA5623005	2370892	u
ERR4035015	PAIRED	https://ftp.sra.ebi.ac.uk/vol1/fastq/ERR403/005/ERR4035015/ERR4035015_1.fastq.gz	https://ftp.sra.ebi.ac.uk/vol1/fastq/ERR403/005/ERR4035015/ERR4035015_2.fastq.gz	SAMEA5622624	2447350	u
ERR4035025	PAIRED	https://ftp.sra.ebi.ac.uk/vol1/fastq/ERR403/005/ERR4035025/ERR4035025_1.fastq.gz	https://ftp.sra.ebi.ac.uk/vol1/fastq/ERR403/005/ERR4035025/ERR4035025_2.fastq.gz	SAMEA5623013	2202948	u
ERR4035027	PAIRED	https://ftp.sra.ebi.ac.uk/vol1/fastq/ERR403/007/ERR4035027/ERR4035027_1.fastq.gz	https://ftp.sra.ebi.ac.uk/vol1/fastq/ERR403/007/ERR4035027/ERR4035027_2.fastq.gz	SAMEA5622628	2713088	u
ERR4035029	PAIRED	https://ftp.sra.ebi.ac.uk/vol1/fastq/ERR403/009/ERR4035029/ERR4035029_1.fastq.gz	https://ftp.sra.ebi.ac.uk/vol1/fastq/ERR403/009/ERR4035029/ERR4035029_2.fastq.gz	SAMEA5623014	2646214	u
ERR4035033	PAIRED	https://ftp.sra.ebi.ac.uk/vol1/fastq/ERR403/003/ERR4035033/ERR4035033_1.fastq.gz	https://ftp.sra.ebi.ac.uk/vol1/fastq/ERR403/003/ERR4035033/ERR4035033_2.fastq.gz	SAMEA5623015	2523858	u
ERR4035035	PAIRED	https://ftp.sra.ebi.ac.uk/vol1/fastq/ERR403/005/ERR4035035/ERR4035035_1.fastq.gz	https://ftp.sra.ebi.ac.uk/vol1/fastq/ERR403/005/ERR4035035/ERR4035035_2.fastq.gz	SAMEA5622630	2268450	u
ERR4035047	PAIRED	https://ftp.sra.ebi.ac.uk/vol1/fastq/ERR403/007/ERR4035047/ERR4035047_1.fastq.gz	https://ftp.sra.ebi.ac.uk/vol1/fastq/ERR403/007/ERR4035047/ERR4035047_2.fastq.gz	SAMEA5622524	2842726	u
ERR4035048	PAIRED	https://ftp.sra.ebi.ac.uk/vol1/fastq/ERR403/008/ERR4035048/ERR4035048_1.fastq.gz	https://ftp.sra.ebi.ac.uk/vol1/fastq/ERR403/008/ERR4035048/ERR4035048_2.fastq.gz	SAMEA5622633	2510422	u
ERR4035074	PAIRED	https://ftp.sra.ebi.ac.uk/vol1/fastq/ERR403/004/ERR4035074/ERR4035074_1.fastq.gz	https://ftp.sra.ebi.ac.uk/vol1/fastq/ERR403/004/ERR4035074/ERR4035074_2.fastq.gz	SAMEA5623511	2529118	u
ERR4035099	PAIRED	https://ftp.sra.ebi.ac.uk/vol1/fastq/ERR403/009/ERR4035099/ERR4035099_1.fastq.gz	https://ftp.sra.ebi.ac.uk/vol1/fastq/ERR403/009/ERR4035099/ERR4035099_2.fastq.gz	SAMEA5621476	2077368	u
ERR4035103	PAIRED	https://ftp.sra.ebi.ac.uk/vol1/fastq/ERR403/003/ERR4035103/ERR4035103_1.fastq.gz	https://ftp.sra.ebi.ac.uk/vol1/fastq/ERR403/003/ERR4035103/ERR4035103_2.fastq.gz	SAMEA5621477	2399228	u
ERR4035113	PAIRED	https://ftp.sra.ebi.ac.uk/vol1/fastq/ERR403/003/ERR4035113/ERR4035113_1.fastq.gz	https://ftp.sra.ebi.ac.uk/vol1/fastq/ERR403/003/ERR4035113/ERR4035113_2.fastq.gz	SAMEA5621283	2577774	u
ERR4035123	PAIRED	https://ftp.sra.ebi.ac.uk/vol1/fastq/ERR403/003/ERR4035123/ERR4035123_1.fastq.gz	https://ftp.sra.ebi.ac.uk/vol1/fastq/ERR403/003/ERR4035123/ERR4035123_2.fastq.gz	SAMEA5621286	2809008	u
ERR4035125	PAIRED	https://ftp.sra.ebi.ac.uk/vol1/fastq/ERR403/005/ERR4035125/ERR4035125_1.fastq.gz	https://ftp.sra.ebi.ac.uk/vol1/fastq/ERR403/005/ERR4035125/ERR4035125_2.fastq.gz	SAMEA5621483	2290148	u
ERR4035127	PAIRED	https://ftp.sra.ebi.ac.uk/vol1/fastq/ERR403/007/ERR4035127/ERR4035127_1.fastq.gz	https://ftp.sra.ebi.ac.uk/vol1/fastq/ERR403/007/ERR4035127/ERR4035127_2.fastq.gz	SAMEA5621388	2267756	u
ERR4035130	PAIRED	https://ftp.sra.ebi.ac.uk/vol1/fastq/ERR403/000/ERR4035130/ERR4035130_1.fastq.gz	https://ftp.sra.ebi.ac.uk/vol1/fastq/ERR403/000/ERR4035130/ERR4035130_2.fastq.gz	SAMEA5621288	2590708	u
ERR4035131	PAIRED	https://ftp.sra.ebi.ac.uk/vol1/fastq/ERR403/001/ERR4035131/ERR4035131_1.fastq.gz	https://ftp.sra.ebi.ac.uk/vol1/fastq/ERR403/001/ERR4035131/ERR4035131_2.fastq.gz	SAMEA5621389	2111540	u
ERR4035134	PAIRED	https://ftp.sra.ebi.ac.uk/vol1/fastq/ERR403/004/ERR4035134/ERR4035134_1.fastq.gz	https://ftp.sra.ebi.ac.uk/vol1/fastq/ERR403/004/ERR4035134/ERR4035134_2.fastq.gz	SAMEA5621289	2577810	u
ERR4035135	PAIRED	https://ftp.sra.ebi.ac.uk/vol1/fastq/ERR403/005/ERR4035135/ERR4035135_1.fastq.gz	https://ftp.sra.ebi.ac.uk/vol1/fastq/ERR403/005/ERR4035135/ERR4035135_2.fastq.gz	SAMEA5621390	2134802	u
ERR4035142	PAIRED	https://ftp.sra.ebi.ac.uk/vol1/fastq/ERR403/002/ERR4035142/ERR4035142_1.fastq.gz	https://ftp.sra.ebi.ac.uk/vol1/fastq/ERR403/002/ERR4035142/ERR4035142_2.fastq.gz	SAMEA5621291	2542226	u
ERR4035146	PAIRED	https://ftp.sra.ebi.ac.uk/vol1/fastq/ERR403/006/ERR4035146/ERR4035146_1.fastq.gz	https://ftp.sra.ebi.ac.uk/vol1/fastq/ERR403/006/ERR4035146/ERR4035146_2.fastq.gz	SAMEA5621292	2661362	u
ERR4035152	PAIRED	https://ftp.sra.ebi.ac.uk/vol1/fastq/ERR403/002/ERR4035152/ERR4035152_1.fastq.gz	https://ftp.sra.ebi.ac.uk/vol1/fastq/ERR403/002/ERR4035152/ERR4035152_2.fastq.gz	SAMEA5621490	2492184	u
ERR4035167	PAIRED	https://ftp.sra.ebi.ac.uk/vol1/fastq/ERR403/007/ERR4035167/ERR4035167_1.fastq.gz	https://ftp.sra.ebi.ac.uk/vol1/fastq/ERR403/007/ERR4035167/ERR4035167_2.fastq.gz	SAMEA5621398	2252810	u
ERR4035170	PAIRED	https://ftp.sra.ebi.ac.uk/vol1/fastq/ERR403/000/ERR4035170/ERR4035170_1.fastq.gz	https://ftp.sra.ebi.ac.uk/vol1/fastq/ERR403/000/ERR4035170/ERR4035170_2.fastq.gz	SAMEA5621300	2017790	u
ERR4035171	PAIRED	https://ftp.sra.ebi.ac.uk/vol1/fastq/ERR403/001/ERR4035171/ERR4035171_1.fastq.gz	https://ftp.sra.ebi.ac.uk/vol1/fastq/ERR403/001/ERR4035171/ERR4035171_2.fastq.gz	SAMEA5621399	2187130	u
ERR4035175	PAIRED	https://ftp.sra.ebi.ac.uk/vol1/fastq/ERR403/005/ERR4035175/ERR4035175_1.fastq.gz	https://ftp.sra.ebi.ac.uk/vol1/fastq/ERR403/005/ERR4035175/ERR4035175_2.fastq.gz	SAMEA5621400	2503036	u
ERR4035195	PAIRED	https://ftp.sra.ebi.ac.uk/vol1/fastq/ERR403/005/ERR4035195/ERR4035195_1.fastq.gz	https://ftp.sra.ebi.ac.uk/vol1/fastq/ERR403/005/ERR4035195/ERR4035195_2.fastq.gz	SAMEA5621306	2480474	u
ERR4035216	PAIRED	https://ftp.sra.ebi.ac.uk/vol1/fastq/ERR403/006/ERR4035216/ERR4035216_1.fastq.gz	https://ftp.sra.ebi.ac.uk/vol1/fastq/ERR403/006/ERR4035216/ERR4035216_2.fastq.gz	SAMEA5621311	2342718	u
ERR4035228	PAIRED	https://ftp.sra.ebi.ac.uk/vol1/fastq/ERR403/008/ERR4035228/ERR4035228_1.fastq.gz	https://ftp.sra.ebi.ac.uk/vol1/fastq/ERR403/008/ERR4035228/ERR4035228_2.fastq.gz	SAMEA5621314	2240176	u
ERR4035229	PAIRED	https://ftp.sra.ebi.ac.uk/vol1/fastq/ERR403/009/ERR4035229/ERR4035229_1.fastq.gz	https://ftp.sra.ebi.ac.uk/vol1/fastq/ERR403/009/ERR4035229/ERR4035229_2.fastq.gz	SAMEA5621413	2554086	u
ERR4035230	PAIRED	https://ftp.sra.ebi.ac.uk/vol1/fastq/ERR403/000/ERR4035230/ERR4035230_1.fastq.gz	https://ftp.sra.ebi.ac.uk/vol1/fastq/ERR403/000/ERR4035230/ERR4035230_2.fastq.gz	SAMEA5621510	2224476	u
ERR4035239	PAIRED	https://ftp.sra.ebi.ac.uk/vol1/fastq/ERR403/009/ERR4035239/ERR4035239_1.fastq.gz	https://ftp.sra.ebi.ac.uk/vol1/fastq/ERR403/009/ERR4035239/ERR4035239_2.fastq.gz	SAMEA5623554	2462012	u
ERR4035241	PAIRED	https://ftp.sra.ebi.ac.uk/vol1/fastq/ERR403/001/ERR4035241/ERR4035241_1.fastq.gz	https://ftp.sra.ebi.ac.uk/vol1/fastq/ERR403/001/ERR4035241/ERR4035241_2.fastq.gz	SAMEA5621416	2707480	u
ERR4035251	PAIRED	https://ftp.sra.ebi.ac.uk/vol1/fastq/ERR403/001/ERR4035251/ERR4035251_1.fastq.gz	https://ftp.sra.ebi.ac.uk/vol1/fastq/ERR403/001/ERR4035251/ERR4035251_2.fastq.gz	SAMEA5623557	2741084	u
ERR4035267	PAIRED	https://ftp.sra.ebi.ac.uk/vol1/fastq/ERR403/007/ERR4035267/ERR4035267_1.fastq.gz	https://ftp.sra.ebi.ac.uk/vol1/fastq/ERR403/007/ERR4035267/ERR4035267_2.fastq.gz	SAMEA5623562	2430884	u
ERR4035268	PAIRED	https://ftp.sra.ebi.ac.uk/vol1/fastq/ERR403/008/ERR4035268/ERR4035268_1.fastq.gz	https://ftp.sra.ebi.ac.uk/vol1/fastq/ERR403/008/ERR4035268/ERR4035268_2.fastq.gz	SAMEA5621324	2059698	u
ERR4035273	PAIRED	https://ftp.sra.ebi.ac.uk/vol1/fastq/ERR403/003/ERR4035273/ERR4035273_1.fastq.gz	https://ftp.sra.ebi.ac.uk/vol1/fastq/ERR403/003/ERR4035273/ERR4035273_2.fastq.gz	SAMEA5621434	2575620	u
ERR4035278	PAIRED	https://ftp.sra.ebi.ac.uk/vol1/fastq/ERR403/008/ERR4035278/ERR4035278_1.fastq.gz	https://ftp.sra.ebi.ac.uk/vol1/fastq/ERR403/008/ERR4035278/ERR4035278_2.fastq.gz	SAMEA5621522	2087058	u
ERR4035290	PAIRED	https://ftp.sra.ebi.ac.uk/vol1/fastq/ERR403/000/ERR4035290/ERR4035290_1.fastq.gz	https://ftp.sra.ebi.ac.uk/vol1/fastq/ERR403/000/ERR4035290/ERR4035290_2.fastq.gz	SAMEA5621525	2385378	u
ERR4035311	PAIRED	https://ftp.sra.ebi.ac.uk/vol1/fastq/ERR403/001/ERR4035311/ERR4035311_1.fastq.gz	https://ftp.sra.ebi.ac.uk/vol1/fastq/ERR403/001/ERR4035311/ERR4035311_2.fastq.gz	SAMEA5621530	2344644	u
ERR4035313	PAIRED	https://ftp.sra.ebi.ac.uk/vol1/fastq/ERR403/003/ERR4035313/ERR4035313_1.fastq.gz	https://ftp.sra.ebi.ac.uk/vol1/fastq/ERR403/003/ERR4035313/ERR4035313_2.fastq.gz	SAMEA5621335	2707496	u
ERR4035318	PAIRED	https://ftp.sra.ebi.ac.uk/vol1/fastq/ERR403/008/ERR4035318/ERR4035318_1.fastq.gz	https://ftp.sra.ebi.ac.uk/vol1/fastq/ERR403/008/ERR4035318/ERR4035318_2.fastq.gz	SAMEA5621427	2482916	u
ERR4035322	PAIRED	https://ftp.sra.ebi.ac.uk/vol1/fastq/ERR403/002/ERR4035322/ERR4035322_1.fastq.gz	https://ftp.sra.ebi.ac.uk/vol1/fastq/ERR403/002/ERR4035322/ERR4035322_2.fastq.gz	SAMEA5621428	2370910	u
ERR4035330	PAIRED	https://ftp.sra.ebi.ac.uk/vol1/fastq/ERR403/000/ERR4035330/ERR4035330_1.fastq.gz	https://ftp.sra.ebi.ac.uk/vol1/fastq/ERR403/000/ERR4035330/ERR4035330_2.fastq.gz	SAMEA5621430	2622840	u
ERR4035332	PAIRED	https://ftp.sra.ebi.ac.uk/vol1/fastq/ERR403/002/ERR4035332/ERR4035332_1.fastq.gz	https://ftp.sra.ebi.ac.uk/vol1/fastq/ERR403/002/ERR4035332/ERR4035332_2.fastq.gz	SAMEA5623578	2158268	u
ERR4035373	PAIRED	https://ftp.sra.ebi.ac.uk/vol1/fastq/ERR403/003/ERR4035373/ERR4035373_1.fastq.gz	https://ftp.sra.ebi.ac.uk/vol1/fastq/ERR403/003/ERR4035373/ERR4035373_2.fastq.gz	SAMEA5621350	2169530	u
ERR4035376	PAIRED	https://ftp.sra.ebi.ac.uk/vol1/fastq/ERR403/006/ERR4035376/ERR4035376_1.fastq.gz	https://ftp.sra.ebi.ac.uk/vol1/fastq/ERR403/006/ERR4035376/ERR4035376_2.fastq.gz	SAMEA5623589	2318092	u
ERR4035405	PAIRED	https://ftp.sra.ebi.ac.uk/vol1/fastq/ERR403/005/ERR4035405/ERR4035405_1.fastq.gz	https://ftp.sra.ebi.ac.uk/vol1/fastq/ERR403/005/ERR4035405/ERR4035405_2.fastq.gz	SAMEA5623596	2133914	u
ERR4035436	PAIRED	https://ftp.sra.ebi.ac.uk/vol1/fastq/ERR403/006/ERR4035436/ERR4035436_1.fastq.gz	https://ftp.sra.ebi.ac.uk/vol1/fastq/ERR403/006/ERR4035436/ERR4035436_2.fastq.gz	SAMEA5621562	2142048	u
ERR4035443	PAIRED	https://ftp.sra.ebi.ac.uk/vol1/fastq/ERR403/003/ERR4035443/ERR4035443_1.fastq.gz	https://ftp.sra.ebi.ac.uk/vol1/fastq/ERR403/003/ERR4035443/ERR4035443_2.fastq.gz	SAMEA5621467	2343154	u
ERR4035445	PAIRED	https://ftp.sra.ebi.ac.uk/vol1/fastq/ERR403/005/ERR4035445/ERR4035445_1.fastq.gz	https://ftp.sra.ebi.ac.uk/vol1/fastq/ERR403/005/ERR4035445/ERR4035445_2.fastq.gz	SAMEA5623606	2620900	u
ERR4035446	PAIRED	https://ftp.sra.ebi.ac.uk/vol1/fastq/ERR403/006/ERR4035446/ERR4035446_1.fastq.gz	https://ftp.sra.ebi.ac.uk/vol1/fastq/ERR403/006/ERR4035446/ERR4035446_2.fastq.gz	SAMEA5622238	2037216	u
ERR4035449	PAIRED	https://ftp.sra.ebi.ac.uk/vol1/fastq/ERR403/009/ERR4035449/ERR4035449_1.fastq.gz	https://ftp.sra.ebi.ac.uk/vol1/fastq/ERR403/009/ERR4035449/ERR4035449_2.fastq.gz	SAMEA5622134	1814270	u
ERR4035457	PAIRED	https://ftp.sra.ebi.ac.uk/vol1/fastq/ERR403/007/ERR4035457/ERR4035457_1.fastq.gz	https://ftp.sra.ebi.ac.uk/vol1/fastq/ERR403/007/ERR4035457/ERR4035457_2.fastq.gz	SAMEA5622040	2130034	u
ERR4035461	PAIRED	https://ftp.sra.ebi.ac.uk/vol1/fastq/ERR403/001/ERR4035461/ERR4035461_1.fastq.gz	https://ftp.sra.ebi.ac.uk/vol1/fastq/ERR403/001/ERR4035461/ERR4035461_2.fastq.gz	SAMEA5622041	2160562	u
ERR4035463	PAIRED	https://ftp.sra.ebi.ac.uk/vol1/fastq/ERR403/003/ERR4035463/ERR4035463_1.fastq.gz	https://ftp.sra.ebi.ac.uk/vol1/fastq/ERR403/003/ERR4035463/ERR4035463_2.fastq.gz	SAMEA5622242	1961996	u
ERR4035483	PAIRED	https://ftp.sra.ebi.ac.uk/vol1/fastq/ERR403/003/ERR4035483/ERR4035483_1.fastq.gz	https://ftp.sra.ebi.ac.uk/vol1/fastq/ERR403/003/ERR4035483/ERR4035483_2.fastq.gz	SAMEA5622247	1967052	u
ERR4035484	PAIRED	https://ftp.sra.ebi.ac.uk/vol1/fastq/ERR403/004/ERR4035484/ERR4035484_1.fastq.gz	https://ftp.sra.ebi.ac.uk/vol1/fastq/ERR403/004/ERR4035484/ERR4035484_2.fastq.gz	SAMEA5622345	2259246	u
ERR4035489	PAIRED	https://ftp.sra.ebi.ac.uk/vol1/fastq/ERR403/009/ERR4035489/ERR4035489_1.fastq.gz	https://ftp.sra.ebi.ac.uk/vol1/fastq/ERR403/009/ERR4035489/ERR4035489_2.fastq.gz	SAMEA5622048	2322642	u
ERR4035497	PAIRED	https://ftp.sra.ebi.ac.uk/vol1/fastq/ERR403/007/ERR4035497/ERR4035497_1.fastq.gz	https://ftp.sra.ebi.ac.uk/vol1/fastq/ERR403/007/ERR4035497/ERR4035497_2.fastq.gz	SAMEA5622050	2353776	u
ERR4035513	PAIRED	https://ftp.sra.ebi.ac.uk/vol1/fastq/ERR403/003/ERR4035513/ERR4035513_1.fastq.gz	https://ftp.sra.ebi.ac.uk/vol1/fastq/ERR403/003/ERR4035513/ERR4035513_2.fastq.gz	SAMEA5622054	1595692	u
ERR4035519	PAIRED	https://ftp.sra.ebi.ac.uk/vol1/fastq/ERR403/009/ERR4035519/ERR4035519_1.fastq.gz	https://ftp.sra.ebi.ac.uk/vol1/fastq/ERR403/009/ERR4035519/ERR4035519_2.fastq.gz	SAMEA5622256	2398610	u
ERR4035536	PAIRED	https://ftp.sra.ebi.ac.uk/vol1/fastq/ERR403/006/ERR4035536/ERR4035536_1.fastq.gz	https://ftp.sra.ebi.ac.uk/vol1/fastq/ERR403/006/ERR4035536/ERR4035536_2.fastq.gz	SAMEA5622358	2689998	u
ERR4035538	PAIRED	https://ftp.sra.ebi.ac.uk/vol1/fastq/ERR403/008/ERR4035538/ERR4035538_1.fastq.gz	https://ftp.sra.ebi.ac.uk/vol1/fastq/ERR403/008/ERR4035538/ERR4035538_2.fastq.gz	SAMEA5622160	2098386	u
ERR4035545	PAIRED	https://ftp.sra.ebi.ac.uk/vol1/fastq/ERR403/005/ERR4035545/ERR4035545_1.fastq.gz	https://ftp.sra.ebi.ac.uk/vol1/fastq/ERR403/005/ERR4035545/ERR4035545_2.fastq.gz	SAMEA5622360	2009334	u
ERR4035547	PAIRED	https://ftp.sra.ebi.ac.uk/vol1/fastq/ERR403/007/ERR4035547/ERR4035547_1.fastq.gz	https://ftp.sra.ebi.ac.uk/vol1/fastq/ERR403/007/ERR4035547/ERR4035547_2.fastq.gz	SAMEA5622162	2968994	u
ERR4035548	PAIRED	https://ftp.sra.ebi.ac.uk/vol1/fastq/ERR403/008/ERR4035548/ERR4035548_1.fastq.gz	https://ftp.sra.ebi.ac.uk/vol1/fastq/ERR403/008/ERR4035548/ERR4035548_2.fastq.gz	SAMEA5622263	2016894	u
ERR4035552	PAIRED	https://ftp.sra.ebi.ac.uk/vol1/fastq/ERR403/002/ERR4035552/ERR4035552_1.fastq.gz	https://ftp.sra.ebi.ac.uk/vol1/fastq/ERR403/002/ERR4035552/ERR4035552_2.fastq.gz	SAMEA5622264	2029406	u
ERR4035578	PAIRED	https://ftp.sra.ebi.ac.uk/vol1/fastq/ERR403/008/ERR4035578/ERR4035578_1.fastq.gz	https://ftp.sra.ebi.ac.uk/vol1/fastq/ERR403/008/ERR4035578/ERR4035578_2.fastq.gz	SAMEA5622369	1991312	u
ERR4035580	PAIRED	https://ftp.sra.ebi.ac.uk/vol1/fastq/ERR403/000/ERR4035580/ERR4035580_1.fastq.gz	https://ftp.sra.ebi.ac.uk/vol1/fastq/ERR403/000/ERR4035580/ERR4035580_2.fastq.gz	SAMEA5622171	2604332	u
ERR4035588	PAIRED	https://ftp.sra.ebi.ac.uk/vol1/fastq/ERR403/008/ERR4035588/ERR4035588_1.fastq.gz	https://ftp.sra.ebi.ac.uk/vol1/fastq/ERR403/008/ERR4035588/ERR4035588_2.fastq.gz	SAMEA5622173	2412006	u
ERR4035593	PAIRED	https://ftp.sra.ebi.ac.uk/vol1/fastq/ERR403/003/ERR4035593/ERR4035593_1.fastq.gz	https://ftp.sra.ebi.ac.uk/vol1/fastq/ERR403/003/ERR4035593/ERR4035593_2.fastq.gz	SAMEA5622274	2454352	u
ERR4035626	PAIRED	https://ftp.sra.ebi.ac.uk/vol1/fastq/ERR403/006/ERR4035626/ERR4035626_1.fastq.gz	https://ftp.sra.ebi.ac.uk/vol1/fastq/ERR403/006/ERR4035626/ERR4035626_2.fastq.gz	SAMEA5622381	2242470	u
ERR4035627	PAIRED	https://ftp.sra.ebi.ac.uk/vol1/fastq/ERR403/007/ERR4035627/ERR4035627_1.fastq.gz	https://ftp.sra.ebi.ac.uk/vol1/fastq/ERR403/007/ERR4035627/ERR4035627_2.fastq.gz	SAMEA5622083	2583852	u
ERR4035630	PAIRED	https://ftp.sra.ebi.ac.uk/vol1/fastq/ERR403/000/ERR4035630/ERR4035630_1.fastq.gz	https://ftp.sra.ebi.ac.uk/vol1/fastq/ERR403/000/ERR4035630/ERR4035630_2.fastq.gz	SAMEA5622382	2499628	u
ERR4035636	PAIRED	https://ftp.sra.ebi.ac.uk/vol1/fastq/ERR403/006/ERR4035636/ERR4035636_1.fastq.gz	https://ftp.sra.ebi.ac.uk/vol1/fastq/ERR403/006/ERR4035636/ERR4035636_2.fastq.gz	SAMEA5622187	2352744	u
ERR4035640	PAIRED	https://ftp.sra.ebi.ac.uk/vol1/fastq/ERR403/000/ERR4035640/ERR4035640_1.fastq.gz	https://ftp.sra.ebi.ac.uk/vol1/fastq/ERR403/000/ERR4035640/ERR4035640_2.fastq.gz	SAMEA5622188	2306702	u
ERR4035644	PAIRED	https://ftp.sra.ebi.ac.uk/vol1/fastq/ERR403/004/ERR4035644/ERR4035644_1.fastq.gz	https://ftp.sra.ebi.ac.uk/vol1/fastq/ERR403/004/ERR4035644/ERR4035644_2.fastq.gz	SAMEA5622189	2795468	u
ERR4035646	PAIRED	https://ftp.sra.ebi.ac.uk/vol1/fastq/ERR403/006/ERR4035646/ERR4035646_1.fastq.gz	https://ftp.sra.ebi.ac.uk/vol1/fastq/ERR403/006/ERR4035646/ERR4035646_2.fastq.gz	SAMEA5622386	2177146	u
ERR4035649	PAIRED	https://ftp.sra.ebi.ac.uk/vol1/fastq/ERR403/009/ERR4035649/ERR4035649_1.fastq.gz	https://ftp.sra.ebi.ac.uk/vol1/fastq/ERR403/009/ERR4035649/ERR4035649_2.fastq.gz	SAMEA5622288	2561664	u
ERR4035663	PAIRED	https://ftp.sra.ebi.ac.uk/vol1/fastq/ERR403/003/ERR4035663/ERR4035663_1.fastq.gz	https://ftp.sra.ebi.ac.uk/vol1/fastq/ERR403/003/ERR4035663/ERR4035663_2.fastq.gz	SAMEA5622390	2287256	u
ERR4035666	PAIRED	https://ftp.sra.ebi.ac.uk/vol1/fastq/ERR403/006/ERR4035666/ERR4035666_1.fastq.gz	https://ftp.sra.ebi.ac.uk/vol1/fastq/ERR403/006/ERR4035666/ERR4035666_2.fastq.gz	SAMEA5622293	2346650	u
ERR4035675	PAIRED	https://ftp.sra.ebi.ac.uk/vol1/fastq/ERR403/005/ERR4035675/ERR4035675_1.fastq.gz	https://ftp.sra.ebi.ac.uk/vol1/fastq/ERR403/005/ERR4035675/ERR4035675_2.fastq.gz	SAMEA5622393	2254638	u
ERR4035680	PAIRED	https://ftp.sra.ebi.ac.uk/vol1/fastq/ERR403/000/ERR4035680/ERR4035680_1.fastq.gz	https://ftp.sra.ebi.ac.uk/vol1/fastq/ERR403/000/ERR4035680/ERR4035680_2.fastq.gz	SAMEA5622096	2455560	u
ERR4035684	PAIRED	https://ftp.sra.ebi.ac.uk/vol1/fastq/ERR403/004/ERR4035684/ERR4035684_1.fastq.gz	https://ftp.sra.ebi.ac.uk/vol1/fastq/ERR403/004/ERR4035684/ERR4035684_2.fastq.gz	SAMEA5622097	2228864	u
ERR4035688	PAIRED	https://ftp.sra.ebi.ac.uk/vol1/fastq/ERR403/008/ERR4035688/ERR4035688_1.fastq.gz	https://ftp.sra.ebi.ac.uk/vol1/fastq/ERR403/008/ERR4035688/ERR4035688_2.fastq.gz	SAMEA5622098	2449084	u
ERR4035710	PAIRED	https://ftp.sra.ebi.ac.uk/vol1/fastq/ERR403/000/ERR4035710/ERR4035710_1.fastq.gz	https://ftp.sra.ebi.ac.uk/vol1/fastq/ERR403/000/ERR4035710/ERR4035710_2.fastq.gz	SAMEA5622304	2107974	u
ERR4035717	PAIRED	https://ftp.sra.ebi.ac.uk/vol1/fastq/ERR403/007/ERR4035717/ERR4035717_1.fastq.gz	https://ftp.sra.ebi.ac.uk/vol1/fastq/ERR403/007/ERR4035717/ERR4035717_2.fastq.gz	SAMEA5622205	2695128	u
ERR4035728	PAIRED	https://ftp.sra.ebi.ac.uk/vol1/fastq/ERR403/008/ERR4035728/ERR4035728_1.fastq.gz	https://ftp.sra.ebi.ac.uk/vol1/fastq/ERR403/008/ERR4035728/ERR4035728_2.fastq.gz	SAMEA5622108	2718494	u
ERR4035729	PAIRED	https://ftp.sra.ebi.ac.uk/vol1/fastq/ERR403/009/ERR4035729/ERR4035729_1.fastq.gz	https://ftp.sra.ebi.ac.uk/vol1/fastq/ERR403/009/ERR4035729/ERR4035729_2.fastq.gz	SAMEA5622208	2620072	u
ERR4035737	PAIRED	https://ftp.sra.ebi.ac.uk/vol1/fastq/ERR403/007/ERR4035737/ERR4035737_1.fastq.gz	https://ftp.sra.ebi.ac.uk/vol1/fastq/ERR403/007/ERR4035737/ERR4035737_2.fastq.gz	SAMEA5622210	2273934	u
ERR4035739	PAIRED	https://ftp.sra.ebi.ac.uk/vol1/fastq/ERR403/009/ERR4035739/ERR4035739_1.fastq.gz	https://ftp.sra.ebi.ac.uk/vol1/fastq/ERR403/009/ERR4035739/ERR4035739_2.fastq.gz	SAMEA5622409	2161386	u
ERR4035741	PAIRED	https://ftp.sra.ebi.ac.uk/vol1/fastq/ERR403/001/ERR4035741/ERR4035741_1.fastq.gz	https://ftp.sra.ebi.ac.uk/vol1/fastq/ERR403/001/ERR4035741/ERR4035741_2.fastq.gz	SAMEA5622211	2253650	u
ERR4035750	PAIRED	https://ftp.sra.ebi.ac.uk/vol1/fastq/ERR403/000/ERR4035750/ERR4035750_1.fastq.gz	https://ftp.sra.ebi.ac.uk/vol1/fastq/ERR403/000/ERR4035750/ERR4035750_2.fastq.gz	SAMEA5622214	2407630	u
ERR4035754	PAIRED	https://ftp.sra.ebi.ac.uk/vol1/fastq/ERR403/004/ERR4035754/ERR4035754_1.fastq.gz	https://ftp.sra.ebi.ac.uk/vol1/fastq/ERR403/004/ERR4035754/ERR4035754_2.fastq.gz	SAMEA5622219	2184590	u
ERR4035757	PAIRED	https://ftp.sra.ebi.ac.uk/vol1/fastq/ERR403/007/ERR4035757/ERR4035757_1.fastq.gz	https://ftp.sra.ebi.ac.uk/vol1/fastq/ERR403/007/ERR4035757/ERR4035757_2.fastq.gz	SAMEA5622115	2512922	u
ERR4035770	PAIRED	https://ftp.sra.ebi.ac.uk/vol1/fastq/ERR403/000/ERR4035770/ERR4035770_1.fastq.gz	https://ftp.sra.ebi.ac.uk/vol1/fastq/ERR403/000/ERR4035770/ERR4035770_2.fastq.gz	SAMEA5622223	2634854	u
ERR4035771	PAIRED	https://ftp.sra.ebi.ac.uk/vol1/fastq/ERR403/001/ERR4035771/ERR4035771_1.fastq.gz	https://ftp.sra.ebi.ac.uk/vol1/fastq/ERR403/001/ERR4035771/ERR4035771_2.fastq.gz	SAMEA5622319	2173182	u
ERR4035779	PAIRED	https://ftp.sra.ebi.ac.uk/vol1/fastq/ERR403/009/ERR4035779/ERR4035779_1.fastq.gz	https://ftp.sra.ebi.ac.uk/vol1/fastq/ERR403/009/ERR4035779/ERR4035779_2.fastq.gz	SAMEA5622321	2516400	u
ERR4035781	PAIRED	https://ftp.sra.ebi.ac.uk/vol1/fastq/ERR403/001/ERR4035781/ERR4035781_1.fastq.gz	https://ftp.sra.ebi.ac.uk/vol1/fastq/ERR403/001/ERR4035781/ERR4035781_2.fastq.gz	SAMEA5622121	2529302	u
ERR4035794	PAIRED	https://ftp.sra.ebi.ac.uk/vol1/fastq/ERR403/004/ERR4035794/ERR4035794_1.fastq.gz	https://ftp.sra.ebi.ac.uk/vol1/fastq/ERR403/004/ERR4035794/ERR4035794_2.fastq.gz	SAMEA5622229	2341304	u
ERR4035803	PAIRED	https://ftp.sra.ebi.ac.uk/vol1/fastq/ERR403/003/ERR4035803/ERR4035803_1.fastq.gz	https://ftp.sra.ebi.ac.uk/vol1/fastq/ERR403/003/ERR4035803/ERR4035803_2.fastq.gz	SAMEA5622327	2321812	u
ERR4035806	PAIRED	https://ftp.sra.ebi.ac.uk/vol1/fastq/ERR403/006/ERR4035806/ERR4035806_1.fastq.gz	https://ftp.sra.ebi.ac.uk/vol1/fastq/ERR403/006/ERR4035806/ERR4035806_2.fastq.gz	SAMEA5622232	2852846	u
ERR4035813	PAIRED	https://ftp.sra.ebi.ac.uk/vol1/fastq/ERR403/003/ERR4035813/ERR4035813_1.fastq.gz	https://ftp.sra.ebi.ac.uk/vol1/fastq/ERR403/003/ERR4035813/ERR4035813_2.fastq.gz	SAMEA5622129	2390690	u
ERR4035818	PAIRED	https://ftp.sra.ebi.ac.uk/vol1/fastq/ERR403/008/ERR4035818/ERR4035818_1.fastq.gz	https://ftp.sra.ebi.ac.uk/vol1/fastq/ERR403/008/ERR4035818/ERR4035818_2.fastq.gz	SAMEA5622235	2391772	u
ERR4035820	PAIRED	https://ftp.sra.ebi.ac.uk/vol1/fastq/ERR403/000/ERR4035820/ERR4035820_1.fastq.gz	https://ftp.sra.ebi.ac.uk/vol1/fastq/ERR403/000/ERR4035820/ERR4035820_2.fastq.gz	SAMEA5622430	2408810	u
ERR4035826	PAIRED	https://ftp.sra.ebi.ac.uk/vol1/fastq/ERR403/006/ERR4035826/ERR4035826_1.fastq.gz	https://ftp.sra.ebi.ac.uk/vol1/fastq/ERR403/006/ERR4035826/ERR4035826_2.fastq.gz	SAMEA5622237	2502052	u
ERR4035829	PAIRED	https://ftp.sra.ebi.ac.uk/vol1/fastq/ERR403/009/ERR4035829/ERR4035829_1.fastq.gz	https://ftp.sra.ebi.ac.uk/vol1/fastq/ERR403/009/ERR4035829/ERR4035829_2.fastq.gz	SAMEA5622133	2541844	u
ERR4035843	PAIRED	https://ftp.sra.ebi.ac.uk/vol1/fastq/ERR403/003/ERR4035843/ERR4035843_1.fastq.gz	https://ftp.sra.ebi.ac.uk/vol1/fastq/ERR403/003/ERR4035843/ERR4035843_2.fastq.gz	SAMEA5623899	1577674	u
ERR4035859	PAIRED	https://ftp.sra.ebi.ac.uk/vol1/fastq/ERR403/009/ERR4035859/ERR4035859_1.fastq.gz	https://ftp.sra.ebi.ac.uk/vol1/fastq/ERR403/009/ERR4035859/ERR4035859_2.fastq.gz	SAMEA5623998	2013022	u
ERR4035898	PAIRED	https://ftp.sra.ebi.ac.uk/vol1/fastq/ERR403/008/ERR4035898/ERR4035898_1.fastq.gz	https://ftp.sra.ebi.ac.uk/vol1/fastq/ERR403/008/ERR4035898/ERR4035898_2.fastq.gz	SAMEA5623720	1446362	u
ERR4035912	PAIRED	https://ftp.sra.ebi.ac.uk/vol1/fastq/ERR403/002/ERR4035912/ERR4035912_1.fastq.gz	https://ftp.sra.ebi.ac.uk/vol1/fastq/ERR403/002/ERR4035912/ERR4035912_2.fastq.gz	SAMEA5623916	1984752	u
ERR4035916	PAIRED	https://ftp.sra.ebi.ac.uk/vol1/fastq/ERR403/006/ERR4035916/ERR4035916_1.fastq.gz	https://ftp.sra.ebi.ac.uk/vol1/fastq/ERR403/006/ERR4035916/ERR4035916_2.fastq.gz	SAMEA5623917	1837710	u
ERR4035923	PAIRED	https://ftp.sra.ebi.ac.uk/vol1/fastq/ERR403/003/ERR4035923/ERR4035923_1.fastq.gz	https://ftp.sra.ebi.ac.uk/vol1/fastq/ERR403/003/ERR4035923/ERR4035923_2.fastq.gz	SAMEA5624016	1636768	u
ERR4035924	PAIRED	https://ftp.sra.ebi.ac.uk/vol1/fastq/ERR403/004/ERR4035924/ERR4035924_1.fastq.gz	https://ftp.sra.ebi.ac.uk/vol1/fastq/ERR403/004/ERR4035924/ERR4035924_2.fastq.gz	SAMEA5623920	1768400	u
ERR4035929	PAIRED	https://ftp.sra.ebi.ac.uk/vol1/fastq/ERR403/009/ERR4035929/ERR4035929_1.fastq.gz	https://ftp.sra.ebi.ac.uk/vol1/fastq/ERR403/009/ERR4035929/ERR4035929_2.fastq.gz	SAMEA5623631	1678892	u
ERR4035932	PAIRED	https://ftp.sra.ebi.ac.uk/vol1/fastq/ERR403/002/ERR4035932/ERR4035932_1.fastq.gz	https://ftp.sra.ebi.ac.uk/vol1/fastq/ERR403/002/ERR4035932/ERR4035932_2.fastq.gz	SAMEA5623922	1826978	u
ERR4035937	PAIRED	https://ftp.sra.ebi.ac.uk/vol1/fastq/ERR403/007/ERR4035937/ERR4035937_1.fastq.gz	https://ftp.sra.ebi.ac.uk/vol1/fastq/ERR403/007/ERR4035937/ERR4035937_2.fastq.gz	SAMEA5623633	1543430	u
ERR4035941	PAIRED	https://ftp.sra.ebi.ac.uk/vol1/fastq/ERR403/001/ERR4035941/ERR4035941_1.fastq.gz	https://ftp.sra.ebi.ac.uk/vol1/fastq/ERR403/001/ERR4035941/ERR4035941_2.fastq.gz	SAMEA5623924	1858344	u
ERR4035942	PAIRED	https://ftp.sra.ebi.ac.uk/vol1/fastq/ERR403/002/ERR4035942/ERR4035942_1.fastq.gz	https://ftp.sra.ebi.ac.uk/vol1/fastq/ERR403/002/ERR4035942/ERR4035942_2.fastq.gz	SAMEA5623635	1828544	u
ERR4035944	PAIRED	https://ftp.sra.ebi.ac.uk/vol1/fastq/ERR403/004/ERR4035944/ERR4035944_1.fastq.gz	https://ftp.sra.ebi.ac.uk/vol1/fastq/ERR403/004/ERR4035944/ERR4035944_2.fastq.gz	SAMEA5624021	1808290	u
ERR4035957	PAIRED	https://ftp.sra.ebi.ac.uk/vol1/fastq/ERR403/007/ERR4035957/ERR4035957_1.fastq.gz	https://ftp.sra.ebi.ac.uk/vol1/fastq/ERR403/007/ERR4035957/ERR4035957_2.fastq.gz	SAMEA5623928	1901308	u
ERR4035963	PAIRED	https://ftp.sra.ebi.ac.uk/vol1/fastq/ERR403/003/ERR4035963/ERR4035963_1.fastq.gz	https://ftp.sra.ebi.ac.uk/vol1/fastq/ERR403/003/ERR4035963/ERR4035963_2.fastq.gz	SAMEA5623736	1878432	u
ERR4035969	PAIRED	https://ftp.sra.ebi.ac.uk/vol1/fastq/ERR403/009/ERR4035969/ERR4035969_1.fastq.gz	https://ftp.sra.ebi.ac.uk/vol1/fastq/ERR403/009/ERR4035969/ERR4035969_2.fastq.gz	SAMEA5623931	1681764	u
ERR4035975	PAIRED	https://ftp.sra.ebi.ac.uk/vol1/fastq/ERR403/005/ERR4035975/ERR4035975_1.fastq.gz	https://ftp.sra.ebi.ac.uk/vol1/fastq/ERR403/005/ERR4035975/ERR4035975_2.fastq.gz	SAMEA5623739	1789262	u
ERR4035987	PAIRED	https://ftp.sra.ebi.ac.uk/vol1/fastq/ERR403/007/ERR4035987/ERR4035987_1.fastq.gz	https://ftp.sra.ebi.ac.uk/vol1/fastq/ERR403/007/ERR4035987/ERR4035987_2.fastq.gz	SAMEA5623742	1894104	u
ERR4035989	PAIRED	https://ftp.sra.ebi.ac.uk/vol1/fastq/ERR403/009/ERR4035989/ERR4035989_1.fastq.gz	https://ftp.sra.ebi.ac.uk/vol1/fastq/ERR403/009/ERR4035989/ERR4035989_2.fastq.gz	SAMEA5623936	1903822	u
ERR4035990	PAIRED	https://ftp.sra.ebi.ac.uk/vol1/fastq/ERR403/000/ERR4035990/ERR4035990_1.fastq.gz	https://ftp.sra.ebi.ac.uk/vol1/fastq/ERR403/000/ERR4035990/ERR4035990_2.fastq.gz	SAMEA5623647	1766840	u
ERR4036001	PAIRED	https://ftp.sra.ebi.ac.uk/vol1/fastq/ERR403/001/ERR4036001/ERR4036001_1.fastq.gz	https://ftp.sra.ebi.ac.uk/vol1/fastq/ERR403/001/ERR4036001/ERR4036001_2.fastq.gz	SAMEA5623939	1628796	u
ERR4036002	PAIRED	https://ftp.sra.ebi.ac.uk/vol1/fastq/ERR403/002/ERR4036002/ERR4036002_1.fastq.gz	https://ftp.sra.ebi.ac.uk/vol1/fastq/ERR403/002/ERR4036002/ERR4036002_2.fastq.gz	SAMEA5623650	1763460	u
ERR4036009	PAIRED	https://ftp.sra.ebi.ac.uk/vol1/fastq/ERR403/009/ERR4036009/ERR4036009_1.fastq.gz	https://ftp.sra.ebi.ac.uk/vol1/fastq/ERR403/009/ERR4036009/ERR4036009_2.fastq.gz	SAMEA5623941	1991516	u
ERR4036014	PAIRED	https://ftp.sra.ebi.ac.uk/vol1/fastq/ERR403/004/ERR4036014/ERR4036014_1.fastq.gz	https://ftp.sra.ebi.ac.uk/vol1/fastq/ERR403/004/ERR4036014/ERR4036014_2.fastq.gz	SAMEA5623653	1886054	u
ERR4036037	PAIRED	https://ftp.sra.ebi.ac.uk/vol1/fastq/ERR403/007/ERR4036037/ERR4036037_1.fastq.gz	https://ftp.sra.ebi.ac.uk/vol1/fastq/ERR403/007/ERR4036037/ERR4036037_2.fastq.gz	SAMEA5624044	1767700	u
ERR4036043	PAIRED	https://ftp.sra.ebi.ac.uk/vol1/fastq/ERR403/003/ERR4036043/ERR4036043_1.fastq.gz	https://ftp.sra.ebi.ac.uk/vol1/fastq/ERR403/003/ERR4036043/ERR4036043_2.fastq.gz	SAMEA5623660	2037734	u
ERR4036049	PAIRED	https://ftp.sra.ebi.ac.uk/vol1/fastq/ERR403/009/ERR4036049/ERR4036049_1.fastq.gz	https://ftp.sra.ebi.ac.uk/vol1/fastq/ERR403/009/ERR4036049/ERR4036049_2.fastq.gz	SAMEA5624047	1580988	u
ERR4036054	PAIRED	https://ftp.sra.ebi.ac.uk/vol1/fastq/ERR403/004/ERR4036054/ERR4036054_1.fastq.gz	https://ftp.sra.ebi.ac.uk/vol1/fastq/ERR403/004/ERR4036054/ERR4036054_2.fastq.gz	SAMEA5623964	1947686	u
ERR4036058	PAIRED	https://ftp.sra.ebi.ac.uk/vol1/fastq/ERR403/008/ERR4036058/ERR4036058_1.fastq.gz	https://ftp.sra.ebi.ac.uk/vol1/fastq/ERR403/008/ERR4036058/ERR4036058_2.fastq.gz	SAMEA5624050	1510204	u
ERR4036069	PAIRED	https://ftp.sra.ebi.ac.uk/vol1/fastq/ERR403/009/ERR4036069/ERR4036069_1.fastq.gz	https://ftp.sra.ebi.ac.uk/vol1/fastq/ERR403/009/ERR4036069/ERR4036069_2.fastq.gz	SAMEA5623762	1534876	u
ERR4036073	PAIRED	https://ftp.sra.ebi.ac.uk/vol1/fastq/ERR403/003/ERR4036073/ERR4036073_1.fastq.gz	https://ftp.sra.ebi.ac.uk/vol1/fastq/ERR403/003/ERR4036073/ERR4036073_2.fastq.gz	SAMEA5623763	1970206	u
ERR4036093	PAIRED	https://ftp.sra.ebi.ac.uk/vol1/fastq/ERR403/003/ERR4036093/ERR4036093_1.fastq.gz	https://ftp.sra.ebi.ac.uk/vol1/fastq/ERR403/003/ERR4036093/ERR4036093_2.fastq.gz	SAMEA5623768	1813418	u
ERR4036098	PAIRED	https://ftp.sra.ebi.ac.uk/vol1/fastq/ERR403/008/ERR4036098/ERR4036098_1.fastq.gz	https://ftp.sra.ebi.ac.uk/vol1/fastq/ERR403/008/ERR4036098/ERR4036098_2.fastq.gz	SAMEA5624060	1535178	u
ERR4036102	PAIRED	https://ftp.sra.ebi.ac.uk/vol1/fastq/ERR403/002/ERR4036102/ERR4036102_1.fastq.gz	https://ftp.sra.ebi.ac.uk/vol1/fastq/ERR403/002/ERR4036102/ERR4036102_2.fastq.gz	SAMEA5624061	1417592	u
ERR4036116	PAIRED	https://ftp.sra.ebi.ac.uk/vol1/fastq/ERR403/006/ERR4036116/ERR4036116_1.fastq.gz	https://ftp.sra.ebi.ac.uk/vol1/fastq/ERR403/006/ERR4036116/ERR4036116_2.fastq.gz	SAMEA5623678	2031992	u
ERR4036121	PAIRED	https://ftp.sra.ebi.ac.uk/vol1/fastq/ERR403/001/ERR4036121/ERR4036121_1.fastq.gz	https://ftp.sra.ebi.ac.uk/vol1/fastq/ERR403/001/ERR4036121/ERR4036121_2.fastq.gz	SAMEA5623775	1557654	u
ERR4036127	PAIRED	https://ftp.sra.ebi.ac.uk/vol1/fastq/ERR403/007/ERR4036127/ERR4036127_1.fastq.gz	https://ftp.sra.ebi.ac.uk/vol1/fastq/ERR403/007/ERR4036127/ERR4036127_2.fastq.gz	SAMEA5623971	1682454	u
ERR4036134	PAIRED	https://ftp.sra.ebi.ac.uk/vol1/fastq/ERR403/004/ERR4036134/ERR4036134_1.fastq.gz	https://ftp.sra.ebi.ac.uk/vol1/fastq/ERR403/004/ERR4036134/ERR4036134_2.fastq.gz	SAMEA5624069	1803638	u
ERR4036142	PAIRED	https://ftp.sra.ebi.ac.uk/vol1/fastq/ERR403/002/ERR4036142/ERR4036142_1.fastq.gz	https://ftp.sra.ebi.ac.uk/vol1/fastq/ERR403/002/ERR4036142/ERR4036142_2.fastq.gz	SAMEA5624071	1598838	u
ERR4036158	PAIRED	https://ftp.sra.ebi.ac.uk/vol1/fastq/ERR403/008/ERR4036158/ERR4036158_1.fastq.gz	https://ftp.sra.ebi.ac.uk/vol1/fastq/ERR403/008/ERR4036158/ERR4036158_2.fastq.gz	SAMEA5623785	1758748	u
ERR4036159	PAIRED	https://ftp.sra.ebi.ac.uk/vol1/fastq/ERR403/009/ERR4036159/ERR4036159_1.fastq.gz	https://ftp.sra.ebi.ac.uk/vol1/fastq/ERR403/009/ERR4036159/ERR4036159_2.fastq.gz	SAMEA5624075	1493490	u
ERR4036165	PAIRED	https://ftp.sra.ebi.ac.uk/vol1/fastq/ERR403/005/ERR4036165/ERR4036165_1.fastq.gz	https://ftp.sra.ebi.ac.uk/vol1/fastq/ERR403/005/ERR4036165/ERR4036165_2.fastq.gz	SAMEA5623690	1642940	u
ERR4036169	PAIRED	https://ftp.sra.ebi.ac.uk/vol1/fastq/ERR403/009/ERR4036169/ERR4036169_1.fastq.gz	https://ftp.sra.ebi.ac.uk/vol1/fastq/ERR403/009/ERR4036169/ERR4036169_2.fastq.gz	SAMEA5623691	1849252	u
ERR4036181	PAIRED	https://ftp.sra.ebi.ac.uk/vol1/fastq/ERR403/001/ERR4036181/ERR4036181_1.fastq.gz	https://ftp.sra.ebi.ac.uk/vol1/fastq/ERR403/001/ERR4036181/ERR4036181_2.fastq.gz	SAMEA5623694	1856386	u
ERR4036185	PAIRED	https://ftp.sra.ebi.ac.uk/vol1/fastq/ERR403/005/ERR4036185/ERR4036185_1.fastq.gz	https://ftp.sra.ebi.ac.uk/vol1/fastq/ERR403/005/ERR4036185/ERR4036185_2.fastq.gz	SAMEA5623695	1734390	u
ERR4036199	PAIRED	https://ftp.sra.ebi.ac.uk/vol1/fastq/ERR403/009/ERR4036199/ERR4036199_1.fastq.gz	https://ftp.sra.ebi.ac.uk/vol1/fastq/ERR403/009/ERR4036199/ERR4036199_2.fastq.gz	SAMEA5624085	1476988	u
ERR4036202	PAIRED	https://ftp.sra.ebi.ac.uk/vol1/fastq/ERR403/002/ERR4036202/ERR4036202_1.fastq.gz	https://ftp.sra.ebi.ac.uk/vol1/fastq/ERR403/002/ERR4036202/ERR4036202_2.fastq.gz	SAMEA5623796	1772436	u
ERR4036208	PAIRED	https://ftp.sra.ebi.ac.uk/vol1/fastq/ERR403/008/ERR4036208/ERR4036208_1.fastq.gz	https://ftp.sra.ebi.ac.uk/vol1/fastq/ERR403/008/ERR4036208/ERR4036208_2.fastq.gz	SAMEA5623991	1752186	u
ERR4036222	PAIRED	https://ftp.sra.ebi.ac.uk/vol1/fastq/ERR403/002/ERR4036222/ERR4036222_1.fastq.gz	https://ftp.sra.ebi.ac.uk/vol1/fastq/ERR403/002/ERR4036222/ERR4036222_2.fastq.gz	SAMEA5624380	2102984	u
ERR4036235	PAIRED	https://ftp.sra.ebi.ac.uk/vol1/fastq/ERR403/005/ERR4036235/ERR4036235_1.fastq.gz	https://ftp.sra.ebi.ac.uk/vol1/fastq/ERR403/005/ERR4036235/ERR4036235_2.fastq.gz	SAMEA5624383	1706194	u
ERR4036239	PAIRED	https://ftp.sra.ebi.ac.uk/vol1/fastq/ERR403/009/ERR4036239/ERR4036239_1.fastq.gz	https://ftp.sra.ebi.ac.uk/vol1/fastq/ERR403/009/ERR4036239/ERR4036239_2.fastq.gz	SAMEA5624384	1811712	u
ERR4036252	PAIRED	https://ftp.sra.ebi.ac.uk/vol1/fastq/ERR403/002/ERR4036252/ERR4036252_1.fastq.gz	https://ftp.sra.ebi.ac.uk/vol1/fastq/ERR403/002/ERR4036252/ERR4036252_2.fastq.gz	SAMEA5624098	1932814	u
ERR4036284	PAIRED	https://ftp.sra.ebi.ac.uk/vol1/fastq/ERR403/004/ERR4036284/ERR4036284_1.fastq.gz	https://ftp.sra.ebi.ac.uk/vol1/fastq/ERR403/004/ERR4036284/ERR4036284_2.fastq.gz	SAMEA5624106	1858976	u
ERR4036290	PAIRED	https://ftp.sra.ebi.ac.uk/vol1/fastq/ERR403/000/ERR4036290/ERR4036290_1.fastq.gz	https://ftp.sra.ebi.ac.uk/vol1/fastq/ERR403/000/ERR4036290/ERR4036290_2.fastq.gz	SAMEA5624301	2130830	u
ERR4036299	PAIRED	https://ftp.sra.ebi.ac.uk/vol1/fastq/ERR403/009/ERR4036299/ERR4036299_1.fastq.gz	https://ftp.sra.ebi.ac.uk/vol1/fastq/ERR403/009/ERR4036299/ERR4036299_2.fastq.gz	SAMEA5624399	2037696	u
ERR4036303	PAIRED	https://ftp.sra.ebi.ac.uk/vol1/fastq/ERR403/003/ERR4036303/ERR4036303_1.fastq.gz	https://ftp.sra.ebi.ac.uk/vol1/fastq/ERR403/003/ERR4036303/ERR4036303_2.fastq.gz	SAMEA5624400	2021324	u
ERR4036304	PAIRED	https://ftp.sra.ebi.ac.uk/vol1/fastq/ERR403/004/ERR4036304/ERR4036304_1.fastq.gz	https://ftp.sra.ebi.ac.uk/vol1/fastq/ERR403/004/ERR4036304/ERR4036304_2.fastq.gz	SAMEA5624111	2061882	u
ERR4036324	PAIRED	https://ftp.sra.ebi.ac.uk/vol1/fastq/ERR403/004/ERR4036324/ERR4036324_1.fastq.gz	https://ftp.sra.ebi.ac.uk/vol1/fastq/ERR403/004/ERR4036324/ERR4036324_2.fastq.gz	SAMEA5624405	1915936	u
ERR4036344	PAIRED	https://ftp.sra.ebi.ac.uk/vol1/fastq/ERR403/004/ERR4036344/ERR4036344_1.fastq.gz	https://ftp.sra.ebi.ac.uk/vol1/fastq/ERR403/004/ERR4036344/ERR4036344_2.fastq.gz	SAMEA5624410	2242396	u
ERR4036349	PAIRED	https://ftp.sra.ebi.ac.uk/vol1/fastq/ERR403/009/ERR4036349/ERR4036349_1.fastq.gz	https://ftp.sra.ebi.ac.uk/vol1/fastq/ERR403/009/ERR4036349/ERR4036349_2.fastq.gz	SAMEA5624122	1994646	u
ERR4036385	PAIRED	https://ftp.sra.ebi.ac.uk/vol1/fastq/ERR403/005/ERR4036385/ERR4036385_1.fastq.gz	https://ftp.sra.ebi.ac.uk/vol1/fastq/ERR403/005/ERR4036385/ERR4036385_2.fastq.gz	SAMEA5624131	1847668	u
ERR4036389	PAIRED	https://ftp.sra.ebi.ac.uk/vol1/fastq/ERR403/009/ERR4036389/ERR4036389_1.fastq.gz	https://ftp.sra.ebi.ac.uk/vol1/fastq/ERR403/009/ERR4036389/ERR4036389_2.fastq.gz	SAMEA5624132	2051800	u
ERR4036394	PAIRED	https://ftp.sra.ebi.ac.uk/vol1/fastq/ERR403/004/ERR4036394/ERR4036394_1.fastq.gz	https://ftp.sra.ebi.ac.uk/vol1/fastq/ERR403/004/ERR4036394/ERR4036394_2.fastq.gz	SAMEA5624337	2127524	u
ERR4036399	PAIRED	https://ftp.sra.ebi.ac.uk/vol1/fastq/ERR403/009/ERR4036399/ERR4036399_1.fastq.gz	https://ftp.sra.ebi.ac.uk/vol1/fastq/ERR403/009/ERR4036399/ERR4036399_2.fastq.gz	SAMEA5624328	2185430	u
ERR4036400	PAIRED	https://ftp.sra.ebi.ac.uk/vol1/fastq/ERR403/000/ERR4036400/ERR4036400_1.fastq.gz	https://ftp.sra.ebi.ac.uk/vol1/fastq/ERR403/000/ERR4036400/ERR4036400_2.fastq.gz	SAMEA5624424	2263584	u
ERR4036403	PAIRED	https://ftp.sra.ebi.ac.uk/vol1/fastq/ERR403/003/ERR4036403/ERR4036403_1.fastq.gz	https://ftp.sra.ebi.ac.uk/vol1/fastq/ERR403/003/ERR4036403/ERR4036403_2.fastq.gz	SAMEA5624329	2130540	u
ERR4036408	PAIRED	https://ftp.sra.ebi.ac.uk/vol1/fastq/ERR403/008/ERR4036408/ERR4036408_1.fastq.gz	https://ftp.sra.ebi.ac.uk/vol1/fastq/ERR403/008/ERR4036408/ERR4036408_2.fastq.gz	SAMEA5624426	2068334	u
ERR4036411	PAIRED	https://ftp.sra.ebi.ac.uk/vol1/fastq/ERR403/001/ERR4036411/ERR4036411_1.fastq.gz	https://ftp.sra.ebi.ac.uk/vol1/fastq/ERR403/001/ERR4036411/ERR4036411_2.fastq.gz	SAMEA5624331	1970950	u
ERR4036417	PAIRED	https://ftp.sra.ebi.ac.uk/vol1/fastq/ERR403/007/ERR4036417/ERR4036417_1.fastq.gz	https://ftp.sra.ebi.ac.uk/vol1/fastq/ERR403/007/ERR4036417/ERR4036417_2.fastq.gz	SAMEA5624428	2037952	u
ERR4036445	PAIRED	https://ftp.sra.ebi.ac.uk/vol1/fastq/ERR403/005/ERR4036445/ERR4036445_1.fastq.gz	https://ftp.sra.ebi.ac.uk/vol1/fastq/ERR403/005/ERR4036445/ERR4036445_2.fastq.gz	SAMEA5624339	2165432	u
ERR4036452	PAIRED	https://ftp.sra.ebi.ac.uk/vol1/fastq/ERR403/002/ERR4036452/ERR4036452_1.fastq.gz	https://ftp.sra.ebi.ac.uk/vol1/fastq/ERR403/002/ERR4036452/ERR4036452_2.fastq.gz	SAMEA5624263	1803858	u
ERR4036456	PAIRED	https://ftp.sra.ebi.ac.uk/vol1/fastq/ERR403/006/ERR4036456/ERR4036456_1.fastq.gz	https://ftp.sra.ebi.ac.uk/vol1/fastq/ERR403/006/ERR4036456/ERR4036456_2.fastq.gz	SAMEA5624264	2078086	u
ERR4036458	PAIRED	https://ftp.sra.ebi.ac.uk/vol1/fastq/ERR403/008/ERR4036458/ERR4036458_1.fastq.gz	https://ftp.sra.ebi.ac.uk/vol1/fastq/ERR403/008/ERR4036458/ERR4036458_2.fastq.gz	SAMEA5624439	2425470	u
ERR4036460	PAIRED	https://ftp.sra.ebi.ac.uk/vol1/fastq/ERR403/000/ERR4036460/ERR4036460_1.fastq.gz	https://ftp.sra.ebi.ac.uk/vol1/fastq/ERR403/000/ERR4036460/ERR4036460_2.fastq.gz	SAMEA5624265	1974940	u
ERR4036464	PAIRED	https://ftp.sra.ebi.ac.uk/vol1/fastq/ERR403/004/ERR4036464/ERR4036464_1.fastq.gz	https://ftp.sra.ebi.ac.uk/vol1/fastq/ERR403/004/ERR4036464/ERR4036464_2.fastq.gz	SAMEA5624266	1860608	u
ERR4036482	PAIRED	https://ftp.sra.ebi.ac.uk/vol1/fastq/ERR403/002/ERR4036482/ERR4036482_1.fastq.gz	https://ftp.sra.ebi.ac.uk/vol1/fastq/ERR403/002/ERR4036482/ERR4036482_2.fastq.gz	SAMEA5624445	2009894	u
ERR4036484	PAIRED	https://ftp.sra.ebi.ac.uk/vol1/fastq/ERR403/004/ERR4036484/ERR4036484_1.fastq.gz	https://ftp.sra.ebi.ac.uk/vol1/fastq/ERR403/004/ERR4036484/ERR4036484_2.fastq.gz	SAMEA5624246	2130556	u
ERR4036490	PAIRED	https://ftp.sra.ebi.ac.uk/vol1/fastq/ERR403/000/ERR4036490/ERR4036490_1.fastq.gz	https://ftp.sra.ebi.ac.uk/vol1/fastq/ERR403/000/ERR4036490/ERR4036490_2.fastq.gz	SAMEA5624447	2078234	u
ERR4036492	PAIRED	https://ftp.sra.ebi.ac.uk/vol1/fastq/ERR403/002/ERR4036492/ERR4036492_1.fastq.gz	https://ftp.sra.ebi.ac.uk/vol1/fastq/ERR403/002/ERR4036492/ERR4036492_2.fastq.gz	SAMEA5624248	2068570	u
ERR4036506	PAIRED	https://ftp.sra.ebi.ac.uk/vol1/fastq/ERR403/006/ERR4036506/ERR4036506_1.fastq.gz	https://ftp.sra.ebi.ac.uk/vol1/fastq/ERR403/006/ERR4036506/ERR4036506_2.fastq.gz	SAMEA5624451	1920530	u
ERR4036516	PAIRED	https://ftp.sra.ebi.ac.uk/vol1/fastq/ERR403/006/ERR4036516/ERR4036516_1.fastq.gz	https://ftp.sra.ebi.ac.uk/vol1/fastq/ERR403/006/ERR4036516/ERR4036516_2.fastq.gz	SAMEA5624254	1904464	u
ERR4036530	PAIRED	https://ftp.sra.ebi.ac.uk/vol1/fastq/ERR403/000/ERR4036530/ERR4036530_1.fastq.gz	https://ftp.sra.ebi.ac.uk/vol1/fastq/ERR403/000/ERR4036530/ERR4036530_2.fastq.gz	SAMEA5624361	1870744	u
ERR4036535	PAIRED	https://ftp.sra.ebi.ac.uk/vol1/fastq/ERR403/005/ERR4036535/ERR4036535_1.fastq.gz	https://ftp.sra.ebi.ac.uk/vol1/fastq/ERR403/005/ERR4036535/ERR4036535_2.fastq.gz	SAMEA5624458	1875950	u
ERR4036546	PAIRED	https://ftp.sra.ebi.ac.uk/vol1/fastq/ERR403/006/ERR4036546/ERR4036546_1.fastq.gz	https://ftp.sra.ebi.ac.uk/vol1/fastq/ERR403/006/ERR4036546/ERR4036546_2.fastq.gz	SAMEA5624365	2044164	u
ERR4036559	PAIRED	https://ftp.sra.ebi.ac.uk/vol1/fastq/ERR403/009/ERR4036559/ERR4036559_1.fastq.gz	https://ftp.sra.ebi.ac.uk/vol1/fastq/ERR403/009/ERR4036559/ERR4036559_2.fastq.gz	SAMEA5624464	2415318	u
ERR4036560	PAIRED	https://ftp.sra.ebi.ac.uk/vol1/fastq/ERR403/000/ERR4036560/ERR4036560_1.fastq.gz	https://ftp.sra.ebi.ac.uk/vol1/fastq/ERR403/000/ERR4036560/ERR4036560_2.fastq.gz	SAMEA5624282	1913092	u
ERR4036589	PAIRED	https://ftp.sra.ebi.ac.uk/vol1/fastq/ERR403/009/ERR4036589/ERR4036589_1.fastq.gz	https://ftp.sra.ebi.ac.uk/vol1/fastq/ERR403/009/ERR4036589/ERR4036589_2.fastq.gz	SAMEA5624279	2042396	u
ERR4036591	PAIRED	https://ftp.sra.ebi.ac.uk/vol1/fastq/ERR403/001/ERR4036591/ERR4036591_1.fastq.gz	https://ftp.sra.ebi.ac.uk/vol1/fastq/ERR403/001/ERR4036591/ERR4036591_2.fastq.gz	SAMEA5624472	2194850	u
ERR4036609	PAIRED	https://ftp.sra.ebi.ac.uk/vol1/fastq/ERR403/009/ERR4036609/ERR4036609_1.fastq.gz	https://ftp.sra.ebi.ac.uk/vol1/fastq/ERR403/009/ERR4036609/ERR4036609_2.fastq.gz	SAMEA5621728	2109444	u
ERR4036613	PAIRED	https://ftp.sra.ebi.ac.uk/vol1/fastq/ERR403/003/ERR4036613/ERR4036613_1.fastq.gz	https://ftp.sra.ebi.ac.uk/vol1/fastq/ERR403/003/ERR4036613/ERR4036613_2.fastq.gz	SAMEA5621732	1709226	u
ERR4036622	PAIRED	https://ftp.sra.ebi.ac.uk/vol1/fastq/ERR403/002/ERR4036622/ERR4036622_1.fastq.gz	https://ftp.sra.ebi.ac.uk/vol1/fastq/ERR403/002/ERR4036622/ERR4036622_2.fastq.gz	SAMEA5621742	2387378	u
ERR4036635	PAIRED	https://ftp.sra.ebi.ac.uk/vol1/fastq/ERR403/005/ERR4036635/ERR4036635_1.fastq.gz	https://ftp.sra.ebi.ac.uk/vol1/fastq/ERR403/005/ERR4036635/ERR4036635_2.fastq.gz	SAMEA5621755	2612826	u
ERR4036637	PAIRED	https://ftp.sra.ebi.ac.uk/vol1/fastq/ERR403/007/ERR4036637/ERR4036637_1.fastq.gz	https://ftp.sra.ebi.ac.uk/vol1/fastq/ERR403/007/ERR4036637/ERR4036637_2.fastq.gz	SAMEA5621757	2670904	u
ERR4036641	PAIRED	https://ftp.sra.ebi.ac.uk/vol1/fastq/ERR403/001/ERR4036641/ERR4036641_1.fastq.gz	https://ftp.sra.ebi.ac.uk/vol1/fastq/ERR403/001/ERR4036641/ERR4036641_2.fastq.gz	SAMEA5621761	2182888	u
ERR4036662	PAIRED	https://ftp.sra.ebi.ac.uk/vol1/fastq/ERR403/002/ERR4036662/ERR4036662_1.fastq.gz	https://ftp.sra.ebi.ac.uk/vol1/fastq/ERR403/002/ERR4036662/ERR4036662_2.fastq.gz	SAMEA5622833	2398840	u
ERR4036668	PAIRED	https://ftp.sra.ebi.ac.uk/vol1/fastq/ERR403/008/ERR4036668/ERR4036668_1.fastq.gz	https://ftp.sra.ebi.ac.uk/vol1/fastq/ERR403/008/ERR4036668/ERR4036668_2.fastq.gz	SAMEA5623129	2172998	u
ERR4036670	PAIRED	https://ftp.sra.ebi.ac.uk/vol1/fastq/ERR403/000/ERR4036670/ERR4036670_1.fastq.gz	https://ftp.sra.ebi.ac.uk/vol1/fastq/ERR403/000/ERR4036670/ERR4036670_2.fastq.gz	SAMEA5622739	2906478	u
ERR4036673	PAIRED	https://ftp.sra.ebi.ac.uk/vol1/fastq/ERR403/003/ERR4036673/ERR4036673_1.fastq.gz	https://ftp.sra.ebi.ac.uk/vol1/fastq/ERR403/003/ERR4036673/ERR4036673_2.fastq.gz	SAMEA5622740	2632698	u
ERR4036693	PAIRED	https://ftp.sra.ebi.ac.uk/vol1/fastq/ERR403/003/ERR4036693/ERR4036693_1.fastq.gz	https://ftp.sra.ebi.ac.uk/vol1/fastq/ERR403/003/ERR4036693/ERR4036693_2.fastq.gz	SAMEA5622841	2553124	u
ERR4036698	PAIRED	https://ftp.sra.ebi.ac.uk/vol1/fastq/ERR403/008/ERR4036698/ERR4036698_1.fastq.gz	https://ftp.sra.ebi.ac.uk/vol1/fastq/ERR403/008/ERR4036698/ERR4036698_2.fastq.gz	SAMEA5622747	2756056	u
ERR4036705	PAIRED	https://ftp.sra.ebi.ac.uk/vol1/fastq/ERR403/005/ERR4036705/ERR4036705_1.fastq.gz	https://ftp.sra.ebi.ac.uk/vol1/fastq/ERR403/005/ERR4036705/ERR4036705_2.fastq.gz	SAMEA5622749	2670224	u
ERR4036707	PAIRED	https://ftp.sra.ebi.ac.uk/vol1/fastq/ERR403/007/ERR4036707/ERR4036707_1.fastq.gz	https://ftp.sra.ebi.ac.uk/vol1/fastq/ERR403/007/ERR4036707/ERR4036707_2.fastq.gz	SAMEA5622845	2653906	u
ERR4036722	PAIRED	https://ftp.sra.ebi.ac.uk/vol1/fastq/ERR403/002/ERR4036722/ERR4036722_1.fastq.gz	https://ftp.sra.ebi.ac.uk/vol1/fastq/ERR403/002/ERR4036722/ERR4036722_2.fastq.gz	SAMEA5623045	2391072	u
ERR4036734	PAIRED	https://ftp.sra.ebi.ac.uk/vol1/fastq/ERR403/004/ERR4036734/ERR4036734_1.fastq.gz	https://ftp.sra.ebi.ac.uk/vol1/fastq/ERR403/004/ERR4036734/ERR4036734_2.fastq.gz	SAMEA5623048	2535884	u
ERR4036738	PAIRED	https://ftp.sra.ebi.ac.uk/vol1/fastq/ERR403/008/ERR4036738/ERR4036738_1.fastq.gz	https://ftp.sra.ebi.ac.uk/vol1/fastq/ERR403/008/ERR4036738/ERR4036738_2.fastq.gz	SAMEA5623049	3039406	u
ERR4036743	PAIRED	https://ftp.sra.ebi.ac.uk/vol1/fastq/ERR403/003/ERR4036743/ERR4036743_1.fastq.gz	https://ftp.sra.ebi.ac.uk/vol1/fastq/ERR403/003/ERR4036743/ERR4036743_2.fastq.gz	SAMEA5623051	2483528	u
ERR4036747	PAIRED	https://ftp.sra.ebi.ac.uk/vol1/fastq/ERR403/007/ERR4036747/ERR4036747_1.fastq.gz	https://ftp.sra.ebi.ac.uk/vol1/fastq/ERR403/007/ERR4036747/ERR4036747_2.fastq.gz	SAMEA5622760	2087858	u
ERR4036753	PAIRED	https://ftp.sra.ebi.ac.uk/vol1/fastq/ERR403/003/ERR4036753/ERR4036753_1.fastq.gz	https://ftp.sra.ebi.ac.uk/vol1/fastq/ERR403/003/ERR4036753/ERR4036753_2.fastq.gz	SAMEA5623151	2155672	u
ERR4036756	PAIRED	https://ftp.sra.ebi.ac.uk/vol1/fastq/ERR403/006/ERR4036756/ERR4036756_1.fastq.gz	https://ftp.sra.ebi.ac.uk/vol1/fastq/ERR403/006/ERR4036756/ERR4036756_2.fastq.gz	SAMEA5623152	2268788	u
ERR4036761	PAIRED	https://ftp.sra.ebi.ac.uk/vol1/fastq/ERR403/001/ERR4036761/ERR4036761_1.fastq.gz	https://ftp.sra.ebi.ac.uk/vol1/fastq/ERR403/001/ERR4036761/ERR4036761_2.fastq.gz	SAMEA5623153	2231636	u
ERR4036768	PAIRED	https://ftp.sra.ebi.ac.uk/vol1/fastq/ERR403/008/ERR4036768/ERR4036768_1.fastq.gz	https://ftp.sra.ebi.ac.uk/vol1/fastq/ERR403/008/ERR4036768/ERR4036768_2.fastq.gz	SAMEA5622765	2249002	u
ERR4036769	PAIRED	https://ftp.sra.ebi.ac.uk/vol1/fastq/ERR403/009/ERR4036769/ERR4036769_1.fastq.gz	https://ftp.sra.ebi.ac.uk/vol1/fastq/ERR403/009/ERR4036769/ERR4036769_2.fastq.gz	SAMEA5623155	2104546	u
ERR4036773	PAIRED	https://ftp.sra.ebi.ac.uk/vol1/fastq/ERR403/003/ERR4036773/ERR4036773_1.fastq.gz	https://ftp.sra.ebi.ac.uk/vol1/fastq/ERR403/003/ERR4036773/ERR4036773_2.fastq.gz	SAMEA5623156	2514040	u
ERR4036776	PAIRED	https://ftp.sra.ebi.ac.uk/vol1/fastq/ERR403/006/ERR4036776/ERR4036776_1.fastq.gz	https://ftp.sra.ebi.ac.uk/vol1/fastq/ERR403/006/ERR4036776/ERR4036776_2.fastq.gz	SAMEA5622767	2257668	u
ERR4036777	PAIRED	https://ftp.sra.ebi.ac.uk/vol1/fastq/ERR403/007/ERR4036777/ERR4036777_1.fastq.gz	https://ftp.sra.ebi.ac.uk/vol1/fastq/ERR403/007/ERR4036777/ERR4036777_2.fastq.gz	SAMEA5622863	2079888	u
ERR4036779	PAIRED	https://ftp.sra.ebi.ac.uk/vol1/fastq/ERR403/009/ERR4036779/ERR4036779_1.fastq.gz	https://ftp.sra.ebi.ac.uk/vol1/fastq/ERR403/009/ERR4036779/ERR4036779_2.fastq.gz	SAMEA5622768	2284470	u
ERR4036798	PAIRED	https://ftp.sra.ebi.ac.uk/vol1/fastq/ERR403/008/ERR4036798/ERR4036798_1.fastq.gz	https://ftp.sra.ebi.ac.uk/vol1/fastq/ERR403/008/ERR4036798/ERR4036798_2.fastq.gz	SAMEA5623064	2688788	u
ERR4036815	PAIRED	https://ftp.sra.ebi.ac.uk/vol1/fastq/ERR403/005/ERR4036815/ERR4036815_1.fastq.gz	https://ftp.sra.ebi.ac.uk/vol1/fastq/ERR403/005/ERR4036815/ERR4036815_2.fastq.gz	SAMEA5622777	2374840	u
ERR4036828	PAIRED	https://ftp.sra.ebi.ac.uk/vol1/fastq/ERR403/008/ERR4036828/ERR4036828_1.fastq.gz	https://ftp.sra.ebi.ac.uk/vol1/fastq/ERR403/008/ERR4036828/ERR4036828_2.fastq.gz	SAMEA5622780	2618808	u
ERR4036833	PAIRED	https://ftp.sra.ebi.ac.uk/vol1/fastq/ERR403/003/ERR4036833/ERR4036833_1.fastq.gz	https://ftp.sra.ebi.ac.uk/vol1/fastq/ERR403/003/ERR4036833/ERR4036833_2.fastq.gz	SAMEA5623172	2504072	u
ERR4036851	PAIRED	https://ftp.sra.ebi.ac.uk/vol1/fastq/ERR403/001/ERR4036851/ERR4036851_1.fastq.gz	https://ftp.sra.ebi.ac.uk/vol1/fastq/ERR403/001/ERR4036851/ERR4036851_2.fastq.gz	SAMEA5622786	2146532	u
ERR4036852	PAIRED	https://ftp.sra.ebi.ac.uk/vol1/fastq/ERR403/002/ERR4036852/ERR4036852_1.fastq.gz	https://ftp.sra.ebi.ac.uk/vol1/fastq/ERR403/002/ERR4036852/ERR4036852_2.fastq.gz	SAMEA5622882	2146632	u
ERR4036853	PAIRED	https://ftp.sra.ebi.ac.uk/vol1/fastq/ERR403/003/ERR4036853/ERR4036853_1.fastq.gz	https://ftp.sra.ebi.ac.uk/vol1/fastq/ERR403/003/ERR4036853/ERR4036853_2.fastq.gz	SAMEA5623177	2295492	u
ERR4036863	PAIRED	https://ftp.sra.ebi.ac.uk/vol1/fastq/ERR403/003/ERR4036863/ERR4036863_1.fastq.gz	https://ftp.sra.ebi.ac.uk/vol1/fastq/ERR403/003/ERR4036863/ERR4036863_2.fastq.gz	SAMEA5622885	2452646	u
ERR4036873	PAIRED	https://ftp.sra.ebi.ac.uk/vol1/fastq/ERR403/003/ERR4036873/ERR4036873_1.fastq.gz	https://ftp.sra.ebi.ac.uk/vol1/fastq/ERR403/003/ERR4036873/ERR4036873_2.fastq.gz	SAMEA5622887	2141488	u
ERR4036880	PAIRED	https://ftp.sra.ebi.ac.uk/vol1/fastq/ERR403/000/ERR4036880/ERR4036880_1.fastq.gz	https://ftp.sra.ebi.ac.uk/vol1/fastq/ERR403/000/ERR4036880/ERR4036880_2.fastq.gz	SAMEA5622793	2670428	u
ERR4036892	PAIRED	https://ftp.sra.ebi.ac.uk/vol1/fastq/ERR403/002/ERR4036892/ERR4036892_1.fastq.gz	https://ftp.sra.ebi.ac.uk/vol1/fastq/ERR403/002/ERR4036892/ERR4036892_2.fastq.gz	SAMEA5622892	2325308	u
ERR4036900	PAIRED	https://ftp.sra.ebi.ac.uk/vol1/fastq/ERR403/000/ERR4036900/ERR4036900_1.fastq.gz	https://ftp.sra.ebi.ac.uk/vol1/fastq/ERR403/000/ERR4036900/ERR4036900_2.fastq.gz	SAMEA5622894	2079654	u
ERR4036906	PAIRED	https://ftp.sra.ebi.ac.uk/vol1/fastq/ERR403/006/ERR4036906/ERR4036906_1.fastq.gz	https://ftp.sra.ebi.ac.uk/vol1/fastq/ERR403/006/ERR4036906/ERR4036906_2.fastq.gz	SAMEA5623190	1942624	u
ERR4036914	PAIRED	https://ftp.sra.ebi.ac.uk/vol1/fastq/ERR403/004/ERR4036914/ERR4036914_1.fastq.gz	https://ftp.sra.ebi.ac.uk/vol1/fastq/ERR403/004/ERR4036914/ERR4036914_2.fastq.gz	SAMEA5623192	2183906	u
ERR4036923	PAIRED	https://ftp.sra.ebi.ac.uk/vol1/fastq/ERR403/003/ERR4036923/ERR4036923_1.fastq.gz	https://ftp.sra.ebi.ac.uk/vol1/fastq/ERR403/003/ERR4036923/ERR4036923_2.fastq.gz	SAMEA5622804	2721434	u
ERR4036930	PAIRED	https://ftp.sra.ebi.ac.uk/vol1/fastq/ERR403/000/ERR4036930/ERR4036930_1.fastq.gz	https://ftp.sra.ebi.ac.uk/vol1/fastq/ERR403/000/ERR4036930/ERR4036930_2.fastq.gz	SAMEA5623097	2826348	u
ERR4036937	PAIRED	https://ftp.sra.ebi.ac.uk/vol1/fastq/ERR403/007/ERR4036937/ERR4036937_1.fastq.gz	https://ftp.sra.ebi.ac.uk/vol1/fastq/ERR403/007/ERR4036937/ERR4036937_2.fastq.gz	SAMEA5623198	1909874	u
ERR4036944	PAIRED	https://ftp.sra.ebi.ac.uk/vol1/fastq/ERR403/004/ERR4036944/ERR4036944_1.fastq.gz	https://ftp.sra.ebi.ac.uk/vol1/fastq/ERR403/004/ERR4036944/ERR4036944_2.fastq.gz	SAMEA5622905	2289802	u
ERR4036952	PAIRED	https://ftp.sra.ebi.ac.uk/vol1/fastq/ERR403/002/ERR4036952/ERR4036952_1.fastq.gz	https://ftp.sra.ebi.ac.uk/vol1/fastq/ERR403/002/ERR4036952/ERR4036952_2.fastq.gz	SAMEA5622907	2324650	u
ERR4036955	PAIRED	https://ftp.sra.ebi.ac.uk/vol1/fastq/ERR403/005/ERR4036955/ERR4036955_1.fastq.gz	https://ftp.sra.ebi.ac.uk/vol1/fastq/ERR403/005/ERR4036955/ERR4036955_2.fastq.gz	SAMEA5623104	2664724	u
ERR4036963	PAIRED	https://ftp.sra.ebi.ac.uk/vol1/fastq/ERR403/003/ERR4036963/ERR4036963_1.fastq.gz	https://ftp.sra.ebi.ac.uk/vol1/fastq/ERR403/003/ERR4036963/ERR4036963_2.fastq.gz	SAMEA5623107	2562004	u
ERR4036984	PAIRED	https://ftp.sra.ebi.ac.uk/vol1/fastq/ERR403/004/ERR4036984/ERR4036984_1.fastq.gz	https://ftp.sra.ebi.ac.uk/vol1/fastq/ERR403/004/ERR4036984/ERR4036984_2.fastq.gz	SAMEA5623210	2283030	u
ERR4036989	PAIRED	https://ftp.sra.ebi.ac.uk/vol1/fastq/ERR403/009/ERR4036989/ERR4036989_1.fastq.gz	https://ftp.sra.ebi.ac.uk/vol1/fastq/ERR403/009/ERR4036989/ERR4036989_2.fastq.gz	SAMEA5622916	1929814	u
ERR4036991	PAIRED	https://ftp.sra.ebi.ac.uk/vol1/fastq/ERR403/001/ERR4036991/ERR4036991_1.fastq.gz	https://ftp.sra.ebi.ac.uk/vol1/fastq/ERR403/001/ERR4036991/ERR4036991_2.fastq.gz	SAMEA5623212	2490874	u
ERR4036998	PAIRED	https://ftp.sra.ebi.ac.uk/vol1/fastq/ERR403/008/ERR4036998/ERR4036998_1.fastq.gz	https://ftp.sra.ebi.ac.uk/vol1/fastq/ERR403/008/ERR4036998/ERR4036998_2.fastq.gz	SAMEA5623115	2847510	u
ERR4037000	PAIRED	https://ftp.sra.ebi.ac.uk/vol1/fastq/ERR403/000/ERR4037000/ERR4037000_1.fastq.gz	https://ftp.sra.ebi.ac.uk/vol1/fastq/ERR403/000/ERR4037000/ERR4037000_2.fastq.gz	SAMEA5622823	2481786	u
ERR4037011	PAIRED	https://ftp.sra.ebi.ac.uk/vol1/fastq/ERR403/001/ERR4037011/ERR4037011_1.fastq.gz	https://ftp.sra.ebi.ac.uk/vol1/fastq/ERR403/001/ERR4037011/ERR4037011_2.fastq.gz	SAMEA5622826	2430736	u
ERR4037021	PAIRED	https://ftp.sra.ebi.ac.uk/vol1/fastq/ERR403/001/ERR4037021/ERR4037021_1.fastq.gz	https://ftp.sra.ebi.ac.uk/vol1/fastq/ERR403/001/ERR4037021/ERR4037021_2.fastq.gz	SAMEA5622924	2437114	u
ERR4037034	PAIRED	https://ftp.sra.ebi.ac.uk/vol1/fastq/ERR403/004/ERR4037034/ERR4037034_1.fastq.gz	https://ftp.sra.ebi.ac.uk/vol1/fastq/ERR403/004/ERR4037034/ERR4037034_2.fastq.gz	SAMEA5623241	1473464	u
ERR4037045	PAIRED	https://ftp.sra.ebi.ac.uk/vol1/fastq/ERR403/005/ERR4037045/ERR4037045_1.fastq.gz	https://ftp.sra.ebi.ac.uk/vol1/fastq/ERR403/005/ERR4037045/ERR4037045_2.fastq.gz	SAMEA5623417	1974746	u
ERR4037046	PAIRED	https://ftp.sra.ebi.ac.uk/vol1/fastq/ERR403/006/ERR4037046/ERR4037046_1.fastq.gz	https://ftp.sra.ebi.ac.uk/vol1/fastq/ERR403/006/ERR4037046/ERR4037046_2.fastq.gz	SAMEA5623321	1858024	u
ERR4037068	PAIRED	https://ftp.sra.ebi.ac.uk/vol1/fastq/ERR403/008/ERR4037068/ERR4037068_1.fastq.gz	https://ftp.sra.ebi.ac.uk/vol1/fastq/ERR403/008/ERR4037068/ERR4037068_2.fastq.gz	SAMEA5623808	2349400	u
ERR4037075	PAIRED	https://ftp.sra.ebi.ac.uk/vol1/fastq/ERR403/005/ERR4037075/ERR4037075_1.fastq.gz	https://ftp.sra.ebi.ac.uk/vol1/fastq/ERR403/005/ERR4037075/ERR4037075_2.fastq.gz	SAMEA5623329	2020564	u
ERR4037077	PAIRED	https://ftp.sra.ebi.ac.uk/vol1/fastq/ERR403/007/ERR4037077/ERR4037077_1.fastq.gz	https://ftp.sra.ebi.ac.uk/vol1/fastq/ERR403/007/ERR4037077/ERR4037077_2.fastq.gz	SAMEA5623810	2409370	u
ERR4037090	PAIRED	https://ftp.sra.ebi.ac.uk/vol1/fastq/ERR403/000/ERR4037090/ERR4037090_1.fastq.gz	https://ftp.sra.ebi.ac.uk/vol1/fastq/ERR403/000/ERR4037090/ERR4037090_2.fastq.gz	SAMEA5623428	2299808	u
ERR4037094	PAIRED	https://ftp.sra.ebi.ac.uk/vol1/fastq/ERR403/004/ERR4037094/ERR4037094_1.fastq.gz	https://ftp.sra.ebi.ac.uk/vol1/fastq/ERR403/004/ERR4037094/ERR4037094_2.fastq.gz	SAMEA5623429	2408130	u
ERR4037102	PAIRED	https://ftp.sra.ebi.ac.uk/vol1/fastq/ERR403/002/ERR4037102/ERR4037102_1.fastq.gz	https://ftp.sra.ebi.ac.uk/vol1/fastq/ERR403/002/ERR4037102/ERR4037102_2.fastq.gz	SAMEA5623234	1857952	u
ERR4037103	PAIRED	https://ftp.sra.ebi.ac.uk/vol1/fastq/ERR403/003/ERR4037103/ERR4037103_1.fastq.gz	https://ftp.sra.ebi.ac.uk/vol1/fastq/ERR403/003/ERR4037103/ERR4037103_2.fastq.gz	SAMEA5623817	1954246	u
ERR4037106	PAIRED	https://ftp.sra.ebi.ac.uk/vol1/fastq/ERR403/006/ERR4037106/ERR4037106_1.fastq.gz	https://ftp.sra.ebi.ac.uk/vol1/fastq/ERR403/006/ERR4037106/ERR4037106_2.fastq.gz	SAMEA5623235	1936582	u
ERR4037109	PAIRED	https://ftp.sra.ebi.ac.uk/vol1/fastq/ERR403/009/ERR4037109/ERR4037109_1.fastq.gz	https://ftp.sra.ebi.ac.uk/vol1/fastq/ERR403/009/ERR4037109/ERR4037109_2.fastq.gz	SAMEA5623337	2194602	u
ERR4037118	PAIRED	https://ftp.sra.ebi.ac.uk/vol1/fastq/ERR403/008/ERR4037118/ERR4037118_1.fastq.gz	https://ftp.sra.ebi.ac.uk/vol1/fastq/ERR403/008/ERR4037118/ERR4037118_2.fastq.gz	SAMEA5623238	1955538	u
ERR4037121	PAIRED	https://ftp.sra.ebi.ac.uk/vol1/fastq/ERR403/001/ERR4037121/ERR4037121_1.fastq.gz	https://ftp.sra.ebi.ac.uk/vol1/fastq/ERR403/001/ERR4037121/ERR4037121_2.fastq.gz	SAMEA5623340	2072842	u
ERR4037141	PAIRED	https://ftp.sra.ebi.ac.uk/vol1/fastq/ERR403/001/ERR4037141/ERR4037141_1.fastq.gz	https://ftp.sra.ebi.ac.uk/vol1/fastq/ERR403/001/ERR4037141/ERR4037141_2.fastq.gz	SAMEA5623441	2251922	u
ERR4037143	PAIRED	https://ftp.sra.ebi.ac.uk/vol1/fastq/ERR403/003/ERR4037143/ERR4037143_1.fastq.gz	https://ftp.sra.ebi.ac.uk/vol1/fastq/ERR403/003/ERR4037143/ERR4037143_2.fastq.gz	SAMEA5623250	1740468	u
ERR4037156	PAIRED	https://ftp.sra.ebi.ac.uk/vol1/fastq/ERR403/006/ERR4037156/ERR4037156_1.fastq.gz	https://ftp.sra.ebi.ac.uk/vol1/fastq/ERR403/006/ERR4037156/ERR4037156_2.fastq.gz	SAMEA5623253	1896206	u
ERR4037157	PAIRED	https://ftp.sra.ebi.ac.uk/vol1/fastq/ERR403/007/ERR4037157/ERR4037157_1.fastq.gz	https://ftp.sra.ebi.ac.uk/vol1/fastq/ERR403/007/ERR4037157/ERR4037157_2.fastq.gz	SAMEA5623830	2158910	u
ERR4037159	PAIRED	https://ftp.sra.ebi.ac.uk/vol1/fastq/ERR403/009/ERR4037159/ERR4037159_1.fastq.gz	https://ftp.sra.ebi.ac.uk/vol1/fastq/ERR403/009/ERR4037159/ERR4037159_2.fastq.gz	SAMEA5623350	2131828	u
ERR4037165	PAIRED	https://ftp.sra.ebi.ac.uk/vol1/fastq/ERR403/005/ERR4037165/ERR4037165_1.fastq.gz	https://ftp.sra.ebi.ac.uk/vol1/fastq/ERR403/005/ERR4037165/ERR4037165_2.fastq.gz	SAMEA5623832	2085800	u
ERR4037171	PAIRED	https://ftp.sra.ebi.ac.uk/vol1/fastq/ERR403/001/ERR4037171/ERR4037171_1.fastq.gz	https://ftp.sra.ebi.ac.uk/vol1/fastq/ERR403/001/ERR4037171/ERR4037171_2.fastq.gz	SAMEA5623353	1856090	u
ERR4037178	PAIRED	https://ftp.sra.ebi.ac.uk/vol1/fastq/ERR403/008/ERR4037178/ERR4037178_1.fastq.gz	https://ftp.sra.ebi.ac.uk/vol1/fastq/ERR403/008/ERR4037178/ERR4037178_2.fastq.gz	SAMEA5623450	2109958	u
ERR4037188	PAIRED	https://ftp.sra.ebi.ac.uk/vol1/fastq/ERR403/008/ERR4037188/ERR4037188_1.fastq.gz	https://ftp.sra.ebi.ac.uk/vol1/fastq/ERR403/008/ERR4037188/ERR4037188_2.fastq.gz	SAMEA5623453	1966724	u
ERR4037206	PAIRED	https://ftp.sra.ebi.ac.uk/vol1/fastq/ERR403/006/ERR4037206/ERR4037206_1.fastq.gz	https://ftp.sra.ebi.ac.uk/vol1/fastq/ERR403/006/ERR4037206/ERR4037206_2.fastq.gz	SAMEA5623265	1868402	u
ERR4037212	PAIRED	https://ftp.sra.ebi.ac.uk/vol1/fastq/ERR403/002/ERR4037212/ERR4037212_1.fastq.gz	https://ftp.sra.ebi.ac.uk/vol1/fastq/ERR403/002/ERR4037212/ERR4037212_2.fastq.gz	SAMEA5623459	2357394	u
ERR4037216	PAIRED	https://ftp.sra.ebi.ac.uk/vol1/fastq/ERR403/006/ERR4037216/ERR4037216_1.fastq.gz	https://ftp.sra.ebi.ac.uk/vol1/fastq/ERR403/006/ERR4037216/ERR4037216_2.fastq.gz	SAMEA5623460	2553132	u
ERR4037228	PAIRED	https://ftp.sra.ebi.ac.uk/vol1/fastq/ERR403/008/ERR4037228/ERR4037228_1.fastq.gz	https://ftp.sra.ebi.ac.uk/vol1/fastq/ERR403/008/ERR4037228/ERR4037228_2.fastq.gz	SAMEA5623463	2269674	u
ERR4037233	PAIRED	https://ftp.sra.ebi.ac.uk/vol1/fastq/ERR403/003/ERR4037233/ERR4037233_1.fastq.gz	https://ftp.sra.ebi.ac.uk/vol1/fastq/ERR403/003/ERR4037233/ERR4037233_2.fastq.gz	SAMEA5623464	2083700	u
ERR4037237	PAIRED	https://ftp.sra.ebi.ac.uk/vol1/fastq/ERR403/007/ERR4037237/ERR4037237_1.fastq.gz	https://ftp.sra.ebi.ac.uk/vol1/fastq/ERR403/007/ERR4037237/ERR4037237_2.fastq.gz	SAMEA5623465	2311448	u
ERR4037265	PAIRED	https://ftp.sra.ebi.ac.uk/vol1/fastq/ERR403/005/ERR4037265/ERR4037265_1.fastq.gz	https://ftp.sra.ebi.ac.uk/vol1/fastq/ERR403/005/ERR4037265/ERR4037265_2.fastq.gz	SAMEA5623280	2045272	u
ERR4037286	PAIRED	https://ftp.sra.ebi.ac.uk/vol1/fastq/ERR403/006/ERR4037286/ERR4037286_1.fastq.gz	https://ftp.sra.ebi.ac.uk/vol1/fastq/ERR403/006/ERR4037286/ERR4037286_2.fastq.gz	SAMEA5623862	2176770	u
ERR4037295	PAIRED	https://ftp.sra.ebi.ac.uk/vol1/fastq/ERR403/005/ERR4037295/ERR4037295_1.fastq.gz	https://ftp.sra.ebi.ac.uk/vol1/fastq/ERR403/005/ERR4037295/ERR4037295_2.fastq.gz	SAMEA5623865	2249620	u
ERR4037308	PAIRED	https://ftp.sra.ebi.ac.uk/vol1/fastq/ERR403/008/ERR4037308/ERR4037308_1.fastq.gz	https://ftp.sra.ebi.ac.uk/vol1/fastq/ERR403/008/ERR4037308/ERR4037308_2.fastq.gz	SAMEA5623480	2363326	u
ERR4037309	PAIRED	https://ftp.sra.ebi.ac.uk/vol1/fastq/ERR403/009/ERR4037309/ERR4037309_1.fastq.gz	https://ftp.sra.ebi.ac.uk/vol1/fastq/ERR403/009/ERR4037309/ERR4037309_2.fastq.gz	SAMEA5623387	2141834	u
ERR4037332	PAIRED	https://ftp.sra.ebi.ac.uk/vol1/fastq/ERR403/002/ERR4037332/ERR4037332_1.fastq.gz	https://ftp.sra.ebi.ac.uk/vol1/fastq/ERR403/002/ERR4037332/ERR4037332_2.fastq.gz	SAMEA5623393	2236940	u
ERR4037334	PAIRED	https://ftp.sra.ebi.ac.uk/vol1/fastq/ERR403/004/ERR4037334/ERR4037334_1.fastq.gz	https://ftp.sra.ebi.ac.uk/vol1/fastq/ERR403/004/ERR4037334/ERR4037334_2.fastq.gz	SAMEA5623486	2219654	u
ERR4037348	PAIRED	https://ftp.sra.ebi.ac.uk/vol1/fastq/ERR403/008/ERR4037348/ERR4037348_1.fastq.gz	https://ftp.sra.ebi.ac.uk/vol1/fastq/ERR403/008/ERR4037348/ERR4037348_2.fastq.gz	SAMEA5623397	1722740	u
ERR4037368	PAIRED	https://ftp.sra.ebi.ac.uk/vol1/fastq/ERR403/008/ERR4037368/ERR4037368_1.fastq.gz	https://ftp.sra.ebi.ac.uk/vol1/fastq/ERR403/008/ERR4037368/ERR4037368_2.fastq.gz	SAMEA5623402	2481842	u
ERR4037379	PAIRED	https://ftp.sra.ebi.ac.uk/vol1/fastq/ERR403/009/ERR4037379/ERR4037379_1.fastq.gz	https://ftp.sra.ebi.ac.uk/vol1/fastq/ERR403/009/ERR4037379/ERR4037379_2.fastq.gz	SAMEA5623309	1911446	u
ERR4037383	PAIRED	https://ftp.sra.ebi.ac.uk/vol1/fastq/ERR403/003/ERR4037383/ERR4037383_1.fastq.gz	https://ftp.sra.ebi.ac.uk/vol1/fastq/ERR403/003/ERR4037383/ERR4037383_2.fastq.gz	SAMEA5623310	2162278	u
ERR4037384	PAIRED	https://ftp.sra.ebi.ac.uk/vol1/fastq/ERR403/004/ERR4037384/ERR4037384_1.fastq.gz	https://ftp.sra.ebi.ac.uk/vol1/fastq/ERR403/004/ERR4037384/ERR4037384_2.fastq.gz	SAMEA5623499	2094620	u
ERR4037387	PAIRED	https://ftp.sra.ebi.ac.uk/vol1/fastq/ERR403/007/ERR4037387/ERR4037387_1.fastq.gz	https://ftp.sra.ebi.ac.uk/vol1/fastq/ERR403/007/ERR4037387/ERR4037387_2.fastq.gz	SAMEA5623889	2274216	u
ERR4037399	PAIRED	https://ftp.sra.ebi.ac.uk/vol1/fastq/ERR403/009/ERR4037399/ERR4037399_1.fastq.gz	https://ftp.sra.ebi.ac.uk/vol1/fastq/ERR403/009/ERR4037399/ERR4037399_2.fastq.gz	SAMEA5623410	2005788	u
ERR4037414	PAIRED	https://ftp.sra.ebi.ac.uk/vol1/fastq/ERR403/004/ERR4037414/ERR4037414_1.fastq.gz	https://ftp.sra.ebi.ac.uk/vol1/fastq/ERR403/004/ERR4037414/ERR4037414_2.fastq.gz	SAMEA5623895	2066424	u
ERR4037415	PAIRED	https://ftp.sra.ebi.ac.uk/vol1/fastq/ERR403/005/ERR4037415/ERR4037415_1.fastq.gz	https://ftp.sra.ebi.ac.uk/vol1/fastq/ERR403/005/ERR4037415/ERR4037415_2.fastq.gz	SAMEA5623514	1897208	u
ERR4037419	PAIRED	https://ftp.sra.ebi.ac.uk/vol1/fastq/ERR403/009/ERR4037419/ERR4037419_1.fastq.gz	https://ftp.sra.ebi.ac.uk/vol1/fastq/ERR403/009/ERR4037419/ERR4037419_2.fastq.gz	SAMEA5623525	2110338	u
ERR4037421	PAIRED	https://ftp.sra.ebi.ac.uk/vol1/fastq/ERR403/001/ERR4037421/ERR4037421_1.fastq.gz	https://ftp.sra.ebi.ac.uk/vol1/fastq/ERR403/001/ERR4037421/ERR4037421_2.fastq.gz	SAMEA5622750	2128278	u
ERR4037429	PAIRED	https://ftp.sra.ebi.ac.uk/vol1/fastq/ERR403/009/ERR4037429/ERR4037429_1.fastq.gz	https://ftp.sra.ebi.ac.uk/vol1/fastq/ERR403/009/ERR4037429/ERR4037429_2.fastq.gz	SAMEA5623950	2159896	u
ERR4037431	PAIRED	https://ftp.sra.ebi.ac.uk/vol1/fastq/ERR403/001/ERR4037431/ERR4037431_1.fastq.gz	https://ftp.sra.ebi.ac.uk/vol1/fastq/ERR403/001/ERR4037431/ERR4037431_2.fastq.gz	SAMEA5623952	2407220	u
ERR4037432	PAIRED	https://ftp.sra.ebi.ac.uk/vol1/fastq/ERR403/002/ERR4037432/ERR4037432_1.fastq.gz	https://ftp.sra.ebi.ac.uk/vol1/fastq/ERR403/002/ERR4037432/ERR4037432_2.fastq.gz	SAMEA5623953	1997338	u
ERR4037433	PAIRED	https://ftp.sra.ebi.ac.uk/vol1/fastq/ERR403/003/ERR4037433/ERR4037433_1.fastq.gz	https://ftp.sra.ebi.ac.uk/vol1/fastq/ERR403/003/ERR4037433/ERR4037433_2.fastq.gz	SAMEA5623954	2124748	u
ERR4037435	PAIRED	https://ftp.sra.ebi.ac.uk/vol1/fastq/ERR403/005/ERR4037435/ERR4037435_1.fastq.gz	https://ftp.sra.ebi.ac.uk/vol1/fastq/ERR403/005/ERR4037435/ERR4037435_2.fastq.gz	SAMEA5623956	2350744	u
ERR4037444	PAIRED	https://ftp.sra.ebi.ac.uk/vol1/fastq/ERR403/004/ERR4037444/ERR4037444_1.fastq.gz	https://ftp.sra.ebi.ac.uk/vol1/fastq/ERR403/004/ERR4037444/ERR4037444_2.fastq.gz	SAMEA5624157	2363328	u
ERR4037445	PAIRED	https://ftp.sra.ebi.ac.uk/vol1/fastq/ERR403/005/ERR4037445/ERR4037445_1.fastq.gz	https://ftp.sra.ebi.ac.uk/vol1/fastq/ERR403/005/ERR4037445/ERR4037445_2.fastq.gz	SAMEA5624158	2613604	u
ERR4037452	PAIRED	https://ftp.sra.ebi.ac.uk/vol1/fastq/ERR403/002/ERR4037452/ERR4037452_1.fastq.gz	https://ftp.sra.ebi.ac.uk/vol1/fastq/ERR403/002/ERR4037452/ERR4037452_2.fastq.gz	SAMEA5624165	2388692	u
ERR4037461	PAIRED	https://ftp.sra.ebi.ac.uk/vol1/fastq/ERR403/001/ERR4037461/ERR4037461_1.fastq.gz	https://ftp.sra.ebi.ac.uk/vol1/fastq/ERR403/001/ERR4037461/ERR4037461_2.fastq.gz	SAMEA5624174	2431370	u
ERR4037463	PAIRED	https://ftp.sra.ebi.ac.uk/vol1/fastq/ERR403/003/ERR4037463/ERR4037463_1.fastq.gz	https://ftp.sra.ebi.ac.uk/vol1/fastq/ERR403/003/ERR4037463/ERR4037463_2.fastq.gz	SAMEA5624176	2229650	u
ERR4037465	PAIRED	https://ftp.sra.ebi.ac.uk/vol1/fastq/ERR403/005/ERR4037465/ERR4037465_1.fastq.gz	https://ftp.sra.ebi.ac.uk/vol1/fastq/ERR403/005/ERR4037465/ERR4037465_2.fastq.gz	SAMEA5624178	2237828	u
ERR4037466	PAIRED	https://ftp.sra.ebi.ac.uk/vol1/fastq/ERR403/006/ERR4037466/ERR4037466_1.fastq.gz	https://ftp.sra.ebi.ac.uk/vol1/fastq/ERR403/006/ERR4037466/ERR4037466_2.fastq.gz	SAMEA5624179	2171812	u
ERR4037472	PAIRED	https://ftp.sra.ebi.ac.uk/vol1/fastq/ERR403/002/ERR4037472/ERR4037472_1.fastq.gz	https://ftp.sra.ebi.ac.uk/vol1/fastq/ERR403/002/ERR4037472/ERR4037472_2.fastq.gz	SAMEA5624185	1861918	u
ERR4037478	PAIRED	https://ftp.sra.ebi.ac.uk/vol1/fastq/ERR403/008/ERR4037478/ERR4037478_1.fastq.gz	https://ftp.sra.ebi.ac.uk/vol1/fastq/ERR403/008/ERR4037478/ERR4037478_2.fastq.gz	SAMEA5624191	2316216	u
ERR4037486	PAIRED	https://ftp.sra.ebi.ac.uk/vol1/fastq/ERR403/006/ERR4037486/ERR4037486_1.fastq.gz	https://ftp.sra.ebi.ac.uk/vol1/fastq/ERR403/006/ERR4037486/ERR4037486_2.fastq.gz	SAMEA5624199	2369214	u
ERR4037489	PAIRED	https://ftp.sra.ebi.ac.uk/vol1/fastq/ERR403/009/ERR4037489/ERR4037489_1.fastq.gz	https://ftp.sra.ebi.ac.uk/vol1/fastq/ERR403/009/ERR4037489/ERR4037489_2.fastq.gz	SAMEA5624203	2350836	u
ERR4037490	PAIRED	https://ftp.sra.ebi.ac.uk/vol1/fastq/ERR403/000/ERR4037490/ERR4037490_1.fastq.gz	https://ftp.sra.ebi.ac.uk/vol1/fastq/ERR403/000/ERR4037490/ERR4037490_2.fastq.gz	SAMEA5624204	2354924	u
ERR4037493	PAIRED	https://ftp.sra.ebi.ac.uk/vol1/fastq/ERR403/003/ERR4037493/ERR4037493_1.fastq.gz	https://ftp.sra.ebi.ac.uk/vol1/fastq/ERR403/003/ERR4037493/ERR4037493_2.fastq.gz	SAMEA5624207	2670484	u
ERR4037503	PAIRED	https://ftp.sra.ebi.ac.uk/vol1/fastq/ERR403/003/ERR4037503/ERR4037503_1.fastq.gz	https://ftp.sra.ebi.ac.uk/vol1/fastq/ERR403/003/ERR4037503/ERR4037503_2.fastq.gz	SAMEA5624217	2622306	u
ERR4037505	PAIRED	https://ftp.sra.ebi.ac.uk/vol1/fastq/ERR403/005/ERR4037505/ERR4037505_1.fastq.gz	https://ftp.sra.ebi.ac.uk/vol1/fastq/ERR403/005/ERR4037505/ERR4037505_2.fastq.gz	SAMEA5624219	2203890	u
ERR4037509	PAIRED	https://ftp.sra.ebi.ac.uk/vol1/fastq/ERR403/009/ERR4037509/ERR4037509_1.fastq.gz	https://ftp.sra.ebi.ac.uk/vol1/fastq/ERR403/009/ERR4037509/ERR4037509_2.fastq.gz	SAMEA5624223	2217972	u
ERR4037511	PAIRED	https://ftp.sra.ebi.ac.uk/vol1/fastq/ERR403/001/ERR4037511/ERR4037511_1.fastq.gz	https://ftp.sra.ebi.ac.uk/vol1/fastq/ERR403/001/ERR4037511/ERR4037511_2.fastq.gz	SAMEA5624225	2154342	u
ERR434260	PAIRED	https://ftp.sra.ebi.ac.uk/vol1/fastq/ERR434/ERR434260/ERR434260_1.fastq.gz	https://ftp.sra.ebi.ac.uk/vol1/fastq/ERR434/ERR434260/ERR434260_2.fastq.gz	SAMEA2204238	4074522	u
ERR434262	PAIRED	https://ftp.sra.ebi.ac.uk/vol1/fastq/ERR434/ERR434262/ERR434262_1.fastq.gz	https://ftp.sra.ebi.ac.uk/vol1/fastq/ERR434/ERR434262/ERR434262_2.fastq.gz	SAMEA2204260	3949304	u
ERR434263	PAIRED	https://ftp.sra.ebi.ac.uk/vol1/fastq/ERR434/ERR434263/ERR434263_1.fastq.gz	https://ftp.sra.ebi.ac.uk/vol1/fastq/ERR434/ERR434263/ERR434263_2.fastq.gz	SAMEA2204277	3768086	u
ERR434270	PAIRED	https://ftp.sra.ebi.ac.uk/vol1/fastq/ERR434/ERR434270/ERR434270_1.fastq.gz	https://ftp.sra.ebi.ac.uk/vol1/fastq/ERR434/ERR434270/ERR434270_2.fastq.gz	SAMEA2204427	3775094	u
ERR434276	PAIRED	https://ftp.sra.ebi.ac.uk/vol1/fastq/ERR434/ERR434276/ERR434276_1.fastq.gz	https://ftp.sra.ebi.ac.uk/vol1/fastq/ERR434/ERR434276/ERR434276_2.fastq.gz	SAMEA2204506	4226590	u
ERR434292	PAIRED	https://ftp.sra.ebi.ac.uk/vol1/fastq/ERR434/ERR434292/ERR434292_1.fastq.gz	https://ftp.sra.ebi.ac.uk/vol1/fastq/ERR434/ERR434292/ERR434292_2.fastq.gz	SAMEA2204745	3731752	u
ERR434294	PAIRED	https://ftp.sra.ebi.ac.uk/vol1/fastq/ERR434/ERR434294/ERR434294_1.fastq.gz	https://ftp.sra.ebi.ac.uk/vol1/fastq/ERR434/ERR434294/ERR434294_2.fastq.gz	SAMEA2204765	3774238	u
ERR434311	PAIRED	https://ftp.sra.ebi.ac.uk/vol1/fastq/ERR434/ERR434311/ERR434311_1.fastq.gz	https://ftp.sra.ebi.ac.uk/vol1/fastq/ERR434/ERR434311/ERR434311_2.fastq.gz	SAMEA2205131	3617230	u
ERR434317	PAIRED	https://ftp.sra.ebi.ac.uk/vol1/fastq/ERR434/ERR434317/ERR434317_1.fastq.gz	https://ftp.sra.ebi.ac.uk/vol1/fastq/ERR434/ERR434317/ERR434317_2.fastq.gz	SAMEA2205214	3852170	u
ERR434321	PAIRED	https://ftp.sra.ebi.ac.uk/vol1/fastq/ERR434/ERR434321/ERR434321_1.fastq.gz	https://ftp.sra.ebi.ac.uk/vol1/fastq/ERR434/ERR434321/ERR434321_2.fastq.gz	SAMEA2205257	4103014	u
ERR434323	PAIRED	https://ftp.sra.ebi.ac.uk/vol1/fastq/ERR434/ERR434323/ERR434323_1.fastq.gz	https://ftp.sra.ebi.ac.uk/vol1/fastq/ERR434/ERR434323/ERR434323_2.fastq.gz	SAMEA2205267	3999520	u
ERR434327	PAIRED	https://ftp.sra.ebi.ac.uk/vol1/fastq/ERR434/ERR434327/ERR434327_1.fastq.gz	https://ftp.sra.ebi.ac.uk/vol1/fastq/ERR434/ERR434327/ERR434327_2.fastq.gz	SAMEA2205285	3878256	u
ERR434348	PAIRED	https://ftp.sra.ebi.ac.uk/vol1/fastq/ERR434/ERR434348/ERR434348_1.fastq.gz	https://ftp.sra.ebi.ac.uk/vol1/fastq/ERR434/ERR434348/ERR434348_2.fastq.gz	SAMEA2205563	4645918	u
ERR434364	PAIRED	https://ftp.sra.ebi.ac.uk/vol1/fastq/ERR434/ERR434364/ERR434364_1.fastq.gz	https://ftp.sra.ebi.ac.uk/vol1/fastq/ERR434/ERR434364/ERR434364_2.fastq.gz	SAMEA2204431	4345376	u
ERR434372	PAIRED	https://ftp.sra.ebi.ac.uk/vol1/fastq/ERR434/ERR434372/ERR434372_1.fastq.gz	https://ftp.sra.ebi.ac.uk/vol1/fastq/ERR434/ERR434372/ERR434372_2.fastq.gz	SAMEA2204488	4266206	u
ERR434396	PAIRED	https://ftp.sra.ebi.ac.uk/vol1/fastq/ERR434/ERR434396/ERR434396_1.fastq.gz	https://ftp.sra.ebi.ac.uk/vol1/fastq/ERR434/ERR434396/ERR434396_2.fastq.gz	SAMEA2204936	4081936	u
ERR434400	PAIRED	https://ftp.sra.ebi.ac.uk/vol1/fastq/ERR434/ERR434400/ERR434400_1.fastq.gz	https://ftp.sra.ebi.ac.uk/vol1/fastq/ERR434/ERR434400/ERR434400_2.fastq.gz	SAMEA2205095	4572434	u
ERR434402	PAIRED	https://ftp.sra.ebi.ac.uk/vol1/fastq/ERR434/ERR434402/ERR434402_1.fastq.gz	https://ftp.sra.ebi.ac.uk/vol1/fastq/ERR434/ERR434402/ERR434402_2.fastq.gz	SAMEA2205142	4177222	u
ERR434406	PAIRED	https://ftp.sra.ebi.ac.uk/vol1/fastq/ERR434/ERR434406/ERR434406_1.fastq.gz	https://ftp.sra.ebi.ac.uk/vol1/fastq/ERR434/ERR434406/ERR434406_2.fastq.gz	SAMEA2205172	4315140	u
ERR434419	PAIRED	https://ftp.sra.ebi.ac.uk/vol1/fastq/ERR434/ERR434419/ERR434419_1.fastq.gz	https://ftp.sra.ebi.ac.uk/vol1/fastq/ERR434/ERR434419/ERR434419_2.fastq.gz	SAMEA2205311	3702000	u
ERR434429	PAIRED	https://ftp.sra.ebi.ac.uk/vol1/fastq/ERR434/ERR434429/ERR434429_1.fastq.gz	https://ftp.sra.ebi.ac.uk/vol1/fastq/ERR434/ERR434429/ERR434429_2.fastq.gz	SAMEA2205476	4311008	u
ERR434449	PAIRED	https://ftp.sra.ebi.ac.uk/vol1/fastq/ERR434/ERR434449/ERR434449_1.fastq.gz	https://ftp.sra.ebi.ac.uk/vol1/fastq/ERR434/ERR434449/ERR434449_2.fastq.gz	SAMEA2205726	3818244	u
ERR434467	PAIRED	https://ftp.sra.ebi.ac.uk/vol1/fastq/ERR434/ERR434467/ERR434467_1.fastq.gz	https://ftp.sra.ebi.ac.uk/vol1/fastq/ERR434/ERR434467/ERR434467_2.fastq.gz	SAMEA2204491	4381624	u
ERR434468	PAIRED	https://ftp.sra.ebi.ac.uk/vol1/fastq/ERR434/ERR434468/ERR434468_1.fastq.gz	https://ftp.sra.ebi.ac.uk/vol1/fastq/ERR434/ERR434468/ERR434468_2.fastq.gz	SAMEA2204504	4183434	u
ERR434472	PAIRED	https://ftp.sra.ebi.ac.uk/vol1/fastq/ERR434/ERR434472/ERR434472_1.fastq.gz	https://ftp.sra.ebi.ac.uk/vol1/fastq/ERR434/ERR434472/ERR434472_2.fastq.gz	SAMEA2204618	4839054	u
ERR434480	PAIRED	https://ftp.sra.ebi.ac.uk/vol1/fastq/ERR434/ERR434480/ERR434480_1.fastq.gz	https://ftp.sra.ebi.ac.uk/vol1/fastq/ERR434/ERR434480/ERR434480_2.fastq.gz	SAMEA2204690	4675424	u
ERR434484	PAIRED	https://ftp.sra.ebi.ac.uk/vol1/fastq/ERR434/ERR434484/ERR434484_1.fastq.gz	https://ftp.sra.ebi.ac.uk/vol1/fastq/ERR434/ERR434484/ERR434484_2.fastq.gz	SAMEA2204768	3740254	u
ERR434488	PAIRED	https://ftp.sra.ebi.ac.uk/vol1/fastq/ERR434/ERR434488/ERR434488_1.fastq.gz	https://ftp.sra.ebi.ac.uk/vol1/fastq/ERR434/ERR434488/ERR434488_2.fastq.gz	SAMEA2204878	4636352	u
ERR434491	PAIRED	https://ftp.sra.ebi.ac.uk/vol1/fastq/ERR434/ERR434491/ERR434491_1.fastq.gz	https://ftp.sra.ebi.ac.uk/vol1/fastq/ERR434/ERR434491/ERR434491_2.fastq.gz	SAMEA2204967	4061642	u
ERR434500	PAIRED	https://ftp.sra.ebi.ac.uk/vol1/fastq/ERR434/ERR434500/ERR434500_1.fastq.gz	https://ftp.sra.ebi.ac.uk/vol1/fastq/ERR434/ERR434500/ERR434500_2.fastq.gz	SAMEA2205129	4391768	u
ERR434501	PAIRED	https://ftp.sra.ebi.ac.uk/vol1/fastq/ERR434/ERR434501/ERR434501_1.fastq.gz	https://ftp.sra.ebi.ac.uk/vol1/fastq/ERR434/ERR434501/ERR434501_2.fastq.gz	SAMEA2205145	4684726	u
ERR434503	PAIRED	https://ftp.sra.ebi.ac.uk/vol1/fastq/ERR434/ERR434503/ERR434503_1.fastq.gz	https://ftp.sra.ebi.ac.uk/vol1/fastq/ERR434/ERR434503/ERR434503_2.fastq.gz	SAMEA2205191	4799854	u
ERR434507	PAIRED	https://ftp.sra.ebi.ac.uk/vol1/fastq/ERR434/ERR434507/ERR434507_1.fastq.gz	https://ftp.sra.ebi.ac.uk/vol1/fastq/ERR434/ERR434507/ERR434507_2.fastq.gz	SAMEA2205226	4149460	u
ERR434513	PAIRED	https://ftp.sra.ebi.ac.uk/vol1/fastq/ERR434/ERR434513/ERR434513_1.fastq.gz	https://ftp.sra.ebi.ac.uk/vol1/fastq/ERR434/ERR434513/ERR434513_2.fastq.gz	SAMEA2205298	5251628	u
ERR434536	PAIRED	https://ftp.sra.ebi.ac.uk/vol1/fastq/ERR434/ERR434536/ERR434536_1.fastq.gz	https://ftp.sra.ebi.ac.uk/vol1/fastq/ERR434/ERR434536/ERR434536_2.fastq.gz	SAMEA2205507	4330662	u
ERR434541	PAIRED	https://ftp.sra.ebi.ac.uk/vol1/fastq/ERR434/ERR434541/ERR434541_1.fastq.gz	https://ftp.sra.ebi.ac.uk/vol1/fastq/ERR434/ERR434541/ERR434541_2.fastq.gz	SAMEA2205713	3887590	u
ERR434542	PAIRED	https://ftp.sra.ebi.ac.uk/vol1/fastq/ERR434/ERR434542/ERR434542_1.fastq.gz	https://ftp.sra.ebi.ac.uk/vol1/fastq/ERR434/ERR434542/ERR434542_2.fastq.gz	SAMEA2205739	4150342	u
ERR434569	PAIRED	https://ftp.sra.ebi.ac.uk/vol1/fastq/ERR434/ERR434569/ERR434569_1.fastq.gz	https://ftp.sra.ebi.ac.uk/vol1/fastq/ERR434/ERR434569/ERR434569_2.fastq.gz	SAMEA2204681	4409606	u
ERR434579	PAIRED	https://ftp.sra.ebi.ac.uk/vol1/fastq/ERR434/ERR434579/ERR434579_1.fastq.gz	https://ftp.sra.ebi.ac.uk/vol1/fastq/ERR434/ERR434579/ERR434579_2.fastq.gz	SAMEA2205011	4255012	u
ERR434586	PAIRED	https://ftp.sra.ebi.ac.uk/vol1/fastq/ERR434/ERR434586/ERR434586_1.fastq.gz	https://ftp.sra.ebi.ac.uk/vol1/fastq/ERR434/ERR434586/ERR434586_2.fastq.gz	SAMEA2205150	4131272	u
ERR434591	PAIRED	https://ftp.sra.ebi.ac.uk/vol1/fastq/ERR434/ERR434591/ERR434591_1.fastq.gz	https://ftp.sra.ebi.ac.uk/vol1/fastq/ERR434/ERR434591/ERR434591_2.fastq.gz	SAMEA2205233	4288040	u
ERR434593	PAIRED	https://ftp.sra.ebi.ac.uk/vol1/fastq/ERR434/ERR434593/ERR434593_1.fastq.gz	https://ftp.sra.ebi.ac.uk/vol1/fastq/ERR434/ERR434593/ERR434593_2.fastq.gz	SAMEA2205259	4134964	u
ERR434594	PAIRED	https://ftp.sra.ebi.ac.uk/vol1/fastq/ERR434/ERR434594/ERR434594_1.fastq.gz	https://ftp.sra.ebi.ac.uk/vol1/fastq/ERR434/ERR434594/ERR434594_2.fastq.gz	SAMEA2205272	4402306	u
ERR434598	PAIRED	https://ftp.sra.ebi.ac.uk/vol1/fastq/ERR434/ERR434598/ERR434598_1.fastq.gz	https://ftp.sra.ebi.ac.uk/vol1/fastq/ERR434/ERR434598/ERR434598_2.fastq.gz	SAMEA2205282	4432138	u
ERR434603	PAIRED	https://ftp.sra.ebi.ac.uk/vol1/fastq/ERR434/ERR434603/ERR434603_1.fastq.gz	https://ftp.sra.ebi.ac.uk/vol1/fastq/ERR434/ERR434603/ERR434603_2.fastq.gz	SAMEA2205330	4113072	u
ERR434607	PAIRED	https://ftp.sra.ebi.ac.uk/vol1/fastq/ERR434/ERR434607/ERR434607_1.fastq.gz	https://ftp.sra.ebi.ac.uk/vol1/fastq/ERR434/ERR434607/ERR434607_2.fastq.gz	SAMEA2205371	4314258	u
ERR434611	PAIRED	https://ftp.sra.ebi.ac.uk/vol1/fastq/ERR434/ERR434611/ERR434611_1.fastq.gz	https://ftp.sra.ebi.ac.uk/vol1/fastq/ERR434/ERR434611/ERR434611_2.fastq.gz	SAMEA2205388	4596930	u
ERR434612	PAIRED	https://ftp.sra.ebi.ac.uk/vol1/fastq/ERR434/ERR434612/ERR434612_1.fastq.gz	https://ftp.sra.ebi.ac.uk/vol1/fastq/ERR434/ERR434612/ERR434612_2.fastq.gz	SAMEA2205434	4538634	u
ERR434613	PAIRED	https://ftp.sra.ebi.ac.uk/vol1/fastq/ERR434/ERR434613/ERR434613_1.fastq.gz	https://ftp.sra.ebi.ac.uk/vol1/fastq/ERR434/ERR434613/ERR434613_2.fastq.gz	SAMEA2205437	4466106	u
ERR434619	PAIRED	https://ftp.sra.ebi.ac.uk/vol1/fastq/ERR434/ERR434619/ERR434619_1.fastq.gz	https://ftp.sra.ebi.ac.uk/vol1/fastq/ERR434/ERR434619/ERR434619_2.fastq.gz	SAMEA2205496	4968536	u
ERR434626	PAIRED	https://ftp.sra.ebi.ac.uk/vol1/fastq/ERR434/ERR434626/ERR434626_1.fastq.gz	https://ftp.sra.ebi.ac.uk/vol1/fastq/ERR434/ERR434626/ERR434626_2.fastq.gz	SAMEA2205565	3673204	u
ERR434637	PAIRED	https://ftp.sra.ebi.ac.uk/vol1/fastq/ERR434/ERR434637/ERR434637_1.fastq.gz	https://ftp.sra.ebi.ac.uk/vol1/fastq/ERR434/ERR434637/ERR434637_2.fastq.gz	SAMEA2205702	4165400	u
ERR434646	PAIRED	https://ftp.sra.ebi.ac.uk/vol1/fastq/ERR434/ERR434646/ERR434646_1.fastq.gz	https://ftp.sra.ebi.ac.uk/vol1/fastq/ERR434/ERR434646/ERR434646_2.fastq.gz	SAMEA2204254	3729064	u
ERR434650	PAIRED	https://ftp.sra.ebi.ac.uk/vol1/fastq/ERR434/ERR434650/ERR434650_1.fastq.gz	https://ftp.sra.ebi.ac.uk/vol1/fastq/ERR434/ERR434650/ERR434650_2.fastq.gz	SAMEA2204321	4072786	u
ERR434662	PAIRED	https://ftp.sra.ebi.ac.uk/vol1/fastq/ERR434/ERR434662/ERR434662_1.fastq.gz	https://ftp.sra.ebi.ac.uk/vol1/fastq/ERR434/ERR434662/ERR434662_2.fastq.gz	SAMEA2204516	3597024	u
ERR434675	PAIRED	https://ftp.sra.ebi.ac.uk/vol1/fastq/ERR434/ERR434675/ERR434675_1.fastq.gz	https://ftp.sra.ebi.ac.uk/vol1/fastq/ERR434/ERR434675/ERR434675_2.fastq.gz	SAMEA2204726	3546300	u
ERR434685	PAIRED	https://ftp.sra.ebi.ac.uk/vol1/fastq/ERR434/ERR434685/ERR434685_1.fastq.gz	https://ftp.sra.ebi.ac.uk/vol1/fastq/ERR434/ERR434685/ERR434685_2.fastq.gz	SAMEA2204896	3503996	u
ERR434702	PAIRED	https://ftp.sra.ebi.ac.uk/vol1/fastq/ERR434/ERR434702/ERR434702_1.fastq.gz	https://ftp.sra.ebi.ac.uk/vol1/fastq/ERR434/ERR434702/ERR434702_2.fastq.gz	SAMEA2205127	3730928	u
ERR434703	PAIRED	https://ftp.sra.ebi.ac.uk/vol1/fastq/ERR434/ERR434703/ERR434703_1.fastq.gz	https://ftp.sra.ebi.ac.uk/vol1/fastq/ERR434/ERR434703/ERR434703_2.fastq.gz	SAMEA2205136	4197830	u
ERR434704	PAIRED	https://ftp.sra.ebi.ac.uk/vol1/fastq/ERR434/ERR434704/ERR434704_1.fastq.gz	https://ftp.sra.ebi.ac.uk/vol1/fastq/ERR434/ERR434704/ERR434704_2.fastq.gz	SAMEA2205167	4166282	u
ERR434709	PAIRED	https://ftp.sra.ebi.ac.uk/vol1/fastq/ERR434/ERR434709/ERR434709_1.fastq.gz	https://ftp.sra.ebi.ac.uk/vol1/fastq/ERR434/ERR434709/ERR434709_2.fastq.gz	SAMEA2205303	3819764	u
ERR434713	PAIRED	https://ftp.sra.ebi.ac.uk/vol1/fastq/ERR434/ERR434713/ERR434713_1.fastq.gz	https://ftp.sra.ebi.ac.uk/vol1/fastq/ERR434/ERR434713/ERR434713_2.fastq.gz	SAMEA2205363	3815364	u
ERR434715	PAIRED	https://ftp.sra.ebi.ac.uk/vol1/fastq/ERR434/ERR434715/ERR434715_1.fastq.gz	https://ftp.sra.ebi.ac.uk/vol1/fastq/ERR434/ERR434715/ERR434715_2.fastq.gz	SAMEA2205375	3563086	u
ERR434735	PAIRED	https://ftp.sra.ebi.ac.uk/vol1/fastq/ERR434/ERR434735/ERR434735_1.fastq.gz	https://ftp.sra.ebi.ac.uk/vol1/fastq/ERR434/ERR434735/ERR434735_2.fastq.gz	SAMEA2205616	3651154	u
ERR434741	PAIRED	https://ftp.sra.ebi.ac.uk/vol1/fastq/ERR434/ERR434741/ERR434741_1.fastq.gz	https://ftp.sra.ebi.ac.uk/vol1/fastq/ERR434/ERR434741/ERR434741_2.fastq.gz	SAMEA2204235	3489800	u
ERR434754	PAIRED	https://ftp.sra.ebi.ac.uk/vol1/fastq/ERR434/ERR434754/ERR434754_1.fastq.gz	https://ftp.sra.ebi.ac.uk/vol1/fastq/ERR434/ERR434754/ERR434754_2.fastq.gz	SAMEA2204301	3190570	u
ERR434765	PAIRED	https://ftp.sra.ebi.ac.uk/vol1/fastq/ERR434/ERR434765/ERR434765_1.fastq.gz	https://ftp.sra.ebi.ac.uk/vol1/fastq/ERR434/ERR434765/ERR434765_2.fastq.gz	SAMEA2204340	3188542	u
ERR434766	PAIRED	https://ftp.sra.ebi.ac.uk/vol1/fastq/ERR434/ERR434766/ERR434766_1.fastq.gz	https://ftp.sra.ebi.ac.uk/vol1/fastq/ERR434/ERR434766/ERR434766_2.fastq.gz	SAMEA2204344	3198944	u
ERR434771	PAIRED	https://ftp.sra.ebi.ac.uk/vol1/fastq/ERR434/ERR434771/ERR434771_1.fastq.gz	https://ftp.sra.ebi.ac.uk/vol1/fastq/ERR434/ERR434771/ERR434771_2.fastq.gz	SAMEA2204367	2969518	u
ERR434773	PAIRED	https://ftp.sra.ebi.ac.uk/vol1/fastq/ERR434/ERR434773/ERR434773_1.fastq.gz	https://ftp.sra.ebi.ac.uk/vol1/fastq/ERR434/ERR434773/ERR434773_2.fastq.gz	SAMEA2204374	3356270	u
ERR434791	PAIRED	https://ftp.sra.ebi.ac.uk/vol1/fastq/ERR434/ERR434791/ERR434791_1.fastq.gz	https://ftp.sra.ebi.ac.uk/vol1/fastq/ERR434/ERR434791/ERR434791_2.fastq.gz	SAMEA2204582	3250302	u
ERR434792	PAIRED	https://ftp.sra.ebi.ac.uk/vol1/fastq/ERR434/ERR434792/ERR434792_1.fastq.gz	https://ftp.sra.ebi.ac.uk/vol1/fastq/ERR434/ERR434792/ERR434792_2.fastq.gz	SAMEA2204585	3136426	u
ERR434799	PAIRED	https://ftp.sra.ebi.ac.uk/vol1/fastq/ERR434/ERR434799/ERR434799_1.fastq.gz	https://ftp.sra.ebi.ac.uk/vol1/fastq/ERR434/ERR434799/ERR434799_2.fastq.gz	SAMEA2204714	3230378	u
ERR434807	PAIRED	https://ftp.sra.ebi.ac.uk/vol1/fastq/ERR434/ERR434807/ERR434807_1.fastq.gz	https://ftp.sra.ebi.ac.uk/vol1/fastq/ERR434/ERR434807/ERR434807_2.fastq.gz	SAMEA2204917	3100230	u
ERR434820	PAIRED	https://ftp.sra.ebi.ac.uk/vol1/fastq/ERR434/ERR434820/ERR434820_1.fastq.gz	https://ftp.sra.ebi.ac.uk/vol1/fastq/ERR434/ERR434820/ERR434820_2.fastq.gz	SAMEA2204983	3709542	u
ERR434822	PAIRED	https://ftp.sra.ebi.ac.uk/vol1/fastq/ERR434/ERR434822/ERR434822_1.fastq.gz	https://ftp.sra.ebi.ac.uk/vol1/fastq/ERR434/ERR434822/ERR434822_2.fastq.gz	SAMEA2205028	3882872	u
ERR434825	PAIRED	https://ftp.sra.ebi.ac.uk/vol1/fastq/ERR434/ERR434825/ERR434825_1.fastq.gz	https://ftp.sra.ebi.ac.uk/vol1/fastq/ERR434/ERR434825/ERR434825_2.fastq.gz	SAMEA2205055	4094750	u
ERR434832	PAIRED	https://ftp.sra.ebi.ac.uk/vol1/fastq/ERR434/ERR434832/ERR434832_1.fastq.gz	https://ftp.sra.ebi.ac.uk/vol1/fastq/ERR434/ERR434832/ERR434832_2.fastq.gz	SAMEA2205461	5203532	u
ERR434833	PAIRED	https://ftp.sra.ebi.ac.uk/vol1/fastq/ERR434/ERR434833/ERR434833_1.fastq.gz	https://ftp.sra.ebi.ac.uk/vol1/fastq/ERR434/ERR434833/ERR434833_2.fastq.gz	SAMEA2205485	4695266	u
ERR434836	PAIRED	https://ftp.sra.ebi.ac.uk/vol1/fastq/ERR434/ERR434836/ERR434836_1.fastq.gz	https://ftp.sra.ebi.ac.uk/vol1/fastq/ERR434/ERR434836/ERR434836_2.fastq.gz	SAMEA2204239	3543954	u
ERR434838	PAIRED	https://ftp.sra.ebi.ac.uk/vol1/fastq/ERR434/ERR434838/ERR434838_1.fastq.gz	https://ftp.sra.ebi.ac.uk/vol1/fastq/ERR434/ERR434838/ERR434838_2.fastq.gz	SAMEA2204245	3455038	u
ERR434848	PAIRED	https://ftp.sra.ebi.ac.uk/vol1/fastq/ERR434/ERR434848/ERR434848_1.fastq.gz	https://ftp.sra.ebi.ac.uk/vol1/fastq/ERR434/ERR434848/ERR434848_2.fastq.gz	SAMEA2204296	3722288	u
ERR434851	PAIRED	https://ftp.sra.ebi.ac.uk/vol1/fastq/ERR434/ERR434851/ERR434851_1.fastq.gz	https://ftp.sra.ebi.ac.uk/vol1/fastq/ERR434/ERR434851/ERR434851_2.fastq.gz	SAMEA2204309	3597006	u
ERR434852	PAIRED	https://ftp.sra.ebi.ac.uk/vol1/fastq/ERR434/ERR434852/ERR434852_1.fastq.gz	https://ftp.sra.ebi.ac.uk/vol1/fastq/ERR434/ERR434852/ERR434852_2.fastq.gz	SAMEA2204314	3307956	u
ERR434856	PAIRED	https://ftp.sra.ebi.ac.uk/vol1/fastq/ERR434/ERR434856/ERR434856_1.fastq.gz	https://ftp.sra.ebi.ac.uk/vol1/fastq/ERR434/ERR434856/ERR434856_2.fastq.gz	SAMEA2204346	3622370	u
ERR434859	PAIRED	https://ftp.sra.ebi.ac.uk/vol1/fastq/ERR434/ERR434859/ERR434859_1.fastq.gz	https://ftp.sra.ebi.ac.uk/vol1/fastq/ERR434/ERR434859/ERR434859_2.fastq.gz	SAMEA2204375	3666792	u
ERR434865	PAIRED	https://ftp.sra.ebi.ac.uk/vol1/fastq/ERR434/ERR434865/ERR434865_1.fastq.gz	https://ftp.sra.ebi.ac.uk/vol1/fastq/ERR434/ERR434865/ERR434865_2.fastq.gz	SAMEA2204403	3886034	u
ERR434867	PAIRED	https://ftp.sra.ebi.ac.uk/vol1/fastq/ERR434/ERR434867/ERR434867_1.fastq.gz	https://ftp.sra.ebi.ac.uk/vol1/fastq/ERR434/ERR434867/ERR434867_2.fastq.gz	SAMEA2204410	3268842	u
ERR434869	PAIRED	https://ftp.sra.ebi.ac.uk/vol1/fastq/ERR434/ERR434869/ERR434869_1.fastq.gz	https://ftp.sra.ebi.ac.uk/vol1/fastq/ERR434/ERR434869/ERR434869_2.fastq.gz	SAMEA2204513	3807794	u
ERR434885	PAIRED	https://ftp.sra.ebi.ac.uk/vol1/fastq/ERR434/ERR434885/ERR434885_1.fastq.gz	https://ftp.sra.ebi.ac.uk/vol1/fastq/ERR434/ERR434885/ERR434885_2.fastq.gz	SAMEA2204583	4865556	u
ERR434897	PAIRED	https://ftp.sra.ebi.ac.uk/vol1/fastq/ERR434/ERR434897/ERR434897_1.fastq.gz	https://ftp.sra.ebi.ac.uk/vol1/fastq/ERR434/ERR434897/ERR434897_2.fastq.gz	SAMEA2204779	5681316	u
ERR434901	PAIRED	https://ftp.sra.ebi.ac.uk/vol1/fastq/ERR434/ERR434901/ERR434901_1.fastq.gz	https://ftp.sra.ebi.ac.uk/vol1/fastq/ERR434/ERR434901/ERR434901_2.fastq.gz	SAMEA2204940	4487002	u
ERR434906	PAIRED	https://ftp.sra.ebi.ac.uk/vol1/fastq/ERR434/ERR434906/ERR434906_1.fastq.gz	https://ftp.sra.ebi.ac.uk/vol1/fastq/ERR434/ERR434906/ERR434906_2.fastq.gz	SAMEA2204968	4929000	u
ERR434909	PAIRED	https://ftp.sra.ebi.ac.uk/vol1/fastq/ERR434/ERR434909/ERR434909_1.fastq.gz	https://ftp.sra.ebi.ac.uk/vol1/fastq/ERR434/ERR434909/ERR434909_2.fastq.gz	SAMEA2204991	3771304	u
ERR434936	PAIRED	https://ftp.sra.ebi.ac.uk/vol1/fastq/ERR434/ERR434936/ERR434936_1.fastq.gz	https://ftp.sra.ebi.ac.uk/vol1/fastq/ERR434/ERR434936/ERR434936_2.fastq.gz	SAMEA2204286	3487824	u
ERR434946	PAIRED	https://ftp.sra.ebi.ac.uk/vol1/fastq/ERR434/ERR434946/ERR434946_1.fastq.gz	https://ftp.sra.ebi.ac.uk/vol1/fastq/ERR434/ERR434946/ERR434946_2.fastq.gz	SAMEA2204354	3500596	u
ERR434952	PAIRED	https://ftp.sra.ebi.ac.uk/vol1/fastq/ERR434/ERR434952/ERR434952_1.fastq.gz	https://ftp.sra.ebi.ac.uk/vol1/fastq/ERR434/ERR434952/ERR434952_2.fastq.gz	SAMEA2204398	3384208	u
ERR434972	PAIRED	https://ftp.sra.ebi.ac.uk/vol1/fastq/ERR434/ERR434972/ERR434972_1.fastq.gz	https://ftp.sra.ebi.ac.uk/vol1/fastq/ERR434/ERR434972/ERR434972_2.fastq.gz	SAMEA2204700	3456758	u
ERR434981	PAIRED	https://ftp.sra.ebi.ac.uk/vol1/fastq/ERR434/ERR434981/ERR434981_1.fastq.gz	https://ftp.sra.ebi.ac.uk/vol1/fastq/ERR434/ERR434981/ERR434981_2.fastq.gz	SAMEA2204780	3525940	u
ERR434985	PAIRED	https://ftp.sra.ebi.ac.uk/vol1/fastq/ERR434/ERR434985/ERR434985_1.fastq.gz	https://ftp.sra.ebi.ac.uk/vol1/fastq/ERR434/ERR434985/ERR434985_2.fastq.gz	SAMEA2204912	3603598	u
ERR434990	PAIRED	https://ftp.sra.ebi.ac.uk/vol1/fastq/ERR434/ERR434990/ERR434990_1.fastq.gz	https://ftp.sra.ebi.ac.uk/vol1/fastq/ERR434/ERR434990/ERR434990_2.fastq.gz	SAMEA2204958	3448846	u
ERR434992	PAIRED	https://ftp.sra.ebi.ac.uk/vol1/fastq/ERR434/ERR434992/ERR434992_1.fastq.gz	https://ftp.sra.ebi.ac.uk/vol1/fastq/ERR434/ERR434992/ERR434992_2.fastq.gz	SAMEA2204974	3595944	u
ERR434997	PAIRED	https://ftp.sra.ebi.ac.uk/vol1/fastq/ERR434/ERR434997/ERR434997_1.fastq.gz	https://ftp.sra.ebi.ac.uk/vol1/fastq/ERR434/ERR434997/ERR434997_2.fastq.gz	SAMEA2205151	4089656	u
ERR435008	PAIRED	https://ftp.sra.ebi.ac.uk/vol1/fastq/ERR435/ERR435008/ERR435008_1.fastq.gz	https://ftp.sra.ebi.ac.uk/vol1/fastq/ERR435/ERR435008/ERR435008_2.fastq.gz	SAMEA2205481	3735382	u
ERR435012	PAIRED	https://ftp.sra.ebi.ac.uk/vol1/fastq/ERR435/ERR435012/ERR435012_1.fastq.gz	https://ftp.sra.ebi.ac.uk/vol1/fastq/ERR435/ERR435012/ERR435012_2.fastq.gz	SAMEA2205513	4007622	u
ERR435041	PAIRED	https://ftp.sra.ebi.ac.uk/vol1/fastq/ERR435/ERR435041/ERR435041_1.fastq.gz	https://ftp.sra.ebi.ac.uk/vol1/fastq/ERR435/ERR435041/ERR435041_2.fastq.gz	SAMEA2204384	4505570	u
ERR435042	PAIRED	https://ftp.sra.ebi.ac.uk/vol1/fastq/ERR435/ERR435042/ERR435042_1.fastq.gz	https://ftp.sra.ebi.ac.uk/vol1/fastq/ERR435/ERR435042/ERR435042_2.fastq.gz	SAMEA2204386	4174782	u
ERR435053	PAIRED	https://ftp.sra.ebi.ac.uk/vol1/fastq/ERR435/ERR435053/ERR435053_1.fastq.gz	https://ftp.sra.ebi.ac.uk/vol1/fastq/ERR435/ERR435053/ERR435053_2.fastq.gz	SAMEA2204541	4284046	u
ERR435060	PAIRED	https://ftp.sra.ebi.ac.uk/vol1/fastq/ERR435/ERR435060/ERR435060_1.fastq.gz	https://ftp.sra.ebi.ac.uk/vol1/fastq/ERR435/ERR435060/ERR435060_2.fastq.gz	SAMEA2204698	4408658	u
ERR435064	PAIRED	https://ftp.sra.ebi.ac.uk/vol1/fastq/ERR435/ERR435064/ERR435064_1.fastq.gz	https://ftp.sra.ebi.ac.uk/vol1/fastq/ERR435/ERR435064/ERR435064_2.fastq.gz	SAMEA2204894	4667876	u
ERR435067	PAIRED	https://ftp.sra.ebi.ac.uk/vol1/fastq/ERR435/ERR435067/ERR435067_1.fastq.gz	https://ftp.sra.ebi.ac.uk/vol1/fastq/ERR435/ERR435067/ERR435067_2.fastq.gz	SAMEA2204930	4220864	u
ERR435079	PAIRED	https://ftp.sra.ebi.ac.uk/vol1/fastq/ERR435/ERR435079/ERR435079_1.fastq.gz	https://ftp.sra.ebi.ac.uk/vol1/fastq/ERR435/ERR435079/ERR435079_2.fastq.gz	SAMEA2204987	4357930	u
ERR435084	PAIRED	https://ftp.sra.ebi.ac.uk/vol1/fastq/ERR435/ERR435084/ERR435084_1.fastq.gz	https://ftp.sra.ebi.ac.uk/vol1/fastq/ERR435/ERR435084/ERR435084_2.fastq.gz	SAMEA2205004	4207530	u
ERR435089	PAIRED	https://ftp.sra.ebi.ac.uk/vol1/fastq/ERR435/ERR435089/ERR435089_1.fastq.gz	https://ftp.sra.ebi.ac.uk/vol1/fastq/ERR435/ERR435089/ERR435089_2.fastq.gz	SAMEA2205021	3966024	u
ERR435097	PAIRED	https://ftp.sra.ebi.ac.uk/vol1/fastq/ERR435/ERR435097/ERR435097_1.fastq.gz	https://ftp.sra.ebi.ac.uk/vol1/fastq/ERR435/ERR435097/ERR435097_2.fastq.gz	SAMEA2205415	3917344	u
ERR435102	PAIRED	https://ftp.sra.ebi.ac.uk/vol1/fastq/ERR435/ERR435102/ERR435102_1.fastq.gz	https://ftp.sra.ebi.ac.uk/vol1/fastq/ERR435/ERR435102/ERR435102_2.fastq.gz	SAMEA2204428	4109888	u
ERR435113	PAIRED	https://ftp.sra.ebi.ac.uk/vol1/fastq/ERR435/ERR435113/ERR435113_1.fastq.gz	https://ftp.sra.ebi.ac.uk/vol1/fastq/ERR435/ERR435113/ERR435113_2.fastq.gz	SAMEA2204608	3834130	u
ERR435121	PAIRED	https://ftp.sra.ebi.ac.uk/vol1/fastq/ERR435/ERR435121/ERR435121_1.fastq.gz	https://ftp.sra.ebi.ac.uk/vol1/fastq/ERR435/ERR435121/ERR435121_2.fastq.gz	SAMEA2204752	4071846	u
ERR435123	PAIRED	https://ftp.sra.ebi.ac.uk/vol1/fastq/ERR435/ERR435123/ERR435123_1.fastq.gz	https://ftp.sra.ebi.ac.uk/vol1/fastq/ERR435/ERR435123/ERR435123_2.fastq.gz	SAMEA2204775	4076444	u
ERR435132	PAIRED	https://ftp.sra.ebi.ac.uk/vol1/fastq/ERR435/ERR435132/ERR435132_1.fastq.gz	https://ftp.sra.ebi.ac.uk/vol1/fastq/ERR435/ERR435132/ERR435132_2.fastq.gz	SAMEA2205081	3661140	u
ERR435133	PAIRED	https://ftp.sra.ebi.ac.uk/vol1/fastq/ERR435/ERR435133/ERR435133_1.fastq.gz	https://ftp.sra.ebi.ac.uk/vol1/fastq/ERR435/ERR435133/ERR435133_2.fastq.gz	SAMEA2205084	3144782	u
ERR435139	PAIRED	https://ftp.sra.ebi.ac.uk/vol1/fastq/ERR435/ERR435139/ERR435139_1.fastq.gz	https://ftp.sra.ebi.ac.uk/vol1/fastq/ERR435/ERR435139/ERR435139_2.fastq.gz	SAMEA2205137	3823944	u
ERR435144	PAIRED	https://ftp.sra.ebi.ac.uk/vol1/fastq/ERR435/ERR435144/ERR435144_1.fastq.gz	https://ftp.sra.ebi.ac.uk/vol1/fastq/ERR435/ERR435144/ERR435144_2.fastq.gz	SAMEA2205165	3436556	u
ERR435172	PAIRED	https://ftp.sra.ebi.ac.uk/vol1/fastq/ERR435/ERR435172/ERR435172_1.fastq.gz	https://ftp.sra.ebi.ac.uk/vol1/fastq/ERR435/ERR435172/ERR435172_2.fastq.gz	SAMEA2205474	3571766	u
ERR435173	PAIRED	https://ftp.sra.ebi.ac.uk/vol1/fastq/ERR435/ERR435173/ERR435173_1.fastq.gz	https://ftp.sra.ebi.ac.uk/vol1/fastq/ERR435/ERR435173/ERR435173_2.fastq.gz	SAMEA2205497	3682668	u
ERR435190	PAIRED	https://ftp.sra.ebi.ac.uk/vol1/fastq/ERR435/ERR435190/ERR435190_1.fastq.gz	https://ftp.sra.ebi.ac.uk/vol1/fastq/ERR435/ERR435190/ERR435190_2.fastq.gz	SAMEA2205693	3160776	u
ERR435191	PAIRED	https://ftp.sra.ebi.ac.uk/vol1/fastq/ERR435/ERR435191/ERR435191_1.fastq.gz	https://ftp.sra.ebi.ac.uk/vol1/fastq/ERR435/ERR435191/ERR435191_2.fastq.gz	SAMEA2205695	3317948	u
ERR435202	PAIRED	https://ftp.sra.ebi.ac.uk/vol1/fastq/ERR435/ERR435202/ERR435202_1.fastq.gz	https://ftp.sra.ebi.ac.uk/vol1/fastq/ERR435/ERR435202/ERR435202_2.fastq.gz	SAMEA2204600	3882874	u
ERR435203	PAIRED	https://ftp.sra.ebi.ac.uk/vol1/fastq/ERR435/ERR435203/ERR435203_1.fastq.gz	https://ftp.sra.ebi.ac.uk/vol1/fastq/ERR435/ERR435203/ERR435203_2.fastq.gz	SAMEA2204605	3584846	u
ERR435218	PAIRED	https://ftp.sra.ebi.ac.uk/vol1/fastq/ERR435/ERR435218/ERR435218_1.fastq.gz	https://ftp.sra.ebi.ac.uk/vol1/fastq/ERR435/ERR435218/ERR435218_2.fastq.gz	SAMEA2204813	5005546	u
ERR435225	PAIRED	https://ftp.sra.ebi.ac.uk/vol1/fastq/ERR435/ERR435225/ERR435225_1.fastq.gz	https://ftp.sra.ebi.ac.uk/vol1/fastq/ERR435/ERR435225/ERR435225_2.fastq.gz	SAMEA2204953	3956892	u
ERR435230	PAIRED	https://ftp.sra.ebi.ac.uk/vol1/fastq/ERR435/ERR435230/ERR435230_1.fastq.gz	https://ftp.sra.ebi.ac.uk/vol1/fastq/ERR435/ERR435230/ERR435230_2.fastq.gz	SAMEA2205102	3927044	u
ERR435236	PAIRED	https://ftp.sra.ebi.ac.uk/vol1/fastq/ERR435/ERR435236/ERR435236_1.fastq.gz	https://ftp.sra.ebi.ac.uk/vol1/fastq/ERR435/ERR435236/ERR435236_2.fastq.gz	SAMEA2205194	3523308	u
ERR435238	PAIRED	https://ftp.sra.ebi.ac.uk/vol1/fastq/ERR435/ERR435238/ERR435238_1.fastq.gz	https://ftp.sra.ebi.ac.uk/vol1/fastq/ERR435/ERR435238/ERR435238_2.fastq.gz	SAMEA2205204	3916788	u
ERR435240	PAIRED	https://ftp.sra.ebi.ac.uk/vol1/fastq/ERR435/ERR435240/ERR435240_1.fastq.gz	https://ftp.sra.ebi.ac.uk/vol1/fastq/ERR435/ERR435240/ERR435240_2.fastq.gz	SAMEA2205240	3817152	u
ERR435252	PAIRED	https://ftp.sra.ebi.ac.uk/vol1/fastq/ERR435/ERR435252/ERR435252_1.fastq.gz	https://ftp.sra.ebi.ac.uk/vol1/fastq/ERR435/ERR435252/ERR435252_2.fastq.gz	SAMEA2205342	3771512	u
ERR435262	PAIRED	https://ftp.sra.ebi.ac.uk/vol1/fastq/ERR435/ERR435262/ERR435262_1.fastq.gz	https://ftp.sra.ebi.ac.uk/vol1/fastq/ERR435/ERR435262/ERR435262_2.fastq.gz	SAMEA2205459	3814322	u
ERR435263	PAIRED	https://ftp.sra.ebi.ac.uk/vol1/fastq/ERR435/ERR435263/ERR435263_1.fastq.gz	https://ftp.sra.ebi.ac.uk/vol1/fastq/ERR435/ERR435263/ERR435263_2.fastq.gz	SAMEA2205475	3647874	u
ERR435267	PAIRED	https://ftp.sra.ebi.ac.uk/vol1/fastq/ERR435/ERR435267/ERR435267_1.fastq.gz	https://ftp.sra.ebi.ac.uk/vol1/fastq/ERR435/ERR435267/ERR435267_2.fastq.gz	SAMEA2205504	3973230	u
ERR435269	PAIRED	https://ftp.sra.ebi.ac.uk/vol1/fastq/ERR435/ERR435269/ERR435269_1.fastq.gz	https://ftp.sra.ebi.ac.uk/vol1/fastq/ERR435/ERR435269/ERR435269_2.fastq.gz	SAMEA2205529	3358376	u
ERR435274	PAIRED	https://ftp.sra.ebi.ac.uk/vol1/fastq/ERR435/ERR435274/ERR435274_1.fastq.gz	https://ftp.sra.ebi.ac.uk/vol1/fastq/ERR435/ERR435274/ERR435274_2.fastq.gz	SAMEA2205614	4082080	u
ERR435279	PAIRED	https://ftp.sra.ebi.ac.uk/vol1/fastq/ERR435/ERR435279/ERR435279_1.fastq.gz	https://ftp.sra.ebi.ac.uk/vol1/fastq/ERR435/ERR435279/ERR435279_2.fastq.gz	SAMEA2205681	3412128	u
ERR435294	PAIRED	https://ftp.sra.ebi.ac.uk/vol1/fastq/ERR435/ERR435294/ERR435294_1.fastq.gz	https://ftp.sra.ebi.ac.uk/vol1/fastq/ERR435/ERR435294/ERR435294_2.fastq.gz	SAMEA2204433	3960180	u
ERR435296	PAIRED	https://ftp.sra.ebi.ac.uk/vol1/fastq/ERR435/ERR435296/ERR435296_1.fastq.gz	https://ftp.sra.ebi.ac.uk/vol1/fastq/ERR435/ERR435296/ERR435296_2.fastq.gz	SAMEA2204444	3935744	u
ERR435298	PAIRED	https://ftp.sra.ebi.ac.uk/vol1/fastq/ERR435/ERR435298/ERR435298_1.fastq.gz	https://ftp.sra.ebi.ac.uk/vol1/fastq/ERR435/ERR435298/ERR435298_2.fastq.gz	SAMEA2204492	4240874	u
ERR435310	PAIRED	https://ftp.sra.ebi.ac.uk/vol1/fastq/ERR435/ERR435310/ERR435310_1.fastq.gz	https://ftp.sra.ebi.ac.uk/vol1/fastq/ERR435/ERR435310/ERR435310_2.fastq.gz	SAMEA2204652	4025894	u
ERR435312	PAIRED	https://ftp.sra.ebi.ac.uk/vol1/fastq/ERR435/ERR435312/ERR435312_1.fastq.gz	https://ftp.sra.ebi.ac.uk/vol1/fastq/ERR435/ERR435312/ERR435312_2.fastq.gz	SAMEA2204672	4036200	u
ERR435316	PAIRED	https://ftp.sra.ebi.ac.uk/vol1/fastq/ERR435/ERR435316/ERR435316_1.fastq.gz	https://ftp.sra.ebi.ac.uk/vol1/fastq/ERR435/ERR435316/ERR435316_2.fastq.gz	SAMEA2204792	4270146	u
ERR435318	PAIRED	https://ftp.sra.ebi.ac.uk/vol1/fastq/ERR435/ERR435318/ERR435318_1.fastq.gz	https://ftp.sra.ebi.ac.uk/vol1/fastq/ERR435/ERR435318/ERR435318_2.fastq.gz	SAMEA2204824	3834744	u
ERR435319	PAIRED	https://ftp.sra.ebi.ac.uk/vol1/fastq/ERR435/ERR435319/ERR435319_1.fastq.gz	https://ftp.sra.ebi.ac.uk/vol1/fastq/ERR435/ERR435319/ERR435319_2.fastq.gz	SAMEA2204832	3827392	u
ERR435325	PAIRED	https://ftp.sra.ebi.ac.uk/vol1/fastq/ERR435/ERR435325/ERR435325_1.fastq.gz	https://ftp.sra.ebi.ac.uk/vol1/fastq/ERR435/ERR435325/ERR435325_2.fastq.gz	SAMEA2204863	3462080	u
ERR435330	PAIRED	https://ftp.sra.ebi.ac.uk/vol1/fastq/ERR435/ERR435330/ERR435330_1.fastq.gz	https://ftp.sra.ebi.ac.uk/vol1/fastq/ERR435/ERR435330/ERR435330_2.fastq.gz	SAMEA2205063	3836878	u
ERR435332	PAIRED	https://ftp.sra.ebi.ac.uk/vol1/fastq/ERR435/ERR435332/ERR435332_1.fastq.gz	https://ftp.sra.ebi.ac.uk/vol1/fastq/ERR435/ERR435332/ERR435332_2.fastq.gz	SAMEA2205082	3631028	u
ERR435339	PAIRED	https://ftp.sra.ebi.ac.uk/vol1/fastq/ERR435/ERR435339/ERR435339_1.fastq.gz	https://ftp.sra.ebi.ac.uk/vol1/fastq/ERR435/ERR435339/ERR435339_2.fastq.gz	SAMEA2205132	3733962	u
ERR435342	PAIRED	https://ftp.sra.ebi.ac.uk/vol1/fastq/ERR435/ERR435342/ERR435342_1.fastq.gz	https://ftp.sra.ebi.ac.uk/vol1/fastq/ERR435/ERR435342/ERR435342_2.fastq.gz	SAMEA2205221	3470978	u
ERR435348	PAIRED	https://ftp.sra.ebi.ac.uk/vol1/fastq/ERR435/ERR435348/ERR435348_1.fastq.gz	https://ftp.sra.ebi.ac.uk/vol1/fastq/ERR435/ERR435348/ERR435348_2.fastq.gz	SAMEA2205265	3819746	u
ERR435358	PAIRED	https://ftp.sra.ebi.ac.uk/vol1/fastq/ERR435/ERR435358/ERR435358_1.fastq.gz	https://ftp.sra.ebi.ac.uk/vol1/fastq/ERR435/ERR435358/ERR435358_2.fastq.gz	SAMEA2205357	3753020	u
ERR435361	PAIRED	https://ftp.sra.ebi.ac.uk/vol1/fastq/ERR435/ERR435361/ERR435361_1.fastq.gz	https://ftp.sra.ebi.ac.uk/vol1/fastq/ERR435/ERR435361/ERR435361_2.fastq.gz	SAMEA2205408	4283840	u
ERR435370	PAIRED	https://ftp.sra.ebi.ac.uk/vol1/fastq/ERR435/ERR435370/ERR435370_1.fastq.gz	https://ftp.sra.ebi.ac.uk/vol1/fastq/ERR435/ERR435370/ERR435370_2.fastq.gz	SAMEA2205582	3519992	u
ERR435372	PAIRED	https://ftp.sra.ebi.ac.uk/vol1/fastq/ERR435/ERR435372/ERR435372_1.fastq.gz	https://ftp.sra.ebi.ac.uk/vol1/fastq/ERR435/ERR435372/ERR435372_2.fastq.gz	SAMEA2205601	3493700	u
ERR435400	PAIRED	https://ftp.sra.ebi.ac.uk/vol1/fastq/ERR435/ERR435400/ERR435400_1.fastq.gz	https://ftp.sra.ebi.ac.uk/vol1/fastq/ERR435/ERR435400/ERR435400_2.fastq.gz	SAMEA2204634	4349372	u
ERR435413	PAIRED	https://ftp.sra.ebi.ac.uk/vol1/fastq/ERR435/ERR435413/ERR435413_1.fastq.gz	https://ftp.sra.ebi.ac.uk/vol1/fastq/ERR435/ERR435413/ERR435413_2.fastq.gz	SAMEA2204840	3838924	u
ERR435416	PAIRED	https://ftp.sra.ebi.ac.uk/vol1/fastq/ERR435/ERR435416/ERR435416_1.fastq.gz	https://ftp.sra.ebi.ac.uk/vol1/fastq/ERR435/ERR435416/ERR435416_2.fastq.gz	SAMEA2205083	3995806	u
ERR435430	PAIRED	https://ftp.sra.ebi.ac.uk/vol1/fastq/ERR435/ERR435430/ERR435430_1.fastq.gz	https://ftp.sra.ebi.ac.uk/vol1/fastq/ERR435/ERR435430/ERR435430_2.fastq.gz	SAMEA2205235	3655556	u
ERR435438	PAIRED	https://ftp.sra.ebi.ac.uk/vol1/fastq/ERR435/ERR435438/ERR435438_1.fastq.gz	https://ftp.sra.ebi.ac.uk/vol1/fastq/ERR435/ERR435438/ERR435438_2.fastq.gz	SAMEA2205308	3550750	u
ERR435445	PAIRED	https://ftp.sra.ebi.ac.uk/vol1/fastq/ERR435/ERR435445/ERR435445_1.fastq.gz	https://ftp.sra.ebi.ac.uk/vol1/fastq/ERR435/ERR435445/ERR435445_2.fastq.gz	SAMEA2205373	3585120	u
ERR435454	PAIRED	https://ftp.sra.ebi.ac.uk/vol1/fastq/ERR435/ERR435454/ERR435454_1.fastq.gz	https://ftp.sra.ebi.ac.uk/vol1/fastq/ERR435/ERR435454/ERR435454_2.fastq.gz	SAMEA2205448	3735864	u
ERR435458	PAIRED	https://ftp.sra.ebi.ac.uk/vol1/fastq/ERR435/ERR435458/ERR435458_1.fastq.gz	https://ftp.sra.ebi.ac.uk/vol1/fastq/ERR435/ERR435458/ERR435458_2.fastq.gz	SAMEA2205490	3522556	u
ERR435467	PAIRED	https://ftp.sra.ebi.ac.uk/vol1/fastq/ERR435/ERR435467/ERR435467_1.fastq.gz	https://ftp.sra.ebi.ac.uk/vol1/fastq/ERR435/ERR435467/ERR435467_2.fastq.gz	SAMEA2205596	3458402	u
ERR435468	PAIRED	https://ftp.sra.ebi.ac.uk/vol1/fastq/ERR435/ERR435468/ERR435468_1.fastq.gz	https://ftp.sra.ebi.ac.uk/vol1/fastq/ERR435/ERR435468/ERR435468_2.fastq.gz	SAMEA2205609	3838432	u
ERR435483	PAIRED	https://ftp.sra.ebi.ac.uk/vol1/fastq/ERR435/ERR435483/ERR435483_1.fastq.gz	https://ftp.sra.ebi.ac.uk/vol1/fastq/ERR435/ERR435483/ERR435483_2.fastq.gz	SAMEA2205754	3979540	u
ERR435498	PAIRED	https://ftp.sra.ebi.ac.uk/vol1/fastq/ERR435/ERR435498/ERR435498_1.fastq.gz	https://ftp.sra.ebi.ac.uk/vol1/fastq/ERR435/ERR435498/ERR435498_2.fastq.gz	SAMEA2204720	3914386	u
ERR435509	PAIRED	https://ftp.sra.ebi.ac.uk/vol1/fastq/ERR435/ERR435509/ERR435509_1.fastq.gz	https://ftp.sra.ebi.ac.uk/vol1/fastq/ERR435/ERR435509/ERR435509_2.fastq.gz	SAMEA2204821	3897338	u
ERR435518	PAIRED	https://ftp.sra.ebi.ac.uk/vol1/fastq/ERR435/ERR435518/ERR435518_1.fastq.gz	https://ftp.sra.ebi.ac.uk/vol1/fastq/ERR435/ERR435518/ERR435518_2.fastq.gz	SAMEA2204880	3956316	u
ERR435529	PAIRED	https://ftp.sra.ebi.ac.uk/vol1/fastq/ERR435/ERR435529/ERR435529_1.fastq.gz	https://ftp.sra.ebi.ac.uk/vol1/fastq/ERR435/ERR435529/ERR435529_2.fastq.gz	SAMEA2205070	4070302	u
ERR435535	PAIRED	https://ftp.sra.ebi.ac.uk/vol1/fastq/ERR435/ERR435535/ERR435535_1.fastq.gz	https://ftp.sra.ebi.ac.uk/vol1/fastq/ERR435/ERR435535/ERR435535_2.fastq.gz	SAMEA2205148	4342064	u
ERR435549	PAIRED	https://ftp.sra.ebi.ac.uk/vol1/fastq/ERR435/ERR435549/ERR435549_1.fastq.gz	https://ftp.sra.ebi.ac.uk/vol1/fastq/ERR435/ERR435549/ERR435549_2.fastq.gz	SAMEA2205263	4450990	u
ERR435563	PAIRED	https://ftp.sra.ebi.ac.uk/vol1/fastq/ERR435/ERR435563/ERR435563_1.fastq.gz	https://ftp.sra.ebi.ac.uk/vol1/fastq/ERR435/ERR435563/ERR435563_2.fastq.gz	SAMEA2205642	3775694	u
ERR435564	PAIRED	https://ftp.sra.ebi.ac.uk/vol1/fastq/ERR435/ERR435564/ERR435564_1.fastq.gz	https://ftp.sra.ebi.ac.uk/vol1/fastq/ERR435/ERR435564/ERR435564_2.fastq.gz	SAMEA2205648	3963810	u
ERR435568	PAIRED	https://ftp.sra.ebi.ac.uk/vol1/fastq/ERR435/ERR435568/ERR435568_1.fastq.gz	https://ftp.sra.ebi.ac.uk/vol1/fastq/ERR435/ERR435568/ERR435568_2.fastq.gz	SAMEA2205658	3828314	u
ERR435572	PAIRED	https://ftp.sra.ebi.ac.uk/vol1/fastq/ERR435/ERR435572/ERR435572_1.fastq.gz	https://ftp.sra.ebi.ac.uk/vol1/fastq/ERR435/ERR435572/ERR435572_2.fastq.gz	SAMEA2205720	3598094	u
ERR439558	PAIRED	https://ftp.sra.ebi.ac.uk/vol1/fastq/ERR439/ERR439558/ERR439558_1.fastq.gz	https://ftp.sra.ebi.ac.uk/vol1/fastq/ERR439/ERR439558/ERR439558_2.fastq.gz	SAMEA2204845	3900302	u
ERR439564	PAIRED	https://ftp.sra.ebi.ac.uk/vol1/fastq/ERR439/ERR439564/ERR439564_1.fastq.gz	https://ftp.sra.ebi.ac.uk/vol1/fastq/ERR439/ERR439564/ERR439564_2.fastq.gz	SAMEA2204875	4368502	u
ERR439574	PAIRED	https://ftp.sra.ebi.ac.uk/vol1/fastq/ERR439/ERR439574/ERR439574_1.fastq.gz	https://ftp.sra.ebi.ac.uk/vol1/fastq/ERR439/ERR439574/ERR439574_2.fastq.gz	SAMEA2205096	3950616	u
ERR439578	PAIRED	https://ftp.sra.ebi.ac.uk/vol1/fastq/ERR439/ERR439578/ERR439578_1.fastq.gz	https://ftp.sra.ebi.ac.uk/vol1/fastq/ERR439/ERR439578/ERR439578_2.fastq.gz	SAMEA2205133	4063452	u
ERR439579	PAIRED	https://ftp.sra.ebi.ac.uk/vol1/fastq/ERR439/ERR439579/ERR439579_1.fastq.gz	https://ftp.sra.ebi.ac.uk/vol1/fastq/ERR439/ERR439579/ERR439579_2.fastq.gz	SAMEA2205134	4345002	u
ERR439590	PAIRED	https://ftp.sra.ebi.ac.uk/vol1/fastq/ERR439/ERR439590/ERR439590_1.fastq.gz	https://ftp.sra.ebi.ac.uk/vol1/fastq/ERR439/ERR439590/ERR439590_2.fastq.gz	SAMEA2205234	3957522	u
ERR439594	PAIRED	https://ftp.sra.ebi.ac.uk/vol1/fastq/ERR439/ERR439594/ERR439594_1.fastq.gz	https://ftp.sra.ebi.ac.uk/vol1/fastq/ERR439/ERR439594/ERR439594_2.fastq.gz	SAMEA2205289	4099876	u
ERR439596	PAIRED	https://ftp.sra.ebi.ac.uk/vol1/fastq/ERR439/ERR439596/ERR439596_1.fastq.gz	https://ftp.sra.ebi.ac.uk/vol1/fastq/ERR439/ERR439596/ERR439596_2.fastq.gz	SAMEA2205416	4506006	u
ERR439607	PAIRED	https://ftp.sra.ebi.ac.uk/vol1/fastq/ERR439/ERR439607/ERR439607_1.fastq.gz	https://ftp.sra.ebi.ac.uk/vol1/fastq/ERR439/ERR439607/ERR439607_2.fastq.gz	SAMEA2205640	4050836	u
ERR439611	PAIRED	https://ftp.sra.ebi.ac.uk/vol1/fastq/ERR439/ERR439611/ERR439611_1.fastq.gz	https://ftp.sra.ebi.ac.uk/vol1/fastq/ERR439/ERR439611/ERR439611_2.fastq.gz	SAMEA2205662	4315462	u
ERR439616	PAIRED	https://ftp.sra.ebi.ac.uk/vol1/fastq/ERR439/ERR439616/ERR439616_1.fastq.gz	https://ftp.sra.ebi.ac.uk/vol1/fastq/ERR439/ERR439616/ERR439616_2.fastq.gz	SAMEA2205673	3655090	u
ERR439621	PAIRED	https://ftp.sra.ebi.ac.uk/vol1/fastq/ERR439/ERR439621/ERR439621_1.fastq.gz	https://ftp.sra.ebi.ac.uk/vol1/fastq/ERR439/ERR439621/ERR439621_2.fastq.gz	SAMEA2205706	3685180	u
ERR439624	PAIRED	https://ftp.sra.ebi.ac.uk/vol1/fastq/ERR439/ERR439624/ERR439624_1.fastq.gz	https://ftp.sra.ebi.ac.uk/vol1/fastq/ERR439/ERR439624/ERR439624_2.fastq.gz	SAMEA2205718	3483428	u
ERR439633	PAIRED	https://ftp.sra.ebi.ac.uk/vol1/fastq/ERR439/ERR439633/ERR439633_1.fastq.gz	https://ftp.sra.ebi.ac.uk/vol1/fastq/ERR439/ERR439633/ERR439633_2.fastq.gz	SAMEA2204343	3154392	u
ERR439641	PAIRED	https://ftp.sra.ebi.ac.uk/vol1/fastq/ERR439/ERR439641/ERR439641_1.fastq.gz	https://ftp.sra.ebi.ac.uk/vol1/fastq/ERR439/ERR439641/ERR439641_2.fastq.gz	SAMEA2204751	3135190	u
ERR439644	PAIRED	https://ftp.sra.ebi.ac.uk/vol1/fastq/ERR439/ERR439644/ERR439644_1.fastq.gz	https://ftp.sra.ebi.ac.uk/vol1/fastq/ERR439/ERR439644/ERR439644_2.fastq.gz	SAMEA2204808	3507244	u
ERR439645	PAIRED	https://ftp.sra.ebi.ac.uk/vol1/fastq/ERR439/ERR439645/ERR439645_1.fastq.gz	https://ftp.sra.ebi.ac.uk/vol1/fastq/ERR439/ERR439645/ERR439645_2.fastq.gz	SAMEA2204846	3323796	u
ERR439652	PAIRED	https://ftp.sra.ebi.ac.uk/vol1/fastq/ERR439/ERR439652/ERR439652_1.fastq.gz	https://ftp.sra.ebi.ac.uk/vol1/fastq/ERR439/ERR439652/ERR439652_2.fastq.gz	SAMEA2205306	3327076	u
ERR439664	PAIRED	https://ftp.sra.ebi.ac.uk/vol1/fastq/ERR439/ERR439664/ERR439664_1.fastq.gz	https://ftp.sra.ebi.ac.uk/vol1/fastq/ERR439/ERR439664/ERR439664_2.fastq.gz	SAMEA2205668	3615586	u
ERR439680	PAIRED	https://ftp.sra.ebi.ac.uk/vol1/fastq/ERR439/ERR439680/ERR439680_1.fastq.gz	https://ftp.sra.ebi.ac.uk/vol1/fastq/ERR439/ERR439680/ERR439680_2.fastq.gz	SAMEA2204345	4172894	u
ERR439687	PAIRED	https://ftp.sra.ebi.ac.uk/vol1/fastq/ERR439/ERR439687/ERR439687_1.fastq.gz	https://ftp.sra.ebi.ac.uk/vol1/fastq/ERR439/ERR439687/ERR439687_2.fastq.gz	SAMEA2204530	4142464	u
ERR439699	PAIRED	https://ftp.sra.ebi.ac.uk/vol1/fastq/ERR439/ERR439699/ERR439699_1.fastq.gz	https://ftp.sra.ebi.ac.uk/vol1/fastq/ERR439/ERR439699/ERR439699_2.fastq.gz	SAMEA2204594	2899330	u
ERR439706	PAIRED	https://ftp.sra.ebi.ac.uk/vol1/fastq/ERR439/ERR439706/ERR439706_1.fastq.gz	https://ftp.sra.ebi.ac.uk/vol1/fastq/ERR439/ERR439706/ERR439706_2.fastq.gz	SAMEA2204781	3266644	u
ERR439708	PAIRED	https://ftp.sra.ebi.ac.uk/vol1/fastq/ERR439/ERR439708/ERR439708_1.fastq.gz	https://ftp.sra.ebi.ac.uk/vol1/fastq/ERR439/ERR439708/ERR439708_2.fastq.gz	SAMEA2204899	3377008	u
ERR439719	PAIRED	https://ftp.sra.ebi.ac.uk/vol1/fastq/ERR439/ERR439719/ERR439719_1.fastq.gz	https://ftp.sra.ebi.ac.uk/vol1/fastq/ERR439/ERR439719/ERR439719_2.fastq.gz	SAMEA2205000	4679380	u
ERR7221499	PAIRED	https://ftp.sra.ebi.ac.uk/vol1/fastq/ERR722/009/ERR7221499/ERR7221499_1.fastq.gz	https://ftp.sra.ebi.ac.uk/vol1/fastq/ERR722/009/ERR7221499/ERR7221499_2.fastq.gz	SAMEA10468740	4208802	u
ERR7221501	PAIRED	https://ftp.sra.ebi.ac.uk/vol1/fastq/ERR722/001/ERR7221501/ERR7221501_1.fastq.gz	https://ftp.sra.ebi.ac.uk/vol1/fastq/ERR722/001/ERR7221501/ERR7221501_2.fastq.gz	SAMEA10468742	4586426	u
ERR7221509	PAIRED	https://ftp.sra.ebi.ac.uk/vol1/fastq/ERR722/009/ERR7221509/ERR7221509_1.fastq.gz	https://ftp.sra.ebi.ac.uk/vol1/fastq/ERR722/009/ERR7221509/ERR7221509_2.fastq.gz	SAMEA10468750	4845464	u
ERR7221524	PAIRED	https://ftp.sra.ebi.ac.uk/vol1/fastq/ERR722/004/ERR7221524/ERR7221524_1.fastq.gz	https://ftp.sra.ebi.ac.uk/vol1/fastq/ERR722/004/ERR7221524/ERR7221524_2.fastq.gz	SAMEA10468766	4736284	u
ERR7221539	PAIRED	https://ftp.sra.ebi.ac.uk/vol1/fastq/ERR722/009/ERR7221539/ERR7221539_1.fastq.gz	https://ftp.sra.ebi.ac.uk/vol1/fastq/ERR722/009/ERR7221539/ERR7221539_2.fastq.gz	SAMEA10468780	3939672	u
ERR7221540	PAIRED	https://ftp.sra.ebi.ac.uk/vol1/fastq/ERR722/000/ERR7221540/ERR7221540_1.fastq.gz	https://ftp.sra.ebi.ac.uk/vol1/fastq/ERR722/000/ERR7221540/ERR7221540_2.fastq.gz	SAMEA10468781	4092788	u
ERR7221544	PAIRED	https://ftp.sra.ebi.ac.uk/vol1/fastq/ERR722/004/ERR7221544/ERR7221544_1.fastq.gz	https://ftp.sra.ebi.ac.uk/vol1/fastq/ERR722/004/ERR7221544/ERR7221544_2.fastq.gz	SAMEA10468786	3737182	u
ERR7221569	PAIRED	https://ftp.sra.ebi.ac.uk/vol1/fastq/ERR722/009/ERR7221569/ERR7221569_1.fastq.gz	https://ftp.sra.ebi.ac.uk/vol1/fastq/ERR722/009/ERR7221569/ERR7221569_2.fastq.gz	SAMEA10468811	3725942	u
ERR7221589	PAIRED	https://ftp.sra.ebi.ac.uk/vol1/fastq/ERR722/009/ERR7221589/ERR7221589_1.fastq.gz	https://ftp.sra.ebi.ac.uk/vol1/fastq/ERR722/009/ERR7221589/ERR7221589_2.fastq.gz	SAMEA10468829	4623752	u
ERR7221593	PAIRED	https://ftp.sra.ebi.ac.uk/vol1/fastq/ERR722/003/ERR7221593/ERR7221593_1.fastq.gz	https://ftp.sra.ebi.ac.uk/vol1/fastq/ERR722/003/ERR7221593/ERR7221593_2.fastq.gz	SAMEA10468831	4089554	u
ERR7221595	PAIRED	https://ftp.sra.ebi.ac.uk/vol1/fastq/ERR722/005/ERR7221595/ERR7221595_1.fastq.gz	https://ftp.sra.ebi.ac.uk/vol1/fastq/ERR722/005/ERR7221595/ERR7221595_2.fastq.gz	SAMEA10468835	4381116	u
ERR9954988	PAIRED	https://ftp.sra.ebi.ac.uk/vol1/fastq/ERR995/008/ERR9954988/ERR9954988_1.fastq.gz	https://ftp.sra.ebi.ac.uk/vol1/fastq/ERR995/008/ERR9954988/ERR9954988_2.fastq.gz	SAMEA110363136	3684876	s
ERR9954990	PAIRED	https://ftp.sra.ebi.ac.uk/vol1/fastq/ERR995/000/ERR9954990/ERR9954990_1.fastq.gz	https://ftp.sra.ebi.ac.uk/vol1/fastq/ERR995/000/ERR9954990/ERR9954990_2.fastq.gz	SAMEA110363175	2589770	s
ERR9955005	PAIRED	https://ftp.sra.ebi.ac.uk/vol1/fastq/ERR995/005/ERR9955005/ERR9955005_1.fastq.gz	https://ftp.sra.ebi.ac.uk/vol1/fastq/ERR995/005/ERR9955005/ERR9955005_2.fastq.gz	SAMEA110362943	2910028	s
ERR9955025	PAIRED	https://ftp.sra.ebi.ac.uk/vol1/fastq/ERR995/005/ERR9955025/ERR9955025_1.fastq.gz	https://ftp.sra.ebi.ac.uk/vol1/fastq/ERR995/005/ERR9955025/ERR9955025_2.fastq.gz	SAMEA110362962	3165224	s
ERR9955042	PAIRED	https://ftp.sra.ebi.ac.uk/vol1/fastq/ERR995/002/ERR9955042/ERR9955042_1.fastq.gz	https://ftp.sra.ebi.ac.uk/vol1/fastq/ERR995/002/ERR9955042/ERR9955042_2.fastq.gz	SAMEA110363105	3505302	s
ERR9955043	PAIRED	https://ftp.sra.ebi.ac.uk/vol1/fastq/ERR995/003/ERR9955043/ERR9955043_1.fastq.gz	https://ftp.sra.ebi.ac.uk/vol1/fastq/ERR995/003/ERR9955043/ERR9955043_2.fastq.gz	SAMEA110362953	3827772	s
ERR9955085	PAIRED	https://ftp.sra.ebi.ac.uk/vol1/fastq/ERR995/005/ERR9955085/ERR9955085_1.fastq.gz	https://ftp.sra.ebi.ac.uk/vol1/fastq/ERR995/005/ERR9955085/ERR9955085_2.fastq.gz	SAMEA110363140	2750970	s
ERR9955110	PAIRED	https://ftp.sra.ebi.ac.uk/vol1/fastq/ERR995/000/ERR9955110/ERR9955110_1.fastq.gz	https://ftp.sra.ebi.ac.uk/vol1/fastq/ERR995/000/ERR9955110/ERR9955110_2.fastq.gz	SAMEA110363061	1870320	s
ERR9955132	PAIRED	https://ftp.sra.ebi.ac.uk/vol1/fastq/ERR995/002/ERR9955132/ERR9955132_1.fastq.gz	https://ftp.sra.ebi.ac.uk/vol1/fastq/ERR995/002/ERR9955132/ERR9955132_2.fastq.gz	SAMEA110363093	1925330	s
ERR9955142	PAIRED	https://ftp.sra.ebi.ac.uk/vol1/fastq/ERR995/002/ERR9955142/ERR9955142_1.fastq.gz	https://ftp.sra.ebi.ac.uk/vol1/fastq/ERR995/002/ERR9955142/ERR9955142_2.fastq.gz	SAMEA110363126	6853874	s
ERR9955155	PAIRED	https://ftp.sra.ebi.ac.uk/vol1/fastq/ERR995/005/ERR9955155/ERR9955155_1.fastq.gz	https://ftp.sra.ebi.ac.uk/vol1/fastq/ERR995/005/ERR9955155/ERR9955155_2.fastq.gz	SAMEA110363065	4297682	s
ERR9955159	PAIRED	https://ftp.sra.ebi.ac.uk/vol1/fastq/ERR995/009/ERR9955159/ERR9955159_1.fastq.gz	https://ftp.sra.ebi.ac.uk/vol1/fastq/ERR995/009/ERR9955159/ERR9955159_2.fastq.gz	SAMEA110363086	6002606	s
ERR9955168	PAIRED	https://ftp.sra.ebi.ac.uk/vol1/fastq/ERR995/008/ERR9955168/ERR9955168_1.fastq.gz	https://ftp.sra.ebi.ac.uk/vol1/fastq/ERR995/008/ERR9955168/ERR9955168_2.fastq.gz	SAMEA110362930	5189452	s
ERR9955187	PAIRED	https://ftp.sra.ebi.ac.uk/vol1/fastq/ERR995/007/ERR9955187/ERR9955187_1.fastq.gz	https://ftp.sra.ebi.ac.uk/vol1/fastq/ERR995/007/ERR9955187/ERR9955187_2.fastq.gz	SAMEA110363070	2877436	s
ERR9955190	PAIRED	https://ftp.sra.ebi.ac.uk/vol1/fastq/ERR995/000/ERR9955190/ERR9955190_1.fastq.gz	https://ftp.sra.ebi.ac.uk/vol1/fastq/ERR995/000/ERR9955190/ERR9955190_2.fastq.gz	SAMEA110362969	2947668	s
ERR9955208	PAIRED	https://ftp.sra.ebi.ac.uk/vol1/fastq/ERR995/008/ERR9955208/ERR9955208_1.fastq.gz	https://ftp.sra.ebi.ac.uk/vol1/fastq/ERR995/008/ERR9955208/ERR9955208_2.fastq.gz	SAMEA110363053	3046934	s
ERR9955210	PAIRED	https://ftp.sra.ebi.ac.uk/vol1/fastq/ERR995/000/ERR9955210/ERR9955210_1.fastq.gz	https://ftp.sra.ebi.ac.uk/vol1/fastq/ERR995/000/ERR9955210/ERR9955210_2.fastq.gz	SAMEA110362960	3337922	s
SRR10003642	PAIRED	https://ftp.sra.ebi.ac.uk/vol1/fastq/SRR100/042/SRR10003642/SRR10003642_1.fastq.gz	https://ftp.sra.ebi.ac.uk/vol1/fastq/SRR100/042/SRR10003642/SRR10003642_2.fastq.gz	SAMN12609940	871521	s
SRR10026531	PAIRED	https://ftp.sra.ebi.ac.uk/vol1/fastq/SRR100/031/SRR10026531/SRR10026531_1.fastq.gz	https://ftp.sra.ebi.ac.uk/vol1/fastq/SRR100/031/SRR10026531/SRR10026531_2.fastq.gz	SAMN12644604	679051	s
SRR10030028	PAIRED	https://ftp.sra.ebi.ac.uk/vol1/fastq/SRR100/028/SRR10030028/SRR10030028_1.fastq.gz	https://ftp.sra.ebi.ac.uk/vol1/fastq/SRR100/028/SRR10030028/SRR10030028_2.fastq.gz	SAMN12684081	654557	s
SRR10030174	PAIRED	https://ftp.sra.ebi.ac.uk/vol1/fastq/SRR100/074/SRR10030174/SRR10030174_1.fastq.gz	https://ftp.sra.ebi.ac.uk/vol1/fastq/SRR100/074/SRR10030174/SRR10030174_2.fastq.gz	SAMN12684085	620027	s
SRR10075452	PAIRED	https://ftp.sra.ebi.ac.uk/vol1/fastq/SRR100/052/SRR10075452/SRR10075452_1.fastq.gz	https://ftp.sra.ebi.ac.uk/vol1/fastq/SRR100/052/SRR10075452/SRR10075452_2.fastq.gz	SAMN12702868	1023077	s
SRR10095184	PAIRED	https://ftp.sra.ebi.ac.uk/vol1/fastq/SRR100/084/SRR10095184/SRR10095184_1.fastq.gz	https://ftp.sra.ebi.ac.uk/vol1/fastq/SRR100/084/SRR10095184/SRR10095184_2.fastq.gz	SAMN12723019	940494	u
SRR10116198	PAIRED	https://ftp.sra.ebi.ac.uk/vol1/fastq/SRR101/098/SRR10116198/SRR10116198_1.fastq.gz	https://ftp.sra.ebi.ac.uk/vol1/fastq/SRR101/098/SRR10116198/SRR10116198_2.fastq.gz	SAMN12745439	885233	s
SRR10139655	PAIRED	https://ftp.sra.ebi.ac.uk/vol1/fastq/SRR101/055/SRR10139655/SRR10139655_1.fastq.gz	https://ftp.sra.ebi.ac.uk/vol1/fastq/SRR101/055/SRR10139655/SRR10139655_2.fastq.gz	SAMN12783873	595489	s
SRR10140579	PAIRED	https://ftp.sra.ebi.ac.uk/vol1/fastq/SRR101/079/SRR10140579/SRR10140579_1.fastq.gz	https://ftp.sra.ebi.ac.uk/vol1/fastq/SRR101/079/SRR10140579/SRR10140579_2.fastq.gz	SAMN12784304	778180	s
SRR10156351	PAIRED	https://ftp.sra.ebi.ac.uk/vol1/fastq/SRR101/051/SRR10156351/SRR10156351_1.fastq.gz	https://ftp.sra.ebi.ac.uk/vol1/fastq/SRR101/051/SRR10156351/SRR10156351_2.fastq.gz	SAMN12802231	655762	s
SRR10165141	PAIRED	https://ftp.sra.ebi.ac.uk/vol1/fastq/SRR101/041/SRR10165141/SRR10165141_1.fastq.gz	https://ftp.sra.ebi.ac.uk/vol1/fastq/SRR101/041/SRR10165141/SRR10165141_2.fastq.gz	SAMN12822643	1151130	s
SRR10185956	PAIRED	https://ftp.sra.ebi.ac.uk/vol1/fastq/SRR101/056/SRR10185956/SRR10185956_1.fastq.gz	https://ftp.sra.ebi.ac.uk/vol1/fastq/SRR101/056/SRR10185956/SRR10185956_2.fastq.gz	SAMN12846495	789413	s
SRR10186367	PAIRED	https://ftp.sra.ebi.ac.uk/vol1/fastq/SRR101/067/SRR10186367/SRR10186367_1.fastq.gz	https://ftp.sra.ebi.ac.uk/vol1/fastq/SRR101/067/SRR10186367/SRR10186367_2.fastq.gz	SAMN12846531	864186	s
SRR10194276	PAIRED	https://ftp.sra.ebi.ac.uk/vol1/fastq/SRR101/076/SRR10194276/SRR10194276_1.fastq.gz	https://ftp.sra.ebi.ac.uk/vol1/fastq/SRR101/076/SRR10194276/SRR10194276_2.fastq.gz	SAMN12860547	1631191	s
SRR10194300	PAIRED	https://ftp.sra.ebi.ac.uk/vol1/fastq/SRR101/000/SRR10194300/SRR10194300_1.fastq.gz	https://ftp.sra.ebi.ac.uk/vol1/fastq/SRR101/000/SRR10194300/SRR10194300_2.fastq.gz	SAMN12860556	1526996	s
SRR10231127	PAIRED	https://ftp.sra.ebi.ac.uk/vol1/fastq/SRR102/027/SRR10231127/SRR10231127_1.fastq.gz	https://ftp.sra.ebi.ac.uk/vol1/fastq/SRR102/027/SRR10231127/SRR10231127_2.fastq.gz	SAMN12912148	902726	s
SRR10231129	PAIRED	https://ftp.sra.ebi.ac.uk/vol1/fastq/SRR102/029/SRR10231129/SRR10231129_1.fastq.gz	https://ftp.sra.ebi.ac.uk/vol1/fastq/SRR102/029/SRR10231129/SRR10231129_2.fastq.gz	SAMN12912146	663120	s
SRR10231131	PAIRED	https://ftp.sra.ebi.ac.uk/vol1/fastq/SRR102/031/SRR10231131/SRR10231131_1.fastq.gz	https://ftp.sra.ebi.ac.uk/vol1/fastq/SRR102/031/SRR10231131/SRR10231131_2.fastq.gz	SAMN12912152	1045718	s
SRR10240837	PAIRED	https://ftp.sra.ebi.ac.uk/vol1/fastq/SRR102/037/SRR10240837/SRR10240837_1.fastq.gz	https://ftp.sra.ebi.ac.uk/vol1/fastq/SRR102/037/SRR10240837/SRR10240837_2.fastq.gz	SAMN12987056	1838571	u
SRR10247462	PAIRED	https://ftp.sra.ebi.ac.uk/vol1/fastq/SRR102/062/SRR10247462/SRR10247462_1.fastq.gz	https://ftp.sra.ebi.ac.uk/vol1/fastq/SRR102/062/SRR10247462/SRR10247462_2.fastq.gz	SAMN12995280	913036	s
SRR10257901	PAIRED	https://ftp.sra.ebi.ac.uk/vol1/fastq/SRR102/001/SRR10257901/SRR10257901_1.fastq.gz	https://ftp.sra.ebi.ac.uk/vol1/fastq/SRR102/001/SRR10257901/SRR10257901_2.fastq.gz	SAMN13012291	746337	u
SRR10257909	PAIRED	https://ftp.sra.ebi.ac.uk/vol1/fastq/SRR102/009/SRR10257909/SRR10257909_1.fastq.gz	https://ftp.sra.ebi.ac.uk/vol1/fastq/SRR102/009/SRR10257909/SRR10257909_2.fastq.gz	SAMN13012323	763761	u
SRR10267809	PAIRED	https://ftp.sra.ebi.ac.uk/vol1/fastq/SRR102/009/SRR10267809/SRR10267809_1.fastq.gz	https://ftp.sra.ebi.ac.uk/vol1/fastq/SRR102/009/SRR10267809/SRR10267809_2.fastq.gz	SAMN13019836	2105508	s
SRR10267814	PAIRED	https://ftp.sra.ebi.ac.uk/vol1/fastq/SRR102/014/SRR10267814/SRR10267814_1.fastq.gz	https://ftp.sra.ebi.ac.uk/vol1/fastq/SRR102/014/SRR10267814/SRR10267814_2.fastq.gz	SAMN13019818	1152606	s
SRR10267815	PAIRED	https://ftp.sra.ebi.ac.uk/vol1/fastq/SRR102/015/SRR10267815/SRR10267815_1.fastq.gz	https://ftp.sra.ebi.ac.uk/vol1/fastq/SRR102/015/SRR10267815/SRR10267815_2.fastq.gz	SAMN13019838	1994310	r
SRR10271460	PAIRED	https://ftp.sra.ebi.ac.uk/vol1/fastq/SRR102/060/SRR10271460/SRR10271460_1.fastq.gz	https://ftp.sra.ebi.ac.uk/vol1/fastq/SRR102/060/SRR10271460/SRR10271460_2.fastq.gz	SAMN13024355	1753219	u
SRR10271461	PAIRED	https://ftp.sra.ebi.ac.uk/vol1/fastq/SRR102/061/SRR10271461/SRR10271461_1.fastq.gz	https://ftp.sra.ebi.ac.uk/vol1/fastq/SRR102/061/SRR10271461/SRR10271461_2.fastq.gz	SAMN13024356	1460224	u
SRR10271466	PAIRED	https://ftp.sra.ebi.ac.uk/vol1/fastq/SRR102/066/SRR10271466/SRR10271466_1.fastq.gz	https://ftp.sra.ebi.ac.uk/vol1/fastq/SRR102/066/SRR10271466/SRR10271466_2.fastq.gz	SAMN13023842	2219010	u
SRR10271497	PAIRED	https://ftp.sra.ebi.ac.uk/vol1/fastq/SRR102/097/SRR10271497/SRR10271497_1.fastq.gz	https://ftp.sra.ebi.ac.uk/vol1/fastq/SRR102/097/SRR10271497/SRR10271497_2.fastq.gz	SAMN13023754	816708	u
SRR10271500	PAIRED	https://ftp.sra.ebi.ac.uk/vol1/fastq/SRR102/000/SRR10271500/SRR10271500_1.fastq.gz	https://ftp.sra.ebi.ac.uk/vol1/fastq/SRR102/000/SRR10271500/SRR10271500_2.fastq.gz	SAMN13023757	1547418	u
SRR10271506	PAIRED	https://ftp.sra.ebi.ac.uk/vol1/fastq/SRR102/006/SRR10271506/SRR10271506_1.fastq.gz	https://ftp.sra.ebi.ac.uk/vol1/fastq/SRR102/006/SRR10271506/SRR10271506_2.fastq.gz	SAMN13023763	1425881	u
SRR10271520	PAIRED	https://ftp.sra.ebi.ac.uk/vol1/fastq/SRR102/020/SRR10271520/SRR10271520_1.fastq.gz	https://ftp.sra.ebi.ac.uk/vol1/fastq/SRR102/020/SRR10271520/SRR10271520_2.fastq.gz	SAMN13023777	1470553	u
SRR10271534	PAIRED	https://ftp.sra.ebi.ac.uk/vol1/fastq/SRR102/034/SRR10271534/SRR10271534_1.fastq.gz	https://ftp.sra.ebi.ac.uk/vol1/fastq/SRR102/034/SRR10271534/SRR10271534_2.fastq.gz	SAMN13023791	1564437	u
SRR10271538	PAIRED	https://ftp.sra.ebi.ac.uk/vol1/fastq/SRR102/038/SRR10271538/SRR10271538_1.fastq.gz	https://ftp.sra.ebi.ac.uk/vol1/fastq/SRR102/038/SRR10271538/SRR10271538_2.fastq.gz	SAMN13023795	823104	u
SRR10271539	PAIRED	https://ftp.sra.ebi.ac.uk/vol1/fastq/SRR102/039/SRR10271539/SRR10271539_1.fastq.gz	https://ftp.sra.ebi.ac.uk/vol1/fastq/SRR102/039/SRR10271539/SRR10271539_2.fastq.gz	SAMN13023796	1020264	u
SRR10271547	PAIRED	https://ftp.sra.ebi.ac.uk/vol1/fastq/SRR102/047/SRR10271547/SRR10271547_1.fastq.gz	https://ftp.sra.ebi.ac.uk/vol1/fastq/SRR102/047/SRR10271547/SRR10271547_2.fastq.gz	SAMN13023804	1359110	u
SRR10271548	PAIRED	https://ftp.sra.ebi.ac.uk/vol1/fastq/SRR102/048/SRR10271548/SRR10271548_1.fastq.gz	https://ftp.sra.ebi.ac.uk/vol1/fastq/SRR102/048/SRR10271548/SRR10271548_2.fastq.gz	SAMN13023805	1415412	u
SRR10271553	PAIRED	https://ftp.sra.ebi.ac.uk/vol1/fastq/SRR102/053/SRR10271553/SRR10271553_1.fastq.gz	https://ftp.sra.ebi.ac.uk/vol1/fastq/SRR102/053/SRR10271553/SRR10271553_2.fastq.gz	SAMN13023810	1728991	u
SRR10271559	PAIRED	https://ftp.sra.ebi.ac.uk/vol1/fastq/SRR102/059/SRR10271559/SRR10271559_1.fastq.gz	https://ftp.sra.ebi.ac.uk/vol1/fastq/SRR102/059/SRR10271559/SRR10271559_2.fastq.gz	SAMN13024376	1232893	u
SRR10271563	PAIRED	https://ftp.sra.ebi.ac.uk/vol1/fastq/SRR102/063/SRR10271563/SRR10271563_1.fastq.gz	https://ftp.sra.ebi.ac.uk/vol1/fastq/SRR102/063/SRR10271563/SRR10271563_2.fastq.gz	SAMN13024380	1164790	u
SRR10271578	PAIRED	https://ftp.sra.ebi.ac.uk/vol1/fastq/SRR102/078/SRR10271578/SRR10271578_1.fastq.gz	https://ftp.sra.ebi.ac.uk/vol1/fastq/SRR102/078/SRR10271578/SRR10271578_2.fastq.gz	SAMN13024395	2274406	u
SRR10271590	PAIRED	https://ftp.sra.ebi.ac.uk/vol1/fastq/SRR102/090/SRR10271590/SRR10271590_1.fastq.gz	https://ftp.sra.ebi.ac.uk/vol1/fastq/SRR102/090/SRR10271590/SRR10271590_2.fastq.gz	SAMN13024603	1339289	u
SRR10271594	PAIRED	https://ftp.sra.ebi.ac.uk/vol1/fastq/SRR102/094/SRR10271594/SRR10271594_1.fastq.gz	https://ftp.sra.ebi.ac.uk/vol1/fastq/SRR102/094/SRR10271594/SRR10271594_2.fastq.gz	SAMN13024607	1176955	u
SRR10271601	PAIRED	https://ftp.sra.ebi.ac.uk/vol1/fastq/SRR102/001/SRR10271601/SRR10271601_1.fastq.gz	https://ftp.sra.ebi.ac.uk/vol1/fastq/SRR102/001/SRR10271601/SRR10271601_2.fastq.gz	SAMN13024614	987157	u
SRR10271602	PAIRED	https://ftp.sra.ebi.ac.uk/vol1/fastq/SRR102/002/SRR10271602/SRR10271602_1.fastq.gz	https://ftp.sra.ebi.ac.uk/vol1/fastq/SRR102/002/SRR10271602/SRR10271602_2.fastq.gz	SAMN13024615	1453912	u
SRR10271610	PAIRED	https://ftp.sra.ebi.ac.uk/vol1/fastq/SRR102/010/SRR10271610/SRR10271610_1.fastq.gz	https://ftp.sra.ebi.ac.uk/vol1/fastq/SRR102/010/SRR10271610/SRR10271610_2.fastq.gz	SAMN13024623	2101863	u
SRR10271612	PAIRED	https://ftp.sra.ebi.ac.uk/vol1/fastq/SRR102/012/SRR10271612/SRR10271612_1.fastq.gz	https://ftp.sra.ebi.ac.uk/vol1/fastq/SRR102/012/SRR10271612/SRR10271612_2.fastq.gz	SAMN13024625	1642505	u
SRR10271613	PAIRED	https://ftp.sra.ebi.ac.uk/vol1/fastq/SRR102/013/SRR10271613/SRR10271613_1.fastq.gz	https://ftp.sra.ebi.ac.uk/vol1/fastq/SRR102/013/SRR10271613/SRR10271613_2.fastq.gz	SAMN13024626	1098835	u
SRR10271636	PAIRED	https://ftp.sra.ebi.ac.uk/vol1/fastq/SRR102/036/SRR10271636/SRR10271636_1.fastq.gz	https://ftp.sra.ebi.ac.uk/vol1/fastq/SRR102/036/SRR10271636/SRR10271636_2.fastq.gz	SAMN13023977	1982126	u
SRR10271637	PAIRED	https://ftp.sra.ebi.ac.uk/vol1/fastq/SRR102/037/SRR10271637/SRR10271637_1.fastq.gz	https://ftp.sra.ebi.ac.uk/vol1/fastq/SRR102/037/SRR10271637/SRR10271637_2.fastq.gz	SAMN13023978	1555269	u
SRR10271642	PAIRED	https://ftp.sra.ebi.ac.uk/vol1/fastq/SRR102/042/SRR10271642/SRR10271642_1.fastq.gz	https://ftp.sra.ebi.ac.uk/vol1/fastq/SRR102/042/SRR10271642/SRR10271642_2.fastq.gz	SAMN13024403	2482142	u
SRR10271653	PAIRED	https://ftp.sra.ebi.ac.uk/vol1/fastq/SRR102/053/SRR10271653/SRR10271653_1.fastq.gz	https://ftp.sra.ebi.ac.uk/vol1/fastq/SRR102/053/SRR10271653/SRR10271653_2.fastq.gz	SAMN13024414	1959010	u
SRR10271657	PAIRED	https://ftp.sra.ebi.ac.uk/vol1/fastq/SRR102/057/SRR10271657/SRR10271657_1.fastq.gz	https://ftp.sra.ebi.ac.uk/vol1/fastq/SRR102/057/SRR10271657/SRR10271657_2.fastq.gz	SAMN13024418	1193156	u
SRR10271661	PAIRED	https://ftp.sra.ebi.ac.uk/vol1/fastq/SRR102/061/SRR10271661/SRR10271661_1.fastq.gz	https://ftp.sra.ebi.ac.uk/vol1/fastq/SRR102/061/SRR10271661/SRR10271661_2.fastq.gz	SAMN13024422	1801456	u
SRR10271666	PAIRED	https://ftp.sra.ebi.ac.uk/vol1/fastq/SRR102/066/SRR10271666/SRR10271666_1.fastq.gz	https://ftp.sra.ebi.ac.uk/vol1/fastq/SRR102/066/SRR10271666/SRR10271666_2.fastq.gz	SAMN13024427	1168312	u
SRR10271671	PAIRED	https://ftp.sra.ebi.ac.uk/vol1/fastq/SRR102/071/SRR10271671/SRR10271671_1.fastq.gz	https://ftp.sra.ebi.ac.uk/vol1/fastq/SRR102/071/SRR10271671/SRR10271671_2.fastq.gz	SAMN13024432	1145340	u
SRR10271681	PAIRED	https://ftp.sra.ebi.ac.uk/vol1/fastq/SRR102/081/SRR10271681/SRR10271681_1.fastq.gz	https://ftp.sra.ebi.ac.uk/vol1/fastq/SRR102/081/SRR10271681/SRR10271681_2.fastq.gz	SAMN13024442	2176097	u
SRR10271686	PAIRED	https://ftp.sra.ebi.ac.uk/vol1/fastq/SRR102/086/SRR10271686/SRR10271686_1.fastq.gz	https://ftp.sra.ebi.ac.uk/vol1/fastq/SRR102/086/SRR10271686/SRR10271686_2.fastq.gz	SAMN13024447	992540	u
SRR10271687	PAIRED	https://ftp.sra.ebi.ac.uk/vol1/fastq/SRR102/087/SRR10271687/SRR10271687_1.fastq.gz	https://ftp.sra.ebi.ac.uk/vol1/fastq/SRR102/087/SRR10271687/SRR10271687_2.fastq.gz	SAMN13024448	1615473	u
SRR10271692	PAIRED	https://ftp.sra.ebi.ac.uk/vol1/fastq/SRR102/092/SRR10271692/SRR10271692_1.fastq.gz	https://ftp.sra.ebi.ac.uk/vol1/fastq/SRR102/092/SRR10271692/SRR10271692_2.fastq.gz	SAMN13024453	1056973	u
SRR10271693	PAIRED	https://ftp.sra.ebi.ac.uk/vol1/fastq/SRR102/093/SRR10271693/SRR10271693_1.fastq.gz	https://ftp.sra.ebi.ac.uk/vol1/fastq/SRR102/093/SRR10271693/SRR10271693_2.fastq.gz	SAMN13024454	1272818	u
SRR10271721	PAIRED	https://ftp.sra.ebi.ac.uk/vol1/fastq/SRR102/021/SRR10271721/SRR10271721_1.fastq.gz	https://ftp.sra.ebi.ac.uk/vol1/fastq/SRR102/021/SRR10271721/SRR10271721_2.fastq.gz	SAMN13024479	1479487	u
SRR10271727	PAIRED	https://ftp.sra.ebi.ac.uk/vol1/fastq/SRR102/027/SRR10271727/SRR10271727_1.fastq.gz	https://ftp.sra.ebi.ac.uk/vol1/fastq/SRR102/027/SRR10271727/SRR10271727_2.fastq.gz	SAMN13024485	1243175	u
SRR10271735	PAIRED	https://ftp.sra.ebi.ac.uk/vol1/fastq/SRR102/035/SRR10271735/SRR10271735_1.fastq.gz	https://ftp.sra.ebi.ac.uk/vol1/fastq/SRR102/035/SRR10271735/SRR10271735_2.fastq.gz	SAMN13023821	1464990	u
SRR10271748	PAIRED	https://ftp.sra.ebi.ac.uk/vol1/fastq/SRR102/048/SRR10271748/SRR10271748_1.fastq.gz	https://ftp.sra.ebi.ac.uk/vol1/fastq/SRR102/048/SRR10271748/SRR10271748_2.fastq.gz	SAMN13023834	643144	u
SRR10271763	PAIRED	https://ftp.sra.ebi.ac.uk/vol1/fastq/SRR102/063/SRR10271763/SRR10271763_1.fastq.gz	https://ftp.sra.ebi.ac.uk/vol1/fastq/SRR102/063/SRR10271763/SRR10271763_2.fastq.gz	SAMN13024539	2043967	u
SRR10271765	PAIRED	https://ftp.sra.ebi.ac.uk/vol1/fastq/SRR102/065/SRR10271765/SRR10271765_1.fastq.gz	https://ftp.sra.ebi.ac.uk/vol1/fastq/SRR102/065/SRR10271765/SRR10271765_2.fastq.gz	SAMN13024541	1472142	u
SRR10271784	PAIRED	https://ftp.sra.ebi.ac.uk/vol1/fastq/SRR102/084/SRR10271784/SRR10271784_1.fastq.gz	https://ftp.sra.ebi.ac.uk/vol1/fastq/SRR102/084/SRR10271784/SRR10271784_2.fastq.gz	SAMN13024168	1399452	u
SRR10271802	PAIRED	https://ftp.sra.ebi.ac.uk/vol1/fastq/SRR102/002/SRR10271802/SRR10271802_1.fastq.gz	https://ftp.sra.ebi.ac.uk/vol1/fastq/SRR102/002/SRR10271802/SRR10271802_2.fastq.gz	SAMN13024186	2066479	u
SRR10271803	PAIRED	https://ftp.sra.ebi.ac.uk/vol1/fastq/SRR102/003/SRR10271803/SRR10271803_1.fastq.gz	https://ftp.sra.ebi.ac.uk/vol1/fastq/SRR102/003/SRR10271803/SRR10271803_2.fastq.gz	SAMN13024187	1733883	u
SRR10271805	PAIRED	https://ftp.sra.ebi.ac.uk/vol1/fastq/SRR102/005/SRR10271805/SRR10271805_1.fastq.gz	https://ftp.sra.ebi.ac.uk/vol1/fastq/SRR102/005/SRR10271805/SRR10271805_2.fastq.gz	SAMN13024189	1014933	u
SRR10271812	PAIRED	https://ftp.sra.ebi.ac.uk/vol1/fastq/SRR102/012/SRR10271812/SRR10271812_1.fastq.gz	https://ftp.sra.ebi.ac.uk/vol1/fastq/SRR102/012/SRR10271812/SRR10271812_2.fastq.gz	SAMN13024196	1439551	u
SRR10271814	PAIRED	https://ftp.sra.ebi.ac.uk/vol1/fastq/SRR102/014/SRR10271814/SRR10271814_1.fastq.gz	https://ftp.sra.ebi.ac.uk/vol1/fastq/SRR102/014/SRR10271814/SRR10271814_2.fastq.gz	SAMN13024198	1464159	u
SRR10271819	PAIRED	https://ftp.sra.ebi.ac.uk/vol1/fastq/SRR102/019/SRR10271819/SRR10271819_1.fastq.gz	https://ftp.sra.ebi.ac.uk/vol1/fastq/SRR102/019/SRR10271819/SRR10271819_2.fastq.gz	SAMN13024203	1492501	u
SRR10271823	PAIRED	https://ftp.sra.ebi.ac.uk/vol1/fastq/SRR102/023/SRR10271823/SRR10271823_1.fastq.gz	https://ftp.sra.ebi.ac.uk/vol1/fastq/SRR102/023/SRR10271823/SRR10271823_2.fastq.gz	SAMN13024207	1697708	u
SRR10271830	PAIRED	https://ftp.sra.ebi.ac.uk/vol1/fastq/SRR102/030/SRR10271830/SRR10271830_1.fastq.gz	https://ftp.sra.ebi.ac.uk/vol1/fastq/SRR102/030/SRR10271830/SRR10271830_2.fastq.gz	SAMN13024214	1668179	u
SRR10271838	PAIRED	https://ftp.sra.ebi.ac.uk/vol1/fastq/SRR102/038/SRR10271838/SRR10271838_1.fastq.gz	https://ftp.sra.ebi.ac.uk/vol1/fastq/SRR102/038/SRR10271838/SRR10271838_2.fastq.gz	SAMN13024222	1125724	u
SRR10271847	PAIRED	https://ftp.sra.ebi.ac.uk/vol1/fastq/SRR102/047/SRR10271847/SRR10271847_1.fastq.gz	https://ftp.sra.ebi.ac.uk/vol1/fastq/SRR102/047/SRR10271847/SRR10271847_2.fastq.gz	SAMN13024231	1507750	u
SRR10271853	PAIRED	https://ftp.sra.ebi.ac.uk/vol1/fastq/SRR102/053/SRR10271853/SRR10271853_1.fastq.gz	https://ftp.sra.ebi.ac.uk/vol1/fastq/SRR102/053/SRR10271853/SRR10271853_2.fastq.gz	SAMN13024237	1211895	u
SRR10271854	PAIRED	https://ftp.sra.ebi.ac.uk/vol1/fastq/SRR102/054/SRR10271854/SRR10271854_1.fastq.gz	https://ftp.sra.ebi.ac.uk/vol1/fastq/SRR102/054/SRR10271854/SRR10271854_2.fastq.gz	SAMN13024238	955232	u
SRR10271866	PAIRED	https://ftp.sra.ebi.ac.uk/vol1/fastq/SRR102/066/SRR10271866/SRR10271866_1.fastq.gz	https://ftp.sra.ebi.ac.uk/vol1/fastq/SRR102/066/SRR10271866/SRR10271866_2.fastq.gz	SAMN13024250	1787684	u
SRR10271870	PAIRED	https://ftp.sra.ebi.ac.uk/vol1/fastq/SRR102/070/SRR10271870/SRR10271870_1.fastq.gz	https://ftp.sra.ebi.ac.uk/vol1/fastq/SRR102/070/SRR10271870/SRR10271870_2.fastq.gz	SAMN13024254	1514312	u
SRR10271879	PAIRED	https://ftp.sra.ebi.ac.uk/vol1/fastq/SRR102/079/SRR10271879/SRR10271879_1.fastq.gz	https://ftp.sra.ebi.ac.uk/vol1/fastq/SRR102/079/SRR10271879/SRR10271879_2.fastq.gz	SAMN13024263	1358612	u
SRR10271893	PAIRED	https://ftp.sra.ebi.ac.uk/vol1/fastq/SRR102/093/SRR10271893/SRR10271893_1.fastq.gz	https://ftp.sra.ebi.ac.uk/vol1/fastq/SRR102/093/SRR10271893/SRR10271893_2.fastq.gz	SAMN13024277	1050088	u
SRR10271894	PAIRED	https://ftp.sra.ebi.ac.uk/vol1/fastq/SRR102/094/SRR10271894/SRR10271894_1.fastq.gz	https://ftp.sra.ebi.ac.uk/vol1/fastq/SRR102/094/SRR10271894/SRR10271894_2.fastq.gz	SAMN13024278	1638829	u
SRR10271900	PAIRED	https://ftp.sra.ebi.ac.uk/vol1/fastq/SRR102/000/SRR10271900/SRR10271900_1.fastq.gz	https://ftp.sra.ebi.ac.uk/vol1/fastq/SRR102/000/SRR10271900/SRR10271900_2.fastq.gz	SAMN13024284	941813	u
SRR10271902	PAIRED	https://ftp.sra.ebi.ac.uk/vol1/fastq/SRR102/002/SRR10271902/SRR10271902_1.fastq.gz	https://ftp.sra.ebi.ac.uk/vol1/fastq/SRR102/002/SRR10271902/SRR10271902_2.fastq.gz	SAMN13024286	1691003	u
SRR10271903	PAIRED	https://ftp.sra.ebi.ac.uk/vol1/fastq/SRR102/003/SRR10271903/SRR10271903_1.fastq.gz	https://ftp.sra.ebi.ac.uk/vol1/fastq/SRR102/003/SRR10271903/SRR10271903_2.fastq.gz	SAMN13024287	2270443	u
SRR10271928	PAIRED	https://ftp.sra.ebi.ac.uk/vol1/fastq/SRR102/028/SRR10271928/SRR10271928_1.fastq.gz	https://ftp.sra.ebi.ac.uk/vol1/fastq/SRR102/028/SRR10271928/SRR10271928_2.fastq.gz	SAMN13024312	1488493	u
SRR10271929	PAIRED	https://ftp.sra.ebi.ac.uk/vol1/fastq/SRR102/029/SRR10271929/SRR10271929_1.fastq.gz	https://ftp.sra.ebi.ac.uk/vol1/fastq/SRR102/029/SRR10271929/SRR10271929_2.fastq.gz	SAMN13024313	1253716	u
SRR10271931	PAIRED	https://ftp.sra.ebi.ac.uk/vol1/fastq/SRR102/031/SRR10271931/SRR10271931_1.fastq.gz	https://ftp.sra.ebi.ac.uk/vol1/fastq/SRR102/031/SRR10271931/SRR10271931_2.fastq.gz	SAMN13024315	1605711	u
SRR10271936	PAIRED	https://ftp.sra.ebi.ac.uk/vol1/fastq/SRR102/036/SRR10271936/SRR10271936_1.fastq.gz	https://ftp.sra.ebi.ac.uk/vol1/fastq/SRR102/036/SRR10271936/SRR10271936_2.fastq.gz	SAMN13024628	1142149	u
SRR10271937	PAIRED	https://ftp.sra.ebi.ac.uk/vol1/fastq/SRR102/037/SRR10271937/SRR10271937_1.fastq.gz	https://ftp.sra.ebi.ac.uk/vol1/fastq/SRR102/037/SRR10271937/SRR10271937_2.fastq.gz	SAMN13024629	1259492	u
SRR10271944	PAIRED	https://ftp.sra.ebi.ac.uk/vol1/fastq/SRR102/044/SRR10271944/SRR10271944_1.fastq.gz	https://ftp.sra.ebi.ac.uk/vol1/fastq/SRR102/044/SRR10271944/SRR10271944_2.fastq.gz	SAMN13024636	1236496	u
SRR10271946	PAIRED	https://ftp.sra.ebi.ac.uk/vol1/fastq/SRR102/046/SRR10271946/SRR10271946_1.fastq.gz	https://ftp.sra.ebi.ac.uk/vol1/fastq/SRR102/046/SRR10271946/SRR10271946_2.fastq.gz	SAMN13024638	1549205	u
SRR10271958	PAIRED	https://ftp.sra.ebi.ac.uk/vol1/fastq/SRR102/058/SRR10271958/SRR10271958_1.fastq.gz	https://ftp.sra.ebi.ac.uk/vol1/fastq/SRR102/058/SRR10271958/SRR10271958_2.fastq.gz	SAMN13024650	665783	u
SRR10271964	PAIRED	https://ftp.sra.ebi.ac.uk/vol1/fastq/SRR102/064/SRR10271964/SRR10271964_1.fastq.gz	https://ftp.sra.ebi.ac.uk/vol1/fastq/SRR102/064/SRR10271964/SRR10271964_2.fastq.gz	SAMN13024320	2287448	u
SRR10271969	PAIRED	https://ftp.sra.ebi.ac.uk/vol1/fastq/SRR102/069/SRR10271969/SRR10271969_1.fastq.gz	https://ftp.sra.ebi.ac.uk/vol1/fastq/SRR102/069/SRR10271969/SRR10271969_2.fastq.gz	SAMN13024325	1427634	u
SRR10271973	PAIRED	https://ftp.sra.ebi.ac.uk/vol1/fastq/SRR102/073/SRR10271973/SRR10271973_1.fastq.gz	https://ftp.sra.ebi.ac.uk/vol1/fastq/SRR102/073/SRR10271973/SRR10271973_2.fastq.gz	SAMN13024329	1603258	u
SRR10271979	PAIRED	https://ftp.sra.ebi.ac.uk/vol1/fastq/SRR102/079/SRR10271979/SRR10271979_1.fastq.gz	https://ftp.sra.ebi.ac.uk/vol1/fastq/SRR102/079/SRR10271979/SRR10271979_2.fastq.gz	SAMN13024335	1135840	u
SRR10272005	PAIRED	https://ftp.sra.ebi.ac.uk/vol1/fastq/SRR102/005/SRR10272005/SRR10272005_1.fastq.gz	https://ftp.sra.ebi.ac.uk/vol1/fastq/SRR102/005/SRR10272005/SRR10272005_2.fastq.gz	SAMN13024669	2058383	u
SRR10272010	PAIRED	https://ftp.sra.ebi.ac.uk/vol1/fastq/SRR102/010/SRR10272010/SRR10272010_1.fastq.gz	https://ftp.sra.ebi.ac.uk/vol1/fastq/SRR102/010/SRR10272010/SRR10272010_2.fastq.gz	SAMN13024674	1593718	u
SRR10272024	PAIRED	https://ftp.sra.ebi.ac.uk/vol1/fastq/SRR102/024/SRR10272024/SRR10272024_1.fastq.gz	https://ftp.sra.ebi.ac.uk/vol1/fastq/SRR102/024/SRR10272024/SRR10272024_2.fastq.gz	SAMN13024688	1001990	u
SRR10272025	PAIRED	https://ftp.sra.ebi.ac.uk/vol1/fastq/SRR102/025/SRR10272025/SRR10272025_1.fastq.gz	https://ftp.sra.ebi.ac.uk/vol1/fastq/SRR102/025/SRR10272025/SRR10272025_2.fastq.gz	SAMN13024689	1838653	u
SRR10272030	PAIRED	https://ftp.sra.ebi.ac.uk/vol1/fastq/SRR102/030/SRR10272030/SRR10272030_1.fastq.gz	https://ftp.sra.ebi.ac.uk/vol1/fastq/SRR102/030/SRR10272030/SRR10272030_2.fastq.gz	SAMN13024694	1050080	u
SRR10272035	PAIRED	https://ftp.sra.ebi.ac.uk/vol1/fastq/SRR102/035/SRR10272035/SRR10272035_1.fastq.gz	https://ftp.sra.ebi.ac.uk/vol1/fastq/SRR102/035/SRR10272035/SRR10272035_2.fastq.gz	SAMN13024699	657647	u
SRR10272038	PAIRED	https://ftp.sra.ebi.ac.uk/vol1/fastq/SRR102/038/SRR10272038/SRR10272038_1.fastq.gz	https://ftp.sra.ebi.ac.uk/vol1/fastq/SRR102/038/SRR10272038/SRR10272038_2.fastq.gz	SAMN13024702	1618262	u
SRR10272040	PAIRED	https://ftp.sra.ebi.ac.uk/vol1/fastq/SRR102/040/SRR10272040/SRR10272040_1.fastq.gz	https://ftp.sra.ebi.ac.uk/vol1/fastq/SRR102/040/SRR10272040/SRR10272040_2.fastq.gz	SAMN13024704	1850554	u
SRR10272042	PAIRED	https://ftp.sra.ebi.ac.uk/vol1/fastq/SRR102/042/SRR10272042/SRR10272042_1.fastq.gz	https://ftp.sra.ebi.ac.uk/vol1/fastq/SRR102/042/SRR10272042/SRR10272042_2.fastq.gz	SAMN13024706	1940390	u
SRR10272070	PAIRED	https://ftp.sra.ebi.ac.uk/vol1/fastq/SRR102/070/SRR10272070/SRR10272070_1.fastq.gz	https://ftp.sra.ebi.ac.uk/vol1/fastq/SRR102/070/SRR10272070/SRR10272070_2.fastq.gz	SAMN13023886	1933839	u
SRR10272091	PAIRED	https://ftp.sra.ebi.ac.uk/vol1/fastq/SRR102/091/SRR10272091/SRR10272091_1.fastq.gz	https://ftp.sra.ebi.ac.uk/vol1/fastq/SRR102/091/SRR10272091/SRR10272091_2.fastq.gz	SAMN13023851	2004620	u
SRR10272097	PAIRED	https://ftp.sra.ebi.ac.uk/vol1/fastq/SRR102/097/SRR10272097/SRR10272097_1.fastq.gz	https://ftp.sra.ebi.ac.uk/vol1/fastq/SRR102/097/SRR10272097/SRR10272097_2.fastq.gz	SAMN13023857	1363115	u
SRR10272107	PAIRED	https://ftp.sra.ebi.ac.uk/vol1/fastq/SRR102/007/SRR10272107/SRR10272107_1.fastq.gz	https://ftp.sra.ebi.ac.uk/vol1/fastq/SRR102/007/SRR10272107/SRR10272107_2.fastq.gz	SAMN13023867	1937664	u
SRR10272115	PAIRED	https://ftp.sra.ebi.ac.uk/vol1/fastq/SRR102/015/SRR10272115/SRR10272115_1.fastq.gz	https://ftp.sra.ebi.ac.uk/vol1/fastq/SRR102/015/SRR10272115/SRR10272115_2.fastq.gz	SAMN13023987	1628003	u
SRR10272124	PAIRED	https://ftp.sra.ebi.ac.uk/vol1/fastq/SRR102/024/SRR10272124/SRR10272124_1.fastq.gz	https://ftp.sra.ebi.ac.uk/vol1/fastq/SRR102/024/SRR10272124/SRR10272124_2.fastq.gz	SAMN13023996	2008262	u
SRR10272175	PAIRED	https://ftp.sra.ebi.ac.uk/vol1/fastq/SRR102/075/SRR10272175/SRR10272175_1.fastq.gz	https://ftp.sra.ebi.ac.uk/vol1/fastq/SRR102/075/SRR10272175/SRR10272175_2.fastq.gz	SAMN13024019	1175147	u
SRR10272181	PAIRED	https://ftp.sra.ebi.ac.uk/vol1/fastq/SRR102/081/SRR10272181/SRR10272181_1.fastq.gz	https://ftp.sra.ebi.ac.uk/vol1/fastq/SRR102/081/SRR10272181/SRR10272181_2.fastq.gz	SAMN13024025	1140909	u
SRR10272183	PAIRED	https://ftp.sra.ebi.ac.uk/vol1/fastq/SRR102/083/SRR10272183/SRR10272183_1.fastq.gz	https://ftp.sra.ebi.ac.uk/vol1/fastq/SRR102/083/SRR10272183/SRR10272183_2.fastq.gz	SAMN13024027	2826396	u
SRR10272184	PAIRED	https://ftp.sra.ebi.ac.uk/vol1/fastq/SRR102/084/SRR10272184/SRR10272184_1.fastq.gz	https://ftp.sra.ebi.ac.uk/vol1/fastq/SRR102/084/SRR10272184/SRR10272184_2.fastq.gz	SAMN13024028	1762236	u
SRR10272194	PAIRED	https://ftp.sra.ebi.ac.uk/vol1/fastq/SRR102/094/SRR10272194/SRR10272194_1.fastq.gz	https://ftp.sra.ebi.ac.uk/vol1/fastq/SRR102/094/SRR10272194/SRR10272194_2.fastq.gz	SAMN13024038	1485326	u
SRR10272214	PAIRED	https://ftp.sra.ebi.ac.uk/vol1/fastq/SRR102/014/SRR10272214/SRR10272214_1.fastq.gz	https://ftp.sra.ebi.ac.uk/vol1/fastq/SRR102/014/SRR10272214/SRR10272214_2.fastq.gz	SAMN13024058	1111917	u
SRR10272220	PAIRED	https://ftp.sra.ebi.ac.uk/vol1/fastq/SRR102/020/SRR10272220/SRR10272220_1.fastq.gz	https://ftp.sra.ebi.ac.uk/vol1/fastq/SRR102/020/SRR10272220/SRR10272220_2.fastq.gz	SAMN13024064	1403813	u
SRR10272221	PAIRED	https://ftp.sra.ebi.ac.uk/vol1/fastq/SRR102/021/SRR10272221/SRR10272221_1.fastq.gz	https://ftp.sra.ebi.ac.uk/vol1/fastq/SRR102/021/SRR10272221/SRR10272221_2.fastq.gz	SAMN13024065	1429336	u
SRR10272226	PAIRED	https://ftp.sra.ebi.ac.uk/vol1/fastq/SRR102/026/SRR10272226/SRR10272226_1.fastq.gz	https://ftp.sra.ebi.ac.uk/vol1/fastq/SRR102/026/SRR10272226/SRR10272226_2.fastq.gz	SAMN13024070	1855369	u
SRR10272228	PAIRED	https://ftp.sra.ebi.ac.uk/vol1/fastq/SRR102/028/SRR10272228/SRR10272228_1.fastq.gz	https://ftp.sra.ebi.ac.uk/vol1/fastq/SRR102/028/SRR10272228/SRR10272228_2.fastq.gz	SAMN13024072	1230528	u
SRR10272229	PAIRED	https://ftp.sra.ebi.ac.uk/vol1/fastq/SRR102/029/SRR10272229/SRR10272229_1.fastq.gz	https://ftp.sra.ebi.ac.uk/vol1/fastq/SRR102/029/SRR10272229/SRR10272229_2.fastq.gz	SAMN13024073	1956303	u
SRR10272234	PAIRED	https://ftp.sra.ebi.ac.uk/vol1/fastq/SRR102/034/SRR10272234/SRR10272234_1.fastq.gz	https://ftp.sra.ebi.ac.uk/vol1/fastq/SRR102/034/SRR10272234/SRR10272234_2.fastq.gz	SAMN13024078	2152278	u
SRR10272237	PAIRED	https://ftp.sra.ebi.ac.uk/vol1/fastq/SRR102/037/SRR10272237/SRR10272237_1.fastq.gz	https://ftp.sra.ebi.ac.uk/vol1/fastq/SRR102/037/SRR10272237/SRR10272237_2.fastq.gz	SAMN13024081	880295	u
SRR10272238	PAIRED	https://ftp.sra.ebi.ac.uk/vol1/fastq/SRR102/038/SRR10272238/SRR10272238_1.fastq.gz	https://ftp.sra.ebi.ac.uk/vol1/fastq/SRR102/038/SRR10272238/SRR10272238_2.fastq.gz	SAMN13024082	1731670	u
SRR10272239	PAIRED	https://ftp.sra.ebi.ac.uk/vol1/fastq/SRR102/039/SRR10272239/SRR10272239_1.fastq.gz	https://ftp.sra.ebi.ac.uk/vol1/fastq/SRR102/039/SRR10272239/SRR10272239_2.fastq.gz	SAMN13024083	1705350	u
SRR10272243	PAIRED	https://ftp.sra.ebi.ac.uk/vol1/fastq/SRR102/043/SRR10272243/SRR10272243_1.fastq.gz	https://ftp.sra.ebi.ac.uk/vol1/fastq/SRR102/043/SRR10272243/SRR10272243_2.fastq.gz	SAMN13024087	1029354	u
SRR10272265	PAIRED	https://ftp.sra.ebi.ac.uk/vol1/fastq/SRR102/065/SRR10272265/SRR10272265_1.fastq.gz	https://ftp.sra.ebi.ac.uk/vol1/fastq/SRR102/065/SRR10272265/SRR10272265_2.fastq.gz	SAMN13024109	2230595	u
SRR10272273	PAIRED	https://ftp.sra.ebi.ac.uk/vol1/fastq/SRR102/073/SRR10272273/SRR10272273_1.fastq.gz	https://ftp.sra.ebi.ac.uk/vol1/fastq/SRR102/073/SRR10272273/SRR10272273_2.fastq.gz	SAMN13024117	1638637	u
SRR10272277	PAIRED	https://ftp.sra.ebi.ac.uk/vol1/fastq/SRR102/077/SRR10272277/SRR10272277_1.fastq.gz	https://ftp.sra.ebi.ac.uk/vol1/fastq/SRR102/077/SRR10272277/SRR10272277_2.fastq.gz	SAMN13024121	1148143	u
SRR10272291	PAIRED	https://ftp.sra.ebi.ac.uk/vol1/fastq/SRR102/091/SRR10272291/SRR10272291_1.fastq.gz	https://ftp.sra.ebi.ac.uk/vol1/fastq/SRR102/091/SRR10272291/SRR10272291_2.fastq.gz	SAMN13024583	982200	u
SRR10272295	PAIRED	https://ftp.sra.ebi.ac.uk/vol1/fastq/SRR102/095/SRR10272295/SRR10272295_1.fastq.gz	https://ftp.sra.ebi.ac.uk/vol1/fastq/SRR102/095/SRR10272295/SRR10272295_2.fastq.gz	SAMN13024587	2509919	u
SRR10272305	PAIRED	https://ftp.sra.ebi.ac.uk/vol1/fastq/SRR102/005/SRR10272305/SRR10272305_1.fastq.gz	https://ftp.sra.ebi.ac.uk/vol1/fastq/SRR102/005/SRR10272305/SRR10272305_2.fastq.gz	SAMN13024597	976210	u
SRR10272307	PAIRED	https://ftp.sra.ebi.ac.uk/vol1/fastq/SRR102/007/SRR10272307/SRR10272307_1.fastq.gz	https://ftp.sra.ebi.ac.uk/vol1/fastq/SRR102/007/SRR10272307/SRR10272307_2.fastq.gz	SAMN13024123	1753260	u
SRR10272310	PAIRED	https://ftp.sra.ebi.ac.uk/vol1/fastq/SRR102/010/SRR10272310/SRR10272310_1.fastq.gz	https://ftp.sra.ebi.ac.uk/vol1/fastq/SRR102/010/SRR10272310/SRR10272310_2.fastq.gz	SAMN13024126	1289763	u
SRR10272319	PAIRED	https://ftp.sra.ebi.ac.uk/vol1/fastq/SRR102/019/SRR10272319/SRR10272319_1.fastq.gz	https://ftp.sra.ebi.ac.uk/vol1/fastq/SRR102/019/SRR10272319/SRR10272319_2.fastq.gz	SAMN13024135	1607968	u
SRR10272329	PAIRED	https://ftp.sra.ebi.ac.uk/vol1/fastq/SRR102/029/SRR10272329/SRR10272329_1.fastq.gz	https://ftp.sra.ebi.ac.uk/vol1/fastq/SRR102/029/SRR10272329/SRR10272329_2.fastq.gz	SAMN13024145	1191608	u
SRR10272337	PAIRED	https://ftp.sra.ebi.ac.uk/vol1/fastq/SRR102/037/SRR10272337/SRR10272337_1.fastq.gz	https://ftp.sra.ebi.ac.uk/vol1/fastq/SRR102/037/SRR10272337/SRR10272337_2.fastq.gz	SAMN13024517	750253	u
SRR10272338	PAIRED	https://ftp.sra.ebi.ac.uk/vol1/fastq/SRR102/038/SRR10272338/SRR10272338_1.fastq.gz	https://ftp.sra.ebi.ac.uk/vol1/fastq/SRR102/038/SRR10272338/SRR10272338_2.fastq.gz	SAMN13024518	1622851	u
SRR10272350	PAIRED	https://ftp.sra.ebi.ac.uk/vol1/fastq/SRR102/050/SRR10272350/SRR10272350_1.fastq.gz	https://ftp.sra.ebi.ac.uk/vol1/fastq/SRR102/050/SRR10272350/SRR10272350_2.fastq.gz	SAMN13024530	1625201	u
SRR10272367	PAIRED	https://ftp.sra.ebi.ac.uk/vol1/fastq/SRR102/067/SRR10272367/SRR10272367_1.fastq.gz	https://ftp.sra.ebi.ac.uk/vol1/fastq/SRR102/067/SRR10272367/SRR10272367_2.fastq.gz	SAMN13023915	794739	u
SRR10272370	PAIRED	https://ftp.sra.ebi.ac.uk/vol1/fastq/SRR102/070/SRR10272370/SRR10272370_1.fastq.gz	https://ftp.sra.ebi.ac.uk/vol1/fastq/SRR102/070/SRR10272370/SRR10272370_2.fastq.gz	SAMN13023918	1544450	u
SRR10272373	PAIRED	https://ftp.sra.ebi.ac.uk/vol1/fastq/SRR102/073/SRR10272373/SRR10272373_1.fastq.gz	https://ftp.sra.ebi.ac.uk/vol1/fastq/SRR102/073/SRR10272373/SRR10272373_2.fastq.gz	SAMN13023921	1809751	u
SRR10272374	PAIRED	https://ftp.sra.ebi.ac.uk/vol1/fastq/SRR102/074/SRR10272374/SRR10272374_1.fastq.gz	https://ftp.sra.ebi.ac.uk/vol1/fastq/SRR102/074/SRR10272374/SRR10272374_2.fastq.gz	SAMN13023922	1523170	u
SRR10272386	PAIRED	https://ftp.sra.ebi.ac.uk/vol1/fastq/SRR102/086/SRR10272386/SRR10272386_1.fastq.gz	https://ftp.sra.ebi.ac.uk/vol1/fastq/SRR102/086/SRR10272386/SRR10272386_2.fastq.gz	SAMN13023934	2606317	u
SRR10272404	PAIRED	https://ftp.sra.ebi.ac.uk/vol1/fastq/SRR102/004/SRR10272404/SRR10272404_1.fastq.gz	https://ftp.sra.ebi.ac.uk/vol1/fastq/SRR102/004/SRR10272404/SRR10272404_2.fastq.gz	SAMN13023952	2160733	u
SRR10272406	PAIRED	https://ftp.sra.ebi.ac.uk/vol1/fastq/SRR102/006/SRR10272406/SRR10272406_1.fastq.gz	https://ftp.sra.ebi.ac.uk/vol1/fastq/SRR102/006/SRR10272406/SRR10272406_2.fastq.gz	SAMN13023954	1142475	u
SRR10272423	PAIRED	https://ftp.sra.ebi.ac.uk/vol1/fastq/SRR102/023/SRR10272423/SRR10272423_1.fastq.gz	https://ftp.sra.ebi.ac.uk/vol1/fastq/SRR102/023/SRR10272423/SRR10272423_2.fastq.gz	SAMN13024503	1635093	u
SRR10272427	PAIRED	https://ftp.sra.ebi.ac.uk/vol1/fastq/SRR102/027/SRR10272427/SRR10272427_1.fastq.gz	https://ftp.sra.ebi.ac.uk/vol1/fastq/SRR102/027/SRR10272427/SRR10272427_2.fastq.gz	SAMN13024507	1318388	u
SRR10298232	PAIRED	https://ftp.sra.ebi.ac.uk/vol1/fastq/SRR102/032/SRR10298232/SRR10298232_1.fastq.gz	https://ftp.sra.ebi.ac.uk/vol1/fastq/SRR102/032/SRR10298232/SRR10298232_2.fastq.gz	SAMN13047762	1580016	s
SRR10302130	PAIRED	https://ftp.sra.ebi.ac.uk/vol1/fastq/SRR103/030/SRR10302130/SRR10302130_1.fastq.gz	https://ftp.sra.ebi.ac.uk/vol1/fastq/SRR103/030/SRR10302130/SRR10302130_2.fastq.gz	SAMN13050478	1014195	s
SRR10302653	PAIRED	https://ftp.sra.ebi.ac.uk/vol1/fastq/SRR103/053/SRR10302653/SRR10302653_1.fastq.gz	https://ftp.sra.ebi.ac.uk/vol1/fastq/SRR103/053/SRR10302653/SRR10302653_2.fastq.gz	SAMN13051357	1172827	s
SRR10302655	PAIRED	https://ftp.sra.ebi.ac.uk/vol1/fastq/SRR103/055/SRR10302655/SRR10302655_1.fastq.gz	https://ftp.sra.ebi.ac.uk/vol1/fastq/SRR103/055/SRR10302655/SRR10302655_2.fastq.gz	SAMN13051405	713784	s
SRR10322599	PAIRED	https://ftp.sra.ebi.ac.uk/vol1/fastq/SRR103/099/SRR10322599/SRR10322599_1.fastq.gz	https://ftp.sra.ebi.ac.uk/vol1/fastq/SRR103/099/SRR10322599/SRR10322599_2.fastq.gz	SAMN13086537	1467293	s
SRR10325493	PAIRED	https://ftp.sra.ebi.ac.uk/vol1/fastq/SRR103/093/SRR10325493/SRR10325493_1.fastq.gz	https://ftp.sra.ebi.ac.uk/vol1/fastq/SRR103/093/SRR10325493/SRR10325493_2.fastq.gz	SAMN13087300	222727	s
SRR10326101	PAIRED	https://ftp.sra.ebi.ac.uk/vol1/fastq/SRR103/001/SRR10326101/SRR10326101_1.fastq.gz	https://ftp.sra.ebi.ac.uk/vol1/fastq/SRR103/001/SRR10326101/SRR10326101_2.fastq.gz	SAMN13087582	1313015	s
SRR10326104	PAIRED	https://ftp.sra.ebi.ac.uk/vol1/fastq/SRR103/004/SRR10326104/SRR10326104_1.fastq.gz	https://ftp.sra.ebi.ac.uk/vol1/fastq/SRR103/004/SRR10326104/SRR10326104_2.fastq.gz	SAMN13087581	1569179	s
SRR10335782	PAIRED	https://ftp.sra.ebi.ac.uk/vol1/fastq/SRR103/082/SRR10335782/SRR10335782_1.fastq.gz	https://ftp.sra.ebi.ac.uk/vol1/fastq/SRR103/082/SRR10335782/SRR10335782_2.fastq.gz	SAMN13091974	1091739	s
SRR10340860	PAIRED	https://ftp.sra.ebi.ac.uk/vol1/fastq/SRR103/060/SRR10340860/SRR10340860_1.fastq.gz	https://ftp.sra.ebi.ac.uk/vol1/fastq/SRR103/060/SRR10340860/SRR10340860_2.fastq.gz	SAMN13108288	1279114	s
SRR10340898	PAIRED	https://ftp.sra.ebi.ac.uk/vol1/fastq/SRR103/098/SRR10340898/SRR10340898_1.fastq.gz	https://ftp.sra.ebi.ac.uk/vol1/fastq/SRR103/098/SRR10340898/SRR10340898_2.fastq.gz	SAMN13108300	946508	s
SRR10357363	PAIRED	https://ftp.sra.ebi.ac.uk/vol1/fastq/SRR103/063/SRR10357363/SRR10357363_1.fastq.gz	https://ftp.sra.ebi.ac.uk/vol1/fastq/SRR103/063/SRR10357363/SRR10357363_2.fastq.gz	SAMN13149731	1129793	s
SRR10366808	PAIRED	https://ftp.sra.ebi.ac.uk/vol1/fastq/SRR103/008/SRR10366808/SRR10366808_1.fastq.gz	https://ftp.sra.ebi.ac.uk/vol1/fastq/SRR103/008/SRR10366808/SRR10366808_2.fastq.gz	SAMN13160034	772623	s
SRR10375102	PAIRED	https://ftp.sra.ebi.ac.uk/vol1/fastq/SRR103/002/SRR10375102/SRR10375102_1.fastq.gz	https://ftp.sra.ebi.ac.uk/vol1/fastq/SRR103/002/SRR10375102/SRR10375102_2.fastq.gz	SAMN13162517	497685	s
SRR10380841	PAIRED	https://ftp.sra.ebi.ac.uk/vol1/fastq/SRR103/041/SRR10380841/SRR10380841_1.fastq.gz	https://ftp.sra.ebi.ac.uk/vol1/fastq/SRR103/041/SRR10380841/SRR10380841_2.fastq.gz	SAMN13172700	1081540	s
SRR10380978	PAIRED	https://ftp.sra.ebi.ac.uk/vol1/fastq/SRR103/078/SRR10380978/SRR10380978_1.fastq.gz	https://ftp.sra.ebi.ac.uk/vol1/fastq/SRR103/078/SRR10380978/SRR10380978_2.fastq.gz	SAMN13173359	750570	s
SRR10383456	PAIRED	https://ftp.sra.ebi.ac.uk/vol1/fastq/SRR103/056/SRR10383456/SRR10383456_1.fastq.gz	https://ftp.sra.ebi.ac.uk/vol1/fastq/SRR103/056/SRR10383456/SRR10383456_2.fastq.gz	SAMN13176257	3817537	r
SRR10383459	PAIRED	https://ftp.sra.ebi.ac.uk/vol1/fastq/SRR103/059/SRR10383459/SRR10383459_1.fastq.gz	https://ftp.sra.ebi.ac.uk/vol1/fastq/SRR103/059/SRR10383459/SRR10383459_2.fastq.gz	SAMN13176254	4002319	s
SRR10384537	PAIRED	https://ftp.sra.ebi.ac.uk/vol1/fastq/SRR103/037/SRR10384537/SRR10384537_1.fastq.gz	https://ftp.sra.ebi.ac.uk/vol1/fastq/SRR103/037/SRR10384537/SRR10384537_2.fastq.gz	SAMN13178622	1358599	u
SRR10384915	PAIRED	https://ftp.sra.ebi.ac.uk/vol1/fastq/SRR103/015/SRR10384915/SRR10384915_1.fastq.gz	https://ftp.sra.ebi.ac.uk/vol1/fastq/SRR103/015/SRR10384915/SRR10384915_2.fastq.gz	SAMN13178717	929352	u
SRR10393517	PAIRED	https://ftp.sra.ebi.ac.uk/vol1/fastq/SRR103/017/SRR10393517/SRR10393517_1.fastq.gz	https://ftp.sra.ebi.ac.uk/vol1/fastq/SRR103/017/SRR10393517/SRR10393517_2.fastq.gz	SAMN13192664	1085326	s
SRR10418241	PAIRED	https://ftp.sra.ebi.ac.uk/vol1/fastq/SRR104/041/SRR10418241/SRR10418241_1.fastq.gz	https://ftp.sra.ebi.ac.uk/vol1/fastq/SRR104/041/SRR10418241/SRR10418241_2.fastq.gz	SAMN13242727	1567504	s
SRR10418273	PAIRED	https://ftp.sra.ebi.ac.uk/vol1/fastq/SRR104/073/SRR10418273/SRR10418273_1.fastq.gz	https://ftp.sra.ebi.ac.uk/vol1/fastq/SRR104/073/SRR10418273/SRR10418273_2.fastq.gz	SAMN13242763	634032	s
SRR10436923	PAIRED	https://ftp.sra.ebi.ac.uk/vol1/fastq/SRR104/023/SRR10436923/SRR10436923_1.fastq.gz	https://ftp.sra.ebi.ac.uk/vol1/fastq/SRR104/023/SRR10436923/SRR10436923_2.fastq.gz	SAMN13279661	1018677	s
SRR10436932	PAIRED	https://ftp.sra.ebi.ac.uk/vol1/fastq/SRR104/032/SRR10436932/SRR10436932_1.fastq.gz	https://ftp.sra.ebi.ac.uk/vol1/fastq/SRR104/032/SRR10436932/SRR10436932_2.fastq.gz	SAMN13279648	951824	s
SRR10437476	PAIRED	https://ftp.sra.ebi.ac.uk/vol1/fastq/SRR104/076/SRR10437476/SRR10437476_1.fastq.gz	https://ftp.sra.ebi.ac.uk/vol1/fastq/SRR104/076/SRR10437476/SRR10437476_2.fastq.gz	SAMN13279655	689476	s
SRR10437497	PAIRED	https://ftp.sra.ebi.ac.uk/vol1/fastq/SRR104/097/SRR10437497/SRR10437497_1.fastq.gz	https://ftp.sra.ebi.ac.uk/vol1/fastq/SRR104/097/SRR10437497/SRR10437497_2.fastq.gz	SAMN13279676	772873	s
SRR10437986	PAIRED	https://ftp.sra.ebi.ac.uk/vol1/fastq/SRR104/086/SRR10437986/SRR10437986_1.fastq.gz	https://ftp.sra.ebi.ac.uk/vol1/fastq/SRR104/086/SRR10437986/SRR10437986_2.fastq.gz	SAMN13279830	1828506	s
SRR10437989	PAIRED	https://ftp.sra.ebi.ac.uk/vol1/fastq/SRR104/089/SRR10437989/SRR10437989_1.fastq.gz	https://ftp.sra.ebi.ac.uk/vol1/fastq/SRR104/089/SRR10437989/SRR10437989_2.fastq.gz	SAMN13279832	1067837	s
SRR10438059	PAIRED	https://ftp.sra.ebi.ac.uk/vol1/fastq/SRR104/059/SRR10438059/SRR10438059_1.fastq.gz	https://ftp.sra.ebi.ac.uk/vol1/fastq/SRR104/059/SRR10438059/SRR10438059_2.fastq.gz	SAMN13279861	1498644	s
SRR10438062	PAIRED	https://ftp.sra.ebi.ac.uk/vol1/fastq/SRR104/062/SRR10438062/SRR10438062_1.fastq.gz	https://ftp.sra.ebi.ac.uk/vol1/fastq/SRR104/062/SRR10438062/SRR10438062_2.fastq.gz	SAMN13279865	1968883	s
SRR10438068	PAIRED	https://ftp.sra.ebi.ac.uk/vol1/fastq/SRR104/068/SRR10438068/SRR10438068_1.fastq.gz	https://ftp.sra.ebi.ac.uk/vol1/fastq/SRR104/068/SRR10438068/SRR10438068_2.fastq.gz	SAMN13279881	1088212	s
SRR10438070	PAIRED	https://ftp.sra.ebi.ac.uk/vol1/fastq/SRR104/070/SRR10438070/SRR10438070_1.fastq.gz	https://ftp.sra.ebi.ac.uk/vol1/fastq/SRR104/070/SRR10438070/SRR10438070_2.fastq.gz	SAMN13279903	1339338	s
SRR10438614	PAIRED	https://ftp.sra.ebi.ac.uk/vol1/fastq/SRR104/014/SRR10438614/SRR10438614_1.fastq.gz	https://ftp.sra.ebi.ac.uk/vol1/fastq/SRR104/014/SRR10438614/SRR10438614_2.fastq.gz	SAMN13280850	1392398	s
SRR10441994	PAIRED	https://ftp.sra.ebi.ac.uk/vol1/fastq/SRR104/094/SRR10441994/SRR10441994_1.fastq.gz	https://ftp.sra.ebi.ac.uk/vol1/fastq/SRR104/094/SRR10441994/SRR10441994_2.fastq.gz	SAMN13283334	2051117	s
SRR10442143	PAIRED	https://ftp.sra.ebi.ac.uk/vol1/fastq/SRR104/043/SRR10442143/SRR10442143_1.fastq.gz	https://ftp.sra.ebi.ac.uk/vol1/fastq/SRR104/043/SRR10442143/SRR10442143_2.fastq.gz	SAMN13283493	711325	s
SRR10482417	PAIRED	https://ftp.sra.ebi.ac.uk/vol1/fastq/SRR104/017/SRR10482417/SRR10482417_1.fastq.gz	https://ftp.sra.ebi.ac.uk/vol1/fastq/SRR104/017/SRR10482417/SRR10482417_2.fastq.gz	SAMN13320524	1289869	s
SRR10501688	PAIRED	https://ftp.sra.ebi.ac.uk/vol1/fastq/SRR105/088/SRR10501688/SRR10501688_1.fastq.gz	https://ftp.sra.ebi.ac.uk/vol1/fastq/SRR105/088/SRR10501688/SRR10501688_2.fastq.gz	SAMN13339197	492645	s
SRR10502041	PAIRED	https://ftp.sra.ebi.ac.uk/vol1/fastq/SRR105/041/SRR10502041/SRR10502041_1.fastq.gz	https://ftp.sra.ebi.ac.uk/vol1/fastq/SRR105/041/SRR10502041/SRR10502041_2.fastq.gz	SAMN13340359	1381853	u
SRR10502087	PAIRED	https://ftp.sra.ebi.ac.uk/vol1/fastq/SRR105/087/SRR10502087/SRR10502087_1.fastq.gz	https://ftp.sra.ebi.ac.uk/vol1/fastq/SRR105/087/SRR10502087/SRR10502087_2.fastq.gz	SAMN13340415	1855209	u
SRR10502089	PAIRED	https://ftp.sra.ebi.ac.uk/vol1/fastq/SRR105/089/SRR10502089/SRR10502089_1.fastq.gz	https://ftp.sra.ebi.ac.uk/vol1/fastq/SRR105/089/SRR10502089/SRR10502089_2.fastq.gz	SAMN13340429	1279133	s
SRR10535869	PAIRED	https://ftp.sra.ebi.ac.uk/vol1/fastq/SRR105/069/SRR10535869/SRR10535869_1.fastq.gz	https://ftp.sra.ebi.ac.uk/vol1/fastq/SRR105/069/SRR10535869/SRR10535869_2.fastq.gz	SAMN13392106	537123	u
SRR10541238	PAIRED	https://ftp.sra.ebi.ac.uk/vol1/fastq/SRR105/038/SRR10541238/SRR10541238_1.fastq.gz	https://ftp.sra.ebi.ac.uk/vol1/fastq/SRR105/038/SRR10541238/SRR10541238_2.fastq.gz	SAMN13412145	955212	s
SRR10541935	PAIRED	https://ftp.sra.ebi.ac.uk/vol1/fastq/SRR105/035/SRR10541935/SRR10541935_1.fastq.gz	https://ftp.sra.ebi.ac.uk/vol1/fastq/SRR105/035/SRR10541935/SRR10541935_2.fastq.gz	SAMN13413557	1272269	s
SRR10559661	PAIRED	https://ftp.sra.ebi.ac.uk/vol1/fastq/SRR105/061/SRR10559661/SRR10559661_1.fastq.gz	https://ftp.sra.ebi.ac.uk/vol1/fastq/SRR105/061/SRR10559661/SRR10559661_2.fastq.gz	SAMN13429603	1130640	s
SRR10569303	PAIRED	https://ftp.sra.ebi.ac.uk/vol1/fastq/SRR105/003/SRR10569303/SRR10569303_1.fastq.gz	https://ftp.sra.ebi.ac.uk/vol1/fastq/SRR105/003/SRR10569303/SRR10569303_2.fastq.gz	SAMN13445911	1339818	s
SRR10579906	PAIRED	https://ftp.sra.ebi.ac.uk/vol1/fastq/SRR105/006/SRR10579906/SRR10579906_1.fastq.gz	https://ftp.sra.ebi.ac.uk/vol1/fastq/SRR105/006/SRR10579906/SRR10579906_2.fastq.gz	SAMN12990705	819013	s
SRR10579916	PAIRED	https://ftp.sra.ebi.ac.uk/vol1/fastq/SRR105/016/SRR10579916/SRR10579916_1.fastq.gz	https://ftp.sra.ebi.ac.uk/vol1/fastq/SRR105/016/SRR10579916/SRR10579916_2.fastq.gz	SAMN12990696	1065355	s
SRR10579919	PAIRED	https://ftp.sra.ebi.ac.uk/vol1/fastq/SRR105/019/SRR10579919/SRR10579919_1.fastq.gz	https://ftp.sra.ebi.ac.uk/vol1/fastq/SRR105/019/SRR10579919/SRR10579919_2.fastq.gz	SAMN12990693	923261	s
SRR10579932	PAIRED	https://ftp.sra.ebi.ac.uk/vol1/fastq/SRR105/032/SRR10579932/SRR10579932_1.fastq.gz	https://ftp.sra.ebi.ac.uk/vol1/fastq/SRR105/032/SRR10579932/SRR10579932_2.fastq.gz	SAMN12990682	606893	s
SRR10579944	PAIRED	https://ftp.sra.ebi.ac.uk/vol1/fastq/SRR105/044/SRR10579944/SRR10579944_1.fastq.gz	https://ftp.sra.ebi.ac.uk/vol1/fastq/SRR105/044/SRR10579944/SRR10579944_2.fastq.gz	SAMN12990667	627971	s
SRR10579960	PAIRED	https://ftp.sra.ebi.ac.uk/vol1/fastq/SRR105/060/SRR10579960/SRR10579960_1.fastq.gz	https://ftp.sra.ebi.ac.uk/vol1/fastq/SRR105/060/SRR10579960/SRR10579960_2.fastq.gz	SAMN12990652	651411	s
SRR10579973	PAIRED	https://ftp.sra.ebi.ac.uk/vol1/fastq/SRR105/073/SRR10579973/SRR10579973_1.fastq.gz	https://ftp.sra.ebi.ac.uk/vol1/fastq/SRR105/073/SRR10579973/SRR10579973_2.fastq.gz	SAMN12990638	656552	s
SRR10579981	PAIRED	https://ftp.sra.ebi.ac.uk/vol1/fastq/SRR105/081/SRR10579981/SRR10579981_1.fastq.gz	https://ftp.sra.ebi.ac.uk/vol1/fastq/SRR105/081/SRR10579981/SRR10579981_2.fastq.gz	SAMN12990631	887902	s
SRR10579986	PAIRED	https://ftp.sra.ebi.ac.uk/vol1/fastq/SRR105/086/SRR10579986/SRR10579986_1.fastq.gz	https://ftp.sra.ebi.ac.uk/vol1/fastq/SRR105/086/SRR10579986/SRR10579986_2.fastq.gz	SAMN12990609	796536	s
SRR10580045	PAIRED	https://ftp.sra.ebi.ac.uk/vol1/fastq/SRR105/045/SRR10580045/SRR10580045_1.fastq.gz	https://ftp.sra.ebi.ac.uk/vol1/fastq/SRR105/045/SRR10580045/SRR10580045_2.fastq.gz	SAMN13474469	600102	s
SRR10580047	PAIRED	https://ftp.sra.ebi.ac.uk/vol1/fastq/SRR105/047/SRR10580047/SRR10580047_1.fastq.gz	https://ftp.sra.ebi.ac.uk/vol1/fastq/SRR105/047/SRR10580047/SRR10580047_2.fastq.gz	SAMN13474476	890591	s
SRR10586196	PAIRED	https://ftp.sra.ebi.ac.uk/vol1/fastq/SRR105/096/SRR10586196/SRR10586196_1.fastq.gz	https://ftp.sra.ebi.ac.uk/vol1/fastq/SRR105/096/SRR10586196/SRR10586196_2.fastq.gz	SAMN13482839	1076258	s
SRR10600462	PAIRED	https://ftp.sra.ebi.ac.uk/vol1/fastq/SRR106/062/SRR10600462/SRR10600462_1.fastq.gz	https://ftp.sra.ebi.ac.uk/vol1/fastq/SRR106/062/SRR10600462/SRR10600462_2.fastq.gz	SAMN13502871	1317844	s
SRR10687689	PAIRED	https://ftp.sra.ebi.ac.uk/vol1/fastq/SRR106/089/SRR10687689/SRR10687689_1.fastq.gz	https://ftp.sra.ebi.ac.uk/vol1/fastq/SRR106/089/SRR10687689/SRR10687689_2.fastq.gz	SAMN12943580	520706	s
SRR10687692	PAIRED	https://ftp.sra.ebi.ac.uk/vol1/fastq/SRR106/092/SRR10687692/SRR10687692_1.fastq.gz	https://ftp.sra.ebi.ac.uk/vol1/fastq/SRR106/092/SRR10687692/SRR10687692_2.fastq.gz	SAMN12943451	450921	s
SRR10687695	PAIRED	https://ftp.sra.ebi.ac.uk/vol1/fastq/SRR106/095/SRR10687695/SRR10687695_1.fastq.gz	https://ftp.sra.ebi.ac.uk/vol1/fastq/SRR106/095/SRR10687695/SRR10687695_2.fastq.gz	SAMN12943575	539635	s
SRR10687696	PAIRED	https://ftp.sra.ebi.ac.uk/vol1/fastq/SRR106/096/SRR10687696/SRR10687696_1.fastq.gz	https://ftp.sra.ebi.ac.uk/vol1/fastq/SRR106/096/SRR10687696/SRR10687696_2.fastq.gz	SAMN12943574	477142	s
SRR10687698	PAIRED	https://ftp.sra.ebi.ac.uk/vol1/fastq/SRR106/098/SRR10687698/SRR10687698_1.fastq.gz	https://ftp.sra.ebi.ac.uk/vol1/fastq/SRR106/098/SRR10687698/SRR10687698_2.fastq.gz	SAMN12943572	545243	s
SRR10687710	PAIRED	https://ftp.sra.ebi.ac.uk/vol1/fastq/SRR106/010/SRR10687710/SRR10687710_1.fastq.gz	https://ftp.sra.ebi.ac.uk/vol1/fastq/SRR106/010/SRR10687710/SRR10687710_2.fastq.gz	SAMN12943706	893134	s
SRR10687733	PAIRED	https://ftp.sra.ebi.ac.uk/vol1/fastq/SRR106/033/SRR10687733/SRR10687733_1.fastq.gz	https://ftp.sra.ebi.ac.uk/vol1/fastq/SRR106/033/SRR10687733/SRR10687733_2.fastq.gz	SAMN12943685	687737	s
SRR10687762	PAIRED	https://ftp.sra.ebi.ac.uk/vol1/fastq/SRR106/062/SRR10687762/SRR10687762_1.fastq.gz	https://ftp.sra.ebi.ac.uk/vol1/fastq/SRR106/062/SRR10687762/SRR10687762_2.fastq.gz	SAMN12943515	929103	s
SRR10687777	PAIRED	https://ftp.sra.ebi.ac.uk/vol1/fastq/SRR106/077/SRR10687777/SRR10687777_1.fastq.gz	https://ftp.sra.ebi.ac.uk/vol1/fastq/SRR106/077/SRR10687777/SRR10687777_2.fastq.gz	SAMN12943501	1527916	s
SRR10687781	PAIRED	https://ftp.sra.ebi.ac.uk/vol1/fastq/SRR106/081/SRR10687781/SRR10687781_1.fastq.gz	https://ftp.sra.ebi.ac.uk/vol1/fastq/SRR106/081/SRR10687781/SRR10687781_2.fastq.gz	SAMN12943497	1194180	s
SRR10687786	PAIRED	https://ftp.sra.ebi.ac.uk/vol1/fastq/SRR106/086/SRR10687786/SRR10687786_1.fastq.gz	https://ftp.sra.ebi.ac.uk/vol1/fastq/SRR106/086/SRR10687786/SRR10687786_2.fastq.gz	SAMN12943493	716356	s
SRR10687801	PAIRED	https://ftp.sra.ebi.ac.uk/vol1/fastq/SRR106/001/SRR10687801/SRR10687801_1.fastq.gz	https://ftp.sra.ebi.ac.uk/vol1/fastq/SRR106/001/SRR10687801/SRR10687801_2.fastq.gz	SAMN12943674	416136	r
SRR10687812	PAIRED	https://ftp.sra.ebi.ac.uk/vol1/fastq/SRR106/012/SRR10687812/SRR10687812_1.fastq.gz	https://ftp.sra.ebi.ac.uk/vol1/fastq/SRR106/012/SRR10687812/SRR10687812_2.fastq.gz	SAMN12943664	1732893	s
SRR10687815	PAIRED	https://ftp.sra.ebi.ac.uk/vol1/fastq/SRR106/015/SRR10687815/SRR10687815_1.fastq.gz	https://ftp.sra.ebi.ac.uk/vol1/fastq/SRR106/015/SRR10687815/SRR10687815_2.fastq.gz	SAMN12943661	721025	s
SRR10687818	PAIRED	https://ftp.sra.ebi.ac.uk/vol1/fastq/SRR106/018/SRR10687818/SRR10687818_1.fastq.gz	https://ftp.sra.ebi.ac.uk/vol1/fastq/SRR106/018/SRR10687818/SRR10687818_2.fastq.gz	SAMN12943658	823819	s
SRR10687820	PAIRED	https://ftp.sra.ebi.ac.uk/vol1/fastq/SRR106/020/SRR10687820/SRR10687820_1.fastq.gz	https://ftp.sra.ebi.ac.uk/vol1/fastq/SRR106/020/SRR10687820/SRR10687820_2.fastq.gz	SAMN12943657	1138495	s
SRR10687823	PAIRED	https://ftp.sra.ebi.ac.uk/vol1/fastq/SRR106/023/SRR10687823/SRR10687823_1.fastq.gz	https://ftp.sra.ebi.ac.uk/vol1/fastq/SRR106/023/SRR10687823/SRR10687823_2.fastq.gz	SAMN12943654	523377	s
SRR10687824	PAIRED	https://ftp.sra.ebi.ac.uk/vol1/fastq/SRR106/024/SRR10687824/SRR10687824_1.fastq.gz	https://ftp.sra.ebi.ac.uk/vol1/fastq/SRR106/024/SRR10687824/SRR10687824_2.fastq.gz	SAMN12943653	556684	s
SRR10687830	PAIRED	https://ftp.sra.ebi.ac.uk/vol1/fastq/SRR106/030/SRR10687830/SRR10687830_1.fastq.gz	https://ftp.sra.ebi.ac.uk/vol1/fastq/SRR106/030/SRR10687830/SRR10687830_2.fastq.gz	SAMN12943735	670987	s
SRR10687838	PAIRED	https://ftp.sra.ebi.ac.uk/vol1/fastq/SRR106/038/SRR10687838/SRR10687838_1.fastq.gz	https://ftp.sra.ebi.ac.uk/vol1/fastq/SRR106/038/SRR10687838/SRR10687838_2.fastq.gz	SAMN12943466	1084075	s
SRR10687842	PAIRED	https://ftp.sra.ebi.ac.uk/vol1/fastq/SRR106/042/SRR10687842/SRR10687842_1.fastq.gz	https://ftp.sra.ebi.ac.uk/vol1/fastq/SRR106/042/SRR10687842/SRR10687842_2.fastq.gz	SAMN12943724	844117	s
SRR10687854	PAIRED	https://ftp.sra.ebi.ac.uk/vol1/fastq/SRR106/054/SRR10687854/SRR10687854_1.fastq.gz	https://ftp.sra.ebi.ac.uk/vol1/fastq/SRR106/054/SRR10687854/SRR10687854_2.fastq.gz	SAMN12943713	597273	s
SRR10687859	PAIRED	https://ftp.sra.ebi.ac.uk/vol1/fastq/SRR106/059/SRR10687859/SRR10687859_1.fastq.gz	https://ftp.sra.ebi.ac.uk/vol1/fastq/SRR106/059/SRR10687859/SRR10687859_2.fastq.gz	SAMN12943650	916431	s
SRR10687861	PAIRED	https://ftp.sra.ebi.ac.uk/vol1/fastq/SRR106/061/SRR10687861/SRR10687861_1.fastq.gz	https://ftp.sra.ebi.ac.uk/vol1/fastq/SRR106/061/SRR10687861/SRR10687861_2.fastq.gz	SAMN12943648	406140	s
SRR10687873	PAIRED	https://ftp.sra.ebi.ac.uk/vol1/fastq/SRR106/073/SRR10687873/SRR10687873_1.fastq.gz	https://ftp.sra.ebi.ac.uk/vol1/fastq/SRR106/073/SRR10687873/SRR10687873_2.fastq.gz	SAMN12943457	1281423	s
SRR10687878	PAIRED	https://ftp.sra.ebi.ac.uk/vol1/fastq/SRR106/078/SRR10687878/SRR10687878_1.fastq.gz	https://ftp.sra.ebi.ac.uk/vol1/fastq/SRR106/078/SRR10687878/SRR10687878_2.fastq.gz	SAMN12943634	949209	s
SRR10687882	PAIRED	https://ftp.sra.ebi.ac.uk/vol1/fastq/SRR106/082/SRR10687882/SRR10687882_1.fastq.gz	https://ftp.sra.ebi.ac.uk/vol1/fastq/SRR106/082/SRR10687882/SRR10687882_2.fastq.gz	SAMN12943630	1058578	s
SRR10687888	PAIRED	https://ftp.sra.ebi.ac.uk/vol1/fastq/SRR106/088/SRR10687888/SRR10687888_1.fastq.gz	https://ftp.sra.ebi.ac.uk/vol1/fastq/SRR106/088/SRR10687888/SRR10687888_2.fastq.gz	SAMN12943625	1194731	s
SRR10687900	PAIRED	https://ftp.sra.ebi.ac.uk/vol1/fastq/SRR106/000/SRR10687900/SRR10687900_1.fastq.gz	https://ftp.sra.ebi.ac.uk/vol1/fastq/SRR106/000/SRR10687900/SRR10687900_2.fastq.gz	SAMN12943614	1205429	s
SRR10687911	PAIRED	https://ftp.sra.ebi.ac.uk/vol1/fastq/SRR106/011/SRR10687911/SRR10687911_1.fastq.gz	https://ftp.sra.ebi.ac.uk/vol1/fastq/SRR106/011/SRR10687911/SRR10687911_2.fastq.gz	SAMN12943604	603005	s
SRR10687934	PAIRED	https://ftp.sra.ebi.ac.uk/vol1/fastq/SRR106/034/SRR10687934/SRR10687934_1.fastq.gz	https://ftp.sra.ebi.ac.uk/vol1/fastq/SRR106/034/SRR10687934/SRR10687934_2.fastq.gz	SAMN12943475	898070	s
SRR10687940	PAIRED	https://ftp.sra.ebi.ac.uk/vol1/fastq/SRR106/040/SRR10687940/SRR10687940_1.fastq.gz	https://ftp.sra.ebi.ac.uk/vol1/fastq/SRR106/040/SRR10687940/SRR10687940_2.fastq.gz	SAMN12943469	2107763	s
SRR10687946	PAIRED	https://ftp.sra.ebi.ac.uk/vol1/fastq/SRR106/046/SRR10687946/SRR10687946_1.fastq.gz	https://ftp.sra.ebi.ac.uk/vol1/fastq/SRR106/046/SRR10687946/SRR10687946_2.fastq.gz	SAMN12943745	949362	s
SRR10687947	PAIRED	https://ftp.sra.ebi.ac.uk/vol1/fastq/SRR106/047/SRR10687947/SRR10687947_1.fastq.gz	https://ftp.sra.ebi.ac.uk/vol1/fastq/SRR106/047/SRR10687947/SRR10687947_2.fastq.gz	SAMN12943744	702502	s
SRR10687950	PAIRED	https://ftp.sra.ebi.ac.uk/vol1/fastq/SRR106/050/SRR10687950/SRR10687950_1.fastq.gz	https://ftp.sra.ebi.ac.uk/vol1/fastq/SRR106/050/SRR10687950/SRR10687950_2.fastq.gz	SAMN12943741	836197	s
SRR10687959	PAIRED	https://ftp.sra.ebi.ac.uk/vol1/fastq/SRR106/059/SRR10687959/SRR10687959_1.fastq.gz	https://ftp.sra.ebi.ac.uk/vol1/fastq/SRR106/059/SRR10687959/SRR10687959_2.fastq.gz	SAMN12943560	820992	s
SRR10687969	PAIRED	https://ftp.sra.ebi.ac.uk/vol1/fastq/SRR106/069/SRR10687969/SRR10687969_1.fastq.gz	https://ftp.sra.ebi.ac.uk/vol1/fastq/SRR106/069/SRR10687969/SRR10687969_2.fastq.gz	SAMN12943551	1481760	s
SRR10687970	PAIRED	https://ftp.sra.ebi.ac.uk/vol1/fastq/SRR106/070/SRR10687970/SRR10687970_1.fastq.gz	https://ftp.sra.ebi.ac.uk/vol1/fastq/SRR106/070/SRR10687970/SRR10687970_2.fastq.gz	SAMN12943550	1169746	s
SRR10687971	PAIRED	https://ftp.sra.ebi.ac.uk/vol1/fastq/SRR106/071/SRR10687971/SRR10687971_1.fastq.gz	https://ftp.sra.ebi.ac.uk/vol1/fastq/SRR106/071/SRR10687971/SRR10687971_2.fastq.gz	SAMN12943549	1067051	s
SRR10687972	PAIRED	https://ftp.sra.ebi.ac.uk/vol1/fastq/SRR106/072/SRR10687972/SRR10687972_1.fastq.gz	https://ftp.sra.ebi.ac.uk/vol1/fastq/SRR106/072/SRR10687972/SRR10687972_2.fastq.gz	SAMN12943548	1041888	s
SRR10687974	PAIRED	https://ftp.sra.ebi.ac.uk/vol1/fastq/SRR106/074/SRR10687974/SRR10687974_1.fastq.gz	https://ftp.sra.ebi.ac.uk/vol1/fastq/SRR106/074/SRR10687974/SRR10687974_2.fastq.gz	SAMN12943547	1048174	s
SRR10687980	PAIRED	https://ftp.sra.ebi.ac.uk/vol1/fastq/SRR106/080/SRR10687980/SRR10687980_1.fastq.gz	https://ftp.sra.ebi.ac.uk/vol1/fastq/SRR106/080/SRR10687980/SRR10687980_2.fastq.gz	SAMN12943540	1043041	s
SRR10687986	PAIRED	https://ftp.sra.ebi.ac.uk/vol1/fastq/SRR106/086/SRR10687986/SRR10687986_1.fastq.gz	https://ftp.sra.ebi.ac.uk/vol1/fastq/SRR106/086/SRR10687986/SRR10687986_2.fastq.gz	SAMN12943437	1276752	s
SRR10687987	PAIRED	https://ftp.sra.ebi.ac.uk/vol1/fastq/SRR106/087/SRR10687987/SRR10687987_1.fastq.gz	https://ftp.sra.ebi.ac.uk/vol1/fastq/SRR106/087/SRR10687987/SRR10687987_2.fastq.gz	SAMN12943593	671749	s
SRR10687998	PAIRED	https://ftp.sra.ebi.ac.uk/vol1/fastq/SRR106/098/SRR10687998/SRR10687998_1.fastq.gz	https://ftp.sra.ebi.ac.uk/vol1/fastq/SRR106/098/SRR10687998/SRR10687998_2.fastq.gz	SAMN12943583	986552	s
SRR10810338	PAIRED	https://ftp.sra.ebi.ac.uk/vol1/fastq/SRR108/038/SRR10810338/SRR10810338_1.fastq.gz	https://ftp.sra.ebi.ac.uk/vol1/fastq/SRR108/038/SRR10810338/SRR10810338_2.fastq.gz	SAMN13703497	1495498	u
SRR10810370	PAIRED	https://ftp.sra.ebi.ac.uk/vol1/fastq/SRR108/070/SRR10810370/SRR10810370_1.fastq.gz	https://ftp.sra.ebi.ac.uk/vol1/fastq/SRR108/070/SRR10810370/SRR10810370_2.fastq.gz	SAMN13703506	744921	s
SRR10820755	PAIRED	https://ftp.sra.ebi.ac.uk/vol1/fastq/SRR108/055/SRR10820755/SRR10820755_1.fastq.gz	https://ftp.sra.ebi.ac.uk/vol1/fastq/SRR108/055/SRR10820755/SRR10820755_2.fastq.gz	SAMN13714350	1766555	s
SRR10822778	PAIRED	https://ftp.sra.ebi.ac.uk/vol1/fastq/SRR108/078/SRR10822778/SRR10822778_1.fastq.gz	https://ftp.sra.ebi.ac.uk/vol1/fastq/SRR108/078/SRR10822778/SRR10822778_2.fastq.gz	SAMN13718753	1191986	s
SRR10827528	PAIRED	https://ftp.sra.ebi.ac.uk/vol1/fastq/SRR108/028/SRR10827528/SRR10827528_1.fastq.gz	https://ftp.sra.ebi.ac.uk/vol1/fastq/SRR108/028/SRR10827528/SRR10827528_2.fastq.gz	SAMN13721832	1188816	s
SRR10827529	PAIRED	https://ftp.sra.ebi.ac.uk/vol1/fastq/SRR108/029/SRR10827529/SRR10827529_1.fastq.gz	https://ftp.sra.ebi.ac.uk/vol1/fastq/SRR108/029/SRR10827529/SRR10827529_2.fastq.gz	SAMN13721833	786826	s
SRR10827533	PAIRED	https://ftp.sra.ebi.ac.uk/vol1/fastq/SRR108/033/SRR10827533/SRR10827533_1.fastq.gz	https://ftp.sra.ebi.ac.uk/vol1/fastq/SRR108/033/SRR10827533/SRR10827533_2.fastq.gz	SAMN13721840	1368285	s
SRR10877313	PAIRED	https://ftp.sra.ebi.ac.uk/vol1/fastq/SRR108/013/SRR10877313/SRR10877313_1.fastq.gz	https://ftp.sra.ebi.ac.uk/vol1/fastq/SRR108/013/SRR10877313/SRR10877313_2.fastq.gz	SAMN13836681	1352067	s
SRR10878371	PAIRED	https://ftp.sra.ebi.ac.uk/vol1/fastq/SRR108/071/SRR10878371/SRR10878371_1.fastq.gz	https://ftp.sra.ebi.ac.uk/vol1/fastq/SRR108/071/SRR10878371/SRR10878371_2.fastq.gz	SAMN13837005	1453327	u
SRR10878372	PAIRED	https://ftp.sra.ebi.ac.uk/vol1/fastq/SRR108/072/SRR10878372/SRR10878372_1.fastq.gz	https://ftp.sra.ebi.ac.uk/vol1/fastq/SRR108/072/SRR10878372/SRR10878372_2.fastq.gz	SAMN13837004	1436271	u
SRR10878374	PAIRED	https://ftp.sra.ebi.ac.uk/vol1/fastq/SRR108/074/SRR10878374/SRR10878374_1.fastq.gz	https://ftp.sra.ebi.ac.uk/vol1/fastq/SRR108/074/SRR10878374/SRR10878374_2.fastq.gz	SAMN13836985	1438962	u
SRR10885155	PAIRED	https://ftp.sra.ebi.ac.uk/vol1/fastq/SRR108/055/SRR10885155/SRR10885155_1.fastq.gz	https://ftp.sra.ebi.ac.uk/vol1/fastq/SRR108/055/SRR10885155/SRR10885155_2.fastq.gz	SAMN13852237	894544	s
SRR10947454	PAIRED	https://ftp.sra.ebi.ac.uk/vol1/fastq/SRR109/054/SRR10947454/SRR10947454_1.fastq.gz	https://ftp.sra.ebi.ac.uk/vol1/fastq/SRR109/054/SRR10947454/SRR10947454_2.fastq.gz	SAMN13898692	774208	u
SRR10947583	PAIRED	https://ftp.sra.ebi.ac.uk/vol1/fastq/SRR109/083/SRR10947583/SRR10947583_1.fastq.gz	https://ftp.sra.ebi.ac.uk/vol1/fastq/SRR109/083/SRR10947583/SRR10947583_2.fastq.gz	SAMN13898659	807174	u
SRR10959112	PAIRED	https://ftp.sra.ebi.ac.uk/vol1/fastq/SRR109/012/SRR10959112/SRR10959112_1.fastq.gz	https://ftp.sra.ebi.ac.uk/vol1/fastq/SRR109/012/SRR10959112/SRR10959112_2.fastq.gz	SAMN13911721	598463	r
SRR10969701	PAIRED	https://ftp.sra.ebi.ac.uk/vol1/fastq/SRR109/001/SRR10969701/SRR10969701_1.fastq.gz	https://ftp.sra.ebi.ac.uk/vol1/fastq/SRR109/001/SRR10969701/SRR10969701_2.fastq.gz	SAMN13927612	780374	s
SRR10969706	PAIRED	https://ftp.sra.ebi.ac.uk/vol1/fastq/SRR109/006/SRR10969706/SRR10969706_1.fastq.gz	https://ftp.sra.ebi.ac.uk/vol1/fastq/SRR109/006/SRR10969706/SRR10969706_2.fastq.gz	SAMN13927618	823362	s
SRR10970064	PAIRED	https://ftp.sra.ebi.ac.uk/vol1/fastq/SRR109/064/SRR10970064/SRR10970064_1.fastq.gz	https://ftp.sra.ebi.ac.uk/vol1/fastq/SRR109/064/SRR10970064/SRR10970064_2.fastq.gz	SAMN13927593	2215541	r
SRR10970067	PAIRED	https://ftp.sra.ebi.ac.uk/vol1/fastq/SRR109/067/SRR10970067/SRR10970067_1.fastq.gz	https://ftp.sra.ebi.ac.uk/vol1/fastq/SRR109/067/SRR10970067/SRR10970067_2.fastq.gz	SAMN13927585	1845545	r
SRR10970069	PAIRED	https://ftp.sra.ebi.ac.uk/vol1/fastq/SRR109/069/SRR10970069/SRR10970069_1.fastq.gz	https://ftp.sra.ebi.ac.uk/vol1/fastq/SRR109/069/SRR10970069/SRR10970069_2.fastq.gz	SAMN13927555	1879764	r
SRR10970092	PAIRED	https://ftp.sra.ebi.ac.uk/vol1/fastq/SRR109/092/SRR10970092/SRR10970092_1.fastq.gz	https://ftp.sra.ebi.ac.uk/vol1/fastq/SRR109/092/SRR10970092/SRR10970092_2.fastq.gz	SAMN13927558	1594170	r
SRR10970109	PAIRED	https://ftp.sra.ebi.ac.uk/vol1/fastq/SRR109/009/SRR10970109/SRR10970109_1.fastq.gz	https://ftp.sra.ebi.ac.uk/vol1/fastq/SRR109/009/SRR10970109/SRR10970109_2.fastq.gz	SAMN13927605	1058061	r
SRR10970114	PAIRED	https://ftp.sra.ebi.ac.uk/vol1/fastq/SRR109/014/SRR10970114/SRR10970114_1.fastq.gz	https://ftp.sra.ebi.ac.uk/vol1/fastq/SRR109/014/SRR10970114/SRR10970114_2.fastq.gz	SAMN13927606	1160360	r
SRR10970120	PAIRED	https://ftp.sra.ebi.ac.uk/vol1/fastq/SRR109/020/SRR10970120/SRR10970120_1.fastq.gz	https://ftp.sra.ebi.ac.uk/vol1/fastq/SRR109/020/SRR10970120/SRR10970120_2.fastq.gz	SAMN13927575	1395049	r
SRR10970121	PAIRED	https://ftp.sra.ebi.ac.uk/vol1/fastq/SRR109/021/SRR10970121/SRR10970121_1.fastq.gz	https://ftp.sra.ebi.ac.uk/vol1/fastq/SRR109/021/SRR10970121/SRR10970121_2.fastq.gz	SAMN13927559	808921	r
SRR10970122	PAIRED	https://ftp.sra.ebi.ac.uk/vol1/fastq/SRR109/022/SRR10970122/SRR10970122_1.fastq.gz	https://ftp.sra.ebi.ac.uk/vol1/fastq/SRR109/022/SRR10970122/SRR10970122_2.fastq.gz	SAMN13927577	1954023	r
SRR10970125	PAIRED	https://ftp.sra.ebi.ac.uk/vol1/fastq/SRR109/025/SRR10970125/SRR10970125_1.fastq.gz	https://ftp.sra.ebi.ac.uk/vol1/fastq/SRR109/025/SRR10970125/SRR10970125_2.fastq.gz	SAMN13927574	596785	r
SRR10970338	PAIRED	https://ftp.sra.ebi.ac.uk/vol1/fastq/SRR109/038/SRR10970338/SRR10970338_1.fastq.gz	https://ftp.sra.ebi.ac.uk/vol1/fastq/SRR109/038/SRR10970338/SRR10970338_2.fastq.gz	SAMN13927583	607193	r
SRR10970339	PAIRED	https://ftp.sra.ebi.ac.uk/vol1/fastq/SRR109/039/SRR10970339/SRR10970339_1.fastq.gz	https://ftp.sra.ebi.ac.uk/vol1/fastq/SRR109/039/SRR10970339/SRR10970339_2.fastq.gz	SAMN13927603	991194	r
SRR10982262	PAIRED	https://ftp.sra.ebi.ac.uk/vol1/fastq/SRR109/062/SRR10982262/SRR10982262_1.fastq.gz	https://ftp.sra.ebi.ac.uk/vol1/fastq/SRR109/062/SRR10982262/SRR10982262_2.fastq.gz	SAMN13938491	988264	s
SRR10982264	PAIRED	https://ftp.sra.ebi.ac.uk/vol1/fastq/SRR109/064/SRR10982264/SRR10982264_1.fastq.gz	https://ftp.sra.ebi.ac.uk/vol1/fastq/SRR109/064/SRR10982264/SRR10982264_2.fastq.gz	SAMN13938484	851256	s
SRR11029765	PAIRED	https://ftp.sra.ebi.ac.uk/vol1/fastq/SRR110/065/SRR11029765/SRR11029765_1.fastq.gz	https://ftp.sra.ebi.ac.uk/vol1/fastq/SRR110/065/SRR11029765/SRR11029765_2.fastq.gz	SAMN14008855	707586	u
SRR11029841	PAIRED	https://ftp.sra.ebi.ac.uk/vol1/fastq/SRR110/041/SRR11029841/SRR11029841_1.fastq.gz	https://ftp.sra.ebi.ac.uk/vol1/fastq/SRR110/041/SRR11029841/SRR11029841_2.fastq.gz	SAMN14009994	742765	u
SRR11029843	PAIRED	https://ftp.sra.ebi.ac.uk/vol1/fastq/SRR110/043/SRR11029843/SRR11029843_1.fastq.gz	https://ftp.sra.ebi.ac.uk/vol1/fastq/SRR110/043/SRR11029843/SRR11029843_2.fastq.gz	SAMN14009993	647768	u
SRR11080863	PAIRED	https://ftp.sra.ebi.ac.uk/vol1/fastq/SRR110/063/SRR11080863/SRR11080863_1.fastq.gz	https://ftp.sra.ebi.ac.uk/vol1/fastq/SRR110/063/SRR11080863/SRR11080863_2.fastq.gz	SAMN13981353	762946	u
SRR11080867	PAIRED	https://ftp.sra.ebi.ac.uk/vol1/fastq/SRR110/067/SRR11080867/SRR11080867_1.fastq.gz	https://ftp.sra.ebi.ac.uk/vol1/fastq/SRR110/067/SRR11080867/SRR11080867_2.fastq.gz	SAMN13981366	733225	u
SRR11080871	PAIRED	https://ftp.sra.ebi.ac.uk/vol1/fastq/SRR110/071/SRR11080871/SRR11080871_1.fastq.gz	https://ftp.sra.ebi.ac.uk/vol1/fastq/SRR110/071/SRR11080871/SRR11080871_2.fastq.gz	SAMN13981362	717627	u
SRR11087859	PAIRED	https://ftp.sra.ebi.ac.uk/vol1/fastq/SRR110/059/SRR11087859/SRR11087859_1.fastq.gz	https://ftp.sra.ebi.ac.uk/vol1/fastq/SRR110/059/SRR11087859/SRR11087859_2.fastq.gz	SAMN14111980	3202921	s
SRR11101139	PAIRED	https://ftp.sra.ebi.ac.uk/vol1/fastq/SRR111/039/SRR11101139/SRR11101139_1.fastq.gz	https://ftp.sra.ebi.ac.uk/vol1/fastq/SRR111/039/SRR11101139/SRR11101139_2.fastq.gz	SAMN14125505	917126	u
SRR11101152	PAIRED	https://ftp.sra.ebi.ac.uk/vol1/fastq/SRR111/052/SRR11101152/SRR11101152_1.fastq.gz	https://ftp.sra.ebi.ac.uk/vol1/fastq/SRR111/052/SRR11101152/SRR11101152_2.fastq.gz	SAMN14125516	836905	u
SRR11101259	PAIRED	https://ftp.sra.ebi.ac.uk/vol1/fastq/SRR111/059/SRR11101259/SRR11101259_1.fastq.gz	https://ftp.sra.ebi.ac.uk/vol1/fastq/SRR111/059/SRR11101259/SRR11101259_2.fastq.gz	SAMN14125644	1175447	u
SRR11101268	PAIRED	https://ftp.sra.ebi.ac.uk/vol1/fastq/SRR111/068/SRR11101268/SRR11101268_1.fastq.gz	https://ftp.sra.ebi.ac.uk/vol1/fastq/SRR111/068/SRR11101268/SRR11101268_2.fastq.gz	SAMN14125656	899191	u
SRR11101283	PAIRED	https://ftp.sra.ebi.ac.uk/vol1/fastq/SRR111/083/SRR11101283/SRR11101283_1.fastq.gz	https://ftp.sra.ebi.ac.uk/vol1/fastq/SRR111/083/SRR11101283/SRR11101283_2.fastq.gz	SAMN14125678	983997	u
SRR11263469	PAIRED	https://ftp.sra.ebi.ac.uk/vol1/fastq/SRR112/069/SRR11263469/SRR11263469_1.fastq.gz	https://ftp.sra.ebi.ac.uk/vol1/fastq/SRR112/069/SRR11263469/SRR11263469_2.fastq.gz	SAMN14331076	1290357	u
SRR11266544	PAIRED	https://ftp.sra.ebi.ac.uk/vol1/fastq/SRR112/044/SRR11266544/SRR11266544_1.fastq.gz	https://ftp.sra.ebi.ac.uk/vol1/fastq/SRR112/044/SRR11266544/SRR11266544_2.fastq.gz	SAMN14331107	1258083	u
SRR11298945	PAIRED	https://ftp.sra.ebi.ac.uk/vol1/fastq/SRR112/045/SRR11298945/SRR11298945_1.fastq.gz	https://ftp.sra.ebi.ac.uk/vol1/fastq/SRR112/045/SRR11298945/SRR11298945_2.fastq.gz	SAMN14369371	746098	s
SRR11301515	PAIRED	https://ftp.sra.ebi.ac.uk/vol1/fastq/SRR113/015/SRR11301515/SRR11301515_1.fastq.gz	https://ftp.sra.ebi.ac.uk/vol1/fastq/SRR113/015/SRR11301515/SRR11301515_2.fastq.gz	SAMN14372313	740091	s
SRR11319488	PAIRED	https://ftp.sra.ebi.ac.uk/vol1/fastq/SRR113/088/SRR11319488/SRR11319488_1.fastq.gz	https://ftp.sra.ebi.ac.uk/vol1/fastq/SRR113/088/SRR11319488/SRR11319488_2.fastq.gz	SAMN14384396	791986	u
SRR11319491	PAIRED	https://ftp.sra.ebi.ac.uk/vol1/fastq/SRR113/091/SRR11319491/SRR11319491_1.fastq.gz	https://ftp.sra.ebi.ac.uk/vol1/fastq/SRR113/091/SRR11319491/SRR11319491_2.fastq.gz	SAMN14384393	1014255	u
SRR11319492	PAIRED	https://ftp.sra.ebi.ac.uk/vol1/fastq/SRR113/092/SRR11319492/SRR11319492_1.fastq.gz	https://ftp.sra.ebi.ac.uk/vol1/fastq/SRR113/092/SRR11319492/SRR11319492_2.fastq.gz	SAMN14384392	749269	u
SRR11349398	PAIRED	https://ftp.sra.ebi.ac.uk/vol1/fastq/SRR113/098/SRR11349398/SRR11349398_1.fastq.gz	https://ftp.sra.ebi.ac.uk/vol1/fastq/SRR113/098/SRR11349398/SRR11349398_2.fastq.gz	SAMN14403491	1406634	s
SRR11420627	PAIRED	https://ftp.sra.ebi.ac.uk/vol1/fastq/SRR114/027/SRR11420627/SRR11420627_1.fastq.gz	https://ftp.sra.ebi.ac.uk/vol1/fastq/SRR114/027/SRR11420627/SRR11420627_2.fastq.gz	SAMN14448216	1005980	s
SRR11424074	PAIRED	https://ftp.sra.ebi.ac.uk/vol1/fastq/SRR114/074/SRR11424074/SRR11424074_1.fastq.gz	https://ftp.sra.ebi.ac.uk/vol1/fastq/SRR114/074/SRR11424074/SRR11424074_2.fastq.gz	SAMN14448423	711761	s
SRR11424109	PAIRED	https://ftp.sra.ebi.ac.uk/vol1/fastq/SRR114/009/SRR11424109/SRR11424109_1.fastq.gz	https://ftp.sra.ebi.ac.uk/vol1/fastq/SRR114/009/SRR11424109/SRR11424109_2.fastq.gz	SAMN14448585	1120601	s
SRR11451411	PAIRED	https://ftp.sra.ebi.ac.uk/vol1/fastq/SRR114/011/SRR11451411/SRR11451411_1.fastq.gz	https://ftp.sra.ebi.ac.uk/vol1/fastq/SRR114/011/SRR11451411/SRR11451411_2.fastq.gz	SAMN14488140	1814360	u
SRR11487644	PAIRED	https://ftp.sra.ebi.ac.uk/vol1/fastq/SRR114/044/SRR11487644/SRR11487644_1.fastq.gz	https://ftp.sra.ebi.ac.uk/vol1/fastq/SRR114/044/SRR11487644/SRR11487644_2.fastq.gz	SAMN14544593	706213	u
SRR11487834	PAIRED	https://ftp.sra.ebi.ac.uk/vol1/fastq/SRR114/034/SRR11487834/SRR11487834_1.fastq.gz	https://ftp.sra.ebi.ac.uk/vol1/fastq/SRR114/034/SRR11487834/SRR11487834_2.fastq.gz	SAMN14544543	1092865	u
SRR1172772	PAIRED	https://ftp.sra.ebi.ac.uk/vol1/fastq/SRR117/002/SRR1172772/SRR1172772_1.fastq.gz	https://ftp.sra.ebi.ac.uk/vol1/fastq/SRR117/002/SRR1172772/SRR1172772_2.fastq.gz	SAMN02581401	9443505	u
SRR11783246	PAIRED	https://ftp.sra.ebi.ac.uk/vol1/fastq/SRR117/046/SRR11783246/SRR11783246_1.fastq.gz	https://ftp.sra.ebi.ac.uk/vol1/fastq/SRR117/046/SRR11783246/SRR11783246_2.fastq.gz	SAMN14911220	1580029	u
SRR11783284	PAIRED	https://ftp.sra.ebi.ac.uk/vol1/fastq/SRR117/084/SRR11783284/SRR11783284_1.fastq.gz	https://ftp.sra.ebi.ac.uk/vol1/fastq/SRR117/084/SRR11783284/SRR11783284_2.fastq.gz	SAMN14911290	1994748	u
SRR11866733	PAIRED	https://ftp.sra.ebi.ac.uk/vol1/fastq/SRR118/033/SRR11866733/SRR11866733_1.fastq.gz	https://ftp.sra.ebi.ac.uk/vol1/fastq/SRR118/033/SRR11866733/SRR11866733_2.fastq.gz	SAMN15047364	1473735	s
SRR11871163	PAIRED	https://ftp.sra.ebi.ac.uk/vol1/fastq/SRR118/063/SRR11871163/SRR11871163_1.fastq.gz	https://ftp.sra.ebi.ac.uk/vol1/fastq/SRR118/063/SRR11871163/SRR11871163_2.fastq.gz	SAMN15052644	862541	u
SRR11871164	PAIRED	https://ftp.sra.ebi.ac.uk/vol1/fastq/SRR118/064/SRR11871164/SRR11871164_1.fastq.gz	https://ftp.sra.ebi.ac.uk/vol1/fastq/SRR118/064/SRR11871164/SRR11871164_2.fastq.gz	SAMN15052643	812070	u
SRR11871168	PAIRED	https://ftp.sra.ebi.ac.uk/vol1/fastq/SRR118/068/SRR11871168/SRR11871168_1.fastq.gz	https://ftp.sra.ebi.ac.uk/vol1/fastq/SRR118/068/SRR11871168/SRR11871168_2.fastq.gz	SAMN15052639	879626	u
SRR11871177	PAIRED	https://ftp.sra.ebi.ac.uk/vol1/fastq/SRR118/077/SRR11871177/SRR11871177_1.fastq.gz	https://ftp.sra.ebi.ac.uk/vol1/fastq/SRR118/077/SRR11871177/SRR11871177_2.fastq.gz	SAMN15052631	684977	u
SRR11871198	PAIRED	https://ftp.sra.ebi.ac.uk/vol1/fastq/SRR118/098/SRR11871198/SRR11871198_1.fastq.gz	https://ftp.sra.ebi.ac.uk/vol1/fastq/SRR118/098/SRR11871198/SRR11871198_2.fastq.gz	SAMN15052494	4199559	u
SRR11871201	PAIRED	https://ftp.sra.ebi.ac.uk/vol1/fastq/SRR118/001/SRR11871201/SRR11871201_1.fastq.gz	https://ftp.sra.ebi.ac.uk/vol1/fastq/SRR118/001/SRR11871201/SRR11871201_2.fastq.gz	SAMN15052572	4508395	u
SRR11871205	PAIRED	https://ftp.sra.ebi.ac.uk/vol1/fastq/SRR118/005/SRR11871205/SRR11871205_1.fastq.gz	https://ftp.sra.ebi.ac.uk/vol1/fastq/SRR118/005/SRR11871205/SRR11871205_2.fastq.gz	SAMN15052568	6998137	u
SRR11871206	PAIRED	https://ftp.sra.ebi.ac.uk/vol1/fastq/SRR118/006/SRR11871206/SRR11871206_1.fastq.gz	https://ftp.sra.ebi.ac.uk/vol1/fastq/SRR118/006/SRR11871206/SRR11871206_2.fastq.gz	SAMN15052567	4526494	u
SRR11871221	PAIRED	https://ftp.sra.ebi.ac.uk/vol1/fastq/SRR118/021/SRR11871221/SRR11871221_1.fastq.gz	https://ftp.sra.ebi.ac.uk/vol1/fastq/SRR118/021/SRR11871221/SRR11871221_2.fastq.gz	SAMN15052554	8197684	u
SRR11871226	PAIRED	https://ftp.sra.ebi.ac.uk/vol1/fastq/SRR118/026/SRR11871226/SRR11871226_1.fastq.gz	https://ftp.sra.ebi.ac.uk/vol1/fastq/SRR118/026/SRR11871226/SRR11871226_2.fastq.gz	SAMN15052549	1249884	u
SRR11871233	PAIRED	https://ftp.sra.ebi.ac.uk/vol1/fastq/SRR118/033/SRR11871233/SRR11871233_1.fastq.gz	https://ftp.sra.ebi.ac.uk/vol1/fastq/SRR118/033/SRR11871233/SRR11871233_2.fastq.gz	SAMN15052609	1630421	u
SRR11871243	PAIRED	https://ftp.sra.ebi.ac.uk/vol1/fastq/SRR118/043/SRR11871243/SRR11871243_1.fastq.gz	https://ftp.sra.ebi.ac.uk/vol1/fastq/SRR118/043/SRR11871243/SRR11871243_2.fastq.gz	SAMN15052600	4259329	u
SRR11871256	PAIRED	https://ftp.sra.ebi.ac.uk/vol1/fastq/SRR118/056/SRR11871256/SRR11871256_1.fastq.gz	https://ftp.sra.ebi.ac.uk/vol1/fastq/SRR118/056/SRR11871256/SRR11871256_2.fastq.gz	SAMN15052588	6011072	u
SRR11871289	PAIRED	https://ftp.sra.ebi.ac.uk/vol1/fastq/SRR118/089/SRR11871289/SRR11871289_1.fastq.gz	https://ftp.sra.ebi.ac.uk/vol1/fastq/SRR118/089/SRR11871289/SRR11871289_2.fastq.gz	SAMN15052521	2910104	u
SRR11871292	PAIRED	https://ftp.sra.ebi.ac.uk/vol1/fastq/SRR118/092/SRR11871292/SRR11871292_1.fastq.gz	https://ftp.sra.ebi.ac.uk/vol1/fastq/SRR118/092/SRR11871292/SRR11871292_2.fastq.gz	SAMN15052495	5011408	u
SRR11871296	PAIRED	https://ftp.sra.ebi.ac.uk/vol1/fastq/SRR118/096/SRR11871296/SRR11871296_1.fastq.gz	https://ftp.sra.ebi.ac.uk/vol1/fastq/SRR118/096/SRR11871296/SRR11871296_2.fastq.gz	SAMN15052583	3870362	u
SRR11871311	PAIRED	https://ftp.sra.ebi.ac.uk/vol1/fastq/SRR118/011/SRR11871311/SRR11871311_1.fastq.gz	https://ftp.sra.ebi.ac.uk/vol1/fastq/SRR118/011/SRR11871311/SRR11871311_2.fastq.gz	SAMN15052511	2295509	u
SRR11871325	PAIRED	https://ftp.sra.ebi.ac.uk/vol1/fastq/SRR118/025/SRR11871325/SRR11871325_1.fastq.gz	https://ftp.sra.ebi.ac.uk/vol1/fastq/SRR118/025/SRR11871325/SRR11871325_2.fastq.gz	SAMN15052652	1032378	u
SRR12017858	PAIRED	https://ftp.sra.ebi.ac.uk/vol1/fastq/SRR120/058/SRR12017858/SRR12017858_1.fastq.gz	https://ftp.sra.ebi.ac.uk/vol1/fastq/SRR120/058/SRR12017858/SRR12017858_2.fastq.gz	SAMN15239395	1206409	u
SRR12017880	PAIRED	https://ftp.sra.ebi.ac.uk/vol1/fastq/SRR120/080/SRR12017880/SRR12017880_1.fastq.gz	https://ftp.sra.ebi.ac.uk/vol1/fastq/SRR120/080/SRR12017880/SRR12017880_2.fastq.gz	SAMN15239385	1269724	u
SRR12017924	PAIRED	https://ftp.sra.ebi.ac.uk/vol1/fastq/SRR120/024/SRR12017924/SRR12017924_1.fastq.gz	https://ftp.sra.ebi.ac.uk/vol1/fastq/SRR120/024/SRR12017924/SRR12017924_2.fastq.gz	SAMN15239419	1300271	u
SRR12034999	PAIRED	https://ftp.sra.ebi.ac.uk/vol1/fastq/SRR120/099/SRR12034999/SRR12034999_1.fastq.gz	https://ftp.sra.ebi.ac.uk/vol1/fastq/SRR120/099/SRR12034999/SRR12034999_2.fastq.gz	SAMN15299110	539621	s
SRR12075377	PAIRED	https://ftp.sra.ebi.ac.uk/vol1/fastq/SRR120/077/SRR12075377/SRR12075377_1.fastq.gz	https://ftp.sra.ebi.ac.uk/vol1/fastq/SRR120/077/SRR12075377/SRR12075377_2.fastq.gz	SAMN15349898	1003324	u
SRR12145932	PAIRED	https://ftp.sra.ebi.ac.uk/vol1/fastq/SRR121/032/SRR12145932/SRR12145932_1.fastq.gz	https://ftp.sra.ebi.ac.uk/vol1/fastq/SRR121/032/SRR12145932/SRR12145932_2.fastq.gz	SAMN15447920	1404417	u
SRR12145960	PAIRED	https://ftp.sra.ebi.ac.uk/vol1/fastq/SRR121/060/SRR12145960/SRR12145960_1.fastq.gz	https://ftp.sra.ebi.ac.uk/vol1/fastq/SRR121/060/SRR12145960/SRR12145960_2.fastq.gz	SAMN15447895	1764005	u
SRR12145961	PAIRED	https://ftp.sra.ebi.ac.uk/vol1/fastq/SRR121/061/SRR12145961/SRR12145961_1.fastq.gz	https://ftp.sra.ebi.ac.uk/vol1/fastq/SRR121/061/SRR12145961/SRR12145961_2.fastq.gz	SAMN15447894	2314529	u
SRR12145975	PAIRED	https://ftp.sra.ebi.ac.uk/vol1/fastq/SRR121/075/SRR12145975/SRR12145975_1.fastq.gz	https://ftp.sra.ebi.ac.uk/vol1/fastq/SRR121/075/SRR12145975/SRR12145975_2.fastq.gz	SAMN15447881	942010	u
SRR12145980	PAIRED	https://ftp.sra.ebi.ac.uk/vol1/fastq/SRR121/080/SRR12145980/SRR12145980_1.fastq.gz	https://ftp.sra.ebi.ac.uk/vol1/fastq/SRR121/080/SRR12145980/SRR12145980_2.fastq.gz	SAMN15447877	349431	u
SRR12145989	PAIRED	https://ftp.sra.ebi.ac.uk/vol1/fastq/SRR121/089/SRR12145989/SRR12145989_1.fastq.gz	https://ftp.sra.ebi.ac.uk/vol1/fastq/SRR121/089/SRR12145989/SRR12145989_2.fastq.gz	SAMN15447860	854612	u
SRR12186922	PAIRED	https://ftp.sra.ebi.ac.uk/vol1/fastq/SRR121/022/SRR12186922/SRR12186922_1.fastq.gz	https://ftp.sra.ebi.ac.uk/vol1/fastq/SRR121/022/SRR12186922/SRR12186922_2.fastq.gz	SAMN15496477	532901	s
SRR12272107	PAIRED	https://ftp.sra.ebi.ac.uk/vol1/fastq/SRR122/007/SRR12272107/SRR12272107_1.fastq.gz	https://ftp.sra.ebi.ac.uk/vol1/fastq/SRR122/007/SRR12272107/SRR12272107_2.fastq.gz	SAMN15569259	1080679	u
SRR12314147	PAIRED	https://ftp.sra.ebi.ac.uk/vol1/fastq/SRR123/047/SRR12314147/SRR12314147_1.fastq.gz	https://ftp.sra.ebi.ac.uk/vol1/fastq/SRR123/047/SRR12314147/SRR12314147_2.fastq.gz	SAMN15635030	723856	s
SRR12377545	PAIRED	https://ftp.sra.ebi.ac.uk/vol1/fastq/SRR123/045/SRR12377545/SRR12377545_1.fastq.gz	https://ftp.sra.ebi.ac.uk/vol1/fastq/SRR123/045/SRR12377545/SRR12377545_2.fastq.gz	SAMN15717387	701300	u
SRR12377556	PAIRED	https://ftp.sra.ebi.ac.uk/vol1/fastq/SRR123/056/SRR12377556/SRR12377556_1.fastq.gz	https://ftp.sra.ebi.ac.uk/vol1/fastq/SRR123/056/SRR12377556/SRR12377556_2.fastq.gz	SAMN15717375	1768677	u
SRR12377578	PAIRED	https://ftp.sra.ebi.ac.uk/vol1/fastq/SRR123/078/SRR12377578/SRR12377578_1.fastq.gz	https://ftp.sra.ebi.ac.uk/vol1/fastq/SRR123/078/SRR12377578/SRR12377578_2.fastq.gz	SAMN15717910	862122	u
SRR12378059	PAIRED	https://ftp.sra.ebi.ac.uk/vol1/fastq/SRR123/059/SRR12378059/SRR12378059_1.fastq.gz	https://ftp.sra.ebi.ac.uk/vol1/fastq/SRR123/059/SRR12378059/SRR12378059_2.fastq.gz	SAMN15717926	869286	u
SRR12383626	PAIRED	https://ftp.sra.ebi.ac.uk/vol1/fastq/SRR123/026/SRR12383626/SRR12383626_1.fastq.gz	https://ftp.sra.ebi.ac.uk/vol1/fastq/SRR123/026/SRR12383626/SRR12383626_2.fastq.gz	SAMN15722864	1760273	s
SRR12385458	PAIRED	https://ftp.sra.ebi.ac.uk/vol1/fastq/SRR123/058/SRR12385458/SRR12385458_1.fastq.gz	https://ftp.sra.ebi.ac.uk/vol1/fastq/SRR123/058/SRR12385458/SRR12385458_2.fastq.gz	SAMN15728536	983231	s
SRR12387684	PAIRED	https://ftp.sra.ebi.ac.uk/vol1/fastq/SRR123/084/SRR12387684/SRR12387684_1.fastq.gz	https://ftp.sra.ebi.ac.uk/vol1/fastq/SRR123/084/SRR12387684/SRR12387684_2.fastq.gz	SAMN15729761	892875	u
SRR12395468	PAIRED	https://ftp.sra.ebi.ac.uk/vol1/fastq/SRR123/068/SRR12395468/SRR12395468_1.fastq.gz	https://ftp.sra.ebi.ac.uk/vol1/fastq/SRR123/068/SRR12395468/SRR12395468_2.fastq.gz	SAMN15690527	646882	u
SRR12401673	PAIRED	https://ftp.sra.ebi.ac.uk/vol1/fastq/SRR124/073/SRR12401673/SRR12401673_1.fastq.gz	https://ftp.sra.ebi.ac.uk/vol1/fastq/SRR124/073/SRR12401673/SRR12401673_2.fastq.gz	SAMN15747902	556523	u
SRR12641603	PAIRED	https://ftp.sra.ebi.ac.uk/vol1/fastq/SRR126/003/SRR12641603/SRR12641603_1.fastq.gz	https://ftp.sra.ebi.ac.uk/vol1/fastq/SRR126/003/SRR12641603/SRR12641603_2.fastq.gz	SAMN16124838	924451	u
SRR12699130	PAIRED	https://ftp.sra.ebi.ac.uk/vol1/fastq/SRR126/030/SRR12699130/SRR12699130_1.fastq.gz	https://ftp.sra.ebi.ac.uk/vol1/fastq/SRR126/030/SRR12699130/SRR12699130_2.fastq.gz	SAMN15776721	927573	u
SRR12699135	PAIRED	https://ftp.sra.ebi.ac.uk/vol1/fastq/SRR126/035/SRR12699135/SRR12699135_1.fastq.gz	https://ftp.sra.ebi.ac.uk/vol1/fastq/SRR126/035/SRR12699135/SRR12699135_2.fastq.gz	SAMN15776719	707285	u
SRR12699136	PAIRED	https://ftp.sra.ebi.ac.uk/vol1/fastq/SRR126/036/SRR12699136/SRR12699136_1.fastq.gz	https://ftp.sra.ebi.ac.uk/vol1/fastq/SRR126/036/SRR12699136/SRR12699136_2.fastq.gz	SAMN15776718	894267	u
SRR12699137	PAIRED	https://ftp.sra.ebi.ac.uk/vol1/fastq/SRR126/037/SRR12699137/SRR12699137_1.fastq.gz	https://ftp.sra.ebi.ac.uk/vol1/fastq/SRR126/037/SRR12699137/SRR12699137_2.fastq.gz	SAMN15776717	901595	u
SRR12699145	PAIRED	https://ftp.sra.ebi.ac.uk/vol1/fastq/SRR126/045/SRR12699145/SRR12699145_1.fastq.gz	https://ftp.sra.ebi.ac.uk/vol1/fastq/SRR126/045/SRR12699145/SRR12699145_2.fastq.gz	SAMN15776737	1380923	u
SRR12699147	PAIRED	https://ftp.sra.ebi.ac.uk/vol1/fastq/SRR126/047/SRR12699147/SRR12699147_1.fastq.gz	https://ftp.sra.ebi.ac.uk/vol1/fastq/SRR126/047/SRR12699147/SRR12699147_2.fastq.gz	SAMN15776727	1613936	u
SRR12704891	PAIRED	https://ftp.sra.ebi.ac.uk/vol1/fastq/SRR127/091/SRR12704891/SRR12704891_1.fastq.gz	https://ftp.sra.ebi.ac.uk/vol1/fastq/SRR127/091/SRR12704891/SRR12704891_2.fastq.gz	SAMN16245187	1038521	s
SRR12704902	PAIRED	https://ftp.sra.ebi.ac.uk/vol1/fastq/SRR127/002/SRR12704902/SRR12704902_1.fastq.gz	https://ftp.sra.ebi.ac.uk/vol1/fastq/SRR127/002/SRR12704902/SRR12704902_2.fastq.gz	SAMN16245177	771315	s
SRR12704906	PAIRED	https://ftp.sra.ebi.ac.uk/vol1/fastq/SRR127/006/SRR12704906/SRR12704906_1.fastq.gz	https://ftp.sra.ebi.ac.uk/vol1/fastq/SRR127/006/SRR12704906/SRR12704906_2.fastq.gz	SAMN16245173	684596	s
SRR12704909	PAIRED	https://ftp.sra.ebi.ac.uk/vol1/fastq/SRR127/009/SRR12704909/SRR12704909_1.fastq.gz	https://ftp.sra.ebi.ac.uk/vol1/fastq/SRR127/009/SRR12704909/SRR12704909_2.fastq.gz	SAMN16245171	1110992	s
SRR12704912	PAIRED	https://ftp.sra.ebi.ac.uk/vol1/fastq/SRR127/012/SRR12704912/SRR12704912_1.fastq.gz	https://ftp.sra.ebi.ac.uk/vol1/fastq/SRR127/012/SRR12704912/SRR12704912_2.fastq.gz	SAMN16245168	655253	s
SRR12704927	PAIRED	https://ftp.sra.ebi.ac.uk/vol1/fastq/SRR127/027/SRR12704927/SRR12704927_1.fastq.gz	https://ftp.sra.ebi.ac.uk/vol1/fastq/SRR127/027/SRR12704927/SRR12704927_2.fastq.gz	SAMN16245154	1009014	s
SRR12704929	PAIRED	https://ftp.sra.ebi.ac.uk/vol1/fastq/SRR127/029/SRR12704929/SRR12704929_1.fastq.gz	https://ftp.sra.ebi.ac.uk/vol1/fastq/SRR127/029/SRR12704929/SRR12704929_2.fastq.gz	SAMN16245108	1122555	s
SRR12704931	PAIRED	https://ftp.sra.ebi.ac.uk/vol1/fastq/SRR127/031/SRR12704931/SRR12704931_1.fastq.gz	https://ftp.sra.ebi.ac.uk/vol1/fastq/SRR127/031/SRR12704931/SRR12704931_2.fastq.gz	SAMN16245151	460537	s
SRR12704937	PAIRED	https://ftp.sra.ebi.ac.uk/vol1/fastq/SRR127/037/SRR12704937/SRR12704937_1.fastq.gz	https://ftp.sra.ebi.ac.uk/vol1/fastq/SRR127/037/SRR12704937/SRR12704937_2.fastq.gz	SAMN16245145	866708	s
SRR12704948	PAIRED	https://ftp.sra.ebi.ac.uk/vol1/fastq/SRR127/048/SRR12704948/SRR12704948_1.fastq.gz	https://ftp.sra.ebi.ac.uk/vol1/fastq/SRR127/048/SRR12704948/SRR12704948_2.fastq.gz	SAMN16245135	863937	s
SRR12704958	PAIRED	https://ftp.sra.ebi.ac.uk/vol1/fastq/SRR127/058/SRR12704958/SRR12704958_1.fastq.gz	https://ftp.sra.ebi.ac.uk/vol1/fastq/SRR127/058/SRR12704958/SRR12704958_2.fastq.gz	SAMN13996946	772330	s
SRR12704973	PAIRED	https://ftp.sra.ebi.ac.uk/vol1/fastq/SRR127/073/SRR12704973/SRR12704973_1.fastq.gz	https://ftp.sra.ebi.ac.uk/vol1/fastq/SRR127/073/SRR12704973/SRR12704973_2.fastq.gz	SAMN12859066	984043	s
SRR12704974	PAIRED	https://ftp.sra.ebi.ac.uk/vol1/fastq/SRR127/074/SRR12704974/SRR12704974_1.fastq.gz	https://ftp.sra.ebi.ac.uk/vol1/fastq/SRR127/074/SRR12704974/SRR12704974_2.fastq.gz	SAMN12859069	992905	s
SRR12705017	PAIRED	https://ftp.sra.ebi.ac.uk/vol1/fastq/SRR127/017/SRR12705017/SRR12705017_1.fastq.gz	https://ftp.sra.ebi.ac.uk/vol1/fastq/SRR127/017/SRR12705017/SRR12705017_2.fastq.gz	SAMN16245105	1025373	s
SRR12705026	PAIRED	https://ftp.sra.ebi.ac.uk/vol1/fastq/SRR127/026/SRR12705026/SRR12705026_1.fastq.gz	https://ftp.sra.ebi.ac.uk/vol1/fastq/SRR127/026/SRR12705026/SRR12705026_2.fastq.gz	SAMN16245294	957256	s
SRR12705027	PAIRED	https://ftp.sra.ebi.ac.uk/vol1/fastq/SRR127/027/SRR12705027/SRR12705027_1.fastq.gz	https://ftp.sra.ebi.ac.uk/vol1/fastq/SRR127/027/SRR12705027/SRR12705027_2.fastq.gz	SAMN16245293	1001042	s
SRR12705029	PAIRED	https://ftp.sra.ebi.ac.uk/vol1/fastq/SRR127/029/SRR12705029/SRR12705029_1.fastq.gz	https://ftp.sra.ebi.ac.uk/vol1/fastq/SRR127/029/SRR12705029/SRR12705029_2.fastq.gz	SAMN16245292	769385	s
SRR12705042	PAIRED	https://ftp.sra.ebi.ac.uk/vol1/fastq/SRR127/042/SRR12705042/SRR12705042_1.fastq.gz	https://ftp.sra.ebi.ac.uk/vol1/fastq/SRR127/042/SRR12705042/SRR12705042_2.fastq.gz	SAMN16245280	1095725	s
SRR12705053	PAIRED	https://ftp.sra.ebi.ac.uk/vol1/fastq/SRR127/053/SRR12705053/SRR12705053_1.fastq.gz	https://ftp.sra.ebi.ac.uk/vol1/fastq/SRR127/053/SRR12705053/SRR12705053_2.fastq.gz	SAMN16245270	839235	s
SRR12705054	PAIRED	https://ftp.sra.ebi.ac.uk/vol1/fastq/SRR127/054/SRR12705054/SRR12705054_1.fastq.gz	https://ftp.sra.ebi.ac.uk/vol1/fastq/SRR127/054/SRR12705054/SRR12705054_2.fastq.gz	SAMN16245269	991858	s
SRR12705056	PAIRED	https://ftp.sra.ebi.ac.uk/vol1/fastq/SRR127/056/SRR12705056/SRR12705056_1.fastq.gz	https://ftp.sra.ebi.ac.uk/vol1/fastq/SRR127/056/SRR12705056/SRR12705056_2.fastq.gz	SAMN16245267	1358240	s
SRR12705057	PAIRED	https://ftp.sra.ebi.ac.uk/vol1/fastq/SRR127/057/SRR12705057/SRR12705057_1.fastq.gz	https://ftp.sra.ebi.ac.uk/vol1/fastq/SRR127/057/SRR12705057/SRR12705057_2.fastq.gz	SAMN16245266	953468	s
SRR12705058	PAIRED	https://ftp.sra.ebi.ac.uk/vol1/fastq/SRR127/058/SRR12705058/SRR12705058_1.fastq.gz	https://ftp.sra.ebi.ac.uk/vol1/fastq/SRR127/058/SRR12705058/SRR12705058_2.fastq.gz	SAMN16245265	857925	s
SRR12705088	PAIRED	https://ftp.sra.ebi.ac.uk/vol1/fastq/SRR127/088/SRR12705088/SRR12705088_1.fastq.gz	https://ftp.sra.ebi.ac.uk/vol1/fastq/SRR127/088/SRR12705088/SRR12705088_2.fastq.gz	SAMN16245238	1069134	s
SRR12705090	PAIRED	https://ftp.sra.ebi.ac.uk/vol1/fastq/SRR127/090/SRR12705090/SRR12705090_1.fastq.gz	https://ftp.sra.ebi.ac.uk/vol1/fastq/SRR127/090/SRR12705090/SRR12705090_2.fastq.gz	SAMN16245236	923087	s
SRR12705098	PAIRED	https://ftp.sra.ebi.ac.uk/vol1/fastq/SRR127/098/SRR12705098/SRR12705098_1.fastq.gz	https://ftp.sra.ebi.ac.uk/vol1/fastq/SRR127/098/SRR12705098/SRR12705098_2.fastq.gz	SAMN16245229	589276	s
SRR12705102	PAIRED	https://ftp.sra.ebi.ac.uk/vol1/fastq/SRR127/002/SRR12705102/SRR12705102_1.fastq.gz	https://ftp.sra.ebi.ac.uk/vol1/fastq/SRR127/002/SRR12705102/SRR12705102_2.fastq.gz	SAMN16245225	943507	s
SRR12705108	PAIRED	https://ftp.sra.ebi.ac.uk/vol1/fastq/SRR127/008/SRR12705108/SRR12705108_1.fastq.gz	https://ftp.sra.ebi.ac.uk/vol1/fastq/SRR127/008/SRR12705108/SRR12705108_2.fastq.gz	SAMN16245220	734443	s
SRR12705112	PAIRED	https://ftp.sra.ebi.ac.uk/vol1/fastq/SRR127/012/SRR12705112/SRR12705112_1.fastq.gz	https://ftp.sra.ebi.ac.uk/vol1/fastq/SRR127/012/SRR12705112/SRR12705112_2.fastq.gz	SAMN16245216	732113	s
SRR12705117	PAIRED	https://ftp.sra.ebi.ac.uk/vol1/fastq/SRR127/017/SRR12705117/SRR12705117_1.fastq.gz	https://ftp.sra.ebi.ac.uk/vol1/fastq/SRR127/017/SRR12705117/SRR12705117_2.fastq.gz	SAMN16245212	579796	s
SRR12705118	PAIRED	https://ftp.sra.ebi.ac.uk/vol1/fastq/SRR127/018/SRR12705118/SRR12705118_1.fastq.gz	https://ftp.sra.ebi.ac.uk/vol1/fastq/SRR127/018/SRR12705118/SRR12705118_2.fastq.gz	SAMN16245211	712451	s
SRR12705124	PAIRED	https://ftp.sra.ebi.ac.uk/vol1/fastq/SRR127/024/SRR12705124/SRR12705124_1.fastq.gz	https://ftp.sra.ebi.ac.uk/vol1/fastq/SRR127/024/SRR12705124/SRR12705124_2.fastq.gz	SAMN16245205	1231505	s
SRR12736111	PAIRED	https://ftp.sra.ebi.ac.uk/vol1/fastq/SRR127/011/SRR12736111/SRR12736111_1.fastq.gz	https://ftp.sra.ebi.ac.uk/vol1/fastq/SRR127/011/SRR12736111/SRR12736111_2.fastq.gz	SAMN16285889	588435	u
SRR12781278	PAIRED	https://ftp.sra.ebi.ac.uk/vol1/fastq/SRR127/078/SRR12781278/SRR12781278_1.fastq.gz	https://ftp.sra.ebi.ac.uk/vol1/fastq/SRR127/078/SRR12781278/SRR12781278_2.fastq.gz	SAMN16380583	501973	s
SRR12798571	PAIRED	https://ftp.sra.ebi.ac.uk/vol1/fastq/SRR127/071/SRR12798571/SRR12798571_1.fastq.gz	https://ftp.sra.ebi.ac.uk/vol1/fastq/SRR127/071/SRR12798571/SRR12798571_2.fastq.gz	SAMN16400654	979803	s
SRR12825268	PAIRED	https://ftp.sra.ebi.ac.uk/vol1/fastq/SRR128/068/SRR12825268/SRR12825268_1.fastq.gz	https://ftp.sra.ebi.ac.uk/vol1/fastq/SRR128/068/SRR12825268/SRR12825268_2.fastq.gz	SAMN16428977	683156	u
SRR12845315	PAIRED	https://ftp.sra.ebi.ac.uk/vol1/fastq/SRR128/015/SRR12845315/SRR12845315_1.fastq.gz	https://ftp.sra.ebi.ac.uk/vol1/fastq/SRR128/015/SRR12845315/SRR12845315_2.fastq.gz	SAMN16480739	1041315	u
SRR12849831	PAIRED	https://ftp.sra.ebi.ac.uk/vol1/fastq/SRR128/031/SRR12849831/SRR12849831_1.fastq.gz	https://ftp.sra.ebi.ac.uk/vol1/fastq/SRR128/031/SRR12849831/SRR12849831_2.fastq.gz	SAMN16484139	890743	s
SRR12849835	PAIRED	https://ftp.sra.ebi.ac.uk/vol1/fastq/SRR128/035/SRR12849835/SRR12849835_1.fastq.gz	https://ftp.sra.ebi.ac.uk/vol1/fastq/SRR128/035/SRR12849835/SRR12849835_2.fastq.gz	SAMN16484136	500839	s
SRR12849849	PAIRED	https://ftp.sra.ebi.ac.uk/vol1/fastq/SRR128/049/SRR12849849/SRR12849849_1.fastq.gz	https://ftp.sra.ebi.ac.uk/vol1/fastq/SRR128/049/SRR12849849/SRR12849849_2.fastq.gz	SAMN16484123	857231	s
SRR12849850	PAIRED	https://ftp.sra.ebi.ac.uk/vol1/fastq/SRR128/050/SRR12849850/SRR12849850_1.fastq.gz	https://ftp.sra.ebi.ac.uk/vol1/fastq/SRR128/050/SRR12849850/SRR12849850_2.fastq.gz	SAMN16484122	988239	s
SRR12849854	PAIRED	https://ftp.sra.ebi.ac.uk/vol1/fastq/SRR128/054/SRR12849854/SRR12849854_1.fastq.gz	https://ftp.sra.ebi.ac.uk/vol1/fastq/SRR128/054/SRR12849854/SRR12849854_2.fastq.gz	SAMN16484116	519097	s
SRR12849872	PAIRED	https://ftp.sra.ebi.ac.uk/vol1/fastq/SRR128/072/SRR12849872/SRR12849872_1.fastq.gz	https://ftp.sra.ebi.ac.uk/vol1/fastq/SRR128/072/SRR12849872/SRR12849872_2.fastq.gz	SAMN16484112	673933	s
SRR12849877	PAIRED	https://ftp.sra.ebi.ac.uk/vol1/fastq/SRR128/077/SRR12849877/SRR12849877_1.fastq.gz	https://ftp.sra.ebi.ac.uk/vol1/fastq/SRR128/077/SRR12849877/SRR12849877_2.fastq.gz	SAMN16484152	812286	s
SRR12849882	PAIRED	https://ftp.sra.ebi.ac.uk/vol1/fastq/SRR128/082/SRR12849882/SRR12849882_1.fastq.gz	https://ftp.sra.ebi.ac.uk/vol1/fastq/SRR128/082/SRR12849882/SRR12849882_2.fastq.gz	SAMN16484118	767606	s
SRR12898998	PAIRED	https://ftp.sra.ebi.ac.uk/vol1/fastq/SRR128/098/SRR12898998/SRR12898998_1.fastq.gz	https://ftp.sra.ebi.ac.uk/vol1/fastq/SRR128/098/SRR12898998/SRR12898998_2.fastq.gz	SAMN16551990	723121	u
SRR12899000	PAIRED	https://ftp.sra.ebi.ac.uk/vol1/fastq/SRR128/000/SRR12899000/SRR12899000_1.fastq.gz	https://ftp.sra.ebi.ac.uk/vol1/fastq/SRR128/000/SRR12899000/SRR12899000_2.fastq.gz	SAMN16551988	778768	u
SRR12916380	PAIRED	https://ftp.sra.ebi.ac.uk/vol1/fastq/SRR129/080/SRR12916380/SRR12916380_1.fastq.gz	https://ftp.sra.ebi.ac.uk/vol1/fastq/SRR129/080/SRR12916380/SRR12916380_2.fastq.gz	SAMN16569407	1405569	s
SRR12967810	PAIRED	https://ftp.sra.ebi.ac.uk/vol1/fastq/SRR129/010/SRR12967810/SRR12967810_1.fastq.gz	https://ftp.sra.ebi.ac.uk/vol1/fastq/SRR129/010/SRR12967810/SRR12967810_2.fastq.gz	SAMN16629944	749689	u
SRR12991184	PAIRED	https://ftp.sra.ebi.ac.uk/vol1/fastq/SRR129/084/SRR12991184/SRR12991184_1.fastq.gz	https://ftp.sra.ebi.ac.uk/vol1/fastq/SRR129/084/SRR12991184/SRR12991184_2.fastq.gz	SAMN16662052	492723	u
SRR12991187	PAIRED	https://ftp.sra.ebi.ac.uk/vol1/fastq/SRR129/087/SRR12991187/SRR12991187_1.fastq.gz	https://ftp.sra.ebi.ac.uk/vol1/fastq/SRR129/087/SRR12991187/SRR12991187_2.fastq.gz	SAMN16662054	776508	u
SRR13092326	PAIRED	https://ftp.sra.ebi.ac.uk/vol1/fastq/SRR130/026/SRR13092326/SRR13092326_1.fastq.gz	https://ftp.sra.ebi.ac.uk/vol1/fastq/SRR130/026/SRR13092326/SRR13092326_2.fastq.gz	SAMN16847665	912211	s
SRR1314217	PAIRED	https://ftp.sra.ebi.ac.uk/vol1/fastq/SRR131/007/SRR1314217/SRR1314217_1.fastq.gz	https://ftp.sra.ebi.ac.uk/vol1/fastq/SRR131/007/SRR1314217/SRR1314217_2.fastq.gz	SAMN02801814	3289263	s
SRR1314231	PAIRED	https://ftp.sra.ebi.ac.uk/vol1/fastq/SRR131/001/SRR1314231/SRR1314231_1.fastq.gz	https://ftp.sra.ebi.ac.uk/vol1/fastq/SRR131/001/SRR1314231/SRR1314231_2.fastq.gz	SAMN02801828	3819481	s
SRR1314235	PAIRED	https://ftp.sra.ebi.ac.uk/vol1/fastq/SRR131/005/SRR1314235/SRR1314235_1.fastq.gz	https://ftp.sra.ebi.ac.uk/vol1/fastq/SRR131/005/SRR1314235/SRR1314235_2.fastq.gz	SAMN02801832	3437387	s
SRR1314238	PAIRED	https://ftp.sra.ebi.ac.uk/vol1/fastq/SRR131/008/SRR1314238/SRR1314238_1.fastq.gz	https://ftp.sra.ebi.ac.uk/vol1/fastq/SRR131/008/SRR1314238/SRR1314238_2.fastq.gz	SAMN02801835	2456391	s
SRR1314242	PAIRED	https://ftp.sra.ebi.ac.uk/vol1/fastq/SRR131/002/SRR1314242/SRR1314242_1.fastq.gz	https://ftp.sra.ebi.ac.uk/vol1/fastq/SRR131/002/SRR1314242/SRR1314242_2.fastq.gz	SAMN02801839	2551715	r
SRR1314250	PAIRED	https://ftp.sra.ebi.ac.uk/vol1/fastq/SRR131/000/SRR1314250/SRR1314250_1.fastq.gz	https://ftp.sra.ebi.ac.uk/vol1/fastq/SRR131/000/SRR1314250/SRR1314250_2.fastq.gz	SAMN02801847	2310573	s
SRR1314265	PAIRED	https://ftp.sra.ebi.ac.uk/vol1/fastq/SRR131/005/SRR1314265/SRR1314265_1.fastq.gz	https://ftp.sra.ebi.ac.uk/vol1/fastq/SRR131/005/SRR1314265/SRR1314265_2.fastq.gz	SAMN02801862	2207242	s
SRR1314266	PAIRED	https://ftp.sra.ebi.ac.uk/vol1/fastq/SRR131/006/SRR1314266/SRR1314266_1.fastq.gz	https://ftp.sra.ebi.ac.uk/vol1/fastq/SRR131/006/SRR1314266/SRR1314266_2.fastq.gz	SAMN02801863	256399	s
SRR1314268	PAIRED	https://ftp.sra.ebi.ac.uk/vol1/fastq/SRR131/008/SRR1314268/SRR1314268_1.fastq.gz	https://ftp.sra.ebi.ac.uk/vol1/fastq/SRR131/008/SRR1314268/SRR1314268_2.fastq.gz	SAMN02801865	3361578	s
SRR1314286	PAIRED	https://ftp.sra.ebi.ac.uk/vol1/fastq/SRR131/006/SRR1314286/SRR1314286_1.fastq.gz	https://ftp.sra.ebi.ac.uk/vol1/fastq/SRR131/006/SRR1314286/SRR1314286_2.fastq.gz	SAMN02801883	2542724	s
SRR1314311	PAIRED	https://ftp.sra.ebi.ac.uk/vol1/fastq/SRR131/001/SRR1314311/SRR1314311_1.fastq.gz	https://ftp.sra.ebi.ac.uk/vol1/fastq/SRR131/001/SRR1314311/SRR1314311_2.fastq.gz	SAMN02801908	66096	s
SRR1314321	PAIRED	https://ftp.sra.ebi.ac.uk/vol1/fastq/SRR131/001/SRR1314321/SRR1314321_1.fastq.gz	https://ftp.sra.ebi.ac.uk/vol1/fastq/SRR131/001/SRR1314321/SRR1314321_2.fastq.gz	SAMN02801918	1691878	s
SRR1314354	PAIRED	https://ftp.sra.ebi.ac.uk/vol1/fastq/SRR131/004/SRR1314354/SRR1314354_1.fastq.gz	https://ftp.sra.ebi.ac.uk/vol1/fastq/SRR131/004/SRR1314354/SRR1314354_2.fastq.gz	SAMN02801951	1429796	s
SRR1314355	PAIRED	https://ftp.sra.ebi.ac.uk/vol1/fastq/SRR131/005/SRR1314355/SRR1314355_1.fastq.gz	https://ftp.sra.ebi.ac.uk/vol1/fastq/SRR131/005/SRR1314355/SRR1314355_2.fastq.gz	SAMN02801952	2772125	s
SRR1314359	PAIRED	https://ftp.sra.ebi.ac.uk/vol1/fastq/SRR131/009/SRR1314359/SRR1314359_1.fastq.gz	https://ftp.sra.ebi.ac.uk/vol1/fastq/SRR131/009/SRR1314359/SRR1314359_2.fastq.gz	SAMN02801956	898403	s
SRR1314364	PAIRED	https://ftp.sra.ebi.ac.uk/vol1/fastq/SRR131/004/SRR1314364/SRR1314364_1.fastq.gz	https://ftp.sra.ebi.ac.uk/vol1/fastq/SRR131/004/SRR1314364/SRR1314364_2.fastq.gz	SAMN02801961	1292436	s
SRR1314377	PAIRED	https://ftp.sra.ebi.ac.uk/vol1/fastq/SRR131/007/SRR1314377/SRR1314377_1.fastq.gz	https://ftp.sra.ebi.ac.uk/vol1/fastq/SRR131/007/SRR1314377/SRR1314377_2.fastq.gz	SAMN02801974	1782763	s
SRR1314386	PAIRED	https://ftp.sra.ebi.ac.uk/vol1/fastq/SRR131/006/SRR1314386/SRR1314386_1.fastq.gz	https://ftp.sra.ebi.ac.uk/vol1/fastq/SRR131/006/SRR1314386/SRR1314386_2.fastq.gz	SAMN02801983	150	s
SRR1314409	PAIRED	https://ftp.sra.ebi.ac.uk/vol1/fastq/SRR131/009/SRR1314409/SRR1314409_1.fastq.gz	https://ftp.sra.ebi.ac.uk/vol1/fastq/SRR131/009/SRR1314409/SRR1314409_2.fastq.gz	SAMN02802006	1656849	s
SRR1314416	PAIRED	https://ftp.sra.ebi.ac.uk/vol1/fastq/SRR131/006/SRR1314416/SRR1314416_1.fastq.gz	https://ftp.sra.ebi.ac.uk/vol1/fastq/SRR131/006/SRR1314416/SRR1314416_2.fastq.gz	SAMN02802013	158760	s
SRR1314417	PAIRED	https://ftp.sra.ebi.ac.uk/vol1/fastq/SRR131/007/SRR1314417/SRR1314417_1.fastq.gz	https://ftp.sra.ebi.ac.uk/vol1/fastq/SRR131/007/SRR1314417/SRR1314417_2.fastq.gz	SAMN02802014	5038788	s
SRR1314427	PAIRED	https://ftp.sra.ebi.ac.uk/vol1/fastq/SRR131/007/SRR1314427/SRR1314427_1.fastq.gz	https://ftp.sra.ebi.ac.uk/vol1/fastq/SRR131/007/SRR1314427/SRR1314427_2.fastq.gz	SAMN02802024	4663108	s
SRR1314428	PAIRED	https://ftp.sra.ebi.ac.uk/vol1/fastq/SRR131/008/SRR1314428/SRR1314428_1.fastq.gz	https://ftp.sra.ebi.ac.uk/vol1/fastq/SRR131/008/SRR1314428/SRR1314428_2.fastq.gz	SAMN02802025	121125	s
SRR1314439	PAIRED	https://ftp.sra.ebi.ac.uk/vol1/fastq/SRR131/009/SRR1314439/SRR1314439_1.fastq.gz	https://ftp.sra.ebi.ac.uk/vol1/fastq/SRR131/009/SRR1314439/SRR1314439_2.fastq.gz	SAMN02802036	124811	s
SRR1314444	PAIRED	https://ftp.sra.ebi.ac.uk/vol1/fastq/SRR131/004/SRR1314444/SRR1314444_1.fastq.gz	https://ftp.sra.ebi.ac.uk/vol1/fastq/SRR131/004/SRR1314444/SRR1314444_2.fastq.gz	SAMN02802041	1338762	s
SRR1314471	PAIRED	https://ftp.sra.ebi.ac.uk/vol1/fastq/SRR131/001/SRR1314471/SRR1314471_1.fastq.gz	https://ftp.sra.ebi.ac.uk/vol1/fastq/SRR131/001/SRR1314471/SRR1314471_2.fastq.gz	SAMN02802068	1228628	s
SRR1314473	PAIRED	https://ftp.sra.ebi.ac.uk/vol1/fastq/SRR131/003/SRR1314473/SRR1314473_1.fastq.gz	https://ftp.sra.ebi.ac.uk/vol1/fastq/SRR131/003/SRR1314473/SRR1314473_2.fastq.gz	SAMN02802070	41206	s
SRR1314474	PAIRED	https://ftp.sra.ebi.ac.uk/vol1/fastq/SRR131/004/SRR1314474/SRR1314474_1.fastq.gz	https://ftp.sra.ebi.ac.uk/vol1/fastq/SRR131/004/SRR1314474/SRR1314474_2.fastq.gz	SAMN02802071	50585	s
SRR1314475	PAIRED	https://ftp.sra.ebi.ac.uk/vol1/fastq/SRR131/005/SRR1314475/SRR1314475_1.fastq.gz	https://ftp.sra.ebi.ac.uk/vol1/fastq/SRR131/005/SRR1314475/SRR1314475_2.fastq.gz	SAMN02802072	145596	s
SRR1314479	PAIRED	https://ftp.sra.ebi.ac.uk/vol1/fastq/SRR131/009/SRR1314479/SRR1314479_1.fastq.gz	https://ftp.sra.ebi.ac.uk/vol1/fastq/SRR131/009/SRR1314479/SRR1314479_2.fastq.gz	SAMN02802076	4724489	s
SRR1314491	PAIRED	https://ftp.sra.ebi.ac.uk/vol1/fastq/SRR131/001/SRR1314491/SRR1314491_1.fastq.gz	https://ftp.sra.ebi.ac.uk/vol1/fastq/SRR131/001/SRR1314491/SRR1314491_2.fastq.gz	SAMN02802088	1975024	s
SRR1314496	PAIRED	https://ftp.sra.ebi.ac.uk/vol1/fastq/SRR131/006/SRR1314496/SRR1314496_1.fastq.gz	https://ftp.sra.ebi.ac.uk/vol1/fastq/SRR131/006/SRR1314496/SRR1314496_2.fastq.gz	SAMN02802093	923573	s
SRR1314497	PAIRED	https://ftp.sra.ebi.ac.uk/vol1/fastq/SRR131/007/SRR1314497/SRR1314497_1.fastq.gz	https://ftp.sra.ebi.ac.uk/vol1/fastq/SRR131/007/SRR1314497/SRR1314497_2.fastq.gz	SAMN02802094	75323	s
SRR1314498	PAIRED	https://ftp.sra.ebi.ac.uk/vol1/fastq/SRR131/008/SRR1314498/SRR1314498_1.fastq.gz	https://ftp.sra.ebi.ac.uk/vol1/fastq/SRR131/008/SRR1314498/SRR1314498_2.fastq.gz	SAMN02802095	68262	s
SRR1314504	PAIRED	https://ftp.sra.ebi.ac.uk/vol1/fastq/SRR131/004/SRR1314504/SRR1314504_1.fastq.gz	https://ftp.sra.ebi.ac.uk/vol1/fastq/SRR131/004/SRR1314504/SRR1314504_2.fastq.gz	SAMN02802101	1164575	s
SRR1314510	PAIRED	https://ftp.sra.ebi.ac.uk/vol1/fastq/SRR131/000/SRR1314510/SRR1314510_1.fastq.gz	https://ftp.sra.ebi.ac.uk/vol1/fastq/SRR131/000/SRR1314510/SRR1314510_2.fastq.gz	SAMN02802107	798240	s
SRR1314515	PAIRED	https://ftp.sra.ebi.ac.uk/vol1/fastq/SRR131/005/SRR1314515/SRR1314515_1.fastq.gz	https://ftp.sra.ebi.ac.uk/vol1/fastq/SRR131/005/SRR1314515/SRR1314515_2.fastq.gz	SAMN02802112	483008	s
SRR1314527	PAIRED	https://ftp.sra.ebi.ac.uk/vol1/fastq/SRR131/007/SRR1314527/SRR1314527_1.fastq.gz	https://ftp.sra.ebi.ac.uk/vol1/fastq/SRR131/007/SRR1314527/SRR1314527_2.fastq.gz	SAMN02802124	784436	s
SRR1314534	PAIRED	https://ftp.sra.ebi.ac.uk/vol1/fastq/SRR131/004/SRR1314534/SRR1314534_1.fastq.gz	https://ftp.sra.ebi.ac.uk/vol1/fastq/SRR131/004/SRR1314534/SRR1314534_2.fastq.gz	SAMN02802131	1736793	s
SRR1314542	PAIRED	https://ftp.sra.ebi.ac.uk/vol1/fastq/SRR131/002/SRR1314542/SRR1314542_1.fastq.gz	https://ftp.sra.ebi.ac.uk/vol1/fastq/SRR131/002/SRR1314542/SRR1314542_2.fastq.gz	SAMN02802139	3130056	s
SRR1314543	PAIRED	https://ftp.sra.ebi.ac.uk/vol1/fastq/SRR131/003/SRR1314543/SRR1314543_1.fastq.gz	https://ftp.sra.ebi.ac.uk/vol1/fastq/SRR131/003/SRR1314543/SRR1314543_2.fastq.gz	SAMN02802140	192	s
SRR1314551	PAIRED	https://ftp.sra.ebi.ac.uk/vol1/fastq/SRR131/001/SRR1314551/SRR1314551_1.fastq.gz	https://ftp.sra.ebi.ac.uk/vol1/fastq/SRR131/001/SRR1314551/SRR1314551_2.fastq.gz	SAMN02802148	3252593	s
SRR1314554	PAIRED	https://ftp.sra.ebi.ac.uk/vol1/fastq/SRR131/004/SRR1314554/SRR1314554_1.fastq.gz	https://ftp.sra.ebi.ac.uk/vol1/fastq/SRR131/004/SRR1314554/SRR1314554_2.fastq.gz	SAMN02802151	3493503	s
SRR1314567	PAIRED	https://ftp.sra.ebi.ac.uk/vol1/fastq/SRR131/007/SRR1314567/SRR1314567_1.fastq.gz	https://ftp.sra.ebi.ac.uk/vol1/fastq/SRR131/007/SRR1314567/SRR1314567_2.fastq.gz	SAMN02802164	2926762	s
SRR1314571	PAIRED	https://ftp.sra.ebi.ac.uk/vol1/fastq/SRR131/001/SRR1314571/SRR1314571_1.fastq.gz	https://ftp.sra.ebi.ac.uk/vol1/fastq/SRR131/001/SRR1314571/SRR1314571_2.fastq.gz	SAMN02802168	1307412	s
SRR1314574	PAIRED	https://ftp.sra.ebi.ac.uk/vol1/fastq/SRR131/004/SRR1314574/SRR1314574_1.fastq.gz	https://ftp.sra.ebi.ac.uk/vol1/fastq/SRR131/004/SRR1314574/SRR1314574_2.fastq.gz	SAMN02802171	1663759	s
SRR1314576	PAIRED	https://ftp.sra.ebi.ac.uk/vol1/fastq/SRR131/006/SRR1314576/SRR1314576_1.fastq.gz	https://ftp.sra.ebi.ac.uk/vol1/fastq/SRR131/006/SRR1314576/SRR1314576_2.fastq.gz	SAMN02802173	1288138	s
SRR1314590	PAIRED	https://ftp.sra.ebi.ac.uk/vol1/fastq/SRR131/000/SRR1314590/SRR1314590_1.fastq.gz	https://ftp.sra.ebi.ac.uk/vol1/fastq/SRR131/000/SRR1314590/SRR1314590_2.fastq.gz	SAMN02802187	1479821	s
SRR1314598	PAIRED	https://ftp.sra.ebi.ac.uk/vol1/fastq/SRR131/008/SRR1314598/SRR1314598_1.fastq.gz	https://ftp.sra.ebi.ac.uk/vol1/fastq/SRR131/008/SRR1314598/SRR1314598_2.fastq.gz	SAMN02802195	895538	s
SRR13207412	PAIRED	https://ftp.sra.ebi.ac.uk/vol1/fastq/SRR132/012/SRR13207412/SRR13207412_1.fastq.gz	https://ftp.sra.ebi.ac.uk/vol1/fastq/SRR132/012/SRR13207412/SRR13207412_2.fastq.gz	SAMN16480748	1283995	u
SRR13302057	PAIRED	https://ftp.sra.ebi.ac.uk/vol1/fastq/SRR133/057/SRR13302057/SRR13302057_1.fastq.gz	https://ftp.sra.ebi.ac.uk/vol1/fastq/SRR133/057/SRR13302057/SRR13302057_2.fastq.gz	SAMN11953914	1139485	r
SRR13450785	PAIRED	https://ftp.sra.ebi.ac.uk/vol1/fastq/SRR134/085/SRR13450785/SRR13450785_1.fastq.gz	https://ftp.sra.ebi.ac.uk/vol1/fastq/SRR134/085/SRR13450785/SRR13450785_2.fastq.gz	SAMN17348074	913838	u
SRR13455344	PAIRED	https://ftp.sra.ebi.ac.uk/vol1/fastq/SRR134/044/SRR13455344/SRR13455344_1.fastq.gz	https://ftp.sra.ebi.ac.uk/vol1/fastq/SRR134/044/SRR13455344/SRR13455344_2.fastq.gz	SAMN17369178	1039536	u
SRR13522407	PAIRED	https://ftp.sra.ebi.ac.uk/vol1/fastq/SRR135/007/SRR13522407/SRR13522407_1.fastq.gz	https://ftp.sra.ebi.ac.uk/vol1/fastq/SRR135/007/SRR13522407/SRR13522407_2.fastq.gz	SAMN17379559	1117159	u
SRR13522413	PAIRED	https://ftp.sra.ebi.ac.uk/vol1/fastq/SRR135/013/SRR13522413/SRR13522413_1.fastq.gz	https://ftp.sra.ebi.ac.uk/vol1/fastq/SRR135/013/SRR13522413/SRR13522413_2.fastq.gz	SAMN17379553	1305262	u
SRR13532100	PAIRED	https://ftp.sra.ebi.ac.uk/vol1/fastq/SRR135/000/SRR13532100/SRR13532100_1.fastq.gz	https://ftp.sra.ebi.ac.uk/vol1/fastq/SRR135/000/SRR13532100/SRR13532100_2.fastq.gz	SAMN17577697	901574	s
SRR13617559	PAIRED	https://ftp.sra.ebi.ac.uk/vol1/fastq/SRR136/059/SRR13617559/SRR13617559_1.fastq.gz	https://ftp.sra.ebi.ac.uk/vol1/fastq/SRR136/059/SRR13617559/SRR13617559_2.fastq.gz	SAMN17762789	1250560	u
SRR13643363	PAIRED	https://ftp.sra.ebi.ac.uk/vol1/fastq/SRR136/063/SRR13643363/SRR13643363_1.fastq.gz	https://ftp.sra.ebi.ac.uk/vol1/fastq/SRR136/063/SRR13643363/SRR13643363_2.fastq.gz	SAMN17813950	1380120	u
SRR13643370	PAIRED	https://ftp.sra.ebi.ac.uk/vol1/fastq/SRR136/070/SRR13643370/SRR13643370_1.fastq.gz	https://ftp.sra.ebi.ac.uk/vol1/fastq/SRR136/070/SRR13643370/SRR13643370_2.fastq.gz	SAMN17813943	1001915	u
SRR13643378	PAIRED	https://ftp.sra.ebi.ac.uk/vol1/fastq/SRR136/078/SRR13643378/SRR13643378_1.fastq.gz	https://ftp.sra.ebi.ac.uk/vol1/fastq/SRR136/078/SRR13643378/SRR13643378_2.fastq.gz	SAMN17813936	1017002	u
SRR13643382	PAIRED	https://ftp.sra.ebi.ac.uk/vol1/fastq/SRR136/082/SRR13643382/SRR13643382_1.fastq.gz	https://ftp.sra.ebi.ac.uk/vol1/fastq/SRR136/082/SRR13643382/SRR13643382_2.fastq.gz	SAMN17813915	911602	u
SRR13643442	PAIRED	https://ftp.sra.ebi.ac.uk/vol1/fastq/SRR136/042/SRR13643442/SRR13643442_1.fastq.gz	https://ftp.sra.ebi.ac.uk/vol1/fastq/SRR136/042/SRR13643442/SRR13643442_2.fastq.gz	SAMN17813924	724079	u
SRR13680140	PAIRED	https://ftp.sra.ebi.ac.uk/vol1/fastq/SRR136/040/SRR13680140/SRR13680140_1.fastq.gz	https://ftp.sra.ebi.ac.uk/vol1/fastq/SRR136/040/SRR13680140/SRR13680140_2.fastq.gz	SAMN17843413	622449	u
SRR13680141	PAIRED	https://ftp.sra.ebi.ac.uk/vol1/fastq/SRR136/041/SRR13680141/SRR13680141_1.fastq.gz	https://ftp.sra.ebi.ac.uk/vol1/fastq/SRR136/041/SRR13680141/SRR13680141_2.fastq.gz	SAMN17843412	617775	u
SRR13680142	PAIRED	https://ftp.sra.ebi.ac.uk/vol1/fastq/SRR136/042/SRR13680142/SRR13680142_1.fastq.gz	https://ftp.sra.ebi.ac.uk/vol1/fastq/SRR136/042/SRR13680142/SRR13680142_2.fastq.gz	SAMN17843411	609762	u
SRR13721336	PAIRED	https://ftp.sra.ebi.ac.uk/vol1/fastq/SRR137/036/SRR13721336/SRR13721336_1.fastq.gz	https://ftp.sra.ebi.ac.uk/vol1/fastq/SRR137/036/SRR13721336/SRR13721336_2.fastq.gz	SAMN17925338	1346119	s
SRR13971533	PAIRED	https://ftp.sra.ebi.ac.uk/vol1/fastq/SRR139/033/SRR13971533/SRR13971533_1.fastq.gz	https://ftp.sra.ebi.ac.uk/vol1/fastq/SRR139/033/SRR13971533/SRR13971533_2.fastq.gz	SAMN18316010	875972	r
SRR14154155	PAIRED	https://ftp.sra.ebi.ac.uk/vol1/fastq/SRR141/055/SRR14154155/SRR14154155_1.fastq.gz	https://ftp.sra.ebi.ac.uk/vol1/fastq/SRR141/055/SRR14154155/SRR14154155_2.fastq.gz	SAMN18634049	977742	u
SRR14154156	PAIRED	https://ftp.sra.ebi.ac.uk/vol1/fastq/SRR141/056/SRR14154156/SRR14154156_1.fastq.gz	https://ftp.sra.ebi.ac.uk/vol1/fastq/SRR141/056/SRR14154156/SRR14154156_2.fastq.gz	SAMN18634048	987365	u
SRR14154166	PAIRED	https://ftp.sra.ebi.ac.uk/vol1/fastq/SRR141/066/SRR14154166/SRR14154166_1.fastq.gz	https://ftp.sra.ebi.ac.uk/vol1/fastq/SRR141/066/SRR14154166/SRR14154166_2.fastq.gz	SAMN18634039	1172049	u
SRR14154173	PAIRED	https://ftp.sra.ebi.ac.uk/vol1/fastq/SRR141/073/SRR14154173/SRR14154173_1.fastq.gz	https://ftp.sra.ebi.ac.uk/vol1/fastq/SRR141/073/SRR14154173/SRR14154173_2.fastq.gz	SAMN18634032	1072754	u
SRR14230551	PAIRED	https://ftp.sra.ebi.ac.uk/vol1/fastq/SRR142/051/SRR14230551/SRR14230551_1.fastq.gz	https://ftp.sra.ebi.ac.uk/vol1/fastq/SRR142/051/SRR14230551/SRR14230551_2.fastq.gz	SAMN18736275	953755	s
SRR14272535	PAIRED	https://ftp.sra.ebi.ac.uk/vol1/fastq/SRR142/035/SRR14272535/SRR14272535_1.fastq.gz	https://ftp.sra.ebi.ac.uk/vol1/fastq/SRR142/035/SRR14272535/SRR14272535_2.fastq.gz	SAMN06641880	1248003	u
SRR14272539	PAIRED	https://ftp.sra.ebi.ac.uk/vol1/fastq/SRR142/039/SRR14272539/SRR14272539_1.fastq.gz	https://ftp.sra.ebi.ac.uk/vol1/fastq/SRR142/039/SRR14272539/SRR14272539_2.fastq.gz	SAMN06641874	1127889	u
SRR14272563	PAIRED	https://ftp.sra.ebi.ac.uk/vol1/fastq/SRR142/063/SRR14272563/SRR14272563_1.fastq.gz	https://ftp.sra.ebi.ac.uk/vol1/fastq/SRR142/063/SRR14272563/SRR14272563_2.fastq.gz	SAMN18746135	1322001	u
SRR14272572	PAIRED	https://ftp.sra.ebi.ac.uk/vol1/fastq/SRR142/072/SRR14272572/SRR14272572_1.fastq.gz	https://ftp.sra.ebi.ac.uk/vol1/fastq/SRR142/072/SRR14272572/SRR14272572_2.fastq.gz	SAMN06641841	1061687	u
SRR14272610	PAIRED	https://ftp.sra.ebi.ac.uk/vol1/fastq/SRR142/010/SRR14272610/SRR14272610_1.fastq.gz	https://ftp.sra.ebi.ac.uk/vol1/fastq/SRR142/010/SRR14272610/SRR14272610_2.fastq.gz	SAMN06641801	1164341	u
SRR14272618	PAIRED	https://ftp.sra.ebi.ac.uk/vol1/fastq/SRR142/018/SRR14272618/SRR14272618_1.fastq.gz	https://ftp.sra.ebi.ac.uk/vol1/fastq/SRR142/018/SRR14272618/SRR14272618_2.fastq.gz	SAMN06641941	1518460	u
SRR14272621	PAIRED	https://ftp.sra.ebi.ac.uk/vol1/fastq/SRR142/021/SRR14272621/SRR14272621_1.fastq.gz	https://ftp.sra.ebi.ac.uk/vol1/fastq/SRR142/021/SRR14272621/SRR14272621_2.fastq.gz	SAMN06641789	1734718	u
SRR14272623	PAIRED	https://ftp.sra.ebi.ac.uk/vol1/fastq/SRR142/023/SRR14272623/SRR14272623_1.fastq.gz	https://ftp.sra.ebi.ac.uk/vol1/fastq/SRR142/023/SRR14272623/SRR14272623_2.fastq.gz	SAMN06641777	1137327	u
SRR14416193	PAIRED	https://ftp.sra.ebi.ac.uk/vol1/fastq/SRR144/093/SRR14416193/SRR14416193_1.fastq.gz	https://ftp.sra.ebi.ac.uk/vol1/fastq/SRR144/093/SRR14416193/SRR14416193_2.fastq.gz	SAMN18988787	863628	u
SRR14416196	PAIRED	https://ftp.sra.ebi.ac.uk/vol1/fastq/SRR144/096/SRR14416196/SRR14416196_1.fastq.gz	https://ftp.sra.ebi.ac.uk/vol1/fastq/SRR144/096/SRR14416196/SRR14416196_2.fastq.gz	SAMN18988778	901981	u
SRR14416198	PAIRED	https://ftp.sra.ebi.ac.uk/vol1/fastq/SRR144/098/SRR14416198/SRR14416198_1.fastq.gz	https://ftp.sra.ebi.ac.uk/vol1/fastq/SRR144/098/SRR14416198/SRR14416198_2.fastq.gz	SAMN18988776	1040084	u
SRR14460201	PAIRED	https://ftp.sra.ebi.ac.uk/vol1/fastq/SRR144/001/SRR14460201/SRR14460201_1.fastq.gz	https://ftp.sra.ebi.ac.uk/vol1/fastq/SRR144/001/SRR14460201/SRR14460201_2.fastq.gz	SAMN19064872	603364	u
SRR14483458	PAIRED	https://ftp.sra.ebi.ac.uk/vol1/fastq/SRR144/058/SRR14483458/SRR14483458_1.fastq.gz	https://ftp.sra.ebi.ac.uk/vol1/fastq/SRR144/058/SRR14483458/SRR14483458_2.fastq.gz	SAMN19094639	1118379	u
SRR14483460	PAIRED	https://ftp.sra.ebi.ac.uk/vol1/fastq/SRR144/060/SRR14483460/SRR14483460_1.fastq.gz	https://ftp.sra.ebi.ac.uk/vol1/fastq/SRR144/060/SRR14483460/SRR14483460_2.fastq.gz	SAMN19068272	836906	u
SRR14483463	PAIRED	https://ftp.sra.ebi.ac.uk/vol1/fastq/SRR144/063/SRR14483463/SRR14483463_1.fastq.gz	https://ftp.sra.ebi.ac.uk/vol1/fastq/SRR144/063/SRR14483463/SRR14483463_2.fastq.gz	SAMN19068278	594010	u
SRR14491937	PAIRED	https://ftp.sra.ebi.ac.uk/vol1/fastq/SRR144/037/SRR14491937/SRR14491937_1.fastq.gz	https://ftp.sra.ebi.ac.uk/vol1/fastq/SRR144/037/SRR14491937/SRR14491937_2.fastq.gz	SAMN19101986	761270	u
SRR14491939	PAIRED	https://ftp.sra.ebi.ac.uk/vol1/fastq/SRR144/039/SRR14491939/SRR14491939_1.fastq.gz	https://ftp.sra.ebi.ac.uk/vol1/fastq/SRR144/039/SRR14491939/SRR14491939_2.fastq.gz	SAMN19101984	922804	u
SRR14491941	PAIRED	https://ftp.sra.ebi.ac.uk/vol1/fastq/SRR144/041/SRR14491941/SRR14491941_1.fastq.gz	https://ftp.sra.ebi.ac.uk/vol1/fastq/SRR144/041/SRR14491941/SRR14491941_2.fastq.gz	SAMN19101997	772493	u
SRR14491942	PAIRED	https://ftp.sra.ebi.ac.uk/vol1/fastq/SRR144/042/SRR14491942/SRR14491942_1.fastq.gz	https://ftp.sra.ebi.ac.uk/vol1/fastq/SRR144/042/SRR14491942/SRR14491942_2.fastq.gz	SAMN19101996	726941	u
SRR14491946	PAIRED	https://ftp.sra.ebi.ac.uk/vol1/fastq/SRR144/046/SRR14491946/SRR14491946_1.fastq.gz	https://ftp.sra.ebi.ac.uk/vol1/fastq/SRR144/046/SRR14491946/SRR14491946_2.fastq.gz	SAMN19101992	724738	u
SRR14568866	PAIRED	https://ftp.sra.ebi.ac.uk/vol1/fastq/SRR145/066/SRR14568866/SRR14568866_1.fastq.gz	https://ftp.sra.ebi.ac.uk/vol1/fastq/SRR145/066/SRR14568866/SRR14568866_2.fastq.gz	SAMN19233494	595874	s
SRR14656161	PAIRED	https://ftp.sra.ebi.ac.uk/vol1/fastq/SRR146/061/SRR14656161/SRR14656161_1.fastq.gz	https://ftp.sra.ebi.ac.uk/vol1/fastq/SRR146/061/SRR14656161/SRR14656161_2.fastq.gz	SAMN19349426	2010222	u
SRR14656162	PAIRED	https://ftp.sra.ebi.ac.uk/vol1/fastq/SRR146/062/SRR14656162/SRR14656162_1.fastq.gz	https://ftp.sra.ebi.ac.uk/vol1/fastq/SRR146/062/SRR14656162/SRR14656162_2.fastq.gz	SAMN19349425	1621637	u
SRR14679141	PAIRED	https://ftp.sra.ebi.ac.uk/vol1/fastq/SRR146/041/SRR14679141/SRR14679141_1.fastq.gz	https://ftp.sra.ebi.ac.uk/vol1/fastq/SRR146/041/SRR14679141/SRR14679141_2.fastq.gz	SAMN19233567	688015	s
SRR14788791	PAIRED	https://ftp.sra.ebi.ac.uk/vol1/fastq/SRR147/091/SRR14788791/SRR14788791_1.fastq.gz	https://ftp.sra.ebi.ac.uk/vol1/fastq/SRR147/091/SRR14788791/SRR14788791_2.fastq.gz	SAMN19670072	1499683	r
SRR14788801	PAIRED	https://ftp.sra.ebi.ac.uk/vol1/fastq/SRR147/001/SRR14788801/SRR14788801_1.fastq.gz	https://ftp.sra.ebi.ac.uk/vol1/fastq/SRR147/001/SRR14788801/SRR14788801_2.fastq.gz	SAMN19670116	1336953	r
SRR14788808	PAIRED	https://ftp.sra.ebi.ac.uk/vol1/fastq/SRR147/008/SRR14788808/SRR14788808_1.fastq.gz	https://ftp.sra.ebi.ac.uk/vol1/fastq/SRR147/008/SRR14788808/SRR14788808_2.fastq.gz	SAMN19670110	1398541	s
SRR14788809	PAIRED	https://ftp.sra.ebi.ac.uk/vol1/fastq/SRR147/009/SRR14788809/SRR14788809_1.fastq.gz	https://ftp.sra.ebi.ac.uk/vol1/fastq/SRR147/009/SRR14788809/SRR14788809_2.fastq.gz	SAMN19670109	1284976	r
SRR14788811	PAIRED	https://ftp.sra.ebi.ac.uk/vol1/fastq/SRR147/011/SRR14788811/SRR14788811_1.fastq.gz	https://ftp.sra.ebi.ac.uk/vol1/fastq/SRR147/011/SRR14788811/SRR14788811_2.fastq.gz	SAMN19670107	1271890	s
SRR14788818	PAIRED	https://ftp.sra.ebi.ac.uk/vol1/fastq/SRR147/018/SRR14788818/SRR14788818_1.fastq.gz	https://ftp.sra.ebi.ac.uk/vol1/fastq/SRR147/018/SRR14788818/SRR14788818_2.fastq.gz	SAMN19670101	1355740	s
SRR14788834	PAIRED	https://ftp.sra.ebi.ac.uk/vol1/fastq/SRR147/034/SRR14788834/SRR14788834_1.fastq.gz	https://ftp.sra.ebi.ac.uk/vol1/fastq/SRR147/034/SRR14788834/SRR14788834_2.fastq.gz	SAMN19670086	1647036	s
SRR14788841	PAIRED	https://ftp.sra.ebi.ac.uk/vol1/fastq/SRR147/041/SRR14788841/SRR14788841_1.fastq.gz	https://ftp.sra.ebi.ac.uk/vol1/fastq/SRR147/041/SRR14788841/SRR14788841_2.fastq.gz	SAMN19670080	1593783	s
SRR14788846	PAIRED	https://ftp.sra.ebi.ac.uk/vol1/fastq/SRR147/046/SRR14788846/SRR14788846_1.fastq.gz	https://ftp.sra.ebi.ac.uk/vol1/fastq/SRR147/046/SRR14788846/SRR14788846_2.fastq.gz	SAMN19670067	1381589	s
SRR14979272	PAIRED	https://ftp.sra.ebi.ac.uk/vol1/fastq/SRR149/072/SRR14979272/SRR14979272_1.fastq.gz	https://ftp.sra.ebi.ac.uk/vol1/fastq/SRR149/072/SRR14979272/SRR14979272_2.fastq.gz	SAMN19948870	1289192	s
SRR15007624	PAIRED	https://ftp.sra.ebi.ac.uk/vol1/fastq/SRR150/024/SRR15007624/SRR15007624_1.fastq.gz	https://ftp.sra.ebi.ac.uk/vol1/fastq/SRR150/024/SRR15007624/SRR15007624_2.fastq.gz	SAMN19680762	860317	u
SRR15007631	PAIRED	https://ftp.sra.ebi.ac.uk/vol1/fastq/SRR150/031/SRR15007631/SRR15007631_1.fastq.gz	https://ftp.sra.ebi.ac.uk/vol1/fastq/SRR150/031/SRR15007631/SRR15007631_2.fastq.gz	SAMN19680757	1017959	u
SRR15007638	PAIRED	https://ftp.sra.ebi.ac.uk/vol1/fastq/SRR150/038/SRR15007638/SRR15007638_1.fastq.gz	https://ftp.sra.ebi.ac.uk/vol1/fastq/SRR150/038/SRR15007638/SRR15007638_2.fastq.gz	SAMN19680754	581822	u
SRR15007640	PAIRED	https://ftp.sra.ebi.ac.uk/vol1/fastq/SRR150/040/SRR15007640/SRR15007640_1.fastq.gz	https://ftp.sra.ebi.ac.uk/vol1/fastq/SRR150/040/SRR15007640/SRR15007640_2.fastq.gz	SAMN19680770	696912	u
SRR15007646	PAIRED	https://ftp.sra.ebi.ac.uk/vol1/fastq/SRR150/046/SRR15007646/SRR15007646_1.fastq.gz	https://ftp.sra.ebi.ac.uk/vol1/fastq/SRR150/046/SRR15007646/SRR15007646_2.fastq.gz	SAMN19680764	967409	u
SRR15024309	PAIRED	https://ftp.sra.ebi.ac.uk/vol1/fastq/SRR150/009/SRR15024309/SRR15024309_1.fastq.gz	https://ftp.sra.ebi.ac.uk/vol1/fastq/SRR150/009/SRR15024309/SRR15024309_2.fastq.gz	SAMN20010954	793867	s
SRR15042805	PAIRED	https://ftp.sra.ebi.ac.uk/vol1/fastq/SRR150/005/SRR15042805/SRR15042805_1.fastq.gz	https://ftp.sra.ebi.ac.uk/vol1/fastq/SRR150/005/SRR15042805/SRR15042805_2.fastq.gz	SAMN19658430	951237	u
SRR15049156	PAIRED	https://ftp.sra.ebi.ac.uk/vol1/fastq/SRR150/056/SRR15049156/SRR15049156_1.fastq.gz	https://ftp.sra.ebi.ac.uk/vol1/fastq/SRR150/056/SRR15049156/SRR15049156_2.fastq.gz	SAMN20079289	1051086	u
SRR15049763	PAIRED	https://ftp.sra.ebi.ac.uk/vol1/fastq/SRR150/063/SRR15049763/SRR15049763_1.fastq.gz	https://ftp.sra.ebi.ac.uk/vol1/fastq/SRR150/063/SRR15049763/SRR15049763_2.fastq.gz	SAMN20080775	889656	s
SRR15054640	PAIRED	https://ftp.sra.ebi.ac.uk/vol1/fastq/SRR150/040/SRR15054640/SRR15054640_1.fastq.gz	https://ftp.sra.ebi.ac.uk/vol1/fastq/SRR150/040/SRR15054640/SRR15054640_2.fastq.gz	SAMN20085866	1133329	u
SRR15058935	PAIRED	https://ftp.sra.ebi.ac.uk/vol1/fastq/SRR150/035/SRR15058935/SRR15058935_1.fastq.gz	https://ftp.sra.ebi.ac.uk/vol1/fastq/SRR150/035/SRR15058935/SRR15058935_2.fastq.gz	SAMN19658468	1194549	u
SRR15095860	PAIRED	https://ftp.sra.ebi.ac.uk/vol1/fastq/SRR150/060/SRR15095860/SRR15095860_1.fastq.gz	https://ftp.sra.ebi.ac.uk/vol1/fastq/SRR150/060/SRR15095860/SRR15095860_2.fastq.gz	SAMN20163838	859394	u
SRR15097542	PAIRED	https://ftp.sra.ebi.ac.uk/vol1/fastq/SRR150/042/SRR15097542/SRR15097542_1.fastq.gz	https://ftp.sra.ebi.ac.uk/vol1/fastq/SRR150/042/SRR15097542/SRR15097542_2.fastq.gz	SAMN19658440	647041	u
SRR15097544	PAIRED	https://ftp.sra.ebi.ac.uk/vol1/fastq/SRR150/044/SRR15097544/SRR15097544_1.fastq.gz	https://ftp.sra.ebi.ac.uk/vol1/fastq/SRR150/044/SRR15097544/SRR15097544_2.fastq.gz	SAMN19658402	495655	u
SRR15104477	PAIRED	https://ftp.sra.ebi.ac.uk/vol1/fastq/SRR151/077/SRR15104477/SRR15104477_1.fastq.gz	https://ftp.sra.ebi.ac.uk/vol1/fastq/SRR151/077/SRR15104477/SRR15104477_2.fastq.gz	SAMN20174377	983179	u
SRR15128223	PAIRED	https://ftp.sra.ebi.ac.uk/vol1/fastq/SRR151/023/SRR15128223/SRR15128223_1.fastq.gz	https://ftp.sra.ebi.ac.uk/vol1/fastq/SRR151/023/SRR15128223/SRR15128223_2.fastq.gz	SAMN20200285	901500	u
SRR15128229	PAIRED	https://ftp.sra.ebi.ac.uk/vol1/fastq/SRR151/029/SRR15128229/SRR15128229_1.fastq.gz	https://ftp.sra.ebi.ac.uk/vol1/fastq/SRR151/029/SRR15128229/SRR15128229_2.fastq.gz	SAMN20200280	907411	u
SRR15128231	PAIRED	https://ftp.sra.ebi.ac.uk/vol1/fastq/SRR151/031/SRR15128231/SRR15128231_1.fastq.gz	https://ftp.sra.ebi.ac.uk/vol1/fastq/SRR151/031/SRR15128231/SRR15128231_2.fastq.gz	SAMN20200278	1049431	u
SRR15128233	PAIRED	https://ftp.sra.ebi.ac.uk/vol1/fastq/SRR151/033/SRR15128233/SRR15128233_1.fastq.gz	https://ftp.sra.ebi.ac.uk/vol1/fastq/SRR151/033/SRR15128233/SRR15128233_2.fastq.gz	SAMN20200276	1309427	u
SRR15128238	PAIRED	https://ftp.sra.ebi.ac.uk/vol1/fastq/SRR151/038/SRR15128238/SRR15128238_1.fastq.gz	https://ftp.sra.ebi.ac.uk/vol1/fastq/SRR151/038/SRR15128238/SRR15128238_2.fastq.gz	SAMN20200271	943292	u
SRR15128240	PAIRED	https://ftp.sra.ebi.ac.uk/vol1/fastq/SRR151/040/SRR15128240/SRR15128240_1.fastq.gz	https://ftp.sra.ebi.ac.uk/vol1/fastq/SRR151/040/SRR15128240/SRR15128240_2.fastq.gz	SAMN20200270	900178	u
SRR15128244	PAIRED	https://ftp.sra.ebi.ac.uk/vol1/fastq/SRR151/044/SRR15128244/SRR15128244_1.fastq.gz	https://ftp.sra.ebi.ac.uk/vol1/fastq/SRR151/044/SRR15128244/SRR15128244_2.fastq.gz	SAMN20200266	1001004	u
SRR15128245	PAIRED	https://ftp.sra.ebi.ac.uk/vol1/fastq/SRR151/045/SRR15128245/SRR15128245_1.fastq.gz	https://ftp.sra.ebi.ac.uk/vol1/fastq/SRR151/045/SRR15128245/SRR15128245_2.fastq.gz	SAMN20200265	959333	u
SRR15128250	PAIRED	https://ftp.sra.ebi.ac.uk/vol1/fastq/SRR151/050/SRR15128250/SRR15128250_1.fastq.gz	https://ftp.sra.ebi.ac.uk/vol1/fastq/SRR151/050/SRR15128250/SRR15128250_2.fastq.gz	SAMN20200234	1085473	u
SRR15128255	PAIRED	https://ftp.sra.ebi.ac.uk/vol1/fastq/SRR151/055/SRR15128255/SRR15128255_1.fastq.gz	https://ftp.sra.ebi.ac.uk/vol1/fastq/SRR151/055/SRR15128255/SRR15128255_2.fastq.gz	SAMN20200256	969327	u
SRR15128267	PAIRED	https://ftp.sra.ebi.ac.uk/vol1/fastq/SRR151/067/SRR15128267/SRR15128267_1.fastq.gz	https://ftp.sra.ebi.ac.uk/vol1/fastq/SRR151/067/SRR15128267/SRR15128267_2.fastq.gz	SAMN20200245	994737	u
SRR15132469	PAIRED	https://ftp.sra.ebi.ac.uk/vol1/fastq/SRR151/069/SRR15132469/SRR15132469_1.fastq.gz	https://ftp.sra.ebi.ac.uk/vol1/fastq/SRR151/069/SRR15132469/SRR15132469_2.fastq.gz	SAMN19658504	867091	u
SRR15197815	PAIRED	https://ftp.sra.ebi.ac.uk/vol1/fastq/SRR151/015/SRR15197815/SRR15197815_1.fastq.gz	https://ftp.sra.ebi.ac.uk/vol1/fastq/SRR151/015/SRR15197815/SRR15197815_2.fastq.gz	SAMN19658528	870638	u
SRR15306176	PAIRED	https://ftp.sra.ebi.ac.uk/vol1/fastq/SRR153/076/SRR15306176/SRR15306176_1.fastq.gz	https://ftp.sra.ebi.ac.uk/vol1/fastq/SRR153/076/SRR15306176/SRR15306176_2.fastq.gz	SAMN20504919	554990	s
SRR15402276	PAIRED	https://ftp.sra.ebi.ac.uk/vol1/fastq/SRR154/076/SRR15402276/SRR15402276_1.fastq.gz	https://ftp.sra.ebi.ac.uk/vol1/fastq/SRR154/076/SRR15402276/SRR15402276_2.fastq.gz	SAMN20693850	2309244	s
SRR15496956	PAIRED	https://ftp.sra.ebi.ac.uk/vol1/fastq/SRR154/056/SRR15496956/SRR15496956_1.fastq.gz	https://ftp.sra.ebi.ac.uk/vol1/fastq/SRR154/056/SRR15496956/SRR15496956_2.fastq.gz	SAMN20814567	1633158	s
SRR15534428	PAIRED	https://ftp.sra.ebi.ac.uk/vol1/fastq/SRR155/028/SRR15534428/SRR15534428_1.fastq.gz	https://ftp.sra.ebi.ac.uk/vol1/fastq/SRR155/028/SRR15534428/SRR15534428_2.fastq.gz	SAMN20865823	979437	u
SRR15534430	PAIRED	https://ftp.sra.ebi.ac.uk/vol1/fastq/SRR155/030/SRR15534430/SRR15534430_1.fastq.gz	https://ftp.sra.ebi.ac.uk/vol1/fastq/SRR155/030/SRR15534430/SRR15534430_2.fastq.gz	SAMN20865821	1166687	u
SRR15571332	PAIRED	https://ftp.sra.ebi.ac.uk/vol1/fastq/SRR155/032/SRR15571332/SRR15571332_1.fastq.gz	https://ftp.sra.ebi.ac.uk/vol1/fastq/SRR155/032/SRR15571332/SRR15571332_2.fastq.gz	SAMN20934507	923006	s
SRR15668797	PAIRED	https://ftp.sra.ebi.ac.uk/vol1/fastq/SRR156/097/SRR15668797/SRR15668797_1.fastq.gz	https://ftp.sra.ebi.ac.uk/vol1/fastq/SRR156/097/SRR15668797/SRR15668797_2.fastq.gz	SAMN21038400	1103865	u
SRR15668812	PAIRED	https://ftp.sra.ebi.ac.uk/vol1/fastq/SRR156/012/SRR15668812/SRR15668812_1.fastq.gz	https://ftp.sra.ebi.ac.uk/vol1/fastq/SRR156/012/SRR15668812/SRR15668812_2.fastq.gz	SAMN21038386	885377	u
SRR15668815	PAIRED	https://ftp.sra.ebi.ac.uk/vol1/fastq/SRR156/015/SRR15668815/SRR15668815_1.fastq.gz	https://ftp.sra.ebi.ac.uk/vol1/fastq/SRR156/015/SRR15668815/SRR15668815_2.fastq.gz	SAMN21038383	1120947	u
SRR15668817	PAIRED	https://ftp.sra.ebi.ac.uk/vol1/fastq/SRR156/017/SRR15668817/SRR15668817_1.fastq.gz	https://ftp.sra.ebi.ac.uk/vol1/fastq/SRR156/017/SRR15668817/SRR15668817_2.fastq.gz	SAMN21038373	1126334	u
SRR15670798	PAIRED	https://ftp.sra.ebi.ac.uk/vol1/fastq/SRR156/098/SRR15670798/SRR15670798_1.fastq.gz	https://ftp.sra.ebi.ac.uk/vol1/fastq/SRR156/098/SRR15670798/SRR15670798_2.fastq.gz	SAMN21040601	865337	s
SRR15692616	PAIRED	https://ftp.sra.ebi.ac.uk/vol1/fastq/SRR156/016/SRR15692616/SRR15692616_1.fastq.gz	https://ftp.sra.ebi.ac.uk/vol1/fastq/SRR156/016/SRR15692616/SRR15692616_2.fastq.gz	SAMN21175652	863697	s
SRR15943378	PAIRED	https://ftp.sra.ebi.ac.uk/vol1/fastq/SRR159/078/SRR15943378/SRR15943378_1.fastq.gz	https://ftp.sra.ebi.ac.uk/vol1/fastq/SRR159/078/SRR15943378/SRR15943378_2.fastq.gz	SAMN21490373	732126	s
SRR1610044	PAIRED	https://ftp.sra.ebi.ac.uk/vol1/fastq/SRR161/004/SRR1610044/SRR1610044_1.fastq.gz	https://ftp.sra.ebi.ac.uk/vol1/fastq/SRR161/004/SRR1610044/SRR1610044_2.fastq.gz	SAMN03074766	1825985	r
SRR1610046	PAIRED	https://ftp.sra.ebi.ac.uk/vol1/fastq/SRR161/006/SRR1610046/SRR1610046_1.fastq.gz	https://ftp.sra.ebi.ac.uk/vol1/fastq/SRR161/006/SRR1610046/SRR1610046_2.fastq.gz	SAMN03074768	693719	r
SRR1610059	PAIRED	https://ftp.sra.ebi.ac.uk/vol1/fastq/SRR161/009/SRR1610059/SRR1610059_1.fastq.gz	https://ftp.sra.ebi.ac.uk/vol1/fastq/SRR161/009/SRR1610059/SRR1610059_2.fastq.gz	SAMN03074781	2233919	s
SRR1610072	PAIRED	https://ftp.sra.ebi.ac.uk/vol1/fastq/SRR161/002/SRR1610072/SRR1610072_1.fastq.gz	https://ftp.sra.ebi.ac.uk/vol1/fastq/SRR161/002/SRR1610072/SRR1610072_2.fastq.gz	SAMN03074794	2984486	s
SRR1610141	PAIRED	https://ftp.sra.ebi.ac.uk/vol1/fastq/SRR161/001/SRR1610141/SRR1610141_1.fastq.gz	https://ftp.sra.ebi.ac.uk/vol1/fastq/SRR161/001/SRR1610141/SRR1610141_2.fastq.gz	SAMN03068729	1225565	s
SRR16206898	PAIRED	https://ftp.sra.ebi.ac.uk/vol1/fastq/SRR162/098/SRR16206898/SRR16206898_1.fastq.gz	https://ftp.sra.ebi.ac.uk/vol1/fastq/SRR162/098/SRR16206898/SRR16206898_2.fastq.gz	SAMN22064878	751699	s
SRR16230391	PAIRED	https://ftp.sra.ebi.ac.uk/vol1/fastq/SRR162/091/SRR16230391/SRR16230391_1.fastq.gz	https://ftp.sra.ebi.ac.uk/vol1/fastq/SRR162/091/SRR16230391/SRR16230391_2.fastq.gz	SAMN22107644	852274	s
SRR16250098	PAIRED	https://ftp.sra.ebi.ac.uk/vol1/fastq/SRR162/098/SRR16250098/SRR16250098_1.fastq.gz	https://ftp.sra.ebi.ac.uk/vol1/fastq/SRR162/098/SRR16250098/SRR16250098_2.fastq.gz	SAMN22137259	942312	u
SRR16250099	PAIRED	https://ftp.sra.ebi.ac.uk/vol1/fastq/SRR162/099/SRR16250099/SRR16250099_1.fastq.gz	https://ftp.sra.ebi.ac.uk/vol1/fastq/SRR162/099/SRR16250099/SRR16250099_2.fastq.gz	SAMN22137258	862735	u
SRR16250116	PAIRED	https://ftp.sra.ebi.ac.uk/vol1/fastq/SRR162/016/SRR16250116/SRR16250116_1.fastq.gz	https://ftp.sra.ebi.ac.uk/vol1/fastq/SRR162/016/SRR16250116/SRR16250116_2.fastq.gz	SAMN22137285	688116	u
SRR16250117	PAIRED	https://ftp.sra.ebi.ac.uk/vol1/fastq/SRR162/017/SRR16250117/SRR16250117_1.fastq.gz	https://ftp.sra.ebi.ac.uk/vol1/fastq/SRR162/017/SRR16250117/SRR16250117_2.fastq.gz	SAMN22137284	776566	u
SRR16298041	PAIRED	https://ftp.sra.ebi.ac.uk/vol1/fastq/SRR162/041/SRR16298041/SRR16298041_1.fastq.gz	https://ftp.sra.ebi.ac.uk/vol1/fastq/SRR162/041/SRR16298041/SRR16298041_2.fastq.gz	SAMN22184022	770706	u
SRR16298043	PAIRED	https://ftp.sra.ebi.ac.uk/vol1/fastq/SRR162/043/SRR16298043/SRR16298043_1.fastq.gz	https://ftp.sra.ebi.ac.uk/vol1/fastq/SRR162/043/SRR16298043/SRR16298043_2.fastq.gz	SAMN22184020	928786	u
SRR16298061	PAIRED	https://ftp.sra.ebi.ac.uk/vol1/fastq/SRR162/061/SRR16298061/SRR16298061_1.fastq.gz	https://ftp.sra.ebi.ac.uk/vol1/fastq/SRR162/061/SRR16298061/SRR16298061_2.fastq.gz	SAMN22184025	763107	u
SRR16643219	PAIRED	https://ftp.sra.ebi.ac.uk/vol1/fastq/SRR166/019/SRR16643219/SRR16643219_1.fastq.gz	https://ftp.sra.ebi.ac.uk/vol1/fastq/SRR166/019/SRR16643219/SRR16643219_2.fastq.gz	SAMN22785520	943325	s
SRR16643232	PAIRED	https://ftp.sra.ebi.ac.uk/vol1/fastq/SRR166/032/SRR16643232/SRR16643232_1.fastq.gz	https://ftp.sra.ebi.ac.uk/vol1/fastq/SRR166/032/SRR16643232/SRR16643232_2.fastq.gz	SAMN22785486	1158872	s
SRR16643234	PAIRED	https://ftp.sra.ebi.ac.uk/vol1/fastq/SRR166/034/SRR16643234/SRR16643234_1.fastq.gz	https://ftp.sra.ebi.ac.uk/vol1/fastq/SRR166/034/SRR16643234/SRR16643234_2.fastq.gz	SAMN22785517	1057875	s
SRR16643235	PAIRED	https://ftp.sra.ebi.ac.uk/vol1/fastq/SRR166/035/SRR16643235/SRR16643235_1.fastq.gz	https://ftp.sra.ebi.ac.uk/vol1/fastq/SRR166/035/SRR16643235/SRR16643235_2.fastq.gz	SAMN22785482	689337	s
SRR16643239	PAIRED	https://ftp.sra.ebi.ac.uk/vol1/fastq/SRR166/039/SRR16643239/SRR16643239_1.fastq.gz	https://ftp.sra.ebi.ac.uk/vol1/fastq/SRR166/039/SRR16643239/SRR16643239_2.fastq.gz	SAMN22785513	1001356	s
SRR16643245	PAIRED	https://ftp.sra.ebi.ac.uk/vol1/fastq/SRR166/045/SRR16643245/SRR16643245_1.fastq.gz	https://ftp.sra.ebi.ac.uk/vol1/fastq/SRR166/045/SRR16643245/SRR16643245_2.fastq.gz	SAMN22785507	1391355	s
SRR16643257	PAIRED	https://ftp.sra.ebi.ac.uk/vol1/fastq/SRR166/057/SRR16643257/SRR16643257_1.fastq.gz	https://ftp.sra.ebi.ac.uk/vol1/fastq/SRR166/057/SRR16643257/SRR16643257_2.fastq.gz	SAMN22785480	1224858	s
SRR16893058	PAIRED	https://ftp.sra.ebi.ac.uk/vol1/fastq/SRR168/058/SRR16893058/SRR16893058_1.fastq.gz	https://ftp.sra.ebi.ac.uk/vol1/fastq/SRR168/058/SRR16893058/SRR16893058_2.fastq.gz	SAMN23010875	685386	u
SRR16983442	PAIRED	https://ftp.sra.ebi.ac.uk/vol1/fastq/SRR169/042/SRR16983442/SRR16983442_1.fastq.gz	https://ftp.sra.ebi.ac.uk/vol1/fastq/SRR169/042/SRR16983442/SRR16983442_2.fastq.gz	SAMN23213235	813596	u
SRR16983445	PAIRED	https://ftp.sra.ebi.ac.uk/vol1/fastq/SRR169/045/SRR16983445/SRR16983445_1.fastq.gz	https://ftp.sra.ebi.ac.uk/vol1/fastq/SRR169/045/SRR16983445/SRR16983445_2.fastq.gz	SAMN23213232	775318	u
SRR17096807	PAIRED	https://ftp.sra.ebi.ac.uk/vol1/fastq/SRR170/007/SRR17096807/SRR17096807_1.fastq.gz	https://ftp.sra.ebi.ac.uk/vol1/fastq/SRR170/007/SRR17096807/SRR17096807_2.fastq.gz	SAMN23564048	1174403	u
SRR17096808	PAIRED	https://ftp.sra.ebi.ac.uk/vol1/fastq/SRR170/008/SRR17096808/SRR17096808_1.fastq.gz	https://ftp.sra.ebi.ac.uk/vol1/fastq/SRR170/008/SRR17096808/SRR17096808_2.fastq.gz	SAMN23564047	1032029	u
SRR17096811	PAIRED	https://ftp.sra.ebi.ac.uk/vol1/fastq/SRR170/011/SRR17096811/SRR17096811_1.fastq.gz	https://ftp.sra.ebi.ac.uk/vol1/fastq/SRR170/011/SRR17096811/SRR17096811_2.fastq.gz	SAMN23564044	1399965	u
SRR17170169	PAIRED	https://ftp.sra.ebi.ac.uk/vol1/fastq/SRR171/069/SRR17170169/SRR17170169_1.fastq.gz	https://ftp.sra.ebi.ac.uk/vol1/fastq/SRR171/069/SRR17170169/SRR17170169_2.fastq.gz	SAMN23794869	708736	u
SRR17170170	PAIRED	https://ftp.sra.ebi.ac.uk/vol1/fastq/SRR171/070/SRR17170170/SRR17170170_1.fastq.gz	https://ftp.sra.ebi.ac.uk/vol1/fastq/SRR171/070/SRR17170170/SRR17170170_2.fastq.gz	SAMN23794868	522161	u
SRR17182382	PAIRED	https://ftp.sra.ebi.ac.uk/vol1/fastq/SRR171/082/SRR17182382/SRR17182382_1.fastq.gz	https://ftp.sra.ebi.ac.uk/vol1/fastq/SRR171/082/SRR17182382/SRR17182382_2.fastq.gz	SAMN23827514	772688	u
SRR17182384	PAIRED	https://ftp.sra.ebi.ac.uk/vol1/fastq/SRR171/084/SRR17182384/SRR17182384_1.fastq.gz	https://ftp.sra.ebi.ac.uk/vol1/fastq/SRR171/084/SRR17182384/SRR17182384_2.fastq.gz	SAMN23827512	828333	u
SRR17182387	PAIRED	https://ftp.sra.ebi.ac.uk/vol1/fastq/SRR171/087/SRR17182387/SRR17182387_1.fastq.gz	https://ftp.sra.ebi.ac.uk/vol1/fastq/SRR171/087/SRR17182387/SRR17182387_2.fastq.gz	SAMN23827509	1262849	u
SRR17182389	PAIRED	https://ftp.sra.ebi.ac.uk/vol1/fastq/SRR171/089/SRR17182389/SRR17182389_1.fastq.gz	https://ftp.sra.ebi.ac.uk/vol1/fastq/SRR171/089/SRR17182389/SRR17182389_2.fastq.gz	SAMN23827524	1441727	u
SRR17182398	PAIRED	https://ftp.sra.ebi.ac.uk/vol1/fastq/SRR171/098/SRR17182398/SRR17182398_1.fastq.gz	https://ftp.sra.ebi.ac.uk/vol1/fastq/SRR171/098/SRR17182398/SRR17182398_2.fastq.gz	SAMN23827507	1160356	u
SRR17220480	PAIRED	https://ftp.sra.ebi.ac.uk/vol1/fastq/SRR172/080/SRR17220480/SRR17220480_1.fastq.gz	https://ftp.sra.ebi.ac.uk/vol1/fastq/SRR172/080/SRR17220480/SRR17220480_2.fastq.gz	SAMN24007687	790652	u
SRR17220481	PAIRED	https://ftp.sra.ebi.ac.uk/vol1/fastq/SRR172/081/SRR17220481/SRR17220481_1.fastq.gz	https://ftp.sra.ebi.ac.uk/vol1/fastq/SRR172/081/SRR17220481/SRR17220481_2.fastq.gz	SAMN24007686	751196	u
SRR17220482	PAIRED	https://ftp.sra.ebi.ac.uk/vol1/fastq/SRR172/082/SRR17220482/SRR17220482_1.fastq.gz	https://ftp.sra.ebi.ac.uk/vol1/fastq/SRR172/082/SRR17220482/SRR17220482_2.fastq.gz	SAMN24007677	879803	u
SRR17220483	PAIRED	https://ftp.sra.ebi.ac.uk/vol1/fastq/SRR172/083/SRR17220483/SRR17220483_1.fastq.gz	https://ftp.sra.ebi.ac.uk/vol1/fastq/SRR172/083/SRR17220483/SRR17220483_2.fastq.gz	SAMN24007676	694926	u
SRR17468345	PAIRED	https://ftp.sra.ebi.ac.uk/vol1/fastq/SRR174/045/SRR17468345/SRR17468345_1.fastq.gz	https://ftp.sra.ebi.ac.uk/vol1/fastq/SRR174/045/SRR17468345/SRR17468345_2.fastq.gz	SAMN23009207	1078793	u
SRR17468350	PAIRED	https://ftp.sra.ebi.ac.uk/vol1/fastq/SRR174/050/SRR17468350/SRR17468350_1.fastq.gz	https://ftp.sra.ebi.ac.uk/vol1/fastq/SRR174/050/SRR17468350/SRR17468350_2.fastq.gz	SAMN24694348	902630	u
SRR17468354	PAIRED	https://ftp.sra.ebi.ac.uk/vol1/fastq/SRR174/054/SRR17468354/SRR17468354_1.fastq.gz	https://ftp.sra.ebi.ac.uk/vol1/fastq/SRR174/054/SRR17468354/SRR17468354_2.fastq.gz	SAMN24694345	767724	u
SRR17518368	PAIRED	https://ftp.sra.ebi.ac.uk/vol1/fastq/SRR175/068/SRR17518368/SRR17518368_1.fastq.gz	https://ftp.sra.ebi.ac.uk/vol1/fastq/SRR175/068/SRR17518368/SRR17518368_2.fastq.gz	SAMN24745762	839832	u
SRR17518372	PAIRED	https://ftp.sra.ebi.ac.uk/vol1/fastq/SRR175/072/SRR17518372/SRR17518372_1.fastq.gz	https://ftp.sra.ebi.ac.uk/vol1/fastq/SRR175/072/SRR17518372/SRR17518372_2.fastq.gz	SAMN24745758	691809	u
SRR17548629	PAIRED	https://ftp.sra.ebi.ac.uk/vol1/fastq/SRR175/029/SRR17548629/SRR17548629_1.fastq.gz	https://ftp.sra.ebi.ac.uk/vol1/fastq/SRR175/029/SRR17548629/SRR17548629_2.fastq.gz	SAMN24811825	664316	u
SRR17548630	PAIRED	https://ftp.sra.ebi.ac.uk/vol1/fastq/SRR175/030/SRR17548630/SRR17548630_1.fastq.gz	https://ftp.sra.ebi.ac.uk/vol1/fastq/SRR175/030/SRR17548630/SRR17548630_2.fastq.gz	SAMN24811824	858414	u
SRR17548634	PAIRED	https://ftp.sra.ebi.ac.uk/vol1/fastq/SRR175/034/SRR17548634/SRR17548634_1.fastq.gz	https://ftp.sra.ebi.ac.uk/vol1/fastq/SRR175/034/SRR17548634/SRR17548634_2.fastq.gz	SAMN24811820	968815	u
SRR17720378	PAIRED	https://ftp.sra.ebi.ac.uk/vol1/fastq/SRR177/078/SRR17720378/SRR17720378_1.fastq.gz	https://ftp.sra.ebi.ac.uk/vol1/fastq/SRR177/078/SRR17720378/SRR17720378_2.fastq.gz	SAMN25221517	763546	u
SRR18059923	PAIRED	https://ftp.sra.ebi.ac.uk/vol1/fastq/SRR180/023/SRR18059923/SRR18059923_1.fastq.gz	https://ftp.sra.ebi.ac.uk/vol1/fastq/SRR180/023/SRR18059923/SRR18059923_2.fastq.gz	SAMN26023528	1097035	u
SRR18128563	PAIRED	https://ftp.sra.ebi.ac.uk/vol1/fastq/SRR181/063/SRR18128563/SRR18128563_1.fastq.gz	https://ftp.sra.ebi.ac.uk/vol1/fastq/SRR181/063/SRR18128563/SRR18128563_2.fastq.gz	SAMN26225109	1175690	u
SRR18344619	PAIRED	https://ftp.sra.ebi.ac.uk/vol1/fastq/SRR183/019/SRR18344619/SRR18344619_1.fastq.gz	https://ftp.sra.ebi.ac.uk/vol1/fastq/SRR183/019/SRR18344619/SRR18344619_2.fastq.gz	SAMN26748515	923609	u
SRR18344620	PAIRED	https://ftp.sra.ebi.ac.uk/vol1/fastq/SRR183/020/SRR18344620/SRR18344620_1.fastq.gz	https://ftp.sra.ebi.ac.uk/vol1/fastq/SRR183/020/SRR18344620/SRR18344620_2.fastq.gz	SAMN26748514	858819	u
SRR18889127	PAIRED	https://ftp.sra.ebi.ac.uk/vol1/fastq/SRR188/027/SRR18889127/SRR18889127_1.fastq.gz	https://ftp.sra.ebi.ac.uk/vol1/fastq/SRR188/027/SRR18889127/SRR18889127_2.fastq.gz	SAMN27738903	717767	u
SRR18889130	PAIRED	https://ftp.sra.ebi.ac.uk/vol1/fastq/SRR188/030/SRR18889130/SRR18889130_1.fastq.gz	https://ftp.sra.ebi.ac.uk/vol1/fastq/SRR188/030/SRR18889130/SRR18889130_2.fastq.gz	SAMN27738908	1013412	u
SRR18889136	PAIRED	https://ftp.sra.ebi.ac.uk/vol1/fastq/SRR188/036/SRR18889136/SRR18889136_1.fastq.gz	https://ftp.sra.ebi.ac.uk/vol1/fastq/SRR188/036/SRR18889136/SRR18889136_2.fastq.gz	SAMN27738911	692801	u
SRR18889139	PAIRED	https://ftp.sra.ebi.ac.uk/vol1/fastq/SRR188/039/SRR18889139/SRR18889139_1.fastq.gz	https://ftp.sra.ebi.ac.uk/vol1/fastq/SRR188/039/SRR18889139/SRR18889139_2.fastq.gz	SAMN27738900	742036	u
SRR18911902	PAIRED	https://ftp.sra.ebi.ac.uk/vol1/fastq/SRR189/002/SRR18911902/SRR18911902_1.fastq.gz	https://ftp.sra.ebi.ac.uk/vol1/fastq/SRR189/002/SRR18911902/SRR18911902_2.fastq.gz	SAMN27763085	577203	s
SRR18958926	PAIRED	https://ftp.sra.ebi.ac.uk/vol1/fastq/SRR189/026/SRR18958926/SRR18958926_1.fastq.gz	https://ftp.sra.ebi.ac.uk/vol1/fastq/SRR189/026/SRR18958926/SRR18958926_2.fastq.gz	SAMN27923117	632446	u
SRR18966430	PAIRED	https://ftp.sra.ebi.ac.uk/vol1/fastq/SRR189/030/SRR18966430/SRR18966430_1.fastq.gz	https://ftp.sra.ebi.ac.uk/vol1/fastq/SRR189/030/SRR18966430/SRR18966430_2.fastq.gz	SAMN27960773	700655	u
SRR18966436	PAIRED	https://ftp.sra.ebi.ac.uk/vol1/fastq/SRR189/036/SRR18966436/SRR18966436_1.fastq.gz	https://ftp.sra.ebi.ac.uk/vol1/fastq/SRR189/036/SRR18966436/SRR18966436_2.fastq.gz	SAMN27960802	831060	u
SRR18966438	PAIRED	https://ftp.sra.ebi.ac.uk/vol1/fastq/SRR189/038/SRR18966438/SRR18966438_1.fastq.gz	https://ftp.sra.ebi.ac.uk/vol1/fastq/SRR189/038/SRR18966438/SRR18966438_2.fastq.gz	SAMN27960800	809009	u
SRR18966453	PAIRED	https://ftp.sra.ebi.ac.uk/vol1/fastq/SRR189/053/SRR18966453/SRR18966453_1.fastq.gz	https://ftp.sra.ebi.ac.uk/vol1/fastq/SRR189/053/SRR18966453/SRR18966453_2.fastq.gz	SAMN27960787	921348	u
SRR18966459	PAIRED	https://ftp.sra.ebi.ac.uk/vol1/fastq/SRR189/059/SRR18966459/SRR18966459_1.fastq.gz	https://ftp.sra.ebi.ac.uk/vol1/fastq/SRR189/059/SRR18966459/SRR18966459_2.fastq.gz	SAMN27960781	659051	u
SRR18996237	PAIRED	https://ftp.sra.ebi.ac.uk/vol1/fastq/SRR189/037/SRR18996237/SRR18996237_1.fastq.gz	https://ftp.sra.ebi.ac.uk/vol1/fastq/SRR189/037/SRR18996237/SRR18996237_2.fastq.gz	SAMN27997701	936677	u
SRR18996238	PAIRED	https://ftp.sra.ebi.ac.uk/vol1/fastq/SRR189/038/SRR18996238/SRR18996238_1.fastq.gz	https://ftp.sra.ebi.ac.uk/vol1/fastq/SRR189/038/SRR18996238/SRR18996238_2.fastq.gz	SAMN27997700	1004456	u
SRR18996239	PAIRED	https://ftp.sra.ebi.ac.uk/vol1/fastq/SRR189/039/SRR18996239/SRR18996239_1.fastq.gz	https://ftp.sra.ebi.ac.uk/vol1/fastq/SRR189/039/SRR18996239/SRR18996239_2.fastq.gz	SAMN27997699	947900	u
SRR18996240	PAIRED	https://ftp.sra.ebi.ac.uk/vol1/fastq/SRR189/040/SRR18996240/SRR18996240_1.fastq.gz	https://ftp.sra.ebi.ac.uk/vol1/fastq/SRR189/040/SRR18996240/SRR18996240_2.fastq.gz	SAMN27997698	916379	u
SRR18996244	PAIRED	https://ftp.sra.ebi.ac.uk/vol1/fastq/SRR189/044/SRR18996244/SRR18996244_1.fastq.gz	https://ftp.sra.ebi.ac.uk/vol1/fastq/SRR189/044/SRR18996244/SRR18996244_2.fastq.gz	SAMN27997716	886556	u
SRR19200966	PAIRED	https://ftp.sra.ebi.ac.uk/vol1/fastq/SRR192/066/SRR19200966/SRR19200966_1.fastq.gz	https://ftp.sra.ebi.ac.uk/vol1/fastq/SRR192/066/SRR19200966/SRR19200966_2.fastq.gz	SAMN28235841	776451	r
SRR19200968	PAIRED	https://ftp.sra.ebi.ac.uk/vol1/fastq/SRR192/068/SRR19200968/SRR19200968_1.fastq.gz	https://ftp.sra.ebi.ac.uk/vol1/fastq/SRR192/068/SRR19200968/SRR19200968_2.fastq.gz	SAMN28235839	792870	r
SRR19200973	PAIRED	https://ftp.sra.ebi.ac.uk/vol1/fastq/SRR192/073/SRR19200973/SRR19200973_1.fastq.gz	https://ftp.sra.ebi.ac.uk/vol1/fastq/SRR192/073/SRR19200973/SRR19200973_2.fastq.gz	SAMN28235860	998646	r
SRR19200977	PAIRED	https://ftp.sra.ebi.ac.uk/vol1/fastq/SRR192/077/SRR19200977/SRR19200977_1.fastq.gz	https://ftp.sra.ebi.ac.uk/vol1/fastq/SRR192/077/SRR19200977/SRR19200977_2.fastq.gz	SAMN28235856	1345400	r
SRR19200986	PAIRED	https://ftp.sra.ebi.ac.uk/vol1/fastq/SRR192/086/SRR19200986/SRR19200986_1.fastq.gz	https://ftp.sra.ebi.ac.uk/vol1/fastq/SRR192/086/SRR19200986/SRR19200986_2.fastq.gz	SAMN28235848	821412	r
SRR19363602	PAIRED	https://ftp.sra.ebi.ac.uk/vol1/fastq/SRR193/002/SRR19363602/SRR19363602_1.fastq.gz	https://ftp.sra.ebi.ac.uk/vol1/fastq/SRR193/002/SRR19363602/SRR19363602_2.fastq.gz	SAMN28606091	522802	u
SRR19646071	PAIRED	https://ftp.sra.ebi.ac.uk/vol1/fastq/SRR196/071/SRR19646071/SRR19646071_1.fastq.gz	https://ftp.sra.ebi.ac.uk/vol1/fastq/SRR196/071/SRR19646071/SRR19646071_2.fastq.gz	SAMN29019868	3207656	u
SRR19646072	PAIRED	https://ftp.sra.ebi.ac.uk/vol1/fastq/SRR196/072/SRR19646072/SRR19646072_1.fastq.gz	https://ftp.sra.ebi.ac.uk/vol1/fastq/SRR196/072/SRR19646072/SRR19646072_2.fastq.gz	SAMN29019880	952376	u
SRR19981262	PAIRED	https://ftp.sra.ebi.ac.uk/vol1/fastq/SRR199/062/SRR19981262/SRR19981262_1.fastq.gz	https://ftp.sra.ebi.ac.uk/vol1/fastq/SRR199/062/SRR19981262/SRR19981262_2.fastq.gz	SAMN29503081	630183	u
SRR2015206	PAIRED	https://ftp.sra.ebi.ac.uk/vol1/fastq/SRR201/006/SRR2015206/SRR2015206_1.fastq.gz	https://ftp.sra.ebi.ac.uk/vol1/fastq/SRR201/006/SRR2015206/SRR2015206_2.fastq.gz	SAMN03019924	543263	s
SRR20245689	PAIRED	https://ftp.sra.ebi.ac.uk/vol1/fastq/SRR202/089/SRR20245689/SRR20245689_1.fastq.gz	https://ftp.sra.ebi.ac.uk/vol1/fastq/SRR202/089/SRR20245689/SRR20245689_2.fastq.gz	SAMN29770909	761146	u
SRR20245691	PAIRED	https://ftp.sra.ebi.ac.uk/vol1/fastq/SRR202/091/SRR20245691/SRR20245691_1.fastq.gz	https://ftp.sra.ebi.ac.uk/vol1/fastq/SRR202/091/SRR20245691/SRR20245691_2.fastq.gz	SAMN29770908	721959	u
SRR20245699	PAIRED	https://ftp.sra.ebi.ac.uk/vol1/fastq/SRR202/099/SRR20245699/SRR20245699_1.fastq.gz	https://ftp.sra.ebi.ac.uk/vol1/fastq/SRR202/099/SRR20245699/SRR20245699_2.fastq.gz	SAMN29770918	743503	u
SRR21096616	PAIRED	https://ftp.sra.ebi.ac.uk/vol1/fastq/SRR210/016/SRR21096616/SRR21096616_1.fastq.gz	https://ftp.sra.ebi.ac.uk/vol1/fastq/SRR210/016/SRR21096616/SRR21096616_2.fastq.gz	SAMN27524931	1697370	u
SRR21096652	PAIRED	https://ftp.sra.ebi.ac.uk/vol1/fastq/SRR210/052/SRR21096652/SRR21096652_1.fastq.gz	https://ftp.sra.ebi.ac.uk/vol1/fastq/SRR210/052/SRR21096652/SRR21096652_2.fastq.gz	SAMN27525025	1339897	u
SRR21096706	PAIRED	https://ftp.sra.ebi.ac.uk/vol1/fastq/SRR210/006/SRR21096706/SRR21096706_1.fastq.gz	https://ftp.sra.ebi.ac.uk/vol1/fastq/SRR210/006/SRR21096706/SRR21096706_2.fastq.gz	SAMN27524758	1652372	u
SRR21096729	PAIRED	https://ftp.sra.ebi.ac.uk/vol1/fastq/SRR210/029/SRR21096729/SRR21096729_1.fastq.gz	https://ftp.sra.ebi.ac.uk/vol1/fastq/SRR210/029/SRR21096729/SRR21096729_2.fastq.gz	SAMN27524746	1821853	u
SRR21096780	PAIRED	https://ftp.sra.ebi.ac.uk/vol1/fastq/SRR210/080/SRR21096780/SRR21096780_1.fastq.gz	https://ftp.sra.ebi.ac.uk/vol1/fastq/SRR210/080/SRR21096780/SRR21096780_2.fastq.gz	SAMN27524983	1114824	u
SRR21096786	PAIRED	https://ftp.sra.ebi.ac.uk/vol1/fastq/SRR210/086/SRR21096786/SRR21096786_1.fastq.gz	https://ftp.sra.ebi.ac.uk/vol1/fastq/SRR210/086/SRR21096786/SRR21096786_2.fastq.gz	SAMN27524953	1086027	u
SRR21096821	PAIRED	https://ftp.sra.ebi.ac.uk/vol1/fastq/SRR210/021/SRR21096821/SRR21096821_1.fastq.gz	https://ftp.sra.ebi.ac.uk/vol1/fastq/SRR210/021/SRR21096821/SRR21096821_2.fastq.gz	SAMN27525070	1216064	u
SRR21096823	PAIRED	https://ftp.sra.ebi.ac.uk/vol1/fastq/SRR210/023/SRR21096823/SRR21096823_1.fastq.gz	https://ftp.sra.ebi.ac.uk/vol1/fastq/SRR210/023/SRR21096823/SRR21096823_2.fastq.gz	SAMN27525047	1434184	u
SRR21096832	PAIRED	https://ftp.sra.ebi.ac.uk/vol1/fastq/SRR210/032/SRR21096832/SRR21096832_1.fastq.gz	https://ftp.sra.ebi.ac.uk/vol1/fastq/SRR210/032/SRR21096832/SRR21096832_2.fastq.gz	SAMN27525056	1367165	u
SRR21096863	PAIRED	https://ftp.sra.ebi.ac.uk/vol1/fastq/SRR210/063/SRR21096863/SRR21096863_1.fastq.gz	https://ftp.sra.ebi.ac.uk/vol1/fastq/SRR210/063/SRR21096863/SRR21096863_2.fastq.gz	SAMN27524690	1055552	u
SRR21096911	PAIRED	https://ftp.sra.ebi.ac.uk/vol1/fastq/SRR210/011/SRR21096911/SRR21096911_1.fastq.gz	https://ftp.sra.ebi.ac.uk/vol1/fastq/SRR210/011/SRR21096911/SRR21096911_2.fastq.gz	SAMN27524986	1235883	u
SRR21096915	PAIRED	https://ftp.sra.ebi.ac.uk/vol1/fastq/SRR210/015/SRR21096915/SRR21096915_1.fastq.gz	https://ftp.sra.ebi.ac.uk/vol1/fastq/SRR210/015/SRR21096915/SRR21096915_2.fastq.gz	SAMN27524822	877780	u
SRR21096935	PAIRED	https://ftp.sra.ebi.ac.uk/vol1/fastq/SRR210/035/SRR21096935/SRR21096935_1.fastq.gz	https://ftp.sra.ebi.ac.uk/vol1/fastq/SRR210/035/SRR21096935/SRR21096935_2.fastq.gz	SAMN27525067	1594912	u
SRR21097020	PAIRED	https://ftp.sra.ebi.ac.uk/vol1/fastq/SRR210/020/SRR21097020/SRR21097020_1.fastq.gz	https://ftp.sra.ebi.ac.uk/vol1/fastq/SRR210/020/SRR21097020/SRR21097020_2.fastq.gz	SAMN27525036	1288804	u
SRR21097021	PAIRED	https://ftp.sra.ebi.ac.uk/vol1/fastq/SRR210/021/SRR21097021/SRR21097021_1.fastq.gz	https://ftp.sra.ebi.ac.uk/vol1/fastq/SRR210/021/SRR21097021/SRR21097021_2.fastq.gz	SAMN27525058	1456562	u
SRR21826519	PAIRED	https://ftp.sra.ebi.ac.uk/vol1/fastq/SRR218/019/SRR21826519/SRR21826519_1.fastq.gz	https://ftp.sra.ebi.ac.uk/vol1/fastq/SRR218/019/SRR21826519/SRR21826519_2.fastq.gz	SAMN26304325	1381084	r
SRR21826521	PAIRED	https://ftp.sra.ebi.ac.uk/vol1/fastq/SRR218/021/SRR21826521/SRR21826521_1.fastq.gz	https://ftp.sra.ebi.ac.uk/vol1/fastq/SRR218/021/SRR21826521/SRR21826521_2.fastq.gz	SAMN26304671	2166406	s
SRR21826564	PAIRED	https://ftp.sra.ebi.ac.uk/vol1/fastq/SRR218/064/SRR21826564/SRR21826564_1.fastq.gz	https://ftp.sra.ebi.ac.uk/vol1/fastq/SRR218/064/SRR21826564/SRR21826564_2.fastq.gz	SAMN26304827	2182164	s
SRR21826567	PAIRED	https://ftp.sra.ebi.ac.uk/vol1/fastq/SRR218/067/SRR21826567/SRR21826567_1.fastq.gz	https://ftp.sra.ebi.ac.uk/vol1/fastq/SRR218/067/SRR21826567/SRR21826567_2.fastq.gz	SAMN26304452	2492232	s
SRR21826570	PAIRED	https://ftp.sra.ebi.ac.uk/vol1/fastq/SRR218/070/SRR21826570/SRR21826570_1.fastq.gz	https://ftp.sra.ebi.ac.uk/vol1/fastq/SRR218/070/SRR21826570/SRR21826570_2.fastq.gz	SAMN26308927	1916843	s
SRR21826591	PAIRED	https://ftp.sra.ebi.ac.uk/vol1/fastq/SRR218/091/SRR21826591/SRR21826591_1.fastq.gz	https://ftp.sra.ebi.ac.uk/vol1/fastq/SRR218/091/SRR21826591/SRR21826591_2.fastq.gz	SAMN26305284	1593742	s
SRR21826593	PAIRED	https://ftp.sra.ebi.ac.uk/vol1/fastq/SRR218/093/SRR21826593/SRR21826593_1.fastq.gz	https://ftp.sra.ebi.ac.uk/vol1/fastq/SRR218/093/SRR21826593/SRR21826593_2.fastq.gz	SAMN26305079	2199234	s
SRR21826608	PAIRED	https://ftp.sra.ebi.ac.uk/vol1/fastq/SRR218/008/SRR21826608/SRR21826608_1.fastq.gz	https://ftp.sra.ebi.ac.uk/vol1/fastq/SRR218/008/SRR21826608/SRR21826608_2.fastq.gz	SAMN26308397	2457252	s
SRR21826618	PAIRED	https://ftp.sra.ebi.ac.uk/vol1/fastq/SRR218/018/SRR21826618/SRR21826618_1.fastq.gz	https://ftp.sra.ebi.ac.uk/vol1/fastq/SRR218/018/SRR21826618/SRR21826618_2.fastq.gz	SAMN26308793	1222938	s
SRR21826619	PAIRED	https://ftp.sra.ebi.ac.uk/vol1/fastq/SRR218/019/SRR21826619/SRR21826619_1.fastq.gz	https://ftp.sra.ebi.ac.uk/vol1/fastq/SRR218/019/SRR21826619/SRR21826619_2.fastq.gz	SAMN26305052	1389431	s
SRR21826630	PAIRED	https://ftp.sra.ebi.ac.uk/vol1/fastq/SRR218/030/SRR21826630/SRR21826630_1.fastq.gz	https://ftp.sra.ebi.ac.uk/vol1/fastq/SRR218/030/SRR21826630/SRR21826630_2.fastq.gz	SAMN26309158	989709	s
SRR21826646	PAIRED	https://ftp.sra.ebi.ac.uk/vol1/fastq/SRR218/046/SRR21826646/SRR21826646_1.fastq.gz	https://ftp.sra.ebi.ac.uk/vol1/fastq/SRR218/046/SRR21826646/SRR21826646_2.fastq.gz	SAMN26304785	2563585	s
SRR21826654	PAIRED	https://ftp.sra.ebi.ac.uk/vol1/fastq/SRR218/054/SRR21826654/SRR21826654_1.fastq.gz	https://ftp.sra.ebi.ac.uk/vol1/fastq/SRR218/054/SRR21826654/SRR21826654_2.fastq.gz	SAMN26304441	1657796	s
SRR21826678	PAIRED	https://ftp.sra.ebi.ac.uk/vol1/fastq/SRR218/078/SRR21826678/SRR21826678_1.fastq.gz	https://ftp.sra.ebi.ac.uk/vol1/fastq/SRR218/078/SRR21826678/SRR21826678_2.fastq.gz	SAMN26304991	2012706	s
SRR21826690	PAIRED	https://ftp.sra.ebi.ac.uk/vol1/fastq/SRR218/090/SRR21826690/SRR21826690_1.fastq.gz	https://ftp.sra.ebi.ac.uk/vol1/fastq/SRR218/090/SRR21826690/SRR21826690_2.fastq.gz	SAMN26304360	996973	s
SRR21826697	PAIRED	https://ftp.sra.ebi.ac.uk/vol1/fastq/SRR218/097/SRR21826697/SRR21826697_1.fastq.gz	https://ftp.sra.ebi.ac.uk/vol1/fastq/SRR218/097/SRR21826697/SRR21826697_2.fastq.gz	SAMN26304586	1141474	r
SRR21826706	PAIRED	https://ftp.sra.ebi.ac.uk/vol1/fastq/SRR218/006/SRR21826706/SRR21826706_1.fastq.gz	https://ftp.sra.ebi.ac.uk/vol1/fastq/SRR218/006/SRR21826706/SRR21826706_2.fastq.gz	SAMN26305158	1003379	s
SRR21826720	PAIRED	https://ftp.sra.ebi.ac.uk/vol1/fastq/SRR218/020/SRR21826720/SRR21826720_1.fastq.gz	https://ftp.sra.ebi.ac.uk/vol1/fastq/SRR218/020/SRR21826720/SRR21826720_2.fastq.gz	SAMN26308412	1996119	s
SRR21826728	PAIRED	https://ftp.sra.ebi.ac.uk/vol1/fastq/SRR218/028/SRR21826728/SRR21826728_1.fastq.gz	https://ftp.sra.ebi.ac.uk/vol1/fastq/SRR218/028/SRR21826728/SRR21826728_2.fastq.gz	SAMN26309390	1119842	s
SRR21826732	PAIRED	https://ftp.sra.ebi.ac.uk/vol1/fastq/SRR218/032/SRR21826732/SRR21826732_1.fastq.gz	https://ftp.sra.ebi.ac.uk/vol1/fastq/SRR218/032/SRR21826732/SRR21826732_2.fastq.gz	SAMN26308789	1572484	s
SRR21826745	PAIRED	https://ftp.sra.ebi.ac.uk/vol1/fastq/SRR218/045/SRR21826745/SRR21826745_1.fastq.gz	https://ftp.sra.ebi.ac.uk/vol1/fastq/SRR218/045/SRR21826745/SRR21826745_2.fastq.gz	SAMN26304328	1120102	s
SRR21826748	PAIRED	https://ftp.sra.ebi.ac.uk/vol1/fastq/SRR218/048/SRR21826748/SRR21826748_1.fastq.gz	https://ftp.sra.ebi.ac.uk/vol1/fastq/SRR218/048/SRR21826748/SRR21826748_2.fastq.gz	SAMN26304456	1617218	s
SRR21826750	PAIRED	https://ftp.sra.ebi.ac.uk/vol1/fastq/SRR218/050/SRR21826750/SRR21826750_1.fastq.gz	https://ftp.sra.ebi.ac.uk/vol1/fastq/SRR218/050/SRR21826750/SRR21826750_2.fastq.gz	SAMN26309369	1614940	r
SRR21826751	PAIRED	https://ftp.sra.ebi.ac.uk/vol1/fastq/SRR218/051/SRR21826751/SRR21826751_1.fastq.gz	https://ftp.sra.ebi.ac.uk/vol1/fastq/SRR218/051/SRR21826751/SRR21826751_2.fastq.gz	SAMN26309316	1391976	s
SRR21826753	PAIRED	https://ftp.sra.ebi.ac.uk/vol1/fastq/SRR218/053/SRR21826753/SRR21826753_1.fastq.gz	https://ftp.sra.ebi.ac.uk/vol1/fastq/SRR218/053/SRR21826753/SRR21826753_2.fastq.gz	SAMN26309368	2224365	r
SRR21826756	PAIRED	https://ftp.sra.ebi.ac.uk/vol1/fastq/SRR218/056/SRR21826756/SRR21826756_1.fastq.gz	https://ftp.sra.ebi.ac.uk/vol1/fastq/SRR218/056/SRR21826756/SRR21826756_2.fastq.gz	SAMN26304559	1961505	s
SRR21826758	PAIRED	https://ftp.sra.ebi.ac.uk/vol1/fastq/SRR218/058/SRR21826758/SRR21826758_1.fastq.gz	https://ftp.sra.ebi.ac.uk/vol1/fastq/SRR218/058/SRR21826758/SRR21826758_2.fastq.gz	SAMN26308402	1881419	r
SRR21826760	PAIRED	https://ftp.sra.ebi.ac.uk/vol1/fastq/SRR218/060/SRR21826760/SRR21826760_1.fastq.gz	https://ftp.sra.ebi.ac.uk/vol1/fastq/SRR218/060/SRR21826760/SRR21826760_2.fastq.gz	SAMN26308795	1919799	s
SRR21826765	PAIRED	https://ftp.sra.ebi.ac.uk/vol1/fastq/SRR218/065/SRR21826765/SRR21826765_1.fastq.gz	https://ftp.sra.ebi.ac.uk/vol1/fastq/SRR218/065/SRR21826765/SRR21826765_2.fastq.gz	SAMN26309418	2012770	r
SRR21826766	PAIRED	https://ftp.sra.ebi.ac.uk/vol1/fastq/SRR218/066/SRR21826766/SRR21826766_1.fastq.gz	https://ftp.sra.ebi.ac.uk/vol1/fastq/SRR218/066/SRR21826766/SRR21826766_2.fastq.gz	SAMN26309370	1090091	s
SRR21826768	PAIRED	https://ftp.sra.ebi.ac.uk/vol1/fastq/SRR218/068/SRR21826768/SRR21826768_1.fastq.gz	https://ftp.sra.ebi.ac.uk/vol1/fastq/SRR218/068/SRR21826768/SRR21826768_2.fastq.gz	SAMN26309355	1504828	s
SRR21826786	PAIRED	https://ftp.sra.ebi.ac.uk/vol1/fastq/SRR218/086/SRR21826786/SRR21826786_1.fastq.gz	https://ftp.sra.ebi.ac.uk/vol1/fastq/SRR218/086/SRR21826786/SRR21826786_2.fastq.gz	SAMN26308617	1129577	s
SRR21826788	PAIRED	https://ftp.sra.ebi.ac.uk/vol1/fastq/SRR218/088/SRR21826788/SRR21826788_1.fastq.gz	https://ftp.sra.ebi.ac.uk/vol1/fastq/SRR218/088/SRR21826788/SRR21826788_2.fastq.gz	SAMN26309022	1124726	s
SRR21826790	PAIRED	https://ftp.sra.ebi.ac.uk/vol1/fastq/SRR218/090/SRR21826790/SRR21826790_1.fastq.gz	https://ftp.sra.ebi.ac.uk/vol1/fastq/SRR218/090/SRR21826790/SRR21826790_2.fastq.gz	SAMN26305102	1165806	s
SRR21826792	PAIRED	https://ftp.sra.ebi.ac.uk/vol1/fastq/SRR218/092/SRR21826792/SRR21826792_1.fastq.gz	https://ftp.sra.ebi.ac.uk/vol1/fastq/SRR218/092/SRR21826792/SRR21826792_2.fastq.gz	SAMN26308639	1062478	s
SRR21826803	PAIRED	https://ftp.sra.ebi.ac.uk/vol1/fastq/SRR218/003/SRR21826803/SRR21826803_1.fastq.gz	https://ftp.sra.ebi.ac.uk/vol1/fastq/SRR218/003/SRR21826803/SRR21826803_2.fastq.gz	SAMN26304820	1094634	s
SRR21826811	PAIRED	https://ftp.sra.ebi.ac.uk/vol1/fastq/SRR218/011/SRR21826811/SRR21826811_1.fastq.gz	https://ftp.sra.ebi.ac.uk/vol1/fastq/SRR218/011/SRR21826811/SRR21826811_2.fastq.gz	SAMN26304334	916250	s
SRR21826816	PAIRED	https://ftp.sra.ebi.ac.uk/vol1/fastq/SRR218/016/SRR21826816/SRR21826816_1.fastq.gz	https://ftp.sra.ebi.ac.uk/vol1/fastq/SRR218/016/SRR21826816/SRR21826816_2.fastq.gz	SAMN26304914	2349874	s
SRR21835407	PAIRED	https://ftp.sra.ebi.ac.uk/vol1/fastq/SRR218/007/SRR21835407/SRR21835407_1.fastq.gz	https://ftp.sra.ebi.ac.uk/vol1/fastq/SRR218/007/SRR21835407/SRR21835407_2.fastq.gz	SAMN26309169	1423183	s
SRR21835412	PAIRED	https://ftp.sra.ebi.ac.uk/vol1/fastq/SRR218/012/SRR21835412/SRR21835412_1.fastq.gz	https://ftp.sra.ebi.ac.uk/vol1/fastq/SRR218/012/SRR21835412/SRR21835412_2.fastq.gz	SAMN26309417	1192039	s
SRR21835423	PAIRED	https://ftp.sra.ebi.ac.uk/vol1/fastq/SRR218/023/SRR21835423/SRR21835423_1.fastq.gz	https://ftp.sra.ebi.ac.uk/vol1/fastq/SRR218/023/SRR21835423/SRR21835423_2.fastq.gz	SAMN26304959	1738248	s
SRR21835427	PAIRED	https://ftp.sra.ebi.ac.uk/vol1/fastq/SRR218/027/SRR21835427/SRR21835427_1.fastq.gz	https://ftp.sra.ebi.ac.uk/vol1/fastq/SRR218/027/SRR21835427/SRR21835427_2.fastq.gz	SAMN26304330	1500541	s
SRR21835437	PAIRED	https://ftp.sra.ebi.ac.uk/vol1/fastq/SRR218/037/SRR21835437/SRR21835437_1.fastq.gz	https://ftp.sra.ebi.ac.uk/vol1/fastq/SRR218/037/SRR21835437/SRR21835437_2.fastq.gz	SAMN26305062	1755397	s
SRR21835445	PAIRED	https://ftp.sra.ebi.ac.uk/vol1/fastq/SRR218/045/SRR21835445/SRR21835445_1.fastq.gz	https://ftp.sra.ebi.ac.uk/vol1/fastq/SRR218/045/SRR21835445/SRR21835445_2.fastq.gz	SAMN26309161	1794430	s
SRR21835447	PAIRED	https://ftp.sra.ebi.ac.uk/vol1/fastq/SRR218/047/SRR21835447/SRR21835447_1.fastq.gz	https://ftp.sra.ebi.ac.uk/vol1/fastq/SRR218/047/SRR21835447/SRR21835447_2.fastq.gz	SAMN26308585	1498854	s
SRR21835460	PAIRED	https://ftp.sra.ebi.ac.uk/vol1/fastq/SRR218/060/SRR21835460/SRR21835460_1.fastq.gz	https://ftp.sra.ebi.ac.uk/vol1/fastq/SRR218/060/SRR21835460/SRR21835460_2.fastq.gz	SAMN26308382	1727627	s
SRR21835463	PAIRED	https://ftp.sra.ebi.ac.uk/vol1/fastq/SRR218/063/SRR21835463/SRR21835463_1.fastq.gz	https://ftp.sra.ebi.ac.uk/vol1/fastq/SRR218/063/SRR21835463/SRR21835463_2.fastq.gz	SAMN26308582	6389835	s
SRR21835471	PAIRED	https://ftp.sra.ebi.ac.uk/vol1/fastq/SRR218/071/SRR21835471/SRR21835471_1.fastq.gz	https://ftp.sra.ebi.ac.uk/vol1/fastq/SRR218/071/SRR21835471/SRR21835471_2.fastq.gz	SAMN26308824	3083420	r
SRR21835474	PAIRED	https://ftp.sra.ebi.ac.uk/vol1/fastq/SRR218/074/SRR21835474/SRR21835474_1.fastq.gz	https://ftp.sra.ebi.ac.uk/vol1/fastq/SRR218/074/SRR21835474/SRR21835474_2.fastq.gz	SAMN26308830	961986	s
SRR21835475	PAIRED	https://ftp.sra.ebi.ac.uk/vol1/fastq/SRR218/075/SRR21835475/SRR21835475_1.fastq.gz	https://ftp.sra.ebi.ac.uk/vol1/fastq/SRR218/075/SRR21835475/SRR21835475_2.fastq.gz	SAMN26308515	2892953	s
SRR21835476	PAIRED	https://ftp.sra.ebi.ac.uk/vol1/fastq/SRR218/076/SRR21835476/SRR21835476_1.fastq.gz	https://ftp.sra.ebi.ac.uk/vol1/fastq/SRR218/076/SRR21835476/SRR21835476_2.fastq.gz	SAMN26308701	3160424	s
SRR21835479	PAIRED	https://ftp.sra.ebi.ac.uk/vol1/fastq/SRR218/079/SRR21835479/SRR21835479_1.fastq.gz	https://ftp.sra.ebi.ac.uk/vol1/fastq/SRR218/079/SRR21835479/SRR21835479_2.fastq.gz	SAMN26309230	2282179	r
SRR21835523	PAIRED	https://ftp.sra.ebi.ac.uk/vol1/fastq/SRR218/023/SRR21835523/SRR21835523_1.fastq.gz	https://ftp.sra.ebi.ac.uk/vol1/fastq/SRR218/023/SRR21835523/SRR21835523_2.fastq.gz	SAMN26304594	1667328	s
SRR21835540	PAIRED	https://ftp.sra.ebi.ac.uk/vol1/fastq/SRR218/040/SRR21835540/SRR21835540_1.fastq.gz	https://ftp.sra.ebi.ac.uk/vol1/fastq/SRR218/040/SRR21835540/SRR21835540_2.fastq.gz	SAMN26309423	1560633	s
SRR21835552	PAIRED	https://ftp.sra.ebi.ac.uk/vol1/fastq/SRR218/052/SRR21835552/SRR21835552_1.fastq.gz	https://ftp.sra.ebi.ac.uk/vol1/fastq/SRR218/052/SRR21835552/SRR21835552_2.fastq.gz	SAMN26308642	1357087	s
SRR21835562	PAIRED	https://ftp.sra.ebi.ac.uk/vol1/fastq/SRR218/062/SRR21835562/SRR21835562_1.fastq.gz	https://ftp.sra.ebi.ac.uk/vol1/fastq/SRR218/062/SRR21835562/SRR21835562_2.fastq.gz	SAMN26308967	1399640	s
SRR21835571	PAIRED	https://ftp.sra.ebi.ac.uk/vol1/fastq/SRR218/071/SRR21835571/SRR21835571_1.fastq.gz	https://ftp.sra.ebi.ac.uk/vol1/fastq/SRR218/071/SRR21835571/SRR21835571_2.fastq.gz	SAMN26309223	1411520	s
SRR21835587	PAIRED	https://ftp.sra.ebi.ac.uk/vol1/fastq/SRR218/087/SRR21835587/SRR21835587_1.fastq.gz	https://ftp.sra.ebi.ac.uk/vol1/fastq/SRR218/087/SRR21835587/SRR21835587_2.fastq.gz	SAMN26308806	1685910	s
SRR21835602	PAIRED	https://ftp.sra.ebi.ac.uk/vol1/fastq/SRR218/002/SRR21835602/SRR21835602_1.fastq.gz	https://ftp.sra.ebi.ac.uk/vol1/fastq/SRR218/002/SRR21835602/SRR21835602_2.fastq.gz	SAMN26308553	1145692	s
SRR21835607	PAIRED	https://ftp.sra.ebi.ac.uk/vol1/fastq/SRR218/007/SRR21835607/SRR21835607_1.fastq.gz	https://ftp.sra.ebi.ac.uk/vol1/fastq/SRR218/007/SRR21835607/SRR21835607_2.fastq.gz	SAMN26304661	1380555	s
SRR21835609	PAIRED	https://ftp.sra.ebi.ac.uk/vol1/fastq/SRR218/009/SRR21835609/SRR21835609_1.fastq.gz	https://ftp.sra.ebi.ac.uk/vol1/fastq/SRR218/009/SRR21835609/SRR21835609_2.fastq.gz	SAMN26304894	1312012	r
SRR21835610	PAIRED	https://ftp.sra.ebi.ac.uk/vol1/fastq/SRR218/010/SRR21835610/SRR21835610_1.fastq.gz	https://ftp.sra.ebi.ac.uk/vol1/fastq/SRR218/010/SRR21835610/SRR21835610_2.fastq.gz	SAMN26309310	1685069	s
SRR21835615	PAIRED	https://ftp.sra.ebi.ac.uk/vol1/fastq/SRR218/015/SRR21835615/SRR21835615_1.fastq.gz	https://ftp.sra.ebi.ac.uk/vol1/fastq/SRR218/015/SRR21835615/SRR21835615_2.fastq.gz	SAMN26309105	1315793	s
SRR21835626	PAIRED	https://ftp.sra.ebi.ac.uk/vol1/fastq/SRR218/026/SRR21835626/SRR21835626_1.fastq.gz	https://ftp.sra.ebi.ac.uk/vol1/fastq/SRR218/026/SRR21835626/SRR21835626_2.fastq.gz	SAMN26304699	1374741	s
SRR21835629	PAIRED	https://ftp.sra.ebi.ac.uk/vol1/fastq/SRR218/029/SRR21835629/SRR21835629_1.fastq.gz	https://ftp.sra.ebi.ac.uk/vol1/fastq/SRR218/029/SRR21835629/SRR21835629_2.fastq.gz	SAMN26309104	1911853	s
SRR21835630	PAIRED	https://ftp.sra.ebi.ac.uk/vol1/fastq/SRR218/030/SRR21835630/SRR21835630_1.fastq.gz	https://ftp.sra.ebi.ac.uk/vol1/fastq/SRR218/030/SRR21835630/SRR21835630_2.fastq.gz	SAMN26304380	1591757	s
SRR21835651	PAIRED	https://ftp.sra.ebi.ac.uk/vol1/fastq/SRR218/051/SRR21835651/SRR21835651_1.fastq.gz	https://ftp.sra.ebi.ac.uk/vol1/fastq/SRR218/051/SRR21835651/SRR21835651_2.fastq.gz	SAMN26308514	1237299	s
SRR21835652	PAIRED	https://ftp.sra.ebi.ac.uk/vol1/fastq/SRR218/052/SRR21835652/SRR21835652_1.fastq.gz	https://ftp.sra.ebi.ac.uk/vol1/fastq/SRR218/052/SRR21835652/SRR21835652_2.fastq.gz	SAMN26308956	1375551	s
SRR21835658	PAIRED	https://ftp.sra.ebi.ac.uk/vol1/fastq/SRR218/058/SRR21835658/SRR21835658_1.fastq.gz	https://ftp.sra.ebi.ac.uk/vol1/fastq/SRR218/058/SRR21835658/SRR21835658_2.fastq.gz	SAMN26305047	1222175	s
SRR21835665	PAIRED	https://ftp.sra.ebi.ac.uk/vol1/fastq/SRR218/065/SRR21835665/SRR21835665_1.fastq.gz	https://ftp.sra.ebi.ac.uk/vol1/fastq/SRR218/065/SRR21835665/SRR21835665_2.fastq.gz	SAMN26308640	1648973	s
SRR21839774	PAIRED	https://ftp.sra.ebi.ac.uk/vol1/fastq/SRR218/074/SRR21839774/SRR21839774_1.fastq.gz	https://ftp.sra.ebi.ac.uk/vol1/fastq/SRR218/074/SRR21839774/SRR21839774_2.fastq.gz	SAMN26308937	1780823	s
SRR21839780	PAIRED	https://ftp.sra.ebi.ac.uk/vol1/fastq/SRR218/080/SRR21839780/SRR21839780_1.fastq.gz	https://ftp.sra.ebi.ac.uk/vol1/fastq/SRR218/080/SRR21839780/SRR21839780_2.fastq.gz	SAMN26305270	1875359	s
SRR21839785	PAIRED	https://ftp.sra.ebi.ac.uk/vol1/fastq/SRR218/085/SRR21839785/SRR21839785_1.fastq.gz	https://ftp.sra.ebi.ac.uk/vol1/fastq/SRR218/085/SRR21839785/SRR21839785_2.fastq.gz	SAMN26305143	1494817	s
SRR21839788	PAIRED	https://ftp.sra.ebi.ac.uk/vol1/fastq/SRR218/088/SRR21839788/SRR21839788_1.fastq.gz	https://ftp.sra.ebi.ac.uk/vol1/fastq/SRR218/088/SRR21839788/SRR21839788_2.fastq.gz	SAMN26308653	1473335	s
SRR21839799	PAIRED	https://ftp.sra.ebi.ac.uk/vol1/fastq/SRR218/099/SRR21839799/SRR21839799_1.fastq.gz	https://ftp.sra.ebi.ac.uk/vol1/fastq/SRR218/099/SRR21839799/SRR21839799_2.fastq.gz	SAMN26308610	1591276	s
SRR21839805	PAIRED	https://ftp.sra.ebi.ac.uk/vol1/fastq/SRR218/005/SRR21839805/SRR21839805_1.fastq.gz	https://ftp.sra.ebi.ac.uk/vol1/fastq/SRR218/005/SRR21839805/SRR21839805_2.fastq.gz	SAMN26304643	1899884	s
SRR21839816	PAIRED	https://ftp.sra.ebi.ac.uk/vol1/fastq/SRR218/016/SRR21839816/SRR21839816_1.fastq.gz	https://ftp.sra.ebi.ac.uk/vol1/fastq/SRR218/016/SRR21839816/SRR21839816_2.fastq.gz	SAMN26308449	1664768	s
SRR21839826	PAIRED	https://ftp.sra.ebi.ac.uk/vol1/fastq/SRR218/026/SRR21839826/SRR21839826_1.fastq.gz	https://ftp.sra.ebi.ac.uk/vol1/fastq/SRR218/026/SRR21839826/SRR21839826_2.fastq.gz	SAMN26304745	1642491	s
SRR21839829	PAIRED	https://ftp.sra.ebi.ac.uk/vol1/fastq/SRR218/029/SRR21839829/SRR21839829_1.fastq.gz	https://ftp.sra.ebi.ac.uk/vol1/fastq/SRR218/029/SRR21839829/SRR21839829_2.fastq.gz	SAMN26308570	1204649	s
SRR21839834	PAIRED	https://ftp.sra.ebi.ac.uk/vol1/fastq/SRR218/034/SRR21839834/SRR21839834_1.fastq.gz	https://ftp.sra.ebi.ac.uk/vol1/fastq/SRR218/034/SRR21839834/SRR21839834_2.fastq.gz	SAMN26304391	2181007	s
SRR21839837	PAIRED	https://ftp.sra.ebi.ac.uk/vol1/fastq/SRR218/037/SRR21839837/SRR21839837_1.fastq.gz	https://ftp.sra.ebi.ac.uk/vol1/fastq/SRR218/037/SRR21839837/SRR21839837_2.fastq.gz	SAMN26304518	475727	s
SRR21839846	PAIRED	https://ftp.sra.ebi.ac.uk/vol1/fastq/SRR218/046/SRR21839846/SRR21839846_1.fastq.gz	https://ftp.sra.ebi.ac.uk/vol1/fastq/SRR218/046/SRR21839846/SRR21839846_2.fastq.gz	SAMN26305172	1472862	s
SRR21839849	PAIRED	https://ftp.sra.ebi.ac.uk/vol1/fastq/SRR218/049/SRR21839849/SRR21839849_1.fastq.gz	https://ftp.sra.ebi.ac.uk/vol1/fastq/SRR218/049/SRR21839849/SRR21839849_2.fastq.gz	SAMN26308361	1853956	s
SRR21839850	PAIRED	https://ftp.sra.ebi.ac.uk/vol1/fastq/SRR218/050/SRR21839850/SRR21839850_1.fastq.gz	https://ftp.sra.ebi.ac.uk/vol1/fastq/SRR218/050/SRR21839850/SRR21839850_2.fastq.gz	SAMN26305064	1906202	s
SRR21839857	PAIRED	https://ftp.sra.ebi.ac.uk/vol1/fastq/SRR218/057/SRR21839857/SRR21839857_1.fastq.gz	https://ftp.sra.ebi.ac.uk/vol1/fastq/SRR218/057/SRR21839857/SRR21839857_2.fastq.gz	SAMN26308997	1359223	s
SRR21839858	PAIRED	https://ftp.sra.ebi.ac.uk/vol1/fastq/SRR218/058/SRR21839858/SRR21839858_1.fastq.gz	https://ftp.sra.ebi.ac.uk/vol1/fastq/SRR218/058/SRR21839858/SRR21839858_2.fastq.gz	SAMN26309357	1432278	s
SRR21839865	PAIRED	https://ftp.sra.ebi.ac.uk/vol1/fastq/SRR218/065/SRR21839865/SRR21839865_1.fastq.gz	https://ftp.sra.ebi.ac.uk/vol1/fastq/SRR218/065/SRR21839865/SRR21839865_2.fastq.gz	SAMN26304638	2564839	s
SRR21839878	PAIRED	https://ftp.sra.ebi.ac.uk/vol1/fastq/SRR218/078/SRR21839878/SRR21839878_1.fastq.gz	https://ftp.sra.ebi.ac.uk/vol1/fastq/SRR218/078/SRR21839878/SRR21839878_2.fastq.gz	SAMN26304336	1043441	s
SRR21839885	PAIRED	https://ftp.sra.ebi.ac.uk/vol1/fastq/SRR218/085/SRR21839885/SRR21839885_1.fastq.gz	https://ftp.sra.ebi.ac.uk/vol1/fastq/SRR218/085/SRR21839885/SRR21839885_2.fastq.gz	SAMN26304758	1751776	s
SRR21839886	PAIRED	https://ftp.sra.ebi.ac.uk/vol1/fastq/SRR218/086/SRR21839886/SRR21839886_1.fastq.gz	https://ftp.sra.ebi.ac.uk/vol1/fastq/SRR218/086/SRR21839886/SRR21839886_2.fastq.gz	SAMN26308739	1208021	s
SRR21839893	PAIRED	https://ftp.sra.ebi.ac.uk/vol1/fastq/SRR218/093/SRR21839893/SRR21839893_1.fastq.gz	https://ftp.sra.ebi.ac.uk/vol1/fastq/SRR218/093/SRR21839893/SRR21839893_2.fastq.gz	SAMN26305173	1030955	s
SRR21839896	PAIRED	https://ftp.sra.ebi.ac.uk/vol1/fastq/SRR218/096/SRR21839896/SRR21839896_1.fastq.gz	https://ftp.sra.ebi.ac.uk/vol1/fastq/SRR218/096/SRR21839896/SRR21839896_2.fastq.gz	SAMN26309432	1501108	s
SRR21839905	PAIRED	https://ftp.sra.ebi.ac.uk/vol1/fastq/SRR218/005/SRR21839905/SRR21839905_1.fastq.gz	https://ftp.sra.ebi.ac.uk/vol1/fastq/SRR218/005/SRR21839905/SRR21839905_2.fastq.gz	SAMN26304850	880031	s
SRR21839908	PAIRED	https://ftp.sra.ebi.ac.uk/vol1/fastq/SRR218/008/SRR21839908/SRR21839908_1.fastq.gz	https://ftp.sra.ebi.ac.uk/vol1/fastq/SRR218/008/SRR21839908/SRR21839908_2.fastq.gz	SAMN26304790	1497113	s
SRR21839910	PAIRED	https://ftp.sra.ebi.ac.uk/vol1/fastq/SRR218/010/SRR21839910/SRR21839910_1.fastq.gz	https://ftp.sra.ebi.ac.uk/vol1/fastq/SRR218/010/SRR21839910/SRR21839910_2.fastq.gz	SAMN26304731	1226430	s
SRR21839925	PAIRED	https://ftp.sra.ebi.ac.uk/vol1/fastq/SRR218/025/SRR21839925/SRR21839925_1.fastq.gz	https://ftp.sra.ebi.ac.uk/vol1/fastq/SRR218/025/SRR21839925/SRR21839925_2.fastq.gz	SAMN26304965	1415171	s
SRR21839926	PAIRED	https://ftp.sra.ebi.ac.uk/vol1/fastq/SRR218/026/SRR21839926/SRR21839926_1.fastq.gz	https://ftp.sra.ebi.ac.uk/vol1/fastq/SRR218/026/SRR21839926/SRR21839926_2.fastq.gz	SAMN26304924	1750360	s
SRR21839930	PAIRED	https://ftp.sra.ebi.ac.uk/vol1/fastq/SRR218/030/SRR21839930/SRR21839930_1.fastq.gz	https://ftp.sra.ebi.ac.uk/vol1/fastq/SRR218/030/SRR21839930/SRR21839930_2.fastq.gz	SAMN26305040	2026771	s
SRR21839932	PAIRED	https://ftp.sra.ebi.ac.uk/vol1/fastq/SRR218/032/SRR21839932/SRR21839932_1.fastq.gz	https://ftp.sra.ebi.ac.uk/vol1/fastq/SRR218/032/SRR21839932/SRR21839932_2.fastq.gz	SAMN26309121	1716242	s
SRR21839953	PAIRED	https://ftp.sra.ebi.ac.uk/vol1/fastq/SRR218/053/SRR21839953/SRR21839953_1.fastq.gz	https://ftp.sra.ebi.ac.uk/vol1/fastq/SRR218/053/SRR21839953/SRR21839953_2.fastq.gz	SAMN26308828	2019683	r
SRR21839954	PAIRED	https://ftp.sra.ebi.ac.uk/vol1/fastq/SRR218/054/SRR21839954/SRR21839954_1.fastq.gz	https://ftp.sra.ebi.ac.uk/vol1/fastq/SRR218/054/SRR21839954/SRR21839954_2.fastq.gz	SAMN26308835	2280790	s
SRR21839961	PAIRED	https://ftp.sra.ebi.ac.uk/vol1/fastq/SRR218/061/SRR21839961/SRR21839961_1.fastq.gz	https://ftp.sra.ebi.ac.uk/vol1/fastq/SRR218/061/SRR21839961/SRR21839961_2.fastq.gz	SAMN26309234	2771650	s
SRR21839963	PAIRED	https://ftp.sra.ebi.ac.uk/vol1/fastq/SRR218/063/SRR21839963/SRR21839963_1.fastq.gz	https://ftp.sra.ebi.ac.uk/vol1/fastq/SRR218/063/SRR21839963/SRR21839963_2.fastq.gz	SAMN26304533	2043415	r
SRR21839978	PAIRED	https://ftp.sra.ebi.ac.uk/vol1/fastq/SRR218/078/SRR21839978/SRR21839978_1.fastq.gz	https://ftp.sra.ebi.ac.uk/vol1/fastq/SRR218/078/SRR21839978/SRR21839978_2.fastq.gz	SAMN26304434	1250797	s
SRR21840002	PAIRED	https://ftp.sra.ebi.ac.uk/vol1/fastq/SRR218/002/SRR21840002/SRR21840002_1.fastq.gz	https://ftp.sra.ebi.ac.uk/vol1/fastq/SRR218/002/SRR21840002/SRR21840002_2.fastq.gz	SAMN26305229	2144794	s
SRR21840004	PAIRED	https://ftp.sra.ebi.ac.uk/vol1/fastq/SRR218/004/SRR21840004/SRR21840004_1.fastq.gz	https://ftp.sra.ebi.ac.uk/vol1/fastq/SRR218/004/SRR21840004/SRR21840004_2.fastq.gz	SAMN26309295	1306365	s
SRR21840007	PAIRED	https://ftp.sra.ebi.ac.uk/vol1/fastq/SRR218/007/SRR21840007/SRR21840007_1.fastq.gz	https://ftp.sra.ebi.ac.uk/vol1/fastq/SRR218/007/SRR21840007/SRR21840007_2.fastq.gz	SAMN26305063	1256405	s
SRR21840012	PAIRED	https://ftp.sra.ebi.ac.uk/vol1/fastq/SRR218/012/SRR21840012/SRR21840012_1.fastq.gz	https://ftp.sra.ebi.ac.uk/vol1/fastq/SRR218/012/SRR21840012/SRR21840012_2.fastq.gz	SAMN26304373	1394225	s
SRR21840021	PAIRED	https://ftp.sra.ebi.ac.uk/vol1/fastq/SRR218/021/SRR21840021/SRR21840021_1.fastq.gz	https://ftp.sra.ebi.ac.uk/vol1/fastq/SRR218/021/SRR21840021/SRR21840021_2.fastq.gz	SAMN26308645	1249911	s
SRR21840026	PAIRED	https://ftp.sra.ebi.ac.uk/vol1/fastq/SRR218/026/SRR21840026/SRR21840026_1.fastq.gz	https://ftp.sra.ebi.ac.uk/vol1/fastq/SRR218/026/SRR21840026/SRR21840026_2.fastq.gz	SAMN26304855	1697606	s
SRR21840033	PAIRED	https://ftp.sra.ebi.ac.uk/vol1/fastq/SRR218/033/SRR21840033/SRR21840033_1.fastq.gz	https://ftp.sra.ebi.ac.uk/vol1/fastq/SRR218/033/SRR21840033/SRR21840033_2.fastq.gz	SAMN26308988	1171102	s
SRR21840047	PAIRED	https://ftp.sra.ebi.ac.uk/vol1/fastq/SRR218/047/SRR21840047/SRR21840047_1.fastq.gz	https://ftp.sra.ebi.ac.uk/vol1/fastq/SRR218/047/SRR21840047/SRR21840047_2.fastq.gz	SAMN26304386	1587350	s
SRR21840048	PAIRED	https://ftp.sra.ebi.ac.uk/vol1/fastq/SRR218/048/SRR21840048/SRR21840048_1.fastq.gz	https://ftp.sra.ebi.ac.uk/vol1/fastq/SRR218/048/SRR21840048/SRR21840048_2.fastq.gz	SAMN26309329	1494767	s
SRR21840050	PAIRED	https://ftp.sra.ebi.ac.uk/vol1/fastq/SRR218/050/SRR21840050/SRR21840050_1.fastq.gz	https://ftp.sra.ebi.ac.uk/vol1/fastq/SRR218/050/SRR21840050/SRR21840050_2.fastq.gz	SAMN26309119	1664628	s
SRR21840053	PAIRED	https://ftp.sra.ebi.ac.uk/vol1/fastq/SRR218/053/SRR21840053/SRR21840053_1.fastq.gz	https://ftp.sra.ebi.ac.uk/vol1/fastq/SRR218/053/SRR21840053/SRR21840053_2.fastq.gz	SAMN26304931	2168433	s
SRR21840057	PAIRED	https://ftp.sra.ebi.ac.uk/vol1/fastq/SRR218/057/SRR21840057/SRR21840057_1.fastq.gz	https://ftp.sra.ebi.ac.uk/vol1/fastq/SRR218/057/SRR21840057/SRR21840057_2.fastq.gz	SAMN26309117	1434878	s
SRR21840060	PAIRED	https://ftp.sra.ebi.ac.uk/vol1/fastq/SRR218/060/SRR21840060/SRR21840060_1.fastq.gz	https://ftp.sra.ebi.ac.uk/vol1/fastq/SRR218/060/SRR21840060/SRR21840060_2.fastq.gz	SAMN26309078	1911040	s
SRR21840067	PAIRED	https://ftp.sra.ebi.ac.uk/vol1/fastq/SRR218/067/SRR21840067/SRR21840067_1.fastq.gz	https://ftp.sra.ebi.ac.uk/vol1/fastq/SRR218/067/SRR21840067/SRR21840067_2.fastq.gz	SAMN26308415	2606198	r
SRR21840071	PAIRED	https://ftp.sra.ebi.ac.uk/vol1/fastq/SRR218/071/SRR21840071/SRR21840071_1.fastq.gz	https://ftp.sra.ebi.ac.uk/vol1/fastq/SRR218/071/SRR21840071/SRR21840071_2.fastq.gz	SAMN26304582	844962	s
SRR21844381	PAIRED	https://ftp.sra.ebi.ac.uk/vol1/fastq/SRR218/081/SRR21844381/SRR21844381_1.fastq.gz	https://ftp.sra.ebi.ac.uk/vol1/fastq/SRR218/081/SRR21844381/SRR21844381_2.fastq.gz	SAMN26305240	2064540	s
SRR21844384	PAIRED	https://ftp.sra.ebi.ac.uk/vol1/fastq/SRR218/084/SRR21844384/SRR21844384_1.fastq.gz	https://ftp.sra.ebi.ac.uk/vol1/fastq/SRR218/084/SRR21844384/SRR21844384_2.fastq.gz	SAMN26304320	1477257	s
SRR21844392	PAIRED	https://ftp.sra.ebi.ac.uk/vol1/fastq/SRR218/092/SRR21844392/SRR21844392_1.fastq.gz	https://ftp.sra.ebi.ac.uk/vol1/fastq/SRR218/092/SRR21844392/SRR21844392_2.fastq.gz	SAMN26304448	3568408	s
SRR21844393	PAIRED	https://ftp.sra.ebi.ac.uk/vol1/fastq/SRR218/093/SRR21844393/SRR21844393_1.fastq.gz	https://ftp.sra.ebi.ac.uk/vol1/fastq/SRR218/093/SRR21844393/SRR21844393_2.fastq.gz	SAMN26308358	930950	s
SRR21844401	PAIRED	https://ftp.sra.ebi.ac.uk/vol1/fastq/SRR218/001/SRR21844401/SRR21844401_1.fastq.gz	https://ftp.sra.ebi.ac.uk/vol1/fastq/SRR218/001/SRR21844401/SRR21844401_2.fastq.gz	SAMN26305077	1697773	s
SRR21844416	PAIRED	https://ftp.sra.ebi.ac.uk/vol1/fastq/SRR218/016/SRR21844416/SRR21844416_1.fastq.gz	https://ftp.sra.ebi.ac.uk/vol1/fastq/SRR218/016/SRR21844416/SRR21844416_2.fastq.gz	SAMN26309372	1617988	r
SRR21844419	PAIRED	https://ftp.sra.ebi.ac.uk/vol1/fastq/SRR218/019/SRR21844419/SRR21844419_1.fastq.gz	https://ftp.sra.ebi.ac.uk/vol1/fastq/SRR218/019/SRR21844419/SRR21844419_2.fastq.gz	SAMN26309285	1463047	s
SRR21844435	PAIRED	https://ftp.sra.ebi.ac.uk/vol1/fastq/SRR218/035/SRR21844435/SRR21844435_1.fastq.gz	https://ftp.sra.ebi.ac.uk/vol1/fastq/SRR218/035/SRR21844435/SRR21844435_2.fastq.gz	SAMN26305175	1382301	s
SRR21844438	PAIRED	https://ftp.sra.ebi.ac.uk/vol1/fastq/SRR218/038/SRR21844438/SRR21844438_1.fastq.gz	https://ftp.sra.ebi.ac.uk/vol1/fastq/SRR218/038/SRR21844438/SRR21844438_2.fastq.gz	SAMN26308840	1609621	s
SRR21844456	PAIRED	https://ftp.sra.ebi.ac.uk/vol1/fastq/SRR218/056/SRR21844456/SRR21844456_1.fastq.gz	https://ftp.sra.ebi.ac.uk/vol1/fastq/SRR218/056/SRR21844456/SRR21844456_2.fastq.gz	SAMN26305297	4224984	s
SRR21844457	PAIRED	https://ftp.sra.ebi.ac.uk/vol1/fastq/SRR218/057/SRR21844457/SRR21844457_1.fastq.gz	https://ftp.sra.ebi.ac.uk/vol1/fastq/SRR218/057/SRR21844457/SRR21844457_2.fastq.gz	SAMN26308442	4361720	s
SRR21844459	PAIRED	https://ftp.sra.ebi.ac.uk/vol1/fastq/SRR218/059/SRR21844459/SRR21844459_1.fastq.gz	https://ftp.sra.ebi.ac.uk/vol1/fastq/SRR218/059/SRR21844459/SRR21844459_2.fastq.gz	SAMN26309275	735546	s
SRR21844460	PAIRED	https://ftp.sra.ebi.ac.uk/vol1/fastq/SRR218/060/SRR21844460/SRR21844460_1.fastq.gz	https://ftp.sra.ebi.ac.uk/vol1/fastq/SRR218/060/SRR21844460/SRR21844460_2.fastq.gz	SAMN26304886	2655750	s
SRR21844466	PAIRED	https://ftp.sra.ebi.ac.uk/vol1/fastq/SRR218/066/SRR21844466/SRR21844466_1.fastq.gz	https://ftp.sra.ebi.ac.uk/vol1/fastq/SRR218/066/SRR21844466/SRR21844466_2.fastq.gz	SAMN26308752	4656096	s
SRR21844483	PAIRED	https://ftp.sra.ebi.ac.uk/vol1/fastq/SRR218/083/SRR21844483/SRR21844483_1.fastq.gz	https://ftp.sra.ebi.ac.uk/vol1/fastq/SRR218/083/SRR21844483/SRR21844483_2.fastq.gz	SAMN26308942	2004724	s
SRR21844496	PAIRED	https://ftp.sra.ebi.ac.uk/vol1/fastq/SRR218/096/SRR21844496/SRR21844496_1.fastq.gz	https://ftp.sra.ebi.ac.uk/vol1/fastq/SRR218/096/SRR21844496/SRR21844496_2.fastq.gz	SAMN26304605	1945691	s
SRR21844500	PAIRED	https://ftp.sra.ebi.ac.uk/vol1/fastq/SRR218/000/SRR21844500/SRR21844500_1.fastq.gz	https://ftp.sra.ebi.ac.uk/vol1/fastq/SRR218/000/SRR21844500/SRR21844500_2.fastq.gz	SAMN26309330	1725896	s
SRR21844505	PAIRED	https://ftp.sra.ebi.ac.uk/vol1/fastq/SRR218/005/SRR21844505/SRR21844505_1.fastq.gz	https://ftp.sra.ebi.ac.uk/vol1/fastq/SRR218/005/SRR21844505/SRR21844505_2.fastq.gz	SAMN26308989	2117189	s
SRR21844507	PAIRED	https://ftp.sra.ebi.ac.uk/vol1/fastq/SRR218/007/SRR21844507/SRR21844507_1.fastq.gz	https://ftp.sra.ebi.ac.uk/vol1/fastq/SRR218/007/SRR21844507/SRR21844507_2.fastq.gz	SAMN26304835	1459387	s
SRR21844508	PAIRED	https://ftp.sra.ebi.ac.uk/vol1/fastq/SRR218/008/SRR21844508/SRR21844508_1.fastq.gz	https://ftp.sra.ebi.ac.uk/vol1/fastq/SRR218/008/SRR21844508/SRR21844508_2.fastq.gz	SAMN26305190	3011442	r
SRR21844547	PAIRED	https://ftp.sra.ebi.ac.uk/vol1/fastq/SRR218/047/SRR21844547/SRR21844547_1.fastq.gz	https://ftp.sra.ebi.ac.uk/vol1/fastq/SRR218/047/SRR21844547/SRR21844547_2.fastq.gz	SAMN26308597	896083	s
SRR21844551	PAIRED	https://ftp.sra.ebi.ac.uk/vol1/fastq/SRR218/051/SRR21844551/SRR21844551_1.fastq.gz	https://ftp.sra.ebi.ac.uk/vol1/fastq/SRR218/051/SRR21844551/SRR21844551_2.fastq.gz	SAMN26308944	6645110	s
SRR21844553	PAIRED	https://ftp.sra.ebi.ac.uk/vol1/fastq/SRR218/053/SRR21844553/SRR21844553_1.fastq.gz	https://ftp.sra.ebi.ac.uk/vol1/fastq/SRR218/053/SRR21844553/SRR21844553_2.fastq.gz	SAMN26308450	4400188	s
SRR21844569	PAIRED	https://ftp.sra.ebi.ac.uk/vol1/fastq/SRR218/069/SRR21844569/SRR21844569_1.fastq.gz	https://ftp.sra.ebi.ac.uk/vol1/fastq/SRR218/069/SRR21844569/SRR21844569_2.fastq.gz	SAMN26309274	1001147	s
SRR21844573	PAIRED	https://ftp.sra.ebi.ac.uk/vol1/fastq/SRR218/073/SRR21844573/SRR21844573_1.fastq.gz	https://ftp.sra.ebi.ac.uk/vol1/fastq/SRR218/073/SRR21844573/SRR21844573_2.fastq.gz	SAMN26304470	998989	s
SRR21844582	PAIRED	https://ftp.sra.ebi.ac.uk/vol1/fastq/SRR218/082/SRR21844582/SRR21844582_1.fastq.gz	https://ftp.sra.ebi.ac.uk/vol1/fastq/SRR218/082/SRR21844582/SRR21844582_2.fastq.gz	SAMN26309350	1091388	s
SRR21844583	PAIRED	https://ftp.sra.ebi.ac.uk/vol1/fastq/SRR218/083/SRR21844583/SRR21844583_1.fastq.gz	https://ftp.sra.ebi.ac.uk/vol1/fastq/SRR218/083/SRR21844583/SRR21844583_2.fastq.gz	SAMN26304899	1109338	s
SRR21844599	PAIRED	https://ftp.sra.ebi.ac.uk/vol1/fastq/SRR218/099/SRR21844599/SRR21844599_1.fastq.gz	https://ftp.sra.ebi.ac.uk/vol1/fastq/SRR218/099/SRR21844599/SRR21844599_2.fastq.gz	SAMN26304464	1136471	s
SRR21844622	PAIRED	https://ftp.sra.ebi.ac.uk/vol1/fastq/SRR218/022/SRR21844622/SRR21844622_1.fastq.gz	https://ftp.sra.ebi.ac.uk/vol1/fastq/SRR218/022/SRR21844622/SRR21844622_2.fastq.gz	SAMN26305174	981950	s
SRR21844630	PAIRED	https://ftp.sra.ebi.ac.uk/vol1/fastq/SRR218/030/SRR21844630/SRR21844630_1.fastq.gz	https://ftp.sra.ebi.ac.uk/vol1/fastq/SRR218/030/SRR21844630/SRR21844630_2.fastq.gz	SAMN26308849	1623244	s
SRR21846546	PAIRED	https://ftp.sra.ebi.ac.uk/vol1/fastq/SRR218/046/SRR21846546/SRR21846546_1.fastq.gz	https://ftp.sra.ebi.ac.uk/vol1/fastq/SRR218/046/SRR21846546/SRR21846546_2.fastq.gz	SAMN26309244	2107072	s
SRR21846549	PAIRED	https://ftp.sra.ebi.ac.uk/vol1/fastq/SRR218/049/SRR21846549/SRR21846549_1.fastq.gz	https://ftp.sra.ebi.ac.uk/vol1/fastq/SRR218/049/SRR21846549/SRR21846549_2.fastq.gz	SAMN26309311	1182924	s
SRR21846551	PAIRED	https://ftp.sra.ebi.ac.uk/vol1/fastq/SRR218/051/SRR21846551/SRR21846551_1.fastq.gz	https://ftp.sra.ebi.ac.uk/vol1/fastq/SRR218/051/SRR21846551/SRR21846551_2.fastq.gz	SAMN26309320	2783355	s
SRR21846552	PAIRED	https://ftp.sra.ebi.ac.uk/vol1/fastq/SRR218/052/SRR21846552/SRR21846552_1.fastq.gz	https://ftp.sra.ebi.ac.uk/vol1/fastq/SRR218/052/SRR21846552/SRR21846552_2.fastq.gz	SAMN26308778	1950878	s
SRR21846561	PAIRED	https://ftp.sra.ebi.ac.uk/vol1/fastq/SRR218/061/SRR21846561/SRR21846561_1.fastq.gz	https://ftp.sra.ebi.ac.uk/vol1/fastq/SRR218/061/SRR21846561/SRR21846561_2.fastq.gz	SAMN26308491	2354406	r
SRR21846562	PAIRED	https://ftp.sra.ebi.ac.uk/vol1/fastq/SRR218/062/SRR21846562/SRR21846562_1.fastq.gz	https://ftp.sra.ebi.ac.uk/vol1/fastq/SRR218/062/SRR21846562/SRR21846562_2.fastq.gz	SAMN26308482	2089341	s
SRR21846566	PAIRED	https://ftp.sra.ebi.ac.uk/vol1/fastq/SRR218/066/SRR21846566/SRR21846566_1.fastq.gz	https://ftp.sra.ebi.ac.uk/vol1/fastq/SRR218/066/SRR21846566/SRR21846566_2.fastq.gz	SAMN26308854	2001520	s
SRR21846574	PAIRED	https://ftp.sra.ebi.ac.uk/vol1/fastq/SRR218/074/SRR21846574/SRR21846574_1.fastq.gz	https://ftp.sra.ebi.ac.uk/vol1/fastq/SRR218/074/SRR21846574/SRR21846574_2.fastq.gz	SAMN26308962	1875824	s
SRR21846575	PAIRED	https://ftp.sra.ebi.ac.uk/vol1/fastq/SRR218/075/SRR21846575/SRR21846575_1.fastq.gz	https://ftp.sra.ebi.ac.uk/vol1/fastq/SRR218/075/SRR21846575/SRR21846575_2.fastq.gz	SAMN26308960	2405070	s
SRR21846590	PAIRED	https://ftp.sra.ebi.ac.uk/vol1/fastq/SRR218/090/SRR21846590/SRR21846590_1.fastq.gz	https://ftp.sra.ebi.ac.uk/vol1/fastq/SRR218/090/SRR21846590/SRR21846590_2.fastq.gz	SAMN26309422	1565626	s
SRR21846600	PAIRED	https://ftp.sra.ebi.ac.uk/vol1/fastq/SRR218/000/SRR21846600/SRR21846600_1.fastq.gz	https://ftp.sra.ebi.ac.uk/vol1/fastq/SRR218/000/SRR21846600/SRR21846600_2.fastq.gz	SAMN26304857	1697492	s
SRR21846604	PAIRED	https://ftp.sra.ebi.ac.uk/vol1/fastq/SRR218/004/SRR21846604/SRR21846604_1.fastq.gz	https://ftp.sra.ebi.ac.uk/vol1/fastq/SRR218/004/SRR21846604/SRR21846604_2.fastq.gz	SAMN26305151	1702940	s
SRR21846617	PAIRED	https://ftp.sra.ebi.ac.uk/vol1/fastq/SRR218/017/SRR21846617/SRR21846617_1.fastq.gz	https://ftp.sra.ebi.ac.uk/vol1/fastq/SRR218/017/SRR21846617/SRR21846617_2.fastq.gz	SAMN26305178	2112620	s
SRR21846632	PAIRED	https://ftp.sra.ebi.ac.uk/vol1/fastq/SRR218/032/SRR21846632/SRR21846632_1.fastq.gz	https://ftp.sra.ebi.ac.uk/vol1/fastq/SRR218/032/SRR21846632/SRR21846632_2.fastq.gz	SAMN26309388	2011931	s
SRR21846635	PAIRED	https://ftp.sra.ebi.ac.uk/vol1/fastq/SRR218/035/SRR21846635/SRR21846635_1.fastq.gz	https://ftp.sra.ebi.ac.uk/vol1/fastq/SRR218/035/SRR21846635/SRR21846635_2.fastq.gz	SAMN26305246	1829871	s
SRR21846637	PAIRED	https://ftp.sra.ebi.ac.uk/vol1/fastq/SRR218/037/SRR21846637/SRR21846637_1.fastq.gz	https://ftp.sra.ebi.ac.uk/vol1/fastq/SRR218/037/SRR21846637/SRR21846637_2.fastq.gz	SAMN26308862	1600557	s
SRR21846648	PAIRED	https://ftp.sra.ebi.ac.uk/vol1/fastq/SRR218/048/SRR21846648/SRR21846648_1.fastq.gz	https://ftp.sra.ebi.ac.uk/vol1/fastq/SRR218/048/SRR21846648/SRR21846648_2.fastq.gz	SAMN26304458	2128387	s
SRR21846653	PAIRED	https://ftp.sra.ebi.ac.uk/vol1/fastq/SRR218/053/SRR21846653/SRR21846653_1.fastq.gz	https://ftp.sra.ebi.ac.uk/vol1/fastq/SRR218/053/SRR21846653/SRR21846653_2.fastq.gz	SAMN26304398	2162137	s
SRR21846688	PAIRED	https://ftp.sra.ebi.ac.uk/vol1/fastq/SRR218/088/SRR21846688/SRR21846688_1.fastq.gz	https://ftp.sra.ebi.ac.uk/vol1/fastq/SRR218/088/SRR21846688/SRR21846688_2.fastq.gz	SAMN26305007	2063669	s
SRR21846691	PAIRED	https://ftp.sra.ebi.ac.uk/vol1/fastq/SRR218/091/SRR21846691/SRR21846691_1.fastq.gz	https://ftp.sra.ebi.ac.uk/vol1/fastq/SRR218/091/SRR21846691/SRR21846691_2.fastq.gz	SAMN26308740	1463160	s
SRR21846693	PAIRED	https://ftp.sra.ebi.ac.uk/vol1/fastq/SRR218/093/SRR21846693/SRR21846693_1.fastq.gz	https://ftp.sra.ebi.ac.uk/vol1/fastq/SRR218/093/SRR21846693/SRR21846693_2.fastq.gz	SAMN26308348	1842753	s
SRR21846699	PAIRED	https://ftp.sra.ebi.ac.uk/vol1/fastq/SRR218/099/SRR21846699/SRR21846699_1.fastq.gz	https://ftp.sra.ebi.ac.uk/vol1/fastq/SRR218/099/SRR21846699/SRR21846699_2.fastq.gz	SAMN26304778	1468343	s
SRR21846703	PAIRED	https://ftp.sra.ebi.ac.uk/vol1/fastq/SRR218/003/SRR21846703/SRR21846703_1.fastq.gz	https://ftp.sra.ebi.ac.uk/vol1/fastq/SRR218/003/SRR21846703/SRR21846703_2.fastq.gz	SAMN26308863	2162182	s
SRR21846705	PAIRED	https://ftp.sra.ebi.ac.uk/vol1/fastq/SRR218/005/SRR21846705/SRR21846705_1.fastq.gz	https://ftp.sra.ebi.ac.uk/vol1/fastq/SRR218/005/SRR21846705/SRR21846705_2.fastq.gz	SAMN26308391	1501669	s
SRR21846707	PAIRED	https://ftp.sra.ebi.ac.uk/vol1/fastq/SRR218/007/SRR21846707/SRR21846707_1.fastq.gz	https://ftp.sra.ebi.ac.uk/vol1/fastq/SRR218/007/SRR21846707/SRR21846707_2.fastq.gz	SAMN26304735	1733017	s
SRR21846714	PAIRED	https://ftp.sra.ebi.ac.uk/vol1/fastq/SRR218/014/SRR21846714/SRR21846714_1.fastq.gz	https://ftp.sra.ebi.ac.uk/vol1/fastq/SRR218/014/SRR21846714/SRR21846714_2.fastq.gz	SAMN26308355	1046256	s
SRR21846726	PAIRED	https://ftp.sra.ebi.ac.uk/vol1/fastq/SRR218/026/SRR21846726/SRR21846726_1.fastq.gz	https://ftp.sra.ebi.ac.uk/vol1/fastq/SRR218/026/SRR21846726/SRR21846726_2.fastq.gz	SAMN26304437	1411308	s
SRR21846727	PAIRED	https://ftp.sra.ebi.ac.uk/vol1/fastq/SRR218/027/SRR21846727/SRR21846727_1.fastq.gz	https://ftp.sra.ebi.ac.uk/vol1/fastq/SRR218/027/SRR21846727/SRR21846727_2.fastq.gz	SAMN26304896	1137305	s
SRR21846740	PAIRED	https://ftp.sra.ebi.ac.uk/vol1/fastq/SRR218/040/SRR21846740/SRR21846740_1.fastq.gz	https://ftp.sra.ebi.ac.uk/vol1/fastq/SRR218/040/SRR21846740/SRR21846740_2.fastq.gz	SAMN26309243	1193750	s
SRR21846741	PAIRED	https://ftp.sra.ebi.ac.uk/vol1/fastq/SRR218/041/SRR21846741/SRR21846741_1.fastq.gz	https://ftp.sra.ebi.ac.uk/vol1/fastq/SRR218/041/SRR21846741/SRR21846741_2.fastq.gz	SAMN26308459	1361890	s
SRR21846749	PAIRED	https://ftp.sra.ebi.ac.uk/vol1/fastq/SRR218/049/SRR21846749/SRR21846749_1.fastq.gz	https://ftp.sra.ebi.ac.uk/vol1/fastq/SRR218/049/SRR21846749/SRR21846749_2.fastq.gz	SAMN26309401	1295787	s
SRR21846760	PAIRED	https://ftp.sra.ebi.ac.uk/vol1/fastq/SRR218/060/SRR21846760/SRR21846760_1.fastq.gz	https://ftp.sra.ebi.ac.uk/vol1/fastq/SRR218/060/SRR21846760/SRR21846760_2.fastq.gz	SAMN26305108	1331998	s
SRR21846762	PAIRED	https://ftp.sra.ebi.ac.uk/vol1/fastq/SRR218/062/SRR21846762/SRR21846762_1.fastq.gz	https://ftp.sra.ebi.ac.uk/vol1/fastq/SRR218/062/SRR21846762/SRR21846762_2.fastq.gz	SAMN26304970	1385661	s
SRR21846771	PAIRED	https://ftp.sra.ebi.ac.uk/vol1/fastq/SRR218/071/SRR21846771/SRR21846771_1.fastq.gz	https://ftp.sra.ebi.ac.uk/vol1/fastq/SRR218/071/SRR21846771/SRR21846771_2.fastq.gz	SAMN26309128	1256694	s
SRR21846784	PAIRED	https://ftp.sra.ebi.ac.uk/vol1/fastq/SRR218/084/SRR21846784/SRR21846784_1.fastq.gz	https://ftp.sra.ebi.ac.uk/vol1/fastq/SRR218/084/SRR21846784/SRR21846784_2.fastq.gz	SAMN26308866	1630561	s
SRR21846793	PAIRED	https://ftp.sra.ebi.ac.uk/vol1/fastq/SRR218/093/SRR21846793/SRR21846793_1.fastq.gz	https://ftp.sra.ebi.ac.uk/vol1/fastq/SRR218/093/SRR21846793/SRR21846793_2.fastq.gz	SAMN26308779	1574329	s
SRR21846796	PAIRED	https://ftp.sra.ebi.ac.uk/vol1/fastq/SRR218/096/SRR21846796/SRR21846796_1.fastq.gz	https://ftp.sra.ebi.ac.uk/vol1/fastq/SRR218/096/SRR21846796/SRR21846796_2.fastq.gz	SAMN26305076	2176436	s
SRR21846811	PAIRED	https://ftp.sra.ebi.ac.uk/vol1/fastq/SRR218/011/SRR21846811/SRR21846811_1.fastq.gz	https://ftp.sra.ebi.ac.uk/vol1/fastq/SRR218/011/SRR21846811/SRR21846811_2.fastq.gz	SAMN26305085	991657	s
SRR21846817	PAIRED	https://ftp.sra.ebi.ac.uk/vol1/fastq/SRR218/017/SRR21846817/SRR21846817_1.fastq.gz	https://ftp.sra.ebi.ac.uk/vol1/fastq/SRR218/017/SRR21846817/SRR21846817_2.fastq.gz	SAMN26304598	1338811	s
SRR21846820	PAIRED	https://ftp.sra.ebi.ac.uk/vol1/fastq/SRR218/020/SRR21846820/SRR21846820_1.fastq.gz	https://ftp.sra.ebi.ac.uk/vol1/fastq/SRR218/020/SRR21846820/SRR21846820_2.fastq.gz	SAMN26304613	1602813	s
SRR21846824	PAIRED	https://ftp.sra.ebi.ac.uk/vol1/fastq/SRR218/024/SRR21846824/SRR21846824_1.fastq.gz	https://ftp.sra.ebi.ac.uk/vol1/fastq/SRR218/024/SRR21846824/SRR21846824_2.fastq.gz	SAMN26308949	1254068	s
SRR21846826	PAIRED	https://ftp.sra.ebi.ac.uk/vol1/fastq/SRR218/026/SRR21846826/SRR21846826_1.fastq.gz	https://ftp.sra.ebi.ac.uk/vol1/fastq/SRR218/026/SRR21846826/SRR21846826_2.fastq.gz	SAMN26305001	1355822	s
SRR21846836	PAIRED	https://ftp.sra.ebi.ac.uk/vol1/fastq/SRR218/036/SRR21846836/SRR21846836_1.fastq.gz	https://ftp.sra.ebi.ac.uk/vol1/fastq/SRR218/036/SRR21846836/SRR21846836_2.fastq.gz	SAMN26304393	1208807	s
SRR21846838	PAIRED	https://ftp.sra.ebi.ac.uk/vol1/fastq/SRR218/038/SRR21846838/SRR21846838_1.fastq.gz	https://ftp.sra.ebi.ac.uk/vol1/fastq/SRR218/038/SRR21846838/SRR21846838_2.fastq.gz	SAMN26304524	1095622	s
SRR21846842	PAIRED	https://ftp.sra.ebi.ac.uk/vol1/fastq/SRR218/042/SRR21846842/SRR21846842_1.fastq.gz	https://ftp.sra.ebi.ac.uk/vol1/fastq/SRR218/042/SRR21846842/SRR21846842_2.fastq.gz	SAMN26304403	1407450	s
SRR21847732	PAIRED	https://ftp.sra.ebi.ac.uk/vol1/fastq/SRR218/032/SRR21847732/SRR21847732_1.fastq.gz	https://ftp.sra.ebi.ac.uk/vol1/fastq/SRR218/032/SRR21847732/SRR21847732_2.fastq.gz	SAMN26304630	1436618	s
SRR21847751	PAIRED	https://ftp.sra.ebi.ac.uk/vol1/fastq/SRR218/051/SRR21847751/SRR21847751_1.fastq.gz	https://ftp.sra.ebi.ac.uk/vol1/fastq/SRR218/051/SRR21847751/SRR21847751_2.fastq.gz	SAMN26304446	2159099	s
SRR21847754	PAIRED	https://ftp.sra.ebi.ac.uk/vol1/fastq/SRR218/054/SRR21847754/SRR21847754_1.fastq.gz	https://ftp.sra.ebi.ac.uk/vol1/fastq/SRR218/054/SRR21847754/SRR21847754_2.fastq.gz	SAMN26309373	1973915	s
SRR21847768	PAIRED	https://ftp.sra.ebi.ac.uk/vol1/fastq/SRR218/068/SRR21847768/SRR21847768_1.fastq.gz	https://ftp.sra.ebi.ac.uk/vol1/fastq/SRR218/068/SRR21847768/SRR21847768_2.fastq.gz	SAMN26304631	2335661	s
SRR21847778	PAIRED	https://ftp.sra.ebi.ac.uk/vol1/fastq/SRR218/078/SRR21847778/SRR21847778_1.fastq.gz	https://ftp.sra.ebi.ac.uk/vol1/fastq/SRR218/078/SRR21847778/SRR21847778_2.fastq.gz	SAMN26308663	2638197	s
SRR21847781	PAIRED	https://ftp.sra.ebi.ac.uk/vol1/fastq/SRR218/081/SRR21847781/SRR21847781_1.fastq.gz	https://ftp.sra.ebi.ac.uk/vol1/fastq/SRR218/081/SRR21847781/SRR21847781_2.fastq.gz	SAMN26308428	2250750	s
SRR21847786	PAIRED	https://ftp.sra.ebi.ac.uk/vol1/fastq/SRR218/086/SRR21847786/SRR21847786_1.fastq.gz	https://ftp.sra.ebi.ac.uk/vol1/fastq/SRR218/086/SRR21847786/SRR21847786_2.fastq.gz	SAMN26304536	1498658	r
SRR21847789	PAIRED	https://ftp.sra.ebi.ac.uk/vol1/fastq/SRR218/089/SRR21847789/SRR21847789_1.fastq.gz	https://ftp.sra.ebi.ac.uk/vol1/fastq/SRR218/089/SRR21847789/SRR21847789_2.fastq.gz	SAMN26305134	1557366	r
SRR21847794	PAIRED	https://ftp.sra.ebi.ac.uk/vol1/fastq/SRR218/094/SRR21847794/SRR21847794_1.fastq.gz	https://ftp.sra.ebi.ac.uk/vol1/fastq/SRR218/094/SRR21847794/SRR21847794_2.fastq.gz	SAMN26309057	1237352	s
SRR21847817	PAIRED	https://ftp.sra.ebi.ac.uk/vol1/fastq/SRR218/017/SRR21847817/SRR21847817_1.fastq.gz	https://ftp.sra.ebi.ac.uk/vol1/fastq/SRR218/017/SRR21847817/SRR21847817_2.fastq.gz	SAMN26308453	1070857	s
SRR21847827	PAIRED	https://ftp.sra.ebi.ac.uk/vol1/fastq/SRR218/027/SRR21847827/SRR21847827_1.fastq.gz	https://ftp.sra.ebi.ac.uk/vol1/fastq/SRR218/027/SRR21847827/SRR21847827_2.fastq.gz	SAMN26304863	1080696	s
SRR21847851	PAIRED	https://ftp.sra.ebi.ac.uk/vol1/fastq/SRR218/051/SRR21847851/SRR21847851_1.fastq.gz	https://ftp.sra.ebi.ac.uk/vol1/fastq/SRR218/051/SRR21847851/SRR21847851_2.fastq.gz	SAMN26308531	2733873	s
SRR21847859	PAIRED	https://ftp.sra.ebi.ac.uk/vol1/fastq/SRR218/059/SRR21847859/SRR21847859_1.fastq.gz	https://ftp.sra.ebi.ac.uk/vol1/fastq/SRR218/059/SRR21847859/SRR21847859_2.fastq.gz	SAMN26308982	1881874	s
SRR21847863	PAIRED	https://ftp.sra.ebi.ac.uk/vol1/fastq/SRR218/063/SRR21847863/SRR21847863_1.fastq.gz	https://ftp.sra.ebi.ac.uk/vol1/fastq/SRR218/063/SRR21847863/SRR21847863_2.fastq.gz	SAMN26305288	2255835	s
SRR21847869	PAIRED	https://ftp.sra.ebi.ac.uk/vol1/fastq/SRR218/069/SRR21847869/SRR21847869_1.fastq.gz	https://ftp.sra.ebi.ac.uk/vol1/fastq/SRR218/069/SRR21847869/SRR21847869_2.fastq.gz	SAMN26308951	2194431	s
SRR21847878	PAIRED	https://ftp.sra.ebi.ac.uk/vol1/fastq/SRR218/078/SRR21847878/SRR21847878_1.fastq.gz	https://ftp.sra.ebi.ac.uk/vol1/fastq/SRR218/078/SRR21847878/SRR21847878_2.fastq.gz	SAMN26304669	2084412	s
SRR21847884	PAIRED	https://ftp.sra.ebi.ac.uk/vol1/fastq/SRR218/084/SRR21847884/SRR21847884_1.fastq.gz	https://ftp.sra.ebi.ac.uk/vol1/fastq/SRR218/084/SRR21847884/SRR21847884_2.fastq.gz	SAMN26308611	1322305	s
SRR21847895	PAIRED	https://ftp.sra.ebi.ac.uk/vol1/fastq/SRR218/095/SRR21847895/SRR21847895_1.fastq.gz	https://ftp.sra.ebi.ac.uk/vol1/fastq/SRR218/095/SRR21847895/SRR21847895_2.fastq.gz	SAMN26309059	1026073	s
SRR21847904	PAIRED	https://ftp.sra.ebi.ac.uk/vol1/fastq/SRR218/004/SRR21847904/SRR21847904_1.fastq.gz	https://ftp.sra.ebi.ac.uk/vol1/fastq/SRR218/004/SRR21847904/SRR21847904_2.fastq.gz	SAMN26308613	1088370	s
SRR21847905	PAIRED	https://ftp.sra.ebi.ac.uk/vol1/fastq/SRR218/005/SRR21847905/SRR21847905_1.fastq.gz	https://ftp.sra.ebi.ac.uk/vol1/fastq/SRR218/005/SRR21847905/SRR21847905_2.fastq.gz	SAMN26309297	1158587	s
SRR21847908	PAIRED	https://ftp.sra.ebi.ac.uk/vol1/fastq/SRR218/008/SRR21847908/SRR21847908_1.fastq.gz	https://ftp.sra.ebi.ac.uk/vol1/fastq/SRR218/008/SRR21847908/SRR21847908_2.fastq.gz	SAMN26304348	867900	s
SRR21847922	PAIRED	https://ftp.sra.ebi.ac.uk/vol1/fastq/SRR218/022/SRR21847922/SRR21847922_1.fastq.gz	https://ftp.sra.ebi.ac.uk/vol1/fastq/SRR218/022/SRR21847922/SRR21847922_2.fastq.gz	SAMN26304794	1200264	s
SRR21847937	PAIRED	https://ftp.sra.ebi.ac.uk/vol1/fastq/SRR218/037/SRR21847937/SRR21847937_1.fastq.gz	https://ftp.sra.ebi.ac.uk/vol1/fastq/SRR218/037/SRR21847937/SRR21847937_2.fastq.gz	SAMN26304882	1368255	s
SRR21847952	PAIRED	https://ftp.sra.ebi.ac.uk/vol1/fastq/SRR218/052/SRR21847952/SRR21847952_1.fastq.gz	https://ftp.sra.ebi.ac.uk/vol1/fastq/SRR218/052/SRR21847952/SRR21847952_2.fastq.gz	SAMN26305261	2323557	s
SRR21847962	PAIRED	https://ftp.sra.ebi.ac.uk/vol1/fastq/SRR218/062/SRR21847962/SRR21847962_1.fastq.gz	https://ftp.sra.ebi.ac.uk/vol1/fastq/SRR218/062/SRR21847962/SRR21847962_2.fastq.gz	SAMN26304577	2131539	s
SRR21847972	PAIRED	https://ftp.sra.ebi.ac.uk/vol1/fastq/SRR218/072/SRR21847972/SRR21847972_1.fastq.gz	https://ftp.sra.ebi.ac.uk/vol1/fastq/SRR218/072/SRR21847972/SRR21847972_2.fastq.gz	SAMN26308523	2345480	s
SRR21847973	PAIRED	https://ftp.sra.ebi.ac.uk/vol1/fastq/SRR218/073/SRR21847973/SRR21847973_1.fastq.gz	https://ftp.sra.ebi.ac.uk/vol1/fastq/SRR218/073/SRR21847973/SRR21847973_2.fastq.gz	SAMN26308983	2093703	s
SRR21847974	PAIRED	https://ftp.sra.ebi.ac.uk/vol1/fastq/SRR218/074/SRR21847974/SRR21847974_1.fastq.gz	https://ftp.sra.ebi.ac.uk/vol1/fastq/SRR218/074/SRR21847974/SRR21847974_2.fastq.gz	SAMN26309255	2355859	s
SRR21847984	PAIRED	https://ftp.sra.ebi.ac.uk/vol1/fastq/SRR218/084/SRR21847984/SRR21847984_1.fastq.gz	https://ftp.sra.ebi.ac.uk/vol1/fastq/SRR218/084/SRR21847984/SRR21847984_2.fastq.gz	SAMN26304374	1344904	s
SRR21847986	PAIRED	https://ftp.sra.ebi.ac.uk/vol1/fastq/SRR218/086/SRR21847986/SRR21847986_1.fastq.gz	https://ftp.sra.ebi.ac.uk/vol1/fastq/SRR218/086/SRR21847986/SRR21847986_2.fastq.gz	SAMN26308562	869250	s
SRR21847998	PAIRED	https://ftp.sra.ebi.ac.uk/vol1/fastq/SRR218/098/SRR21847998/SRR21847998_1.fastq.gz	https://ftp.sra.ebi.ac.uk/vol1/fastq/SRR218/098/SRR21847998/SRR21847998_2.fastq.gz	SAMN26309381	1305963	s
SRR21848005	PAIRED	https://ftp.sra.ebi.ac.uk/vol1/fastq/SRR218/005/SRR21848005/SRR21848005_1.fastq.gz	https://ftp.sra.ebi.ac.uk/vol1/fastq/SRR218/005/SRR21848005/SRR21848005_2.fastq.gz	SAMN26304653	1141640	s
SRR21849184	PAIRED	https://ftp.sra.ebi.ac.uk/vol1/fastq/SRR218/084/SRR21849184/SRR21849184_1.fastq.gz	https://ftp.sra.ebi.ac.uk/vol1/fastq/SRR218/084/SRR21849184/SRR21849184_2.fastq.gz	SAMN26308846	1730250	r
SRR21849186	PAIRED	https://ftp.sra.ebi.ac.uk/vol1/fastq/SRR218/086/SRR21849186/SRR21849186_1.fastq.gz	https://ftp.sra.ebi.ac.uk/vol1/fastq/SRR218/086/SRR21849186/SRR21849186_2.fastq.gz	SAMN26305055	1833258	s
SRR21849195	PAIRED	https://ftp.sra.ebi.ac.uk/vol1/fastq/SRR218/095/SRR21849195/SRR21849195_1.fastq.gz	https://ftp.sra.ebi.ac.uk/vol1/fastq/SRR218/095/SRR21849195/SRR21849195_2.fastq.gz	SAMN26304837	1643293	s
SRR21849199	PAIRED	https://ftp.sra.ebi.ac.uk/vol1/fastq/SRR218/099/SRR21849199/SRR21849199_1.fastq.gz	https://ftp.sra.ebi.ac.uk/vol1/fastq/SRR218/099/SRR21849199/SRR21849199_2.fastq.gz	SAMN26308691	2373354	s
SRR21849200	PAIRED	https://ftp.sra.ebi.ac.uk/vol1/fastq/SRR218/000/SRR21849200/SRR21849200_1.fastq.gz	https://ftp.sra.ebi.ac.uk/vol1/fastq/SRR218/000/SRR21849200/SRR21849200_2.fastq.gz	SAMN26304738	2442432	s
SRR21849209	PAIRED	https://ftp.sra.ebi.ac.uk/vol1/fastq/SRR218/009/SRR21849209/SRR21849209_1.fastq.gz	https://ftp.sra.ebi.ac.uk/vol1/fastq/SRR218/009/SRR21849209/SRR21849209_2.fastq.gz	SAMN26309263	2047786	s
SRR21849216	PAIRED	https://ftp.sra.ebi.ac.uk/vol1/fastq/SRR218/016/SRR21849216/SRR21849216_1.fastq.gz	https://ftp.sra.ebi.ac.uk/vol1/fastq/SRR218/016/SRR21849216/SRR21849216_2.fastq.gz	SAMN26309193	2127840	s
SRR21849219	PAIRED	https://ftp.sra.ebi.ac.uk/vol1/fastq/SRR218/019/SRR21849219/SRR21849219_1.fastq.gz	https://ftp.sra.ebi.ac.uk/vol1/fastq/SRR218/019/SRR21849219/SRR21849219_2.fastq.gz	SAMN26305003	1738789	s
SRR21849238	PAIRED	https://ftp.sra.ebi.ac.uk/vol1/fastq/SRR218/038/SRR21849238/SRR21849238_1.fastq.gz	https://ftp.sra.ebi.ac.uk/vol1/fastq/SRR218/038/SRR21849238/SRR21849238_2.fastq.gz	SAMN26309409	1877624	s
SRR21849242	PAIRED	https://ftp.sra.ebi.ac.uk/vol1/fastq/SRR218/042/SRR21849242/SRR21849242_1.fastq.gz	https://ftp.sra.ebi.ac.uk/vol1/fastq/SRR218/042/SRR21849242/SRR21849242_2.fastq.gz	SAMN26309200	1941219	s
SRR21849243	PAIRED	https://ftp.sra.ebi.ac.uk/vol1/fastq/SRR218/043/SRR21849243/SRR21849243_1.fastq.gz	https://ftp.sra.ebi.ac.uk/vol1/fastq/SRR218/043/SRR21849243/SRR21849243_2.fastq.gz	SAMN26309199	2013112	s
SRR21849250	PAIRED	https://ftp.sra.ebi.ac.uk/vol1/fastq/SRR218/050/SRR21849250/SRR21849250_1.fastq.gz	https://ftp.sra.ebi.ac.uk/vol1/fastq/SRR218/050/SRR21849250/SRR21849250_2.fastq.gz	SAMN26308411	1283636	s
SRR21849253	PAIRED	https://ftp.sra.ebi.ac.uk/vol1/fastq/SRR218/053/SRR21849253/SRR21849253_1.fastq.gz	https://ftp.sra.ebi.ac.uk/vol1/fastq/SRR218/053/SRR21849253/SRR21849253_2.fastq.gz	SAMN26305258	1603412	s
SRR21849262	PAIRED	https://ftp.sra.ebi.ac.uk/vol1/fastq/SRR218/062/SRR21849262/SRR21849262_1.fastq.gz	https://ftp.sra.ebi.ac.uk/vol1/fastq/SRR218/062/SRR21849262/SRR21849262_2.fastq.gz	SAMN26309207	1140142	s
SRR21849263	PAIRED	https://ftp.sra.ebi.ac.uk/vol1/fastq/SRR218/063/SRR21849263/SRR21849263_1.fastq.gz	https://ftp.sra.ebi.ac.uk/vol1/fastq/SRR218/063/SRR21849263/SRR21849263_2.fastq.gz	SAMN26304333	966171	s
SRR21849265	PAIRED	https://ftp.sra.ebi.ac.uk/vol1/fastq/SRR218/065/SRR21849265/SRR21849265_1.fastq.gz	https://ftp.sra.ebi.ac.uk/vol1/fastq/SRR218/065/SRR21849265/SRR21849265_2.fastq.gz	SAMN26309015	1307113	s
SRR21849270	PAIRED	https://ftp.sra.ebi.ac.uk/vol1/fastq/SRR218/070/SRR21849270/SRR21849270_1.fastq.gz	https://ftp.sra.ebi.ac.uk/vol1/fastq/SRR218/070/SRR21849270/SRR21849270_2.fastq.gz	SAMN26304903	1164266	s
SRR21849287	PAIRED	https://ftp.sra.ebi.ac.uk/vol1/fastq/SRR218/087/SRR21849287/SRR21849287_1.fastq.gz	https://ftp.sra.ebi.ac.uk/vol1/fastq/SRR218/087/SRR21849287/SRR21849287_2.fastq.gz	SAMN26309086	2524899	s
SRR21849289	PAIRED	https://ftp.sra.ebi.ac.uk/vol1/fastq/SRR218/089/SRR21849289/SRR21849289_1.fastq.gz	https://ftp.sra.ebi.ac.uk/vol1/fastq/SRR218/089/SRR21849289/SRR21849289_2.fastq.gz	SAMN26309206	1467244	s
SRR21849290	PAIRED	https://ftp.sra.ebi.ac.uk/vol1/fastq/SRR218/090/SRR21849290/SRR21849290_1.fastq.gz	https://ftp.sra.ebi.ac.uk/vol1/fastq/SRR218/090/SRR21849290/SRR21849290_2.fastq.gz	SAMN26308903	1399248	r
SRR21849291	PAIRED	https://ftp.sra.ebi.ac.uk/vol1/fastq/SRR218/091/SRR21849291/SRR21849291_1.fastq.gz	https://ftp.sra.ebi.ac.uk/vol1/fastq/SRR218/091/SRR21849291/SRR21849291_2.fastq.gz	SAMN26308389	993217	s
SRR21849294	PAIRED	https://ftp.sra.ebi.ac.uk/vol1/fastq/SRR218/094/SRR21849294/SRR21849294_1.fastq.gz	https://ftp.sra.ebi.ac.uk/vol1/fastq/SRR218/094/SRR21849294/SRR21849294_2.fastq.gz	SAMN26308890	1898220	s
SRR21849300	PAIRED	https://ftp.sra.ebi.ac.uk/vol1/fastq/SRR218/000/SRR21849300/SRR21849300_1.fastq.gz	https://ftp.sra.ebi.ac.uk/vol1/fastq/SRR218/000/SRR21849300/SRR21849300_2.fastq.gz	SAMN26308410	1411678	s
SRR21849309	PAIRED	https://ftp.sra.ebi.ac.uk/vol1/fastq/SRR218/009/SRR21849309/SRR21849309_1.fastq.gz	https://ftp.sra.ebi.ac.uk/vol1/fastq/SRR218/009/SRR21849309/SRR21849309_2.fastq.gz	SAMN26309012	2016491	s
SRR21849315	PAIRED	https://ftp.sra.ebi.ac.uk/vol1/fastq/SRR218/015/SRR21849315/SRR21849315_1.fastq.gz	https://ftp.sra.ebi.ac.uk/vol1/fastq/SRR218/015/SRR21849315/SRR21849315_2.fastq.gz	SAMN26308384	1703417	s
SRR21849322	PAIRED	https://ftp.sra.ebi.ac.uk/vol1/fastq/SRR218/022/SRR21849322/SRR21849322_1.fastq.gz	https://ftp.sra.ebi.ac.uk/vol1/fastq/SRR218/022/SRR21849322/SRR21849322_2.fastq.gz	SAMN26304849	1237339	s
SRR21849331	PAIRED	https://ftp.sra.ebi.ac.uk/vol1/fastq/SRR218/031/SRR21849331/SRR21849331_1.fastq.gz	https://ftp.sra.ebi.ac.uk/vol1/fastq/SRR218/031/SRR21849331/SRR21849331_2.fastq.gz	SAMN26308886	1187237	s
SRR21849343	PAIRED	https://ftp.sra.ebi.ac.uk/vol1/fastq/SRR218/043/SRR21849343/SRR21849343_1.fastq.gz	https://ftp.sra.ebi.ac.uk/vol1/fastq/SRR218/043/SRR21849343/SRR21849343_2.fastq.gz	SAMN26309387	2120332	s
SRR21849348	PAIRED	https://ftp.sra.ebi.ac.uk/vol1/fastq/SRR218/048/SRR21849348/SRR21849348_1.fastq.gz	https://ftp.sra.ebi.ac.uk/vol1/fastq/SRR218/048/SRR21849348/SRR21849348_2.fastq.gz	SAMN26308913	2182197	s
SRR21849359	PAIRED	https://ftp.sra.ebi.ac.uk/vol1/fastq/SRR218/059/SRR21849359/SRR21849359_1.fastq.gz	https://ftp.sra.ebi.ac.uk/vol1/fastq/SRR218/059/SRR21849359/SRR21849359_2.fastq.gz	SAMN26304814	2464894	s
SRR21849362	PAIRED	https://ftp.sra.ebi.ac.uk/vol1/fastq/SRR218/062/SRR21849362/SRR21849362_1.fastq.gz	https://ftp.sra.ebi.ac.uk/vol1/fastq/SRR218/062/SRR21849362/SRR21849362_2.fastq.gz	SAMN26308404	2359851	s
SRR21849371	PAIRED	https://ftp.sra.ebi.ac.uk/vol1/fastq/SRR218/071/SRR21849371/SRR21849371_1.fastq.gz	https://ftp.sra.ebi.ac.uk/vol1/fastq/SRR218/071/SRR21849371/SRR21849371_2.fastq.gz	SAMN26309333	1291859	s
SRR21849377	PAIRED	https://ftp.sra.ebi.ac.uk/vol1/fastq/SRR218/077/SRR21849377/SRR21849377_1.fastq.gz	https://ftp.sra.ebi.ac.uk/vol1/fastq/SRR218/077/SRR21849377/SRR21849377_2.fastq.gz	SAMN26305269	1118928	s
SRR21849378	PAIRED	https://ftp.sra.ebi.ac.uk/vol1/fastq/SRR218/078/SRR21849378/SRR21849378_1.fastq.gz	https://ftp.sra.ebi.ac.uk/vol1/fastq/SRR218/078/SRR21849378/SRR21849378_2.fastq.gz	SAMN26305193	1052702	s
SRR21849390	PAIRED	https://ftp.sra.ebi.ac.uk/vol1/fastq/SRR218/090/SRR21849390/SRR21849390_1.fastq.gz	https://ftp.sra.ebi.ac.uk/vol1/fastq/SRR218/090/SRR21849390/SRR21849390_2.fastq.gz	SAMN26309175	1318177	s
SRR21849400	PAIRED	https://ftp.sra.ebi.ac.uk/vol1/fastq/SRR218/000/SRR21849400/SRR21849400_1.fastq.gz	https://ftp.sra.ebi.ac.uk/vol1/fastq/SRR218/000/SRR21849400/SRR21849400_2.fastq.gz	SAMN26304525	936470	s
SRR21849402	PAIRED	https://ftp.sra.ebi.ac.uk/vol1/fastq/SRR218/002/SRR21849402/SRR21849402_1.fastq.gz	https://ftp.sra.ebi.ac.uk/vol1/fastq/SRR218/002/SRR21849402/SRR21849402_2.fastq.gz	SAMN26309149	1053846	s
SRR21849405	PAIRED	https://ftp.sra.ebi.ac.uk/vol1/fastq/SRR218/005/SRR21849405/SRR21849405_1.fastq.gz	https://ftp.sra.ebi.ac.uk/vol1/fastq/SRR218/005/SRR21849405/SRR21849405_2.fastq.gz	SAMN26308385	1479046	s
SRR21849421	PAIRED	https://ftp.sra.ebi.ac.uk/vol1/fastq/SRR218/021/SRR21849421/SRR21849421_1.fastq.gz	https://ftp.sra.ebi.ac.uk/vol1/fastq/SRR218/021/SRR21849421/SRR21849421_2.fastq.gz	SAMN26304648	1134324	s
SRR21849423	PAIRED	https://ftp.sra.ebi.ac.uk/vol1/fastq/SRR218/023/SRR21849423/SRR21849423_1.fastq.gz	https://ftp.sra.ebi.ac.uk/vol1/fastq/SRR218/023/SRR21849423/SRR21849423_2.fastq.gz	SAMN26309421	1047557	s
SRR21849431	PAIRED	https://ftp.sra.ebi.ac.uk/vol1/fastq/SRR218/031/SRR21849431/SRR21849431_1.fastq.gz	https://ftp.sra.ebi.ac.uk/vol1/fastq/SRR218/031/SRR21849431/SRR21849431_2.fastq.gz	SAMN26309068	1244443	r
SRR21849433	PAIRED	https://ftp.sra.ebi.ac.uk/vol1/fastq/SRR218/033/SRR21849433/SRR21849433_1.fastq.gz	https://ftp.sra.ebi.ac.uk/vol1/fastq/SRR218/033/SRR21849433/SRR21849433_2.fastq.gz	SAMN26309353	1179451	s
SRR2239576	PAIRED	https://ftp.sra.ebi.ac.uk/vol1/fastq/SRR223/006/SRR2239576/SRR2239576_1.fastq.gz	https://ftp.sra.ebi.ac.uk/vol1/fastq/SRR223/006/SRR2239576/SRR2239576_2.fastq.gz	SAMN03177616	605940	s
SRR2239586	PAIRED	https://ftp.sra.ebi.ac.uk/vol1/fastq/SRR223/006/SRR2239586/SRR2239586_1.fastq.gz	https://ftp.sra.ebi.ac.uk/vol1/fastq/SRR223/006/SRR2239586/SRR2239586_2.fastq.gz	SAMN03177626	1546976	r
SRR2239594	PAIRED	https://ftp.sra.ebi.ac.uk/vol1/fastq/SRR223/004/SRR2239594/SRR2239594_1.fastq.gz	https://ftp.sra.ebi.ac.uk/vol1/fastq/SRR223/004/SRR2239594/SRR2239594_2.fastq.gz	SAMN03177634	1234371	s
SRR2239597	PAIRED	https://ftp.sra.ebi.ac.uk/vol1/fastq/SRR223/007/SRR2239597/SRR2239597_1.fastq.gz	https://ftp.sra.ebi.ac.uk/vol1/fastq/SRR223/007/SRR2239597/SRR2239597_2.fastq.gz	SAMN03177637	905095	s
SRR2239600	PAIRED	https://ftp.sra.ebi.ac.uk/vol1/fastq/SRR223/000/SRR2239600/SRR2239600_1.fastq.gz	https://ftp.sra.ebi.ac.uk/vol1/fastq/SRR223/000/SRR2239600/SRR2239600_2.fastq.gz	SAMN03177640	1049456	r
SRR2239608	PAIRED	https://ftp.sra.ebi.ac.uk/vol1/fastq/SRR223/008/SRR2239608/SRR2239608_1.fastq.gz	https://ftp.sra.ebi.ac.uk/vol1/fastq/SRR223/008/SRR2239608/SRR2239608_2.fastq.gz	SAMN03177648	1069375	r
SRR2239629	PAIRED	https://ftp.sra.ebi.ac.uk/vol1/fastq/SRR223/009/SRR2239629/SRR2239629_1.fastq.gz	https://ftp.sra.ebi.ac.uk/vol1/fastq/SRR223/009/SRR2239629/SRR2239629_2.fastq.gz	SAMN03177669	1147055	s
SRR2239638	PAIRED	https://ftp.sra.ebi.ac.uk/vol1/fastq/SRR223/008/SRR2239638/SRR2239638_1.fastq.gz	https://ftp.sra.ebi.ac.uk/vol1/fastq/SRR223/008/SRR2239638/SRR2239638_2.fastq.gz	SAMN03177678	675946	s
SRR23063362	PAIRED	https://ftp.sra.ebi.ac.uk/vol1/fastq/SRR230/062/SRR23063362/SRR23063362_1.fastq.gz	https://ftp.sra.ebi.ac.uk/vol1/fastq/SRR230/062/SRR23063362/SRR23063362_2.fastq.gz	SAMN32680975	1360395	r
SRR23106206	PAIRED	https://ftp.sra.ebi.ac.uk/vol1/fastq/SRR231/006/SRR23106206/SRR23106206_1.fastq.gz	https://ftp.sra.ebi.ac.uk/vol1/fastq/SRR231/006/SRR23106206/SRR23106206_2.fastq.gz	SAMN32778010	707847	u
SRR23106219	PAIRED	https://ftp.sra.ebi.ac.uk/vol1/fastq/SRR231/019/SRR23106219/SRR23106219_1.fastq.gz	https://ftp.sra.ebi.ac.uk/vol1/fastq/SRR231/019/SRR23106219/SRR23106219_2.fastq.gz	SAMN32777998	258360	u
SRR23106223	PAIRED	https://ftp.sra.ebi.ac.uk/vol1/fastq/SRR231/023/SRR23106223/SRR23106223_1.fastq.gz	https://ftp.sra.ebi.ac.uk/vol1/fastq/SRR231/023/SRR23106223/SRR23106223_2.fastq.gz	SAMN32777995	818333	u
SRR23106279	PAIRED	https://ftp.sra.ebi.ac.uk/vol1/fastq/SRR231/079/SRR23106279/SRR23106279_1.fastq.gz	https://ftp.sra.ebi.ac.uk/vol1/fastq/SRR231/079/SRR23106279/SRR23106279_2.fastq.gz	SAMN32778019	854309	u
SRR23106328	PAIRED	https://ftp.sra.ebi.ac.uk/vol1/fastq/SRR231/028/SRR23106328/SRR23106328_1.fastq.gz	https://ftp.sra.ebi.ac.uk/vol1/fastq/SRR231/028/SRR23106328/SRR23106328_2.fastq.gz	SAMN32778048	483672	u
SRR23106396	PAIRED	https://ftp.sra.ebi.ac.uk/vol1/fastq/SRR231/096/SRR23106396/SRR23106396_1.fastq.gz	https://ftp.sra.ebi.ac.uk/vol1/fastq/SRR231/096/SRR23106396/SRR23106396_2.fastq.gz	SAMN32778030	831561	u
SRR23106401	PAIRED	https://ftp.sra.ebi.ac.uk/vol1/fastq/SRR231/001/SRR23106401/SRR23106401_1.fastq.gz	https://ftp.sra.ebi.ac.uk/vol1/fastq/SRR231/001/SRR23106401/SRR23106401_2.fastq.gz	SAMN32777936	530602	u
SRR23602977	PAIRED	https://ftp.sra.ebi.ac.uk/vol1/fastq/SRR236/077/SRR23602977/SRR23602977_1.fastq.gz	https://ftp.sra.ebi.ac.uk/vol1/fastq/SRR236/077/SRR23602977/SRR23602977_2.fastq.gz	SAMN33426532	771353	u
SRR23603017	PAIRED	https://ftp.sra.ebi.ac.uk/vol1/fastq/SRR236/017/SRR23603017/SRR23603017_1.fastq.gz	https://ftp.sra.ebi.ac.uk/vol1/fastq/SRR236/017/SRR23603017/SRR23603017_2.fastq.gz	SAMN33426544	943744	u
SRR23603517	PAIRED	https://ftp.sra.ebi.ac.uk/vol1/fastq/SRR236/017/SRR23603517/SRR23603517_1.fastq.gz	https://ftp.sra.ebi.ac.uk/vol1/fastq/SRR236/017/SRR23603517/SRR23603517_2.fastq.gz	SAMN33426865	1025407	u
SRR23611037	PAIRED	https://ftp.sra.ebi.ac.uk/vol1/fastq/SRR236/037/SRR23611037/SRR23611037_1.fastq.gz	https://ftp.sra.ebi.ac.uk/vol1/fastq/SRR236/037/SRR23611037/SRR23611037_2.fastq.gz	SAMN33435763	476239	u
SRR23611038	PAIRED	https://ftp.sra.ebi.ac.uk/vol1/fastq/SRR236/038/SRR23611038/SRR23611038_1.fastq.gz	https://ftp.sra.ebi.ac.uk/vol1/fastq/SRR236/038/SRR23611038/SRR23611038_2.fastq.gz	SAMN33435762	769387	u
SRR23611295	PAIRED	https://ftp.sra.ebi.ac.uk/vol1/fastq/SRR236/095/SRR23611295/SRR23611295_1.fastq.gz	https://ftp.sra.ebi.ac.uk/vol1/fastq/SRR236/095/SRR23611295/SRR23611295_2.fastq.gz	SAMN33436155	891011	u
SRR23611296	PAIRED	https://ftp.sra.ebi.ac.uk/vol1/fastq/SRR236/096/SRR23611296/SRR23611296_1.fastq.gz	https://ftp.sra.ebi.ac.uk/vol1/fastq/SRR236/096/SRR23611296/SRR23611296_2.fastq.gz	SAMN33436154	672631	u
SRR25437040	PAIRED	https://ftp.sra.ebi.ac.uk/vol1/fastq/SRR254/040/SRR25437040/SRR25437040_1.fastq.gz	https://ftp.sra.ebi.ac.uk/vol1/fastq/SRR254/040/SRR25437040/SRR25437040_2.fastq.gz	SAMN36726422	1185834	r
SRR25437043	PAIRED	https://ftp.sra.ebi.ac.uk/vol1/fastq/SRR254/043/SRR25437043/SRR25437043_1.fastq.gz	https://ftp.sra.ebi.ac.uk/vol1/fastq/SRR254/043/SRR25437043/SRR25437043_2.fastq.gz	SAMN36726419	986489	r
SRR25437058	PAIRED	https://ftp.sra.ebi.ac.uk/vol1/fastq/SRR254/058/SRR25437058/SRR25437058_1.fastq.gz	https://ftp.sra.ebi.ac.uk/vol1/fastq/SRR254/058/SRR25437058/SRR25437058_2.fastq.gz	SAMN36726457	775310	r
SRR25437061	PAIRED	https://ftp.sra.ebi.ac.uk/vol1/fastq/SRR254/061/SRR25437061/SRR25437061_1.fastq.gz	https://ftp.sra.ebi.ac.uk/vol1/fastq/SRR254/061/SRR25437061/SRR25437061_2.fastq.gz	SAMN36726454	370706	r
SRR25437080	PAIRED	https://ftp.sra.ebi.ac.uk/vol1/fastq/SRR254/080/SRR25437080/SRR25437080_1.fastq.gz	https://ftp.sra.ebi.ac.uk/vol1/fastq/SRR254/080/SRR25437080/SRR25437080_2.fastq.gz	SAMN36726437	1013414	r
SRR25437130	PAIRED	https://ftp.sra.ebi.ac.uk/vol1/fastq/SRR254/030/SRR25437130/SRR25437130_1.fastq.gz	https://ftp.sra.ebi.ac.uk/vol1/fastq/SRR254/030/SRR25437130/SRR25437130_2.fastq.gz	SAMN36726698	1210559	r
SRR25437136	PAIRED	https://ftp.sra.ebi.ac.uk/vol1/fastq/SRR254/036/SRR25437136/SRR25437136_1.fastq.gz	https://ftp.sra.ebi.ac.uk/vol1/fastq/SRR254/036/SRR25437136/SRR25437136_2.fastq.gz	SAMN36726693	958329	r
SRR25437138	PAIRED	https://ftp.sra.ebi.ac.uk/vol1/fastq/SRR254/038/SRR25437138/SRR25437138_1.fastq.gz	https://ftp.sra.ebi.ac.uk/vol1/fastq/SRR254/038/SRR25437138/SRR25437138_2.fastq.gz	SAMN36726691	1240291	r
SRR25437160	PAIRED	https://ftp.sra.ebi.ac.uk/vol1/fastq/SRR254/060/SRR25437160/SRR25437160_1.fastq.gz	https://ftp.sra.ebi.ac.uk/vol1/fastq/SRR254/060/SRR25437160/SRR25437160_2.fastq.gz	SAMN36726645	1676709	r
SRR25437192	PAIRED	https://ftp.sra.ebi.ac.uk/vol1/fastq/SRR254/092/SRR25437192/SRR25437192_1.fastq.gz	https://ftp.sra.ebi.ac.uk/vol1/fastq/SRR254/092/SRR25437192/SRR25437192_2.fastq.gz	SAMN36726667	1084190	r
SRR25437421	PAIRED	https://ftp.sra.ebi.ac.uk/vol1/fastq/SRR254/021/SRR25437421/SRR25437421_1.fastq.gz	https://ftp.sra.ebi.ac.uk/vol1/fastq/SRR254/021/SRR25437421/SRR25437421_2.fastq.gz	SAMN36727315	1408229	r
SRR25437450	PAIRED	https://ftp.sra.ebi.ac.uk/vol1/fastq/SRR254/050/SRR25437450/SRR25437450_1.fastq.gz	https://ftp.sra.ebi.ac.uk/vol1/fastq/SRR254/050/SRR25437450/SRR25437450_2.fastq.gz	SAMN36727329	1119081	r
SRR25437456	PAIRED	https://ftp.sra.ebi.ac.uk/vol1/fastq/SRR254/056/SRR25437456/SRR25437456_1.fastq.gz	https://ftp.sra.ebi.ac.uk/vol1/fastq/SRR254/056/SRR25437456/SRR25437456_2.fastq.gz	SAMN36727298	1086209	r
SRR25438464	PAIRED	https://ftp.sra.ebi.ac.uk/vol1/fastq/SRR254/064/SRR25438464/SRR25438464_1.fastq.gz	https://ftp.sra.ebi.ac.uk/vol1/fastq/SRR254/064/SRR25438464/SRR25438464_2.fastq.gz	SAMN36728989	1124041	r
SRR25438473	PAIRED	https://ftp.sra.ebi.ac.uk/vol1/fastq/SRR254/073/SRR25438473/SRR25438473_1.fastq.gz	https://ftp.sra.ebi.ac.uk/vol1/fastq/SRR254/073/SRR25438473/SRR25438473_2.fastq.gz	SAMN36728981	997155	r
SRR25438486	PAIRED	https://ftp.sra.ebi.ac.uk/vol1/fastq/SRR254/086/SRR25438486/SRR25438486_1.fastq.gz	https://ftp.sra.ebi.ac.uk/vol1/fastq/SRR254/086/SRR25438486/SRR25438486_2.fastq.gz	SAMN36728944	1098655	r
SRR25438491	PAIRED	https://ftp.sra.ebi.ac.uk/vol1/fastq/SRR254/091/SRR25438491/SRR25438491_1.fastq.gz	https://ftp.sra.ebi.ac.uk/vol1/fastq/SRR254/091/SRR25438491/SRR25438491_2.fastq.gz	SAMN36728895	1459078	r
SRR25438504	PAIRED	https://ftp.sra.ebi.ac.uk/vol1/fastq/SRR254/004/SRR25438504/SRR25438504_1.fastq.gz	https://ftp.sra.ebi.ac.uk/vol1/fastq/SRR254/004/SRR25438504/SRR25438504_2.fastq.gz	SAMN36728928	947098	r
SRR25438514	PAIRED	https://ftp.sra.ebi.ac.uk/vol1/fastq/SRR254/014/SRR25438514/SRR25438514_1.fastq.gz	https://ftp.sra.ebi.ac.uk/vol1/fastq/SRR254/014/SRR25438514/SRR25438514_2.fastq.gz	SAMN36729185	934168	r
SRR25438557	PAIRED	https://ftp.sra.ebi.ac.uk/vol1/fastq/SRR254/057/SRR25438557/SRR25438557_1.fastq.gz	https://ftp.sra.ebi.ac.uk/vol1/fastq/SRR254/057/SRR25438557/SRR25438557_2.fastq.gz	SAMN36729095	1104009	s
SRR25438581	PAIRED	https://ftp.sra.ebi.ac.uk/vol1/fastq/SRR254/081/SRR25438581/SRR25438581_1.fastq.gz	https://ftp.sra.ebi.ac.uk/vol1/fastq/SRR254/081/SRR25438581/SRR25438581_2.fastq.gz	SAMN36729049	1341815	r
SRR25438605	PAIRED	https://ftp.sra.ebi.ac.uk/vol1/fastq/SRR254/005/SRR25438605/SRR25438605_1.fastq.gz	https://ftp.sra.ebi.ac.uk/vol1/fastq/SRR254/005/SRR25438605/SRR25438605_2.fastq.gz	SAMN36728963	1348274	r
SRR25438629	PAIRED	https://ftp.sra.ebi.ac.uk/vol1/fastq/SRR254/029/SRR25438629/SRR25438629_1.fastq.gz	https://ftp.sra.ebi.ac.uk/vol1/fastq/SRR254/029/SRR25438629/SRR25438629_2.fastq.gz	SAMN36729081	1197710	r
SRR25438661	PAIRED	https://ftp.sra.ebi.ac.uk/vol1/fastq/SRR254/061/SRR25438661/SRR25438661_1.fastq.gz	https://ftp.sra.ebi.ac.uk/vol1/fastq/SRR254/061/SRR25438661/SRR25438661_2.fastq.gz	SAMN36729027	772755	r
SRR25438679	PAIRED	https://ftp.sra.ebi.ac.uk/vol1/fastq/SRR254/079/SRR25438679/SRR25438679_1.fastq.gz	https://ftp.sra.ebi.ac.uk/vol1/fastq/SRR254/079/SRR25438679/SRR25438679_2.fastq.gz	SAMN36729137	549810	r
SRR25438707	PAIRED	https://ftp.sra.ebi.ac.uk/vol1/fastq/SRR254/007/SRR25438707/SRR25438707_1.fastq.gz	https://ftp.sra.ebi.ac.uk/vol1/fastq/SRR254/007/SRR25438707/SRR25438707_2.fastq.gz	SAMN36729010	1061098	r
SRR25438710	PAIRED	https://ftp.sra.ebi.ac.uk/vol1/fastq/SRR254/010/SRR25438710/SRR25438710_1.fastq.gz	https://ftp.sra.ebi.ac.uk/vol1/fastq/SRR254/010/SRR25438710/SRR25438710_2.fastq.gz	SAMN36729008	586820	r
SRR25438731	PAIRED	https://ftp.sra.ebi.ac.uk/vol1/fastq/SRR254/031/SRR25438731/SRR25438731_1.fastq.gz	https://ftp.sra.ebi.ac.uk/vol1/fastq/SRR254/031/SRR25438731/SRR25438731_2.fastq.gz	SAMN36728891	1146426	r
SRR26176500	PAIRED	https://ftp.sra.ebi.ac.uk/vol1/fastq/SRR261/000/SRR26176500/SRR26176500_1.fastq.gz	https://ftp.sra.ebi.ac.uk/vol1/fastq/SRR261/000/SRR26176500/SRR26176500_2.fastq.gz	SAMN37516943	899286	r
SRR26176503	PAIRED	https://ftp.sra.ebi.ac.uk/vol1/fastq/SRR261/003/SRR26176503/SRR26176503_1.fastq.gz	https://ftp.sra.ebi.ac.uk/vol1/fastq/SRR261/003/SRR26176503/SRR26176503_2.fastq.gz	SAMN37516941	354016	r
SRR26176506	PAIRED	https://ftp.sra.ebi.ac.uk/vol1/fastq/SRR261/006/SRR26176506/SRR26176506_1.fastq.gz	https://ftp.sra.ebi.ac.uk/vol1/fastq/SRR261/006/SRR26176506/SRR26176506_2.fastq.gz	SAMN37516938	1235853	r
SRR26176519	PAIRED	https://ftp.sra.ebi.ac.uk/vol1/fastq/SRR261/019/SRR26176519/SRR26176519_1.fastq.gz	https://ftp.sra.ebi.ac.uk/vol1/fastq/SRR261/019/SRR26176519/SRR26176519_2.fastq.gz	SAMN37516926	1079954	r
SRR26176521	PAIRED	https://ftp.sra.ebi.ac.uk/vol1/fastq/SRR261/021/SRR26176521/SRR26176521_1.fastq.gz	https://ftp.sra.ebi.ac.uk/vol1/fastq/SRR261/021/SRR26176521/SRR26176521_2.fastq.gz	SAMN37516924	1084576	r
SRR26176526	PAIRED	https://ftp.sra.ebi.ac.uk/vol1/fastq/SRR261/026/SRR26176526/SRR26176526_1.fastq.gz	https://ftp.sra.ebi.ac.uk/vol1/fastq/SRR261/026/SRR26176526/SRR26176526_2.fastq.gz	SAMN37516920	1454336	r
SRR26176545	PAIRED	https://ftp.sra.ebi.ac.uk/vol1/fastq/SRR261/045/SRR26176545/SRR26176545_1.fastq.gz	https://ftp.sra.ebi.ac.uk/vol1/fastq/SRR261/045/SRR26176545/SRR26176545_2.fastq.gz	SAMN37516876	1087372	r
SRR26176555	PAIRED	https://ftp.sra.ebi.ac.uk/vol1/fastq/SRR261/055/SRR26176555/SRR26176555_1.fastq.gz	https://ftp.sra.ebi.ac.uk/vol1/fastq/SRR261/055/SRR26176555/SRR26176555_2.fastq.gz	SAMN37516893	1152641	r
SRR26176562	PAIRED	https://ftp.sra.ebi.ac.uk/vol1/fastq/SRR261/062/SRR26176562/SRR26176562_1.fastq.gz	https://ftp.sra.ebi.ac.uk/vol1/fastq/SRR261/062/SRR26176562/SRR26176562_2.fastq.gz	SAMN37516887	1030720	r
SRR2669141	PAIRED	https://ftp.sra.ebi.ac.uk/vol1/fastq/SRR266/001/SRR2669141/SRR2669141_1.fastq.gz	https://ftp.sra.ebi.ac.uk/vol1/fastq/SRR266/001/SRR2669141/SRR2669141_2.fastq.gz	SAMN04160768	917968	u
SRR2671127	PAIRED	https://ftp.sra.ebi.ac.uk/vol1/fastq/SRR267/007/SRR2671127/SRR2671127_1.fastq.gz	https://ftp.sra.ebi.ac.uk/vol1/fastq/SRR267/007/SRR2671127/SRR2671127_2.fastq.gz	SAMN04160760	690718	u
SRR2671136	PAIRED	https://ftp.sra.ebi.ac.uk/vol1/fastq/SRR267/006/SRR2671136/SRR2671136_1.fastq.gz	https://ftp.sra.ebi.ac.uk/vol1/fastq/SRR267/006/SRR2671136/SRR2671136_2.fastq.gz	SAMN04160758	1062078	u
SRR26854810	PAIRED	https://ftp.sra.ebi.ac.uk/vol1/fastq/SRR268/010/SRR26854810/SRR26854810_1.fastq.gz	https://ftp.sra.ebi.ac.uk/vol1/fastq/SRR268/010/SRR26854810/SRR26854810_2.fastq.gz	SAMN38285456	757548	u
SRR28625620	PAIRED	https://ftp.sra.ebi.ac.uk/vol1/fastq/SRR286/020/SRR28625620/SRR28625620_1.fastq.gz	https://ftp.sra.ebi.ac.uk/vol1/fastq/SRR286/020/SRR28625620/SRR28625620_2.fastq.gz	SAMN40930686	1569136	r
SRR28625624	PAIRED	https://ftp.sra.ebi.ac.uk/vol1/fastq/SRR286/024/SRR28625624/SRR28625624_1.fastq.gz	https://ftp.sra.ebi.ac.uk/vol1/fastq/SRR286/024/SRR28625624/SRR28625624_2.fastq.gz	SAMN40930682	1722178	r
SRR28625638	PAIRED	https://ftp.sra.ebi.ac.uk/vol1/fastq/SRR286/038/SRR28625638/SRR28625638_1.fastq.gz	https://ftp.sra.ebi.ac.uk/vol1/fastq/SRR286/038/SRR28625638/SRR28625638_2.fastq.gz	SAMN40930670	1162145	r
SRR28625645	PAIRED	https://ftp.sra.ebi.ac.uk/vol1/fastq/SRR286/045/SRR28625645/SRR28625645_1.fastq.gz	https://ftp.sra.ebi.ac.uk/vol1/fastq/SRR286/045/SRR28625645/SRR28625645_2.fastq.gz	SAMN40930663	1256021	r
SRR28625646	PAIRED	https://ftp.sra.ebi.ac.uk/vol1/fastq/SRR286/046/SRR28625646/SRR28625646_1.fastq.gz	https://ftp.sra.ebi.ac.uk/vol1/fastq/SRR286/046/SRR28625646/SRR28625646_2.fastq.gz	SAMN40930662	992644	r
SRR28813415	PAIRED	https://ftp.sra.ebi.ac.uk/vol1/fastq/SRR288/015/SRR28813415/SRR28813415_1.fastq.gz	https://ftp.sra.ebi.ac.uk/vol1/fastq/SRR288/015/SRR28813415/SRR28813415_2.fastq.gz	SAMN41091872	1092347	r
SRR2927303	PAIRED	https://ftp.sra.ebi.ac.uk/vol1/fastq/SRR292/003/SRR2927303/SRR2927303_1.fastq.gz	https://ftp.sra.ebi.ac.uk/vol1/fastq/SRR292/003/SRR2927303/SRR2927303_2.fastq.gz	SAMN04279645	957907	r
SRR2927304	PAIRED	https://ftp.sra.ebi.ac.uk/vol1/fastq/SRR292/004/SRR2927304/SRR2927304_1.fastq.gz	https://ftp.sra.ebi.ac.uk/vol1/fastq/SRR292/004/SRR2927304/SRR2927304_2.fastq.gz	SAMN04279646	1073543	r
SRR2976832	PAIRED	https://ftp.sra.ebi.ac.uk/vol1/fastq/SRR297/002/SRR2976832/SRR2976832_1.fastq.gz	https://ftp.sra.ebi.ac.uk/vol1/fastq/SRR297/002/SRR2976832/SRR2976832_2.fastq.gz	SAMN04022942	373306	s
SRR2976833	PAIRED	https://ftp.sra.ebi.ac.uk/vol1/fastq/SRR297/003/SRR2976833/SRR2976833_1.fastq.gz	https://ftp.sra.ebi.ac.uk/vol1/fastq/SRR297/003/SRR2976833/SRR2976833_2.fastq.gz	SAMN04022943	254887	r
SRR3050852	PAIRED	https://ftp.sra.ebi.ac.uk/vol1/fastq/SRR305/002/SRR3050852/SRR3050852_1.fastq.gz	https://ftp.sra.ebi.ac.uk/vol1/fastq/SRR305/002/SRR3050852/SRR3050852_2.fastq.gz	SAMN04357503	1666170	s
SRR3050853	PAIRED	https://ftp.sra.ebi.ac.uk/vol1/fastq/SRR305/003/SRR3050853/SRR3050853_1.fastq.gz	https://ftp.sra.ebi.ac.uk/vol1/fastq/SRR305/003/SRR3050853/SRR3050853_2.fastq.gz	SAMN04357504	2044620	s
SRR3050855	PAIRED	https://ftp.sra.ebi.ac.uk/vol1/fastq/SRR305/005/SRR3050855/SRR3050855_1.fastq.gz	https://ftp.sra.ebi.ac.uk/vol1/fastq/SRR305/005/SRR3050855/SRR3050855_2.fastq.gz	SAMN04357506	1373133	s
SRR3050871	PAIRED	https://ftp.sra.ebi.ac.uk/vol1/fastq/SRR305/001/SRR3050871/SRR3050871_1.fastq.gz	https://ftp.sra.ebi.ac.uk/vol1/fastq/SRR305/001/SRR3050871/SRR3050871_2.fastq.gz	SAMN04357522	743390	s
SRR3050873	PAIRED	https://ftp.sra.ebi.ac.uk/vol1/fastq/SRR305/003/SRR3050873/SRR3050873_1.fastq.gz	https://ftp.sra.ebi.ac.uk/vol1/fastq/SRR305/003/SRR3050873/SRR3050873_2.fastq.gz	SAMN04357524	1289779	s
SRR3050875	PAIRED	https://ftp.sra.ebi.ac.uk/vol1/fastq/SRR305/005/SRR3050875/SRR3050875_1.fastq.gz	https://ftp.sra.ebi.ac.uk/vol1/fastq/SRR305/005/SRR3050875/SRR3050875_2.fastq.gz	SAMN04357526	1017279	s
SRR3050890	PAIRED	https://ftp.sra.ebi.ac.uk/vol1/fastq/SRR305/000/SRR3050890/SRR3050890_1.fastq.gz	https://ftp.sra.ebi.ac.uk/vol1/fastq/SRR305/000/SRR3050890/SRR3050890_2.fastq.gz	SAMN04357541	1973449	s
SRR3050903	PAIRED	https://ftp.sra.ebi.ac.uk/vol1/fastq/SRR305/003/SRR3050903/SRR3050903_1.fastq.gz	https://ftp.sra.ebi.ac.uk/vol1/fastq/SRR305/003/SRR3050903/SRR3050903_2.fastq.gz	SAMN04357554	1453835	s
SRR3050915	PAIRED	https://ftp.sra.ebi.ac.uk/vol1/fastq/SRR305/005/SRR3050915/SRR3050915_1.fastq.gz	https://ftp.sra.ebi.ac.uk/vol1/fastq/SRR305/005/SRR3050915/SRR3050915_2.fastq.gz	SAMN04357566	1601246	s
SRR3050920	PAIRED	https://ftp.sra.ebi.ac.uk/vol1/fastq/SRR305/000/SRR3050920/SRR3050920_1.fastq.gz	https://ftp.sra.ebi.ac.uk/vol1/fastq/SRR305/000/SRR3050920/SRR3050920_2.fastq.gz	SAMN04357571	1766708	s
SRR3050928	PAIRED	https://ftp.sra.ebi.ac.uk/vol1/fastq/SRR305/008/SRR3050928/SRR3050928_1.fastq.gz	https://ftp.sra.ebi.ac.uk/vol1/fastq/SRR305/008/SRR3050928/SRR3050928_2.fastq.gz	SAMN04357579	1737719	s
SRR3050937	PAIRED	https://ftp.sra.ebi.ac.uk/vol1/fastq/SRR305/007/SRR3050937/SRR3050937_1.fastq.gz	https://ftp.sra.ebi.ac.uk/vol1/fastq/SRR305/007/SRR3050937/SRR3050937_2.fastq.gz	SAMN04357588	1031291	s
SRR3050947	PAIRED	https://ftp.sra.ebi.ac.uk/vol1/fastq/SRR305/007/SRR3050947/SRR3050947_1.fastq.gz	https://ftp.sra.ebi.ac.uk/vol1/fastq/SRR305/007/SRR3050947/SRR3050947_2.fastq.gz	SAMN04357598	1341803	s
SRR3050959	PAIRED	https://ftp.sra.ebi.ac.uk/vol1/fastq/SRR305/009/SRR3050959/SRR3050959_1.fastq.gz	https://ftp.sra.ebi.ac.uk/vol1/fastq/SRR305/009/SRR3050959/SRR3050959_2.fastq.gz	SAMN04357610	1545394	s
SRR3050965	PAIRED	https://ftp.sra.ebi.ac.uk/vol1/fastq/SRR305/005/SRR3050965/SRR3050965_1.fastq.gz	https://ftp.sra.ebi.ac.uk/vol1/fastq/SRR305/005/SRR3050965/SRR3050965_2.fastq.gz	SAMN04357616	1443987	s
SRR3050976	PAIRED	https://ftp.sra.ebi.ac.uk/vol1/fastq/SRR305/006/SRR3050976/SRR3050976_1.fastq.gz	https://ftp.sra.ebi.ac.uk/vol1/fastq/SRR305/006/SRR3050976/SRR3050976_2.fastq.gz	SAMN04357627	1786349	s
SRR3050979	PAIRED	https://ftp.sra.ebi.ac.uk/vol1/fastq/SRR305/009/SRR3050979/SRR3050979_1.fastq.gz	https://ftp.sra.ebi.ac.uk/vol1/fastq/SRR305/009/SRR3050979/SRR3050979_2.fastq.gz	SAMN04357630	1701914	s
SRR3050980	PAIRED	https://ftp.sra.ebi.ac.uk/vol1/fastq/SRR305/000/SRR3050980/SRR3050980_1.fastq.gz	https://ftp.sra.ebi.ac.uk/vol1/fastq/SRR305/000/SRR3050980/SRR3050980_2.fastq.gz	SAMN04357631	2317758	s
SRR3050981	PAIRED	https://ftp.sra.ebi.ac.uk/vol1/fastq/SRR305/001/SRR3050981/SRR3050981_1.fastq.gz	https://ftp.sra.ebi.ac.uk/vol1/fastq/SRR305/001/SRR3050981/SRR3050981_2.fastq.gz	SAMN04357632	1577819	r
SRR3050986	PAIRED	https://ftp.sra.ebi.ac.uk/vol1/fastq/SRR305/006/SRR3050986/SRR3050986_1.fastq.gz	https://ftp.sra.ebi.ac.uk/vol1/fastq/SRR305/006/SRR3050986/SRR3050986_2.fastq.gz	SAMN04357637	1576708	s
SRR3050987	PAIRED	https://ftp.sra.ebi.ac.uk/vol1/fastq/SRR305/007/SRR3050987/SRR3050987_1.fastq.gz	https://ftp.sra.ebi.ac.uk/vol1/fastq/SRR305/007/SRR3050987/SRR3050987_2.fastq.gz	SAMN04357638	1038743	s
SRR3050991	PAIRED	https://ftp.sra.ebi.ac.uk/vol1/fastq/SRR305/001/SRR3050991/SRR3050991_1.fastq.gz	https://ftp.sra.ebi.ac.uk/vol1/fastq/SRR305/001/SRR3050991/SRR3050991_2.fastq.gz	SAMN04357642	1034344	s
SRR3051028	PAIRED	https://ftp.sra.ebi.ac.uk/vol1/fastq/SRR305/008/SRR3051028/SRR3051028_1.fastq.gz	https://ftp.sra.ebi.ac.uk/vol1/fastq/SRR305/008/SRR3051028/SRR3051028_2.fastq.gz	SAMN04357679	1670187	s
SRR3051039	PAIRED	https://ftp.sra.ebi.ac.uk/vol1/fastq/SRR305/009/SRR3051039/SRR3051039_1.fastq.gz	https://ftp.sra.ebi.ac.uk/vol1/fastq/SRR305/009/SRR3051039/SRR3051039_2.fastq.gz	SAMN04357690	1330745	s
SRR3051040	PAIRED	https://ftp.sra.ebi.ac.uk/vol1/fastq/SRR305/000/SRR3051040/SRR3051040_1.fastq.gz	https://ftp.sra.ebi.ac.uk/vol1/fastq/SRR305/000/SRR3051040/SRR3051040_2.fastq.gz	SAMN04357691	1154071	r
SRR3051041	PAIRED	https://ftp.sra.ebi.ac.uk/vol1/fastq/SRR305/001/SRR3051041/SRR3051041_1.fastq.gz	https://ftp.sra.ebi.ac.uk/vol1/fastq/SRR305/001/SRR3051041/SRR3051041_2.fastq.gz	SAMN04357692	1769643	r
SRR3051042	PAIRED	https://ftp.sra.ebi.ac.uk/vol1/fastq/SRR305/002/SRR3051042/SRR3051042_1.fastq.gz	https://ftp.sra.ebi.ac.uk/vol1/fastq/SRR305/002/SRR3051042/SRR3051042_2.fastq.gz	SAMN04357693	1400158	r
SRR3051047	PAIRED	https://ftp.sra.ebi.ac.uk/vol1/fastq/SRR305/007/SRR3051047/SRR3051047_1.fastq.gz	https://ftp.sra.ebi.ac.uk/vol1/fastq/SRR305/007/SRR3051047/SRR3051047_2.fastq.gz	SAMN04357698	1135889	r
SRR3051053	PAIRED	https://ftp.sra.ebi.ac.uk/vol1/fastq/SRR305/003/SRR3051053/SRR3051053_1.fastq.gz	https://ftp.sra.ebi.ac.uk/vol1/fastq/SRR305/003/SRR3051053/SRR3051053_2.fastq.gz	SAMN04357704	1052868	r
SRR3051079	PAIRED	https://ftp.sra.ebi.ac.uk/vol1/fastq/SRR305/009/SRR3051079/SRR3051079_1.fastq.gz	https://ftp.sra.ebi.ac.uk/vol1/fastq/SRR305/009/SRR3051079/SRR3051079_2.fastq.gz	SAMN04357730	1228293	r
SRR3051083	PAIRED	https://ftp.sra.ebi.ac.uk/vol1/fastq/SRR305/003/SRR3051083/SRR3051083_1.fastq.gz	https://ftp.sra.ebi.ac.uk/vol1/fastq/SRR305/003/SRR3051083/SRR3051083_2.fastq.gz	SAMN04357734	1323858	s
SRR3051085	PAIRED	https://ftp.sra.ebi.ac.uk/vol1/fastq/SRR305/005/SRR3051085/SRR3051085_1.fastq.gz	https://ftp.sra.ebi.ac.uk/vol1/fastq/SRR305/005/SRR3051085/SRR3051085_2.fastq.gz	SAMN04357736	1834473	s
SRR3057122	PAIRED	https://ftp.sra.ebi.ac.uk/vol1/fastq/SRR305/002/SRR3057122/SRR3057122_1.fastq.gz	https://ftp.sra.ebi.ac.uk/vol1/fastq/SRR305/002/SRR3057122/SRR3057122_2.fastq.gz	SAMN04339724	550237	s
SRR3057126	PAIRED	https://ftp.sra.ebi.ac.uk/vol1/fastq/SRR305/006/SRR3057126/SRR3057126_1.fastq.gz	https://ftp.sra.ebi.ac.uk/vol1/fastq/SRR305/006/SRR3057126/SRR3057126_2.fastq.gz	SAMN04339728	454435	r
SRR3057133	PAIRED	https://ftp.sra.ebi.ac.uk/vol1/fastq/SRR305/003/SRR3057133/SRR3057133_1.fastq.gz	https://ftp.sra.ebi.ac.uk/vol1/fastq/SRR305/003/SRR3057133/SRR3057133_2.fastq.gz	SAMN04339718	1339308	r
SRR3057134	PAIRED	https://ftp.sra.ebi.ac.uk/vol1/fastq/SRR305/004/SRR3057134/SRR3057134_1.fastq.gz	https://ftp.sra.ebi.ac.uk/vol1/fastq/SRR305/004/SRR3057134/SRR3057134_2.fastq.gz	SAMN04339719	1358300	r
SRR3095382	PAIRED	https://ftp.sra.ebi.ac.uk/vol1/fastq/SRR309/002/SRR3095382/SRR3095382_1.fastq.gz	https://ftp.sra.ebi.ac.uk/vol1/fastq/SRR309/002/SRR3095382/SRR3095382_2.fastq.gz	SAMN04393398	963279	r
SRR3095388	PAIRED	https://ftp.sra.ebi.ac.uk/vol1/fastq/SRR309/008/SRR3095388/SRR3095388_1.fastq.gz	https://ftp.sra.ebi.ac.uk/vol1/fastq/SRR309/008/SRR3095388/SRR3095388_2.fastq.gz	SAMN04393391	1394933	r
SRR31121263	PAIRED	https://ftp.sra.ebi.ac.uk/vol1/fastq/SRR311/063/SRR31121263/SRR31121263_1.fastq.gz	https://ftp.sra.ebi.ac.uk/vol1/fastq/SRR311/063/SRR31121263/SRR31121263_2.fastq.gz	SAMN43564626	1339896	r
SRR31121269	PAIRED	https://ftp.sra.ebi.ac.uk/vol1/fastq/SRR311/069/SRR31121269/SRR31121269_1.fastq.gz	https://ftp.sra.ebi.ac.uk/vol1/fastq/SRR311/069/SRR31121269/SRR31121269_2.fastq.gz	SAMN43564595	1321541	s
SRR31121273	PAIRED	https://ftp.sra.ebi.ac.uk/vol1/fastq/SRR311/073/SRR31121273/SRR31121273_1.fastq.gz	https://ftp.sra.ebi.ac.uk/vol1/fastq/SRR311/073/SRR31121273/SRR31121273_2.fastq.gz	SAMN43564518	1485033	r
SRR31121288	PAIRED	https://ftp.sra.ebi.ac.uk/vol1/fastq/SRR311/088/SRR31121288/SRR31121288_1.fastq.gz	https://ftp.sra.ebi.ac.uk/vol1/fastq/SRR311/088/SRR31121288/SRR31121288_2.fastq.gz	SAMN43563533	1821936	s
SRR31121294	PAIRED	https://ftp.sra.ebi.ac.uk/vol1/fastq/SRR311/094/SRR31121294/SRR31121294_1.fastq.gz	https://ftp.sra.ebi.ac.uk/vol1/fastq/SRR311/094/SRR31121294/SRR31121294_2.fastq.gz	SAMN43563616	640873	r
SRR31121351	PAIRED	https://ftp.sra.ebi.ac.uk/vol1/fastq/SRR311/051/SRR31121351/SRR31121351_1.fastq.gz	https://ftp.sra.ebi.ac.uk/vol1/fastq/SRR311/051/SRR31121351/SRR31121351_2.fastq.gz	SAMN43563260	1277836	s
SRR31121361	PAIRED	https://ftp.sra.ebi.ac.uk/vol1/fastq/SRR311/061/SRR31121361/SRR31121361_1.fastq.gz	https://ftp.sra.ebi.ac.uk/vol1/fastq/SRR311/061/SRR31121361/SRR31121361_2.fastq.gz	SAMN43563234	2137850	s
SRR31121369	PAIRED	https://ftp.sra.ebi.ac.uk/vol1/fastq/SRR311/069/SRR31121369/SRR31121369_1.fastq.gz	https://ftp.sra.ebi.ac.uk/vol1/fastq/SRR311/069/SRR31121369/SRR31121369_2.fastq.gz	SAMN43563912	1310391	s
SRR31121385	PAIRED	https://ftp.sra.ebi.ac.uk/vol1/fastq/SRR311/085/SRR31121385/SRR31121385_1.fastq.gz	https://ftp.sra.ebi.ac.uk/vol1/fastq/SRR311/085/SRR31121385/SRR31121385_2.fastq.gz	SAMN43563255	843411	s
SRR31121402	PAIRED	https://ftp.sra.ebi.ac.uk/vol1/fastq/SRR311/002/SRR31121402/SRR31121402_1.fastq.gz	https://ftp.sra.ebi.ac.uk/vol1/fastq/SRR311/002/SRR31121402/SRR31121402_2.fastq.gz	SAMN43563387	1303867	s
SRR31121405	PAIRED	https://ftp.sra.ebi.ac.uk/vol1/fastq/SRR311/005/SRR31121405/SRR31121405_1.fastq.gz	https://ftp.sra.ebi.ac.uk/vol1/fastq/SRR311/005/SRR31121405/SRR31121405_2.fastq.gz	SAMN43564003	1234476	r
SRR31121409	PAIRED	https://ftp.sra.ebi.ac.uk/vol1/fastq/SRR311/009/SRR31121409/SRR31121409_1.fastq.gz	https://ftp.sra.ebi.ac.uk/vol1/fastq/SRR311/009/SRR31121409/SRR31121409_2.fastq.gz	SAMN43563391	1428471	s
SRR31121451	PAIRED	https://ftp.sra.ebi.ac.uk/vol1/fastq/SRR311/051/SRR31121451/SRR31121451_1.fastq.gz	https://ftp.sra.ebi.ac.uk/vol1/fastq/SRR311/051/SRR31121451/SRR31121451_2.fastq.gz	SAMN43563328	2473007	r
SRR31121471	PAIRED	https://ftp.sra.ebi.ac.uk/vol1/fastq/SRR311/071/SRR31121471/SRR31121471_1.fastq.gz	https://ftp.sra.ebi.ac.uk/vol1/fastq/SRR311/071/SRR31121471/SRR31121471_2.fastq.gz	SAMN43563069	1364420	s
SRR31121485	PAIRED	https://ftp.sra.ebi.ac.uk/vol1/fastq/SRR311/085/SRR31121485/SRR31121485_1.fastq.gz	https://ftp.sra.ebi.ac.uk/vol1/fastq/SRR311/085/SRR31121485/SRR31121485_2.fastq.gz	SAMN43562919	1815903	s
SRR31121487	PAIRED	https://ftp.sra.ebi.ac.uk/vol1/fastq/SRR311/087/SRR31121487/SRR31121487_1.fastq.gz	https://ftp.sra.ebi.ac.uk/vol1/fastq/SRR311/087/SRR31121487/SRR31121487_2.fastq.gz	SAMN43562934	1669107	r
SRR31121492	PAIRED	https://ftp.sra.ebi.ac.uk/vol1/fastq/SRR311/092/SRR31121492/SRR31121492_1.fastq.gz	https://ftp.sra.ebi.ac.uk/vol1/fastq/SRR311/092/SRR31121492/SRR31121492_2.fastq.gz	SAMN43562929	1234561	s
SRR31121493	PAIRED	https://ftp.sra.ebi.ac.uk/vol1/fastq/SRR311/093/SRR31121493/SRR31121493_1.fastq.gz	https://ftp.sra.ebi.ac.uk/vol1/fastq/SRR311/093/SRR31121493/SRR31121493_2.fastq.gz	SAMN43562923	1071142	r
SRR31121575	PAIRED	https://ftp.sra.ebi.ac.uk/vol1/fastq/SRR311/075/SRR31121575/SRR31121575_1.fastq.gz	https://ftp.sra.ebi.ac.uk/vol1/fastq/SRR311/075/SRR31121575/SRR31121575_2.fastq.gz	SAMN43563202	1713030	s
SRR31121579	PAIRED	https://ftp.sra.ebi.ac.uk/vol1/fastq/SRR311/079/SRR31121579/SRR31121579_1.fastq.gz	https://ftp.sra.ebi.ac.uk/vol1/fastq/SRR311/079/SRR31121579/SRR31121579_2.fastq.gz	SAMN43563192	2371009	s
SRR31121580	PAIRED	https://ftp.sra.ebi.ac.uk/vol1/fastq/SRR311/080/SRR31121580/SRR31121580_1.fastq.gz	https://ftp.sra.ebi.ac.uk/vol1/fastq/SRR311/080/SRR31121580/SRR31121580_2.fastq.gz	SAMN43563203	2119417	s
SRR31121581	PAIRED	https://ftp.sra.ebi.ac.uk/vol1/fastq/SRR311/081/SRR31121581/SRR31121581_1.fastq.gz	https://ftp.sra.ebi.ac.uk/vol1/fastq/SRR311/081/SRR31121581/SRR31121581_2.fastq.gz	SAMN43563194	2145219	s
SRR31121643	PAIRED	https://ftp.sra.ebi.ac.uk/vol1/fastq/SRR311/043/SRR31121643/SRR31121643_1.fastq.gz	https://ftp.sra.ebi.ac.uk/vol1/fastq/SRR311/043/SRR31121643/SRR31121643_2.fastq.gz	SAMN43562906	1846266	s
SRR31121646	PAIRED	https://ftp.sra.ebi.ac.uk/vol1/fastq/SRR311/046/SRR31121646/SRR31121646_1.fastq.gz	https://ftp.sra.ebi.ac.uk/vol1/fastq/SRR311/046/SRR31121646/SRR31121646_2.fastq.gz	SAMN43562916	1837472	r
SRR31121649	PAIRED	https://ftp.sra.ebi.ac.uk/vol1/fastq/SRR311/049/SRR31121649/SRR31121649_1.fastq.gz	https://ftp.sra.ebi.ac.uk/vol1/fastq/SRR311/049/SRR31121649/SRR31121649_2.fastq.gz	SAMN43562895	1609554	s
SRR31121653	PAIRED	https://ftp.sra.ebi.ac.uk/vol1/fastq/SRR311/053/SRR31121653/SRR31121653_1.fastq.gz	https://ftp.sra.ebi.ac.uk/vol1/fastq/SRR311/053/SRR31121653/SRR31121653_2.fastq.gz	SAMN43563480	1139058	r
SRR31121667	PAIRED	https://ftp.sra.ebi.ac.uk/vol1/fastq/SRR311/067/SRR31121667/SRR31121667_1.fastq.gz	https://ftp.sra.ebi.ac.uk/vol1/fastq/SRR311/067/SRR31121667/SRR31121667_2.fastq.gz	SAMN43562771	1717889	r
SRR31121668	PAIRED	https://ftp.sra.ebi.ac.uk/vol1/fastq/SRR311/068/SRR31121668/SRR31121668_1.fastq.gz	https://ftp.sra.ebi.ac.uk/vol1/fastq/SRR311/068/SRR31121668/SRR31121668_2.fastq.gz	SAMN43563342	891769	r
SRR31121678	PAIRED	https://ftp.sra.ebi.ac.uk/vol1/fastq/SRR311/078/SRR31121678/SRR31121678_1.fastq.gz	https://ftp.sra.ebi.ac.uk/vol1/fastq/SRR311/078/SRR31121678/SRR31121678_2.fastq.gz	SAMN43562789	1822935	r
SRR31121680	PAIRED	https://ftp.sra.ebi.ac.uk/vol1/fastq/SRR311/080/SRR31121680/SRR31121680_1.fastq.gz	https://ftp.sra.ebi.ac.uk/vol1/fastq/SRR311/080/SRR31121680/SRR31121680_2.fastq.gz	SAMN43563478	1078858	r
SRR31121686	PAIRED	https://ftp.sra.ebi.ac.uk/vol1/fastq/SRR311/086/SRR31121686/SRR31121686_1.fastq.gz	https://ftp.sra.ebi.ac.uk/vol1/fastq/SRR311/086/SRR31121686/SRR31121686_2.fastq.gz	SAMN43562982	946250	r
SRR31121687	PAIRED	https://ftp.sra.ebi.ac.uk/vol1/fastq/SRR311/087/SRR31121687/SRR31121687_1.fastq.gz	https://ftp.sra.ebi.ac.uk/vol1/fastq/SRR311/087/SRR31121687/SRR31121687_2.fastq.gz	SAMN43563097	1328833	r
SRR31121694	PAIRED	https://ftp.sra.ebi.ac.uk/vol1/fastq/SRR311/094/SRR31121694/SRR31121694_1.fastq.gz	https://ftp.sra.ebi.ac.uk/vol1/fastq/SRR311/094/SRR31121694/SRR31121694_2.fastq.gz	SAMN43563149	1290506	r
SRR31121706	PAIRED	https://ftp.sra.ebi.ac.uk/vol1/fastq/SRR311/006/SRR31121706/SRR31121706_1.fastq.gz	https://ftp.sra.ebi.ac.uk/vol1/fastq/SRR311/006/SRR31121706/SRR31121706_2.fastq.gz	SAMN43563285	979819	r
SRR31121708	PAIRED	https://ftp.sra.ebi.ac.uk/vol1/fastq/SRR311/008/SRR31121708/SRR31121708_1.fastq.gz	https://ftp.sra.ebi.ac.uk/vol1/fastq/SRR311/008/SRR31121708/SRR31121708_2.fastq.gz	SAMN43564958	2303757	s
SRR31121709	PAIRED	https://ftp.sra.ebi.ac.uk/vol1/fastq/SRR311/009/SRR31121709/SRR31121709_1.fastq.gz	https://ftp.sra.ebi.ac.uk/vol1/fastq/SRR311/009/SRR31121709/SRR31121709_2.fastq.gz	SAMN43564949	2289155	s
SRR31121710	PAIRED	https://ftp.sra.ebi.ac.uk/vol1/fastq/SRR311/010/SRR31121710/SRR31121710_1.fastq.gz	https://ftp.sra.ebi.ac.uk/vol1/fastq/SRR311/010/SRR31121710/SRR31121710_2.fastq.gz	SAMN43564573	1012499	r
SRR31121716	PAIRED	https://ftp.sra.ebi.ac.uk/vol1/fastq/SRR311/016/SRR31121716/SRR31121716_1.fastq.gz	https://ftp.sra.ebi.ac.uk/vol1/fastq/SRR311/016/SRR31121716/SRR31121716_2.fastq.gz	SAMN43564576	1130438	r
SRR31121722	PAIRED	https://ftp.sra.ebi.ac.uk/vol1/fastq/SRR311/022/SRR31121722/SRR31121722_1.fastq.gz	https://ftp.sra.ebi.ac.uk/vol1/fastq/SRR311/022/SRR31121722/SRR31121722_2.fastq.gz	SAMN43564696	1101931	s
SRR31121723	PAIRED	https://ftp.sra.ebi.ac.uk/vol1/fastq/SRR311/023/SRR31121723/SRR31121723_1.fastq.gz	https://ftp.sra.ebi.ac.uk/vol1/fastq/SRR311/023/SRR31121723/SRR31121723_2.fastq.gz	SAMN43564392	1110374	s
SRR31121724	PAIRED	https://ftp.sra.ebi.ac.uk/vol1/fastq/SRR311/024/SRR31121724/SRR31121724_1.fastq.gz	https://ftp.sra.ebi.ac.uk/vol1/fastq/SRR311/024/SRR31121724/SRR31121724_2.fastq.gz	SAMN43564492	1833474	s
SRR31121733	PAIRED	https://ftp.sra.ebi.ac.uk/vol1/fastq/SRR311/033/SRR31121733/SRR31121733_1.fastq.gz	https://ftp.sra.ebi.ac.uk/vol1/fastq/SRR311/033/SRR31121733/SRR31121733_2.fastq.gz	SAMN43564460	1718825	s
SRR31121735	PAIRED	https://ftp.sra.ebi.ac.uk/vol1/fastq/SRR311/035/SRR31121735/SRR31121735_1.fastq.gz	https://ftp.sra.ebi.ac.uk/vol1/fastq/SRR311/035/SRR31121735/SRR31121735_2.fastq.gz	SAMN43563363	1778482	s
SRR31121736	PAIRED	https://ftp.sra.ebi.ac.uk/vol1/fastq/SRR311/036/SRR31121736/SRR31121736_1.fastq.gz	https://ftp.sra.ebi.ac.uk/vol1/fastq/SRR311/036/SRR31121736/SRR31121736_2.fastq.gz	SAMN43563281	1889645	s
SRR31121738	PAIRED	https://ftp.sra.ebi.ac.uk/vol1/fastq/SRR311/038/SRR31121738/SRR31121738_1.fastq.gz	https://ftp.sra.ebi.ac.uk/vol1/fastq/SRR311/038/SRR31121738/SRR31121738_2.fastq.gz	SAMN43563065	1612224	r
SRR31121751	PAIRED	https://ftp.sra.ebi.ac.uk/vol1/fastq/SRR311/051/SRR31121751/SRR31121751_1.fastq.gz	https://ftp.sra.ebi.ac.uk/vol1/fastq/SRR311/051/SRR31121751/SRR31121751_2.fastq.gz	SAMN43564909	942668	r
SRR31121780	PAIRED	https://ftp.sra.ebi.ac.uk/vol1/fastq/SRR311/080/SRR31121780/SRR31121780_1.fastq.gz	https://ftp.sra.ebi.ac.uk/vol1/fastq/SRR311/080/SRR31121780/SRR31121780_2.fastq.gz	SAMN43564843	893089	r
SRR31121797	PAIRED	https://ftp.sra.ebi.ac.uk/vol1/fastq/SRR311/097/SRR31121797/SRR31121797_1.fastq.gz	https://ftp.sra.ebi.ac.uk/vol1/fastq/SRR311/097/SRR31121797/SRR31121797_2.fastq.gz	SAMN43563802	1020218	s
SRR31121862	PAIRED	https://ftp.sra.ebi.ac.uk/vol1/fastq/SRR311/062/SRR31121862/SRR31121862_1.fastq.gz	https://ftp.sra.ebi.ac.uk/vol1/fastq/SRR311/062/SRR31121862/SRR31121862_2.fastq.gz	SAMN43563032	1512171	r
SRR31121868	PAIRED	https://ftp.sra.ebi.ac.uk/vol1/fastq/SRR311/068/SRR31121868/SRR31121868_1.fastq.gz	https://ftp.sra.ebi.ac.uk/vol1/fastq/SRR311/068/SRR31121868/SRR31121868_2.fastq.gz	SAMN43564557	1408350	r
SRR31121874	PAIRED	https://ftp.sra.ebi.ac.uk/vol1/fastq/SRR311/074/SRR31121874/SRR31121874_1.fastq.gz	https://ftp.sra.ebi.ac.uk/vol1/fastq/SRR311/074/SRR31121874/SRR31121874_2.fastq.gz	SAMN43565188	1378381	s
SRR31121880	PAIRED	https://ftp.sra.ebi.ac.uk/vol1/fastq/SRR311/080/SRR31121880/SRR31121880_1.fastq.gz	https://ftp.sra.ebi.ac.uk/vol1/fastq/SRR311/080/SRR31121880/SRR31121880_2.fastq.gz	SAMN43565117	1143502	s
SRR31121904	PAIRED	https://ftp.sra.ebi.ac.uk/vol1/fastq/SRR311/004/SRR31121904/SRR31121904_1.fastq.gz	https://ftp.sra.ebi.ac.uk/vol1/fastq/SRR311/004/SRR31121904/SRR31121904_2.fastq.gz	SAMN43563566	1170141	s
SRR31121918	PAIRED	https://ftp.sra.ebi.ac.uk/vol1/fastq/SRR311/018/SRR31121918/SRR31121918_1.fastq.gz	https://ftp.sra.ebi.ac.uk/vol1/fastq/SRR311/018/SRR31121918/SRR31121918_2.fastq.gz	SAMN43564554	1442852	r
SRR31121921	PAIRED	https://ftp.sra.ebi.ac.uk/vol1/fastq/SRR311/021/SRR31121921/SRR31121921_1.fastq.gz	https://ftp.sra.ebi.ac.uk/vol1/fastq/SRR311/021/SRR31121921/SRR31121921_2.fastq.gz	SAMN43564458	1044838	s
SRR31121929	PAIRED	https://ftp.sra.ebi.ac.uk/vol1/fastq/SRR311/029/SRR31121929/SRR31121929_1.fastq.gz	https://ftp.sra.ebi.ac.uk/vol1/fastq/SRR311/029/SRR31121929/SRR31121929_2.fastq.gz	SAMN43564531	1115704	r
SRR31121932	PAIRED	https://ftp.sra.ebi.ac.uk/vol1/fastq/SRR311/032/SRR31121932/SRR31121932_1.fastq.gz	https://ftp.sra.ebi.ac.uk/vol1/fastq/SRR311/032/SRR31121932/SRR31121932_2.fastq.gz	SAMN43564188	1265615	s
SRR31121935	PAIRED	https://ftp.sra.ebi.ac.uk/vol1/fastq/SRR311/035/SRR31121935/SRR31121935_1.fastq.gz	https://ftp.sra.ebi.ac.uk/vol1/fastq/SRR311/035/SRR31121935/SRR31121935_2.fastq.gz	SAMN43563539	1029717	r
SRR31121952	PAIRED	https://ftp.sra.ebi.ac.uk/vol1/fastq/SRR311/052/SRR31121952/SRR31121952_1.fastq.gz	https://ftp.sra.ebi.ac.uk/vol1/fastq/SRR311/052/SRR31121952/SRR31121952_2.fastq.gz	SAMN43563988	1388363	r
SRR31121958	PAIRED	https://ftp.sra.ebi.ac.uk/vol1/fastq/SRR311/058/SRR31121958/SRR31121958_1.fastq.gz	https://ftp.sra.ebi.ac.uk/vol1/fastq/SRR311/058/SRR31121958/SRR31121958_2.fastq.gz	SAMN43563856	1092530	s
SRR31121964	PAIRED	https://ftp.sra.ebi.ac.uk/vol1/fastq/SRR311/064/SRR31121964/SRR31121964_1.fastq.gz	https://ftp.sra.ebi.ac.uk/vol1/fastq/SRR311/064/SRR31121964/SRR31121964_2.fastq.gz	SAMN43563831	944063	s
SRR31121983	PAIRED	https://ftp.sra.ebi.ac.uk/vol1/fastq/SRR311/083/SRR31121983/SRR31121983_1.fastq.gz	https://ftp.sra.ebi.ac.uk/vol1/fastq/SRR311/083/SRR31121983/SRR31121983_2.fastq.gz	SAMN43564747	1206487	r
SRR31121994	PAIRED	https://ftp.sra.ebi.ac.uk/vol1/fastq/SRR311/094/SRR31121994/SRR31121994_1.fastq.gz	https://ftp.sra.ebi.ac.uk/vol1/fastq/SRR311/094/SRR31121994/SRR31121994_2.fastq.gz	SAMN43564682	1512607	s
SRR31121995	PAIRED	https://ftp.sra.ebi.ac.uk/vol1/fastq/SRR311/095/SRR31121995/SRR31121995_1.fastq.gz	https://ftp.sra.ebi.ac.uk/vol1/fastq/SRR311/095/SRR31121995/SRR31121995_2.fastq.gz	SAMN43564677	1571545	r
SRR31122008	PAIRED	https://ftp.sra.ebi.ac.uk/vol1/fastq/SRR311/008/SRR31122008/SRR31122008_1.fastq.gz	https://ftp.sra.ebi.ac.uk/vol1/fastq/SRR311/008/SRR31122008/SRR31122008_2.fastq.gz	SAMN43564254	1521597	r
SRR31122010	PAIRED	https://ftp.sra.ebi.ac.uk/vol1/fastq/SRR311/010/SRR31122010/SRR31122010_1.fastq.gz	https://ftp.sra.ebi.ac.uk/vol1/fastq/SRR311/010/SRR31122010/SRR31122010_2.fastq.gz	SAMN43564420	1239769	r
SRR31122016	PAIRED	https://ftp.sra.ebi.ac.uk/vol1/fastq/SRR311/016/SRR31122016/SRR31122016_1.fastq.gz	https://ftp.sra.ebi.ac.uk/vol1/fastq/SRR311/016/SRR31122016/SRR31122016_2.fastq.gz	SAMN43564400	1145406	r
SRR31122038	PAIRED	https://ftp.sra.ebi.ac.uk/vol1/fastq/SRR311/038/SRR31122038/SRR31122038_1.fastq.gz	https://ftp.sra.ebi.ac.uk/vol1/fastq/SRR311/038/SRR31122038/SRR31122038_2.fastq.gz	SAMN43563169	1143872	r
SRR31122055	PAIRED	https://ftp.sra.ebi.ac.uk/vol1/fastq/SRR311/055/SRR31122055/SRR31122055_1.fastq.gz	https://ftp.sra.ebi.ac.uk/vol1/fastq/SRR311/055/SRR31122055/SRR31122055_2.fastq.gz	SAMN43563974	1285332	r
SRR31122061	PAIRED	https://ftp.sra.ebi.ac.uk/vol1/fastq/SRR311/061/SRR31122061/SRR31122061_1.fastq.gz	https://ftp.sra.ebi.ac.uk/vol1/fastq/SRR311/061/SRR31122061/SRR31122061_2.fastq.gz	SAMN43563288	1254721	s
SRR31122071	PAIRED	https://ftp.sra.ebi.ac.uk/vol1/fastq/SRR311/071/SRR31122071/SRR31122071_1.fastq.gz	https://ftp.sra.ebi.ac.uk/vol1/fastq/SRR311/071/SRR31122071/SRR31122071_2.fastq.gz	SAMN43563109	1641584	s
SRR31122072	PAIRED	https://ftp.sra.ebi.ac.uk/vol1/fastq/SRR311/072/SRR31122072/SRR31122072_1.fastq.gz	https://ftp.sra.ebi.ac.uk/vol1/fastq/SRR311/072/SRR31122072/SRR31122072_2.fastq.gz	SAMN43563127	1081981	s
SRR31122095	PAIRED	https://ftp.sra.ebi.ac.uk/vol1/fastq/SRR311/095/SRR31122095/SRR31122095_1.fastq.gz	https://ftp.sra.ebi.ac.uk/vol1/fastq/SRR311/095/SRR31122095/SRR31122095_2.fastq.gz	SAMN43563337	982870	s
SRR31122127	PAIRED	https://ftp.sra.ebi.ac.uk/vol1/fastq/SRR311/027/SRR31122127/SRR31122127_1.fastq.gz	https://ftp.sra.ebi.ac.uk/vol1/fastq/SRR311/027/SRR31122127/SRR31122127_2.fastq.gz	SAMN43563493	1614352	r
SRR31122129	PAIRED	https://ftp.sra.ebi.ac.uk/vol1/fastq/SRR311/029/SRR31122129/SRR31122129_1.fastq.gz	https://ftp.sra.ebi.ac.uk/vol1/fastq/SRR311/029/SRR31122129/SRR31122129_2.fastq.gz	SAMN43563591	844347	r
SRR31122142	PAIRED	https://ftp.sra.ebi.ac.uk/vol1/fastq/SRR311/042/SRR31122142/SRR31122142_1.fastq.gz	https://ftp.sra.ebi.ac.uk/vol1/fastq/SRR311/042/SRR31122142/SRR31122142_2.fastq.gz	SAMN43563366	1114145	s
SRR31122175	PAIRED	https://ftp.sra.ebi.ac.uk/vol1/fastq/SRR311/075/SRR31122175/SRR31122175_1.fastq.gz	https://ftp.sra.ebi.ac.uk/vol1/fastq/SRR311/075/SRR31122175/SRR31122175_2.fastq.gz	SAMN43562782	1010888	r
SRR31122179	PAIRED	https://ftp.sra.ebi.ac.uk/vol1/fastq/SRR311/079/SRR31122179/SRR31122179_1.fastq.gz	https://ftp.sra.ebi.ac.uk/vol1/fastq/SRR311/079/SRR31122179/SRR31122179_2.fastq.gz	SAMN43562751	1785102	r
SRR31122194	PAIRED	https://ftp.sra.ebi.ac.uk/vol1/fastq/SRR311/094/SRR31122194/SRR31122194_1.fastq.gz	https://ftp.sra.ebi.ac.uk/vol1/fastq/SRR311/094/SRR31122194/SRR31122194_2.fastq.gz	SAMN43562779	1683720	r
SRR31122200	PAIRED	https://ftp.sra.ebi.ac.uk/vol1/fastq/SRR311/000/SRR31122200/SRR31122200_1.fastq.gz	https://ftp.sra.ebi.ac.uk/vol1/fastq/SRR311/000/SRR31122200/SRR31122200_2.fastq.gz	SAMN43563226	1453321	s
SRR31122202	PAIRED	https://ftp.sra.ebi.ac.uk/vol1/fastq/SRR311/002/SRR31122202/SRR31122202_1.fastq.gz	https://ftp.sra.ebi.ac.uk/vol1/fastq/SRR311/002/SRR31122202/SRR31122202_2.fastq.gz	SAMN43563305	1332974	r
SRR31122206	PAIRED	https://ftp.sra.ebi.ac.uk/vol1/fastq/SRR311/006/SRR31122206/SRR31122206_1.fastq.gz	https://ftp.sra.ebi.ac.uk/vol1/fastq/SRR311/006/SRR31122206/SRR31122206_2.fastq.gz	SAMN43563118	1616934	i
SRR31122210	PAIRED	https://ftp.sra.ebi.ac.uk/vol1/fastq/SRR311/010/SRR31122210/SRR31122210_1.fastq.gz	https://ftp.sra.ebi.ac.uk/vol1/fastq/SRR311/010/SRR31122210/SRR31122210_2.fastq.gz	SAMN43563011	1253338	r
SRR31122215	PAIRED	https://ftp.sra.ebi.ac.uk/vol1/fastq/SRR311/015/SRR31122215/SRR31122215_1.fastq.gz	https://ftp.sra.ebi.ac.uk/vol1/fastq/SRR311/015/SRR31122215/SRR31122215_2.fastq.gz	SAMN43563217	1434837	s
SRR31122224	PAIRED	https://ftp.sra.ebi.ac.uk/vol1/fastq/SRR311/024/SRR31122224/SRR31122224_1.fastq.gz	https://ftp.sra.ebi.ac.uk/vol1/fastq/SRR311/024/SRR31122224/SRR31122224_2.fastq.gz	SAMN43563301	1369364	r
SRR31122231	PAIRED	https://ftp.sra.ebi.ac.uk/vol1/fastq/SRR311/031/SRR31122231/SRR31122231_1.fastq.gz	https://ftp.sra.ebi.ac.uk/vol1/fastq/SRR311/031/SRR31122231/SRR31122231_2.fastq.gz	SAMN43564896	1402079	r
SRR31122245	PAIRED	https://ftp.sra.ebi.ac.uk/vol1/fastq/SRR311/045/SRR31122245/SRR31122245_1.fastq.gz	https://ftp.sra.ebi.ac.uk/vol1/fastq/SRR311/045/SRR31122245/SRR31122245_2.fastq.gz	SAMN43564981	1140271	s
SRR3112266	PAIRED	https://ftp.sra.ebi.ac.uk/vol1/fastq/SRR311/006/SRR3112266/SRR3112266_1.fastq.gz	https://ftp.sra.ebi.ac.uk/vol1/fastq/SRR311/006/SRR3112266/SRR3112266_2.fastq.gz	SAMN04014856	2404120	r
SRR3112315	PAIRED	https://ftp.sra.ebi.ac.uk/vol1/fastq/SRR311/005/SRR3112315/SRR3112315_1.fastq.gz	https://ftp.sra.ebi.ac.uk/vol1/fastq/SRR311/005/SRR3112315/SRR3112315_2.fastq.gz	SAMN04014889	2897197	r
SRR3112329	PAIRED	https://ftp.sra.ebi.ac.uk/vol1/fastq/SRR311/009/SRR3112329/SRR3112329_1.fastq.gz	https://ftp.sra.ebi.ac.uk/vol1/fastq/SRR311/009/SRR3112329/SRR3112329_2.fastq.gz	SAMN04014922	3153609	r
SRR31139370	PAIRED	https://ftp.sra.ebi.ac.uk/vol1/fastq/SRR311/070/SRR31139370/SRR31139370_1.fastq.gz	https://ftp.sra.ebi.ac.uk/vol1/fastq/SRR311/070/SRR31139370/SRR31139370_2.fastq.gz	SAMN43563020	1933043	s
SRR31139371	PAIRED	https://ftp.sra.ebi.ac.uk/vol1/fastq/SRR311/071/SRR31139371/SRR31139371_1.fastq.gz	https://ftp.sra.ebi.ac.uk/vol1/fastq/SRR311/071/SRR31139371/SRR31139371_2.fastq.gz	SAMN43563003	2095030	s
SRR31139640	PAIRED	https://ftp.sra.ebi.ac.uk/vol1/fastq/SRR311/040/SRR31139640/SRR31139640_1.fastq.gz	https://ftp.sra.ebi.ac.uk/vol1/fastq/SRR311/040/SRR31139640/SRR31139640_2.fastq.gz	SAMN43564992	1690885	s
SRR31139642	PAIRED	https://ftp.sra.ebi.ac.uk/vol1/fastq/SRR311/042/SRR31139642/SRR31139642_1.fastq.gz	https://ftp.sra.ebi.ac.uk/vol1/fastq/SRR311/042/SRR31139642/SRR31139642_2.fastq.gz	SAMN43564969	1305767	s
SRR31139728	PAIRED	https://ftp.sra.ebi.ac.uk/vol1/fastq/SRR311/028/SRR31139728/SRR31139728_1.fastq.gz	https://ftp.sra.ebi.ac.uk/vol1/fastq/SRR311/028/SRR31139728/SRR31139728_2.fastq.gz	SAMN43565074	1969864	s
SRR31139759	PAIRED	https://ftp.sra.ebi.ac.uk/vol1/fastq/SRR311/059/SRR31139759/SRR31139759_1.fastq.gz	https://ftp.sra.ebi.ac.uk/vol1/fastq/SRR311/059/SRR31139759/SRR31139759_2.fastq.gz	SAMN43564685	1216057	s
SRR31139760	PAIRED	https://ftp.sra.ebi.ac.uk/vol1/fastq/SRR311/060/SRR31139760/SRR31139760_1.fastq.gz	https://ftp.sra.ebi.ac.uk/vol1/fastq/SRR311/060/SRR31139760/SRR31139760_2.fastq.gz	SAMN43565180	1427185	r
SRR31139769	PAIRED	https://ftp.sra.ebi.ac.uk/vol1/fastq/SRR311/069/SRR31139769/SRR31139769_1.fastq.gz	https://ftp.sra.ebi.ac.uk/vol1/fastq/SRR311/069/SRR31139769/SRR31139769_2.fastq.gz	SAMN43565152	1695019	s
SRR31139792	PAIRED	https://ftp.sra.ebi.ac.uk/vol1/fastq/SRR311/092/SRR31139792/SRR31139792_1.fastq.gz	https://ftp.sra.ebi.ac.uk/vol1/fastq/SRR311/092/SRR31139792/SRR31139792_2.fastq.gz	SAMN43565111	1540090	r
SRR31139803	PAIRED	https://ftp.sra.ebi.ac.uk/vol1/fastq/SRR311/003/SRR31139803/SRR31139803_1.fastq.gz	https://ftp.sra.ebi.ac.uk/vol1/fastq/SRR311/003/SRR31139803/SRR31139803_2.fastq.gz	SAMN43565105	1489635	r
SRR31139818	PAIRED	https://ftp.sra.ebi.ac.uk/vol1/fastq/SRR311/018/SRR31139818/SRR31139818_1.fastq.gz	https://ftp.sra.ebi.ac.uk/vol1/fastq/SRR311/018/SRR31139818/SRR31139818_2.fastq.gz	SAMN43564952	1557211	s
SRR31139850	PAIRED	https://ftp.sra.ebi.ac.uk/vol1/fastq/SRR311/050/SRR31139850/SRR31139850_1.fastq.gz	https://ftp.sra.ebi.ac.uk/vol1/fastq/SRR311/050/SRR31139850/SRR31139850_2.fastq.gz	SAMN43564864	2077958	s
SRR31139899	PAIRED	https://ftp.sra.ebi.ac.uk/vol1/fastq/SRR311/099/SRR31139899/SRR31139899_1.fastq.gz	https://ftp.sra.ebi.ac.uk/vol1/fastq/SRR311/099/SRR31139899/SRR31139899_2.fastq.gz	SAMN43565148	1616883	s
SRR31139900	PAIRED	https://ftp.sra.ebi.ac.uk/vol1/fastq/SRR311/000/SRR31139900/SRR31139900_1.fastq.gz	https://ftp.sra.ebi.ac.uk/vol1/fastq/SRR311/000/SRR31139900/SRR31139900_2.fastq.gz	SAMN43565151	1959588	s
SRR31139982	PAIRED	https://ftp.sra.ebi.ac.uk/vol1/fastq/SRR311/082/SRR31139982/SRR31139982_1.fastq.gz	https://ftp.sra.ebi.ac.uk/vol1/fastq/SRR311/082/SRR31139982/SRR31139982_2.fastq.gz	SAMN43565096	1785717	r
SRR31139993	PAIRED	https://ftp.sra.ebi.ac.uk/vol1/fastq/SRR311/093/SRR31139993/SRR31139993_1.fastq.gz	https://ftp.sra.ebi.ac.uk/vol1/fastq/SRR311/093/SRR31139993/SRR31139993_2.fastq.gz	SAMN43564890	1871495	s
SRR31140047	PAIRED	https://ftp.sra.ebi.ac.uk/vol1/fastq/SRR311/047/SRR31140047/SRR31140047_1.fastq.gz	https://ftp.sra.ebi.ac.uk/vol1/fastq/SRR311/047/SRR31140047/SRR31140047_2.fastq.gz	SAMN43565023	1834605	s
SRR31140230	PAIRED	https://ftp.sra.ebi.ac.uk/vol1/fastq/SRR311/030/SRR31140230/SRR31140230_1.fastq.gz	https://ftp.sra.ebi.ac.uk/vol1/fastq/SRR311/030/SRR31140230/SRR31140230_2.fastq.gz	SAMN43564540	1298672	s
SRR31140356	PAIRED	https://ftp.sra.ebi.ac.uk/vol1/fastq/SRR311/056/SRR31140356/SRR31140356_1.fastq.gz	https://ftp.sra.ebi.ac.uk/vol1/fastq/SRR311/056/SRR31140356/SRR31140356_2.fastq.gz	SAMN43563812	2842298	s
SRR31140411	PAIRED	https://ftp.sra.ebi.ac.uk/vol1/fastq/SRR311/011/SRR31140411/SRR31140411_1.fastq.gz	https://ftp.sra.ebi.ac.uk/vol1/fastq/SRR311/011/SRR31140411/SRR31140411_2.fastq.gz	SAMN43562968	1519830	s
SRR31140419	PAIRED	https://ftp.sra.ebi.ac.uk/vol1/fastq/SRR311/019/SRR31140419/SRR31140419_1.fastq.gz	https://ftp.sra.ebi.ac.uk/vol1/fastq/SRR311/019/SRR31140419/SRR31140419_2.fastq.gz	SAMN43563953	2706083	s
SRR31140459	PAIRED	https://ftp.sra.ebi.ac.uk/vol1/fastq/SRR311/059/SRR31140459/SRR31140459_1.fastq.gz	https://ftp.sra.ebi.ac.uk/vol1/fastq/SRR311/059/SRR31140459/SRR31140459_2.fastq.gz	SAMN43563636	2069380	s
SRR31140460	PAIRED	https://ftp.sra.ebi.ac.uk/vol1/fastq/SRR311/060/SRR31140460/SRR31140460_1.fastq.gz	https://ftp.sra.ebi.ac.uk/vol1/fastq/SRR311/060/SRR31140460/SRR31140460_2.fastq.gz	SAMN43563631	1706053	s
SRR31140461	PAIRED	https://ftp.sra.ebi.ac.uk/vol1/fastq/SRR311/061/SRR31140461/SRR31140461_1.fastq.gz	https://ftp.sra.ebi.ac.uk/vol1/fastq/SRR311/061/SRR31140461/SRR31140461_2.fastq.gz	SAMN43563639	2004360	s
SRR31140480	PAIRED	https://ftp.sra.ebi.ac.uk/vol1/fastq/SRR311/080/SRR31140480/SRR31140480_1.fastq.gz	https://ftp.sra.ebi.ac.uk/vol1/fastq/SRR311/080/SRR31140480/SRR31140480_2.fastq.gz	SAMN43562975	1288349	r
SRR31140513	PAIRED	https://ftp.sra.ebi.ac.uk/vol1/fastq/SRR311/013/SRR31140513/SRR31140513_1.fastq.gz	https://ftp.sra.ebi.ac.uk/vol1/fastq/SRR311/013/SRR31140513/SRR31140513_2.fastq.gz	SAMN43563902	1372450	r
SRR31140568	PAIRED	https://ftp.sra.ebi.ac.uk/vol1/fastq/SRR311/068/SRR31140568/SRR31140568_1.fastq.gz	https://ftp.sra.ebi.ac.uk/vol1/fastq/SRR311/068/SRR31140568/SRR31140568_2.fastq.gz	SAMN43563610	2010447	s
SRR31140578	PAIRED	https://ftp.sra.ebi.ac.uk/vol1/fastq/SRR311/078/SRR31140578/SRR31140578_1.fastq.gz	https://ftp.sra.ebi.ac.uk/vol1/fastq/SRR311/078/SRR31140578/SRR31140578_2.fastq.gz	SAMN43563585	1333996	s
SRR31140607	PAIRED	https://ftp.sra.ebi.ac.uk/vol1/fastq/SRR311/007/SRR31140607/SRR31140607_1.fastq.gz	https://ftp.sra.ebi.ac.uk/vol1/fastq/SRR311/007/SRR31140607/SRR31140607_2.fastq.gz	SAMN43564672	1417189	s
SRR31140681	PAIRED	https://ftp.sra.ebi.ac.uk/vol1/fastq/SRR311/081/SRR31140681/SRR31140681_1.fastq.gz	https://ftp.sra.ebi.ac.uk/vol1/fastq/SRR311/081/SRR31140681/SRR31140681_2.fastq.gz	SAMN43564339	2151427	s
SRR31140693	PAIRED	https://ftp.sra.ebi.ac.uk/vol1/fastq/SRR311/093/SRR31140693/SRR31140693_1.fastq.gz	https://ftp.sra.ebi.ac.uk/vol1/fastq/SRR311/093/SRR31140693/SRR31140693_2.fastq.gz	SAMN43564319	1399479	r
SRR31140714	PAIRED	https://ftp.sra.ebi.ac.uk/vol1/fastq/SRR311/014/SRR31140714/SRR31140714_1.fastq.gz	https://ftp.sra.ebi.ac.uk/vol1/fastq/SRR311/014/SRR31140714/SRR31140714_2.fastq.gz	SAMN43564257	1549238	i
SRR31140737	PAIRED	https://ftp.sra.ebi.ac.uk/vol1/fastq/SRR311/037/SRR31140737/SRR31140737_1.fastq.gz	https://ftp.sra.ebi.ac.uk/vol1/fastq/SRR311/037/SRR31140737/SRR31140737_2.fastq.gz	SAMN43563869	2612112	r
SRR31140746	PAIRED	https://ftp.sra.ebi.ac.uk/vol1/fastq/SRR311/046/SRR31140746/SRR31140746_1.fastq.gz	https://ftp.sra.ebi.ac.uk/vol1/fastq/SRR311/046/SRR31140746/SRR31140746_2.fastq.gz	SAMN43563865	1693510	r
SRR31140789	PAIRED	https://ftp.sra.ebi.ac.uk/vol1/fastq/SRR311/089/SRR31140789/SRR31140789_1.fastq.gz	https://ftp.sra.ebi.ac.uk/vol1/fastq/SRR311/089/SRR31140789/SRR31140789_2.fastq.gz	SAMN43563597	1560931	s
SRR31140838	PAIRED	https://ftp.sra.ebi.ac.uk/vol1/fastq/SRR311/038/SRR31140838/SRR31140838_1.fastq.gz	https://ftp.sra.ebi.ac.uk/vol1/fastq/SRR311/038/SRR31140838/SRR31140838_2.fastq.gz	SAMN43564482	1762776	s
SRR31140857	PAIRED	https://ftp.sra.ebi.ac.uk/vol1/fastq/SRR311/057/SRR31140857/SRR31140857_1.fastq.gz	https://ftp.sra.ebi.ac.uk/vol1/fastq/SRR311/057/SRR31140857/SRR31140857_2.fastq.gz	SAMN43563692	2258163	s
SRR31140874	PAIRED	https://ftp.sra.ebi.ac.uk/vol1/fastq/SRR311/074/SRR31140874/SRR31140874_1.fastq.gz	https://ftp.sra.ebi.ac.uk/vol1/fastq/SRR311/074/SRR31140874/SRR31140874_2.fastq.gz	SAMN43564350	1552783	s
SRR31140887	PAIRED	https://ftp.sra.ebi.ac.uk/vol1/fastq/SRR311/087/SRR31140887/SRR31140887_1.fastq.gz	https://ftp.sra.ebi.ac.uk/vol1/fastq/SRR311/087/SRR31140887/SRR31140887_2.fastq.gz	SAMN43564237	1793664	r
SRR31140889	PAIRED	https://ftp.sra.ebi.ac.uk/vol1/fastq/SRR311/089/SRR31140889/SRR31140889_1.fastq.gz	https://ftp.sra.ebi.ac.uk/vol1/fastq/SRR311/089/SRR31140889/SRR31140889_2.fastq.gz	SAMN43564197	1479688	r
SRR31140900	PAIRED	https://ftp.sra.ebi.ac.uk/vol1/fastq/SRR311/000/SRR31140900/SRR31140900_1.fastq.gz	https://ftp.sra.ebi.ac.uk/vol1/fastq/SRR311/000/SRR31140900/SRR31140900_2.fastq.gz	SAMN43564232	1641445	s
SRR31140904	PAIRED	https://ftp.sra.ebi.ac.uk/vol1/fastq/SRR311/004/SRR31140904/SRR31140904_1.fastq.gz	https://ftp.sra.ebi.ac.uk/vol1/fastq/SRR311/004/SRR31140904/SRR31140904_2.fastq.gz	SAMN43564233	2082220	s
SRR31140911	PAIRED	https://ftp.sra.ebi.ac.uk/vol1/fastq/SRR311/011/SRR31140911/SRR31140911_1.fastq.gz	https://ftp.sra.ebi.ac.uk/vol1/fastq/SRR311/011/SRR31140911/SRR31140911_2.fastq.gz	SAMN43564159	1356741	s
SRR31140923	PAIRED	https://ftp.sra.ebi.ac.uk/vol1/fastq/SRR311/023/SRR31140923/SRR31140923_1.fastq.gz	https://ftp.sra.ebi.ac.uk/vol1/fastq/SRR311/023/SRR31140923/SRR31140923_2.fastq.gz	SAMN43564088	827134	s
SRR31140932	PAIRED	https://ftp.sra.ebi.ac.uk/vol1/fastq/SRR311/032/SRR31140932/SRR31140932_1.fastq.gz	https://ftp.sra.ebi.ac.uk/vol1/fastq/SRR311/032/SRR31140932/SRR31140932_2.fastq.gz	SAMN43563918	1375087	r
SRR31140959	PAIRED	https://ftp.sra.ebi.ac.uk/vol1/fastq/SRR311/059/SRR31140959/SRR31140959_1.fastq.gz	https://ftp.sra.ebi.ac.uk/vol1/fastq/SRR311/059/SRR31140959/SRR31140959_2.fastq.gz	SAMN43564107	899121	s
SRR31141004	PAIRED	https://ftp.sra.ebi.ac.uk/vol1/fastq/SRR311/004/SRR31141004/SRR31141004_1.fastq.gz	https://ftp.sra.ebi.ac.uk/vol1/fastq/SRR311/004/SRR31141004/SRR31141004_2.fastq.gz	SAMN43563991	1517811	s
SRR31141027	PAIRED	https://ftp.sra.ebi.ac.uk/vol1/fastq/SRR311/027/SRR31141027/SRR31141027_1.fastq.gz	https://ftp.sra.ebi.ac.uk/vol1/fastq/SRR311/027/SRR31141027/SRR31141027_2.fastq.gz	SAMN43563678	1675962	s
SRR31141054	PAIRED	https://ftp.sra.ebi.ac.uk/vol1/fastq/SRR311/054/SRR31141054/SRR31141054_1.fastq.gz	https://ftp.sra.ebi.ac.uk/vol1/fastq/SRR311/054/SRR31141054/SRR31141054_2.fastq.gz	SAMN43563827	1232152	s
SRR31141099	PAIRED	https://ftp.sra.ebi.ac.uk/vol1/fastq/SRR311/099/SRR31141099/SRR31141099_1.fastq.gz	https://ftp.sra.ebi.ac.uk/vol1/fastq/SRR311/099/SRR31141099/SRR31141099_2.fastq.gz	SAMN43563738	1440327	s
SRR31141112	PAIRED	https://ftp.sra.ebi.ac.uk/vol1/fastq/SRR311/012/SRR31141112/SRR31141112_1.fastq.gz	https://ftp.sra.ebi.ac.uk/vol1/fastq/SRR311/012/SRR31141112/SRR31141112_2.fastq.gz	SAMN43564713	1554809	s
SRR31141130	PAIRED	https://ftp.sra.ebi.ac.uk/vol1/fastq/SRR311/030/SRR31141130/SRR31141130_1.fastq.gz	https://ftp.sra.ebi.ac.uk/vol1/fastq/SRR311/030/SRR31141130/SRR31141130_2.fastq.gz	SAMN43564608	2103372	s
SRR31141132	PAIRED	https://ftp.sra.ebi.ac.uk/vol1/fastq/SRR311/032/SRR31141132/SRR31141132_1.fastq.gz	https://ftp.sra.ebi.ac.uk/vol1/fastq/SRR311/032/SRR31141132/SRR31141132_2.fastq.gz	SAMN43564624	1620356	s
SRR31141134	PAIRED	https://ftp.sra.ebi.ac.uk/vol1/fastq/SRR311/034/SRR31141134/SRR31141134_1.fastq.gz	https://ftp.sra.ebi.ac.uk/vol1/fastq/SRR311/034/SRR31141134/SRR31141134_2.fastq.gz	SAMN43564631	2463931	s
SRR31141146	PAIRED	https://ftp.sra.ebi.ac.uk/vol1/fastq/SRR311/046/SRR31141146/SRR31141146_1.fastq.gz	https://ftp.sra.ebi.ac.uk/vol1/fastq/SRR311/046/SRR31141146/SRR31141146_2.fastq.gz	SAMN43564606	1918588	s
SRR31141190	PAIRED	https://ftp.sra.ebi.ac.uk/vol1/fastq/SRR311/090/SRR31141190/SRR31141190_1.fastq.gz	https://ftp.sra.ebi.ac.uk/vol1/fastq/SRR311/090/SRR31141190/SRR31141190_2.fastq.gz	SAMN43563087	1340119	s
SRR3168643	PAIRED	https://ftp.sra.ebi.ac.uk/vol1/fastq/SRR316/003/SRR3168643/SRR3168643_1.fastq.gz	https://ftp.sra.ebi.ac.uk/vol1/fastq/SRR316/003/SRR3168643/SRR3168643_2.fastq.gz	SAMN04456584	897958	r
SRR3191409	PAIRED	https://ftp.sra.ebi.ac.uk/vol1/fastq/SRR319/009/SRR3191409/SRR3191409_1.fastq.gz	https://ftp.sra.ebi.ac.uk/vol1/fastq/SRR319/009/SRR3191409/SRR3191409_2.fastq.gz	SAMN04510557	552210	u
SRR3199589	PAIRED	https://ftp.sra.ebi.ac.uk/vol1/fastq/SRR319/009/SRR3199589/SRR3199589_1.fastq.gz	https://ftp.sra.ebi.ac.uk/vol1/fastq/SRR319/009/SRR3199589/SRR3199589_2.fastq.gz	SAMN04526076	5390063	s
SRR3205733	PAIRED	https://ftp.sra.ebi.ac.uk/vol1/fastq/SRR320/003/SRR3205733/SRR3205733_1.fastq.gz	https://ftp.sra.ebi.ac.uk/vol1/fastq/SRR320/003/SRR3205733/SRR3205733_2.fastq.gz	SAMN04531125	1470934	s
SRR3236167	PAIRED	https://ftp.sra.ebi.ac.uk/vol1/fastq/SRR323/007/SRR3236167/SRR3236167_1.fastq.gz	https://ftp.sra.ebi.ac.uk/vol1/fastq/SRR323/007/SRR3236167/SRR3236167_2.fastq.gz	SAMN04563576	3149078	s
SRR3241576	PAIRED	https://ftp.sra.ebi.ac.uk/vol1/fastq/SRR324/006/SRR3241576/SRR3241576_1.fastq.gz	https://ftp.sra.ebi.ac.uk/vol1/fastq/SRR324/006/SRR3241576/SRR3241576_2.fastq.gz	SAMN04568568	1422153	s
SRR32629548	PAIRED	https://ftp.sra.ebi.ac.uk/vol1/fastq/SRR326/048/SRR32629548/SRR32629548_1.fastq.gz	https://ftp.sra.ebi.ac.uk/vol1/fastq/SRR326/048/SRR32629548/SRR32629548_2.fastq.gz	SAMN07291521	901416	s
SRR3290091	PAIRED	https://ftp.sra.ebi.ac.uk/vol1/fastq/SRR329/001/SRR3290091/SRR3290091_1.fastq.gz	https://ftp.sra.ebi.ac.uk/vol1/fastq/SRR329/001/SRR3290091/SRR3290091_2.fastq.gz	SAMN04571743	1946422	r
SRR33047825	PAIRED	https://ftp.sra.ebi.ac.uk/vol1/fastq/SRR330/025/SRR33047825/SRR33047825_1.fastq.gz	https://ftp.sra.ebi.ac.uk/vol1/fastq/SRR330/025/SRR33047825/SRR33047825_2.fastq.gz	SAMN46558899	707619	u
SRR33047833	PAIRED	https://ftp.sra.ebi.ac.uk/vol1/fastq/SRR330/033/SRR33047833/SRR33047833_1.fastq.gz	https://ftp.sra.ebi.ac.uk/vol1/fastq/SRR330/033/SRR33047833/SRR33047833_2.fastq.gz	SAMN46558892	897817	u
SRR3344219	PAIRED	https://ftp.sra.ebi.ac.uk/vol1/fastq/SRR334/009/SRR3344219/SRR3344219_1.fastq.gz	https://ftp.sra.ebi.ac.uk/vol1/fastq/SRR334/009/SRR3344219/SRR3344219_2.fastq.gz	SAMN04621602	1342691	s
SRR3345831	PAIRED	https://ftp.sra.ebi.ac.uk/vol1/fastq/SRR334/001/SRR3345831/SRR3345831_1.fastq.gz	https://ftp.sra.ebi.ac.uk/vol1/fastq/SRR334/001/SRR3345831/SRR3345831_2.fastq.gz	SAMN04622923	1259214	r
SRR3457629	PAIRED	https://ftp.sra.ebi.ac.uk/vol1/fastq/SRR345/009/SRR3457629/SRR3457629_1.fastq.gz	https://ftp.sra.ebi.ac.uk/vol1/fastq/SRR345/009/SRR3457629/SRR3457629_2.fastq.gz	SAMN04908468	1936313	s
SRR3475948	PAIRED	https://ftp.sra.ebi.ac.uk/vol1/fastq/SRR347/008/SRR3475948/SRR3475948_1.fastq.gz	https://ftp.sra.ebi.ac.uk/vol1/fastq/SRR347/008/SRR3475948/SRR3475948_2.fastq.gz	SAMN04942588	1359276	s
SRR3618633	PAIRED	https://ftp.sra.ebi.ac.uk/vol1/fastq/SRR361/003/SRR3618633/SRR3618633_1.fastq.gz	https://ftp.sra.ebi.ac.uk/vol1/fastq/SRR361/003/SRR3618633/SRR3618633_2.fastq.gz	SAMN05194539	1911890	r
SRR3715459	PAIRED	https://ftp.sra.ebi.ac.uk/vol1/fastq/SRR371/009/SRR3715459/SRR3715459_1.fastq.gz	https://ftp.sra.ebi.ac.uk/vol1/fastq/SRR371/009/SRR3715459/SRR3715459_2.fastq.gz	SAMN05272515	1699754	s
SRR3953317	PAIRED	https://ftp.sra.ebi.ac.uk/vol1/fastq/SRR395/007/SRR3953317/SRR3953317_1.fastq.gz	https://ftp.sra.ebi.ac.uk/vol1/fastq/SRR395/007/SRR3953317/SRR3953317_2.fastq.gz	SAMN05440605	973376	s
SRR3982099	PAIRED	https://ftp.sra.ebi.ac.uk/vol1/fastq/SRR398/009/SRR3982099/SRR3982099_1.fastq.gz	https://ftp.sra.ebi.ac.uk/vol1/fastq/SRR398/009/SRR3982099/SRR3982099_2.fastq.gz	SAMN05170063	2211569	r
SRR3982376	PAIRED	https://ftp.sra.ebi.ac.uk/vol1/fastq/SRR398/006/SRR3982376/SRR3982376_1.fastq.gz	https://ftp.sra.ebi.ac.uk/vol1/fastq/SRR398/006/SRR3982376/SRR3982376_2.fastq.gz	SAMN05170086	1866831	r
SRR3996244	PAIRED	https://ftp.sra.ebi.ac.uk/vol1/fastq/SRR399/004/SRR3996244/SRR3996244_1.fastq.gz	https://ftp.sra.ebi.ac.uk/vol1/fastq/SRR399/004/SRR3996244/SRR3996244_2.fastq.gz	SAMN05170127	1613482	r
SRR4017839	PAIRED	https://ftp.sra.ebi.ac.uk/vol1/fastq/SRR401/009/SRR4017839/SRR4017839_1.fastq.gz	https://ftp.sra.ebi.ac.uk/vol1/fastq/SRR401/009/SRR4017839/SRR4017839_2.fastq.gz	SAMN05170184	881292	r
SRR4017886	PAIRED	https://ftp.sra.ebi.ac.uk/vol1/fastq/SRR401/006/SRR4017886/SRR4017886_1.fastq.gz	https://ftp.sra.ebi.ac.uk/vol1/fastq/SRR401/006/SRR4017886/SRR4017886_2.fastq.gz	SAMN05170210	792956	s
SRR4017896	PAIRED	https://ftp.sra.ebi.ac.uk/vol1/fastq/SRR401/006/SRR4017896/SRR4017896_1.fastq.gz	https://ftp.sra.ebi.ac.uk/vol1/fastq/SRR401/006/SRR4017896/SRR4017896_2.fastq.gz	SAMN05170220	440902	r
SRR4019404	PAIRED	https://ftp.sra.ebi.ac.uk/vol1/fastq/SRR401/004/SRR4019404/SRR4019404_1.fastq.gz	https://ftp.sra.ebi.ac.uk/vol1/fastq/SRR401/004/SRR4019404/SRR4019404_2.fastq.gz	SAMN05510457	2094503	r
SRR4065706	PAIRED	https://ftp.sra.ebi.ac.uk/vol1/fastq/SRR406/006/SRR4065706/SRR4065706_1.fastq.gz	https://ftp.sra.ebi.ac.uk/vol1/fastq/SRR406/006/SRR4065706/SRR4065706_2.fastq.gz	SAMN05170351	1128257	r
SRR4069214	PAIRED	https://ftp.sra.ebi.ac.uk/vol1/fastq/SRR406/004/SRR4069214/SRR4069214_1.fastq.gz	https://ftp.sra.ebi.ac.uk/vol1/fastq/SRR406/004/SRR4069214/SRR4069214_2.fastq.gz	SAMN05170356	1371123	r
SRR4294837	PAIRED	https://ftp.sra.ebi.ac.uk/vol1/fastq/SRR429/007/SRR4294837/SRR4294837_1.fastq.gz	https://ftp.sra.ebi.ac.uk/vol1/fastq/SRR429/007/SRR4294837/SRR4294837_2.fastq.gz	SAMN05806162	1047977	r
SRR4294842	PAIRED	https://ftp.sra.ebi.ac.uk/vol1/fastq/SRR429/002/SRR4294842/SRR4294842_1.fastq.gz	https://ftp.sra.ebi.ac.uk/vol1/fastq/SRR429/002/SRR4294842/SRR4294842_2.fastq.gz	SAMN05806175	1116147	r
SRR4294845	PAIRED	https://ftp.sra.ebi.ac.uk/vol1/fastq/SRR429/005/SRR4294845/SRR4294845_1.fastq.gz	https://ftp.sra.ebi.ac.uk/vol1/fastq/SRR429/005/SRR4294845/SRR4294845_2.fastq.gz	SAMN05806164	1017460	r
SRR4294847	PAIRED	https://ftp.sra.ebi.ac.uk/vol1/fastq/SRR429/007/SRR4294847/SRR4294847_1.fastq.gz	https://ftp.sra.ebi.ac.uk/vol1/fastq/SRR429/007/SRR4294847/SRR4294847_2.fastq.gz	SAMN05806166	1006689	s
SRR4923154	PAIRED	https://ftp.sra.ebi.ac.uk/vol1/fastq/SRR492/004/SRR4923154/SRR4923154_1.fastq.gz	https://ftp.sra.ebi.ac.uk/vol1/fastq/SRR492/004/SRR4923154/SRR4923154_2.fastq.gz	SAMN05916202	1049018	s
SRR5120215	PAIRED	https://ftp.sra.ebi.ac.uk/vol1/fastq/SRR512/005/SRR5120215/SRR5120215_1.fastq.gz	https://ftp.sra.ebi.ac.uk/vol1/fastq/SRR512/005/SRR5120215/SRR5120215_2.fastq.gz	SAMN06007768	1352898	r
SRR5120217	PAIRED	https://ftp.sra.ebi.ac.uk/vol1/fastq/SRR512/007/SRR5120217/SRR5120217_1.fastq.gz	https://ftp.sra.ebi.ac.uk/vol1/fastq/SRR512/007/SRR5120217/SRR5120217_2.fastq.gz	SAMN06007775	1020247	r
SRR5120226	PAIRED	https://ftp.sra.ebi.ac.uk/vol1/fastq/SRR512/006/SRR5120226/SRR5120226_1.fastq.gz	https://ftp.sra.ebi.ac.uk/vol1/fastq/SRR512/006/SRR5120226/SRR5120226_2.fastq.gz	SAMN06015662	1148462	r
SRR5120228	PAIRED	https://ftp.sra.ebi.ac.uk/vol1/fastq/SRR512/008/SRR5120228/SRR5120228_1.fastq.gz	https://ftp.sra.ebi.ac.uk/vol1/fastq/SRR512/008/SRR5120228/SRR5120228_2.fastq.gz	SAMN06015666	1295202	r
SRR5152378	PAIRED	https://ftp.sra.ebi.ac.uk/vol1/fastq/SRR515/008/SRR5152378/SRR5152378_1.fastq.gz	https://ftp.sra.ebi.ac.uk/vol1/fastq/SRR515/008/SRR5152378/SRR5152378_2.fastq.gz	SAMN06175433	1163289	s
SRR5237401	PAIRED	https://ftp.sra.ebi.ac.uk/vol1/fastq/SRR523/001/SRR5237401/SRR5237401_1.fastq.gz	https://ftp.sra.ebi.ac.uk/vol1/fastq/SRR523/001/SRR5237401/SRR5237401_2.fastq.gz	SAMN06311518	1027099	r
SRR5283175	PAIRED	https://ftp.sra.ebi.ac.uk/vol1/fastq/SRR528/005/SRR5283175/SRR5283175_1.fastq.gz	https://ftp.sra.ebi.ac.uk/vol1/fastq/SRR528/005/SRR5283175/SRR5283175_2.fastq.gz	SAMN06283844	1154984	s
SRR5289383	PAIRED	https://ftp.sra.ebi.ac.uk/vol1/fastq/SRR528/003/SRR5289383/SRR5289383_1.fastq.gz	https://ftp.sra.ebi.ac.uk/vol1/fastq/SRR528/003/SRR5289383/SRR5289383_2.fastq.gz	SAMN06346137	640840	s
SRR5292143	PAIRED	https://ftp.sra.ebi.ac.uk/vol1/fastq/SRR529/003/SRR5292143/SRR5292143_1.fastq.gz	https://ftp.sra.ebi.ac.uk/vol1/fastq/SRR529/003/SRR5292143/SRR5292143_2.fastq.gz	SAMN06368760	1083727	s
SRR5312160	PAIRED	https://ftp.sra.ebi.ac.uk/vol1/fastq/SRR531/000/SRR5312160/SRR5312160_1.fastq.gz	https://ftp.sra.ebi.ac.uk/vol1/fastq/SRR531/000/SRR5312160/SRR5312160_2.fastq.gz	SAMN06475293	1243881	s
SRR5398450	PAIRED	https://ftp.sra.ebi.ac.uk/vol1/fastq/SRR539/000/SRR5398450/SRR5398450_1.fastq.gz	https://ftp.sra.ebi.ac.uk/vol1/fastq/SRR539/000/SRR5398450/SRR5398450_2.fastq.gz	SAMN06672151	1432757	r
SRR5445921	PAIRED	https://ftp.sra.ebi.ac.uk/vol1/fastq/SRR544/001/SRR5445921/SRR5445921_1.fastq.gz	https://ftp.sra.ebi.ac.uk/vol1/fastq/SRR544/001/SRR5445921/SRR5445921_2.fastq.gz	SAMN06754733	1023864	r
SRR5765341	PAIRED	https://ftp.sra.ebi.ac.uk/vol1/fastq/SRR576/001/SRR5765341/SRR5765341_1.fastq.gz	https://ftp.sra.ebi.ac.uk/vol1/fastq/SRR576/001/SRR5765341/SRR5765341_2.fastq.gz	SAMN07255258	979973	s
SRR5787729	PAIRED	https://ftp.sra.ebi.ac.uk/vol1/fastq/SRR578/009/SRR5787729/SRR5787729_1.fastq.gz	https://ftp.sra.ebi.ac.uk/vol1/fastq/SRR578/009/SRR5787729/SRR5787729_2.fastq.gz	SAMN07203337	581960	r
SRR5810504	PAIRED	https://ftp.sra.ebi.ac.uk/vol1/fastq/SRR581/004/SRR5810504/SRR5810504_1.fastq.gz	https://ftp.sra.ebi.ac.uk/vol1/fastq/SRR581/004/SRR5810504/SRR5810504_2.fastq.gz	SAMN07332512	1400890	r
SRR5870546	PAIRED	https://ftp.sra.ebi.ac.uk/vol1/fastq/SRR587/006/SRR5870546/SRR5870546_1.fastq.gz	https://ftp.sra.ebi.ac.uk/vol1/fastq/SRR587/006/SRR5870546/SRR5870546_2.fastq.gz	SAMN07361839	1322882	s
SRR5901138	PAIRED	https://ftp.sra.ebi.ac.uk/vol1/fastq/SRR590/008/SRR5901138/SRR5901138_1.fastq.gz	https://ftp.sra.ebi.ac.uk/vol1/fastq/SRR590/008/SRR5901138/SRR5901138_2.fastq.gz	SAMN07450854	1172941	r
SRR5928752	PAIRED	https://ftp.sra.ebi.ac.uk/vol1/fastq/SRR592/002/SRR5928752/SRR5928752_1.fastq.gz	https://ftp.sra.ebi.ac.uk/vol1/fastq/SRR592/002/SRR5928752/SRR5928752_2.fastq.gz	SAMN07410534	625340	u
SRR5943513	PAIRED	https://ftp.sra.ebi.ac.uk/vol1/fastq/SRR594/003/SRR5943513/SRR5943513_1.fastq.gz	https://ftp.sra.ebi.ac.uk/vol1/fastq/SRR594/003/SRR5943513/SRR5943513_2.fastq.gz	SAMN07450661	2806957	i
SRR6011644	PAIRED	https://ftp.sra.ebi.ac.uk/vol1/fastq/SRR601/004/SRR6011644/SRR6011644_1.fastq.gz	https://ftp.sra.ebi.ac.uk/vol1/fastq/SRR601/004/SRR6011644/SRR6011644_2.fastq.gz	SAMN07573684	1008167	s
SRR6069473	PAIRED	https://ftp.sra.ebi.ac.uk/vol1/fastq/SRR606/003/SRR6069473/SRR6069473_1.fastq.gz	https://ftp.sra.ebi.ac.uk/vol1/fastq/SRR606/003/SRR6069473/SRR6069473_2.fastq.gz	SAMN07605226	779599	s
SRR6072240	PAIRED	https://ftp.sra.ebi.ac.uk/vol1/fastq/SRR607/000/SRR6072240/SRR6072240_1.fastq.gz	https://ftp.sra.ebi.ac.uk/vol1/fastq/SRR607/000/SRR6072240/SRR6072240_2.fastq.gz	SAMN07626117	977417	s
SRR6160438	PAIRED	https://ftp.sra.ebi.ac.uk/vol1/fastq/SRR616/008/SRR6160438/SRR6160438_1.fastq.gz	https://ftp.sra.ebi.ac.uk/vol1/fastq/SRR616/008/SRR6160438/SRR6160438_2.fastq.gz	SAMN07747812	684071	u
SRR6164688	PAIRED	https://ftp.sra.ebi.ac.uk/vol1/fastq/SRR616/008/SRR6164688/SRR6164688_1.fastq.gz	https://ftp.sra.ebi.ac.uk/vol1/fastq/SRR616/008/SRR6164688/SRR6164688_2.fastq.gz	SAMN07757825	2344694	s
SRR6181315	PAIRED	https://ftp.sra.ebi.ac.uk/vol1/fastq/SRR618/005/SRR6181315/SRR6181315_1.fastq.gz	https://ftp.sra.ebi.ac.uk/vol1/fastq/SRR618/005/SRR6181315/SRR6181315_2.fastq.gz	SAMN07795430	922530	s
SRR6207520	PAIRED	https://ftp.sra.ebi.ac.uk/vol1/fastq/SRR620/000/SRR6207520/SRR6207520_1.fastq.gz	https://ftp.sra.ebi.ac.uk/vol1/fastq/SRR620/000/SRR6207520/SRR6207520_2.fastq.gz	SAMN07812334	855779	s
SRR6293185	PAIRED	https://ftp.sra.ebi.ac.uk/vol1/fastq/SRR629/005/SRR6293185/SRR6293185_1.fastq.gz	https://ftp.sra.ebi.ac.uk/vol1/fastq/SRR629/005/SRR6293185/SRR6293185_2.fastq.gz	SAMN08016890	1333283	s
SRR6310687	PAIRED	https://ftp.sra.ebi.ac.uk/vol1/fastq/SRR631/007/SRR6310687/SRR6310687_1.fastq.gz	https://ftp.sra.ebi.ac.uk/vol1/fastq/SRR631/007/SRR6310687/SRR6310687_2.fastq.gz	SAMN07709882	2028113	u
SRR6385000	PAIRED	https://ftp.sra.ebi.ac.uk/vol1/fastq/SRR638/000/SRR6385000/SRR6385000_1.fastq.gz	https://ftp.sra.ebi.ac.uk/vol1/fastq/SRR638/000/SRR6385000/SRR6385000_2.fastq.gz	SAMN08165357	1244652	s
SRR6385001	PAIRED	https://ftp.sra.ebi.ac.uk/vol1/fastq/SRR638/001/SRR6385001/SRR6385001_1.fastq.gz	https://ftp.sra.ebi.ac.uk/vol1/fastq/SRR638/001/SRR6385001/SRR6385001_2.fastq.gz	SAMN08165354	907320	s
SRR6410631	PAIRED	https://ftp.sra.ebi.ac.uk/vol1/fastq/SRR641/001/SRR6410631/SRR6410631_1.fastq.gz	https://ftp.sra.ebi.ac.uk/vol1/fastq/SRR641/001/SRR6410631/SRR6410631_2.fastq.gz	SAMN08204769	928804	s
SRR6484758	PAIRED	https://ftp.sra.ebi.ac.uk/vol1/fastq/SRR648/008/SRR6484758/SRR6484758_1.fastq.gz	https://ftp.sra.ebi.ac.uk/vol1/fastq/SRR648/008/SRR6484758/SRR6484758_2.fastq.gz	SAMN08330136	1996101	s
SRR6507037	PAIRED	https://ftp.sra.ebi.ac.uk/vol1/fastq/SRR650/007/SRR6507037/SRR6507037_1.fastq.gz	https://ftp.sra.ebi.ac.uk/vol1/fastq/SRR650/007/SRR6507037/SRR6507037_2.fastq.gz	SAMN08383720	1094555	s
SRR6742566	PAIRED	https://ftp.sra.ebi.ac.uk/vol1/fastq/SRR674/006/SRR6742566/SRR6742566_1.fastq.gz	https://ftp.sra.ebi.ac.uk/vol1/fastq/SRR674/006/SRR6742566/SRR6742566_2.fastq.gz	SAMN08397420	359790	u
SRR6743536	PAIRED	https://ftp.sra.ebi.ac.uk/vol1/fastq/SRR674/006/SRR6743536/SRR6743536_1.fastq.gz	https://ftp.sra.ebi.ac.uk/vol1/fastq/SRR674/006/SRR6743536/SRR6743536_2.fastq.gz	SAMN08558967	1337726	s
SRR6743550	PAIRED	https://ftp.sra.ebi.ac.uk/vol1/fastq/SRR674/000/SRR6743550/SRR6743550_1.fastq.gz	https://ftp.sra.ebi.ac.uk/vol1/fastq/SRR674/000/SRR6743550/SRR6743550_2.fastq.gz	SAMN08558984	496889	s
SRR6761137	PAIRED	https://ftp.sra.ebi.ac.uk/vol1/fastq/SRR676/007/SRR6761137/SRR6761137_1.fastq.gz	https://ftp.sra.ebi.ac.uk/vol1/fastq/SRR676/007/SRR6761137/SRR6761137_2.fastq.gz	SAMN07709879	710212	u
SRR6766971	PAIRED	https://ftp.sra.ebi.ac.uk/vol1/fastq/SRR676/001/SRR6766971/SRR6766971_1.fastq.gz	https://ftp.sra.ebi.ac.uk/vol1/fastq/SRR676/001/SRR6766971/SRR6766971_2.fastq.gz	SAMN08595263	921789	s
SRR6786701	PAIRED	https://ftp.sra.ebi.ac.uk/vol1/fastq/SRR678/001/SRR6786701/SRR6786701_1.fastq.gz	https://ftp.sra.ebi.ac.uk/vol1/fastq/SRR678/001/SRR6786701/SRR6786701_2.fastq.gz	SAMN08616882	780749	s
SRR6994977	PAIRED	https://ftp.sra.ebi.ac.uk/vol1/fastq/SRR699/007/SRR6994977/SRR6994977_1.fastq.gz	https://ftp.sra.ebi.ac.uk/vol1/fastq/SRR699/007/SRR6994977/SRR6994977_2.fastq.gz	SAMN07291527	7293432	r
SRR7048440	PAIRED	https://ftp.sra.ebi.ac.uk/vol1/fastq/SRR704/000/SRR7048440/SRR7048440_1.fastq.gz	https://ftp.sra.ebi.ac.uk/vol1/fastq/SRR704/000/SRR7048440/SRR7048440_2.fastq.gz	SAMN08963224	1447730	s
SRR7048446	PAIRED	https://ftp.sra.ebi.ac.uk/vol1/fastq/SRR704/006/SRR7048446/SRR7048446_1.fastq.gz	https://ftp.sra.ebi.ac.uk/vol1/fastq/SRR704/006/SRR7048446/SRR7048446_2.fastq.gz	SAMN08963230	857047	s
SRR7050046	PAIRED	https://ftp.sra.ebi.ac.uk/vol1/fastq/SRR705/006/SRR7050046/SRR7050046_1.fastq.gz	https://ftp.sra.ebi.ac.uk/vol1/fastq/SRR705/006/SRR7050046/SRR7050046_2.fastq.gz	SAMN08964475	935886	s
SRR7064605	PAIRED	https://ftp.sra.ebi.ac.uk/vol1/fastq/SRR706/005/SRR7064605/SRR7064605_1.fastq.gz	https://ftp.sra.ebi.ac.uk/vol1/fastq/SRR706/005/SRR7064605/SRR7064605_2.fastq.gz	SAMN08963939	641355	u
SRR7178215	PAIRED	https://ftp.sra.ebi.ac.uk/vol1/fastq/SRR717/005/SRR7178215/SRR7178215_1.fastq.gz	https://ftp.sra.ebi.ac.uk/vol1/fastq/SRR717/005/SRR7178215/SRR7178215_2.fastq.gz	SAMN09221039	913820	s
SRR7244093	PAIRED	https://ftp.sra.ebi.ac.uk/vol1/fastq/SRR724/003/SRR7244093/SRR7244093_1.fastq.gz	https://ftp.sra.ebi.ac.uk/vol1/fastq/SRR724/003/SRR7244093/SRR7244093_2.fastq.gz	SAMN09289785	495546	s
SRR7278739	PAIRED	https://ftp.sra.ebi.ac.uk/vol1/fastq/SRR727/009/SRR7278739/SRR7278739_1.fastq.gz	https://ftp.sra.ebi.ac.uk/vol1/fastq/SRR727/009/SRR7278739/SRR7278739_2.fastq.gz	SAMN08971997	1033823	u
SRR7505603	PAIRED	https://ftp.sra.ebi.ac.uk/vol1/fastq/SRR750/003/SRR7505603/SRR7505603_1.fastq.gz	https://ftp.sra.ebi.ac.uk/vol1/fastq/SRR750/003/SRR7505603/SRR7505603_2.fastq.gz	SAMN09637009	504180	s
SRR7537046	PAIRED	https://ftp.sra.ebi.ac.uk/vol1/fastq/SRR753/006/SRR7537046/SRR7537046_1.fastq.gz	https://ftp.sra.ebi.ac.uk/vol1/fastq/SRR753/006/SRR7537046/SRR7537046_2.fastq.gz	SAMN09689822	1586264	u
SRR7540826	PAIRED	https://ftp.sra.ebi.ac.uk/vol1/fastq/SRR754/006/SRR7540826/SRR7540826_1.fastq.gz	https://ftp.sra.ebi.ac.uk/vol1/fastq/SRR754/006/SRR7540826/SRR7540826_2.fastq.gz	SAMN09691904	663759	s
SRR7631851	PAIRED	https://ftp.sra.ebi.ac.uk/vol1/fastq/SRR763/001/SRR7631851/SRR7631851_1.fastq.gz	https://ftp.sra.ebi.ac.uk/vol1/fastq/SRR763/001/SRR7631851/SRR7631851_2.fastq.gz	SAMN09753038	553164	s
SRR7638091	PAIRED	https://ftp.sra.ebi.ac.uk/vol1/fastq/SRR763/001/SRR7638091/SRR7638091_1.fastq.gz	https://ftp.sra.ebi.ac.uk/vol1/fastq/SRR763/001/SRR7638091/SRR7638091_2.fastq.gz	SAMN09729018	1498514	u
SRR7641448	PAIRED	https://ftp.sra.ebi.ac.uk/vol1/fastq/SRR764/008/SRR7641448/SRR7641448_1.fastq.gz	https://ftp.sra.ebi.ac.uk/vol1/fastq/SRR764/008/SRR7641448/SRR7641448_2.fastq.gz	SAMN09763593	547837	s
SRR7647874	PAIRED	https://ftp.sra.ebi.ac.uk/vol1/fastq/SRR764/004/SRR7647874/SRR7647874_1.fastq.gz	https://ftp.sra.ebi.ac.uk/vol1/fastq/SRR764/004/SRR7647874/SRR7647874_2.fastq.gz	SAMN09729004	1065387	u
SRR7739469	PAIRED	https://ftp.sra.ebi.ac.uk/vol1/fastq/SRR773/009/SRR7739469/SRR7739469_1.fastq.gz	https://ftp.sra.ebi.ac.uk/vol1/fastq/SRR773/009/SRR7739469/SRR7739469_2.fastq.gz	SAMN09880072	1046129	s
SRR7765064	PAIRED	https://ftp.sra.ebi.ac.uk/vol1/fastq/SRR776/004/SRR7765064/SRR7765064_1.fastq.gz	https://ftp.sra.ebi.ac.uk/vol1/fastq/SRR776/004/SRR7765064/SRR7765064_2.fastq.gz	SAMN09839638	1722747	u
SRR7767491	PAIRED	https://ftp.sra.ebi.ac.uk/vol1/fastq/SRR776/001/SRR7767491/SRR7767491_1.fastq.gz	https://ftp.sra.ebi.ac.uk/vol1/fastq/SRR776/001/SRR7767491/SRR7767491_2.fastq.gz	SAMN09934185	805456	s
SRR7788245	PAIRED	https://ftp.sra.ebi.ac.uk/vol1/fastq/SRR778/005/SRR7788245/SRR7788245_1.fastq.gz	https://ftp.sra.ebi.ac.uk/vol1/fastq/SRR778/005/SRR7788245/SRR7788245_2.fastq.gz	SAMN09951537	1165406	u
SRR7894997	PAIRED	https://ftp.sra.ebi.ac.uk/vol1/fastq/SRR789/007/SRR7894997/SRR7894997_1.fastq.gz	https://ftp.sra.ebi.ac.uk/vol1/fastq/SRR789/007/SRR7894997/SRR7894997_2.fastq.gz	SAMN10112251	834190	s
SRR7909943	PAIRED	https://ftp.sra.ebi.ac.uk/vol1/fastq/SRR790/003/SRR7909943/SRR7909943_1.fastq.gz	https://ftp.sra.ebi.ac.uk/vol1/fastq/SRR790/003/SRR7909943/SRR7909943_2.fastq.gz	SAMN10139164	654146	s
SRR8095286	PAIRED	https://ftp.sra.ebi.ac.uk/vol1/fastq/SRR809/006/SRR8095286/SRR8095286_1.fastq.gz	https://ftp.sra.ebi.ac.uk/vol1/fastq/SRR809/006/SRR8095286/SRR8095286_2.fastq.gz	SAMN10221516	880235	s
SRR8095290	PAIRED	https://ftp.sra.ebi.ac.uk/vol1/fastq/SRR809/000/SRR8095290/SRR8095290_1.fastq.gz	https://ftp.sra.ebi.ac.uk/vol1/fastq/SRR809/000/SRR8095290/SRR8095290_2.fastq.gz	SAMN10221034	314838	s
SRR8095308	PAIRED	https://ftp.sra.ebi.ac.uk/vol1/fastq/SRR809/008/SRR8095308/SRR8095308_1.fastq.gz	https://ftp.sra.ebi.ac.uk/vol1/fastq/SRR809/008/SRR8095308/SRR8095308_2.fastq.gz	SAMN10221211	694739	s
SRR8095330	PAIRED	https://ftp.sra.ebi.ac.uk/vol1/fastq/SRR809/000/SRR8095330/SRR8095330_1.fastq.gz	https://ftp.sra.ebi.ac.uk/vol1/fastq/SRR809/000/SRR8095330/SRR8095330_2.fastq.gz	SAMN10221038	795815	s
SRR8095335	PAIRED	https://ftp.sra.ebi.ac.uk/vol1/fastq/SRR809/005/SRR8095335/SRR8095335_1.fastq.gz	https://ftp.sra.ebi.ac.uk/vol1/fastq/SRR809/005/SRR8095335/SRR8095335_2.fastq.gz	SAMN10221373	462875	s
SRR8095344	PAIRED	https://ftp.sra.ebi.ac.uk/vol1/fastq/SRR809/004/SRR8095344/SRR8095344_1.fastq.gz	https://ftp.sra.ebi.ac.uk/vol1/fastq/SRR809/004/SRR8095344/SRR8095344_2.fastq.gz	SAMN10221567	902087	s
SRR8095355	PAIRED	https://ftp.sra.ebi.ac.uk/vol1/fastq/SRR809/005/SRR8095355/SRR8095355_1.fastq.gz	https://ftp.sra.ebi.ac.uk/vol1/fastq/SRR809/005/SRR8095355/SRR8095355_2.fastq.gz	SAMN10221629	1062110	s
SRR8095358	PAIRED	https://ftp.sra.ebi.ac.uk/vol1/fastq/SRR809/008/SRR8095358/SRR8095358_1.fastq.gz	https://ftp.sra.ebi.ac.uk/vol1/fastq/SRR809/008/SRR8095358/SRR8095358_2.fastq.gz	SAMN10221630	756206	s
SRR8095368	PAIRED	https://ftp.sra.ebi.ac.uk/vol1/fastq/SRR809/008/SRR8095368/SRR8095368_1.fastq.gz	https://ftp.sra.ebi.ac.uk/vol1/fastq/SRR809/008/SRR8095368/SRR8095368_2.fastq.gz	SAMN10220995	1046130	s
SRR8095373	PAIRED	https://ftp.sra.ebi.ac.uk/vol1/fastq/SRR809/003/SRR8095373/SRR8095373_1.fastq.gz	https://ftp.sra.ebi.ac.uk/vol1/fastq/SRR809/003/SRR8095373/SRR8095373_2.fastq.gz	SAMN10221175	662950	s
SRR8095380	PAIRED	https://ftp.sra.ebi.ac.uk/vol1/fastq/SRR809/000/SRR8095380/SRR8095380_1.fastq.gz	https://ftp.sra.ebi.ac.uk/vol1/fastq/SRR809/000/SRR8095380/SRR8095380_2.fastq.gz	SAMN10221168	686555	s
SRR8095383	PAIRED	https://ftp.sra.ebi.ac.uk/vol1/fastq/SRR809/003/SRR8095383/SRR8095383_1.fastq.gz	https://ftp.sra.ebi.ac.uk/vol1/fastq/SRR809/003/SRR8095383/SRR8095383_2.fastq.gz	SAMN10221312	800406	s
SRR8095385	PAIRED	https://ftp.sra.ebi.ac.uk/vol1/fastq/SRR809/005/SRR8095385/SRR8095385_1.fastq.gz	https://ftp.sra.ebi.ac.uk/vol1/fastq/SRR809/005/SRR8095385/SRR8095385_2.fastq.gz	SAMN10221310	1260096	s
SRR8095387	PAIRED	https://ftp.sra.ebi.ac.uk/vol1/fastq/SRR809/007/SRR8095387/SRR8095387_1.fastq.gz	https://ftp.sra.ebi.ac.uk/vol1/fastq/SRR809/007/SRR8095387/SRR8095387_2.fastq.gz	SAMN10221177	524671	s
SRR8095389	PAIRED	https://ftp.sra.ebi.ac.uk/vol1/fastq/SRR809/009/SRR8095389/SRR8095389_1.fastq.gz	https://ftp.sra.ebi.ac.uk/vol1/fastq/SRR809/009/SRR8095389/SRR8095389_2.fastq.gz	SAMN10221377	537674	s
SRR8095390	PAIRED	https://ftp.sra.ebi.ac.uk/vol1/fastq/SRR809/000/SRR8095390/SRR8095390_1.fastq.gz	https://ftp.sra.ebi.ac.uk/vol1/fastq/SRR809/000/SRR8095390/SRR8095390_2.fastq.gz	SAMN10221382	927954	s
SRR8095403	PAIRED	https://ftp.sra.ebi.ac.uk/vol1/fastq/SRR809/003/SRR8095403/SRR8095403_1.fastq.gz	https://ftp.sra.ebi.ac.uk/vol1/fastq/SRR809/003/SRR8095403/SRR8095403_2.fastq.gz	SAMN10221387	490927	s
SRR8095409	PAIRED	https://ftp.sra.ebi.ac.uk/vol1/fastq/SRR809/009/SRR8095409/SRR8095409_1.fastq.gz	https://ftp.sra.ebi.ac.uk/vol1/fastq/SRR809/009/SRR8095409/SRR8095409_2.fastq.gz	SAMN10221002	761751	s
SRR8095411	PAIRED	https://ftp.sra.ebi.ac.uk/vol1/fastq/SRR809/001/SRR8095411/SRR8095411_1.fastq.gz	https://ftp.sra.ebi.ac.uk/vol1/fastq/SRR809/001/SRR8095411/SRR8095411_2.fastq.gz	SAMN10221000	730265	s
SRR8095420	PAIRED	https://ftp.sra.ebi.ac.uk/vol1/fastq/SRR809/000/SRR8095420/SRR8095420_1.fastq.gz	https://ftp.sra.ebi.ac.uk/vol1/fastq/SRR809/000/SRR8095420/SRR8095420_2.fastq.gz	SAMN10221065	1023583	s
SRR8095423	PAIRED	https://ftp.sra.ebi.ac.uk/vol1/fastq/SRR809/003/SRR8095423/SRR8095423_1.fastq.gz	https://ftp.sra.ebi.ac.uk/vol1/fastq/SRR809/003/SRR8095423/SRR8095423_2.fastq.gz	SAMN10221062	737765	s
SRR8095426	PAIRED	https://ftp.sra.ebi.ac.uk/vol1/fastq/SRR809/006/SRR8095426/SRR8095426_1.fastq.gz	https://ftp.sra.ebi.ac.uk/vol1/fastq/SRR809/006/SRR8095426/SRR8095426_2.fastq.gz	SAMN10221067	1335258	s
SRR8095435	PAIRED	https://ftp.sra.ebi.ac.uk/vol1/fastq/SRR809/005/SRR8095435/SRR8095435_1.fastq.gz	https://ftp.sra.ebi.ac.uk/vol1/fastq/SRR809/005/SRR8095435/SRR8095435_2.fastq.gz	SAMN10221601	1340384	s
SRR8095440	PAIRED	https://ftp.sra.ebi.ac.uk/vol1/fastq/SRR809/000/SRR8095440/SRR8095440_1.fastq.gz	https://ftp.sra.ebi.ac.uk/vol1/fastq/SRR809/000/SRR8095440/SRR8095440_2.fastq.gz	SAMN10221606	791789	s
SRR8095441	PAIRED	https://ftp.sra.ebi.ac.uk/vol1/fastq/SRR809/001/SRR8095441/SRR8095441_1.fastq.gz	https://ftp.sra.ebi.ac.uk/vol1/fastq/SRR809/001/SRR8095441/SRR8095441_2.fastq.gz	SAMN10221607	525284	s
SRR8095447	PAIRED	https://ftp.sra.ebi.ac.uk/vol1/fastq/SRR809/007/SRR8095447/SRR8095447_1.fastq.gz	https://ftp.sra.ebi.ac.uk/vol1/fastq/SRR809/007/SRR8095447/SRR8095447_2.fastq.gz	SAMN10221405	1007396	s
SRR8095468	PAIRED	https://ftp.sra.ebi.ac.uk/vol1/fastq/SRR809/008/SRR8095468/SRR8095468_1.fastq.gz	https://ftp.sra.ebi.ac.uk/vol1/fastq/SRR809/008/SRR8095468/SRR8095468_2.fastq.gz	SAMN10221276	1180015	s
SRR8095469	PAIRED	https://ftp.sra.ebi.ac.uk/vol1/fastq/SRR809/009/SRR8095469/SRR8095469_1.fastq.gz	https://ftp.sra.ebi.ac.uk/vol1/fastq/SRR809/009/SRR8095469/SRR8095469_2.fastq.gz	SAMN10221277	1193790	s
SRR8095476	PAIRED	https://ftp.sra.ebi.ac.uk/vol1/fastq/SRR809/006/SRR8095476/SRR8095476_1.fastq.gz	https://ftp.sra.ebi.ac.uk/vol1/fastq/SRR809/006/SRR8095476/SRR8095476_2.fastq.gz	SAMN10221498	1096542	s
SRR8095487	PAIRED	https://ftp.sra.ebi.ac.uk/vol1/fastq/SRR809/007/SRR8095487/SRR8095487_1.fastq.gz	https://ftp.sra.ebi.ac.uk/vol1/fastq/SRR809/007/SRR8095487/SRR8095487_2.fastq.gz	SAMN10221105	646318	s
SRR8095488	PAIRED	https://ftp.sra.ebi.ac.uk/vol1/fastq/SRR809/008/SRR8095488/SRR8095488_1.fastq.gz	https://ftp.sra.ebi.ac.uk/vol1/fastq/SRR809/008/SRR8095488/SRR8095488_2.fastq.gz	SAMN10221104	881481	s
SRR8095490	PAIRED	https://ftp.sra.ebi.ac.uk/vol1/fastq/SRR809/000/SRR8095490/SRR8095490_1.fastq.gz	https://ftp.sra.ebi.ac.uk/vol1/fastq/SRR809/000/SRR8095490/SRR8095490_2.fastq.gz	SAMN10221102	1034767	s
SRR8095492	PAIRED	https://ftp.sra.ebi.ac.uk/vol1/fastq/SRR809/002/SRR8095492/SRR8095492_1.fastq.gz	https://ftp.sra.ebi.ac.uk/vol1/fastq/SRR809/002/SRR8095492/SRR8095492_2.fastq.gz	SAMN10221100	406623	s
SRR8095511	PAIRED	https://ftp.sra.ebi.ac.uk/vol1/fastq/SRR809/001/SRR8095511/SRR8095511_1.fastq.gz	https://ftp.sra.ebi.ac.uk/vol1/fastq/SRR809/001/SRR8095511/SRR8095511_2.fastq.gz	SAMN10221345	917433	s
SRR8095523	PAIRED	https://ftp.sra.ebi.ac.uk/vol1/fastq/SRR809/003/SRR8095523/SRR8095523_1.fastq.gz	https://ftp.sra.ebi.ac.uk/vol1/fastq/SRR809/003/SRR8095523/SRR8095523_2.fastq.gz	SAMN10221050	923965	s
SRR8095525	PAIRED	https://ftp.sra.ebi.ac.uk/vol1/fastq/SRR809/005/SRR8095525/SRR8095525_1.fastq.gz	https://ftp.sra.ebi.ac.uk/vol1/fastq/SRR809/005/SRR8095525/SRR8095525_2.fastq.gz	SAMN10221426	375494	s
SRR8095532	PAIRED	https://ftp.sra.ebi.ac.uk/vol1/fastq/SRR809/002/SRR8095532/SRR8095532_1.fastq.gz	https://ftp.sra.ebi.ac.uk/vol1/fastq/SRR809/002/SRR8095532/SRR8095532_2.fastq.gz	SAMN10221423	773000	s
SRR8095545	PAIRED	https://ftp.sra.ebi.ac.uk/vol1/fastq/SRR809/005/SRR8095545/SRR8095545_1.fastq.gz	https://ftp.sra.ebi.ac.uk/vol1/fastq/SRR809/005/SRR8095545/SRR8095545_2.fastq.gz	SAMN10221307	540035	s
SRR8095546	PAIRED	https://ftp.sra.ebi.ac.uk/vol1/fastq/SRR809/006/SRR8095546/SRR8095546_1.fastq.gz	https://ftp.sra.ebi.ac.uk/vol1/fastq/SRR809/006/SRR8095546/SRR8095546_2.fastq.gz	SAMN10221029	1054880	s
SRR8095562	PAIRED	https://ftp.sra.ebi.ac.uk/vol1/fastq/SRR809/002/SRR8095562/SRR8095562_1.fastq.gz	https://ftp.sra.ebi.ac.uk/vol1/fastq/SRR809/002/SRR8095562/SRR8095562_2.fastq.gz	SAMN10221181	817396	s
SRR8095568	PAIRED	https://ftp.sra.ebi.ac.uk/vol1/fastq/SRR809/008/SRR8095568/SRR8095568_1.fastq.gz	https://ftp.sra.ebi.ac.uk/vol1/fastq/SRR809/008/SRR8095568/SRR8095568_2.fastq.gz	SAMN10221183	1029028	s
SRR8095575	PAIRED	https://ftp.sra.ebi.ac.uk/vol1/fastq/SRR809/005/SRR8095575/SRR8095575_1.fastq.gz	https://ftp.sra.ebi.ac.uk/vol1/fastq/SRR809/005/SRR8095575/SRR8095575_2.fastq.gz	SAMN10221301	981104	s
SRR8095587	PAIRED	https://ftp.sra.ebi.ac.uk/vol1/fastq/SRR809/007/SRR8095587/SRR8095587_1.fastq.gz	https://ftp.sra.ebi.ac.uk/vol1/fastq/SRR809/007/SRR8095587/SRR8095587_2.fastq.gz	SAMN10221332	1257368	s
SRR8095590	PAIRED	https://ftp.sra.ebi.ac.uk/vol1/fastq/SRR809/000/SRR8095590/SRR8095590_1.fastq.gz	https://ftp.sra.ebi.ac.uk/vol1/fastq/SRR809/000/SRR8095590/SRR8095590_2.fastq.gz	SAMN10221335	965763	s
SRR8095624	PAIRED	https://ftp.sra.ebi.ac.uk/vol1/fastq/SRR809/004/SRR8095624/SRR8095624_1.fastq.gz	https://ftp.sra.ebi.ac.uk/vol1/fastq/SRR809/004/SRR8095624/SRR8095624_2.fastq.gz	SAMN10221437	581213	s
SRR8095625	PAIRED	https://ftp.sra.ebi.ac.uk/vol1/fastq/SRR809/005/SRR8095625/SRR8095625_1.fastq.gz	https://ftp.sra.ebi.ac.uk/vol1/fastq/SRR809/005/SRR8095625/SRR8095625_2.fastq.gz	SAMN10221436	998560	s
SRR8095626	PAIRED	https://ftp.sra.ebi.ac.uk/vol1/fastq/SRR809/006/SRR8095626/SRR8095626_1.fastq.gz	https://ftp.sra.ebi.ac.uk/vol1/fastq/SRR809/006/SRR8095626/SRR8095626_2.fastq.gz	SAMN10221584	282368	s
SRR8095643	PAIRED	https://ftp.sra.ebi.ac.uk/vol1/fastq/SRR809/003/SRR8095643/SRR8095643_1.fastq.gz	https://ftp.sra.ebi.ac.uk/vol1/fastq/SRR809/003/SRR8095643/SRR8095643_2.fastq.gz	SAMN10221654	617345	s
SRR8095673	PAIRED	https://ftp.sra.ebi.ac.uk/vol1/fastq/SRR809/003/SRR8095673/SRR8095673_1.fastq.gz	https://ftp.sra.ebi.ac.uk/vol1/fastq/SRR809/003/SRR8095673/SRR8095673_2.fastq.gz	SAMN10221477	876273	s
SRR8095685	PAIRED	https://ftp.sra.ebi.ac.uk/vol1/fastq/SRR809/005/SRR8095685/SRR8095685_1.fastq.gz	https://ftp.sra.ebi.ac.uk/vol1/fastq/SRR809/005/SRR8095685/SRR8095685_2.fastq.gz	SAMN10221086	1093969	s
SRR8095686	PAIRED	https://ftp.sra.ebi.ac.uk/vol1/fastq/SRR809/006/SRR8095686/SRR8095686_1.fastq.gz	https://ftp.sra.ebi.ac.uk/vol1/fastq/SRR809/006/SRR8095686/SRR8095686_2.fastq.gz	SAMN10221083	951234	s
SRR8095690	PAIRED	https://ftp.sra.ebi.ac.uk/vol1/fastq/SRR809/000/SRR8095690/SRR8095690_1.fastq.gz	https://ftp.sra.ebi.ac.uk/vol1/fastq/SRR809/000/SRR8095690/SRR8095690_2.fastq.gz	SAMN10221079	853274	s
SRR8095697	PAIRED	https://ftp.sra.ebi.ac.uk/vol1/fastq/SRR809/007/SRR8095697/SRR8095697_1.fastq.gz	https://ftp.sra.ebi.ac.uk/vol1/fastq/SRR809/007/SRR8095697/SRR8095697_2.fastq.gz	SAMN10221205	635867	s
SRR8095698	PAIRED	https://ftp.sra.ebi.ac.uk/vol1/fastq/SRR809/008/SRR8095698/SRR8095698_1.fastq.gz	https://ftp.sra.ebi.ac.uk/vol1/fastq/SRR809/008/SRR8095698/SRR8095698_2.fastq.gz	SAMN10221198	1049645	s
SRR8095706	PAIRED	https://ftp.sra.ebi.ac.uk/vol1/fastq/SRR809/006/SRR8095706/SRR8095706_1.fastq.gz	https://ftp.sra.ebi.ac.uk/vol1/fastq/SRR809/006/SRR8095706/SRR8095706_2.fastq.gz	SAMN10221663	298403	s
SRR8095712	PAIRED	https://ftp.sra.ebi.ac.uk/vol1/fastq/SRR809/002/SRR8095712/SRR8095712_1.fastq.gz	https://ftp.sra.ebi.ac.uk/vol1/fastq/SRR809/002/SRR8095712/SRR8095712_2.fastq.gz	SAMN10221661	607612	s
SRR8095718	PAIRED	https://ftp.sra.ebi.ac.uk/vol1/fastq/SRR809/008/SRR8095718/SRR8095718_1.fastq.gz	https://ftp.sra.ebi.ac.uk/vol1/fastq/SRR809/008/SRR8095718/SRR8095718_2.fastq.gz	SAMN10221455	1149771	s
SRR8095739	PAIRED	https://ftp.sra.ebi.ac.uk/vol1/fastq/SRR809/009/SRR8095739/SRR8095739_1.fastq.gz	https://ftp.sra.ebi.ac.uk/vol1/fastq/SRR809/009/SRR8095739/SRR8095739_2.fastq.gz	SAMN10221540	467519	s
SRR8095740	PAIRED	https://ftp.sra.ebi.ac.uk/vol1/fastq/SRR809/000/SRR8095740/SRR8095740_1.fastq.gz	https://ftp.sra.ebi.ac.uk/vol1/fastq/SRR809/000/SRR8095740/SRR8095740_2.fastq.gz	SAMN10221045	1109815	s
SRR8095741	PAIRED	https://ftp.sra.ebi.ac.uk/vol1/fastq/SRR809/001/SRR8095741/SRR8095741_1.fastq.gz	https://ftp.sra.ebi.ac.uk/vol1/fastq/SRR809/001/SRR8095741/SRR8095741_2.fastq.gz	SAMN10221626	1044498	s
SRR8095745	PAIRED	https://ftp.sra.ebi.ac.uk/vol1/fastq/SRR809/005/SRR8095745/SRR8095745_1.fastq.gz	https://ftp.sra.ebi.ac.uk/vol1/fastq/SRR809/005/SRR8095745/SRR8095745_2.fastq.gz	SAMN10221621	981383	s
SRR8095746	PAIRED	https://ftp.sra.ebi.ac.uk/vol1/fastq/SRR809/006/SRR8095746/SRR8095746_1.fastq.gz	https://ftp.sra.ebi.ac.uk/vol1/fastq/SRR809/006/SRR8095746/SRR8095746_2.fastq.gz	SAMN10221618	611086	s
SRR8095748	PAIRED	https://ftp.sra.ebi.ac.uk/vol1/fastq/SRR809/008/SRR8095748/SRR8095748_1.fastq.gz	https://ftp.sra.ebi.ac.uk/vol1/fastq/SRR809/008/SRR8095748/SRR8095748_2.fastq.gz	SAMN10221624	799030	s
SRR8095749	PAIRED	https://ftp.sra.ebi.ac.uk/vol1/fastq/SRR809/009/SRR8095749/SRR8095749_1.fastq.gz	https://ftp.sra.ebi.ac.uk/vol1/fastq/SRR809/009/SRR8095749/SRR8095749_2.fastq.gz	SAMN10221625	283324	s
SRR8095758	PAIRED	https://ftp.sra.ebi.ac.uk/vol1/fastq/SRR809/008/SRR8095758/SRR8095758_1.fastq.gz	https://ftp.sra.ebi.ac.uk/vol1/fastq/SRR809/008/SRR8095758/SRR8095758_2.fastq.gz	SAMN10220982	997290	s
SRR8095768	PAIRED	https://ftp.sra.ebi.ac.uk/vol1/fastq/SRR809/008/SRR8095768/SRR8095768_1.fastq.gz	https://ftp.sra.ebi.ac.uk/vol1/fastq/SRR809/008/SRR8095768/SRR8095768_2.fastq.gz	SAMN10221122	930766	s
SRR8095777	PAIRED	https://ftp.sra.ebi.ac.uk/vol1/fastq/SRR809/007/SRR8095777/SRR8095777_1.fastq.gz	https://ftp.sra.ebi.ac.uk/vol1/fastq/SRR809/007/SRR8095777/SRR8095777_2.fastq.gz	SAMN10221164	767937	s
SRR8095789	PAIRED	https://ftp.sra.ebi.ac.uk/vol1/fastq/SRR809/009/SRR8095789/SRR8095789_1.fastq.gz	https://ftp.sra.ebi.ac.uk/vol1/fastq/SRR809/009/SRR8095789/SRR8095789_2.fastq.gz	SAMN10221147	1175617	s
SRR8095821	PAIRED	https://ftp.sra.ebi.ac.uk/vol1/fastq/SRR809/001/SRR8095821/SRR8095821_1.fastq.gz	https://ftp.sra.ebi.ac.uk/vol1/fastq/SRR809/001/SRR8095821/SRR8095821_2.fastq.gz	SAMN10221255	613727	s
SRR8095831	PAIRED	https://ftp.sra.ebi.ac.uk/vol1/fastq/SRR809/001/SRR8095831/SRR8095831_1.fastq.gz	https://ftp.sra.ebi.ac.uk/vol1/fastq/SRR809/001/SRR8095831/SRR8095831_2.fastq.gz	SAMN10221412	736258	s
SRR8095836	PAIRED	https://ftp.sra.ebi.ac.uk/vol1/fastq/SRR809/006/SRR8095836/SRR8095836_1.fastq.gz	https://ftp.sra.ebi.ac.uk/vol1/fastq/SRR809/006/SRR8095836/SRR8095836_2.fastq.gz	SAMN10221590	463988	s
SRR8095842	PAIRED	https://ftp.sra.ebi.ac.uk/vol1/fastq/SRR809/002/SRR8095842/SRR8095842_1.fastq.gz	https://ftp.sra.ebi.ac.uk/vol1/fastq/SRR809/002/SRR8095842/SRR8095842_2.fastq.gz	SAMN10221469	342760	s
SRR8095865	PAIRED	https://ftp.sra.ebi.ac.uk/vol1/fastq/SRR809/005/SRR8095865/SRR8095865_1.fastq.gz	https://ftp.sra.ebi.ac.uk/vol1/fastq/SRR809/005/SRR8095865/SRR8095865_2.fastq.gz	SAMN10221282	1268759	s
SRR8095868	PAIRED	https://ftp.sra.ebi.ac.uk/vol1/fastq/SRR809/008/SRR8095868/SRR8095868_1.fastq.gz	https://ftp.sra.ebi.ac.uk/vol1/fastq/SRR809/008/SRR8095868/SRR8095868_2.fastq.gz	SAMN10221349	980784	s
SRR8095873	PAIRED	https://ftp.sra.ebi.ac.uk/vol1/fastq/SRR809/003/SRR8095873/SRR8095873_1.fastq.gz	https://ftp.sra.ebi.ac.uk/vol1/fastq/SRR809/003/SRR8095873/SRR8095873_2.fastq.gz	SAMN10221159	902841	s
SRR8095878	PAIRED	https://ftp.sra.ebi.ac.uk/vol1/fastq/SRR809/008/SRR8095878/SRR8095878_1.fastq.gz	https://ftp.sra.ebi.ac.uk/vol1/fastq/SRR809/008/SRR8095878/SRR8095878_2.fastq.gz	SAMN10221388	715288	s
SRR8095884	PAIRED	https://ftp.sra.ebi.ac.uk/vol1/fastq/SRR809/004/SRR8095884/SRR8095884_1.fastq.gz	https://ftp.sra.ebi.ac.uk/vol1/fastq/SRR809/004/SRR8095884/SRR8095884_2.fastq.gz	SAMN10221396	815964	s
SRR8095885	PAIRED	https://ftp.sra.ebi.ac.uk/vol1/fastq/SRR809/005/SRR8095885/SRR8095885_1.fastq.gz	https://ftp.sra.ebi.ac.uk/vol1/fastq/SRR809/005/SRR8095885/SRR8095885_2.fastq.gz	SAMN10221008	821827	s
SRR8095889	PAIRED	https://ftp.sra.ebi.ac.uk/vol1/fastq/SRR809/009/SRR8095889/SRR8095889_1.fastq.gz	https://ftp.sra.ebi.ac.uk/vol1/fastq/SRR809/009/SRR8095889/SRR8095889_2.fastq.gz	SAMN10221012	1165357	s
SRR8095891	PAIRED	https://ftp.sra.ebi.ac.uk/vol1/fastq/SRR809/001/SRR8095891/SRR8095891_1.fastq.gz	https://ftp.sra.ebi.ac.uk/vol1/fastq/SRR809/001/SRR8095891/SRR8095891_2.fastq.gz	SAMN10221096	1201089	s
SRR8095892	PAIRED	https://ftp.sra.ebi.ac.uk/vol1/fastq/SRR809/002/SRR8095892/SRR8095892_1.fastq.gz	https://ftp.sra.ebi.ac.uk/vol1/fastq/SRR809/002/SRR8095892/SRR8095892_2.fastq.gz	SAMN10221097	913182	s
SRR8095895	PAIRED	https://ftp.sra.ebi.ac.uk/vol1/fastq/SRR809/005/SRR8095895/SRR8095895_1.fastq.gz	https://ftp.sra.ebi.ac.uk/vol1/fastq/SRR809/005/SRR8095895/SRR8095895_2.fastq.gz	SAMN10221092	735630	s
SRR8095909	PAIRED	https://ftp.sra.ebi.ac.uk/vol1/fastq/SRR809/009/SRR8095909/SRR8095909_1.fastq.gz	https://ftp.sra.ebi.ac.uk/vol1/fastq/SRR809/009/SRR8095909/SRR8095909_2.fastq.gz	SAMN10221467	922542	s
SRR8095911	PAIRED	https://ftp.sra.ebi.ac.uk/vol1/fastq/SRR809/001/SRR8095911/SRR8095911_1.fastq.gz	https://ftp.sra.ebi.ac.uk/vol1/fastq/SRR809/001/SRR8095911/SRR8095911_2.fastq.gz	SAMN10221670	312335	s
SRR8095919	PAIRED	https://ftp.sra.ebi.ac.uk/vol1/fastq/SRR809/009/SRR8095919/SRR8095919_1.fastq.gz	https://ftp.sra.ebi.ac.uk/vol1/fastq/SRR809/009/SRR8095919/SRR8095919_2.fastq.gz	SAMN10221441	1125848	s
SRR8095920	PAIRED	https://ftp.sra.ebi.ac.uk/vol1/fastq/SRR809/000/SRR8095920/SRR8095920_1.fastq.gz	https://ftp.sra.ebi.ac.uk/vol1/fastq/SRR809/000/SRR8095920/SRR8095920_2.fastq.gz	SAMN10221438	1052885	s
SRR8095921	PAIRED	https://ftp.sra.ebi.ac.uk/vol1/fastq/SRR809/001/SRR8095921/SRR8095921_1.fastq.gz	https://ftp.sra.ebi.ac.uk/vol1/fastq/SRR809/001/SRR8095921/SRR8095921_2.fastq.gz	SAMN10221439	783079	s
SRR8095922	PAIRED	https://ftp.sra.ebi.ac.uk/vol1/fastq/SRR809/002/SRR8095922/SRR8095922_1.fastq.gz	https://ftp.sra.ebi.ac.uk/vol1/fastq/SRR809/002/SRR8095922/SRR8095922_2.fastq.gz	SAMN10221446	855299	s
SRR8095933	PAIRED	https://ftp.sra.ebi.ac.uk/vol1/fastq/SRR809/003/SRR8095933/SRR8095933_1.fastq.gz	https://ftp.sra.ebi.ac.uk/vol1/fastq/SRR809/003/SRR8095933/SRR8095933_2.fastq.gz	SAMN10220967	946066	s
SRR8095935	PAIRED	https://ftp.sra.ebi.ac.uk/vol1/fastq/SRR809/005/SRR8095935/SRR8095935_1.fastq.gz	https://ftp.sra.ebi.ac.uk/vol1/fastq/SRR809/005/SRR8095935/SRR8095935_2.fastq.gz	SAMN10221411	630649	s
SRR8095946	PAIRED	https://ftp.sra.ebi.ac.uk/vol1/fastq/SRR809/006/SRR8095946/SRR8095946_1.fastq.gz	https://ftp.sra.ebi.ac.uk/vol1/fastq/SRR809/006/SRR8095946/SRR8095946_2.fastq.gz	SAMN10221410	994739	s
SRR8095961	PAIRED	https://ftp.sra.ebi.ac.uk/vol1/fastq/SRR809/001/SRR8095961/SRR8095961_1.fastq.gz	https://ftp.sra.ebi.ac.uk/vol1/fastq/SRR809/001/SRR8095961/SRR8095961_2.fastq.gz	SAMN10221016	465415	s
SRR8095964	PAIRED	https://ftp.sra.ebi.ac.uk/vol1/fastq/SRR809/004/SRR8095964/SRR8095964_1.fastq.gz	https://ftp.sra.ebi.ac.uk/vol1/fastq/SRR809/004/SRR8095964/SRR8095964_2.fastq.gz	SAMN10221529	421861	s
SRR8095970	PAIRED	https://ftp.sra.ebi.ac.uk/vol1/fastq/SRR809/000/SRR8095970/SRR8095970_1.fastq.gz	https://ftp.sra.ebi.ac.uk/vol1/fastq/SRR809/000/SRR8095970/SRR8095970_2.fastq.gz	SAMN10221243	1006089	s
SRR8095972	PAIRED	https://ftp.sra.ebi.ac.uk/vol1/fastq/SRR809/002/SRR8095972/SRR8095972_1.fastq.gz	https://ftp.sra.ebi.ac.uk/vol1/fastq/SRR809/002/SRR8095972/SRR8095972_2.fastq.gz	SAMN10221245	797942	s
SRR8095988	PAIRED	https://ftp.sra.ebi.ac.uk/vol1/fastq/SRR809/008/SRR8095988/SRR8095988_1.fastq.gz	https://ftp.sra.ebi.ac.uk/vol1/fastq/SRR809/008/SRR8095988/SRR8095988_2.fastq.gz	SAMN10221128	621212	s
SRR8095990	PAIRED	https://ftp.sra.ebi.ac.uk/vol1/fastq/SRR809/000/SRR8095990/SRR8095990_1.fastq.gz	https://ftp.sra.ebi.ac.uk/vol1/fastq/SRR809/000/SRR8095990/SRR8095990_2.fastq.gz	SAMN10221134	738329	s
SRR8136756	PAIRED	https://ftp.sra.ebi.ac.uk/vol1/fastq/SRR813/006/SRR8136756/SRR8136756_1.fastq.gz	https://ftp.sra.ebi.ac.uk/vol1/fastq/SRR813/006/SRR8136756/SRR8136756_2.fastq.gz	SAMN10348383	1561713	s
SRR8136784	PAIRED	https://ftp.sra.ebi.ac.uk/vol1/fastq/SRR813/004/SRR8136784/SRR8136784_1.fastq.gz	https://ftp.sra.ebi.ac.uk/vol1/fastq/SRR813/004/SRR8136784/SRR8136784_2.fastq.gz	SAMN10348493	1074256	s
SRR8139715	PAIRED	https://ftp.sra.ebi.ac.uk/vol1/fastq/SRR813/005/SRR8139715/SRR8139715_1.fastq.gz	https://ftp.sra.ebi.ac.uk/vol1/fastq/SRR813/005/SRR8139715/SRR8139715_2.fastq.gz	SAMN10353501	1207155	s
SRR8176779	PAIRED	https://ftp.sra.ebi.ac.uk/vol1/fastq/SRR817/009/SRR8176779/SRR8176779_1.fastq.gz	https://ftp.sra.ebi.ac.uk/vol1/fastq/SRR817/009/SRR8176779/SRR8176779_2.fastq.gz	SAMN10396969	793043	u
SRR8206985	PAIRED	https://ftp.sra.ebi.ac.uk/vol1/fastq/SRR820/005/SRR8206985/SRR8206985_1.fastq.gz	https://ftp.sra.ebi.ac.uk/vol1/fastq/SRR820/005/SRR8206985/SRR8206985_2.fastq.gz	SAMN10416382	1409792	u
SRR8207013	PAIRED	https://ftp.sra.ebi.ac.uk/vol1/fastq/SRR820/003/SRR8207013/SRR8207013_1.fastq.gz	https://ftp.sra.ebi.ac.uk/vol1/fastq/SRR820/003/SRR8207013/SRR8207013_2.fastq.gz	SAMN10416384	827709	u
SRR8236051	PAIRED	https://ftp.sra.ebi.ac.uk/vol1/fastq/SRR823/001/SRR8236051/SRR8236051_1.fastq.gz	https://ftp.sra.ebi.ac.uk/vol1/fastq/SRR823/001/SRR8236051/SRR8236051_2.fastq.gz	SAMN10393224	1087083	u
SRR8247816	PAIRED	https://ftp.sra.ebi.ac.uk/vol1/fastq/SRR824/006/SRR8247816/SRR8247816_1.fastq.gz	https://ftp.sra.ebi.ac.uk/vol1/fastq/SRR824/006/SRR8247816/SRR8247816_2.fastq.gz	SAMN10457091	1016353	u
SRR8318548	PAIRED	https://ftp.sra.ebi.ac.uk/vol1/fastq/SRR831/008/SRR8318548/SRR8318548_1.fastq.gz	https://ftp.sra.ebi.ac.uk/vol1/fastq/SRR831/008/SRR8318548/SRR8318548_2.fastq.gz	SAMN10594325	1418435	s
SRR8444321	PAIRED	https://ftp.sra.ebi.ac.uk/vol1/fastq/SRR844/001/SRR8444321/SRR8444321_1.fastq.gz	https://ftp.sra.ebi.ac.uk/vol1/fastq/SRR844/001/SRR8444321/SRR8444321_2.fastq.gz	SAMN10748581	4430443	u
SRR8448138	PAIRED	https://ftp.sra.ebi.ac.uk/vol1/fastq/SRR844/008/SRR8448138/SRR8448138_1.fastq.gz	https://ftp.sra.ebi.ac.uk/vol1/fastq/SRR844/008/SRR8448138/SRR8448138_2.fastq.gz	SAMN10748593	5264259	u
SRR8478944	PAIRED	https://ftp.sra.ebi.ac.uk/vol1/fastq/SRR847/004/SRR8478944/SRR8478944_1.fastq.gz	https://ftp.sra.ebi.ac.uk/vol1/fastq/SRR847/004/SRR8478944/SRR8478944_2.fastq.gz	SAMN10794287	924213	s
SRR8482250	PAIRED	https://ftp.sra.ebi.ac.uk/vol1/fastq/SRR848/000/SRR8482250/SRR8482250_1.fastq.gz	https://ftp.sra.ebi.ac.uk/vol1/fastq/SRR848/000/SRR8482250/SRR8482250_2.fastq.gz	SAMN10808243	1477417	s
SRR8482351	PAIRED	https://ftp.sra.ebi.ac.uk/vol1/fastq/SRR848/001/SRR8482351/SRR8482351_1.fastq.gz	https://ftp.sra.ebi.ac.uk/vol1/fastq/SRR848/001/SRR8482351/SRR8482351_2.fastq.gz	SAMN10810231	549123	s
SRR8489080	PAIRED	https://ftp.sra.ebi.ac.uk/vol1/fastq/SRR848/000/SRR8489080/SRR8489080_1.fastq.gz	https://ftp.sra.ebi.ac.uk/vol1/fastq/SRR848/000/SRR8489080/SRR8489080_2.fastq.gz	SAMN10821743	811100	s
SRR8502634	PAIRED	https://ftp.sra.ebi.ac.uk/vol1/fastq/SRR850/004/SRR8502634/SRR8502634_1.fastq.gz	https://ftp.sra.ebi.ac.uk/vol1/fastq/SRR850/004/SRR8502634/SRR8502634_2.fastq.gz	SAMN10840588	1115241	s
SRR8502728	PAIRED	https://ftp.sra.ebi.ac.uk/vol1/fastq/SRR850/008/SRR8502728/SRR8502728_1.fastq.gz	https://ftp.sra.ebi.ac.uk/vol1/fastq/SRR850/008/SRR8502728/SRR8502728_2.fastq.gz	SAMN10393223	802593	u
SRR8625824	PAIRED	https://ftp.sra.ebi.ac.uk/vol1/fastq/SRR862/004/SRR8625824/SRR8625824_1.fastq.gz	https://ftp.sra.ebi.ac.uk/vol1/fastq/SRR862/004/SRR8625824/SRR8625824_2.fastq.gz	SAMN11008224	1522769	u
SRR8632714	PAIRED	https://ftp.sra.ebi.ac.uk/vol1/fastq/SRR863/004/SRR8632714/SRR8632714_1.fastq.gz	https://ftp.sra.ebi.ac.uk/vol1/fastq/SRR863/004/SRR8632714/SRR8632714_2.fastq.gz	SAMN11022126	1251593	u
SRR8643367	PAIRED	https://ftp.sra.ebi.ac.uk/vol1/fastq/SRR864/007/SRR8643367/SRR8643367_1.fastq.gz	https://ftp.sra.ebi.ac.uk/vol1/fastq/SRR864/007/SRR8643367/SRR8643367_2.fastq.gz	SAMN11029170	696246	s
SRR8648061	PAIRED	https://ftp.sra.ebi.ac.uk/vol1/fastq/SRR864/001/SRR8648061/SRR8648061_1.fastq.gz	https://ftp.sra.ebi.ac.uk/vol1/fastq/SRR864/001/SRR8648061/SRR8648061_2.fastq.gz	SAMN11031616	1976417	s
SRR8650368	PAIRED	https://ftp.sra.ebi.ac.uk/vol1/fastq/SRR865/008/SRR8650368/SRR8650368_1.fastq.gz	https://ftp.sra.ebi.ac.uk/vol1/fastq/SRR865/008/SRR8650368/SRR8650368_2.fastq.gz	SAMN11031756	1621955	s
SRR8650371	PAIRED	https://ftp.sra.ebi.ac.uk/vol1/fastq/SRR865/001/SRR8650371/SRR8650371_1.fastq.gz	https://ftp.sra.ebi.ac.uk/vol1/fastq/SRR865/001/SRR8650371/SRR8650371_2.fastq.gz	SAMN11031750	1845343	s
SRR8650388	PAIRED	https://ftp.sra.ebi.ac.uk/vol1/fastq/SRR865/008/SRR8650388/SRR8650388_1.fastq.gz	https://ftp.sra.ebi.ac.uk/vol1/fastq/SRR865/008/SRR8650388/SRR8650388_2.fastq.gz	SAMN11031609	1603949	s
SRR8650389	PAIRED	https://ftp.sra.ebi.ac.uk/vol1/fastq/SRR865/009/SRR8650389/SRR8650389_1.fastq.gz	https://ftp.sra.ebi.ac.uk/vol1/fastq/SRR865/009/SRR8650389/SRR8650389_2.fastq.gz	SAMN11031735	1406974	s
SRR8650419	PAIRED	https://ftp.sra.ebi.ac.uk/vol1/fastq/SRR865/009/SRR8650419/SRR8650419_1.fastq.gz	https://ftp.sra.ebi.ac.uk/vol1/fastq/SRR865/009/SRR8650419/SRR8650419_2.fastq.gz	SAMN11031654	1342424	s
SRR8650423	PAIRED	https://ftp.sra.ebi.ac.uk/vol1/fastq/SRR865/003/SRR8650423/SRR8650423_1.fastq.gz	https://ftp.sra.ebi.ac.uk/vol1/fastq/SRR865/003/SRR8650423/SRR8650423_2.fastq.gz	SAMN11031714	1195105	s
SRR8728074	PAIRED	https://ftp.sra.ebi.ac.uk/vol1/fastq/SRR872/004/SRR8728074/SRR8728074_1.fastq.gz	https://ftp.sra.ebi.ac.uk/vol1/fastq/SRR872/004/SRR8728074/SRR8728074_2.fastq.gz	SAMN11127355	721273	u
SRR8844677	PAIRED	https://ftp.sra.ebi.ac.uk/vol1/fastq/SRR884/007/SRR8844677/SRR8844677_1.fastq.gz	https://ftp.sra.ebi.ac.uk/vol1/fastq/SRR884/007/SRR8844677/SRR8844677_2.fastq.gz	SAMN11335462	2361991	s
SRR8844679	PAIRED	https://ftp.sra.ebi.ac.uk/vol1/fastq/SRR884/009/SRR8844679/SRR8844679_1.fastq.gz	https://ftp.sra.ebi.ac.uk/vol1/fastq/SRR884/009/SRR8844679/SRR8844679_2.fastq.gz	SAMN11335456	1602650	s
SRR8844680	PAIRED	https://ftp.sra.ebi.ac.uk/vol1/fastq/SRR884/000/SRR8844680/SRR8844680_1.fastq.gz	https://ftp.sra.ebi.ac.uk/vol1/fastq/SRR884/000/SRR8844680/SRR8844680_2.fastq.gz	SAMN11335459	1074493	s
SRR8844692	PAIRED	https://ftp.sra.ebi.ac.uk/vol1/fastq/SRR884/002/SRR8844692/SRR8844692_1.fastq.gz	https://ftp.sra.ebi.ac.uk/vol1/fastq/SRR884/002/SRR8844692/SRR8844692_2.fastq.gz	SAMN11335372	1017539	r
SRR8844698	PAIRED	https://ftp.sra.ebi.ac.uk/vol1/fastq/SRR884/008/SRR8844698/SRR8844698_1.fastq.gz	https://ftp.sra.ebi.ac.uk/vol1/fastq/SRR884/008/SRR8844698/SRR8844698_2.fastq.gz	SAMN11335366	530767	r
SRR8844699	PAIRED	https://ftp.sra.ebi.ac.uk/vol1/fastq/SRR884/009/SRR8844699/SRR8844699_1.fastq.gz	https://ftp.sra.ebi.ac.uk/vol1/fastq/SRR884/009/SRR8844699/SRR8844699_2.fastq.gz	SAMN11335367	387322	r
SRR8844704	PAIRED	https://ftp.sra.ebi.ac.uk/vol1/fastq/SRR884/004/SRR8844704/SRR8844704_1.fastq.gz	https://ftp.sra.ebi.ac.uk/vol1/fastq/SRR884/004/SRR8844704/SRR8844704_2.fastq.gz	SAMN11335417	914551	r
SRR8844710	PAIRED	https://ftp.sra.ebi.ac.uk/vol1/fastq/SRR884/000/SRR8844710/SRR8844710_1.fastq.gz	https://ftp.sra.ebi.ac.uk/vol1/fastq/SRR884/000/SRR8844710/SRR8844710_2.fastq.gz	SAMN11335425	1498205	r
SRR8844723	PAIRED	https://ftp.sra.ebi.ac.uk/vol1/fastq/SRR884/003/SRR8844723/SRR8844723_1.fastq.gz	https://ftp.sra.ebi.ac.uk/vol1/fastq/SRR884/003/SRR8844723/SRR8844723_2.fastq.gz	SAMN11335404	982510	r
SRR8844751	PAIRED	https://ftp.sra.ebi.ac.uk/vol1/fastq/SRR884/001/SRR8844751/SRR8844751_1.fastq.gz	https://ftp.sra.ebi.ac.uk/vol1/fastq/SRR884/001/SRR8844751/SRR8844751_2.fastq.gz	SAMN11335376	733919	r
SRR8844766	PAIRED	https://ftp.sra.ebi.ac.uk/vol1/fastq/SRR884/006/SRR8844766/SRR8844766_1.fastq.gz	https://ftp.sra.ebi.ac.uk/vol1/fastq/SRR884/006/SRR8844766/SRR8844766_2.fastq.gz	SAMN11335388	2065416	r
SRR8844767	PAIRED	https://ftp.sra.ebi.ac.uk/vol1/fastq/SRR884/007/SRR8844767/SRR8844767_1.fastq.gz	https://ftp.sra.ebi.ac.uk/vol1/fastq/SRR884/007/SRR8844767/SRR8844767_2.fastq.gz	SAMN11335389	1608485	r
SRR8844768	PAIRED	https://ftp.sra.ebi.ac.uk/vol1/fastq/SRR884/008/SRR8844768/SRR8844768_1.fastq.gz	https://ftp.sra.ebi.ac.uk/vol1/fastq/SRR884/008/SRR8844768/SRR8844768_2.fastq.gz	SAMN11335390	2230791	r
SRR8895779	PAIRED	https://ftp.sra.ebi.ac.uk/vol1/fastq/SRR889/009/SRR8895779/SRR8895779_1.fastq.gz	https://ftp.sra.ebi.ac.uk/vol1/fastq/SRR889/009/SRR8895779/SRR8895779_2.fastq.gz	SAMN11417669	3037060	u
SRR8896899	PAIRED	https://ftp.sra.ebi.ac.uk/vol1/fastq/SRR889/009/SRR8896899/SRR8896899_1.fastq.gz	https://ftp.sra.ebi.ac.uk/vol1/fastq/SRR889/009/SRR8896899/SRR8896899_2.fastq.gz	SAMN11417755	2079068	u
SRR8924498	PAIRED	https://ftp.sra.ebi.ac.uk/vol1/fastq/SRR892/008/SRR8924498/SRR8924498_1.fastq.gz	https://ftp.sra.ebi.ac.uk/vol1/fastq/SRR892/008/SRR8924498/SRR8924498_2.fastq.gz	SAMN11457295	607247	s
SRR8926896	PAIRED	https://ftp.sra.ebi.ac.uk/vol1/fastq/SRR892/006/SRR8926896/SRR8926896_1.fastq.gz	https://ftp.sra.ebi.ac.uk/vol1/fastq/SRR892/006/SRR8926896/SRR8926896_2.fastq.gz	SAMN11461884	1634668	u
SRR8956188	PAIRED	https://ftp.sra.ebi.ac.uk/vol1/fastq/SRR895/008/SRR8956188/SRR8956188_1.fastq.gz	https://ftp.sra.ebi.ac.uk/vol1/fastq/SRR895/008/SRR8956188/SRR8956188_2.fastq.gz	SAMN11507219	667166	s
SRR9002272	PAIRED	https://ftp.sra.ebi.ac.uk/vol1/fastq/SRR900/002/SRR9002272/SRR9002272_1.fastq.gz	https://ftp.sra.ebi.ac.uk/vol1/fastq/SRR900/002/SRR9002272/SRR9002272_2.fastq.gz	SAMN11372926	723660	s
SRR9002281	PAIRED	https://ftp.sra.ebi.ac.uk/vol1/fastq/SRR900/001/SRR9002281/SRR9002281_1.fastq.gz	https://ftp.sra.ebi.ac.uk/vol1/fastq/SRR900/001/SRR9002281/SRR9002281_2.fastq.gz	SAMN11372845	398595	s
SRR9002282	PAIRED	https://ftp.sra.ebi.ac.uk/vol1/fastq/SRR900/002/SRR9002282/SRR9002282_1.fastq.gz	https://ftp.sra.ebi.ac.uk/vol1/fastq/SRR900/002/SRR9002282/SRR9002282_2.fastq.gz	SAMN11372848	788567	s
SRR9002285	PAIRED	https://ftp.sra.ebi.ac.uk/vol1/fastq/SRR900/005/SRR9002285/SRR9002285_1.fastq.gz	https://ftp.sra.ebi.ac.uk/vol1/fastq/SRR900/005/SRR9002285/SRR9002285_2.fastq.gz	SAMN11372956	1009492	s
SRR9002296	PAIRED	https://ftp.sra.ebi.ac.uk/vol1/fastq/SRR900/006/SRR9002296/SRR9002296_1.fastq.gz	https://ftp.sra.ebi.ac.uk/vol1/fastq/SRR900/006/SRR9002296/SRR9002296_2.fastq.gz	SAMN11372904	999740	s
SRR9002298	PAIRED	https://ftp.sra.ebi.ac.uk/vol1/fastq/SRR900/008/SRR9002298/SRR9002298_1.fastq.gz	https://ftp.sra.ebi.ac.uk/vol1/fastq/SRR900/008/SRR9002298/SRR9002298_2.fastq.gz	SAMN11372959	1584577	s
SRR9002302	PAIRED	https://ftp.sra.ebi.ac.uk/vol1/fastq/SRR900/002/SRR9002302/SRR9002302_1.fastq.gz	https://ftp.sra.ebi.ac.uk/vol1/fastq/SRR900/002/SRR9002302/SRR9002302_2.fastq.gz	SAMN11372907	926734	s
SRR9002308	PAIRED	https://ftp.sra.ebi.ac.uk/vol1/fastq/SRR900/008/SRR9002308/SRR9002308_1.fastq.gz	https://ftp.sra.ebi.ac.uk/vol1/fastq/SRR900/008/SRR9002308/SRR9002308_2.fastq.gz	SAMN11372943	732250	s
SRR9002328	PAIRED	https://ftp.sra.ebi.ac.uk/vol1/fastq/SRR900/008/SRR9002328/SRR9002328_1.fastq.gz	https://ftp.sra.ebi.ac.uk/vol1/fastq/SRR900/008/SRR9002328/SRR9002328_2.fastq.gz	SAMN11372937	369058	s
SRR9002336	PAIRED	https://ftp.sra.ebi.ac.uk/vol1/fastq/SRR900/006/SRR9002336/SRR9002336_1.fastq.gz	https://ftp.sra.ebi.ac.uk/vol1/fastq/SRR900/006/SRR9002336/SRR9002336_2.fastq.gz	SAMN11372879	1022741	s
SRR9002350	PAIRED	https://ftp.sra.ebi.ac.uk/vol1/fastq/SRR900/000/SRR9002350/SRR9002350_1.fastq.gz	https://ftp.sra.ebi.ac.uk/vol1/fastq/SRR900/000/SRR9002350/SRR9002350_2.fastq.gz	SAMN11372884	949271	s
SRR9002368	PAIRED	https://ftp.sra.ebi.ac.uk/vol1/fastq/SRR900/008/SRR9002368/SRR9002368_1.fastq.gz	https://ftp.sra.ebi.ac.uk/vol1/fastq/SRR900/008/SRR9002368/SRR9002368_2.fastq.gz	SAMN11372859	778356	s
SRR9002377	PAIRED	https://ftp.sra.ebi.ac.uk/vol1/fastq/SRR900/007/SRR9002377/SRR9002377_1.fastq.gz	https://ftp.sra.ebi.ac.uk/vol1/fastq/SRR900/007/SRR9002377/SRR9002377_2.fastq.gz	SAMN11372854	712644	s
SRR9002378	PAIRED	https://ftp.sra.ebi.ac.uk/vol1/fastq/SRR900/008/SRR9002378/SRR9002378_1.fastq.gz	https://ftp.sra.ebi.ac.uk/vol1/fastq/SRR900/008/SRR9002378/SRR9002378_2.fastq.gz	SAMN11372924	865594	s
SRR9002397	PAIRED	https://ftp.sra.ebi.ac.uk/vol1/fastq/SRR900/007/SRR9002397/SRR9002397_1.fastq.gz	https://ftp.sra.ebi.ac.uk/vol1/fastq/SRR900/007/SRR9002397/SRR9002397_2.fastq.gz	SAMN11372960	2383187	s
SRR9002401	PAIRED	https://ftp.sra.ebi.ac.uk/vol1/fastq/SRR900/001/SRR9002401/SRR9002401_1.fastq.gz	https://ftp.sra.ebi.ac.uk/vol1/fastq/SRR900/001/SRR9002401/SRR9002401_2.fastq.gz	SAMN11372915	734382	s
SRR9002404	PAIRED	https://ftp.sra.ebi.ac.uk/vol1/fastq/SRR900/004/SRR9002404/SRR9002404_1.fastq.gz	https://ftp.sra.ebi.ac.uk/vol1/fastq/SRR900/004/SRR9002404/SRR9002404_2.fastq.gz	SAMN11372916	372024	s
SRR9017111	PAIRED	https://ftp.sra.ebi.ac.uk/vol1/fastq/SRR901/001/SRR9017111/SRR9017111_1.fastq.gz	https://ftp.sra.ebi.ac.uk/vol1/fastq/SRR901/001/SRR9017111/SRR9017111_2.fastq.gz	SAMN11581064	801924	u
SRR9029848	PAIRED	https://ftp.sra.ebi.ac.uk/vol1/fastq/SRR902/008/SRR9029848/SRR9029848_1.fastq.gz	https://ftp.sra.ebi.ac.uk/vol1/fastq/SRR902/008/SRR9029848/SRR9029848_2.fastq.gz	SAMN11604751	909993	u
SRR9050357	PAIRED	https://ftp.sra.ebi.ac.uk/vol1/fastq/SRR905/007/SRR9050357/SRR9050357_1.fastq.gz	https://ftp.sra.ebi.ac.uk/vol1/fastq/SRR905/007/SRR9050357/SRR9050357_2.fastq.gz	SAMN11636368	2102333	u
SRR9123274	PAIRED	https://ftp.sra.ebi.ac.uk/vol1/fastq/SRR912/004/SRR9123274/SRR9123274_1.fastq.gz	https://ftp.sra.ebi.ac.uk/vol1/fastq/SRR912/004/SRR9123274/SRR9123274_2.fastq.gz	SAMN11854355	796396	s
SRR9200118	PAIRED	https://ftp.sra.ebi.ac.uk/vol1/fastq/SRR920/008/SRR9200118/SRR9200118_1.fastq.gz	https://ftp.sra.ebi.ac.uk/vol1/fastq/SRR920/008/SRR9200118/SRR9200118_2.fastq.gz	SAMN11954902	1867567	u
SRR9200326	PAIRED	https://ftp.sra.ebi.ac.uk/vol1/fastq/SRR920/006/SRR9200326/SRR9200326_1.fastq.gz	https://ftp.sra.ebi.ac.uk/vol1/fastq/SRR920/006/SRR9200326/SRR9200326_2.fastq.gz	SAMN11954911	1630706	u
SRR9218359	PAIRED	https://ftp.sra.ebi.ac.uk/vol1/fastq/SRR921/009/SRR9218359/SRR9218359_1.fastq.gz	https://ftp.sra.ebi.ac.uk/vol1/fastq/SRR921/009/SRR9218359/SRR9218359_2.fastq.gz	SAMN11982667	1369456	s
SRR9222698	PAIRED	https://ftp.sra.ebi.ac.uk/vol1/fastq/SRR922/008/SRR9222698/SRR9222698_1.fastq.gz	https://ftp.sra.ebi.ac.uk/vol1/fastq/SRR922/008/SRR9222698/SRR9222698_2.fastq.gz	SAMN11982668	1161719	s
SRR9280640	PAIRED	https://ftp.sra.ebi.ac.uk/vol1/fastq/SRR928/000/SRR9280640/SRR9280640_1.fastq.gz	https://ftp.sra.ebi.ac.uk/vol1/fastq/SRR928/000/SRR9280640/SRR9280640_2.fastq.gz	SAMN12035816	711025	s
SRR9616832	PAIRED	https://ftp.sra.ebi.ac.uk/vol1/fastq/SRR961/002/SRR9616832/SRR9616832_1.fastq.gz	https://ftp.sra.ebi.ac.uk/vol1/fastq/SRR961/002/SRR9616832/SRR9616832_2.fastq.gz	SAMN12174733	2016279	u
SRR9617590	PAIRED	https://ftp.sra.ebi.ac.uk/vol1/fastq/SRR961/000/SRR9617590/SRR9617590_1.fastq.gz	https://ftp.sra.ebi.ac.uk/vol1/fastq/SRR961/000/SRR9617590/SRR9617590_2.fastq.gz	SAMN12175339	1593117	u
SRR9617625	PAIRED	https://ftp.sra.ebi.ac.uk/vol1/fastq/SRR961/005/SRR9617625/SRR9617625_1.fastq.gz	https://ftp.sra.ebi.ac.uk/vol1/fastq/SRR961/005/SRR9617625/SRR9617625_2.fastq.gz	SAMN12175410	2578293	u
SRR9617646	PAIRED	https://ftp.sra.ebi.ac.uk/vol1/fastq/SRR961/006/SRR9617646/SRR9617646_1.fastq.gz	https://ftp.sra.ebi.ac.uk/vol1/fastq/SRR961/006/SRR9617646/SRR9617646_2.fastq.gz	SAMN12175436	2166722	u
SRR9648056	PAIRED	https://ftp.sra.ebi.ac.uk/vol1/fastq/SRR964/006/SRR9648056/SRR9648056_1.fastq.gz	https://ftp.sra.ebi.ac.uk/vol1/fastq/SRR964/006/SRR9648056/SRR9648056_2.fastq.gz	SAMN12230467	733472	s
SRR9648316	PAIRED	https://ftp.sra.ebi.ac.uk/vol1/fastq/SRR964/006/SRR9648316/SRR9648316_1.fastq.gz	https://ftp.sra.ebi.ac.uk/vol1/fastq/SRR964/006/SRR9648316/SRR9648316_2.fastq.gz	SAMN12221392	819472	s
SRR9666364	PAIRED	https://ftp.sra.ebi.ac.uk/vol1/fastq/SRR966/004/SRR9666364/SRR9666364_1.fastq.gz	https://ftp.sra.ebi.ac.uk/vol1/fastq/SRR966/004/SRR9666364/SRR9666364_2.fastq.gz	SAMN12249001	1445142	s
SRR9674864	PAIRED	https://ftp.sra.ebi.ac.uk/vol1/fastq/SRR967/004/SRR9674864/SRR9674864_1.fastq.gz	https://ftp.sra.ebi.ac.uk/vol1/fastq/SRR967/004/SRR9674864/SRR9674864_2.fastq.gz	SAMN12261709	1097552	u
SRR9694204	PAIRED	https://ftp.sra.ebi.ac.uk/vol1/fastq/SRR969/004/SRR9694204/SRR9694204_1.fastq.gz	https://ftp.sra.ebi.ac.uk/vol1/fastq/SRR969/004/SRR9694204/SRR9694204_2.fastq.gz	SAMN12286706	1346398	u
SRR9694239	PAIRED	https://ftp.sra.ebi.ac.uk/vol1/fastq/SRR969/009/SRR9694239/SRR9694239_1.fastq.gz	https://ftp.sra.ebi.ac.uk/vol1/fastq/SRR969/009/SRR9694239/SRR9694239_2.fastq.gz	SAMN12286867	1194289	u
SRR9696570	PAIRED	https://ftp.sra.ebi.ac.uk/vol1/fastq/SRR969/000/SRR9696570/SRR9696570_1.fastq.gz	https://ftp.sra.ebi.ac.uk/vol1/fastq/SRR969/000/SRR9696570/SRR9696570_2.fastq.gz	SAMN12289081	1208641	s
SRR9696571	PAIRED	https://ftp.sra.ebi.ac.uk/vol1/fastq/SRR969/001/SRR9696571/SRR9696571_1.fastq.gz	https://ftp.sra.ebi.ac.uk/vol1/fastq/SRR969/001/SRR9696571/SRR9696571_2.fastq.gz	SAMN12289082	1648555	s
SRR9710829	PAIRED	https://ftp.sra.ebi.ac.uk/vol1/fastq/SRR971/009/SRR9710829/SRR9710829_1.fastq.gz	https://ftp.sra.ebi.ac.uk/vol1/fastq/SRR971/009/SRR9710829/SRR9710829_2.fastq.gz	SAMN12315942	1560991	s
SRR9852767	PAIRED	https://ftp.sra.ebi.ac.uk/vol1/fastq/SRR985/007/SRR9852767/SRR9852767_1.fastq.gz	https://ftp.sra.ebi.ac.uk/vol1/fastq/SRR985/007/SRR9852767/SRR9852767_2.fastq.gz	SAMN12359589	1091429	s
SRR9852778	PAIRED	https://ftp.sra.ebi.ac.uk/vol1/fastq/SRR985/008/SRR9852778/SRR9852778_1.fastq.gz	https://ftp.sra.ebi.ac.uk/vol1/fastq/SRR985/008/SRR9852778/SRR9852778_2.fastq.gz	SAMN12359562	1409470	s
SRR9852781	PAIRED	https://ftp.sra.ebi.ac.uk/vol1/fastq/SRR985/001/SRR9852781/SRR9852781_1.fastq.gz	https://ftp.sra.ebi.ac.uk/vol1/fastq/SRR985/001/SRR9852781/SRR9852781_2.fastq.gz	SAMN12359583	863388	s
SRR9852783	PAIRED	https://ftp.sra.ebi.ac.uk/vol1/fastq/SRR985/003/SRR9852783/SRR9852783_1.fastq.gz	https://ftp.sra.ebi.ac.uk/vol1/fastq/SRR985/003/SRR9852783/SRR9852783_2.fastq.gz	SAMN12359599	783589	s
SRR9852788	PAIRED	https://ftp.sra.ebi.ac.uk/vol1/fastq/SRR985/008/SRR9852788/SRR9852788_1.fastq.gz	https://ftp.sra.ebi.ac.uk/vol1/fastq/SRR985/008/SRR9852788/SRR9852788_2.fastq.gz	SAMN12359596	433585	s
SRR9852800	PAIRED	https://ftp.sra.ebi.ac.uk/vol1/fastq/SRR985/000/SRR9852800/SRR9852800_1.fastq.gz	https://ftp.sra.ebi.ac.uk/vol1/fastq/SRR985/000/SRR9852800/SRR9852800_2.fastq.gz	SAMN12359608	1440058	s
SRR9852807	PAIRED	https://ftp.sra.ebi.ac.uk/vol1/fastq/SRR985/007/SRR9852807/SRR9852807_1.fastq.gz	https://ftp.sra.ebi.ac.uk/vol1/fastq/SRR985/007/SRR9852807/SRR9852807_2.fastq.gz	SAMN12359539	948062	s
SRR9852810	PAIRED	https://ftp.sra.ebi.ac.uk/vol1/fastq/SRR985/000/SRR9852810/SRR9852810_1.fastq.gz	https://ftp.sra.ebi.ac.uk/vol1/fastq/SRR985/000/SRR9852810/SRR9852810_2.fastq.gz	SAMN12359601	781747	s
SRR9852821	PAIRED	https://ftp.sra.ebi.ac.uk/vol1/fastq/SRR985/001/SRR9852821/SRR9852821_1.fastq.gz	https://ftp.sra.ebi.ac.uk/vol1/fastq/SRR985/001/SRR9852821/SRR9852821_2.fastq.gz	SAMN12359567	814636	s
SRR9852825	PAIRED	https://ftp.sra.ebi.ac.uk/vol1/fastq/SRR985/005/SRR9852825/SRR9852825_1.fastq.gz	https://ftp.sra.ebi.ac.uk/vol1/fastq/SRR985/005/SRR9852825/SRR9852825_2.fastq.gz	SAMN12359571	908148	s
SRR9852831	PAIRED	https://ftp.sra.ebi.ac.uk/vol1/fastq/SRR985/001/SRR9852831/SRR9852831_1.fastq.gz	https://ftp.sra.ebi.ac.uk/vol1/fastq/SRR985/001/SRR9852831/SRR9852831_2.fastq.gz	SAMN12359551	988860	s
SRR9962851	PAIRED	https://ftp.sra.ebi.ac.uk/vol1/fastq/SRR996/001/SRR9962851/SRR9962851_1.fastq.gz	https://ftp.sra.ebi.ac.uk/vol1/fastq/SRR996/001/SRR9962851/SRR9962851_2.fastq.gz	SAMN12568786	533581	s
SRR9964893	PAIRED	https://ftp.sra.ebi.ac.uk/vol1/fastq/SRR996/003/SRR9964893/SRR9964893_1.fastq.gz	https://ftp.sra.ebi.ac.uk/vol1/fastq/SRR996/003/SRR9964893/SRR9964893_2.fastq.gz	SAMN12571453	898717	s
SRR9965374	PAIRED	https://ftp.sra.ebi.ac.uk/vol1/fastq/SRR996/004/SRR9965374/SRR9965374_1.fastq.gz	https://ftp.sra.ebi.ac.uk/vol1/fastq/SRR996/004/SRR9965374/SRR9965374_2.fastq.gz	SAMN12571692	1233145	s
SRR9974947	PAIRED	https://ftp.sra.ebi.ac.uk/vol1/fastq/SRR997/007/SRR9974947/SRR9974947_1.fastq.gz	https://ftp.sra.ebi.ac.uk/vol1/fastq/SRR997/007/SRR9974947/SRR9974947_2.fastq.gz	SAMN12585960	1175644	s
SRR9984520	PAIRED	https://ftp.sra.ebi.ac.uk/vol1/fastq/SRR998/000/SRR9984520/SRR9984520_1.fastq.gz	https://ftp.sra.ebi.ac.uk/vol1/fastq/SRR998/000/SRR9984520/SRR9984520_2.fastq.gz	SAMN12359715	949898	s
SRR9984524	PAIRED	https://ftp.sra.ebi.ac.uk/vol1/fastq/SRR998/004/SRR9984524/SRR9984524_1.fastq.gz	https://ftp.sra.ebi.ac.uk/vol1/fastq/SRR998/004/SRR9984524/SRR9984524_2.fastq.gz	SAMN12360041	1097488	s
SRR9984528	PAIRED	https://ftp.sra.ebi.ac.uk/vol1/fastq/SRR998/008/SRR9984528/SRR9984528_1.fastq.gz	https://ftp.sra.ebi.ac.uk/vol1/fastq/SRR998/008/SRR9984528/SRR9984528_2.fastq.gz	SAMN12360037	385570	s
SRR9984560	PAIRED	https://ftp.sra.ebi.ac.uk/vol1/fastq/SRR998/000/SRR9984560/SRR9984560_1.fastq.gz	https://ftp.sra.ebi.ac.uk/vol1/fastq/SRR998/000/SRR9984560/SRR9984560_2.fastq.gz	SAMN12359990	887466	s
SRR9984585	PAIRED	https://ftp.sra.ebi.ac.uk/vol1/fastq/SRR998/005/SRR9984585/SRR9984585_1.fastq.gz	https://ftp.sra.ebi.ac.uk/vol1/fastq/SRR998/005/SRR9984585/SRR9984585_2.fastq.gz	SAMN12359640	650359	s
SRR9984586	PAIRED	https://ftp.sra.ebi.ac.uk/vol1/fastq/SRR998/006/SRR9984586/SRR9984586_1.fastq.gz	https://ftp.sra.ebi.ac.uk/vol1/fastq/SRR998/006/SRR9984586/SRR9984586_2.fastq.gz	SAMN12359641	954813	s
SRR9984609	PAIRED	https://ftp.sra.ebi.ac.uk/vol1/fastq/SRR998/009/SRR9984609/SRR9984609_1.fastq.gz	https://ftp.sra.ebi.ac.uk/vol1/fastq/SRR998/009/SRR9984609/SRR9984609_2.fastq.gz	SAMN12359782	1223376	s
SRR9984611	PAIRED	https://ftp.sra.ebi.ac.uk/vol1/fastq/SRR998/001/SRR9984611/SRR9984611_1.fastq.gz	https://ftp.sra.ebi.ac.uk/vol1/fastq/SRR998/001/SRR9984611/SRR9984611_2.fastq.gz	SAMN12359774	642112	s
SRR9984614	PAIRED	https://ftp.sra.ebi.ac.uk/vol1/fastq/SRR998/004/SRR9984614/SRR9984614_1.fastq.gz	https://ftp.sra.ebi.ac.uk/vol1/fastq/SRR998/004/SRR9984614/SRR9984614_2.fastq.gz	SAMN12359777	696827	s
SRR9984622	PAIRED	https://ftp.sra.ebi.ac.uk/vol1/fastq/SRR998/002/SRR9984622/SRR9984622_1.fastq.gz	https://ftp.sra.ebi.ac.uk/vol1/fastq/SRR998/002/SRR9984622/SRR9984622_2.fastq.gz	SAMN12360001	597272	s
SRR9984624	PAIRED	https://ftp.sra.ebi.ac.uk/vol1/fastq/SRR998/004/SRR9984624/SRR9984624_1.fastq.gz	https://ftp.sra.ebi.ac.uk/vol1/fastq/SRR998/004/SRR9984624/SRR9984624_2.fastq.gz	SAMN12359995	532305	s
SRR9984630	PAIRED	https://ftp.sra.ebi.ac.uk/vol1/fastq/SRR998/000/SRR9984630/SRR9984630_1.fastq.gz	https://ftp.sra.ebi.ac.uk/vol1/fastq/SRR998/000/SRR9984630/SRR9984630_2.fastq.gz	SAMN12359974	1243655	s
SRR9984633	PAIRED	https://ftp.sra.ebi.ac.uk/vol1/fastq/SRR998/003/SRR9984633/SRR9984633_1.fastq.gz	https://ftp.sra.ebi.ac.uk/vol1/fastq/SRR998/003/SRR9984633/SRR9984633_2.fastq.gz	SAMN12359981	463056	s
SRR9984641	PAIRED	https://ftp.sra.ebi.ac.uk/vol1/fastq/SRR998/001/SRR9984641/SRR9984641_1.fastq.gz	https://ftp.sra.ebi.ac.uk/vol1/fastq/SRR998/001/SRR9984641/SRR9984641_2.fastq.gz	SAMN12359814	673308	s
SRR9984644	PAIRED	https://ftp.sra.ebi.ac.uk/vol1/fastq/SRR998/004/SRR9984644/SRR9984644_1.fastq.gz	https://ftp.sra.ebi.ac.uk/vol1/fastq/SRR998/004/SRR9984644/SRR9984644_2.fastq.gz	SAMN12359823	951919	s
SRR9984646	PAIRED	https://ftp.sra.ebi.ac.uk/vol1/fastq/SRR998/006/SRR9984646/SRR9984646_1.fastq.gz	https://ftp.sra.ebi.ac.uk/vol1/fastq/SRR998/006/SRR9984646/SRR9984646_2.fastq.gz	SAMN12359809	360887	s
SRR9984663	PAIRED	https://ftp.sra.ebi.ac.uk/vol1/fastq/SRR998/003/SRR9984663/SRR9984663_1.fastq.gz	https://ftp.sra.ebi.ac.uk/vol1/fastq/SRR998/003/SRR9984663/SRR9984663_2.fastq.gz	SAMN12359890	1573098	s
SRR9984673	PAIRED	https://ftp.sra.ebi.ac.uk/vol1/fastq/SRR998/003/SRR9984673/SRR9984673_1.fastq.gz	https://ftp.sra.ebi.ac.uk/vol1/fastq/SRR998/003/SRR9984673/SRR9984673_2.fastq.gz	SAMN12359656	1285228	s
SRR9984681	PAIRED	https://ftp.sra.ebi.ac.uk/vol1/fastq/SRR998/001/SRR9984681/SRR9984681_1.fastq.gz	https://ftp.sra.ebi.ac.uk/vol1/fastq/SRR998/001/SRR9984681/SRR9984681_2.fastq.gz	SAMN12359901	592975	s
SRR9984685	PAIRED	https://ftp.sra.ebi.ac.uk/vol1/fastq/SRR998/005/SRR9984685/SRR9984685_1.fastq.gz	https://ftp.sra.ebi.ac.uk/vol1/fastq/SRR998/005/SRR9984685/SRR9984685_2.fastq.gz	SAMN12359897	926251	s
SRR9984694	PAIRED	https://ftp.sra.ebi.ac.uk/vol1/fastq/SRR998/004/SRR9984694/SRR9984694_1.fastq.gz	https://ftp.sra.ebi.ac.uk/vol1/fastq/SRR998/004/SRR9984694/SRR9984694_2.fastq.gz	SAMN12360025	327277	s
SRR9984698	PAIRED	https://ftp.sra.ebi.ac.uk/vol1/fastq/SRR998/008/SRR9984698/SRR9984698_1.fastq.gz	https://ftp.sra.ebi.ac.uk/vol1/fastq/SRR998/008/SRR9984698/SRR9984698_2.fastq.gz	SAMN12359790	795600	s
SRR9984725	PAIRED	https://ftp.sra.ebi.ac.uk/vol1/fastq/SRR998/005/SRR9984725/SRR9984725_1.fastq.gz	https://ftp.sra.ebi.ac.uk/vol1/fastq/SRR998/005/SRR9984725/SRR9984725_2.fastq.gz	SAMN12359674	858275	s
SRR9984728	PAIRED	https://ftp.sra.ebi.ac.uk/vol1/fastq/SRR998/008/SRR9984728/SRR9984728_1.fastq.gz	https://ftp.sra.ebi.ac.uk/vol1/fastq/SRR998/008/SRR9984728/SRR9984728_2.fastq.gz	SAMN12360003	634519	s
SRR9984731	PAIRED	https://ftp.sra.ebi.ac.uk/vol1/fastq/SRR998/001/SRR9984731/SRR9984731_1.fastq.gz	https://ftp.sra.ebi.ac.uk/vol1/fastq/SRR998/001/SRR9984731/SRR9984731_2.fastq.gz	SAMN12359685	1219095	s
SRR9984740	PAIRED	https://ftp.sra.ebi.ac.uk/vol1/fastq/SRR998/000/SRR9984740/SRR9984740_1.fastq.gz	https://ftp.sra.ebi.ac.uk/vol1/fastq/SRR998/000/SRR9984740/SRR9984740_2.fastq.gz	SAMN12359692	990537	s
SRR9984741	PAIRED	https://ftp.sra.ebi.ac.uk/vol1/fastq/SRR998/001/SRR9984741/SRR9984741_1.fastq.gz	https://ftp.sra.ebi.ac.uk/vol1/fastq/SRR998/001/SRR9984741/SRR9984741_2.fastq.gz	SAMN12359713	557998	s
SRR9984744	PAIRED	https://ftp.sra.ebi.ac.uk/vol1/fastq/SRR998/004/SRR9984744/SRR9984744_1.fastq.gz	https://ftp.sra.ebi.ac.uk/vol1/fastq/SRR998/004/SRR9984744/SRR9984744_2.fastq.gz	SAMN12359710	583744	s
SRR9984750	PAIRED	https://ftp.sra.ebi.ac.uk/vol1/fastq/SRR998/000/SRR9984750/SRR9984750_1.fastq.gz	https://ftp.sra.ebi.ac.uk/vol1/fastq/SRR998/000/SRR9984750/SRR9984750_2.fastq.gz	SAMN12359704	1160695	s
SRR9984775	PAIRED	https://ftp.sra.ebi.ac.uk/vol1/fastq/SRR998/005/SRR9984775/SRR9984775_1.fastq.gz	https://ftp.sra.ebi.ac.uk/vol1/fastq/SRR998/005/SRR9984775/SRR9984775_2.fastq.gz	SAMN12359773	990500	s
SRR9984776	PAIRED	https://ftp.sra.ebi.ac.uk/vol1/fastq/SRR998/006/SRR9984776/SRR9984776_1.fastq.gz	https://ftp.sra.ebi.ac.uk/vol1/fastq/SRR998/006/SRR9984776/SRR9984776_2.fastq.gz	SAMN12359772	793128	s
SRR9984783	PAIRED	https://ftp.sra.ebi.ac.uk/vol1/fastq/SRR998/003/SRR9984783/SRR9984783_1.fastq.gz	https://ftp.sra.ebi.ac.uk/vol1/fastq/SRR998/003/SRR9984783/SRR9984783_2.fastq.gz	SAMN12359615	1283842	s
SRR9984785	PAIRED	https://ftp.sra.ebi.ac.uk/vol1/fastq/SRR998/005/SRR9984785/SRR9984785_1.fastq.gz	https://ftp.sra.ebi.ac.uk/vol1/fastq/SRR998/005/SRR9984785/SRR9984785_2.fastq.gz	SAMN12359617	1690905	s
SRR9984788	PAIRED	https://ftp.sra.ebi.ac.uk/vol1/fastq/SRR998/008/SRR9984788/SRR9984788_1.fastq.gz	https://ftp.sra.ebi.ac.uk/vol1/fastq/SRR998/008/SRR9984788/SRR9984788_2.fastq.gz	SAMN12359622	523711	s
SRR9984793	PAIRED	https://ftp.sra.ebi.ac.uk/vol1/fastq/SRR998/003/SRR9984793/SRR9984793_1.fastq.gz	https://ftp.sra.ebi.ac.uk/vol1/fastq/SRR998/003/SRR9984793/SRR9984793_2.fastq.gz	SAMN12359911	789361	s
SRR9984801	PAIRED	https://ftp.sra.ebi.ac.uk/vol1/fastq/SRR998/001/SRR9984801/SRR9984801_1.fastq.gz	https://ftp.sra.ebi.ac.uk/vol1/fastq/SRR998/001/SRR9984801/SRR9984801_2.fastq.gz	SAMN12359757	925169	s
SRR9984802	PAIRED	https://ftp.sra.ebi.ac.uk/vol1/fastq/SRR998/002/SRR9984802/SRR9984802_1.fastq.gz	https://ftp.sra.ebi.ac.uk/vol1/fastq/SRR998/002/SRR9984802/SRR9984802_2.fastq.gz	SAMN12359754	1027861	s
SRR9984807	PAIRED	https://ftp.sra.ebi.ac.uk/vol1/fastq/SRR998/007/SRR9984807/SRR9984807_1.fastq.gz	https://ftp.sra.ebi.ac.uk/vol1/fastq/SRR998/007/SRR9984807/SRR9984807_2.fastq.gz	SAMN12359759	708167	s
SRR9984812	PAIRED	https://ftp.sra.ebi.ac.uk/vol1/fastq/SRR998/002/SRR9984812/SRR9984812_1.fastq.gz	https://ftp.sra.ebi.ac.uk/vol1/fastq/SRR998/002/SRR9984812/SRR9984812_2.fastq.gz	SAMN12359863	970716	s
SRR9984815	PAIRED	https://ftp.sra.ebi.ac.uk/vol1/fastq/SRR998/005/SRR9984815/SRR9984815_1.fastq.gz	https://ftp.sra.ebi.ac.uk/vol1/fastq/SRR998/005/SRR9984815/SRR9984815_2.fastq.gz	SAMN12359854	494916	s
SRR9984816	PAIRED	https://ftp.sra.ebi.ac.uk/vol1/fastq/SRR998/006/SRR9984816/SRR9984816_1.fastq.gz	https://ftp.sra.ebi.ac.uk/vol1/fastq/SRR998/006/SRR9984816/SRR9984816_2.fastq.gz	SAMN12359857	1119041	s
SRR9984818	PAIRED	https://ftp.sra.ebi.ac.uk/vol1/fastq/SRR998/008/SRR9984818/SRR9984818_1.fastq.gz	https://ftp.sra.ebi.ac.uk/vol1/fastq/SRR998/008/SRR9984818/SRR9984818_2.fastq.gz	SAMN12359859	1081108	s
SRR9984826	PAIRED	https://ftp.sra.ebi.ac.uk/vol1/fastq/SRR998/006/SRR9984826/SRR9984826_1.fastq.gz	https://ftp.sra.ebi.ac.uk/vol1/fastq/SRR998/006/SRR9984826/SRR9984826_2.fastq.gz	SAMN12359679	944160	s
SRR9984830	PAIRED	https://ftp.sra.ebi.ac.uk/vol1/fastq/SRR998/000/SRR9984830/SRR9984830_1.fastq.gz	https://ftp.sra.ebi.ac.uk/vol1/fastq/SRR998/000/SRR9984830/SRR9984830_2.fastq.gz	SAMN12359703	910438	s
SRR9984831	PAIRED	https://ftp.sra.ebi.ac.uk/vol1/fastq/SRR998/001/SRR9984831/SRR9984831_1.fastq.gz	https://ftp.sra.ebi.ac.uk/vol1/fastq/SRR998/001/SRR9984831/SRR9984831_2.fastq.gz	SAMN12359694	529436	s
SRR9984857	PAIRED	https://ftp.sra.ebi.ac.uk/vol1/fastq/SRR998/007/SRR9984857/SRR9984857_1.fastq.gz	https://ftp.sra.ebi.ac.uk/vol1/fastq/SRR998/007/SRR9984857/SRR9984857_2.fastq.gz	SAMN12359950	938919	s
SRR9984867	PAIRED	https://ftp.sra.ebi.ac.uk/vol1/fastq/SRR998/007/SRR9984867/SRR9984867_1.fastq.gz	https://ftp.sra.ebi.ac.uk/vol1/fastq/SRR998/007/SRR9984867/SRR9984867_2.fastq.gz	SAMN12359930	311892	s
SRR9984868	PAIRED	https://ftp.sra.ebi.ac.uk/vol1/fastq/SRR998/008/SRR9984868/SRR9984868_1.fastq.gz	https://ftp.sra.ebi.ac.uk/vol1/fastq/SRR998/008/SRR9984868/SRR9984868_2.fastq.gz	SAMN12359929	606132	s
SRR9984876	PAIRED	https://ftp.sra.ebi.ac.uk/vol1/fastq/SRR998/006/SRR9984876/SRR9984876_1.fastq.gz	https://ftp.sra.ebi.ac.uk/vol1/fastq/SRR998/006/SRR9984876/SRR9984876_2.fastq.gz	SAMN12359843	796332	s
SRR9984878	PAIRED	https://ftp.sra.ebi.ac.uk/vol1/fastq/SRR998/008/SRR9984878/SRR9984878_1.fastq.gz	https://ftp.sra.ebi.ac.uk/vol1/fastq/SRR998/008/SRR9984878/SRR9984878_2.fastq.gz	SAMN12359635	1522932	s
SRR9984881	PAIRED	https://ftp.sra.ebi.ac.uk/vol1/fastq/SRR998/001/SRR9984881/SRR9984881_1.fastq.gz	https://ftp.sra.ebi.ac.uk/vol1/fastq/SRR998/001/SRR9984881/SRR9984881_2.fastq.gz	SAMN12359746	1194544	s
SRR9984890	PAIRED	https://ftp.sra.ebi.ac.uk/vol1/fastq/SRR998/000/SRR9984890/SRR9984890_1.fastq.gz	https://ftp.sra.ebi.ac.uk/vol1/fastq/SRR998/000/SRR9984890/SRR9984890_2.fastq.gz	SAMN12359973	1022413	s
SRR9984895	PAIRED	https://ftp.sra.ebi.ac.uk/vol1/fastq/SRR998/005/SRR9984895/SRR9984895_1.fastq.gz	https://ftp.sra.ebi.ac.uk/vol1/fastq/SRR998/005/SRR9984895/SRR9984895_2.fastq.gz	SAMN12359968	1239416	s
SRR9984896	PAIRED	https://ftp.sra.ebi.ac.uk/vol1/fastq/SRR998/006/SRR9984896/SRR9984896_1.fastq.gz	https://ftp.sra.ebi.ac.uk/vol1/fastq/SRR998/006/SRR9984896/SRR9984896_2.fastq.gz	SAMN12359967	1093124	s
SRR9984899	PAIRED	https://ftp.sra.ebi.ac.uk/vol1/fastq/SRR998/009/SRR9984899/SRR9984899_1.fastq.gz	https://ftp.sra.ebi.ac.uk/vol1/fastq/SRR998/009/SRR9984899/SRR9984899_2.fastq.gz	SAMN12359739	840493	s
SRR9984900	PAIRED	https://ftp.sra.ebi.ac.uk/vol1/fastq/SRR998/000/SRR9984900/SRR9984900_1.fastq.gz	https://ftp.sra.ebi.ac.uk/vol1/fastq/SRR998/000/SRR9984900/SRR9984900_2.fastq.gz	SAMN12359740	1364926	s
SRR9984903	PAIRED	https://ftp.sra.ebi.ac.uk/vol1/fastq/SRR998/003/SRR9984903/SRR9984903_1.fastq.gz	https://ftp.sra.ebi.ac.uk/vol1/fastq/SRR998/003/SRR9984903/SRR9984903_2.fastq.gz	SAMN12359735	702324	s
SRR9984912	PAIRED	https://ftp.sra.ebi.ac.uk/vol1/fastq/SRR998/002/SRR9984912/SRR9984912_1.fastq.gz	https://ftp.sra.ebi.ac.uk/vol1/fastq/SRR998/002/SRR9984912/SRR9984912_2.fastq.gz	SAMN12359958	783884	s
SRR9984913	PAIRED	https://ftp.sra.ebi.ac.uk/vol1/fastq/SRR998/003/SRR9984913/SRR9984913_1.fastq.gz	https://ftp.sra.ebi.ac.uk/vol1/fastq/SRR998/003/SRR9984913/SRR9984913_2.fastq.gz	SAMN12359959	592950	s
SRR9984914	PAIRED	https://ftp.sra.ebi.ac.uk/vol1/fastq/SRR998/004/SRR9984914/SRR9984914_1.fastq.gz	https://ftp.sra.ebi.ac.uk/vol1/fastq/SRR998/004/SRR9984914/SRR9984914_2.fastq.gz	SAMN12359960	888109	s
SRR9984917	PAIRED	https://ftp.sra.ebi.ac.uk/vol1/fastq/SRR998/007/SRR9984917/SRR9984917_1.fastq.gz	https://ftp.sra.ebi.ac.uk/vol1/fastq/SRR998/007/SRR9984917/SRR9984917_2.fastq.gz	SAMN12359963	1186474	s
SRR9984923	PAIRED	https://ftp.sra.ebi.ac.uk/vol1/fastq/SRR998/003/SRR9984923/SRR9984923_1.fastq.gz	https://ftp.sra.ebi.ac.uk/vol1/fastq/SRR998/003/SRR9984923/SRR9984923_2.fastq.gz	SAMN12359838	1121522	s
SRR9984930	PAIRED	https://ftp.sra.ebi.ac.uk/vol1/fastq/SRR998/000/SRR9984930/SRR9984930_1.fastq.gz	https://ftp.sra.ebi.ac.uk/vol1/fastq/SRR998/000/SRR9984930/SRR9984930_2.fastq.gz	SAMN12359645	1325915	s
SRR9984938	PAIRED	https://ftp.sra.ebi.ac.uk/vol1/fastq/SRR998/008/SRR9984938/SRR9984938_1.fastq.gz	https://ftp.sra.ebi.ac.uk/vol1/fastq/SRR998/008/SRR9984938/SRR9984938_2.fastq.gz	SAMN12359873	1197330	s
SRR9984939	PAIRED	https://ftp.sra.ebi.ac.uk/vol1/fastq/SRR998/009/SRR9984939/SRR9984939_1.fastq.gz	https://ftp.sra.ebi.ac.uk/vol1/fastq/SRR998/009/SRR9984939/SRR9984939_2.fastq.gz	SAMN12359884	1230396	s
SRR9995343	PAIRED	https://ftp.sra.ebi.ac.uk/vol1/fastq/SRR999/003/SRR9995343/SRR9995343_1.fastq.gz	https://ftp.sra.ebi.ac.uk/vol1/fastq/SRR999/003/SRR9995343/SRR9995343_2.fastq.gz	SAMN12601400	1084744	u
SRR9996291	PAIRED	https://ftp.sra.ebi.ac.uk/vol1/fastq/SRR999/001/SRR9996291/SRR9996291_1.fastq.gz	https://ftp.sra.ebi.ac.uk/vol1/fastq/SRR999/001/SRR9996291/SRR9996291_2.fastq.gz	SAMN12587163	952004	s
SRR9996292	PAIRED	https://ftp.sra.ebi.ac.uk/vol1/fastq/SRR999/002/SRR9996292/SRR9996292_1.fastq.gz	https://ftp.sra.ebi.ac.uk/vol1/fastq/SRR999/002/SRR9996292/SRR9996292_2.fastq.gz	SAMN12587162	1360797	s
