accession	layout	r1_url	r2_url
DRR150325	PAIRED	https://ftp.sra.ebi.ac.uk/vol1/fastq/DRR150/DRR150325/DRR150325_1.fastq.gz	https://ftp.sra.ebi.ac.uk/vol1/fastq/DRR150/DRR150325/DRR150325_2.fastq.gz
DRR150413	PAIRED	https://ftp.sra.ebi.ac.uk/vol1/fastq/DRR150/DRR150413/DRR150413_1.fastq.gz	https://ftp.sra.ebi.ac.uk/vol1/fastq/DRR150/DRR150413/DRR150413_2.fastq.gz
ERR024819	PAIRED	https://ftp.sra.ebi.ac.uk/vol1/fastq/ERR024/ERR024819/ERR024819_1.fastq.gz	https://ftp.sra.ebi.ac.uk/vol1/fastq/ERR024/ERR024819/ERR024819_2.fastq.gz
ERR024835	PAIRED	https://ftp.sra.ebi.ac.uk/vol1/fastq/ERR024/ERR024835/ERR024835_1.fastq.gz	https://ftp.sra.ebi.ac.uk/vol1/fastq/ERR024/ERR024835/ERR024835_2.fastq.gz
ERR024847	PAIRED	https://ftp.sra.ebi.ac.uk/vol1/fastq/ERR024/ERR024847/ERR024847_1.fastq.gz	https://ftp.sra.ebi.ac.uk/vol1/fastq/ERR024/ERR024847/ERR024847_2.fastq.gz
ERR024852	PAIRED	https://ftp.sra.ebi.ac.uk/vol1/fastq/ERR024/ERR024852/ERR024852_1.fastq.gz	https://ftp.sra.ebi.ac.uk/vol1/fastq/ERR024/ERR024852/ERR024852_2.fastq.gz
ERR025104	PAIRED	https://ftp.sra.ebi.ac.uk/vol1/fastq/ERR025/ERR025104/ERR025104_1.fastq.gz	https://ftp.sra.ebi.ac.uk/vol1/fastq/ERR025/ERR025104/ERR025104_2.fastq.gz
ERR025119	PAIRED	https://ftp.sra.ebi.ac.uk/vol1/fastq/ERR025/ERR025119/ERR025119_1.fastq.gz	https://ftp.sra.ebi.ac.uk/vol1/fastq/ERR025/ERR025119/ERR025119_2.fastq.gz
ERR025126	PAIRED	https://ftp.sra.ebi.ac.uk/vol1/fastq/ERR025/ERR025126/ERR025126_1.fastq.gz	https://ftp.sra.ebi.ac.uk/vol1/fastq/ERR025/ERR025126/ERR025126_2.fastq.gz
ERR025131	PAIRED	https://ftp.sra.ebi.ac.uk/vol1/fastq/ERR025/ERR025131/ERR025131_1.fastq.gz	https://ftp.sra.ebi.ac.uk/vol1/fastq/ERR025/ERR025131/ERR025131_2.fastq.gz
ERR025140	PAIRED	https://ftp.sra.ebi.ac.uk/vol1/fastq/ERR025/ERR025140/ERR025140_1.fastq.gz	https://ftp.sra.ebi.ac.uk/vol1/fastq/ERR025/ERR025140/ERR025140_2.fastq.gz
ERR025486	PAIRED	https://ftp.sra.ebi.ac.uk/vol1/fastq/ERR025/ERR025486/ERR025486_1.fastq.gz	https://ftp.sra.ebi.ac.uk/vol1/fastq/ERR025/ERR025486/ERR025486_2.fastq.gz
ERR025489	PAIRED	https://ftp.sra.ebi.ac.uk/vol1/fastq/ERR025/ERR025489/ERR025489_1.fastq.gz	https://ftp.sra.ebi.ac.uk/vol1/fastq/ERR025/ERR025489/ERR025489_2.fastq.gz
ERR025497	PAIRED	https://ftp.sra.ebi.ac.uk/vol1/fastq/ERR025/ERR025497/ERR025497_1.fastq.gz	https://ftp.sra.ebi.ac.uk/vol1/fastq/ERR025/ERR025497/ERR025497_2.fastq.gz
ERR025511	PAIRED	https://ftp.sra.ebi.ac.uk/vol1/fastq/ERR025/ERR025511/ERR025511_1.fastq.gz	https://ftp.sra.ebi.ac.uk/vol1/fastq/ERR025/ERR025511/ERR025511_2.fastq.gz
ERR025531	PAIRED	https://ftp.sra.ebi.ac.uk/vol1/fastq/ERR025/ERR025531/ERR025531_1.fastq.gz	https://ftp.sra.ebi.ac.uk/vol1/fastq/ERR025/ERR025531/ERR025531_2.fastq.gz
ERR025558	PAIRED	https://ftp.sra.ebi.ac.uk/vol1/fastq/ERR025/ERR025558/ERR025558_1.fastq.gz	https://ftp.sra.ebi.ac.uk/vol1/fastq/ERR025/ERR025558/ERR025558_2.fastq.gz
ERR025560	PAIRED	https://ftp.sra.ebi.ac.uk/vol1/fastq/ERR025/ERR025560/ERR025560_1.fastq.gz	https://ftp.sra.ebi.ac.uk/vol1/fastq/ERR025/ERR025560/ERR025560_2.fastq.gz
ERR025563	PAIRED	https://ftp.sra.ebi.ac.uk/vol1/fastq/ERR025/ERR025563/ERR025563_1.fastq.gz	https://ftp.sra.ebi.ac.uk/vol1/fastq/ERR025/ERR025563/ERR025563_2.fastq.gz
ERR025590	PAIRED	https://ftp.sra.ebi.ac.uk/vol1/fastq/ERR025/ERR025590/ERR025590_1.fastq.gz	https://ftp.sra.ebi.ac.uk/vol1/fastq/ERR025/ERR025590/ERR025590_2.fastq.gz
ERR025599	PAIRED	https://ftp.sra.ebi.ac.uk/vol1/fastq/ERR025/ERR025599/ERR025599_1.fastq.gz	https://ftp.sra.ebi.ac.uk/vol1/fastq/ERR025/ERR025599/ERR025599_2.fastq.gz
ERR025602	PAIRED	https://ftp.sra.ebi.ac.uk/vol1/fastq/ERR025/ERR025602/ERR025602_1.fastq.gz	https://ftp.sra.ebi.ac.uk/vol1/fastq/ERR025/ERR025602/ERR025602_2.fastq.gz
ERR025606	PAIRED	https://ftp.sra.ebi.ac.uk/vol1/fastq/ERR025/ERR025606/ERR025606_1.fastq.gz	https://ftp.sra.ebi.ac.uk/vol1/fastq/ERR025/ERR025606/ERR025606_2.fastq.gz
ERR025610	PAIRED	https://ftp.sra.ebi.ac.uk/vol1/fastq/ERR025/ERR025610/ERR025610_1.fastq.gz	https://ftp.sra.ebi.ac.uk/vol1/fastq/ERR025/ERR025610/ERR025610_2.fastq.gz
ERR025614	PAIRED	https://ftp.sra.ebi.ac.uk/vol1/fastq/ERR025/ERR025614/ERR025614_1.fastq.gz	https://ftp.sra.ebi.ac.uk/vol1/fastq/ERR025/ERR025614/ERR025614_2.fastq.gz
ERR025632	PAIRED	https://ftp.sra.ebi.ac.uk/vol1/fastq/ERR025/ERR025632/ERR025632_1.fastq.gz	https://ftp.sra.ebi.ac.uk/vol1/fastq/ERR025/ERR025632/ERR025632_2.fastq.gz
ERR025640	PAIRED	https://ftp.sra.ebi.ac.uk/vol1/fastq/ERR025/ERR025640/ERR025640_1.fastq.gz	https://ftp.sra.ebi.ac.uk/vol1/fastq/ERR025/ERR025640/ERR025640_2.fastq.gz
ERR025641	PAIRED	https://ftp.sra.ebi.ac.uk/vol1/fastq/ERR025/ERR025641/ERR025641_1.fastq.gz	https://ftp.sra.ebi.ac.uk/vol1/fastq/ERR025/ERR025641/ERR025641_2.fastq.gz
ERR025659	PAIRED	https://ftp.sra.ebi.ac.uk/vol1/fastq/ERR025/ERR025659/ERR025659_1.fastq.gz	https://ftp.sra.ebi.ac.uk/vol1/fastq/ERR025/ERR025659/ERR025659_2.fastq.gz
ERR025661	PAIRED	https://ftp.sra.ebi.ac.uk/vol1/fastq/ERR025/ERR025661/ERR025661_1.fastq.gz	https://ftp.sra.ebi.ac.uk/vol1/fastq/ERR025/ERR025661/ERR025661_2.fastq.gz
ERR025668	PAIRED	https://ftp.sra.ebi.ac.uk/vol1/fastq/ERR025/ERR025668/ERR025668_1.fastq.gz	https://ftp.sra.ebi.ac.uk/vol1/fastq/ERR025/ERR025668/ERR025668_2.fastq.gz
ERR025679	PAIRED	https://ftp.sra.ebi.ac.uk/vol1/fastq/ERR025/ERR025679/ERR025679_1.fastq.gz	https://ftp.sra.ebi.ac.uk/vol1/fastq/ERR025/ERR025679/ERR025679_2.fastq.gz
ERR025981	PAIRED	https://ftp.sra.ebi.ac.uk/vol1/fastq/ERR025/ERR025981/ERR025981_1.fastq.gz	https://ftp.sra.ebi.ac.uk/vol1/fastq/ERR025/ERR025981/ERR025981_2.fastq.gz
ERR025986	PAIRED	https://ftp.sra.ebi.ac.uk/vol1/fastq/ERR025/ERR025986/ERR025986_1.fastq.gz	https://ftp.sra.ebi.ac.uk/vol1/fastq/ERR025/ERR025986/ERR025986_2.fastq.gz
ERR025998	PAIRED	https://ftp.sra.ebi.ac.uk/vol1/fastq/ERR025/ERR025998/ERR025998_1.fastq.gz	https://ftp.sra.ebi.ac.uk/vol1/fastq/ERR025/ERR025998/ERR025998_2.fastq.gz
ERR10016620	PAIRED	https://ftp.sra.ebi.ac.uk/vol1/fastq/ERR100/020/ERR10016620/ERR10016620_1.fastq.gz	https://ftp.sra.ebi.ac.uk/vol1/fastq/ERR100/020/ERR10016620/ERR10016620_2.fastq.gz
ERR10016665	PAIRED	https://ftp.sra.ebi.ac.uk/vol1/fastq/ERR100/065/ERR10016665/ERR10016665_1.fastq.gz	https://ftp.sra.ebi.ac.uk/vol1/fastq/ERR100/065/ERR10016665/ERR10016665_2.fastq.gz
ERR10019338	PAIRED	https://ftp.sra.ebi.ac.uk/vol1/fastq/ERR100/038/ERR10019338/ERR10019338_1.fastq.gz	https://ftp.sra.ebi.ac.uk/vol1/fastq/ERR100/038/ERR10019338/ERR10019338_2.fastq.gz
ERR10030721	PAIRED	https://ftp.sra.ebi.ac.uk/vol1/fastq/ERR100/021/ERR10030721/ERR10030721_1.fastq.gz	https://ftp.sra.ebi.ac.uk/vol1/fastq/ERR100/021/ERR10030721/ERR10030721_2.fastq.gz
ERR10030753	PAIRED	https://ftp.sra.ebi.ac.uk/vol1/fastq/ERR100/053/ERR10030753/ERR10030753_1.fastq.gz	https://ftp.sra.ebi.ac.uk/vol1/fastq/ERR100/053/ERR10030753/ERR10030753_2.fastq.gz
ERR10030755	PAIRED	https://ftp.sra.ebi.ac.uk/vol1/fastq/ERR100/055/ERR10030755/ERR10030755_1.fastq.gz	https://ftp.sra.ebi.ac.uk/vol1/fastq/ERR100/055/ERR10030755/ERR10030755_2.fastq.gz
ERR10030757	PAIRED	https://ftp.sra.ebi.ac.uk/vol1/fastq/ERR100/057/ERR10030757/ERR10030757_1.fastq.gz	https://ftp.sra.ebi.ac.uk/vol1/fastq/ERR100/057/ERR10030757/ERR10030757_2.fastq.gz
ERR10030769	PAIRED	https://ftp.sra.ebi.ac.uk/vol1/fastq/ERR100/069/ERR10030769/ERR10030769_1.fastq.gz	https://ftp.sra.ebi.ac.uk/vol1/fastq/ERR100/069/ERR10030769/ERR10030769_2.fastq.gz
ERR10030818	PAIRED	https://ftp.sra.ebi.ac.uk/vol1/fastq/ERR100/018/ERR10030818/ERR10030818_1.fastq.gz	https://ftp.sra.ebi.ac.uk/vol1/fastq/ERR100/018/ERR10030818/ERR10030818_2.fastq.gz
ERR10030839	PAIRED	https://ftp.sra.ebi.ac.uk/vol1/fastq/ERR100/039/ERR10030839/ERR10030839_1.fastq.gz	https://ftp.sra.ebi.ac.uk/vol1/fastq/ERR100/039/ERR10030839/ERR10030839_2.fastq.gz
ERR10030842	PAIRED	https://ftp.sra.ebi.ac.uk/vol1/fastq/ERR100/042/ERR10030842/ERR10030842_1.fastq.gz	https://ftp.sra.ebi.ac.uk/vol1/fastq/ERR100/042/ERR10030842/ERR10030842_2.fastq.gz
ERR10030844	PAIRED	https://ftp.sra.ebi.ac.uk/vol1/fastq/ERR100/044/ERR10030844/ERR10030844_1.fastq.gz	https://ftp.sra.ebi.ac.uk/vol1/fastq/ERR100/044/ERR10030844/ERR10030844_2.fastq.gz
ERR10030855	PAIRED	https://ftp.sra.ebi.ac.uk/vol1/fastq/ERR100/055/ERR10030855/ERR10030855_1.fastq.gz	https://ftp.sra.ebi.ac.uk/vol1/fastq/ERR100/055/ERR10030855/ERR10030855_2.fastq.gz
ERR10030865	PAIRED	https://ftp.sra.ebi.ac.uk/vol1/fastq/ERR100/065/ERR10030865/ERR10030865_1.fastq.gz	https://ftp.sra.ebi.ac.uk/vol1/fastq/ERR100/065/ERR10030865/ERR10030865_2.fastq.gz
ERR10030879	PAIRED	https://ftp.sra.ebi.ac.uk/vol1/fastq/ERR100/079/ERR10030879/ERR10030879_1.fastq.gz	https://ftp.sra.ebi.ac.uk/vol1/fastq/ERR100/079/ERR10030879/ERR10030879_2.fastq.gz
ERR10030883	PAIRED	https://ftp.sra.ebi.ac.uk/vol1/fastq/ERR100/083/ERR10030883/ERR10030883_1.fastq.gz	https://ftp.sra.ebi.ac.uk/vol1/fastq/ERR100/083/ERR10030883/ERR10030883_2.fastq.gz
ERR10030888	PAIRED	https://ftp.sra.ebi.ac.uk/vol1/fastq/ERR100/088/ERR10030888/ERR10030888_1.fastq.gz	https://ftp.sra.ebi.ac.uk/vol1/fastq/ERR100/088/ERR10030888/ERR10030888_2.fastq.gz
ERR10030890	PAIRED	https://ftp.sra.ebi.ac.uk/vol1/fastq/ERR100/090/ERR10030890/ERR10030890_1.fastq.gz	https://ftp.sra.ebi.ac.uk/vol1/fastq/ERR100/090/ERR10030890/ERR10030890_2.fastq.gz
ERR10030893	PAIRED	https://ftp.sra.ebi.ac.uk/vol1/fastq/ERR100/093/ERR10030893/ERR10030893_1.fastq.gz	https://ftp.sra.ebi.ac.uk/vol1/fastq/ERR100/093/ERR10030893/ERR10030893_2.fastq.gz
ERR10030913	PAIRED	https://ftp.sra.ebi.ac.uk/vol1/fastq/ERR100/013/ERR10030913/ERR10030913_1.fastq.gz	https://ftp.sra.ebi.ac.uk/vol1/fastq/ERR100/013/ERR10030913/ERR10030913_2.fastq.gz
ERR10030962	PAIRED	https://ftp.sra.ebi.ac.uk/vol1/fastq/ERR100/062/ERR10030962/ERR10030962_1.fastq.gz	https://ftp.sra.ebi.ac.uk/vol1/fastq/ERR100/062/ERR10030962/ERR10030962_2.fastq.gz
ERR10030964	PAIRED	https://ftp.sra.ebi.ac.uk/vol1/fastq/ERR100/064/ERR10030964/ERR10030964_1.fastq.gz	https://ftp.sra.ebi.ac.uk/vol1/fastq/ERR100/064/ERR10030964/ERR10030964_2.fastq.gz
ERR10030983	PAIRED	https://ftp.sra.ebi.ac.uk/vol1/fastq/ERR100/083/ERR10030983/ERR10030983_1.fastq.gz	https://ftp.sra.ebi.ac.uk/vol1/fastq/ERR100/083/ERR10030983/ERR10030983_2.fastq.gz
ERR10030996	PAIRED	https://ftp.sra.ebi.ac.uk/vol1/fastq/ERR100/096/ERR10030996/ERR10030996_1.fastq.gz	https://ftp.sra.ebi.ac.uk/vol1/fastq/ERR100/096/ERR10030996/ERR10030996_2.fastq.gz
ERR10031012	PAIRED	https://ftp.sra.ebi.ac.uk/vol1/fastq/ERR100/012/ERR10031012/ERR10031012_1.fastq.gz	https://ftp.sra.ebi.ac.uk/vol1/fastq/ERR100/012/ERR10031012/ERR10031012_2.fastq.gz
ERR10031023	PAIRED	https://ftp.sra.ebi.ac.uk/vol1/fastq/ERR100/023/ERR10031023/ERR10031023_1.fastq.gz	https://ftp.sra.ebi.ac.uk/vol1/fastq/ERR100/023/ERR10031023/ERR10031023_2.fastq.gz
ERR10031039	PAIRED	https://ftp.sra.ebi.ac.uk/vol1/fastq/ERR100/039/ERR10031039/ERR10031039_1.fastq.gz	https://ftp.sra.ebi.ac.uk/vol1/fastq/ERR100/039/ERR10031039/ERR10031039_2.fastq.gz
ERR10031043	PAIRED	https://ftp.sra.ebi.ac.uk/vol1/fastq/ERR100/043/ERR10031043/ERR10031043_1.fastq.gz	https://ftp.sra.ebi.ac.uk/vol1/fastq/ERR100/043/ERR10031043/ERR10031043_2.fastq.gz
ERR10031049	PAIRED	https://ftp.sra.ebi.ac.uk/vol1/fastq/ERR100/049/ERR10031049/ERR10031049_1.fastq.gz	https://ftp.sra.ebi.ac.uk/vol1/fastq/ERR100/049/ERR10031049/ERR10031049_2.fastq.gz
ERR10031061	PAIRED	https://ftp.sra.ebi.ac.uk/vol1/fastq/ERR100/061/ERR10031061/ERR10031061_1.fastq.gz	https://ftp.sra.ebi.ac.uk/vol1/fastq/ERR100/061/ERR10031061/ERR10031061_2.fastq.gz
ERR10031127	PAIRED	https://ftp.sra.ebi.ac.uk/vol1/fastq/ERR100/027/ERR10031127/ERR10031127_1.fastq.gz	https://ftp.sra.ebi.ac.uk/vol1/fastq/ERR100/027/ERR10031127/ERR10031127_2.fastq.gz
ERR10039993	PAIRED	https://ftp.sra.ebi.ac.uk/vol1/fastq/ERR100/093/ERR10039993/ERR10039993_1.fastq.gz	https://ftp.sra.ebi.ac.uk/vol1/fastq/ERR100/093/ERR10039993/ERR10039993_2.fastq.gz
ERR10040002	PAIRED	https://ftp.sra.ebi.ac.uk/vol1/fastq/ERR100/002/ERR10040002/ERR10040002_1.fastq.gz	https://ftp.sra.ebi.ac.uk/vol1/fastq/ERR100/002/ERR10040002/ERR10040002_2.fastq.gz
ERR10040003	PAIRED	https://ftp.sra.ebi.ac.uk/vol1/fastq/ERR100/003/ERR10040003/ERR10040003_1.fastq.gz	https://ftp.sra.ebi.ac.uk/vol1/fastq/ERR100/003/ERR10040003/ERR10040003_2.fastq.gz
ERR10040005	PAIRED	https://ftp.sra.ebi.ac.uk/vol1/fastq/ERR100/005/ERR10040005/ERR10040005_1.fastq.gz	https://ftp.sra.ebi.ac.uk/vol1/fastq/ERR100/005/ERR10040005/ERR10040005_2.fastq.gz
ERR10040045	PAIRED	https://ftp.sra.ebi.ac.uk/vol1/fastq/ERR100/045/ERR10040045/ERR10040045_1.fastq.gz	https://ftp.sra.ebi.ac.uk/vol1/fastq/ERR100/045/ERR10040045/ERR10040045_2.fastq.gz
ERR10040065	PAIRED	https://ftp.sra.ebi.ac.uk/vol1/fastq/ERR100/065/ERR10040065/ERR10040065_1.fastq.gz	https://ftp.sra.ebi.ac.uk/vol1/fastq/ERR100/065/ERR10040065/ERR10040065_2.fastq.gz
ERR10040080	PAIRED	https://ftp.sra.ebi.ac.uk/vol1/fastq/ERR100/080/ERR10040080/ERR10040080_1.fastq.gz	https://ftp.sra.ebi.ac.uk/vol1/fastq/ERR100/080/ERR10040080/ERR10040080_2.fastq.gz
ERR10040100	PAIRED	https://ftp.sra.ebi.ac.uk/vol1/fastq/ERR100/000/ERR10040100/ERR10040100_1.fastq.gz	https://ftp.sra.ebi.ac.uk/vol1/fastq/ERR100/000/ERR10040100/ERR10040100_2.fastq.gz
ERR1008640	PAIRED	https://ftp.sra.ebi.ac.uk/vol1/fastq/ERR100/000/ERR1008640/ERR1008640_1.fastq.gz	https://ftp.sra.ebi.ac.uk/vol1/fastq/ERR100/000/ERR1008640/ERR1008640_2.fastq.gz
ERR1008646	PAIRED	https://ftp.sra.ebi.ac.uk/vol1/fastq/ERR100/006/ERR1008646/ERR1008646_1.fastq.gz	https://ftp.sra.ebi.ac.uk/vol1/fastq/ERR100/006/ERR1008646/ERR1008646_2.fastq.gz
ERR1008651	PAIRED	https://ftp.sra.ebi.ac.uk/vol1/fastq/ERR100/001/ERR1008651/ERR1008651_1.fastq.gz	https://ftp.sra.ebi.ac.uk/vol1/fastq/ERR100/001/ERR1008651/ERR1008651_2.fastq.gz
ERR1008667	PAIRED	https://ftp.sra.ebi.ac.uk/vol1/fastq/ERR100/007/ERR1008667/ERR1008667_1.fastq.gz	https://ftp.sra.ebi.ac.uk/vol1/fastq/ERR100/007/ERR1008667/ERR1008667_2.fastq.gz
ERR1008673	PAIRED	https://ftp.sra.ebi.ac.uk/vol1/fastq/ERR100/003/ERR1008673/ERR1008673_1.fastq.gz	https://ftp.sra.ebi.ac.uk/vol1/fastq/ERR100/003/ERR1008673/ERR1008673_2.fastq.gz
ERR1008676	PAIRED	https://ftp.sra.ebi.ac.uk/vol1/fastq/ERR100/006/ERR1008676/ERR1008676_1.fastq.gz	https://ftp.sra.ebi.ac.uk/vol1/fastq/ERR100/006/ERR1008676/ERR1008676_2.fastq.gz
ERR1008691	PAIRED	https://ftp.sra.ebi.ac.uk/vol1/fastq/ERR100/001/ERR1008691/ERR1008691_1.fastq.gz	https://ftp.sra.ebi.ac.uk/vol1/fastq/ERR100/001/ERR1008691/ERR1008691_2.fastq.gz
ERR1008695	PAIRED	https://ftp.sra.ebi.ac.uk/vol1/fastq/ERR100/005/ERR1008695/ERR1008695_1.fastq.gz	https://ftp.sra.ebi.ac.uk/vol1/fastq/ERR100/005/ERR1008695/ERR1008695_2.fastq.gz
ERR1008697	PAIRED	https://ftp.sra.ebi.ac.uk/vol1/fastq/ERR100/007/ERR1008697/ERR1008697_1.fastq.gz	https://ftp.sra.ebi.ac.uk/vol1/fastq/ERR100/007/ERR1008697/ERR1008697_2.fastq.gz
ERR1008710	PAIRED	https://ftp.sra.ebi.ac.uk/vol1/fastq/ERR100/000/ERR1008710/ERR1008710_1.fastq.gz	https://ftp.sra.ebi.ac.uk/vol1/fastq/ERR100/000/ERR1008710/ERR1008710_2.fastq.gz
ERR1008757	PAIRED	https://ftp.sra.ebi.ac.uk/vol1/fastq/ERR100/007/ERR1008757/ERR1008757_1.fastq.gz	https://ftp.sra.ebi.ac.uk/vol1/fastq/ERR100/007/ERR1008757/ERR1008757_2.fastq.gz
ERR1008770	PAIRED	https://ftp.sra.ebi.ac.uk/vol1/fastq/ERR100/000/ERR1008770/ERR1008770_1.fastq.gz	https://ftp.sra.ebi.ac.uk/vol1/fastq/ERR100/000/ERR1008770/ERR1008770_2.fastq.gz
ERR1015292	PAIRED	https://ftp.sra.ebi.ac.uk/vol1/fastq/ERR101/002/ERR1015292/ERR1015292_1.fastq.gz	https://ftp.sra.ebi.ac.uk/vol1/fastq/ERR101/002/ERR1015292/ERR1015292_2.fastq.gz
ERR10178493	PAIRED	https://ftp.sra.ebi.ac.uk/vol1/fastq/ERR101/093/ERR10178493/ERR10178493_1.fastq.gz	https://ftp.sra.ebi.ac.uk/vol1/fastq/ERR101/093/ERR10178493/ERR10178493_2.fastq.gz
ERR1023628	PAIRED	https://ftp.sra.ebi.ac.uk/vol1/fastq/ERR102/008/ERR1023628/ERR1023628_1.fastq.gz	https://ftp.sra.ebi.ac.uk/vol1/fastq/ERR102/008/ERR1023628/ERR1023628_2.fastq.gz
ERR1023637	PAIRED	https://ftp.sra.ebi.ac.uk/vol1/fastq/ERR102/007/ERR1023637/ERR1023637_1.fastq.gz	https://ftp.sra.ebi.ac.uk/vol1/fastq/ERR102/007/ERR1023637/ERR1023637_2.fastq.gz
ERR1023642	PAIRED	https://ftp.sra.ebi.ac.uk/vol1/fastq/ERR102/002/ERR1023642/ERR1023642_1.fastq.gz	https://ftp.sra.ebi.ac.uk/vol1/fastq/ERR102/002/ERR1023642/ERR1023642_2.fastq.gz
ERR1023669	PAIRED	https://ftp.sra.ebi.ac.uk/vol1/fastq/ERR102/009/ERR1023669/ERR1023669_1.fastq.gz	https://ftp.sra.ebi.ac.uk/vol1/fastq/ERR102/009/ERR1023669/ERR1023669_2.fastq.gz
ERR1023672	PAIRED	https://ftp.sra.ebi.ac.uk/vol1/fastq/ERR102/002/ERR1023672/ERR1023672_1.fastq.gz	https://ftp.sra.ebi.ac.uk/vol1/fastq/ERR102/002/ERR1023672/ERR1023672_2.fastq.gz
ERR1023677	PAIRED	https://ftp.sra.ebi.ac.uk/vol1/fastq/ERR102/007/ERR1023677/ERR1023677_1.fastq.gz	https://ftp.sra.ebi.ac.uk/vol1/fastq/ERR102/007/ERR1023677/ERR1023677_2.fastq.gz
ERR1023686	PAIRED	https://ftp.sra.ebi.ac.uk/vol1/fastq/ERR102/006/ERR1023686/ERR1023686_1.fastq.gz	https://ftp.sra.ebi.ac.uk/vol1/fastq/ERR102/006/ERR1023686/ERR1023686_2.fastq.gz
ERR1023694	PAIRED	https://ftp.sra.ebi.ac.uk/vol1/fastq/ERR102/004/ERR1023694/ERR1023694_1.fastq.gz	https://ftp.sra.ebi.ac.uk/vol1/fastq/ERR102/004/ERR1023694/ERR1023694_2.fastq.gz
ERR1023701	PAIRED	https://ftp.sra.ebi.ac.uk/vol1/fastq/ERR102/001/ERR1023701/ERR1023701_1.fastq.gz	https://ftp.sra.ebi.ac.uk/vol1/fastq/ERR102/001/ERR1023701/ERR1023701_2.fastq.gz
ERR1023724	PAIRED	https://ftp.sra.ebi.ac.uk/vol1/fastq/ERR102/004/ERR1023724/ERR1023724_1.fastq.gz	https://ftp.sra.ebi.ac.uk/vol1/fastq/ERR102/004/ERR1023724/ERR1023724_2.fastq.gz
ERR1023738	PAIRED	https://ftp.sra.ebi.ac.uk/vol1/fastq/ERR102/008/ERR1023738/ERR1023738_1.fastq.gz	https://ftp.sra.ebi.ac.uk/vol1/fastq/ERR102/008/ERR1023738/ERR1023738_2.fastq.gz
ERR1023744	PAIRED	https://ftp.sra.ebi.ac.uk/vol1/fastq/ERR102/004/ERR1023744/ERR1023744_1.fastq.gz	https://ftp.sra.ebi.ac.uk/vol1/fastq/ERR102/004/ERR1023744/ERR1023744_2.fastq.gz
ERR1023766	PAIRED	https://ftp.sra.ebi.ac.uk/vol1/fastq/ERR102/006/ERR1023766/ERR1023766_1.fastq.gz	https://ftp.sra.ebi.ac.uk/vol1/fastq/ERR102/006/ERR1023766/ERR1023766_2.fastq.gz
ERR1023777	PAIRED	https://ftp.sra.ebi.ac.uk/vol1/fastq/ERR102/007/ERR1023777/ERR1023777_1.fastq.gz	https://ftp.sra.ebi.ac.uk/vol1/fastq/ERR102/007/ERR1023777/ERR1023777_2.fastq.gz
ERR1023783	PAIRED	https://ftp.sra.ebi.ac.uk/vol1/fastq/ERR102/003/ERR1023783/ERR1023783_1.fastq.gz	https://ftp.sra.ebi.ac.uk/vol1/fastq/ERR102/003/ERR1023783/ERR1023783_2.fastq.gz
ERR1023789	PAIRED	https://ftp.sra.ebi.ac.uk/vol1/fastq/ERR102/009/ERR1023789/ERR1023789_1.fastq.gz	https://ftp.sra.ebi.ac.uk/vol1/fastq/ERR102/009/ERR1023789/ERR1023789_2.fastq.gz
ERR1023796	PAIRED	https://ftp.sra.ebi.ac.uk/vol1/fastq/ERR102/006/ERR1023796/ERR1023796_1.fastq.gz	https://ftp.sra.ebi.ac.uk/vol1/fastq/ERR102/006/ERR1023796/ERR1023796_2.fastq.gz
ERR1023807	PAIRED	https://ftp.sra.ebi.ac.uk/vol1/fastq/ERR102/007/ERR1023807/ERR1023807_1.fastq.gz	https://ftp.sra.ebi.ac.uk/vol1/fastq/ERR102/007/ERR1023807/ERR1023807_2.fastq.gz
ERR1023811	PAIRED	https://ftp.sra.ebi.ac.uk/vol1/fastq/ERR102/001/ERR1023811/ERR1023811_1.fastq.gz	https://ftp.sra.ebi.ac.uk/vol1/fastq/ERR102/001/ERR1023811/ERR1023811_2.fastq.gz
ERR1023819	PAIRED	https://ftp.sra.ebi.ac.uk/vol1/fastq/ERR102/009/ERR1023819/ERR1023819_1.fastq.gz	https://ftp.sra.ebi.ac.uk/vol1/fastq/ERR102/009/ERR1023819/ERR1023819_2.fastq.gz
ERR1023825	PAIRED	https://ftp.sra.ebi.ac.uk/vol1/fastq/ERR102/005/ERR1023825/ERR1023825_1.fastq.gz	https://ftp.sra.ebi.ac.uk/vol1/fastq/ERR102/005/ERR1023825/ERR1023825_2.fastq.gz
ERR1023841	PAIRED	https://ftp.sra.ebi.ac.uk/vol1/fastq/ERR102/001/ERR1023841/ERR1023841_1.fastq.gz	https://ftp.sra.ebi.ac.uk/vol1/fastq/ERR102/001/ERR1023841/ERR1023841_2.fastq.gz
ERR1023853	PAIRED	https://ftp.sra.ebi.ac.uk/vol1/fastq/ERR102/003/ERR1023853/ERR1023853_1.fastq.gz	https://ftp.sra.ebi.ac.uk/vol1/fastq/ERR102/003/ERR1023853/ERR1023853_2.fastq.gz
ERR1023854	PAIRED	https://ftp.sra.ebi.ac.uk/vol1/fastq/ERR102/004/ERR1023854/ERR1023854_1.fastq.gz	https://ftp.sra.ebi.ac.uk/vol1/fastq/ERR102/004/ERR1023854/ERR1023854_2.fastq.gz
ERR1024576	PAIRED	https://ftp.sra.ebi.ac.uk/vol1/fastq/ERR102/006/ERR1024576/ERR1024576_1.fastq.gz	https://ftp.sra.ebi.ac.uk/vol1/fastq/ERR102/006/ERR1024576/ERR1024576_2.fastq.gz
ERR1024579	PAIRED	https://ftp.sra.ebi.ac.uk/vol1/fastq/ERR102/009/ERR1024579/ERR1024579_1.fastq.gz	https://ftp.sra.ebi.ac.uk/vol1/fastq/ERR102/009/ERR1024579/ERR1024579_2.fastq.gz
ERR1024640	PAIRED	https://ftp.sra.ebi.ac.uk/vol1/fastq/ERR102/000/ERR1024640/ERR1024640_1.fastq.gz	https://ftp.sra.ebi.ac.uk/vol1/fastq/ERR102/000/ERR1024640/ERR1024640_2.fastq.gz
ERR10321516	PAIRED	https://ftp.sra.ebi.ac.uk/vol1/fastq/ERR103/016/ERR10321516/ERR10321516_1.fastq.gz	https://ftp.sra.ebi.ac.uk/vol1/fastq/ERR103/016/ERR10321516/ERR10321516_2.fastq.gz
ERR10321616	PAIRED	https://ftp.sra.ebi.ac.uk/vol1/fastq/ERR103/016/ERR10321616/ERR10321616_1.fastq.gz	https://ftp.sra.ebi.ac.uk/vol1/fastq/ERR103/016/ERR10321616/ERR10321616_2.fastq.gz
ERR10321660	PAIRED	https://ftp.sra.ebi.ac.uk/vol1/fastq/ERR103/060/ERR10321660/ERR10321660_1.fastq.gz	https://ftp.sra.ebi.ac.uk/vol1/fastq/ERR103/060/ERR10321660/ERR10321660_2.fastq.gz
ERR10321661	PAIRED	https://ftp.sra.ebi.ac.uk/vol1/fastq/ERR103/061/ERR10321661/ERR10321661_1.fastq.gz	https://ftp.sra.ebi.ac.uk/vol1/fastq/ERR103/061/ERR10321661/ERR10321661_2.fastq.gz
ERR10321723	PAIRED	https://ftp.sra.ebi.ac.uk/vol1/fastq/ERR103/023/ERR10321723/ERR10321723_1.fastq.gz	https://ftp.sra.ebi.ac.uk/vol1/fastq/ERR103/023/ERR10321723/ERR10321723_2.fastq.gz
ERR10321813	PAIRED	https://ftp.sra.ebi.ac.uk/vol1/fastq/ERR103/013/ERR10321813/ERR10321813_1.fastq.gz	https://ftp.sra.ebi.ac.uk/vol1/fastq/ERR103/013/ERR10321813/ERR10321813_2.fastq.gz
ERR10321834	PAIRED	https://ftp.sra.ebi.ac.uk/vol1/fastq/ERR103/034/ERR10321834/ERR10321834_1.fastq.gz	https://ftp.sra.ebi.ac.uk/vol1/fastq/ERR103/034/ERR10321834/ERR10321834_2.fastq.gz
ERR10321869	PAIRED	https://ftp.sra.ebi.ac.uk/vol1/fastq/ERR103/069/ERR10321869/ERR10321869_1.fastq.gz	https://ftp.sra.ebi.ac.uk/vol1/fastq/ERR103/069/ERR10321869/ERR10321869_2.fastq.gz
ERR10358249	PAIRED	https://ftp.sra.ebi.ac.uk/vol1/fastq/ERR103/049/ERR10358249/ERR10358249_1.fastq.gz	https://ftp.sra.ebi.ac.uk/vol1/fastq/ERR103/049/ERR10358249/ERR10358249_2.fastq.gz
ERR10358269	PAIRED	https://ftp.sra.ebi.ac.uk/vol1/fastq/ERR103/069/ERR10358269/ERR10358269_1.fastq.gz	https://ftp.sra.ebi.ac.uk/vol1/fastq/ERR103/069/ERR10358269/ERR10358269_2.fastq.gz
ERR10358286	PAIRED	https://ftp.sra.ebi.ac.uk/vol1/fastq/ERR103/086/ERR10358286/ERR10358286_1.fastq.gz	https://ftp.sra.ebi.ac.uk/vol1/fastq/ERR103/086/ERR10358286/ERR10358286_2.fastq.gz
ERR10358310	PAIRED	https://ftp.sra.ebi.ac.uk/vol1/fastq/ERR103/010/ERR10358310/ERR10358310_1.fastq.gz	https://ftp.sra.ebi.ac.uk/vol1/fastq/ERR103/010/ERR10358310/ERR10358310_2.fastq.gz
ERR10358354	PAIRED	https://ftp.sra.ebi.ac.uk/vol1/fastq/ERR103/054/ERR10358354/ERR10358354_1.fastq.gz	https://ftp.sra.ebi.ac.uk/vol1/fastq/ERR103/054/ERR10358354/ERR10358354_2.fastq.gz
ERR10358371	PAIRED	https://ftp.sra.ebi.ac.uk/vol1/fastq/ERR103/071/ERR10358371/ERR10358371_1.fastq.gz	https://ftp.sra.ebi.ac.uk/vol1/fastq/ERR103/071/ERR10358371/ERR10358371_2.fastq.gz
ERR10358381	PAIRED	https://ftp.sra.ebi.ac.uk/vol1/fastq/ERR103/081/ERR10358381/ERR10358381_1.fastq.gz	https://ftp.sra.ebi.ac.uk/vol1/fastq/ERR103/081/ERR10358381/ERR10358381_2.fastq.gz
ERR10358482	PAIRED	https://ftp.sra.ebi.ac.uk/vol1/fastq/ERR103/082/ERR10358482/ERR10358482_1.fastq.gz	https://ftp.sra.ebi.ac.uk/vol1/fastq/ERR103/082/ERR10358482/ERR10358482_2.fastq.gz
ERR10358542	PAIRED	https://ftp.sra.ebi.ac.uk/vol1/fastq/ERR103/042/ERR10358542/ERR10358542_1.fastq.gz	https://ftp.sra.ebi.ac.uk/vol1/fastq/ERR103/042/ERR10358542/ERR10358542_2.fastq.gz
ERR1035985	PAIRED	https://ftp.sra.ebi.ac.uk/vol1/fastq/ERR103/005/ERR1035985/ERR1035985_1.fastq.gz	https://ftp.sra.ebi.ac.uk/vol1/fastq/ERR103/005/ERR1035985/ERR1035985_2.fastq.gz
ERR1035990	PAIRED	https://ftp.sra.ebi.ac.uk/vol1/fastq/ERR103/000/ERR1035990/ERR1035990_1.fastq.gz	https://ftp.sra.ebi.ac.uk/vol1/fastq/ERR103/000/ERR1035990/ERR1035990_2.fastq.gz
ERR10419890	PAIRED	https://ftp.sra.ebi.ac.uk/vol1/fastq/ERR104/090/ERR10419890/ERR10419890_1.fastq.gz	https://ftp.sra.ebi.ac.uk/vol1/fastq/ERR104/090/ERR10419890/ERR10419890_2.fastq.gz
ERR10419932	PAIRED	https://ftp.sra.ebi.ac.uk/vol1/fastq/ERR104/032/ERR10419932/ERR10419932_1.fastq.gz	https://ftp.sra.ebi.ac.uk/vol1/fastq/ERR104/032/ERR10419932/ERR10419932_2.fastq.gz
ERR10431521	PAIRED	https://ftp.sra.ebi.ac.uk/vol1/fastq/ERR104/021/ERR10431521/ERR10431521_1.fastq.gz	https://ftp.sra.ebi.ac.uk/vol1/fastq/ERR104/021/ERR10431521/ERR10431521_2.fastq.gz
ERR10431864	PAIRED	https://ftp.sra.ebi.ac.uk/vol1/fastq/ERR104/064/ERR10431864/ERR10431864_1.fastq.gz	https://ftp.sra.ebi.ac.uk/vol1/fastq/ERR104/064/ERR10431864/ERR10431864_2.fastq.gz
ERR10431922	PAIRED	https://ftp.sra.ebi.ac.uk/vol1/fastq/ERR104/022/ERR10431922/ERR10431922_1.fastq.gz	https://ftp.sra.ebi.ac.uk/vol1/fastq/ERR104/022/ERR10431922/ERR10431922_2.fastq.gz
ERR10432367	PAIRED	https://ftp.sra.ebi.ac.uk/vol1/fastq/ERR104/067/ERR10432367/ERR10432367_1.fastq.gz	https://ftp.sra.ebi.ac.uk/vol1/fastq/ERR104/067/ERR10432367/ERR10432367_2.fastq.gz
ERR10432437	PAIRED	https://ftp.sra.ebi.ac.uk/vol1/fastq/ERR104/037/ERR10432437/ERR10432437_1.fastq.gz	https://ftp.sra.ebi.ac.uk/vol1/fastq/ERR104/037/ERR10432437/ERR10432437_2.fastq.gz
ERR10432450	PAIRED	https://ftp.sra.ebi.ac.uk/vol1/fastq/ERR104/050/ERR10432450/ERR10432450_1.fastq.gz	https://ftp.sra.ebi.ac.uk/vol1/fastq/ERR104/050/ERR10432450/ERR10432450_2.fastq.gz
ERR10432657	PAIRED	https://ftp.sra.ebi.ac.uk/vol1/fastq/ERR104/057/ERR10432657/ERR10432657_1.fastq.gz	https://ftp.sra.ebi.ac.uk/vol1/fastq/ERR104/057/ERR10432657/ERR10432657_2.fastq.gz
ERR10432830	PAIRED	https://ftp.sra.ebi.ac.uk/vol1/fastq/ERR104/030/ERR10432830/ERR10432830_1.fastq.gz	https://ftp.sra.ebi.ac.uk/vol1/fastq/ERR104/030/ERR10432830/ERR10432830_2.fastq.gz
ERR10432831	PAIRED	https://ftp.sra.ebi.ac.uk/vol1/fastq/ERR104/031/ERR10432831/ERR10432831_1.fastq.gz	https://ftp.sra.ebi.ac.uk/vol1/fastq/ERR104/031/ERR10432831/ERR10432831_2.fastq.gz
ERR10436520	PAIRED	https://ftp.sra.ebi.ac.uk/vol1/fastq/ERR104/020/ERR10436520/ERR10436520_1.fastq.gz	https://ftp.sra.ebi.ac.uk/vol1/fastq/ERR104/020/ERR10436520/ERR10436520_2.fastq.gz
ERR10437266	PAIRED	https://ftp.sra.ebi.ac.uk/vol1/fastq/ERR104/066/ERR10437266/ERR10437266_1.fastq.gz	https://ftp.sra.ebi.ac.uk/vol1/fastq/ERR104/066/ERR10437266/ERR10437266_2.fastq.gz
ERR10437352	PAIRED	https://ftp.sra.ebi.ac.uk/vol1/fastq/ERR104/052/ERR10437352/ERR10437352_1.fastq.gz	https://ftp.sra.ebi.ac.uk/vol1/fastq/ERR104/052/ERR10437352/ERR10437352_2.fastq.gz
ERR10437364	PAIRED	https://ftp.sra.ebi.ac.uk/vol1/fastq/ERR104/064/ERR10437364/ERR10437364_1.fastq.gz	https://ftp.sra.ebi.ac.uk/vol1/fastq/ERR104/064/ERR10437364/ERR10437364_2.fastq.gz
ERR10437762	PAIRED	https://ftp.sra.ebi.ac.uk/vol1/fastq/ERR104/062/ERR10437762/ERR10437762_1.fastq.gz	https://ftp.sra.ebi.ac.uk/vol1/fastq/ERR104/062/ERR10437762/ERR10437762_2.fastq.gz
ERR10437763	PAIRED	https://ftp.sra.ebi.ac.uk/vol1/fastq/ERR104/063/ERR10437763/ERR10437763_1.fastq.gz	https://ftp.sra.ebi.ac.uk/vol1/fastq/ERR104/063/ERR10437763/ERR10437763_2.fastq.gz
ERR10438026	PAIRED	https://ftp.sra.ebi.ac.uk/vol1/fastq/ERR104/026/ERR10438026/ERR10438026_1.fastq.gz	https://ftp.sra.ebi.ac.uk/vol1/fastq/ERR104/026/ERR10438026/ERR10438026_2.fastq.gz
ERR10438029	PAIRED	https://ftp.sra.ebi.ac.uk/vol1/fastq/ERR104/029/ERR10438029/ERR10438029_1.fastq.gz	https://ftp.sra.ebi.ac.uk/vol1/fastq/ERR104/029/ERR10438029/ERR10438029_2.fastq.gz
ERR10438648	PAIRED	https://ftp.sra.ebi.ac.uk/vol1/fastq/ERR104/048/ERR10438648/ERR10438648_1.fastq.gz	https://ftp.sra.ebi.ac.uk/vol1/fastq/ERR104/048/ERR10438648/ERR10438648_2.fastq.gz
ERR10438735	PAIRED	https://ftp.sra.ebi.ac.uk/vol1/fastq/ERR104/035/ERR10438735/ERR10438735_1.fastq.gz	https://ftp.sra.ebi.ac.uk/vol1/fastq/ERR104/035/ERR10438735/ERR10438735_2.fastq.gz
ERR10438910	PAIRED	https://ftp.sra.ebi.ac.uk/vol1/fastq/ERR104/010/ERR10438910/ERR10438910_1.fastq.gz	https://ftp.sra.ebi.ac.uk/vol1/fastq/ERR104/010/ERR10438910/ERR10438910_2.fastq.gz
ERR10439050	PAIRED	https://ftp.sra.ebi.ac.uk/vol1/fastq/ERR104/050/ERR10439050/ERR10439050_1.fastq.gz	https://ftp.sra.ebi.ac.uk/vol1/fastq/ERR104/050/ERR10439050/ERR10439050_2.fastq.gz
ERR10439053	PAIRED	https://ftp.sra.ebi.ac.uk/vol1/fastq/ERR104/053/ERR10439053/ERR10439053_1.fastq.gz	https://ftp.sra.ebi.ac.uk/vol1/fastq/ERR104/053/ERR10439053/ERR10439053_2.fastq.gz
ERR10440873	PAIRED	https://ftp.sra.ebi.ac.uk/vol1/fastq/ERR104/073/ERR10440873/ERR10440873_1.fastq.gz	https://ftp.sra.ebi.ac.uk/vol1/fastq/ERR104/073/ERR10440873/ERR10440873_2.fastq.gz
ERR10440930	PAIRED	https://ftp.sra.ebi.ac.uk/vol1/fastq/ERR104/030/ERR10440930/ERR10440930_1.fastq.gz	https://ftp.sra.ebi.ac.uk/vol1/fastq/ERR104/030/ERR10440930/ERR10440930_2.fastq.gz
ERR10440935	PAIRED	https://ftp.sra.ebi.ac.uk/vol1/fastq/ERR104/035/ERR10440935/ERR10440935_1.fastq.gz	https://ftp.sra.ebi.ac.uk/vol1/fastq/ERR104/035/ERR10440935/ERR10440935_2.fastq.gz
ERR10441277	PAIRED	https://ftp.sra.ebi.ac.uk/vol1/fastq/ERR104/077/ERR10441277/ERR10441277_1.fastq.gz	https://ftp.sra.ebi.ac.uk/vol1/fastq/ERR104/077/ERR10441277/ERR10441277_2.fastq.gz
ERR10441563	PAIRED	https://ftp.sra.ebi.ac.uk/vol1/fastq/ERR104/063/ERR10441563/ERR10441563_1.fastq.gz	https://ftp.sra.ebi.ac.uk/vol1/fastq/ERR104/063/ERR10441563/ERR10441563_2.fastq.gz
ERR10447122	PAIRED	https://ftp.sra.ebi.ac.uk/vol1/fastq/ERR104/022/ERR10447122/ERR10447122_1.fastq.gz	https://ftp.sra.ebi.ac.uk/vol1/fastq/ERR104/022/ERR10447122/ERR10447122_2.fastq.gz
ERR10461820	PAIRED	https://ftp.sra.ebi.ac.uk/vol1/fastq/ERR104/020/ERR10461820/ERR10461820_1.fastq.gz	https://ftp.sra.ebi.ac.uk/vol1/fastq/ERR104/020/ERR10461820/ERR10461820_2.fastq.gz
ERR10461823	PAIRED	https://ftp.sra.ebi.ac.uk/vol1/fastq/ERR104/023/ERR10461823/ERR10461823_1.fastq.gz	https://ftp.sra.ebi.ac.uk/vol1/fastq/ERR104/023/ERR10461823/ERR10461823_2.fastq.gz
ERR10461836	PAIRED	https://ftp.sra.ebi.ac.uk/vol1/fastq/ERR104/036/ERR10461836/ERR10461836_1.fastq.gz	https://ftp.sra.ebi.ac.uk/vol1/fastq/ERR104/036/ERR10461836/ERR10461836_2.fastq.gz
ERR10461839	PAIRED	https://ftp.sra.ebi.ac.uk/vol1/fastq/ERR104/039/ERR10461839/ERR10461839_1.fastq.gz	https://ftp.sra.ebi.ac.uk/vol1/fastq/ERR104/039/ERR10461839/ERR10461839_2.fastq.gz
ERR10461862	PAIRED	https://ftp.sra.ebi.ac.uk/vol1/fastq/ERR104/062/ERR10461862/ERR10461862_1.fastq.gz	https://ftp.sra.ebi.ac.uk/vol1/fastq/ERR104/062/ERR10461862/ERR10461862_2.fastq.gz
ERR10461875	PAIRED	https://ftp.sra.ebi.ac.uk/vol1/fastq/ERR104/075/ERR10461875/ERR10461875_1.fastq.gz	https://ftp.sra.ebi.ac.uk/vol1/fastq/ERR104/075/ERR10461875/ERR10461875_2.fastq.gz
ERR10461877	PAIRED	https://ftp.sra.ebi.ac.uk/vol1/fastq/ERR104/077/ERR10461877/ERR10461877_1.fastq.gz	https://ftp.sra.ebi.ac.uk/vol1/fastq/ERR104/077/ERR10461877/ERR10461877_2.fastq.gz
ERR10471668	PAIRED	https://ftp.sra.ebi.ac.uk/vol1/fastq/ERR104/068/ERR10471668/ERR10471668_1.fastq.gz	https://ftp.sra.ebi.ac.uk/vol1/fastq/ERR104/068/ERR10471668/ERR10471668_2.fastq.gz
ERR10471754	PAIRED	https://ftp.sra.ebi.ac.uk/vol1/fastq/ERR104/054/ERR10471754/ERR10471754_1.fastq.gz	https://ftp.sra.ebi.ac.uk/vol1/fastq/ERR104/054/ERR10471754/ERR10471754_2.fastq.gz
ERR10471842	PAIRED	https://ftp.sra.ebi.ac.uk/vol1/fastq/ERR104/042/ERR10471842/ERR10471842_1.fastq.gz	https://ftp.sra.ebi.ac.uk/vol1/fastq/ERR104/042/ERR10471842/ERR10471842_2.fastq.gz
ERR10471880	PAIRED	https://ftp.sra.ebi.ac.uk/vol1/fastq/ERR104/080/ERR10471880/ERR10471880_1.fastq.gz	https://ftp.sra.ebi.ac.uk/vol1/fastq/ERR104/080/ERR10471880/ERR10471880_2.fastq.gz
ERR10471881	PAIRED	https://ftp.sra.ebi.ac.uk/vol1/fastq/ERR104/081/ERR10471881/ERR10471881_1.fastq.gz	https://ftp.sra.ebi.ac.uk/vol1/fastq/ERR104/081/ERR10471881/ERR10471881_2.fastq.gz
ERR10471892	PAIRED	https://ftp.sra.ebi.ac.uk/vol1/fastq/ERR104/092/ERR10471892/ERR10471892_1.fastq.gz	https://ftp.sra.ebi.ac.uk/vol1/fastq/ERR104/092/ERR10471892/ERR10471892_2.fastq.gz
ERR10471926	PAIRED	https://ftp.sra.ebi.ac.uk/vol1/fastq/ERR104/026/ERR10471926/ERR10471926_1.fastq.gz	https://ftp.sra.ebi.ac.uk/vol1/fastq/ERR104/026/ERR10471926/ERR10471926_2.fastq.gz
ERR10471942	PAIRED	https://ftp.sra.ebi.ac.uk/vol1/fastq/ERR104/042/ERR10471942/ERR10471942_1.fastq.gz	https://ftp.sra.ebi.ac.uk/vol1/fastq/ERR104/042/ERR10471942/ERR10471942_2.fastq.gz
ERR10471946	PAIRED	https://ftp.sra.ebi.ac.uk/vol1/fastq/ERR104/046/ERR10471946/ERR10471946_1.fastq.gz	https://ftp.sra.ebi.ac.uk/vol1/fastq/ERR104/046/ERR10471946/ERR10471946_2.fastq.gz
ERR10471956	PAIRED	https://ftp.sra.ebi.ac.uk/vol1/fastq/ERR104/056/ERR10471956/ERR10471956_1.fastq.gz	https://ftp.sra.ebi.ac.uk/vol1/fastq/ERR104/056/ERR10471956/ERR10471956_2.fastq.gz
ERR10663183	PAIRED	https://ftp.sra.ebi.ac.uk/vol1/fastq/ERR106/083/ERR10663183/ERR10663183_1.fastq.gz	https://ftp.sra.ebi.ac.uk/vol1/fastq/ERR106/083/ERR10663183/ERR10663183_2.fastq.gz
ERR10663210	PAIRED	https://ftp.sra.ebi.ac.uk/vol1/fastq/ERR106/010/ERR10663210/ERR10663210_1.fastq.gz	https://ftp.sra.ebi.ac.uk/vol1/fastq/ERR106/010/ERR10663210/ERR10663210_2.fastq.gz
ERR10663233	PAIRED	https://ftp.sra.ebi.ac.uk/vol1/fastq/ERR106/033/ERR10663233/ERR10663233_1.fastq.gz	https://ftp.sra.ebi.ac.uk/vol1/fastq/ERR106/033/ERR10663233/ERR10663233_2.fastq.gz
ERR10663256	PAIRED	https://ftp.sra.ebi.ac.uk/vol1/fastq/ERR106/056/ERR10663256/ERR10663256_1.fastq.gz	https://ftp.sra.ebi.ac.uk/vol1/fastq/ERR106/056/ERR10663256/ERR10663256_2.fastq.gz
ERR10663273	PAIRED	https://ftp.sra.ebi.ac.uk/vol1/fastq/ERR106/073/ERR10663273/ERR10663273_1.fastq.gz	https://ftp.sra.ebi.ac.uk/vol1/fastq/ERR106/073/ERR10663273/ERR10663273_2.fastq.gz
ERR10663284	PAIRED	https://ftp.sra.ebi.ac.uk/vol1/fastq/ERR106/084/ERR10663284/ERR10663284_1.fastq.gz	https://ftp.sra.ebi.ac.uk/vol1/fastq/ERR106/084/ERR10663284/ERR10663284_2.fastq.gz
ERR10669632	PAIRED	https://ftp.sra.ebi.ac.uk/vol1/fastq/ERR106/032/ERR10669632/ERR10669632_1.fastq.gz	https://ftp.sra.ebi.ac.uk/vol1/fastq/ERR106/032/ERR10669632/ERR10669632_2.fastq.gz
ERR10669667	PAIRED	https://ftp.sra.ebi.ac.uk/vol1/fastq/ERR106/067/ERR10669667/ERR10669667_1.fastq.gz	https://ftp.sra.ebi.ac.uk/vol1/fastq/ERR106/067/ERR10669667/ERR10669667_2.fastq.gz
ERR10686260	PAIRED	https://ftp.sra.ebi.ac.uk/vol1/fastq/ERR106/060/ERR10686260/ERR10686260_1.fastq.gz	https://ftp.sra.ebi.ac.uk/vol1/fastq/ERR106/060/ERR10686260/ERR10686260_2.fastq.gz
ERR10686333	PAIRED	https://ftp.sra.ebi.ac.uk/vol1/fastq/ERR106/033/ERR10686333/ERR10686333_1.fastq.gz	https://ftp.sra.ebi.ac.uk/vol1/fastq/ERR106/033/ERR10686333/ERR10686333_2.fastq.gz
ERR10686334	PAIRED	https://ftp.sra.ebi.ac.uk/vol1/fastq/ERR106/034/ERR10686334/ERR10686334_1.fastq.gz	https://ftp.sra.ebi.ac.uk/vol1/fastq/ERR106/034/ERR10686334/ERR10686334_2.fastq.gz
ERR10686352	PAIRED	https://ftp.sra.ebi.ac.uk/vol1/fastq/ERR106/052/ERR10686352/ERR10686352_1.fastq.gz	https://ftp.sra.ebi.ac.uk/vol1/fastq/ERR106/052/ERR10686352/ERR10686352_2.fastq.gz
ERR10686366	PAIRED	https://ftp.sra.ebi.ac.uk/vol1/fastq/ERR106/066/ERR10686366/ERR10686366_1.fastq.gz	https://ftp.sra.ebi.ac.uk/vol1/fastq/ERR106/066/ERR10686366/ERR10686366_2.fastq.gz
ERR10686377	PAIRED	https://ftp.sra.ebi.ac.uk/vol1/fastq/ERR106/077/ERR10686377/ERR10686377_1.fastq.gz	https://ftp.sra.ebi.ac.uk/vol1/fastq/ERR106/077/ERR10686377/ERR10686377_2.fastq.gz
ERR10686383	PAIRED	https://ftp.sra.ebi.ac.uk/vol1/fastq/ERR106/083/ERR10686383/ERR10686383_1.fastq.gz	https://ftp.sra.ebi.ac.uk/vol1/fastq/ERR106/083/ERR10686383/ERR10686383_2.fastq.gz
ERR10686389	PAIRED	https://ftp.sra.ebi.ac.uk/vol1/fastq/ERR106/089/ERR10686389/ERR10686389_1.fastq.gz	https://ftp.sra.ebi.ac.uk/vol1/fastq/ERR106/089/ERR10686389/ERR10686389_2.fastq.gz
ERR10686459	PAIRED	https://ftp.sra.ebi.ac.uk/vol1/fastq/ERR106/059/ERR10686459/ERR10686459_1.fastq.gz	https://ftp.sra.ebi.ac.uk/vol1/fastq/ERR106/059/ERR10686459/ERR10686459_2.fastq.gz
ERR10686474	PAIRED	https://ftp.sra.ebi.ac.uk/vol1/fastq/ERR106/074/ERR10686474/ERR10686474_1.fastq.gz	https://ftp.sra.ebi.ac.uk/vol1/fastq/ERR106/074/ERR10686474/ERR10686474_2.fastq.gz
ERR10686536	PAIRED	https://ftp.sra.ebi.ac.uk/vol1/fastq/ERR106/036/ERR10686536/ERR10686536_1.fastq.gz	https://ftp.sra.ebi.ac.uk/vol1/fastq/ERR106/036/ERR10686536/ERR10686536_2.fastq.gz
ERR10686550	PAIRED	https://ftp.sra.ebi.ac.uk/vol1/fastq/ERR106/050/ERR10686550/ERR10686550_1.fastq.gz	https://ftp.sra.ebi.ac.uk/vol1/fastq/ERR106/050/ERR10686550/ERR10686550_2.fastq.gz
ERR10686560	PAIRED	https://ftp.sra.ebi.ac.uk/vol1/fastq/ERR106/060/ERR10686560/ERR10686560_1.fastq.gz	https://ftp.sra.ebi.ac.uk/vol1/fastq/ERR106/060/ERR10686560/ERR10686560_2.fastq.gz
ERR10686566	PAIRED	https://ftp.sra.ebi.ac.uk/vol1/fastq/ERR106/066/ERR10686566/ERR10686566_1.fastq.gz	https://ftp.sra.ebi.ac.uk/vol1/fastq/ERR106/066/ERR10686566/ERR10686566_2.fastq.gz
ERR10686591	PAIRED	https://ftp.sra.ebi.ac.uk/vol1/fastq/ERR106/091/ERR10686591/ERR10686591_1.fastq.gz	https://ftp.sra.ebi.ac.uk/vol1/fastq/ERR106/091/ERR10686591/ERR10686591_2.fastq.gz
ERR10691949	PAIRED	https://ftp.sra.ebi.ac.uk/vol1/fastq/ERR106/049/ERR10691949/ERR10691949_1.fastq.gz	https://ftp.sra.ebi.ac.uk/vol1/fastq/ERR106/049/ERR10691949/ERR10691949_2.fastq.gz
ERR10691951	PAIRED	https://ftp.sra.ebi.ac.uk/vol1/fastq/ERR106/051/ERR10691951/ERR10691951_1.fastq.gz	https://ftp.sra.ebi.ac.uk/vol1/fastq/ERR106/051/ERR10691951/ERR10691951_2.fastq.gz
ERR10691959	PAIRED	https://ftp.sra.ebi.ac.uk/vol1/fastq/ERR106/059/ERR10691959/ERR10691959_1.fastq.gz	https://ftp.sra.ebi.ac.uk/vol1/fastq/ERR106/059/ERR10691959/ERR10691959_2.fastq.gz
ERR10738616	PAIRED	https://ftp.sra.ebi.ac.uk/vol1/fastq/ERR107/016/ERR10738616/ERR10738616_1.fastq.gz	https://ftp.sra.ebi.ac.uk/vol1/fastq/ERR107/016/ERR10738616/ERR10738616_2.fastq.gz
ERR10738631	PAIRED	https://ftp.sra.ebi.ac.uk/vol1/fastq/ERR107/031/ERR10738631/ERR10738631_1.fastq.gz	https://ftp.sra.ebi.ac.uk/vol1/fastq/ERR107/031/ERR10738631/ERR10738631_2.fastq.gz
ERR10738679	PAIRED	https://ftp.sra.ebi.ac.uk/vol1/fastq/ERR107/079/ERR10738679/ERR10738679_1.fastq.gz	https://ftp.sra.ebi.ac.uk/vol1/fastq/ERR107/079/ERR10738679/ERR10738679_2.fastq.gz
ERR10738729	PAIRED	https://ftp.sra.ebi.ac.uk/vol1/fastq/ERR107/029/ERR10738729/ERR10738729_1.fastq.gz	https://ftp.sra.ebi.ac.uk/vol1/fastq/ERR107/029/ERR10738729/ERR10738729_2.fastq.gz
ERR10738733	PAIRED	https://ftp.sra.ebi.ac.uk/vol1/fastq/ERR107/033/ERR10738733/ERR10738733_1.fastq.gz	https://ftp.sra.ebi.ac.uk/vol1/fastq/ERR107/033/ERR10738733/ERR10738733_2.fastq.gz
ERR10738734	PAIRED	https://ftp.sra.ebi.ac.uk/vol1/fastq/ERR107/034/ERR10738734/ERR10738734_1.fastq.gz	https://ftp.sra.ebi.ac.uk/vol1/fastq/ERR107/034/ERR10738734/ERR10738734_2.fastq.gz
ERR10738743	PAIRED	https://ftp.sra.ebi.ac.uk/vol1/fastq/ERR107/043/ERR10738743/ERR10738743_1.fastq.gz	https://ftp.sra.ebi.ac.uk/vol1/fastq/ERR107/043/ERR10738743/ERR10738743_2.fastq.gz
ERR10738744	PAIRED	https://ftp.sra.ebi.ac.uk/vol1/fastq/ERR107/044/ERR10738744/ERR10738744_1.fastq.gz	https://ftp.sra.ebi.ac.uk/vol1/fastq/ERR107/044/ERR10738744/ERR10738744_2.fastq.gz
ERR10738831	PAIRED	https://ftp.sra.ebi.ac.uk/vol1/fastq/ERR107/031/ERR10738831/ERR10738831_1.fastq.gz	https://ftp.sra.ebi.ac.uk/vol1/fastq/ERR107/031/ERR10738831/ERR10738831_2.fastq.gz
ERR10738841	PAIRED	https://ftp.sra.ebi.ac.uk/vol1/fastq/ERR107/041/ERR10738841/ERR10738841_1.fastq.gz	https://ftp.sra.ebi.ac.uk/vol1/fastq/ERR107/041/ERR10738841/ERR10738841_2.fastq.gz
ERR10738843	PAIRED	https://ftp.sra.ebi.ac.uk/vol1/fastq/ERR107/043/ERR10738843/ERR10738843_1.fastq.gz	https://ftp.sra.ebi.ac.uk/vol1/fastq/ERR107/043/ERR10738843/ERR10738843_2.fastq.gz
ERR10738858	PAIRED	https://ftp.sra.ebi.ac.uk/vol1/fastq/ERR107/058/ERR10738858/ERR10738858_1.fastq.gz	https://ftp.sra.ebi.ac.uk/vol1/fastq/ERR107/058/ERR10738858/ERR10738858_2.fastq.gz
ERR10738871	PAIRED	https://ftp.sra.ebi.ac.uk/vol1/fastq/ERR107/071/ERR10738871/ERR10738871_1.fastq.gz	https://ftp.sra.ebi.ac.uk/vol1/fastq/ERR107/071/ERR10738871/ERR10738871_2.fastq.gz
ERR10738895	PAIRED	https://ftp.sra.ebi.ac.uk/vol1/fastq/ERR107/095/ERR10738895/ERR10738895_1.fastq.gz	https://ftp.sra.ebi.ac.uk/vol1/fastq/ERR107/095/ERR10738895/ERR10738895_2.fastq.gz
ERR10738924	PAIRED	https://ftp.sra.ebi.ac.uk/vol1/fastq/ERR107/024/ERR10738924/ERR10738924_1.fastq.gz	https://ftp.sra.ebi.ac.uk/vol1/fastq/ERR107/024/ERR10738924/ERR10738924_2.fastq.gz
ERR10738945	PAIRED	https://ftp.sra.ebi.ac.uk/vol1/fastq/ERR107/045/ERR10738945/ERR10738945_1.fastq.gz	https://ftp.sra.ebi.ac.uk/vol1/fastq/ERR107/045/ERR10738945/ERR10738945_2.fastq.gz
ERR10738949	PAIRED	https://ftp.sra.ebi.ac.uk/vol1/fastq/ERR107/049/ERR10738949/ERR10738949_1.fastq.gz	https://ftp.sra.ebi.ac.uk/vol1/fastq/ERR107/049/ERR10738949/ERR10738949_2.fastq.gz
ERR10765182	PAIRED	https://ftp.sra.ebi.ac.uk/vol1/fastq/ERR107/082/ERR10765182/ERR10765182_1.fastq.gz	https://ftp.sra.ebi.ac.uk/vol1/fastq/ERR107/082/ERR10765182/ERR10765182_2.fastq.gz
ERR10765187	PAIRED	https://ftp.sra.ebi.ac.uk/vol1/fastq/ERR107/087/ERR10765187/ERR10765187_1.fastq.gz	https://ftp.sra.ebi.ac.uk/vol1/fastq/ERR107/087/ERR10765187/ERR10765187_2.fastq.gz
ERR10765198	PAIRED	https://ftp.sra.ebi.ac.uk/vol1/fastq/ERR107/098/ERR10765198/ERR10765198_1.fastq.gz	https://ftp.sra.ebi.ac.uk/vol1/fastq/ERR107/098/ERR10765198/ERR10765198_2.fastq.gz
ERR10765225	PAIRED	https://ftp.sra.ebi.ac.uk/vol1/fastq/ERR107/025/ERR10765225/ERR10765225_1.fastq.gz	https://ftp.sra.ebi.ac.uk/vol1/fastq/ERR107/025/ERR10765225/ERR10765225_2.fastq.gz
ERR10765226	PAIRED	https://ftp.sra.ebi.ac.uk/vol1/fastq/ERR107/026/ERR10765226/ERR10765226_1.fastq.gz	https://ftp.sra.ebi.ac.uk/vol1/fastq/ERR107/026/ERR10765226/ERR10765226_2.fastq.gz
ERR10765242	PAIRED	https://ftp.sra.ebi.ac.uk/vol1/fastq/ERR107/042/ERR10765242/ERR10765242_1.fastq.gz	https://ftp.sra.ebi.ac.uk/vol1/fastq/ERR107/042/ERR10765242/ERR10765242_2.fastq.gz
ERR10765267	PAIRED	https://ftp.sra.ebi.ac.uk/vol1/fastq/ERR107/067/ERR10765267/ERR10765267_1.fastq.gz	https://ftp.sra.ebi.ac.uk/vol1/fastq/ERR107/067/ERR10765267/ERR10765267_2.fastq.gz
ERR10765269	PAIRED	https://ftp.sra.ebi.ac.uk/vol1/fastq/ERR107/069/ERR10765269/ERR10765269_1.fastq.gz	https://ftp.sra.ebi.ac.uk/vol1/fastq/ERR107/069/ERR10765269/ERR10765269_2.fastq.gz
ERR10765278	PAIRED	https://ftp.sra.ebi.ac.uk/vol1/fastq/ERR107/078/ERR10765278/ERR10765278_1.fastq.gz	https://ftp.sra.ebi.ac.uk/vol1/fastq/ERR107/078/ERR10765278/ERR10765278_2.fastq.gz
ERR10765319	PAIRED	https://ftp.sra.ebi.ac.uk/vol1/fastq/ERR107/019/ERR10765319/ERR10765319_1.fastq.gz	https://ftp.sra.ebi.ac.uk/vol1/fastq/ERR107/019/ERR10765319/ERR10765319_2.fastq.gz
ERR10765332	PAIRED	https://ftp.sra.ebi.ac.uk/vol1/fastq/ERR107/032/ERR10765332/ERR10765332_1.fastq.gz	https://ftp.sra.ebi.ac.uk/vol1/fastq/ERR107/032/ERR10765332/ERR10765332_2.fastq.gz
ERR10765342	PAIRED	https://ftp.sra.ebi.ac.uk/vol1/fastq/ERR107/042/ERR10765342/ERR10765342_1.fastq.gz	https://ftp.sra.ebi.ac.uk/vol1/fastq/ERR107/042/ERR10765342/ERR10765342_2.fastq.gz
ERR10765414	PAIRED	https://ftp.sra.ebi.ac.uk/vol1/fastq/ERR107/014/ERR10765414/ERR10765414_1.fastq.gz	https://ftp.sra.ebi.ac.uk/vol1/fastq/ERR107/014/ERR10765414/ERR10765414_2.fastq.gz
ERR10765421	PAIRED	https://ftp.sra.ebi.ac.uk/vol1/fastq/ERR107/021/ERR10765421/ERR10765421_1.fastq.gz	https://ftp.sra.ebi.ac.uk/vol1/fastq/ERR107/021/ERR10765421/ERR10765421_2.fastq.gz
ERR10765431	PAIRED	https://ftp.sra.ebi.ac.uk/vol1/fastq/ERR107/031/ERR10765431/ERR10765431_1.fastq.gz	https://ftp.sra.ebi.ac.uk/vol1/fastq/ERR107/031/ERR10765431/ERR10765431_2.fastq.gz
ERR10765462	PAIRED	https://ftp.sra.ebi.ac.uk/vol1/fastq/ERR107/062/ERR10765462/ERR10765462_1.fastq.gz	https://ftp.sra.ebi.ac.uk/vol1/fastq/ERR107/062/ERR10765462/ERR10765462_2.fastq.gz
ERR10765466	PAIRED	https://ftp.sra.ebi.ac.uk/vol1/fastq/ERR107/066/ERR10765466/ERR10765466_1.fastq.gz	https://ftp.sra.ebi.ac.uk/vol1/fastq/ERR107/066/ERR10765466/ERR10765466_2.fastq.gz
ERR10765490	PAIRED	https://ftp.sra.ebi.ac.uk/vol1/fastq/ERR107/090/ERR10765490/ERR10765490_1.fastq.gz	https://ftp.sra.ebi.ac.uk/vol1/fastq/ERR107/090/ERR10765490/ERR10765490_2.fastq.gz
ERR10765540	PAIRED	https://ftp.sra.ebi.ac.uk/vol1/fastq/ERR107/040/ERR10765540/ERR10765540_1.fastq.gz	https://ftp.sra.ebi.ac.uk/vol1/fastq/ERR107/040/ERR10765540/ERR10765540_2.fastq.gz
ERR10765545	PAIRED	https://ftp.sra.ebi.ac.uk/vol1/fastq/ERR107/045/ERR10765545/ERR10765545_1.fastq.gz	https://ftp.sra.ebi.ac.uk/vol1/fastq/ERR107/045/ERR10765545/ERR10765545_2.fastq.gz
ERR10765547	PAIRED	https://ftp.sra.ebi.ac.uk/vol1/fastq/ERR107/047/ERR10765547/ERR10765547_1.fastq.gz	https://ftp.sra.ebi.ac.uk/vol1/fastq/ERR107/047/ERR10765547/ERR10765547_2.fastq.gz
ERR10765615	PAIRED	https://ftp.sra.ebi.ac.uk/vol1/fastq/ERR107/015/ERR10765615/ERR10765615_1.fastq.gz	https://ftp.sra.ebi.ac.uk/vol1/fastq/ERR107/015/ERR10765615/ERR10765615_2.fastq.gz
ERR10765625	PAIRED	https://ftp.sra.ebi.ac.uk/vol1/fastq/ERR107/025/ERR10765625/ERR10765625_1.fastq.gz	https://ftp.sra.ebi.ac.uk/vol1/fastq/ERR107/025/ERR10765625/ERR10765625_2.fastq.gz
ERR10765661	PAIRED	https://ftp.sra.ebi.ac.uk/vol1/fastq/ERR107/061/ERR10765661/ERR10765661_1.fastq.gz	https://ftp.sra.ebi.ac.uk/vol1/fastq/ERR107/061/ERR10765661/ERR10765661_2.fastq.gz
ERR10765669	PAIRED	https://ftp.sra.ebi.ac.uk/vol1/fastq/ERR107/069/ERR10765669/ERR10765669_1.fastq.gz	https://ftp.sra.ebi.ac.uk/vol1/fastq/ERR107/069/ERR10765669/ERR10765669_2.fastq.gz
ERR10765676	PAIRED	https://ftp.sra.ebi.ac.uk/vol1/fastq/ERR107/076/ERR10765676/ERR10765676_1.fastq.gz	https://ftp.sra.ebi.ac.uk/vol1/fastq/ERR107/076/ERR10765676/ERR10765676_2.fastq.gz
ERR10765685	PAIRED	https://ftp.sra.ebi.ac.uk/vol1/fastq/ERR107/085/ERR10765685/ERR10765685_1.fastq.gz	https://ftp.sra.ebi.ac.uk/vol1/fastq/ERR107/085/ERR10765685/ERR10765685_2.fastq.gz
ERR10765739	PAIRED	https://ftp.sra.ebi.ac.uk/vol1/fastq/ERR107/039/ERR10765739/ERR10765739_1.fastq.gz	https://ftp.sra.ebi.ac.uk/vol1/fastq/ERR107/039/ERR10765739/ERR10765739_2.fastq.gz
ERR10765757	PAIRED	https://ftp.sra.ebi.ac.uk/vol1/fastq/ERR107/057/ERR10765757/ERR10765757_1.fastq.gz	https://ftp.sra.ebi.ac.uk/vol1/fastq/ERR107/057/ERR10765757/ERR10765757_2.fastq.gz
ERR10765774	PAIRED	https://ftp.sra.ebi.ac.uk/vol1/fastq/ERR107/074/ERR10765774/ERR10765774_1.fastq.gz	https://ftp.sra.ebi.ac.uk/vol1/fastq/ERR107/074/ERR10765774/ERR10765774_2.fastq.gz
ERR10765782	PAIRED	https://ftp.sra.ebi.ac.uk/vol1/fastq/ERR107/082/ERR10765782/ERR10765782_1.fastq.gz	https://ftp.sra.ebi.ac.uk/vol1/fastq/ERR107/082/ERR10765782/ERR10765782_2.fastq.gz
ERR10766018	PAIRED	https://ftp.sra.ebi.ac.uk/vol1/fastq/ERR107/018/ERR10766018/ERR10766018_1.fastq.gz	https://ftp.sra.ebi.ac.uk/vol1/fastq/ERR107/018/ERR10766018/ERR10766018_2.fastq.gz
ERR10766070	PAIRED	https://ftp.sra.ebi.ac.uk/vol1/fastq/ERR107/070/ERR10766070/ERR10766070_1.fastq.gz	https://ftp.sra.ebi.ac.uk/vol1/fastq/ERR107/070/ERR10766070/ERR10766070_2.fastq.gz
ERR10766156	PAIRED	https://ftp.sra.ebi.ac.uk/vol1/fastq/ERR107/056/ERR10766156/ERR10766156_1.fastq.gz	https://ftp.sra.ebi.ac.uk/vol1/fastq/ERR107/056/ERR10766156/ERR10766156_2.fastq.gz
ERR10766159	PAIRED	https://ftp.sra.ebi.ac.uk/vol1/fastq/ERR107/059/ERR10766159/ERR10766159_1.fastq.gz	https://ftp.sra.ebi.ac.uk/vol1/fastq/ERR107/059/ERR10766159/ERR10766159_2.fastq.gz
ERR10766162	PAIRED	https://ftp.sra.ebi.ac.uk/vol1/fastq/ERR107/062/ERR10766162/ERR10766162_1.fastq.gz	https://ftp.sra.ebi.ac.uk/vol1/fastq/ERR107/062/ERR10766162/ERR10766162_2.fastq.gz
ERR10766175	PAIRED	https://ftp.sra.ebi.ac.uk/vol1/fastq/ERR107/075/ERR10766175/ERR10766175_1.fastq.gz	https://ftp.sra.ebi.ac.uk/vol1/fastq/ERR107/075/ERR10766175/ERR10766175_2.fastq.gz
ERR10766316	PAIRED	https://ftp.sra.ebi.ac.uk/vol1/fastq/ERR107/016/ERR10766316/ERR10766316_1.fastq.gz	https://ftp.sra.ebi.ac.uk/vol1/fastq/ERR107/016/ERR10766316/ERR10766316_2.fastq.gz
ERR10766327	PAIRED	https://ftp.sra.ebi.ac.uk/vol1/fastq/ERR107/027/ERR10766327/ERR10766327_1.fastq.gz	https://ftp.sra.ebi.ac.uk/vol1/fastq/ERR107/027/ERR10766327/ERR10766327_2.fastq.gz
ERR10766368	PAIRED	https://ftp.sra.ebi.ac.uk/vol1/fastq/ERR107/068/ERR10766368/ERR10766368_1.fastq.gz	https://ftp.sra.ebi.ac.uk/vol1/fastq/ERR107/068/ERR10766368/ERR10766368_2.fastq.gz
ERR10766381	PAIRED	https://ftp.sra.ebi.ac.uk/vol1/fastq/ERR107/081/ERR10766381/ERR10766381_1.fastq.gz	https://ftp.sra.ebi.ac.uk/vol1/fastq/ERR107/081/ERR10766381/ERR10766381_2.fastq.gz
ERR10766395	PAIRED	https://ftp.sra.ebi.ac.uk/vol1/fastq/ERR107/095/ERR10766395/ERR10766395_1.fastq.gz	https://ftp.sra.ebi.ac.uk/vol1/fastq/ERR107/095/ERR10766395/ERR10766395_2.fastq.gz
ERR10766398	PAIRED	https://ftp.sra.ebi.ac.uk/vol1/fastq/ERR107/098/ERR10766398/ERR10766398_1.fastq.gz	https://ftp.sra.ebi.ac.uk/vol1/fastq/ERR107/098/ERR10766398/ERR10766398_2.fastq.gz
ERR10767470	PAIRED	https://ftp.sra.ebi.ac.uk/vol1/fastq/ERR107/070/ERR10767470/ERR10767470_1.fastq.gz	https://ftp.sra.ebi.ac.uk/vol1/fastq/ERR107/070/ERR10767470/ERR10767470_2.fastq.gz
ERR10767487	PAIRED	https://ftp.sra.ebi.ac.uk/vol1/fastq/ERR107/087/ERR10767487/ERR10767487_1.fastq.gz	https://ftp.sra.ebi.ac.uk/vol1/fastq/ERR107/087/ERR10767487/ERR10767487_2.fastq.gz
ERR10767547	PAIRED	https://ftp.sra.ebi.ac.uk/vol1/fastq/ERR107/047/ERR10767547/ERR10767547_1.fastq.gz	https://ftp.sra.ebi.ac.uk/vol1/fastq/ERR107/047/ERR10767547/ERR10767547_2.fastq.gz
ERR10767553	PAIRED	https://ftp.sra.ebi.ac.uk/vol1/fastq/ERR107/053/ERR10767553/ERR10767553_1.fastq.gz	https://ftp.sra.ebi.ac.uk/vol1/fastq/ERR107/053/ERR10767553/ERR10767553_2.fastq.gz
ERR10767570	PAIRED	https://ftp.sra.ebi.ac.uk/vol1/fastq/ERR107/070/ERR10767570/ERR10767570_1.fastq.gz	https://ftp.sra.ebi.ac.uk/vol1/fastq/ERR107/070/ERR10767570/ERR10767570_2.fastq.gz
ERR10767684	PAIRED	https://ftp.sra.ebi.ac.uk/vol1/fastq/ERR107/084/ERR10767684/ERR10767684_1.fastq.gz	https://ftp.sra.ebi.ac.uk/vol1/fastq/ERR107/084/ERR10767684/ERR10767684_2.fastq.gz
ERR10767713	PAIRED	https://ftp.sra.ebi.ac.uk/vol1/fastq/ERR107/013/ERR10767713/ERR10767713_1.fastq.gz	https://ftp.sra.ebi.ac.uk/vol1/fastq/ERR107/013/ERR10767713/ERR10767713_2.fastq.gz
ERR10767716	PAIRED	https://ftp.sra.ebi.ac.uk/vol1/fastq/ERR107/016/ERR10767716/ERR10767716_1.fastq.gz	https://ftp.sra.ebi.ac.uk/vol1/fastq/ERR107/016/ERR10767716/ERR10767716_2.fastq.gz
ERR10767724	PAIRED	https://ftp.sra.ebi.ac.uk/vol1/fastq/ERR107/024/ERR10767724/ERR10767724_1.fastq.gz	https://ftp.sra.ebi.ac.uk/vol1/fastq/ERR107/024/ERR10767724/ERR10767724_2.fastq.gz
ERR10767755	PAIRED	https://ftp.sra.ebi.ac.uk/vol1/fastq/ERR107/055/ERR10767755/ERR10767755_1.fastq.gz	https://ftp.sra.ebi.ac.uk/vol1/fastq/ERR107/055/ERR10767755/ERR10767755_2.fastq.gz
ERR10767759	PAIRED	https://ftp.sra.ebi.ac.uk/vol1/fastq/ERR107/059/ERR10767759/ERR10767759_1.fastq.gz	https://ftp.sra.ebi.ac.uk/vol1/fastq/ERR107/059/ERR10767759/ERR10767759_2.fastq.gz
ERR10767777	PAIRED	https://ftp.sra.ebi.ac.uk/vol1/fastq/ERR107/077/ERR10767777/ERR10767777_1.fastq.gz	https://ftp.sra.ebi.ac.uk/vol1/fastq/ERR107/077/ERR10767777/ERR10767777_2.fastq.gz
ERR10775943	PAIRED	https://ftp.sra.ebi.ac.uk/vol1/fastq/ERR107/043/ERR10775943/ERR10775943_1.fastq.gz	https://ftp.sra.ebi.ac.uk/vol1/fastq/ERR107/043/ERR10775943/ERR10775943_2.fastq.gz
ERR10775991	PAIRED	https://ftp.sra.ebi.ac.uk/vol1/fastq/ERR107/091/ERR10775991/ERR10775991_1.fastq.gz	https://ftp.sra.ebi.ac.uk/vol1/fastq/ERR107/091/ERR10775991/ERR10775991_2.fastq.gz
ERR10775999	PAIRED	https://ftp.sra.ebi.ac.uk/vol1/fastq/ERR107/099/ERR10775999/ERR10775999_1.fastq.gz	https://ftp.sra.ebi.ac.uk/vol1/fastq/ERR107/099/ERR10775999/ERR10775999_2.fastq.gz
ERR10793210	PAIRED	https://ftp.sra.ebi.ac.uk/vol1/fastq/ERR107/010/ERR10793210/ERR10793210_1.fastq.gz	https://ftp.sra.ebi.ac.uk/vol1/fastq/ERR107/010/ERR10793210/ERR10793210_2.fastq.gz
ERR10793258	PAIRED	https://ftp.sra.ebi.ac.uk/vol1/fastq/ERR107/058/ERR10793258/ERR10793258_1.fastq.gz	https://ftp.sra.ebi.ac.uk/vol1/fastq/ERR107/058/ERR10793258/ERR10793258_2.fastq.gz
ERR10793347	PAIRED	https://ftp.sra.ebi.ac.uk/vol1/fastq/ERR107/047/ERR10793347/ERR10793347_1.fastq.gz	https://ftp.sra.ebi.ac.uk/vol1/fastq/ERR107/047/ERR10793347/ERR10793347_2.fastq.gz
ERR10793364	PAIRED	https://ftp.sra.ebi.ac.uk/vol1/fastq/ERR107/064/ERR10793364/ERR10793364_1.fastq.gz	https://ftp.sra.ebi.ac.uk/vol1/fastq/ERR107/064/ERR10793364/ERR10793364_2.fastq.gz
ERR10893818	PAIRED	https://ftp.sra.ebi.ac.uk/vol1/fastq/ERR108/018/ERR10893818/ERR10893818_1.fastq.gz	https://ftp.sra.ebi.ac.uk/vol1/fastq/ERR108/018/ERR10893818/ERR10893818_2.fastq.gz
ERR10893824	PAIRED	https://ftp.sra.ebi.ac.uk/vol1/fastq/ERR108/024/ERR10893824/ERR10893824_1.fastq.gz	https://ftp.sra.ebi.ac.uk/vol1/fastq/ERR108/024/ERR10893824/ERR10893824_2.fastq.gz
ERR10893826	PAIRED	https://ftp.sra.ebi.ac.uk/vol1/fastq/ERR108/026/ERR10893826/ERR10893826_1.fastq.gz	https://ftp.sra.ebi.ac.uk/vol1/fastq/ERR108/026/ERR10893826/ERR10893826_2.fastq.gz
ERR10893879	PAIRED	https://ftp.sra.ebi.ac.uk/vol1/fastq/ERR108/079/ERR10893879/ERR10893879_1.fastq.gz	https://ftp.sra.ebi.ac.uk/vol1/fastq/ERR108/079/ERR10893879/ERR10893879_2.fastq.gz
ERR10893895	PAIRED	https://ftp.sra.ebi.ac.uk/vol1/fastq/ERR108/095/ERR10893895/ERR10893895_1.fastq.gz	https://ftp.sra.ebi.ac.uk/vol1/fastq/ERR108/095/ERR10893895/ERR10893895_2.fastq.gz
ERR10893942	PAIRED	https://ftp.sra.ebi.ac.uk/vol1/fastq/ERR108/042/ERR10893942/ERR10893942_1.fastq.gz	https://ftp.sra.ebi.ac.uk/vol1/fastq/ERR108/042/ERR10893942/ERR10893942_2.fastq.gz
ERR10893945	PAIRED	https://ftp.sra.ebi.ac.uk/vol1/fastq/ERR108/045/ERR10893945/ERR10893945_1.fastq.gz	https://ftp.sra.ebi.ac.uk/vol1/fastq/ERR108/045/ERR10893945/ERR10893945_2.fastq.gz
ERR10893963	PAIRED	https://ftp.sra.ebi.ac.uk/vol1/fastq/ERR108/063/ERR10893963/ERR10893963_1.fastq.gz	https://ftp.sra.ebi.ac.uk/vol1/fastq/ERR108/063/ERR10893963/ERR10893963_2.fastq.gz
ERR10893974	PAIRED	https://ftp.sra.ebi.ac.uk/vol1/fastq/ERR108/074/ERR10893974/ERR10893974_1.fastq.gz	https://ftp.sra.ebi.ac.uk/vol1/fastq/ERR108/074/ERR10893974/ERR10893974_2.fastq.gz
ERR10893988	PAIRED	https://ftp.sra.ebi.ac.uk/vol1/fastq/ERR108/088/ERR10893988/ERR10893988_1.fastq.gz	https://ftp.sra.ebi.ac.uk/vol1/fastq/ERR108/088/ERR10893988/ERR10893988_2.fastq.gz
ERR10894001	PAIRED	https://ftp.sra.ebi.ac.uk/vol1/fastq/ERR108/001/ERR10894001/ERR10894001_1.fastq.gz	https://ftp.sra.ebi.ac.uk/vol1/fastq/ERR108/001/ERR10894001/ERR10894001_2.fastq.gz
ERR10894026	PAIRED	https://ftp.sra.ebi.ac.uk/vol1/fastq/ERR108/026/ERR10894026/ERR10894026_1.fastq.gz	https://ftp.sra.ebi.ac.uk/vol1/fastq/ERR108/026/ERR10894026/ERR10894026_2.fastq.gz
ERR10894061	PAIRED	https://ftp.sra.ebi.ac.uk/vol1/fastq/ERR108/061/ERR10894061/ERR10894061_1.fastq.gz	https://ftp.sra.ebi.ac.uk/vol1/fastq/ERR108/061/ERR10894061/ERR10894061_2.fastq.gz
ERR10894067	PAIRED	https://ftp.sra.ebi.ac.uk/vol1/fastq/ERR108/067/ERR10894067/ERR10894067_1.fastq.gz	https://ftp.sra.ebi.ac.uk/vol1/fastq/ERR108/067/ERR10894067/ERR10894067_2.fastq.gz
ERR10922569	PAIRED	https://ftp.sra.ebi.ac.uk/vol1/fastq/ERR109/069/ERR10922569/ERR10922569_1.fastq.gz	https://ftp.sra.ebi.ac.uk/vol1/fastq/ERR109/069/ERR10922569/ERR10922569_2.fastq.gz
ERR10922581	PAIRED	https://ftp.sra.ebi.ac.uk/vol1/fastq/ERR109/081/ERR10922581/ERR10922581_1.fastq.gz	https://ftp.sra.ebi.ac.uk/vol1/fastq/ERR109/081/ERR10922581/ERR10922581_2.fastq.gz
ERR10922780	PAIRED	https://ftp.sra.ebi.ac.uk/vol1/fastq/ERR109/080/ERR10922780/ERR10922780_1.fastq.gz	https://ftp.sra.ebi.ac.uk/vol1/fastq/ERR109/080/ERR10922780/ERR10922780_2.fastq.gz
ERR10922826	PAIRED	https://ftp.sra.ebi.ac.uk/vol1/fastq/ERR109/026/ERR10922826/ERR10922826_1.fastq.gz	https://ftp.sra.ebi.ac.uk/vol1/fastq/ERR109/026/ERR10922826/ERR10922826_2.fastq.gz
ERR10992826	PAIRED	https://ftp.sra.ebi.ac.uk/vol1/fastq/ERR109/026/ERR10992826/ERR10992826_1.fastq.gz	https://ftp.sra.ebi.ac.uk/vol1/fastq/ERR109/026/ERR10992826/ERR10992826_2.fastq.gz
ERR10992854	PAIRED	https://ftp.sra.ebi.ac.uk/vol1/fastq/ERR109/054/ERR10992854/ERR10992854_1.fastq.gz	https://ftp.sra.ebi.ac.uk/vol1/fastq/ERR109/054/ERR10992854/ERR10992854_2.fastq.gz
ERR10995391	PAIRED	https://ftp.sra.ebi.ac.uk/vol1/fastq/ERR109/091/ERR10995391/ERR10995391_1.fastq.gz	https://ftp.sra.ebi.ac.uk/vol1/fastq/ERR109/091/ERR10995391/ERR10995391_2.fastq.gz
ERR11195379	PAIRED	https://ftp.sra.ebi.ac.uk/vol1/fastq/ERR111/079/ERR11195379/ERR11195379_1.fastq.gz	https://ftp.sra.ebi.ac.uk/vol1/fastq/ERR111/079/ERR11195379/ERR11195379_2.fastq.gz
ERR11195406	PAIRED	https://ftp.sra.ebi.ac.uk/vol1/fastq/ERR111/006/ERR11195406/ERR11195406_1.fastq.gz	https://ftp.sra.ebi.ac.uk/vol1/fastq/ERR111/006/ERR11195406/ERR11195406_2.fastq.gz
ERR11525229	PAIRED	https://ftp.sra.ebi.ac.uk/vol1/fastq/ERR115/029/ERR11525229/ERR11525229_1.fastq.gz	https://ftp.sra.ebi.ac.uk/vol1/fastq/ERR115/029/ERR11525229/ERR11525229_2.fastq.gz
ERR11525251	PAIRED	https://ftp.sra.ebi.ac.uk/vol1/fastq/ERR115/051/ERR11525251/ERR11525251_1.fastq.gz	https://ftp.sra.ebi.ac.uk/vol1/fastq/ERR115/051/ERR11525251/ERR11525251_2.fastq.gz
ERR11563872	PAIRED	https://ftp.sra.ebi.ac.uk/vol1/fastq/ERR115/072/ERR11563872/ERR11563872_1.fastq.gz	https://ftp.sra.ebi.ac.uk/vol1/fastq/ERR115/072/ERR11563872/ERR11563872_2.fastq.gz
ERR11566830	PAIRED	https://ftp.sra.ebi.ac.uk/vol1/fastq/ERR115/030/ERR11566830/ERR11566830_1.fastq.gz	https://ftp.sra.ebi.ac.uk/vol1/fastq/ERR115/030/ERR11566830/ERR11566830_2.fastq.gz
ERR11578012	PAIRED	https://ftp.sra.ebi.ac.uk/vol1/fastq/ERR115/012/ERR11578012/ERR11578012_1.fastq.gz	https://ftp.sra.ebi.ac.uk/vol1/fastq/ERR115/012/ERR11578012/ERR11578012_2.fastq.gz
ERR11578030	PAIRED	https://ftp.sra.ebi.ac.uk/vol1/fastq/ERR115/030/ERR11578030/ERR11578030_1.fastq.gz	https://ftp.sra.ebi.ac.uk/vol1/fastq/ERR115/030/ERR11578030/ERR11578030_2.fastq.gz
ERR11578050	PAIRED	https://ftp.sra.ebi.ac.uk/vol1/fastq/ERR115/050/ERR11578050/ERR11578050_1.fastq.gz	https://ftp.sra.ebi.ac.uk/vol1/fastq/ERR115/050/ERR11578050/ERR11578050_2.fastq.gz
ERR11578061	PAIRED	https://ftp.sra.ebi.ac.uk/vol1/fastq/ERR115/061/ERR11578061/ERR11578061_1.fastq.gz	https://ftp.sra.ebi.ac.uk/vol1/fastq/ERR115/061/ERR11578061/ERR11578061_2.fastq.gz
ERR11578062	PAIRED	https://ftp.sra.ebi.ac.uk/vol1/fastq/ERR115/062/ERR11578062/ERR11578062_1.fastq.gz	https://ftp.sra.ebi.ac.uk/vol1/fastq/ERR115/062/ERR11578062/ERR11578062_2.fastq.gz
ERR11578072	PAIRED	https://ftp.sra.ebi.ac.uk/vol1/fastq/ERR115/072/ERR11578072/ERR11578072_1.fastq.gz	https://ftp.sra.ebi.ac.uk/vol1/fastq/ERR115/072/ERR11578072/ERR11578072_2.fastq.gz
ERR11578080	PAIRED	https://ftp.sra.ebi.ac.uk/vol1/fastq/ERR115/080/ERR11578080/ERR11578080_1.fastq.gz	https://ftp.sra.ebi.ac.uk/vol1/fastq/ERR115/080/ERR11578080/ERR11578080_2.fastq.gz
ERR11578087	PAIRED	https://ftp.sra.ebi.ac.uk/vol1/fastq/ERR115/087/ERR11578087/ERR11578087_1.fastq.gz	https://ftp.sra.ebi.ac.uk/vol1/fastq/ERR115/087/ERR11578087/ERR11578087_2.fastq.gz
ERR11578098	PAIRED	https://ftp.sra.ebi.ac.uk/vol1/fastq/ERR115/098/ERR11578098/ERR11578098_1.fastq.gz	https://ftp.sra.ebi.ac.uk/vol1/fastq/ERR115/098/ERR11578098/ERR11578098_2.fastq.gz
ERR11578105	PAIRED	https://ftp.sra.ebi.ac.uk/vol1/fastq/ERR115/005/ERR11578105/ERR11578105_1.fastq.gz	https://ftp.sra.ebi.ac.uk/vol1/fastq/ERR115/005/ERR11578105/ERR11578105_2.fastq.gz
ERR11578132	PAIRED	https://ftp.sra.ebi.ac.uk/vol1/fastq/ERR115/032/ERR11578132/ERR11578132_1.fastq.gz	https://ftp.sra.ebi.ac.uk/vol1/fastq/ERR115/032/ERR11578132/ERR11578132_2.fastq.gz
ERR11578137	PAIRED	https://ftp.sra.ebi.ac.uk/vol1/fastq/ERR115/037/ERR11578137/ERR11578137_1.fastq.gz	https://ftp.sra.ebi.ac.uk/vol1/fastq/ERR115/037/ERR11578137/ERR11578137_2.fastq.gz
ERR11578138	PAIRED	https://ftp.sra.ebi.ac.uk/vol1/fastq/ERR115/038/ERR11578138/ERR11578138_1.fastq.gz	https://ftp.sra.ebi.ac.uk/vol1/fastq/ERR115/038/ERR11578138/ERR11578138_2.fastq.gz
ERR11578142	PAIRED	https://ftp.sra.ebi.ac.uk/vol1/fastq/ERR115/042/ERR11578142/ERR11578142_1.fastq.gz	https://ftp.sra.ebi.ac.uk/vol1/fastq/ERR115/042/ERR11578142/ERR11578142_2.fastq.gz
ERR11578147	PAIRED	https://ftp.sra.ebi.ac.uk/vol1/fastq/ERR115/047/ERR11578147/ERR11578147_1.fastq.gz	https://ftp.sra.ebi.ac.uk/vol1/fastq/ERR115/047/ERR11578147/ERR11578147_2.fastq.gz
ERR11578160	PAIRED	https://ftp.sra.ebi.ac.uk/vol1/fastq/ERR115/060/ERR11578160/ERR11578160_1.fastq.gz	https://ftp.sra.ebi.ac.uk/vol1/fastq/ERR115/060/ERR11578160/ERR11578160_2.fastq.gz
ERR11578163	PAIRED	https://ftp.sra.ebi.ac.uk/vol1/fastq/ERR115/063/ERR11578163/ERR11578163_1.fastq.gz	https://ftp.sra.ebi.ac.uk/vol1/fastq/ERR115/063/ERR11578163/ERR11578163_2.fastq.gz
ERR11578167	PAIRED	https://ftp.sra.ebi.ac.uk/vol1/fastq/ERR115/067/ERR11578167/ERR11578167_1.fastq.gz	https://ftp.sra.ebi.ac.uk/vol1/fastq/ERR115/067/ERR11578167/ERR11578167_2.fastq.gz
ERR11578171	PAIRED	https://ftp.sra.ebi.ac.uk/vol1/fastq/ERR115/071/ERR11578171/ERR11578171_1.fastq.gz	https://ftp.sra.ebi.ac.uk/vol1/fastq/ERR115/071/ERR11578171/ERR11578171_2.fastq.gz
ERR11578174	PAIRED	https://ftp.sra.ebi.ac.uk/vol1/fastq/ERR115/074/ERR11578174/ERR11578174_1.fastq.gz	https://ftp.sra.ebi.ac.uk/vol1/fastq/ERR115/074/ERR11578174/ERR11578174_2.fastq.gz
ERR11578191	PAIRED	https://ftp.sra.ebi.ac.uk/vol1/fastq/ERR115/091/ERR11578191/ERR11578191_1.fastq.gz	https://ftp.sra.ebi.ac.uk/vol1/fastq/ERR115/091/ERR11578191/ERR11578191_2.fastq.gz
ERR11578193	PAIRED	https://ftp.sra.ebi.ac.uk/vol1/fastq/ERR115/093/ERR11578193/ERR11578193_1.fastq.gz	https://ftp.sra.ebi.ac.uk/vol1/fastq/ERR115/093/ERR11578193/ERR11578193_2.fastq.gz
ERR11578241	PAIRED	https://ftp.sra.ebi.ac.uk/vol1/fastq/ERR115/041/ERR11578241/ERR11578241_1.fastq.gz	https://ftp.sra.ebi.ac.uk/vol1/fastq/ERR115/041/ERR11578241/ERR11578241_2.fastq.gz
ERR11578252	PAIRED	https://ftp.sra.ebi.ac.uk/vol1/fastq/ERR115/052/ERR11578252/ERR11578252_1.fastq.gz	https://ftp.sra.ebi.ac.uk/vol1/fastq/ERR115/052/ERR11578252/ERR11578252_2.fastq.gz
ERR11578274	PAIRED	https://ftp.sra.ebi.ac.uk/vol1/fastq/ERR115/074/ERR11578274/ERR11578274_1.fastq.gz	https://ftp.sra.ebi.ac.uk/vol1/fastq/ERR115/074/ERR11578274/ERR11578274_2.fastq.gz
ERR11578295	PAIRED	https://ftp.sra.ebi.ac.uk/vol1/fastq/ERR115/095/ERR11578295/ERR11578295_1.fastq.gz	https://ftp.sra.ebi.ac.uk/vol1/fastq/ERR115/095/ERR11578295/ERR11578295_2.fastq.gz
ERR11578317	PAIRED	https://ftp.sra.ebi.ac.uk/vol1/fastq/ERR115/017/ERR11578317/ERR11578317_1.fastq.gz	https://ftp.sra.ebi.ac.uk/vol1/fastq/ERR115/017/ERR11578317/ERR11578317_2.fastq.gz
ERR11578342	PAIRED	https://ftp.sra.ebi.ac.uk/vol1/fastq/ERR115/042/ERR11578342/ERR11578342_1.fastq.gz	https://ftp.sra.ebi.ac.uk/vol1/fastq/ERR115/042/ERR11578342/ERR11578342_2.fastq.gz
ERR11578346	PAIRED	https://ftp.sra.ebi.ac.uk/vol1/fastq/ERR115/046/ERR11578346/ERR11578346_1.fastq.gz	https://ftp.sra.ebi.ac.uk/vol1/fastq/ERR115/046/ERR11578346/ERR11578346_2.fastq.gz
ERR11578369	PAIRED	https://ftp.sra.ebi.ac.uk/vol1/fastq/ERR115/069/ERR11578369/ERR11578369_1.fastq.gz	https://ftp.sra.ebi.ac.uk/vol1/fastq/ERR115/069/ERR11578369/ERR11578369_2.fastq.gz
ERR11578370	PAIRED	https://ftp.sra.ebi.ac.uk/vol1/fastq/ERR115/070/ERR11578370/ERR11578370_1.fastq.gz	https://ftp.sra.ebi.ac.uk/vol1/fastq/ERR115/070/ERR11578370/ERR11578370_2.fastq.gz
ERR11578371	PAIRED	https://ftp.sra.ebi.ac.uk/vol1/fastq/ERR115/071/ERR11578371/ERR11578371_1.fastq.gz	https://ftp.sra.ebi.ac.uk/vol1/fastq/ERR115/071/ERR11578371/ERR11578371_2.fastq.gz
ERR11578388	PAIRED	https://ftp.sra.ebi.ac.uk/vol1/fastq/ERR115/088/ERR11578388/ERR11578388_1.fastq.gz	https://ftp.sra.ebi.ac.uk/vol1/fastq/ERR115/088/ERR11578388/ERR11578388_2.fastq.gz
ERR11578395	PAIRED	https://ftp.sra.ebi.ac.uk/vol1/fastq/ERR115/095/ERR11578395/ERR11578395_1.fastq.gz	https://ftp.sra.ebi.ac.uk/vol1/fastq/ERR115/095/ERR11578395/ERR11578395_2.fastq.gz
ERR11578404	PAIRED	https://ftp.sra.ebi.ac.uk/vol1/fastq/ERR115/004/ERR11578404/ERR11578404_1.fastq.gz	https://ftp.sra.ebi.ac.uk/vol1/fastq/ERR115/004/ERR11578404/ERR11578404_2.fastq.gz
ERR11578427	PAIRED	https://ftp.sra.ebi.ac.uk/vol1/fastq/ERR115/027/ERR11578427/ERR11578427_1.fastq.gz	https://ftp.sra.ebi.ac.uk/vol1/fastq/ERR115/027/ERR11578427/ERR11578427_2.fastq.gz
ERR11578431	PAIRED	https://ftp.sra.ebi.ac.uk/vol1/fastq/ERR115/031/ERR11578431/ERR11578431_1.fastq.gz	https://ftp.sra.ebi.ac.uk/vol1/fastq/ERR115/031/ERR11578431/ERR11578431_2.fastq.gz
ERR11578432	PAIRED	https://ftp.sra.ebi.ac.uk/vol1/fastq/ERR115/032/ERR11578432/ERR11578432_1.fastq.gz	https://ftp.sra.ebi.ac.uk/vol1/fastq/ERR115/032/ERR11578432/ERR11578432_2.fastq.gz
ERR11578434	PAIRED	https://ftp.sra.ebi.ac.uk/vol1/fastq/ERR115/034/ERR11578434/ERR11578434_1.fastq.gz	https://ftp.sra.ebi.ac.uk/vol1/fastq/ERR115/034/ERR11578434/ERR11578434_2.fastq.gz
ERR11578443	PAIRED	https://ftp.sra.ebi.ac.uk/vol1/fastq/ERR115/043/ERR11578443/ERR11578443_1.fastq.gz	https://ftp.sra.ebi.ac.uk/vol1/fastq/ERR115/043/ERR11578443/ERR11578443_2.fastq.gz
ERR11578444	PAIRED	https://ftp.sra.ebi.ac.uk/vol1/fastq/ERR115/044/ERR11578444/ERR11578444_1.fastq.gz	https://ftp.sra.ebi.ac.uk/vol1/fastq/ERR115/044/ERR11578444/ERR11578444_2.fastq.gz
ERR11578447	PAIRED	https://ftp.sra.ebi.ac.uk/vol1/fastq/ERR115/047/ERR11578447/ERR11578447_1.fastq.gz	https://ftp.sra.ebi.ac.uk/vol1/fastq/ERR115/047/ERR11578447/ERR11578447_2.fastq.gz
ERR11578456	PAIRED	https://ftp.sra.ebi.ac.uk/vol1/fastq/ERR115/056/ERR11578456/ERR11578456_1.fastq.gz	https://ftp.sra.ebi.ac.uk/vol1/fastq/ERR115/056/ERR11578456/ERR11578456_2.fastq.gz
ERR11578459	PAIRED	https://ftp.sra.ebi.ac.uk/vol1/fastq/ERR115/059/ERR11578459/ERR11578459_1.fastq.gz	https://ftp.sra.ebi.ac.uk/vol1/fastq/ERR115/059/ERR11578459/ERR11578459_2.fastq.gz
ERR11578495	PAIRED	https://ftp.sra.ebi.ac.uk/vol1/fastq/ERR115/095/ERR11578495/ERR11578495_1.fastq.gz	https://ftp.sra.ebi.ac.uk/vol1/fastq/ERR115/095/ERR11578495/ERR11578495_2.fastq.gz
ERR11578517	PAIRED	https://ftp.sra.ebi.ac.uk/vol1/fastq/ERR115/017/ERR11578517/ERR11578517_1.fastq.gz	https://ftp.sra.ebi.ac.uk/vol1/fastq/ERR115/017/ERR11578517/ERR11578517_2.fastq.gz
ERR11578543	PAIRED	https://ftp.sra.ebi.ac.uk/vol1/fastq/ERR115/043/ERR11578543/ERR11578543_1.fastq.gz	https://ftp.sra.ebi.ac.uk/vol1/fastq/ERR115/043/ERR11578543/ERR11578543_2.fastq.gz
ERR11578555	PAIRED	https://ftp.sra.ebi.ac.uk/vol1/fastq/ERR115/055/ERR11578555/ERR11578555_1.fastq.gz	https://ftp.sra.ebi.ac.uk/vol1/fastq/ERR115/055/ERR11578555/ERR11578555_2.fastq.gz
ERR11578566	PAIRED	https://ftp.sra.ebi.ac.uk/vol1/fastq/ERR115/066/ERR11578566/ERR11578566_1.fastq.gz	https://ftp.sra.ebi.ac.uk/vol1/fastq/ERR115/066/ERR11578566/ERR11578566_2.fastq.gz
ERR11578567	PAIRED	https://ftp.sra.ebi.ac.uk/vol1/fastq/ERR115/067/ERR11578567/ERR11578567_1.fastq.gz	https://ftp.sra.ebi.ac.uk/vol1/fastq/ERR115/067/ERR11578567/ERR11578567_2.fastq.gz
ERR11578573	PAIRED	https://ftp.sra.ebi.ac.uk/vol1/fastq/ERR115/073/ERR11578573/ERR11578573_1.fastq.gz	https://ftp.sra.ebi.ac.uk/vol1/fastq/ERR115/073/ERR11578573/ERR11578573_2.fastq.gz
ERR11578603	PAIRED	https://ftp.sra.ebi.ac.uk/vol1/fastq/ERR115/003/ERR11578603/ERR11578603_1.fastq.gz	https://ftp.sra.ebi.ac.uk/vol1/fastq/ERR115/003/ERR11578603/ERR11578603_2.fastq.gz
ERR11578614	PAIRED	https://ftp.sra.ebi.ac.uk/vol1/fastq/ERR115/014/ERR11578614/ERR11578614_1.fastq.gz	https://ftp.sra.ebi.ac.uk/vol1/fastq/ERR115/014/ERR11578614/ERR11578614_2.fastq.gz
ERR11578629	PAIRED	https://ftp.sra.ebi.ac.uk/vol1/fastq/ERR115/029/ERR11578629/ERR11578629_1.fastq.gz	https://ftp.sra.ebi.ac.uk/vol1/fastq/ERR115/029/ERR11578629/ERR11578629_2.fastq.gz
ERR11578650	PAIRED	https://ftp.sra.ebi.ac.uk/vol1/fastq/ERR115/050/ERR11578650/ERR11578650_1.fastq.gz	https://ftp.sra.ebi.ac.uk/vol1/fastq/ERR115/050/ERR11578650/ERR11578650_2.fastq.gz
ERR11578656	PAIRED	https://ftp.sra.ebi.ac.uk/vol1/fastq/ERR115/056/ERR11578656/ERR11578656_1.fastq.gz	https://ftp.sra.ebi.ac.uk/vol1/fastq/ERR115/056/ERR11578656/ERR11578656_2.fastq.gz
ERR11578697	PAIRED	https://ftp.sra.ebi.ac.uk/vol1/fastq/ERR115/097/ERR11578697/ERR11578697_1.fastq.gz	https://ftp.sra.ebi.ac.uk/vol1/fastq/ERR115/097/ERR11578697/ERR11578697_2.fastq.gz
ERR11578711	PAIRED	https://ftp.sra.ebi.ac.uk/vol1/fastq/ERR115/011/ERR11578711/ERR11578711_1.fastq.gz	https://ftp.sra.ebi.ac.uk/vol1/fastq/ERR115/011/ERR11578711/ERR11578711_2.fastq.gz
ERR11578713	PAIRED	https://ftp.sra.ebi.ac.uk/vol1/fastq/ERR115/013/ERR11578713/ERR11578713_1.fastq.gz	https://ftp.sra.ebi.ac.uk/vol1/fastq/ERR115/013/ERR11578713/ERR11578713_2.fastq.gz
ERR11578740	PAIRED	https://ftp.sra.ebi.ac.uk/vol1/fastq/ERR115/040/ERR11578740/ERR11578740_1.fastq.gz	https://ftp.sra.ebi.ac.uk/vol1/fastq/ERR115/040/ERR11578740/ERR11578740_2.fastq.gz
ERR11578757	PAIRED	https://ftp.sra.ebi.ac.uk/vol1/fastq/ERR115/057/ERR11578757/ERR11578757_1.fastq.gz	https://ftp.sra.ebi.ac.uk/vol1/fastq/ERR115/057/ERR11578757/ERR11578757_2.fastq.gz
ERR11578764	PAIRED	https://ftp.sra.ebi.ac.uk/vol1/fastq/ERR115/064/ERR11578764/ERR11578764_1.fastq.gz	https://ftp.sra.ebi.ac.uk/vol1/fastq/ERR115/064/ERR11578764/ERR11578764_2.fastq.gz
ERR11578779	PAIRED	https://ftp.sra.ebi.ac.uk/vol1/fastq/ERR115/079/ERR11578779/ERR11578779_1.fastq.gz	https://ftp.sra.ebi.ac.uk/vol1/fastq/ERR115/079/ERR11578779/ERR11578779_2.fastq.gz
ERR11578781	PAIRED	https://ftp.sra.ebi.ac.uk/vol1/fastq/ERR115/081/ERR11578781/ERR11578781_1.fastq.gz	https://ftp.sra.ebi.ac.uk/vol1/fastq/ERR115/081/ERR11578781/ERR11578781_2.fastq.gz
ERR11578813	PAIRED	https://ftp.sra.ebi.ac.uk/vol1/fastq/ERR115/013/ERR11578813/ERR11578813_1.fastq.gz	https://ftp.sra.ebi.ac.uk/vol1/fastq/ERR115/013/ERR11578813/ERR11578813_2.fastq.gz
ERR11578835	PAIRED	https://ftp.sra.ebi.ac.uk/vol1/fastq/ERR115/035/ERR11578835/ERR11578835_1.fastq.gz	https://ftp.sra.ebi.ac.uk/vol1/fastq/ERR115/035/ERR11578835/ERR11578835_2.fastq.gz
ERR11578845	PAIRED	https://ftp.sra.ebi.ac.uk/vol1/fastq/ERR115/045/ERR11578845/ERR11578845_1.fastq.gz	https://ftp.sra.ebi.ac.uk/vol1/fastq/ERR115/045/ERR11578845/ERR11578845_2.fastq.gz
ERR11578847	PAIRED	https://ftp.sra.ebi.ac.uk/vol1/fastq/ERR115/047/ERR11578847/ERR11578847_1.fastq.gz	https://ftp.sra.ebi.ac.uk/vol1/fastq/ERR115/047/ERR11578847/ERR11578847_2.fastq.gz
ERR11578853	PAIRED	https://ftp.sra.ebi.ac.uk/vol1/fastq/ERR115/053/ERR11578853/ERR11578853_1.fastq.gz	https://ftp.sra.ebi.ac.uk/vol1/fastq/ERR115/053/ERR11578853/ERR11578853_2.fastq.gz
ERR11578856	PAIRED	https://ftp.sra.ebi.ac.uk/vol1/fastq/ERR115/056/ERR11578856/ERR11578856_1.fastq.gz	https://ftp.sra.ebi.ac.uk/vol1/fastq/ERR115/056/ERR11578856/ERR11578856_2.fastq.gz
ERR11578871	PAIRED	https://ftp.sra.ebi.ac.uk/vol1/fastq/ERR115/071/ERR11578871/ERR11578871_1.fastq.gz	https://ftp.sra.ebi.ac.uk/vol1/fastq/ERR115/071/ERR11578871/ERR11578871_2.fastq.gz
ERR11578880	PAIRED	https://ftp.sra.ebi.ac.uk/vol1/fastq/ERR115/080/ERR11578880/ERR11578880_1.fastq.gz	https://ftp.sra.ebi.ac.uk/vol1/fastq/ERR115/080/ERR11578880/ERR11578880_2.fastq.gz
ERR11578930	PAIRED	https://ftp.sra.ebi.ac.uk/vol1/fastq/ERR115/030/ERR11578930/ERR11578930_1.fastq.gz	https://ftp.sra.ebi.ac.uk/vol1/fastq/ERR115/030/ERR11578930/ERR11578930_2.fastq.gz
ERR11578931	PAIRED	https://ftp.sra.ebi.ac.uk/vol1/fastq/ERR115/031/ERR11578931/ERR11578931_1.fastq.gz	https://ftp.sra.ebi.ac.uk/vol1/fastq/ERR115/031/ERR11578931/ERR11578931_2.fastq.gz
ERR11578933	PAIRED	https://ftp.sra.ebi.ac.uk/vol1/fastq/ERR115/033/ERR11578933/ERR11578933_1.fastq.gz	https://ftp.sra.ebi.ac.uk/vol1/fastq/ERR115/033/ERR11578933/ERR11578933_2.fastq.gz
ERR11578939	PAIRED	https://ftp.sra.ebi.ac.uk/vol1/fastq/ERR115/039/ERR11578939/ERR11578939_1.fastq.gz	https://ftp.sra.ebi.ac.uk/vol1/fastq/ERR115/039/ERR11578939/ERR11578939_2.fastq.gz
ERR11578951	PAIRED	https://ftp.sra.ebi.ac.uk/vol1/fastq/ERR115/051/ERR11578951/ERR11578951_1.fastq.gz	https://ftp.sra.ebi.ac.uk/vol1/fastq/ERR115/051/ERR11578951/ERR11578951_2.fastq.gz
ERR11578961	PAIRED	https://ftp.sra.ebi.ac.uk/vol1/fastq/ERR115/061/ERR11578961/ERR11578961_1.fastq.gz	https://ftp.sra.ebi.ac.uk/vol1/fastq/ERR115/061/ERR11578961/ERR11578961_2.fastq.gz
ERR11578962	PAIRED	https://ftp.sra.ebi.ac.uk/vol1/fastq/ERR115/062/ERR11578962/ERR11578962_1.fastq.gz	https://ftp.sra.ebi.ac.uk/vol1/fastq/ERR115/062/ERR11578962/ERR11578962_2.fastq.gz
ERR11578964	PAIRED	https://ftp.sra.ebi.ac.uk/vol1/fastq/ERR115/064/ERR11578964/ERR11578964_1.fastq.gz	https://ftp.sra.ebi.ac.uk/vol1/fastq/ERR115/064/ERR11578964/ERR11578964_2.fastq.gz
ERR11578972	PAIRED	https://ftp.sra.ebi.ac.uk/vol1/fastq/ERR115/072/ERR11578972/ERR11578972_1.fastq.gz	https://ftp.sra.ebi.ac.uk/vol1/fastq/ERR115/072/ERR11578972/ERR11578972_2.fastq.gz
ERR11578973	PAIRED	https://ftp.sra.ebi.ac.uk/vol1/fastq/ERR115/073/ERR11578973/ERR11578973_1.fastq.gz	https://ftp.sra.ebi.ac.uk/vol1/fastq/ERR115/073/ERR11578973/ERR11578973_2.fastq.gz
ERR11578991	PAIRED	https://ftp.sra.ebi.ac.uk/vol1/fastq/ERR115/091/ERR11578991/ERR11578991_1.fastq.gz	https://ftp.sra.ebi.ac.uk/vol1/fastq/ERR115/091/ERR11578991/ERR11578991_2.fastq.gz
ERR11578997	PAIRED	https://ftp.sra.ebi.ac.uk/vol1/fastq/ERR115/097/ERR11578997/ERR11578997_1.fastq.gz	https://ftp.sra.ebi.ac.uk/vol1/fastq/ERR115/097/ERR11578997/ERR11578997_2.fastq.gz
ERR11579024	PAIRED	https://ftp.sra.ebi.ac.uk/vol1/fastq/ERR115/024/ERR11579024/ERR11579024_1.fastq.gz	https://ftp.sra.ebi.ac.uk/vol1/fastq/ERR115/024/ERR11579024/ERR11579024_2.fastq.gz
ERR11579030	PAIRED	https://ftp.sra.ebi.ac.uk/vol1/fastq/ERR115/030/ERR11579030/ERR11579030_1.fastq.gz	https://ftp.sra.ebi.ac.uk/vol1/fastq/ERR115/030/ERR11579030/ERR11579030_2.fastq.gz
ERR11579038	PAIRED	https://ftp.sra.ebi.ac.uk/vol1/fastq/ERR115/038/ERR11579038/ERR11579038_1.fastq.gz	https://ftp.sra.ebi.ac.uk/vol1/fastq/ERR115/038/ERR11579038/ERR11579038_2.fastq.gz
ERR11579043	PAIRED	https://ftp.sra.ebi.ac.uk/vol1/fastq/ERR115/043/ERR11579043/ERR11579043_1.fastq.gz	https://ftp.sra.ebi.ac.uk/vol1/fastq/ERR115/043/ERR11579043/ERR11579043_2.fastq.gz
ERR11579057	PAIRED	https://ftp.sra.ebi.ac.uk/vol1/fastq/ERR115/057/ERR11579057/ERR11579057_1.fastq.gz	https://ftp.sra.ebi.ac.uk/vol1/fastq/ERR115/057/ERR11579057/ERR11579057_2.fastq.gz
ERR11579060	PAIRED	https://ftp.sra.ebi.ac.uk/vol1/fastq/ERR115/060/ERR11579060/ERR11579060_1.fastq.gz	https://ftp.sra.ebi.ac.uk/vol1/fastq/ERR115/060/ERR11579060/ERR11579060_2.fastq.gz
ERR11579064	PAIRED	https://ftp.sra.ebi.ac.uk/vol1/fastq/ERR115/064/ERR11579064/ERR11579064_1.fastq.gz	https://ftp.sra.ebi.ac.uk/vol1/fastq/ERR115/064/ERR11579064/ERR11579064_2.fastq.gz
ERR11579078	PAIRED	https://ftp.sra.ebi.ac.uk/vol1/fastq/ERR115/078/ERR11579078/ERR11579078_1.fastq.gz	https://ftp.sra.ebi.ac.uk/vol1/fastq/ERR115/078/ERR11579078/ERR11579078_2.fastq.gz
ERR11579140	PAIRED	https://ftp.sra.ebi.ac.uk/vol1/fastq/ERR115/040/ERR11579140/ERR11579140_1.fastq.gz	https://ftp.sra.ebi.ac.uk/vol1/fastq/ERR115/040/ERR11579140/ERR11579140_2.fastq.gz
ERR11583320	PAIRED	https://ftp.sra.ebi.ac.uk/vol1/fastq/ERR115/020/ERR11583320/ERR11583320_1.fastq.gz	https://ftp.sra.ebi.ac.uk/vol1/fastq/ERR115/020/ERR11583320/ERR11583320_2.fastq.gz
ERR11592234	PAIRED	https://ftp.sra.ebi.ac.uk/vol1/fastq/ERR115/034/ERR11592234/ERR11592234_1.fastq.gz	https://ftp.sra.ebi.ac.uk/vol1/fastq/ERR115/034/ERR11592234/ERR11592234_2.fastq.gz
ERR11592244	PAIRED	https://ftp.sra.ebi.ac.uk/vol1/fastq/ERR115/044/ERR11592244/ERR11592244_1.fastq.gz	https://ftp.sra.ebi.ac.uk/vol1/fastq/ERR115/044/ERR11592244/ERR11592244_2.fastq.gz
ERR11592296	PAIRED	https://ftp.sra.ebi.ac.uk/vol1/fastq/ERR115/096/ERR11592296/ERR11592296_1.fastq.gz	https://ftp.sra.ebi.ac.uk/vol1/fastq/ERR115/096/ERR11592296/ERR11592296_2.fastq.gz
ERR11592396	PAIRED	https://ftp.sra.ebi.ac.uk/vol1/fastq/ERR115/096/ERR11592396/ERR11592396_1.fastq.gz	https://ftp.sra.ebi.ac.uk/vol1/fastq/ERR115/096/ERR11592396/ERR11592396_2.fastq.gz
ERR11592421	PAIRED	https://ftp.sra.ebi.ac.uk/vol1/fastq/ERR115/021/ERR11592421/ERR11592421_1.fastq.gz	https://ftp.sra.ebi.ac.uk/vol1/fastq/ERR115/021/ERR11592421/ERR11592421_2.fastq.gz
ERR11592423	PAIRED	https://ftp.sra.ebi.ac.uk/vol1/fastq/ERR115/023/ERR11592423/ERR11592423_1.fastq.gz	https://ftp.sra.ebi.ac.uk/vol1/fastq/ERR115/023/ERR11592423/ERR11592423_2.fastq.gz
ERR11592434	PAIRED	https://ftp.sra.ebi.ac.uk/vol1/fastq/ERR115/034/ERR11592434/ERR11592434_1.fastq.gz	https://ftp.sra.ebi.ac.uk/vol1/fastq/ERR115/034/ERR11592434/ERR11592434_2.fastq.gz
ERR11592449	PAIRED	https://ftp.sra.ebi.ac.uk/vol1/fastq/ERR115/049/ERR11592449/ERR11592449_1.fastq.gz	https://ftp.sra.ebi.ac.uk/vol1/fastq/ERR115/049/ERR11592449/ERR11592449_2.fastq.gz
ERR11592496	PAIRED	https://ftp.sra.ebi.ac.uk/vol1/fastq/ERR115/096/ERR11592496/ERR11592496_1.fastq.gz	https://ftp.sra.ebi.ac.uk/vol1/fastq/ERR115/096/ERR11592496/ERR11592496_2.fastq.gz
ERR11592630	PAIRED	https://ftp.sra.ebi.ac.uk/vol1/fastq/ERR115/030/ERR11592630/ERR11592630_1.fastq.gz	https://ftp.sra.ebi.ac.uk/vol1/fastq/ERR115/030/ERR11592630/ERR11592630_2.fastq.gz
ERR11592675	PAIRED	https://ftp.sra.ebi.ac.uk/vol1/fastq/ERR115/075/ERR11592675/ERR11592675_1.fastq.gz	https://ftp.sra.ebi.ac.uk/vol1/fastq/ERR115/075/ERR11592675/ERR11592675_2.fastq.gz
ERR11592772	PAIRED	https://ftp.sra.ebi.ac.uk/vol1/fastq/ERR115/072/ERR11592772/ERR11592772_1.fastq.gz	https://ftp.sra.ebi.ac.uk/vol1/fastq/ERR115/072/ERR11592772/ERR11592772_2.fastq.gz
ERR11592773	PAIRED	https://ftp.sra.ebi.ac.uk/vol1/fastq/ERR115/073/ERR11592773/ERR11592773_1.fastq.gz	https://ftp.sra.ebi.ac.uk/vol1/fastq/ERR115/073/ERR11592773/ERR11592773_2.fastq.gz
ERR11592836	PAIRED	https://ftp.sra.ebi.ac.uk/vol1/fastq/ERR115/036/ERR11592836/ERR11592836_1.fastq.gz	https://ftp.sra.ebi.ac.uk/vol1/fastq/ERR115/036/ERR11592836/ERR11592836_2.fastq.gz
ERR11592840	PAIRED	https://ftp.sra.ebi.ac.uk/vol1/fastq/ERR115/040/ERR11592840/ERR11592840_1.fastq.gz	https://ftp.sra.ebi.ac.uk/vol1/fastq/ERR115/040/ERR11592840/ERR11592840_2.fastq.gz
ERR11592862	PAIRED	https://ftp.sra.ebi.ac.uk/vol1/fastq/ERR115/062/ERR11592862/ERR11592862_1.fastq.gz	https://ftp.sra.ebi.ac.uk/vol1/fastq/ERR115/062/ERR11592862/ERR11592862_2.fastq.gz
ERR11592882	PAIRED	https://ftp.sra.ebi.ac.uk/vol1/fastq/ERR115/082/ERR11592882/ERR11592882_1.fastq.gz	https://ftp.sra.ebi.ac.uk/vol1/fastq/ERR115/082/ERR11592882/ERR11592882_2.fastq.gz
ERR11631649	PAIRED	https://ftp.sra.ebi.ac.uk/vol1/fastq/ERR116/049/ERR11631649/ERR11631649_1.fastq.gz	https://ftp.sra.ebi.ac.uk/vol1/fastq/ERR116/049/ERR11631649/ERR11631649_2.fastq.gz
ERR11631953	PAIRED	https://ftp.sra.ebi.ac.uk/vol1/fastq/ERR116/053/ERR11631953/ERR11631953_1.fastq.gz	https://ftp.sra.ebi.ac.uk/vol1/fastq/ERR116/053/ERR11631953/ERR11631953_2.fastq.gz
ERR11631958	PAIRED	https://ftp.sra.ebi.ac.uk/vol1/fastq/ERR116/058/ERR11631958/ERR11631958_1.fastq.gz	https://ftp.sra.ebi.ac.uk/vol1/fastq/ERR116/058/ERR11631958/ERR11631958_2.fastq.gz
ERR11631968	PAIRED	https://ftp.sra.ebi.ac.uk/vol1/fastq/ERR116/068/ERR11631968/ERR11631968_1.fastq.gz	https://ftp.sra.ebi.ac.uk/vol1/fastq/ERR116/068/ERR11631968/ERR11631968_2.fastq.gz
ERR11632395	PAIRED	https://ftp.sra.ebi.ac.uk/vol1/fastq/ERR116/095/ERR11632395/ERR11632395_1.fastq.gz	https://ftp.sra.ebi.ac.uk/vol1/fastq/ERR116/095/ERR11632395/ERR11632395_2.fastq.gz
ERR11632492	PAIRED	https://ftp.sra.ebi.ac.uk/vol1/fastq/ERR116/092/ERR11632492/ERR11632492_1.fastq.gz	https://ftp.sra.ebi.ac.uk/vol1/fastq/ERR116/092/ERR11632492/ERR11632492_2.fastq.gz
ERR11632557	PAIRED	https://ftp.sra.ebi.ac.uk/vol1/fastq/ERR116/057/ERR11632557/ERR11632557_1.fastq.gz	https://ftp.sra.ebi.ac.uk/vol1/fastq/ERR116/057/ERR11632557/ERR11632557_2.fastq.gz
ERR11632786	PAIRED	https://ftp.sra.ebi.ac.uk/vol1/fastq/ERR116/086/ERR11632786/ERR11632786_1.fastq.gz	https://ftp.sra.ebi.ac.uk/vol1/fastq/ERR116/086/ERR11632786/ERR11632786_2.fastq.gz
ERR11640546	PAIRED	https://ftp.sra.ebi.ac.uk/vol1/fastq/ERR116/046/ERR11640546/ERR11640546_1.fastq.gz	https://ftp.sra.ebi.ac.uk/vol1/fastq/ERR116/046/ERR11640546/ERR11640546_2.fastq.gz
ERR11741178	PAIRED	https://ftp.sra.ebi.ac.uk/vol1/fastq/ERR117/078/ERR11741178/ERR11741178_1.fastq.gz	https://ftp.sra.ebi.ac.uk/vol1/fastq/ERR117/078/ERR11741178/ERR11741178_2.fastq.gz
ERR11741198	PAIRED	https://ftp.sra.ebi.ac.uk/vol1/fastq/ERR117/098/ERR11741198/ERR11741198_1.fastq.gz	https://ftp.sra.ebi.ac.uk/vol1/fastq/ERR117/098/ERR11741198/ERR11741198_2.fastq.gz
ERR11741209	PAIRED	https://ftp.sra.ebi.ac.uk/vol1/fastq/ERR117/009/ERR11741209/ERR11741209_1.fastq.gz	https://ftp.sra.ebi.ac.uk/vol1/fastq/ERR117/009/ERR11741209/ERR11741209_2.fastq.gz
ERR11741212	PAIRED	https://ftp.sra.ebi.ac.uk/vol1/fastq/ERR117/012/ERR11741212/ERR11741212_1.fastq.gz	https://ftp.sra.ebi.ac.uk/vol1/fastq/ERR117/012/ERR11741212/ERR11741212_2.fastq.gz
ERR11741257	PAIRED	https://ftp.sra.ebi.ac.uk/vol1/fastq/ERR117/057/ERR11741257/ERR11741257_1.fastq.gz	https://ftp.sra.ebi.ac.uk/vol1/fastq/ERR117/057/ERR11741257/ERR11741257_2.fastq.gz
ERR11748488	PAIRED	https://ftp.sra.ebi.ac.uk/vol1/fastq/ERR117/088/ERR11748488/ERR11748488_1.fastq.gz	https://ftp.sra.ebi.ac.uk/vol1/fastq/ERR117/088/ERR11748488/ERR11748488_2.fastq.gz
ERR11748493	PAIRED	https://ftp.sra.ebi.ac.uk/vol1/fastq/ERR117/093/ERR11748493/ERR11748493_1.fastq.gz	https://ftp.sra.ebi.ac.uk/vol1/fastq/ERR117/093/ERR11748493/ERR11748493_2.fastq.gz
ERR11748494	PAIRED	https://ftp.sra.ebi.ac.uk/vol1/fastq/ERR117/094/ERR11748494/ERR11748494_1.fastq.gz	https://ftp.sra.ebi.ac.uk/vol1/fastq/ERR117/094/ERR11748494/ERR11748494_2.fastq.gz
ERR11748503	PAIRED	https://ftp.sra.ebi.ac.uk/vol1/fastq/ERR117/003/ERR11748503/ERR11748503_1.fastq.gz	https://ftp.sra.ebi.ac.uk/vol1/fastq/ERR117/003/ERR11748503/ERR11748503_2.fastq.gz
ERR11748514	PAIRED	https://ftp.sra.ebi.ac.uk/vol1/fastq/ERR117/014/ERR11748514/ERR11748514_1.fastq.gz	https://ftp.sra.ebi.ac.uk/vol1/fastq/ERR117/014/ERR11748514/ERR11748514_2.fastq.gz
ERR11748517	PAIRED	https://ftp.sra.ebi.ac.uk/vol1/fastq/ERR117/017/ERR11748517/ERR11748517_1.fastq.gz	https://ftp.sra.ebi.ac.uk/vol1/fastq/ERR117/017/ERR11748517/ERR11748517_2.fastq.gz
ERR11748545	PAIRED	https://ftp.sra.ebi.ac.uk/vol1/fastq/ERR117/045/ERR11748545/ERR11748545_1.fastq.gz	https://ftp.sra.ebi.ac.uk/vol1/fastq/ERR117/045/ERR11748545/ERR11748545_2.fastq.gz
ERR11748549	PAIRED	https://ftp.sra.ebi.ac.uk/vol1/fastq/ERR117/049/ERR11748549/ERR11748549_1.fastq.gz	https://ftp.sra.ebi.ac.uk/vol1/fastq/ERR117/049/ERR11748549/ERR11748549_2.fastq.gz
ERR11748551	PAIRED	https://ftp.sra.ebi.ac.uk/vol1/fastq/ERR117/051/ERR11748551/ERR11748551_1.fastq.gz	https://ftp.sra.ebi.ac.uk/vol1/fastq/ERR117/051/ERR11748551/ERR11748551_2.fastq.gz
ERR11748558	PAIRED	https://ftp.sra.ebi.ac.uk/vol1/fastq/ERR117/058/ERR11748558/ERR11748558_1.fastq.gz	https://ftp.sra.ebi.ac.uk/vol1/fastq/ERR117/058/ERR11748558/ERR11748558_2.fastq.gz
ERR11748577	PAIRED	https://ftp.sra.ebi.ac.uk/vol1/fastq/ERR117/077/ERR11748577/ERR11748577_1.fastq.gz	https://ftp.sra.ebi.ac.uk/vol1/fastq/ERR117/077/ERR11748577/ERR11748577_2.fastq.gz
ERR11748587	PAIRED	https://ftp.sra.ebi.ac.uk/vol1/fastq/ERR117/087/ERR11748587/ERR11748587_1.fastq.gz	https://ftp.sra.ebi.ac.uk/vol1/fastq/ERR117/087/ERR11748587/ERR11748587_2.fastq.gz
ERR11748639	PAIRED	https://ftp.sra.ebi.ac.uk/vol1/fastq/ERR117/039/ERR11748639/ERR11748639_1.fastq.gz	https://ftp.sra.ebi.ac.uk/vol1/fastq/ERR117/039/ERR11748639/ERR11748639_2.fastq.gz
ERR11748647	PAIRED	https://ftp.sra.ebi.ac.uk/vol1/fastq/ERR117/047/ERR11748647/ERR11748647_1.fastq.gz	https://ftp.sra.ebi.ac.uk/vol1/fastq/ERR117/047/ERR11748647/ERR11748647_2.fastq.gz
ERR11748650	PAIRED	https://ftp.sra.ebi.ac.uk/vol1/fastq/ERR117/050/ERR11748650/ERR11748650_1.fastq.gz	https://ftp.sra.ebi.ac.uk/vol1/fastq/ERR117/050/ERR11748650/ERR11748650_2.fastq.gz
ERR11748653	PAIRED	https://ftp.sra.ebi.ac.uk/vol1/fastq/ERR117/053/ERR11748653/ERR11748653_1.fastq.gz	https://ftp.sra.ebi.ac.uk/vol1/fastq/ERR117/053/ERR11748653/ERR11748653_2.fastq.gz
ERR11748662	PAIRED	https://ftp.sra.ebi.ac.uk/vol1/fastq/ERR117/062/ERR11748662/ERR11748662_1.fastq.gz	https://ftp.sra.ebi.ac.uk/vol1/fastq/ERR117/062/ERR11748662/ERR11748662_2.fastq.gz
ERR11748665	PAIRED	https://ftp.sra.ebi.ac.uk/vol1/fastq/ERR117/065/ERR11748665/ERR11748665_1.fastq.gz	https://ftp.sra.ebi.ac.uk/vol1/fastq/ERR117/065/ERR11748665/ERR11748665_2.fastq.gz
ERR11748668	PAIRED	https://ftp.sra.ebi.ac.uk/vol1/fastq/ERR117/068/ERR11748668/ERR11748668_1.fastq.gz	https://ftp.sra.ebi.ac.uk/vol1/fastq/ERR117/068/ERR11748668/ERR11748668_2.fastq.gz
ERR11748670	PAIRED	https://ftp.sra.ebi.ac.uk/vol1/fastq/ERR117/070/ERR11748670/ERR11748670_1.fastq.gz	https://ftp.sra.ebi.ac.uk/vol1/fastq/ERR117/070/ERR11748670/ERR11748670_2.fastq.gz
ERR11748690	PAIRED	https://ftp.sra.ebi.ac.uk/vol1/fastq/ERR117/090/ERR11748690/ERR11748690_1.fastq.gz	https://ftp.sra.ebi.ac.uk/vol1/fastq/ERR117/090/ERR11748690/ERR11748690_2.fastq.gz
ERR11748700	PAIRED	https://ftp.sra.ebi.ac.uk/vol1/fastq/ERR117/000/ERR11748700/ERR11748700_1.fastq.gz	https://ftp.sra.ebi.ac.uk/vol1/fastq/ERR117/000/ERR11748700/ERR11748700_2.fastq.gz
ERR11748708	PAIRED	https://ftp.sra.ebi.ac.uk/vol1/fastq/ERR117/008/ERR11748708/ERR11748708_1.fastq.gz	https://ftp.sra.ebi.ac.uk/vol1/fastq/ERR117/008/ERR11748708/ERR11748708_2.fastq.gz
ERR11748711	PAIRED	https://ftp.sra.ebi.ac.uk/vol1/fastq/ERR117/011/ERR11748711/ERR11748711_1.fastq.gz	https://ftp.sra.ebi.ac.uk/vol1/fastq/ERR117/011/ERR11748711/ERR11748711_2.fastq.gz
ERR11748718	PAIRED	https://ftp.sra.ebi.ac.uk/vol1/fastq/ERR117/018/ERR11748718/ERR11748718_1.fastq.gz	https://ftp.sra.ebi.ac.uk/vol1/fastq/ERR117/018/ERR11748718/ERR11748718_2.fastq.gz
ERR11748731	PAIRED	https://ftp.sra.ebi.ac.uk/vol1/fastq/ERR117/031/ERR11748731/ERR11748731_1.fastq.gz	https://ftp.sra.ebi.ac.uk/vol1/fastq/ERR117/031/ERR11748731/ERR11748731_2.fastq.gz
ERR11748737	PAIRED	https://ftp.sra.ebi.ac.uk/vol1/fastq/ERR117/037/ERR11748737/ERR11748737_1.fastq.gz	https://ftp.sra.ebi.ac.uk/vol1/fastq/ERR117/037/ERR11748737/ERR11748737_2.fastq.gz
ERR11748738	PAIRED	https://ftp.sra.ebi.ac.uk/vol1/fastq/ERR117/038/ERR11748738/ERR11748738_1.fastq.gz	https://ftp.sra.ebi.ac.uk/vol1/fastq/ERR117/038/ERR11748738/ERR11748738_2.fastq.gz
ERR11748750	PAIRED	https://ftp.sra.ebi.ac.uk/vol1/fastq/ERR117/050/ERR11748750/ERR11748750_1.fastq.gz	https://ftp.sra.ebi.ac.uk/vol1/fastq/ERR117/050/ERR11748750/ERR11748750_2.fastq.gz
ERR11748767	PAIRED	https://ftp.sra.ebi.ac.uk/vol1/fastq/ERR117/067/ERR11748767/ERR11748767_1.fastq.gz	https://ftp.sra.ebi.ac.uk/vol1/fastq/ERR117/067/ERR11748767/ERR11748767_2.fastq.gz
ERR11748773	PAIRED	https://ftp.sra.ebi.ac.uk/vol1/fastq/ERR117/073/ERR11748773/ERR11748773_1.fastq.gz	https://ftp.sra.ebi.ac.uk/vol1/fastq/ERR117/073/ERR11748773/ERR11748773_2.fastq.gz
ERR11748795	PAIRED	https://ftp.sra.ebi.ac.uk/vol1/fastq/ERR117/095/ERR11748795/ERR11748795_1.fastq.gz	https://ftp.sra.ebi.ac.uk/vol1/fastq/ERR117/095/ERR11748795/ERR11748795_2.fastq.gz
ERR11748807	PAIRED	https://ftp.sra.ebi.ac.uk/vol1/fastq/ERR117/007/ERR11748807/ERR11748807_1.fastq.gz	https://ftp.sra.ebi.ac.uk/vol1/fastq/ERR117/007/ERR11748807/ERR11748807_2.fastq.gz
ERR11748823	PAIRED	https://ftp.sra.ebi.ac.uk/vol1/fastq/ERR117/023/ERR11748823/ERR11748823_1.fastq.gz	https://ftp.sra.ebi.ac.uk/vol1/fastq/ERR117/023/ERR11748823/ERR11748823_2.fastq.gz
ERR11748834	PAIRED	https://ftp.sra.ebi.ac.uk/vol1/fastq/ERR117/034/ERR11748834/ERR11748834_1.fastq.gz	https://ftp.sra.ebi.ac.uk/vol1/fastq/ERR117/034/ERR11748834/ERR11748834_2.fastq.gz
ERR11748845	PAIRED	https://ftp.sra.ebi.ac.uk/vol1/fastq/ERR117/045/ERR11748845/ERR11748845_1.fastq.gz	https://ftp.sra.ebi.ac.uk/vol1/fastq/ERR117/045/ERR11748845/ERR11748845_2.fastq.gz
ERR11748850	PAIRED	https://ftp.sra.ebi.ac.uk/vol1/fastq/ERR117/050/ERR11748850/ERR11748850_1.fastq.gz	https://ftp.sra.ebi.ac.uk/vol1/fastq/ERR117/050/ERR11748850/ERR11748850_2.fastq.gz
ERR11748853	PAIRED	https://ftp.sra.ebi.ac.uk/vol1/fastq/ERR117/053/ERR11748853/ERR11748853_1.fastq.gz	https://ftp.sra.ebi.ac.uk/vol1/fastq/ERR117/053/ERR11748853/ERR11748853_2.fastq.gz
ERR11748877	PAIRED	https://ftp.sra.ebi.ac.uk/vol1/fastq/ERR117/077/ERR11748877/ERR11748877_1.fastq.gz	https://ftp.sra.ebi.ac.uk/vol1/fastq/ERR117/077/ERR11748877/ERR11748877_2.fastq.gz
ERR11748879	PAIRED	https://ftp.sra.ebi.ac.uk/vol1/fastq/ERR117/079/ERR11748879/ERR11748879_1.fastq.gz	https://ftp.sra.ebi.ac.uk/vol1/fastq/ERR117/079/ERR11748879/ERR11748879_2.fastq.gz
ERR11748893	PAIRED	https://ftp.sra.ebi.ac.uk/vol1/fastq/ERR117/093/ERR11748893/ERR11748893_1.fastq.gz	https://ftp.sra.ebi.ac.uk/vol1/fastq/ERR117/093/ERR11748893/ERR11748893_2.fastq.gz
ERR11748894	PAIRED	https://ftp.sra.ebi.ac.uk/vol1/fastq/ERR117/094/ERR11748894/ERR11748894_1.fastq.gz	https://ftp.sra.ebi.ac.uk/vol1/fastq/ERR117/094/ERR11748894/ERR11748894_2.fastq.gz
ERR11748896	PAIRED	https://ftp.sra.ebi.ac.uk/vol1/fastq/ERR117/096/ERR11748896/ERR11748896_1.fastq.gz	https://ftp.sra.ebi.ac.uk/vol1/fastq/ERR117/096/ERR11748896/ERR11748896_2.fastq.gz
ERR11759298	PAIRED	https://ftp.sra.ebi.ac.uk/vol1/fastq/ERR117/098/ERR11759298/ERR11759298_1.fastq.gz	https://ftp.sra.ebi.ac.uk/vol1/fastq/ERR117/098/ERR11759298/ERR11759298_2.fastq.gz
ERR11759314	PAIRED	https://ftp.sra.ebi.ac.uk/vol1/fastq/ERR117/014/ERR11759314/ERR11759314_1.fastq.gz	https://ftp.sra.ebi.ac.uk/vol1/fastq/ERR117/014/ERR11759314/ERR11759314_2.fastq.gz
ERR11759321	PAIRED	https://ftp.sra.ebi.ac.uk/vol1/fastq/ERR117/021/ERR11759321/ERR11759321_1.fastq.gz	https://ftp.sra.ebi.ac.uk/vol1/fastq/ERR117/021/ERR11759321/ERR11759321_2.fastq.gz
ERR11759330	PAIRED	https://ftp.sra.ebi.ac.uk/vol1/fastq/ERR117/030/ERR11759330/ERR11759330_1.fastq.gz	https://ftp.sra.ebi.ac.uk/vol1/fastq/ERR117/030/ERR11759330/ERR11759330_2.fastq.gz
ERR11759339	PAIRED	https://ftp.sra.ebi.ac.uk/vol1/fastq/ERR117/039/ERR11759339/ERR11759339_1.fastq.gz	https://ftp.sra.ebi.ac.uk/vol1/fastq/ERR117/039/ERR11759339/ERR11759339_2.fastq.gz
ERR11759348	PAIRED	https://ftp.sra.ebi.ac.uk/vol1/fastq/ERR117/048/ERR11759348/ERR11759348_1.fastq.gz	https://ftp.sra.ebi.ac.uk/vol1/fastq/ERR117/048/ERR11759348/ERR11759348_2.fastq.gz
ERR11759361	PAIRED	https://ftp.sra.ebi.ac.uk/vol1/fastq/ERR117/061/ERR11759361/ERR11759361_1.fastq.gz	https://ftp.sra.ebi.ac.uk/vol1/fastq/ERR117/061/ERR11759361/ERR11759361_2.fastq.gz
ERR11759378	PAIRED	https://ftp.sra.ebi.ac.uk/vol1/fastq/ERR117/078/ERR11759378/ERR11759378_1.fastq.gz	https://ftp.sra.ebi.ac.uk/vol1/fastq/ERR117/078/ERR11759378/ERR11759378_2.fastq.gz
ERR11759380	PAIRED	https://ftp.sra.ebi.ac.uk/vol1/fastq/ERR117/080/ERR11759380/ERR11759380_1.fastq.gz	https://ftp.sra.ebi.ac.uk/vol1/fastq/ERR117/080/ERR11759380/ERR11759380_2.fastq.gz
ERR11759383	PAIRED	https://ftp.sra.ebi.ac.uk/vol1/fastq/ERR117/083/ERR11759383/ERR11759383_1.fastq.gz	https://ftp.sra.ebi.ac.uk/vol1/fastq/ERR117/083/ERR11759383/ERR11759383_2.fastq.gz
ERR11759384	PAIRED	https://ftp.sra.ebi.ac.uk/vol1/fastq/ERR117/084/ERR11759384/ERR11759384_1.fastq.gz	https://ftp.sra.ebi.ac.uk/vol1/fastq/ERR117/084/ERR11759384/ERR11759384_2.fastq.gz
ERR11759395	PAIRED	https://ftp.sra.ebi.ac.uk/vol1/fastq/ERR117/095/ERR11759395/ERR11759395_1.fastq.gz	https://ftp.sra.ebi.ac.uk/vol1/fastq/ERR117/095/ERR11759395/ERR11759395_2.fastq.gz
ERR11759413	PAIRED	https://ftp.sra.ebi.ac.uk/vol1/fastq/ERR117/013/ERR11759413/ERR11759413_1.fastq.gz	https://ftp.sra.ebi.ac.uk/vol1/fastq/ERR117/013/ERR11759413/ERR11759413_2.fastq.gz
ERR11759424	PAIRED	https://ftp.sra.ebi.ac.uk/vol1/fastq/ERR117/024/ERR11759424/ERR11759424_1.fastq.gz	https://ftp.sra.ebi.ac.uk/vol1/fastq/ERR117/024/ERR11759424/ERR11759424_2.fastq.gz
ERR11759426	PAIRED	https://ftp.sra.ebi.ac.uk/vol1/fastq/ERR117/026/ERR11759426/ERR11759426_1.fastq.gz	https://ftp.sra.ebi.ac.uk/vol1/fastq/ERR117/026/ERR11759426/ERR11759426_2.fastq.gz
ERR11786071	PAIRED	https://ftp.sra.ebi.ac.uk/vol1/fastq/ERR117/071/ERR11786071/ERR11786071_1.fastq.gz	https://ftp.sra.ebi.ac.uk/vol1/fastq/ERR117/071/ERR11786071/ERR11786071_2.fastq.gz
ERR11788361	PAIRED	https://ftp.sra.ebi.ac.uk/vol1/fastq/ERR117/061/ERR11788361/ERR11788361_1.fastq.gz	https://ftp.sra.ebi.ac.uk/vol1/fastq/ERR117/061/ERR11788361/ERR11788361_2.fastq.gz
ERR11788402	PAIRED	https://ftp.sra.ebi.ac.uk/vol1/fastq/ERR117/002/ERR11788402/ERR11788402_1.fastq.gz	https://ftp.sra.ebi.ac.uk/vol1/fastq/ERR117/002/ERR11788402/ERR11788402_2.fastq.gz
ERR11807207	PAIRED	https://ftp.sra.ebi.ac.uk/vol1/fastq/ERR118/007/ERR11807207/ERR11807207_1.fastq.gz	https://ftp.sra.ebi.ac.uk/vol1/fastq/ERR118/007/ERR11807207/ERR11807207_2.fastq.gz
ERR11818268	PAIRED	https://ftp.sra.ebi.ac.uk/vol1/fastq/ERR118/068/ERR11818268/ERR11818268_1.fastq.gz	https://ftp.sra.ebi.ac.uk/vol1/fastq/ERR118/068/ERR11818268/ERR11818268_2.fastq.gz
ERR11818290	PAIRED	https://ftp.sra.ebi.ac.uk/vol1/fastq/ERR118/090/ERR11818290/ERR11818290_1.fastq.gz	https://ftp.sra.ebi.ac.uk/vol1/fastq/ERR118/090/ERR11818290/ERR11818290_2.fastq.gz
ERR11818297	PAIRED	https://ftp.sra.ebi.ac.uk/vol1/fastq/ERR118/097/ERR11818297/ERR11818297_1.fastq.gz	https://ftp.sra.ebi.ac.uk/vol1/fastq/ERR118/097/ERR11818297/ERR11818297_2.fastq.gz
ERR11818298	PAIRED	https://ftp.sra.ebi.ac.uk/vol1/fastq/ERR118/098/ERR11818298/ERR11818298_1.fastq.gz	https://ftp.sra.ebi.ac.uk/vol1/fastq/ERR118/098/ERR11818298/ERR11818298_2.fastq.gz
ERR11818299	PAIRED	https://ftp.sra.ebi.ac.uk/vol1/fastq/ERR118/099/ERR11818299/ERR11818299_1.fastq.gz	https://ftp.sra.ebi.ac.uk/vol1/fastq/ERR118/099/ERR11818299/ERR11818299_2.fastq.gz
ERR11818343	PAIRED	https://ftp.sra.ebi.ac.uk/vol1/fastq/ERR118/043/ERR11818343/ERR11818343_1.fastq.gz	https://ftp.sra.ebi.ac.uk/vol1/fastq/ERR118/043/ERR11818343/ERR11818343_2.fastq.gz
ERR11818369	PAIRED	https://ftp.sra.ebi.ac.uk/vol1/fastq/ERR118/069/ERR11818369/ERR11818369_1.fastq.gz	https://ftp.sra.ebi.ac.uk/vol1/fastq/ERR118/069/ERR11818369/ERR11818369_2.fastq.gz
ERR11818379	PAIRED	https://ftp.sra.ebi.ac.uk/vol1/fastq/ERR118/079/ERR11818379/ERR11818379_1.fastq.gz	https://ftp.sra.ebi.ac.uk/vol1/fastq/ERR118/079/ERR11818379/ERR11818379_2.fastq.gz
ERR1191578	PAIRED	https://ftp.sra.ebi.ac.uk/vol1/fastq/ERR119/008/ERR1191578/ERR1191578_1.fastq.gz	https://ftp.sra.ebi.ac.uk/vol1/fastq/ERR119/008/ERR1191578/ERR1191578_2.fastq.gz
ERR11968349	PAIRED	https://ftp.sra.ebi.ac.uk/vol1/fastq/ERR119/049/ERR11968349/ERR11968349_1.fastq.gz	https://ftp.sra.ebi.ac.uk/vol1/fastq/ERR119/049/ERR11968349/ERR11968349_2.fastq.gz
ERR11968394	PAIRED	https://ftp.sra.ebi.ac.uk/vol1/fastq/ERR119/094/ERR11968394/ERR11968394_1.fastq.gz	https://ftp.sra.ebi.ac.uk/vol1/fastq/ERR119/094/ERR11968394/ERR11968394_2.fastq.gz
ERR11968446	PAIRED	https://ftp.sra.ebi.ac.uk/vol1/fastq/ERR119/046/ERR11968446/ERR11968446_1.fastq.gz	https://ftp.sra.ebi.ac.uk/vol1/fastq/ERR119/046/ERR11968446/ERR11968446_2.fastq.gz
ERR11968462	PAIRED	https://ftp.sra.ebi.ac.uk/vol1/fastq/ERR119/062/ERR11968462/ERR11968462_1.fastq.gz	https://ftp.sra.ebi.ac.uk/vol1/fastq/ERR119/062/ERR11968462/ERR11968462_2.fastq.gz
ERR12019266	PAIRED	https://ftp.sra.ebi.ac.uk/vol1/fastq/ERR120/066/ERR12019266/ERR12019266_1.fastq.gz	https://ftp.sra.ebi.ac.uk/vol1/fastq/ERR120/066/ERR12019266/ERR12019266_2.fastq.gz
ERR12019273	PAIRED	https://ftp.sra.ebi.ac.uk/vol1/fastq/ERR120/073/ERR12019273/ERR12019273_1.fastq.gz	https://ftp.sra.ebi.ac.uk/vol1/fastq/ERR120/073/ERR12019273/ERR12019273_2.fastq.gz
ERR12019282	PAIRED	https://ftp.sra.ebi.ac.uk/vol1/fastq/ERR120/082/ERR12019282/ERR12019282_1.fastq.gz	https://ftp.sra.ebi.ac.uk/vol1/fastq/ERR120/082/ERR12019282/ERR12019282_2.fastq.gz
ERR1204150	PAIRED	https://ftp.sra.ebi.ac.uk/vol1/fastq/ERR120/000/ERR1204150/ERR1204150_1.fastq.gz	https://ftp.sra.ebi.ac.uk/vol1/fastq/ERR120/000/ERR1204150/ERR1204150_2.fastq.gz
ERR1204161	PAIRED	https://ftp.sra.ebi.ac.uk/vol1/fastq/ERR120/001/ERR1204161/ERR1204161_1.fastq.gz	https://ftp.sra.ebi.ac.uk/vol1/fastq/ERR120/001/ERR1204161/ERR1204161_2.fastq.gz
ERR1204163	PAIRED	https://ftp.sra.ebi.ac.uk/vol1/fastq/ERR120/003/ERR1204163/ERR1204163_1.fastq.gz	https://ftp.sra.ebi.ac.uk/vol1/fastq/ERR120/003/ERR1204163/ERR1204163_2.fastq.gz
ERR1204824	PAIRED	https://ftp.sra.ebi.ac.uk/vol1/fastq/ERR120/004/ERR1204824/ERR1204824_1.fastq.gz	https://ftp.sra.ebi.ac.uk/vol1/fastq/ERR120/004/ERR1204824/ERR1204824_2.fastq.gz
ERR1204840	PAIRED	https://ftp.sra.ebi.ac.uk/vol1/fastq/ERR120/000/ERR1204840/ERR1204840_1.fastq.gz	https://ftp.sra.ebi.ac.uk/vol1/fastq/ERR120/000/ERR1204840/ERR1204840_2.fastq.gz
ERR1204852	PAIRED	https://ftp.sra.ebi.ac.uk/vol1/fastq/ERR120/002/ERR1204852/ERR1204852_1.fastq.gz	https://ftp.sra.ebi.ac.uk/vol1/fastq/ERR120/002/ERR1204852/ERR1204852_2.fastq.gz
ERR1204854	PAIRED	https://ftp.sra.ebi.ac.uk/vol1/fastq/ERR120/004/ERR1204854/ERR1204854_1.fastq.gz	https://ftp.sra.ebi.ac.uk/vol1/fastq/ERR120/004/ERR1204854/ERR1204854_2.fastq.gz
ERR1204921	PAIRED	https://ftp.sra.ebi.ac.uk/vol1/fastq/ERR120/001/ERR1204921/ERR1204921_1.fastq.gz	https://ftp.sra.ebi.ac.uk/vol1/fastq/ERR120/001/ERR1204921/ERR1204921_2.fastq.gz
ERR1204946	PAIRED	https://ftp.sra.ebi.ac.uk/vol1/fastq/ERR120/006/ERR1204946/ERR1204946_1.fastq.gz	https://ftp.sra.ebi.ac.uk/vol1/fastq/ERR120/006/ERR1204946/ERR1204946_2.fastq.gz
ERR1204978	PAIRED	https://ftp.sra.ebi.ac.uk/vol1/fastq/ERR120/008/ERR1204978/ERR1204978_1.fastq.gz	https://ftp.sra.ebi.ac.uk/vol1/fastq/ERR120/008/ERR1204978/ERR1204978_2.fastq.gz
ERR1205014	PAIRED	https://ftp.sra.ebi.ac.uk/vol1/fastq/ERR120/004/ERR1205014/ERR1205014_1.fastq.gz	https://ftp.sra.ebi.ac.uk/vol1/fastq/ERR120/004/ERR1205014/ERR1205014_2.fastq.gz
ERR1205054	PAIRED	https://ftp.sra.ebi.ac.uk/vol1/fastq/ERR120/004/ERR1205054/ERR1205054_1.fastq.gz	https://ftp.sra.ebi.ac.uk/vol1/fastq/ERR120/004/ERR1205054/ERR1205054_2.fastq.gz
ERR12058238	PAIRED	https://ftp.sra.ebi.ac.uk/vol1/fastq/ERR120/038/ERR12058238/ERR12058238_1.fastq.gz	https://ftp.sra.ebi.ac.uk/vol1/fastq/ERR120/038/ERR12058238/ERR12058238_2.fastq.gz
ERR12058252	PAIRED	https://ftp.sra.ebi.ac.uk/vol1/fastq/ERR120/052/ERR12058252/ERR12058252_1.fastq.gz	https://ftp.sra.ebi.ac.uk/vol1/fastq/ERR120/052/ERR12058252/ERR12058252_2.fastq.gz
ERR12058268	PAIRED	https://ftp.sra.ebi.ac.uk/vol1/fastq/ERR120/068/ERR12058268/ERR12058268_1.fastq.gz	https://ftp.sra.ebi.ac.uk/vol1/fastq/ERR120/068/ERR12058268/ERR12058268_2.fastq.gz
ERR12058315	PAIRED	https://ftp.sra.ebi.ac.uk/vol1/fastq/ERR120/015/ERR12058315/ERR12058315_1.fastq.gz	https://ftp.sra.ebi.ac.uk/vol1/fastq/ERR120/015/ERR12058315/ERR12058315_2.fastq.gz
ERR12058321	PAIRED	https://ftp.sra.ebi.ac.uk/vol1/fastq/ERR120/021/ERR12058321/ERR12058321_1.fastq.gz	https://ftp.sra.ebi.ac.uk/vol1/fastq/ERR120/021/ERR12058321/ERR12058321_2.fastq.gz
ERR12058328	PAIRED	https://ftp.sra.ebi.ac.uk/vol1/fastq/ERR120/028/ERR12058328/ERR12058328_1.fastq.gz	https://ftp.sra.ebi.ac.uk/vol1/fastq/ERR120/028/ERR12058328/ERR12058328_2.fastq.gz
ERR12058337	PAIRED	https://ftp.sra.ebi.ac.uk/vol1/fastq/ERR120/037/ERR12058337/ERR12058337_1.fastq.gz	https://ftp.sra.ebi.ac.uk/vol1/fastq/ERR120/037/ERR12058337/ERR12058337_2.fastq.gz
ERR12058343	PAIRED	https://ftp.sra.ebi.ac.uk/vol1/fastq/ERR120/043/ERR12058343/ERR12058343_1.fastq.gz	https://ftp.sra.ebi.ac.uk/vol1/fastq/ERR120/043/ERR12058343/ERR12058343_2.fastq.gz
ERR12058357	PAIRED	https://ftp.sra.ebi.ac.uk/vol1/fastq/ERR120/057/ERR12058357/ERR12058357_1.fastq.gz	https://ftp.sra.ebi.ac.uk/vol1/fastq/ERR120/057/ERR12058357/ERR12058357_2.fastq.gz
ERR12058365	PAIRED	https://ftp.sra.ebi.ac.uk/vol1/fastq/ERR120/065/ERR12058365/ERR12058365_1.fastq.gz	https://ftp.sra.ebi.ac.uk/vol1/fastq/ERR120/065/ERR12058365/ERR12058365_2.fastq.gz
ERR12058367	PAIRED	https://ftp.sra.ebi.ac.uk/vol1/fastq/ERR120/067/ERR12058367/ERR12058367_1.fastq.gz	https://ftp.sra.ebi.ac.uk/vol1/fastq/ERR120/067/ERR12058367/ERR12058367_2.fastq.gz
ERR12058383	PAIRED	https://ftp.sra.ebi.ac.uk/vol1/fastq/ERR120/083/ERR12058383/ERR12058383_1.fastq.gz	https://ftp.sra.ebi.ac.uk/vol1/fastq/ERR120/083/ERR12058383/ERR12058383_2.fastq.gz
ERR12058414	PAIRED	https://ftp.sra.ebi.ac.uk/vol1/fastq/ERR120/014/ERR12058414/ERR12058414_1.fastq.gz	https://ftp.sra.ebi.ac.uk/vol1/fastq/ERR120/014/ERR12058414/ERR12058414_2.fastq.gz
ERR12058457	PAIRED	https://ftp.sra.ebi.ac.uk/vol1/fastq/ERR120/057/ERR12058457/ERR12058457_1.fastq.gz	https://ftp.sra.ebi.ac.uk/vol1/fastq/ERR120/057/ERR12058457/ERR12058457_2.fastq.gz
ERR12058487	PAIRED	https://ftp.sra.ebi.ac.uk/vol1/fastq/ERR120/087/ERR12058487/ERR12058487_1.fastq.gz	https://ftp.sra.ebi.ac.uk/vol1/fastq/ERR120/087/ERR12058487/ERR12058487_2.fastq.gz
ERR12058523	PAIRED	https://ftp.sra.ebi.ac.uk/vol1/fastq/ERR120/023/ERR12058523/ERR12058523_1.fastq.gz	https://ftp.sra.ebi.ac.uk/vol1/fastq/ERR120/023/ERR12058523/ERR12058523_2.fastq.gz
ERR12058526	PAIRED	https://ftp.sra.ebi.ac.uk/vol1/fastq/ERR120/026/ERR12058526/ERR12058526_1.fastq.gz	https://ftp.sra.ebi.ac.uk/vol1/fastq/ERR120/026/ERR12058526/ERR12058526_2.fastq.gz
ERR12058573	PAIRED	https://ftp.sra.ebi.ac.uk/vol1/fastq/ERR120/073/ERR12058573/ERR12058573_1.fastq.gz	https://ftp.sra.ebi.ac.uk/vol1/fastq/ERR120/073/ERR12058573/ERR12058573_2.fastq.gz
ERR12058578	PAIRED	https://ftp.sra.ebi.ac.uk/vol1/fastq/ERR120/078/ERR12058578/ERR12058578_1.fastq.gz	https://ftp.sra.ebi.ac.uk/vol1/fastq/ERR120/078/ERR12058578/ERR12058578_2.fastq.gz
ERR12058584	PAIRED	https://ftp.sra.ebi.ac.uk/vol1/fastq/ERR120/084/ERR12058584/ERR12058584_1.fastq.gz	https://ftp.sra.ebi.ac.uk/vol1/fastq/ERR120/084/ERR12058584/ERR12058584_2.fastq.gz
ERR12058598	PAIRED	https://ftp.sra.ebi.ac.uk/vol1/fastq/ERR120/098/ERR12058598/ERR12058598_1.fastq.gz	https://ftp.sra.ebi.ac.uk/vol1/fastq/ERR120/098/ERR12058598/ERR12058598_2.fastq.gz
ERR12058631	PAIRED	https://ftp.sra.ebi.ac.uk/vol1/fastq/ERR120/031/ERR12058631/ERR12058631_1.fastq.gz	https://ftp.sra.ebi.ac.uk/vol1/fastq/ERR120/031/ERR12058631/ERR12058631_2.fastq.gz
ERR12058634	PAIRED	https://ftp.sra.ebi.ac.uk/vol1/fastq/ERR120/034/ERR12058634/ERR12058634_1.fastq.gz	https://ftp.sra.ebi.ac.uk/vol1/fastq/ERR120/034/ERR12058634/ERR12058634_2.fastq.gz
ERR12058644	PAIRED	https://ftp.sra.ebi.ac.uk/vol1/fastq/ERR120/044/ERR12058644/ERR12058644_1.fastq.gz	https://ftp.sra.ebi.ac.uk/vol1/fastq/ERR120/044/ERR12058644/ERR12058644_2.fastq.gz
ERR12058749	PAIRED	https://ftp.sra.ebi.ac.uk/vol1/fastq/ERR120/049/ERR12058749/ERR12058749_1.fastq.gz	https://ftp.sra.ebi.ac.uk/vol1/fastq/ERR120/049/ERR12058749/ERR12058749_2.fastq.gz
ERR12058750	PAIRED	https://ftp.sra.ebi.ac.uk/vol1/fastq/ERR120/050/ERR12058750/ERR12058750_1.fastq.gz	https://ftp.sra.ebi.ac.uk/vol1/fastq/ERR120/050/ERR12058750/ERR12058750_2.fastq.gz
ERR12058755	PAIRED	https://ftp.sra.ebi.ac.uk/vol1/fastq/ERR120/055/ERR12058755/ERR12058755_1.fastq.gz	https://ftp.sra.ebi.ac.uk/vol1/fastq/ERR120/055/ERR12058755/ERR12058755_2.fastq.gz
ERR12058827	PAIRED	https://ftp.sra.ebi.ac.uk/vol1/fastq/ERR120/027/ERR12058827/ERR12058827_1.fastq.gz	https://ftp.sra.ebi.ac.uk/vol1/fastq/ERR120/027/ERR12058827/ERR12058827_2.fastq.gz
ERR12058838	PAIRED	https://ftp.sra.ebi.ac.uk/vol1/fastq/ERR120/038/ERR12058838/ERR12058838_1.fastq.gz	https://ftp.sra.ebi.ac.uk/vol1/fastq/ERR120/038/ERR12058838/ERR12058838_2.fastq.gz
ERR12058839	PAIRED	https://ftp.sra.ebi.ac.uk/vol1/fastq/ERR120/039/ERR12058839/ERR12058839_1.fastq.gz	https://ftp.sra.ebi.ac.uk/vol1/fastq/ERR120/039/ERR12058839/ERR12058839_2.fastq.gz
ERR12058847	PAIRED	https://ftp.sra.ebi.ac.uk/vol1/fastq/ERR120/047/ERR12058847/ERR12058847_1.fastq.gz	https://ftp.sra.ebi.ac.uk/vol1/fastq/ERR120/047/ERR12058847/ERR12058847_2.fastq.gz
ERR12058853	PAIRED	https://ftp.sra.ebi.ac.uk/vol1/fastq/ERR120/053/ERR12058853/ERR12058853_1.fastq.gz	https://ftp.sra.ebi.ac.uk/vol1/fastq/ERR120/053/ERR12058853/ERR12058853_2.fastq.gz
ERR12058891	PAIRED	https://ftp.sra.ebi.ac.uk/vol1/fastq/ERR120/091/ERR12058891/ERR12058891_1.fastq.gz	https://ftp.sra.ebi.ac.uk/vol1/fastq/ERR120/091/ERR12058891/ERR12058891_2.fastq.gz
ERR12058915	PAIRED	https://ftp.sra.ebi.ac.uk/vol1/fastq/ERR120/015/ERR12058915/ERR12058915_1.fastq.gz	https://ftp.sra.ebi.ac.uk/vol1/fastq/ERR120/015/ERR12058915/ERR12058915_2.fastq.gz
ERR12058931	PAIRED	https://ftp.sra.ebi.ac.uk/vol1/fastq/ERR120/031/ERR12058931/ERR12058931_1.fastq.gz	https://ftp.sra.ebi.ac.uk/vol1/fastq/ERR120/031/ERR12058931/ERR12058931_2.fastq.gz
ERR12058956	PAIRED	https://ftp.sra.ebi.ac.uk/vol1/fastq/ERR120/056/ERR12058956/ERR12058956_1.fastq.gz	https://ftp.sra.ebi.ac.uk/vol1/fastq/ERR120/056/ERR12058956/ERR12058956_2.fastq.gz
ERR12058961	PAIRED	https://ftp.sra.ebi.ac.uk/vol1/fastq/ERR120/061/ERR12058961/ERR12058961_1.fastq.gz	https://ftp.sra.ebi.ac.uk/vol1/fastq/ERR120/061/ERR12058961/ERR12058961_2.fastq.gz
ERR12058994	PAIRED	https://ftp.sra.ebi.ac.uk/vol1/fastq/ERR120/094/ERR12058994/ERR12058994_1.fastq.gz	https://ftp.sra.ebi.ac.uk/vol1/fastq/ERR120/094/ERR12058994/ERR12058994_2.fastq.gz
ERR12058999	PAIRED	https://ftp.sra.ebi.ac.uk/vol1/fastq/ERR120/099/ERR12058999/ERR12058999_1.fastq.gz	https://ftp.sra.ebi.ac.uk/vol1/fastq/ERR120/099/ERR12058999/ERR12058999_2.fastq.gz
ERR12059013	PAIRED	https://ftp.sra.ebi.ac.uk/vol1/fastq/ERR120/013/ERR12059013/ERR12059013_1.fastq.gz	https://ftp.sra.ebi.ac.uk/vol1/fastq/ERR120/013/ERR12059013/ERR12059013_2.fastq.gz
ERR12059016	PAIRED	https://ftp.sra.ebi.ac.uk/vol1/fastq/ERR120/016/ERR12059016/ERR12059016_1.fastq.gz	https://ftp.sra.ebi.ac.uk/vol1/fastq/ERR120/016/ERR12059016/ERR12059016_2.fastq.gz
ERR12059059	PAIRED	https://ftp.sra.ebi.ac.uk/vol1/fastq/ERR120/059/ERR12059059/ERR12059059_1.fastq.gz	https://ftp.sra.ebi.ac.uk/vol1/fastq/ERR120/059/ERR12059059/ERR12059059_2.fastq.gz
ERR12059099	PAIRED	https://ftp.sra.ebi.ac.uk/vol1/fastq/ERR120/099/ERR12059099/ERR12059099_1.fastq.gz	https://ftp.sra.ebi.ac.uk/vol1/fastq/ERR120/099/ERR12059099/ERR12059099_2.fastq.gz
ERR12059122	PAIRED	https://ftp.sra.ebi.ac.uk/vol1/fastq/ERR120/022/ERR12059122/ERR12059122_1.fastq.gz	https://ftp.sra.ebi.ac.uk/vol1/fastq/ERR120/022/ERR12059122/ERR12059122_2.fastq.gz
ERR12059124	PAIRED	https://ftp.sra.ebi.ac.uk/vol1/fastq/ERR120/024/ERR12059124/ERR12059124_1.fastq.gz	https://ftp.sra.ebi.ac.uk/vol1/fastq/ERR120/024/ERR12059124/ERR12059124_2.fastq.gz
ERR12059127	PAIRED	https://ftp.sra.ebi.ac.uk/vol1/fastq/ERR120/027/ERR12059127/ERR12059127_1.fastq.gz	https://ftp.sra.ebi.ac.uk/vol1/fastq/ERR120/027/ERR12059127/ERR12059127_2.fastq.gz
ERR12059137	PAIRED	https://ftp.sra.ebi.ac.uk/vol1/fastq/ERR120/037/ERR12059137/ERR12059137_1.fastq.gz	https://ftp.sra.ebi.ac.uk/vol1/fastq/ERR120/037/ERR12059137/ERR12059137_2.fastq.gz
ERR12059144	PAIRED	https://ftp.sra.ebi.ac.uk/vol1/fastq/ERR120/044/ERR12059144/ERR12059144_1.fastq.gz	https://ftp.sra.ebi.ac.uk/vol1/fastq/ERR120/044/ERR12059144/ERR12059144_2.fastq.gz
ERR12059150	PAIRED	https://ftp.sra.ebi.ac.uk/vol1/fastq/ERR120/050/ERR12059150/ERR12059150_1.fastq.gz	https://ftp.sra.ebi.ac.uk/vol1/fastq/ERR120/050/ERR12059150/ERR12059150_2.fastq.gz
ERR12059152	PAIRED	https://ftp.sra.ebi.ac.uk/vol1/fastq/ERR120/052/ERR12059152/ERR12059152_1.fastq.gz	https://ftp.sra.ebi.ac.uk/vol1/fastq/ERR120/052/ERR12059152/ERR12059152_2.fastq.gz
ERR12059159	PAIRED	https://ftp.sra.ebi.ac.uk/vol1/fastq/ERR120/059/ERR12059159/ERR12059159_1.fastq.gz	https://ftp.sra.ebi.ac.uk/vol1/fastq/ERR120/059/ERR12059159/ERR12059159_2.fastq.gz
ERR12059171	PAIRED	https://ftp.sra.ebi.ac.uk/vol1/fastq/ERR120/071/ERR12059171/ERR12059171_1.fastq.gz	https://ftp.sra.ebi.ac.uk/vol1/fastq/ERR120/071/ERR12059171/ERR12059171_2.fastq.gz
ERR12059183	PAIRED	https://ftp.sra.ebi.ac.uk/vol1/fastq/ERR120/083/ERR12059183/ERR12059183_1.fastq.gz	https://ftp.sra.ebi.ac.uk/vol1/fastq/ERR120/083/ERR12059183/ERR12059183_2.fastq.gz
ERR12059191	PAIRED	https://ftp.sra.ebi.ac.uk/vol1/fastq/ERR120/091/ERR12059191/ERR12059191_1.fastq.gz	https://ftp.sra.ebi.ac.uk/vol1/fastq/ERR120/091/ERR12059191/ERR12059191_2.fastq.gz
ERR12059196	PAIRED	https://ftp.sra.ebi.ac.uk/vol1/fastq/ERR120/096/ERR12059196/ERR12059196_1.fastq.gz	https://ftp.sra.ebi.ac.uk/vol1/fastq/ERR120/096/ERR12059196/ERR12059196_2.fastq.gz
ERR12059197	PAIRED	https://ftp.sra.ebi.ac.uk/vol1/fastq/ERR120/097/ERR12059197/ERR12059197_1.fastq.gz	https://ftp.sra.ebi.ac.uk/vol1/fastq/ERR120/097/ERR12059197/ERR12059197_2.fastq.gz
ERR12059225	PAIRED	https://ftp.sra.ebi.ac.uk/vol1/fastq/ERR120/025/ERR12059225/ERR12059225_1.fastq.gz	https://ftp.sra.ebi.ac.uk/vol1/fastq/ERR120/025/ERR12059225/ERR12059225_2.fastq.gz
ERR12059229	PAIRED	https://ftp.sra.ebi.ac.uk/vol1/fastq/ERR120/029/ERR12059229/ERR12059229_1.fastq.gz	https://ftp.sra.ebi.ac.uk/vol1/fastq/ERR120/029/ERR12059229/ERR12059229_2.fastq.gz
ERR12059234	PAIRED	https://ftp.sra.ebi.ac.uk/vol1/fastq/ERR120/034/ERR12059234/ERR12059234_1.fastq.gz	https://ftp.sra.ebi.ac.uk/vol1/fastq/ERR120/034/ERR12059234/ERR12059234_2.fastq.gz
ERR12059238	PAIRED	https://ftp.sra.ebi.ac.uk/vol1/fastq/ERR120/038/ERR12059238/ERR12059238_1.fastq.gz	https://ftp.sra.ebi.ac.uk/vol1/fastq/ERR120/038/ERR12059238/ERR12059238_2.fastq.gz
ERR12059240	PAIRED	https://ftp.sra.ebi.ac.uk/vol1/fastq/ERR120/040/ERR12059240/ERR12059240_1.fastq.gz	https://ftp.sra.ebi.ac.uk/vol1/fastq/ERR120/040/ERR12059240/ERR12059240_2.fastq.gz
ERR12059258	PAIRED	https://ftp.sra.ebi.ac.uk/vol1/fastq/ERR120/058/ERR12059258/ERR12059258_1.fastq.gz	https://ftp.sra.ebi.ac.uk/vol1/fastq/ERR120/058/ERR12059258/ERR12059258_2.fastq.gz
ERR12059273	PAIRED	https://ftp.sra.ebi.ac.uk/vol1/fastq/ERR120/073/ERR12059273/ERR12059273_1.fastq.gz	https://ftp.sra.ebi.ac.uk/vol1/fastq/ERR120/073/ERR12059273/ERR12059273_2.fastq.gz
ERR12059291	PAIRED	https://ftp.sra.ebi.ac.uk/vol1/fastq/ERR120/091/ERR12059291/ERR12059291_1.fastq.gz	https://ftp.sra.ebi.ac.uk/vol1/fastq/ERR120/091/ERR12059291/ERR12059291_2.fastq.gz
ERR12059297	PAIRED	https://ftp.sra.ebi.ac.uk/vol1/fastq/ERR120/097/ERR12059297/ERR12059297_1.fastq.gz	https://ftp.sra.ebi.ac.uk/vol1/fastq/ERR120/097/ERR12059297/ERR12059297_2.fastq.gz
ERR12059323	PAIRED	https://ftp.sra.ebi.ac.uk/vol1/fastq/ERR120/023/ERR12059323/ERR12059323_1.fastq.gz	https://ftp.sra.ebi.ac.uk/vol1/fastq/ERR120/023/ERR12059323/ERR12059323_2.fastq.gz
ERR12059340	PAIRED	https://ftp.sra.ebi.ac.uk/vol1/fastq/ERR120/040/ERR12059340/ERR12059340_1.fastq.gz	https://ftp.sra.ebi.ac.uk/vol1/fastq/ERR120/040/ERR12059340/ERR12059340_2.fastq.gz
ERR12059361	PAIRED	https://ftp.sra.ebi.ac.uk/vol1/fastq/ERR120/061/ERR12059361/ERR12059361_1.fastq.gz	https://ftp.sra.ebi.ac.uk/vol1/fastq/ERR120/061/ERR12059361/ERR12059361_2.fastq.gz
ERR12059367	PAIRED	https://ftp.sra.ebi.ac.uk/vol1/fastq/ERR120/067/ERR12059367/ERR12059367_1.fastq.gz	https://ftp.sra.ebi.ac.uk/vol1/fastq/ERR120/067/ERR12059367/ERR12059367_2.fastq.gz
ERR12059387	PAIRED	https://ftp.sra.ebi.ac.uk/vol1/fastq/ERR120/087/ERR12059387/ERR12059387_1.fastq.gz	https://ftp.sra.ebi.ac.uk/vol1/fastq/ERR120/087/ERR12059387/ERR12059387_2.fastq.gz
ERR12059411	PAIRED	https://ftp.sra.ebi.ac.uk/vol1/fastq/ERR120/011/ERR12059411/ERR12059411_1.fastq.gz	https://ftp.sra.ebi.ac.uk/vol1/fastq/ERR120/011/ERR12059411/ERR12059411_2.fastq.gz
ERR12059425	PAIRED	https://ftp.sra.ebi.ac.uk/vol1/fastq/ERR120/025/ERR12059425/ERR12059425_1.fastq.gz	https://ftp.sra.ebi.ac.uk/vol1/fastq/ERR120/025/ERR12059425/ERR12059425_2.fastq.gz
ERR12077972	PAIRED	https://ftp.sra.ebi.ac.uk/vol1/fastq/ERR120/072/ERR12077972/ERR12077972_1.fastq.gz	https://ftp.sra.ebi.ac.uk/vol1/fastq/ERR120/072/ERR12077972/ERR12077972_2.fastq.gz
ERR12077985	PAIRED	https://ftp.sra.ebi.ac.uk/vol1/fastq/ERR120/085/ERR12077985/ERR12077985_1.fastq.gz	https://ftp.sra.ebi.ac.uk/vol1/fastq/ERR120/085/ERR12077985/ERR12077985_2.fastq.gz
ERR12077991	PAIRED	https://ftp.sra.ebi.ac.uk/vol1/fastq/ERR120/091/ERR12077991/ERR12077991_1.fastq.gz	https://ftp.sra.ebi.ac.uk/vol1/fastq/ERR120/091/ERR12077991/ERR12077991_2.fastq.gz
ERR12077994	PAIRED	https://ftp.sra.ebi.ac.uk/vol1/fastq/ERR120/094/ERR12077994/ERR12077994_1.fastq.gz	https://ftp.sra.ebi.ac.uk/vol1/fastq/ERR120/094/ERR12077994/ERR12077994_2.fastq.gz
ERR12078025	PAIRED	https://ftp.sra.ebi.ac.uk/vol1/fastq/ERR120/025/ERR12078025/ERR12078025_1.fastq.gz	https://ftp.sra.ebi.ac.uk/vol1/fastq/ERR120/025/ERR12078025/ERR12078025_2.fastq.gz
ERR12107226	PAIRED	https://ftp.sra.ebi.ac.uk/vol1/fastq/ERR121/026/ERR12107226/ERR12107226_1.fastq.gz	https://ftp.sra.ebi.ac.uk/vol1/fastq/ERR121/026/ERR12107226/ERR12107226_2.fastq.gz
ERR12107254	PAIRED	https://ftp.sra.ebi.ac.uk/vol1/fastq/ERR121/054/ERR12107254/ERR12107254_1.fastq.gz	https://ftp.sra.ebi.ac.uk/vol1/fastq/ERR121/054/ERR12107254/ERR12107254_2.fastq.gz
ERR12107527	PAIRED	https://ftp.sra.ebi.ac.uk/vol1/fastq/ERR121/027/ERR12107527/ERR12107527_1.fastq.gz	https://ftp.sra.ebi.ac.uk/vol1/fastq/ERR121/027/ERR12107527/ERR12107527_2.fastq.gz
ERR12107531	PAIRED	https://ftp.sra.ebi.ac.uk/vol1/fastq/ERR121/031/ERR12107531/ERR12107531_1.fastq.gz	https://ftp.sra.ebi.ac.uk/vol1/fastq/ERR121/031/ERR12107531/ERR12107531_2.fastq.gz
ERR12107571	PAIRED	https://ftp.sra.ebi.ac.uk/vol1/fastq/ERR121/071/ERR12107571/ERR12107571_1.fastq.gz	https://ftp.sra.ebi.ac.uk/vol1/fastq/ERR121/071/ERR12107571/ERR12107571_2.fastq.gz
ERR12107636	PAIRED	https://ftp.sra.ebi.ac.uk/vol1/fastq/ERR121/036/ERR12107636/ERR12107636_1.fastq.gz	https://ftp.sra.ebi.ac.uk/vol1/fastq/ERR121/036/ERR12107636/ERR12107636_2.fastq.gz
ERR12107654	PAIRED	https://ftp.sra.ebi.ac.uk/vol1/fastq/ERR121/054/ERR12107654/ERR12107654_1.fastq.gz	https://ftp.sra.ebi.ac.uk/vol1/fastq/ERR121/054/ERR12107654/ERR12107654_2.fastq.gz
ERR12107671	PAIRED	https://ftp.sra.ebi.ac.uk/vol1/fastq/ERR121/071/ERR12107671/ERR12107671_1.fastq.gz	https://ftp.sra.ebi.ac.uk/vol1/fastq/ERR121/071/ERR12107671/ERR12107671_2.fastq.gz
ERR12107675	PAIRED	https://ftp.sra.ebi.ac.uk/vol1/fastq/ERR121/075/ERR12107675/ERR12107675_1.fastq.gz	https://ftp.sra.ebi.ac.uk/vol1/fastq/ERR121/075/ERR12107675/ERR12107675_2.fastq.gz
ERR12107722	PAIRED	https://ftp.sra.ebi.ac.uk/vol1/fastq/ERR121/022/ERR12107722/ERR12107722_1.fastq.gz	https://ftp.sra.ebi.ac.uk/vol1/fastq/ERR121/022/ERR12107722/ERR12107722_2.fastq.gz
ERR12107750	PAIRED	https://ftp.sra.ebi.ac.uk/vol1/fastq/ERR121/050/ERR12107750/ERR12107750_1.fastq.gz	https://ftp.sra.ebi.ac.uk/vol1/fastq/ERR121/050/ERR12107750/ERR12107750_2.fastq.gz
ERR12126733	PAIRED	https://ftp.sra.ebi.ac.uk/vol1/fastq/ERR121/033/ERR12126733/ERR12126733_1.fastq.gz	https://ftp.sra.ebi.ac.uk/vol1/fastq/ERR121/033/ERR12126733/ERR12126733_2.fastq.gz
ERR12126831	PAIRED	https://ftp.sra.ebi.ac.uk/vol1/fastq/ERR121/031/ERR12126831/ERR12126831_1.fastq.gz	https://ftp.sra.ebi.ac.uk/vol1/fastq/ERR121/031/ERR12126831/ERR12126831_2.fastq.gz
ERR12126839	PAIRED	https://ftp.sra.ebi.ac.uk/vol1/fastq/ERR121/039/ERR12126839/ERR12126839_1.fastq.gz	https://ftp.sra.ebi.ac.uk/vol1/fastq/ERR121/039/ERR12126839/ERR12126839_2.fastq.gz
ERR12126882	PAIRED	https://ftp.sra.ebi.ac.uk/vol1/fastq/ERR121/082/ERR12126882/ERR12126882_1.fastq.gz	https://ftp.sra.ebi.ac.uk/vol1/fastq/ERR121/082/ERR12126882/ERR12126882_2.fastq.gz
ERR12126959	PAIRED	https://ftp.sra.ebi.ac.uk/vol1/fastq/ERR121/059/ERR12126959/ERR12126959_1.fastq.gz	https://ftp.sra.ebi.ac.uk/vol1/fastq/ERR121/059/ERR12126959/ERR12126959_2.fastq.gz
ERR12126999	PAIRED	https://ftp.sra.ebi.ac.uk/vol1/fastq/ERR121/099/ERR12126999/ERR12126999_1.fastq.gz	https://ftp.sra.ebi.ac.uk/vol1/fastq/ERR121/099/ERR12126999/ERR12126999_2.fastq.gz
ERR12127034	PAIRED	https://ftp.sra.ebi.ac.uk/vol1/fastq/ERR121/034/ERR12127034/ERR12127034_1.fastq.gz	https://ftp.sra.ebi.ac.uk/vol1/fastq/ERR121/034/ERR12127034/ERR12127034_2.fastq.gz
ERR12127081	PAIRED	https://ftp.sra.ebi.ac.uk/vol1/fastq/ERR121/081/ERR12127081/ERR12127081_1.fastq.gz	https://ftp.sra.ebi.ac.uk/vol1/fastq/ERR121/081/ERR12127081/ERR12127081_2.fastq.gz
ERR12127083	PAIRED	https://ftp.sra.ebi.ac.uk/vol1/fastq/ERR121/083/ERR12127083/ERR12127083_1.fastq.gz	https://ftp.sra.ebi.ac.uk/vol1/fastq/ERR121/083/ERR12127083/ERR12127083_2.fastq.gz
ERR12127117	PAIRED	https://ftp.sra.ebi.ac.uk/vol1/fastq/ERR121/017/ERR12127117/ERR12127117_1.fastq.gz	https://ftp.sra.ebi.ac.uk/vol1/fastq/ERR121/017/ERR12127117/ERR12127117_2.fastq.gz
ERR12127177	PAIRED	https://ftp.sra.ebi.ac.uk/vol1/fastq/ERR121/077/ERR12127177/ERR12127177_1.fastq.gz	https://ftp.sra.ebi.ac.uk/vol1/fastq/ERR121/077/ERR12127177/ERR12127177_2.fastq.gz
ERR12127187	PAIRED	https://ftp.sra.ebi.ac.uk/vol1/fastq/ERR121/087/ERR12127187/ERR12127187_1.fastq.gz	https://ftp.sra.ebi.ac.uk/vol1/fastq/ERR121/087/ERR12127187/ERR12127187_2.fastq.gz
ERR12127985	PAIRED	https://ftp.sra.ebi.ac.uk/vol1/fastq/ERR121/085/ERR12127985/ERR12127985_1.fastq.gz	https://ftp.sra.ebi.ac.uk/vol1/fastq/ERR121/085/ERR12127985/ERR12127985_2.fastq.gz
ERR12127987	PAIRED	https://ftp.sra.ebi.ac.uk/vol1/fastq/ERR121/087/ERR12127987/ERR12127987_1.fastq.gz	https://ftp.sra.ebi.ac.uk/vol1/fastq/ERR121/087/ERR12127987/ERR12127987_2.fastq.gz
ERR12132087	PAIRED	https://ftp.sra.ebi.ac.uk/vol1/fastq/ERR121/087/ERR12132087/ERR12132087_1.fastq.gz	https://ftp.sra.ebi.ac.uk/vol1/fastq/ERR121/087/ERR12132087/ERR12132087_2.fastq.gz
ERR12132088	PAIRED	https://ftp.sra.ebi.ac.uk/vol1/fastq/ERR121/088/ERR12132088/ERR12132088_1.fastq.gz	https://ftp.sra.ebi.ac.uk/vol1/fastq/ERR121/088/ERR12132088/ERR12132088_2.fastq.gz
ERR12132093	PAIRED	https://ftp.sra.ebi.ac.uk/vol1/fastq/ERR121/093/ERR12132093/ERR12132093_1.fastq.gz	https://ftp.sra.ebi.ac.uk/vol1/fastq/ERR121/093/ERR12132093/ERR12132093_2.fastq.gz
ERR12132095	PAIRED	https://ftp.sra.ebi.ac.uk/vol1/fastq/ERR121/095/ERR12132095/ERR12132095_1.fastq.gz	https://ftp.sra.ebi.ac.uk/vol1/fastq/ERR121/095/ERR12132095/ERR12132095_2.fastq.gz
ERR12132103	PAIRED	https://ftp.sra.ebi.ac.uk/vol1/fastq/ERR121/003/ERR12132103/ERR12132103_1.fastq.gz	https://ftp.sra.ebi.ac.uk/vol1/fastq/ERR121/003/ERR12132103/ERR12132103_2.fastq.gz
ERR12132106	PAIRED	https://ftp.sra.ebi.ac.uk/vol1/fastq/ERR121/006/ERR12132106/ERR12132106_1.fastq.gz	https://ftp.sra.ebi.ac.uk/vol1/fastq/ERR121/006/ERR12132106/ERR12132106_2.fastq.gz
ERR12132107	PAIRED	https://ftp.sra.ebi.ac.uk/vol1/fastq/ERR121/007/ERR12132107/ERR12132107_1.fastq.gz	https://ftp.sra.ebi.ac.uk/vol1/fastq/ERR121/007/ERR12132107/ERR12132107_2.fastq.gz
ERR12132109	PAIRED	https://ftp.sra.ebi.ac.uk/vol1/fastq/ERR121/009/ERR12132109/ERR12132109_1.fastq.gz	https://ftp.sra.ebi.ac.uk/vol1/fastq/ERR121/009/ERR12132109/ERR12132109_2.fastq.gz
ERR12132111	PAIRED	https://ftp.sra.ebi.ac.uk/vol1/fastq/ERR121/011/ERR12132111/ERR12132111_1.fastq.gz	https://ftp.sra.ebi.ac.uk/vol1/fastq/ERR121/011/ERR12132111/ERR12132111_2.fastq.gz
ERR12132112	PAIRED	https://ftp.sra.ebi.ac.uk/vol1/fastq/ERR121/012/ERR12132112/ERR12132112_1.fastq.gz	https://ftp.sra.ebi.ac.uk/vol1/fastq/ERR121/012/ERR12132112/ERR12132112_2.fastq.gz
ERR12132118	PAIRED	https://ftp.sra.ebi.ac.uk/vol1/fastq/ERR121/018/ERR12132118/ERR12132118_1.fastq.gz	https://ftp.sra.ebi.ac.uk/vol1/fastq/ERR121/018/ERR12132118/ERR12132118_2.fastq.gz
ERR12132123	PAIRED	https://ftp.sra.ebi.ac.uk/vol1/fastq/ERR121/023/ERR12132123/ERR12132123_1.fastq.gz	https://ftp.sra.ebi.ac.uk/vol1/fastq/ERR121/023/ERR12132123/ERR12132123_2.fastq.gz
ERR12132129	PAIRED	https://ftp.sra.ebi.ac.uk/vol1/fastq/ERR121/029/ERR12132129/ERR12132129_1.fastq.gz	https://ftp.sra.ebi.ac.uk/vol1/fastq/ERR121/029/ERR12132129/ERR12132129_2.fastq.gz
ERR12132131	PAIRED	https://ftp.sra.ebi.ac.uk/vol1/fastq/ERR121/031/ERR12132131/ERR12132131_1.fastq.gz	https://ftp.sra.ebi.ac.uk/vol1/fastq/ERR121/031/ERR12132131/ERR12132131_2.fastq.gz
ERR12132133	PAIRED	https://ftp.sra.ebi.ac.uk/vol1/fastq/ERR121/033/ERR12132133/ERR12132133_1.fastq.gz	https://ftp.sra.ebi.ac.uk/vol1/fastq/ERR121/033/ERR12132133/ERR12132133_2.fastq.gz
ERR12132139	PAIRED	https://ftp.sra.ebi.ac.uk/vol1/fastq/ERR121/039/ERR12132139/ERR12132139_1.fastq.gz	https://ftp.sra.ebi.ac.uk/vol1/fastq/ERR121/039/ERR12132139/ERR12132139_2.fastq.gz
ERR12132154	PAIRED	https://ftp.sra.ebi.ac.uk/vol1/fastq/ERR121/054/ERR12132154/ERR12132154_1.fastq.gz	https://ftp.sra.ebi.ac.uk/vol1/fastq/ERR121/054/ERR12132154/ERR12132154_2.fastq.gz
ERR12132159	PAIRED	https://ftp.sra.ebi.ac.uk/vol1/fastq/ERR121/059/ERR12132159/ERR12132159_1.fastq.gz	https://ftp.sra.ebi.ac.uk/vol1/fastq/ERR121/059/ERR12132159/ERR12132159_2.fastq.gz
ERR12132176	PAIRED	https://ftp.sra.ebi.ac.uk/vol1/fastq/ERR121/076/ERR12132176/ERR12132176_1.fastq.gz	https://ftp.sra.ebi.ac.uk/vol1/fastq/ERR121/076/ERR12132176/ERR12132176_2.fastq.gz
ERR12132195	PAIRED	https://ftp.sra.ebi.ac.uk/vol1/fastq/ERR121/095/ERR12132195/ERR12132195_1.fastq.gz	https://ftp.sra.ebi.ac.uk/vol1/fastq/ERR121/095/ERR12132195/ERR12132195_2.fastq.gz
ERR12132197	PAIRED	https://ftp.sra.ebi.ac.uk/vol1/fastq/ERR121/097/ERR12132197/ERR12132197_1.fastq.gz	https://ftp.sra.ebi.ac.uk/vol1/fastq/ERR121/097/ERR12132197/ERR12132197_2.fastq.gz
ERR1216258	PAIRED	https://ftp.sra.ebi.ac.uk/vol1/fastq/ERR121/008/ERR1216258/ERR1216258_1.fastq.gz	https://ftp.sra.ebi.ac.uk/vol1/fastq/ERR121/008/ERR1216258/ERR1216258_2.fastq.gz
ERR1216268	PAIRED	https://ftp.sra.ebi.ac.uk/vol1/fastq/ERR121/008/ERR1216268/ERR1216268_1.fastq.gz	https://ftp.sra.ebi.ac.uk/vol1/fastq/ERR121/008/ERR1216268/ERR1216268_2.fastq.gz
ERR1216988	PAIRED	https://ftp.sra.ebi.ac.uk/vol1/fastq/ERR121/008/ERR1216988/ERR1216988_1.fastq.gz	https://ftp.sra.ebi.ac.uk/vol1/fastq/ERR121/008/ERR1216988/ERR1216988_2.fastq.gz
ERR1216996	PAIRED	https://ftp.sra.ebi.ac.uk/vol1/fastq/ERR121/006/ERR1216996/ERR1216996_1.fastq.gz	https://ftp.sra.ebi.ac.uk/vol1/fastq/ERR121/006/ERR1216996/ERR1216996_2.fastq.gz
ERR1217110	PAIRED	https://ftp.sra.ebi.ac.uk/vol1/fastq/ERR121/000/ERR1217110/ERR1217110_1.fastq.gz	https://ftp.sra.ebi.ac.uk/vol1/fastq/ERR121/000/ERR1217110/ERR1217110_2.fastq.gz
ERR1217118	PAIRED	https://ftp.sra.ebi.ac.uk/vol1/fastq/ERR121/008/ERR1217118/ERR1217118_1.fastq.gz	https://ftp.sra.ebi.ac.uk/vol1/fastq/ERR121/008/ERR1217118/ERR1217118_2.fastq.gz
ERR1217119	PAIRED	https://ftp.sra.ebi.ac.uk/vol1/fastq/ERR121/009/ERR1217119/ERR1217119_1.fastq.gz	https://ftp.sra.ebi.ac.uk/vol1/fastq/ERR121/009/ERR1217119/ERR1217119_2.fastq.gz
ERR1217144	PAIRED	https://ftp.sra.ebi.ac.uk/vol1/fastq/ERR121/004/ERR1217144/ERR1217144_1.fastq.gz	https://ftp.sra.ebi.ac.uk/vol1/fastq/ERR121/004/ERR1217144/ERR1217144_2.fastq.gz
ERR1217145	PAIRED	https://ftp.sra.ebi.ac.uk/vol1/fastq/ERR121/005/ERR1217145/ERR1217145_1.fastq.gz	https://ftp.sra.ebi.ac.uk/vol1/fastq/ERR121/005/ERR1217145/ERR1217145_2.fastq.gz
ERR1217164	PAIRED	https://ftp.sra.ebi.ac.uk/vol1/fastq/ERR121/004/ERR1217164/ERR1217164_1.fastq.gz	https://ftp.sra.ebi.ac.uk/vol1/fastq/ERR121/004/ERR1217164/ERR1217164_2.fastq.gz
ERR1217172	PAIRED	https://ftp.sra.ebi.ac.uk/vol1/fastq/ERR121/002/ERR1217172/ERR1217172_1.fastq.gz	https://ftp.sra.ebi.ac.uk/vol1/fastq/ERR121/002/ERR1217172/ERR1217172_2.fastq.gz
ERR1217187	PAIRED	https://ftp.sra.ebi.ac.uk/vol1/fastq/ERR121/007/ERR1217187/ERR1217187_1.fastq.gz	https://ftp.sra.ebi.ac.uk/vol1/fastq/ERR121/007/ERR1217187/ERR1217187_2.fastq.gz
ERR1217239	PAIRED	https://ftp.sra.ebi.ac.uk/vol1/fastq/ERR121/009/ERR1217239/ERR1217239_1.fastq.gz	https://ftp.sra.ebi.ac.uk/vol1/fastq/ERR121/009/ERR1217239/ERR1217239_2.fastq.gz
ERR1217258	PAIRED	https://ftp.sra.ebi.ac.uk/vol1/fastq/ERR121/008/ERR1217258/ERR1217258_1.fastq.gz	https://ftp.sra.ebi.ac.uk/vol1/fastq/ERR121/008/ERR1217258/ERR1217258_2.fastq.gz
ERR1217260	PAIRED	https://ftp.sra.ebi.ac.uk/vol1/fastq/ERR121/000/ERR1217260/ERR1217260_1.fastq.gz	https://ftp.sra.ebi.ac.uk/vol1/fastq/ERR121/000/ERR1217260/ERR1217260_2.fastq.gz
ERR1217317	PAIRED	https://ftp.sra.ebi.ac.uk/vol1/fastq/ERR121/007/ERR1217317/ERR1217317_1.fastq.gz	https://ftp.sra.ebi.ac.uk/vol1/fastq/ERR121/007/ERR1217317/ERR1217317_2.fastq.gz
ERR1217320	PAIRED	https://ftp.sra.ebi.ac.uk/vol1/fastq/ERR121/000/ERR1217320/ERR1217320_1.fastq.gz	https://ftp.sra.ebi.ac.uk/vol1/fastq/ERR121/000/ERR1217320/ERR1217320_2.fastq.gz
ERR1217332	PAIRED	https://ftp.sra.ebi.ac.uk/vol1/fastq/ERR121/002/ERR1217332/ERR1217332_1.fastq.gz	https://ftp.sra.ebi.ac.uk/vol1/fastq/ERR121/002/ERR1217332/ERR1217332_2.fastq.gz
ERR1217344	PAIRED	https://ftp.sra.ebi.ac.uk/vol1/fastq/ERR121/004/ERR1217344/ERR1217344_1.fastq.gz	https://ftp.sra.ebi.ac.uk/vol1/fastq/ERR121/004/ERR1217344/ERR1217344_2.fastq.gz
ERR1217351	PAIRED	https://ftp.sra.ebi.ac.uk/vol1/fastq/ERR121/001/ERR1217351/ERR1217351_1.fastq.gz	https://ftp.sra.ebi.ac.uk/vol1/fastq/ERR121/001/ERR1217351/ERR1217351_2.fastq.gz
ERR1217374	PAIRED	https://ftp.sra.ebi.ac.uk/vol1/fastq/ERR121/004/ERR1217374/ERR1217374_1.fastq.gz	https://ftp.sra.ebi.ac.uk/vol1/fastq/ERR121/004/ERR1217374/ERR1217374_2.fastq.gz
ERR1217377	PAIRED	https://ftp.sra.ebi.ac.uk/vol1/fastq/ERR121/007/ERR1217377/ERR1217377_1.fastq.gz	https://ftp.sra.ebi.ac.uk/vol1/fastq/ERR121/007/ERR1217377/ERR1217377_2.fastq.gz
ERR1217386	PAIRED	https://ftp.sra.ebi.ac.uk/vol1/fastq/ERR121/006/ERR1217386/ERR1217386_1.fastq.gz	https://ftp.sra.ebi.ac.uk/vol1/fastq/ERR121/006/ERR1217386/ERR1217386_2.fastq.gz
ERR1217450	PAIRED	https://ftp.sra.ebi.ac.uk/vol1/fastq/ERR121/000/ERR1217450/ERR1217450_1.fastq.gz	https://ftp.sra.ebi.ac.uk/vol1/fastq/ERR121/000/ERR1217450/ERR1217450_2.fastq.gz
ERR1217451	PAIRED	https://ftp.sra.ebi.ac.uk/vol1/fastq/ERR121/001/ERR1217451/ERR1217451_1.fastq.gz	https://ftp.sra.ebi.ac.uk/vol1/fastq/ERR121/001/ERR1217451/ERR1217451_2.fastq.gz
ERR1218575	PAIRED	https://ftp.sra.ebi.ac.uk/vol1/fastq/ERR121/005/ERR1218575/ERR1218575_1.fastq.gz	https://ftp.sra.ebi.ac.uk/vol1/fastq/ERR121/005/ERR1218575/ERR1218575_2.fastq.gz
ERR1218578	PAIRED	https://ftp.sra.ebi.ac.uk/vol1/fastq/ERR121/008/ERR1218578/ERR1218578_1.fastq.gz	https://ftp.sra.ebi.ac.uk/vol1/fastq/ERR121/008/ERR1218578/ERR1218578_2.fastq.gz
ERR12186970	PAIRED	https://ftp.sra.ebi.ac.uk/vol1/fastq/ERR121/070/ERR12186970/ERR12186970_1.fastq.gz	https://ftp.sra.ebi.ac.uk/vol1/fastq/ERR121/070/ERR12186970/ERR12186970_2.fastq.gz
ERR12186973	PAIRED	https://ftp.sra.ebi.ac.uk/vol1/fastq/ERR121/073/ERR12186973/ERR12186973_1.fastq.gz	https://ftp.sra.ebi.ac.uk/vol1/fastq/ERR121/073/ERR12186973/ERR12186973_2.fastq.gz
ERR12186986	PAIRED	https://ftp.sra.ebi.ac.uk/vol1/fastq/ERR121/086/ERR12186986/ERR12186986_1.fastq.gz	https://ftp.sra.ebi.ac.uk/vol1/fastq/ERR121/086/ERR12186986/ERR12186986_2.fastq.gz
ERR1218722	PAIRED	https://ftp.sra.ebi.ac.uk/vol1/fastq/ERR121/002/ERR1218722/ERR1218722_1.fastq.gz	https://ftp.sra.ebi.ac.uk/vol1/fastq/ERR121/002/ERR1218722/ERR1218722_2.fastq.gz
ERR1218745	PAIRED	https://ftp.sra.ebi.ac.uk/vol1/fastq/ERR121/005/ERR1218745/ERR1218745_1.fastq.gz	https://ftp.sra.ebi.ac.uk/vol1/fastq/ERR121/005/ERR1218745/ERR1218745_2.fastq.gz
ERR1218759	PAIRED	https://ftp.sra.ebi.ac.uk/vol1/fastq/ERR121/009/ERR1218759/ERR1218759_1.fastq.gz	https://ftp.sra.ebi.ac.uk/vol1/fastq/ERR121/009/ERR1218759/ERR1218759_2.fastq.gz
ERR1218769	PAIRED	https://ftp.sra.ebi.ac.uk/vol1/fastq/ERR121/009/ERR1218769/ERR1218769_1.fastq.gz	https://ftp.sra.ebi.ac.uk/vol1/fastq/ERR121/009/ERR1218769/ERR1218769_2.fastq.gz
ERR1218777	PAIRED	https://ftp.sra.ebi.ac.uk/vol1/fastq/ERR121/007/ERR1218777/ERR1218777_1.fastq.gz	https://ftp.sra.ebi.ac.uk/vol1/fastq/ERR121/007/ERR1218777/ERR1218777_2.fastq.gz
ERR1218783	PAIRED	https://ftp.sra.ebi.ac.uk/vol1/fastq/ERR121/003/ERR1218783/ERR1218783_1.fastq.gz	https://ftp.sra.ebi.ac.uk/vol1/fastq/ERR121/003/ERR1218783/ERR1218783_2.fastq.gz
ERR12251524	PAIRED	https://ftp.sra.ebi.ac.uk/vol1/fastq/ERR122/024/ERR12251524/ERR12251524_1.fastq.gz	https://ftp.sra.ebi.ac.uk/vol1/fastq/ERR122/024/ERR12251524/ERR12251524_2.fastq.gz
ERR12251625	PAIRED	https://ftp.sra.ebi.ac.uk/vol1/fastq/ERR122/025/ERR12251625/ERR12251625_1.fastq.gz	https://ftp.sra.ebi.ac.uk/vol1/fastq/ERR122/025/ERR12251625/ERR12251625_2.fastq.gz
ERR1228153	PAIRED	https://ftp.sra.ebi.ac.uk/vol1/fastq/ERR122/003/ERR1228153/ERR1228153_1.fastq.gz	https://ftp.sra.ebi.ac.uk/vol1/fastq/ERR122/003/ERR1228153/ERR1228153_2.fastq.gz
ERR1228174	PAIRED	https://ftp.sra.ebi.ac.uk/vol1/fastq/ERR122/004/ERR1228174/ERR1228174_1.fastq.gz	https://ftp.sra.ebi.ac.uk/vol1/fastq/ERR122/004/ERR1228174/ERR1228174_2.fastq.gz
ERR1228214	PAIRED	https://ftp.sra.ebi.ac.uk/vol1/fastq/ERR122/004/ERR1228214/ERR1228214_1.fastq.gz	https://ftp.sra.ebi.ac.uk/vol1/fastq/ERR122/004/ERR1228214/ERR1228214_2.fastq.gz
ERR1228224	PAIRED	https://ftp.sra.ebi.ac.uk/vol1/fastq/ERR122/004/ERR1228224/ERR1228224_1.fastq.gz	https://ftp.sra.ebi.ac.uk/vol1/fastq/ERR122/004/ERR1228224/ERR1228224_2.fastq.gz
ERR1228227	PAIRED	https://ftp.sra.ebi.ac.uk/vol1/fastq/ERR122/007/ERR1228227/ERR1228227_1.fastq.gz	https://ftp.sra.ebi.ac.uk/vol1/fastq/ERR122/007/ERR1228227/ERR1228227_2.fastq.gz
ERR1228243	PAIRED	https://ftp.sra.ebi.ac.uk/vol1/fastq/ERR122/003/ERR1228243/ERR1228243_1.fastq.gz	https://ftp.sra.ebi.ac.uk/vol1/fastq/ERR122/003/ERR1228243/ERR1228243_2.fastq.gz
ERR1228303	PAIRED	https://ftp.sra.ebi.ac.uk/vol1/fastq/ERR122/003/ERR1228303/ERR1228303_1.fastq.gz	https://ftp.sra.ebi.ac.uk/vol1/fastq/ERR122/003/ERR1228303/ERR1228303_2.fastq.gz
ERR1228361	PAIRED	https://ftp.sra.ebi.ac.uk/vol1/fastq/ERR122/001/ERR1228361/ERR1228361_1.fastq.gz	https://ftp.sra.ebi.ac.uk/vol1/fastq/ERR122/001/ERR1228361/ERR1228361_2.fastq.gz
ERR1228392	PAIRED	https://ftp.sra.ebi.ac.uk/vol1/fastq/ERR122/002/ERR1228392/ERR1228392_1.fastq.gz	https://ftp.sra.ebi.ac.uk/vol1/fastq/ERR122/002/ERR1228392/ERR1228392_2.fastq.gz
ERR12305993	PAIRED	https://ftp.sra.ebi.ac.uk/vol1/fastq/ERR123/093/ERR12305993/ERR12305993_1.fastq.gz	https://ftp.sra.ebi.ac.uk/vol1/fastq/ERR123/093/ERR12305993/ERR12305993_2.fastq.gz
ERR12305999	PAIRED	https://ftp.sra.ebi.ac.uk/vol1/fastq/ERR123/099/ERR12305999/ERR12305999_1.fastq.gz	https://ftp.sra.ebi.ac.uk/vol1/fastq/ERR123/099/ERR12305999/ERR12305999_2.fastq.gz
ERR124853	PAIRED	https://ftp.sra.ebi.ac.uk/vol1/fastq/ERR124/ERR124853/ERR124853_1.fastq.gz	https://ftp.sra.ebi.ac.uk/vol1/fastq/ERR124/ERR124853/ERR124853_2.fastq.gz
ERR12506728	PAIRED	https://ftp.sra.ebi.ac.uk/vol1/fastq/ERR125/028/ERR12506728/ERR12506728_1.fastq.gz	https://ftp.sra.ebi.ac.uk/vol1/fastq/ERR125/028/ERR12506728/ERR12506728_2.fastq.gz
ERR12506733	PAIRED	https://ftp.sra.ebi.ac.uk/vol1/fastq/ERR125/033/ERR12506733/ERR12506733_1.fastq.gz	https://ftp.sra.ebi.ac.uk/vol1/fastq/ERR125/033/ERR12506733/ERR12506733_2.fastq.gz
ERR12506735	PAIRED	https://ftp.sra.ebi.ac.uk/vol1/fastq/ERR125/035/ERR12506735/ERR12506735_1.fastq.gz	https://ftp.sra.ebi.ac.uk/vol1/fastq/ERR125/035/ERR12506735/ERR12506735_2.fastq.gz
ERR12653738	PAIRED	https://ftp.sra.ebi.ac.uk/vol1/fastq/ERR126/038/ERR12653738/ERR12653738_1.fastq.gz	https://ftp.sra.ebi.ac.uk/vol1/fastq/ERR126/038/ERR12653738/ERR12653738_2.fastq.gz
ERR12653746	PAIRED	https://ftp.sra.ebi.ac.uk/vol1/fastq/ERR126/046/ERR12653746/ERR12653746_1.fastq.gz	https://ftp.sra.ebi.ac.uk/vol1/fastq/ERR126/046/ERR12653746/ERR12653746_2.fastq.gz
ERR12653951	PAIRED	https://ftp.sra.ebi.ac.uk/vol1/fastq/ERR126/051/ERR12653951/ERR12653951_1.fastq.gz	https://ftp.sra.ebi.ac.uk/vol1/fastq/ERR126/051/ERR12653951/ERR12653951_2.fastq.gz
ERR12654042	PAIRED	https://ftp.sra.ebi.ac.uk/vol1/fastq/ERR126/042/ERR12654042/ERR12654042_1.fastq.gz	https://ftp.sra.ebi.ac.uk/vol1/fastq/ERR126/042/ERR12654042/ERR12654042_2.fastq.gz
ERR12663035	PAIRED	https://ftp.sra.ebi.ac.uk/vol1/fastq/ERR126/035/ERR12663035/ERR12663035_1.fastq.gz	https://ftp.sra.ebi.ac.uk/vol1/fastq/ERR126/035/ERR12663035/ERR12663035_2.fastq.gz
ERR12721606	PAIRED	https://ftp.sra.ebi.ac.uk/vol1/fastq/ERR127/006/ERR12721606/ERR12721606_1.fastq.gz	https://ftp.sra.ebi.ac.uk/vol1/fastq/ERR127/006/ERR12721606/ERR12721606_2.fastq.gz
ERR12771064	PAIRED	https://ftp.sra.ebi.ac.uk/vol1/fastq/ERR127/064/ERR12771064/ERR12771064_1.fastq.gz	https://ftp.sra.ebi.ac.uk/vol1/fastq/ERR127/064/ERR12771064/ERR12771064_2.fastq.gz
ERR12771412	PAIRED	https://ftp.sra.ebi.ac.uk/vol1/fastq/ERR127/012/ERR12771412/ERR12771412_1.fastq.gz	https://ftp.sra.ebi.ac.uk/vol1/fastq/ERR127/012/ERR12771412/ERR12771412_2.fastq.gz
ERR12771596	PAIRED	https://ftp.sra.ebi.ac.uk/vol1/fastq/ERR127/096/ERR12771596/ERR12771596_1.fastq.gz	https://ftp.sra.ebi.ac.uk/vol1/fastq/ERR127/096/ERR12771596/ERR12771596_2.fastq.gz
ERR12771830	PAIRED	https://ftp.sra.ebi.ac.uk/vol1/fastq/ERR127/030/ERR12771830/ERR12771830_1.fastq.gz	https://ftp.sra.ebi.ac.uk/vol1/fastq/ERR127/030/ERR12771830/ERR12771830_2.fastq.gz
ERR12771835	PAIRED	https://ftp.sra.ebi.ac.uk/vol1/fastq/ERR127/035/ERR12771835/ERR12771835_1.fastq.gz	https://ftp.sra.ebi.ac.uk/vol1/fastq/ERR127/035/ERR12771835/ERR12771835_2.fastq.gz
ERR12772337	PAIRED	https://ftp.sra.ebi.ac.uk/vol1/fastq/ERR127/037/ERR12772337/ERR12772337_1.fastq.gz	https://ftp.sra.ebi.ac.uk/vol1/fastq/ERR127/037/ERR12772337/ERR12772337_2.fastq.gz
ERR12778252	PAIRED	https://ftp.sra.ebi.ac.uk/vol1/fastq/ERR127/052/ERR12778252/ERR12778252_1.fastq.gz	https://ftp.sra.ebi.ac.uk/vol1/fastq/ERR127/052/ERR12778252/ERR12778252_2.fastq.gz
ERR1289718	PAIRED	https://ftp.sra.ebi.ac.uk/vol1/fastq/ERR128/008/ERR1289718/ERR1289718_1.fastq.gz	https://ftp.sra.ebi.ac.uk/vol1/fastq/ERR128/008/ERR1289718/ERR1289718_2.fastq.gz
ERR1289720	PAIRED	https://ftp.sra.ebi.ac.uk/vol1/fastq/ERR128/000/ERR1289720/ERR1289720_1.fastq.gz	https://ftp.sra.ebi.ac.uk/vol1/fastq/ERR128/000/ERR1289720/ERR1289720_2.fastq.gz
ERR1289772	PAIRED	https://ftp.sra.ebi.ac.uk/vol1/fastq/ERR128/002/ERR1289772/ERR1289772_1.fastq.gz	https://ftp.sra.ebi.ac.uk/vol1/fastq/ERR128/002/ERR1289772/ERR1289772_2.fastq.gz
ERR1289779	PAIRED	https://ftp.sra.ebi.ac.uk/vol1/fastq/ERR128/009/ERR1289779/ERR1289779_1.fastq.gz	https://ftp.sra.ebi.ac.uk/vol1/fastq/ERR128/009/ERR1289779/ERR1289779_2.fastq.gz
ERR1289782	PAIRED	https://ftp.sra.ebi.ac.uk/vol1/fastq/ERR128/002/ERR1289782/ERR1289782_1.fastq.gz	https://ftp.sra.ebi.ac.uk/vol1/fastq/ERR128/002/ERR1289782/ERR1289782_2.fastq.gz
ERR1289791	PAIRED	https://ftp.sra.ebi.ac.uk/vol1/fastq/ERR128/001/ERR1289791/ERR1289791_1.fastq.gz	https://ftp.sra.ebi.ac.uk/vol1/fastq/ERR128/001/ERR1289791/ERR1289791_2.fastq.gz
ERR1289822	PAIRED	https://ftp.sra.ebi.ac.uk/vol1/fastq/ERR128/002/ERR1289822/ERR1289822_1.fastq.gz	https://ftp.sra.ebi.ac.uk/vol1/fastq/ERR128/002/ERR1289822/ERR1289822_2.fastq.gz
ERR1289828	PAIRED	https://ftp.sra.ebi.ac.uk/vol1/fastq/ERR128/008/ERR1289828/ERR1289828_1.fastq.gz	https://ftp.sra.ebi.ac.uk/vol1/fastq/ERR128/008/ERR1289828/ERR1289828_2.fastq.gz
ERR13185451	PAIRED	https://ftp.sra.ebi.ac.uk/vol1/fastq/ERR131/051/ERR13185451/ERR13185451_1.fastq.gz	https://ftp.sra.ebi.ac.uk/vol1/fastq/ERR131/051/ERR13185451/ERR13185451_2.fastq.gz
ERR13185543	PAIRED	https://ftp.sra.ebi.ac.uk/vol1/fastq/ERR131/043/ERR13185543/ERR13185543_1.fastq.gz	https://ftp.sra.ebi.ac.uk/vol1/fastq/ERR131/043/ERR13185543/ERR13185543_2.fastq.gz
ERR13185625	PAIRED	https://ftp.sra.ebi.ac.uk/vol1/fastq/ERR131/025/ERR13185625/ERR13185625_1.fastq.gz	https://ftp.sra.ebi.ac.uk/vol1/fastq/ERR131/025/ERR13185625/ERR13185625_2.fastq.gz
ERR13185654	PAIRED	https://ftp.sra.ebi.ac.uk/vol1/fastq/ERR131/054/ERR13185654/ERR13185654_1.fastq.gz	https://ftp.sra.ebi.ac.uk/vol1/fastq/ERR131/054/ERR13185654/ERR13185654_2.fastq.gz
ERR13243680	PAIRED	https://ftp.sra.ebi.ac.uk/vol1/fastq/ERR132/080/ERR13243680/ERR13243680_1.fastq.gz	https://ftp.sra.ebi.ac.uk/vol1/fastq/ERR132/080/ERR13243680/ERR13243680_2.fastq.gz
ERR13243681	PAIRED	https://ftp.sra.ebi.ac.uk/vol1/fastq/ERR132/081/ERR13243681/ERR13243681_1.fastq.gz	https://ftp.sra.ebi.ac.uk/vol1/fastq/ERR132/081/ERR13243681/ERR13243681_2.fastq.gz
ERR13243684	PAIRED	https://ftp.sra.ebi.ac.uk/vol1/fastq/ERR132/084/ERR13243684/ERR13243684_1.fastq.gz	https://ftp.sra.ebi.ac.uk/vol1/fastq/ERR132/084/ERR13243684/ERR13243684_2.fastq.gz
ERR13243695	PAIRED	https://ftp.sra.ebi.ac.uk/vol1/fastq/ERR132/095/ERR13243695/ERR13243695_1.fastq.gz	https://ftp.sra.ebi.ac.uk/vol1/fastq/ERR132/095/ERR13243695/ERR13243695_2.fastq.gz
ERR13243711	PAIRED	https://ftp.sra.ebi.ac.uk/vol1/fastq/ERR132/011/ERR13243711/ERR13243711_1.fastq.gz	https://ftp.sra.ebi.ac.uk/vol1/fastq/ERR132/011/ERR13243711/ERR13243711_2.fastq.gz
ERR13243712	PAIRED	https://ftp.sra.ebi.ac.uk/vol1/fastq/ERR132/012/ERR13243712/ERR13243712_1.fastq.gz	https://ftp.sra.ebi.ac.uk/vol1/fastq/ERR132/012/ERR13243712/ERR13243712_2.fastq.gz
ERR13252974	PAIRED	https://ftp.sra.ebi.ac.uk/vol1/fastq/ERR132/074/ERR13252974/ERR13252974_1.fastq.gz	https://ftp.sra.ebi.ac.uk/vol1/fastq/ERR132/074/ERR13252974/ERR13252974_2.fastq.gz
ERR13253009	PAIRED	https://ftp.sra.ebi.ac.uk/vol1/fastq/ERR132/009/ERR13253009/ERR13253009_1.fastq.gz	https://ftp.sra.ebi.ac.uk/vol1/fastq/ERR132/009/ERR13253009/ERR13253009_2.fastq.gz
ERR1334426	PAIRED	https://ftp.sra.ebi.ac.uk/vol1/fastq/ERR133/006/ERR1334426/ERR1334426_1.fastq.gz	https://ftp.sra.ebi.ac.uk/vol1/fastq/ERR133/006/ERR1334426/ERR1334426_2.fastq.gz
ERR1334449	PAIRED	https://ftp.sra.ebi.ac.uk/vol1/fastq/ERR133/009/ERR1334449/ERR1334449_1.fastq.gz	https://ftp.sra.ebi.ac.uk/vol1/fastq/ERR133/009/ERR1334449/ERR1334449_2.fastq.gz
ERR1334461	PAIRED	https://ftp.sra.ebi.ac.uk/vol1/fastq/ERR133/001/ERR1334461/ERR1334461_1.fastq.gz	https://ftp.sra.ebi.ac.uk/vol1/fastq/ERR133/001/ERR1334461/ERR1334461_2.fastq.gz
ERR1334466	PAIRED	https://ftp.sra.ebi.ac.uk/vol1/fastq/ERR133/006/ERR1334466/ERR1334466_1.fastq.gz	https://ftp.sra.ebi.ac.uk/vol1/fastq/ERR133/006/ERR1334466/ERR1334466_2.fastq.gz
ERR1334475	PAIRED	https://ftp.sra.ebi.ac.uk/vol1/fastq/ERR133/005/ERR1334475/ERR1334475_1.fastq.gz	https://ftp.sra.ebi.ac.uk/vol1/fastq/ERR133/005/ERR1334475/ERR1334475_2.fastq.gz
ERR1334488	PAIRED	https://ftp.sra.ebi.ac.uk/vol1/fastq/ERR133/008/ERR1334488/ERR1334488_1.fastq.gz	https://ftp.sra.ebi.ac.uk/vol1/fastq/ERR133/008/ERR1334488/ERR1334488_2.fastq.gz
ERR1334496	PAIRED	https://ftp.sra.ebi.ac.uk/vol1/fastq/ERR133/006/ERR1334496/ERR1334496_1.fastq.gz	https://ftp.sra.ebi.ac.uk/vol1/fastq/ERR133/006/ERR1334496/ERR1334496_2.fastq.gz
ERR1334499	PAIRED	https://ftp.sra.ebi.ac.uk/vol1/fastq/ERR133/009/ERR1334499/ERR1334499_1.fastq.gz	https://ftp.sra.ebi.ac.uk/vol1/fastq/ERR133/009/ERR1334499/ERR1334499_2.fastq.gz
ERR1334513	PAIRED	https://ftp.sra.ebi.ac.uk/vol1/fastq/ERR133/003/ERR1334513/ERR1334513_1.fastq.gz	https://ftp.sra.ebi.ac.uk/vol1/fastq/ERR133/003/ERR1334513/ERR1334513_2.fastq.gz
ERR1334516	PAIRED	https://ftp.sra.ebi.ac.uk/vol1/fastq/ERR133/006/ERR1334516/ERR1334516_1.fastq.gz	https://ftp.sra.ebi.ac.uk/vol1/fastq/ERR133/006/ERR1334516/ERR1334516_2.fastq.gz
ERR1334539	PAIRED	https://ftp.sra.ebi.ac.uk/vol1/fastq/ERR133/009/ERR1334539/ERR1334539_1.fastq.gz	https://ftp.sra.ebi.ac.uk/vol1/fastq/ERR133/009/ERR1334539/ERR1334539_2.fastq.gz
ERR1334542	PAIRED	https://ftp.sra.ebi.ac.uk/vol1/fastq/ERR133/002/ERR1334542/ERR1334542_1.fastq.gz	https://ftp.sra.ebi.ac.uk/vol1/fastq/ERR133/002/ERR1334542/ERR1334542_2.fastq.gz
ERR1334572	PAIRED	https://ftp.sra.ebi.ac.uk/vol1/fastq/ERR133/002/ERR1334572/ERR1334572_1.fastq.gz	https://ftp.sra.ebi.ac.uk/vol1/fastq/ERR133/002/ERR1334572/ERR1334572_2.fastq.gz
ERR1334591	PAIRED	https://ftp.sra.ebi.ac.uk/vol1/fastq/ERR133/001/ERR1334591/ERR1334591_1.fastq.gz	https://ftp.sra.ebi.ac.uk/vol1/fastq/ERR133/001/ERR1334591/ERR1334591_2.fastq.gz
ERR1334614	PAIRED	https://ftp.sra.ebi.ac.uk/vol1/fastq/ERR133/004/ERR1334614/ERR1334614_1.fastq.gz	https://ftp.sra.ebi.ac.uk/vol1/fastq/ERR133/004/ERR1334614/ERR1334614_2.fastq.gz
ERR1334634	PAIRED	https://ftp.sra.ebi.ac.uk/vol1/fastq/ERR133/004/ERR1334634/ERR1334634_1.fastq.gz	https://ftp.sra.ebi.ac.uk/vol1/fastq/ERR133/004/ERR1334634/ERR1334634_2.fastq.gz
ERR1334637	PAIRED	https://ftp.sra.ebi.ac.uk/vol1/fastq/ERR133/007/ERR1334637/ERR1334637_1.fastq.gz	https://ftp.sra.ebi.ac.uk/vol1/fastq/ERR133/007/ERR1334637/ERR1334637_2.fastq.gz
ERR1334648	PAIRED	https://ftp.sra.ebi.ac.uk/vol1/fastq/ERR133/008/ERR1334648/ERR1334648_1.fastq.gz	https://ftp.sra.ebi.ac.uk/vol1/fastq/ERR133/008/ERR1334648/ERR1334648_2.fastq.gz
ERR1334680	PAIRED	https://ftp.sra.ebi.ac.uk/vol1/fastq/ERR133/000/ERR1334680/ERR1334680_1.fastq.gz	https://ftp.sra.ebi.ac.uk/vol1/fastq/ERR133/000/ERR1334680/ERR1334680_2.fastq.gz
ERR1334695	PAIRED	https://ftp.sra.ebi.ac.uk/vol1/fastq/ERR133/005/ERR1334695/ERR1334695_1.fastq.gz	https://ftp.sra.ebi.ac.uk/vol1/fastq/ERR133/005/ERR1334695/ERR1334695_2.fastq.gz
ERR13420952	PAIRED	https://ftp.sra.ebi.ac.uk/vol1/fastq/ERR134/052/ERR13420952/ERR13420952_1.fastq.gz	https://ftp.sra.ebi.ac.uk/vol1/fastq/ERR134/052/ERR13420952/ERR13420952_2.fastq.gz
ERR13420983	PAIRED	https://ftp.sra.ebi.ac.uk/vol1/fastq/ERR134/083/ERR13420983/ERR13420983_1.fastq.gz	https://ftp.sra.ebi.ac.uk/vol1/fastq/ERR134/083/ERR13420983/ERR13420983_2.fastq.gz
ERR13461279	PAIRED	https://ftp.sra.ebi.ac.uk/vol1/fastq/ERR134/079/ERR13461279/ERR13461279_1.fastq.gz	https://ftp.sra.ebi.ac.uk/vol1/fastq/ERR134/079/ERR13461279/ERR13461279_2.fastq.gz
ERR13461399	PAIRED	https://ftp.sra.ebi.ac.uk/vol1/fastq/ERR134/099/ERR13461399/ERR13461399_1.fastq.gz	https://ftp.sra.ebi.ac.uk/vol1/fastq/ERR134/099/ERR13461399/ERR13461399_2.fastq.gz
ERR13482214	PAIRED	https://ftp.sra.ebi.ac.uk/vol1/fastq/ERR134/014/ERR13482214/ERR13482214_1.fastq.gz	https://ftp.sra.ebi.ac.uk/vol1/fastq/ERR134/014/ERR13482214/ERR13482214_2.fastq.gz
ERR13482268	PAIRED	https://ftp.sra.ebi.ac.uk/vol1/fastq/ERR134/068/ERR13482268/ERR13482268_1.fastq.gz	https://ftp.sra.ebi.ac.uk/vol1/fastq/ERR134/068/ERR13482268/ERR13482268_2.fastq.gz
ERR13482273	PAIRED	https://ftp.sra.ebi.ac.uk/vol1/fastq/ERR134/073/ERR13482273/ERR13482273_1.fastq.gz	https://ftp.sra.ebi.ac.uk/vol1/fastq/ERR134/073/ERR13482273/ERR13482273_2.fastq.gz
ERR13489545	PAIRED	https://ftp.sra.ebi.ac.uk/vol1/fastq/ERR134/045/ERR13489545/ERR13489545_1.fastq.gz	https://ftp.sra.ebi.ac.uk/vol1/fastq/ERR134/045/ERR13489545/ERR13489545_2.fastq.gz
ERR13491729	PAIRED	https://ftp.sra.ebi.ac.uk/vol1/fastq/ERR134/029/ERR13491729/ERR13491729_1.fastq.gz	https://ftp.sra.ebi.ac.uk/vol1/fastq/ERR134/029/ERR13491729/ERR13491729_2.fastq.gz
ERR13492066	PAIRED	https://ftp.sra.ebi.ac.uk/vol1/fastq/ERR134/066/ERR13492066/ERR13492066_1.fastq.gz	https://ftp.sra.ebi.ac.uk/vol1/fastq/ERR134/066/ERR13492066/ERR13492066_2.fastq.gz
ERR13492072	PAIRED	https://ftp.sra.ebi.ac.uk/vol1/fastq/ERR134/072/ERR13492072/ERR13492072_1.fastq.gz	https://ftp.sra.ebi.ac.uk/vol1/fastq/ERR134/072/ERR13492072/ERR13492072_2.fastq.gz
ERR13492102	PAIRED	https://ftp.sra.ebi.ac.uk/vol1/fastq/ERR134/002/ERR13492102/ERR13492102_1.fastq.gz	https://ftp.sra.ebi.ac.uk/vol1/fastq/ERR134/002/ERR13492102/ERR13492102_2.fastq.gz
ERR13492129	PAIRED	https://ftp.sra.ebi.ac.uk/vol1/fastq/ERR134/029/ERR13492129/ERR13492129_1.fastq.gz	https://ftp.sra.ebi.ac.uk/vol1/fastq/ERR134/029/ERR13492129/ERR13492129_2.fastq.gz
ERR13507036	PAIRED	https://ftp.sra.ebi.ac.uk/vol1/fastq/ERR135/036/ERR13507036/ERR13507036_1.fastq.gz	https://ftp.sra.ebi.ac.uk/vol1/fastq/ERR135/036/ERR13507036/ERR13507036_2.fastq.gz
ERR13507323	PAIRED	https://ftp.sra.ebi.ac.uk/vol1/fastq/ERR135/023/ERR13507323/ERR13507323_1.fastq.gz	https://ftp.sra.ebi.ac.uk/vol1/fastq/ERR135/023/ERR13507323/ERR13507323_2.fastq.gz
ERR13507708	PAIRED	https://ftp.sra.ebi.ac.uk/vol1/fastq/ERR135/008/ERR13507708/ERR13507708_1.fastq.gz	https://ftp.sra.ebi.ac.uk/vol1/fastq/ERR135/008/ERR13507708/ERR13507708_2.fastq.gz
ERR13508419	PAIRED	https://ftp.sra.ebi.ac.uk/vol1/fastq/ERR135/019/ERR13508419/ERR13508419_1.fastq.gz	https://ftp.sra.ebi.ac.uk/vol1/fastq/ERR135/019/ERR13508419/ERR13508419_2.fastq.gz
ERR13509813	PAIRED	https://ftp.sra.ebi.ac.uk/vol1/fastq/ERR135/013/ERR13509813/ERR13509813_1.fastq.gz	https://ftp.sra.ebi.ac.uk/vol1/fastq/ERR135/013/ERR13509813/ERR13509813_2.fastq.gz
ERR13583330	PAIRED	https://ftp.sra.ebi.ac.uk/vol1/fastq/ERR135/030/ERR13583330/ERR13583330_1.fastq.gz	https://ftp.sra.ebi.ac.uk/vol1/fastq/ERR135/030/ERR13583330/ERR13583330_2.fastq.gz
ERR13583406	PAIRED	https://ftp.sra.ebi.ac.uk/vol1/fastq/ERR135/006/ERR13583406/ERR13583406_1.fastq.gz	https://ftp.sra.ebi.ac.uk/vol1/fastq/ERR135/006/ERR13583406/ERR13583406_2.fastq.gz
ERR13583418	PAIRED	https://ftp.sra.ebi.ac.uk/vol1/fastq/ERR135/018/ERR13583418/ERR13583418_1.fastq.gz	https://ftp.sra.ebi.ac.uk/vol1/fastq/ERR135/018/ERR13583418/ERR13583418_2.fastq.gz
ERR13583453	PAIRED	https://ftp.sra.ebi.ac.uk/vol1/fastq/ERR135/053/ERR13583453/ERR13583453_1.fastq.gz	https://ftp.sra.ebi.ac.uk/vol1/fastq/ERR135/053/ERR13583453/ERR13583453_2.fastq.gz
ERR13583455	PAIRED	https://ftp.sra.ebi.ac.uk/vol1/fastq/ERR135/055/ERR13583455/ERR13583455_1.fastq.gz	https://ftp.sra.ebi.ac.uk/vol1/fastq/ERR135/055/ERR13583455/ERR13583455_2.fastq.gz
ERR13583459	PAIRED	https://ftp.sra.ebi.ac.uk/vol1/fastq/ERR135/059/ERR13583459/ERR13583459_1.fastq.gz	https://ftp.sra.ebi.ac.uk/vol1/fastq/ERR135/059/ERR13583459/ERR13583459_2.fastq.gz
ERR13583488	PAIRED	https://ftp.sra.ebi.ac.uk/vol1/fastq/ERR135/088/ERR13583488/ERR13583488_1.fastq.gz	https://ftp.sra.ebi.ac.uk/vol1/fastq/ERR135/088/ERR13583488/ERR13583488_2.fastq.gz
ERR13607338	PAIRED	https://ftp.sra.ebi.ac.uk/vol1/fastq/ERR136/038/ERR13607338/ERR13607338_1.fastq.gz	https://ftp.sra.ebi.ac.uk/vol1/fastq/ERR136/038/ERR13607338/ERR13607338_2.fastq.gz
ERR13607345	PAIRED	https://ftp.sra.ebi.ac.uk/vol1/fastq/ERR136/045/ERR13607345/ERR13607345_1.fastq.gz	https://ftp.sra.ebi.ac.uk/vol1/fastq/ERR136/045/ERR13607345/ERR13607345_2.fastq.gz
ERR13607373	PAIRED	https://ftp.sra.ebi.ac.uk/vol1/fastq/ERR136/073/ERR13607373/ERR13607373_1.fastq.gz	https://ftp.sra.ebi.ac.uk/vol1/fastq/ERR136/073/ERR13607373/ERR13607373_2.fastq.gz
ERR13607385	PAIRED	https://ftp.sra.ebi.ac.uk/vol1/fastq/ERR136/085/ERR13607385/ERR13607385_1.fastq.gz	https://ftp.sra.ebi.ac.uk/vol1/fastq/ERR136/085/ERR13607385/ERR13607385_2.fastq.gz
ERR13607387	PAIRED	https://ftp.sra.ebi.ac.uk/vol1/fastq/ERR136/087/ERR13607387/ERR13607387_1.fastq.gz	https://ftp.sra.ebi.ac.uk/vol1/fastq/ERR136/087/ERR13607387/ERR13607387_2.fastq.gz
ERR13607391	PAIRED	https://ftp.sra.ebi.ac.uk/vol1/fastq/ERR136/091/ERR13607391/ERR13607391_1.fastq.gz	https://ftp.sra.ebi.ac.uk/vol1/fastq/ERR136/091/ERR13607391/ERR13607391_2.fastq.gz
ERR13607406	PAIRED	https://ftp.sra.ebi.ac.uk/vol1/fastq/ERR136/006/ERR13607406/ERR13607406_1.fastq.gz	https://ftp.sra.ebi.ac.uk/vol1/fastq/ERR136/006/ERR13607406/ERR13607406_2.fastq.gz
ERR1374863	PAIRED	https://ftp.sra.ebi.ac.uk/vol1/fastq/ERR137/003/ERR1374863/ERR1374863_1.fastq.gz	https://ftp.sra.ebi.ac.uk/vol1/fastq/ERR137/003/ERR1374863/ERR1374863_2.fastq.gz
ERR1374882	PAIRED	https://ftp.sra.ebi.ac.uk/vol1/fastq/ERR137/002/ERR1374882/ERR1374882_1.fastq.gz	https://ftp.sra.ebi.ac.uk/vol1/fastq/ERR137/002/ERR1374882/ERR1374882_2.fastq.gz
ERR1374897	PAIRED	https://ftp.sra.ebi.ac.uk/vol1/fastq/ERR137/007/ERR1374897/ERR1374897_1.fastq.gz	https://ftp.sra.ebi.ac.uk/vol1/fastq/ERR137/007/ERR1374897/ERR1374897_2.fastq.gz
ERR1374914	PAIRED	https://ftp.sra.ebi.ac.uk/vol1/fastq/ERR137/004/ERR1374914/ERR1374914_1.fastq.gz	https://ftp.sra.ebi.ac.uk/vol1/fastq/ERR137/004/ERR1374914/ERR1374914_2.fastq.gz
ERR1374961	PAIRED	https://ftp.sra.ebi.ac.uk/vol1/fastq/ERR137/001/ERR1374961/ERR1374961_1.fastq.gz	https://ftp.sra.ebi.ac.uk/vol1/fastq/ERR137/001/ERR1374961/ERR1374961_2.fastq.gz
ERR1374963	PAIRED	https://ftp.sra.ebi.ac.uk/vol1/fastq/ERR137/003/ERR1374963/ERR1374963_1.fastq.gz	https://ftp.sra.ebi.ac.uk/vol1/fastq/ERR137/003/ERR1374963/ERR1374963_2.fastq.gz
ERR1374976	PAIRED	https://ftp.sra.ebi.ac.uk/vol1/fastq/ERR137/006/ERR1374976/ERR1374976_1.fastq.gz	https://ftp.sra.ebi.ac.uk/vol1/fastq/ERR137/006/ERR1374976/ERR1374976_2.fastq.gz
ERR1374979	PAIRED	https://ftp.sra.ebi.ac.uk/vol1/fastq/ERR137/009/ERR1374979/ERR1374979_1.fastq.gz	https://ftp.sra.ebi.ac.uk/vol1/fastq/ERR137/009/ERR1374979/ERR1374979_2.fastq.gz
ERR1374983	PAIRED	https://ftp.sra.ebi.ac.uk/vol1/fastq/ERR137/003/ERR1374983/ERR1374983_1.fastq.gz	https://ftp.sra.ebi.ac.uk/vol1/fastq/ERR137/003/ERR1374983/ERR1374983_2.fastq.gz
ERR13804932	PAIRED	https://ftp.sra.ebi.ac.uk/vol1/fastq/ERR138/032/ERR13804932/ERR13804932_1.fastq.gz	https://ftp.sra.ebi.ac.uk/vol1/fastq/ERR138/032/ERR13804932/ERR13804932_2.fastq.gz
ERR13804940	PAIRED	https://ftp.sra.ebi.ac.uk/vol1/fastq/ERR138/040/ERR13804940/ERR13804940_1.fastq.gz	https://ftp.sra.ebi.ac.uk/vol1/fastq/ERR138/040/ERR13804940/ERR13804940_2.fastq.gz
ERR13863720	PAIRED	https://ftp.sra.ebi.ac.uk/vol1/fastq/ERR138/020/ERR13863720/ERR13863720_1.fastq.gz	https://ftp.sra.ebi.ac.uk/vol1/fastq/ERR138/020/ERR13863720/ERR13863720_2.fastq.gz
ERR13897895	PAIRED	https://ftp.sra.ebi.ac.uk/vol1/fastq/ERR138/095/ERR13897895/ERR13897895_1.fastq.gz	https://ftp.sra.ebi.ac.uk/vol1/fastq/ERR138/095/ERR13897895/ERR13897895_2.fastq.gz
ERR13897983	PAIRED	https://ftp.sra.ebi.ac.uk/vol1/fastq/ERR138/083/ERR13897983/ERR13897983_1.fastq.gz	https://ftp.sra.ebi.ac.uk/vol1/fastq/ERR138/083/ERR13897983/ERR13897983_2.fastq.gz
ERR13898045	PAIRED	https://ftp.sra.ebi.ac.uk/vol1/fastq/ERR138/045/ERR13898045/ERR13898045_1.fastq.gz	https://ftp.sra.ebi.ac.uk/vol1/fastq/ERR138/045/ERR13898045/ERR13898045_2.fastq.gz
ERR13898077	PAIRED	https://ftp.sra.ebi.ac.uk/vol1/fastq/ERR138/077/ERR13898077/ERR13898077_1.fastq.gz	https://ftp.sra.ebi.ac.uk/vol1/fastq/ERR138/077/ERR13898077/ERR13898077_2.fastq.gz
ERR13914727	PAIRED	https://ftp.sra.ebi.ac.uk/vol1/fastq/ERR139/027/ERR13914727/ERR13914727_1.fastq.gz	https://ftp.sra.ebi.ac.uk/vol1/fastq/ERR139/027/ERR13914727/ERR13914727_2.fastq.gz
ERR13947903	PAIRED	https://ftp.sra.ebi.ac.uk/vol1/fastq/ERR139/003/ERR13947903/ERR13947903_1.fastq.gz	https://ftp.sra.ebi.ac.uk/vol1/fastq/ERR139/003/ERR13947903/ERR13947903_2.fastq.gz
ERR13947908	PAIRED	https://ftp.sra.ebi.ac.uk/vol1/fastq/ERR139/008/ERR13947908/ERR13947908_1.fastq.gz	https://ftp.sra.ebi.ac.uk/vol1/fastq/ERR139/008/ERR13947908/ERR13947908_2.fastq.gz
ERR13948067	PAIRED	https://ftp.sra.ebi.ac.uk/vol1/fastq/ERR139/067/ERR13948067/ERR13948067_1.fastq.gz	https://ftp.sra.ebi.ac.uk/vol1/fastq/ERR139/067/ERR13948067/ERR13948067_2.fastq.gz
ERR14024373	PAIRED	https://ftp.sra.ebi.ac.uk/vol1/fastq/ERR140/073/ERR14024373/ERR14024373_1.fastq.gz	https://ftp.sra.ebi.ac.uk/vol1/fastq/ERR140/073/ERR14024373/ERR14024373_2.fastq.gz
ERR14097808	PAIRED	https://ftp.sra.ebi.ac.uk/vol1/fastq/ERR140/008/ERR14097808/ERR14097808_1.fastq.gz	https://ftp.sra.ebi.ac.uk/vol1/fastq/ERR140/008/ERR14097808/ERR14097808_2.fastq.gz
ERR14097816	PAIRED	https://ftp.sra.ebi.ac.uk/vol1/fastq/ERR140/016/ERR14097816/ERR14097816_1.fastq.gz	https://ftp.sra.ebi.ac.uk/vol1/fastq/ERR140/016/ERR14097816/ERR14097816_2.fastq.gz
ERR14097833	PAIRED	https://ftp.sra.ebi.ac.uk/vol1/fastq/ERR140/033/ERR14097833/ERR14097833_1.fastq.gz	https://ftp.sra.ebi.ac.uk/vol1/fastq/ERR140/033/ERR14097833/ERR14097833_2.fastq.gz
ERR14097880	PAIRED	https://ftp.sra.ebi.ac.uk/vol1/fastq/ERR140/080/ERR14097880/ERR14097880_1.fastq.gz	https://ftp.sra.ebi.ac.uk/vol1/fastq/ERR140/080/ERR14097880/ERR14097880_2.fastq.gz
ERR14097889	PAIRED	https://ftp.sra.ebi.ac.uk/vol1/fastq/ERR140/089/ERR14097889/ERR14097889_1.fastq.gz	https://ftp.sra.ebi.ac.uk/vol1/fastq/ERR140/089/ERR14097889/ERR14097889_2.fastq.gz
ERR14097942	PAIRED	https://ftp.sra.ebi.ac.uk/vol1/fastq/ERR140/042/ERR14097942/ERR14097942_1.fastq.gz	https://ftp.sra.ebi.ac.uk/vol1/fastq/ERR140/042/ERR14097942/ERR14097942_2.fastq.gz
ERR14097955	PAIRED	https://ftp.sra.ebi.ac.uk/vol1/fastq/ERR140/055/ERR14097955/ERR14097955_1.fastq.gz	https://ftp.sra.ebi.ac.uk/vol1/fastq/ERR140/055/ERR14097955/ERR14097955_2.fastq.gz
ERR14097970	PAIRED	https://ftp.sra.ebi.ac.uk/vol1/fastq/ERR140/070/ERR14097970/ERR14097970_1.fastq.gz	https://ftp.sra.ebi.ac.uk/vol1/fastq/ERR140/070/ERR14097970/ERR14097970_2.fastq.gz
ERR14097993	PAIRED	https://ftp.sra.ebi.ac.uk/vol1/fastq/ERR140/093/ERR14097993/ERR14097993_1.fastq.gz	https://ftp.sra.ebi.ac.uk/vol1/fastq/ERR140/093/ERR14097993/ERR14097993_2.fastq.gz
ERR14097996	PAIRED	https://ftp.sra.ebi.ac.uk/vol1/fastq/ERR140/096/ERR14097996/ERR14097996_1.fastq.gz	https://ftp.sra.ebi.ac.uk/vol1/fastq/ERR140/096/ERR14097996/ERR14097996_2.fastq.gz
ERR14098010	PAIRED	https://ftp.sra.ebi.ac.uk/vol1/fastq/ERR140/010/ERR14098010/ERR14098010_1.fastq.gz	https://ftp.sra.ebi.ac.uk/vol1/fastq/ERR140/010/ERR14098010/ERR14098010_2.fastq.gz
ERR1415471	PAIRED	https://ftp.sra.ebi.ac.uk/vol1/fastq/ERR141/001/ERR1415471/ERR1415471_1.fastq.gz	https://ftp.sra.ebi.ac.uk/vol1/fastq/ERR141/001/ERR1415471/ERR1415471_2.fastq.gz
ERR1415635	PAIRED	https://ftp.sra.ebi.ac.uk/vol1/fastq/ERR141/005/ERR1415635/ERR1415635_1.fastq.gz	https://ftp.sra.ebi.ac.uk/vol1/fastq/ERR141/005/ERR1415635/ERR1415635_2.fastq.gz
ERR1415670	PAIRED	https://ftp.sra.ebi.ac.uk/vol1/fastq/ERR141/000/ERR1415670/ERR1415670_1.fastq.gz	https://ftp.sra.ebi.ac.uk/vol1/fastq/ERR141/000/ERR1415670/ERR1415670_2.fastq.gz
ERR1415686	PAIRED	https://ftp.sra.ebi.ac.uk/vol1/fastq/ERR141/006/ERR1415686/ERR1415686_1.fastq.gz	https://ftp.sra.ebi.ac.uk/vol1/fastq/ERR141/006/ERR1415686/ERR1415686_2.fastq.gz
ERR1415697	PAIRED	https://ftp.sra.ebi.ac.uk/vol1/fastq/ERR141/007/ERR1415697/ERR1415697_1.fastq.gz	https://ftp.sra.ebi.ac.uk/vol1/fastq/ERR141/007/ERR1415697/ERR1415697_2.fastq.gz
ERR1415704	PAIRED	https://ftp.sra.ebi.ac.uk/vol1/fastq/ERR141/004/ERR1415704/ERR1415704_1.fastq.gz	https://ftp.sra.ebi.ac.uk/vol1/fastq/ERR141/004/ERR1415704/ERR1415704_2.fastq.gz
ERR1415713	PAIRED	https://ftp.sra.ebi.ac.uk/vol1/fastq/ERR141/003/ERR1415713/ERR1415713_1.fastq.gz	https://ftp.sra.ebi.ac.uk/vol1/fastq/ERR141/003/ERR1415713/ERR1415713_2.fastq.gz
ERR1415735	PAIRED	https://ftp.sra.ebi.ac.uk/vol1/fastq/ERR141/005/ERR1415735/ERR1415735_1.fastq.gz	https://ftp.sra.ebi.ac.uk/vol1/fastq/ERR141/005/ERR1415735/ERR1415735_2.fastq.gz
ERR1415754	PAIRED	https://ftp.sra.ebi.ac.uk/vol1/fastq/ERR141/004/ERR1415754/ERR1415754_1.fastq.gz	https://ftp.sra.ebi.ac.uk/vol1/fastq/ERR141/004/ERR1415754/ERR1415754_2.fastq.gz
ERR1415760	PAIRED	https://ftp.sra.ebi.ac.uk/vol1/fastq/ERR141/000/ERR1415760/ERR1415760_1.fastq.gz	https://ftp.sra.ebi.ac.uk/vol1/fastq/ERR141/000/ERR1415760/ERR1415760_2.fastq.gz
ERR1415779	PAIRED	https://ftp.sra.ebi.ac.uk/vol1/fastq/ERR141/009/ERR1415779/ERR1415779_1.fastq.gz	https://ftp.sra.ebi.ac.uk/vol1/fastq/ERR141/009/ERR1415779/ERR1415779_2.fastq.gz
ERR1415789	PAIRED	https://ftp.sra.ebi.ac.uk/vol1/fastq/ERR141/009/ERR1415789/ERR1415789_1.fastq.gz	https://ftp.sra.ebi.ac.uk/vol1/fastq/ERR141/009/ERR1415789/ERR1415789_2.fastq.gz
ERR14660868	PAIRED	https://ftp.sra.ebi.ac.uk/vol1/fastq/ERR146/068/ERR14660868/ERR14660868_1.fastq.gz	https://ftp.sra.ebi.ac.uk/vol1/fastq/ERR146/068/ERR14660868/ERR14660868_2.fastq.gz
ERR14660897	PAIRED	https://ftp.sra.ebi.ac.uk/vol1/fastq/ERR146/097/ERR14660897/ERR14660897_1.fastq.gz	https://ftp.sra.ebi.ac.uk/vol1/fastq/ERR146/097/ERR14660897/ERR14660897_2.fastq.gz
ERR14660959	PAIRED	https://ftp.sra.ebi.ac.uk/vol1/fastq/ERR146/059/ERR14660959/ERR14660959_1.fastq.gz	https://ftp.sra.ebi.ac.uk/vol1/fastq/ERR146/059/ERR14660959/ERR14660959_2.fastq.gz
ERR14660964	PAIRED	https://ftp.sra.ebi.ac.uk/vol1/fastq/ERR146/064/ERR14660964/ERR14660964_1.fastq.gz	https://ftp.sra.ebi.ac.uk/vol1/fastq/ERR146/064/ERR14660964/ERR14660964_2.fastq.gz
ERR14660982	PAIRED	https://ftp.sra.ebi.ac.uk/vol1/fastq/ERR146/082/ERR14660982/ERR14660982_1.fastq.gz	https://ftp.sra.ebi.ac.uk/vol1/fastq/ERR146/082/ERR14660982/ERR14660982_2.fastq.gz
ERR14661062	PAIRED	https://ftp.sra.ebi.ac.uk/vol1/fastq/ERR146/062/ERR14661062/ERR14661062_1.fastq.gz	https://ftp.sra.ebi.ac.uk/vol1/fastq/ERR146/062/ERR14661062/ERR14661062_2.fastq.gz
ERR14689061	PAIRED	https://ftp.sra.ebi.ac.uk/vol1/fastq/ERR146/061/ERR14689061/ERR14689061_1.fastq.gz	https://ftp.sra.ebi.ac.uk/vol1/fastq/ERR146/061/ERR14689061/ERR14689061_2.fastq.gz
ERR14689080	PAIRED	https://ftp.sra.ebi.ac.uk/vol1/fastq/ERR146/080/ERR14689080/ERR14689080_1.fastq.gz	https://ftp.sra.ebi.ac.uk/vol1/fastq/ERR146/080/ERR14689080/ERR14689080_2.fastq.gz
ERR14747327	PAIRED	https://ftp.sra.ebi.ac.uk/vol1/fastq/ERR147/027/ERR14747327/ERR14747327_1.fastq.gz	https://ftp.sra.ebi.ac.uk/vol1/fastq/ERR147/027/ERR14747327/ERR14747327_2.fastq.gz
ERR14747986	PAIRED	https://ftp.sra.ebi.ac.uk/vol1/fastq/ERR147/086/ERR14747986/ERR14747986_1.fastq.gz	https://ftp.sra.ebi.ac.uk/vol1/fastq/ERR147/086/ERR14747986/ERR14747986_2.fastq.gz
ERR14761126	PAIRED	https://ftp.sra.ebi.ac.uk/vol1/fastq/ERR147/026/ERR14761126/ERR14761126_1.fastq.gz	https://ftp.sra.ebi.ac.uk/vol1/fastq/ERR147/026/ERR14761126/ERR14761126_2.fastq.gz
ERR14766426	PAIRED	https://ftp.sra.ebi.ac.uk/vol1/fastq/ERR147/026/ERR14766426/ERR14766426_1.fastq.gz	https://ftp.sra.ebi.ac.uk/vol1/fastq/ERR147/026/ERR14766426/ERR14766426_2.fastq.gz
ERR14784271	PAIRED	https://ftp.sra.ebi.ac.uk/vol1/fastq/ERR147/071/ERR14784271/ERR14784271_1.fastq.gz	https://ftp.sra.ebi.ac.uk/vol1/fastq/ERR147/071/ERR14784271/ERR14784271_2.fastq.gz
ERR14790109	PAIRED	https://ftp.sra.ebi.ac.uk/vol1/fastq/ERR147/009/ERR14790109/ERR14790109_1.fastq.gz	https://ftp.sra.ebi.ac.uk/vol1/fastq/ERR147/009/ERR14790109/ERR14790109_2.fastq.gz
ERR14822355	PAIRED	https://ftp.sra.ebi.ac.uk/vol1/fastq/ERR148/055/ERR14822355/ERR14822355_1.fastq.gz	https://ftp.sra.ebi.ac.uk/vol1/fastq/ERR148/055/ERR14822355/ERR14822355_2.fastq.gz
ERR14822437	PAIRED	https://ftp.sra.ebi.ac.uk/vol1/fastq/ERR148/037/ERR14822437/ERR14822437_1.fastq.gz	https://ftp.sra.ebi.ac.uk/vol1/fastq/ERR148/037/ERR14822437/ERR14822437_2.fastq.gz
ERR14827517	PAIRED	https://ftp.sra.ebi.ac.uk/vol1/fastq/ERR148/017/ERR14827517/ERR14827517_1.fastq.gz	https://ftp.sra.ebi.ac.uk/vol1/fastq/ERR148/017/ERR14827517/ERR14827517_2.fastq.gz
ERR14828488	PAIRED	https://ftp.sra.ebi.ac.uk/vol1/fastq/ERR148/088/ERR14828488/ERR14828488_1.fastq.gz	https://ftp.sra.ebi.ac.uk/vol1/fastq/ERR148/088/ERR14828488/ERR14828488_2.fastq.gz
ERR14828495	PAIRED	https://ftp.sra.ebi.ac.uk/vol1/fastq/ERR148/095/ERR14828495/ERR14828495_1.fastq.gz	https://ftp.sra.ebi.ac.uk/vol1/fastq/ERR148/095/ERR14828495/ERR14828495_2.fastq.gz
ERR14828497	PAIRED	https://ftp.sra.ebi.ac.uk/vol1/fastq/ERR148/097/ERR14828497/ERR14828497_1.fastq.gz	https://ftp.sra.ebi.ac.uk/vol1/fastq/ERR148/097/ERR14828497/ERR14828497_2.fastq.gz
ERR14828499	PAIRED	https://ftp.sra.ebi.ac.uk/vol1/fastq/ERR148/099/ERR14828499/ERR14828499_1.fastq.gz	https://ftp.sra.ebi.ac.uk/vol1/fastq/ERR148/099/ERR14828499/ERR14828499_2.fastq.gz
ERR14828514	PAIRED	https://ftp.sra.ebi.ac.uk/vol1/fastq/ERR148/014/ERR14828514/ERR14828514_1.fastq.gz	https://ftp.sra.ebi.ac.uk/vol1/fastq/ERR148/014/ERR14828514/ERR14828514_2.fastq.gz
ERR14828515	PAIRED	https://ftp.sra.ebi.ac.uk/vol1/fastq/ERR148/015/ERR14828515/ERR14828515_1.fastq.gz	https://ftp.sra.ebi.ac.uk/vol1/fastq/ERR148/015/ERR14828515/ERR14828515_2.fastq.gz
ERR14828516	PAIRED	https://ftp.sra.ebi.ac.uk/vol1/fastq/ERR148/016/ERR14828516/ERR14828516_1.fastq.gz	https://ftp.sra.ebi.ac.uk/vol1/fastq/ERR148/016/ERR14828516/ERR14828516_2.fastq.gz
ERR14828520	PAIRED	https://ftp.sra.ebi.ac.uk/vol1/fastq/ERR148/020/ERR14828520/ERR14828520_1.fastq.gz	https://ftp.sra.ebi.ac.uk/vol1/fastq/ERR148/020/ERR14828520/ERR14828520_2.fastq.gz
ERR14828540	PAIRED	https://ftp.sra.ebi.ac.uk/vol1/fastq/ERR148/040/ERR14828540/ERR14828540_1.fastq.gz	https://ftp.sra.ebi.ac.uk/vol1/fastq/ERR148/040/ERR14828540/ERR14828540_2.fastq.gz
ERR14828545	PAIRED	https://ftp.sra.ebi.ac.uk/vol1/fastq/ERR148/045/ERR14828545/ERR14828545_1.fastq.gz	https://ftp.sra.ebi.ac.uk/vol1/fastq/ERR148/045/ERR14828545/ERR14828545_2.fastq.gz
ERR14828581	PAIRED	https://ftp.sra.ebi.ac.uk/vol1/fastq/ERR148/081/ERR14828581/ERR14828581_1.fastq.gz	https://ftp.sra.ebi.ac.uk/vol1/fastq/ERR148/081/ERR14828581/ERR14828581_2.fastq.gz
ERR14828612	PAIRED	https://ftp.sra.ebi.ac.uk/vol1/fastq/ERR148/012/ERR14828612/ERR14828612_1.fastq.gz	https://ftp.sra.ebi.ac.uk/vol1/fastq/ERR148/012/ERR14828612/ERR14828612_2.fastq.gz
ERR14828616	PAIRED	https://ftp.sra.ebi.ac.uk/vol1/fastq/ERR148/016/ERR14828616/ERR14828616_1.fastq.gz	https://ftp.sra.ebi.ac.uk/vol1/fastq/ERR148/016/ERR14828616/ERR14828616_2.fastq.gz
ERR14828621	PAIRED	https://ftp.sra.ebi.ac.uk/vol1/fastq/ERR148/021/ERR14828621/ERR14828621_1.fastq.gz	https://ftp.sra.ebi.ac.uk/vol1/fastq/ERR148/021/ERR14828621/ERR14828621_2.fastq.gz
ERR14828638	PAIRED	https://ftp.sra.ebi.ac.uk/vol1/fastq/ERR148/038/ERR14828638/ERR14828638_1.fastq.gz	https://ftp.sra.ebi.ac.uk/vol1/fastq/ERR148/038/ERR14828638/ERR14828638_2.fastq.gz
ERR14828650	PAIRED	https://ftp.sra.ebi.ac.uk/vol1/fastq/ERR148/050/ERR14828650/ERR14828650_1.fastq.gz	https://ftp.sra.ebi.ac.uk/vol1/fastq/ERR148/050/ERR14828650/ERR14828650_2.fastq.gz
ERR14828655	PAIRED	https://ftp.sra.ebi.ac.uk/vol1/fastq/ERR148/055/ERR14828655/ERR14828655_1.fastq.gz	https://ftp.sra.ebi.ac.uk/vol1/fastq/ERR148/055/ERR14828655/ERR14828655_2.fastq.gz
ERR14828687	PAIRED	https://ftp.sra.ebi.ac.uk/vol1/fastq/ERR148/087/ERR14828687/ERR14828687_1.fastq.gz	https://ftp.sra.ebi.ac.uk/vol1/fastq/ERR148/087/ERR14828687/ERR14828687_2.fastq.gz
ERR14828743	PAIRED	https://ftp.sra.ebi.ac.uk/vol1/fastq/ERR148/043/ERR14828743/ERR14828743_1.fastq.gz	https://ftp.sra.ebi.ac.uk/vol1/fastq/ERR148/043/ERR14828743/ERR14828743_2.fastq.gz
ERR14828767	PAIRED	https://ftp.sra.ebi.ac.uk/vol1/fastq/ERR148/067/ERR14828767/ERR14828767_1.fastq.gz	https://ftp.sra.ebi.ac.uk/vol1/fastq/ERR148/067/ERR14828767/ERR14828767_2.fastq.gz
ERR14828776	PAIRED	https://ftp.sra.ebi.ac.uk/vol1/fastq/ERR148/076/ERR14828776/ERR14828776_1.fastq.gz	https://ftp.sra.ebi.ac.uk/vol1/fastq/ERR148/076/ERR14828776/ERR14828776_2.fastq.gz
ERR14828787	PAIRED	https://ftp.sra.ebi.ac.uk/vol1/fastq/ERR148/087/ERR14828787/ERR14828787_1.fastq.gz	https://ftp.sra.ebi.ac.uk/vol1/fastq/ERR148/087/ERR14828787/ERR14828787_2.fastq.gz
ERR14828794	PAIRED	https://ftp.sra.ebi.ac.uk/vol1/fastq/ERR148/094/ERR14828794/ERR14828794_1.fastq.gz	https://ftp.sra.ebi.ac.uk/vol1/fastq/ERR148/094/ERR14828794/ERR14828794_2.fastq.gz
ERR14903816	PAIRED	https://ftp.sra.ebi.ac.uk/vol1/fastq/ERR149/016/ERR14903816/ERR14903816_1.fastq.gz	https://ftp.sra.ebi.ac.uk/vol1/fastq/ERR149/016/ERR14903816/ERR14903816_2.fastq.gz
ERR1514899	PAIRED	https://ftp.sra.ebi.ac.uk/vol1/fastq/ERR151/009/ERR1514899/ERR1514899_1.fastq.gz	https://ftp.sra.ebi.ac.uk/vol1/fastq/ERR151/009/ERR1514899/ERR1514899_2.fastq.gz
ERR1514944	PAIRED	https://ftp.sra.ebi.ac.uk/vol1/fastq/ERR151/004/ERR1514944/ERR1514944_1.fastq.gz	https://ftp.sra.ebi.ac.uk/vol1/fastq/ERR151/004/ERR1514944/ERR1514944_2.fastq.gz
ERR1514950	PAIRED	https://ftp.sra.ebi.ac.uk/vol1/fastq/ERR151/000/ERR1514950/ERR1514950_1.fastq.gz	https://ftp.sra.ebi.ac.uk/vol1/fastq/ERR151/000/ERR1514950/ERR1514950_2.fastq.gz
ERR1514961	PAIRED	https://ftp.sra.ebi.ac.uk/vol1/fastq/ERR151/001/ERR1514961/ERR1514961_1.fastq.gz	https://ftp.sra.ebi.ac.uk/vol1/fastq/ERR151/001/ERR1514961/ERR1514961_2.fastq.gz
ERR1514997	PAIRED	https://ftp.sra.ebi.ac.uk/vol1/fastq/ERR151/007/ERR1514997/ERR1514997_1.fastq.gz	https://ftp.sra.ebi.ac.uk/vol1/fastq/ERR151/007/ERR1514997/ERR1514997_2.fastq.gz
ERR1516193	PAIRED	https://ftp.sra.ebi.ac.uk/vol1/fastq/ERR151/003/ERR1516193/ERR1516193_1.fastq.gz	https://ftp.sra.ebi.ac.uk/vol1/fastq/ERR151/003/ERR1516193/ERR1516193_2.fastq.gz
ERR1516248	PAIRED	https://ftp.sra.ebi.ac.uk/vol1/fastq/ERR151/008/ERR1516248/ERR1516248_1.fastq.gz	https://ftp.sra.ebi.ac.uk/vol1/fastq/ERR151/008/ERR1516248/ERR1516248_2.fastq.gz
ERR1516253	PAIRED	https://ftp.sra.ebi.ac.uk/vol1/fastq/ERR151/003/ERR1516253/ERR1516253_1.fastq.gz	https://ftp.sra.ebi.ac.uk/vol1/fastq/ERR151/003/ERR1516253/ERR1516253_2.fastq.gz
ERR1516259	PAIRED	https://ftp.sra.ebi.ac.uk/vol1/fastq/ERR151/009/ERR1516259/ERR1516259_1.fastq.gz	https://ftp.sra.ebi.ac.uk/vol1/fastq/ERR151/009/ERR1516259/ERR1516259_2.fastq.gz
ERR1516260	PAIRED	https://ftp.sra.ebi.ac.uk/vol1/fastq/ERR151/000/ERR1516260/ERR1516260_1.fastq.gz	https://ftp.sra.ebi.ac.uk/vol1/fastq/ERR151/000/ERR1516260/ERR1516260_2.fastq.gz
ERR1516261	PAIRED	https://ftp.sra.ebi.ac.uk/vol1/fastq/ERR151/001/ERR1516261/ERR1516261_1.fastq.gz	https://ftp.sra.ebi.ac.uk/vol1/fastq/ERR151/001/ERR1516261/ERR1516261_2.fastq.gz
ERR1516262	PAIRED	https://ftp.sra.ebi.ac.uk/vol1/fastq/ERR151/002/ERR1516262/ERR1516262_1.fastq.gz	https://ftp.sra.ebi.ac.uk/vol1/fastq/ERR151/002/ERR1516262/ERR1516262_2.fastq.gz
ERR1516264	PAIRED	https://ftp.sra.ebi.ac.uk/vol1/fastq/ERR151/004/ERR1516264/ERR1516264_1.fastq.gz	https://ftp.sra.ebi.ac.uk/vol1/fastq/ERR151/004/ERR1516264/ERR1516264_2.fastq.gz
ERR1516267	PAIRED	https://ftp.sra.ebi.ac.uk/vol1/fastq/ERR151/007/ERR1516267/ERR1516267_1.fastq.gz	https://ftp.sra.ebi.ac.uk/vol1/fastq/ERR151/007/ERR1516267/ERR1516267_2.fastq.gz
ERR1516305	PAIRED	https://ftp.sra.ebi.ac.uk/vol1/fastq/ERR151/005/ERR1516305/ERR1516305_1.fastq.gz	https://ftp.sra.ebi.ac.uk/vol1/fastq/ERR151/005/ERR1516305/ERR1516305_2.fastq.gz
ERR1516323	PAIRED	https://ftp.sra.ebi.ac.uk/vol1/fastq/ERR151/003/ERR1516323/ERR1516323_1.fastq.gz	https://ftp.sra.ebi.ac.uk/vol1/fastq/ERR151/003/ERR1516323/ERR1516323_2.fastq.gz
ERR1516325	PAIRED	https://ftp.sra.ebi.ac.uk/vol1/fastq/ERR151/005/ERR1516325/ERR1516325_1.fastq.gz	https://ftp.sra.ebi.ac.uk/vol1/fastq/ERR151/005/ERR1516325/ERR1516325_2.fastq.gz
ERR1541277	PAIRED	https://ftp.sra.ebi.ac.uk/vol1/fastq/ERR154/007/ERR1541277/ERR1541277_1.fastq.gz	https://ftp.sra.ebi.ac.uk/vol1/fastq/ERR154/007/ERR1541277/ERR1541277_2.fastq.gz
ERR1541314	PAIRED	https://ftp.sra.ebi.ac.uk/vol1/fastq/ERR154/004/ERR1541314/ERR1541314_1.fastq.gz	https://ftp.sra.ebi.ac.uk/vol1/fastq/ERR154/004/ERR1541314/ERR1541314_2.fastq.gz
ERR1541324	PAIRED	https://ftp.sra.ebi.ac.uk/vol1/fastq/ERR154/004/ERR1541324/ERR1541324_1.fastq.gz	https://ftp.sra.ebi.ac.uk/vol1/fastq/ERR154/004/ERR1541324/ERR1541324_2.fastq.gz
ERR1541342	PAIRED	https://ftp.sra.ebi.ac.uk/vol1/fastq/ERR154/002/ERR1541342/ERR1541342_1.fastq.gz	https://ftp.sra.ebi.ac.uk/vol1/fastq/ERR154/002/ERR1541342/ERR1541342_2.fastq.gz
ERR1541358	PAIRED	https://ftp.sra.ebi.ac.uk/vol1/fastq/ERR154/008/ERR1541358/ERR1541358_1.fastq.gz	https://ftp.sra.ebi.ac.uk/vol1/fastq/ERR154/008/ERR1541358/ERR1541358_2.fastq.gz
ERR1541375	PAIRED	https://ftp.sra.ebi.ac.uk/vol1/fastq/ERR154/005/ERR1541375/ERR1541375_1.fastq.gz	https://ftp.sra.ebi.ac.uk/vol1/fastq/ERR154/005/ERR1541375/ERR1541375_2.fastq.gz
ERR1541392	PAIRED	https://ftp.sra.ebi.ac.uk/vol1/fastq/ERR154/002/ERR1541392/ERR1541392_1.fastq.gz	https://ftp.sra.ebi.ac.uk/vol1/fastq/ERR154/002/ERR1541392/ERR1541392_2.fastq.gz
ERR1541416	PAIRED	https://ftp.sra.ebi.ac.uk/vol1/fastq/ERR154/006/ERR1541416/ERR1541416_1.fastq.gz	https://ftp.sra.ebi.ac.uk/vol1/fastq/ERR154/006/ERR1541416/ERR1541416_2.fastq.gz
ERR1541447	PAIRED	https://ftp.sra.ebi.ac.uk/vol1/fastq/ERR154/007/ERR1541447/ERR1541447_1.fastq.gz	https://ftp.sra.ebi.ac.uk/vol1/fastq/ERR154/007/ERR1541447/ERR1541447_2.fastq.gz
ERR1541451	PAIRED	https://ftp.sra.ebi.ac.uk/vol1/fastq/ERR154/001/ERR1541451/ERR1541451_1.fastq.gz	https://ftp.sra.ebi.ac.uk/vol1/fastq/ERR154/001/ERR1541451/ERR1541451_2.fastq.gz
ERR1541456	PAIRED	https://ftp.sra.ebi.ac.uk/vol1/fastq/ERR154/006/ERR1541456/ERR1541456_1.fastq.gz	https://ftp.sra.ebi.ac.uk/vol1/fastq/ERR154/006/ERR1541456/ERR1541456_2.fastq.gz
ERR1541485	PAIRED	https://ftp.sra.ebi.ac.uk/vol1/fastq/ERR154/005/ERR1541485/ERR1541485_1.fastq.gz	https://ftp.sra.ebi.ac.uk/vol1/fastq/ERR154/005/ERR1541485/ERR1541485_2.fastq.gz
ERR1541491	PAIRED	https://ftp.sra.ebi.ac.uk/vol1/fastq/ERR154/001/ERR1541491/ERR1541491_1.fastq.gz	https://ftp.sra.ebi.ac.uk/vol1/fastq/ERR154/001/ERR1541491/ERR1541491_2.fastq.gz
ERR1541517	PAIRED	https://ftp.sra.ebi.ac.uk/vol1/fastq/ERR154/007/ERR1541517/ERR1541517_1.fastq.gz	https://ftp.sra.ebi.ac.uk/vol1/fastq/ERR154/007/ERR1541517/ERR1541517_2.fastq.gz
ERR1541556	PAIRED	https://ftp.sra.ebi.ac.uk/vol1/fastq/ERR154/006/ERR1541556/ERR1541556_1.fastq.gz	https://ftp.sra.ebi.ac.uk/vol1/fastq/ERR154/006/ERR1541556/ERR1541556_2.fastq.gz
ERR1541569	PAIRED	https://ftp.sra.ebi.ac.uk/vol1/fastq/ERR154/009/ERR1541569/ERR1541569_1.fastq.gz	https://ftp.sra.ebi.ac.uk/vol1/fastq/ERR154/009/ERR1541569/ERR1541569_2.fastq.gz
ERR1585678	PAIRED	https://ftp.sra.ebi.ac.uk/vol1/fastq/ERR158/008/ERR1585678/ERR1585678_1.fastq.gz	https://ftp.sra.ebi.ac.uk/vol1/fastq/ERR158/008/ERR1585678/ERR1585678_2.fastq.gz
ERR1585729	PAIRED	https://ftp.sra.ebi.ac.uk/vol1/fastq/ERR158/009/ERR1585729/ERR1585729_1.fastq.gz	https://ftp.sra.ebi.ac.uk/vol1/fastq/ERR158/009/ERR1585729/ERR1585729_2.fastq.gz
ERR1585794	PAIRED	https://ftp.sra.ebi.ac.uk/vol1/fastq/ERR158/004/ERR1585794/ERR1585794_1.fastq.gz	https://ftp.sra.ebi.ac.uk/vol1/fastq/ERR158/004/ERR1585794/ERR1585794_2.fastq.gz
ERR1585840	PAIRED	https://ftp.sra.ebi.ac.uk/vol1/fastq/ERR158/000/ERR1585840/ERR1585840_1.fastq.gz	https://ftp.sra.ebi.ac.uk/vol1/fastq/ERR158/000/ERR1585840/ERR1585840_2.fastq.gz
ERR1595319	PAIRED	https://ftp.sra.ebi.ac.uk/vol1/fastq/ERR159/009/ERR1595319/ERR1595319_1.fastq.gz	https://ftp.sra.ebi.ac.uk/vol1/fastq/ERR159/009/ERR1595319/ERR1595319_2.fastq.gz
ERR1595346	PAIRED	https://ftp.sra.ebi.ac.uk/vol1/fastq/ERR159/006/ERR1595346/ERR1595346_1.fastq.gz	https://ftp.sra.ebi.ac.uk/vol1/fastq/ERR159/006/ERR1595346/ERR1595346_2.fastq.gz
ERR1595475	PAIRED	https://ftp.sra.ebi.ac.uk/vol1/fastq/ERR159/005/ERR1595475/ERR1595475_1.fastq.gz	https://ftp.sra.ebi.ac.uk/vol1/fastq/ERR159/005/ERR1595475/ERR1595475_2.fastq.gz
ERR1616331	PAIRED	https://ftp.sra.ebi.ac.uk/vol1/fastq/ERR161/001/ERR1616331/ERR1616331_1.fastq.gz	https://ftp.sra.ebi.ac.uk/vol1/fastq/ERR161/001/ERR1616331/ERR1616331_2.fastq.gz
ERR1616342	PAIRED	https://ftp.sra.ebi.ac.uk/vol1/fastq/ERR161/002/ERR1616342/ERR1616342_1.fastq.gz	https://ftp.sra.ebi.ac.uk/vol1/fastq/ERR161/002/ERR1616342/ERR1616342_2.fastq.gz
ERR1616348	PAIRED	https://ftp.sra.ebi.ac.uk/vol1/fastq/ERR161/008/ERR1616348/ERR1616348_1.fastq.gz	https://ftp.sra.ebi.ac.uk/vol1/fastq/ERR161/008/ERR1616348/ERR1616348_2.fastq.gz
ERR1616352	PAIRED	https://ftp.sra.ebi.ac.uk/vol1/fastq/ERR161/002/ERR1616352/ERR1616352_1.fastq.gz	https://ftp.sra.ebi.ac.uk/vol1/fastq/ERR161/002/ERR1616352/ERR1616352_2.fastq.gz
ERR1616359	PAIRED	https://ftp.sra.ebi.ac.uk/vol1/fastq/ERR161/009/ERR1616359/ERR1616359_1.fastq.gz	https://ftp.sra.ebi.ac.uk/vol1/fastq/ERR161/009/ERR1616359/ERR1616359_2.fastq.gz
ERR1616360	PAIRED	https://ftp.sra.ebi.ac.uk/vol1/fastq/ERR161/000/ERR1616360/ERR1616360_1.fastq.gz	https://ftp.sra.ebi.ac.uk/vol1/fastq/ERR161/000/ERR1616360/ERR1616360_2.fastq.gz
ERR1616364	PAIRED	https://ftp.sra.ebi.ac.uk/vol1/fastq/ERR161/004/ERR1616364/ERR1616364_1.fastq.gz	https://ftp.sra.ebi.ac.uk/vol1/fastq/ERR161/004/ERR1616364/ERR1616364_2.fastq.gz
ERR1616365	PAIRED	https://ftp.sra.ebi.ac.uk/vol1/fastq/ERR161/005/ERR1616365/ERR1616365_1.fastq.gz	https://ftp.sra.ebi.ac.uk/vol1/fastq/ERR161/005/ERR1616365/ERR1616365_2.fastq.gz
ERR1616391	PAIRED	https://ftp.sra.ebi.ac.uk/vol1/fastq/ERR161/001/ERR1616391/ERR1616391_1.fastq.gz	https://ftp.sra.ebi.ac.uk/vol1/fastq/ERR161/001/ERR1616391/ERR1616391_2.fastq.gz
ERR1616430	PAIRED	https://ftp.sra.ebi.ac.uk/vol1/fastq/ERR161/000/ERR1616430/ERR1616430_1.fastq.gz	https://ftp.sra.ebi.ac.uk/vol1/fastq/ERR161/000/ERR1616430/ERR1616430_2.fastq.gz
ERR1616438	PAIRED	https://ftp.sra.ebi.ac.uk/vol1/fastq/ERR161/008/ERR1616438/ERR1616438_1.fastq.gz	https://ftp.sra.ebi.ac.uk/vol1/fastq/ERR161/008/ERR1616438/ERR1616438_2.fastq.gz
ERR1616442	PAIRED	https://ftp.sra.ebi.ac.uk/vol1/fastq/ERR161/002/ERR1616442/ERR1616442_1.fastq.gz	https://ftp.sra.ebi.ac.uk/vol1/fastq/ERR161/002/ERR1616442/ERR1616442_2.fastq.gz
ERR1616620	PAIRED	https://ftp.sra.ebi.ac.uk/vol1/fastq/ERR161/000/ERR1616620/ERR1616620_1.fastq.gz	https://ftp.sra.ebi.ac.uk/vol1/fastq/ERR161/000/ERR1616620/ERR1616620_2.fastq.gz
ERR1616625	PAIRED	https://ftp.sra.ebi.ac.uk/vol1/fastq/ERR161/005/ERR1616625/ERR1616625_1.fastq.gz	https://ftp.sra.ebi.ac.uk/vol1/fastq/ERR161/005/ERR1616625/ERR1616625_2.fastq.gz
ERR1616629	PAIRED	https://ftp.sra.ebi.ac.uk/vol1/fastq/ERR161/009/ERR1616629/ERR1616629_1.fastq.gz	https://ftp.sra.ebi.ac.uk/vol1/fastq/ERR161/009/ERR1616629/ERR1616629_2.fastq.gz
ERR1616630	PAIRED	https://ftp.sra.ebi.ac.uk/vol1/fastq/ERR161/000/ERR1616630/ERR1616630_1.fastq.gz	https://ftp.sra.ebi.ac.uk/vol1/fastq/ERR161/000/ERR1616630/ERR1616630_2.fastq.gz
ERR1616636	PAIRED	https://ftp.sra.ebi.ac.uk/vol1/fastq/ERR161/006/ERR1616636/ERR1616636_1.fastq.gz	https://ftp.sra.ebi.ac.uk/vol1/fastq/ERR161/006/ERR1616636/ERR1616636_2.fastq.gz
ERR1616677	PAIRED	https://ftp.sra.ebi.ac.uk/vol1/fastq/ERR161/007/ERR1616677/ERR1616677_1.fastq.gz	https://ftp.sra.ebi.ac.uk/vol1/fastq/ERR161/007/ERR1616677/ERR1616677_2.fastq.gz
ERR1616680	PAIRED	https://ftp.sra.ebi.ac.uk/vol1/fastq/ERR161/000/ERR1616680/ERR1616680_1.fastq.gz	https://ftp.sra.ebi.ac.uk/vol1/fastq/ERR161/000/ERR1616680/ERR1616680_2.fastq.gz
ERR1616683	PAIRED	https://ftp.sra.ebi.ac.uk/vol1/fastq/ERR161/003/ERR1616683/ERR1616683_1.fastq.gz	https://ftp.sra.ebi.ac.uk/vol1/fastq/ERR161/003/ERR1616683/ERR1616683_2.fastq.gz
ERR1616705	PAIRED	https://ftp.sra.ebi.ac.uk/vol1/fastq/ERR161/005/ERR1616705/ERR1616705_1.fastq.gz	https://ftp.sra.ebi.ac.uk/vol1/fastq/ERR161/005/ERR1616705/ERR1616705_2.fastq.gz
ERR1616727	PAIRED	https://ftp.sra.ebi.ac.uk/vol1/fastq/ERR161/007/ERR1616727/ERR1616727_1.fastq.gz	https://ftp.sra.ebi.ac.uk/vol1/fastq/ERR161/007/ERR1616727/ERR1616727_2.fastq.gz
ERR1616739	PAIRED	https://ftp.sra.ebi.ac.uk/vol1/fastq/ERR161/009/ERR1616739/ERR1616739_1.fastq.gz	https://ftp.sra.ebi.ac.uk/vol1/fastq/ERR161/009/ERR1616739/ERR1616739_2.fastq.gz
ERR1618467	PAIRED	https://ftp.sra.ebi.ac.uk/vol1/fastq/ERR161/007/ERR1618467/ERR1618467_1.fastq.gz	https://ftp.sra.ebi.ac.uk/vol1/fastq/ERR161/007/ERR1618467/ERR1618467_2.fastq.gz
ERR1618484	PAIRED	https://ftp.sra.ebi.ac.uk/vol1/fastq/ERR161/004/ERR1618484/ERR1618484_1.fastq.gz	https://ftp.sra.ebi.ac.uk/vol1/fastq/ERR161/004/ERR1618484/ERR1618484_2.fastq.gz
ERR1618810	PAIRED	https://ftp.sra.ebi.ac.uk/vol1/fastq/ERR161/000/ERR1618810/ERR1618810_1.fastq.gz	https://ftp.sra.ebi.ac.uk/vol1/fastq/ERR161/000/ERR1618810/ERR1618810_2.fastq.gz
ERR1618814	PAIRED	https://ftp.sra.ebi.ac.uk/vol1/fastq/ERR161/004/ERR1618814/ERR1618814_1.fastq.gz	https://ftp.sra.ebi.ac.uk/vol1/fastq/ERR161/004/ERR1618814/ERR1618814_2.fastq.gz
ERR1618829	PAIRED	https://ftp.sra.ebi.ac.uk/vol1/fastq/ERR161/009/ERR1618829/ERR1618829_1.fastq.gz	https://ftp.sra.ebi.ac.uk/vol1/fastq/ERR161/009/ERR1618829/ERR1618829_2.fastq.gz
ERR1618833	PAIRED	https://ftp.sra.ebi.ac.uk/vol1/fastq/ERR161/003/ERR1618833/ERR1618833_1.fastq.gz	https://ftp.sra.ebi.ac.uk/vol1/fastq/ERR161/003/ERR1618833/ERR1618833_2.fastq.gz
ERR1618839	PAIRED	https://ftp.sra.ebi.ac.uk/vol1/fastq/ERR161/009/ERR1618839/ERR1618839_1.fastq.gz	https://ftp.sra.ebi.ac.uk/vol1/fastq/ERR161/009/ERR1618839/ERR1618839_2.fastq.gz
ERR1618844	PAIRED	https://ftp.sra.ebi.ac.uk/vol1/fastq/ERR161/004/ERR1618844/ERR1618844_1.fastq.gz	https://ftp.sra.ebi.ac.uk/vol1/fastq/ERR161/004/ERR1618844/ERR1618844_2.fastq.gz
ERR1640618	PAIRED	https://ftp.sra.ebi.ac.uk/vol1/fastq/ERR164/008/ERR1640618/ERR1640618_1.fastq.gz	https://ftp.sra.ebi.ac.uk/vol1/fastq/ERR164/008/ERR1640618/ERR1640618_2.fastq.gz
ERR1640628	PAIRED	https://ftp.sra.ebi.ac.uk/vol1/fastq/ERR164/008/ERR1640628/ERR1640628_1.fastq.gz	https://ftp.sra.ebi.ac.uk/vol1/fastq/ERR164/008/ERR1640628/ERR1640628_2.fastq.gz
ERR1640645	PAIRED	https://ftp.sra.ebi.ac.uk/vol1/fastq/ERR164/005/ERR1640645/ERR1640645_1.fastq.gz	https://ftp.sra.ebi.ac.uk/vol1/fastq/ERR164/005/ERR1640645/ERR1640645_2.fastq.gz
ERR1640653	PAIRED	https://ftp.sra.ebi.ac.uk/vol1/fastq/ERR164/003/ERR1640653/ERR1640653_1.fastq.gz	https://ftp.sra.ebi.ac.uk/vol1/fastq/ERR164/003/ERR1640653/ERR1640653_2.fastq.gz
ERR1640676	PAIRED	https://ftp.sra.ebi.ac.uk/vol1/fastq/ERR164/006/ERR1640676/ERR1640676_1.fastq.gz	https://ftp.sra.ebi.ac.uk/vol1/fastq/ERR164/006/ERR1640676/ERR1640676_2.fastq.gz
ERR1640679	PAIRED	https://ftp.sra.ebi.ac.uk/vol1/fastq/ERR164/009/ERR1640679/ERR1640679_1.fastq.gz	https://ftp.sra.ebi.ac.uk/vol1/fastq/ERR164/009/ERR1640679/ERR1640679_2.fastq.gz
ERR1640687	PAIRED	https://ftp.sra.ebi.ac.uk/vol1/fastq/ERR164/007/ERR1640687/ERR1640687_1.fastq.gz	https://ftp.sra.ebi.ac.uk/vol1/fastq/ERR164/007/ERR1640687/ERR1640687_2.fastq.gz
ERR1640689	PAIRED	https://ftp.sra.ebi.ac.uk/vol1/fastq/ERR164/009/ERR1640689/ERR1640689_1.fastq.gz	https://ftp.sra.ebi.ac.uk/vol1/fastq/ERR164/009/ERR1640689/ERR1640689_2.fastq.gz
ERR1640697	PAIRED	https://ftp.sra.ebi.ac.uk/vol1/fastq/ERR164/007/ERR1640697/ERR1640697_1.fastq.gz	https://ftp.sra.ebi.ac.uk/vol1/fastq/ERR164/007/ERR1640697/ERR1640697_2.fastq.gz
ERR1640709	PAIRED	https://ftp.sra.ebi.ac.uk/vol1/fastq/ERR164/009/ERR1640709/ERR1640709_1.fastq.gz	https://ftp.sra.ebi.ac.uk/vol1/fastq/ERR164/009/ERR1640709/ERR1640709_2.fastq.gz
ERR1640714	PAIRED	https://ftp.sra.ebi.ac.uk/vol1/fastq/ERR164/004/ERR1640714/ERR1640714_1.fastq.gz	https://ftp.sra.ebi.ac.uk/vol1/fastq/ERR164/004/ERR1640714/ERR1640714_2.fastq.gz
ERR1640719	PAIRED	https://ftp.sra.ebi.ac.uk/vol1/fastq/ERR164/009/ERR1640719/ERR1640719_1.fastq.gz	https://ftp.sra.ebi.ac.uk/vol1/fastq/ERR164/009/ERR1640719/ERR1640719_2.fastq.gz
ERR1640731	PAIRED	https://ftp.sra.ebi.ac.uk/vol1/fastq/ERR164/001/ERR1640731/ERR1640731_1.fastq.gz	https://ftp.sra.ebi.ac.uk/vol1/fastq/ERR164/001/ERR1640731/ERR1640731_2.fastq.gz
ERR1640741	PAIRED	https://ftp.sra.ebi.ac.uk/vol1/fastq/ERR164/001/ERR1640741/ERR1640741_1.fastq.gz	https://ftp.sra.ebi.ac.uk/vol1/fastq/ERR164/001/ERR1640741/ERR1640741_2.fastq.gz
ERR1640762	PAIRED	https://ftp.sra.ebi.ac.uk/vol1/fastq/ERR164/002/ERR1640762/ERR1640762_1.fastq.gz	https://ftp.sra.ebi.ac.uk/vol1/fastq/ERR164/002/ERR1640762/ERR1640762_2.fastq.gz
ERR1761466	PAIRED	https://ftp.sra.ebi.ac.uk/vol1/fastq/ERR176/006/ERR1761466/ERR1761466_1.fastq.gz	https://ftp.sra.ebi.ac.uk/vol1/fastq/ERR176/006/ERR1761466/ERR1761466_2.fastq.gz
ERR1795939	PAIRED	https://ftp.sra.ebi.ac.uk/vol1/fastq/ERR179/009/ERR1795939/ERR1795939_1.fastq.gz	https://ftp.sra.ebi.ac.uk/vol1/fastq/ERR179/009/ERR1795939/ERR1795939_2.fastq.gz
ERR1795963	PAIRED	https://ftp.sra.ebi.ac.uk/vol1/fastq/ERR179/003/ERR1795963/ERR1795963_1.fastq.gz	https://ftp.sra.ebi.ac.uk/vol1/fastq/ERR179/003/ERR1795963/ERR1795963_2.fastq.gz
ERR1795965	PAIRED	https://ftp.sra.ebi.ac.uk/vol1/fastq/ERR179/005/ERR1795965/ERR1795965_1.fastq.gz	https://ftp.sra.ebi.ac.uk/vol1/fastq/ERR179/005/ERR1795965/ERR1795965_2.fastq.gz
ERR1795970	PAIRED	https://ftp.sra.ebi.ac.uk/vol1/fastq/ERR179/000/ERR1795970/ERR1795970_1.fastq.gz	https://ftp.sra.ebi.ac.uk/vol1/fastq/ERR179/000/ERR1795970/ERR1795970_2.fastq.gz
ERR1796009	PAIRED	https://ftp.sra.ebi.ac.uk/vol1/fastq/ERR179/009/ERR1796009/ERR1796009_1.fastq.gz	https://ftp.sra.ebi.ac.uk/vol1/fastq/ERR179/009/ERR1796009/ERR1796009_2.fastq.gz
ERR1796018	PAIRED	https://ftp.sra.ebi.ac.uk/vol1/fastq/ERR179/008/ERR1796018/ERR1796018_1.fastq.gz	https://ftp.sra.ebi.ac.uk/vol1/fastq/ERR179/008/ERR1796018/ERR1796018_2.fastq.gz
ERR1796021	PAIRED	https://ftp.sra.ebi.ac.uk/vol1/fastq/ERR179/001/ERR1796021/ERR1796021_1.fastq.gz	https://ftp.sra.ebi.ac.uk/vol1/fastq/ERR179/001/ERR1796021/ERR1796021_2.fastq.gz
ERR1796036	PAIRED	https://ftp.sra.ebi.ac.uk/vol1/fastq/ERR179/006/ERR1796036/ERR1796036_1.fastq.gz	https://ftp.sra.ebi.ac.uk/vol1/fastq/ERR179/006/ERR1796036/ERR1796036_2.fastq.gz
ERR1796041	PAIRED	https://ftp.sra.ebi.ac.uk/vol1/fastq/ERR179/001/ERR1796041/ERR1796041_1.fastq.gz	https://ftp.sra.ebi.ac.uk/vol1/fastq/ERR179/001/ERR1796041/ERR1796041_2.fastq.gz
ERR1796057	PAIRED	https://ftp.sra.ebi.ac.uk/vol1/fastq/ERR179/007/ERR1796057/ERR1796057_1.fastq.gz	https://ftp.sra.ebi.ac.uk/vol1/fastq/ERR179/007/ERR1796057/ERR1796057_2.fastq.gz
ERR1811832	PAIRED	https://ftp.sra.ebi.ac.uk/vol1/fastq/ERR181/002/ERR1811832/ERR1811832_1.fastq.gz	https://ftp.sra.ebi.ac.uk/vol1/fastq/ERR181/002/ERR1811832/ERR1811832_2.fastq.gz
ERR1811836	PAIRED	https://ftp.sra.ebi.ac.uk/vol1/fastq/ERR181/006/ERR1811836/ERR1811836_1.fastq.gz	https://ftp.sra.ebi.ac.uk/vol1/fastq/ERR181/006/ERR1811836/ERR1811836_2.fastq.gz
ERR1813605	PAIRED	https://ftp.sra.ebi.ac.uk/vol1/fastq/ERR181/005/ERR1813605/ERR1813605_1.fastq.gz	https://ftp.sra.ebi.ac.uk/vol1/fastq/ERR181/005/ERR1813605/ERR1813605_2.fastq.gz
ERR1829920	PAIRED	https://ftp.sra.ebi.ac.uk/vol1/fastq/ERR182/000/ERR1829920/ERR1829920_1.fastq.gz	https://ftp.sra.ebi.ac.uk/vol1/fastq/ERR182/000/ERR1829920/ERR1829920_2.fastq.gz
ERR1829921	PAIRED	https://ftp.sra.ebi.ac.uk/vol1/fastq/ERR182/001/ERR1829921/ERR1829921_1.fastq.gz	https://ftp.sra.ebi.ac.uk/vol1/fastq/ERR182/001/ERR1829921/ERR1829921_2.fastq.gz
ERR1840991	PAIRED	https://ftp.sra.ebi.ac.uk/vol1/fastq/ERR184/001/ERR1840991/ERR1840991_1.fastq.gz	https://ftp.sra.ebi.ac.uk/vol1/fastq/ERR184/001/ERR1840991/ERR1840991_2.fastq.gz
ERR1852778	PAIRED	https://ftp.sra.ebi.ac.uk/vol1/fastq/ERR185/008/ERR1852778/ERR1852778_1.fastq.gz	https://ftp.sra.ebi.ac.uk/vol1/fastq/ERR185/008/ERR1852778/ERR1852778_2.fastq.gz
ERR1852827	PAIRED	https://ftp.sra.ebi.ac.uk/vol1/fastq/ERR185/007/ERR1852827/ERR1852827_1.fastq.gz	https://ftp.sra.ebi.ac.uk/vol1/fastq/ERR185/007/ERR1852827/ERR1852827_2.fastq.gz
ERR1852840	PAIRED	https://ftp.sra.ebi.ac.uk/vol1/fastq/ERR185/000/ERR1852840/ERR1852840_1.fastq.gz	https://ftp.sra.ebi.ac.uk/vol1/fastq/ERR185/000/ERR1852840/ERR1852840_2.fastq.gz
ERR1852856	PAIRED	https://ftp.sra.ebi.ac.uk/vol1/fastq/ERR185/006/ERR1852856/ERR1852856_1.fastq.gz	https://ftp.sra.ebi.ac.uk/vol1/fastq/ERR185/006/ERR1852856/ERR1852856_2.fastq.gz
ERR1852866	PAIRED	https://ftp.sra.ebi.ac.uk/vol1/fastq/ERR185/006/ERR1852866/ERR1852866_1.fastq.gz	https://ftp.sra.ebi.ac.uk/vol1/fastq/ERR185/006/ERR1852866/ERR1852866_2.fastq.gz
ERR1852873	PAIRED	https://ftp.sra.ebi.ac.uk/vol1/fastq/ERR185/003/ERR1852873/ERR1852873_1.fastq.gz	https://ftp.sra.ebi.ac.uk/vol1/fastq/ERR185/003/ERR1852873/ERR1852873_2.fastq.gz
ERR1852896	PAIRED	https://ftp.sra.ebi.ac.uk/vol1/fastq/ERR185/006/ERR1852896/ERR1852896_1.fastq.gz	https://ftp.sra.ebi.ac.uk/vol1/fastq/ERR185/006/ERR1852896/ERR1852896_2.fastq.gz
ERR1852912	PAIRED	https://ftp.sra.ebi.ac.uk/vol1/fastq/ERR185/002/ERR1852912/ERR1852912_1.fastq.gz	https://ftp.sra.ebi.ac.uk/vol1/fastq/ERR185/002/ERR1852912/ERR1852912_2.fastq.gz
ERR1852922	PAIRED	https://ftp.sra.ebi.ac.uk/vol1/fastq/ERR185/002/ERR1852922/ERR1852922_1.fastq.gz	https://ftp.sra.ebi.ac.uk/vol1/fastq/ERR185/002/ERR1852922/ERR1852922_2.fastq.gz
ERR1852930	PAIRED	https://ftp.sra.ebi.ac.uk/vol1/fastq/ERR185/000/ERR1852930/ERR1852930_1.fastq.gz	https://ftp.sra.ebi.ac.uk/vol1/fastq/ERR185/000/ERR1852930/ERR1852930_2.fastq.gz
ERR1852936	PAIRED	https://ftp.sra.ebi.ac.uk/vol1/fastq/ERR185/006/ERR1852936/ERR1852936_1.fastq.gz	https://ftp.sra.ebi.ac.uk/vol1/fastq/ERR185/006/ERR1852936/ERR1852936_2.fastq.gz
ERR1852937	PAIRED	https://ftp.sra.ebi.ac.uk/vol1/fastq/ERR185/007/ERR1852937/ERR1852937_1.fastq.gz	https://ftp.sra.ebi.ac.uk/vol1/fastq/ERR185/007/ERR1852937/ERR1852937_2.fastq.gz
ERR1853002	PAIRED	https://ftp.sra.ebi.ac.uk/vol1/fastq/ERR185/002/ERR1853002/ERR1853002_1.fastq.gz	https://ftp.sra.ebi.ac.uk/vol1/fastq/ERR185/002/ERR1853002/ERR1853002_2.fastq.gz
ERR1853025	PAIRED	https://ftp.sra.ebi.ac.uk/vol1/fastq/ERR185/005/ERR1853025/ERR1853025_1.fastq.gz	https://ftp.sra.ebi.ac.uk/vol1/fastq/ERR185/005/ERR1853025/ERR1853025_2.fastq.gz
ERR1853033	PAIRED	https://ftp.sra.ebi.ac.uk/vol1/fastq/ERR185/003/ERR1853033/ERR1853033_1.fastq.gz	https://ftp.sra.ebi.ac.uk/vol1/fastq/ERR185/003/ERR1853033/ERR1853033_2.fastq.gz
ERR1853035	PAIRED	https://ftp.sra.ebi.ac.uk/vol1/fastq/ERR185/005/ERR1853035/ERR1853035_1.fastq.gz	https://ftp.sra.ebi.ac.uk/vol1/fastq/ERR185/005/ERR1853035/ERR1853035_2.fastq.gz
ERR1853046	PAIRED	https://ftp.sra.ebi.ac.uk/vol1/fastq/ERR185/006/ERR1853046/ERR1853046_1.fastq.gz	https://ftp.sra.ebi.ac.uk/vol1/fastq/ERR185/006/ERR1853046/ERR1853046_2.fastq.gz
ERR1853051	PAIRED	https://ftp.sra.ebi.ac.uk/vol1/fastq/ERR185/001/ERR1853051/ERR1853051_1.fastq.gz	https://ftp.sra.ebi.ac.uk/vol1/fastq/ERR185/001/ERR1853051/ERR1853051_2.fastq.gz
ERR1853058	PAIRED	https://ftp.sra.ebi.ac.uk/vol1/fastq/ERR185/008/ERR1853058/ERR1853058_1.fastq.gz	https://ftp.sra.ebi.ac.uk/vol1/fastq/ERR185/008/ERR1853058/ERR1853058_2.fastq.gz
ERR1853070	PAIRED	https://ftp.sra.ebi.ac.uk/vol1/fastq/ERR185/000/ERR1853070/ERR1853070_1.fastq.gz	https://ftp.sra.ebi.ac.uk/vol1/fastq/ERR185/000/ERR1853070/ERR1853070_2.fastq.gz
ERR1853078	PAIRED	https://ftp.sra.ebi.ac.uk/vol1/fastq/ERR185/008/ERR1853078/ERR1853078_1.fastq.gz	https://ftp.sra.ebi.ac.uk/vol1/fastq/ERR185/008/ERR1853078/ERR1853078_2.fastq.gz
ERR1853086	PAIRED	https://ftp.sra.ebi.ac.uk/vol1/fastq/ERR185/006/ERR1853086/ERR1853086_1.fastq.gz	https://ftp.sra.ebi.ac.uk/vol1/fastq/ERR185/006/ERR1853086/ERR1853086_2.fastq.gz
ERR1853103	PAIRED	https://ftp.sra.ebi.ac.uk/vol1/fastq/ERR185/003/ERR1853103/ERR1853103_1.fastq.gz	https://ftp.sra.ebi.ac.uk/vol1/fastq/ERR185/003/ERR1853103/ERR1853103_2.fastq.gz
ERR1853105	PAIRED	https://ftp.sra.ebi.ac.uk/vol1/fastq/ERR185/005/ERR1853105/ERR1853105_1.fastq.gz	https://ftp.sra.ebi.ac.uk/vol1/fastq/ERR185/005/ERR1853105/ERR1853105_2.fastq.gz
ERR1853115	PAIRED	https://ftp.sra.ebi.ac.uk/vol1/fastq/ERR185/005/ERR1853115/ERR1853115_1.fastq.gz	https://ftp.sra.ebi.ac.uk/vol1/fastq/ERR185/005/ERR1853115/ERR1853115_2.fastq.gz
ERR1878485	PAIRED	https://ftp.sra.ebi.ac.uk/vol1/fastq/ERR187/005/ERR1878485/ERR1878485_1.fastq.gz	https://ftp.sra.ebi.ac.uk/vol1/fastq/ERR187/005/ERR1878485/ERR1878485_2.fastq.gz
ERR1878493	PAIRED	https://ftp.sra.ebi.ac.uk/vol1/fastq/ERR187/003/ERR1878493/ERR1878493_1.fastq.gz	https://ftp.sra.ebi.ac.uk/vol1/fastq/ERR187/003/ERR1878493/ERR1878493_2.fastq.gz
ERR1878499	PAIRED	https://ftp.sra.ebi.ac.uk/vol1/fastq/ERR187/009/ERR1878499/ERR1878499_1.fastq.gz	https://ftp.sra.ebi.ac.uk/vol1/fastq/ERR187/009/ERR1878499/ERR1878499_2.fastq.gz
ERR1878523	PAIRED	https://ftp.sra.ebi.ac.uk/vol1/fastq/ERR187/003/ERR1878523/ERR1878523_1.fastq.gz	https://ftp.sra.ebi.ac.uk/vol1/fastq/ERR187/003/ERR1878523/ERR1878523_2.fastq.gz
ERR1891166	PAIRED	https://ftp.sra.ebi.ac.uk/vol1/fastq/ERR189/006/ERR1891166/ERR1891166_1.fastq.gz	https://ftp.sra.ebi.ac.uk/vol1/fastq/ERR189/006/ERR1891166/ERR1891166_2.fastq.gz
ERR1891185	PAIRED	https://ftp.sra.ebi.ac.uk/vol1/fastq/ERR189/005/ERR1891185/ERR1891185_1.fastq.gz	https://ftp.sra.ebi.ac.uk/vol1/fastq/ERR189/005/ERR1891185/ERR1891185_2.fastq.gz
ERR1891370	PAIRED	https://ftp.sra.ebi.ac.uk/vol1/fastq/ERR189/000/ERR1891370/ERR1891370_1.fastq.gz	https://ftp.sra.ebi.ac.uk/vol1/fastq/ERR189/000/ERR1891370/ERR1891370_2.fastq.gz
ERR1891399	PAIRED	https://ftp.sra.ebi.ac.uk/vol1/fastq/ERR189/009/ERR1891399/ERR1891399_1.fastq.gz	https://ftp.sra.ebi.ac.uk/vol1/fastq/ERR189/009/ERR1891399/ERR1891399_2.fastq.gz
ERR1891408	PAIRED	https://ftp.sra.ebi.ac.uk/vol1/fastq/ERR189/008/ERR1891408/ERR1891408_1.fastq.gz	https://ftp.sra.ebi.ac.uk/vol1/fastq/ERR189/008/ERR1891408/ERR1891408_2.fastq.gz
ERR2397410	PAIRED	https://ftp.sra.ebi.ac.uk/vol1/fastq/ERR239/000/ERR2397410/ERR2397410_1.fastq.gz	https://ftp.sra.ebi.ac.uk/vol1/fastq/ERR239/000/ERR2397410/ERR2397410_2.fastq.gz
ERR2397413	PAIRED	https://ftp.sra.ebi.ac.uk/vol1/fastq/ERR239/003/ERR2397413/ERR2397413_1.fastq.gz	https://ftp.sra.ebi.ac.uk/vol1/fastq/ERR239/003/ERR2397413/ERR2397413_2.fastq.gz
ERR2397422	PAIRED	https://ftp.sra.ebi.ac.uk/vol1/fastq/ERR239/002/ERR2397422/ERR2397422_1.fastq.gz	https://ftp.sra.ebi.ac.uk/vol1/fastq/ERR239/002/ERR2397422/ERR2397422_2.fastq.gz
ERR2397431	PAIRED	https://ftp.sra.ebi.ac.uk/vol1/fastq/ERR239/001/ERR2397431/ERR2397431_1.fastq.gz	https://ftp.sra.ebi.ac.uk/vol1/fastq/ERR239/001/ERR2397431/ERR2397431_2.fastq.gz
ERR2397432	PAIRED	https://ftp.sra.ebi.ac.uk/vol1/fastq/ERR239/002/ERR2397432/ERR2397432_1.fastq.gz	https://ftp.sra.ebi.ac.uk/vol1/fastq/ERR239/002/ERR2397432/ERR2397432_2.fastq.gz
ERR2397440	PAIRED	https://ftp.sra.ebi.ac.uk/vol1/fastq/ERR239/000/ERR2397440/ERR2397440_1.fastq.gz	https://ftp.sra.ebi.ac.uk/vol1/fastq/ERR239/000/ERR2397440/ERR2397440_2.fastq.gz
ERR2397456	PAIRED	https://ftp.sra.ebi.ac.uk/vol1/fastq/ERR239/006/ERR2397456/ERR2397456_1.fastq.gz	https://ftp.sra.ebi.ac.uk/vol1/fastq/ERR239/006/ERR2397456/ERR2397456_2.fastq.gz
ERR2397551	PAIRED	https://ftp.sra.ebi.ac.uk/vol1/fastq/ERR239/001/ERR2397551/ERR2397551_1.fastq.gz	https://ftp.sra.ebi.ac.uk/vol1/fastq/ERR239/001/ERR2397551/ERR2397551_2.fastq.gz
ERR2397558	PAIRED	https://ftp.sra.ebi.ac.uk/vol1/fastq/ERR239/008/ERR2397558/ERR2397558_1.fastq.gz	https://ftp.sra.ebi.ac.uk/vol1/fastq/ERR239/008/ERR2397558/ERR2397558_2.fastq.gz
ERR2397577	PAIRED	https://ftp.sra.ebi.ac.uk/vol1/fastq/ERR239/007/ERR2397577/ERR2397577_1.fastq.gz	https://ftp.sra.ebi.ac.uk/vol1/fastq/ERR239/007/ERR2397577/ERR2397577_2.fastq.gz
ERR2497243	PAIRED	https://ftp.sra.ebi.ac.uk/vol1/fastq/ERR249/003/ERR2497243/ERR2497243_1.fastq.gz	https://ftp.sra.ebi.ac.uk/vol1/fastq/ERR249/003/ERR2497243/ERR2497243_2.fastq.gz
ERR2497258	PAIRED	https://ftp.sra.ebi.ac.uk/vol1/fastq/ERR249/008/ERR2497258/ERR2497258_1.fastq.gz	https://ftp.sra.ebi.ac.uk/vol1/fastq/ERR249/008/ERR2497258/ERR2497258_2.fastq.gz
ERR2497262	PAIRED	https://ftp.sra.ebi.ac.uk/vol1/fastq/ERR249/002/ERR2497262/ERR2497262_1.fastq.gz	https://ftp.sra.ebi.ac.uk/vol1/fastq/ERR249/002/ERR2497262/ERR2497262_2.fastq.gz
ERR2497266	PAIRED	https://ftp.sra.ebi.ac.uk/vol1/fastq/ERR249/006/ERR2497266/ERR2497266_1.fastq.gz	https://ftp.sra.ebi.ac.uk/vol1/fastq/ERR249/006/ERR2497266/ERR2497266_2.fastq.gz
ERR2497302	PAIRED	https://ftp.sra.ebi.ac.uk/vol1/fastq/ERR249/002/ERR2497302/ERR2497302_1.fastq.gz	https://ftp.sra.ebi.ac.uk/vol1/fastq/ERR249/002/ERR2497302/ERR2497302_2.fastq.gz
ERR2523296	PAIRED	https://ftp.sra.ebi.ac.uk/vol1/fastq/ERR252/006/ERR2523296/ERR2523296_1.fastq.gz	https://ftp.sra.ebi.ac.uk/vol1/fastq/ERR252/006/ERR2523296/ERR2523296_2.fastq.gz
ERR257650	PAIRED	https://ftp.sra.ebi.ac.uk/vol1/fastq/ERR257/ERR257650/ERR257650_1.fastq.gz	https://ftp.sra.ebi.ac.uk/vol1/fastq/ERR257/ERR257650/ERR257650_2.fastq.gz
ERR257670	PAIRED	https://ftp.sra.ebi.ac.uk/vol1/fastq/ERR257/ERR257670/ERR257670_1.fastq.gz	https://ftp.sra.ebi.ac.uk/vol1/fastq/ERR257/ERR257670/ERR257670_2.fastq.gz
ERR257689	PAIRED	https://ftp.sra.ebi.ac.uk/vol1/fastq/ERR257/ERR257689/ERR257689_1.fastq.gz	https://ftp.sra.ebi.ac.uk/vol1/fastq/ERR257/ERR257689/ERR257689_2.fastq.gz
ERR2586356	PAIRED	https://ftp.sra.ebi.ac.uk/vol1/fastq/ERR258/006/ERR2586356/ERR2586356_1.fastq.gz	https://ftp.sra.ebi.ac.uk/vol1/fastq/ERR258/006/ERR2586356/ERR2586356_2.fastq.gz
ERR2586379	PAIRED	https://ftp.sra.ebi.ac.uk/vol1/fastq/ERR258/009/ERR2586379/ERR2586379_1.fastq.gz	https://ftp.sra.ebi.ac.uk/vol1/fastq/ERR258/009/ERR2586379/ERR2586379_2.fastq.gz
ERR2586407	PAIRED	https://ftp.sra.ebi.ac.uk/vol1/fastq/ERR258/007/ERR2586407/ERR2586407_1.fastq.gz	https://ftp.sra.ebi.ac.uk/vol1/fastq/ERR258/007/ERR2586407/ERR2586407_2.fastq.gz
ERR2631536	PAIRED	https://ftp.sra.ebi.ac.uk/vol1/fastq/ERR263/006/ERR2631536/ERR2631536_1.fastq.gz	https://ftp.sra.ebi.ac.uk/vol1/fastq/ERR263/006/ERR2631536/ERR2631536_2.fastq.gz
ERR264504	PAIRED	https://ftp.sra.ebi.ac.uk/vol1/fastq/ERR264/ERR264504/ERR264504_1.fastq.gz	https://ftp.sra.ebi.ac.uk/vol1/fastq/ERR264/ERR264504/ERR264504_2.fastq.gz
ERR264522	PAIRED	https://ftp.sra.ebi.ac.uk/vol1/fastq/ERR264/ERR264522/ERR264522_1.fastq.gz	https://ftp.sra.ebi.ac.uk/vol1/fastq/ERR264/ERR264522/ERR264522_2.fastq.gz
ERR264523	PAIRED	https://ftp.sra.ebi.ac.uk/vol1/fastq/ERR264/ERR264523/ERR264523_1.fastq.gz	https://ftp.sra.ebi.ac.uk/vol1/fastq/ERR264/ERR264523/ERR264523_2.fastq.gz
ERR264527	PAIRED	https://ftp.sra.ebi.ac.uk/vol1/fastq/ERR264/ERR264527/ERR264527_1.fastq.gz	https://ftp.sra.ebi.ac.uk/vol1/fastq/ERR264/ERR264527/ERR264527_2.fastq.gz
ERR264560	PAIRED	https://ftp.sra.ebi.ac.uk/vol1/fastq/ERR264/ERR264560/ERR264560_1.fastq.gz	https://ftp.sra.ebi.ac.uk/vol1/fastq/ERR264/ERR264560/ERR264560_2.fastq.gz
ERR264572	PAIRED	https://ftp.sra.ebi.ac.uk/vol1/fastq/ERR264/ERR264572/ERR264572_1.fastq.gz	https://ftp.sra.ebi.ac.uk/vol1/fastq/ERR264/ERR264572/ERR264572_2.fastq.gz
ERR2672819	PAIRED	https://ftp.sra.ebi.ac.uk/vol1/fastq/ERR267/009/ERR2672819/ERR2672819_1.fastq.gz	https://ftp.sra.ebi.ac.uk/vol1/fastq/ERR267/009/ERR2672819/ERR2672819_2.fastq.gz
ERR2673192	PAIRED	https://ftp.sra.ebi.ac.uk/vol1/fastq/ERR267/002/ERR2673192/ERR2673192_1.fastq.gz	https://ftp.sra.ebi.ac.uk/vol1/fastq/ERR267/002/ERR2673192/ERR2673192_2.fastq.gz
ERR2673193	PAIRED	https://ftp.sra.ebi.ac.uk/vol1/fastq/ERR267/003/ERR2673193/ERR2673193_1.fastq.gz	https://ftp.sra.ebi.ac.uk/vol1/fastq/ERR267/003/ERR2673193/ERR2673193_2.fastq.gz
ERR2673218	PAIRED	https://ftp.sra.ebi.ac.uk/vol1/fastq/ERR267/008/ERR2673218/ERR2673218_1.fastq.gz	https://ftp.sra.ebi.ac.uk/vol1/fastq/ERR267/008/ERR2673218/ERR2673218_2.fastq.gz
ERR2681443	PAIRED	https://ftp.sra.ebi.ac.uk/vol1/fastq/ERR268/003/ERR2681443/ERR2681443_1.fastq.gz	https://ftp.sra.ebi.ac.uk/vol1/fastq/ERR268/003/ERR2681443/ERR2681443_2.fastq.gz
ERR2743733	PAIRED	https://ftp.sra.ebi.ac.uk/vol1/fastq/ERR274/003/ERR2743733/ERR2743733_1.fastq.gz	https://ftp.sra.ebi.ac.uk/vol1/fastq/ERR274/003/ERR2743733/ERR2743733_2.fastq.gz
ERR276946	PAIRED	https://ftp.sra.ebi.ac.uk/vol1/fastq/ERR276/ERR276946/ERR276946_1.fastq.gz	https://ftp.sra.ebi.ac.uk/vol1/fastq/ERR276/ERR276946/ERR276946_2.fastq.gz
ERR276953	PAIRED	https://ftp.sra.ebi.ac.uk/vol1/fastq/ERR276/ERR276953/ERR276953_1.fastq.gz	https://ftp.sra.ebi.ac.uk/vol1/fastq/ERR276/ERR276953/ERR276953_2.fastq.gz
ERR276979	PAIRED	https://ftp.sra.ebi.ac.uk/vol1/fastq/ERR276/ERR276979/ERR276979_1.fastq.gz	https://ftp.sra.ebi.ac.uk/vol1/fastq/ERR276/ERR276979/ERR276979_2.fastq.gz
ERR276984	PAIRED	https://ftp.sra.ebi.ac.uk/vol1/fastq/ERR276/ERR276984/ERR276984_1.fastq.gz	https://ftp.sra.ebi.ac.uk/vol1/fastq/ERR276/ERR276984/ERR276984_2.fastq.gz
ERR276985	PAIRED	https://ftp.sra.ebi.ac.uk/vol1/fastq/ERR276/ERR276985/ERR276985_1.fastq.gz	https://ftp.sra.ebi.ac.uk/vol1/fastq/ERR276/ERR276985/ERR276985_2.fastq.gz
ERR279214	PAIRED	https://ftp.sra.ebi.ac.uk/vol1/fastq/ERR279/ERR279214/ERR279214_1.fastq.gz	https://ftp.sra.ebi.ac.uk/vol1/fastq/ERR279/ERR279214/ERR279214_2.fastq.gz
ERR296677	PAIRED	https://ftp.sra.ebi.ac.uk/vol1/fastq/ERR296/ERR296677/ERR296677_1.fastq.gz	https://ftp.sra.ebi.ac.uk/vol1/fastq/ERR296/ERR296677/ERR296677_2.fastq.gz
ERR298789	PAIRED	https://ftp.sra.ebi.ac.uk/vol1/fastq/ERR298/ERR298789/ERR298789_1.fastq.gz	https://ftp.sra.ebi.ac.uk/vol1/fastq/ERR298/ERR298789/ERR298789_2.fastq.gz
ERR298790	PAIRED	https://ftp.sra.ebi.ac.uk/vol1/fastq/ERR298/ERR298790/ERR298790_1.fastq.gz	https://ftp.sra.ebi.ac.uk/vol1/fastq/ERR298/ERR298790/ERR298790_2.fastq.gz
ERR298807	PAIRED	https://ftp.sra.ebi.ac.uk/vol1/fastq/ERR298/ERR298807/ERR298807_1.fastq.gz	https://ftp.sra.ebi.ac.uk/vol1/fastq/ERR298/ERR298807/ERR298807_2.fastq.gz
ERR298809	PAIRED	https://ftp.sra.ebi.ac.uk/vol1/fastq/ERR298/ERR298809/ERR298809_1.fastq.gz	https://ftp.sra.ebi.ac.uk/vol1/fastq/ERR298/ERR298809/ERR298809_2.fastq.gz
ERR298811	PAIRED	https://ftp.sra.ebi.ac.uk/vol1/fastq/ERR298/ERR298811/ERR298811_1.fastq.gz	https://ftp.sra.ebi.ac.uk/vol1/fastq/ERR298/ERR298811/ERR298811_2.fastq.gz
ERR298820	PAIRED	https://ftp.sra.ebi.ac.uk/vol1/fastq/ERR298/ERR298820/ERR298820_1.fastq.gz	https://ftp.sra.ebi.ac.uk/vol1/fastq/ERR298/ERR298820/ERR298820_2.fastq.gz
ERR298838	PAIRED	https://ftp.sra.ebi.ac.uk/vol1/fastq/ERR298/ERR298838/ERR298838_1.fastq.gz	https://ftp.sra.ebi.ac.uk/vol1/fastq/ERR298/ERR298838/ERR298838_2.fastq.gz
ERR303237	PAIRED	https://ftp.sra.ebi.ac.uk/vol1/fastq/ERR303/ERR303237/ERR303237_1.fastq.gz	https://ftp.sra.ebi.ac.uk/vol1/fastq/ERR303/ERR303237/ERR303237_2.fastq.gz
ERR304788	PAIRED	https://ftp.sra.ebi.ac.uk/vol1/fastq/ERR304/ERR304788/ERR304788_1.fastq.gz	https://ftp.sra.ebi.ac.uk/vol1/fastq/ERR304/ERR304788/ERR304788_2.fastq.gz
ERR304790	PAIRED	https://ftp.sra.ebi.ac.uk/vol1/fastq/ERR304/ERR304790/ERR304790_1.fastq.gz	https://ftp.sra.ebi.ac.uk/vol1/fastq/ERR304/ERR304790/ERR304790_2.fastq.gz
ERR304791	PAIRED	https://ftp.sra.ebi.ac.uk/vol1/fastq/ERR304/ERR304791/ERR304791_1.fastq.gz	https://ftp.sra.ebi.ac.uk/vol1/fastq/ERR304/ERR304791/ERR304791_2.fastq.gz
ERR3063428	PAIRED	https://ftp.sra.ebi.ac.uk/vol1/fastq/ERR306/008/ERR3063428/ERR3063428_1.fastq.gz	https://ftp.sra.ebi.ac.uk/vol1/fastq/ERR306/008/ERR3063428/ERR3063428_2.fastq.gz
ERR3063433	PAIRED	https://ftp.sra.ebi.ac.uk/vol1/fastq/ERR306/003/ERR3063433/ERR3063433_1.fastq.gz	https://ftp.sra.ebi.ac.uk/vol1/fastq/ERR306/003/ERR3063433/ERR3063433_2.fastq.gz
ERR3063466	PAIRED	https://ftp.sra.ebi.ac.uk/vol1/fastq/ERR306/006/ERR3063466/ERR3063466_1.fastq.gz	https://ftp.sra.ebi.ac.uk/vol1/fastq/ERR306/006/ERR3063466/ERR3063466_2.fastq.gz
ERR314401	PAIRED	https://ftp.sra.ebi.ac.uk/vol1/fastq/ERR314/ERR314401/ERR314401_1.fastq.gz	https://ftp.sra.ebi.ac.uk/vol1/fastq/ERR314/ERR314401/ERR314401_2.fastq.gz
ERR3144676	PAIRED	https://ftp.sra.ebi.ac.uk/vol1/fastq/ERR314/006/ERR3144676/ERR3144676_1.fastq.gz	https://ftp.sra.ebi.ac.uk/vol1/fastq/ERR314/006/ERR3144676/ERR3144676_2.fastq.gz
ERR3144678	PAIRED	https://ftp.sra.ebi.ac.uk/vol1/fastq/ERR314/008/ERR3144678/ERR3144678_1.fastq.gz	https://ftp.sra.ebi.ac.uk/vol1/fastq/ERR314/008/ERR3144678/ERR3144678_2.fastq.gz
ERR3144707	PAIRED	https://ftp.sra.ebi.ac.uk/vol1/fastq/ERR314/007/ERR3144707/ERR3144707_1.fastq.gz	https://ftp.sra.ebi.ac.uk/vol1/fastq/ERR314/007/ERR3144707/ERR3144707_2.fastq.gz
ERR3144720	PAIRED	https://ftp.sra.ebi.ac.uk/vol1/fastq/ERR314/000/ERR3144720/ERR3144720_1.fastq.gz	https://ftp.sra.ebi.ac.uk/vol1/fastq/ERR314/000/ERR3144720/ERR3144720_2.fastq.gz
ERR3144728	PAIRED	https://ftp.sra.ebi.ac.uk/vol1/fastq/ERR314/008/ERR3144728/ERR3144728_1.fastq.gz	https://ftp.sra.ebi.ac.uk/vol1/fastq/ERR314/008/ERR3144728/ERR3144728_2.fastq.gz
ERR3144731	PAIRED	https://ftp.sra.ebi.ac.uk/vol1/fastq/ERR314/001/ERR3144731/ERR3144731_1.fastq.gz	https://ftp.sra.ebi.ac.uk/vol1/fastq/ERR314/001/ERR3144731/ERR3144731_2.fastq.gz
ERR3144733	PAIRED	https://ftp.sra.ebi.ac.uk/vol1/fastq/ERR314/003/ERR3144733/ERR3144733_1.fastq.gz	https://ftp.sra.ebi.ac.uk/vol1/fastq/ERR314/003/ERR3144733/ERR3144733_2.fastq.gz
ERR3144762	PAIRED	https://ftp.sra.ebi.ac.uk/vol1/fastq/ERR314/002/ERR3144762/ERR3144762_1.fastq.gz	https://ftp.sra.ebi.ac.uk/vol1/fastq/ERR314/002/ERR3144762/ERR3144762_2.fastq.gz
ERR3144764	PAIRED	https://ftp.sra.ebi.ac.uk/vol1/fastq/ERR314/004/ERR3144764/ERR3144764_1.fastq.gz	https://ftp.sra.ebi.ac.uk/vol1/fastq/ERR314/004/ERR3144764/ERR3144764_2.fastq.gz
ERR314490	PAIRED	https://ftp.sra.ebi.ac.uk/vol1/fastq/ERR314/ERR314490/ERR314490_1.fastq.gz	https://ftp.sra.ebi.ac.uk/vol1/fastq/ERR314/ERR314490/ERR314490_2.fastq.gz
ERR314534	PAIRED	https://ftp.sra.ebi.ac.uk/vol1/fastq/ERR314/ERR314534/ERR314534_1.fastq.gz	https://ftp.sra.ebi.ac.uk/vol1/fastq/ERR314/ERR314534/ERR314534_2.fastq.gz
ERR314543	PAIRED	https://ftp.sra.ebi.ac.uk/vol1/fastq/ERR314/ERR314543/ERR314543_1.fastq.gz	https://ftp.sra.ebi.ac.uk/vol1/fastq/ERR314/ERR314543/ERR314543_2.fastq.gz
ERR314563	PAIRED	https://ftp.sra.ebi.ac.uk/vol1/fastq/ERR314/ERR314563/ERR314563_1.fastq.gz	https://ftp.sra.ebi.ac.uk/vol1/fastq/ERR314/ERR314563/ERR314563_2.fastq.gz
ERR314565	PAIRED	https://ftp.sra.ebi.ac.uk/vol1/fastq/ERR314/ERR314565/ERR314565_1.fastq.gz	https://ftp.sra.ebi.ac.uk/vol1/fastq/ERR314/ERR314565/ERR314565_2.fastq.gz
ERR315114	PAIRED	https://ftp.sra.ebi.ac.uk/vol1/fastq/ERR315/ERR315114/ERR315114_1.fastq.gz	https://ftp.sra.ebi.ac.uk/vol1/fastq/ERR315/ERR315114/ERR315114_2.fastq.gz
ERR315117	PAIRED	https://ftp.sra.ebi.ac.uk/vol1/fastq/ERR315/ERR315117/ERR315117_1.fastq.gz	https://ftp.sra.ebi.ac.uk/vol1/fastq/ERR315/ERR315117/ERR315117_2.fastq.gz
ERR315136	PAIRED	https://ftp.sra.ebi.ac.uk/vol1/fastq/ERR315/ERR315136/ERR315136_1.fastq.gz	https://ftp.sra.ebi.ac.uk/vol1/fastq/ERR315/ERR315136/ERR315136_2.fastq.gz
ERR315137	PAIRED	https://ftp.sra.ebi.ac.uk/vol1/fastq/ERR315/ERR315137/ERR315137_1.fastq.gz	https://ftp.sra.ebi.ac.uk/vol1/fastq/ERR315/ERR315137/ERR315137_2.fastq.gz
ERR315138	PAIRED	https://ftp.sra.ebi.ac.uk/vol1/fastq/ERR315/ERR315138/ERR315138_1.fastq.gz	https://ftp.sra.ebi.ac.uk/vol1/fastq/ERR315/ERR315138/ERR315138_2.fastq.gz
ERR315159	PAIRED	https://ftp.sra.ebi.ac.uk/vol1/fastq/ERR315/ERR315159/ERR315159_1.fastq.gz	https://ftp.sra.ebi.ac.uk/vol1/fastq/ERR315/ERR315159/ERR315159_2.fastq.gz
ERR315161	PAIRED	https://ftp.sra.ebi.ac.uk/vol1/fastq/ERR315/ERR315161/ERR315161_1.fastq.gz	https://ftp.sra.ebi.ac.uk/vol1/fastq/ERR315/ERR315161/ERR315161_2.fastq.gz
ERR3162532	PAIRED	https://ftp.sra.ebi.ac.uk/vol1/fastq/ERR316/002/ERR3162532/ERR3162532_1.fastq.gz	https://ftp.sra.ebi.ac.uk/vol1/fastq/ERR316/002/ERR3162532/ERR3162532_2.fastq.gz
ERR3162567	PAIRED	https://ftp.sra.ebi.ac.uk/vol1/fastq/ERR316/007/ERR3162567/ERR3162567_1.fastq.gz	https://ftp.sra.ebi.ac.uk/vol1/fastq/ERR316/007/ERR3162567/ERR3162567_2.fastq.gz
ERR3162576	PAIRED	https://ftp.sra.ebi.ac.uk/vol1/fastq/ERR316/006/ERR3162576/ERR3162576_1.fastq.gz	https://ftp.sra.ebi.ac.uk/vol1/fastq/ERR316/006/ERR3162576/ERR3162576_2.fastq.gz
ERR3162601	PAIRED	https://ftp.sra.ebi.ac.uk/vol1/fastq/ERR316/001/ERR3162601/ERR3162601_1.fastq.gz	https://ftp.sra.ebi.ac.uk/vol1/fastq/ERR316/001/ERR3162601/ERR3162601_2.fastq.gz
ERR3162621	PAIRED	https://ftp.sra.ebi.ac.uk/vol1/fastq/ERR316/001/ERR3162621/ERR3162621_1.fastq.gz	https://ftp.sra.ebi.ac.uk/vol1/fastq/ERR316/001/ERR3162621/ERR3162621_2.fastq.gz
ERR3162622	PAIRED	https://ftp.sra.ebi.ac.uk/vol1/fastq/ERR316/002/ERR3162622/ERR3162622_1.fastq.gz	https://ftp.sra.ebi.ac.uk/vol1/fastq/ERR316/002/ERR3162622/ERR3162622_2.fastq.gz
ERR3162634	PAIRED	https://ftp.sra.ebi.ac.uk/vol1/fastq/ERR316/004/ERR3162634/ERR3162634_1.fastq.gz	https://ftp.sra.ebi.ac.uk/vol1/fastq/ERR316/004/ERR3162634/ERR3162634_2.fastq.gz
ERR3162641	PAIRED	https://ftp.sra.ebi.ac.uk/vol1/fastq/ERR316/001/ERR3162641/ERR3162641_1.fastq.gz	https://ftp.sra.ebi.ac.uk/vol1/fastq/ERR316/001/ERR3162641/ERR3162641_2.fastq.gz
ERR3162645	PAIRED	https://ftp.sra.ebi.ac.uk/vol1/fastq/ERR316/005/ERR3162645/ERR3162645_1.fastq.gz	https://ftp.sra.ebi.ac.uk/vol1/fastq/ERR316/005/ERR3162645/ERR3162645_2.fastq.gz
ERR319506	PAIRED	https://ftp.sra.ebi.ac.uk/vol1/fastq/ERR319/ERR319506/ERR319506_1.fastq.gz	https://ftp.sra.ebi.ac.uk/vol1/fastq/ERR319/ERR319506/ERR319506_2.fastq.gz
ERR319515	PAIRED	https://ftp.sra.ebi.ac.uk/vol1/fastq/ERR319/ERR319515/ERR319515_1.fastq.gz	https://ftp.sra.ebi.ac.uk/vol1/fastq/ERR319/ERR319515/ERR319515_2.fastq.gz
ERR319529	PAIRED	https://ftp.sra.ebi.ac.uk/vol1/fastq/ERR319/ERR319529/ERR319529_1.fastq.gz	https://ftp.sra.ebi.ac.uk/vol1/fastq/ERR319/ERR319529/ERR319529_2.fastq.gz
ERR319558	PAIRED	https://ftp.sra.ebi.ac.uk/vol1/fastq/ERR319/ERR319558/ERR319558_1.fastq.gz	https://ftp.sra.ebi.ac.uk/vol1/fastq/ERR319/ERR319558/ERR319558_2.fastq.gz
ERR319565	PAIRED	https://ftp.sra.ebi.ac.uk/vol1/fastq/ERR319/ERR319565/ERR319565_1.fastq.gz	https://ftp.sra.ebi.ac.uk/vol1/fastq/ERR319/ERR319565/ERR319565_2.fastq.gz
ERR319580	PAIRED	https://ftp.sra.ebi.ac.uk/vol1/fastq/ERR319/ERR319580/ERR319580_1.fastq.gz	https://ftp.sra.ebi.ac.uk/vol1/fastq/ERR319/ERR319580/ERR319580_2.fastq.gz
ERR319592	PAIRED	https://ftp.sra.ebi.ac.uk/vol1/fastq/ERR319/ERR319592/ERR319592_1.fastq.gz	https://ftp.sra.ebi.ac.uk/vol1/fastq/ERR319/ERR319592/ERR319592_2.fastq.gz
ERR323225	PAIRED	https://ftp.sra.ebi.ac.uk/vol1/fastq/ERR323/ERR323225/ERR323225_1.fastq.gz	https://ftp.sra.ebi.ac.uk/vol1/fastq/ERR323/ERR323225/ERR323225_2.fastq.gz
ERR323226	PAIRED	https://ftp.sra.ebi.ac.uk/vol1/fastq/ERR323/ERR323226/ERR323226_1.fastq.gz	https://ftp.sra.ebi.ac.uk/vol1/fastq/ERR323/ERR323226/ERR323226_2.fastq.gz
ERR3363828	PAIRED	https://ftp.sra.ebi.ac.uk/vol1/fastq/ERR336/008/ERR3363828/ERR3363828_1.fastq.gz	https://ftp.sra.ebi.ac.uk/vol1/fastq/ERR336/008/ERR3363828/ERR3363828_2.fastq.gz
ERR3363829	PAIRED	https://ftp.sra.ebi.ac.uk/vol1/fastq/ERR336/009/ERR3363829/ERR3363829_1.fastq.gz	https://ftp.sra.ebi.ac.uk/vol1/fastq/ERR336/009/ERR3363829/ERR3363829_2.fastq.gz
ERR3371899	PAIRED	https://ftp.sra.ebi.ac.uk/vol1/fastq/ERR337/009/ERR3371899/ERR3371899_1.fastq.gz	https://ftp.sra.ebi.ac.uk/vol1/fastq/ERR337/009/ERR3371899/ERR3371899_2.fastq.gz
ERR3371913	PAIRED	https://ftp.sra.ebi.ac.uk/vol1/fastq/ERR337/003/ERR3371913/ERR3371913_1.fastq.gz	https://ftp.sra.ebi.ac.uk/vol1/fastq/ERR337/003/ERR3371913/ERR3371913_2.fastq.gz
ERR3371917	PAIRED	https://ftp.sra.ebi.ac.uk/vol1/fastq/ERR337/007/ERR3371917/ERR3371917_1.fastq.gz	https://ftp.sra.ebi.ac.uk/vol1/fastq/ERR337/007/ERR3371917/ERR3371917_2.fastq.gz
ERR3372022	PAIRED	https://ftp.sra.ebi.ac.uk/vol1/fastq/ERR337/002/ERR3372022/ERR3372022_1.fastq.gz	https://ftp.sra.ebi.ac.uk/vol1/fastq/ERR337/002/ERR3372022/ERR3372022_2.fastq.gz
ERR3372079	PAIRED	https://ftp.sra.ebi.ac.uk/vol1/fastq/ERR337/009/ERR3372079/ERR3372079_1.fastq.gz	https://ftp.sra.ebi.ac.uk/vol1/fastq/ERR337/009/ERR3372079/ERR3372079_2.fastq.gz
ERR3372081	PAIRED	https://ftp.sra.ebi.ac.uk/vol1/fastq/ERR337/001/ERR3372081/ERR3372081_1.fastq.gz	https://ftp.sra.ebi.ac.uk/vol1/fastq/ERR337/001/ERR3372081/ERR3372081_2.fastq.gz
ERR3372084	PAIRED	https://ftp.sra.ebi.ac.uk/vol1/fastq/ERR337/004/ERR3372084/ERR3372084_1.fastq.gz	https://ftp.sra.ebi.ac.uk/vol1/fastq/ERR337/004/ERR3372084/ERR3372084_2.fastq.gz
ERR3372091	PAIRED	https://ftp.sra.ebi.ac.uk/vol1/fastq/ERR337/001/ERR3372091/ERR3372091_1.fastq.gz	https://ftp.sra.ebi.ac.uk/vol1/fastq/ERR337/001/ERR3372091/ERR3372091_2.fastq.gz
ERR3372095	PAIRED	https://ftp.sra.ebi.ac.uk/vol1/fastq/ERR337/005/ERR3372095/ERR3372095_1.fastq.gz	https://ftp.sra.ebi.ac.uk/vol1/fastq/ERR337/005/ERR3372095/ERR3372095_2.fastq.gz
ERR3372101	PAIRED	https://ftp.sra.ebi.ac.uk/vol1/fastq/ERR337/001/ERR3372101/ERR3372101_1.fastq.gz	https://ftp.sra.ebi.ac.uk/vol1/fastq/ERR337/001/ERR3372101/ERR3372101_2.fastq.gz
ERR3372129	PAIRED	https://ftp.sra.ebi.ac.uk/vol1/fastq/ERR337/009/ERR3372129/ERR3372129_1.fastq.gz	https://ftp.sra.ebi.ac.uk/vol1/fastq/ERR337/009/ERR3372129/ERR3372129_2.fastq.gz
ERR3372184	PAIRED	https://ftp.sra.ebi.ac.uk/vol1/fastq/ERR337/004/ERR3372184/ERR3372184_1.fastq.gz	https://ftp.sra.ebi.ac.uk/vol1/fastq/ERR337/004/ERR3372184/ERR3372184_2.fastq.gz
ERR3372269	PAIRED	https://ftp.sra.ebi.ac.uk/vol1/fastq/ERR337/009/ERR3372269/ERR3372269_1.fastq.gz	https://ftp.sra.ebi.ac.uk/vol1/fastq/ERR337/009/ERR3372269/ERR3372269_2.fastq.gz
ERR3372281	PAIRED	https://ftp.sra.ebi.ac.uk/vol1/fastq/ERR337/001/ERR3372281/ERR3372281_1.fastq.gz	https://ftp.sra.ebi.ac.uk/vol1/fastq/ERR337/001/ERR3372281/ERR3372281_2.fastq.gz
ERR3372283	PAIRED	https://ftp.sra.ebi.ac.uk/vol1/fastq/ERR337/003/ERR3372283/ERR3372283_1.fastq.gz	https://ftp.sra.ebi.ac.uk/vol1/fastq/ERR337/003/ERR3372283/ERR3372283_2.fastq.gz
ERR3372301	PAIRED	https://ftp.sra.ebi.ac.uk/vol1/fastq/ERR337/001/ERR3372301/ERR3372301_1.fastq.gz	https://ftp.sra.ebi.ac.uk/vol1/fastq/ERR337/001/ERR3372301/ERR3372301_2.fastq.gz
ERR3372303	PAIRED	https://ftp.sra.ebi.ac.uk/vol1/fastq/ERR337/003/ERR3372303/ERR3372303_1.fastq.gz	https://ftp.sra.ebi.ac.uk/vol1/fastq/ERR337/003/ERR3372303/ERR3372303_2.fastq.gz
ERR3381669	PAIRED	https://ftp.sra.ebi.ac.uk/vol1/fastq/ERR338/009/ERR3381669/ERR3381669_1.fastq.gz	https://ftp.sra.ebi.ac.uk/vol1/fastq/ERR338/009/ERR3381669/ERR3381669_2.fastq.gz
ERR3381697	PAIRED	https://ftp.sra.ebi.ac.uk/vol1/fastq/ERR338/007/ERR3381697/ERR3381697_1.fastq.gz	https://ftp.sra.ebi.ac.uk/vol1/fastq/ERR338/007/ERR3381697/ERR3381697_2.fastq.gz
ERR3381734	PAIRED	https://ftp.sra.ebi.ac.uk/vol1/fastq/ERR338/004/ERR3381734/ERR3381734_1.fastq.gz	https://ftp.sra.ebi.ac.uk/vol1/fastq/ERR338/004/ERR3381734/ERR3381734_2.fastq.gz
ERR3381739	PAIRED	https://ftp.sra.ebi.ac.uk/vol1/fastq/ERR338/009/ERR3381739/ERR3381739_1.fastq.gz	https://ftp.sra.ebi.ac.uk/vol1/fastq/ERR338/009/ERR3381739/ERR3381739_2.fastq.gz
ERR3381754	PAIRED	https://ftp.sra.ebi.ac.uk/vol1/fastq/ERR338/004/ERR3381754/ERR3381754_1.fastq.gz	https://ftp.sra.ebi.ac.uk/vol1/fastq/ERR338/004/ERR3381754/ERR3381754_2.fastq.gz
ERR3381755	PAIRED	https://ftp.sra.ebi.ac.uk/vol1/fastq/ERR338/005/ERR3381755/ERR3381755_1.fastq.gz	https://ftp.sra.ebi.ac.uk/vol1/fastq/ERR338/005/ERR3381755/ERR3381755_2.fastq.gz
ERR3403037	PAIRED	https://ftp.sra.ebi.ac.uk/vol1/fastq/ERR340/007/ERR3403037/ERR3403037_1.fastq.gz	https://ftp.sra.ebi.ac.uk/vol1/fastq/ERR340/007/ERR3403037/ERR3403037_2.fastq.gz
ERR3403041	PAIRED	https://ftp.sra.ebi.ac.uk/vol1/fastq/ERR340/001/ERR3403041/ERR3403041_1.fastq.gz	https://ftp.sra.ebi.ac.uk/vol1/fastq/ERR340/001/ERR3403041/ERR3403041_2.fastq.gz
ERR3415948	PAIRED	https://ftp.sra.ebi.ac.uk/vol1/fastq/ERR341/008/ERR3415948/ERR3415948_1.fastq.gz	https://ftp.sra.ebi.ac.uk/vol1/fastq/ERR341/008/ERR3415948/ERR3415948_2.fastq.gz
ERR3415991	PAIRED	https://ftp.sra.ebi.ac.uk/vol1/fastq/ERR341/001/ERR3415991/ERR3415991_1.fastq.gz	https://ftp.sra.ebi.ac.uk/vol1/fastq/ERR341/001/ERR3415991/ERR3415991_2.fastq.gz
ERR3416054	PAIRED	https://ftp.sra.ebi.ac.uk/vol1/fastq/ERR341/004/ERR3416054/ERR3416054_1.fastq.gz	https://ftp.sra.ebi.ac.uk/vol1/fastq/ERR341/004/ERR3416054/ERR3416054_2.fastq.gz
ERR3424702	PAIRED	https://ftp.sra.ebi.ac.uk/vol1/fastq/ERR342/002/ERR3424702/ERR3424702_1.fastq.gz	https://ftp.sra.ebi.ac.uk/vol1/fastq/ERR342/002/ERR3424702/ERR3424702_2.fastq.gz
ERR3424707	PAIRED	https://ftp.sra.ebi.ac.uk/vol1/fastq/ERR342/007/ERR3424707/ERR3424707_1.fastq.gz	https://ftp.sra.ebi.ac.uk/vol1/fastq/ERR342/007/ERR3424707/ERR3424707_2.fastq.gz
ERR3424730	PAIRED	https://ftp.sra.ebi.ac.uk/vol1/fastq/ERR342/000/ERR3424730/ERR3424730_1.fastq.gz	https://ftp.sra.ebi.ac.uk/vol1/fastq/ERR342/000/ERR3424730/ERR3424730_2.fastq.gz
ERR3424740	PAIRED	https://ftp.sra.ebi.ac.uk/vol1/fastq/ERR342/000/ERR3424740/ERR3424740_1.fastq.gz	https://ftp.sra.ebi.ac.uk/vol1/fastq/ERR342/000/ERR3424740/ERR3424740_2.fastq.gz
ERR3424741	PAIRED	https://ftp.sra.ebi.ac.uk/vol1/fastq/ERR342/001/ERR3424741/ERR3424741_1.fastq.gz	https://ftp.sra.ebi.ac.uk/vol1/fastq/ERR342/001/ERR3424741/ERR3424741_2.fastq.gz
ERR3424766	PAIRED	https://ftp.sra.ebi.ac.uk/vol1/fastq/ERR342/006/ERR3424766/ERR3424766_1.fastq.gz	https://ftp.sra.ebi.ac.uk/vol1/fastq/ERR342/006/ERR3424766/ERR3424766_2.fastq.gz
ERR3424778	PAIRED	https://ftp.sra.ebi.ac.uk/vol1/fastq/ERR342/008/ERR3424778/ERR3424778_1.fastq.gz	https://ftp.sra.ebi.ac.uk/vol1/fastq/ERR342/008/ERR3424778/ERR3424778_2.fastq.gz
ERR3424791	PAIRED	https://ftp.sra.ebi.ac.uk/vol1/fastq/ERR342/001/ERR3424791/ERR3424791_1.fastq.gz	https://ftp.sra.ebi.ac.uk/vol1/fastq/ERR342/001/ERR3424791/ERR3424791_2.fastq.gz
ERR3437051	PAIRED	https://ftp.sra.ebi.ac.uk/vol1/fastq/ERR343/001/ERR3437051/ERR3437051_1.fastq.gz	https://ftp.sra.ebi.ac.uk/vol1/fastq/ERR343/001/ERR3437051/ERR3437051_2.fastq.gz
ERR3437052	PAIRED	https://ftp.sra.ebi.ac.uk/vol1/fastq/ERR343/002/ERR3437052/ERR3437052_1.fastq.gz	https://ftp.sra.ebi.ac.uk/vol1/fastq/ERR343/002/ERR3437052/ERR3437052_2.fastq.gz
ERR3437054	PAIRED	https://ftp.sra.ebi.ac.uk/vol1/fastq/ERR343/004/ERR3437054/ERR3437054_1.fastq.gz	https://ftp.sra.ebi.ac.uk/vol1/fastq/ERR343/004/ERR3437054/ERR3437054_2.fastq.gz
ERR3437055	PAIRED	https://ftp.sra.ebi.ac.uk/vol1/fastq/ERR343/005/ERR3437055/ERR3437055_1.fastq.gz	https://ftp.sra.ebi.ac.uk/vol1/fastq/ERR343/005/ERR3437055/ERR3437055_2.fastq.gz
ERR3440400	PAIRED	https://ftp.sra.ebi.ac.uk/vol1/fastq/ERR344/000/ERR3440400/ERR3440400_1.fastq.gz	https://ftp.sra.ebi.ac.uk/vol1/fastq/ERR344/000/ERR3440400/ERR3440400_2.fastq.gz
ERR3448444	PAIRED	https://ftp.sra.ebi.ac.uk/vol1/fastq/ERR344/004/ERR3448444/ERR3448444_1.fastq.gz	https://ftp.sra.ebi.ac.uk/vol1/fastq/ERR344/004/ERR3448444/ERR3448444_2.fastq.gz
ERR3448449	PAIRED	https://ftp.sra.ebi.ac.uk/vol1/fastq/ERR344/009/ERR3448449/ERR3448449_1.fastq.gz	https://ftp.sra.ebi.ac.uk/vol1/fastq/ERR344/009/ERR3448449/ERR3448449_2.fastq.gz
ERR3448454	PAIRED	https://ftp.sra.ebi.ac.uk/vol1/fastq/ERR344/004/ERR3448454/ERR3448454_1.fastq.gz	https://ftp.sra.ebi.ac.uk/vol1/fastq/ERR344/004/ERR3448454/ERR3448454_2.fastq.gz
ERR3448887	PAIRED	https://ftp.sra.ebi.ac.uk/vol1/fastq/ERR344/007/ERR3448887/ERR3448887_1.fastq.gz	https://ftp.sra.ebi.ac.uk/vol1/fastq/ERR344/007/ERR3448887/ERR3448887_2.fastq.gz
ERR3448889	PAIRED	https://ftp.sra.ebi.ac.uk/vol1/fastq/ERR344/009/ERR3448889/ERR3448889_1.fastq.gz	https://ftp.sra.ebi.ac.uk/vol1/fastq/ERR344/009/ERR3448889/ERR3448889_2.fastq.gz
ERR3448899	PAIRED	https://ftp.sra.ebi.ac.uk/vol1/fastq/ERR344/009/ERR3448899/ERR3448899_1.fastq.gz	https://ftp.sra.ebi.ac.uk/vol1/fastq/ERR344/009/ERR3448899/ERR3448899_2.fastq.gz
ERR3448901	PAIRED	https://ftp.sra.ebi.ac.uk/vol1/fastq/ERR344/001/ERR3448901/ERR3448901_1.fastq.gz	https://ftp.sra.ebi.ac.uk/vol1/fastq/ERR344/001/ERR3448901/ERR3448901_2.fastq.gz
ERR3448914	PAIRED	https://ftp.sra.ebi.ac.uk/vol1/fastq/ERR344/004/ERR3448914/ERR3448914_1.fastq.gz	https://ftp.sra.ebi.ac.uk/vol1/fastq/ERR344/004/ERR3448914/ERR3448914_2.fastq.gz
ERR3448929	PAIRED	https://ftp.sra.ebi.ac.uk/vol1/fastq/ERR344/009/ERR3448929/ERR3448929_1.fastq.gz	https://ftp.sra.ebi.ac.uk/vol1/fastq/ERR344/009/ERR3448929/ERR3448929_2.fastq.gz
ERR3448940	PAIRED	https://ftp.sra.ebi.ac.uk/vol1/fastq/ERR344/000/ERR3448940/ERR3448940_1.fastq.gz	https://ftp.sra.ebi.ac.uk/vol1/fastq/ERR344/000/ERR3448940/ERR3448940_2.fastq.gz
ERR3448971	PAIRED	https://ftp.sra.ebi.ac.uk/vol1/fastq/ERR344/001/ERR3448971/ERR3448971_1.fastq.gz	https://ftp.sra.ebi.ac.uk/vol1/fastq/ERR344/001/ERR3448971/ERR3448971_2.fastq.gz
ERR3449026	PAIRED	https://ftp.sra.ebi.ac.uk/vol1/fastq/ERR344/006/ERR3449026/ERR3449026_1.fastq.gz	https://ftp.sra.ebi.ac.uk/vol1/fastq/ERR344/006/ERR3449026/ERR3449026_2.fastq.gz
ERR3449028	PAIRED	https://ftp.sra.ebi.ac.uk/vol1/fastq/ERR344/008/ERR3449028/ERR3449028_1.fastq.gz	https://ftp.sra.ebi.ac.uk/vol1/fastq/ERR344/008/ERR3449028/ERR3449028_2.fastq.gz
ERR3449029	PAIRED	https://ftp.sra.ebi.ac.uk/vol1/fastq/ERR344/009/ERR3449029/ERR3449029_1.fastq.gz	https://ftp.sra.ebi.ac.uk/vol1/fastq/ERR344/009/ERR3449029/ERR3449029_2.fastq.gz
ERR3449063	PAIRED	https://ftp.sra.ebi.ac.uk/vol1/fastq/ERR344/003/ERR3449063/ERR3449063_1.fastq.gz	https://ftp.sra.ebi.ac.uk/vol1/fastq/ERR344/003/ERR3449063/ERR3449063_2.fastq.gz
ERR3449102	PAIRED	https://ftp.sra.ebi.ac.uk/vol1/fastq/ERR344/002/ERR3449102/ERR3449102_1.fastq.gz	https://ftp.sra.ebi.ac.uk/vol1/fastq/ERR344/002/ERR3449102/ERR3449102_2.fastq.gz
ERR3449132	PAIRED	https://ftp.sra.ebi.ac.uk/vol1/fastq/ERR344/002/ERR3449132/ERR3449132_1.fastq.gz	https://ftp.sra.ebi.ac.uk/vol1/fastq/ERR344/002/ERR3449132/ERR3449132_2.fastq.gz
ERR3449140	PAIRED	https://ftp.sra.ebi.ac.uk/vol1/fastq/ERR344/000/ERR3449140/ERR3449140_1.fastq.gz	https://ftp.sra.ebi.ac.uk/vol1/fastq/ERR344/000/ERR3449140/ERR3449140_2.fastq.gz
ERR3449141	PAIRED	https://ftp.sra.ebi.ac.uk/vol1/fastq/ERR344/001/ERR3449141/ERR3449141_1.fastq.gz	https://ftp.sra.ebi.ac.uk/vol1/fastq/ERR344/001/ERR3449141/ERR3449141_2.fastq.gz
ERR3449143	PAIRED	https://ftp.sra.ebi.ac.uk/vol1/fastq/ERR344/003/ERR3449143/ERR3449143_1.fastq.gz	https://ftp.sra.ebi.ac.uk/vol1/fastq/ERR344/003/ERR3449143/ERR3449143_2.fastq.gz
ERR3449145	PAIRED	https://ftp.sra.ebi.ac.uk/vol1/fastq/ERR344/005/ERR3449145/ERR3449145_1.fastq.gz	https://ftp.sra.ebi.ac.uk/vol1/fastq/ERR344/005/ERR3449145/ERR3449145_2.fastq.gz
ERR3449170	PAIRED	https://ftp.sra.ebi.ac.uk/vol1/fastq/ERR344/000/ERR3449170/ERR3449170_1.fastq.gz	https://ftp.sra.ebi.ac.uk/vol1/fastq/ERR344/000/ERR3449170/ERR3449170_2.fastq.gz
ERR3449174	PAIRED	https://ftp.sra.ebi.ac.uk/vol1/fastq/ERR344/004/ERR3449174/ERR3449174_1.fastq.gz	https://ftp.sra.ebi.ac.uk/vol1/fastq/ERR344/004/ERR3449174/ERR3449174_2.fastq.gz
ERR3449180	PAIRED	https://ftp.sra.ebi.ac.uk/vol1/fastq/ERR344/000/ERR3449180/ERR3449180_1.fastq.gz	https://ftp.sra.ebi.ac.uk/vol1/fastq/ERR344/000/ERR3449180/ERR3449180_2.fastq.gz
ERR3449230	PAIRED	https://ftp.sra.ebi.ac.uk/vol1/fastq/ERR344/000/ERR3449230/ERR3449230_1.fastq.gz	https://ftp.sra.ebi.ac.uk/vol1/fastq/ERR344/000/ERR3449230/ERR3449230_2.fastq.gz
ERR3449231	PAIRED	https://ftp.sra.ebi.ac.uk/vol1/fastq/ERR344/001/ERR3449231/ERR3449231_1.fastq.gz	https://ftp.sra.ebi.ac.uk/vol1/fastq/ERR344/001/ERR3449231/ERR3449231_2.fastq.gz
ERR3449270	PAIRED	https://ftp.sra.ebi.ac.uk/vol1/fastq/ERR344/000/ERR3449270/ERR3449270_1.fastq.gz	https://ftp.sra.ebi.ac.uk/vol1/fastq/ERR344/000/ERR3449270/ERR3449270_2.fastq.gz
ERR3449287	PAIRED	https://ftp.sra.ebi.ac.uk/vol1/fastq/ERR344/007/ERR3449287/ERR3449287_1.fastq.gz	https://ftp.sra.ebi.ac.uk/vol1/fastq/ERR344/007/ERR3449287/ERR3449287_2.fastq.gz
ERR3449305	PAIRED	https://ftp.sra.ebi.ac.uk/vol1/fastq/ERR344/005/ERR3449305/ERR3449305_1.fastq.gz	https://ftp.sra.ebi.ac.uk/vol1/fastq/ERR344/005/ERR3449305/ERR3449305_2.fastq.gz
ERR3449306	PAIRED	https://ftp.sra.ebi.ac.uk/vol1/fastq/ERR344/006/ERR3449306/ERR3449306_1.fastq.gz	https://ftp.sra.ebi.ac.uk/vol1/fastq/ERR344/006/ERR3449306/ERR3449306_2.fastq.gz
ERR3449307	PAIRED	https://ftp.sra.ebi.ac.uk/vol1/fastq/ERR344/007/ERR3449307/ERR3449307_1.fastq.gz	https://ftp.sra.ebi.ac.uk/vol1/fastq/ERR344/007/ERR3449307/ERR3449307_2.fastq.gz
ERR3449338	PAIRED	https://ftp.sra.ebi.ac.uk/vol1/fastq/ERR344/008/ERR3449338/ERR3449338_1.fastq.gz	https://ftp.sra.ebi.ac.uk/vol1/fastq/ERR344/008/ERR3449338/ERR3449338_2.fastq.gz
ERR3449346	PAIRED	https://ftp.sra.ebi.ac.uk/vol1/fastq/ERR344/006/ERR3449346/ERR3449346_1.fastq.gz	https://ftp.sra.ebi.ac.uk/vol1/fastq/ERR344/006/ERR3449346/ERR3449346_2.fastq.gz
ERR3449350	PAIRED	https://ftp.sra.ebi.ac.uk/vol1/fastq/ERR344/000/ERR3449350/ERR3449350_1.fastq.gz	https://ftp.sra.ebi.ac.uk/vol1/fastq/ERR344/000/ERR3449350/ERR3449350_2.fastq.gz
ERR3449355	PAIRED	https://ftp.sra.ebi.ac.uk/vol1/fastq/ERR344/005/ERR3449355/ERR3449355_1.fastq.gz	https://ftp.sra.ebi.ac.uk/vol1/fastq/ERR344/005/ERR3449355/ERR3449355_2.fastq.gz
ERR3449379	PAIRED	https://ftp.sra.ebi.ac.uk/vol1/fastq/ERR344/009/ERR3449379/ERR3449379_1.fastq.gz	https://ftp.sra.ebi.ac.uk/vol1/fastq/ERR344/009/ERR3449379/ERR3449379_2.fastq.gz
ERR3449380	PAIRED	https://ftp.sra.ebi.ac.uk/vol1/fastq/ERR344/000/ERR3449380/ERR3449380_1.fastq.gz	https://ftp.sra.ebi.ac.uk/vol1/fastq/ERR344/000/ERR3449380/ERR3449380_2.fastq.gz
ERR3449392	PAIRED	https://ftp.sra.ebi.ac.uk/vol1/fastq/ERR344/002/ERR3449392/ERR3449392_1.fastq.gz	https://ftp.sra.ebi.ac.uk/vol1/fastq/ERR344/002/ERR3449392/ERR3449392_2.fastq.gz
ERR3449440	PAIRED	https://ftp.sra.ebi.ac.uk/vol1/fastq/ERR344/000/ERR3449440/ERR3449440_1.fastq.gz	https://ftp.sra.ebi.ac.uk/vol1/fastq/ERR344/000/ERR3449440/ERR3449440_2.fastq.gz
ERR3449447	PAIRED	https://ftp.sra.ebi.ac.uk/vol1/fastq/ERR344/007/ERR3449447/ERR3449447_1.fastq.gz	https://ftp.sra.ebi.ac.uk/vol1/fastq/ERR344/007/ERR3449447/ERR3449447_2.fastq.gz
ERR3449448	PAIRED	https://ftp.sra.ebi.ac.uk/vol1/fastq/ERR344/008/ERR3449448/ERR3449448_1.fastq.gz	https://ftp.sra.ebi.ac.uk/vol1/fastq/ERR344/008/ERR3449448/ERR3449448_2.fastq.gz
ERR3449454	PAIRED	https://ftp.sra.ebi.ac.uk/vol1/fastq/ERR344/004/ERR3449454/ERR3449454_1.fastq.gz	https://ftp.sra.ebi.ac.uk/vol1/fastq/ERR344/004/ERR3449454/ERR3449454_2.fastq.gz
ERR3449470	PAIRED	https://ftp.sra.ebi.ac.uk/vol1/fastq/ERR344/000/ERR3449470/ERR3449470_1.fastq.gz	https://ftp.sra.ebi.ac.uk/vol1/fastq/ERR344/000/ERR3449470/ERR3449470_2.fastq.gz
ERR3449509	PAIRED	https://ftp.sra.ebi.ac.uk/vol1/fastq/ERR344/009/ERR3449509/ERR3449509_1.fastq.gz	https://ftp.sra.ebi.ac.uk/vol1/fastq/ERR344/009/ERR3449509/ERR3449509_2.fastq.gz
ERR3449530	PAIRED	https://ftp.sra.ebi.ac.uk/vol1/fastq/ERR344/000/ERR3449530/ERR3449530_1.fastq.gz	https://ftp.sra.ebi.ac.uk/vol1/fastq/ERR344/000/ERR3449530/ERR3449530_2.fastq.gz
ERR3449532	PAIRED	https://ftp.sra.ebi.ac.uk/vol1/fastq/ERR344/002/ERR3449532/ERR3449532_1.fastq.gz	https://ftp.sra.ebi.ac.uk/vol1/fastq/ERR344/002/ERR3449532/ERR3449532_2.fastq.gz
ERR3449541	PAIRED	https://ftp.sra.ebi.ac.uk/vol1/fastq/ERR344/001/ERR3449541/ERR3449541_1.fastq.gz	https://ftp.sra.ebi.ac.uk/vol1/fastq/ERR344/001/ERR3449541/ERR3449541_2.fastq.gz
ERR3449543	PAIRED	https://ftp.sra.ebi.ac.uk/vol1/fastq/ERR344/003/ERR3449543/ERR3449543_1.fastq.gz	https://ftp.sra.ebi.ac.uk/vol1/fastq/ERR344/003/ERR3449543/ERR3449543_2.fastq.gz
ERR3449551	PAIRED	https://ftp.sra.ebi.ac.uk/vol1/fastq/ERR344/001/ERR3449551/ERR3449551_1.fastq.gz	https://ftp.sra.ebi.ac.uk/vol1/fastq/ERR344/001/ERR3449551/ERR3449551_2.fastq.gz
ERR3449559	PAIRED	https://ftp.sra.ebi.ac.uk/vol1/fastq/ERR344/009/ERR3449559/ERR3449559_1.fastq.gz	https://ftp.sra.ebi.ac.uk/vol1/fastq/ERR344/009/ERR3449559/ERR3449559_2.fastq.gz
ERR3449560	PAIRED	https://ftp.sra.ebi.ac.uk/vol1/fastq/ERR344/000/ERR3449560/ERR3449560_1.fastq.gz	https://ftp.sra.ebi.ac.uk/vol1/fastq/ERR344/000/ERR3449560/ERR3449560_2.fastq.gz
ERR3453498	PAIRED	https://ftp.sra.ebi.ac.uk/vol1/fastq/ERR345/008/ERR3453498/ERR3453498_1.fastq.gz	https://ftp.sra.ebi.ac.uk/vol1/fastq/ERR345/008/ERR3453498/ERR3453498_2.fastq.gz
ERR3469781	PAIRED	https://ftp.sra.ebi.ac.uk/vol1/fastq/ERR346/001/ERR3469781/ERR3469781_1.fastq.gz	https://ftp.sra.ebi.ac.uk/vol1/fastq/ERR346/001/ERR3469781/ERR3469781_2.fastq.gz
ERR3469791	PAIRED	https://ftp.sra.ebi.ac.uk/vol1/fastq/ERR346/001/ERR3469791/ERR3469791_1.fastq.gz	https://ftp.sra.ebi.ac.uk/vol1/fastq/ERR346/001/ERR3469791/ERR3469791_2.fastq.gz
ERR3469796	PAIRED	https://ftp.sra.ebi.ac.uk/vol1/fastq/ERR346/006/ERR3469796/ERR3469796_1.fastq.gz	https://ftp.sra.ebi.ac.uk/vol1/fastq/ERR346/006/ERR3469796/ERR3469796_2.fastq.gz
ERR3469811	PAIRED	https://ftp.sra.ebi.ac.uk/vol1/fastq/ERR346/001/ERR3469811/ERR3469811_1.fastq.gz	https://ftp.sra.ebi.ac.uk/vol1/fastq/ERR346/001/ERR3469811/ERR3469811_2.fastq.gz
ERR3469826	PAIRED	https://ftp.sra.ebi.ac.uk/vol1/fastq/ERR346/006/ERR3469826/ERR3469826_1.fastq.gz	https://ftp.sra.ebi.ac.uk/vol1/fastq/ERR346/006/ERR3469826/ERR3469826_2.fastq.gz
ERR3469862	PAIRED	https://ftp.sra.ebi.ac.uk/vol1/fastq/ERR346/002/ERR3469862/ERR3469862_1.fastq.gz	https://ftp.sra.ebi.ac.uk/vol1/fastq/ERR346/002/ERR3469862/ERR3469862_2.fastq.gz
ERR3469867	PAIRED	https://ftp.sra.ebi.ac.uk/vol1/fastq/ERR346/007/ERR3469867/ERR3469867_1.fastq.gz	https://ftp.sra.ebi.ac.uk/vol1/fastq/ERR346/007/ERR3469867/ERR3469867_2.fastq.gz
ERR3469868	PAIRED	https://ftp.sra.ebi.ac.uk/vol1/fastq/ERR346/008/ERR3469868/ERR3469868_1.fastq.gz	https://ftp.sra.ebi.ac.uk/vol1/fastq/ERR346/008/ERR3469868/ERR3469868_2.fastq.gz
ERR3469881	PAIRED	https://ftp.sra.ebi.ac.uk/vol1/fastq/ERR346/001/ERR3469881/ERR3469881_1.fastq.gz	https://ftp.sra.ebi.ac.uk/vol1/fastq/ERR346/001/ERR3469881/ERR3469881_2.fastq.gz
ERR3479908	PAIRED	https://ftp.sra.ebi.ac.uk/vol1/fastq/ERR347/008/ERR3479908/ERR3479908_1.fastq.gz	https://ftp.sra.ebi.ac.uk/vol1/fastq/ERR347/008/ERR3479908/ERR3479908_2.fastq.gz
ERR3479915	PAIRED	https://ftp.sra.ebi.ac.uk/vol1/fastq/ERR347/005/ERR3479915/ERR3479915_1.fastq.gz	https://ftp.sra.ebi.ac.uk/vol1/fastq/ERR347/005/ERR3479915/ERR3479915_2.fastq.gz
ERR3479951	PAIRED	https://ftp.sra.ebi.ac.uk/vol1/fastq/ERR347/001/ERR3479951/ERR3479951_1.fastq.gz	https://ftp.sra.ebi.ac.uk/vol1/fastq/ERR347/001/ERR3479951/ERR3479951_2.fastq.gz
ERR3479952	PAIRED	https://ftp.sra.ebi.ac.uk/vol1/fastq/ERR347/002/ERR3479952/ERR3479952_1.fastq.gz	https://ftp.sra.ebi.ac.uk/vol1/fastq/ERR347/002/ERR3479952/ERR3479952_2.fastq.gz
ERR3480018	PAIRED	https://ftp.sra.ebi.ac.uk/vol1/fastq/ERR348/008/ERR3480018/ERR3480018_1.fastq.gz	https://ftp.sra.ebi.ac.uk/vol1/fastq/ERR348/008/ERR3480018/ERR3480018_2.fastq.gz
ERR3480034	PAIRED	https://ftp.sra.ebi.ac.uk/vol1/fastq/ERR348/004/ERR3480034/ERR3480034_1.fastq.gz	https://ftp.sra.ebi.ac.uk/vol1/fastq/ERR348/004/ERR3480034/ERR3480034_2.fastq.gz
ERR3480035	PAIRED	https://ftp.sra.ebi.ac.uk/vol1/fastq/ERR348/005/ERR3480035/ERR3480035_1.fastq.gz	https://ftp.sra.ebi.ac.uk/vol1/fastq/ERR348/005/ERR3480035/ERR3480035_2.fastq.gz
ERR3480037	PAIRED	https://ftp.sra.ebi.ac.uk/vol1/fastq/ERR348/007/ERR3480037/ERR3480037_1.fastq.gz	https://ftp.sra.ebi.ac.uk/vol1/fastq/ERR348/007/ERR3480037/ERR3480037_2.fastq.gz
ERR3480052	PAIRED	https://ftp.sra.ebi.ac.uk/vol1/fastq/ERR348/002/ERR3480052/ERR3480052_1.fastq.gz	https://ftp.sra.ebi.ac.uk/vol1/fastq/ERR348/002/ERR3480052/ERR3480052_2.fastq.gz
ERR3480074	PAIRED	https://ftp.sra.ebi.ac.uk/vol1/fastq/ERR348/004/ERR3480074/ERR3480074_1.fastq.gz	https://ftp.sra.ebi.ac.uk/vol1/fastq/ERR348/004/ERR3480074/ERR3480074_2.fastq.gz
ERR3480080	PAIRED	https://ftp.sra.ebi.ac.uk/vol1/fastq/ERR348/000/ERR3480080/ERR3480080_1.fastq.gz	https://ftp.sra.ebi.ac.uk/vol1/fastq/ERR348/000/ERR3480080/ERR3480080_2.fastq.gz
ERR3480111	PAIRED	https://ftp.sra.ebi.ac.uk/vol1/fastq/ERR348/001/ERR3480111/ERR3480111_1.fastq.gz	https://ftp.sra.ebi.ac.uk/vol1/fastq/ERR348/001/ERR3480111/ERR3480111_2.fastq.gz
ERR3480112	PAIRED	https://ftp.sra.ebi.ac.uk/vol1/fastq/ERR348/002/ERR3480112/ERR3480112_1.fastq.gz	https://ftp.sra.ebi.ac.uk/vol1/fastq/ERR348/002/ERR3480112/ERR3480112_2.fastq.gz
ERR3480114	PAIRED	https://ftp.sra.ebi.ac.uk/vol1/fastq/ERR348/004/ERR3480114/ERR3480114_1.fastq.gz	https://ftp.sra.ebi.ac.uk/vol1/fastq/ERR348/004/ERR3480114/ERR3480114_2.fastq.gz
ERR3480115	PAIRED	https://ftp.sra.ebi.ac.uk/vol1/fastq/ERR348/005/ERR3480115/ERR3480115_1.fastq.gz	https://ftp.sra.ebi.ac.uk/vol1/fastq/ERR348/005/ERR3480115/ERR3480115_2.fastq.gz
ERR3480117	PAIRED	https://ftp.sra.ebi.ac.uk/vol1/fastq/ERR348/007/ERR3480117/ERR3480117_1.fastq.gz	https://ftp.sra.ebi.ac.uk/vol1/fastq/ERR348/007/ERR3480117/ERR3480117_2.fastq.gz
ERR3480119	PAIRED	https://ftp.sra.ebi.ac.uk/vol1/fastq/ERR348/009/ERR3480119/ERR3480119_1.fastq.gz	https://ftp.sra.ebi.ac.uk/vol1/fastq/ERR348/009/ERR3480119/ERR3480119_2.fastq.gz
ERR3480134	PAIRED	https://ftp.sra.ebi.ac.uk/vol1/fastq/ERR348/004/ERR3480134/ERR3480134_1.fastq.gz	https://ftp.sra.ebi.ac.uk/vol1/fastq/ERR348/004/ERR3480134/ERR3480134_2.fastq.gz
ERR3480183	PAIRED	https://ftp.sra.ebi.ac.uk/vol1/fastq/ERR348/003/ERR3480183/ERR3480183_1.fastq.gz	https://ftp.sra.ebi.ac.uk/vol1/fastq/ERR348/003/ERR3480183/ERR3480183_2.fastq.gz
ERR3480209	PAIRED	https://ftp.sra.ebi.ac.uk/vol1/fastq/ERR348/009/ERR3480209/ERR3480209_1.fastq.gz	https://ftp.sra.ebi.ac.uk/vol1/fastq/ERR348/009/ERR3480209/ERR3480209_2.fastq.gz
ERR3480240	PAIRED	https://ftp.sra.ebi.ac.uk/vol1/fastq/ERR348/000/ERR3480240/ERR3480240_1.fastq.gz	https://ftp.sra.ebi.ac.uk/vol1/fastq/ERR348/000/ERR3480240/ERR3480240_2.fastq.gz
ERR3480265	PAIRED	https://ftp.sra.ebi.ac.uk/vol1/fastq/ERR348/005/ERR3480265/ERR3480265_1.fastq.gz	https://ftp.sra.ebi.ac.uk/vol1/fastq/ERR348/005/ERR3480265/ERR3480265_2.fastq.gz
ERR3480278	PAIRED	https://ftp.sra.ebi.ac.uk/vol1/fastq/ERR348/008/ERR3480278/ERR3480278_1.fastq.gz	https://ftp.sra.ebi.ac.uk/vol1/fastq/ERR348/008/ERR3480278/ERR3480278_2.fastq.gz
ERR3480283	PAIRED	https://ftp.sra.ebi.ac.uk/vol1/fastq/ERR348/003/ERR3480283/ERR3480283_1.fastq.gz	https://ftp.sra.ebi.ac.uk/vol1/fastq/ERR348/003/ERR3480283/ERR3480283_2.fastq.gz
ERR3480293	PAIRED	https://ftp.sra.ebi.ac.uk/vol1/fastq/ERR348/003/ERR3480293/ERR3480293_1.fastq.gz	https://ftp.sra.ebi.ac.uk/vol1/fastq/ERR348/003/ERR3480293/ERR3480293_2.fastq.gz
ERR3480297	PAIRED	https://ftp.sra.ebi.ac.uk/vol1/fastq/ERR348/007/ERR3480297/ERR3480297_1.fastq.gz	https://ftp.sra.ebi.ac.uk/vol1/fastq/ERR348/007/ERR3480297/ERR3480297_2.fastq.gz
ERR3480305	PAIRED	https://ftp.sra.ebi.ac.uk/vol1/fastq/ERR348/005/ERR3480305/ERR3480305_1.fastq.gz	https://ftp.sra.ebi.ac.uk/vol1/fastq/ERR348/005/ERR3480305/ERR3480305_2.fastq.gz
ERR3480357	PAIRED	https://ftp.sra.ebi.ac.uk/vol1/fastq/ERR348/007/ERR3480357/ERR3480357_1.fastq.gz	https://ftp.sra.ebi.ac.uk/vol1/fastq/ERR348/007/ERR3480357/ERR3480357_2.fastq.gz
ERR3480363	PAIRED	https://ftp.sra.ebi.ac.uk/vol1/fastq/ERR348/003/ERR3480363/ERR3480363_1.fastq.gz	https://ftp.sra.ebi.ac.uk/vol1/fastq/ERR348/003/ERR3480363/ERR3480363_2.fastq.gz
ERR3480383	PAIRED	https://ftp.sra.ebi.ac.uk/vol1/fastq/ERR348/003/ERR3480383/ERR3480383_1.fastq.gz	https://ftp.sra.ebi.ac.uk/vol1/fastq/ERR348/003/ERR3480383/ERR3480383_2.fastq.gz
ERR3480391	PAIRED	https://ftp.sra.ebi.ac.uk/vol1/fastq/ERR348/001/ERR3480391/ERR3480391_1.fastq.gz	https://ftp.sra.ebi.ac.uk/vol1/fastq/ERR348/001/ERR3480391/ERR3480391_2.fastq.gz
ERR3480420	PAIRED	https://ftp.sra.ebi.ac.uk/vol1/fastq/ERR348/000/ERR3480420/ERR3480420_1.fastq.gz	https://ftp.sra.ebi.ac.uk/vol1/fastq/ERR348/000/ERR3480420/ERR3480420_2.fastq.gz
ERR3480447	PAIRED	https://ftp.sra.ebi.ac.uk/vol1/fastq/ERR348/007/ERR3480447/ERR3480447_1.fastq.gz	https://ftp.sra.ebi.ac.uk/vol1/fastq/ERR348/007/ERR3480447/ERR3480447_2.fastq.gz
ERR3480506	PAIRED	https://ftp.sra.ebi.ac.uk/vol1/fastq/ERR348/006/ERR3480506/ERR3480506_1.fastq.gz	https://ftp.sra.ebi.ac.uk/vol1/fastq/ERR348/006/ERR3480506/ERR3480506_2.fastq.gz
ERR3480515	PAIRED	https://ftp.sra.ebi.ac.uk/vol1/fastq/ERR348/005/ERR3480515/ERR3480515_1.fastq.gz	https://ftp.sra.ebi.ac.uk/vol1/fastq/ERR348/005/ERR3480515/ERR3480515_2.fastq.gz
ERR3480534	PAIRED	https://ftp.sra.ebi.ac.uk/vol1/fastq/ERR348/004/ERR3480534/ERR3480534_1.fastq.gz	https://ftp.sra.ebi.ac.uk/vol1/fastq/ERR348/004/ERR3480534/ERR3480534_2.fastq.gz
ERR3480543	PAIRED	https://ftp.sra.ebi.ac.uk/vol1/fastq/ERR348/003/ERR3480543/ERR3480543_1.fastq.gz	https://ftp.sra.ebi.ac.uk/vol1/fastq/ERR348/003/ERR3480543/ERR3480543_2.fastq.gz
ERR3480545	PAIRED	https://ftp.sra.ebi.ac.uk/vol1/fastq/ERR348/005/ERR3480545/ERR3480545_1.fastq.gz	https://ftp.sra.ebi.ac.uk/vol1/fastq/ERR348/005/ERR3480545/ERR3480545_2.fastq.gz
ERR3480564	PAIRED	https://ftp.sra.ebi.ac.uk/vol1/fastq/ERR348/004/ERR3480564/ERR3480564_1.fastq.gz	https://ftp.sra.ebi.ac.uk/vol1/fastq/ERR348/004/ERR3480564/ERR3480564_2.fastq.gz
ERR3480580	PAIRED	https://ftp.sra.ebi.ac.uk/vol1/fastq/ERR348/000/ERR3480580/ERR3480580_1.fastq.gz	https://ftp.sra.ebi.ac.uk/vol1/fastq/ERR348/000/ERR3480580/ERR3480580_2.fastq.gz
ERR3480591	PAIRED	https://ftp.sra.ebi.ac.uk/vol1/fastq/ERR348/001/ERR3480591/ERR3480591_1.fastq.gz	https://ftp.sra.ebi.ac.uk/vol1/fastq/ERR348/001/ERR3480591/ERR3480591_2.fastq.gz
ERR3480593	PAIRED	https://ftp.sra.ebi.ac.uk/vol1/fastq/ERR348/003/ERR3480593/ERR3480593_1.fastq.gz	https://ftp.sra.ebi.ac.uk/vol1/fastq/ERR348/003/ERR3480593/ERR3480593_2.fastq.gz
ERR3480596	PAIRED	https://ftp.sra.ebi.ac.uk/vol1/fastq/ERR348/006/ERR3480596/ERR3480596_1.fastq.gz	https://ftp.sra.ebi.ac.uk/vol1/fastq/ERR348/006/ERR3480596/ERR3480596_2.fastq.gz
ERR3480621	PAIRED	https://ftp.sra.ebi.ac.uk/vol1/fastq/ERR348/001/ERR3480621/ERR3480621_1.fastq.gz	https://ftp.sra.ebi.ac.uk/vol1/fastq/ERR348/001/ERR3480621/ERR3480621_2.fastq.gz
ERR3480633	PAIRED	https://ftp.sra.ebi.ac.uk/vol1/fastq/ERR348/003/ERR3480633/ERR3480633_1.fastq.gz	https://ftp.sra.ebi.ac.uk/vol1/fastq/ERR348/003/ERR3480633/ERR3480633_2.fastq.gz
ERR3480651	PAIRED	https://ftp.sra.ebi.ac.uk/vol1/fastq/ERR348/001/ERR3480651/ERR3480651_1.fastq.gz	https://ftp.sra.ebi.ac.uk/vol1/fastq/ERR348/001/ERR3480651/ERR3480651_2.fastq.gz
ERR3480669	PAIRED	https://ftp.sra.ebi.ac.uk/vol1/fastq/ERR348/009/ERR3480669/ERR3480669_1.fastq.gz	https://ftp.sra.ebi.ac.uk/vol1/fastq/ERR348/009/ERR3480669/ERR3480669_2.fastq.gz
ERR349784	PAIRED	https://ftp.sra.ebi.ac.uk/vol1/fastq/ERR349/ERR349784/ERR349784_1.fastq.gz	https://ftp.sra.ebi.ac.uk/vol1/fastq/ERR349/ERR349784/ERR349784_2.fastq.gz
ERR349796	PAIRED	https://ftp.sra.ebi.ac.uk/vol1/fastq/ERR349/ERR349796/ERR349796_1.fastq.gz	https://ftp.sra.ebi.ac.uk/vol1/fastq/ERR349/ERR349796/ERR349796_2.fastq.gz
ERR349809	PAIRED	https://ftp.sra.ebi.ac.uk/vol1/fastq/ERR349/ERR349809/ERR349809_1.fastq.gz	https://ftp.sra.ebi.ac.uk/vol1/fastq/ERR349/ERR349809/ERR349809_2.fastq.gz
ERR349817	PAIRED	https://ftp.sra.ebi.ac.uk/vol1/fastq/ERR349/ERR349817/ERR349817_1.fastq.gz	https://ftp.sra.ebi.ac.uk/vol1/fastq/ERR349/ERR349817/ERR349817_2.fastq.gz
ERR3499844	PAIRED	https://ftp.sra.ebi.ac.uk/vol1/fastq/ERR349/004/ERR3499844/ERR3499844_1.fastq.gz	https://ftp.sra.ebi.ac.uk/vol1/fastq/ERR349/004/ERR3499844/ERR3499844_2.fastq.gz
ERR3499848	PAIRED	https://ftp.sra.ebi.ac.uk/vol1/fastq/ERR349/008/ERR3499848/ERR3499848_1.fastq.gz	https://ftp.sra.ebi.ac.uk/vol1/fastq/ERR349/008/ERR3499848/ERR3499848_2.fastq.gz
ERR3499857	PAIRED	https://ftp.sra.ebi.ac.uk/vol1/fastq/ERR349/007/ERR3499857/ERR3499857_1.fastq.gz	https://ftp.sra.ebi.ac.uk/vol1/fastq/ERR349/007/ERR3499857/ERR3499857_2.fastq.gz
ERR3499875	PAIRED	https://ftp.sra.ebi.ac.uk/vol1/fastq/ERR349/005/ERR3499875/ERR3499875_1.fastq.gz	https://ftp.sra.ebi.ac.uk/vol1/fastq/ERR349/005/ERR3499875/ERR3499875_2.fastq.gz
ERR3499888	PAIRED	https://ftp.sra.ebi.ac.uk/vol1/fastq/ERR349/008/ERR3499888/ERR3499888_1.fastq.gz	https://ftp.sra.ebi.ac.uk/vol1/fastq/ERR349/008/ERR3499888/ERR3499888_2.fastq.gz
ERR3499889	PAIRED	https://ftp.sra.ebi.ac.uk/vol1/fastq/ERR349/009/ERR3499889/ERR3499889_1.fastq.gz	https://ftp.sra.ebi.ac.uk/vol1/fastq/ERR349/009/ERR3499889/ERR3499889_2.fastq.gz
ERR3499891	PAIRED	https://ftp.sra.ebi.ac.uk/vol1/fastq/ERR349/001/ERR3499891/ERR3499891_1.fastq.gz	https://ftp.sra.ebi.ac.uk/vol1/fastq/ERR349/001/ERR3499891/ERR3499891_2.fastq.gz
ERR3499893	PAIRED	https://ftp.sra.ebi.ac.uk/vol1/fastq/ERR349/003/ERR3499893/ERR3499893_1.fastq.gz	https://ftp.sra.ebi.ac.uk/vol1/fastq/ERR349/003/ERR3499893/ERR3499893_2.fastq.gz
ERR3499895	PAIRED	https://ftp.sra.ebi.ac.uk/vol1/fastq/ERR349/005/ERR3499895/ERR3499895_1.fastq.gz	https://ftp.sra.ebi.ac.uk/vol1/fastq/ERR349/005/ERR3499895/ERR3499895_2.fastq.gz
ERR3499909	PAIRED	https://ftp.sra.ebi.ac.uk/vol1/fastq/ERR349/009/ERR3499909/ERR3499909_1.fastq.gz	https://ftp.sra.ebi.ac.uk/vol1/fastq/ERR349/009/ERR3499909/ERR3499909_2.fastq.gz
ERR3499917	PAIRED	https://ftp.sra.ebi.ac.uk/vol1/fastq/ERR349/007/ERR3499917/ERR3499917_1.fastq.gz	https://ftp.sra.ebi.ac.uk/vol1/fastq/ERR349/007/ERR3499917/ERR3499917_2.fastq.gz
ERR3499935	PAIRED	https://ftp.sra.ebi.ac.uk/vol1/fastq/ERR349/005/ERR3499935/ERR3499935_1.fastq.gz	https://ftp.sra.ebi.ac.uk/vol1/fastq/ERR349/005/ERR3499935/ERR3499935_2.fastq.gz
ERR3518885	PAIRED	https://ftp.sra.ebi.ac.uk/vol1/fastq/ERR351/005/ERR3518885/ERR3518885_1.fastq.gz	https://ftp.sra.ebi.ac.uk/vol1/fastq/ERR351/005/ERR3518885/ERR3518885_2.fastq.gz
ERR3535471	PAIRED	https://ftp.sra.ebi.ac.uk/vol1/fastq/ERR353/001/ERR3535471/ERR3535471_1.fastq.gz	https://ftp.sra.ebi.ac.uk/vol1/fastq/ERR353/001/ERR3535471/ERR3535471_2.fastq.gz
ERR3562232	PAIRED	https://ftp.sra.ebi.ac.uk/vol1/fastq/ERR356/002/ERR3562232/ERR3562232_1.fastq.gz	https://ftp.sra.ebi.ac.uk/vol1/fastq/ERR356/002/ERR3562232/ERR3562232_2.fastq.gz
ERR3562281	PAIRED	https://ftp.sra.ebi.ac.uk/vol1/fastq/ERR356/001/ERR3562281/ERR3562281_1.fastq.gz	https://ftp.sra.ebi.ac.uk/vol1/fastq/ERR356/001/ERR3562281/ERR3562281_2.fastq.gz
ERR3562292	PAIRED	https://ftp.sra.ebi.ac.uk/vol1/fastq/ERR356/002/ERR3562292/ERR3562292_1.fastq.gz	https://ftp.sra.ebi.ac.uk/vol1/fastq/ERR356/002/ERR3562292/ERR3562292_2.fastq.gz
ERR3562296	PAIRED	https://ftp.sra.ebi.ac.uk/vol1/fastq/ERR356/006/ERR3562296/ERR3562296_1.fastq.gz	https://ftp.sra.ebi.ac.uk/vol1/fastq/ERR356/006/ERR3562296/ERR3562296_2.fastq.gz
ERR3564478	PAIRED	https://ftp.sra.ebi.ac.uk/vol1/fastq/ERR356/008/ERR3564478/ERR3564478_1.fastq.gz	https://ftp.sra.ebi.ac.uk/vol1/fastq/ERR356/008/ERR3564478/ERR3564478_2.fastq.gz
ERR3567198	PAIRED	https://ftp.sra.ebi.ac.uk/vol1/fastq/ERR356/008/ERR3567198/ERR3567198_1.fastq.gz	https://ftp.sra.ebi.ac.uk/vol1/fastq/ERR356/008/ERR3567198/ERR3567198_2.fastq.gz
ERR3567269	PAIRED	https://ftp.sra.ebi.ac.uk/vol1/fastq/ERR356/009/ERR3567269/ERR3567269_1.fastq.gz	https://ftp.sra.ebi.ac.uk/vol1/fastq/ERR356/009/ERR3567269/ERR3567269_2.fastq.gz
ERR3567343	PAIRED	https://ftp.sra.ebi.ac.uk/vol1/fastq/ERR356/003/ERR3567343/ERR3567343_1.fastq.gz	https://ftp.sra.ebi.ac.uk/vol1/fastq/ERR356/003/ERR3567343/ERR3567343_2.fastq.gz
ERR3567356	PAIRED	https://ftp.sra.ebi.ac.uk/vol1/fastq/ERR356/006/ERR3567356/ERR3567356_1.fastq.gz	https://ftp.sra.ebi.ac.uk/vol1/fastq/ERR356/006/ERR3567356/ERR3567356_2.fastq.gz
ERR3567468	PAIRED	https://ftp.sra.ebi.ac.uk/vol1/fastq/ERR356/008/ERR3567468/ERR3567468_1.fastq.gz	https://ftp.sra.ebi.ac.uk/vol1/fastq/ERR356/008/ERR3567468/ERR3567468_2.fastq.gz
ERR3567511	PAIRED	https://ftp.sra.ebi.ac.uk/vol1/fastq/ERR356/001/ERR3567511/ERR3567511_1.fastq.gz	https://ftp.sra.ebi.ac.uk/vol1/fastq/ERR356/001/ERR3567511/ERR3567511_2.fastq.gz
ERR3567550	PAIRED	https://ftp.sra.ebi.ac.uk/vol1/fastq/ERR356/000/ERR3567550/ERR3567550_1.fastq.gz	https://ftp.sra.ebi.ac.uk/vol1/fastq/ERR356/000/ERR3567550/ERR3567550_2.fastq.gz
ERR3567885	PAIRED	https://ftp.sra.ebi.ac.uk/vol1/fastq/ERR356/005/ERR3567885/ERR3567885_1.fastq.gz	https://ftp.sra.ebi.ac.uk/vol1/fastq/ERR356/005/ERR3567885/ERR3567885_2.fastq.gz
ERR3575024	PAIRED	https://ftp.sra.ebi.ac.uk/vol1/fastq/ERR357/004/ERR3575024/ERR3575024_1.fastq.gz	https://ftp.sra.ebi.ac.uk/vol1/fastq/ERR357/004/ERR3575024/ERR3575024_2.fastq.gz
ERR3584893	PAIRED	https://ftp.sra.ebi.ac.uk/vol1/fastq/ERR358/003/ERR3584893/ERR3584893_1.fastq.gz	https://ftp.sra.ebi.ac.uk/vol1/fastq/ERR358/003/ERR3584893/ERR3584893_2.fastq.gz
ERR3585111	PAIRED	https://ftp.sra.ebi.ac.uk/vol1/fastq/ERR358/001/ERR3585111/ERR3585111_1.fastq.gz	https://ftp.sra.ebi.ac.uk/vol1/fastq/ERR358/001/ERR3585111/ERR3585111_2.fastq.gz
ERR3585118	PAIRED	https://ftp.sra.ebi.ac.uk/vol1/fastq/ERR358/008/ERR3585118/ERR3585118_1.fastq.gz	https://ftp.sra.ebi.ac.uk/vol1/fastq/ERR358/008/ERR3585118/ERR3585118_2.fastq.gz
ERR3585225	PAIRED	https://ftp.sra.ebi.ac.uk/vol1/fastq/ERR358/005/ERR3585225/ERR3585225_1.fastq.gz	https://ftp.sra.ebi.ac.uk/vol1/fastq/ERR358/005/ERR3585225/ERR3585225_2.fastq.gz
ERR3585271	PAIRED	https://ftp.sra.ebi.ac.uk/vol1/fastq/ERR358/001/ERR3585271/ERR3585271_1.fastq.gz	https://ftp.sra.ebi.ac.uk/vol1/fastq/ERR358/001/ERR3585271/ERR3585271_2.fastq.gz
ERR3585282	PAIRED	https://ftp.sra.ebi.ac.uk/vol1/fastq/ERR358/002/ERR3585282/ERR3585282_1.fastq.gz	https://ftp.sra.ebi.ac.uk/vol1/fastq/ERR358/002/ERR3585282/ERR3585282_2.fastq.gz
ERR3585293	PAIRED	https://ftp.sra.ebi.ac.uk/vol1/fastq/ERR358/003/ERR3585293/ERR3585293_1.fastq.gz	https://ftp.sra.ebi.ac.uk/vol1/fastq/ERR358/003/ERR3585293/ERR3585293_2.fastq.gz
ERR3585305	PAIRED	https://ftp.sra.ebi.ac.uk/vol1/fastq/ERR358/005/ERR3585305/ERR3585305_1.fastq.gz	https://ftp.sra.ebi.ac.uk/vol1/fastq/ERR358/005/ERR3585305/ERR3585305_2.fastq.gz
ERR3585361	PAIRED	https://ftp.sra.ebi.ac.uk/vol1/fastq/ERR358/001/ERR3585361/ERR3585361_1.fastq.gz	https://ftp.sra.ebi.ac.uk/vol1/fastq/ERR358/001/ERR3585361/ERR3585361_2.fastq.gz
ERR3585366	PAIRED	https://ftp.sra.ebi.ac.uk/vol1/fastq/ERR358/006/ERR3585366/ERR3585366_1.fastq.gz	https://ftp.sra.ebi.ac.uk/vol1/fastq/ERR358/006/ERR3585366/ERR3585366_2.fastq.gz
ERR3585392	PAIRED	https://ftp.sra.ebi.ac.uk/vol1/fastq/ERR358/002/ERR3585392/ERR3585392_1.fastq.gz	https://ftp.sra.ebi.ac.uk/vol1/fastq/ERR358/002/ERR3585392/ERR3585392_2.fastq.gz
ERR3585408	PAIRED	https://ftp.sra.ebi.ac.uk/vol1/fastq/ERR358/008/ERR3585408/ERR3585408_1.fastq.gz	https://ftp.sra.ebi.ac.uk/vol1/fastq/ERR358/008/ERR3585408/ERR3585408_2.fastq.gz
ERR3595917	PAIRED	https://ftp.sra.ebi.ac.uk/vol1/fastq/ERR359/007/ERR3595917/ERR3595917_1.fastq.gz	https://ftp.sra.ebi.ac.uk/vol1/fastq/ERR359/007/ERR3595917/ERR3595917_2.fastq.gz
ERR3595961	PAIRED	https://ftp.sra.ebi.ac.uk/vol1/fastq/ERR359/001/ERR3595961/ERR3595961_1.fastq.gz	https://ftp.sra.ebi.ac.uk/vol1/fastq/ERR359/001/ERR3595961/ERR3595961_2.fastq.gz
ERR3595977	PAIRED	https://ftp.sra.ebi.ac.uk/vol1/fastq/ERR359/007/ERR3595977/ERR3595977_1.fastq.gz	https://ftp.sra.ebi.ac.uk/vol1/fastq/ERR359/007/ERR3595977/ERR3595977_2.fastq.gz
ERR3606476	PAIRED	https://ftp.sra.ebi.ac.uk/vol1/fastq/ERR360/006/ERR3606476/ERR3606476_1.fastq.gz	https://ftp.sra.ebi.ac.uk/vol1/fastq/ERR360/006/ERR3606476/ERR3606476_2.fastq.gz
ERR3642065	PAIRED	https://ftp.sra.ebi.ac.uk/vol1/fastq/ERR364/005/ERR3642065/ERR3642065_1.fastq.gz	https://ftp.sra.ebi.ac.uk/vol1/fastq/ERR364/005/ERR3642065/ERR3642065_2.fastq.gz
ERR3642088	PAIRED	https://ftp.sra.ebi.ac.uk/vol1/fastq/ERR364/008/ERR3642088/ERR3642088_1.fastq.gz	https://ftp.sra.ebi.ac.uk/vol1/fastq/ERR364/008/ERR3642088/ERR3642088_2.fastq.gz
ERR3642232	PAIRED	https://ftp.sra.ebi.ac.uk/vol1/fastq/ERR364/002/ERR3642232/ERR3642232_1.fastq.gz	https://ftp.sra.ebi.ac.uk/vol1/fastq/ERR364/002/ERR3642232/ERR3642232_2.fastq.gz
ERR3642394	PAIRED	https://ftp.sra.ebi.ac.uk/vol1/fastq/ERR364/004/ERR3642394/ERR3642394_1.fastq.gz	https://ftp.sra.ebi.ac.uk/vol1/fastq/ERR364/004/ERR3642394/ERR3642394_2.fastq.gz
ERR3655785	PAIRED	https://ftp.sra.ebi.ac.uk/vol1/fastq/ERR365/005/ERR3655785/ERR3655785_1.fastq.gz	https://ftp.sra.ebi.ac.uk/vol1/fastq/ERR365/005/ERR3655785/ERR3655785_2.fastq.gz
ERR3655794	PAIRED	https://ftp.sra.ebi.ac.uk/vol1/fastq/ERR365/004/ERR3655794/ERR3655794_1.fastq.gz	https://ftp.sra.ebi.ac.uk/vol1/fastq/ERR365/004/ERR3655794/ERR3655794_2.fastq.gz
ERR3655805	PAIRED	https://ftp.sra.ebi.ac.uk/vol1/fastq/ERR365/005/ERR3655805/ERR3655805_1.fastq.gz	https://ftp.sra.ebi.ac.uk/vol1/fastq/ERR365/005/ERR3655805/ERR3655805_2.fastq.gz
ERR3655809	PAIRED	https://ftp.sra.ebi.ac.uk/vol1/fastq/ERR365/009/ERR3655809/ERR3655809_1.fastq.gz	https://ftp.sra.ebi.ac.uk/vol1/fastq/ERR365/009/ERR3655809/ERR3655809_2.fastq.gz
ERR3655819	PAIRED	https://ftp.sra.ebi.ac.uk/vol1/fastq/ERR365/009/ERR3655819/ERR3655819_1.fastq.gz	https://ftp.sra.ebi.ac.uk/vol1/fastq/ERR365/009/ERR3655819/ERR3655819_2.fastq.gz
ERR3655821	PAIRED	https://ftp.sra.ebi.ac.uk/vol1/fastq/ERR365/001/ERR3655821/ERR3655821_1.fastq.gz	https://ftp.sra.ebi.ac.uk/vol1/fastq/ERR365/001/ERR3655821/ERR3655821_2.fastq.gz
ERR3655823	PAIRED	https://ftp.sra.ebi.ac.uk/vol1/fastq/ERR365/003/ERR3655823/ERR3655823_1.fastq.gz	https://ftp.sra.ebi.ac.uk/vol1/fastq/ERR365/003/ERR3655823/ERR3655823_2.fastq.gz
ERR3655832	PAIRED	https://ftp.sra.ebi.ac.uk/vol1/fastq/ERR365/002/ERR3655832/ERR3655832_1.fastq.gz	https://ftp.sra.ebi.ac.uk/vol1/fastq/ERR365/002/ERR3655832/ERR3655832_2.fastq.gz
ERR3655837	PAIRED	https://ftp.sra.ebi.ac.uk/vol1/fastq/ERR365/007/ERR3655837/ERR3655837_1.fastq.gz	https://ftp.sra.ebi.ac.uk/vol1/fastq/ERR365/007/ERR3655837/ERR3655837_2.fastq.gz
ERR3655840	PAIRED	https://ftp.sra.ebi.ac.uk/vol1/fastq/ERR365/000/ERR3655840/ERR3655840_1.fastq.gz	https://ftp.sra.ebi.ac.uk/vol1/fastq/ERR365/000/ERR3655840/ERR3655840_2.fastq.gz
ERR3655858	PAIRED	https://ftp.sra.ebi.ac.uk/vol1/fastq/ERR365/008/ERR3655858/ERR3655858_1.fastq.gz	https://ftp.sra.ebi.ac.uk/vol1/fastq/ERR365/008/ERR3655858/ERR3655858_2.fastq.gz
ERR3655897	PAIRED	https://ftp.sra.ebi.ac.uk/vol1/fastq/ERR365/007/ERR3655897/ERR3655897_1.fastq.gz	https://ftp.sra.ebi.ac.uk/vol1/fastq/ERR365/007/ERR3655897/ERR3655897_2.fastq.gz
ERR3655946	PAIRED	https://ftp.sra.ebi.ac.uk/vol1/fastq/ERR365/006/ERR3655946/ERR3655946_1.fastq.gz	https://ftp.sra.ebi.ac.uk/vol1/fastq/ERR365/006/ERR3655946/ERR3655946_2.fastq.gz
ERR3655969	PAIRED	https://ftp.sra.ebi.ac.uk/vol1/fastq/ERR365/009/ERR3655969/ERR3655969_1.fastq.gz	https://ftp.sra.ebi.ac.uk/vol1/fastq/ERR365/009/ERR3655969/ERR3655969_2.fastq.gz
ERR3671000	PAIRED	https://ftp.sra.ebi.ac.uk/vol1/fastq/ERR367/000/ERR3671000/ERR3671000_1.fastq.gz	https://ftp.sra.ebi.ac.uk/vol1/fastq/ERR367/000/ERR3671000/ERR3671000_2.fastq.gz
ERR3671005	PAIRED	https://ftp.sra.ebi.ac.uk/vol1/fastq/ERR367/005/ERR3671005/ERR3671005_1.fastq.gz	https://ftp.sra.ebi.ac.uk/vol1/fastq/ERR367/005/ERR3671005/ERR3671005_2.fastq.gz
ERR3671041	PAIRED	https://ftp.sra.ebi.ac.uk/vol1/fastq/ERR367/001/ERR3671041/ERR3671041_1.fastq.gz	https://ftp.sra.ebi.ac.uk/vol1/fastq/ERR367/001/ERR3671041/ERR3671041_2.fastq.gz
ERR3671045	PAIRED	https://ftp.sra.ebi.ac.uk/vol1/fastq/ERR367/005/ERR3671045/ERR3671045_1.fastq.gz	https://ftp.sra.ebi.ac.uk/vol1/fastq/ERR367/005/ERR3671045/ERR3671045_2.fastq.gz
ERR3712401	PAIRED	https://ftp.sra.ebi.ac.uk/vol1/fastq/ERR371/001/ERR3712401/ERR3712401_1.fastq.gz	https://ftp.sra.ebi.ac.uk/vol1/fastq/ERR371/001/ERR3712401/ERR3712401_2.fastq.gz
ERR3712410	PAIRED	https://ftp.sra.ebi.ac.uk/vol1/fastq/ERR371/000/ERR3712410/ERR3712410_1.fastq.gz	https://ftp.sra.ebi.ac.uk/vol1/fastq/ERR371/000/ERR3712410/ERR3712410_2.fastq.gz
ERR3712438	PAIRED	https://ftp.sra.ebi.ac.uk/vol1/fastq/ERR371/008/ERR3712438/ERR3712438_1.fastq.gz	https://ftp.sra.ebi.ac.uk/vol1/fastq/ERR371/008/ERR3712438/ERR3712438_2.fastq.gz
ERR3712472	PAIRED	https://ftp.sra.ebi.ac.uk/vol1/fastq/ERR371/002/ERR3712472/ERR3712472_1.fastq.gz	https://ftp.sra.ebi.ac.uk/vol1/fastq/ERR371/002/ERR3712472/ERR3712472_2.fastq.gz
ERR3712510	PAIRED	https://ftp.sra.ebi.ac.uk/vol1/fastq/ERR371/000/ERR3712510/ERR3712510_1.fastq.gz	https://ftp.sra.ebi.ac.uk/vol1/fastq/ERR371/000/ERR3712510/ERR3712510_2.fastq.gz
ERR3712526	PAIRED	https://ftp.sra.ebi.ac.uk/vol1/fastq/ERR371/006/ERR3712526/ERR3712526_1.fastq.gz	https://ftp.sra.ebi.ac.uk/vol1/fastq/ERR371/006/ERR3712526/ERR3712526_2.fastq.gz
ERR3712650	PAIRED	https://ftp.sra.ebi.ac.uk/vol1/fastq/ERR371/000/ERR3712650/ERR3712650_1.fastq.gz	https://ftp.sra.ebi.ac.uk/vol1/fastq/ERR371/000/ERR3712650/ERR3712650_2.fastq.gz
ERR3712664	PAIRED	https://ftp.sra.ebi.ac.uk/vol1/fastq/ERR371/004/ERR3712664/ERR3712664_1.fastq.gz	https://ftp.sra.ebi.ac.uk/vol1/fastq/ERR371/004/ERR3712664/ERR3712664_2.fastq.gz
ERR3712670	PAIRED	https://ftp.sra.ebi.ac.uk/vol1/fastq/ERR371/000/ERR3712670/ERR3712670_1.fastq.gz	https://ftp.sra.ebi.ac.uk/vol1/fastq/ERR371/000/ERR3712670/ERR3712670_2.fastq.gz
ERR3712728	PAIRED	https://ftp.sra.ebi.ac.uk/vol1/fastq/ERR371/008/ERR3712728/ERR3712728_1.fastq.gz	https://ftp.sra.ebi.ac.uk/vol1/fastq/ERR371/008/ERR3712728/ERR3712728_2.fastq.gz
ERR3712820	PAIRED	https://ftp.sra.ebi.ac.uk/vol1/fastq/ERR371/000/ERR3712820/ERR3712820_1.fastq.gz	https://ftp.sra.ebi.ac.uk/vol1/fastq/ERR371/000/ERR3712820/ERR3712820_2.fastq.gz
ERR3712857	PAIRED	https://ftp.sra.ebi.ac.uk/vol1/fastq/ERR371/007/ERR3712857/ERR3712857_1.fastq.gz	https://ftp.sra.ebi.ac.uk/vol1/fastq/ERR371/007/ERR3712857/ERR3712857_2.fastq.gz
ERR3712897	PAIRED	https://ftp.sra.ebi.ac.uk/vol1/fastq/ERR371/007/ERR3712897/ERR3712897_1.fastq.gz	https://ftp.sra.ebi.ac.uk/vol1/fastq/ERR371/007/ERR3712897/ERR3712897_2.fastq.gz
ERR3713015	PAIRED	https://ftp.sra.ebi.ac.uk/vol1/fastq/ERR371/005/ERR3713015/ERR3713015_1.fastq.gz	https://ftp.sra.ebi.ac.uk/vol1/fastq/ERR371/005/ERR3713015/ERR3713015_2.fastq.gz
ERR3713045	PAIRED	https://ftp.sra.ebi.ac.uk/vol1/fastq/ERR371/005/ERR3713045/ERR3713045_1.fastq.gz	https://ftp.sra.ebi.ac.uk/vol1/fastq/ERR371/005/ERR3713045/ERR3713045_2.fastq.gz
ERR3713072	PAIRED	https://ftp.sra.ebi.ac.uk/vol1/fastq/ERR371/002/ERR3713072/ERR3713072_1.fastq.gz	https://ftp.sra.ebi.ac.uk/vol1/fastq/ERR371/002/ERR3713072/ERR3713072_2.fastq.gz
ERR3713102	PAIRED	https://ftp.sra.ebi.ac.uk/vol1/fastq/ERR371/002/ERR3713102/ERR3713102_1.fastq.gz	https://ftp.sra.ebi.ac.uk/vol1/fastq/ERR371/002/ERR3713102/ERR3713102_2.fastq.gz
ERR3713111	PAIRED	https://ftp.sra.ebi.ac.uk/vol1/fastq/ERR371/001/ERR3713111/ERR3713111_1.fastq.gz	https://ftp.sra.ebi.ac.uk/vol1/fastq/ERR371/001/ERR3713111/ERR3713111_2.fastq.gz
ERR3713139	PAIRED	https://ftp.sra.ebi.ac.uk/vol1/fastq/ERR371/009/ERR3713139/ERR3713139_1.fastq.gz	https://ftp.sra.ebi.ac.uk/vol1/fastq/ERR371/009/ERR3713139/ERR3713139_2.fastq.gz
ERR3713194	PAIRED	https://ftp.sra.ebi.ac.uk/vol1/fastq/ERR371/004/ERR3713194/ERR3713194_1.fastq.gz	https://ftp.sra.ebi.ac.uk/vol1/fastq/ERR371/004/ERR3713194/ERR3713194_2.fastq.gz
ERR3713219	PAIRED	https://ftp.sra.ebi.ac.uk/vol1/fastq/ERR371/009/ERR3713219/ERR3713219_1.fastq.gz	https://ftp.sra.ebi.ac.uk/vol1/fastq/ERR371/009/ERR3713219/ERR3713219_2.fastq.gz
ERR3771719	PAIRED	https://ftp.sra.ebi.ac.uk/vol1/fastq/ERR377/009/ERR3771719/ERR3771719_1.fastq.gz	https://ftp.sra.ebi.ac.uk/vol1/fastq/ERR377/009/ERR3771719/ERR3771719_2.fastq.gz
ERR3771776	PAIRED	https://ftp.sra.ebi.ac.uk/vol1/fastq/ERR377/006/ERR3771776/ERR3771776_1.fastq.gz	https://ftp.sra.ebi.ac.uk/vol1/fastq/ERR377/006/ERR3771776/ERR3771776_2.fastq.gz
ERR3771780	PAIRED	https://ftp.sra.ebi.ac.uk/vol1/fastq/ERR377/000/ERR3771780/ERR3771780_1.fastq.gz	https://ftp.sra.ebi.ac.uk/vol1/fastq/ERR377/000/ERR3771780/ERR3771780_2.fastq.gz
ERR3813681	PAIRED	https://ftp.sra.ebi.ac.uk/vol1/fastq/ERR381/001/ERR3813681/ERR3813681_1.fastq.gz	https://ftp.sra.ebi.ac.uk/vol1/fastq/ERR381/001/ERR3813681/ERR3813681_2.fastq.gz
ERR3813691	PAIRED	https://ftp.sra.ebi.ac.uk/vol1/fastq/ERR381/001/ERR3813691/ERR3813691_1.fastq.gz	https://ftp.sra.ebi.ac.uk/vol1/fastq/ERR381/001/ERR3813691/ERR3813691_2.fastq.gz
ERR3835369	PAIRED	https://ftp.sra.ebi.ac.uk/vol1/fastq/ERR383/009/ERR3835369/ERR3835369_1.fastq.gz	https://ftp.sra.ebi.ac.uk/vol1/fastq/ERR383/009/ERR3835369/ERR3835369_2.fastq.gz
ERR3835373	PAIRED	https://ftp.sra.ebi.ac.uk/vol1/fastq/ERR383/003/ERR3835373/ERR3835373_1.fastq.gz	https://ftp.sra.ebi.ac.uk/vol1/fastq/ERR383/003/ERR3835373/ERR3835373_2.fastq.gz
ERR3835374	PAIRED	https://ftp.sra.ebi.ac.uk/vol1/fastq/ERR383/004/ERR3835374/ERR3835374_1.fastq.gz	https://ftp.sra.ebi.ac.uk/vol1/fastq/ERR383/004/ERR3835374/ERR3835374_2.fastq.gz
ERR3835380	PAIRED	https://ftp.sra.ebi.ac.uk/vol1/fastq/ERR383/000/ERR3835380/ERR3835380_1.fastq.gz	https://ftp.sra.ebi.ac.uk/vol1/fastq/ERR383/000/ERR3835380/ERR3835380_2.fastq.gz
ERR3835389	PAIRED	https://ftp.sra.ebi.ac.uk/vol1/fastq/ERR383/009/ERR3835389/ERR3835389_1.fastq.gz	https://ftp.sra.ebi.ac.uk/vol1/fastq/ERR383/009/ERR3835389/ERR3835389_2.fastq.gz
ERR3835406	PAIRED	https://ftp.sra.ebi.ac.uk/vol1/fastq/ERR383/006/ERR3835406/ERR3835406_1.fastq.gz	https://ftp.sra.ebi.ac.uk/vol1/fastq/ERR383/006/ERR3835406/ERR3835406_2.fastq.gz
ERR3835434	PAIRED	https://ftp.sra.ebi.ac.uk/vol1/fastq/ERR383/004/ERR3835434/ERR3835434_1.fastq.gz	https://ftp.sra.ebi.ac.uk/vol1/fastq/ERR383/004/ERR3835434/ERR3835434_2.fastq.gz
ERR3835451	PAIRED	https://ftp.sra.ebi.ac.uk/vol1/fastq/ERR383/001/ERR3835451/ERR3835451_1.fastq.gz	https://ftp.sra.ebi.ac.uk/vol1/fastq/ERR383/001/ERR3835451/ERR3835451_2.fastq.gz
ERR3844626	PAIRED	https://ftp.sra.ebi.ac.uk/vol1/fastq/ERR384/006/ERR3844626/ERR3844626_1.fastq.gz	https://ftp.sra.ebi.ac.uk/vol1/fastq/ERR384/006/ERR3844626/ERR3844626_2.fastq.gz
ERR3844634	PAIRED	https://ftp.sra.ebi.ac.uk/vol1/fastq/ERR384/004/ERR3844634/ERR3844634_1.fastq.gz	https://ftp.sra.ebi.ac.uk/vol1/fastq/ERR384/004/ERR3844634/ERR3844634_2.fastq.gz
ERR3844682	PAIRED	https://ftp.sra.ebi.ac.uk/vol1/fastq/ERR384/002/ERR3844682/ERR3844682_1.fastq.gz	https://ftp.sra.ebi.ac.uk/vol1/fastq/ERR384/002/ERR3844682/ERR3844682_2.fastq.gz
ERR3844688	PAIRED	https://ftp.sra.ebi.ac.uk/vol1/fastq/ERR384/008/ERR3844688/ERR3844688_1.fastq.gz	https://ftp.sra.ebi.ac.uk/vol1/fastq/ERR384/008/ERR3844688/ERR3844688_2.fastq.gz
ERR3844713	PAIRED	https://ftp.sra.ebi.ac.uk/vol1/fastq/ERR384/003/ERR3844713/ERR3844713_1.fastq.gz	https://ftp.sra.ebi.ac.uk/vol1/fastq/ERR384/003/ERR3844713/ERR3844713_2.fastq.gz
ERR3844723	PAIRED	https://ftp.sra.ebi.ac.uk/vol1/fastq/ERR384/003/ERR3844723/ERR3844723_1.fastq.gz	https://ftp.sra.ebi.ac.uk/vol1/fastq/ERR384/003/ERR3844723/ERR3844723_2.fastq.gz
ERR3844726	PAIRED	https://ftp.sra.ebi.ac.uk/vol1/fastq/ERR384/006/ERR3844726/ERR3844726_1.fastq.gz	https://ftp.sra.ebi.ac.uk/vol1/fastq/ERR384/006/ERR3844726/ERR3844726_2.fastq.gz
ERR3844728	PAIRED	https://ftp.sra.ebi.ac.uk/vol1/fastq/ERR384/008/ERR3844728/ERR3844728_1.fastq.gz	https://ftp.sra.ebi.ac.uk/vol1/fastq/ERR384/008/ERR3844728/ERR3844728_2.fastq.gz
ERR3844739	PAIRED	https://ftp.sra.ebi.ac.uk/vol1/fastq/ERR384/009/ERR3844739/ERR3844739_1.fastq.gz	https://ftp.sra.ebi.ac.uk/vol1/fastq/ERR384/009/ERR3844739/ERR3844739_2.fastq.gz
ERR3844759	PAIRED	https://ftp.sra.ebi.ac.uk/vol1/fastq/ERR384/009/ERR3844759/ERR3844759_1.fastq.gz	https://ftp.sra.ebi.ac.uk/vol1/fastq/ERR384/009/ERR3844759/ERR3844759_2.fastq.gz
ERR3844777	PAIRED	https://ftp.sra.ebi.ac.uk/vol1/fastq/ERR384/007/ERR3844777/ERR3844777_1.fastq.gz	https://ftp.sra.ebi.ac.uk/vol1/fastq/ERR384/007/ERR3844777/ERR3844777_2.fastq.gz
ERR3891001	PAIRED	https://ftp.sra.ebi.ac.uk/vol1/fastq/ERR389/001/ERR3891001/ERR3891001_1.fastq.gz	https://ftp.sra.ebi.ac.uk/vol1/fastq/ERR389/001/ERR3891001/ERR3891001_2.fastq.gz
ERR3891009	PAIRED	https://ftp.sra.ebi.ac.uk/vol1/fastq/ERR389/009/ERR3891009/ERR3891009_1.fastq.gz	https://ftp.sra.ebi.ac.uk/vol1/fastq/ERR389/009/ERR3891009/ERR3891009_2.fastq.gz
ERR3891011	PAIRED	https://ftp.sra.ebi.ac.uk/vol1/fastq/ERR389/001/ERR3891011/ERR3891011_1.fastq.gz	https://ftp.sra.ebi.ac.uk/vol1/fastq/ERR389/001/ERR3891011/ERR3891011_2.fastq.gz
ERR3891014	PAIRED	https://ftp.sra.ebi.ac.uk/vol1/fastq/ERR389/004/ERR3891014/ERR3891014_1.fastq.gz	https://ftp.sra.ebi.ac.uk/vol1/fastq/ERR389/004/ERR3891014/ERR3891014_2.fastq.gz
ERR3891038	PAIRED	https://ftp.sra.ebi.ac.uk/vol1/fastq/ERR389/008/ERR3891038/ERR3891038_1.fastq.gz	https://ftp.sra.ebi.ac.uk/vol1/fastq/ERR389/008/ERR3891038/ERR3891038_2.fastq.gz
ERR3891047	PAIRED	https://ftp.sra.ebi.ac.uk/vol1/fastq/ERR389/007/ERR3891047/ERR3891047_1.fastq.gz	https://ftp.sra.ebi.ac.uk/vol1/fastq/ERR389/007/ERR3891047/ERR3891047_2.fastq.gz
ERR3891057	PAIRED	https://ftp.sra.ebi.ac.uk/vol1/fastq/ERR389/007/ERR3891057/ERR3891057_1.fastq.gz	https://ftp.sra.ebi.ac.uk/vol1/fastq/ERR389/007/ERR3891057/ERR3891057_2.fastq.gz
ERR3891071	PAIRED	https://ftp.sra.ebi.ac.uk/vol1/fastq/ERR389/001/ERR3891071/ERR3891071_1.fastq.gz	https://ftp.sra.ebi.ac.uk/vol1/fastq/ERR389/001/ERR3891071/ERR3891071_2.fastq.gz
ERR3891072	PAIRED	https://ftp.sra.ebi.ac.uk/vol1/fastq/ERR389/002/ERR3891072/ERR3891072_1.fastq.gz	https://ftp.sra.ebi.ac.uk/vol1/fastq/ERR389/002/ERR3891072/ERR3891072_2.fastq.gz
ERR3891073	PAIRED	https://ftp.sra.ebi.ac.uk/vol1/fastq/ERR389/003/ERR3891073/ERR3891073_1.fastq.gz	https://ftp.sra.ebi.ac.uk/vol1/fastq/ERR389/003/ERR3891073/ERR3891073_2.fastq.gz
ERR3891074	PAIRED	https://ftp.sra.ebi.ac.uk/vol1/fastq/ERR389/004/ERR3891074/ERR3891074_1.fastq.gz	https://ftp.sra.ebi.ac.uk/vol1/fastq/ERR389/004/ERR3891074/ERR3891074_2.fastq.gz
ERR3891076	PAIRED	https://ftp.sra.ebi.ac.uk/vol1/fastq/ERR389/006/ERR3891076/ERR3891076_1.fastq.gz	https://ftp.sra.ebi.ac.uk/vol1/fastq/ERR389/006/ERR3891076/ERR3891076_2.fastq.gz
ERR3891104	PAIRED	https://ftp.sra.ebi.ac.uk/vol1/fastq/ERR389/004/ERR3891104/ERR3891104_1.fastq.gz	https://ftp.sra.ebi.ac.uk/vol1/fastq/ERR389/004/ERR3891104/ERR3891104_2.fastq.gz
ERR3891113	PAIRED	https://ftp.sra.ebi.ac.uk/vol1/fastq/ERR389/003/ERR3891113/ERR3891113_1.fastq.gz	https://ftp.sra.ebi.ac.uk/vol1/fastq/ERR389/003/ERR3891113/ERR3891113_2.fastq.gz
ERR3891133	PAIRED	https://ftp.sra.ebi.ac.uk/vol1/fastq/ERR389/003/ERR3891133/ERR3891133_1.fastq.gz	https://ftp.sra.ebi.ac.uk/vol1/fastq/ERR389/003/ERR3891133/ERR3891133_2.fastq.gz
ERR3891149	PAIRED	https://ftp.sra.ebi.ac.uk/vol1/fastq/ERR389/009/ERR3891149/ERR3891149_1.fastq.gz	https://ftp.sra.ebi.ac.uk/vol1/fastq/ERR389/009/ERR3891149/ERR3891149_2.fastq.gz
ERR3891153	PAIRED	https://ftp.sra.ebi.ac.uk/vol1/fastq/ERR389/003/ERR3891153/ERR3891153_1.fastq.gz	https://ftp.sra.ebi.ac.uk/vol1/fastq/ERR389/003/ERR3891153/ERR3891153_2.fastq.gz
ERR3891170	PAIRED	https://ftp.sra.ebi.ac.uk/vol1/fastq/ERR389/000/ERR3891170/ERR3891170_1.fastq.gz	https://ftp.sra.ebi.ac.uk/vol1/fastq/ERR389/000/ERR3891170/ERR3891170_2.fastq.gz
ERR3891193	PAIRED	https://ftp.sra.ebi.ac.uk/vol1/fastq/ERR389/003/ERR3891193/ERR3891193_1.fastq.gz	https://ftp.sra.ebi.ac.uk/vol1/fastq/ERR389/003/ERR3891193/ERR3891193_2.fastq.gz
ERR3891201	PAIRED	https://ftp.sra.ebi.ac.uk/vol1/fastq/ERR389/001/ERR3891201/ERR3891201_1.fastq.gz	https://ftp.sra.ebi.ac.uk/vol1/fastq/ERR389/001/ERR3891201/ERR3891201_2.fastq.gz
ERR3891209	PAIRED	https://ftp.sra.ebi.ac.uk/vol1/fastq/ERR389/009/ERR3891209/ERR3891209_1.fastq.gz	https://ftp.sra.ebi.ac.uk/vol1/fastq/ERR389/009/ERR3891209/ERR3891209_2.fastq.gz
ERR3891216	PAIRED	https://ftp.sra.ebi.ac.uk/vol1/fastq/ERR389/006/ERR3891216/ERR3891216_1.fastq.gz	https://ftp.sra.ebi.ac.uk/vol1/fastq/ERR389/006/ERR3891216/ERR3891216_2.fastq.gz
ERR3904506	PAIRED	https://ftp.sra.ebi.ac.uk/vol1/fastq/ERR390/006/ERR3904506/ERR3904506_1.fastq.gz	https://ftp.sra.ebi.ac.uk/vol1/fastq/ERR390/006/ERR3904506/ERR3904506_2.fastq.gz
ERR3904538	PAIRED	https://ftp.sra.ebi.ac.uk/vol1/fastq/ERR390/008/ERR3904538/ERR3904538_1.fastq.gz	https://ftp.sra.ebi.ac.uk/vol1/fastq/ERR390/008/ERR3904538/ERR3904538_2.fastq.gz
ERR3904549	PAIRED	https://ftp.sra.ebi.ac.uk/vol1/fastq/ERR390/009/ERR3904549/ERR3904549_1.fastq.gz	https://ftp.sra.ebi.ac.uk/vol1/fastq/ERR390/009/ERR3904549/ERR3904549_2.fastq.gz
ERR3904658	PAIRED	https://ftp.sra.ebi.ac.uk/vol1/fastq/ERR390/008/ERR3904658/ERR3904658_1.fastq.gz	https://ftp.sra.ebi.ac.uk/vol1/fastq/ERR390/008/ERR3904658/ERR3904658_2.fastq.gz
ERR3904691	PAIRED	https://ftp.sra.ebi.ac.uk/vol1/fastq/ERR390/001/ERR3904691/ERR3904691_1.fastq.gz	https://ftp.sra.ebi.ac.uk/vol1/fastq/ERR390/001/ERR3904691/ERR3904691_2.fastq.gz
ERR3931804	PAIRED	https://ftp.sra.ebi.ac.uk/vol1/fastq/ERR393/004/ERR3931804/ERR3931804_1.fastq.gz	https://ftp.sra.ebi.ac.uk/vol1/fastq/ERR393/004/ERR3931804/ERR3931804_2.fastq.gz
ERR3931850	PAIRED	https://ftp.sra.ebi.ac.uk/vol1/fastq/ERR393/000/ERR3931850/ERR3931850_1.fastq.gz	https://ftp.sra.ebi.ac.uk/vol1/fastq/ERR393/000/ERR3931850/ERR3931850_2.fastq.gz
ERR3931862	PAIRED	https://ftp.sra.ebi.ac.uk/vol1/fastq/ERR393/002/ERR3931862/ERR3931862_1.fastq.gz	https://ftp.sra.ebi.ac.uk/vol1/fastq/ERR393/002/ERR3931862/ERR3931862_2.fastq.gz
ERR3931866	PAIRED	https://ftp.sra.ebi.ac.uk/vol1/fastq/ERR393/006/ERR3931866/ERR3931866_1.fastq.gz	https://ftp.sra.ebi.ac.uk/vol1/fastq/ERR393/006/ERR3931866/ERR3931866_2.fastq.gz
ERR3931871	PAIRED	https://ftp.sra.ebi.ac.uk/vol1/fastq/ERR393/001/ERR3931871/ERR3931871_1.fastq.gz	https://ftp.sra.ebi.ac.uk/vol1/fastq/ERR393/001/ERR3931871/ERR3931871_2.fastq.gz
ERR3931933	PAIRED	https://ftp.sra.ebi.ac.uk/vol1/fastq/ERR393/003/ERR3931933/ERR3931933_1.fastq.gz	https://ftp.sra.ebi.ac.uk/vol1/fastq/ERR393/003/ERR3931933/ERR3931933_2.fastq.gz
ERR3931946	PAIRED	https://ftp.sra.ebi.ac.uk/vol1/fastq/ERR393/006/ERR3931946/ERR3931946_1.fastq.gz	https://ftp.sra.ebi.ac.uk/vol1/fastq/ERR393/006/ERR3931946/ERR3931946_2.fastq.gz
ERR3931958	PAIRED	https://ftp.sra.ebi.ac.uk/vol1/fastq/ERR393/008/ERR3931958/ERR3931958_1.fastq.gz	https://ftp.sra.ebi.ac.uk/vol1/fastq/ERR393/008/ERR3931958/ERR3931958_2.fastq.gz
ERR3932005	PAIRED	https://ftp.sra.ebi.ac.uk/vol1/fastq/ERR393/005/ERR3932005/ERR3932005_1.fastq.gz	https://ftp.sra.ebi.ac.uk/vol1/fastq/ERR393/005/ERR3932005/ERR3932005_2.fastq.gz
ERR3932030	PAIRED	https://ftp.sra.ebi.ac.uk/vol1/fastq/ERR393/000/ERR3932030/ERR3932030_1.fastq.gz	https://ftp.sra.ebi.ac.uk/vol1/fastq/ERR393/000/ERR3932030/ERR3932030_2.fastq.gz
ERR3932051	PAIRED	https://ftp.sra.ebi.ac.uk/vol1/fastq/ERR393/001/ERR3932051/ERR3932051_1.fastq.gz	https://ftp.sra.ebi.ac.uk/vol1/fastq/ERR393/001/ERR3932051/ERR3932051_2.fastq.gz
ERR3932081	PAIRED	https://ftp.sra.ebi.ac.uk/vol1/fastq/ERR393/001/ERR3932081/ERR3932081_1.fastq.gz	https://ftp.sra.ebi.ac.uk/vol1/fastq/ERR393/001/ERR3932081/ERR3932081_2.fastq.gz
ERR3932147	PAIRED	https://ftp.sra.ebi.ac.uk/vol1/fastq/ERR393/007/ERR3932147/ERR3932147_1.fastq.gz	https://ftp.sra.ebi.ac.uk/vol1/fastq/ERR393/007/ERR3932147/ERR3932147_2.fastq.gz
ERR3932163	PAIRED	https://ftp.sra.ebi.ac.uk/vol1/fastq/ERR393/003/ERR3932163/ERR3932163_1.fastq.gz	https://ftp.sra.ebi.ac.uk/vol1/fastq/ERR393/003/ERR3932163/ERR3932163_2.fastq.gz
ERR3932170	PAIRED	https://ftp.sra.ebi.ac.uk/vol1/fastq/ERR393/000/ERR3932170/ERR3932170_1.fastq.gz	https://ftp.sra.ebi.ac.uk/vol1/fastq/ERR393/000/ERR3932170/ERR3932170_2.fastq.gz
ERR3932187	PAIRED	https://ftp.sra.ebi.ac.uk/vol1/fastq/ERR393/007/ERR3932187/ERR3932187_1.fastq.gz	https://ftp.sra.ebi.ac.uk/vol1/fastq/ERR393/007/ERR3932187/ERR3932187_2.fastq.gz
ERR3932195	PAIRED	https://ftp.sra.ebi.ac.uk/vol1/fastq/ERR393/005/ERR3932195/ERR3932195_1.fastq.gz	https://ftp.sra.ebi.ac.uk/vol1/fastq/ERR393/005/ERR3932195/ERR3932195_2.fastq.gz
ERR3932197	PAIRED	https://ftp.sra.ebi.ac.uk/vol1/fastq/ERR393/007/ERR3932197/ERR3932197_1.fastq.gz	https://ftp.sra.ebi.ac.uk/vol1/fastq/ERR393/007/ERR3932197/ERR3932197_2.fastq.gz
ERR3932207	PAIRED	https://ftp.sra.ebi.ac.uk/vol1/fastq/ERR393/007/ERR3932207/ERR3932207_1.fastq.gz	https://ftp.sra.ebi.ac.uk/vol1/fastq/ERR393/007/ERR3932207/ERR3932207_2.fastq.gz
ERR3932215	PAIRED	https://ftp.sra.ebi.ac.uk/vol1/fastq/ERR393/005/ERR3932215/ERR3932215_1.fastq.gz	https://ftp.sra.ebi.ac.uk/vol1/fastq/ERR393/005/ERR3932215/ERR3932215_2.fastq.gz
ERR3932272	PAIRED	https://ftp.sra.ebi.ac.uk/vol1/fastq/ERR393/002/ERR3932272/ERR3932272_1.fastq.gz	https://ftp.sra.ebi.ac.uk/vol1/fastq/ERR393/002/ERR3932272/ERR3932272_2.fastq.gz
ERR3932286	PAIRED	https://ftp.sra.ebi.ac.uk/vol1/fastq/ERR393/006/ERR3932286/ERR3932286_1.fastq.gz	https://ftp.sra.ebi.ac.uk/vol1/fastq/ERR393/006/ERR3932286/ERR3932286_2.fastq.gz
ERR3932298	PAIRED	https://ftp.sra.ebi.ac.uk/vol1/fastq/ERR393/008/ERR3932298/ERR3932298_1.fastq.gz	https://ftp.sra.ebi.ac.uk/vol1/fastq/ERR393/008/ERR3932298/ERR3932298_2.fastq.gz
ERR3967808	PAIRED	https://ftp.sra.ebi.ac.uk/vol1/fastq/ERR396/008/ERR3967808/ERR3967808_1.fastq.gz	https://ftp.sra.ebi.ac.uk/vol1/fastq/ERR396/008/ERR3967808/ERR3967808_2.fastq.gz
ERR3967810	PAIRED	https://ftp.sra.ebi.ac.uk/vol1/fastq/ERR396/000/ERR3967810/ERR3967810_1.fastq.gz	https://ftp.sra.ebi.ac.uk/vol1/fastq/ERR396/000/ERR3967810/ERR3967810_2.fastq.gz
ERR3967814	PAIRED	https://ftp.sra.ebi.ac.uk/vol1/fastq/ERR396/004/ERR3967814/ERR3967814_1.fastq.gz	https://ftp.sra.ebi.ac.uk/vol1/fastq/ERR396/004/ERR3967814/ERR3967814_2.fastq.gz
ERR3967838	PAIRED	https://ftp.sra.ebi.ac.uk/vol1/fastq/ERR396/008/ERR3967838/ERR3967838_1.fastq.gz	https://ftp.sra.ebi.ac.uk/vol1/fastq/ERR396/008/ERR3967838/ERR3967838_2.fastq.gz
ERR3967849	PAIRED	https://ftp.sra.ebi.ac.uk/vol1/fastq/ERR396/009/ERR3967849/ERR3967849_1.fastq.gz	https://ftp.sra.ebi.ac.uk/vol1/fastq/ERR396/009/ERR3967849/ERR3967849_2.fastq.gz
ERR3967853	PAIRED	https://ftp.sra.ebi.ac.uk/vol1/fastq/ERR396/003/ERR3967853/ERR3967853_1.fastq.gz	https://ftp.sra.ebi.ac.uk/vol1/fastq/ERR396/003/ERR3967853/ERR3967853_2.fastq.gz
ERR3967857	PAIRED	https://ftp.sra.ebi.ac.uk/vol1/fastq/ERR396/007/ERR3967857/ERR3967857_1.fastq.gz	https://ftp.sra.ebi.ac.uk/vol1/fastq/ERR396/007/ERR3967857/ERR3967857_2.fastq.gz
ERR3967870	PAIRED	https://ftp.sra.ebi.ac.uk/vol1/fastq/ERR396/000/ERR3967870/ERR3967870_1.fastq.gz	https://ftp.sra.ebi.ac.uk/vol1/fastq/ERR396/000/ERR3967870/ERR3967870_2.fastq.gz
ERR3967887	PAIRED	https://ftp.sra.ebi.ac.uk/vol1/fastq/ERR396/007/ERR3967887/ERR3967887_1.fastq.gz	https://ftp.sra.ebi.ac.uk/vol1/fastq/ERR396/007/ERR3967887/ERR3967887_2.fastq.gz
ERR3967888	PAIRED	https://ftp.sra.ebi.ac.uk/vol1/fastq/ERR396/008/ERR3967888/ERR3967888_1.fastq.gz	https://ftp.sra.ebi.ac.uk/vol1/fastq/ERR396/008/ERR3967888/ERR3967888_2.fastq.gz
ERR3967933	PAIRED	https://ftp.sra.ebi.ac.uk/vol1/fastq/ERR396/003/ERR3967933/ERR3967933_1.fastq.gz	https://ftp.sra.ebi.ac.uk/vol1/fastq/ERR396/003/ERR3967933/ERR3967933_2.fastq.gz
ERR4008003	PAIRED	https://ftp.sra.ebi.ac.uk/vol1/fastq/ERR400/003/ERR4008003/ERR4008003_1.fastq.gz	https://ftp.sra.ebi.ac.uk/vol1/fastq/ERR400/003/ERR4008003/ERR4008003_2.fastq.gz
ERR4008040	PAIRED	https://ftp.sra.ebi.ac.uk/vol1/fastq/ERR400/000/ERR4008040/ERR4008040_1.fastq.gz	https://ftp.sra.ebi.ac.uk/vol1/fastq/ERR400/000/ERR4008040/ERR4008040_2.fastq.gz
ERR4013561	PAIRED	https://ftp.sra.ebi.ac.uk/vol1/fastq/ERR401/001/ERR4013561/ERR4013561_1.fastq.gz	https://ftp.sra.ebi.ac.uk/vol1/fastq/ERR401/001/ERR4013561/ERR4013561_2.fastq.gz
ERR4013575	PAIRED	https://ftp.sra.ebi.ac.uk/vol1/fastq/ERR401/005/ERR4013575/ERR4013575_1.fastq.gz	https://ftp.sra.ebi.ac.uk/vol1/fastq/ERR401/005/ERR4013575/ERR4013575_2.fastq.gz
ERR4014165	PAIRED	https://ftp.sra.ebi.ac.uk/vol1/fastq/ERR401/005/ERR4014165/ERR4014165_1.fastq.gz	https://ftp.sra.ebi.ac.uk/vol1/fastq/ERR401/005/ERR4014165/ERR4014165_2.fastq.gz
ERR4014362	PAIRED	https://ftp.sra.ebi.ac.uk/vol1/fastq/ERR401/002/ERR4014362/ERR4014362_1.fastq.gz	https://ftp.sra.ebi.ac.uk/vol1/fastq/ERR401/002/ERR4014362/ERR4014362_2.fastq.gz
ERR4014480	PAIRED	https://ftp.sra.ebi.ac.uk/vol1/fastq/ERR401/000/ERR4014480/ERR4014480_1.fastq.gz	https://ftp.sra.ebi.ac.uk/vol1/fastq/ERR401/000/ERR4014480/ERR4014480_2.fastq.gz
ERR4014483	PAIRED	https://ftp.sra.ebi.ac.uk/vol1/fastq/ERR401/003/ERR4014483/ERR4014483_1.fastq.gz	https://ftp.sra.ebi.ac.uk/vol1/fastq/ERR401/003/ERR4014483/ERR4014483_2.fastq.gz
ERR4014527	PAIRED	https://ftp.sra.ebi.ac.uk/vol1/fastq/ERR401/007/ERR4014527/ERR4014527_1.fastq.gz	https://ftp.sra.ebi.ac.uk/vol1/fastq/ERR401/007/ERR4014527/ERR4014527_2.fastq.gz
ERR4014647	PAIRED	https://ftp.sra.ebi.ac.uk/vol1/fastq/ERR401/007/ERR4014647/ERR4014647_1.fastq.gz	https://ftp.sra.ebi.ac.uk/vol1/fastq/ERR401/007/ERR4014647/ERR4014647_2.fastq.gz
ERR4014664	PAIRED	https://ftp.sra.ebi.ac.uk/vol1/fastq/ERR401/004/ERR4014664/ERR4014664_1.fastq.gz	https://ftp.sra.ebi.ac.uk/vol1/fastq/ERR401/004/ERR4014664/ERR4014664_2.fastq.gz
ERR4019941	PAIRED	https://ftp.sra.ebi.ac.uk/vol1/fastq/ERR401/001/ERR4019941/ERR4019941_1.fastq.gz	https://ftp.sra.ebi.ac.uk/vol1/fastq/ERR401/001/ERR4019941/ERR4019941_2.fastq.gz
ERR4022900	PAIRED	https://ftp.sra.ebi.ac.uk/vol1/fastq/ERR402/000/ERR4022900/ERR4022900_1.fastq.gz	https://ftp.sra.ebi.ac.uk/vol1/fastq/ERR402/000/ERR4022900/ERR4022900_2.fastq.gz
ERR4022967	PAIRED	https://ftp.sra.ebi.ac.uk/vol1/fastq/ERR402/007/ERR4022967/ERR4022967_1.fastq.gz	https://ftp.sra.ebi.ac.uk/vol1/fastq/ERR402/007/ERR4022967/ERR4022967_2.fastq.gz
ERR4022989	PAIRED	https://ftp.sra.ebi.ac.uk/vol1/fastq/ERR402/009/ERR4022989/ERR4022989_1.fastq.gz	https://ftp.sra.ebi.ac.uk/vol1/fastq/ERR402/009/ERR4022989/ERR4022989_2.fastq.gz
ERR4022997	PAIRED	https://ftp.sra.ebi.ac.uk/vol1/fastq/ERR402/007/ERR4022997/ERR4022997_1.fastq.gz	https://ftp.sra.ebi.ac.uk/vol1/fastq/ERR402/007/ERR4022997/ERR4022997_2.fastq.gz
ERR4023034	PAIRED	https://ftp.sra.ebi.ac.uk/vol1/fastq/ERR402/004/ERR4023034/ERR4023034_1.fastq.gz	https://ftp.sra.ebi.ac.uk/vol1/fastq/ERR402/004/ERR4023034/ERR4023034_2.fastq.gz
ERR4023035	PAIRED	https://ftp.sra.ebi.ac.uk/vol1/fastq/ERR402/005/ERR4023035/ERR4023035_1.fastq.gz	https://ftp.sra.ebi.ac.uk/vol1/fastq/ERR402/005/ERR4023035/ERR4023035_2.fastq.gz
ERR4023043	PAIRED	https://ftp.sra.ebi.ac.uk/vol1/fastq/ERR402/003/ERR4023043/ERR4023043_1.fastq.gz	https://ftp.sra.ebi.ac.uk/vol1/fastq/ERR402/003/ERR4023043/ERR4023043_2.fastq.gz
ERR4023047	PAIRED	https://ftp.sra.ebi.ac.uk/vol1/fastq/ERR402/007/ERR4023047/ERR4023047_1.fastq.gz	https://ftp.sra.ebi.ac.uk/vol1/fastq/ERR402/007/ERR4023047/ERR4023047_2.fastq.gz
ERR4023055	PAIRED	https://ftp.sra.ebi.ac.uk/vol1/fastq/ERR402/005/ERR4023055/ERR4023055_1.fastq.gz	https://ftp.sra.ebi.ac.uk/vol1/fastq/ERR402/005/ERR4023055/ERR4023055_2.fastq.gz
ERR4023068	PAIRED	https://ftp.sra.ebi.ac.uk/vol1/fastq/ERR402/008/ERR4023068/ERR4023068_1.fastq.gz	https://ftp.sra.ebi.ac.uk/vol1/fastq/ERR402/008/ERR4023068/ERR4023068_2.fastq.gz
ERR4023074	PAIRED	https://ftp.sra.ebi.ac.uk/vol1/fastq/ERR402/004/ERR4023074/ERR4023074_1.fastq.gz	https://ftp.sra.ebi.ac.uk/vol1/fastq/ERR402/004/ERR4023074/ERR4023074_2.fastq.gz
ERR4023085	PAIRED	https://ftp.sra.ebi.ac.uk/vol1/fastq/ERR402/005/ERR4023085/ERR4023085_1.fastq.gz	https://ftp.sra.ebi.ac.uk/vol1/fastq/ERR402/005/ERR4023085/ERR4023085_2.fastq.gz
ERR4023086	PAIRED	https://ftp.sra.ebi.ac.uk/vol1/fastq/ERR402/006/ERR4023086/ERR4023086_1.fastq.gz	https://ftp.sra.ebi.ac.uk/vol1/fastq/ERR402/006/ERR4023086/ERR4023086_2.fastq.gz
ERR4023126	PAIRED	https://ftp.sra.ebi.ac.uk/vol1/fastq/ERR402/006/ERR4023126/ERR4023126_1.fastq.gz	https://ftp.sra.ebi.ac.uk/vol1/fastq/ERR402/006/ERR4023126/ERR4023126_2.fastq.gz
ERR4023144	PAIRED	https://ftp.sra.ebi.ac.uk/vol1/fastq/ERR402/004/ERR4023144/ERR4023144_1.fastq.gz	https://ftp.sra.ebi.ac.uk/vol1/fastq/ERR402/004/ERR4023144/ERR4023144_2.fastq.gz
ERR4023145	PAIRED	https://ftp.sra.ebi.ac.uk/vol1/fastq/ERR402/005/ERR4023145/ERR4023145_1.fastq.gz	https://ftp.sra.ebi.ac.uk/vol1/fastq/ERR402/005/ERR4023145/ERR4023145_2.fastq.gz
ERR4023796	PAIRED	https://ftp.sra.ebi.ac.uk/vol1/fastq/ERR402/006/ERR4023796/ERR4023796_1.fastq.gz	https://ftp.sra.ebi.ac.uk/vol1/fastq/ERR402/006/ERR4023796/ERR4023796_2.fastq.gz
ERR4023819	PAIRED	https://ftp.sra.ebi.ac.uk/vol1/fastq/ERR402/009/ERR4023819/ERR4023819_1.fastq.gz	https://ftp.sra.ebi.ac.uk/vol1/fastq/ERR402/009/ERR4023819/ERR4023819_2.fastq.gz
ERR4023969	PAIRED	https://ftp.sra.ebi.ac.uk/vol1/fastq/ERR402/009/ERR4023969/ERR4023969_1.fastq.gz	https://ftp.sra.ebi.ac.uk/vol1/fastq/ERR402/009/ERR4023969/ERR4023969_2.fastq.gz
ERR4024008	PAIRED	https://ftp.sra.ebi.ac.uk/vol1/fastq/ERR402/008/ERR4024008/ERR4024008_1.fastq.gz	https://ftp.sra.ebi.ac.uk/vol1/fastq/ERR402/008/ERR4024008/ERR4024008_2.fastq.gz
ERR4024068	PAIRED	https://ftp.sra.ebi.ac.uk/vol1/fastq/ERR402/008/ERR4024068/ERR4024068_1.fastq.gz	https://ftp.sra.ebi.ac.uk/vol1/fastq/ERR402/008/ERR4024068/ERR4024068_2.fastq.gz
ERR4045507	PAIRED	https://ftp.sra.ebi.ac.uk/vol1/fastq/ERR404/007/ERR4045507/ERR4045507_1.fastq.gz	https://ftp.sra.ebi.ac.uk/vol1/fastq/ERR404/007/ERR4045507/ERR4045507_2.fastq.gz
ERR4045536	PAIRED	https://ftp.sra.ebi.ac.uk/vol1/fastq/ERR404/006/ERR4045536/ERR4045536_1.fastq.gz	https://ftp.sra.ebi.ac.uk/vol1/fastq/ERR404/006/ERR4045536/ERR4045536_2.fastq.gz
ERR4045546	PAIRED	https://ftp.sra.ebi.ac.uk/vol1/fastq/ERR404/006/ERR4045546/ERR4045546_1.fastq.gz	https://ftp.sra.ebi.ac.uk/vol1/fastq/ERR404/006/ERR4045546/ERR4045546_2.fastq.gz
ERR4045861	PAIRED	https://ftp.sra.ebi.ac.uk/vol1/fastq/ERR404/001/ERR4045861/ERR4045861_1.fastq.gz	https://ftp.sra.ebi.ac.uk/vol1/fastq/ERR404/001/ERR4045861/ERR4045861_2.fastq.gz
ERR4045871	PAIRED	https://ftp.sra.ebi.ac.uk/vol1/fastq/ERR404/001/ERR4045871/ERR4045871_1.fastq.gz	https://ftp.sra.ebi.ac.uk/vol1/fastq/ERR404/001/ERR4045871/ERR4045871_2.fastq.gz
ERR4045881	PAIRED	https://ftp.sra.ebi.ac.uk/vol1/fastq/ERR404/001/ERR4045881/ERR4045881_1.fastq.gz	https://ftp.sra.ebi.ac.uk/vol1/fastq/ERR404/001/ERR4045881/ERR4045881_2.fastq.gz
ERR4045936	PAIRED	https://ftp.sra.ebi.ac.uk/vol1/fastq/ERR404/006/ERR4045936/ERR4045936_1.fastq.gz	https://ftp.sra.ebi.ac.uk/vol1/fastq/ERR404/006/ERR4045936/ERR4045936_2.fastq.gz
ERR4046018	PAIRED	https://ftp.sra.ebi.ac.uk/vol1/fastq/ERR404/008/ERR4046018/ERR4046018_1.fastq.gz	https://ftp.sra.ebi.ac.uk/vol1/fastq/ERR404/008/ERR4046018/ERR4046018_2.fastq.gz
ERR4046080	PAIRED	https://ftp.sra.ebi.ac.uk/vol1/fastq/ERR404/000/ERR4046080/ERR4046080_1.fastq.gz	https://ftp.sra.ebi.ac.uk/vol1/fastq/ERR404/000/ERR4046080/ERR4046080_2.fastq.gz
ERR4046146	PAIRED	https://ftp.sra.ebi.ac.uk/vol1/fastq/ERR404/006/ERR4046146/ERR4046146_1.fastq.gz	https://ftp.sra.ebi.ac.uk/vol1/fastq/ERR404/006/ERR4046146/ERR4046146_2.fastq.gz
ERR4046294	PAIRED	https://ftp.sra.ebi.ac.uk/vol1/fastq/ERR404/004/ERR4046294/ERR4046294_1.fastq.gz	https://ftp.sra.ebi.ac.uk/vol1/fastq/ERR404/004/ERR4046294/ERR4046294_2.fastq.gz
ERR4046310	PAIRED	https://ftp.sra.ebi.ac.uk/vol1/fastq/ERR404/000/ERR4046310/ERR4046310_1.fastq.gz	https://ftp.sra.ebi.ac.uk/vol1/fastq/ERR404/000/ERR4046310/ERR4046310_2.fastq.gz
ERR4046441	PAIRED	https://ftp.sra.ebi.ac.uk/vol1/fastq/ERR404/001/ERR4046441/ERR4046441_1.fastq.gz	https://ftp.sra.ebi.ac.uk/vol1/fastq/ERR404/001/ERR4046441/ERR4046441_2.fastq.gz
ERR4046517	PAIRED	https://ftp.sra.ebi.ac.uk/vol1/fastq/ERR404/007/ERR4046517/ERR4046517_1.fastq.gz	https://ftp.sra.ebi.ac.uk/vol1/fastq/ERR404/007/ERR4046517/ERR4046517_2.fastq.gz
ERR4046745	PAIRED	https://ftp.sra.ebi.ac.uk/vol1/fastq/ERR404/005/ERR4046745/ERR4046745_1.fastq.gz	https://ftp.sra.ebi.ac.uk/vol1/fastq/ERR404/005/ERR4046745/ERR4046745_2.fastq.gz
ERR4095890	PAIRED	https://ftp.sra.ebi.ac.uk/vol1/fastq/ERR409/000/ERR4095890/ERR4095890_1.fastq.gz	https://ftp.sra.ebi.ac.uk/vol1/fastq/ERR409/000/ERR4095890/ERR4095890_2.fastq.gz
ERR4095917	PAIRED	https://ftp.sra.ebi.ac.uk/vol1/fastq/ERR409/007/ERR4095917/ERR4095917_1.fastq.gz	https://ftp.sra.ebi.ac.uk/vol1/fastq/ERR409/007/ERR4095917/ERR4095917_2.fastq.gz
ERR4095934	PAIRED	https://ftp.sra.ebi.ac.uk/vol1/fastq/ERR409/004/ERR4095934/ERR4095934_1.fastq.gz	https://ftp.sra.ebi.ac.uk/vol1/fastq/ERR409/004/ERR4095934/ERR4095934_2.fastq.gz
ERR4095935	PAIRED	https://ftp.sra.ebi.ac.uk/vol1/fastq/ERR409/005/ERR4095935/ERR4095935_1.fastq.gz	https://ftp.sra.ebi.ac.uk/vol1/fastq/ERR409/005/ERR4095935/ERR4095935_2.fastq.gz
ERR4095951	PAIRED	https://ftp.sra.ebi.ac.uk/vol1/fastq/ERR409/001/ERR4095951/ERR4095951_1.fastq.gz	https://ftp.sra.ebi.ac.uk/vol1/fastq/ERR409/001/ERR4095951/ERR4095951_2.fastq.gz
ERR4095960	PAIRED	https://ftp.sra.ebi.ac.uk/vol1/fastq/ERR409/000/ERR4095960/ERR4095960_1.fastq.gz	https://ftp.sra.ebi.ac.uk/vol1/fastq/ERR409/000/ERR4095960/ERR4095960_2.fastq.gz
ERR4095962	PAIRED	https://ftp.sra.ebi.ac.uk/vol1/fastq/ERR409/002/ERR4095962/ERR4095962_1.fastq.gz	https://ftp.sra.ebi.ac.uk/vol1/fastq/ERR409/002/ERR4095962/ERR4095962_2.fastq.gz
ERR4095969	PAIRED	https://ftp.sra.ebi.ac.uk/vol1/fastq/ERR409/009/ERR4095969/ERR4095969_1.fastq.gz	https://ftp.sra.ebi.ac.uk/vol1/fastq/ERR409/009/ERR4095969/ERR4095969_2.fastq.gz
ERR4095980	PAIRED	https://ftp.sra.ebi.ac.uk/vol1/fastq/ERR409/000/ERR4095980/ERR4095980_1.fastq.gz	https://ftp.sra.ebi.ac.uk/vol1/fastq/ERR409/000/ERR4095980/ERR4095980_2.fastq.gz
ERR4095982	PAIRED	https://ftp.sra.ebi.ac.uk/vol1/fastq/ERR409/002/ERR4095982/ERR4095982_1.fastq.gz	https://ftp.sra.ebi.ac.uk/vol1/fastq/ERR409/002/ERR4095982/ERR4095982_2.fastq.gz
ERR4096035	PAIRED	https://ftp.sra.ebi.ac.uk/vol1/fastq/ERR409/005/ERR4096035/ERR4096035_1.fastq.gz	https://ftp.sra.ebi.ac.uk/vol1/fastq/ERR409/005/ERR4096035/ERR4096035_2.fastq.gz
ERR4139189	PAIRED	https://ftp.sra.ebi.ac.uk/vol1/fastq/ERR413/009/ERR4139189/ERR4139189_1.fastq.gz	https://ftp.sra.ebi.ac.uk/vol1/fastq/ERR413/009/ERR4139189/ERR4139189_2.fastq.gz
ERR4139237	PAIRED	https://ftp.sra.ebi.ac.uk/vol1/fastq/ERR413/007/ERR4139237/ERR4139237_1.fastq.gz	https://ftp.sra.ebi.ac.uk/vol1/fastq/ERR413/007/ERR4139237/ERR4139237_2.fastq.gz
ERR4139272	PAIRED	https://ftp.sra.ebi.ac.uk/vol1/fastq/ERR413/002/ERR4139272/ERR4139272_1.fastq.gz	https://ftp.sra.ebi.ac.uk/vol1/fastq/ERR413/002/ERR4139272/ERR4139272_2.fastq.gz
ERR4139278	PAIRED	https://ftp.sra.ebi.ac.uk/vol1/fastq/ERR413/008/ERR4139278/ERR4139278_1.fastq.gz	https://ftp.sra.ebi.ac.uk/vol1/fastq/ERR413/008/ERR4139278/ERR4139278_2.fastq.gz
ERR4139325	PAIRED	https://ftp.sra.ebi.ac.uk/vol1/fastq/ERR413/005/ERR4139325/ERR4139325_1.fastq.gz	https://ftp.sra.ebi.ac.uk/vol1/fastq/ERR413/005/ERR4139325/ERR4139325_2.fastq.gz
ERR4162936	PAIRED	https://ftp.sra.ebi.ac.uk/vol1/fastq/ERR416/006/ERR4162936/ERR4162936_1.fastq.gz	https://ftp.sra.ebi.ac.uk/vol1/fastq/ERR416/006/ERR4162936/ERR4162936_2.fastq.gz
ERR4163024	PAIRED	https://ftp.sra.ebi.ac.uk/vol1/fastq/ERR416/004/ERR4163024/ERR4163024_1.fastq.gz	https://ftp.sra.ebi.ac.uk/vol1/fastq/ERR416/004/ERR4163024/ERR4163024_2.fastq.gz
ERR4163033	PAIRED	https://ftp.sra.ebi.ac.uk/vol1/fastq/ERR416/003/ERR4163033/ERR4163033_1.fastq.gz	https://ftp.sra.ebi.ac.uk/vol1/fastq/ERR416/003/ERR4163033/ERR4163033_2.fastq.gz
ERR4163052	PAIRED	https://ftp.sra.ebi.ac.uk/vol1/fastq/ERR416/002/ERR4163052/ERR4163052_1.fastq.gz	https://ftp.sra.ebi.ac.uk/vol1/fastq/ERR416/002/ERR4163052/ERR4163052_2.fastq.gz
ERR4163059	PAIRED	https://ftp.sra.ebi.ac.uk/vol1/fastq/ERR416/009/ERR4163059/ERR4163059_1.fastq.gz	https://ftp.sra.ebi.ac.uk/vol1/fastq/ERR416/009/ERR4163059/ERR4163059_2.fastq.gz
ERR4197949	PAIRED	https://ftp.sra.ebi.ac.uk/vol1/fastq/ERR419/009/ERR4197949/ERR4197949_1.fastq.gz	https://ftp.sra.ebi.ac.uk/vol1/fastq/ERR419/009/ERR4197949/ERR4197949_2.fastq.gz
ERR4198049	PAIRED	https://ftp.sra.ebi.ac.uk/vol1/fastq/ERR419/009/ERR4198049/ERR4198049_1.fastq.gz	https://ftp.sra.ebi.ac.uk/vol1/fastq/ERR419/009/ERR4198049/ERR4198049_2.fastq.gz
ERR4198050	PAIRED	https://ftp.sra.ebi.ac.uk/vol1/fastq/ERR419/000/ERR4198050/ERR4198050_1.fastq.gz	https://ftp.sra.ebi.ac.uk/vol1/fastq/ERR419/000/ERR4198050/ERR4198050_2.fastq.gz
ERR4198051	PAIRED	https://ftp.sra.ebi.ac.uk/vol1/fastq/ERR419/001/ERR4198051/ERR4198051_1.fastq.gz	https://ftp.sra.ebi.ac.uk/vol1/fastq/ERR419/001/ERR4198051/ERR4198051_2.fastq.gz
ERR4198061	PAIRED	https://ftp.sra.ebi.ac.uk/vol1/fastq/ERR419/001/ERR4198061/ERR4198061_1.fastq.gz	https://ftp.sra.ebi.ac.uk/vol1/fastq/ERR419/001/ERR4198061/ERR4198061_2.fastq.gz
ERR4198063	PAIRED	https://ftp.sra.ebi.ac.uk/vol1/fastq/ERR419/003/ERR4198063/ERR4198063_1.fastq.gz	https://ftp.sra.ebi.ac.uk/vol1/fastq/ERR419/003/ERR4198063/ERR4198063_2.fastq.gz
ERR4198078	PAIRED	https://ftp.sra.ebi.ac.uk/vol1/fastq/ERR419/008/ERR4198078/ERR4198078_1.fastq.gz	https://ftp.sra.ebi.ac.uk/vol1/fastq/ERR419/008/ERR4198078/ERR4198078_2.fastq.gz
ERR4198085	PAIRED	https://ftp.sra.ebi.ac.uk/vol1/fastq/ERR419/005/ERR4198085/ERR4198085_1.fastq.gz	https://ftp.sra.ebi.ac.uk/vol1/fastq/ERR419/005/ERR4198085/ERR4198085_2.fastq.gz
ERR4198099	PAIRED	https://ftp.sra.ebi.ac.uk/vol1/fastq/ERR419/009/ERR4198099/ERR4198099_1.fastq.gz	https://ftp.sra.ebi.ac.uk/vol1/fastq/ERR419/009/ERR4198099/ERR4198099_2.fastq.gz
ERR4198104	PAIRED	https://ftp.sra.ebi.ac.uk/vol1/fastq/ERR419/004/ERR4198104/ERR4198104_1.fastq.gz	https://ftp.sra.ebi.ac.uk/vol1/fastq/ERR419/004/ERR4198104/ERR4198104_2.fastq.gz
ERR4198126	PAIRED	https://ftp.sra.ebi.ac.uk/vol1/fastq/ERR419/006/ERR4198126/ERR4198126_1.fastq.gz	https://ftp.sra.ebi.ac.uk/vol1/fastq/ERR419/006/ERR4198126/ERR4198126_2.fastq.gz
ERR4198135	PAIRED	https://ftp.sra.ebi.ac.uk/vol1/fastq/ERR419/005/ERR4198135/ERR4198135_1.fastq.gz	https://ftp.sra.ebi.ac.uk/vol1/fastq/ERR419/005/ERR4198135/ERR4198135_2.fastq.gz
ERR4223535	PAIRED	https://ftp.sra.ebi.ac.uk/vol1/fastq/ERR422/005/ERR4223535/ERR4223535_1.fastq.gz	https://ftp.sra.ebi.ac.uk/vol1/fastq/ERR422/005/ERR4223535/ERR4223535_2.fastq.gz
ERR4228898	PAIRED	https://ftp.sra.ebi.ac.uk/vol1/fastq/ERR422/008/ERR4228898/ERR4228898_1.fastq.gz	https://ftp.sra.ebi.ac.uk/vol1/fastq/ERR422/008/ERR4228898/ERR4228898_2.fastq.gz
ERR4228925	PAIRED	https://ftp.sra.ebi.ac.uk/vol1/fastq/ERR422/005/ERR4228925/ERR4228925_1.fastq.gz	https://ftp.sra.ebi.ac.uk/vol1/fastq/ERR422/005/ERR4228925/ERR4228925_2.fastq.gz
ERR4228933	PAIRED	https://ftp.sra.ebi.ac.uk/vol1/fastq/ERR422/003/ERR4228933/ERR4228933_1.fastq.gz	https://ftp.sra.ebi.ac.uk/vol1/fastq/ERR422/003/ERR4228933/ERR4228933_2.fastq.gz
ERR4228972	PAIRED	https://ftp.sra.ebi.ac.uk/vol1/fastq/ERR422/002/ERR4228972/ERR4228972_1.fastq.gz	https://ftp.sra.ebi.ac.uk/vol1/fastq/ERR422/002/ERR4228972/ERR4228972_2.fastq.gz
ERR4229022	PAIRED	https://ftp.sra.ebi.ac.uk/vol1/fastq/ERR422/002/ERR4229022/ERR4229022_1.fastq.gz	https://ftp.sra.ebi.ac.uk/vol1/fastq/ERR422/002/ERR4229022/ERR4229022_2.fastq.gz
ERR4229136	PAIRED	https://ftp.sra.ebi.ac.uk/vol1/fastq/ERR422/006/ERR4229136/ERR4229136_1.fastq.gz	https://ftp.sra.ebi.ac.uk/vol1/fastq/ERR422/006/ERR4229136/ERR4229136_2.fastq.gz
ERR4244385	PAIRED	https://ftp.sra.ebi.ac.uk/vol1/fastq/ERR424/005/ERR4244385/ERR4244385_1.fastq.gz	https://ftp.sra.ebi.ac.uk/vol1/fastq/ERR424/005/ERR4244385/ERR4244385_2.fastq.gz
ERR4244685	PAIRED	https://ftp.sra.ebi.ac.uk/vol1/fastq/ERR424/005/ERR4244685/ERR4244685_1.fastq.gz	https://ftp.sra.ebi.ac.uk/vol1/fastq/ERR424/005/ERR4244685/ERR4244685_2.fastq.gz
ERR4280154	PAIRED	https://ftp.sra.ebi.ac.uk/vol1/fastq/ERR428/004/ERR4280154/ERR4280154_1.fastq.gz	https://ftp.sra.ebi.ac.uk/vol1/fastq/ERR428/004/ERR4280154/ERR4280154_2.fastq.gz
ERR4280176	PAIRED	https://ftp.sra.ebi.ac.uk/vol1/fastq/ERR428/006/ERR4280176/ERR4280176_1.fastq.gz	https://ftp.sra.ebi.ac.uk/vol1/fastq/ERR428/006/ERR4280176/ERR4280176_2.fastq.gz
ERR4367486	PAIRED	https://ftp.sra.ebi.ac.uk/vol1/fastq/ERR436/006/ERR4367486/ERR4367486_1.fastq.gz	https://ftp.sra.ebi.ac.uk/vol1/fastq/ERR436/006/ERR4367486/ERR4367486_2.fastq.gz
ERR4367495	PAIRED	https://ftp.sra.ebi.ac.uk/vol1/fastq/ERR436/005/ERR4367495/ERR4367495_1.fastq.gz	https://ftp.sra.ebi.ac.uk/vol1/fastq/ERR436/005/ERR4367495/ERR4367495_2.fastq.gz
ERR4367504	PAIRED	https://ftp.sra.ebi.ac.uk/vol1/fastq/ERR436/004/ERR4367504/ERR4367504_1.fastq.gz	https://ftp.sra.ebi.ac.uk/vol1/fastq/ERR436/004/ERR4367504/ERR4367504_2.fastq.gz
ERR4367507	PAIRED	https://ftp.sra.ebi.ac.uk/vol1/fastq/ERR436/007/ERR4367507/ERR4367507_1.fastq.gz	https://ftp.sra.ebi.ac.uk/vol1/fastq/ERR436/007/ERR4367507/ERR4367507_2.fastq.gz
ERR4367510	PAIRED	https://ftp.sra.ebi.ac.uk/vol1/fastq/ERR436/000/ERR4367510/ERR4367510_1.fastq.gz	https://ftp.sra.ebi.ac.uk/vol1/fastq/ERR436/000/ERR4367510/ERR4367510_2.fastq.gz
ERR4367527	PAIRED	https://ftp.sra.ebi.ac.uk/vol1/fastq/ERR436/007/ERR4367527/ERR4367527_1.fastq.gz	https://ftp.sra.ebi.ac.uk/vol1/fastq/ERR436/007/ERR4367527/ERR4367527_2.fastq.gz
ERR4367535	PAIRED	https://ftp.sra.ebi.ac.uk/vol1/fastq/ERR436/005/ERR4367535/ERR4367535_1.fastq.gz	https://ftp.sra.ebi.ac.uk/vol1/fastq/ERR436/005/ERR4367535/ERR4367535_2.fastq.gz
ERR4367544	PAIRED	https://ftp.sra.ebi.ac.uk/vol1/fastq/ERR436/004/ERR4367544/ERR4367544_1.fastq.gz	https://ftp.sra.ebi.ac.uk/vol1/fastq/ERR436/004/ERR4367544/ERR4367544_2.fastq.gz
ERR4367546	PAIRED	https://ftp.sra.ebi.ac.uk/vol1/fastq/ERR436/006/ERR4367546/ERR4367546_1.fastq.gz	https://ftp.sra.ebi.ac.uk/vol1/fastq/ERR436/006/ERR4367546/ERR4367546_2.fastq.gz
ERR4367548	PAIRED	https://ftp.sra.ebi.ac.uk/vol1/fastq/ERR436/008/ERR4367548/ERR4367548_1.fastq.gz	https://ftp.sra.ebi.ac.uk/vol1/fastq/ERR436/008/ERR4367548/ERR4367548_2.fastq.gz
ERR4367549	PAIRED	https://ftp.sra.ebi.ac.uk/vol1/fastq/ERR436/009/ERR4367549/ERR4367549_1.fastq.gz	https://ftp.sra.ebi.ac.uk/vol1/fastq/ERR436/009/ERR4367549/ERR4367549_2.fastq.gz
ERR4367558	PAIRED	https://ftp.sra.ebi.ac.uk/vol1/fastq/ERR436/008/ERR4367558/ERR4367558_1.fastq.gz	https://ftp.sra.ebi.ac.uk/vol1/fastq/ERR436/008/ERR4367558/ERR4367558_2.fastq.gz
ERR4367598	PAIRED	https://ftp.sra.ebi.ac.uk/vol1/fastq/ERR436/008/ERR4367598/ERR4367598_1.fastq.gz	https://ftp.sra.ebi.ac.uk/vol1/fastq/ERR436/008/ERR4367598/ERR4367598_2.fastq.gz
ERR4367620	PAIRED	https://ftp.sra.ebi.ac.uk/vol1/fastq/ERR436/000/ERR4367620/ERR4367620_1.fastq.gz	https://ftp.sra.ebi.ac.uk/vol1/fastq/ERR436/000/ERR4367620/ERR4367620_2.fastq.gz
ERR4367630	PAIRED	https://ftp.sra.ebi.ac.uk/vol1/fastq/ERR436/000/ERR4367630/ERR4367630_1.fastq.gz	https://ftp.sra.ebi.ac.uk/vol1/fastq/ERR436/000/ERR4367630/ERR4367630_2.fastq.gz
ERR4367636	PAIRED	https://ftp.sra.ebi.ac.uk/vol1/fastq/ERR436/006/ERR4367636/ERR4367636_1.fastq.gz	https://ftp.sra.ebi.ac.uk/vol1/fastq/ERR436/006/ERR4367636/ERR4367636_2.fastq.gz
ERR4367662	PAIRED	https://ftp.sra.ebi.ac.uk/vol1/fastq/ERR436/002/ERR4367662/ERR4367662_1.fastq.gz	https://ftp.sra.ebi.ac.uk/vol1/fastq/ERR436/002/ERR4367662/ERR4367662_2.fastq.gz
ERR4367667	PAIRED	https://ftp.sra.ebi.ac.uk/vol1/fastq/ERR436/007/ERR4367667/ERR4367667_1.fastq.gz	https://ftp.sra.ebi.ac.uk/vol1/fastq/ERR436/007/ERR4367667/ERR4367667_2.fastq.gz
ERR4367668	PAIRED	https://ftp.sra.ebi.ac.uk/vol1/fastq/ERR436/008/ERR4367668/ERR4367668_1.fastq.gz	https://ftp.sra.ebi.ac.uk/vol1/fastq/ERR436/008/ERR4367668/ERR4367668_2.fastq.gz
ERR4367689	PAIRED	https://ftp.sra.ebi.ac.uk/vol1/fastq/ERR436/009/ERR4367689/ERR4367689_1.fastq.gz	https://ftp.sra.ebi.ac.uk/vol1/fastq/ERR436/009/ERR4367689/ERR4367689_2.fastq.gz
ERR4367696	PAIRED	https://ftp.sra.ebi.ac.uk/vol1/fastq/ERR436/006/ERR4367696/ERR4367696_1.fastq.gz	https://ftp.sra.ebi.ac.uk/vol1/fastq/ERR436/006/ERR4367696/ERR4367696_2.fastq.gz
ERR4372140	PAIRED	https://ftp.sra.ebi.ac.uk/vol1/fastq/ERR437/000/ERR4372140/ERR4372140_1.fastq.gz	https://ftp.sra.ebi.ac.uk/vol1/fastq/ERR437/000/ERR4372140/ERR4372140_2.fastq.gz
ERR4374660	PAIRED	https://ftp.sra.ebi.ac.uk/vol1/fastq/ERR437/000/ERR4374660/ERR4374660_1.fastq.gz	https://ftp.sra.ebi.ac.uk/vol1/fastq/ERR437/000/ERR4374660/ERR4374660_2.fastq.gz
ERR4374726	PAIRED	https://ftp.sra.ebi.ac.uk/vol1/fastq/ERR437/006/ERR4374726/ERR4374726_1.fastq.gz	https://ftp.sra.ebi.ac.uk/vol1/fastq/ERR437/006/ERR4374726/ERR4374726_2.fastq.gz
ERR4374734	PAIRED	https://ftp.sra.ebi.ac.uk/vol1/fastq/ERR437/004/ERR4374734/ERR4374734_1.fastq.gz	https://ftp.sra.ebi.ac.uk/vol1/fastq/ERR437/004/ERR4374734/ERR4374734_2.fastq.gz
ERR4374741	PAIRED	https://ftp.sra.ebi.ac.uk/vol1/fastq/ERR437/001/ERR4374741/ERR4374741_1.fastq.gz	https://ftp.sra.ebi.ac.uk/vol1/fastq/ERR437/001/ERR4374741/ERR4374741_2.fastq.gz
ERR4374763	PAIRED	https://ftp.sra.ebi.ac.uk/vol1/fastq/ERR437/003/ERR4374763/ERR4374763_1.fastq.gz	https://ftp.sra.ebi.ac.uk/vol1/fastq/ERR437/003/ERR4374763/ERR4374763_2.fastq.gz
ERR4405771	PAIRED	https://ftp.sra.ebi.ac.uk/vol1/fastq/ERR440/001/ERR4405771/ERR4405771_1.fastq.gz	https://ftp.sra.ebi.ac.uk/vol1/fastq/ERR440/001/ERR4405771/ERR4405771_2.fastq.gz
ERR4425355	PAIRED	https://ftp.sra.ebi.ac.uk/vol1/fastq/ERR442/005/ERR4425355/ERR4425355_1.fastq.gz	https://ftp.sra.ebi.ac.uk/vol1/fastq/ERR442/005/ERR4425355/ERR4425355_2.fastq.gz
ERR4463187	PAIRED	https://ftp.sra.ebi.ac.uk/vol1/fastq/ERR446/007/ERR4463187/ERR4463187_1.fastq.gz	https://ftp.sra.ebi.ac.uk/vol1/fastq/ERR446/007/ERR4463187/ERR4463187_2.fastq.gz
ERR4463188	PAIRED	https://ftp.sra.ebi.ac.uk/vol1/fastq/ERR446/008/ERR4463188/ERR4463188_1.fastq.gz	https://ftp.sra.ebi.ac.uk/vol1/fastq/ERR446/008/ERR4463188/ERR4463188_2.fastq.gz
ERR4463227	PAIRED	https://ftp.sra.ebi.ac.uk/vol1/fastq/ERR446/007/ERR4463227/ERR4463227_1.fastq.gz	https://ftp.sra.ebi.ac.uk/vol1/fastq/ERR446/007/ERR4463227/ERR4463227_2.fastq.gz
ERR4463232	PAIRED	https://ftp.sra.ebi.ac.uk/vol1/fastq/ERR446/002/ERR4463232/ERR4463232_1.fastq.gz	https://ftp.sra.ebi.ac.uk/vol1/fastq/ERR446/002/ERR4463232/ERR4463232_2.fastq.gz
ERR4463254	PAIRED	https://ftp.sra.ebi.ac.uk/vol1/fastq/ERR446/004/ERR4463254/ERR4463254_1.fastq.gz	https://ftp.sra.ebi.ac.uk/vol1/fastq/ERR446/004/ERR4463254/ERR4463254_2.fastq.gz
ERR4463267	PAIRED	https://ftp.sra.ebi.ac.uk/vol1/fastq/ERR446/007/ERR4463267/ERR4463267_1.fastq.gz	https://ftp.sra.ebi.ac.uk/vol1/fastq/ERR446/007/ERR4463267/ERR4463267_2.fastq.gz
ERR4463357	PAIRED	https://ftp.sra.ebi.ac.uk/vol1/fastq/ERR446/007/ERR4463357/ERR4463357_1.fastq.gz	https://ftp.sra.ebi.ac.uk/vol1/fastq/ERR446/007/ERR4463357/ERR4463357_2.fastq.gz
ERR4463361	PAIRED	https://ftp.sra.ebi.ac.uk/vol1/fastq/ERR446/001/ERR4463361/ERR4463361_1.fastq.gz	https://ftp.sra.ebi.ac.uk/vol1/fastq/ERR446/001/ERR4463361/ERR4463361_2.fastq.gz
ERR4463372	PAIRED	https://ftp.sra.ebi.ac.uk/vol1/fastq/ERR446/002/ERR4463372/ERR4463372_1.fastq.gz	https://ftp.sra.ebi.ac.uk/vol1/fastq/ERR446/002/ERR4463372/ERR4463372_2.fastq.gz
ERR4463380	PAIRED	https://ftp.sra.ebi.ac.uk/vol1/fastq/ERR446/000/ERR4463380/ERR4463380_1.fastq.gz	https://ftp.sra.ebi.ac.uk/vol1/fastq/ERR446/000/ERR4463380/ERR4463380_2.fastq.gz
ERR4463440	PAIRED	https://ftp.sra.ebi.ac.uk/vol1/fastq/ERR446/000/ERR4463440/ERR4463440_1.fastq.gz	https://ftp.sra.ebi.ac.uk/vol1/fastq/ERR446/000/ERR4463440/ERR4463440_2.fastq.gz
ERR4463458	PAIRED	https://ftp.sra.ebi.ac.uk/vol1/fastq/ERR446/008/ERR4463458/ERR4463458_1.fastq.gz	https://ftp.sra.ebi.ac.uk/vol1/fastq/ERR446/008/ERR4463458/ERR4463458_2.fastq.gz
ERR4463491	PAIRED	https://ftp.sra.ebi.ac.uk/vol1/fastq/ERR446/001/ERR4463491/ERR4463491_1.fastq.gz	https://ftp.sra.ebi.ac.uk/vol1/fastq/ERR446/001/ERR4463491/ERR4463491_2.fastq.gz
ERR4463502	PAIRED	https://ftp.sra.ebi.ac.uk/vol1/fastq/ERR446/002/ERR4463502/ERR4463502_1.fastq.gz	https://ftp.sra.ebi.ac.uk/vol1/fastq/ERR446/002/ERR4463502/ERR4463502_2.fastq.gz
ERR4463512	PAIRED	https://ftp.sra.ebi.ac.uk/vol1/fastq/ERR446/002/ERR4463512/ERR4463512_1.fastq.gz	https://ftp.sra.ebi.ac.uk/vol1/fastq/ERR446/002/ERR4463512/ERR4463512_2.fastq.gz
ERR4465096	PAIRED	https://ftp.sra.ebi.ac.uk/vol1/fastq/ERR446/006/ERR4465096/ERR4465096_1.fastq.gz	https://ftp.sra.ebi.ac.uk/vol1/fastq/ERR446/006/ERR4465096/ERR4465096_2.fastq.gz
ERR4465110	PAIRED	https://ftp.sra.ebi.ac.uk/vol1/fastq/ERR446/000/ERR4465110/ERR4465110_1.fastq.gz	https://ftp.sra.ebi.ac.uk/vol1/fastq/ERR446/000/ERR4465110/ERR4465110_2.fastq.gz
ERR4465122	PAIRED	https://ftp.sra.ebi.ac.uk/vol1/fastq/ERR446/002/ERR4465122/ERR4465122_1.fastq.gz	https://ftp.sra.ebi.ac.uk/vol1/fastq/ERR446/002/ERR4465122/ERR4465122_2.fastq.gz
ERR4465134	PAIRED	https://ftp.sra.ebi.ac.uk/vol1/fastq/ERR446/004/ERR4465134/ERR4465134_1.fastq.gz	https://ftp.sra.ebi.ac.uk/vol1/fastq/ERR446/004/ERR4465134/ERR4465134_2.fastq.gz
ERR4465138	PAIRED	https://ftp.sra.ebi.ac.uk/vol1/fastq/ERR446/008/ERR4465138/ERR4465138_1.fastq.gz	https://ftp.sra.ebi.ac.uk/vol1/fastq/ERR446/008/ERR4465138/ERR4465138_2.fastq.gz
ERR4465156	PAIRED	https://ftp.sra.ebi.ac.uk/vol1/fastq/ERR446/006/ERR4465156/ERR4465156_1.fastq.gz	https://ftp.sra.ebi.ac.uk/vol1/fastq/ERR446/006/ERR4465156/ERR4465156_2.fastq.gz
ERR4465168	PAIRED	https://ftp.sra.ebi.ac.uk/vol1/fastq/ERR446/008/ERR4465168/ERR4465168_1.fastq.gz	https://ftp.sra.ebi.ac.uk/vol1/fastq/ERR446/008/ERR4465168/ERR4465168_2.fastq.gz
ERR4465175	PAIRED	https://ftp.sra.ebi.ac.uk/vol1/fastq/ERR446/005/ERR4465175/ERR4465175_1.fastq.gz	https://ftp.sra.ebi.ac.uk/vol1/fastq/ERR446/005/ERR4465175/ERR4465175_2.fastq.gz
ERR4465213	PAIRED	https://ftp.sra.ebi.ac.uk/vol1/fastq/ERR446/003/ERR4465213/ERR4465213_1.fastq.gz	https://ftp.sra.ebi.ac.uk/vol1/fastq/ERR446/003/ERR4465213/ERR4465213_2.fastq.gz
ERR4465221	PAIRED	https://ftp.sra.ebi.ac.uk/vol1/fastq/ERR446/001/ERR4465221/ERR4465221_1.fastq.gz	https://ftp.sra.ebi.ac.uk/vol1/fastq/ERR446/001/ERR4465221/ERR4465221_2.fastq.gz
ERR4472597	PAIRED	https://ftp.sra.ebi.ac.uk/vol1/fastq/ERR447/007/ERR4472597/ERR4472597_1.fastq.gz	https://ftp.sra.ebi.ac.uk/vol1/fastq/ERR447/007/ERR4472597/ERR4472597_2.fastq.gz
ERR4503937	PAIRED	https://ftp.sra.ebi.ac.uk/vol1/fastq/ERR450/007/ERR4503937/ERR4503937_1.fastq.gz	https://ftp.sra.ebi.ac.uk/vol1/fastq/ERR450/007/ERR4503937/ERR4503937_2.fastq.gz
ERR4503958	PAIRED	https://ftp.sra.ebi.ac.uk/vol1/fastq/ERR450/008/ERR4503958/ERR4503958_1.fastq.gz	https://ftp.sra.ebi.ac.uk/vol1/fastq/ERR450/008/ERR4503958/ERR4503958_2.fastq.gz
ERR4503970	PAIRED	https://ftp.sra.ebi.ac.uk/vol1/fastq/ERR450/000/ERR4503970/ERR4503970_1.fastq.gz	https://ftp.sra.ebi.ac.uk/vol1/fastq/ERR450/000/ERR4503970/ERR4503970_2.fastq.gz
ERR4504279	PAIRED	https://ftp.sra.ebi.ac.uk/vol1/fastq/ERR450/009/ERR4504279/ERR4504279_1.fastq.gz	https://ftp.sra.ebi.ac.uk/vol1/fastq/ERR450/009/ERR4504279/ERR4504279_2.fastq.gz
ERR4504309	PAIRED	https://ftp.sra.ebi.ac.uk/vol1/fastq/ERR450/009/ERR4504309/ERR4504309_1.fastq.gz	https://ftp.sra.ebi.ac.uk/vol1/fastq/ERR450/009/ERR4504309/ERR4504309_2.fastq.gz
ERR4504332	PAIRED	https://ftp.sra.ebi.ac.uk/vol1/fastq/ERR450/002/ERR4504332/ERR4504332_1.fastq.gz	https://ftp.sra.ebi.ac.uk/vol1/fastq/ERR450/002/ERR4504332/ERR4504332_2.fastq.gz
ERR4504368	PAIRED	https://ftp.sra.ebi.ac.uk/vol1/fastq/ERR450/008/ERR4504368/ERR4504368_1.fastq.gz	https://ftp.sra.ebi.ac.uk/vol1/fastq/ERR450/008/ERR4504368/ERR4504368_2.fastq.gz
ERR4504434	PAIRED	https://ftp.sra.ebi.ac.uk/vol1/fastq/ERR450/004/ERR4504434/ERR4504434_1.fastq.gz	https://ftp.sra.ebi.ac.uk/vol1/fastq/ERR450/004/ERR4504434/ERR4504434_2.fastq.gz
ERR4549798	PAIRED	https://ftp.sra.ebi.ac.uk/vol1/fastq/ERR454/008/ERR4549798/ERR4549798_1.fastq.gz	https://ftp.sra.ebi.ac.uk/vol1/fastq/ERR454/008/ERR4549798/ERR4549798_2.fastq.gz
ERR4549847	PAIRED	https://ftp.sra.ebi.ac.uk/vol1/fastq/ERR454/007/ERR4549847/ERR4549847_1.fastq.gz	https://ftp.sra.ebi.ac.uk/vol1/fastq/ERR454/007/ERR4549847/ERR4549847_2.fastq.gz
ERR4549869	PAIRED	https://ftp.sra.ebi.ac.uk/vol1/fastq/ERR454/009/ERR4549869/ERR4549869_1.fastq.gz	https://ftp.sra.ebi.ac.uk/vol1/fastq/ERR454/009/ERR4549869/ERR4549869_2.fastq.gz
ERR455539	PAIRED	https://ftp.sra.ebi.ac.uk/vol1/fastq/ERR455/ERR455539/ERR455539_1.fastq.gz	https://ftp.sra.ebi.ac.uk/vol1/fastq/ERR455/ERR455539/ERR455539_2.fastq.gz
ERR4596861	PAIRED	https://ftp.sra.ebi.ac.uk/vol1/fastq/ERR459/001/ERR4596861/ERR4596861_1.fastq.gz	https://ftp.sra.ebi.ac.uk/vol1/fastq/ERR459/001/ERR4596861/ERR4596861_2.fastq.gz
ERR4596863	PAIRED	https://ftp.sra.ebi.ac.uk/vol1/fastq/ERR459/003/ERR4596863/ERR4596863_1.fastq.gz	https://ftp.sra.ebi.ac.uk/vol1/fastq/ERR459/003/ERR4596863/ERR4596863_2.fastq.gz
ERR4635098	PAIRED	https://ftp.sra.ebi.ac.uk/vol1/fastq/ERR463/008/ERR4635098/ERR4635098_1.fastq.gz	https://ftp.sra.ebi.ac.uk/vol1/fastq/ERR463/008/ERR4635098/ERR4635098_2.fastq.gz
ERR4635099	PAIRED	https://ftp.sra.ebi.ac.uk/vol1/fastq/ERR463/009/ERR4635099/ERR4635099_1.fastq.gz	https://ftp.sra.ebi.ac.uk/vol1/fastq/ERR463/009/ERR4635099/ERR4635099_2.fastq.gz
ERR4635136	PAIRED	https://ftp.sra.ebi.ac.uk/vol1/fastq/ERR463/006/ERR4635136/ERR4635136_1.fastq.gz	https://ftp.sra.ebi.ac.uk/vol1/fastq/ERR463/006/ERR4635136/ERR4635136_2.fastq.gz
ERR4635147	PAIRED	https://ftp.sra.ebi.ac.uk/vol1/fastq/ERR463/007/ERR4635147/ERR4635147_1.fastq.gz	https://ftp.sra.ebi.ac.uk/vol1/fastq/ERR463/007/ERR4635147/ERR4635147_2.fastq.gz
ERR4635195	PAIRED	https://ftp.sra.ebi.ac.uk/vol1/fastq/ERR463/005/ERR4635195/ERR4635195_1.fastq.gz	https://ftp.sra.ebi.ac.uk/vol1/fastq/ERR463/005/ERR4635195/ERR4635195_2.fastq.gz
ERR4635200	PAIRED	https://ftp.sra.ebi.ac.uk/vol1/fastq/ERR463/000/ERR4635200/ERR4635200_1.fastq.gz	https://ftp.sra.ebi.ac.uk/vol1/fastq/ERR463/000/ERR4635200/ERR4635200_2.fastq.gz
ERR4635203	PAIRED	https://ftp.sra.ebi.ac.uk/vol1/fastq/ERR463/003/ERR4635203/ERR4635203_1.fastq.gz	https://ftp.sra.ebi.ac.uk/vol1/fastq/ERR463/003/ERR4635203/ERR4635203_2.fastq.gz
ERR4635204	PAIRED	https://ftp.sra.ebi.ac.uk/vol1/fastq/ERR463/004/ERR4635204/ERR4635204_1.fastq.gz	https://ftp.sra.ebi.ac.uk/vol1/fastq/ERR463/004/ERR4635204/ERR4635204_2.fastq.gz
ERR4635206	PAIRED	https://ftp.sra.ebi.ac.uk/vol1/fastq/ERR463/006/ERR4635206/ERR4635206_1.fastq.gz	https://ftp.sra.ebi.ac.uk/vol1/fastq/ERR463/006/ERR4635206/ERR4635206_2.fastq.gz
ERR4635219	PAIRED	https://ftp.sra.ebi.ac.uk/vol1/fastq/ERR463/009/ERR4635219/ERR4635219_1.fastq.gz	https://ftp.sra.ebi.ac.uk/vol1/fastq/ERR463/009/ERR4635219/ERR4635219_2.fastq.gz
ERR4635221	PAIRED	https://ftp.sra.ebi.ac.uk/vol1/fastq/ERR463/001/ERR4635221/ERR4635221_1.fastq.gz	https://ftp.sra.ebi.ac.uk/vol1/fastq/ERR463/001/ERR4635221/ERR4635221_2.fastq.gz
ERR4635225	PAIRED	https://ftp.sra.ebi.ac.uk/vol1/fastq/ERR463/005/ERR4635225/ERR4635225_1.fastq.gz	https://ftp.sra.ebi.ac.uk/vol1/fastq/ERR463/005/ERR4635225/ERR4635225_2.fastq.gz
ERR4635253	PAIRED	https://ftp.sra.ebi.ac.uk/vol1/fastq/ERR463/003/ERR4635253/ERR4635253_1.fastq.gz	https://ftp.sra.ebi.ac.uk/vol1/fastq/ERR463/003/ERR4635253/ERR4635253_2.fastq.gz
ERR4635289	PAIRED	https://ftp.sra.ebi.ac.uk/vol1/fastq/ERR463/009/ERR4635289/ERR4635289_1.fastq.gz	https://ftp.sra.ebi.ac.uk/vol1/fastq/ERR463/009/ERR4635289/ERR4635289_2.fastq.gz
ERR4635300	PAIRED	https://ftp.sra.ebi.ac.uk/vol1/fastq/ERR463/000/ERR4635300/ERR4635300_1.fastq.gz	https://ftp.sra.ebi.ac.uk/vol1/fastq/ERR463/000/ERR4635300/ERR4635300_2.fastq.gz
ERR4635311	PAIRED	https://ftp.sra.ebi.ac.uk/vol1/fastq/ERR463/001/ERR4635311/ERR4635311_1.fastq.gz	https://ftp.sra.ebi.ac.uk/vol1/fastq/ERR463/001/ERR4635311/ERR4635311_2.fastq.gz
ERR4635369	PAIRED	https://ftp.sra.ebi.ac.uk/vol1/fastq/ERR463/009/ERR4635369/ERR4635369_1.fastq.gz	https://ftp.sra.ebi.ac.uk/vol1/fastq/ERR463/009/ERR4635369/ERR4635369_2.fastq.gz
ERR4635388	PAIRED	https://ftp.sra.ebi.ac.uk/vol1/fastq/ERR463/008/ERR4635388/ERR4635388_1.fastq.gz	https://ftp.sra.ebi.ac.uk/vol1/fastq/ERR463/008/ERR4635388/ERR4635388_2.fastq.gz
ERR4635410	PAIRED	https://ftp.sra.ebi.ac.uk/vol1/fastq/ERR463/000/ERR4635410/ERR4635410_1.fastq.gz	https://ftp.sra.ebi.ac.uk/vol1/fastq/ERR463/000/ERR4635410/ERR4635410_2.fastq.gz
ERR4635428	PAIRED	https://ftp.sra.ebi.ac.uk/vol1/fastq/ERR463/008/ERR4635428/ERR4635428_1.fastq.gz	https://ftp.sra.ebi.ac.uk/vol1/fastq/ERR463/008/ERR4635428/ERR4635428_2.fastq.gz
ERR4635467	PAIRED	https://ftp.sra.ebi.ac.uk/vol1/fastq/ERR463/007/ERR4635467/ERR4635467_1.fastq.gz	https://ftp.sra.ebi.ac.uk/vol1/fastq/ERR463/007/ERR4635467/ERR4635467_2.fastq.gz
ERR4635479	PAIRED	https://ftp.sra.ebi.ac.uk/vol1/fastq/ERR463/009/ERR4635479/ERR4635479_1.fastq.gz	https://ftp.sra.ebi.ac.uk/vol1/fastq/ERR463/009/ERR4635479/ERR4635479_2.fastq.gz
ERR4635769	PAIRED	https://ftp.sra.ebi.ac.uk/vol1/fastq/ERR463/009/ERR4635769/ERR4635769_1.fastq.gz	https://ftp.sra.ebi.ac.uk/vol1/fastq/ERR463/009/ERR4635769/ERR4635769_2.fastq.gz
ERR4702621	PAIRED	https://ftp.sra.ebi.ac.uk/vol1/fastq/ERR470/001/ERR4702621/ERR4702621_1.fastq.gz	https://ftp.sra.ebi.ac.uk/vol1/fastq/ERR470/001/ERR4702621/ERR4702621_2.fastq.gz
ERR474509	PAIRED	https://ftp.sra.ebi.ac.uk/vol1/fastq/ERR474/ERR474509/ERR474509_1.fastq.gz	https://ftp.sra.ebi.ac.uk/vol1/fastq/ERR474/ERR474509/ERR474509_2.fastq.gz
ERR474519	PAIRED	https://ftp.sra.ebi.ac.uk/vol1/fastq/ERR474/ERR474519/ERR474519_1.fastq.gz	https://ftp.sra.ebi.ac.uk/vol1/fastq/ERR474/ERR474519/ERR474519_2.fastq.gz
ERR4782413	PAIRED	https://ftp.sra.ebi.ac.uk/vol1/fastq/ERR478/003/ERR4782413/ERR4782413_1.fastq.gz	https://ftp.sra.ebi.ac.uk/vol1/fastq/ERR478/003/ERR4782413/ERR4782413_2.fastq.gz
ERR4782429	PAIRED	https://ftp.sra.ebi.ac.uk/vol1/fastq/ERR478/009/ERR4782429/ERR4782429_1.fastq.gz	https://ftp.sra.ebi.ac.uk/vol1/fastq/ERR478/009/ERR4782429/ERR4782429_2.fastq.gz
ERR4782639	PAIRED	https://ftp.sra.ebi.ac.uk/vol1/fastq/ERR478/009/ERR4782639/ERR4782639_1.fastq.gz	https://ftp.sra.ebi.ac.uk/vol1/fastq/ERR478/009/ERR4782639/ERR4782639_2.fastq.gz
ERR4782699	PAIRED	https://ftp.sra.ebi.ac.uk/vol1/fastq/ERR478/009/ERR4782699/ERR4782699_1.fastq.gz	https://ftp.sra.ebi.ac.uk/vol1/fastq/ERR478/009/ERR4782699/ERR4782699_2.fastq.gz
ERR4782810	PAIRED	https://ftp.sra.ebi.ac.uk/vol1/fastq/ERR478/000/ERR4782810/ERR4782810_1.fastq.gz	https://ftp.sra.ebi.ac.uk/vol1/fastq/ERR478/000/ERR4782810/ERR4782810_2.fastq.gz
ERR4782839	PAIRED	https://ftp.sra.ebi.ac.uk/vol1/fastq/ERR478/009/ERR4782839/ERR4782839_1.fastq.gz	https://ftp.sra.ebi.ac.uk/vol1/fastq/ERR478/009/ERR4782839/ERR4782839_2.fastq.gz
ERR4782856	PAIRED	https://ftp.sra.ebi.ac.uk/vol1/fastq/ERR478/006/ERR4782856/ERR4782856_1.fastq.gz	https://ftp.sra.ebi.ac.uk/vol1/fastq/ERR478/006/ERR4782856/ERR4782856_2.fastq.gz
ERR4782875	PAIRED	https://ftp.sra.ebi.ac.uk/vol1/fastq/ERR478/005/ERR4782875/ERR4782875_1.fastq.gz	https://ftp.sra.ebi.ac.uk/vol1/fastq/ERR478/005/ERR4782875/ERR4782875_2.fastq.gz
ERR4782897	PAIRED	https://ftp.sra.ebi.ac.uk/vol1/fastq/ERR478/007/ERR4782897/ERR4782897_1.fastq.gz	https://ftp.sra.ebi.ac.uk/vol1/fastq/ERR478/007/ERR4782897/ERR4782897_2.fastq.gz
ERR4782904	PAIRED	https://ftp.sra.ebi.ac.uk/vol1/fastq/ERR478/004/ERR4782904/ERR4782904_1.fastq.gz	https://ftp.sra.ebi.ac.uk/vol1/fastq/ERR478/004/ERR4782904/ERR4782904_2.fastq.gz
ERR4782918	PAIRED	https://ftp.sra.ebi.ac.uk/vol1/fastq/ERR478/008/ERR4782918/ERR4782918_1.fastq.gz	https://ftp.sra.ebi.ac.uk/vol1/fastq/ERR478/008/ERR4782918/ERR4782918_2.fastq.gz
ERR4782945	PAIRED	https://ftp.sra.ebi.ac.uk/vol1/fastq/ERR478/005/ERR4782945/ERR4782945_1.fastq.gz	https://ftp.sra.ebi.ac.uk/vol1/fastq/ERR478/005/ERR4782945/ERR4782945_2.fastq.gz
ERR4783007	PAIRED	https://ftp.sra.ebi.ac.uk/vol1/fastq/ERR478/007/ERR4783007/ERR4783007_1.fastq.gz	https://ftp.sra.ebi.ac.uk/vol1/fastq/ERR478/007/ERR4783007/ERR4783007_2.fastq.gz
ERR4783262	PAIRED	https://ftp.sra.ebi.ac.uk/vol1/fastq/ERR478/002/ERR4783262/ERR4783262_1.fastq.gz	https://ftp.sra.ebi.ac.uk/vol1/fastq/ERR478/002/ERR4783262/ERR4783262_2.fastq.gz
ERR4783281	PAIRED	https://ftp.sra.ebi.ac.uk/vol1/fastq/ERR478/001/ERR4783281/ERR4783281_1.fastq.gz	https://ftp.sra.ebi.ac.uk/vol1/fastq/ERR478/001/ERR4783281/ERR4783281_2.fastq.gz
ERR4783334	PAIRED	https://ftp.sra.ebi.ac.uk/vol1/fastq/ERR478/004/ERR4783334/ERR4783334_1.fastq.gz	https://ftp.sra.ebi.ac.uk/vol1/fastq/ERR478/004/ERR4783334/ERR4783334_2.fastq.gz
ERR4783380	PAIRED	https://ftp.sra.ebi.ac.uk/vol1/fastq/ERR478/000/ERR4783380/ERR4783380_1.fastq.gz	https://ftp.sra.ebi.ac.uk/vol1/fastq/ERR478/000/ERR4783380/ERR4783380_2.fastq.gz
ERR4783506	PAIRED	https://ftp.sra.ebi.ac.uk/vol1/fastq/ERR478/006/ERR4783506/ERR4783506_1.fastq.gz	https://ftp.sra.ebi.ac.uk/vol1/fastq/ERR478/006/ERR4783506/ERR4783506_2.fastq.gz
ERR4783510	PAIRED	https://ftp.sra.ebi.ac.uk/vol1/fastq/ERR478/000/ERR4783510/ERR4783510_1.fastq.gz	https://ftp.sra.ebi.ac.uk/vol1/fastq/ERR478/000/ERR4783510/ERR4783510_2.fastq.gz
ERR4783577	PAIRED	https://ftp.sra.ebi.ac.uk/vol1/fastq/ERR478/007/ERR4783577/ERR4783577_1.fastq.gz	https://ftp.sra.ebi.ac.uk/vol1/fastq/ERR478/007/ERR4783577/ERR4783577_2.fastq.gz
ERR4784093	PAIRED	https://ftp.sra.ebi.ac.uk/vol1/fastq/ERR478/003/ERR4784093/ERR4784093_1.fastq.gz	https://ftp.sra.ebi.ac.uk/vol1/fastq/ERR478/003/ERR4784093/ERR4784093_2.fastq.gz
ERR4784153	PAIRED	https://ftp.sra.ebi.ac.uk/vol1/fastq/ERR478/003/ERR4784153/ERR4784153_1.fastq.gz	https://ftp.sra.ebi.ac.uk/vol1/fastq/ERR478/003/ERR4784153/ERR4784153_2.fastq.gz
ERR4784160	PAIRED	https://ftp.sra.ebi.ac.uk/vol1/fastq/ERR478/000/ERR4784160/ERR4784160_1.fastq.gz	https://ftp.sra.ebi.ac.uk/vol1/fastq/ERR478/000/ERR4784160/ERR4784160_2.fastq.gz
ERR4784174	PAIRED	https://ftp.sra.ebi.ac.uk/vol1/fastq/ERR478/004/ERR4784174/ERR4784174_1.fastq.gz	https://ftp.sra.ebi.ac.uk/vol1/fastq/ERR478/004/ERR4784174/ERR4784174_2.fastq.gz
ERR4784216	PAIRED	https://ftp.sra.ebi.ac.uk/vol1/fastq/ERR478/006/ERR4784216/ERR4784216_1.fastq.gz	https://ftp.sra.ebi.ac.uk/vol1/fastq/ERR478/006/ERR4784216/ERR4784216_2.fastq.gz
ERR4784239	PAIRED	https://ftp.sra.ebi.ac.uk/vol1/fastq/ERR478/009/ERR4784239/ERR4784239_1.fastq.gz	https://ftp.sra.ebi.ac.uk/vol1/fastq/ERR478/009/ERR4784239/ERR4784239_2.fastq.gz
ERR4784323	PAIRED	https://ftp.sra.ebi.ac.uk/vol1/fastq/ERR478/003/ERR4784323/ERR4784323_1.fastq.gz	https://ftp.sra.ebi.ac.uk/vol1/fastq/ERR478/003/ERR4784323/ERR4784323_2.fastq.gz
ERR4784367	PAIRED	https://ftp.sra.ebi.ac.uk/vol1/fastq/ERR478/007/ERR4784367/ERR4784367_1.fastq.gz	https://ftp.sra.ebi.ac.uk/vol1/fastq/ERR478/007/ERR4784367/ERR4784367_2.fastq.gz
ERR4784420	PAIRED	https://ftp.sra.ebi.ac.uk/vol1/fastq/ERR478/000/ERR4784420/ERR4784420_1.fastq.gz	https://ftp.sra.ebi.ac.uk/vol1/fastq/ERR478/000/ERR4784420/ERR4784420_2.fastq.gz
ERR4784462	PAIRED	https://ftp.sra.ebi.ac.uk/vol1/fastq/ERR478/002/ERR4784462/ERR4784462_1.fastq.gz	https://ftp.sra.ebi.ac.uk/vol1/fastq/ERR478/002/ERR4784462/ERR4784462_2.fastq.gz
ERR4784773	PAIRED	https://ftp.sra.ebi.ac.uk/vol1/fastq/ERR478/003/ERR4784773/ERR4784773_1.fastq.gz	https://ftp.sra.ebi.ac.uk/vol1/fastq/ERR478/003/ERR4784773/ERR4784773_2.fastq.gz
ERR4784824	PAIRED	https://ftp.sra.ebi.ac.uk/vol1/fastq/ERR478/004/ERR4784824/ERR4784824_1.fastq.gz	https://ftp.sra.ebi.ac.uk/vol1/fastq/ERR478/004/ERR4784824/ERR4784824_2.fastq.gz
ERR4784842	PAIRED	https://ftp.sra.ebi.ac.uk/vol1/fastq/ERR478/002/ERR4784842/ERR4784842_1.fastq.gz	https://ftp.sra.ebi.ac.uk/vol1/fastq/ERR478/002/ERR4784842/ERR4784842_2.fastq.gz
ERR4785022	PAIRED	https://ftp.sra.ebi.ac.uk/vol1/fastq/ERR478/002/ERR4785022/ERR4785022_1.fastq.gz	https://ftp.sra.ebi.ac.uk/vol1/fastq/ERR478/002/ERR4785022/ERR4785022_2.fastq.gz
ERR4785050	PAIRED	https://ftp.sra.ebi.ac.uk/vol1/fastq/ERR478/000/ERR4785050/ERR4785050_1.fastq.gz	https://ftp.sra.ebi.ac.uk/vol1/fastq/ERR478/000/ERR4785050/ERR4785050_2.fastq.gz
ERR4785373	PAIRED	https://ftp.sra.ebi.ac.uk/vol1/fastq/ERR478/003/ERR4785373/ERR4785373_1.fastq.gz	https://ftp.sra.ebi.ac.uk/vol1/fastq/ERR478/003/ERR4785373/ERR4785373_2.fastq.gz
ERR4785424	PAIRED	https://ftp.sra.ebi.ac.uk/vol1/fastq/ERR478/004/ERR4785424/ERR4785424_1.fastq.gz	https://ftp.sra.ebi.ac.uk/vol1/fastq/ERR478/004/ERR4785424/ERR4785424_2.fastq.gz
ERR4785442	PAIRED	https://ftp.sra.ebi.ac.uk/vol1/fastq/ERR478/002/ERR4785442/ERR4785442_1.fastq.gz	https://ftp.sra.ebi.ac.uk/vol1/fastq/ERR478/002/ERR4785442/ERR4785442_2.fastq.gz
ERR4785537	PAIRED	https://ftp.sra.ebi.ac.uk/vol1/fastq/ERR478/007/ERR4785537/ERR4785537_1.fastq.gz	https://ftp.sra.ebi.ac.uk/vol1/fastq/ERR478/007/ERR4785537/ERR4785537_2.fastq.gz
ERR4785607	PAIRED	https://ftp.sra.ebi.ac.uk/vol1/fastq/ERR478/007/ERR4785607/ERR4785607_1.fastq.gz	https://ftp.sra.ebi.ac.uk/vol1/fastq/ERR478/007/ERR4785607/ERR4785607_2.fastq.gz
ERR4785622	PAIRED	https://ftp.sra.ebi.ac.uk/vol1/fastq/ERR478/002/ERR4785622/ERR4785622_1.fastq.gz	https://ftp.sra.ebi.ac.uk/vol1/fastq/ERR478/002/ERR4785622/ERR4785622_2.fastq.gz
ERR4785726	PAIRED	https://ftp.sra.ebi.ac.uk/vol1/fastq/ERR478/006/ERR4785726/ERR4785726_1.fastq.gz	https://ftp.sra.ebi.ac.uk/vol1/fastq/ERR478/006/ERR4785726/ERR4785726_2.fastq.gz
ERR4785741	PAIRED	https://ftp.sra.ebi.ac.uk/vol1/fastq/ERR478/001/ERR4785741/ERR4785741_1.fastq.gz	https://ftp.sra.ebi.ac.uk/vol1/fastq/ERR478/001/ERR4785741/ERR4785741_2.fastq.gz
ERR4785754	PAIRED	https://ftp.sra.ebi.ac.uk/vol1/fastq/ERR478/004/ERR4785754/ERR4785754_1.fastq.gz	https://ftp.sra.ebi.ac.uk/vol1/fastq/ERR478/004/ERR4785754/ERR4785754_2.fastq.gz
ERR4785768	PAIRED	https://ftp.sra.ebi.ac.uk/vol1/fastq/ERR478/008/ERR4785768/ERR4785768_1.fastq.gz	https://ftp.sra.ebi.ac.uk/vol1/fastq/ERR478/008/ERR4785768/ERR4785768_2.fastq.gz
ERR4790992	PAIRED	https://ftp.sra.ebi.ac.uk/vol1/fastq/ERR479/002/ERR4790992/ERR4790992_1.fastq.gz	https://ftp.sra.ebi.ac.uk/vol1/fastq/ERR479/002/ERR4790992/ERR4790992_2.fastq.gz
ERR4791199	PAIRED	https://ftp.sra.ebi.ac.uk/vol1/fastq/ERR479/009/ERR4791199/ERR4791199_1.fastq.gz	https://ftp.sra.ebi.ac.uk/vol1/fastq/ERR479/009/ERR4791199/ERR4791199_2.fastq.gz
ERR4791203	PAIRED	https://ftp.sra.ebi.ac.uk/vol1/fastq/ERR479/003/ERR4791203/ERR4791203_1.fastq.gz	https://ftp.sra.ebi.ac.uk/vol1/fastq/ERR479/003/ERR4791203/ERR4791203_2.fastq.gz
ERR4791434	PAIRED	https://ftp.sra.ebi.ac.uk/vol1/fastq/ERR479/004/ERR4791434/ERR4791434_1.fastq.gz	https://ftp.sra.ebi.ac.uk/vol1/fastq/ERR479/004/ERR4791434/ERR4791434_2.fastq.gz
ERR4791439	PAIRED	https://ftp.sra.ebi.ac.uk/vol1/fastq/ERR479/009/ERR4791439/ERR4791439_1.fastq.gz	https://ftp.sra.ebi.ac.uk/vol1/fastq/ERR479/009/ERR4791439/ERR4791439_2.fastq.gz
ERR4791445	PAIRED	https://ftp.sra.ebi.ac.uk/vol1/fastq/ERR479/005/ERR4791445/ERR4791445_1.fastq.gz	https://ftp.sra.ebi.ac.uk/vol1/fastq/ERR479/005/ERR4791445/ERR4791445_2.fastq.gz
ERR4791483	PAIRED	https://ftp.sra.ebi.ac.uk/vol1/fastq/ERR479/003/ERR4791483/ERR4791483_1.fastq.gz	https://ftp.sra.ebi.ac.uk/vol1/fastq/ERR479/003/ERR4791483/ERR4791483_2.fastq.gz
ERR4791486	PAIRED	https://ftp.sra.ebi.ac.uk/vol1/fastq/ERR479/006/ERR4791486/ERR4791486_1.fastq.gz	https://ftp.sra.ebi.ac.uk/vol1/fastq/ERR479/006/ERR4791486/ERR4791486_2.fastq.gz
ERR4791512	PAIRED	https://ftp.sra.ebi.ac.uk/vol1/fastq/ERR479/002/ERR4791512/ERR4791512_1.fastq.gz	https://ftp.sra.ebi.ac.uk/vol1/fastq/ERR479/002/ERR4791512/ERR4791512_2.fastq.gz
ERR4791513	PAIRED	https://ftp.sra.ebi.ac.uk/vol1/fastq/ERR479/003/ERR4791513/ERR4791513_1.fastq.gz	https://ftp.sra.ebi.ac.uk/vol1/fastq/ERR479/003/ERR4791513/ERR4791513_2.fastq.gz
ERR4791535	PAIRED	https://ftp.sra.ebi.ac.uk/vol1/fastq/ERR479/005/ERR4791535/ERR4791535_1.fastq.gz	https://ftp.sra.ebi.ac.uk/vol1/fastq/ERR479/005/ERR4791535/ERR4791535_2.fastq.gz
ERR4791551	PAIRED	https://ftp.sra.ebi.ac.uk/vol1/fastq/ERR479/001/ERR4791551/ERR4791551_1.fastq.gz	https://ftp.sra.ebi.ac.uk/vol1/fastq/ERR479/001/ERR4791551/ERR4791551_2.fastq.gz
ERR4791557	PAIRED	https://ftp.sra.ebi.ac.uk/vol1/fastq/ERR479/007/ERR4791557/ERR4791557_1.fastq.gz	https://ftp.sra.ebi.ac.uk/vol1/fastq/ERR479/007/ERR4791557/ERR4791557_2.fastq.gz
ERR4791560	PAIRED	https://ftp.sra.ebi.ac.uk/vol1/fastq/ERR479/000/ERR4791560/ERR4791560_1.fastq.gz	https://ftp.sra.ebi.ac.uk/vol1/fastq/ERR479/000/ERR4791560/ERR4791560_2.fastq.gz
ERR4791562	PAIRED	https://ftp.sra.ebi.ac.uk/vol1/fastq/ERR479/002/ERR4791562/ERR4791562_1.fastq.gz	https://ftp.sra.ebi.ac.uk/vol1/fastq/ERR479/002/ERR4791562/ERR4791562_2.fastq.gz
ERR4791564	PAIRED	https://ftp.sra.ebi.ac.uk/vol1/fastq/ERR479/004/ERR4791564/ERR4791564_1.fastq.gz	https://ftp.sra.ebi.ac.uk/vol1/fastq/ERR479/004/ERR4791564/ERR4791564_2.fastq.gz
ERR4791583	PAIRED	https://ftp.sra.ebi.ac.uk/vol1/fastq/ERR479/003/ERR4791583/ERR4791583_1.fastq.gz	https://ftp.sra.ebi.ac.uk/vol1/fastq/ERR479/003/ERR4791583/ERR4791583_2.fastq.gz
ERR4791588	PAIRED	https://ftp.sra.ebi.ac.uk/vol1/fastq/ERR479/008/ERR4791588/ERR4791588_1.fastq.gz	https://ftp.sra.ebi.ac.uk/vol1/fastq/ERR479/008/ERR4791588/ERR4791588_2.fastq.gz
ERR4791596	PAIRED	https://ftp.sra.ebi.ac.uk/vol1/fastq/ERR479/006/ERR4791596/ERR4791596_1.fastq.gz	https://ftp.sra.ebi.ac.uk/vol1/fastq/ERR479/006/ERR4791596/ERR4791596_2.fastq.gz
ERR4791613	PAIRED	https://ftp.sra.ebi.ac.uk/vol1/fastq/ERR479/003/ERR4791613/ERR4791613_1.fastq.gz	https://ftp.sra.ebi.ac.uk/vol1/fastq/ERR479/003/ERR4791613/ERR4791613_2.fastq.gz
ERR4795386	PAIRED	https://ftp.sra.ebi.ac.uk/vol1/fastq/ERR479/006/ERR4795386/ERR4795386_1.fastq.gz	https://ftp.sra.ebi.ac.uk/vol1/fastq/ERR479/006/ERR4795386/ERR4795386_2.fastq.gz
ERR4795413	PAIRED	https://ftp.sra.ebi.ac.uk/vol1/fastq/ERR479/003/ERR4795413/ERR4795413_1.fastq.gz	https://ftp.sra.ebi.ac.uk/vol1/fastq/ERR479/003/ERR4795413/ERR4795413_2.fastq.gz
ERR4795447	PAIRED	https://ftp.sra.ebi.ac.uk/vol1/fastq/ERR479/007/ERR4795447/ERR4795447_1.fastq.gz	https://ftp.sra.ebi.ac.uk/vol1/fastq/ERR479/007/ERR4795447/ERR4795447_2.fastq.gz
ERR4795471	PAIRED	https://ftp.sra.ebi.ac.uk/vol1/fastq/ERR479/001/ERR4795471/ERR4795471_1.fastq.gz	https://ftp.sra.ebi.ac.uk/vol1/fastq/ERR479/001/ERR4795471/ERR4795471_2.fastq.gz
ERR4795476	PAIRED	https://ftp.sra.ebi.ac.uk/vol1/fastq/ERR479/006/ERR4795476/ERR4795476_1.fastq.gz	https://ftp.sra.ebi.ac.uk/vol1/fastq/ERR479/006/ERR4795476/ERR4795476_2.fastq.gz
ERR4795484	PAIRED	https://ftp.sra.ebi.ac.uk/vol1/fastq/ERR479/004/ERR4795484/ERR4795484_1.fastq.gz	https://ftp.sra.ebi.ac.uk/vol1/fastq/ERR479/004/ERR4795484/ERR4795484_2.fastq.gz
ERR4795518	PAIRED	https://ftp.sra.ebi.ac.uk/vol1/fastq/ERR479/008/ERR4795518/ERR4795518_1.fastq.gz	https://ftp.sra.ebi.ac.uk/vol1/fastq/ERR479/008/ERR4795518/ERR4795518_2.fastq.gz
ERR4795527	PAIRED	https://ftp.sra.ebi.ac.uk/vol1/fastq/ERR479/007/ERR4795527/ERR4795527_1.fastq.gz	https://ftp.sra.ebi.ac.uk/vol1/fastq/ERR479/007/ERR4795527/ERR4795527_2.fastq.gz
ERR4795580	PAIRED	https://ftp.sra.ebi.ac.uk/vol1/fastq/ERR479/000/ERR4795580/ERR4795580_1.fastq.gz	https://ftp.sra.ebi.ac.uk/vol1/fastq/ERR479/000/ERR4795580/ERR4795580_2.fastq.gz
ERR4795581	PAIRED	https://ftp.sra.ebi.ac.uk/vol1/fastq/ERR479/001/ERR4795581/ERR4795581_1.fastq.gz	https://ftp.sra.ebi.ac.uk/vol1/fastq/ERR479/001/ERR4795581/ERR4795581_2.fastq.gz
ERR4795594	PAIRED	https://ftp.sra.ebi.ac.uk/vol1/fastq/ERR479/004/ERR4795594/ERR4795594_1.fastq.gz	https://ftp.sra.ebi.ac.uk/vol1/fastq/ERR479/004/ERR4795594/ERR4795594_2.fastq.gz
ERR4795632	PAIRED	https://ftp.sra.ebi.ac.uk/vol1/fastq/ERR479/002/ERR4795632/ERR4795632_1.fastq.gz	https://ftp.sra.ebi.ac.uk/vol1/fastq/ERR479/002/ERR4795632/ERR4795632_2.fastq.gz
ERR4795635	PAIRED	https://ftp.sra.ebi.ac.uk/vol1/fastq/ERR479/005/ERR4795635/ERR4795635_1.fastq.gz	https://ftp.sra.ebi.ac.uk/vol1/fastq/ERR479/005/ERR4795635/ERR4795635_2.fastq.gz
ERR4795639	PAIRED	https://ftp.sra.ebi.ac.uk/vol1/fastq/ERR479/009/ERR4795639/ERR4795639_1.fastq.gz	https://ftp.sra.ebi.ac.uk/vol1/fastq/ERR479/009/ERR4795639/ERR4795639_2.fastq.gz
ERR4795660	PAIRED	https://ftp.sra.ebi.ac.uk/vol1/fastq/ERR479/000/ERR4795660/ERR4795660_1.fastq.gz	https://ftp.sra.ebi.ac.uk/vol1/fastq/ERR479/000/ERR4795660/ERR4795660_2.fastq.gz
ERR4795684	PAIRED	https://ftp.sra.ebi.ac.uk/vol1/fastq/ERR479/004/ERR4795684/ERR4795684_1.fastq.gz	https://ftp.sra.ebi.ac.uk/vol1/fastq/ERR479/004/ERR4795684/ERR4795684_2.fastq.gz
ERR4795698	PAIRED	https://ftp.sra.ebi.ac.uk/vol1/fastq/ERR479/008/ERR4795698/ERR4795698_1.fastq.gz	https://ftp.sra.ebi.ac.uk/vol1/fastq/ERR479/008/ERR4795698/ERR4795698_2.fastq.gz
ERR4795710	PAIRED	https://ftp.sra.ebi.ac.uk/vol1/fastq/ERR479/000/ERR4795710/ERR4795710_1.fastq.gz	https://ftp.sra.ebi.ac.uk/vol1/fastq/ERR479/000/ERR4795710/ERR4795710_2.fastq.gz
ERR4795796	PAIRED	https://ftp.sra.ebi.ac.uk/vol1/fastq/ERR479/006/ERR4795796/ERR4795796_1.fastq.gz	https://ftp.sra.ebi.ac.uk/vol1/fastq/ERR479/006/ERR4795796/ERR4795796_2.fastq.gz
ERR4795803	PAIRED	https://ftp.sra.ebi.ac.uk/vol1/fastq/ERR479/003/ERR4795803/ERR4795803_1.fastq.gz	https://ftp.sra.ebi.ac.uk/vol1/fastq/ERR479/003/ERR4795803/ERR4795803_2.fastq.gz
ERR4795823	PAIRED	https://ftp.sra.ebi.ac.uk/vol1/fastq/ERR479/003/ERR4795823/ERR4795823_1.fastq.gz	https://ftp.sra.ebi.ac.uk/vol1/fastq/ERR479/003/ERR4795823/ERR4795823_2.fastq.gz
ERR4795858	PAIRED	https://ftp.sra.ebi.ac.uk/vol1/fastq/ERR479/008/ERR4795858/ERR4795858_1.fastq.gz	https://ftp.sra.ebi.ac.uk/vol1/fastq/ERR479/008/ERR4795858/ERR4795858_2.fastq.gz
ERR4852847	PAIRED	https://ftp.sra.ebi.ac.uk/vol1/fastq/ERR485/007/ERR4852847/ERR4852847_1.fastq.gz	https://ftp.sra.ebi.ac.uk/vol1/fastq/ERR485/007/ERR4852847/ERR4852847_2.fastq.gz
ERR4852875	PAIRED	https://ftp.sra.ebi.ac.uk/vol1/fastq/ERR485/005/ERR4852875/ERR4852875_1.fastq.gz	https://ftp.sra.ebi.ac.uk/vol1/fastq/ERR485/005/ERR4852875/ERR4852875_2.fastq.gz
ERR4852913	PAIRED	https://ftp.sra.ebi.ac.uk/vol1/fastq/ERR485/003/ERR4852913/ERR4852913_1.fastq.gz	https://ftp.sra.ebi.ac.uk/vol1/fastq/ERR485/003/ERR4852913/ERR4852913_2.fastq.gz
ERR4852921	PAIRED	https://ftp.sra.ebi.ac.uk/vol1/fastq/ERR485/001/ERR4852921/ERR4852921_1.fastq.gz	https://ftp.sra.ebi.ac.uk/vol1/fastq/ERR485/001/ERR4852921/ERR4852921_2.fastq.gz
ERR4852924	PAIRED	https://ftp.sra.ebi.ac.uk/vol1/fastq/ERR485/004/ERR4852924/ERR4852924_1.fastq.gz	https://ftp.sra.ebi.ac.uk/vol1/fastq/ERR485/004/ERR4852924/ERR4852924_2.fastq.gz
ERR4852941	PAIRED	https://ftp.sra.ebi.ac.uk/vol1/fastq/ERR485/001/ERR4852941/ERR4852941_1.fastq.gz	https://ftp.sra.ebi.ac.uk/vol1/fastq/ERR485/001/ERR4852941/ERR4852941_2.fastq.gz
ERR4852962	PAIRED	https://ftp.sra.ebi.ac.uk/vol1/fastq/ERR485/002/ERR4852962/ERR4852962_1.fastq.gz	https://ftp.sra.ebi.ac.uk/vol1/fastq/ERR485/002/ERR4852962/ERR4852962_2.fastq.gz
ERR4852970	PAIRED	https://ftp.sra.ebi.ac.uk/vol1/fastq/ERR485/000/ERR4852970/ERR4852970_1.fastq.gz	https://ftp.sra.ebi.ac.uk/vol1/fastq/ERR485/000/ERR4852970/ERR4852970_2.fastq.gz
ERR4852984	PAIRED	https://ftp.sra.ebi.ac.uk/vol1/fastq/ERR485/004/ERR4852984/ERR4852984_1.fastq.gz	https://ftp.sra.ebi.ac.uk/vol1/fastq/ERR485/004/ERR4852984/ERR4852984_2.fastq.gz
ERR4853003	PAIRED	https://ftp.sra.ebi.ac.uk/vol1/fastq/ERR485/003/ERR4853003/ERR4853003_1.fastq.gz	https://ftp.sra.ebi.ac.uk/vol1/fastq/ERR485/003/ERR4853003/ERR4853003_2.fastq.gz
ERR4853017	PAIRED	https://ftp.sra.ebi.ac.uk/vol1/fastq/ERR485/007/ERR4853017/ERR4853017_1.fastq.gz	https://ftp.sra.ebi.ac.uk/vol1/fastq/ERR485/007/ERR4853017/ERR4853017_2.fastq.gz
ERR4853021	PAIRED	https://ftp.sra.ebi.ac.uk/vol1/fastq/ERR485/001/ERR4853021/ERR4853021_1.fastq.gz	https://ftp.sra.ebi.ac.uk/vol1/fastq/ERR485/001/ERR4853021/ERR4853021_2.fastq.gz
ERR486275	PAIRED	https://ftp.sra.ebi.ac.uk/vol1/fastq/ERR486/ERR486275/ERR486275_1.fastq.gz	https://ftp.sra.ebi.ac.uk/vol1/fastq/ERR486/ERR486275/ERR486275_2.fastq.gz
ERR486290	PAIRED	https://ftp.sra.ebi.ac.uk/vol1/fastq/ERR486/ERR486290/ERR486290_1.fastq.gz	https://ftp.sra.ebi.ac.uk/vol1/fastq/ERR486/ERR486290/ERR486290_2.fastq.gz
ERR486304	PAIRED	https://ftp.sra.ebi.ac.uk/vol1/fastq/ERR486/ERR486304/ERR486304_1.fastq.gz	https://ftp.sra.ebi.ac.uk/vol1/fastq/ERR486/ERR486304/ERR486304_2.fastq.gz
ERR486306	PAIRED	https://ftp.sra.ebi.ac.uk/vol1/fastq/ERR486/ERR486306/ERR486306_1.fastq.gz	https://ftp.sra.ebi.ac.uk/vol1/fastq/ERR486/ERR486306/ERR486306_2.fastq.gz
ERR486313	PAIRED	https://ftp.sra.ebi.ac.uk/vol1/fastq/ERR486/ERR486313/ERR486313_1.fastq.gz	https://ftp.sra.ebi.ac.uk/vol1/fastq/ERR486/ERR486313/ERR486313_2.fastq.gz
ERR486326	PAIRED	https://ftp.sra.ebi.ac.uk/vol1/fastq/ERR486/ERR486326/ERR486326_1.fastq.gz	https://ftp.sra.ebi.ac.uk/vol1/fastq/ERR486/ERR486326/ERR486326_2.fastq.gz
ERR486335	PAIRED	https://ftp.sra.ebi.ac.uk/vol1/fastq/ERR486/ERR486335/ERR486335_1.fastq.gz	https://ftp.sra.ebi.ac.uk/vol1/fastq/ERR486/ERR486335/ERR486335_2.fastq.gz
ERR486374	PAIRED	https://ftp.sra.ebi.ac.uk/vol1/fastq/ERR486/ERR486374/ERR486374_1.fastq.gz	https://ftp.sra.ebi.ac.uk/vol1/fastq/ERR486/ERR486374/ERR486374_2.fastq.gz
ERR486387	PAIRED	https://ftp.sra.ebi.ac.uk/vol1/fastq/ERR486/ERR486387/ERR486387_1.fastq.gz	https://ftp.sra.ebi.ac.uk/vol1/fastq/ERR486/ERR486387/ERR486387_2.fastq.gz
ERR486392	PAIRED	https://ftp.sra.ebi.ac.uk/vol1/fastq/ERR486/ERR486392/ERR486392_1.fastq.gz	https://ftp.sra.ebi.ac.uk/vol1/fastq/ERR486/ERR486392/ERR486392_2.fastq.gz
ERR486406	PAIRED	https://ftp.sra.ebi.ac.uk/vol1/fastq/ERR486/ERR486406/ERR486406_1.fastq.gz	https://ftp.sra.ebi.ac.uk/vol1/fastq/ERR486/ERR486406/ERR486406_2.fastq.gz
ERR486408	PAIRED	https://ftp.sra.ebi.ac.uk/vol1/fastq/ERR486/ERR486408/ERR486408_1.fastq.gz	https://ftp.sra.ebi.ac.uk/vol1/fastq/ERR486/ERR486408/ERR486408_2.fastq.gz
ERR486413	PAIRED	https://ftp.sra.ebi.ac.uk/vol1/fastq/ERR486/ERR486413/ERR486413_1.fastq.gz	https://ftp.sra.ebi.ac.uk/vol1/fastq/ERR486/ERR486413/ERR486413_2.fastq.gz
ERR486418	PAIRED	https://ftp.sra.ebi.ac.uk/vol1/fastq/ERR486/ERR486418/ERR486418_1.fastq.gz	https://ftp.sra.ebi.ac.uk/vol1/fastq/ERR486/ERR486418/ERR486418_2.fastq.gz
ERR486433	PAIRED	https://ftp.sra.ebi.ac.uk/vol1/fastq/ERR486/ERR486433/ERR486433_1.fastq.gz	https://ftp.sra.ebi.ac.uk/vol1/fastq/ERR486/ERR486433/ERR486433_2.fastq.gz
ERR486440	PAIRED	https://ftp.sra.ebi.ac.uk/vol1/fastq/ERR486/ERR486440/ERR486440_1.fastq.gz	https://ftp.sra.ebi.ac.uk/vol1/fastq/ERR486/ERR486440/ERR486440_2.fastq.gz
ERR486441	PAIRED	https://ftp.sra.ebi.ac.uk/vol1/fastq/ERR486/ERR486441/ERR486441_1.fastq.gz	https://ftp.sra.ebi.ac.uk/vol1/fastq/ERR486/ERR486441/ERR486441_2.fastq.gz
ERR486454	PAIRED	https://ftp.sra.ebi.ac.uk/vol1/fastq/ERR486/ERR486454/ERR486454_1.fastq.gz	https://ftp.sra.ebi.ac.uk/vol1/fastq/ERR486/ERR486454/ERR486454_2.fastq.gz
ERR486457	PAIRED	https://ftp.sra.ebi.ac.uk/vol1/fastq/ERR486/ERR486457/ERR486457_1.fastq.gz	https://ftp.sra.ebi.ac.uk/vol1/fastq/ERR486/ERR486457/ERR486457_2.fastq.gz
ERR486461	PAIRED	https://ftp.sra.ebi.ac.uk/vol1/fastq/ERR486/ERR486461/ERR486461_1.fastq.gz	https://ftp.sra.ebi.ac.uk/vol1/fastq/ERR486/ERR486461/ERR486461_2.fastq.gz
ERR486462	PAIRED	https://ftp.sra.ebi.ac.uk/vol1/fastq/ERR486/ERR486462/ERR486462_1.fastq.gz	https://ftp.sra.ebi.ac.uk/vol1/fastq/ERR486/ERR486462/ERR486462_2.fastq.gz
ERR486506	PAIRED	https://ftp.sra.ebi.ac.uk/vol1/fastq/ERR486/ERR486506/ERR486506_1.fastq.gz	https://ftp.sra.ebi.ac.uk/vol1/fastq/ERR486/ERR486506/ERR486506_2.fastq.gz
ERR486517	PAIRED	https://ftp.sra.ebi.ac.uk/vol1/fastq/ERR486/ERR486517/ERR486517_1.fastq.gz	https://ftp.sra.ebi.ac.uk/vol1/fastq/ERR486/ERR486517/ERR486517_2.fastq.gz
ERR486750	PAIRED	https://ftp.sra.ebi.ac.uk/vol1/fastq/ERR486/ERR486750/ERR486750_1.fastq.gz	https://ftp.sra.ebi.ac.uk/vol1/fastq/ERR486/ERR486750/ERR486750_2.fastq.gz
ERR486760	PAIRED	https://ftp.sra.ebi.ac.uk/vol1/fastq/ERR486/ERR486760/ERR486760_1.fastq.gz	https://ftp.sra.ebi.ac.uk/vol1/fastq/ERR486/ERR486760/ERR486760_2.fastq.gz
ERR486768	PAIRED	https://ftp.sra.ebi.ac.uk/vol1/fastq/ERR486/ERR486768/ERR486768_1.fastq.gz	https://ftp.sra.ebi.ac.uk/vol1/fastq/ERR486/ERR486768/ERR486768_2.fastq.gz
ERR486775	PAIRED	https://ftp.sra.ebi.ac.uk/vol1/fastq/ERR486/ERR486775/ERR486775_1.fastq.gz	https://ftp.sra.ebi.ac.uk/vol1/fastq/ERR486/ERR486775/ERR486775_2.fastq.gz
ERR486794	PAIRED	https://ftp.sra.ebi.ac.uk/vol1/fastq/ERR486/ERR486794/ERR486794_1.fastq.gz	https://ftp.sra.ebi.ac.uk/vol1/fastq/ERR486/ERR486794/ERR486794_2.fastq.gz
ERR4920355	PAIRED	https://ftp.sra.ebi.ac.uk/vol1/fastq/ERR492/005/ERR4920355/ERR4920355_1.fastq.gz	https://ftp.sra.ebi.ac.uk/vol1/fastq/ERR492/005/ERR4920355/ERR4920355_2.fastq.gz
ERR4920356	PAIRED	https://ftp.sra.ebi.ac.uk/vol1/fastq/ERR492/006/ERR4920356/ERR4920356_1.fastq.gz	https://ftp.sra.ebi.ac.uk/vol1/fastq/ERR492/006/ERR4920356/ERR4920356_2.fastq.gz
ERR4920358	PAIRED	https://ftp.sra.ebi.ac.uk/vol1/fastq/ERR492/008/ERR4920358/ERR4920358_1.fastq.gz	https://ftp.sra.ebi.ac.uk/vol1/fastq/ERR492/008/ERR4920358/ERR4920358_2.fastq.gz
ERR4920360	PAIRED	https://ftp.sra.ebi.ac.uk/vol1/fastq/ERR492/000/ERR4920360/ERR4920360_1.fastq.gz	https://ftp.sra.ebi.ac.uk/vol1/fastq/ERR492/000/ERR4920360/ERR4920360_2.fastq.gz
ERR4920367	PAIRED	https://ftp.sra.ebi.ac.uk/vol1/fastq/ERR492/007/ERR4920367/ERR4920367_1.fastq.gz	https://ftp.sra.ebi.ac.uk/vol1/fastq/ERR492/007/ERR4920367/ERR4920367_2.fastq.gz
ERR4920427	PAIRED	https://ftp.sra.ebi.ac.uk/vol1/fastq/ERR492/007/ERR4920427/ERR4920427_1.fastq.gz	https://ftp.sra.ebi.ac.uk/vol1/fastq/ERR492/007/ERR4920427/ERR4920427_2.fastq.gz
ERR4920443	PAIRED	https://ftp.sra.ebi.ac.uk/vol1/fastq/ERR492/003/ERR4920443/ERR4920443_1.fastq.gz	https://ftp.sra.ebi.ac.uk/vol1/fastq/ERR492/003/ERR4920443/ERR4920443_2.fastq.gz
ERR4920450	PAIRED	https://ftp.sra.ebi.ac.uk/vol1/fastq/ERR492/000/ERR4920450/ERR4920450_1.fastq.gz	https://ftp.sra.ebi.ac.uk/vol1/fastq/ERR492/000/ERR4920450/ERR4920450_2.fastq.gz
ERR4920507	PAIRED	https://ftp.sra.ebi.ac.uk/vol1/fastq/ERR492/007/ERR4920507/ERR4920507_1.fastq.gz	https://ftp.sra.ebi.ac.uk/vol1/fastq/ERR492/007/ERR4920507/ERR4920507_2.fastq.gz
ERR4920508	PAIRED	https://ftp.sra.ebi.ac.uk/vol1/fastq/ERR492/008/ERR4920508/ERR4920508_1.fastq.gz	https://ftp.sra.ebi.ac.uk/vol1/fastq/ERR492/008/ERR4920508/ERR4920508_2.fastq.gz
ERR4920509	PAIRED	https://ftp.sra.ebi.ac.uk/vol1/fastq/ERR492/009/ERR4920509/ERR4920509_1.fastq.gz	https://ftp.sra.ebi.ac.uk/vol1/fastq/ERR492/009/ERR4920509/ERR4920509_2.fastq.gz
ERR4920510	PAIRED	https://ftp.sra.ebi.ac.uk/vol1/fastq/ERR492/000/ERR4920510/ERR4920510_1.fastq.gz	https://ftp.sra.ebi.ac.uk/vol1/fastq/ERR492/000/ERR4920510/ERR4920510_2.fastq.gz
ERR4920524	PAIRED	https://ftp.sra.ebi.ac.uk/vol1/fastq/ERR492/004/ERR4920524/ERR4920524_1.fastq.gz	https://ftp.sra.ebi.ac.uk/vol1/fastq/ERR492/004/ERR4920524/ERR4920524_2.fastq.gz
ERR4920528	PAIRED	https://ftp.sra.ebi.ac.uk/vol1/fastq/ERR492/008/ERR4920528/ERR4920528_1.fastq.gz	https://ftp.sra.ebi.ac.uk/vol1/fastq/ERR492/008/ERR4920528/ERR4920528_2.fastq.gz
ERR4920534	PAIRED	https://ftp.sra.ebi.ac.uk/vol1/fastq/ERR492/004/ERR4920534/ERR4920534_1.fastq.gz	https://ftp.sra.ebi.ac.uk/vol1/fastq/ERR492/004/ERR4920534/ERR4920534_2.fastq.gz
ERR4920541	PAIRED	https://ftp.sra.ebi.ac.uk/vol1/fastq/ERR492/001/ERR4920541/ERR4920541_1.fastq.gz	https://ftp.sra.ebi.ac.uk/vol1/fastq/ERR492/001/ERR4920541/ERR4920541_2.fastq.gz
ERR4920545	PAIRED	https://ftp.sra.ebi.ac.uk/vol1/fastq/ERR492/005/ERR4920545/ERR4920545_1.fastq.gz	https://ftp.sra.ebi.ac.uk/vol1/fastq/ERR492/005/ERR4920545/ERR4920545_2.fastq.gz
ERR4920573	PAIRED	https://ftp.sra.ebi.ac.uk/vol1/fastq/ERR492/003/ERR4920573/ERR4920573_1.fastq.gz	https://ftp.sra.ebi.ac.uk/vol1/fastq/ERR492/003/ERR4920573/ERR4920573_2.fastq.gz
ERR4920576	PAIRED	https://ftp.sra.ebi.ac.uk/vol1/fastq/ERR492/006/ERR4920576/ERR4920576_1.fastq.gz	https://ftp.sra.ebi.ac.uk/vol1/fastq/ERR492/006/ERR4920576/ERR4920576_2.fastq.gz
ERR4920588	PAIRED	https://ftp.sra.ebi.ac.uk/vol1/fastq/ERR492/008/ERR4920588/ERR4920588_1.fastq.gz	https://ftp.sra.ebi.ac.uk/vol1/fastq/ERR492/008/ERR4920588/ERR4920588_2.fastq.gz
ERR4920599	PAIRED	https://ftp.sra.ebi.ac.uk/vol1/fastq/ERR492/009/ERR4920599/ERR4920599_1.fastq.gz	https://ftp.sra.ebi.ac.uk/vol1/fastq/ERR492/009/ERR4920599/ERR4920599_2.fastq.gz
ERR4920610	PAIRED	https://ftp.sra.ebi.ac.uk/vol1/fastq/ERR492/000/ERR4920610/ERR4920610_1.fastq.gz	https://ftp.sra.ebi.ac.uk/vol1/fastq/ERR492/000/ERR4920610/ERR4920610_2.fastq.gz
ERR4920627	PAIRED	https://ftp.sra.ebi.ac.uk/vol1/fastq/ERR492/007/ERR4920627/ERR4920627_1.fastq.gz	https://ftp.sra.ebi.ac.uk/vol1/fastq/ERR492/007/ERR4920627/ERR4920627_2.fastq.gz
ERR4968614	PAIRED	https://ftp.sra.ebi.ac.uk/vol1/fastq/ERR496/004/ERR4968614/ERR4968614_1.fastq.gz	https://ftp.sra.ebi.ac.uk/vol1/fastq/ERR496/004/ERR4968614/ERR4968614_2.fastq.gz
ERR4968617	PAIRED	https://ftp.sra.ebi.ac.uk/vol1/fastq/ERR496/007/ERR4968617/ERR4968617_1.fastq.gz	https://ftp.sra.ebi.ac.uk/vol1/fastq/ERR496/007/ERR4968617/ERR4968617_2.fastq.gz
ERR4968625	PAIRED	https://ftp.sra.ebi.ac.uk/vol1/fastq/ERR496/005/ERR4968625/ERR4968625_1.fastq.gz	https://ftp.sra.ebi.ac.uk/vol1/fastq/ERR496/005/ERR4968625/ERR4968625_2.fastq.gz
ERR4968627	PAIRED	https://ftp.sra.ebi.ac.uk/vol1/fastq/ERR496/007/ERR4968627/ERR4968627_1.fastq.gz	https://ftp.sra.ebi.ac.uk/vol1/fastq/ERR496/007/ERR4968627/ERR4968627_2.fastq.gz
ERR4968637	PAIRED	https://ftp.sra.ebi.ac.uk/vol1/fastq/ERR496/007/ERR4968637/ERR4968637_1.fastq.gz	https://ftp.sra.ebi.ac.uk/vol1/fastq/ERR496/007/ERR4968637/ERR4968637_2.fastq.gz
ERR4968655	PAIRED	https://ftp.sra.ebi.ac.uk/vol1/fastq/ERR496/005/ERR4968655/ERR4968655_1.fastq.gz	https://ftp.sra.ebi.ac.uk/vol1/fastq/ERR496/005/ERR4968655/ERR4968655_2.fastq.gz
ERR4968661	PAIRED	https://ftp.sra.ebi.ac.uk/vol1/fastq/ERR496/001/ERR4968661/ERR4968661_1.fastq.gz	https://ftp.sra.ebi.ac.uk/vol1/fastq/ERR496/001/ERR4968661/ERR4968661_2.fastq.gz
ERR4968666	PAIRED	https://ftp.sra.ebi.ac.uk/vol1/fastq/ERR496/006/ERR4968666/ERR4968666_1.fastq.gz	https://ftp.sra.ebi.ac.uk/vol1/fastq/ERR496/006/ERR4968666/ERR4968666_2.fastq.gz
ERR4981893	PAIRED	https://ftp.sra.ebi.ac.uk/vol1/fastq/ERR498/003/ERR4981893/ERR4981893_1.fastq.gz	https://ftp.sra.ebi.ac.uk/vol1/fastq/ERR498/003/ERR4981893/ERR4981893_2.fastq.gz
ERR4981905	PAIRED	https://ftp.sra.ebi.ac.uk/vol1/fastq/ERR498/005/ERR4981905/ERR4981905_1.fastq.gz	https://ftp.sra.ebi.ac.uk/vol1/fastq/ERR498/005/ERR4981905/ERR4981905_2.fastq.gz
ERR4993050	PAIRED	https://ftp.sra.ebi.ac.uk/vol1/fastq/ERR499/000/ERR4993050/ERR4993050_1.fastq.gz	https://ftp.sra.ebi.ac.uk/vol1/fastq/ERR499/000/ERR4993050/ERR4993050_2.fastq.gz
ERR4993062	PAIRED	https://ftp.sra.ebi.ac.uk/vol1/fastq/ERR499/002/ERR4993062/ERR4993062_1.fastq.gz	https://ftp.sra.ebi.ac.uk/vol1/fastq/ERR499/002/ERR4993062/ERR4993062_2.fastq.gz
ERR4993063	PAIRED	https://ftp.sra.ebi.ac.uk/vol1/fastq/ERR499/003/ERR4993063/ERR4993063_1.fastq.gz	https://ftp.sra.ebi.ac.uk/vol1/fastq/ERR499/003/ERR4993063/ERR4993063_2.fastq.gz
ERR4993080	PAIRED	https://ftp.sra.ebi.ac.uk/vol1/fastq/ERR499/000/ERR4993080/ERR4993080_1.fastq.gz	https://ftp.sra.ebi.ac.uk/vol1/fastq/ERR499/000/ERR4993080/ERR4993080_2.fastq.gz
ERR4993100	PAIRED	https://ftp.sra.ebi.ac.uk/vol1/fastq/ERR499/000/ERR4993100/ERR4993100_1.fastq.gz	https://ftp.sra.ebi.ac.uk/vol1/fastq/ERR499/000/ERR4993100/ERR4993100_2.fastq.gz
ERR4993113	PAIRED	https://ftp.sra.ebi.ac.uk/vol1/fastq/ERR499/003/ERR4993113/ERR4993113_1.fastq.gz	https://ftp.sra.ebi.ac.uk/vol1/fastq/ERR499/003/ERR4993113/ERR4993113_2.fastq.gz
ERR5037496	PAIRED	https://ftp.sra.ebi.ac.uk/vol1/fastq/ERR503/006/ERR5037496/ERR5037496_1.fastq.gz	https://ftp.sra.ebi.ac.uk/vol1/fastq/ERR503/006/ERR5037496/ERR5037496_2.fastq.gz
ERR5037505	PAIRED	https://ftp.sra.ebi.ac.uk/vol1/fastq/ERR503/005/ERR5037505/ERR5037505_1.fastq.gz	https://ftp.sra.ebi.ac.uk/vol1/fastq/ERR503/005/ERR5037505/ERR5037505_2.fastq.gz
ERR5037608	PAIRED	https://ftp.sra.ebi.ac.uk/vol1/fastq/ERR503/008/ERR5037608/ERR5037608_1.fastq.gz	https://ftp.sra.ebi.ac.uk/vol1/fastq/ERR503/008/ERR5037608/ERR5037608_2.fastq.gz
ERR5037612	PAIRED	https://ftp.sra.ebi.ac.uk/vol1/fastq/ERR503/002/ERR5037612/ERR5037612_1.fastq.gz	https://ftp.sra.ebi.ac.uk/vol1/fastq/ERR503/002/ERR5037612/ERR5037612_2.fastq.gz
ERR5037615	PAIRED	https://ftp.sra.ebi.ac.uk/vol1/fastq/ERR503/005/ERR5037615/ERR5037615_1.fastq.gz	https://ftp.sra.ebi.ac.uk/vol1/fastq/ERR503/005/ERR5037615/ERR5037615_2.fastq.gz
ERR5037626	PAIRED	https://ftp.sra.ebi.ac.uk/vol1/fastq/ERR503/006/ERR5037626/ERR5037626_1.fastq.gz	https://ftp.sra.ebi.ac.uk/vol1/fastq/ERR503/006/ERR5037626/ERR5037626_2.fastq.gz
ERR5056271	PAIRED	https://ftp.sra.ebi.ac.uk/vol1/fastq/ERR505/001/ERR5056271/ERR5056271_1.fastq.gz	https://ftp.sra.ebi.ac.uk/vol1/fastq/ERR505/001/ERR5056271/ERR5056271_2.fastq.gz
ERR5056273	PAIRED	https://ftp.sra.ebi.ac.uk/vol1/fastq/ERR505/003/ERR5056273/ERR5056273_1.fastq.gz	https://ftp.sra.ebi.ac.uk/vol1/fastq/ERR505/003/ERR5056273/ERR5056273_2.fastq.gz
ERR5056295	PAIRED	https://ftp.sra.ebi.ac.uk/vol1/fastq/ERR505/005/ERR5056295/ERR5056295_1.fastq.gz	https://ftp.sra.ebi.ac.uk/vol1/fastq/ERR505/005/ERR5056295/ERR5056295_2.fastq.gz
ERR5056297	PAIRED	https://ftp.sra.ebi.ac.uk/vol1/fastq/ERR505/007/ERR5056297/ERR5056297_1.fastq.gz	https://ftp.sra.ebi.ac.uk/vol1/fastq/ERR505/007/ERR5056297/ERR5056297_2.fastq.gz
ERR5056299	PAIRED	https://ftp.sra.ebi.ac.uk/vol1/fastq/ERR505/009/ERR5056299/ERR5056299_1.fastq.gz	https://ftp.sra.ebi.ac.uk/vol1/fastq/ERR505/009/ERR5056299/ERR5056299_2.fastq.gz
ERR5056303	PAIRED	https://ftp.sra.ebi.ac.uk/vol1/fastq/ERR505/003/ERR5056303/ERR5056303_1.fastq.gz	https://ftp.sra.ebi.ac.uk/vol1/fastq/ERR505/003/ERR5056303/ERR5056303_2.fastq.gz
ERR5056323	PAIRED	https://ftp.sra.ebi.ac.uk/vol1/fastq/ERR505/003/ERR5056323/ERR5056323_1.fastq.gz	https://ftp.sra.ebi.ac.uk/vol1/fastq/ERR505/003/ERR5056323/ERR5056323_2.fastq.gz
ERR5056327	PAIRED	https://ftp.sra.ebi.ac.uk/vol1/fastq/ERR505/007/ERR5056327/ERR5056327_1.fastq.gz	https://ftp.sra.ebi.ac.uk/vol1/fastq/ERR505/007/ERR5056327/ERR5056327_2.fastq.gz
ERR5056328	PAIRED	https://ftp.sra.ebi.ac.uk/vol1/fastq/ERR505/008/ERR5056328/ERR5056328_1.fastq.gz	https://ftp.sra.ebi.ac.uk/vol1/fastq/ERR505/008/ERR5056328/ERR5056328_2.fastq.gz
ERR5056350	PAIRED	https://ftp.sra.ebi.ac.uk/vol1/fastq/ERR505/000/ERR5056350/ERR5056350_1.fastq.gz	https://ftp.sra.ebi.ac.uk/vol1/fastq/ERR505/000/ERR5056350/ERR5056350_2.fastq.gz
ERR5056358	PAIRED	https://ftp.sra.ebi.ac.uk/vol1/fastq/ERR505/008/ERR5056358/ERR5056358_1.fastq.gz	https://ftp.sra.ebi.ac.uk/vol1/fastq/ERR505/008/ERR5056358/ERR5056358_2.fastq.gz
ERR5056360	PAIRED	https://ftp.sra.ebi.ac.uk/vol1/fastq/ERR505/000/ERR5056360/ERR5056360_1.fastq.gz	https://ftp.sra.ebi.ac.uk/vol1/fastq/ERR505/000/ERR5056360/ERR5056360_2.fastq.gz
ERR5056385	PAIRED	https://ftp.sra.ebi.ac.uk/vol1/fastq/ERR505/005/ERR5056385/ERR5056385_1.fastq.gz	https://ftp.sra.ebi.ac.uk/vol1/fastq/ERR505/005/ERR5056385/ERR5056385_2.fastq.gz
ERR5056411	PAIRED	https://ftp.sra.ebi.ac.uk/vol1/fastq/ERR505/001/ERR5056411/ERR5056411_1.fastq.gz	https://ftp.sra.ebi.ac.uk/vol1/fastq/ERR505/001/ERR5056411/ERR5056411_2.fastq.gz
ERR5056416	PAIRED	https://ftp.sra.ebi.ac.uk/vol1/fastq/ERR505/006/ERR5056416/ERR5056416_1.fastq.gz	https://ftp.sra.ebi.ac.uk/vol1/fastq/ERR505/006/ERR5056416/ERR5056416_2.fastq.gz
ERR5056419	PAIRED	https://ftp.sra.ebi.ac.uk/vol1/fastq/ERR505/009/ERR5056419/ERR5056419_1.fastq.gz	https://ftp.sra.ebi.ac.uk/vol1/fastq/ERR505/009/ERR5056419/ERR5056419_2.fastq.gz
ERR5056438	PAIRED	https://ftp.sra.ebi.ac.uk/vol1/fastq/ERR505/008/ERR5056438/ERR5056438_1.fastq.gz	https://ftp.sra.ebi.ac.uk/vol1/fastq/ERR505/008/ERR5056438/ERR5056438_2.fastq.gz
ERR5056455	PAIRED	https://ftp.sra.ebi.ac.uk/vol1/fastq/ERR505/005/ERR5056455/ERR5056455_1.fastq.gz	https://ftp.sra.ebi.ac.uk/vol1/fastq/ERR505/005/ERR5056455/ERR5056455_2.fastq.gz
ERR5056489	PAIRED	https://ftp.sra.ebi.ac.uk/vol1/fastq/ERR505/009/ERR5056489/ERR5056489_1.fastq.gz	https://ftp.sra.ebi.ac.uk/vol1/fastq/ERR505/009/ERR5056489/ERR5056489_2.fastq.gz
ERR5056492	PAIRED	https://ftp.sra.ebi.ac.uk/vol1/fastq/ERR505/002/ERR5056492/ERR5056492_1.fastq.gz	https://ftp.sra.ebi.ac.uk/vol1/fastq/ERR505/002/ERR5056492/ERR5056492_2.fastq.gz
ERR5056496	PAIRED	https://ftp.sra.ebi.ac.uk/vol1/fastq/ERR505/006/ERR5056496/ERR5056496_1.fastq.gz	https://ftp.sra.ebi.ac.uk/vol1/fastq/ERR505/006/ERR5056496/ERR5056496_2.fastq.gz
ERR5056498	PAIRED	https://ftp.sra.ebi.ac.uk/vol1/fastq/ERR505/008/ERR5056498/ERR5056498_1.fastq.gz	https://ftp.sra.ebi.ac.uk/vol1/fastq/ERR505/008/ERR5056498/ERR5056498_2.fastq.gz
ERR5056499	PAIRED	https://ftp.sra.ebi.ac.uk/vol1/fastq/ERR505/009/ERR5056499/ERR5056499_1.fastq.gz	https://ftp.sra.ebi.ac.uk/vol1/fastq/ERR505/009/ERR5056499/ERR5056499_2.fastq.gz
ERR5056502	PAIRED	https://ftp.sra.ebi.ac.uk/vol1/fastq/ERR505/002/ERR5056502/ERR5056502_1.fastq.gz	https://ftp.sra.ebi.ac.uk/vol1/fastq/ERR505/002/ERR5056502/ERR5056502_2.fastq.gz
ERR5056509	PAIRED	https://ftp.sra.ebi.ac.uk/vol1/fastq/ERR505/009/ERR5056509/ERR5056509_1.fastq.gz	https://ftp.sra.ebi.ac.uk/vol1/fastq/ERR505/009/ERR5056509/ERR5056509_2.fastq.gz
ERR5056520	PAIRED	https://ftp.sra.ebi.ac.uk/vol1/fastq/ERR505/000/ERR5056520/ERR5056520_1.fastq.gz	https://ftp.sra.ebi.ac.uk/vol1/fastq/ERR505/000/ERR5056520/ERR5056520_2.fastq.gz
ERR5056526	PAIRED	https://ftp.sra.ebi.ac.uk/vol1/fastq/ERR505/006/ERR5056526/ERR5056526_1.fastq.gz	https://ftp.sra.ebi.ac.uk/vol1/fastq/ERR505/006/ERR5056526/ERR5056526_2.fastq.gz
ERR5056544	PAIRED	https://ftp.sra.ebi.ac.uk/vol1/fastq/ERR505/004/ERR5056544/ERR5056544_1.fastq.gz	https://ftp.sra.ebi.ac.uk/vol1/fastq/ERR505/004/ERR5056544/ERR5056544_2.fastq.gz
ERR5056569	PAIRED	https://ftp.sra.ebi.ac.uk/vol1/fastq/ERR505/009/ERR5056569/ERR5056569_1.fastq.gz	https://ftp.sra.ebi.ac.uk/vol1/fastq/ERR505/009/ERR5056569/ERR5056569_2.fastq.gz
ERR5056585	PAIRED	https://ftp.sra.ebi.ac.uk/vol1/fastq/ERR505/005/ERR5056585/ERR5056585_1.fastq.gz	https://ftp.sra.ebi.ac.uk/vol1/fastq/ERR505/005/ERR5056585/ERR5056585_2.fastq.gz
ERR5056589	PAIRED	https://ftp.sra.ebi.ac.uk/vol1/fastq/ERR505/009/ERR5056589/ERR5056589_1.fastq.gz	https://ftp.sra.ebi.ac.uk/vol1/fastq/ERR505/009/ERR5056589/ERR5056589_2.fastq.gz
ERR5056604	PAIRED	https://ftp.sra.ebi.ac.uk/vol1/fastq/ERR505/004/ERR5056604/ERR5056604_1.fastq.gz	https://ftp.sra.ebi.ac.uk/vol1/fastq/ERR505/004/ERR5056604/ERR5056604_2.fastq.gz
ERR5056609	PAIRED	https://ftp.sra.ebi.ac.uk/vol1/fastq/ERR505/009/ERR5056609/ERR5056609_1.fastq.gz	https://ftp.sra.ebi.ac.uk/vol1/fastq/ERR505/009/ERR5056609/ERR5056609_2.fastq.gz
ERR5056615	PAIRED	https://ftp.sra.ebi.ac.uk/vol1/fastq/ERR505/005/ERR5056615/ERR5056615_1.fastq.gz	https://ftp.sra.ebi.ac.uk/vol1/fastq/ERR505/005/ERR5056615/ERR5056615_2.fastq.gz
ERR5056624	PAIRED	https://ftp.sra.ebi.ac.uk/vol1/fastq/ERR505/004/ERR5056624/ERR5056624_1.fastq.gz	https://ftp.sra.ebi.ac.uk/vol1/fastq/ERR505/004/ERR5056624/ERR5056624_2.fastq.gz
ERR5056625	PAIRED	https://ftp.sra.ebi.ac.uk/vol1/fastq/ERR505/005/ERR5056625/ERR5056625_1.fastq.gz	https://ftp.sra.ebi.ac.uk/vol1/fastq/ERR505/005/ERR5056625/ERR5056625_2.fastq.gz
ERR5056636	PAIRED	https://ftp.sra.ebi.ac.uk/vol1/fastq/ERR505/006/ERR5056636/ERR5056636_1.fastq.gz	https://ftp.sra.ebi.ac.uk/vol1/fastq/ERR505/006/ERR5056636/ERR5056636_2.fastq.gz
ERR5056637	PAIRED	https://ftp.sra.ebi.ac.uk/vol1/fastq/ERR505/007/ERR5056637/ERR5056637_1.fastq.gz	https://ftp.sra.ebi.ac.uk/vol1/fastq/ERR505/007/ERR5056637/ERR5056637_2.fastq.gz
ERR5056640	PAIRED	https://ftp.sra.ebi.ac.uk/vol1/fastq/ERR505/000/ERR5056640/ERR5056640_1.fastq.gz	https://ftp.sra.ebi.ac.uk/vol1/fastq/ERR505/000/ERR5056640/ERR5056640_2.fastq.gz
ERR5056666	PAIRED	https://ftp.sra.ebi.ac.uk/vol1/fastq/ERR505/006/ERR5056666/ERR5056666_1.fastq.gz	https://ftp.sra.ebi.ac.uk/vol1/fastq/ERR505/006/ERR5056666/ERR5056666_2.fastq.gz
ERR5056688	PAIRED	https://ftp.sra.ebi.ac.uk/vol1/fastq/ERR505/008/ERR5056688/ERR5056688_1.fastq.gz	https://ftp.sra.ebi.ac.uk/vol1/fastq/ERR505/008/ERR5056688/ERR5056688_2.fastq.gz
ERR5056691	PAIRED	https://ftp.sra.ebi.ac.uk/vol1/fastq/ERR505/001/ERR5056691/ERR5056691_1.fastq.gz	https://ftp.sra.ebi.ac.uk/vol1/fastq/ERR505/001/ERR5056691/ERR5056691_2.fastq.gz
ERR5056692	PAIRED	https://ftp.sra.ebi.ac.uk/vol1/fastq/ERR505/002/ERR5056692/ERR5056692_1.fastq.gz	https://ftp.sra.ebi.ac.uk/vol1/fastq/ERR505/002/ERR5056692/ERR5056692_2.fastq.gz
ERR5056695	PAIRED	https://ftp.sra.ebi.ac.uk/vol1/fastq/ERR505/005/ERR5056695/ERR5056695_1.fastq.gz	https://ftp.sra.ebi.ac.uk/vol1/fastq/ERR505/005/ERR5056695/ERR5056695_2.fastq.gz
ERR5056705	PAIRED	https://ftp.sra.ebi.ac.uk/vol1/fastq/ERR505/005/ERR5056705/ERR5056705_1.fastq.gz	https://ftp.sra.ebi.ac.uk/vol1/fastq/ERR505/005/ERR5056705/ERR5056705_2.fastq.gz
ERR5056708	PAIRED	https://ftp.sra.ebi.ac.uk/vol1/fastq/ERR505/008/ERR5056708/ERR5056708_1.fastq.gz	https://ftp.sra.ebi.ac.uk/vol1/fastq/ERR505/008/ERR5056708/ERR5056708_2.fastq.gz
ERR5060374	PAIRED	https://ftp.sra.ebi.ac.uk/vol1/fastq/ERR506/004/ERR5060374/ERR5060374_1.fastq.gz	https://ftp.sra.ebi.ac.uk/vol1/fastq/ERR506/004/ERR5060374/ERR5060374_2.fastq.gz
ERR5104043	PAIRED	https://ftp.sra.ebi.ac.uk/vol1/fastq/ERR510/003/ERR5104043/ERR5104043_1.fastq.gz	https://ftp.sra.ebi.ac.uk/vol1/fastq/ERR510/003/ERR5104043/ERR5104043_2.fastq.gz
ERR5104044	PAIRED	https://ftp.sra.ebi.ac.uk/vol1/fastq/ERR510/004/ERR5104044/ERR5104044_1.fastq.gz	https://ftp.sra.ebi.ac.uk/vol1/fastq/ERR510/004/ERR5104044/ERR5104044_2.fastq.gz
ERR5104051	PAIRED	https://ftp.sra.ebi.ac.uk/vol1/fastq/ERR510/001/ERR5104051/ERR5104051_1.fastq.gz	https://ftp.sra.ebi.ac.uk/vol1/fastq/ERR510/001/ERR5104051/ERR5104051_2.fastq.gz
ERR5104065	PAIRED	https://ftp.sra.ebi.ac.uk/vol1/fastq/ERR510/005/ERR5104065/ERR5104065_1.fastq.gz	https://ftp.sra.ebi.ac.uk/vol1/fastq/ERR510/005/ERR5104065/ERR5104065_2.fastq.gz
ERR5104073	PAIRED	https://ftp.sra.ebi.ac.uk/vol1/fastq/ERR510/003/ERR5104073/ERR5104073_1.fastq.gz	https://ftp.sra.ebi.ac.uk/vol1/fastq/ERR510/003/ERR5104073/ERR5104073_2.fastq.gz
ERR5104082	PAIRED	https://ftp.sra.ebi.ac.uk/vol1/fastq/ERR510/002/ERR5104082/ERR5104082_1.fastq.gz	https://ftp.sra.ebi.ac.uk/vol1/fastq/ERR510/002/ERR5104082/ERR5104082_2.fastq.gz
ERR5104088	PAIRED	https://ftp.sra.ebi.ac.uk/vol1/fastq/ERR510/008/ERR5104088/ERR5104088_1.fastq.gz	https://ftp.sra.ebi.ac.uk/vol1/fastq/ERR510/008/ERR5104088/ERR5104088_2.fastq.gz
ERR5104089	PAIRED	https://ftp.sra.ebi.ac.uk/vol1/fastq/ERR510/009/ERR5104089/ERR5104089_1.fastq.gz	https://ftp.sra.ebi.ac.uk/vol1/fastq/ERR510/009/ERR5104089/ERR5104089_2.fastq.gz
ERR5162368	PAIRED	https://ftp.sra.ebi.ac.uk/vol1/fastq/ERR516/008/ERR5162368/ERR5162368_1.fastq.gz	https://ftp.sra.ebi.ac.uk/vol1/fastq/ERR516/008/ERR5162368/ERR5162368_2.fastq.gz
ERR5233938	PAIRED	https://ftp.sra.ebi.ac.uk/vol1/fastq/ERR523/008/ERR5233938/ERR5233938_1.fastq.gz	https://ftp.sra.ebi.ac.uk/vol1/fastq/ERR523/008/ERR5233938/ERR5233938_2.fastq.gz
ERR5234024	PAIRED	https://ftp.sra.ebi.ac.uk/vol1/fastq/ERR523/004/ERR5234024/ERR5234024_1.fastq.gz	https://ftp.sra.ebi.ac.uk/vol1/fastq/ERR523/004/ERR5234024/ERR5234024_2.fastq.gz
ERR5234035	PAIRED	https://ftp.sra.ebi.ac.uk/vol1/fastq/ERR523/005/ERR5234035/ERR5234035_1.fastq.gz	https://ftp.sra.ebi.ac.uk/vol1/fastq/ERR523/005/ERR5234035/ERR5234035_2.fastq.gz
ERR5234050	PAIRED	https://ftp.sra.ebi.ac.uk/vol1/fastq/ERR523/000/ERR5234050/ERR5234050_1.fastq.gz	https://ftp.sra.ebi.ac.uk/vol1/fastq/ERR523/000/ERR5234050/ERR5234050_2.fastq.gz
ERR5234078	PAIRED	https://ftp.sra.ebi.ac.uk/vol1/fastq/ERR523/008/ERR5234078/ERR5234078_1.fastq.gz	https://ftp.sra.ebi.ac.uk/vol1/fastq/ERR523/008/ERR5234078/ERR5234078_2.fastq.gz
ERR5386364	PAIRED	https://ftp.sra.ebi.ac.uk/vol1/fastq/ERR538/004/ERR5386364/ERR5386364_1.fastq.gz	https://ftp.sra.ebi.ac.uk/vol1/fastq/ERR538/004/ERR5386364/ERR5386364_2.fastq.gz
ERR5386410	PAIRED	https://ftp.sra.ebi.ac.uk/vol1/fastq/ERR538/000/ERR5386410/ERR5386410_1.fastq.gz	https://ftp.sra.ebi.ac.uk/vol1/fastq/ERR538/000/ERR5386410/ERR5386410_2.fastq.gz
ERR5386415	PAIRED	https://ftp.sra.ebi.ac.uk/vol1/fastq/ERR538/005/ERR5386415/ERR5386415_1.fastq.gz	https://ftp.sra.ebi.ac.uk/vol1/fastq/ERR538/005/ERR5386415/ERR5386415_2.fastq.gz
ERR5386432	PAIRED	https://ftp.sra.ebi.ac.uk/vol1/fastq/ERR538/002/ERR5386432/ERR5386432_1.fastq.gz	https://ftp.sra.ebi.ac.uk/vol1/fastq/ERR538/002/ERR5386432/ERR5386432_2.fastq.gz
ERR5386433	PAIRED	https://ftp.sra.ebi.ac.uk/vol1/fastq/ERR538/003/ERR5386433/ERR5386433_1.fastq.gz	https://ftp.sra.ebi.ac.uk/vol1/fastq/ERR538/003/ERR5386433/ERR5386433_2.fastq.gz
ERR5386436	PAIRED	https://ftp.sra.ebi.ac.uk/vol1/fastq/ERR538/006/ERR5386436/ERR5386436_1.fastq.gz	https://ftp.sra.ebi.ac.uk/vol1/fastq/ERR538/006/ERR5386436/ERR5386436_2.fastq.gz
ERR5386439	PAIRED	https://ftp.sra.ebi.ac.uk/vol1/fastq/ERR538/009/ERR5386439/ERR5386439_1.fastq.gz	https://ftp.sra.ebi.ac.uk/vol1/fastq/ERR538/009/ERR5386439/ERR5386439_2.fastq.gz
ERR5386464	PAIRED	https://ftp.sra.ebi.ac.uk/vol1/fastq/ERR538/004/ERR5386464/ERR5386464_1.fastq.gz	https://ftp.sra.ebi.ac.uk/vol1/fastq/ERR538/004/ERR5386464/ERR5386464_2.fastq.gz
ERR5386468	PAIRED	https://ftp.sra.ebi.ac.uk/vol1/fastq/ERR538/008/ERR5386468/ERR5386468_1.fastq.gz	https://ftp.sra.ebi.ac.uk/vol1/fastq/ERR538/008/ERR5386468/ERR5386468_2.fastq.gz
ERR5432297	PAIRED	https://ftp.sra.ebi.ac.uk/vol1/fastq/ERR543/007/ERR5432297/ERR5432297_1.fastq.gz	https://ftp.sra.ebi.ac.uk/vol1/fastq/ERR543/007/ERR5432297/ERR5432297_2.fastq.gz
ERR5432313	PAIRED	https://ftp.sra.ebi.ac.uk/vol1/fastq/ERR543/003/ERR5432313/ERR5432313_1.fastq.gz	https://ftp.sra.ebi.ac.uk/vol1/fastq/ERR543/003/ERR5432313/ERR5432313_2.fastq.gz
ERR5432350	PAIRED	https://ftp.sra.ebi.ac.uk/vol1/fastq/ERR543/000/ERR5432350/ERR5432350_1.fastq.gz	https://ftp.sra.ebi.ac.uk/vol1/fastq/ERR543/000/ERR5432350/ERR5432350_2.fastq.gz
ERR5432396	PAIRED	https://ftp.sra.ebi.ac.uk/vol1/fastq/ERR543/006/ERR5432396/ERR5432396_1.fastq.gz	https://ftp.sra.ebi.ac.uk/vol1/fastq/ERR543/006/ERR5432396/ERR5432396_2.fastq.gz
ERR5432541	PAIRED	https://ftp.sra.ebi.ac.uk/vol1/fastq/ERR543/001/ERR5432541/ERR5432541_1.fastq.gz	https://ftp.sra.ebi.ac.uk/vol1/fastq/ERR543/001/ERR5432541/ERR5432541_2.fastq.gz
ERR5442448	PAIRED	https://ftp.sra.ebi.ac.uk/vol1/fastq/ERR544/008/ERR5442448/ERR5442448_1.fastq.gz	https://ftp.sra.ebi.ac.uk/vol1/fastq/ERR544/008/ERR5442448/ERR5442448_2.fastq.gz
ERR5442449	PAIRED	https://ftp.sra.ebi.ac.uk/vol1/fastq/ERR544/009/ERR5442449/ERR5442449_1.fastq.gz	https://ftp.sra.ebi.ac.uk/vol1/fastq/ERR544/009/ERR5442449/ERR5442449_2.fastq.gz
ERR5442453	PAIRED	https://ftp.sra.ebi.ac.uk/vol1/fastq/ERR544/003/ERR5442453/ERR5442453_1.fastq.gz	https://ftp.sra.ebi.ac.uk/vol1/fastq/ERR544/003/ERR5442453/ERR5442453_2.fastq.gz
ERR5456480	PAIRED	https://ftp.sra.ebi.ac.uk/vol1/fastq/ERR545/000/ERR5456480/ERR5456480_1.fastq.gz	https://ftp.sra.ebi.ac.uk/vol1/fastq/ERR545/000/ERR5456480/ERR5456480_2.fastq.gz
ERR5530322	PAIRED	https://ftp.sra.ebi.ac.uk/vol1/fastq/ERR553/002/ERR5530322/ERR5530322_1.fastq.gz	https://ftp.sra.ebi.ac.uk/vol1/fastq/ERR553/002/ERR5530322/ERR5530322_2.fastq.gz
ERR5530329	PAIRED	https://ftp.sra.ebi.ac.uk/vol1/fastq/ERR553/009/ERR5530329/ERR5530329_1.fastq.gz	https://ftp.sra.ebi.ac.uk/vol1/fastq/ERR553/009/ERR5530329/ERR5530329_2.fastq.gz
ERR5530367	PAIRED	https://ftp.sra.ebi.ac.uk/vol1/fastq/ERR553/007/ERR5530367/ERR5530367_1.fastq.gz	https://ftp.sra.ebi.ac.uk/vol1/fastq/ERR553/007/ERR5530367/ERR5530367_2.fastq.gz
ERR5530368	PAIRED	https://ftp.sra.ebi.ac.uk/vol1/fastq/ERR553/008/ERR5530368/ERR5530368_1.fastq.gz	https://ftp.sra.ebi.ac.uk/vol1/fastq/ERR553/008/ERR5530368/ERR5530368_2.fastq.gz
ERR5530384	PAIRED	https://ftp.sra.ebi.ac.uk/vol1/fastq/ERR553/004/ERR5530384/ERR5530384_1.fastq.gz	https://ftp.sra.ebi.ac.uk/vol1/fastq/ERR553/004/ERR5530384/ERR5530384_2.fastq.gz
ERR5530394	PAIRED	https://ftp.sra.ebi.ac.uk/vol1/fastq/ERR553/004/ERR5530394/ERR5530394_1.fastq.gz	https://ftp.sra.ebi.ac.uk/vol1/fastq/ERR553/004/ERR5530394/ERR5530394_2.fastq.gz
ERR5530399	PAIRED	https://ftp.sra.ebi.ac.uk/vol1/fastq/ERR553/009/ERR5530399/ERR5530399_1.fastq.gz	https://ftp.sra.ebi.ac.uk/vol1/fastq/ERR553/009/ERR5530399/ERR5530399_2.fastq.gz
ERR5530401	PAIRED	https://ftp.sra.ebi.ac.uk/vol1/fastq/ERR553/001/ERR5530401/ERR5530401_1.fastq.gz	https://ftp.sra.ebi.ac.uk/vol1/fastq/ERR553/001/ERR5530401/ERR5530401_2.fastq.gz
ERR5530409	PAIRED	https://ftp.sra.ebi.ac.uk/vol1/fastq/ERR553/009/ERR5530409/ERR5530409_1.fastq.gz	https://ftp.sra.ebi.ac.uk/vol1/fastq/ERR553/009/ERR5530409/ERR5530409_2.fastq.gz
ERR5530419	PAIRED	https://ftp.sra.ebi.ac.uk/vol1/fastq/ERR553/009/ERR5530419/ERR5530419_1.fastq.gz	https://ftp.sra.ebi.ac.uk/vol1/fastq/ERR553/009/ERR5530419/ERR5530419_2.fastq.gz
ERR5530421	PAIRED	https://ftp.sra.ebi.ac.uk/vol1/fastq/ERR553/001/ERR5530421/ERR5530421_1.fastq.gz	https://ftp.sra.ebi.ac.uk/vol1/fastq/ERR553/001/ERR5530421/ERR5530421_2.fastq.gz
ERR5530422	PAIRED	https://ftp.sra.ebi.ac.uk/vol1/fastq/ERR553/002/ERR5530422/ERR5530422_1.fastq.gz	https://ftp.sra.ebi.ac.uk/vol1/fastq/ERR553/002/ERR5530422/ERR5530422_2.fastq.gz
ERR5530428	PAIRED	https://ftp.sra.ebi.ac.uk/vol1/fastq/ERR553/008/ERR5530428/ERR5530428_1.fastq.gz	https://ftp.sra.ebi.ac.uk/vol1/fastq/ERR553/008/ERR5530428/ERR5530428_2.fastq.gz
ERR5530450	PAIRED	https://ftp.sra.ebi.ac.uk/vol1/fastq/ERR553/000/ERR5530450/ERR5530450_1.fastq.gz	https://ftp.sra.ebi.ac.uk/vol1/fastq/ERR553/000/ERR5530450/ERR5530450_2.fastq.gz
ERR5530454	PAIRED	https://ftp.sra.ebi.ac.uk/vol1/fastq/ERR553/004/ERR5530454/ERR5530454_1.fastq.gz	https://ftp.sra.ebi.ac.uk/vol1/fastq/ERR553/004/ERR5530454/ERR5530454_2.fastq.gz
ERR5530458	PAIRED	https://ftp.sra.ebi.ac.uk/vol1/fastq/ERR553/008/ERR5530458/ERR5530458_1.fastq.gz	https://ftp.sra.ebi.ac.uk/vol1/fastq/ERR553/008/ERR5530458/ERR5530458_2.fastq.gz
ERR5530493	PAIRED	https://ftp.sra.ebi.ac.uk/vol1/fastq/ERR553/003/ERR5530493/ERR5530493_1.fastq.gz	https://ftp.sra.ebi.ac.uk/vol1/fastq/ERR553/003/ERR5530493/ERR5530493_2.fastq.gz
ERR5530501	PAIRED	https://ftp.sra.ebi.ac.uk/vol1/fastq/ERR553/001/ERR5530501/ERR5530501_1.fastq.gz	https://ftp.sra.ebi.ac.uk/vol1/fastq/ERR553/001/ERR5530501/ERR5530501_2.fastq.gz
ERR5530507	PAIRED	https://ftp.sra.ebi.ac.uk/vol1/fastq/ERR553/007/ERR5530507/ERR5530507_1.fastq.gz	https://ftp.sra.ebi.ac.uk/vol1/fastq/ERR553/007/ERR5530507/ERR5530507_2.fastq.gz
ERR5530508	PAIRED	https://ftp.sra.ebi.ac.uk/vol1/fastq/ERR553/008/ERR5530508/ERR5530508_1.fastq.gz	https://ftp.sra.ebi.ac.uk/vol1/fastq/ERR553/008/ERR5530508/ERR5530508_2.fastq.gz
ERR5530511	PAIRED	https://ftp.sra.ebi.ac.uk/vol1/fastq/ERR553/001/ERR5530511/ERR5530511_1.fastq.gz	https://ftp.sra.ebi.ac.uk/vol1/fastq/ERR553/001/ERR5530511/ERR5530511_2.fastq.gz
ERR559463	PAIRED	https://ftp.sra.ebi.ac.uk/vol1/fastq/ERR559/ERR559463/ERR559463_1.fastq.gz	https://ftp.sra.ebi.ac.uk/vol1/fastq/ERR559/ERR559463/ERR559463_2.fastq.gz
ERR560510	PAIRED	https://ftp.sra.ebi.ac.uk/vol1/fastq/ERR560/ERR560510/ERR560510_1.fastq.gz	https://ftp.sra.ebi.ac.uk/vol1/fastq/ERR560/ERR560510/ERR560510_2.fastq.gz
ERR560524	PAIRED	https://ftp.sra.ebi.ac.uk/vol1/fastq/ERR560/ERR560524/ERR560524_1.fastq.gz	https://ftp.sra.ebi.ac.uk/vol1/fastq/ERR560/ERR560524/ERR560524_2.fastq.gz
ERR564140	PAIRED	https://ftp.sra.ebi.ac.uk/vol1/fastq/ERR564/ERR564140/ERR564140_1.fastq.gz	https://ftp.sra.ebi.ac.uk/vol1/fastq/ERR564/ERR564140/ERR564140_2.fastq.gz
ERR564152	PAIRED	https://ftp.sra.ebi.ac.uk/vol1/fastq/ERR564/ERR564152/ERR564152_1.fastq.gz	https://ftp.sra.ebi.ac.uk/vol1/fastq/ERR564/ERR564152/ERR564152_2.fastq.gz
ERR564176	PAIRED	https://ftp.sra.ebi.ac.uk/vol1/fastq/ERR564/ERR564176/ERR564176_1.fastq.gz	https://ftp.sra.ebi.ac.uk/vol1/fastq/ERR564/ERR564176/ERR564176_2.fastq.gz
ERR564179	PAIRED	https://ftp.sra.ebi.ac.uk/vol1/fastq/ERR564/ERR564179/ERR564179_1.fastq.gz	https://ftp.sra.ebi.ac.uk/vol1/fastq/ERR564/ERR564179/ERR564179_2.fastq.gz
ERR564188	PAIRED	https://ftp.sra.ebi.ac.uk/vol1/fastq/ERR564/ERR564188/ERR564188_1.fastq.gz	https://ftp.sra.ebi.ac.uk/vol1/fastq/ERR564/ERR564188/ERR564188_2.fastq.gz
ERR564190	PAIRED	https://ftp.sra.ebi.ac.uk/vol1/fastq/ERR564/ERR564190/ERR564190_1.fastq.gz	https://ftp.sra.ebi.ac.uk/vol1/fastq/ERR564/ERR564190/ERR564190_2.fastq.gz
ERR5685104	PAIRED	https://ftp.sra.ebi.ac.uk/vol1/fastq/ERR568/004/ERR5685104/ERR5685104_1.fastq.gz	https://ftp.sra.ebi.ac.uk/vol1/fastq/ERR568/004/ERR5685104/ERR5685104_2.fastq.gz
ERR5685172	PAIRED	https://ftp.sra.ebi.ac.uk/vol1/fastq/ERR568/002/ERR5685172/ERR5685172_1.fastq.gz	https://ftp.sra.ebi.ac.uk/vol1/fastq/ERR568/002/ERR5685172/ERR5685172_2.fastq.gz
ERR5685177	PAIRED	https://ftp.sra.ebi.ac.uk/vol1/fastq/ERR568/007/ERR5685177/ERR5685177_1.fastq.gz	https://ftp.sra.ebi.ac.uk/vol1/fastq/ERR568/007/ERR5685177/ERR5685177_2.fastq.gz
ERR5685185	PAIRED	https://ftp.sra.ebi.ac.uk/vol1/fastq/ERR568/005/ERR5685185/ERR5685185_1.fastq.gz	https://ftp.sra.ebi.ac.uk/vol1/fastq/ERR568/005/ERR5685185/ERR5685185_2.fastq.gz
ERR5685211	PAIRED	https://ftp.sra.ebi.ac.uk/vol1/fastq/ERR568/001/ERR5685211/ERR5685211_1.fastq.gz	https://ftp.sra.ebi.ac.uk/vol1/fastq/ERR568/001/ERR5685211/ERR5685211_2.fastq.gz
ERR5685230	PAIRED	https://ftp.sra.ebi.ac.uk/vol1/fastq/ERR568/000/ERR5685230/ERR5685230_1.fastq.gz	https://ftp.sra.ebi.ac.uk/vol1/fastq/ERR568/000/ERR5685230/ERR5685230_2.fastq.gz
ERR5685305	PAIRED	https://ftp.sra.ebi.ac.uk/vol1/fastq/ERR568/005/ERR5685305/ERR5685305_1.fastq.gz	https://ftp.sra.ebi.ac.uk/vol1/fastq/ERR568/005/ERR5685305/ERR5685305_2.fastq.gz
ERR5685308	PAIRED	https://ftp.sra.ebi.ac.uk/vol1/fastq/ERR568/008/ERR5685308/ERR5685308_1.fastq.gz	https://ftp.sra.ebi.ac.uk/vol1/fastq/ERR568/008/ERR5685308/ERR5685308_2.fastq.gz
ERR5685323	PAIRED	https://ftp.sra.ebi.ac.uk/vol1/fastq/ERR568/003/ERR5685323/ERR5685323_1.fastq.gz	https://ftp.sra.ebi.ac.uk/vol1/fastq/ERR568/003/ERR5685323/ERR5685323_2.fastq.gz
ERR5685332	PAIRED	https://ftp.sra.ebi.ac.uk/vol1/fastq/ERR568/002/ERR5685332/ERR5685332_1.fastq.gz	https://ftp.sra.ebi.ac.uk/vol1/fastq/ERR568/002/ERR5685332/ERR5685332_2.fastq.gz
ERR5685454	PAIRED	https://ftp.sra.ebi.ac.uk/vol1/fastq/ERR568/004/ERR5685454/ERR5685454_1.fastq.gz	https://ftp.sra.ebi.ac.uk/vol1/fastq/ERR568/004/ERR5685454/ERR5685454_2.fastq.gz
ERR5685467	PAIRED	https://ftp.sra.ebi.ac.uk/vol1/fastq/ERR568/007/ERR5685467/ERR5685467_1.fastq.gz	https://ftp.sra.ebi.ac.uk/vol1/fastq/ERR568/007/ERR5685467/ERR5685467_2.fastq.gz
ERR5685488	PAIRED	https://ftp.sra.ebi.ac.uk/vol1/fastq/ERR568/008/ERR5685488/ERR5685488_1.fastq.gz	https://ftp.sra.ebi.ac.uk/vol1/fastq/ERR568/008/ERR5685488/ERR5685488_2.fastq.gz
ERR5751862	PAIRED	https://ftp.sra.ebi.ac.uk/vol1/fastq/ERR575/002/ERR5751862/ERR5751862_1.fastq.gz	https://ftp.sra.ebi.ac.uk/vol1/fastq/ERR575/002/ERR5751862/ERR5751862_2.fastq.gz
ERR5751892	PAIRED	https://ftp.sra.ebi.ac.uk/vol1/fastq/ERR575/002/ERR5751892/ERR5751892_1.fastq.gz	https://ftp.sra.ebi.ac.uk/vol1/fastq/ERR575/002/ERR5751892/ERR5751892_2.fastq.gz
ERR5751929	PAIRED	https://ftp.sra.ebi.ac.uk/vol1/fastq/ERR575/009/ERR5751929/ERR5751929_1.fastq.gz	https://ftp.sra.ebi.ac.uk/vol1/fastq/ERR575/009/ERR5751929/ERR5751929_2.fastq.gz
ERR5752106	PAIRED	https://ftp.sra.ebi.ac.uk/vol1/fastq/ERR575/006/ERR5752106/ERR5752106_1.fastq.gz	https://ftp.sra.ebi.ac.uk/vol1/fastq/ERR575/006/ERR5752106/ERR5752106_2.fastq.gz
ERR5752141	PAIRED	https://ftp.sra.ebi.ac.uk/vol1/fastq/ERR575/001/ERR5752141/ERR5752141_1.fastq.gz	https://ftp.sra.ebi.ac.uk/vol1/fastq/ERR575/001/ERR5752141/ERR5752141_2.fastq.gz
ERR5752143	PAIRED	https://ftp.sra.ebi.ac.uk/vol1/fastq/ERR575/003/ERR5752143/ERR5752143_1.fastq.gz	https://ftp.sra.ebi.ac.uk/vol1/fastq/ERR575/003/ERR5752143/ERR5752143_2.fastq.gz
ERR5752161	PAIRED	https://ftp.sra.ebi.ac.uk/vol1/fastq/ERR575/001/ERR5752161/ERR5752161_1.fastq.gz	https://ftp.sra.ebi.ac.uk/vol1/fastq/ERR575/001/ERR5752161/ERR5752161_2.fastq.gz
ERR5752167	PAIRED	https://ftp.sra.ebi.ac.uk/vol1/fastq/ERR575/007/ERR5752167/ERR5752167_1.fastq.gz	https://ftp.sra.ebi.ac.uk/vol1/fastq/ERR575/007/ERR5752167/ERR5752167_2.fastq.gz
ERR5752187	PAIRED	https://ftp.sra.ebi.ac.uk/vol1/fastq/ERR575/007/ERR5752187/ERR5752187_1.fastq.gz	https://ftp.sra.ebi.ac.uk/vol1/fastq/ERR575/007/ERR5752187/ERR5752187_2.fastq.gz
ERR5928252	PAIRED	https://ftp.sra.ebi.ac.uk/vol1/fastq/ERR592/002/ERR5928252/ERR5928252_1.fastq.gz	https://ftp.sra.ebi.ac.uk/vol1/fastq/ERR592/002/ERR5928252/ERR5928252_2.fastq.gz
ERR6057884	PAIRED	https://ftp.sra.ebi.ac.uk/vol1/fastq/ERR605/004/ERR6057884/ERR6057884_1.fastq.gz	https://ftp.sra.ebi.ac.uk/vol1/fastq/ERR605/004/ERR6057884/ERR6057884_2.fastq.gz
ERR6057896	PAIRED	https://ftp.sra.ebi.ac.uk/vol1/fastq/ERR605/006/ERR6057896/ERR6057896_1.fastq.gz	https://ftp.sra.ebi.ac.uk/vol1/fastq/ERR605/006/ERR6057896/ERR6057896_2.fastq.gz
ERR6057900	PAIRED	https://ftp.sra.ebi.ac.uk/vol1/fastq/ERR605/000/ERR6057900/ERR6057900_1.fastq.gz	https://ftp.sra.ebi.ac.uk/vol1/fastq/ERR605/000/ERR6057900/ERR6057900_2.fastq.gz
ERR6057913	PAIRED	https://ftp.sra.ebi.ac.uk/vol1/fastq/ERR605/003/ERR6057913/ERR6057913_1.fastq.gz	https://ftp.sra.ebi.ac.uk/vol1/fastq/ERR605/003/ERR6057913/ERR6057913_2.fastq.gz
ERR6057915	PAIRED	https://ftp.sra.ebi.ac.uk/vol1/fastq/ERR605/005/ERR6057915/ERR6057915_1.fastq.gz	https://ftp.sra.ebi.ac.uk/vol1/fastq/ERR605/005/ERR6057915/ERR6057915_2.fastq.gz
ERR6057938	PAIRED	https://ftp.sra.ebi.ac.uk/vol1/fastq/ERR605/008/ERR6057938/ERR6057938_1.fastq.gz	https://ftp.sra.ebi.ac.uk/vol1/fastq/ERR605/008/ERR6057938/ERR6057938_2.fastq.gz
ERR6057946	PAIRED	https://ftp.sra.ebi.ac.uk/vol1/fastq/ERR605/006/ERR6057946/ERR6057946_1.fastq.gz	https://ftp.sra.ebi.ac.uk/vol1/fastq/ERR605/006/ERR6057946/ERR6057946_2.fastq.gz
ERR6057969	PAIRED	https://ftp.sra.ebi.ac.uk/vol1/fastq/ERR605/009/ERR6057969/ERR6057969_1.fastq.gz	https://ftp.sra.ebi.ac.uk/vol1/fastq/ERR605/009/ERR6057969/ERR6057969_2.fastq.gz
ERR6057971	PAIRED	https://ftp.sra.ebi.ac.uk/vol1/fastq/ERR605/001/ERR6057971/ERR6057971_1.fastq.gz	https://ftp.sra.ebi.ac.uk/vol1/fastq/ERR605/001/ERR6057971/ERR6057971_2.fastq.gz
ERR6057992	PAIRED	https://ftp.sra.ebi.ac.uk/vol1/fastq/ERR605/002/ERR6057992/ERR6057992_1.fastq.gz	https://ftp.sra.ebi.ac.uk/vol1/fastq/ERR605/002/ERR6057992/ERR6057992_2.fastq.gz
ERR6058047	PAIRED	https://ftp.sra.ebi.ac.uk/vol1/fastq/ERR605/007/ERR6058047/ERR6058047_1.fastq.gz	https://ftp.sra.ebi.ac.uk/vol1/fastq/ERR605/007/ERR6058047/ERR6058047_2.fastq.gz
ERR6058075	PAIRED	https://ftp.sra.ebi.ac.uk/vol1/fastq/ERR605/005/ERR6058075/ERR6058075_1.fastq.gz	https://ftp.sra.ebi.ac.uk/vol1/fastq/ERR605/005/ERR6058075/ERR6058075_2.fastq.gz
ERR6058081	PAIRED	https://ftp.sra.ebi.ac.uk/vol1/fastq/ERR605/001/ERR6058081/ERR6058081_1.fastq.gz	https://ftp.sra.ebi.ac.uk/vol1/fastq/ERR605/001/ERR6058081/ERR6058081_2.fastq.gz
ERR6058093	PAIRED	https://ftp.sra.ebi.ac.uk/vol1/fastq/ERR605/003/ERR6058093/ERR6058093_1.fastq.gz	https://ftp.sra.ebi.ac.uk/vol1/fastq/ERR605/003/ERR6058093/ERR6058093_2.fastq.gz
ERR6058106	PAIRED	https://ftp.sra.ebi.ac.uk/vol1/fastq/ERR605/006/ERR6058106/ERR6058106_1.fastq.gz	https://ftp.sra.ebi.ac.uk/vol1/fastq/ERR605/006/ERR6058106/ERR6058106_2.fastq.gz
ERR6058114	PAIRED	https://ftp.sra.ebi.ac.uk/vol1/fastq/ERR605/004/ERR6058114/ERR6058114_1.fastq.gz	https://ftp.sra.ebi.ac.uk/vol1/fastq/ERR605/004/ERR6058114/ERR6058114_2.fastq.gz
ERR6058133	PAIRED	https://ftp.sra.ebi.ac.uk/vol1/fastq/ERR605/003/ERR6058133/ERR6058133_1.fastq.gz	https://ftp.sra.ebi.ac.uk/vol1/fastq/ERR605/003/ERR6058133/ERR6058133_2.fastq.gz
ERR6058134	PAIRED	https://ftp.sra.ebi.ac.uk/vol1/fastq/ERR605/004/ERR6058134/ERR6058134_1.fastq.gz	https://ftp.sra.ebi.ac.uk/vol1/fastq/ERR605/004/ERR6058134/ERR6058134_2.fastq.gz
ERR6058137	PAIRED	https://ftp.sra.ebi.ac.uk/vol1/fastq/ERR605/007/ERR6058137/ERR6058137_1.fastq.gz	https://ftp.sra.ebi.ac.uk/vol1/fastq/ERR605/007/ERR6058137/ERR6058137_2.fastq.gz
ERR6096179	PAIRED	https://ftp.sra.ebi.ac.uk/vol1/fastq/ERR609/009/ERR6096179/ERR6096179_1.fastq.gz	https://ftp.sra.ebi.ac.uk/vol1/fastq/ERR609/009/ERR6096179/ERR6096179_2.fastq.gz
ERR6096181	PAIRED	https://ftp.sra.ebi.ac.uk/vol1/fastq/ERR609/001/ERR6096181/ERR6096181_1.fastq.gz	https://ftp.sra.ebi.ac.uk/vol1/fastq/ERR609/001/ERR6096181/ERR6096181_2.fastq.gz
ERR6096188	PAIRED	https://ftp.sra.ebi.ac.uk/vol1/fastq/ERR609/008/ERR6096188/ERR6096188_1.fastq.gz	https://ftp.sra.ebi.ac.uk/vol1/fastq/ERR609/008/ERR6096188/ERR6096188_2.fastq.gz
ERR6096195	PAIRED	https://ftp.sra.ebi.ac.uk/vol1/fastq/ERR609/005/ERR6096195/ERR6096195_1.fastq.gz	https://ftp.sra.ebi.ac.uk/vol1/fastq/ERR609/005/ERR6096195/ERR6096195_2.fastq.gz
ERR6140642	PAIRED	https://ftp.sra.ebi.ac.uk/vol1/fastq/ERR614/002/ERR6140642/ERR6140642_1.fastq.gz	https://ftp.sra.ebi.ac.uk/vol1/fastq/ERR614/002/ERR6140642/ERR6140642_2.fastq.gz
ERR6293453	PAIRED	https://ftp.sra.ebi.ac.uk/vol1/fastq/ERR629/003/ERR6293453/ERR6293453_1.fastq.gz	https://ftp.sra.ebi.ac.uk/vol1/fastq/ERR629/003/ERR6293453/ERR6293453_2.fastq.gz
ERR6293454	PAIRED	https://ftp.sra.ebi.ac.uk/vol1/fastq/ERR629/004/ERR6293454/ERR6293454_1.fastq.gz	https://ftp.sra.ebi.ac.uk/vol1/fastq/ERR629/004/ERR6293454/ERR6293454_2.fastq.gz
ERR6293455	PAIRED	https://ftp.sra.ebi.ac.uk/vol1/fastq/ERR629/005/ERR6293455/ERR6293455_1.fastq.gz	https://ftp.sra.ebi.ac.uk/vol1/fastq/ERR629/005/ERR6293455/ERR6293455_2.fastq.gz
ERR6293459	PAIRED	https://ftp.sra.ebi.ac.uk/vol1/fastq/ERR629/009/ERR6293459/ERR6293459_1.fastq.gz	https://ftp.sra.ebi.ac.uk/vol1/fastq/ERR629/009/ERR6293459/ERR6293459_2.fastq.gz
ERR6293479	PAIRED	https://ftp.sra.ebi.ac.uk/vol1/fastq/ERR629/009/ERR6293479/ERR6293479_1.fastq.gz	https://ftp.sra.ebi.ac.uk/vol1/fastq/ERR629/009/ERR6293479/ERR6293479_2.fastq.gz
ERR6293493	PAIRED	https://ftp.sra.ebi.ac.uk/vol1/fastq/ERR629/003/ERR6293493/ERR6293493_1.fastq.gz	https://ftp.sra.ebi.ac.uk/vol1/fastq/ERR629/003/ERR6293493/ERR6293493_2.fastq.gz
ERR6293494	PAIRED	https://ftp.sra.ebi.ac.uk/vol1/fastq/ERR629/004/ERR6293494/ERR6293494_1.fastq.gz	https://ftp.sra.ebi.ac.uk/vol1/fastq/ERR629/004/ERR6293494/ERR6293494_2.fastq.gz
ERR6293499	PAIRED	https://ftp.sra.ebi.ac.uk/vol1/fastq/ERR629/009/ERR6293499/ERR6293499_1.fastq.gz	https://ftp.sra.ebi.ac.uk/vol1/fastq/ERR629/009/ERR6293499/ERR6293499_2.fastq.gz
ERR6293512	PAIRED	https://ftp.sra.ebi.ac.uk/vol1/fastq/ERR629/002/ERR6293512/ERR6293512_1.fastq.gz	https://ftp.sra.ebi.ac.uk/vol1/fastq/ERR629/002/ERR6293512/ERR6293512_2.fastq.gz
ERR6293521	PAIRED	https://ftp.sra.ebi.ac.uk/vol1/fastq/ERR629/001/ERR6293521/ERR6293521_1.fastq.gz	https://ftp.sra.ebi.ac.uk/vol1/fastq/ERR629/001/ERR6293521/ERR6293521_2.fastq.gz
ERR6293530	PAIRED	https://ftp.sra.ebi.ac.uk/vol1/fastq/ERR629/000/ERR6293530/ERR6293530_1.fastq.gz	https://ftp.sra.ebi.ac.uk/vol1/fastq/ERR629/000/ERR6293530/ERR6293530_2.fastq.gz
ERR6293535	PAIRED	https://ftp.sra.ebi.ac.uk/vol1/fastq/ERR629/005/ERR6293535/ERR6293535_1.fastq.gz	https://ftp.sra.ebi.ac.uk/vol1/fastq/ERR629/005/ERR6293535/ERR6293535_2.fastq.gz
ERR6293538	PAIRED	https://ftp.sra.ebi.ac.uk/vol1/fastq/ERR629/008/ERR6293538/ERR6293538_1.fastq.gz	https://ftp.sra.ebi.ac.uk/vol1/fastq/ERR629/008/ERR6293538/ERR6293538_2.fastq.gz
ERR6293556	PAIRED	https://ftp.sra.ebi.ac.uk/vol1/fastq/ERR629/006/ERR6293556/ERR6293556_1.fastq.gz	https://ftp.sra.ebi.ac.uk/vol1/fastq/ERR629/006/ERR6293556/ERR6293556_2.fastq.gz
ERR6293566	PAIRED	https://ftp.sra.ebi.ac.uk/vol1/fastq/ERR629/006/ERR6293566/ERR6293566_1.fastq.gz	https://ftp.sra.ebi.ac.uk/vol1/fastq/ERR629/006/ERR6293566/ERR6293566_2.fastq.gz
ERR6293573	PAIRED	https://ftp.sra.ebi.ac.uk/vol1/fastq/ERR629/003/ERR6293573/ERR6293573_1.fastq.gz	https://ftp.sra.ebi.ac.uk/vol1/fastq/ERR629/003/ERR6293573/ERR6293573_2.fastq.gz
ERR6293587	PAIRED	https://ftp.sra.ebi.ac.uk/vol1/fastq/ERR629/007/ERR6293587/ERR6293587_1.fastq.gz	https://ftp.sra.ebi.ac.uk/vol1/fastq/ERR629/007/ERR6293587/ERR6293587_2.fastq.gz
ERR6293593	PAIRED	https://ftp.sra.ebi.ac.uk/vol1/fastq/ERR629/003/ERR6293593/ERR6293593_1.fastq.gz	https://ftp.sra.ebi.ac.uk/vol1/fastq/ERR629/003/ERR6293593/ERR6293593_2.fastq.gz
ERR6293603	PAIRED	https://ftp.sra.ebi.ac.uk/vol1/fastq/ERR629/003/ERR6293603/ERR6293603_1.fastq.gz	https://ftp.sra.ebi.ac.uk/vol1/fastq/ERR629/003/ERR6293603/ERR6293603_2.fastq.gz
ERR6293611	PAIRED	https://ftp.sra.ebi.ac.uk/vol1/fastq/ERR629/001/ERR6293611/ERR6293611_1.fastq.gz	https://ftp.sra.ebi.ac.uk/vol1/fastq/ERR629/001/ERR6293611/ERR6293611_2.fastq.gz
ERR6293621	PAIRED	https://ftp.sra.ebi.ac.uk/vol1/fastq/ERR629/001/ERR6293621/ERR6293621_1.fastq.gz	https://ftp.sra.ebi.ac.uk/vol1/fastq/ERR629/001/ERR6293621/ERR6293621_2.fastq.gz
ERR6293625	PAIRED	https://ftp.sra.ebi.ac.uk/vol1/fastq/ERR629/005/ERR6293625/ERR6293625_1.fastq.gz	https://ftp.sra.ebi.ac.uk/vol1/fastq/ERR629/005/ERR6293625/ERR6293625_2.fastq.gz
ERR6293632	PAIRED	https://ftp.sra.ebi.ac.uk/vol1/fastq/ERR629/002/ERR6293632/ERR6293632_1.fastq.gz	https://ftp.sra.ebi.ac.uk/vol1/fastq/ERR629/002/ERR6293632/ERR6293632_2.fastq.gz
ERR6293642	PAIRED	https://ftp.sra.ebi.ac.uk/vol1/fastq/ERR629/002/ERR6293642/ERR6293642_1.fastq.gz	https://ftp.sra.ebi.ac.uk/vol1/fastq/ERR629/002/ERR6293642/ERR6293642_2.fastq.gz
ERR6293690	PAIRED	https://ftp.sra.ebi.ac.uk/vol1/fastq/ERR629/000/ERR6293690/ERR6293690_1.fastq.gz	https://ftp.sra.ebi.ac.uk/vol1/fastq/ERR629/000/ERR6293690/ERR6293690_2.fastq.gz
ERR6293713	PAIRED	https://ftp.sra.ebi.ac.uk/vol1/fastq/ERR629/003/ERR6293713/ERR6293713_1.fastq.gz	https://ftp.sra.ebi.ac.uk/vol1/fastq/ERR629/003/ERR6293713/ERR6293713_2.fastq.gz
ERR6293718	PAIRED	https://ftp.sra.ebi.ac.uk/vol1/fastq/ERR629/008/ERR6293718/ERR6293718_1.fastq.gz	https://ftp.sra.ebi.ac.uk/vol1/fastq/ERR629/008/ERR6293718/ERR6293718_2.fastq.gz
ERR6293722	PAIRED	https://ftp.sra.ebi.ac.uk/vol1/fastq/ERR629/002/ERR6293722/ERR6293722_1.fastq.gz	https://ftp.sra.ebi.ac.uk/vol1/fastq/ERR629/002/ERR6293722/ERR6293722_2.fastq.gz
ERR6293755	PAIRED	https://ftp.sra.ebi.ac.uk/vol1/fastq/ERR629/005/ERR6293755/ERR6293755_1.fastq.gz	https://ftp.sra.ebi.ac.uk/vol1/fastq/ERR629/005/ERR6293755/ERR6293755_2.fastq.gz
ERR6293775	PAIRED	https://ftp.sra.ebi.ac.uk/vol1/fastq/ERR629/005/ERR6293775/ERR6293775_1.fastq.gz	https://ftp.sra.ebi.ac.uk/vol1/fastq/ERR629/005/ERR6293775/ERR6293775_2.fastq.gz
ERR6293776	PAIRED	https://ftp.sra.ebi.ac.uk/vol1/fastq/ERR629/006/ERR6293776/ERR6293776_1.fastq.gz	https://ftp.sra.ebi.ac.uk/vol1/fastq/ERR629/006/ERR6293776/ERR6293776_2.fastq.gz
ERR6293778	PAIRED	https://ftp.sra.ebi.ac.uk/vol1/fastq/ERR629/008/ERR6293778/ERR6293778_1.fastq.gz	https://ftp.sra.ebi.ac.uk/vol1/fastq/ERR629/008/ERR6293778/ERR6293778_2.fastq.gz
ERR6293790	PAIRED	https://ftp.sra.ebi.ac.uk/vol1/fastq/ERR629/000/ERR6293790/ERR6293790_1.fastq.gz	https://ftp.sra.ebi.ac.uk/vol1/fastq/ERR629/000/ERR6293790/ERR6293790_2.fastq.gz
ERR6293861	PAIRED	https://ftp.sra.ebi.ac.uk/vol1/fastq/ERR629/001/ERR6293861/ERR6293861_1.fastq.gz	https://ftp.sra.ebi.ac.uk/vol1/fastq/ERR629/001/ERR6293861/ERR6293861_2.fastq.gz
ERR6293869	PAIRED	https://ftp.sra.ebi.ac.uk/vol1/fastq/ERR629/009/ERR6293869/ERR6293869_1.fastq.gz	https://ftp.sra.ebi.ac.uk/vol1/fastq/ERR629/009/ERR6293869/ERR6293869_2.fastq.gz
ERR6293887	PAIRED	https://ftp.sra.ebi.ac.uk/vol1/fastq/ERR629/007/ERR6293887/ERR6293887_1.fastq.gz	https://ftp.sra.ebi.ac.uk/vol1/fastq/ERR629/007/ERR6293887/ERR6293887_2.fastq.gz
ERR6293907	PAIRED	https://ftp.sra.ebi.ac.uk/vol1/fastq/ERR629/007/ERR6293907/ERR6293907_1.fastq.gz	https://ftp.sra.ebi.ac.uk/vol1/fastq/ERR629/007/ERR6293907/ERR6293907_2.fastq.gz
ERR6293909	PAIRED	https://ftp.sra.ebi.ac.uk/vol1/fastq/ERR629/009/ERR6293909/ERR6293909_1.fastq.gz	https://ftp.sra.ebi.ac.uk/vol1/fastq/ERR629/009/ERR6293909/ERR6293909_2.fastq.gz
ERR6293917	PAIRED	https://ftp.sra.ebi.ac.uk/vol1/fastq/ERR629/007/ERR6293917/ERR6293917_1.fastq.gz	https://ftp.sra.ebi.ac.uk/vol1/fastq/ERR629/007/ERR6293917/ERR6293917_2.fastq.gz
ERR6293955	PAIRED	https://ftp.sra.ebi.ac.uk/vol1/fastq/ERR629/005/ERR6293955/ERR6293955_1.fastq.gz	https://ftp.sra.ebi.ac.uk/vol1/fastq/ERR629/005/ERR6293955/ERR6293955_2.fastq.gz
ERR6293962	PAIRED	https://ftp.sra.ebi.ac.uk/vol1/fastq/ERR629/002/ERR6293962/ERR6293962_1.fastq.gz	https://ftp.sra.ebi.ac.uk/vol1/fastq/ERR629/002/ERR6293962/ERR6293962_2.fastq.gz
ERR6293963	PAIRED	https://ftp.sra.ebi.ac.uk/vol1/fastq/ERR629/003/ERR6293963/ERR6293963_1.fastq.gz	https://ftp.sra.ebi.ac.uk/vol1/fastq/ERR629/003/ERR6293963/ERR6293963_2.fastq.gz
ERR6293970	PAIRED	https://ftp.sra.ebi.ac.uk/vol1/fastq/ERR629/000/ERR6293970/ERR6293970_1.fastq.gz	https://ftp.sra.ebi.ac.uk/vol1/fastq/ERR629/000/ERR6293970/ERR6293970_2.fastq.gz
ERR6293981	PAIRED	https://ftp.sra.ebi.ac.uk/vol1/fastq/ERR629/001/ERR6293981/ERR6293981_1.fastq.gz	https://ftp.sra.ebi.ac.uk/vol1/fastq/ERR629/001/ERR6293981/ERR6293981_2.fastq.gz
ERR6293990	PAIRED	https://ftp.sra.ebi.ac.uk/vol1/fastq/ERR629/000/ERR6293990/ERR6293990_1.fastq.gz	https://ftp.sra.ebi.ac.uk/vol1/fastq/ERR629/000/ERR6293990/ERR6293990_2.fastq.gz
ERR6294004	PAIRED	https://ftp.sra.ebi.ac.uk/vol1/fastq/ERR629/004/ERR6294004/ERR6294004_1.fastq.gz	https://ftp.sra.ebi.ac.uk/vol1/fastq/ERR629/004/ERR6294004/ERR6294004_2.fastq.gz
ERR6294014	PAIRED	https://ftp.sra.ebi.ac.uk/vol1/fastq/ERR629/004/ERR6294014/ERR6294014_1.fastq.gz	https://ftp.sra.ebi.ac.uk/vol1/fastq/ERR629/004/ERR6294014/ERR6294014_2.fastq.gz
ERR6294018	PAIRED	https://ftp.sra.ebi.ac.uk/vol1/fastq/ERR629/008/ERR6294018/ERR6294018_1.fastq.gz	https://ftp.sra.ebi.ac.uk/vol1/fastq/ERR629/008/ERR6294018/ERR6294018_2.fastq.gz
ERR6294034	PAIRED	https://ftp.sra.ebi.ac.uk/vol1/fastq/ERR629/004/ERR6294034/ERR6294034_1.fastq.gz	https://ftp.sra.ebi.ac.uk/vol1/fastq/ERR629/004/ERR6294034/ERR6294034_2.fastq.gz
ERR6294040	PAIRED	https://ftp.sra.ebi.ac.uk/vol1/fastq/ERR629/000/ERR6294040/ERR6294040_1.fastq.gz	https://ftp.sra.ebi.ac.uk/vol1/fastq/ERR629/000/ERR6294040/ERR6294040_2.fastq.gz
ERR6294044	PAIRED	https://ftp.sra.ebi.ac.uk/vol1/fastq/ERR629/004/ERR6294044/ERR6294044_1.fastq.gz	https://ftp.sra.ebi.ac.uk/vol1/fastq/ERR629/004/ERR6294044/ERR6294044_2.fastq.gz
ERR6294053	PAIRED	https://ftp.sra.ebi.ac.uk/vol1/fastq/ERR629/003/ERR6294053/ERR6294053_1.fastq.gz	https://ftp.sra.ebi.ac.uk/vol1/fastq/ERR629/003/ERR6294053/ERR6294053_2.fastq.gz
ERR6294092	PAIRED	https://ftp.sra.ebi.ac.uk/vol1/fastq/ERR629/002/ERR6294092/ERR6294092_1.fastq.gz	https://ftp.sra.ebi.ac.uk/vol1/fastq/ERR629/002/ERR6294092/ERR6294092_2.fastq.gz
ERR6294121	PAIRED	https://ftp.sra.ebi.ac.uk/vol1/fastq/ERR629/001/ERR6294121/ERR6294121_1.fastq.gz	https://ftp.sra.ebi.ac.uk/vol1/fastq/ERR629/001/ERR6294121/ERR6294121_2.fastq.gz
ERR6294127	PAIRED	https://ftp.sra.ebi.ac.uk/vol1/fastq/ERR629/007/ERR6294127/ERR6294127_1.fastq.gz	https://ftp.sra.ebi.ac.uk/vol1/fastq/ERR629/007/ERR6294127/ERR6294127_2.fastq.gz
ERR6294135	PAIRED	https://ftp.sra.ebi.ac.uk/vol1/fastq/ERR629/005/ERR6294135/ERR6294135_1.fastq.gz	https://ftp.sra.ebi.ac.uk/vol1/fastq/ERR629/005/ERR6294135/ERR6294135_2.fastq.gz
ERR6294136	PAIRED	https://ftp.sra.ebi.ac.uk/vol1/fastq/ERR629/006/ERR6294136/ERR6294136_1.fastq.gz	https://ftp.sra.ebi.ac.uk/vol1/fastq/ERR629/006/ERR6294136/ERR6294136_2.fastq.gz
ERR6294161	PAIRED	https://ftp.sra.ebi.ac.uk/vol1/fastq/ERR629/001/ERR6294161/ERR6294161_1.fastq.gz	https://ftp.sra.ebi.ac.uk/vol1/fastq/ERR629/001/ERR6294161/ERR6294161_2.fastq.gz
ERR6294162	PAIRED	https://ftp.sra.ebi.ac.uk/vol1/fastq/ERR629/002/ERR6294162/ERR6294162_1.fastq.gz	https://ftp.sra.ebi.ac.uk/vol1/fastq/ERR629/002/ERR6294162/ERR6294162_2.fastq.gz
ERR6294164	PAIRED	https://ftp.sra.ebi.ac.uk/vol1/fastq/ERR629/004/ERR6294164/ERR6294164_1.fastq.gz	https://ftp.sra.ebi.ac.uk/vol1/fastq/ERR629/004/ERR6294164/ERR6294164_2.fastq.gz
ERR6294165	PAIRED	https://ftp.sra.ebi.ac.uk/vol1/fastq/ERR629/005/ERR6294165/ERR6294165_1.fastq.gz	https://ftp.sra.ebi.ac.uk/vol1/fastq/ERR629/005/ERR6294165/ERR6294165_2.fastq.gz
ERR6294177	PAIRED	https://ftp.sra.ebi.ac.uk/vol1/fastq/ERR629/007/ERR6294177/ERR6294177_1.fastq.gz	https://ftp.sra.ebi.ac.uk/vol1/fastq/ERR629/007/ERR6294177/ERR6294177_2.fastq.gz
ERR6294187	PAIRED	https://ftp.sra.ebi.ac.uk/vol1/fastq/ERR629/007/ERR6294187/ERR6294187_1.fastq.gz	https://ftp.sra.ebi.ac.uk/vol1/fastq/ERR629/007/ERR6294187/ERR6294187_2.fastq.gz
ERR6294203	PAIRED	https://ftp.sra.ebi.ac.uk/vol1/fastq/ERR629/003/ERR6294203/ERR6294203_1.fastq.gz	https://ftp.sra.ebi.ac.uk/vol1/fastq/ERR629/003/ERR6294203/ERR6294203_2.fastq.gz
ERR6294209	PAIRED	https://ftp.sra.ebi.ac.uk/vol1/fastq/ERR629/009/ERR6294209/ERR6294209_1.fastq.gz	https://ftp.sra.ebi.ac.uk/vol1/fastq/ERR629/009/ERR6294209/ERR6294209_2.fastq.gz
ERR6294214	PAIRED	https://ftp.sra.ebi.ac.uk/vol1/fastq/ERR629/004/ERR6294214/ERR6294214_1.fastq.gz	https://ftp.sra.ebi.ac.uk/vol1/fastq/ERR629/004/ERR6294214/ERR6294214_2.fastq.gz
ERR6294220	PAIRED	https://ftp.sra.ebi.ac.uk/vol1/fastq/ERR629/000/ERR6294220/ERR6294220_1.fastq.gz	https://ftp.sra.ebi.ac.uk/vol1/fastq/ERR629/000/ERR6294220/ERR6294220_2.fastq.gz
ERR6294236	PAIRED	https://ftp.sra.ebi.ac.uk/vol1/fastq/ERR629/006/ERR6294236/ERR6294236_1.fastq.gz	https://ftp.sra.ebi.ac.uk/vol1/fastq/ERR629/006/ERR6294236/ERR6294236_2.fastq.gz
ERR6294258	PAIRED	https://ftp.sra.ebi.ac.uk/vol1/fastq/ERR629/008/ERR6294258/ERR6294258_1.fastq.gz	https://ftp.sra.ebi.ac.uk/vol1/fastq/ERR629/008/ERR6294258/ERR6294258_2.fastq.gz
ERR6294271	PAIRED	https://ftp.sra.ebi.ac.uk/vol1/fastq/ERR629/001/ERR6294271/ERR6294271_1.fastq.gz	https://ftp.sra.ebi.ac.uk/vol1/fastq/ERR629/001/ERR6294271/ERR6294271_2.fastq.gz
ERR6294272	PAIRED	https://ftp.sra.ebi.ac.uk/vol1/fastq/ERR629/002/ERR6294272/ERR6294272_1.fastq.gz	https://ftp.sra.ebi.ac.uk/vol1/fastq/ERR629/002/ERR6294272/ERR6294272_2.fastq.gz
ERR6294286	PAIRED	https://ftp.sra.ebi.ac.uk/vol1/fastq/ERR629/006/ERR6294286/ERR6294286_1.fastq.gz	https://ftp.sra.ebi.ac.uk/vol1/fastq/ERR629/006/ERR6294286/ERR6294286_2.fastq.gz
ERR6294293	PAIRED	https://ftp.sra.ebi.ac.uk/vol1/fastq/ERR629/003/ERR6294293/ERR6294293_1.fastq.gz	https://ftp.sra.ebi.ac.uk/vol1/fastq/ERR629/003/ERR6294293/ERR6294293_2.fastq.gz
ERR6350154	PAIRED	https://ftp.sra.ebi.ac.uk/vol1/fastq/ERR635/004/ERR6350154/ERR6350154_1.fastq.gz	https://ftp.sra.ebi.ac.uk/vol1/fastq/ERR635/004/ERR6350154/ERR6350154_2.fastq.gz
ERR6350208	PAIRED	https://ftp.sra.ebi.ac.uk/vol1/fastq/ERR635/008/ERR6350208/ERR6350208_1.fastq.gz	https://ftp.sra.ebi.ac.uk/vol1/fastq/ERR635/008/ERR6350208/ERR6350208_2.fastq.gz
ERR6350764	PAIRED	https://ftp.sra.ebi.ac.uk/vol1/fastq/ERR635/004/ERR6350764/ERR6350764_1.fastq.gz	https://ftp.sra.ebi.ac.uk/vol1/fastq/ERR635/004/ERR6350764/ERR6350764_2.fastq.gz
ERR6350779	PAIRED	https://ftp.sra.ebi.ac.uk/vol1/fastq/ERR635/009/ERR6350779/ERR6350779_1.fastq.gz	https://ftp.sra.ebi.ac.uk/vol1/fastq/ERR635/009/ERR6350779/ERR6350779_2.fastq.gz
ERR6350828	PAIRED	https://ftp.sra.ebi.ac.uk/vol1/fastq/ERR635/008/ERR6350828/ERR6350828_1.fastq.gz	https://ftp.sra.ebi.ac.uk/vol1/fastq/ERR635/008/ERR6350828/ERR6350828_2.fastq.gz
ERR6350841	PAIRED	https://ftp.sra.ebi.ac.uk/vol1/fastq/ERR635/001/ERR6350841/ERR6350841_1.fastq.gz	https://ftp.sra.ebi.ac.uk/vol1/fastq/ERR635/001/ERR6350841/ERR6350841_2.fastq.gz
ERR6350851	PAIRED	https://ftp.sra.ebi.ac.uk/vol1/fastq/ERR635/001/ERR6350851/ERR6350851_1.fastq.gz	https://ftp.sra.ebi.ac.uk/vol1/fastq/ERR635/001/ERR6350851/ERR6350851_2.fastq.gz
ERR6350872	PAIRED	https://ftp.sra.ebi.ac.uk/vol1/fastq/ERR635/002/ERR6350872/ERR6350872_1.fastq.gz	https://ftp.sra.ebi.ac.uk/vol1/fastq/ERR635/002/ERR6350872/ERR6350872_2.fastq.gz
ERR6351020	PAIRED	https://ftp.sra.ebi.ac.uk/vol1/fastq/ERR635/000/ERR6351020/ERR6351020_1.fastq.gz	https://ftp.sra.ebi.ac.uk/vol1/fastq/ERR635/000/ERR6351020/ERR6351020_2.fastq.gz
ERR6384941	PAIRED	https://ftp.sra.ebi.ac.uk/vol1/fastq/ERR638/001/ERR6384941/ERR6384941_1.fastq.gz	https://ftp.sra.ebi.ac.uk/vol1/fastq/ERR638/001/ERR6384941/ERR6384941_2.fastq.gz
ERR6384942	PAIRED	https://ftp.sra.ebi.ac.uk/vol1/fastq/ERR638/002/ERR6384942/ERR6384942_1.fastq.gz	https://ftp.sra.ebi.ac.uk/vol1/fastq/ERR638/002/ERR6384942/ERR6384942_2.fastq.gz
ERR6384979	PAIRED	https://ftp.sra.ebi.ac.uk/vol1/fastq/ERR638/009/ERR6384979/ERR6384979_1.fastq.gz	https://ftp.sra.ebi.ac.uk/vol1/fastq/ERR638/009/ERR6384979/ERR6384979_2.fastq.gz
ERR6384988	PAIRED	https://ftp.sra.ebi.ac.uk/vol1/fastq/ERR638/008/ERR6384988/ERR6384988_1.fastq.gz	https://ftp.sra.ebi.ac.uk/vol1/fastq/ERR638/008/ERR6384988/ERR6384988_2.fastq.gz
ERR6415321	PAIRED	https://ftp.sra.ebi.ac.uk/vol1/fastq/ERR641/001/ERR6415321/ERR6415321_1.fastq.gz	https://ftp.sra.ebi.ac.uk/vol1/fastq/ERR641/001/ERR6415321/ERR6415321_2.fastq.gz
ERR6564998	PAIRED	https://ftp.sra.ebi.ac.uk/vol1/fastq/ERR656/008/ERR6564998/ERR6564998_1.fastq.gz	https://ftp.sra.ebi.ac.uk/vol1/fastq/ERR656/008/ERR6564998/ERR6564998_2.fastq.gz
ERR6565002	PAIRED	https://ftp.sra.ebi.ac.uk/vol1/fastq/ERR656/002/ERR6565002/ERR6565002_1.fastq.gz	https://ftp.sra.ebi.ac.uk/vol1/fastq/ERR656/002/ERR6565002/ERR6565002_2.fastq.gz
ERR6565080	PAIRED	https://ftp.sra.ebi.ac.uk/vol1/fastq/ERR656/000/ERR6565080/ERR6565080_1.fastq.gz	https://ftp.sra.ebi.ac.uk/vol1/fastq/ERR656/000/ERR6565080/ERR6565080_2.fastq.gz
ERR6565081	PAIRED	https://ftp.sra.ebi.ac.uk/vol1/fastq/ERR656/001/ERR6565081/ERR6565081_1.fastq.gz	https://ftp.sra.ebi.ac.uk/vol1/fastq/ERR656/001/ERR6565081/ERR6565081_2.fastq.gz
ERR6891039	PAIRED	https://ftp.sra.ebi.ac.uk/vol1/fastq/ERR689/009/ERR6891039/ERR6891039_1.fastq.gz	https://ftp.sra.ebi.ac.uk/vol1/fastq/ERR689/009/ERR6891039/ERR6891039_2.fastq.gz
ERR6891040	PAIRED	https://ftp.sra.ebi.ac.uk/vol1/fastq/ERR689/000/ERR6891040/ERR6891040_1.fastq.gz	https://ftp.sra.ebi.ac.uk/vol1/fastq/ERR689/000/ERR6891040/ERR6891040_2.fastq.gz
ERR6891044	PAIRED	https://ftp.sra.ebi.ac.uk/vol1/fastq/ERR689/004/ERR6891044/ERR6891044_1.fastq.gz	https://ftp.sra.ebi.ac.uk/vol1/fastq/ERR689/004/ERR6891044/ERR6891044_2.fastq.gz
ERR6891152	PAIRED	https://ftp.sra.ebi.ac.uk/vol1/fastq/ERR689/002/ERR6891152/ERR6891152_1.fastq.gz	https://ftp.sra.ebi.ac.uk/vol1/fastq/ERR689/002/ERR6891152/ERR6891152_2.fastq.gz
ERR6891338	PAIRED	https://ftp.sra.ebi.ac.uk/vol1/fastq/ERR689/008/ERR6891338/ERR6891338_1.fastq.gz	https://ftp.sra.ebi.ac.uk/vol1/fastq/ERR689/008/ERR6891338/ERR6891338_2.fastq.gz
ERR6891387	PAIRED	https://ftp.sra.ebi.ac.uk/vol1/fastq/ERR689/007/ERR6891387/ERR6891387_1.fastq.gz	https://ftp.sra.ebi.ac.uk/vol1/fastq/ERR689/007/ERR6891387/ERR6891387_2.fastq.gz
ERR6891451	PAIRED	https://ftp.sra.ebi.ac.uk/vol1/fastq/ERR689/001/ERR6891451/ERR6891451_1.fastq.gz	https://ftp.sra.ebi.ac.uk/vol1/fastq/ERR689/001/ERR6891451/ERR6891451_2.fastq.gz
ERR6891479	PAIRED	https://ftp.sra.ebi.ac.uk/vol1/fastq/ERR689/009/ERR6891479/ERR6891479_1.fastq.gz	https://ftp.sra.ebi.ac.uk/vol1/fastq/ERR689/009/ERR6891479/ERR6891479_2.fastq.gz
ERR6891672	PAIRED	https://ftp.sra.ebi.ac.uk/vol1/fastq/ERR689/002/ERR6891672/ERR6891672_1.fastq.gz	https://ftp.sra.ebi.ac.uk/vol1/fastq/ERR689/002/ERR6891672/ERR6891672_2.fastq.gz
ERR6938073	PAIRED	https://ftp.sra.ebi.ac.uk/vol1/fastq/ERR693/003/ERR6938073/ERR6938073_1.fastq.gz	https://ftp.sra.ebi.ac.uk/vol1/fastq/ERR693/003/ERR6938073/ERR6938073_2.fastq.gz
ERR6938146	PAIRED	https://ftp.sra.ebi.ac.uk/vol1/fastq/ERR693/006/ERR6938146/ERR6938146_1.fastq.gz	https://ftp.sra.ebi.ac.uk/vol1/fastq/ERR693/006/ERR6938146/ERR6938146_2.fastq.gz
ERR6938349	PAIRED	https://ftp.sra.ebi.ac.uk/vol1/fastq/ERR693/009/ERR6938349/ERR6938349_1.fastq.gz	https://ftp.sra.ebi.ac.uk/vol1/fastq/ERR693/009/ERR6938349/ERR6938349_2.fastq.gz
ERR6938367	PAIRED	https://ftp.sra.ebi.ac.uk/vol1/fastq/ERR693/007/ERR6938367/ERR6938367_1.fastq.gz	https://ftp.sra.ebi.ac.uk/vol1/fastq/ERR693/007/ERR6938367/ERR6938367_2.fastq.gz
ERR6938389	PAIRED	https://ftp.sra.ebi.ac.uk/vol1/fastq/ERR693/009/ERR6938389/ERR6938389_1.fastq.gz	https://ftp.sra.ebi.ac.uk/vol1/fastq/ERR693/009/ERR6938389/ERR6938389_2.fastq.gz
ERR6938393	PAIRED	https://ftp.sra.ebi.ac.uk/vol1/fastq/ERR693/003/ERR6938393/ERR6938393_1.fastq.gz	https://ftp.sra.ebi.ac.uk/vol1/fastq/ERR693/003/ERR6938393/ERR6938393_2.fastq.gz
ERR6938402	PAIRED	https://ftp.sra.ebi.ac.uk/vol1/fastq/ERR693/002/ERR6938402/ERR6938402_1.fastq.gz	https://ftp.sra.ebi.ac.uk/vol1/fastq/ERR693/002/ERR6938402/ERR6938402_2.fastq.gz
ERR6938520	PAIRED	https://ftp.sra.ebi.ac.uk/vol1/fastq/ERR693/000/ERR6938520/ERR6938520_1.fastq.gz	https://ftp.sra.ebi.ac.uk/vol1/fastq/ERR693/000/ERR6938520/ERR6938520_2.fastq.gz
ERR6938525	PAIRED	https://ftp.sra.ebi.ac.uk/vol1/fastq/ERR693/005/ERR6938525/ERR6938525_1.fastq.gz	https://ftp.sra.ebi.ac.uk/vol1/fastq/ERR693/005/ERR6938525/ERR6938525_2.fastq.gz
ERR6938541	PAIRED	https://ftp.sra.ebi.ac.uk/vol1/fastq/ERR693/001/ERR6938541/ERR6938541_1.fastq.gz	https://ftp.sra.ebi.ac.uk/vol1/fastq/ERR693/001/ERR6938541/ERR6938541_2.fastq.gz
ERR6938547	PAIRED	https://ftp.sra.ebi.ac.uk/vol1/fastq/ERR693/007/ERR6938547/ERR6938547_1.fastq.gz	https://ftp.sra.ebi.ac.uk/vol1/fastq/ERR693/007/ERR6938547/ERR6938547_2.fastq.gz
ERR6938566	PAIRED	https://ftp.sra.ebi.ac.uk/vol1/fastq/ERR693/006/ERR6938566/ERR6938566_1.fastq.gz	https://ftp.sra.ebi.ac.uk/vol1/fastq/ERR693/006/ERR6938566/ERR6938566_2.fastq.gz
ERR6938610	PAIRED	https://ftp.sra.ebi.ac.uk/vol1/fastq/ERR693/000/ERR6938610/ERR6938610_1.fastq.gz	https://ftp.sra.ebi.ac.uk/vol1/fastq/ERR693/000/ERR6938610/ERR6938610_2.fastq.gz
ERR6938618	PAIRED	https://ftp.sra.ebi.ac.uk/vol1/fastq/ERR693/008/ERR6938618/ERR6938618_1.fastq.gz	https://ftp.sra.ebi.ac.uk/vol1/fastq/ERR693/008/ERR6938618/ERR6938618_2.fastq.gz
ERR6938642	PAIRED	https://ftp.sra.ebi.ac.uk/vol1/fastq/ERR693/002/ERR6938642/ERR6938642_1.fastq.gz	https://ftp.sra.ebi.ac.uk/vol1/fastq/ERR693/002/ERR6938642/ERR6938642_2.fastq.gz
ERR6938684	PAIRED	https://ftp.sra.ebi.ac.uk/vol1/fastq/ERR693/004/ERR6938684/ERR6938684_1.fastq.gz	https://ftp.sra.ebi.ac.uk/vol1/fastq/ERR693/004/ERR6938684/ERR6938684_2.fastq.gz
ERR6938690	PAIRED	https://ftp.sra.ebi.ac.uk/vol1/fastq/ERR693/000/ERR6938690/ERR6938690_1.fastq.gz	https://ftp.sra.ebi.ac.uk/vol1/fastq/ERR693/000/ERR6938690/ERR6938690_2.fastq.gz
ERR6938708	PAIRED	https://ftp.sra.ebi.ac.uk/vol1/fastq/ERR693/008/ERR6938708/ERR6938708_1.fastq.gz	https://ftp.sra.ebi.ac.uk/vol1/fastq/ERR693/008/ERR6938708/ERR6938708_2.fastq.gz
ERR6938714	PAIRED	https://ftp.sra.ebi.ac.uk/vol1/fastq/ERR693/004/ERR6938714/ERR6938714_1.fastq.gz	https://ftp.sra.ebi.ac.uk/vol1/fastq/ERR693/004/ERR6938714/ERR6938714_2.fastq.gz
ERR6938879	PAIRED	https://ftp.sra.ebi.ac.uk/vol1/fastq/ERR693/009/ERR6938879/ERR6938879_1.fastq.gz	https://ftp.sra.ebi.ac.uk/vol1/fastq/ERR693/009/ERR6938879/ERR6938879_2.fastq.gz
ERR6938935	PAIRED	https://ftp.sra.ebi.ac.uk/vol1/fastq/ERR693/005/ERR6938935/ERR6938935_1.fastq.gz	https://ftp.sra.ebi.ac.uk/vol1/fastq/ERR693/005/ERR6938935/ERR6938935_2.fastq.gz
ERR699266	PAIRED	https://ftp.sra.ebi.ac.uk/vol1/fastq/ERR699/ERR699266/ERR699266_1.fastq.gz	https://ftp.sra.ebi.ac.uk/vol1/fastq/ERR699/ERR699266/ERR699266_2.fastq.gz
ERR712624	PAIRED	https://ftp.sra.ebi.ac.uk/vol1/fastq/ERR712/ERR712624/ERR712624_1.fastq.gz	https://ftp.sra.ebi.ac.uk/vol1/fastq/ERR712/ERR712624/ERR712624_2.fastq.gz
ERR713648	PAIRED	https://ftp.sra.ebi.ac.uk/vol1/fastq/ERR713/ERR713648/ERR713648_1.fastq.gz	https://ftp.sra.ebi.ac.uk/vol1/fastq/ERR713/ERR713648/ERR713648_2.fastq.gz
ERR7224943	PAIRED	https://ftp.sra.ebi.ac.uk/vol1/fastq/ERR722/003/ERR7224943/ERR7224943_1.fastq.gz	https://ftp.sra.ebi.ac.uk/vol1/fastq/ERR722/003/ERR7224943/ERR7224943_2.fastq.gz
ERR7224957	PAIRED	https://ftp.sra.ebi.ac.uk/vol1/fastq/ERR722/007/ERR7224957/ERR7224957_1.fastq.gz	https://ftp.sra.ebi.ac.uk/vol1/fastq/ERR722/007/ERR7224957/ERR7224957_2.fastq.gz
ERR7224958	PAIRED	https://ftp.sra.ebi.ac.uk/vol1/fastq/ERR722/008/ERR7224958/ERR7224958_1.fastq.gz	https://ftp.sra.ebi.ac.uk/vol1/fastq/ERR722/008/ERR7224958/ERR7224958_2.fastq.gz
ERR7224975	PAIRED	https://ftp.sra.ebi.ac.uk/vol1/fastq/ERR722/005/ERR7224975/ERR7224975_1.fastq.gz	https://ftp.sra.ebi.ac.uk/vol1/fastq/ERR722/005/ERR7224975/ERR7224975_2.fastq.gz
ERR7225015	PAIRED	https://ftp.sra.ebi.ac.uk/vol1/fastq/ERR722/005/ERR7225015/ERR7225015_1.fastq.gz	https://ftp.sra.ebi.ac.uk/vol1/fastq/ERR722/005/ERR7225015/ERR7225015_2.fastq.gz
ERR7225071	PAIRED	https://ftp.sra.ebi.ac.uk/vol1/fastq/ERR722/001/ERR7225071/ERR7225071_1.fastq.gz	https://ftp.sra.ebi.ac.uk/vol1/fastq/ERR722/001/ERR7225071/ERR7225071_2.fastq.gz
ERR7225107	PAIRED	https://ftp.sra.ebi.ac.uk/vol1/fastq/ERR722/007/ERR7225107/ERR7225107_1.fastq.gz	https://ftp.sra.ebi.ac.uk/vol1/fastq/ERR722/007/ERR7225107/ERR7225107_2.fastq.gz
ERR7225112	PAIRED	https://ftp.sra.ebi.ac.uk/vol1/fastq/ERR722/002/ERR7225112/ERR7225112_1.fastq.gz	https://ftp.sra.ebi.ac.uk/vol1/fastq/ERR722/002/ERR7225112/ERR7225112_2.fastq.gz
ERR7225179	PAIRED	https://ftp.sra.ebi.ac.uk/vol1/fastq/ERR722/009/ERR7225179/ERR7225179_1.fastq.gz	https://ftp.sra.ebi.ac.uk/vol1/fastq/ERR722/009/ERR7225179/ERR7225179_2.fastq.gz
ERR7225197	PAIRED	https://ftp.sra.ebi.ac.uk/vol1/fastq/ERR722/007/ERR7225197/ERR7225197_1.fastq.gz	https://ftp.sra.ebi.ac.uk/vol1/fastq/ERR722/007/ERR7225197/ERR7225197_2.fastq.gz
ERR7225346	PAIRED	https://ftp.sra.ebi.ac.uk/vol1/fastq/ERR722/006/ERR7225346/ERR7225346_1.fastq.gz	https://ftp.sra.ebi.ac.uk/vol1/fastq/ERR722/006/ERR7225346/ERR7225346_2.fastq.gz
ERR7225575	PAIRED	https://ftp.sra.ebi.ac.uk/vol1/fastq/ERR722/005/ERR7225575/ERR7225575_1.fastq.gz	https://ftp.sra.ebi.ac.uk/vol1/fastq/ERR722/005/ERR7225575/ERR7225575_2.fastq.gz
ERR7225630	PAIRED	https://ftp.sra.ebi.ac.uk/vol1/fastq/ERR722/000/ERR7225630/ERR7225630_1.fastq.gz	https://ftp.sra.ebi.ac.uk/vol1/fastq/ERR722/000/ERR7225630/ERR7225630_2.fastq.gz
ERR7225679	PAIRED	https://ftp.sra.ebi.ac.uk/vol1/fastq/ERR722/009/ERR7225679/ERR7225679_1.fastq.gz	https://ftp.sra.ebi.ac.uk/vol1/fastq/ERR722/009/ERR7225679/ERR7225679_2.fastq.gz
ERR7225683	PAIRED	https://ftp.sra.ebi.ac.uk/vol1/fastq/ERR722/003/ERR7225683/ERR7225683_1.fastq.gz	https://ftp.sra.ebi.ac.uk/vol1/fastq/ERR722/003/ERR7225683/ERR7225683_2.fastq.gz
ERR7225691	PAIRED	https://ftp.sra.ebi.ac.uk/vol1/fastq/ERR722/001/ERR7225691/ERR7225691_1.fastq.gz	https://ftp.sra.ebi.ac.uk/vol1/fastq/ERR722/001/ERR7225691/ERR7225691_2.fastq.gz
ERR7225752	PAIRED	https://ftp.sra.ebi.ac.uk/vol1/fastq/ERR722/002/ERR7225752/ERR7225752_1.fastq.gz	https://ftp.sra.ebi.ac.uk/vol1/fastq/ERR722/002/ERR7225752/ERR7225752_2.fastq.gz
ERR7225754	PAIRED	https://ftp.sra.ebi.ac.uk/vol1/fastq/ERR722/004/ERR7225754/ERR7225754_1.fastq.gz	https://ftp.sra.ebi.ac.uk/vol1/fastq/ERR722/004/ERR7225754/ERR7225754_2.fastq.gz
ERR7225778	PAIRED	https://ftp.sra.ebi.ac.uk/vol1/fastq/ERR722/008/ERR7225778/ERR7225778_1.fastq.gz	https://ftp.sra.ebi.ac.uk/vol1/fastq/ERR722/008/ERR7225778/ERR7225778_2.fastq.gz
ERR7225862	PAIRED	https://ftp.sra.ebi.ac.uk/vol1/fastq/ERR722/002/ERR7225862/ERR7225862_1.fastq.gz	https://ftp.sra.ebi.ac.uk/vol1/fastq/ERR722/002/ERR7225862/ERR7225862_2.fastq.gz
ERR7225869	PAIRED	https://ftp.sra.ebi.ac.uk/vol1/fastq/ERR722/009/ERR7225869/ERR7225869_1.fastq.gz	https://ftp.sra.ebi.ac.uk/vol1/fastq/ERR722/009/ERR7225869/ERR7225869_2.fastq.gz
ERR7225883	PAIRED	https://ftp.sra.ebi.ac.uk/vol1/fastq/ERR722/003/ERR7225883/ERR7225883_1.fastq.gz	https://ftp.sra.ebi.ac.uk/vol1/fastq/ERR722/003/ERR7225883/ERR7225883_2.fastq.gz
ERR7225892	PAIRED	https://ftp.sra.ebi.ac.uk/vol1/fastq/ERR722/002/ERR7225892/ERR7225892_1.fastq.gz	https://ftp.sra.ebi.ac.uk/vol1/fastq/ERR722/002/ERR7225892/ERR7225892_2.fastq.gz
ERR7225928	PAIRED	https://ftp.sra.ebi.ac.uk/vol1/fastq/ERR722/008/ERR7225928/ERR7225928_1.fastq.gz	https://ftp.sra.ebi.ac.uk/vol1/fastq/ERR722/008/ERR7225928/ERR7225928_2.fastq.gz
ERR7225929	PAIRED	https://ftp.sra.ebi.ac.uk/vol1/fastq/ERR722/009/ERR7225929/ERR7225929_1.fastq.gz	https://ftp.sra.ebi.ac.uk/vol1/fastq/ERR722/009/ERR7225929/ERR7225929_2.fastq.gz
ERR7225930	PAIRED	https://ftp.sra.ebi.ac.uk/vol1/fastq/ERR722/000/ERR7225930/ERR7225930_1.fastq.gz	https://ftp.sra.ebi.ac.uk/vol1/fastq/ERR722/000/ERR7225930/ERR7225930_2.fastq.gz
ERR7226090	PAIRED	https://ftp.sra.ebi.ac.uk/vol1/fastq/ERR722/000/ERR7226090/ERR7226090_1.fastq.gz	https://ftp.sra.ebi.ac.uk/vol1/fastq/ERR722/000/ERR7226090/ERR7226090_2.fastq.gz
ERR7226098	PAIRED	https://ftp.sra.ebi.ac.uk/vol1/fastq/ERR722/008/ERR7226098/ERR7226098_1.fastq.gz	https://ftp.sra.ebi.ac.uk/vol1/fastq/ERR722/008/ERR7226098/ERR7226098_2.fastq.gz
ERR7226114	PAIRED	https://ftp.sra.ebi.ac.uk/vol1/fastq/ERR722/004/ERR7226114/ERR7226114_1.fastq.gz	https://ftp.sra.ebi.ac.uk/vol1/fastq/ERR722/004/ERR7226114/ERR7226114_2.fastq.gz
ERR7226218	PAIRED	https://ftp.sra.ebi.ac.uk/vol1/fastq/ERR722/008/ERR7226218/ERR7226218_1.fastq.gz	https://ftp.sra.ebi.ac.uk/vol1/fastq/ERR722/008/ERR7226218/ERR7226218_2.fastq.gz
ERR7226238	PAIRED	https://ftp.sra.ebi.ac.uk/vol1/fastq/ERR722/008/ERR7226238/ERR7226238_1.fastq.gz	https://ftp.sra.ebi.ac.uk/vol1/fastq/ERR722/008/ERR7226238/ERR7226238_2.fastq.gz
ERR7226267	PAIRED	https://ftp.sra.ebi.ac.uk/vol1/fastq/ERR722/007/ERR7226267/ERR7226267_1.fastq.gz	https://ftp.sra.ebi.ac.uk/vol1/fastq/ERR722/007/ERR7226267/ERR7226267_2.fastq.gz
ERR7226276	PAIRED	https://ftp.sra.ebi.ac.uk/vol1/fastq/ERR722/006/ERR7226276/ERR7226276_1.fastq.gz	https://ftp.sra.ebi.ac.uk/vol1/fastq/ERR722/006/ERR7226276/ERR7226276_2.fastq.gz
ERR7226282	PAIRED	https://ftp.sra.ebi.ac.uk/vol1/fastq/ERR722/002/ERR7226282/ERR7226282_1.fastq.gz	https://ftp.sra.ebi.ac.uk/vol1/fastq/ERR722/002/ERR7226282/ERR7226282_2.fastq.gz
ERR7226343	PAIRED	https://ftp.sra.ebi.ac.uk/vol1/fastq/ERR722/003/ERR7226343/ERR7226343_1.fastq.gz	https://ftp.sra.ebi.ac.uk/vol1/fastq/ERR722/003/ERR7226343/ERR7226343_2.fastq.gz
ERR7226373	PAIRED	https://ftp.sra.ebi.ac.uk/vol1/fastq/ERR722/003/ERR7226373/ERR7226373_1.fastq.gz	https://ftp.sra.ebi.ac.uk/vol1/fastq/ERR722/003/ERR7226373/ERR7226373_2.fastq.gz
ERR7226381	PAIRED	https://ftp.sra.ebi.ac.uk/vol1/fastq/ERR722/001/ERR7226381/ERR7226381_1.fastq.gz	https://ftp.sra.ebi.ac.uk/vol1/fastq/ERR722/001/ERR7226381/ERR7226381_2.fastq.gz
ERR7226475	PAIRED	https://ftp.sra.ebi.ac.uk/vol1/fastq/ERR722/005/ERR7226475/ERR7226475_1.fastq.gz	https://ftp.sra.ebi.ac.uk/vol1/fastq/ERR722/005/ERR7226475/ERR7226475_2.fastq.gz
ERR7226483	PAIRED	https://ftp.sra.ebi.ac.uk/vol1/fastq/ERR722/003/ERR7226483/ERR7226483_1.fastq.gz	https://ftp.sra.ebi.ac.uk/vol1/fastq/ERR722/003/ERR7226483/ERR7226483_2.fastq.gz
ERR7226605	PAIRED	https://ftp.sra.ebi.ac.uk/vol1/fastq/ERR722/005/ERR7226605/ERR7226605_1.fastq.gz	https://ftp.sra.ebi.ac.uk/vol1/fastq/ERR722/005/ERR7226605/ERR7226605_2.fastq.gz
ERR7226760	PAIRED	https://ftp.sra.ebi.ac.uk/vol1/fastq/ERR722/000/ERR7226760/ERR7226760_1.fastq.gz	https://ftp.sra.ebi.ac.uk/vol1/fastq/ERR722/000/ERR7226760/ERR7226760_2.fastq.gz
ERR7337667	PAIRED	https://ftp.sra.ebi.ac.uk/vol1/fastq/ERR733/007/ERR7337667/ERR7337667_1.fastq.gz	https://ftp.sra.ebi.ac.uk/vol1/fastq/ERR733/007/ERR7337667/ERR7337667_2.fastq.gz
ERR7448897	PAIRED	https://ftp.sra.ebi.ac.uk/vol1/fastq/ERR744/007/ERR7448897/ERR7448897_1.fastq.gz	https://ftp.sra.ebi.ac.uk/vol1/fastq/ERR744/007/ERR7448897/ERR7448897_2.fastq.gz
ERR7448987	PAIRED	https://ftp.sra.ebi.ac.uk/vol1/fastq/ERR744/007/ERR7448987/ERR7448987_1.fastq.gz	https://ftp.sra.ebi.ac.uk/vol1/fastq/ERR744/007/ERR7448987/ERR7448987_2.fastq.gz
ERR7449011	PAIRED	https://ftp.sra.ebi.ac.uk/vol1/fastq/ERR744/001/ERR7449011/ERR7449011_1.fastq.gz	https://ftp.sra.ebi.ac.uk/vol1/fastq/ERR744/001/ERR7449011/ERR7449011_2.fastq.gz
ERR7449023	PAIRED	https://ftp.sra.ebi.ac.uk/vol1/fastq/ERR744/003/ERR7449023/ERR7449023_1.fastq.gz	https://ftp.sra.ebi.ac.uk/vol1/fastq/ERR744/003/ERR7449023/ERR7449023_2.fastq.gz
ERR7449044	PAIRED	https://ftp.sra.ebi.ac.uk/vol1/fastq/ERR744/004/ERR7449044/ERR7449044_1.fastq.gz	https://ftp.sra.ebi.ac.uk/vol1/fastq/ERR744/004/ERR7449044/ERR7449044_2.fastq.gz
ERR7449063	PAIRED	https://ftp.sra.ebi.ac.uk/vol1/fastq/ERR744/003/ERR7449063/ERR7449063_1.fastq.gz	https://ftp.sra.ebi.ac.uk/vol1/fastq/ERR744/003/ERR7449063/ERR7449063_2.fastq.gz
ERR7449066	PAIRED	https://ftp.sra.ebi.ac.uk/vol1/fastq/ERR744/006/ERR7449066/ERR7449066_1.fastq.gz	https://ftp.sra.ebi.ac.uk/vol1/fastq/ERR744/006/ERR7449066/ERR7449066_2.fastq.gz
ERR7449067	PAIRED	https://ftp.sra.ebi.ac.uk/vol1/fastq/ERR744/007/ERR7449067/ERR7449067_1.fastq.gz	https://ftp.sra.ebi.ac.uk/vol1/fastq/ERR744/007/ERR7449067/ERR7449067_2.fastq.gz
ERR7449069	PAIRED	https://ftp.sra.ebi.ac.uk/vol1/fastq/ERR744/009/ERR7449069/ERR7449069_1.fastq.gz	https://ftp.sra.ebi.ac.uk/vol1/fastq/ERR744/009/ERR7449069/ERR7449069_2.fastq.gz
ERR7449083	PAIRED	https://ftp.sra.ebi.ac.uk/vol1/fastq/ERR744/003/ERR7449083/ERR7449083_1.fastq.gz	https://ftp.sra.ebi.ac.uk/vol1/fastq/ERR744/003/ERR7449083/ERR7449083_2.fastq.gz
ERR7449091	PAIRED	https://ftp.sra.ebi.ac.uk/vol1/fastq/ERR744/001/ERR7449091/ERR7449091_1.fastq.gz	https://ftp.sra.ebi.ac.uk/vol1/fastq/ERR744/001/ERR7449091/ERR7449091_2.fastq.gz
ERR7449106	PAIRED	https://ftp.sra.ebi.ac.uk/vol1/fastq/ERR744/006/ERR7449106/ERR7449106_1.fastq.gz	https://ftp.sra.ebi.ac.uk/vol1/fastq/ERR744/006/ERR7449106/ERR7449106_2.fastq.gz
ERR7449126	PAIRED	https://ftp.sra.ebi.ac.uk/vol1/fastq/ERR744/006/ERR7449126/ERR7449126_1.fastq.gz	https://ftp.sra.ebi.ac.uk/vol1/fastq/ERR744/006/ERR7449126/ERR7449126_2.fastq.gz
ERR7449141	PAIRED	https://ftp.sra.ebi.ac.uk/vol1/fastq/ERR744/001/ERR7449141/ERR7449141_1.fastq.gz	https://ftp.sra.ebi.ac.uk/vol1/fastq/ERR744/001/ERR7449141/ERR7449141_2.fastq.gz
ERR7449152	PAIRED	https://ftp.sra.ebi.ac.uk/vol1/fastq/ERR744/002/ERR7449152/ERR7449152_1.fastq.gz	https://ftp.sra.ebi.ac.uk/vol1/fastq/ERR744/002/ERR7449152/ERR7449152_2.fastq.gz
ERR7449164	PAIRED	https://ftp.sra.ebi.ac.uk/vol1/fastq/ERR744/004/ERR7449164/ERR7449164_1.fastq.gz	https://ftp.sra.ebi.ac.uk/vol1/fastq/ERR744/004/ERR7449164/ERR7449164_2.fastq.gz
ERR7449185	PAIRED	https://ftp.sra.ebi.ac.uk/vol1/fastq/ERR744/005/ERR7449185/ERR7449185_1.fastq.gz	https://ftp.sra.ebi.ac.uk/vol1/fastq/ERR744/005/ERR7449185/ERR7449185_2.fastq.gz
ERR7449205	PAIRED	https://ftp.sra.ebi.ac.uk/vol1/fastq/ERR744/005/ERR7449205/ERR7449205_1.fastq.gz	https://ftp.sra.ebi.ac.uk/vol1/fastq/ERR744/005/ERR7449205/ERR7449205_2.fastq.gz
ERR7449211	PAIRED	https://ftp.sra.ebi.ac.uk/vol1/fastq/ERR744/001/ERR7449211/ERR7449211_1.fastq.gz	https://ftp.sra.ebi.ac.uk/vol1/fastq/ERR744/001/ERR7449211/ERR7449211_2.fastq.gz
ERR7449242	PAIRED	https://ftp.sra.ebi.ac.uk/vol1/fastq/ERR744/002/ERR7449242/ERR7449242_1.fastq.gz	https://ftp.sra.ebi.ac.uk/vol1/fastq/ERR744/002/ERR7449242/ERR7449242_2.fastq.gz
ERR7449244	PAIRED	https://ftp.sra.ebi.ac.uk/vol1/fastq/ERR744/004/ERR7449244/ERR7449244_1.fastq.gz	https://ftp.sra.ebi.ac.uk/vol1/fastq/ERR744/004/ERR7449244/ERR7449244_2.fastq.gz
ERR7449248	PAIRED	https://ftp.sra.ebi.ac.uk/vol1/fastq/ERR744/008/ERR7449248/ERR7449248_1.fastq.gz	https://ftp.sra.ebi.ac.uk/vol1/fastq/ERR744/008/ERR7449248/ERR7449248_2.fastq.gz
ERR7472173	PAIRED	https://ftp.sra.ebi.ac.uk/vol1/fastq/ERR747/003/ERR7472173/ERR7472173_1.fastq.gz	https://ftp.sra.ebi.ac.uk/vol1/fastq/ERR747/003/ERR7472173/ERR7472173_2.fastq.gz
ERR7472183	PAIRED	https://ftp.sra.ebi.ac.uk/vol1/fastq/ERR747/003/ERR7472183/ERR7472183_1.fastq.gz	https://ftp.sra.ebi.ac.uk/vol1/fastq/ERR747/003/ERR7472183/ERR7472183_2.fastq.gz
ERR7472203	PAIRED	https://ftp.sra.ebi.ac.uk/vol1/fastq/ERR747/003/ERR7472203/ERR7472203_1.fastq.gz	https://ftp.sra.ebi.ac.uk/vol1/fastq/ERR747/003/ERR7472203/ERR7472203_2.fastq.gz
ERR7472289	PAIRED	https://ftp.sra.ebi.ac.uk/vol1/fastq/ERR747/009/ERR7472289/ERR7472289_1.fastq.gz	https://ftp.sra.ebi.ac.uk/vol1/fastq/ERR747/009/ERR7472289/ERR7472289_2.fastq.gz
ERR7472310	PAIRED	https://ftp.sra.ebi.ac.uk/vol1/fastq/ERR747/000/ERR7472310/ERR7472310_1.fastq.gz	https://ftp.sra.ebi.ac.uk/vol1/fastq/ERR747/000/ERR7472310/ERR7472310_2.fastq.gz
ERR7472345	PAIRED	https://ftp.sra.ebi.ac.uk/vol1/fastq/ERR747/005/ERR7472345/ERR7472345_1.fastq.gz	https://ftp.sra.ebi.ac.uk/vol1/fastq/ERR747/005/ERR7472345/ERR7472345_2.fastq.gz
ERR7472349	PAIRED	https://ftp.sra.ebi.ac.uk/vol1/fastq/ERR747/009/ERR7472349/ERR7472349_1.fastq.gz	https://ftp.sra.ebi.ac.uk/vol1/fastq/ERR747/009/ERR7472349/ERR7472349_2.fastq.gz
ERR7472355	PAIRED	https://ftp.sra.ebi.ac.uk/vol1/fastq/ERR747/005/ERR7472355/ERR7472355_1.fastq.gz	https://ftp.sra.ebi.ac.uk/vol1/fastq/ERR747/005/ERR7472355/ERR7472355_2.fastq.gz
ERR7472380	PAIRED	https://ftp.sra.ebi.ac.uk/vol1/fastq/ERR747/000/ERR7472380/ERR7472380_1.fastq.gz	https://ftp.sra.ebi.ac.uk/vol1/fastq/ERR747/000/ERR7472380/ERR7472380_2.fastq.gz
ERR7472385	PAIRED	https://ftp.sra.ebi.ac.uk/vol1/fastq/ERR747/005/ERR7472385/ERR7472385_1.fastq.gz	https://ftp.sra.ebi.ac.uk/vol1/fastq/ERR747/005/ERR7472385/ERR7472385_2.fastq.gz
ERR7472386	PAIRED	https://ftp.sra.ebi.ac.uk/vol1/fastq/ERR747/006/ERR7472386/ERR7472386_1.fastq.gz	https://ftp.sra.ebi.ac.uk/vol1/fastq/ERR747/006/ERR7472386/ERR7472386_2.fastq.gz
ERR7472387	PAIRED	https://ftp.sra.ebi.ac.uk/vol1/fastq/ERR747/007/ERR7472387/ERR7472387_1.fastq.gz	https://ftp.sra.ebi.ac.uk/vol1/fastq/ERR747/007/ERR7472387/ERR7472387_2.fastq.gz
ERR7472396	PAIRED	https://ftp.sra.ebi.ac.uk/vol1/fastq/ERR747/006/ERR7472396/ERR7472396_1.fastq.gz	https://ftp.sra.ebi.ac.uk/vol1/fastq/ERR747/006/ERR7472396/ERR7472396_2.fastq.gz
ERR7472501	PAIRED	https://ftp.sra.ebi.ac.uk/vol1/fastq/ERR747/001/ERR7472501/ERR7472501_1.fastq.gz	https://ftp.sra.ebi.ac.uk/vol1/fastq/ERR747/001/ERR7472501/ERR7472501_2.fastq.gz
ERR7472543	PAIRED	https://ftp.sra.ebi.ac.uk/vol1/fastq/ERR747/003/ERR7472543/ERR7472543_1.fastq.gz	https://ftp.sra.ebi.ac.uk/vol1/fastq/ERR747/003/ERR7472543/ERR7472543_2.fastq.gz
ERR7472587	PAIRED	https://ftp.sra.ebi.ac.uk/vol1/fastq/ERR747/007/ERR7472587/ERR7472587_1.fastq.gz	https://ftp.sra.ebi.ac.uk/vol1/fastq/ERR747/007/ERR7472587/ERR7472587_2.fastq.gz
ERR7472607	PAIRED	https://ftp.sra.ebi.ac.uk/vol1/fastq/ERR747/007/ERR7472607/ERR7472607_1.fastq.gz	https://ftp.sra.ebi.ac.uk/vol1/fastq/ERR747/007/ERR7472607/ERR7472607_2.fastq.gz
ERR7472635	PAIRED	https://ftp.sra.ebi.ac.uk/vol1/fastq/ERR747/005/ERR7472635/ERR7472635_1.fastq.gz	https://ftp.sra.ebi.ac.uk/vol1/fastq/ERR747/005/ERR7472635/ERR7472635_2.fastq.gz
ERR7472670	PAIRED	https://ftp.sra.ebi.ac.uk/vol1/fastq/ERR747/000/ERR7472670/ERR7472670_1.fastq.gz	https://ftp.sra.ebi.ac.uk/vol1/fastq/ERR747/000/ERR7472670/ERR7472670_2.fastq.gz
ERR7472673	PAIRED	https://ftp.sra.ebi.ac.uk/vol1/fastq/ERR747/003/ERR7472673/ERR7472673_1.fastq.gz	https://ftp.sra.ebi.ac.uk/vol1/fastq/ERR747/003/ERR7472673/ERR7472673_2.fastq.gz
ERR7472692	PAIRED	https://ftp.sra.ebi.ac.uk/vol1/fastq/ERR747/002/ERR7472692/ERR7472692_1.fastq.gz	https://ftp.sra.ebi.ac.uk/vol1/fastq/ERR747/002/ERR7472692/ERR7472692_2.fastq.gz
ERR7472699	PAIRED	https://ftp.sra.ebi.ac.uk/vol1/fastq/ERR747/009/ERR7472699/ERR7472699_1.fastq.gz	https://ftp.sra.ebi.ac.uk/vol1/fastq/ERR747/009/ERR7472699/ERR7472699_2.fastq.gz
ERR7472701	PAIRED	https://ftp.sra.ebi.ac.uk/vol1/fastq/ERR747/001/ERR7472701/ERR7472701_1.fastq.gz	https://ftp.sra.ebi.ac.uk/vol1/fastq/ERR747/001/ERR7472701/ERR7472701_2.fastq.gz
ERR7568137	PAIRED	https://ftp.sra.ebi.ac.uk/vol1/fastq/ERR756/007/ERR7568137/ERR7568137_1.fastq.gz	https://ftp.sra.ebi.ac.uk/vol1/fastq/ERR756/007/ERR7568137/ERR7568137_2.fastq.gz
ERR7568152	PAIRED	https://ftp.sra.ebi.ac.uk/vol1/fastq/ERR756/002/ERR7568152/ERR7568152_1.fastq.gz	https://ftp.sra.ebi.ac.uk/vol1/fastq/ERR756/002/ERR7568152/ERR7568152_2.fastq.gz
ERR7568172	PAIRED	https://ftp.sra.ebi.ac.uk/vol1/fastq/ERR756/002/ERR7568172/ERR7568172_1.fastq.gz	https://ftp.sra.ebi.ac.uk/vol1/fastq/ERR756/002/ERR7568172/ERR7568172_2.fastq.gz
ERR7568174	PAIRED	https://ftp.sra.ebi.ac.uk/vol1/fastq/ERR756/004/ERR7568174/ERR7568174_1.fastq.gz	https://ftp.sra.ebi.ac.uk/vol1/fastq/ERR756/004/ERR7568174/ERR7568174_2.fastq.gz
ERR7568176	PAIRED	https://ftp.sra.ebi.ac.uk/vol1/fastq/ERR756/006/ERR7568176/ERR7568176_1.fastq.gz	https://ftp.sra.ebi.ac.uk/vol1/fastq/ERR756/006/ERR7568176/ERR7568176_2.fastq.gz
ERR7568184	PAIRED	https://ftp.sra.ebi.ac.uk/vol1/fastq/ERR756/004/ERR7568184/ERR7568184_1.fastq.gz	https://ftp.sra.ebi.ac.uk/vol1/fastq/ERR756/004/ERR7568184/ERR7568184_2.fastq.gz
ERR7568196	PAIRED	https://ftp.sra.ebi.ac.uk/vol1/fastq/ERR756/006/ERR7568196/ERR7568196_1.fastq.gz	https://ftp.sra.ebi.ac.uk/vol1/fastq/ERR756/006/ERR7568196/ERR7568196_2.fastq.gz
ERR7568228	PAIRED	https://ftp.sra.ebi.ac.uk/vol1/fastq/ERR756/008/ERR7568228/ERR7568228_1.fastq.gz	https://ftp.sra.ebi.ac.uk/vol1/fastq/ERR756/008/ERR7568228/ERR7568228_2.fastq.gz
ERR7568285	PAIRED	https://ftp.sra.ebi.ac.uk/vol1/fastq/ERR756/005/ERR7568285/ERR7568285_1.fastq.gz	https://ftp.sra.ebi.ac.uk/vol1/fastq/ERR756/005/ERR7568285/ERR7568285_2.fastq.gz
ERR7568295	PAIRED	https://ftp.sra.ebi.ac.uk/vol1/fastq/ERR756/005/ERR7568295/ERR7568295_1.fastq.gz	https://ftp.sra.ebi.ac.uk/vol1/fastq/ERR756/005/ERR7568295/ERR7568295_2.fastq.gz
ERR7568298	PAIRED	https://ftp.sra.ebi.ac.uk/vol1/fastq/ERR756/008/ERR7568298/ERR7568298_1.fastq.gz	https://ftp.sra.ebi.ac.uk/vol1/fastq/ERR756/008/ERR7568298/ERR7568298_2.fastq.gz
ERR7568336	PAIRED	https://ftp.sra.ebi.ac.uk/vol1/fastq/ERR756/006/ERR7568336/ERR7568336_1.fastq.gz	https://ftp.sra.ebi.ac.uk/vol1/fastq/ERR756/006/ERR7568336/ERR7568336_2.fastq.gz
ERR7568345	PAIRED	https://ftp.sra.ebi.ac.uk/vol1/fastq/ERR756/005/ERR7568345/ERR7568345_1.fastq.gz	https://ftp.sra.ebi.ac.uk/vol1/fastq/ERR756/005/ERR7568345/ERR7568345_2.fastq.gz
ERR7568348	PAIRED	https://ftp.sra.ebi.ac.uk/vol1/fastq/ERR756/008/ERR7568348/ERR7568348_1.fastq.gz	https://ftp.sra.ebi.ac.uk/vol1/fastq/ERR756/008/ERR7568348/ERR7568348_2.fastq.gz
ERR7568350	PAIRED	https://ftp.sra.ebi.ac.uk/vol1/fastq/ERR756/000/ERR7568350/ERR7568350_1.fastq.gz	https://ftp.sra.ebi.ac.uk/vol1/fastq/ERR756/000/ERR7568350/ERR7568350_2.fastq.gz
ERR7568352	PAIRED	https://ftp.sra.ebi.ac.uk/vol1/fastq/ERR756/002/ERR7568352/ERR7568352_1.fastq.gz	https://ftp.sra.ebi.ac.uk/vol1/fastq/ERR756/002/ERR7568352/ERR7568352_2.fastq.gz
ERR757655	PAIRED	https://ftp.sra.ebi.ac.uk/vol1/fastq/ERR757/ERR757655/ERR757655_1.fastq.gz	https://ftp.sra.ebi.ac.uk/vol1/fastq/ERR757/ERR757655/ERR757655_2.fastq.gz
ERR757673	PAIRED	https://ftp.sra.ebi.ac.uk/vol1/fastq/ERR757/ERR757673/ERR757673_1.fastq.gz	https://ftp.sra.ebi.ac.uk/vol1/fastq/ERR757/ERR757673/ERR757673_2.fastq.gz
ERR7672080	PAIRED	https://ftp.sra.ebi.ac.uk/vol1/fastq/ERR767/000/ERR7672080/ERR7672080_1.fastq.gz	https://ftp.sra.ebi.ac.uk/vol1/fastq/ERR767/000/ERR7672080/ERR7672080_2.fastq.gz
ERR7672086	PAIRED	https://ftp.sra.ebi.ac.uk/vol1/fastq/ERR767/006/ERR7672086/ERR7672086_1.fastq.gz	https://ftp.sra.ebi.ac.uk/vol1/fastq/ERR767/006/ERR7672086/ERR7672086_2.fastq.gz
ERR7672096	PAIRED	https://ftp.sra.ebi.ac.uk/vol1/fastq/ERR767/006/ERR7672096/ERR7672096_1.fastq.gz	https://ftp.sra.ebi.ac.uk/vol1/fastq/ERR767/006/ERR7672096/ERR7672096_2.fastq.gz
ERR7672101	PAIRED	https://ftp.sra.ebi.ac.uk/vol1/fastq/ERR767/001/ERR7672101/ERR7672101_1.fastq.gz	https://ftp.sra.ebi.ac.uk/vol1/fastq/ERR767/001/ERR7672101/ERR7672101_2.fastq.gz
ERR7672102	PAIRED	https://ftp.sra.ebi.ac.uk/vol1/fastq/ERR767/002/ERR7672102/ERR7672102_1.fastq.gz	https://ftp.sra.ebi.ac.uk/vol1/fastq/ERR767/002/ERR7672102/ERR7672102_2.fastq.gz
ERR7672117	PAIRED	https://ftp.sra.ebi.ac.uk/vol1/fastq/ERR767/007/ERR7672117/ERR7672117_1.fastq.gz	https://ftp.sra.ebi.ac.uk/vol1/fastq/ERR767/007/ERR7672117/ERR7672117_2.fastq.gz
ERR7672126	PAIRED	https://ftp.sra.ebi.ac.uk/vol1/fastq/ERR767/006/ERR7672126/ERR7672126_1.fastq.gz	https://ftp.sra.ebi.ac.uk/vol1/fastq/ERR767/006/ERR7672126/ERR7672126_2.fastq.gz
ERR7672134	PAIRED	https://ftp.sra.ebi.ac.uk/vol1/fastq/ERR767/004/ERR7672134/ERR7672134_1.fastq.gz	https://ftp.sra.ebi.ac.uk/vol1/fastq/ERR767/004/ERR7672134/ERR7672134_2.fastq.gz
ERR7672150	PAIRED	https://ftp.sra.ebi.ac.uk/vol1/fastq/ERR767/000/ERR7672150/ERR7672150_1.fastq.gz	https://ftp.sra.ebi.ac.uk/vol1/fastq/ERR767/000/ERR7672150/ERR7672150_2.fastq.gz
ERR7672153	PAIRED	https://ftp.sra.ebi.ac.uk/vol1/fastq/ERR767/003/ERR7672153/ERR7672153_1.fastq.gz	https://ftp.sra.ebi.ac.uk/vol1/fastq/ERR767/003/ERR7672153/ERR7672153_2.fastq.gz
ERR7734661	PAIRED	https://ftp.sra.ebi.ac.uk/vol1/fastq/ERR773/001/ERR7734661/ERR7734661_1.fastq.gz	https://ftp.sra.ebi.ac.uk/vol1/fastq/ERR773/001/ERR7734661/ERR7734661_2.fastq.gz
ERR7734704	PAIRED	https://ftp.sra.ebi.ac.uk/vol1/fastq/ERR773/004/ERR7734704/ERR7734704_1.fastq.gz	https://ftp.sra.ebi.ac.uk/vol1/fastq/ERR773/004/ERR7734704/ERR7734704_2.fastq.gz
ERR7734720	PAIRED	https://ftp.sra.ebi.ac.uk/vol1/fastq/ERR773/000/ERR7734720/ERR7734720_1.fastq.gz	https://ftp.sra.ebi.ac.uk/vol1/fastq/ERR773/000/ERR7734720/ERR7734720_2.fastq.gz
ERR7734724	PAIRED	https://ftp.sra.ebi.ac.uk/vol1/fastq/ERR773/004/ERR7734724/ERR7734724_1.fastq.gz	https://ftp.sra.ebi.ac.uk/vol1/fastq/ERR773/004/ERR7734724/ERR7734724_2.fastq.gz
ERR7734760	PAIRED	https://ftp.sra.ebi.ac.uk/vol1/fastq/ERR773/000/ERR7734760/ERR7734760_1.fastq.gz	https://ftp.sra.ebi.ac.uk/vol1/fastq/ERR773/000/ERR7734760/ERR7734760_2.fastq.gz
ERR7734771	PAIRED	https://ftp.sra.ebi.ac.uk/vol1/fastq/ERR773/001/ERR7734771/ERR7734771_1.fastq.gz	https://ftp.sra.ebi.ac.uk/vol1/fastq/ERR773/001/ERR7734771/ERR7734771_2.fastq.gz
ERR7734780	PAIRED	https://ftp.sra.ebi.ac.uk/vol1/fastq/ERR773/000/ERR7734780/ERR7734780_1.fastq.gz	https://ftp.sra.ebi.ac.uk/vol1/fastq/ERR773/000/ERR7734780/ERR7734780_2.fastq.gz
ERR7734790	PAIRED	https://ftp.sra.ebi.ac.uk/vol1/fastq/ERR773/000/ERR7734790/ERR7734790_1.fastq.gz	https://ftp.sra.ebi.ac.uk/vol1/fastq/ERR773/000/ERR7734790/ERR7734790_2.fastq.gz
ERR7734812	PAIRED	https://ftp.sra.ebi.ac.uk/vol1/fastq/ERR773/002/ERR7734812/ERR7734812_1.fastq.gz	https://ftp.sra.ebi.ac.uk/vol1/fastq/ERR773/002/ERR7734812/ERR7734812_2.fastq.gz
ERR7734832	PAIRED	https://ftp.sra.ebi.ac.uk/vol1/fastq/ERR773/002/ERR7734832/ERR7734832_1.fastq.gz	https://ftp.sra.ebi.ac.uk/vol1/fastq/ERR773/002/ERR7734832/ERR7734832_2.fastq.gz
ERR7734859	PAIRED	https://ftp.sra.ebi.ac.uk/vol1/fastq/ERR773/009/ERR7734859/ERR7734859_1.fastq.gz	https://ftp.sra.ebi.ac.uk/vol1/fastq/ERR773/009/ERR7734859/ERR7734859_2.fastq.gz
ERR7734875	PAIRED	https://ftp.sra.ebi.ac.uk/vol1/fastq/ERR773/005/ERR7734875/ERR7734875_1.fastq.gz	https://ftp.sra.ebi.ac.uk/vol1/fastq/ERR773/005/ERR7734875/ERR7734875_2.fastq.gz
ERR7734887	PAIRED	https://ftp.sra.ebi.ac.uk/vol1/fastq/ERR773/007/ERR7734887/ERR7734887_1.fastq.gz	https://ftp.sra.ebi.ac.uk/vol1/fastq/ERR773/007/ERR7734887/ERR7734887_2.fastq.gz
ERR7734921	PAIRED	https://ftp.sra.ebi.ac.uk/vol1/fastq/ERR773/001/ERR7734921/ERR7734921_1.fastq.gz	https://ftp.sra.ebi.ac.uk/vol1/fastq/ERR773/001/ERR7734921/ERR7734921_2.fastq.gz
ERR7734975	PAIRED	https://ftp.sra.ebi.ac.uk/vol1/fastq/ERR773/005/ERR7734975/ERR7734975_1.fastq.gz	https://ftp.sra.ebi.ac.uk/vol1/fastq/ERR773/005/ERR7734975/ERR7734975_2.fastq.gz
ERR7734991	PAIRED	https://ftp.sra.ebi.ac.uk/vol1/fastq/ERR773/001/ERR7734991/ERR7734991_1.fastq.gz	https://ftp.sra.ebi.ac.uk/vol1/fastq/ERR773/001/ERR7734991/ERR7734991_2.fastq.gz
ERR7735009	PAIRED	https://ftp.sra.ebi.ac.uk/vol1/fastq/ERR773/009/ERR7735009/ERR7735009_1.fastq.gz	https://ftp.sra.ebi.ac.uk/vol1/fastq/ERR773/009/ERR7735009/ERR7735009_2.fastq.gz
ERR7735044	PAIRED	https://ftp.sra.ebi.ac.uk/vol1/fastq/ERR773/004/ERR7735044/ERR7735044_1.fastq.gz	https://ftp.sra.ebi.ac.uk/vol1/fastq/ERR773/004/ERR7735044/ERR7735044_2.fastq.gz
ERR7735045	PAIRED	https://ftp.sra.ebi.ac.uk/vol1/fastq/ERR773/005/ERR7735045/ERR7735045_1.fastq.gz	https://ftp.sra.ebi.ac.uk/vol1/fastq/ERR773/005/ERR7735045/ERR7735045_2.fastq.gz
ERR7735058	PAIRED	https://ftp.sra.ebi.ac.uk/vol1/fastq/ERR773/008/ERR7735058/ERR7735058_1.fastq.gz	https://ftp.sra.ebi.ac.uk/vol1/fastq/ERR773/008/ERR7735058/ERR7735058_2.fastq.gz
ERR7735060	PAIRED	https://ftp.sra.ebi.ac.uk/vol1/fastq/ERR773/000/ERR7735060/ERR7735060_1.fastq.gz	https://ftp.sra.ebi.ac.uk/vol1/fastq/ERR773/000/ERR7735060/ERR7735060_2.fastq.gz
ERR7735097	PAIRED	https://ftp.sra.ebi.ac.uk/vol1/fastq/ERR773/007/ERR7735097/ERR7735097_1.fastq.gz	https://ftp.sra.ebi.ac.uk/vol1/fastq/ERR773/007/ERR7735097/ERR7735097_2.fastq.gz
ERR7735162	PAIRED	https://ftp.sra.ebi.ac.uk/vol1/fastq/ERR773/002/ERR7735162/ERR7735162_1.fastq.gz	https://ftp.sra.ebi.ac.uk/vol1/fastq/ERR773/002/ERR7735162/ERR7735162_2.fastq.gz
ERR7735177	PAIRED	https://ftp.sra.ebi.ac.uk/vol1/fastq/ERR773/007/ERR7735177/ERR7735177_1.fastq.gz	https://ftp.sra.ebi.ac.uk/vol1/fastq/ERR773/007/ERR7735177/ERR7735177_2.fastq.gz
ERR7735202	PAIRED	https://ftp.sra.ebi.ac.uk/vol1/fastq/ERR773/002/ERR7735202/ERR7735202_1.fastq.gz	https://ftp.sra.ebi.ac.uk/vol1/fastq/ERR773/002/ERR7735202/ERR7735202_2.fastq.gz
ERR7735212	PAIRED	https://ftp.sra.ebi.ac.uk/vol1/fastq/ERR773/002/ERR7735212/ERR7735212_1.fastq.gz	https://ftp.sra.ebi.ac.uk/vol1/fastq/ERR773/002/ERR7735212/ERR7735212_2.fastq.gz
ERR7735234	PAIRED	https://ftp.sra.ebi.ac.uk/vol1/fastq/ERR773/004/ERR7735234/ERR7735234_1.fastq.gz	https://ftp.sra.ebi.ac.uk/vol1/fastq/ERR773/004/ERR7735234/ERR7735234_2.fastq.gz
ERR7735239	PAIRED	https://ftp.sra.ebi.ac.uk/vol1/fastq/ERR773/009/ERR7735239/ERR7735239_1.fastq.gz	https://ftp.sra.ebi.ac.uk/vol1/fastq/ERR773/009/ERR7735239/ERR7735239_2.fastq.gz
ERR7735299	PAIRED	https://ftp.sra.ebi.ac.uk/vol1/fastq/ERR773/009/ERR7735299/ERR7735299_1.fastq.gz	https://ftp.sra.ebi.ac.uk/vol1/fastq/ERR773/009/ERR7735299/ERR7735299_2.fastq.gz
ERR7735311	PAIRED	https://ftp.sra.ebi.ac.uk/vol1/fastq/ERR773/001/ERR7735311/ERR7735311_1.fastq.gz	https://ftp.sra.ebi.ac.uk/vol1/fastq/ERR773/001/ERR7735311/ERR7735311_2.fastq.gz
ERR7735321	PAIRED	https://ftp.sra.ebi.ac.uk/vol1/fastq/ERR773/001/ERR7735321/ERR7735321_1.fastq.gz	https://ftp.sra.ebi.ac.uk/vol1/fastq/ERR773/001/ERR7735321/ERR7735321_2.fastq.gz
ERR7735335	PAIRED	https://ftp.sra.ebi.ac.uk/vol1/fastq/ERR773/005/ERR7735335/ERR7735335_1.fastq.gz	https://ftp.sra.ebi.ac.uk/vol1/fastq/ERR773/005/ERR7735335/ERR7735335_2.fastq.gz
ERR7735336	PAIRED	https://ftp.sra.ebi.ac.uk/vol1/fastq/ERR773/006/ERR7735336/ERR7735336_1.fastq.gz	https://ftp.sra.ebi.ac.uk/vol1/fastq/ERR773/006/ERR7735336/ERR7735336_2.fastq.gz
ERR7735343	PAIRED	https://ftp.sra.ebi.ac.uk/vol1/fastq/ERR773/003/ERR7735343/ERR7735343_1.fastq.gz	https://ftp.sra.ebi.ac.uk/vol1/fastq/ERR773/003/ERR7735343/ERR7735343_2.fastq.gz
ERR776078	PAIRED	https://ftp.sra.ebi.ac.uk/vol1/fastq/ERR776/ERR776078/ERR776078_1.fastq.gz	https://ftp.sra.ebi.ac.uk/vol1/fastq/ERR776/ERR776078/ERR776078_2.fastq.gz
ERR7813765	PAIRED	https://ftp.sra.ebi.ac.uk/vol1/fastq/ERR781/005/ERR7813765/ERR7813765_1.fastq.gz	https://ftp.sra.ebi.ac.uk/vol1/fastq/ERR781/005/ERR7813765/ERR7813765_2.fastq.gz
ERR7813813	PAIRED	https://ftp.sra.ebi.ac.uk/vol1/fastq/ERR781/003/ERR7813813/ERR7813813_1.fastq.gz	https://ftp.sra.ebi.ac.uk/vol1/fastq/ERR781/003/ERR7813813/ERR7813813_2.fastq.gz
ERR7850205	PAIRED	https://ftp.sra.ebi.ac.uk/vol1/fastq/ERR785/005/ERR7850205/ERR7850205_1.fastq.gz	https://ftp.sra.ebi.ac.uk/vol1/fastq/ERR785/005/ERR7850205/ERR7850205_2.fastq.gz
ERR7850220	PAIRED	https://ftp.sra.ebi.ac.uk/vol1/fastq/ERR785/000/ERR7850220/ERR7850220_1.fastq.gz	https://ftp.sra.ebi.ac.uk/vol1/fastq/ERR785/000/ERR7850220/ERR7850220_2.fastq.gz
ERR7850238	PAIRED	https://ftp.sra.ebi.ac.uk/vol1/fastq/ERR785/008/ERR7850238/ERR7850238_1.fastq.gz	https://ftp.sra.ebi.ac.uk/vol1/fastq/ERR785/008/ERR7850238/ERR7850238_2.fastq.gz
ERR7850257	PAIRED	https://ftp.sra.ebi.ac.uk/vol1/fastq/ERR785/007/ERR7850257/ERR7850257_1.fastq.gz	https://ftp.sra.ebi.ac.uk/vol1/fastq/ERR785/007/ERR7850257/ERR7850257_2.fastq.gz
ERR7850279	PAIRED	https://ftp.sra.ebi.ac.uk/vol1/fastq/ERR785/009/ERR7850279/ERR7850279_1.fastq.gz	https://ftp.sra.ebi.ac.uk/vol1/fastq/ERR785/009/ERR7850279/ERR7850279_2.fastq.gz
ERR8084880	PAIRED	https://ftp.sra.ebi.ac.uk/vol1/fastq/ERR808/000/ERR8084880/ERR8084880_1.fastq.gz	https://ftp.sra.ebi.ac.uk/vol1/fastq/ERR808/000/ERR8084880/ERR8084880_2.fastq.gz
ERR8084889	PAIRED	https://ftp.sra.ebi.ac.uk/vol1/fastq/ERR808/009/ERR8084889/ERR8084889_1.fastq.gz	https://ftp.sra.ebi.ac.uk/vol1/fastq/ERR808/009/ERR8084889/ERR8084889_2.fastq.gz
ERR8084949	PAIRED	https://ftp.sra.ebi.ac.uk/vol1/fastq/ERR808/009/ERR8084949/ERR8084949_1.fastq.gz	https://ftp.sra.ebi.ac.uk/vol1/fastq/ERR808/009/ERR8084949/ERR8084949_2.fastq.gz
ERR8098210	PAIRED	https://ftp.sra.ebi.ac.uk/vol1/fastq/ERR809/000/ERR8098210/ERR8098210_1.fastq.gz	https://ftp.sra.ebi.ac.uk/vol1/fastq/ERR809/000/ERR8098210/ERR8098210_2.fastq.gz
ERR8098230	PAIRED	https://ftp.sra.ebi.ac.uk/vol1/fastq/ERR809/000/ERR8098230/ERR8098230_1.fastq.gz	https://ftp.sra.ebi.ac.uk/vol1/fastq/ERR809/000/ERR8098230/ERR8098230_2.fastq.gz
ERR8098236	PAIRED	https://ftp.sra.ebi.ac.uk/vol1/fastq/ERR809/006/ERR8098236/ERR8098236_1.fastq.gz	https://ftp.sra.ebi.ac.uk/vol1/fastq/ERR809/006/ERR8098236/ERR8098236_2.fastq.gz
ERR8098349	PAIRED	https://ftp.sra.ebi.ac.uk/vol1/fastq/ERR809/009/ERR8098349/ERR8098349_1.fastq.gz	https://ftp.sra.ebi.ac.uk/vol1/fastq/ERR809/009/ERR8098349/ERR8098349_2.fastq.gz
ERR8098350	PAIRED	https://ftp.sra.ebi.ac.uk/vol1/fastq/ERR809/000/ERR8098350/ERR8098350_1.fastq.gz	https://ftp.sra.ebi.ac.uk/vol1/fastq/ERR809/000/ERR8098350/ERR8098350_2.fastq.gz
ERR8098352	PAIRED	https://ftp.sra.ebi.ac.uk/vol1/fastq/ERR809/002/ERR8098352/ERR8098352_1.fastq.gz	https://ftp.sra.ebi.ac.uk/vol1/fastq/ERR809/002/ERR8098352/ERR8098352_2.fastq.gz
ERR8098476	PAIRED	https://ftp.sra.ebi.ac.uk/vol1/fastq/ERR809/006/ERR8098476/ERR8098476_1.fastq.gz	https://ftp.sra.ebi.ac.uk/vol1/fastq/ERR809/006/ERR8098476/ERR8098476_2.fastq.gz
ERR8098498	PAIRED	https://ftp.sra.ebi.ac.uk/vol1/fastq/ERR809/008/ERR8098498/ERR8098498_1.fastq.gz	https://ftp.sra.ebi.ac.uk/vol1/fastq/ERR809/008/ERR8098498/ERR8098498_2.fastq.gz
ERR8138492	PAIRED	https://ftp.sra.ebi.ac.uk/vol1/fastq/ERR813/002/ERR8138492/ERR8138492_1.fastq.gz	https://ftp.sra.ebi.ac.uk/vol1/fastq/ERR813/002/ERR8138492/ERR8138492_2.fastq.gz
ERR829938	PAIRED	https://ftp.sra.ebi.ac.uk/vol1/fastq/ERR829/ERR829938/ERR829938_1.fastq.gz	https://ftp.sra.ebi.ac.uk/vol1/fastq/ERR829/ERR829938/ERR829938_2.fastq.gz
ERR829944	PAIRED	https://ftp.sra.ebi.ac.uk/vol1/fastq/ERR829/ERR829944/ERR829944_1.fastq.gz	https://ftp.sra.ebi.ac.uk/vol1/fastq/ERR829/ERR829944/ERR829944_2.fastq.gz
ERR8527745	PAIRED	https://ftp.sra.ebi.ac.uk/vol1/fastq/ERR852/005/ERR8527745/ERR8527745_1.fastq.gz	https://ftp.sra.ebi.ac.uk/vol1/fastq/ERR852/005/ERR8527745/ERR8527745_2.fastq.gz
ERR8574786	PAIRED	https://ftp.sra.ebi.ac.uk/vol1/fastq/ERR857/006/ERR8574786/ERR8574786_1.fastq.gz	https://ftp.sra.ebi.ac.uk/vol1/fastq/ERR857/006/ERR8574786/ERR8574786_2.fastq.gz
ERR8574869	PAIRED	https://ftp.sra.ebi.ac.uk/vol1/fastq/ERR857/009/ERR8574869/ERR8574869_1.fastq.gz	https://ftp.sra.ebi.ac.uk/vol1/fastq/ERR857/009/ERR8574869/ERR8574869_2.fastq.gz
ERR8574964	PAIRED	https://ftp.sra.ebi.ac.uk/vol1/fastq/ERR857/004/ERR8574964/ERR8574964_1.fastq.gz	https://ftp.sra.ebi.ac.uk/vol1/fastq/ERR857/004/ERR8574964/ERR8574964_2.fastq.gz
ERR8574965	PAIRED	https://ftp.sra.ebi.ac.uk/vol1/fastq/ERR857/005/ERR8574965/ERR8574965_1.fastq.gz	https://ftp.sra.ebi.ac.uk/vol1/fastq/ERR857/005/ERR8574965/ERR8574965_2.fastq.gz
ERR8574975	PAIRED	https://ftp.sra.ebi.ac.uk/vol1/fastq/ERR857/005/ERR8574975/ERR8574975_1.fastq.gz	https://ftp.sra.ebi.ac.uk/vol1/fastq/ERR857/005/ERR8574975/ERR8574975_2.fastq.gz
ERR8574977	PAIRED	https://ftp.sra.ebi.ac.uk/vol1/fastq/ERR857/007/ERR8574977/ERR8574977_1.fastq.gz	https://ftp.sra.ebi.ac.uk/vol1/fastq/ERR857/007/ERR8574977/ERR8574977_2.fastq.gz
ERR8604142	PAIRED	https://ftp.sra.ebi.ac.uk/vol1/fastq/ERR860/002/ERR8604142/ERR8604142_1.fastq.gz	https://ftp.sra.ebi.ac.uk/vol1/fastq/ERR860/002/ERR8604142/ERR8604142_2.fastq.gz
ERR8604148	PAIRED	https://ftp.sra.ebi.ac.uk/vol1/fastq/ERR860/008/ERR8604148/ERR8604148_1.fastq.gz	https://ftp.sra.ebi.ac.uk/vol1/fastq/ERR860/008/ERR8604148/ERR8604148_2.fastq.gz
ERR8604169	PAIRED	https://ftp.sra.ebi.ac.uk/vol1/fastq/ERR860/009/ERR8604169/ERR8604169_1.fastq.gz	https://ftp.sra.ebi.ac.uk/vol1/fastq/ERR860/009/ERR8604169/ERR8604169_2.fastq.gz
ERR8604179	PAIRED	https://ftp.sra.ebi.ac.uk/vol1/fastq/ERR860/009/ERR8604179/ERR8604179_1.fastq.gz	https://ftp.sra.ebi.ac.uk/vol1/fastq/ERR860/009/ERR8604179/ERR8604179_2.fastq.gz
ERR8604210	PAIRED	https://ftp.sra.ebi.ac.uk/vol1/fastq/ERR860/000/ERR8604210/ERR8604210_1.fastq.gz	https://ftp.sra.ebi.ac.uk/vol1/fastq/ERR860/000/ERR8604210/ERR8604210_2.fastq.gz
ERR8604212	PAIRED	https://ftp.sra.ebi.ac.uk/vol1/fastq/ERR860/002/ERR8604212/ERR8604212_1.fastq.gz	https://ftp.sra.ebi.ac.uk/vol1/fastq/ERR860/002/ERR8604212/ERR8604212_2.fastq.gz
ERR8604213	PAIRED	https://ftp.sra.ebi.ac.uk/vol1/fastq/ERR860/003/ERR8604213/ERR8604213_1.fastq.gz	https://ftp.sra.ebi.ac.uk/vol1/fastq/ERR860/003/ERR8604213/ERR8604213_2.fastq.gz
ERR8604283	PAIRED	https://ftp.sra.ebi.ac.uk/vol1/fastq/ERR860/003/ERR8604283/ERR8604283_1.fastq.gz	https://ftp.sra.ebi.ac.uk/vol1/fastq/ERR860/003/ERR8604283/ERR8604283_2.fastq.gz
ERR8604294	PAIRED	https://ftp.sra.ebi.ac.uk/vol1/fastq/ERR860/004/ERR8604294/ERR8604294_1.fastq.gz	https://ftp.sra.ebi.ac.uk/vol1/fastq/ERR860/004/ERR8604294/ERR8604294_2.fastq.gz
ERR8604314	PAIRED	https://ftp.sra.ebi.ac.uk/vol1/fastq/ERR860/004/ERR8604314/ERR8604314_1.fastq.gz	https://ftp.sra.ebi.ac.uk/vol1/fastq/ERR860/004/ERR8604314/ERR8604314_2.fastq.gz
ERR8604360	PAIRED	https://ftp.sra.ebi.ac.uk/vol1/fastq/ERR860/000/ERR8604360/ERR8604360_1.fastq.gz	https://ftp.sra.ebi.ac.uk/vol1/fastq/ERR860/000/ERR8604360/ERR8604360_2.fastq.gz
ERR8604364	PAIRED	https://ftp.sra.ebi.ac.uk/vol1/fastq/ERR860/004/ERR8604364/ERR8604364_1.fastq.gz	https://ftp.sra.ebi.ac.uk/vol1/fastq/ERR860/004/ERR8604364/ERR8604364_2.fastq.gz
ERR8604378	PAIRED	https://ftp.sra.ebi.ac.uk/vol1/fastq/ERR860/008/ERR8604378/ERR8604378_1.fastq.gz	https://ftp.sra.ebi.ac.uk/vol1/fastq/ERR860/008/ERR8604378/ERR8604378_2.fastq.gz
ERR8604389	PAIRED	https://ftp.sra.ebi.ac.uk/vol1/fastq/ERR860/009/ERR8604389/ERR8604389_1.fastq.gz	https://ftp.sra.ebi.ac.uk/vol1/fastq/ERR860/009/ERR8604389/ERR8604389_2.fastq.gz
ERR8604441	PAIRED	https://ftp.sra.ebi.ac.uk/vol1/fastq/ERR860/001/ERR8604441/ERR8604441_1.fastq.gz	https://ftp.sra.ebi.ac.uk/vol1/fastq/ERR860/001/ERR8604441/ERR8604441_2.fastq.gz
ERR8604464	PAIRED	https://ftp.sra.ebi.ac.uk/vol1/fastq/ERR860/004/ERR8604464/ERR8604464_1.fastq.gz	https://ftp.sra.ebi.ac.uk/vol1/fastq/ERR860/004/ERR8604464/ERR8604464_2.fastq.gz
ERR8651828	PAIRED	https://ftp.sra.ebi.ac.uk/vol1/fastq/ERR865/008/ERR8651828/ERR8651828_1.fastq.gz	https://ftp.sra.ebi.ac.uk/vol1/fastq/ERR865/008/ERR8651828/ERR8651828_2.fastq.gz
ERR8683697	PAIRED	https://ftp.sra.ebi.ac.uk/vol1/fastq/ERR868/007/ERR8683697/ERR8683697_1.fastq.gz	https://ftp.sra.ebi.ac.uk/vol1/fastq/ERR868/007/ERR8683697/ERR8683697_2.fastq.gz
ERR8684669	PAIRED	https://ftp.sra.ebi.ac.uk/vol1/fastq/ERR868/009/ERR8684669/ERR8684669_1.fastq.gz	https://ftp.sra.ebi.ac.uk/vol1/fastq/ERR868/009/ERR8684669/ERR8684669_2.fastq.gz
ERR8684722	PAIRED	https://ftp.sra.ebi.ac.uk/vol1/fastq/ERR868/002/ERR8684722/ERR8684722_1.fastq.gz	https://ftp.sra.ebi.ac.uk/vol1/fastq/ERR868/002/ERR8684722/ERR8684722_2.fastq.gz
ERR8703307	PAIRED	https://ftp.sra.ebi.ac.uk/vol1/fastq/ERR870/007/ERR8703307/ERR8703307_1.fastq.gz	https://ftp.sra.ebi.ac.uk/vol1/fastq/ERR870/007/ERR8703307/ERR8703307_2.fastq.gz
ERR875949	PAIRED	https://ftp.sra.ebi.ac.uk/vol1/fastq/ERR875/ERR875949/ERR875949_1.fastq.gz	https://ftp.sra.ebi.ac.uk/vol1/fastq/ERR875/ERR875949/ERR875949_2.fastq.gz
ERR875957	PAIRED	https://ftp.sra.ebi.ac.uk/vol1/fastq/ERR875/ERR875957/ERR875957_1.fastq.gz	https://ftp.sra.ebi.ac.uk/vol1/fastq/ERR875/ERR875957/ERR875957_2.fastq.gz
ERR875971	PAIRED	https://ftp.sra.ebi.ac.uk/vol1/fastq/ERR875/ERR875971/ERR875971_1.fastq.gz	https://ftp.sra.ebi.ac.uk/vol1/fastq/ERR875/ERR875971/ERR875971_2.fastq.gz
ERR875981	PAIRED	https://ftp.sra.ebi.ac.uk/vol1/fastq/ERR875/ERR875981/ERR875981_1.fastq.gz	https://ftp.sra.ebi.ac.uk/vol1/fastq/ERR875/ERR875981/ERR875981_2.fastq.gz
ERR875994	PAIRED	https://ftp.sra.ebi.ac.uk/vol1/fastq/ERR875/ERR875994/ERR875994_1.fastq.gz	https://ftp.sra.ebi.ac.uk/vol1/fastq/ERR875/ERR875994/ERR875994_2.fastq.gz
ERR8771264	PAIRED	https://ftp.sra.ebi.ac.uk/vol1/fastq/ERR877/004/ERR8771264/ERR8771264_1.fastq.gz	https://ftp.sra.ebi.ac.uk/vol1/fastq/ERR877/004/ERR8771264/ERR8771264_2.fastq.gz
ERR8771272	PAIRED	https://ftp.sra.ebi.ac.uk/vol1/fastq/ERR877/002/ERR8771272/ERR8771272_1.fastq.gz	https://ftp.sra.ebi.ac.uk/vol1/fastq/ERR877/002/ERR8771272/ERR8771272_2.fastq.gz
ERR8771274	PAIRED	https://ftp.sra.ebi.ac.uk/vol1/fastq/ERR877/004/ERR8771274/ERR8771274_1.fastq.gz	https://ftp.sra.ebi.ac.uk/vol1/fastq/ERR877/004/ERR8771274/ERR8771274_2.fastq.gz
ERR8771304	PAIRED	https://ftp.sra.ebi.ac.uk/vol1/fastq/ERR877/004/ERR8771304/ERR8771304_1.fastq.gz	https://ftp.sra.ebi.ac.uk/vol1/fastq/ERR877/004/ERR8771304/ERR8771304_2.fastq.gz
ERR8771310	PAIRED	https://ftp.sra.ebi.ac.uk/vol1/fastq/ERR877/000/ERR8771310/ERR8771310_1.fastq.gz	https://ftp.sra.ebi.ac.uk/vol1/fastq/ERR877/000/ERR8771310/ERR8771310_2.fastq.gz
ERR8771319	PAIRED	https://ftp.sra.ebi.ac.uk/vol1/fastq/ERR877/009/ERR8771319/ERR8771319_1.fastq.gz	https://ftp.sra.ebi.ac.uk/vol1/fastq/ERR877/009/ERR8771319/ERR8771319_2.fastq.gz
ERR8771343	PAIRED	https://ftp.sra.ebi.ac.uk/vol1/fastq/ERR877/003/ERR8771343/ERR8771343_1.fastq.gz	https://ftp.sra.ebi.ac.uk/vol1/fastq/ERR877/003/ERR8771343/ERR8771343_2.fastq.gz
ERR8771350	PAIRED	https://ftp.sra.ebi.ac.uk/vol1/fastq/ERR877/000/ERR8771350/ERR8771350_1.fastq.gz	https://ftp.sra.ebi.ac.uk/vol1/fastq/ERR877/000/ERR8771350/ERR8771350_2.fastq.gz
ERR8771366	PAIRED	https://ftp.sra.ebi.ac.uk/vol1/fastq/ERR877/006/ERR8771366/ERR8771366_1.fastq.gz	https://ftp.sra.ebi.ac.uk/vol1/fastq/ERR877/006/ERR8771366/ERR8771366_2.fastq.gz
ERR8771392	PAIRED	https://ftp.sra.ebi.ac.uk/vol1/fastq/ERR877/002/ERR8771392/ERR8771392_1.fastq.gz	https://ftp.sra.ebi.ac.uk/vol1/fastq/ERR877/002/ERR8771392/ERR8771392_2.fastq.gz
ERR8771407	PAIRED	https://ftp.sra.ebi.ac.uk/vol1/fastq/ERR877/007/ERR8771407/ERR8771407_1.fastq.gz	https://ftp.sra.ebi.ac.uk/vol1/fastq/ERR877/007/ERR8771407/ERR8771407_2.fastq.gz
ERR8771454	PAIRED	https://ftp.sra.ebi.ac.uk/vol1/fastq/ERR877/004/ERR8771454/ERR8771454_1.fastq.gz	https://ftp.sra.ebi.ac.uk/vol1/fastq/ERR877/004/ERR8771454/ERR8771454_2.fastq.gz
ERR8771458	PAIRED	https://ftp.sra.ebi.ac.uk/vol1/fastq/ERR877/008/ERR8771458/ERR8771458_1.fastq.gz	https://ftp.sra.ebi.ac.uk/vol1/fastq/ERR877/008/ERR8771458/ERR8771458_2.fastq.gz
ERR8771466	PAIRED	https://ftp.sra.ebi.ac.uk/vol1/fastq/ERR877/006/ERR8771466/ERR8771466_1.fastq.gz	https://ftp.sra.ebi.ac.uk/vol1/fastq/ERR877/006/ERR8771466/ERR8771466_2.fastq.gz
ERR8771494	PAIRED	https://ftp.sra.ebi.ac.uk/vol1/fastq/ERR877/004/ERR8771494/ERR8771494_1.fastq.gz	https://ftp.sra.ebi.ac.uk/vol1/fastq/ERR877/004/ERR8771494/ERR8771494_2.fastq.gz
ERR8771511	PAIRED	https://ftp.sra.ebi.ac.uk/vol1/fastq/ERR877/001/ERR8771511/ERR8771511_1.fastq.gz	https://ftp.sra.ebi.ac.uk/vol1/fastq/ERR877/001/ERR8771511/ERR8771511_2.fastq.gz
ERR8771513	PAIRED	https://ftp.sra.ebi.ac.uk/vol1/fastq/ERR877/003/ERR8771513/ERR8771513_1.fastq.gz	https://ftp.sra.ebi.ac.uk/vol1/fastq/ERR877/003/ERR8771513/ERR8771513_2.fastq.gz
ERR8771562	PAIRED	https://ftp.sra.ebi.ac.uk/vol1/fastq/ERR877/002/ERR8771562/ERR8771562_1.fastq.gz	https://ftp.sra.ebi.ac.uk/vol1/fastq/ERR877/002/ERR8771562/ERR8771562_2.fastq.gz
ERR8771613	PAIRED	https://ftp.sra.ebi.ac.uk/vol1/fastq/ERR877/003/ERR8771613/ERR8771613_1.fastq.gz	https://ftp.sra.ebi.ac.uk/vol1/fastq/ERR877/003/ERR8771613/ERR8771613_2.fastq.gz
ERR8771671	PAIRED	https://ftp.sra.ebi.ac.uk/vol1/fastq/ERR877/001/ERR8771671/ERR8771671_1.fastq.gz	https://ftp.sra.ebi.ac.uk/vol1/fastq/ERR877/001/ERR8771671/ERR8771671_2.fastq.gz
ERR8771710	PAIRED	https://ftp.sra.ebi.ac.uk/vol1/fastq/ERR877/000/ERR8771710/ERR8771710_1.fastq.gz	https://ftp.sra.ebi.ac.uk/vol1/fastq/ERR877/000/ERR8771710/ERR8771710_2.fastq.gz
ERR8771734	PAIRED	https://ftp.sra.ebi.ac.uk/vol1/fastq/ERR877/004/ERR8771734/ERR8771734_1.fastq.gz	https://ftp.sra.ebi.ac.uk/vol1/fastq/ERR877/004/ERR8771734/ERR8771734_2.fastq.gz
ERR8771745	PAIRED	https://ftp.sra.ebi.ac.uk/vol1/fastq/ERR877/005/ERR8771745/ERR8771745_1.fastq.gz	https://ftp.sra.ebi.ac.uk/vol1/fastq/ERR877/005/ERR8771745/ERR8771745_2.fastq.gz
ERR8771748	PAIRED	https://ftp.sra.ebi.ac.uk/vol1/fastq/ERR877/008/ERR8771748/ERR8771748_1.fastq.gz	https://ftp.sra.ebi.ac.uk/vol1/fastq/ERR877/008/ERR8771748/ERR8771748_2.fastq.gz
ERR8771781	PAIRED	https://ftp.sra.ebi.ac.uk/vol1/fastq/ERR877/001/ERR8771781/ERR8771781_1.fastq.gz	https://ftp.sra.ebi.ac.uk/vol1/fastq/ERR877/001/ERR8771781/ERR8771781_2.fastq.gz
ERR8771789	PAIRED	https://ftp.sra.ebi.ac.uk/vol1/fastq/ERR877/009/ERR8771789/ERR8771789_1.fastq.gz	https://ftp.sra.ebi.ac.uk/vol1/fastq/ERR877/009/ERR8771789/ERR8771789_2.fastq.gz
ERR8771843	PAIRED	https://ftp.sra.ebi.ac.uk/vol1/fastq/ERR877/003/ERR8771843/ERR8771843_1.fastq.gz	https://ftp.sra.ebi.ac.uk/vol1/fastq/ERR877/003/ERR8771843/ERR8771843_2.fastq.gz
ERR8771844	PAIRED	https://ftp.sra.ebi.ac.uk/vol1/fastq/ERR877/004/ERR8771844/ERR8771844_1.fastq.gz	https://ftp.sra.ebi.ac.uk/vol1/fastq/ERR877/004/ERR8771844/ERR8771844_2.fastq.gz
ERR8771887	PAIRED	https://ftp.sra.ebi.ac.uk/vol1/fastq/ERR877/007/ERR8771887/ERR8771887_1.fastq.gz	https://ftp.sra.ebi.ac.uk/vol1/fastq/ERR877/007/ERR8771887/ERR8771887_2.fastq.gz
ERR8771892	PAIRED	https://ftp.sra.ebi.ac.uk/vol1/fastq/ERR877/002/ERR8771892/ERR8771892_1.fastq.gz	https://ftp.sra.ebi.ac.uk/vol1/fastq/ERR877/002/ERR8771892/ERR8771892_2.fastq.gz
ERR8771914	PAIRED	https://ftp.sra.ebi.ac.uk/vol1/fastq/ERR877/004/ERR8771914/ERR8771914_1.fastq.gz	https://ftp.sra.ebi.ac.uk/vol1/fastq/ERR877/004/ERR8771914/ERR8771914_2.fastq.gz
ERR8771960	PAIRED	https://ftp.sra.ebi.ac.uk/vol1/fastq/ERR877/000/ERR8771960/ERR8771960_1.fastq.gz	https://ftp.sra.ebi.ac.uk/vol1/fastq/ERR877/000/ERR8771960/ERR8771960_2.fastq.gz
ERR8771964	PAIRED	https://ftp.sra.ebi.ac.uk/vol1/fastq/ERR877/004/ERR8771964/ERR8771964_1.fastq.gz	https://ftp.sra.ebi.ac.uk/vol1/fastq/ERR877/004/ERR8771964/ERR8771964_2.fastq.gz
ERR8771970	PAIRED	https://ftp.sra.ebi.ac.uk/vol1/fastq/ERR877/000/ERR8771970/ERR8771970_1.fastq.gz	https://ftp.sra.ebi.ac.uk/vol1/fastq/ERR877/000/ERR8771970/ERR8771970_2.fastq.gz
ERR8771971	PAIRED	https://ftp.sra.ebi.ac.uk/vol1/fastq/ERR877/001/ERR8771971/ERR8771971_1.fastq.gz	https://ftp.sra.ebi.ac.uk/vol1/fastq/ERR877/001/ERR8771971/ERR8771971_2.fastq.gz
ERR8771972	PAIRED	https://ftp.sra.ebi.ac.uk/vol1/fastq/ERR877/002/ERR8771972/ERR8771972_1.fastq.gz	https://ftp.sra.ebi.ac.uk/vol1/fastq/ERR877/002/ERR8771972/ERR8771972_2.fastq.gz
ERR8771978	PAIRED	https://ftp.sra.ebi.ac.uk/vol1/fastq/ERR877/008/ERR8771978/ERR8771978_1.fastq.gz	https://ftp.sra.ebi.ac.uk/vol1/fastq/ERR877/008/ERR8771978/ERR8771978_2.fastq.gz
ERR8771980	PAIRED	https://ftp.sra.ebi.ac.uk/vol1/fastq/ERR877/000/ERR8771980/ERR8771980_1.fastq.gz	https://ftp.sra.ebi.ac.uk/vol1/fastq/ERR877/000/ERR8771980/ERR8771980_2.fastq.gz
ERR8771982	PAIRED	https://ftp.sra.ebi.ac.uk/vol1/fastq/ERR877/002/ERR8771982/ERR8771982_1.fastq.gz	https://ftp.sra.ebi.ac.uk/vol1/fastq/ERR877/002/ERR8771982/ERR8771982_2.fastq.gz
ERR8772003	PAIRED	https://ftp.sra.ebi.ac.uk/vol1/fastq/ERR877/003/ERR8772003/ERR8772003_1.fastq.gz	https://ftp.sra.ebi.ac.uk/vol1/fastq/ERR877/003/ERR8772003/ERR8772003_2.fastq.gz
ERR8772022	PAIRED	https://ftp.sra.ebi.ac.uk/vol1/fastq/ERR877/002/ERR8772022/ERR8772022_1.fastq.gz	https://ftp.sra.ebi.ac.uk/vol1/fastq/ERR877/002/ERR8772022/ERR8772022_2.fastq.gz
ERR8772063	PAIRED	https://ftp.sra.ebi.ac.uk/vol1/fastq/ERR877/003/ERR8772063/ERR8772063_1.fastq.gz	https://ftp.sra.ebi.ac.uk/vol1/fastq/ERR877/003/ERR8772063/ERR8772063_2.fastq.gz
ERR8772085	PAIRED	https://ftp.sra.ebi.ac.uk/vol1/fastq/ERR877/005/ERR8772085/ERR8772085_1.fastq.gz	https://ftp.sra.ebi.ac.uk/vol1/fastq/ERR877/005/ERR8772085/ERR8772085_2.fastq.gz
ERR8772112	PAIRED	https://ftp.sra.ebi.ac.uk/vol1/fastq/ERR877/002/ERR8772112/ERR8772112_1.fastq.gz	https://ftp.sra.ebi.ac.uk/vol1/fastq/ERR877/002/ERR8772112/ERR8772112_2.fastq.gz
ERR8772127	PAIRED	https://ftp.sra.ebi.ac.uk/vol1/fastq/ERR877/007/ERR8772127/ERR8772127_1.fastq.gz	https://ftp.sra.ebi.ac.uk/vol1/fastq/ERR877/007/ERR8772127/ERR8772127_2.fastq.gz
ERR8772162	PAIRED	https://ftp.sra.ebi.ac.uk/vol1/fastq/ERR877/002/ERR8772162/ERR8772162_1.fastq.gz	https://ftp.sra.ebi.ac.uk/vol1/fastq/ERR877/002/ERR8772162/ERR8772162_2.fastq.gz
ERR8772178	PAIRED	https://ftp.sra.ebi.ac.uk/vol1/fastq/ERR877/008/ERR8772178/ERR8772178_1.fastq.gz	https://ftp.sra.ebi.ac.uk/vol1/fastq/ERR877/008/ERR8772178/ERR8772178_2.fastq.gz
ERR8772309	PAIRED	https://ftp.sra.ebi.ac.uk/vol1/fastq/ERR877/009/ERR8772309/ERR8772309_1.fastq.gz	https://ftp.sra.ebi.ac.uk/vol1/fastq/ERR877/009/ERR8772309/ERR8772309_2.fastq.gz
ERR8772328	PAIRED	https://ftp.sra.ebi.ac.uk/vol1/fastq/ERR877/008/ERR8772328/ERR8772328_1.fastq.gz	https://ftp.sra.ebi.ac.uk/vol1/fastq/ERR877/008/ERR8772328/ERR8772328_2.fastq.gz
ERR8772339	PAIRED	https://ftp.sra.ebi.ac.uk/vol1/fastq/ERR877/009/ERR8772339/ERR8772339_1.fastq.gz	https://ftp.sra.ebi.ac.uk/vol1/fastq/ERR877/009/ERR8772339/ERR8772339_2.fastq.gz
ERR8772367	PAIRED	https://ftp.sra.ebi.ac.uk/vol1/fastq/ERR877/007/ERR8772367/ERR8772367_1.fastq.gz	https://ftp.sra.ebi.ac.uk/vol1/fastq/ERR877/007/ERR8772367/ERR8772367_2.fastq.gz
ERR8772387	PAIRED	https://ftp.sra.ebi.ac.uk/vol1/fastq/ERR877/007/ERR8772387/ERR8772387_1.fastq.gz	https://ftp.sra.ebi.ac.uk/vol1/fastq/ERR877/007/ERR8772387/ERR8772387_2.fastq.gz
ERR8772404	PAIRED	https://ftp.sra.ebi.ac.uk/vol1/fastq/ERR877/004/ERR8772404/ERR8772404_1.fastq.gz	https://ftp.sra.ebi.ac.uk/vol1/fastq/ERR877/004/ERR8772404/ERR8772404_2.fastq.gz
ERR8772477	PAIRED	https://ftp.sra.ebi.ac.uk/vol1/fastq/ERR877/007/ERR8772477/ERR8772477_1.fastq.gz	https://ftp.sra.ebi.ac.uk/vol1/fastq/ERR877/007/ERR8772477/ERR8772477_2.fastq.gz
ERR8772510	PAIRED	https://ftp.sra.ebi.ac.uk/vol1/fastq/ERR877/000/ERR8772510/ERR8772510_1.fastq.gz	https://ftp.sra.ebi.ac.uk/vol1/fastq/ERR877/000/ERR8772510/ERR8772510_2.fastq.gz
ERR8772532	PAIRED	https://ftp.sra.ebi.ac.uk/vol1/fastq/ERR877/002/ERR8772532/ERR8772532_1.fastq.gz	https://ftp.sra.ebi.ac.uk/vol1/fastq/ERR877/002/ERR8772532/ERR8772532_2.fastq.gz
ERR8772538	PAIRED	https://ftp.sra.ebi.ac.uk/vol1/fastq/ERR877/008/ERR8772538/ERR8772538_1.fastq.gz	https://ftp.sra.ebi.ac.uk/vol1/fastq/ERR877/008/ERR8772538/ERR8772538_2.fastq.gz
ERR8772557	PAIRED	https://ftp.sra.ebi.ac.uk/vol1/fastq/ERR877/007/ERR8772557/ERR8772557_1.fastq.gz	https://ftp.sra.ebi.ac.uk/vol1/fastq/ERR877/007/ERR8772557/ERR8772557_2.fastq.gz
ERR8772576	PAIRED	https://ftp.sra.ebi.ac.uk/vol1/fastq/ERR877/006/ERR8772576/ERR8772576_1.fastq.gz	https://ftp.sra.ebi.ac.uk/vol1/fastq/ERR877/006/ERR8772576/ERR8772576_2.fastq.gz
ERR8772629	PAIRED	https://ftp.sra.ebi.ac.uk/vol1/fastq/ERR877/009/ERR8772629/ERR8772629_1.fastq.gz	https://ftp.sra.ebi.ac.uk/vol1/fastq/ERR877/009/ERR8772629/ERR8772629_2.fastq.gz
ERR8772632	PAIRED	https://ftp.sra.ebi.ac.uk/vol1/fastq/ERR877/002/ERR8772632/ERR8772632_1.fastq.gz	https://ftp.sra.ebi.ac.uk/vol1/fastq/ERR877/002/ERR8772632/ERR8772632_2.fastq.gz
ERR8772659	PAIRED	https://ftp.sra.ebi.ac.uk/vol1/fastq/ERR877/009/ERR8772659/ERR8772659_1.fastq.gz	https://ftp.sra.ebi.ac.uk/vol1/fastq/ERR877/009/ERR8772659/ERR8772659_2.fastq.gz
ERR8772696	PAIRED	https://ftp.sra.ebi.ac.uk/vol1/fastq/ERR877/006/ERR8772696/ERR8772696_1.fastq.gz	https://ftp.sra.ebi.ac.uk/vol1/fastq/ERR877/006/ERR8772696/ERR8772696_2.fastq.gz
ERR8772703	PAIRED	https://ftp.sra.ebi.ac.uk/vol1/fastq/ERR877/003/ERR8772703/ERR8772703_1.fastq.gz	https://ftp.sra.ebi.ac.uk/vol1/fastq/ERR877/003/ERR8772703/ERR8772703_2.fastq.gz
ERR8772714	PAIRED	https://ftp.sra.ebi.ac.uk/vol1/fastq/ERR877/004/ERR8772714/ERR8772714_1.fastq.gz	https://ftp.sra.ebi.ac.uk/vol1/fastq/ERR877/004/ERR8772714/ERR8772714_2.fastq.gz
ERR8772727	PAIRED	https://ftp.sra.ebi.ac.uk/vol1/fastq/ERR877/007/ERR8772727/ERR8772727_1.fastq.gz	https://ftp.sra.ebi.ac.uk/vol1/fastq/ERR877/007/ERR8772727/ERR8772727_2.fastq.gz
ERR8772736	PAIRED	https://ftp.sra.ebi.ac.uk/vol1/fastq/ERR877/006/ERR8772736/ERR8772736_1.fastq.gz	https://ftp.sra.ebi.ac.uk/vol1/fastq/ERR877/006/ERR8772736/ERR8772736_2.fastq.gz
ERR8772738	PAIRED	https://ftp.sra.ebi.ac.uk/vol1/fastq/ERR877/008/ERR8772738/ERR8772738_1.fastq.gz	https://ftp.sra.ebi.ac.uk/vol1/fastq/ERR877/008/ERR8772738/ERR8772738_2.fastq.gz
ERR8772741	PAIRED	https://ftp.sra.ebi.ac.uk/vol1/fastq/ERR877/001/ERR8772741/ERR8772741_1.fastq.gz	https://ftp.sra.ebi.ac.uk/vol1/fastq/ERR877/001/ERR8772741/ERR8772741_2.fastq.gz
ERR8772753	PAIRED	https://ftp.sra.ebi.ac.uk/vol1/fastq/ERR877/003/ERR8772753/ERR8772753_1.fastq.gz	https://ftp.sra.ebi.ac.uk/vol1/fastq/ERR877/003/ERR8772753/ERR8772753_2.fastq.gz
ERR8772903	PAIRED	https://ftp.sra.ebi.ac.uk/vol1/fastq/ERR877/003/ERR8772903/ERR8772903_1.fastq.gz	https://ftp.sra.ebi.ac.uk/vol1/fastq/ERR877/003/ERR8772903/ERR8772903_2.fastq.gz
ERR8772909	PAIRED	https://ftp.sra.ebi.ac.uk/vol1/fastq/ERR877/009/ERR8772909/ERR8772909_1.fastq.gz	https://ftp.sra.ebi.ac.uk/vol1/fastq/ERR877/009/ERR8772909/ERR8772909_2.fastq.gz
ERR8772917	PAIRED	https://ftp.sra.ebi.ac.uk/vol1/fastq/ERR877/007/ERR8772917/ERR8772917_1.fastq.gz	https://ftp.sra.ebi.ac.uk/vol1/fastq/ERR877/007/ERR8772917/ERR8772917_2.fastq.gz
ERR8773000	PAIRED	https://ftp.sra.ebi.ac.uk/vol1/fastq/ERR877/000/ERR8773000/ERR8773000_1.fastq.gz	https://ftp.sra.ebi.ac.uk/vol1/fastq/ERR877/000/ERR8773000/ERR8773000_2.fastq.gz
ERR8773039	PAIRED	https://ftp.sra.ebi.ac.uk/vol1/fastq/ERR877/009/ERR8773039/ERR8773039_1.fastq.gz	https://ftp.sra.ebi.ac.uk/vol1/fastq/ERR877/009/ERR8773039/ERR8773039_2.fastq.gz
ERR8773054	PAIRED	https://ftp.sra.ebi.ac.uk/vol1/fastq/ERR877/004/ERR8773054/ERR8773054_1.fastq.gz	https://ftp.sra.ebi.ac.uk/vol1/fastq/ERR877/004/ERR8773054/ERR8773054_2.fastq.gz
ERR8773060	PAIRED	https://ftp.sra.ebi.ac.uk/vol1/fastq/ERR877/000/ERR8773060/ERR8773060_1.fastq.gz	https://ftp.sra.ebi.ac.uk/vol1/fastq/ERR877/000/ERR8773060/ERR8773060_2.fastq.gz
ERR8773062	PAIRED	https://ftp.sra.ebi.ac.uk/vol1/fastq/ERR877/002/ERR8773062/ERR8773062_1.fastq.gz	https://ftp.sra.ebi.ac.uk/vol1/fastq/ERR877/002/ERR8773062/ERR8773062_2.fastq.gz
ERR8773066	PAIRED	https://ftp.sra.ebi.ac.uk/vol1/fastq/ERR877/006/ERR8773066/ERR8773066_1.fastq.gz	https://ftp.sra.ebi.ac.uk/vol1/fastq/ERR877/006/ERR8773066/ERR8773066_2.fastq.gz
ERR8773069	PAIRED	https://ftp.sra.ebi.ac.uk/vol1/fastq/ERR877/009/ERR8773069/ERR8773069_1.fastq.gz	https://ftp.sra.ebi.ac.uk/vol1/fastq/ERR877/009/ERR8773069/ERR8773069_2.fastq.gz
ERR8773090	PAIRED	https://ftp.sra.ebi.ac.uk/vol1/fastq/ERR877/000/ERR8773090/ERR8773090_1.fastq.gz	https://ftp.sra.ebi.ac.uk/vol1/fastq/ERR877/000/ERR8773090/ERR8773090_2.fastq.gz
ERR8773132	PAIRED	https://ftp.sra.ebi.ac.uk/vol1/fastq/ERR877/002/ERR8773132/ERR8773132_1.fastq.gz	https://ftp.sra.ebi.ac.uk/vol1/fastq/ERR877/002/ERR8773132/ERR8773132_2.fastq.gz
ERR8773163	PAIRED	https://ftp.sra.ebi.ac.uk/vol1/fastq/ERR877/003/ERR8773163/ERR8773163_1.fastq.gz	https://ftp.sra.ebi.ac.uk/vol1/fastq/ERR877/003/ERR8773163/ERR8773163_2.fastq.gz
ERR8773165	PAIRED	https://ftp.sra.ebi.ac.uk/vol1/fastq/ERR877/005/ERR8773165/ERR8773165_1.fastq.gz	https://ftp.sra.ebi.ac.uk/vol1/fastq/ERR877/005/ERR8773165/ERR8773165_2.fastq.gz
ERR8773196	PAIRED	https://ftp.sra.ebi.ac.uk/vol1/fastq/ERR877/006/ERR8773196/ERR8773196_1.fastq.gz	https://ftp.sra.ebi.ac.uk/vol1/fastq/ERR877/006/ERR8773196/ERR8773196_2.fastq.gz
ERR8773200	PAIRED	https://ftp.sra.ebi.ac.uk/vol1/fastq/ERR877/000/ERR8773200/ERR8773200_1.fastq.gz	https://ftp.sra.ebi.ac.uk/vol1/fastq/ERR877/000/ERR8773200/ERR8773200_2.fastq.gz
ERR8773210	PAIRED	https://ftp.sra.ebi.ac.uk/vol1/fastq/ERR877/000/ERR8773210/ERR8773210_1.fastq.gz	https://ftp.sra.ebi.ac.uk/vol1/fastq/ERR877/000/ERR8773210/ERR8773210_2.fastq.gz
ERR8773238	PAIRED	https://ftp.sra.ebi.ac.uk/vol1/fastq/ERR877/008/ERR8773238/ERR8773238_1.fastq.gz	https://ftp.sra.ebi.ac.uk/vol1/fastq/ERR877/008/ERR8773238/ERR8773238_2.fastq.gz
ERR8773274	PAIRED	https://ftp.sra.ebi.ac.uk/vol1/fastq/ERR877/004/ERR8773274/ERR8773274_1.fastq.gz	https://ftp.sra.ebi.ac.uk/vol1/fastq/ERR877/004/ERR8773274/ERR8773274_2.fastq.gz
ERR8773333	PAIRED	https://ftp.sra.ebi.ac.uk/vol1/fastq/ERR877/003/ERR8773333/ERR8773333_1.fastq.gz	https://ftp.sra.ebi.ac.uk/vol1/fastq/ERR877/003/ERR8773333/ERR8773333_2.fastq.gz
ERR8773342	PAIRED	https://ftp.sra.ebi.ac.uk/vol1/fastq/ERR877/002/ERR8773342/ERR8773342_1.fastq.gz	https://ftp.sra.ebi.ac.uk/vol1/fastq/ERR877/002/ERR8773342/ERR8773342_2.fastq.gz
ERR8773425	PAIRED	https://ftp.sra.ebi.ac.uk/vol1/fastq/ERR877/005/ERR8773425/ERR8773425_1.fastq.gz	https://ftp.sra.ebi.ac.uk/vol1/fastq/ERR877/005/ERR8773425/ERR8773425_2.fastq.gz
ERR8773464	PAIRED	https://ftp.sra.ebi.ac.uk/vol1/fastq/ERR877/004/ERR8773464/ERR8773464_1.fastq.gz	https://ftp.sra.ebi.ac.uk/vol1/fastq/ERR877/004/ERR8773464/ERR8773464_2.fastq.gz
ERR8773512	PAIRED	https://ftp.sra.ebi.ac.uk/vol1/fastq/ERR877/002/ERR8773512/ERR8773512_1.fastq.gz	https://ftp.sra.ebi.ac.uk/vol1/fastq/ERR877/002/ERR8773512/ERR8773512_2.fastq.gz
ERR8773514	PAIRED	https://ftp.sra.ebi.ac.uk/vol1/fastq/ERR877/004/ERR8773514/ERR8773514_1.fastq.gz	https://ftp.sra.ebi.ac.uk/vol1/fastq/ERR877/004/ERR8773514/ERR8773514_2.fastq.gz
ERR8773602	PAIRED	https://ftp.sra.ebi.ac.uk/vol1/fastq/ERR877/002/ERR8773602/ERR8773602_1.fastq.gz	https://ftp.sra.ebi.ac.uk/vol1/fastq/ERR877/002/ERR8773602/ERR8773602_2.fastq.gz
ERR8773719	PAIRED	https://ftp.sra.ebi.ac.uk/vol1/fastq/ERR877/009/ERR8773719/ERR8773719_1.fastq.gz	https://ftp.sra.ebi.ac.uk/vol1/fastq/ERR877/009/ERR8773719/ERR8773719_2.fastq.gz
ERR8773736	PAIRED	https://ftp.sra.ebi.ac.uk/vol1/fastq/ERR877/006/ERR8773736/ERR8773736_1.fastq.gz	https://ftp.sra.ebi.ac.uk/vol1/fastq/ERR877/006/ERR8773736/ERR8773736_2.fastq.gz
ERR8773785	PAIRED	https://ftp.sra.ebi.ac.uk/vol1/fastq/ERR877/005/ERR8773785/ERR8773785_1.fastq.gz	https://ftp.sra.ebi.ac.uk/vol1/fastq/ERR877/005/ERR8773785/ERR8773785_2.fastq.gz
ERR8773792	PAIRED	https://ftp.sra.ebi.ac.uk/vol1/fastq/ERR877/002/ERR8773792/ERR8773792_1.fastq.gz	https://ftp.sra.ebi.ac.uk/vol1/fastq/ERR877/002/ERR8773792/ERR8773792_2.fastq.gz
ERR8773822	PAIRED	https://ftp.sra.ebi.ac.uk/vol1/fastq/ERR877/002/ERR8773822/ERR8773822_1.fastq.gz	https://ftp.sra.ebi.ac.uk/vol1/fastq/ERR877/002/ERR8773822/ERR8773822_2.fastq.gz
ERR8773877	PAIRED	https://ftp.sra.ebi.ac.uk/vol1/fastq/ERR877/007/ERR8773877/ERR8773877_1.fastq.gz	https://ftp.sra.ebi.ac.uk/vol1/fastq/ERR877/007/ERR8773877/ERR8773877_2.fastq.gz
ERR8773957	PAIRED	https://ftp.sra.ebi.ac.uk/vol1/fastq/ERR877/007/ERR8773957/ERR8773957_1.fastq.gz	https://ftp.sra.ebi.ac.uk/vol1/fastq/ERR877/007/ERR8773957/ERR8773957_2.fastq.gz
ERR8774159	PAIRED	https://ftp.sra.ebi.ac.uk/vol1/fastq/ERR877/009/ERR8774159/ERR8774159_1.fastq.gz	https://ftp.sra.ebi.ac.uk/vol1/fastq/ERR877/009/ERR8774159/ERR8774159_2.fastq.gz
ERR8774208	PAIRED	https://ftp.sra.ebi.ac.uk/vol1/fastq/ERR877/008/ERR8774208/ERR8774208_1.fastq.gz	https://ftp.sra.ebi.ac.uk/vol1/fastq/ERR877/008/ERR8774208/ERR8774208_2.fastq.gz
ERR8774210	PAIRED	https://ftp.sra.ebi.ac.uk/vol1/fastq/ERR877/000/ERR8774210/ERR8774210_1.fastq.gz	https://ftp.sra.ebi.ac.uk/vol1/fastq/ERR877/000/ERR8774210/ERR8774210_2.fastq.gz
ERR8774225	PAIRED	https://ftp.sra.ebi.ac.uk/vol1/fastq/ERR877/005/ERR8774225/ERR8774225_1.fastq.gz	https://ftp.sra.ebi.ac.uk/vol1/fastq/ERR877/005/ERR8774225/ERR8774225_2.fastq.gz
ERR8774227	PAIRED	https://ftp.sra.ebi.ac.uk/vol1/fastq/ERR877/007/ERR8774227/ERR8774227_1.fastq.gz	https://ftp.sra.ebi.ac.uk/vol1/fastq/ERR877/007/ERR8774227/ERR8774227_2.fastq.gz
ERR8774246	PAIRED	https://ftp.sra.ebi.ac.uk/vol1/fastq/ERR877/006/ERR8774246/ERR8774246_1.fastq.gz	https://ftp.sra.ebi.ac.uk/vol1/fastq/ERR877/006/ERR8774246/ERR8774246_2.fastq.gz
ERR8774248	PAIRED	https://ftp.sra.ebi.ac.uk/vol1/fastq/ERR877/008/ERR8774248/ERR8774248_1.fastq.gz	https://ftp.sra.ebi.ac.uk/vol1/fastq/ERR877/008/ERR8774248/ERR8774248_2.fastq.gz
ERR8774250	PAIRED	https://ftp.sra.ebi.ac.uk/vol1/fastq/ERR877/000/ERR8774250/ERR8774250_1.fastq.gz	https://ftp.sra.ebi.ac.uk/vol1/fastq/ERR877/000/ERR8774250/ERR8774250_2.fastq.gz
ERR8774286	PAIRED	https://ftp.sra.ebi.ac.uk/vol1/fastq/ERR877/006/ERR8774286/ERR8774286_1.fastq.gz	https://ftp.sra.ebi.ac.uk/vol1/fastq/ERR877/006/ERR8774286/ERR8774286_2.fastq.gz
ERR8774314	PAIRED	https://ftp.sra.ebi.ac.uk/vol1/fastq/ERR877/004/ERR8774314/ERR8774314_1.fastq.gz	https://ftp.sra.ebi.ac.uk/vol1/fastq/ERR877/004/ERR8774314/ERR8774314_2.fastq.gz
ERR8774446	PAIRED	https://ftp.sra.ebi.ac.uk/vol1/fastq/ERR877/006/ERR8774446/ERR8774446_1.fastq.gz	https://ftp.sra.ebi.ac.uk/vol1/fastq/ERR877/006/ERR8774446/ERR8774446_2.fastq.gz
ERR8774486	PAIRED	https://ftp.sra.ebi.ac.uk/vol1/fastq/ERR877/006/ERR8774486/ERR8774486_1.fastq.gz	https://ftp.sra.ebi.ac.uk/vol1/fastq/ERR877/006/ERR8774486/ERR8774486_2.fastq.gz
ERR8774489	PAIRED	https://ftp.sra.ebi.ac.uk/vol1/fastq/ERR877/009/ERR8774489/ERR8774489_1.fastq.gz	https://ftp.sra.ebi.ac.uk/vol1/fastq/ERR877/009/ERR8774489/ERR8774489_2.fastq.gz
ERR8774554	PAIRED	https://ftp.sra.ebi.ac.uk/vol1/fastq/ERR877/004/ERR8774554/ERR8774554_1.fastq.gz	https://ftp.sra.ebi.ac.uk/vol1/fastq/ERR877/004/ERR8774554/ERR8774554_2.fastq.gz
ERR8774601	PAIRED	https://ftp.sra.ebi.ac.uk/vol1/fastq/ERR877/001/ERR8774601/ERR8774601_1.fastq.gz	https://ftp.sra.ebi.ac.uk/vol1/fastq/ERR877/001/ERR8774601/ERR8774601_2.fastq.gz
ERR8774620	PAIRED	https://ftp.sra.ebi.ac.uk/vol1/fastq/ERR877/000/ERR8774620/ERR8774620_1.fastq.gz	https://ftp.sra.ebi.ac.uk/vol1/fastq/ERR877/000/ERR8774620/ERR8774620_2.fastq.gz
ERR8774626	PAIRED	https://ftp.sra.ebi.ac.uk/vol1/fastq/ERR877/006/ERR8774626/ERR8774626_1.fastq.gz	https://ftp.sra.ebi.ac.uk/vol1/fastq/ERR877/006/ERR8774626/ERR8774626_2.fastq.gz
ERR8774673	PAIRED	https://ftp.sra.ebi.ac.uk/vol1/fastq/ERR877/003/ERR8774673/ERR8774673_1.fastq.gz	https://ftp.sra.ebi.ac.uk/vol1/fastq/ERR877/003/ERR8774673/ERR8774673_2.fastq.gz
ERR8774675	PAIRED	https://ftp.sra.ebi.ac.uk/vol1/fastq/ERR877/005/ERR8774675/ERR8774675_1.fastq.gz	https://ftp.sra.ebi.ac.uk/vol1/fastq/ERR877/005/ERR8774675/ERR8774675_2.fastq.gz
ERR8774790	PAIRED	https://ftp.sra.ebi.ac.uk/vol1/fastq/ERR877/000/ERR8774790/ERR8774790_1.fastq.gz	https://ftp.sra.ebi.ac.uk/vol1/fastq/ERR877/000/ERR8774790/ERR8774790_2.fastq.gz
ERR8774829	PAIRED	https://ftp.sra.ebi.ac.uk/vol1/fastq/ERR877/009/ERR8774829/ERR8774829_1.fastq.gz	https://ftp.sra.ebi.ac.uk/vol1/fastq/ERR877/009/ERR8774829/ERR8774829_2.fastq.gz
ERR8774840	PAIRED	https://ftp.sra.ebi.ac.uk/vol1/fastq/ERR877/000/ERR8774840/ERR8774840_1.fastq.gz	https://ftp.sra.ebi.ac.uk/vol1/fastq/ERR877/000/ERR8774840/ERR8774840_2.fastq.gz
ERR8774894	PAIRED	https://ftp.sra.ebi.ac.uk/vol1/fastq/ERR877/004/ERR8774894/ERR8774894_1.fastq.gz	https://ftp.sra.ebi.ac.uk/vol1/fastq/ERR877/004/ERR8774894/ERR8774894_2.fastq.gz
ERR8774902	PAIRED	https://ftp.sra.ebi.ac.uk/vol1/fastq/ERR877/002/ERR8774902/ERR8774902_1.fastq.gz	https://ftp.sra.ebi.ac.uk/vol1/fastq/ERR877/002/ERR8774902/ERR8774902_2.fastq.gz
ERR8774922	PAIRED	https://ftp.sra.ebi.ac.uk/vol1/fastq/ERR877/002/ERR8774922/ERR8774922_1.fastq.gz	https://ftp.sra.ebi.ac.uk/vol1/fastq/ERR877/002/ERR8774922/ERR8774922_2.fastq.gz
ERR8774939	PAIRED	https://ftp.sra.ebi.ac.uk/vol1/fastq/ERR877/009/ERR8774939/ERR8774939_1.fastq.gz	https://ftp.sra.ebi.ac.uk/vol1/fastq/ERR877/009/ERR8774939/ERR8774939_2.fastq.gz
ERR8774940	PAIRED	https://ftp.sra.ebi.ac.uk/vol1/fastq/ERR877/000/ERR8774940/ERR8774940_1.fastq.gz	https://ftp.sra.ebi.ac.uk/vol1/fastq/ERR877/000/ERR8774940/ERR8774940_2.fastq.gz
ERR8774945	PAIRED	https://ftp.sra.ebi.ac.uk/vol1/fastq/ERR877/005/ERR8774945/ERR8774945_1.fastq.gz	https://ftp.sra.ebi.ac.uk/vol1/fastq/ERR877/005/ERR8774945/ERR8774945_2.fastq.gz
ERR8774946	PAIRED	https://ftp.sra.ebi.ac.uk/vol1/fastq/ERR877/006/ERR8774946/ERR8774946_1.fastq.gz	https://ftp.sra.ebi.ac.uk/vol1/fastq/ERR877/006/ERR8774946/ERR8774946_2.fastq.gz
ERR8774965	PAIRED	https://ftp.sra.ebi.ac.uk/vol1/fastq/ERR877/005/ERR8774965/ERR8774965_1.fastq.gz	https://ftp.sra.ebi.ac.uk/vol1/fastq/ERR877/005/ERR8774965/ERR8774965_2.fastq.gz
ERR8774967	PAIRED	https://ftp.sra.ebi.ac.uk/vol1/fastq/ERR877/007/ERR8774967/ERR8774967_1.fastq.gz	https://ftp.sra.ebi.ac.uk/vol1/fastq/ERR877/007/ERR8774967/ERR8774967_2.fastq.gz
ERR8775003	PAIRED	https://ftp.sra.ebi.ac.uk/vol1/fastq/ERR877/003/ERR8775003/ERR8775003_1.fastq.gz	https://ftp.sra.ebi.ac.uk/vol1/fastq/ERR877/003/ERR8775003/ERR8775003_2.fastq.gz
ERR8775006	PAIRED	https://ftp.sra.ebi.ac.uk/vol1/fastq/ERR877/006/ERR8775006/ERR8775006_1.fastq.gz	https://ftp.sra.ebi.ac.uk/vol1/fastq/ERR877/006/ERR8775006/ERR8775006_2.fastq.gz
ERR8775016	PAIRED	https://ftp.sra.ebi.ac.uk/vol1/fastq/ERR877/006/ERR8775016/ERR8775016_1.fastq.gz	https://ftp.sra.ebi.ac.uk/vol1/fastq/ERR877/006/ERR8775016/ERR8775016_2.fastq.gz
ERR9034643	PAIRED	https://ftp.sra.ebi.ac.uk/vol1/fastq/ERR903/003/ERR9034643/ERR9034643_1.fastq.gz	https://ftp.sra.ebi.ac.uk/vol1/fastq/ERR903/003/ERR9034643/ERR9034643_2.fastq.gz
ERR9034648	PAIRED	https://ftp.sra.ebi.ac.uk/vol1/fastq/ERR903/008/ERR9034648/ERR9034648_1.fastq.gz	https://ftp.sra.ebi.ac.uk/vol1/fastq/ERR903/008/ERR9034648/ERR9034648_2.fastq.gz
ERR9034657	PAIRED	https://ftp.sra.ebi.ac.uk/vol1/fastq/ERR903/007/ERR9034657/ERR9034657_1.fastq.gz	https://ftp.sra.ebi.ac.uk/vol1/fastq/ERR903/007/ERR9034657/ERR9034657_2.fastq.gz
ERR9034670	PAIRED	https://ftp.sra.ebi.ac.uk/vol1/fastq/ERR903/000/ERR9034670/ERR9034670_1.fastq.gz	https://ftp.sra.ebi.ac.uk/vol1/fastq/ERR903/000/ERR9034670/ERR9034670_2.fastq.gz
ERR9034675	PAIRED	https://ftp.sra.ebi.ac.uk/vol1/fastq/ERR903/005/ERR9034675/ERR9034675_1.fastq.gz	https://ftp.sra.ebi.ac.uk/vol1/fastq/ERR903/005/ERR9034675/ERR9034675_2.fastq.gz
ERR9034676	PAIRED	https://ftp.sra.ebi.ac.uk/vol1/fastq/ERR903/006/ERR9034676/ERR9034676_1.fastq.gz	https://ftp.sra.ebi.ac.uk/vol1/fastq/ERR903/006/ERR9034676/ERR9034676_2.fastq.gz
ERR9035515	PAIRED	https://ftp.sra.ebi.ac.uk/vol1/fastq/ERR903/005/ERR9035515/ERR9035515_1.fastq.gz	https://ftp.sra.ebi.ac.uk/vol1/fastq/ERR903/005/ERR9035515/ERR9035515_2.fastq.gz
ERR9035523	PAIRED	https://ftp.sra.ebi.ac.uk/vol1/fastq/ERR903/003/ERR9035523/ERR9035523_1.fastq.gz	https://ftp.sra.ebi.ac.uk/vol1/fastq/ERR903/003/ERR9035523/ERR9035523_2.fastq.gz
ERR9035545	PAIRED	https://ftp.sra.ebi.ac.uk/vol1/fastq/ERR903/005/ERR9035545/ERR9035545_1.fastq.gz	https://ftp.sra.ebi.ac.uk/vol1/fastq/ERR903/005/ERR9035545/ERR9035545_2.fastq.gz
ERR9035548	PAIRED	https://ftp.sra.ebi.ac.uk/vol1/fastq/ERR903/008/ERR9035548/ERR9035548_1.fastq.gz	https://ftp.sra.ebi.ac.uk/vol1/fastq/ERR903/008/ERR9035548/ERR9035548_2.fastq.gz
ERR9126963	PAIRED	https://ftp.sra.ebi.ac.uk/vol1/fastq/ERR912/003/ERR9126963/ERR9126963_1.fastq.gz	https://ftp.sra.ebi.ac.uk/vol1/fastq/ERR912/003/ERR9126963/ERR9126963_2.fastq.gz
ERR926443	PAIRED	https://ftp.sra.ebi.ac.uk/vol1/fastq/ERR926/ERR926443/ERR926443_1.fastq.gz	https://ftp.sra.ebi.ac.uk/vol1/fastq/ERR926/ERR926443/ERR926443_2.fastq.gz
ERR9301342	PAIRED	https://ftp.sra.ebi.ac.uk/vol1/fastq/ERR930/002/ERR9301342/ERR9301342_1.fastq.gz	https://ftp.sra.ebi.ac.uk/vol1/fastq/ERR930/002/ERR9301342/ERR9301342_2.fastq.gz
ERR9301348	PAIRED	https://ftp.sra.ebi.ac.uk/vol1/fastq/ERR930/008/ERR9301348/ERR9301348_1.fastq.gz	https://ftp.sra.ebi.ac.uk/vol1/fastq/ERR930/008/ERR9301348/ERR9301348_2.fastq.gz
ERR9301363	PAIRED	https://ftp.sra.ebi.ac.uk/vol1/fastq/ERR930/003/ERR9301363/ERR9301363_1.fastq.gz	https://ftp.sra.ebi.ac.uk/vol1/fastq/ERR930/003/ERR9301363/ERR9301363_2.fastq.gz
ERR9301379	PAIRED	https://ftp.sra.ebi.ac.uk/vol1/fastq/ERR930/009/ERR9301379/ERR9301379_1.fastq.gz	https://ftp.sra.ebi.ac.uk/vol1/fastq/ERR930/009/ERR9301379/ERR9301379_2.fastq.gz
ERR9361084	PAIRED	https://ftp.sra.ebi.ac.uk/vol1/fastq/ERR936/004/ERR9361084/ERR9361084_1.fastq.gz	https://ftp.sra.ebi.ac.uk/vol1/fastq/ERR936/004/ERR9361084/ERR9361084_2.fastq.gz
ERR9410340	PAIRED	https://ftp.sra.ebi.ac.uk/vol1/fastq/ERR941/000/ERR9410340/ERR9410340_1.fastq.gz	https://ftp.sra.ebi.ac.uk/vol1/fastq/ERR941/000/ERR9410340/ERR9410340_2.fastq.gz
ERR9410370	PAIRED	https://ftp.sra.ebi.ac.uk/vol1/fastq/ERR941/000/ERR9410370/ERR9410370_1.fastq.gz	https://ftp.sra.ebi.ac.uk/vol1/fastq/ERR941/000/ERR9410370/ERR9410370_2.fastq.gz
ERR9538946	PAIRED	https://ftp.sra.ebi.ac.uk/vol1/fastq/ERR953/006/ERR9538946/ERR9538946_1.fastq.gz	https://ftp.sra.ebi.ac.uk/vol1/fastq/ERR953/006/ERR9538946/ERR9538946_2.fastq.gz
ERR9538956	PAIRED	https://ftp.sra.ebi.ac.uk/vol1/fastq/ERR953/006/ERR9538956/ERR9538956_1.fastq.gz	https://ftp.sra.ebi.ac.uk/vol1/fastq/ERR953/006/ERR9538956/ERR9538956_2.fastq.gz
ERR9538962	PAIRED	https://ftp.sra.ebi.ac.uk/vol1/fastq/ERR953/002/ERR9538962/ERR9538962_1.fastq.gz	https://ftp.sra.ebi.ac.uk/vol1/fastq/ERR953/002/ERR9538962/ERR9538962_2.fastq.gz
ERR9538963	PAIRED	https://ftp.sra.ebi.ac.uk/vol1/fastq/ERR953/003/ERR9538963/ERR9538963_1.fastq.gz	https://ftp.sra.ebi.ac.uk/vol1/fastq/ERR953/003/ERR9538963/ERR9538963_2.fastq.gz
ERR9538993	PAIRED	https://ftp.sra.ebi.ac.uk/vol1/fastq/ERR953/003/ERR9538993/ERR9538993_1.fastq.gz	https://ftp.sra.ebi.ac.uk/vol1/fastq/ERR953/003/ERR9538993/ERR9538993_2.fastq.gz
ERR9539001	PAIRED	https://ftp.sra.ebi.ac.uk/vol1/fastq/ERR953/001/ERR9539001/ERR9539001_1.fastq.gz	https://ftp.sra.ebi.ac.uk/vol1/fastq/ERR953/001/ERR9539001/ERR9539001_2.fastq.gz
ERR968235	PAIRED	https://ftp.sra.ebi.ac.uk/vol1/fastq/ERR968/ERR968235/ERR968235_1.fastq.gz	https://ftp.sra.ebi.ac.uk/vol1/fastq/ERR968/ERR968235/ERR968235_2.fastq.gz
ERR9709593	PAIRED	https://ftp.sra.ebi.ac.uk/vol1/fastq/ERR970/003/ERR9709593/ERR9709593_1.fastq.gz	https://ftp.sra.ebi.ac.uk/vol1/fastq/ERR970/003/ERR9709593/ERR9709593_2.fastq.gz
ERR9709619	PAIRED	https://ftp.sra.ebi.ac.uk/vol1/fastq/ERR970/009/ERR9709619/ERR9709619_1.fastq.gz	https://ftp.sra.ebi.ac.uk/vol1/fastq/ERR970/009/ERR9709619/ERR9709619_2.fastq.gz
ERR971954	PAIRED	https://ftp.sra.ebi.ac.uk/vol1/fastq/ERR971/ERR971954/ERR971954_1.fastq.gz	https://ftp.sra.ebi.ac.uk/vol1/fastq/ERR971/ERR971954/ERR971954_2.fastq.gz
ERR971969	PAIRED	https://ftp.sra.ebi.ac.uk/vol1/fastq/ERR971/ERR971969/ERR971969_1.fastq.gz	https://ftp.sra.ebi.ac.uk/vol1/fastq/ERR971/ERR971969/ERR971969_2.fastq.gz
ERR972001	PAIRED	https://ftp.sra.ebi.ac.uk/vol1/fastq/ERR972/ERR972001/ERR972001_1.fastq.gz	https://ftp.sra.ebi.ac.uk/vol1/fastq/ERR972/ERR972001/ERR972001_2.fastq.gz
ERR972009	PAIRED	https://ftp.sra.ebi.ac.uk/vol1/fastq/ERR972/ERR972009/ERR972009_1.fastq.gz	https://ftp.sra.ebi.ac.uk/vol1/fastq/ERR972/ERR972009/ERR972009_2.fastq.gz
ERR972060	PAIRED	https://ftp.sra.ebi.ac.uk/vol1/fastq/ERR972/ERR972060/ERR972060_1.fastq.gz	https://ftp.sra.ebi.ac.uk/vol1/fastq/ERR972/ERR972060/ERR972060_2.fastq.gz
ERR972066	PAIRED	https://ftp.sra.ebi.ac.uk/vol1/fastq/ERR972/ERR972066/ERR972066_1.fastq.gz	https://ftp.sra.ebi.ac.uk/vol1/fastq/ERR972/ERR972066/ERR972066_2.fastq.gz
ERR972074	PAIRED	https://ftp.sra.ebi.ac.uk/vol1/fastq/ERR972/ERR972074/ERR972074_1.fastq.gz	https://ftp.sra.ebi.ac.uk/vol1/fastq/ERR972/ERR972074/ERR972074_2.fastq.gz
ERR972076	PAIRED	https://ftp.sra.ebi.ac.uk/vol1/fastq/ERR972/ERR972076/ERR972076_1.fastq.gz	https://ftp.sra.ebi.ac.uk/vol1/fastq/ERR972/ERR972076/ERR972076_2.fastq.gz
ERR972077	PAIRED	https://ftp.sra.ebi.ac.uk/vol1/fastq/ERR972/ERR972077/ERR972077_1.fastq.gz	https://ftp.sra.ebi.ac.uk/vol1/fastq/ERR972/ERR972077/ERR972077_2.fastq.gz
ERR985162	PAIRED	https://ftp.sra.ebi.ac.uk/vol1/fastq/ERR985/ERR985162/ERR985162_1.fastq.gz	https://ftp.sra.ebi.ac.uk/vol1/fastq/ERR985/ERR985162/ERR985162_2.fastq.gz
SRR10006025	PAIRED	https://ftp.sra.ebi.ac.uk/vol1/fastq/SRR100/025/SRR10006025/SRR10006025_1.fastq.gz	https://ftp.sra.ebi.ac.uk/vol1/fastq/SRR100/025/SRR10006025/SRR10006025_2.fastq.gz
SRR10006076	PAIRED	https://ftp.sra.ebi.ac.uk/vol1/fastq/SRR100/076/SRR10006076/SRR10006076_1.fastq.gz	https://ftp.sra.ebi.ac.uk/vol1/fastq/SRR100/076/SRR10006076/SRR10006076_2.fastq.gz
SRR10006080	PAIRED	https://ftp.sra.ebi.ac.uk/vol1/fastq/SRR100/080/SRR10006080/SRR10006080_1.fastq.gz	https://ftp.sra.ebi.ac.uk/vol1/fastq/SRR100/080/SRR10006080/SRR10006080_2.fastq.gz
SRR10006150	PAIRED	https://ftp.sra.ebi.ac.uk/vol1/fastq/SRR100/050/SRR10006150/SRR10006150_1.fastq.gz	https://ftp.sra.ebi.ac.uk/vol1/fastq/SRR100/050/SRR10006150/SRR10006150_2.fastq.gz
SRR10028162	PAIRED	https://ftp.sra.ebi.ac.uk/vol1/fastq/SRR100/062/SRR10028162/SRR10028162_1.fastq.gz	https://ftp.sra.ebi.ac.uk/vol1/fastq/SRR100/062/SRR10028162/SRR10028162_2.fastq.gz
SRR10028219	PAIRED	https://ftp.sra.ebi.ac.uk/vol1/fastq/SRR100/019/SRR10028219/SRR10028219_1.fastq.gz	https://ftp.sra.ebi.ac.uk/vol1/fastq/SRR100/019/SRR10028219/SRR10028219_2.fastq.gz
SRR10028251	PAIRED	https://ftp.sra.ebi.ac.uk/vol1/fastq/SRR100/051/SRR10028251/SRR10028251_1.fastq.gz	https://ftp.sra.ebi.ac.uk/vol1/fastq/SRR100/051/SRR10028251/SRR10028251_2.fastq.gz
SRR10028295	PAIRED	https://ftp.sra.ebi.ac.uk/vol1/fastq/SRR100/095/SRR10028295/SRR10028295_1.fastq.gz	https://ftp.sra.ebi.ac.uk/vol1/fastq/SRR100/095/SRR10028295/SRR10028295_2.fastq.gz
SRR10028393	PAIRED	https://ftp.sra.ebi.ac.uk/vol1/fastq/SRR100/093/SRR10028393/SRR10028393_1.fastq.gz	https://ftp.sra.ebi.ac.uk/vol1/fastq/SRR100/093/SRR10028393/SRR10028393_2.fastq.gz
SRR10028414	PAIRED	https://ftp.sra.ebi.ac.uk/vol1/fastq/SRR100/014/SRR10028414/SRR10028414_1.fastq.gz	https://ftp.sra.ebi.ac.uk/vol1/fastq/SRR100/014/SRR10028414/SRR10028414_2.fastq.gz
SRR10094530	PAIRED	https://ftp.sra.ebi.ac.uk/vol1/fastq/SRR100/030/SRR10094530/SRR10094530_1.fastq.gz	https://ftp.sra.ebi.ac.uk/vol1/fastq/SRR100/030/SRR10094530/SRR10094530_2.fastq.gz
SRR10094543	PAIRED	https://ftp.sra.ebi.ac.uk/vol1/fastq/SRR100/043/SRR10094543/SRR10094543_1.fastq.gz	https://ftp.sra.ebi.ac.uk/vol1/fastq/SRR100/043/SRR10094543/SRR10094543_2.fastq.gz
SRR1010918	PAIRED	https://ftp.sra.ebi.ac.uk/vol1/fastq/SRR101/008/SRR1010918/SRR1010918_1.fastq.gz	https://ftp.sra.ebi.ac.uk/vol1/fastq/SRR101/008/SRR1010918/SRR1010918_2.fastq.gz
SRR10116385	PAIRED	https://ftp.sra.ebi.ac.uk/vol1/fastq/SRR101/085/SRR10116385/SRR10116385_1.fastq.gz	https://ftp.sra.ebi.ac.uk/vol1/fastq/SRR101/085/SRR10116385/SRR10116385_2.fastq.gz
SRR10116667	PAIRED	https://ftp.sra.ebi.ac.uk/vol1/fastq/SRR101/067/SRR10116667/SRR10116667_1.fastq.gz	https://ftp.sra.ebi.ac.uk/vol1/fastq/SRR101/067/SRR10116667/SRR10116667_2.fastq.gz
SRR10116813	PAIRED	https://ftp.sra.ebi.ac.uk/vol1/fastq/SRR101/013/SRR10116813/SRR10116813_1.fastq.gz	https://ftp.sra.ebi.ac.uk/vol1/fastq/SRR101/013/SRR10116813/SRR10116813_2.fastq.gz
SRR10116814	PAIRED	https://ftp.sra.ebi.ac.uk/vol1/fastq/SRR101/014/SRR10116814/SRR10116814_1.fastq.gz	https://ftp.sra.ebi.ac.uk/vol1/fastq/SRR101/014/SRR10116814/SRR10116814_2.fastq.gz
SRR10160925	PAIRED	https://ftp.sra.ebi.ac.uk/vol1/fastq/SRR101/025/SRR10160925/SRR10160925_1.fastq.gz	https://ftp.sra.ebi.ac.uk/vol1/fastq/SRR101/025/SRR10160925/SRR10160925_2.fastq.gz
SRR10223863	PAIRED	https://ftp.sra.ebi.ac.uk/vol1/fastq/SRR102/063/SRR10223863/SRR10223863_1.fastq.gz	https://ftp.sra.ebi.ac.uk/vol1/fastq/SRR102/063/SRR10223863/SRR10223863_2.fastq.gz
SRR10223869	PAIRED	https://ftp.sra.ebi.ac.uk/vol1/fastq/SRR102/069/SRR10223869/SRR10223869_1.fastq.gz	https://ftp.sra.ebi.ac.uk/vol1/fastq/SRR102/069/SRR10223869/SRR10223869_2.fastq.gz
SRR10269951	PAIRED	https://ftp.sra.ebi.ac.uk/vol1/fastq/SRR102/051/SRR10269951/SRR10269951_1.fastq.gz	https://ftp.sra.ebi.ac.uk/vol1/fastq/SRR102/051/SRR10269951/SRR10269951_2.fastq.gz
SRR10294883	PAIRED	https://ftp.sra.ebi.ac.uk/vol1/fastq/SRR102/083/SRR10294883/SRR10294883_1.fastq.gz	https://ftp.sra.ebi.ac.uk/vol1/fastq/SRR102/083/SRR10294883/SRR10294883_2.fastq.gz
SRR10294892	PAIRED	https://ftp.sra.ebi.ac.uk/vol1/fastq/SRR102/092/SRR10294892/SRR10294892_1.fastq.gz	https://ftp.sra.ebi.ac.uk/vol1/fastq/SRR102/092/SRR10294892/SRR10294892_2.fastq.gz
SRR10294894	PAIRED	https://ftp.sra.ebi.ac.uk/vol1/fastq/SRR102/094/SRR10294894/SRR10294894_1.fastq.gz	https://ftp.sra.ebi.ac.uk/vol1/fastq/SRR102/094/SRR10294894/SRR10294894_2.fastq.gz
SRR10294901	PAIRED	https://ftp.sra.ebi.ac.uk/vol1/fastq/SRR102/001/SRR10294901/SRR10294901_1.fastq.gz	https://ftp.sra.ebi.ac.uk/vol1/fastq/SRR102/001/SRR10294901/SRR10294901_2.fastq.gz
SRR10294917	PAIRED	https://ftp.sra.ebi.ac.uk/vol1/fastq/SRR102/017/SRR10294917/SRR10294917_1.fastq.gz	https://ftp.sra.ebi.ac.uk/vol1/fastq/SRR102/017/SRR10294917/SRR10294917_2.fastq.gz
SRR10294993	PAIRED	https://ftp.sra.ebi.ac.uk/vol1/fastq/SRR102/093/SRR10294993/SRR10294993_1.fastq.gz	https://ftp.sra.ebi.ac.uk/vol1/fastq/SRR102/093/SRR10294993/SRR10294993_2.fastq.gz
SRR10295055	PAIRED	https://ftp.sra.ebi.ac.uk/vol1/fastq/SRR102/055/SRR10295055/SRR10295055_1.fastq.gz	https://ftp.sra.ebi.ac.uk/vol1/fastq/SRR102/055/SRR10295055/SRR10295055_2.fastq.gz
SRR10377059	PAIRED	https://ftp.sra.ebi.ac.uk/vol1/fastq/SRR103/059/SRR10377059/SRR10377059_1.fastq.gz	https://ftp.sra.ebi.ac.uk/vol1/fastq/SRR103/059/SRR10377059/SRR10377059_2.fastq.gz
SRR10377080	PAIRED	https://ftp.sra.ebi.ac.uk/vol1/fastq/SRR103/080/SRR10377080/SRR10377080_1.fastq.gz	https://ftp.sra.ebi.ac.uk/vol1/fastq/SRR103/080/SRR10377080/SRR10377080_2.fastq.gz
SRR10377085	PAIRED	https://ftp.sra.ebi.ac.uk/vol1/fastq/SRR103/085/SRR10377085/SRR10377085_1.fastq.gz	https://ftp.sra.ebi.ac.uk/vol1/fastq/SRR103/085/SRR10377085/SRR10377085_2.fastq.gz
SRR10377165	PAIRED	https://ftp.sra.ebi.ac.uk/vol1/fastq/SRR103/065/SRR10377165/SRR10377165_1.fastq.gz	https://ftp.sra.ebi.ac.uk/vol1/fastq/SRR103/065/SRR10377165/SRR10377165_2.fastq.gz
SRR10484693	PAIRED	https://ftp.sra.ebi.ac.uk/vol1/fastq/SRR104/093/SRR10484693/SRR10484693_1.fastq.gz	https://ftp.sra.ebi.ac.uk/vol1/fastq/SRR104/093/SRR10484693/SRR10484693_2.fastq.gz
SRR10491528	PAIRED	https://ftp.sra.ebi.ac.uk/vol1/fastq/SRR104/028/SRR10491528/SRR10491528_1.fastq.gz	https://ftp.sra.ebi.ac.uk/vol1/fastq/SRR104/028/SRR10491528/SRR10491528_2.fastq.gz
SRR10500275	PAIRED	https://ftp.sra.ebi.ac.uk/vol1/fastq/SRR105/075/SRR10500275/SRR10500275_1.fastq.gz	https://ftp.sra.ebi.ac.uk/vol1/fastq/SRR105/075/SRR10500275/SRR10500275_2.fastq.gz
SRR10506886	PAIRED	https://ftp.sra.ebi.ac.uk/vol1/fastq/SRR105/086/SRR10506886/SRR10506886_1.fastq.gz	https://ftp.sra.ebi.ac.uk/vol1/fastq/SRR105/086/SRR10506886/SRR10506886_2.fastq.gz
SRR10541773	PAIRED	https://ftp.sra.ebi.ac.uk/vol1/fastq/SRR105/073/SRR10541773/SRR10541773_1.fastq.gz	https://ftp.sra.ebi.ac.uk/vol1/fastq/SRR105/073/SRR10541773/SRR10541773_2.fastq.gz
SRR10541774	PAIRED	https://ftp.sra.ebi.ac.uk/vol1/fastq/SRR105/074/SRR10541774/SRR10541774_1.fastq.gz	https://ftp.sra.ebi.ac.uk/vol1/fastq/SRR105/074/SRR10541774/SRR10541774_2.fastq.gz
SRR10541782	PAIRED	https://ftp.sra.ebi.ac.uk/vol1/fastq/SRR105/082/SRR10541782/SRR10541782_1.fastq.gz	https://ftp.sra.ebi.ac.uk/vol1/fastq/SRR105/082/SRR10541782/SRR10541782_2.fastq.gz
SRR10541789	PAIRED	https://ftp.sra.ebi.ac.uk/vol1/fastq/SRR105/089/SRR10541789/SRR10541789_1.fastq.gz	https://ftp.sra.ebi.ac.uk/vol1/fastq/SRR105/089/SRR10541789/SRR10541789_2.fastq.gz
SRR10541795	PAIRED	https://ftp.sra.ebi.ac.uk/vol1/fastq/SRR105/095/SRR10541795/SRR10541795_1.fastq.gz	https://ftp.sra.ebi.ac.uk/vol1/fastq/SRR105/095/SRR10541795/SRR10541795_2.fastq.gz
SRR10541816	PAIRED	https://ftp.sra.ebi.ac.uk/vol1/fastq/SRR105/016/SRR10541816/SRR10541816_1.fastq.gz	https://ftp.sra.ebi.ac.uk/vol1/fastq/SRR105/016/SRR10541816/SRR10541816_2.fastq.gz
SRR10541828	PAIRED	https://ftp.sra.ebi.ac.uk/vol1/fastq/SRR105/028/SRR10541828/SRR10541828_1.fastq.gz	https://ftp.sra.ebi.ac.uk/vol1/fastq/SRR105/028/SRR10541828/SRR10541828_2.fastq.gz
SRR10694487	PAIRED	https://ftp.sra.ebi.ac.uk/vol1/fastq/SRR106/087/SRR10694487/SRR10694487_1.fastq.gz	https://ftp.sra.ebi.ac.uk/vol1/fastq/SRR106/087/SRR10694487/SRR10694487_2.fastq.gz
SRR10694522	PAIRED	https://ftp.sra.ebi.ac.uk/vol1/fastq/SRR106/022/SRR10694522/SRR10694522_1.fastq.gz	https://ftp.sra.ebi.ac.uk/vol1/fastq/SRR106/022/SRR10694522/SRR10694522_2.fastq.gz
SRR10694545	PAIRED	https://ftp.sra.ebi.ac.uk/vol1/fastq/SRR106/045/SRR10694545/SRR10694545_1.fastq.gz	https://ftp.sra.ebi.ac.uk/vol1/fastq/SRR106/045/SRR10694545/SRR10694545_2.fastq.gz
SRR10694548	PAIRED	https://ftp.sra.ebi.ac.uk/vol1/fastq/SRR106/048/SRR10694548/SRR10694548_1.fastq.gz	https://ftp.sra.ebi.ac.uk/vol1/fastq/SRR106/048/SRR10694548/SRR10694548_2.fastq.gz
SRR10694554	PAIRED	https://ftp.sra.ebi.ac.uk/vol1/fastq/SRR106/054/SRR10694554/SRR10694554_1.fastq.gz	https://ftp.sra.ebi.ac.uk/vol1/fastq/SRR106/054/SRR10694554/SRR10694554_2.fastq.gz
SRR10694565	PAIRED	https://ftp.sra.ebi.ac.uk/vol1/fastq/SRR106/065/SRR10694565/SRR10694565_1.fastq.gz	https://ftp.sra.ebi.ac.uk/vol1/fastq/SRR106/065/SRR10694565/SRR10694565_2.fastq.gz
SRR10694569	PAIRED	https://ftp.sra.ebi.ac.uk/vol1/fastq/SRR106/069/SRR10694569/SRR10694569_1.fastq.gz	https://ftp.sra.ebi.ac.uk/vol1/fastq/SRR106/069/SRR10694569/SRR10694569_2.fastq.gz
SRR10694584	PAIRED	https://ftp.sra.ebi.ac.uk/vol1/fastq/SRR106/084/SRR10694584/SRR10694584_1.fastq.gz	https://ftp.sra.ebi.ac.uk/vol1/fastq/SRR106/084/SRR10694584/SRR10694584_2.fastq.gz
SRR10694585	PAIRED	https://ftp.sra.ebi.ac.uk/vol1/fastq/SRR106/085/SRR10694585/SRR10694585_1.fastq.gz	https://ftp.sra.ebi.ac.uk/vol1/fastq/SRR106/085/SRR10694585/SRR10694585_2.fastq.gz
SRR10694592	PAIRED	https://ftp.sra.ebi.ac.uk/vol1/fastq/SRR106/092/SRR10694592/SRR10694592_1.fastq.gz	https://ftp.sra.ebi.ac.uk/vol1/fastq/SRR106/092/SRR10694592/SRR10694592_2.fastq.gz
SRR10694597	PAIRED	https://ftp.sra.ebi.ac.uk/vol1/fastq/SRR106/097/SRR10694597/SRR10694597_1.fastq.gz	https://ftp.sra.ebi.ac.uk/vol1/fastq/SRR106/097/SRR10694597/SRR10694597_2.fastq.gz
SRR10694601	PAIRED	https://ftp.sra.ebi.ac.uk/vol1/fastq/SRR106/001/SRR10694601/SRR10694601_1.fastq.gz	https://ftp.sra.ebi.ac.uk/vol1/fastq/SRR106/001/SRR10694601/SRR10694601_2.fastq.gz
SRR10694609	PAIRED	https://ftp.sra.ebi.ac.uk/vol1/fastq/SRR106/009/SRR10694609/SRR10694609_1.fastq.gz	https://ftp.sra.ebi.ac.uk/vol1/fastq/SRR106/009/SRR10694609/SRR10694609_2.fastq.gz
SRR10694619	PAIRED	https://ftp.sra.ebi.ac.uk/vol1/fastq/SRR106/019/SRR10694619/SRR10694619_1.fastq.gz	https://ftp.sra.ebi.ac.uk/vol1/fastq/SRR106/019/SRR10694619/SRR10694619_2.fastq.gz
SRR10694626	PAIRED	https://ftp.sra.ebi.ac.uk/vol1/fastq/SRR106/026/SRR10694626/SRR10694626_1.fastq.gz	https://ftp.sra.ebi.ac.uk/vol1/fastq/SRR106/026/SRR10694626/SRR10694626_2.fastq.gz
SRR10694635	PAIRED	https://ftp.sra.ebi.ac.uk/vol1/fastq/SRR106/035/SRR10694635/SRR10694635_1.fastq.gz	https://ftp.sra.ebi.ac.uk/vol1/fastq/SRR106/035/SRR10694635/SRR10694635_2.fastq.gz
SRR10694656	PAIRED	https://ftp.sra.ebi.ac.uk/vol1/fastq/SRR106/056/SRR10694656/SRR10694656_1.fastq.gz	https://ftp.sra.ebi.ac.uk/vol1/fastq/SRR106/056/SRR10694656/SRR10694656_2.fastq.gz
SRR10905619	PAIRED	https://ftp.sra.ebi.ac.uk/vol1/fastq/SRR109/019/SRR10905619/SRR10905619_1.fastq.gz	https://ftp.sra.ebi.ac.uk/vol1/fastq/SRR109/019/SRR10905619/SRR10905619_2.fastq.gz
SRR10905808	PAIRED	https://ftp.sra.ebi.ac.uk/vol1/fastq/SRR109/008/SRR10905808/SRR10905808_1.fastq.gz	https://ftp.sra.ebi.ac.uk/vol1/fastq/SRR109/008/SRR10905808/SRR10905808_2.fastq.gz
SRR10905976	PAIRED	https://ftp.sra.ebi.ac.uk/vol1/fastq/SRR109/076/SRR10905976/SRR10905976_1.fastq.gz	https://ftp.sra.ebi.ac.uk/vol1/fastq/SRR109/076/SRR10905976/SRR10905976_2.fastq.gz
SRR10991643	PAIRED	https://ftp.sra.ebi.ac.uk/vol1/fastq/SRR109/043/SRR10991643/SRR10991643_1.fastq.gz	https://ftp.sra.ebi.ac.uk/vol1/fastq/SRR109/043/SRR10991643/SRR10991643_2.fastq.gz
SRR10991660	PAIRED	https://ftp.sra.ebi.ac.uk/vol1/fastq/SRR109/060/SRR10991660/SRR10991660_1.fastq.gz	https://ftp.sra.ebi.ac.uk/vol1/fastq/SRR109/060/SRR10991660/SRR10991660_2.fastq.gz
SRR10991667	PAIRED	https://ftp.sra.ebi.ac.uk/vol1/fastq/SRR109/067/SRR10991667/SRR10991667_1.fastq.gz	https://ftp.sra.ebi.ac.uk/vol1/fastq/SRR109/067/SRR10991667/SRR10991667_2.fastq.gz
SRR10991669	PAIRED	https://ftp.sra.ebi.ac.uk/vol1/fastq/SRR109/069/SRR10991669/SRR10991669_1.fastq.gz	https://ftp.sra.ebi.ac.uk/vol1/fastq/SRR109/069/SRR10991669/SRR10991669_2.fastq.gz
SRR10991671	PAIRED	https://ftp.sra.ebi.ac.uk/vol1/fastq/SRR109/071/SRR10991671/SRR10991671_1.fastq.gz	https://ftp.sra.ebi.ac.uk/vol1/fastq/SRR109/071/SRR10991671/SRR10991671_2.fastq.gz
SRR10991673	PAIRED	https://ftp.sra.ebi.ac.uk/vol1/fastq/SRR109/073/SRR10991673/SRR10991673_1.fastq.gz	https://ftp.sra.ebi.ac.uk/vol1/fastq/SRR109/073/SRR10991673/SRR10991673_2.fastq.gz
SRR10991674	PAIRED	https://ftp.sra.ebi.ac.uk/vol1/fastq/SRR109/074/SRR10991674/SRR10991674_1.fastq.gz	https://ftp.sra.ebi.ac.uk/vol1/fastq/SRR109/074/SRR10991674/SRR10991674_2.fastq.gz
SRR10991675	PAIRED	https://ftp.sra.ebi.ac.uk/vol1/fastq/SRR109/075/SRR10991675/SRR10991675_1.fastq.gz	https://ftp.sra.ebi.ac.uk/vol1/fastq/SRR109/075/SRR10991675/SRR10991675_2.fastq.gz
SRR10991683	PAIRED	https://ftp.sra.ebi.ac.uk/vol1/fastq/SRR109/083/SRR10991683/SRR10991683_1.fastq.gz	https://ftp.sra.ebi.ac.uk/vol1/fastq/SRR109/083/SRR10991683/SRR10991683_2.fastq.gz
SRR10991697	PAIRED	https://ftp.sra.ebi.ac.uk/vol1/fastq/SRR109/097/SRR10991697/SRR10991697_1.fastq.gz	https://ftp.sra.ebi.ac.uk/vol1/fastq/SRR109/097/SRR10991697/SRR10991697_2.fastq.gz
SRR10991720	PAIRED	https://ftp.sra.ebi.ac.uk/vol1/fastq/SRR109/020/SRR10991720/SRR10991720_1.fastq.gz	https://ftp.sra.ebi.ac.uk/vol1/fastq/SRR109/020/SRR10991720/SRR10991720_2.fastq.gz
SRR10991763	PAIRED	https://ftp.sra.ebi.ac.uk/vol1/fastq/SRR109/063/SRR10991763/SRR10991763_1.fastq.gz	https://ftp.sra.ebi.ac.uk/vol1/fastq/SRR109/063/SRR10991763/SRR10991763_2.fastq.gz
SRR10991765	PAIRED	https://ftp.sra.ebi.ac.uk/vol1/fastq/SRR109/065/SRR10991765/SRR10991765_1.fastq.gz	https://ftp.sra.ebi.ac.uk/vol1/fastq/SRR109/065/SRR10991765/SRR10991765_2.fastq.gz
SRR10991777	PAIRED	https://ftp.sra.ebi.ac.uk/vol1/fastq/SRR109/077/SRR10991777/SRR10991777_1.fastq.gz	https://ftp.sra.ebi.ac.uk/vol1/fastq/SRR109/077/SRR10991777/SRR10991777_2.fastq.gz
SRR10991780	PAIRED	https://ftp.sra.ebi.ac.uk/vol1/fastq/SRR109/080/SRR10991780/SRR10991780_1.fastq.gz	https://ftp.sra.ebi.ac.uk/vol1/fastq/SRR109/080/SRR10991780/SRR10991780_2.fastq.gz
SRR10991781	PAIRED	https://ftp.sra.ebi.ac.uk/vol1/fastq/SRR109/081/SRR10991781/SRR10991781_1.fastq.gz	https://ftp.sra.ebi.ac.uk/vol1/fastq/SRR109/081/SRR10991781/SRR10991781_2.fastq.gz
SRR10991782	PAIRED	https://ftp.sra.ebi.ac.uk/vol1/fastq/SRR109/082/SRR10991782/SRR10991782_1.fastq.gz	https://ftp.sra.ebi.ac.uk/vol1/fastq/SRR109/082/SRR10991782/SRR10991782_2.fastq.gz
SRR10991786	PAIRED	https://ftp.sra.ebi.ac.uk/vol1/fastq/SRR109/086/SRR10991786/SRR10991786_1.fastq.gz	https://ftp.sra.ebi.ac.uk/vol1/fastq/SRR109/086/SRR10991786/SRR10991786_2.fastq.gz
SRR10991792	PAIRED	https://ftp.sra.ebi.ac.uk/vol1/fastq/SRR109/092/SRR10991792/SRR10991792_1.fastq.gz	https://ftp.sra.ebi.ac.uk/vol1/fastq/SRR109/092/SRR10991792/SRR10991792_2.fastq.gz
SRR10991815	PAIRED	https://ftp.sra.ebi.ac.uk/vol1/fastq/SRR109/015/SRR10991815/SRR10991815_1.fastq.gz	https://ftp.sra.ebi.ac.uk/vol1/fastq/SRR109/015/SRR10991815/SRR10991815_2.fastq.gz
SRR10991836	PAIRED	https://ftp.sra.ebi.ac.uk/vol1/fastq/SRR109/036/SRR10991836/SRR10991836_1.fastq.gz	https://ftp.sra.ebi.ac.uk/vol1/fastq/SRR109/036/SRR10991836/SRR10991836_2.fastq.gz
SRR10991843	PAIRED	https://ftp.sra.ebi.ac.uk/vol1/fastq/SRR109/043/SRR10991843/SRR10991843_1.fastq.gz	https://ftp.sra.ebi.ac.uk/vol1/fastq/SRR109/043/SRR10991843/SRR10991843_2.fastq.gz
SRR10991844	PAIRED	https://ftp.sra.ebi.ac.uk/vol1/fastq/SRR109/044/SRR10991844/SRR10991844_1.fastq.gz	https://ftp.sra.ebi.ac.uk/vol1/fastq/SRR109/044/SRR10991844/SRR10991844_2.fastq.gz
SRR10991848	PAIRED	https://ftp.sra.ebi.ac.uk/vol1/fastq/SRR109/048/SRR10991848/SRR10991848_1.fastq.gz	https://ftp.sra.ebi.ac.uk/vol1/fastq/SRR109/048/SRR10991848/SRR10991848_2.fastq.gz
SRR10991854	PAIRED	https://ftp.sra.ebi.ac.uk/vol1/fastq/SRR109/054/SRR10991854/SRR10991854_1.fastq.gz	https://ftp.sra.ebi.ac.uk/vol1/fastq/SRR109/054/SRR10991854/SRR10991854_2.fastq.gz
SRR10991864	PAIRED	https://ftp.sra.ebi.ac.uk/vol1/fastq/SRR109/064/SRR10991864/SRR10991864_1.fastq.gz	https://ftp.sra.ebi.ac.uk/vol1/fastq/SRR109/064/SRR10991864/SRR10991864_2.fastq.gz
SRR10991871	PAIRED	https://ftp.sra.ebi.ac.uk/vol1/fastq/SRR109/071/SRR10991871/SRR10991871_1.fastq.gz	https://ftp.sra.ebi.ac.uk/vol1/fastq/SRR109/071/SRR10991871/SRR10991871_2.fastq.gz
SRR10991874	PAIRED	https://ftp.sra.ebi.ac.uk/vol1/fastq/SRR109/074/SRR10991874/SRR10991874_1.fastq.gz	https://ftp.sra.ebi.ac.uk/vol1/fastq/SRR109/074/SRR10991874/SRR10991874_2.fastq.gz
SRR10991887	PAIRED	https://ftp.sra.ebi.ac.uk/vol1/fastq/SRR109/087/SRR10991887/SRR10991887_1.fastq.gz	https://ftp.sra.ebi.ac.uk/vol1/fastq/SRR109/087/SRR10991887/SRR10991887_2.fastq.gz
SRR10991890	PAIRED	https://ftp.sra.ebi.ac.uk/vol1/fastq/SRR109/090/SRR10991890/SRR10991890_1.fastq.gz	https://ftp.sra.ebi.ac.uk/vol1/fastq/SRR109/090/SRR10991890/SRR10991890_2.fastq.gz
SRR10991892	PAIRED	https://ftp.sra.ebi.ac.uk/vol1/fastq/SRR109/092/SRR10991892/SRR10991892_1.fastq.gz	https://ftp.sra.ebi.ac.uk/vol1/fastq/SRR109/092/SRR10991892/SRR10991892_2.fastq.gz
SRR10991894	PAIRED	https://ftp.sra.ebi.ac.uk/vol1/fastq/SRR109/094/SRR10991894/SRR10991894_1.fastq.gz	https://ftp.sra.ebi.ac.uk/vol1/fastq/SRR109/094/SRR10991894/SRR10991894_2.fastq.gz
SRR10991918	PAIRED	https://ftp.sra.ebi.ac.uk/vol1/fastq/SRR109/018/SRR10991918/SRR10991918_1.fastq.gz	https://ftp.sra.ebi.ac.uk/vol1/fastq/SRR109/018/SRR10991918/SRR10991918_2.fastq.gz
SRR10991941	PAIRED	https://ftp.sra.ebi.ac.uk/vol1/fastq/SRR109/041/SRR10991941/SRR10991941_1.fastq.gz	https://ftp.sra.ebi.ac.uk/vol1/fastq/SRR109/041/SRR10991941/SRR10991941_2.fastq.gz
SRR10991942	PAIRED	https://ftp.sra.ebi.ac.uk/vol1/fastq/SRR109/042/SRR10991942/SRR10991942_1.fastq.gz	https://ftp.sra.ebi.ac.uk/vol1/fastq/SRR109/042/SRR10991942/SRR10991942_2.fastq.gz
SRR10991961	PAIRED	https://ftp.sra.ebi.ac.uk/vol1/fastq/SRR109/061/SRR10991961/SRR10991961_1.fastq.gz	https://ftp.sra.ebi.ac.uk/vol1/fastq/SRR109/061/SRR10991961/SRR10991961_2.fastq.gz
SRR10991967	PAIRED	https://ftp.sra.ebi.ac.uk/vol1/fastq/SRR109/067/SRR10991967/SRR10991967_1.fastq.gz	https://ftp.sra.ebi.ac.uk/vol1/fastq/SRR109/067/SRR10991967/SRR10991967_2.fastq.gz
SRR10991970	PAIRED	https://ftp.sra.ebi.ac.uk/vol1/fastq/SRR109/070/SRR10991970/SRR10991970_1.fastq.gz	https://ftp.sra.ebi.ac.uk/vol1/fastq/SRR109/070/SRR10991970/SRR10991970_2.fastq.gz
SRR10991971	PAIRED	https://ftp.sra.ebi.ac.uk/vol1/fastq/SRR109/071/SRR10991971/SRR10991971_1.fastq.gz	https://ftp.sra.ebi.ac.uk/vol1/fastq/SRR109/071/SRR10991971/SRR10991971_2.fastq.gz
SRR10991978	PAIRED	https://ftp.sra.ebi.ac.uk/vol1/fastq/SRR109/078/SRR10991978/SRR10991978_1.fastq.gz	https://ftp.sra.ebi.ac.uk/vol1/fastq/SRR109/078/SRR10991978/SRR10991978_2.fastq.gz
SRR10991981	PAIRED	https://ftp.sra.ebi.ac.uk/vol1/fastq/SRR109/081/SRR10991981/SRR10991981_1.fastq.gz	https://ftp.sra.ebi.ac.uk/vol1/fastq/SRR109/081/SRR10991981/SRR10991981_2.fastq.gz
SRR10991985	PAIRED	https://ftp.sra.ebi.ac.uk/vol1/fastq/SRR109/085/SRR10991985/SRR10991985_1.fastq.gz	https://ftp.sra.ebi.ac.uk/vol1/fastq/SRR109/085/SRR10991985/SRR10991985_2.fastq.gz
SRR10991999	PAIRED	https://ftp.sra.ebi.ac.uk/vol1/fastq/SRR109/099/SRR10991999/SRR10991999_1.fastq.gz	https://ftp.sra.ebi.ac.uk/vol1/fastq/SRR109/099/SRR10991999/SRR10991999_2.fastq.gz
SRR10992002	PAIRED	https://ftp.sra.ebi.ac.uk/vol1/fastq/SRR109/002/SRR10992002/SRR10992002_1.fastq.gz	https://ftp.sra.ebi.ac.uk/vol1/fastq/SRR109/002/SRR10992002/SRR10992002_2.fastq.gz
SRR10992004	PAIRED	https://ftp.sra.ebi.ac.uk/vol1/fastq/SRR109/004/SRR10992004/SRR10992004_1.fastq.gz	https://ftp.sra.ebi.ac.uk/vol1/fastq/SRR109/004/SRR10992004/SRR10992004_2.fastq.gz
SRR10992013	PAIRED	https://ftp.sra.ebi.ac.uk/vol1/fastq/SRR109/013/SRR10992013/SRR10992013_1.fastq.gz	https://ftp.sra.ebi.ac.uk/vol1/fastq/SRR109/013/SRR10992013/SRR10992013_2.fastq.gz
SRR10992017	PAIRED	https://ftp.sra.ebi.ac.uk/vol1/fastq/SRR109/017/SRR10992017/SRR10992017_1.fastq.gz	https://ftp.sra.ebi.ac.uk/vol1/fastq/SRR109/017/SRR10992017/SRR10992017_2.fastq.gz
SRR10992019	PAIRED	https://ftp.sra.ebi.ac.uk/vol1/fastq/SRR109/019/SRR10992019/SRR10992019_1.fastq.gz	https://ftp.sra.ebi.ac.uk/vol1/fastq/SRR109/019/SRR10992019/SRR10992019_2.fastq.gz
SRR10992026	PAIRED	https://ftp.sra.ebi.ac.uk/vol1/fastq/SRR109/026/SRR10992026/SRR10992026_1.fastq.gz	https://ftp.sra.ebi.ac.uk/vol1/fastq/SRR109/026/SRR10992026/SRR10992026_2.fastq.gz
SRR10992027	PAIRED	https://ftp.sra.ebi.ac.uk/vol1/fastq/SRR109/027/SRR10992027/SRR10992027_1.fastq.gz	https://ftp.sra.ebi.ac.uk/vol1/fastq/SRR109/027/SRR10992027/SRR10992027_2.fastq.gz
SRR10992040	PAIRED	https://ftp.sra.ebi.ac.uk/vol1/fastq/SRR109/040/SRR10992040/SRR10992040_1.fastq.gz	https://ftp.sra.ebi.ac.uk/vol1/fastq/SRR109/040/SRR10992040/SRR10992040_2.fastq.gz
SRR10992043	PAIRED	https://ftp.sra.ebi.ac.uk/vol1/fastq/SRR109/043/SRR10992043/SRR10992043_1.fastq.gz	https://ftp.sra.ebi.ac.uk/vol1/fastq/SRR109/043/SRR10992043/SRR10992043_2.fastq.gz
SRR10992049	PAIRED	https://ftp.sra.ebi.ac.uk/vol1/fastq/SRR109/049/SRR10992049/SRR10992049_1.fastq.gz	https://ftp.sra.ebi.ac.uk/vol1/fastq/SRR109/049/SRR10992049/SRR10992049_2.fastq.gz
SRR10992065	PAIRED	https://ftp.sra.ebi.ac.uk/vol1/fastq/SRR109/065/SRR10992065/SRR10992065_1.fastq.gz	https://ftp.sra.ebi.ac.uk/vol1/fastq/SRR109/065/SRR10992065/SRR10992065_2.fastq.gz
SRR10992068	PAIRED	https://ftp.sra.ebi.ac.uk/vol1/fastq/SRR109/068/SRR10992068/SRR10992068_1.fastq.gz	https://ftp.sra.ebi.ac.uk/vol1/fastq/SRR109/068/SRR10992068/SRR10992068_2.fastq.gz
SRR10992085	PAIRED	https://ftp.sra.ebi.ac.uk/vol1/fastq/SRR109/085/SRR10992085/SRR10992085_1.fastq.gz	https://ftp.sra.ebi.ac.uk/vol1/fastq/SRR109/085/SRR10992085/SRR10992085_2.fastq.gz
SRR10992115	PAIRED	https://ftp.sra.ebi.ac.uk/vol1/fastq/SRR109/015/SRR10992115/SRR10992115_1.fastq.gz	https://ftp.sra.ebi.ac.uk/vol1/fastq/SRR109/015/SRR10992115/SRR10992115_2.fastq.gz
SRR10992116	PAIRED	https://ftp.sra.ebi.ac.uk/vol1/fastq/SRR109/016/SRR10992116/SRR10992116_1.fastq.gz	https://ftp.sra.ebi.ac.uk/vol1/fastq/SRR109/016/SRR10992116/SRR10992116_2.fastq.gz
SRR10992119	PAIRED	https://ftp.sra.ebi.ac.uk/vol1/fastq/SRR109/019/SRR10992119/SRR10992119_1.fastq.gz	https://ftp.sra.ebi.ac.uk/vol1/fastq/SRR109/019/SRR10992119/SRR10992119_2.fastq.gz
SRR10992126	PAIRED	https://ftp.sra.ebi.ac.uk/vol1/fastq/SRR109/026/SRR10992126/SRR10992126_1.fastq.gz	https://ftp.sra.ebi.ac.uk/vol1/fastq/SRR109/026/SRR10992126/SRR10992126_2.fastq.gz
SRR10992142	PAIRED	https://ftp.sra.ebi.ac.uk/vol1/fastq/SRR109/042/SRR10992142/SRR10992142_1.fastq.gz	https://ftp.sra.ebi.ac.uk/vol1/fastq/SRR109/042/SRR10992142/SRR10992142_2.fastq.gz
SRR10992161	PAIRED	https://ftp.sra.ebi.ac.uk/vol1/fastq/SRR109/061/SRR10992161/SRR10992161_1.fastq.gz	https://ftp.sra.ebi.ac.uk/vol1/fastq/SRR109/061/SRR10992161/SRR10992161_2.fastq.gz
SRR10992167	PAIRED	https://ftp.sra.ebi.ac.uk/vol1/fastq/SRR109/067/SRR10992167/SRR10992167_1.fastq.gz	https://ftp.sra.ebi.ac.uk/vol1/fastq/SRR109/067/SRR10992167/SRR10992167_2.fastq.gz
SRR10992168	PAIRED	https://ftp.sra.ebi.ac.uk/vol1/fastq/SRR109/068/SRR10992168/SRR10992168_1.fastq.gz	https://ftp.sra.ebi.ac.uk/vol1/fastq/SRR109/068/SRR10992168/SRR10992168_2.fastq.gz
SRR10992185	PAIRED	https://ftp.sra.ebi.ac.uk/vol1/fastq/SRR109/085/SRR10992185/SRR10992185_1.fastq.gz	https://ftp.sra.ebi.ac.uk/vol1/fastq/SRR109/085/SRR10992185/SRR10992185_2.fastq.gz
SRR10992190	PAIRED	https://ftp.sra.ebi.ac.uk/vol1/fastq/SRR109/090/SRR10992190/SRR10992190_1.fastq.gz	https://ftp.sra.ebi.ac.uk/vol1/fastq/SRR109/090/SRR10992190/SRR10992190_2.fastq.gz
SRR11046436	PAIRED	https://ftp.sra.ebi.ac.uk/vol1/fastq/SRR110/036/SRR11046436/SRR11046436_1.fastq.gz	https://ftp.sra.ebi.ac.uk/vol1/fastq/SRR110/036/SRR11046436/SRR11046436_2.fastq.gz
SRR11046448	PAIRED	https://ftp.sra.ebi.ac.uk/vol1/fastq/SRR110/048/SRR11046448/SRR11046448_1.fastq.gz	https://ftp.sra.ebi.ac.uk/vol1/fastq/SRR110/048/SRR11046448/SRR11046448_2.fastq.gz
SRR11046528	PAIRED	https://ftp.sra.ebi.ac.uk/vol1/fastq/SRR110/028/SRR11046528/SRR11046528_1.fastq.gz	https://ftp.sra.ebi.ac.uk/vol1/fastq/SRR110/028/SRR11046528/SRR11046528_2.fastq.gz
SRR11046567	PAIRED	https://ftp.sra.ebi.ac.uk/vol1/fastq/SRR110/067/SRR11046567/SRR11046567_1.fastq.gz	https://ftp.sra.ebi.ac.uk/vol1/fastq/SRR110/067/SRR11046567/SRR11046567_2.fastq.gz
SRR11046602	PAIRED	https://ftp.sra.ebi.ac.uk/vol1/fastq/SRR110/002/SRR11046602/SRR11046602_1.fastq.gz	https://ftp.sra.ebi.ac.uk/vol1/fastq/SRR110/002/SRR11046602/SRR11046602_2.fastq.gz
SRR11046659	PAIRED	https://ftp.sra.ebi.ac.uk/vol1/fastq/SRR110/059/SRR11046659/SRR11046659_1.fastq.gz	https://ftp.sra.ebi.ac.uk/vol1/fastq/SRR110/059/SRR11046659/SRR11046659_2.fastq.gz
SRR11046722	PAIRED	https://ftp.sra.ebi.ac.uk/vol1/fastq/SRR110/022/SRR11046722/SRR11046722_1.fastq.gz	https://ftp.sra.ebi.ac.uk/vol1/fastq/SRR110/022/SRR11046722/SRR11046722_2.fastq.gz
SRR11094193	PAIRED	https://ftp.sra.ebi.ac.uk/vol1/fastq/SRR110/093/SRR11094193/SRR11094193_1.fastq.gz	https://ftp.sra.ebi.ac.uk/vol1/fastq/SRR110/093/SRR11094193/SRR11094193_2.fastq.gz
SRR11094200	PAIRED	https://ftp.sra.ebi.ac.uk/vol1/fastq/SRR110/000/SRR11094200/SRR11094200_1.fastq.gz	https://ftp.sra.ebi.ac.uk/vol1/fastq/SRR110/000/SRR11094200/SRR11094200_2.fastq.gz
SRR11267920	PAIRED	https://ftp.sra.ebi.ac.uk/vol1/fastq/SRR112/020/SRR11267920/SRR11267920_1.fastq.gz	https://ftp.sra.ebi.ac.uk/vol1/fastq/SRR112/020/SRR11267920/SRR11267920_2.fastq.gz
SRR11267921	PAIRED	https://ftp.sra.ebi.ac.uk/vol1/fastq/SRR112/021/SRR11267921/SRR11267921_1.fastq.gz	https://ftp.sra.ebi.ac.uk/vol1/fastq/SRR112/021/SRR11267921/SRR11267921_2.fastq.gz
SRR11267940	PAIRED	https://ftp.sra.ebi.ac.uk/vol1/fastq/SRR112/040/SRR11267940/SRR11267940_1.fastq.gz	https://ftp.sra.ebi.ac.uk/vol1/fastq/SRR112/040/SRR11267940/SRR11267940_2.fastq.gz
SRR11267941	PAIRED	https://ftp.sra.ebi.ac.uk/vol1/fastq/SRR112/041/SRR11267941/SRR11267941_1.fastq.gz	https://ftp.sra.ebi.ac.uk/vol1/fastq/SRR112/041/SRR11267941/SRR11267941_2.fastq.gz
SRR11281510	PAIRED	https://ftp.sra.ebi.ac.uk/vol1/fastq/SRR112/010/SRR11281510/SRR11281510_1.fastq.gz	https://ftp.sra.ebi.ac.uk/vol1/fastq/SRR112/010/SRR11281510/SRR11281510_2.fastq.gz
SRR11362718	PAIRED	https://ftp.sra.ebi.ac.uk/vol1/fastq/SRR113/018/SRR11362718/SRR11362718_1.fastq.gz	https://ftp.sra.ebi.ac.uk/vol1/fastq/SRR113/018/SRR11362718/SRR11362718_2.fastq.gz
SRR11402685	PAIRED	https://ftp.sra.ebi.ac.uk/vol1/fastq/SRR114/085/SRR11402685/SRR11402685_1.fastq.gz	https://ftp.sra.ebi.ac.uk/vol1/fastq/SRR114/085/SRR11402685/SRR11402685_2.fastq.gz
SRR11455642	PAIRED	https://ftp.sra.ebi.ac.uk/vol1/fastq/SRR114/042/SRR11455642/SRR11455642_1.fastq.gz	https://ftp.sra.ebi.ac.uk/vol1/fastq/SRR114/042/SRR11455642/SRR11455642_2.fastq.gz
SRR11476415	PAIRED	https://ftp.sra.ebi.ac.uk/vol1/fastq/SRR114/015/SRR11476415/SRR11476415_1.fastq.gz	https://ftp.sra.ebi.ac.uk/vol1/fastq/SRR114/015/SRR11476415/SRR11476415_2.fastq.gz
SRR11585075	PAIRED	https://ftp.sra.ebi.ac.uk/vol1/fastq/SRR115/075/SRR11585075/SRR11585075_1.fastq.gz	https://ftp.sra.ebi.ac.uk/vol1/fastq/SRR115/075/SRR11585075/SRR11585075_2.fastq.gz
SRR11585078	PAIRED	https://ftp.sra.ebi.ac.uk/vol1/fastq/SRR115/078/SRR11585078/SRR11585078_1.fastq.gz	https://ftp.sra.ebi.ac.uk/vol1/fastq/SRR115/078/SRR11585078/SRR11585078_2.fastq.gz
SRR11585079	PAIRED	https://ftp.sra.ebi.ac.uk/vol1/fastq/SRR115/079/SRR11585079/SRR11585079_1.fastq.gz	https://ftp.sra.ebi.ac.uk/vol1/fastq/SRR115/079/SRR11585079/SRR11585079_2.fastq.gz
SRR11585114	PAIRED	https://ftp.sra.ebi.ac.uk/vol1/fastq/SRR115/014/SRR11585114/SRR11585114_1.fastq.gz	https://ftp.sra.ebi.ac.uk/vol1/fastq/SRR115/014/SRR11585114/SRR11585114_2.fastq.gz
SRR11585161	PAIRED	https://ftp.sra.ebi.ac.uk/vol1/fastq/SRR115/061/SRR11585161/SRR11585161_1.fastq.gz	https://ftp.sra.ebi.ac.uk/vol1/fastq/SRR115/061/SRR11585161/SRR11585161_2.fastq.gz
SRR11585192	PAIRED	https://ftp.sra.ebi.ac.uk/vol1/fastq/SRR115/092/SRR11585192/SRR11585192_1.fastq.gz	https://ftp.sra.ebi.ac.uk/vol1/fastq/SRR115/092/SRR11585192/SRR11585192_2.fastq.gz
SRR11622455	PAIRED	https://ftp.sra.ebi.ac.uk/vol1/fastq/SRR116/055/SRR11622455/SRR11622455_1.fastq.gz	https://ftp.sra.ebi.ac.uk/vol1/fastq/SRR116/055/SRR11622455/SRR11622455_2.fastq.gz
SRR11622466	PAIRED	https://ftp.sra.ebi.ac.uk/vol1/fastq/SRR116/066/SRR11622466/SRR11622466_1.fastq.gz	https://ftp.sra.ebi.ac.uk/vol1/fastq/SRR116/066/SRR11622466/SRR11622466_2.fastq.gz
SRR11622468	PAIRED	https://ftp.sra.ebi.ac.uk/vol1/fastq/SRR116/068/SRR11622468/SRR11622468_1.fastq.gz	https://ftp.sra.ebi.ac.uk/vol1/fastq/SRR116/068/SRR11622468/SRR11622468_2.fastq.gz
SRR11622475	PAIRED	https://ftp.sra.ebi.ac.uk/vol1/fastq/SRR116/075/SRR11622475/SRR11622475_1.fastq.gz	https://ftp.sra.ebi.ac.uk/vol1/fastq/SRR116/075/SRR11622475/SRR11622475_2.fastq.gz
SRR11622504	PAIRED	https://ftp.sra.ebi.ac.uk/vol1/fastq/SRR116/004/SRR11622504/SRR11622504_1.fastq.gz	https://ftp.sra.ebi.ac.uk/vol1/fastq/SRR116/004/SRR11622504/SRR11622504_2.fastq.gz
SRR11622506	PAIRED	https://ftp.sra.ebi.ac.uk/vol1/fastq/SRR116/006/SRR11622506/SRR11622506_1.fastq.gz	https://ftp.sra.ebi.ac.uk/vol1/fastq/SRR116/006/SRR11622506/SRR11622506_2.fastq.gz
SRR11622524	PAIRED	https://ftp.sra.ebi.ac.uk/vol1/fastq/SRR116/024/SRR11622524/SRR11622524_1.fastq.gz	https://ftp.sra.ebi.ac.uk/vol1/fastq/SRR116/024/SRR11622524/SRR11622524_2.fastq.gz
SRR11622526	PAIRED	https://ftp.sra.ebi.ac.uk/vol1/fastq/SRR116/026/SRR11622526/SRR11622526_1.fastq.gz	https://ftp.sra.ebi.ac.uk/vol1/fastq/SRR116/026/SRR11622526/SRR11622526_2.fastq.gz
SRR11622551	PAIRED	https://ftp.sra.ebi.ac.uk/vol1/fastq/SRR116/051/SRR11622551/SRR11622551_1.fastq.gz	https://ftp.sra.ebi.ac.uk/vol1/fastq/SRR116/051/SRR11622551/SRR11622551_2.fastq.gz
SRR11622553	PAIRED	https://ftp.sra.ebi.ac.uk/vol1/fastq/SRR116/053/SRR11622553/SRR11622553_1.fastq.gz	https://ftp.sra.ebi.ac.uk/vol1/fastq/SRR116/053/SRR11622553/SRR11622553_2.fastq.gz
SRR11622596	PAIRED	https://ftp.sra.ebi.ac.uk/vol1/fastq/SRR116/096/SRR11622596/SRR11622596_1.fastq.gz	https://ftp.sra.ebi.ac.uk/vol1/fastq/SRR116/096/SRR11622596/SRR11622596_2.fastq.gz
SRR11622599	PAIRED	https://ftp.sra.ebi.ac.uk/vol1/fastq/SRR116/099/SRR11622599/SRR11622599_1.fastq.gz	https://ftp.sra.ebi.ac.uk/vol1/fastq/SRR116/099/SRR11622599/SRR11622599_2.fastq.gz
SRR11622603	PAIRED	https://ftp.sra.ebi.ac.uk/vol1/fastq/SRR116/003/SRR11622603/SRR11622603_1.fastq.gz	https://ftp.sra.ebi.ac.uk/vol1/fastq/SRR116/003/SRR11622603/SRR11622603_2.fastq.gz
SRR11700214	PAIRED	https://ftp.sra.ebi.ac.uk/vol1/fastq/SRR117/014/SRR11700214/SRR11700214_1.fastq.gz	https://ftp.sra.ebi.ac.uk/vol1/fastq/SRR117/014/SRR11700214/SRR11700214_2.fastq.gz
SRR11725275	PAIRED	https://ftp.sra.ebi.ac.uk/vol1/fastq/SRR117/075/SRR11725275/SRR11725275_1.fastq.gz	https://ftp.sra.ebi.ac.uk/vol1/fastq/SRR117/075/SRR11725275/SRR11725275_2.fastq.gz
SRR11725279	PAIRED	https://ftp.sra.ebi.ac.uk/vol1/fastq/SRR117/079/SRR11725279/SRR11725279_1.fastq.gz	https://ftp.sra.ebi.ac.uk/vol1/fastq/SRR117/079/SRR11725279/SRR11725279_2.fastq.gz
SRR11746260	PAIRED	https://ftp.sra.ebi.ac.uk/vol1/fastq/SRR117/060/SRR11746260/SRR11746260_1.fastq.gz	https://ftp.sra.ebi.ac.uk/vol1/fastq/SRR117/060/SRR11746260/SRR11746260_2.fastq.gz
SRR11780123	PAIRED	https://ftp.sra.ebi.ac.uk/vol1/fastq/SRR117/023/SRR11780123/SRR11780123_1.fastq.gz	https://ftp.sra.ebi.ac.uk/vol1/fastq/SRR117/023/SRR11780123/SRR11780123_2.fastq.gz
SRR11816110	PAIRED	https://ftp.sra.ebi.ac.uk/vol1/fastq/SRR118/010/SRR11816110/SRR11816110_1.fastq.gz	https://ftp.sra.ebi.ac.uk/vol1/fastq/SRR118/010/SRR11816110/SRR11816110_2.fastq.gz
SRR11816111	PAIRED	https://ftp.sra.ebi.ac.uk/vol1/fastq/SRR118/011/SRR11816111/SRR11816111_1.fastq.gz	https://ftp.sra.ebi.ac.uk/vol1/fastq/SRR118/011/SRR11816111/SRR11816111_2.fastq.gz
SRR11816123	PAIRED	https://ftp.sra.ebi.ac.uk/vol1/fastq/SRR118/023/SRR11816123/SRR11816123_1.fastq.gz	https://ftp.sra.ebi.ac.uk/vol1/fastq/SRR118/023/SRR11816123/SRR11816123_2.fastq.gz
SRR11816127	PAIRED	https://ftp.sra.ebi.ac.uk/vol1/fastq/SRR118/027/SRR11816127/SRR11816127_1.fastq.gz	https://ftp.sra.ebi.ac.uk/vol1/fastq/SRR118/027/SRR11816127/SRR11816127_2.fastq.gz
SRR11816128	PAIRED	https://ftp.sra.ebi.ac.uk/vol1/fastq/SRR118/028/SRR11816128/SRR11816128_1.fastq.gz	https://ftp.sra.ebi.ac.uk/vol1/fastq/SRR118/028/SRR11816128/SRR11816128_2.fastq.gz
SRR11816138	PAIRED	https://ftp.sra.ebi.ac.uk/vol1/fastq/SRR118/038/SRR11816138/SRR11816138_1.fastq.gz	https://ftp.sra.ebi.ac.uk/vol1/fastq/SRR118/038/SRR11816138/SRR11816138_2.fastq.gz
SRR11816149	PAIRED	https://ftp.sra.ebi.ac.uk/vol1/fastq/SRR118/049/SRR11816149/SRR11816149_1.fastq.gz	https://ftp.sra.ebi.ac.uk/vol1/fastq/SRR118/049/SRR11816149/SRR11816149_2.fastq.gz
SRR11816152	PAIRED	https://ftp.sra.ebi.ac.uk/vol1/fastq/SRR118/052/SRR11816152/SRR11816152_1.fastq.gz	https://ftp.sra.ebi.ac.uk/vol1/fastq/SRR118/052/SRR11816152/SRR11816152_2.fastq.gz
SRR11816162	PAIRED	https://ftp.sra.ebi.ac.uk/vol1/fastq/SRR118/062/SRR11816162/SRR11816162_1.fastq.gz	https://ftp.sra.ebi.ac.uk/vol1/fastq/SRR118/062/SRR11816162/SRR11816162_2.fastq.gz
SRR11816168	PAIRED	https://ftp.sra.ebi.ac.uk/vol1/fastq/SRR118/068/SRR11816168/SRR11816168_1.fastq.gz	https://ftp.sra.ebi.ac.uk/vol1/fastq/SRR118/068/SRR11816168/SRR11816168_2.fastq.gz
SRR11816184	PAIRED	https://ftp.sra.ebi.ac.uk/vol1/fastq/SRR118/084/SRR11816184/SRR11816184_1.fastq.gz	https://ftp.sra.ebi.ac.uk/vol1/fastq/SRR118/084/SRR11816184/SRR11816184_2.fastq.gz
SRR11819282	PAIRED	https://ftp.sra.ebi.ac.uk/vol1/fastq/SRR118/082/SRR11819282/SRR11819282_1.fastq.gz	https://ftp.sra.ebi.ac.uk/vol1/fastq/SRR118/082/SRR11819282/SRR11819282_2.fastq.gz
SRR11819293	PAIRED	https://ftp.sra.ebi.ac.uk/vol1/fastq/SRR118/093/SRR11819293/SRR11819293_1.fastq.gz	https://ftp.sra.ebi.ac.uk/vol1/fastq/SRR118/093/SRR11819293/SRR11819293_2.fastq.gz
SRR11819295	PAIRED	https://ftp.sra.ebi.ac.uk/vol1/fastq/SRR118/095/SRR11819295/SRR11819295_1.fastq.gz	https://ftp.sra.ebi.ac.uk/vol1/fastq/SRR118/095/SRR11819295/SRR11819295_2.fastq.gz
SRR11819316	PAIRED	https://ftp.sra.ebi.ac.uk/vol1/fastq/SRR118/016/SRR11819316/SRR11819316_1.fastq.gz	https://ftp.sra.ebi.ac.uk/vol1/fastq/SRR118/016/SRR11819316/SRR11819316_2.fastq.gz
SRR11819326	PAIRED	https://ftp.sra.ebi.ac.uk/vol1/fastq/SRR118/026/SRR11819326/SRR11819326_1.fastq.gz	https://ftp.sra.ebi.ac.uk/vol1/fastq/SRR118/026/SRR11819326/SRR11819326_2.fastq.gz
SRR11819334	PAIRED	https://ftp.sra.ebi.ac.uk/vol1/fastq/SRR118/034/SRR11819334/SRR11819334_1.fastq.gz	https://ftp.sra.ebi.ac.uk/vol1/fastq/SRR118/034/SRR11819334/SRR11819334_2.fastq.gz
SRR11819337	PAIRED	https://ftp.sra.ebi.ac.uk/vol1/fastq/SRR118/037/SRR11819337/SRR11819337_1.fastq.gz	https://ftp.sra.ebi.ac.uk/vol1/fastq/SRR118/037/SRR11819337/SRR11819337_2.fastq.gz
SRR11819393	PAIRED	https://ftp.sra.ebi.ac.uk/vol1/fastq/SRR118/093/SRR11819393/SRR11819393_1.fastq.gz	https://ftp.sra.ebi.ac.uk/vol1/fastq/SRR118/093/SRR11819393/SRR11819393_2.fastq.gz
SRR11819394	PAIRED	https://ftp.sra.ebi.ac.uk/vol1/fastq/SRR118/094/SRR11819394/SRR11819394_1.fastq.gz	https://ftp.sra.ebi.ac.uk/vol1/fastq/SRR118/094/SRR11819394/SRR11819394_2.fastq.gz
SRR11819416	PAIRED	https://ftp.sra.ebi.ac.uk/vol1/fastq/SRR118/016/SRR11819416/SRR11819416_1.fastq.gz	https://ftp.sra.ebi.ac.uk/vol1/fastq/SRR118/016/SRR11819416/SRR11819416_2.fastq.gz
SRR11819425	PAIRED	https://ftp.sra.ebi.ac.uk/vol1/fastq/SRR118/025/SRR11819425/SRR11819425_1.fastq.gz	https://ftp.sra.ebi.ac.uk/vol1/fastq/SRR118/025/SRR11819425/SRR11819425_2.fastq.gz
SRR11841810	PAIRED	https://ftp.sra.ebi.ac.uk/vol1/fastq/SRR118/010/SRR11841810/SRR11841810_1.fastq.gz	https://ftp.sra.ebi.ac.uk/vol1/fastq/SRR118/010/SRR11841810/SRR11841810_2.fastq.gz
SRR11841826	PAIRED	https://ftp.sra.ebi.ac.uk/vol1/fastq/SRR118/026/SRR11841826/SRR11841826_1.fastq.gz	https://ftp.sra.ebi.ac.uk/vol1/fastq/SRR118/026/SRR11841826/SRR11841826_2.fastq.gz
SRR11841837	PAIRED	https://ftp.sra.ebi.ac.uk/vol1/fastq/SRR118/037/SRR11841837/SRR11841837_1.fastq.gz	https://ftp.sra.ebi.ac.uk/vol1/fastq/SRR118/037/SRR11841837/SRR11841837_2.fastq.gz
SRR11841839	PAIRED	https://ftp.sra.ebi.ac.uk/vol1/fastq/SRR118/039/SRR11841839/SRR11841839_1.fastq.gz	https://ftp.sra.ebi.ac.uk/vol1/fastq/SRR118/039/SRR11841839/SRR11841839_2.fastq.gz
SRR11841853	PAIRED	https://ftp.sra.ebi.ac.uk/vol1/fastq/SRR118/053/SRR11841853/SRR11841853_1.fastq.gz	https://ftp.sra.ebi.ac.uk/vol1/fastq/SRR118/053/SRR11841853/SRR11841853_2.fastq.gz
SRR11841860	PAIRED	https://ftp.sra.ebi.ac.uk/vol1/fastq/SRR118/060/SRR11841860/SRR11841860_1.fastq.gz	https://ftp.sra.ebi.ac.uk/vol1/fastq/SRR118/060/SRR11841860/SRR11841860_2.fastq.gz
SRR11841862	PAIRED	https://ftp.sra.ebi.ac.uk/vol1/fastq/SRR118/062/SRR11841862/SRR11841862_1.fastq.gz	https://ftp.sra.ebi.ac.uk/vol1/fastq/SRR118/062/SRR11841862/SRR11841862_2.fastq.gz
SRR11841866	PAIRED	https://ftp.sra.ebi.ac.uk/vol1/fastq/SRR118/066/SRR11841866/SRR11841866_1.fastq.gz	https://ftp.sra.ebi.ac.uk/vol1/fastq/SRR118/066/SRR11841866/SRR11841866_2.fastq.gz
SRR11841870	PAIRED	https://ftp.sra.ebi.ac.uk/vol1/fastq/SRR118/070/SRR11841870/SRR11841870_1.fastq.gz	https://ftp.sra.ebi.ac.uk/vol1/fastq/SRR118/070/SRR11841870/SRR11841870_2.fastq.gz
SRR11841894	PAIRED	https://ftp.sra.ebi.ac.uk/vol1/fastq/SRR118/094/SRR11841894/SRR11841894_1.fastq.gz	https://ftp.sra.ebi.ac.uk/vol1/fastq/SRR118/094/SRR11841894/SRR11841894_2.fastq.gz
SRR11841896	PAIRED	https://ftp.sra.ebi.ac.uk/vol1/fastq/SRR118/096/SRR11841896/SRR11841896_1.fastq.gz	https://ftp.sra.ebi.ac.uk/vol1/fastq/SRR118/096/SRR11841896/SRR11841896_2.fastq.gz
SRR11907332	PAIRED	https://ftp.sra.ebi.ac.uk/vol1/fastq/SRR119/032/SRR11907332/SRR11907332_1.fastq.gz	https://ftp.sra.ebi.ac.uk/vol1/fastq/SRR119/032/SRR11907332/SRR11907332_2.fastq.gz
SRR11948674	PAIRED	https://ftp.sra.ebi.ac.uk/vol1/fastq/SRR119/074/SRR11948674/SRR11948674_1.fastq.gz	https://ftp.sra.ebi.ac.uk/vol1/fastq/SRR119/074/SRR11948674/SRR11948674_2.fastq.gz
SRR11992851	PAIRED	https://ftp.sra.ebi.ac.uk/vol1/fastq/SRR119/051/SRR11992851/SRR11992851_1.fastq.gz	https://ftp.sra.ebi.ac.uk/vol1/fastq/SRR119/051/SRR11992851/SRR11992851_2.fastq.gz
SRR11992862	PAIRED	https://ftp.sra.ebi.ac.uk/vol1/fastq/SRR119/062/SRR11992862/SRR11992862_1.fastq.gz	https://ftp.sra.ebi.ac.uk/vol1/fastq/SRR119/062/SRR11992862/SRR11992862_2.fastq.gz
SRR11992896	PAIRED	https://ftp.sra.ebi.ac.uk/vol1/fastq/SRR119/096/SRR11992896/SRR11992896_1.fastq.gz	https://ftp.sra.ebi.ac.uk/vol1/fastq/SRR119/096/SRR11992896/SRR11992896_2.fastq.gz
SRR11992897	PAIRED	https://ftp.sra.ebi.ac.uk/vol1/fastq/SRR119/097/SRR11992897/SRR11992897_1.fastq.gz	https://ftp.sra.ebi.ac.uk/vol1/fastq/SRR119/097/SRR11992897/SRR11992897_2.fastq.gz
SRR11992912	PAIRED	https://ftp.sra.ebi.ac.uk/vol1/fastq/SRR119/012/SRR11992912/SRR11992912_1.fastq.gz	https://ftp.sra.ebi.ac.uk/vol1/fastq/SRR119/012/SRR11992912/SRR11992912_2.fastq.gz
SRR11992926	PAIRED	https://ftp.sra.ebi.ac.uk/vol1/fastq/SRR119/026/SRR11992926/SRR11992926_1.fastq.gz	https://ftp.sra.ebi.ac.uk/vol1/fastq/SRR119/026/SRR11992926/SRR11992926_2.fastq.gz
SRR11992952	PAIRED	https://ftp.sra.ebi.ac.uk/vol1/fastq/SRR119/052/SRR11992952/SRR11992952_1.fastq.gz	https://ftp.sra.ebi.ac.uk/vol1/fastq/SRR119/052/SRR11992952/SRR11992952_2.fastq.gz
SRR11992973	PAIRED	https://ftp.sra.ebi.ac.uk/vol1/fastq/SRR119/073/SRR11992973/SRR11992973_1.fastq.gz	https://ftp.sra.ebi.ac.uk/vol1/fastq/SRR119/073/SRR11992973/SRR11992973_2.fastq.gz
SRR11992978	PAIRED	https://ftp.sra.ebi.ac.uk/vol1/fastq/SRR119/078/SRR11992978/SRR11992978_1.fastq.gz	https://ftp.sra.ebi.ac.uk/vol1/fastq/SRR119/078/SRR11992978/SRR11992978_2.fastq.gz
SRR11992997	PAIRED	https://ftp.sra.ebi.ac.uk/vol1/fastq/SRR119/097/SRR11992997/SRR11992997_1.fastq.gz	https://ftp.sra.ebi.ac.uk/vol1/fastq/SRR119/097/SRR11992997/SRR11992997_2.fastq.gz
SRR11993012	PAIRED	https://ftp.sra.ebi.ac.uk/vol1/fastq/SRR119/012/SRR11993012/SRR11993012_1.fastq.gz	https://ftp.sra.ebi.ac.uk/vol1/fastq/SRR119/012/SRR11993012/SRR11993012_2.fastq.gz
SRR11993023	PAIRED	https://ftp.sra.ebi.ac.uk/vol1/fastq/SRR119/023/SRR11993023/SRR11993023_1.fastq.gz	https://ftp.sra.ebi.ac.uk/vol1/fastq/SRR119/023/SRR11993023/SRR11993023_2.fastq.gz
SRR11993053	PAIRED	https://ftp.sra.ebi.ac.uk/vol1/fastq/SRR119/053/SRR11993053/SRR11993053_1.fastq.gz	https://ftp.sra.ebi.ac.uk/vol1/fastq/SRR119/053/SRR11993053/SRR11993053_2.fastq.gz
SRR11993062	PAIRED	https://ftp.sra.ebi.ac.uk/vol1/fastq/SRR119/062/SRR11993062/SRR11993062_1.fastq.gz	https://ftp.sra.ebi.ac.uk/vol1/fastq/SRR119/062/SRR11993062/SRR11993062_2.fastq.gz
SRR11993063	PAIRED	https://ftp.sra.ebi.ac.uk/vol1/fastq/SRR119/063/SRR11993063/SRR11993063_1.fastq.gz	https://ftp.sra.ebi.ac.uk/vol1/fastq/SRR119/063/SRR11993063/SRR11993063_2.fastq.gz
SRR11993064	PAIRED	https://ftp.sra.ebi.ac.uk/vol1/fastq/SRR119/064/SRR11993064/SRR11993064_1.fastq.gz	https://ftp.sra.ebi.ac.uk/vol1/fastq/SRR119/064/SRR11993064/SRR11993064_2.fastq.gz
SRR12056270	PAIRED	https://ftp.sra.ebi.ac.uk/vol1/fastq/SRR120/070/SRR12056270/SRR12056270_1.fastq.gz	https://ftp.sra.ebi.ac.uk/vol1/fastq/SRR120/070/SRR12056270/SRR12056270_2.fastq.gz
SRR12071762	PAIRED	https://ftp.sra.ebi.ac.uk/vol1/fastq/SRR120/062/SRR12071762/SRR12071762_1.fastq.gz	https://ftp.sra.ebi.ac.uk/vol1/fastq/SRR120/062/SRR12071762/SRR12071762_2.fastq.gz
SRR12071771	PAIRED	https://ftp.sra.ebi.ac.uk/vol1/fastq/SRR120/071/SRR12071771/SRR12071771_1.fastq.gz	https://ftp.sra.ebi.ac.uk/vol1/fastq/SRR120/071/SRR12071771/SRR12071771_2.fastq.gz
SRR12071773	PAIRED	https://ftp.sra.ebi.ac.uk/vol1/fastq/SRR120/073/SRR12071773/SRR12071773_1.fastq.gz	https://ftp.sra.ebi.ac.uk/vol1/fastq/SRR120/073/SRR12071773/SRR12071773_2.fastq.gz
SRR12071777	PAIRED	https://ftp.sra.ebi.ac.uk/vol1/fastq/SRR120/077/SRR12071777/SRR12071777_1.fastq.gz	https://ftp.sra.ebi.ac.uk/vol1/fastq/SRR120/077/SRR12071777/SRR12071777_2.fastq.gz
SRR12072641	PAIRED	https://ftp.sra.ebi.ac.uk/vol1/fastq/SRR120/041/SRR12072641/SRR12072641_1.fastq.gz	https://ftp.sra.ebi.ac.uk/vol1/fastq/SRR120/041/SRR12072641/SRR12072641_2.fastq.gz
SRR12149865	PAIRED	https://ftp.sra.ebi.ac.uk/vol1/fastq/SRR121/065/SRR12149865/SRR12149865_1.fastq.gz	https://ftp.sra.ebi.ac.uk/vol1/fastq/SRR121/065/SRR12149865/SRR12149865_2.fastq.gz
SRR12204420	PAIRED	https://ftp.sra.ebi.ac.uk/vol1/fastq/SRR122/020/SRR12204420/SRR12204420_1.fastq.gz	https://ftp.sra.ebi.ac.uk/vol1/fastq/SRR122/020/SRR12204420/SRR12204420_2.fastq.gz
SRR12233387	PAIRED	https://ftp.sra.ebi.ac.uk/vol1/fastq/SRR122/087/SRR12233387/SRR12233387_1.fastq.gz	https://ftp.sra.ebi.ac.uk/vol1/fastq/SRR122/087/SRR12233387/SRR12233387_2.fastq.gz
SRR12233458	PAIRED	https://ftp.sra.ebi.ac.uk/vol1/fastq/SRR122/058/SRR12233458/SRR12233458_1.fastq.gz	https://ftp.sra.ebi.ac.uk/vol1/fastq/SRR122/058/SRR12233458/SRR12233458_2.fastq.gz
SRR12233477	PAIRED	https://ftp.sra.ebi.ac.uk/vol1/fastq/SRR122/077/SRR12233477/SRR12233477_1.fastq.gz	https://ftp.sra.ebi.ac.uk/vol1/fastq/SRR122/077/SRR12233477/SRR12233477_2.fastq.gz
SRR12233510	PAIRED	https://ftp.sra.ebi.ac.uk/vol1/fastq/SRR122/010/SRR12233510/SRR12233510_1.fastq.gz	https://ftp.sra.ebi.ac.uk/vol1/fastq/SRR122/010/SRR12233510/SRR12233510_2.fastq.gz
SRR12233546	PAIRED	https://ftp.sra.ebi.ac.uk/vol1/fastq/SRR122/046/SRR12233546/SRR12233546_1.fastq.gz	https://ftp.sra.ebi.ac.uk/vol1/fastq/SRR122/046/SRR12233546/SRR12233546_2.fastq.gz
SRR12233556	PAIRED	https://ftp.sra.ebi.ac.uk/vol1/fastq/SRR122/056/SRR12233556/SRR12233556_1.fastq.gz	https://ftp.sra.ebi.ac.uk/vol1/fastq/SRR122/056/SRR12233556/SRR12233556_2.fastq.gz
SRR12233557	PAIRED	https://ftp.sra.ebi.ac.uk/vol1/fastq/SRR122/057/SRR12233557/SRR12233557_1.fastq.gz	https://ftp.sra.ebi.ac.uk/vol1/fastq/SRR122/057/SRR12233557/SRR12233557_2.fastq.gz
SRR12233558	PAIRED	https://ftp.sra.ebi.ac.uk/vol1/fastq/SRR122/058/SRR12233558/SRR12233558_1.fastq.gz	https://ftp.sra.ebi.ac.uk/vol1/fastq/SRR122/058/SRR12233558/SRR12233558_2.fastq.gz
SRR12233576	PAIRED	https://ftp.sra.ebi.ac.uk/vol1/fastq/SRR122/076/SRR12233576/SRR12233576_1.fastq.gz	https://ftp.sra.ebi.ac.uk/vol1/fastq/SRR122/076/SRR12233576/SRR12233576_2.fastq.gz
SRR12233580	PAIRED	https://ftp.sra.ebi.ac.uk/vol1/fastq/SRR122/080/SRR12233580/SRR12233580_1.fastq.gz	https://ftp.sra.ebi.ac.uk/vol1/fastq/SRR122/080/SRR12233580/SRR12233580_2.fastq.gz
SRR12233583	PAIRED	https://ftp.sra.ebi.ac.uk/vol1/fastq/SRR122/083/SRR12233583/SRR12233583_1.fastq.gz	https://ftp.sra.ebi.ac.uk/vol1/fastq/SRR122/083/SRR12233583/SRR12233583_2.fastq.gz
SRR12233594	PAIRED	https://ftp.sra.ebi.ac.uk/vol1/fastq/SRR122/094/SRR12233594/SRR12233594_1.fastq.gz	https://ftp.sra.ebi.ac.uk/vol1/fastq/SRR122/094/SRR12233594/SRR12233594_2.fastq.gz
SRR12267772	PAIRED	https://ftp.sra.ebi.ac.uk/vol1/fastq/SRR122/072/SRR12267772/SRR12267772_1.fastq.gz	https://ftp.sra.ebi.ac.uk/vol1/fastq/SRR122/072/SRR12267772/SRR12267772_2.fastq.gz
SRR12267791	PAIRED	https://ftp.sra.ebi.ac.uk/vol1/fastq/SRR122/091/SRR12267791/SRR12267791_1.fastq.gz	https://ftp.sra.ebi.ac.uk/vol1/fastq/SRR122/091/SRR12267791/SRR12267791_2.fastq.gz
SRR12267792	PAIRED	https://ftp.sra.ebi.ac.uk/vol1/fastq/SRR122/092/SRR12267792/SRR12267792_1.fastq.gz	https://ftp.sra.ebi.ac.uk/vol1/fastq/SRR122/092/SRR12267792/SRR12267792_2.fastq.gz
SRR12267798	PAIRED	https://ftp.sra.ebi.ac.uk/vol1/fastq/SRR122/098/SRR12267798/SRR12267798_1.fastq.gz	https://ftp.sra.ebi.ac.uk/vol1/fastq/SRR122/098/SRR12267798/SRR12267798_2.fastq.gz
SRR12329568	PAIRED	https://ftp.sra.ebi.ac.uk/vol1/fastq/SRR123/068/SRR12329568/SRR12329568_1.fastq.gz	https://ftp.sra.ebi.ac.uk/vol1/fastq/SRR123/068/SRR12329568/SRR12329568_2.fastq.gz
SRR12352145	PAIRED	https://ftp.sra.ebi.ac.uk/vol1/fastq/SRR123/045/SRR12352145/SRR12352145_1.fastq.gz	https://ftp.sra.ebi.ac.uk/vol1/fastq/SRR123/045/SRR12352145/SRR12352145_2.fastq.gz
SRR12462374	PAIRED	https://ftp.sra.ebi.ac.uk/vol1/fastq/SRR124/074/SRR12462374/SRR12462374_1.fastq.gz	https://ftp.sra.ebi.ac.uk/vol1/fastq/SRR124/074/SRR12462374/SRR12462374_2.fastq.gz
SRR12508583	PAIRED	https://ftp.sra.ebi.ac.uk/vol1/fastq/SRR125/083/SRR12508583/SRR12508583_1.fastq.gz	https://ftp.sra.ebi.ac.uk/vol1/fastq/SRR125/083/SRR12508583/SRR12508583_2.fastq.gz
SRR12508644	PAIRED	https://ftp.sra.ebi.ac.uk/vol1/fastq/SRR125/044/SRR12508644/SRR12508644_1.fastq.gz	https://ftp.sra.ebi.ac.uk/vol1/fastq/SRR125/044/SRR12508644/SRR12508644_2.fastq.gz
SRR12508858	PAIRED	https://ftp.sra.ebi.ac.uk/vol1/fastq/SRR125/058/SRR12508858/SRR12508858_1.fastq.gz	https://ftp.sra.ebi.ac.uk/vol1/fastq/SRR125/058/SRR12508858/SRR12508858_2.fastq.gz
SRR12508886	PAIRED	https://ftp.sra.ebi.ac.uk/vol1/fastq/SRR125/086/SRR12508886/SRR12508886_1.fastq.gz	https://ftp.sra.ebi.ac.uk/vol1/fastq/SRR125/086/SRR12508886/SRR12508886_2.fastq.gz
SRR12508910	PAIRED	https://ftp.sra.ebi.ac.uk/vol1/fastq/SRR125/010/SRR12508910/SRR12508910_1.fastq.gz	https://ftp.sra.ebi.ac.uk/vol1/fastq/SRR125/010/SRR12508910/SRR12508910_2.fastq.gz
SRR12508938	PAIRED	https://ftp.sra.ebi.ac.uk/vol1/fastq/SRR125/038/SRR12508938/SRR12508938_1.fastq.gz	https://ftp.sra.ebi.ac.uk/vol1/fastq/SRR125/038/SRR12508938/SRR12508938_2.fastq.gz
SRR12509344	PAIRED	https://ftp.sra.ebi.ac.uk/vol1/fastq/SRR125/044/SRR12509344/SRR12509344_1.fastq.gz	https://ftp.sra.ebi.ac.uk/vol1/fastq/SRR125/044/SRR12509344/SRR12509344_2.fastq.gz
SRR12509360	PAIRED	https://ftp.sra.ebi.ac.uk/vol1/fastq/SRR125/060/SRR12509360/SRR12509360_1.fastq.gz	https://ftp.sra.ebi.ac.uk/vol1/fastq/SRR125/060/SRR12509360/SRR12509360_2.fastq.gz
SRR12509411	PAIRED	https://ftp.sra.ebi.ac.uk/vol1/fastq/SRR125/011/SRR12509411/SRR12509411_1.fastq.gz	https://ftp.sra.ebi.ac.uk/vol1/fastq/SRR125/011/SRR12509411/SRR12509411_2.fastq.gz
SRR12509448	PAIRED	https://ftp.sra.ebi.ac.uk/vol1/fastq/SRR125/048/SRR12509448/SRR12509448_1.fastq.gz	https://ftp.sra.ebi.ac.uk/vol1/fastq/SRR125/048/SRR12509448/SRR12509448_2.fastq.gz
SRR12509532	PAIRED	https://ftp.sra.ebi.ac.uk/vol1/fastq/SRR125/032/SRR12509532/SRR12509532_1.fastq.gz	https://ftp.sra.ebi.ac.uk/vol1/fastq/SRR125/032/SRR12509532/SRR12509532_2.fastq.gz
SRR12517511	PAIRED	https://ftp.sra.ebi.ac.uk/vol1/fastq/SRR125/011/SRR12517511/SRR12517511_1.fastq.gz	https://ftp.sra.ebi.ac.uk/vol1/fastq/SRR125/011/SRR12517511/SRR12517511_2.fastq.gz
SRR12569230	PAIRED	https://ftp.sra.ebi.ac.uk/vol1/fastq/SRR125/030/SRR12569230/SRR12569230_1.fastq.gz	https://ftp.sra.ebi.ac.uk/vol1/fastq/SRR125/030/SRR12569230/SRR12569230_2.fastq.gz
SRR12569238	PAIRED	https://ftp.sra.ebi.ac.uk/vol1/fastq/SRR125/038/SRR12569238/SRR12569238_1.fastq.gz	https://ftp.sra.ebi.ac.uk/vol1/fastq/SRR125/038/SRR12569238/SRR12569238_2.fastq.gz
SRR12569239	PAIRED	https://ftp.sra.ebi.ac.uk/vol1/fastq/SRR125/039/SRR12569239/SRR12569239_1.fastq.gz	https://ftp.sra.ebi.ac.uk/vol1/fastq/SRR125/039/SRR12569239/SRR12569239_2.fastq.gz
SRR12569949	PAIRED	https://ftp.sra.ebi.ac.uk/vol1/fastq/SRR125/049/SRR12569949/SRR12569949_1.fastq.gz	https://ftp.sra.ebi.ac.uk/vol1/fastq/SRR125/049/SRR12569949/SRR12569949_2.fastq.gz
SRR12569970	PAIRED	https://ftp.sra.ebi.ac.uk/vol1/fastq/SRR125/070/SRR12569970/SRR12569970_1.fastq.gz	https://ftp.sra.ebi.ac.uk/vol1/fastq/SRR125/070/SRR12569970/SRR12569970_2.fastq.gz
SRR12569971	PAIRED	https://ftp.sra.ebi.ac.uk/vol1/fastq/SRR125/071/SRR12569971/SRR12569971_1.fastq.gz	https://ftp.sra.ebi.ac.uk/vol1/fastq/SRR125/071/SRR12569971/SRR12569971_2.fastq.gz
SRR12569979	PAIRED	https://ftp.sra.ebi.ac.uk/vol1/fastq/SRR125/079/SRR12569979/SRR12569979_1.fastq.gz	https://ftp.sra.ebi.ac.uk/vol1/fastq/SRR125/079/SRR12569979/SRR12569979_2.fastq.gz
SRR12569990	PAIRED	https://ftp.sra.ebi.ac.uk/vol1/fastq/SRR125/090/SRR12569990/SRR12569990_1.fastq.gz	https://ftp.sra.ebi.ac.uk/vol1/fastq/SRR125/090/SRR12569990/SRR12569990_2.fastq.gz
SRR12570029	PAIRED	https://ftp.sra.ebi.ac.uk/vol1/fastq/SRR125/029/SRR12570029/SRR12570029_1.fastq.gz	https://ftp.sra.ebi.ac.uk/vol1/fastq/SRR125/029/SRR12570029/SRR12570029_2.fastq.gz
SRR12570048	PAIRED	https://ftp.sra.ebi.ac.uk/vol1/fastq/SRR125/048/SRR12570048/SRR12570048_1.fastq.gz	https://ftp.sra.ebi.ac.uk/vol1/fastq/SRR125/048/SRR12570048/SRR12570048_2.fastq.gz
SRR12570049	PAIRED	https://ftp.sra.ebi.ac.uk/vol1/fastq/SRR125/049/SRR12570049/SRR12570049_1.fastq.gz	https://ftp.sra.ebi.ac.uk/vol1/fastq/SRR125/049/SRR12570049/SRR12570049_2.fastq.gz
SRR12627522	PAIRED	https://ftp.sra.ebi.ac.uk/vol1/fastq/SRR126/022/SRR12627522/SRR12627522_1.fastq.gz	https://ftp.sra.ebi.ac.uk/vol1/fastq/SRR126/022/SRR12627522/SRR12627522_2.fastq.gz
SRR12653694	PAIRED	https://ftp.sra.ebi.ac.uk/vol1/fastq/SRR126/094/SRR12653694/SRR12653694_1.fastq.gz	https://ftp.sra.ebi.ac.uk/vol1/fastq/SRR126/094/SRR12653694/SRR12653694_2.fastq.gz
SRR12653696	PAIRED	https://ftp.sra.ebi.ac.uk/vol1/fastq/SRR126/096/SRR12653696/SRR12653696_1.fastq.gz	https://ftp.sra.ebi.ac.uk/vol1/fastq/SRR126/096/SRR12653696/SRR12653696_2.fastq.gz
SRR12653713	PAIRED	https://ftp.sra.ebi.ac.uk/vol1/fastq/SRR126/013/SRR12653713/SRR12653713_1.fastq.gz	https://ftp.sra.ebi.ac.uk/vol1/fastq/SRR126/013/SRR12653713/SRR12653713_2.fastq.gz
SRR12653715	PAIRED	https://ftp.sra.ebi.ac.uk/vol1/fastq/SRR126/015/SRR12653715/SRR12653715_1.fastq.gz	https://ftp.sra.ebi.ac.uk/vol1/fastq/SRR126/015/SRR12653715/SRR12653715_2.fastq.gz
SRR12653727	PAIRED	https://ftp.sra.ebi.ac.uk/vol1/fastq/SRR126/027/SRR12653727/SRR12653727_1.fastq.gz	https://ftp.sra.ebi.ac.uk/vol1/fastq/SRR126/027/SRR12653727/SRR12653727_2.fastq.gz
SRR12653732	PAIRED	https://ftp.sra.ebi.ac.uk/vol1/fastq/SRR126/032/SRR12653732/SRR12653732_1.fastq.gz	https://ftp.sra.ebi.ac.uk/vol1/fastq/SRR126/032/SRR12653732/SRR12653732_2.fastq.gz
SRR12653737	PAIRED	https://ftp.sra.ebi.ac.uk/vol1/fastq/SRR126/037/SRR12653737/SRR12653737_1.fastq.gz	https://ftp.sra.ebi.ac.uk/vol1/fastq/SRR126/037/SRR12653737/SRR12653737_2.fastq.gz
SRR12653739	PAIRED	https://ftp.sra.ebi.ac.uk/vol1/fastq/SRR126/039/SRR12653739/SRR12653739_1.fastq.gz	https://ftp.sra.ebi.ac.uk/vol1/fastq/SRR126/039/SRR12653739/SRR12653739_2.fastq.gz
SRR12653741	PAIRED	https://ftp.sra.ebi.ac.uk/vol1/fastq/SRR126/041/SRR12653741/SRR12653741_1.fastq.gz	https://ftp.sra.ebi.ac.uk/vol1/fastq/SRR126/041/SRR12653741/SRR12653741_2.fastq.gz
SRR12653758	PAIRED	https://ftp.sra.ebi.ac.uk/vol1/fastq/SRR126/058/SRR12653758/SRR12653758_1.fastq.gz	https://ftp.sra.ebi.ac.uk/vol1/fastq/SRR126/058/SRR12653758/SRR12653758_2.fastq.gz
SRR12653764	PAIRED	https://ftp.sra.ebi.ac.uk/vol1/fastq/SRR126/064/SRR12653764/SRR12653764_1.fastq.gz	https://ftp.sra.ebi.ac.uk/vol1/fastq/SRR126/064/SRR12653764/SRR12653764_2.fastq.gz
SRR12707162	PAIRED	https://ftp.sra.ebi.ac.uk/vol1/fastq/SRR127/062/SRR12707162/SRR12707162_1.fastq.gz	https://ftp.sra.ebi.ac.uk/vol1/fastq/SRR127/062/SRR12707162/SRR12707162_2.fastq.gz
SRR12707171	PAIRED	https://ftp.sra.ebi.ac.uk/vol1/fastq/SRR127/071/SRR12707171/SRR12707171_1.fastq.gz	https://ftp.sra.ebi.ac.uk/vol1/fastq/SRR127/071/SRR12707171/SRR12707171_2.fastq.gz
SRR12707231	PAIRED	https://ftp.sra.ebi.ac.uk/vol1/fastq/SRR127/031/SRR12707231/SRR12707231_1.fastq.gz	https://ftp.sra.ebi.ac.uk/vol1/fastq/SRR127/031/SRR12707231/SRR12707231_2.fastq.gz
SRR12761593	PAIRED	https://ftp.sra.ebi.ac.uk/vol1/fastq/SRR127/093/SRR12761593/SRR12761593_1.fastq.gz	https://ftp.sra.ebi.ac.uk/vol1/fastq/SRR127/093/SRR12761593/SRR12761593_2.fastq.gz
SRR12763993	PAIRED	https://ftp.sra.ebi.ac.uk/vol1/fastq/SRR127/093/SRR12763993/SRR12763993_1.fastq.gz	https://ftp.sra.ebi.ac.uk/vol1/fastq/SRR127/093/SRR12763993/SRR12763993_2.fastq.gz
SRR12763996	PAIRED	https://ftp.sra.ebi.ac.uk/vol1/fastq/SRR127/096/SRR12763996/SRR12763996_1.fastq.gz	https://ftp.sra.ebi.ac.uk/vol1/fastq/SRR127/096/SRR12763996/SRR12763996_2.fastq.gz
SRR12764012	PAIRED	https://ftp.sra.ebi.ac.uk/vol1/fastq/SRR127/012/SRR12764012/SRR12764012_1.fastq.gz	https://ftp.sra.ebi.ac.uk/vol1/fastq/SRR127/012/SRR12764012/SRR12764012_2.fastq.gz
SRR12764041	PAIRED	https://ftp.sra.ebi.ac.uk/vol1/fastq/SRR127/041/SRR12764041/SRR12764041_1.fastq.gz	https://ftp.sra.ebi.ac.uk/vol1/fastq/SRR127/041/SRR12764041/SRR12764041_2.fastq.gz
SRR12783033	PAIRED	https://ftp.sra.ebi.ac.uk/vol1/fastq/SRR127/033/SRR12783033/SRR12783033_1.fastq.gz	https://ftp.sra.ebi.ac.uk/vol1/fastq/SRR127/033/SRR12783033/SRR12783033_2.fastq.gz
SRR12783042	PAIRED	https://ftp.sra.ebi.ac.uk/vol1/fastq/SRR127/042/SRR12783042/SRR12783042_1.fastq.gz	https://ftp.sra.ebi.ac.uk/vol1/fastq/SRR127/042/SRR12783042/SRR12783042_2.fastq.gz
SRR12783044	PAIRED	https://ftp.sra.ebi.ac.uk/vol1/fastq/SRR127/044/SRR12783044/SRR12783044_1.fastq.gz	https://ftp.sra.ebi.ac.uk/vol1/fastq/SRR127/044/SRR12783044/SRR12783044_2.fastq.gz
SRR12795826	PAIRED	https://ftp.sra.ebi.ac.uk/vol1/fastq/SRR127/026/SRR12795826/SRR12795826_1.fastq.gz	https://ftp.sra.ebi.ac.uk/vol1/fastq/SRR127/026/SRR12795826/SRR12795826_2.fastq.gz
SRR12898951	PAIRED	https://ftp.sra.ebi.ac.uk/vol1/fastq/SRR128/051/SRR12898951/SRR12898951_1.fastq.gz	https://ftp.sra.ebi.ac.uk/vol1/fastq/SRR128/051/SRR12898951/SRR12898951_2.fastq.gz
SRR12898968	PAIRED	https://ftp.sra.ebi.ac.uk/vol1/fastq/SRR128/068/SRR12898968/SRR12898968_1.fastq.gz	https://ftp.sra.ebi.ac.uk/vol1/fastq/SRR128/068/SRR12898968/SRR12898968_2.fastq.gz
SRR12902487	PAIRED	https://ftp.sra.ebi.ac.uk/vol1/fastq/SRR129/087/SRR12902487/SRR12902487_1.fastq.gz	https://ftp.sra.ebi.ac.uk/vol1/fastq/SRR129/087/SRR12902487/SRR12902487_2.fastq.gz
SRR12902517	PAIRED	https://ftp.sra.ebi.ac.uk/vol1/fastq/SRR129/017/SRR12902517/SRR12902517_1.fastq.gz	https://ftp.sra.ebi.ac.uk/vol1/fastq/SRR129/017/SRR12902517/SRR12902517_2.fastq.gz
SRR12902594	PAIRED	https://ftp.sra.ebi.ac.uk/vol1/fastq/SRR129/094/SRR12902594/SRR12902594_1.fastq.gz	https://ftp.sra.ebi.ac.uk/vol1/fastq/SRR129/094/SRR12902594/SRR12902594_2.fastq.gz
SRR12902598	PAIRED	https://ftp.sra.ebi.ac.uk/vol1/fastq/SRR129/098/SRR12902598/SRR12902598_1.fastq.gz	https://ftp.sra.ebi.ac.uk/vol1/fastq/SRR129/098/SRR12902598/SRR12902598_2.fastq.gz
SRR12902600	PAIRED	https://ftp.sra.ebi.ac.uk/vol1/fastq/SRR129/000/SRR12902600/SRR12902600_1.fastq.gz	https://ftp.sra.ebi.ac.uk/vol1/fastq/SRR129/000/SRR12902600/SRR12902600_2.fastq.gz
SRR12902690	PAIRED	https://ftp.sra.ebi.ac.uk/vol1/fastq/SRR129/090/SRR12902690/SRR12902690_1.fastq.gz	https://ftp.sra.ebi.ac.uk/vol1/fastq/SRR129/090/SRR12902690/SRR12902690_2.fastq.gz
SRR12902738	PAIRED	https://ftp.sra.ebi.ac.uk/vol1/fastq/SRR129/038/SRR12902738/SRR12902738_1.fastq.gz	https://ftp.sra.ebi.ac.uk/vol1/fastq/SRR129/038/SRR12902738/SRR12902738_2.fastq.gz
SRR12902743	PAIRED	https://ftp.sra.ebi.ac.uk/vol1/fastq/SRR129/043/SRR12902743/SRR12902743_1.fastq.gz	https://ftp.sra.ebi.ac.uk/vol1/fastq/SRR129/043/SRR12902743/SRR12902743_2.fastq.gz
SRR12903830	PAIRED	https://ftp.sra.ebi.ac.uk/vol1/fastq/SRR129/030/SRR12903830/SRR12903830_1.fastq.gz	https://ftp.sra.ebi.ac.uk/vol1/fastq/SRR129/030/SRR12903830/SRR12903830_2.fastq.gz
SRR12903841	PAIRED	https://ftp.sra.ebi.ac.uk/vol1/fastq/SRR129/041/SRR12903841/SRR12903841_1.fastq.gz	https://ftp.sra.ebi.ac.uk/vol1/fastq/SRR129/041/SRR12903841/SRR12903841_2.fastq.gz
SRR12921199	PAIRED	https://ftp.sra.ebi.ac.uk/vol1/fastq/SRR129/099/SRR12921199/SRR12921199_1.fastq.gz	https://ftp.sra.ebi.ac.uk/vol1/fastq/SRR129/099/SRR12921199/SRR12921199_2.fastq.gz
SRR12921210	PAIRED	https://ftp.sra.ebi.ac.uk/vol1/fastq/SRR129/010/SRR12921210/SRR12921210_1.fastq.gz	https://ftp.sra.ebi.ac.uk/vol1/fastq/SRR129/010/SRR12921210/SRR12921210_2.fastq.gz
SRR12956287	PAIRED	https://ftp.sra.ebi.ac.uk/vol1/fastq/SRR129/087/SRR12956287/SRR12956287_1.fastq.gz	https://ftp.sra.ebi.ac.uk/vol1/fastq/SRR129/087/SRR12956287/SRR12956287_2.fastq.gz
SRR12956299	PAIRED	https://ftp.sra.ebi.ac.uk/vol1/fastq/SRR129/099/SRR12956299/SRR12956299_1.fastq.gz	https://ftp.sra.ebi.ac.uk/vol1/fastq/SRR129/099/SRR12956299/SRR12956299_2.fastq.gz
SRR12956355	PAIRED	https://ftp.sra.ebi.ac.uk/vol1/fastq/SRR129/055/SRR12956355/SRR12956355_1.fastq.gz	https://ftp.sra.ebi.ac.uk/vol1/fastq/SRR129/055/SRR12956355/SRR12956355_2.fastq.gz
SRR12956356	PAIRED	https://ftp.sra.ebi.ac.uk/vol1/fastq/SRR129/056/SRR12956356/SRR12956356_1.fastq.gz	https://ftp.sra.ebi.ac.uk/vol1/fastq/SRR129/056/SRR12956356/SRR12956356_2.fastq.gz
SRR12956363	PAIRED	https://ftp.sra.ebi.ac.uk/vol1/fastq/SRR129/063/SRR12956363/SRR12956363_1.fastq.gz	https://ftp.sra.ebi.ac.uk/vol1/fastq/SRR129/063/SRR12956363/SRR12956363_2.fastq.gz
SRR12956411	PAIRED	https://ftp.sra.ebi.ac.uk/vol1/fastq/SRR129/011/SRR12956411/SRR12956411_1.fastq.gz	https://ftp.sra.ebi.ac.uk/vol1/fastq/SRR129/011/SRR12956411/SRR12956411_2.fastq.gz
SRR12956461	PAIRED	https://ftp.sra.ebi.ac.uk/vol1/fastq/SRR129/061/SRR12956461/SRR12956461_1.fastq.gz	https://ftp.sra.ebi.ac.uk/vol1/fastq/SRR129/061/SRR12956461/SRR12956461_2.fastq.gz
SRR12956482	PAIRED	https://ftp.sra.ebi.ac.uk/vol1/fastq/SRR129/082/SRR12956482/SRR12956482_1.fastq.gz	https://ftp.sra.ebi.ac.uk/vol1/fastq/SRR129/082/SRR12956482/SRR12956482_2.fastq.gz
SRR12956503	PAIRED	https://ftp.sra.ebi.ac.uk/vol1/fastq/SRR129/003/SRR12956503/SRR12956503_1.fastq.gz	https://ftp.sra.ebi.ac.uk/vol1/fastq/SRR129/003/SRR12956503/SRR12956503_2.fastq.gz
SRR12956567	PAIRED	https://ftp.sra.ebi.ac.uk/vol1/fastq/SRR129/067/SRR12956567/SRR12956567_1.fastq.gz	https://ftp.sra.ebi.ac.uk/vol1/fastq/SRR129/067/SRR12956567/SRR12956567_2.fastq.gz
SRR12956582	PAIRED	https://ftp.sra.ebi.ac.uk/vol1/fastq/SRR129/082/SRR12956582/SRR12956582_1.fastq.gz	https://ftp.sra.ebi.ac.uk/vol1/fastq/SRR129/082/SRR12956582/SRR12956582_2.fastq.gz
SRR12956584	PAIRED	https://ftp.sra.ebi.ac.uk/vol1/fastq/SRR129/084/SRR12956584/SRR12956584_1.fastq.gz	https://ftp.sra.ebi.ac.uk/vol1/fastq/SRR129/084/SRR12956584/SRR12956584_2.fastq.gz
SRR12956610	PAIRED	https://ftp.sra.ebi.ac.uk/vol1/fastq/SRR129/010/SRR12956610/SRR12956610_1.fastq.gz	https://ftp.sra.ebi.ac.uk/vol1/fastq/SRR129/010/SRR12956610/SRR12956610_2.fastq.gz
SRR12956689	PAIRED	https://ftp.sra.ebi.ac.uk/vol1/fastq/SRR129/089/SRR12956689/SRR12956689_1.fastq.gz	https://ftp.sra.ebi.ac.uk/vol1/fastq/SRR129/089/SRR12956689/SRR12956689_2.fastq.gz
SRR12998294	PAIRED	https://ftp.sra.ebi.ac.uk/vol1/fastq/SRR129/094/SRR12998294/SRR12998294_1.fastq.gz	https://ftp.sra.ebi.ac.uk/vol1/fastq/SRR129/094/SRR12998294/SRR12998294_2.fastq.gz
SRR12998301	PAIRED	https://ftp.sra.ebi.ac.uk/vol1/fastq/SRR129/001/SRR12998301/SRR12998301_1.fastq.gz	https://ftp.sra.ebi.ac.uk/vol1/fastq/SRR129/001/SRR12998301/SRR12998301_2.fastq.gz
SRR12998327	PAIRED	https://ftp.sra.ebi.ac.uk/vol1/fastq/SRR129/027/SRR12998327/SRR12998327_1.fastq.gz	https://ftp.sra.ebi.ac.uk/vol1/fastq/SRR129/027/SRR12998327/SRR12998327_2.fastq.gz
SRR13057512	PAIRED	https://ftp.sra.ebi.ac.uk/vol1/fastq/SRR130/012/SRR13057512/SRR13057512_1.fastq.gz	https://ftp.sra.ebi.ac.uk/vol1/fastq/SRR130/012/SRR13057512/SRR13057512_2.fastq.gz
SRR13065936	PAIRED	https://ftp.sra.ebi.ac.uk/vol1/fastq/SRR130/036/SRR13065936/SRR13065936_1.fastq.gz	https://ftp.sra.ebi.ac.uk/vol1/fastq/SRR130/036/SRR13065936/SRR13065936_2.fastq.gz
SRR13077250	PAIRED	https://ftp.sra.ebi.ac.uk/vol1/fastq/SRR130/050/SRR13077250/SRR13077250_1.fastq.gz	https://ftp.sra.ebi.ac.uk/vol1/fastq/SRR130/050/SRR13077250/SRR13077250_2.fastq.gz
SRR13077298	PAIRED	https://ftp.sra.ebi.ac.uk/vol1/fastq/SRR130/098/SRR13077298/SRR13077298_1.fastq.gz	https://ftp.sra.ebi.ac.uk/vol1/fastq/SRR130/098/SRR13077298/SRR13077298_2.fastq.gz
SRR13077312	PAIRED	https://ftp.sra.ebi.ac.uk/vol1/fastq/SRR130/012/SRR13077312/SRR13077312_1.fastq.gz	https://ftp.sra.ebi.ac.uk/vol1/fastq/SRR130/012/SRR13077312/SRR13077312_2.fastq.gz
SRR13077370	PAIRED	https://ftp.sra.ebi.ac.uk/vol1/fastq/SRR130/070/SRR13077370/SRR13077370_1.fastq.gz	https://ftp.sra.ebi.ac.uk/vol1/fastq/SRR130/070/SRR13077370/SRR13077370_2.fastq.gz
SRR13077385	PAIRED	https://ftp.sra.ebi.ac.uk/vol1/fastq/SRR130/085/SRR13077385/SRR13077385_1.fastq.gz	https://ftp.sra.ebi.ac.uk/vol1/fastq/SRR130/085/SRR13077385/SRR13077385_2.fastq.gz
SRR13077437	PAIRED	https://ftp.sra.ebi.ac.uk/vol1/fastq/SRR130/037/SRR13077437/SRR13077437_1.fastq.gz	https://ftp.sra.ebi.ac.uk/vol1/fastq/SRR130/037/SRR13077437/SRR13077437_2.fastq.gz
SRR13077456	PAIRED	https://ftp.sra.ebi.ac.uk/vol1/fastq/SRR130/056/SRR13077456/SRR13077456_1.fastq.gz	https://ftp.sra.ebi.ac.uk/vol1/fastq/SRR130/056/SRR13077456/SRR13077456_2.fastq.gz
SRR13081098	PAIRED	https://ftp.sra.ebi.ac.uk/vol1/fastq/SRR130/098/SRR13081098/SRR13081098_1.fastq.gz	https://ftp.sra.ebi.ac.uk/vol1/fastq/SRR130/098/SRR13081098/SRR13081098_2.fastq.gz
SRR13081101	PAIRED	https://ftp.sra.ebi.ac.uk/vol1/fastq/SRR130/001/SRR13081101/SRR13081101_1.fastq.gz	https://ftp.sra.ebi.ac.uk/vol1/fastq/SRR130/001/SRR13081101/SRR13081101_2.fastq.gz
SRR13081113	PAIRED	https://ftp.sra.ebi.ac.uk/vol1/fastq/SRR130/013/SRR13081113/SRR13081113_1.fastq.gz	https://ftp.sra.ebi.ac.uk/vol1/fastq/SRR130/013/SRR13081113/SRR13081113_2.fastq.gz
SRR13085638	PAIRED	https://ftp.sra.ebi.ac.uk/vol1/fastq/SRR130/038/SRR13085638/SRR13085638_1.fastq.gz	https://ftp.sra.ebi.ac.uk/vol1/fastq/SRR130/038/SRR13085638/SRR13085638_2.fastq.gz
SRR13085689	PAIRED	https://ftp.sra.ebi.ac.uk/vol1/fastq/SRR130/089/SRR13085689/SRR13085689_1.fastq.gz	https://ftp.sra.ebi.ac.uk/vol1/fastq/SRR130/089/SRR13085689/SRR13085689_2.fastq.gz
SRR13085690	PAIRED	https://ftp.sra.ebi.ac.uk/vol1/fastq/SRR130/090/SRR13085690/SRR13085690_1.fastq.gz	https://ftp.sra.ebi.ac.uk/vol1/fastq/SRR130/090/SRR13085690/SRR13085690_2.fastq.gz
SRR13087647	PAIRED	https://ftp.sra.ebi.ac.uk/vol1/fastq/SRR130/047/SRR13087647/SRR13087647_1.fastq.gz	https://ftp.sra.ebi.ac.uk/vol1/fastq/SRR130/047/SRR13087647/SRR13087647_2.fastq.gz
SRR13087648	PAIRED	https://ftp.sra.ebi.ac.uk/vol1/fastq/SRR130/048/SRR13087648/SRR13087648_1.fastq.gz	https://ftp.sra.ebi.ac.uk/vol1/fastq/SRR130/048/SRR13087648/SRR13087648_2.fastq.gz
SRR13087653	PAIRED	https://ftp.sra.ebi.ac.uk/vol1/fastq/SRR130/053/SRR13087653/SRR13087653_1.fastq.gz	https://ftp.sra.ebi.ac.uk/vol1/fastq/SRR130/053/SRR13087653/SRR13087653_2.fastq.gz
SRR13088640	PAIRED	https://ftp.sra.ebi.ac.uk/vol1/fastq/SRR130/040/SRR13088640/SRR13088640_1.fastq.gz	https://ftp.sra.ebi.ac.uk/vol1/fastq/SRR130/040/SRR13088640/SRR13088640_2.fastq.gz
SRR13118766	PAIRED	https://ftp.sra.ebi.ac.uk/vol1/fastq/SRR131/066/SRR13118766/SRR13118766_1.fastq.gz	https://ftp.sra.ebi.ac.uk/vol1/fastq/SRR131/066/SRR13118766/SRR13118766_2.fastq.gz
SRR13119854	PAIRED	https://ftp.sra.ebi.ac.uk/vol1/fastq/SRR131/054/SRR13119854/SRR13119854_1.fastq.gz	https://ftp.sra.ebi.ac.uk/vol1/fastq/SRR131/054/SRR13119854/SRR13119854_2.fastq.gz
SRR13119955	PAIRED	https://ftp.sra.ebi.ac.uk/vol1/fastq/SRR131/055/SRR13119955/SRR13119955_1.fastq.gz	https://ftp.sra.ebi.ac.uk/vol1/fastq/SRR131/055/SRR13119955/SRR13119955_2.fastq.gz
SRR13119965	PAIRED	https://ftp.sra.ebi.ac.uk/vol1/fastq/SRR131/065/SRR13119965/SRR13119965_1.fastq.gz	https://ftp.sra.ebi.ac.uk/vol1/fastq/SRR131/065/SRR13119965/SRR13119965_2.fastq.gz
SRR13119970	PAIRED	https://ftp.sra.ebi.ac.uk/vol1/fastq/SRR131/070/SRR13119970/SRR13119970_1.fastq.gz	https://ftp.sra.ebi.ac.uk/vol1/fastq/SRR131/070/SRR13119970/SRR13119970_2.fastq.gz
SRR13119973	PAIRED	https://ftp.sra.ebi.ac.uk/vol1/fastq/SRR131/073/SRR13119973/SRR13119973_1.fastq.gz	https://ftp.sra.ebi.ac.uk/vol1/fastq/SRR131/073/SRR13119973/SRR13119973_2.fastq.gz
SRR13119982	PAIRED	https://ftp.sra.ebi.ac.uk/vol1/fastq/SRR131/082/SRR13119982/SRR13119982_1.fastq.gz	https://ftp.sra.ebi.ac.uk/vol1/fastq/SRR131/082/SRR13119982/SRR13119982_2.fastq.gz
SRR13119984	PAIRED	https://ftp.sra.ebi.ac.uk/vol1/fastq/SRR131/084/SRR13119984/SRR13119984_1.fastq.gz	https://ftp.sra.ebi.ac.uk/vol1/fastq/SRR131/084/SRR13119984/SRR13119984_2.fastq.gz
SRR13129370	PAIRED	https://ftp.sra.ebi.ac.uk/vol1/fastq/SRR131/070/SRR13129370/SRR13129370_1.fastq.gz	https://ftp.sra.ebi.ac.uk/vol1/fastq/SRR131/070/SRR13129370/SRR13129370_2.fastq.gz
SRR13130470	PAIRED	https://ftp.sra.ebi.ac.uk/vol1/fastq/SRR131/070/SRR13130470/SRR13130470_1.fastq.gz	https://ftp.sra.ebi.ac.uk/vol1/fastq/SRR131/070/SRR13130470/SRR13130470_2.fastq.gz
SRR13130547	PAIRED	https://ftp.sra.ebi.ac.uk/vol1/fastq/SRR131/047/SRR13130547/SRR13130547_1.fastq.gz	https://ftp.sra.ebi.ac.uk/vol1/fastq/SRR131/047/SRR13130547/SRR13130547_2.fastq.gz
SRR13130552	PAIRED	https://ftp.sra.ebi.ac.uk/vol1/fastq/SRR131/052/SRR13130552/SRR13130552_1.fastq.gz	https://ftp.sra.ebi.ac.uk/vol1/fastq/SRR131/052/SRR13130552/SRR13130552_2.fastq.gz
SRR13130557	PAIRED	https://ftp.sra.ebi.ac.uk/vol1/fastq/SRR131/057/SRR13130557/SRR13130557_1.fastq.gz	https://ftp.sra.ebi.ac.uk/vol1/fastq/SRR131/057/SRR13130557/SRR13130557_2.fastq.gz
SRR13156868	PAIRED	https://ftp.sra.ebi.ac.uk/vol1/fastq/SRR131/068/SRR13156868/SRR13156868_1.fastq.gz	https://ftp.sra.ebi.ac.uk/vol1/fastq/SRR131/068/SRR13156868/SRR13156868_2.fastq.gz
SRR13156872	PAIRED	https://ftp.sra.ebi.ac.uk/vol1/fastq/SRR131/072/SRR13156872/SRR13156872_1.fastq.gz	https://ftp.sra.ebi.ac.uk/vol1/fastq/SRR131/072/SRR13156872/SRR13156872_2.fastq.gz
SRR13158538	PAIRED	https://ftp.sra.ebi.ac.uk/vol1/fastq/SRR131/038/SRR13158538/SRR13158538_1.fastq.gz	https://ftp.sra.ebi.ac.uk/vol1/fastq/SRR131/038/SRR13158538/SRR13158538_2.fastq.gz
SRR13158549	PAIRED	https://ftp.sra.ebi.ac.uk/vol1/fastq/SRR131/049/SRR13158549/SRR13158549_1.fastq.gz	https://ftp.sra.ebi.ac.uk/vol1/fastq/SRR131/049/SRR13158549/SRR13158549_2.fastq.gz
SRR13181752	PAIRED	https://ftp.sra.ebi.ac.uk/vol1/fastq/SRR131/052/SRR13181752/SRR13181752_1.fastq.gz	https://ftp.sra.ebi.ac.uk/vol1/fastq/SRR131/052/SRR13181752/SRR13181752_2.fastq.gz
SRR13181755	PAIRED	https://ftp.sra.ebi.ac.uk/vol1/fastq/SRR131/055/SRR13181755/SRR13181755_1.fastq.gz	https://ftp.sra.ebi.ac.uk/vol1/fastq/SRR131/055/SRR13181755/SRR13181755_2.fastq.gz
SRR13181873	PAIRED	https://ftp.sra.ebi.ac.uk/vol1/fastq/SRR131/073/SRR13181873/SRR13181873_1.fastq.gz	https://ftp.sra.ebi.ac.uk/vol1/fastq/SRR131/073/SRR13181873/SRR13181873_2.fastq.gz
SRR13182850	PAIRED	https://ftp.sra.ebi.ac.uk/vol1/fastq/SRR131/050/SRR13182850/SRR13182850_1.fastq.gz	https://ftp.sra.ebi.ac.uk/vol1/fastq/SRR131/050/SRR13182850/SRR13182850_2.fastq.gz
SRR13182946	PAIRED	https://ftp.sra.ebi.ac.uk/vol1/fastq/SRR131/046/SRR13182946/SRR13182946_1.fastq.gz	https://ftp.sra.ebi.ac.uk/vol1/fastq/SRR131/046/SRR13182946/SRR13182946_2.fastq.gz
SRR13227854	PAIRED	https://ftp.sra.ebi.ac.uk/vol1/fastq/SRR132/054/SRR13227854/SRR13227854_1.fastq.gz	https://ftp.sra.ebi.ac.uk/vol1/fastq/SRR132/054/SRR13227854/SRR13227854_2.fastq.gz
SRR13227871	PAIRED	https://ftp.sra.ebi.ac.uk/vol1/fastq/SRR132/071/SRR13227871/SRR13227871_1.fastq.gz	https://ftp.sra.ebi.ac.uk/vol1/fastq/SRR132/071/SRR13227871/SRR13227871_2.fastq.gz
SRR13227877	PAIRED	https://ftp.sra.ebi.ac.uk/vol1/fastq/SRR132/077/SRR13227877/SRR13227877_1.fastq.gz	https://ftp.sra.ebi.ac.uk/vol1/fastq/SRR132/077/SRR13227877/SRR13227877_2.fastq.gz
SRR13227923	PAIRED	https://ftp.sra.ebi.ac.uk/vol1/fastq/SRR132/023/SRR13227923/SRR13227923_1.fastq.gz	https://ftp.sra.ebi.ac.uk/vol1/fastq/SRR132/023/SRR13227923/SRR13227923_2.fastq.gz
SRR13227930	PAIRED	https://ftp.sra.ebi.ac.uk/vol1/fastq/SRR132/030/SRR13227930/SRR13227930_1.fastq.gz	https://ftp.sra.ebi.ac.uk/vol1/fastq/SRR132/030/SRR13227930/SRR13227930_2.fastq.gz
SRR13228272	PAIRED	https://ftp.sra.ebi.ac.uk/vol1/fastq/SRR132/072/SRR13228272/SRR13228272_1.fastq.gz	https://ftp.sra.ebi.ac.uk/vol1/fastq/SRR132/072/SRR13228272/SRR13228272_2.fastq.gz
SRR13228296	PAIRED	https://ftp.sra.ebi.ac.uk/vol1/fastq/SRR132/096/SRR13228296/SRR13228296_1.fastq.gz	https://ftp.sra.ebi.ac.uk/vol1/fastq/SRR132/096/SRR13228296/SRR13228296_2.fastq.gz
SRR13237631	PAIRED	https://ftp.sra.ebi.ac.uk/vol1/fastq/SRR132/031/SRR13237631/SRR13237631_1.fastq.gz	https://ftp.sra.ebi.ac.uk/vol1/fastq/SRR132/031/SRR13237631/SRR13237631_2.fastq.gz
SRR13246645	PAIRED	https://ftp.sra.ebi.ac.uk/vol1/fastq/SRR132/045/SRR13246645/SRR13246645_1.fastq.gz	https://ftp.sra.ebi.ac.uk/vol1/fastq/SRR132/045/SRR13246645/SRR13246645_2.fastq.gz
SRR13246761	PAIRED	https://ftp.sra.ebi.ac.uk/vol1/fastq/SRR132/061/SRR13246761/SRR13246761_1.fastq.gz	https://ftp.sra.ebi.ac.uk/vol1/fastq/SRR132/061/SRR13246761/SRR13246761_2.fastq.gz
SRR13254197	PAIRED	https://ftp.sra.ebi.ac.uk/vol1/fastq/SRR132/097/SRR13254197/SRR13254197_1.fastq.gz	https://ftp.sra.ebi.ac.uk/vol1/fastq/SRR132/097/SRR13254197/SRR13254197_2.fastq.gz
SRR13301954	PAIRED	https://ftp.sra.ebi.ac.uk/vol1/fastq/SRR133/054/SRR13301954/SRR13301954_1.fastq.gz	https://ftp.sra.ebi.ac.uk/vol1/fastq/SRR133/054/SRR13301954/SRR13301954_2.fastq.gz
SRR13302145	PAIRED	https://ftp.sra.ebi.ac.uk/vol1/fastq/SRR133/045/SRR13302145/SRR13302145_1.fastq.gz	https://ftp.sra.ebi.ac.uk/vol1/fastq/SRR133/045/SRR13302145/SRR13302145_2.fastq.gz
SRR13338362	PAIRED	https://ftp.sra.ebi.ac.uk/vol1/fastq/SRR133/062/SRR13338362/SRR13338362_1.fastq.gz	https://ftp.sra.ebi.ac.uk/vol1/fastq/SRR133/062/SRR13338362/SRR13338362_2.fastq.gz
SRR13355054	PAIRED	https://ftp.sra.ebi.ac.uk/vol1/fastq/SRR133/054/SRR13355054/SRR13355054_1.fastq.gz	https://ftp.sra.ebi.ac.uk/vol1/fastq/SRR133/054/SRR13355054/SRR13355054_2.fastq.gz
SRR13356568	PAIRED	https://ftp.sra.ebi.ac.uk/vol1/fastq/SRR133/068/SRR13356568/SRR13356568_1.fastq.gz	https://ftp.sra.ebi.ac.uk/vol1/fastq/SRR133/068/SRR13356568/SRR13356568_2.fastq.gz
SRR13356582	PAIRED	https://ftp.sra.ebi.ac.uk/vol1/fastq/SRR133/082/SRR13356582/SRR13356582_1.fastq.gz	https://ftp.sra.ebi.ac.uk/vol1/fastq/SRR133/082/SRR13356582/SRR13356582_2.fastq.gz
SRR13356594	PAIRED	https://ftp.sra.ebi.ac.uk/vol1/fastq/SRR133/094/SRR13356594/SRR13356594_1.fastq.gz	https://ftp.sra.ebi.ac.uk/vol1/fastq/SRR133/094/SRR13356594/SRR13356594_2.fastq.gz
SRR13356629	PAIRED	https://ftp.sra.ebi.ac.uk/vol1/fastq/SRR133/029/SRR13356629/SRR13356629_1.fastq.gz	https://ftp.sra.ebi.ac.uk/vol1/fastq/SRR133/029/SRR13356629/SRR13356629_2.fastq.gz
SRR13356644	PAIRED	https://ftp.sra.ebi.ac.uk/vol1/fastq/SRR133/044/SRR13356644/SRR13356644_1.fastq.gz	https://ftp.sra.ebi.ac.uk/vol1/fastq/SRR133/044/SRR13356644/SRR13356644_2.fastq.gz
SRR13358226	PAIRED	https://ftp.sra.ebi.ac.uk/vol1/fastq/SRR133/026/SRR13358226/SRR13358226_1.fastq.gz	https://ftp.sra.ebi.ac.uk/vol1/fastq/SRR133/026/SRR13358226/SRR13358226_2.fastq.gz
SRR13429542	PAIRED	https://ftp.sra.ebi.ac.uk/vol1/fastq/SRR134/042/SRR13429542/SRR13429542_1.fastq.gz	https://ftp.sra.ebi.ac.uk/vol1/fastq/SRR134/042/SRR13429542/SRR13429542_2.fastq.gz
SRR13429558	PAIRED	https://ftp.sra.ebi.ac.uk/vol1/fastq/SRR134/058/SRR13429558/SRR13429558_1.fastq.gz	https://ftp.sra.ebi.ac.uk/vol1/fastq/SRR134/058/SRR13429558/SRR13429558_2.fastq.gz
SRR13435332	PAIRED	https://ftp.sra.ebi.ac.uk/vol1/fastq/SRR134/032/SRR13435332/SRR13435332_1.fastq.gz	https://ftp.sra.ebi.ac.uk/vol1/fastq/SRR134/032/SRR13435332/SRR13435332_2.fastq.gz
SRR13447672	PAIRED	https://ftp.sra.ebi.ac.uk/vol1/fastq/SRR134/072/SRR13447672/SRR13447672_1.fastq.gz	https://ftp.sra.ebi.ac.uk/vol1/fastq/SRR134/072/SRR13447672/SRR13447672_2.fastq.gz
SRR13563379	PAIRED	https://ftp.sra.ebi.ac.uk/vol1/fastq/SRR135/079/SRR13563379/SRR13563379_1.fastq.gz	https://ftp.sra.ebi.ac.uk/vol1/fastq/SRR135/079/SRR13563379/SRR13563379_2.fastq.gz
SRR13668390	PAIRED	https://ftp.sra.ebi.ac.uk/vol1/fastq/SRR136/090/SRR13668390/SRR13668390_1.fastq.gz	https://ftp.sra.ebi.ac.uk/vol1/fastq/SRR136/090/SRR13668390/SRR13668390_2.fastq.gz
SRR13673924	PAIRED	https://ftp.sra.ebi.ac.uk/vol1/fastq/SRR136/024/SRR13673924/SRR13673924_1.fastq.gz	https://ftp.sra.ebi.ac.uk/vol1/fastq/SRR136/024/SRR13673924/SRR13673924_2.fastq.gz
SRR13673930	PAIRED	https://ftp.sra.ebi.ac.uk/vol1/fastq/SRR136/030/SRR13673930/SRR13673930_1.fastq.gz	https://ftp.sra.ebi.ac.uk/vol1/fastq/SRR136/030/SRR13673930/SRR13673930_2.fastq.gz
SRR13673935	PAIRED	https://ftp.sra.ebi.ac.uk/vol1/fastq/SRR136/035/SRR13673935/SRR13673935_1.fastq.gz	https://ftp.sra.ebi.ac.uk/vol1/fastq/SRR136/035/SRR13673935/SRR13673935_2.fastq.gz
SRR13673945	PAIRED	https://ftp.sra.ebi.ac.uk/vol1/fastq/SRR136/045/SRR13673945/SRR13673945_1.fastq.gz	https://ftp.sra.ebi.ac.uk/vol1/fastq/SRR136/045/SRR13673945/SRR13673945_2.fastq.gz
SRR13673947	PAIRED	https://ftp.sra.ebi.ac.uk/vol1/fastq/SRR136/047/SRR13673947/SRR13673947_1.fastq.gz	https://ftp.sra.ebi.ac.uk/vol1/fastq/SRR136/047/SRR13673947/SRR13673947_2.fastq.gz
SRR13673948	PAIRED	https://ftp.sra.ebi.ac.uk/vol1/fastq/SRR136/048/SRR13673948/SRR13673948_1.fastq.gz	https://ftp.sra.ebi.ac.uk/vol1/fastq/SRR136/048/SRR13673948/SRR13673948_2.fastq.gz
SRR13674231	PAIRED	https://ftp.sra.ebi.ac.uk/vol1/fastq/SRR136/031/SRR13674231/SRR13674231_1.fastq.gz	https://ftp.sra.ebi.ac.uk/vol1/fastq/SRR136/031/SRR13674231/SRR13674231_2.fastq.gz
SRR13708364	PAIRED	https://ftp.sra.ebi.ac.uk/vol1/fastq/SRR137/064/SRR13708364/SRR13708364_1.fastq.gz	https://ftp.sra.ebi.ac.uk/vol1/fastq/SRR137/064/SRR13708364/SRR13708364_2.fastq.gz
SRR13823673	PAIRED	https://ftp.sra.ebi.ac.uk/vol1/fastq/SRR138/073/SRR13823673/SRR13823673_1.fastq.gz	https://ftp.sra.ebi.ac.uk/vol1/fastq/SRR138/073/SRR13823673/SRR13823673_2.fastq.gz
SRR13825424	PAIRED	https://ftp.sra.ebi.ac.uk/vol1/fastq/SRR138/024/SRR13825424/SRR13825424_1.fastq.gz	https://ftp.sra.ebi.ac.uk/vol1/fastq/SRR138/024/SRR13825424/SRR13825424_2.fastq.gz
SRR13825476	PAIRED	https://ftp.sra.ebi.ac.uk/vol1/fastq/SRR138/076/SRR13825476/SRR13825476_1.fastq.gz	https://ftp.sra.ebi.ac.uk/vol1/fastq/SRR138/076/SRR13825476/SRR13825476_2.fastq.gz
SRR13870321	PAIRED	https://ftp.sra.ebi.ac.uk/vol1/fastq/SRR138/021/SRR13870321/SRR13870321_1.fastq.gz	https://ftp.sra.ebi.ac.uk/vol1/fastq/SRR138/021/SRR13870321/SRR13870321_2.fastq.gz
SRR13870915	PAIRED	https://ftp.sra.ebi.ac.uk/vol1/fastq/SRR138/015/SRR13870915/SRR13870915_1.fastq.gz	https://ftp.sra.ebi.ac.uk/vol1/fastq/SRR138/015/SRR13870915/SRR13870915_2.fastq.gz
SRR13873168	PAIRED	https://ftp.sra.ebi.ac.uk/vol1/fastq/SRR138/068/SRR13873168/SRR13873168_1.fastq.gz	https://ftp.sra.ebi.ac.uk/vol1/fastq/SRR138/068/SRR13873168/SRR13873168_2.fastq.gz
SRR13873174	PAIRED	https://ftp.sra.ebi.ac.uk/vol1/fastq/SRR138/074/SRR13873174/SRR13873174_1.fastq.gz	https://ftp.sra.ebi.ac.uk/vol1/fastq/SRR138/074/SRR13873174/SRR13873174_2.fastq.gz
SRR13873240	PAIRED	https://ftp.sra.ebi.ac.uk/vol1/fastq/SRR138/040/SRR13873240/SRR13873240_1.fastq.gz	https://ftp.sra.ebi.ac.uk/vol1/fastq/SRR138/040/SRR13873240/SRR13873240_2.fastq.gz
SRR13873244	PAIRED	https://ftp.sra.ebi.ac.uk/vol1/fastq/SRR138/044/SRR13873244/SRR13873244_1.fastq.gz	https://ftp.sra.ebi.ac.uk/vol1/fastq/SRR138/044/SRR13873244/SRR13873244_2.fastq.gz
SRR13873318	PAIRED	https://ftp.sra.ebi.ac.uk/vol1/fastq/SRR138/018/SRR13873318/SRR13873318_1.fastq.gz	https://ftp.sra.ebi.ac.uk/vol1/fastq/SRR138/018/SRR13873318/SRR13873318_2.fastq.gz
SRR13873335	PAIRED	https://ftp.sra.ebi.ac.uk/vol1/fastq/SRR138/035/SRR13873335/SRR13873335_1.fastq.gz	https://ftp.sra.ebi.ac.uk/vol1/fastq/SRR138/035/SRR13873335/SRR13873335_2.fastq.gz
SRR13873369	PAIRED	https://ftp.sra.ebi.ac.uk/vol1/fastq/SRR138/069/SRR13873369/SRR13873369_1.fastq.gz	https://ftp.sra.ebi.ac.uk/vol1/fastq/SRR138/069/SRR13873369/SRR13873369_2.fastq.gz
SRR13873375	PAIRED	https://ftp.sra.ebi.ac.uk/vol1/fastq/SRR138/075/SRR13873375/SRR13873375_1.fastq.gz	https://ftp.sra.ebi.ac.uk/vol1/fastq/SRR138/075/SRR13873375/SRR13873375_2.fastq.gz
SRR13873381	PAIRED	https://ftp.sra.ebi.ac.uk/vol1/fastq/SRR138/081/SRR13873381/SRR13873381_1.fastq.gz	https://ftp.sra.ebi.ac.uk/vol1/fastq/SRR138/081/SRR13873381/SRR13873381_2.fastq.gz
SRR13873393	PAIRED	https://ftp.sra.ebi.ac.uk/vol1/fastq/SRR138/093/SRR13873393/SRR13873393_1.fastq.gz	https://ftp.sra.ebi.ac.uk/vol1/fastq/SRR138/093/SRR13873393/SRR13873393_2.fastq.gz
SRR13873394	PAIRED	https://ftp.sra.ebi.ac.uk/vol1/fastq/SRR138/094/SRR13873394/SRR13873394_1.fastq.gz	https://ftp.sra.ebi.ac.uk/vol1/fastq/SRR138/094/SRR13873394/SRR13873394_2.fastq.gz
SRR13873401	PAIRED	https://ftp.sra.ebi.ac.uk/vol1/fastq/SRR138/001/SRR13873401/SRR13873401_1.fastq.gz	https://ftp.sra.ebi.ac.uk/vol1/fastq/SRR138/001/SRR13873401/SRR13873401_2.fastq.gz
SRR13873405	PAIRED	https://ftp.sra.ebi.ac.uk/vol1/fastq/SRR138/005/SRR13873405/SRR13873405_1.fastq.gz	https://ftp.sra.ebi.ac.uk/vol1/fastq/SRR138/005/SRR13873405/SRR13873405_2.fastq.gz
SRR13873408	PAIRED	https://ftp.sra.ebi.ac.uk/vol1/fastq/SRR138/008/SRR13873408/SRR13873408_1.fastq.gz	https://ftp.sra.ebi.ac.uk/vol1/fastq/SRR138/008/SRR13873408/SRR13873408_2.fastq.gz
SRR13873415	PAIRED	https://ftp.sra.ebi.ac.uk/vol1/fastq/SRR138/015/SRR13873415/SRR13873415_1.fastq.gz	https://ftp.sra.ebi.ac.uk/vol1/fastq/SRR138/015/SRR13873415/SRR13873415_2.fastq.gz
SRR13893451	PAIRED	https://ftp.sra.ebi.ac.uk/vol1/fastq/SRR138/051/SRR13893451/SRR13893451_1.fastq.gz	https://ftp.sra.ebi.ac.uk/vol1/fastq/SRR138/051/SRR13893451/SRR13893451_2.fastq.gz
SRR13893523	PAIRED	https://ftp.sra.ebi.ac.uk/vol1/fastq/SRR138/023/SRR13893523/SRR13893523_1.fastq.gz	https://ftp.sra.ebi.ac.uk/vol1/fastq/SRR138/023/SRR13893523/SRR13893523_2.fastq.gz
SRR13893529	PAIRED	https://ftp.sra.ebi.ac.uk/vol1/fastq/SRR138/029/SRR13893529/SRR13893529_1.fastq.gz	https://ftp.sra.ebi.ac.uk/vol1/fastq/SRR138/029/SRR13893529/SRR13893529_2.fastq.gz
SRR14018333	PAIRED	https://ftp.sra.ebi.ac.uk/vol1/fastq/SRR140/033/SRR14018333/SRR14018333_1.fastq.gz	https://ftp.sra.ebi.ac.uk/vol1/fastq/SRR140/033/SRR14018333/SRR14018333_2.fastq.gz
SRR14084003	PAIRED	https://ftp.sra.ebi.ac.uk/vol1/fastq/SRR140/003/SRR14084003/SRR14084003_1.fastq.gz	https://ftp.sra.ebi.ac.uk/vol1/fastq/SRR140/003/SRR14084003/SRR14084003_2.fastq.gz
SRR14085672	PAIRED	https://ftp.sra.ebi.ac.uk/vol1/fastq/SRR140/072/SRR14085672/SRR14085672_1.fastq.gz	https://ftp.sra.ebi.ac.uk/vol1/fastq/SRR140/072/SRR14085672/SRR14085672_2.fastq.gz
SRR14131172	PAIRED	https://ftp.sra.ebi.ac.uk/vol1/fastq/SRR141/072/SRR14131172/SRR14131172_1.fastq.gz	https://ftp.sra.ebi.ac.uk/vol1/fastq/SRR141/072/SRR14131172/SRR14131172_2.fastq.gz
SRR14131355	PAIRED	https://ftp.sra.ebi.ac.uk/vol1/fastq/SRR141/055/SRR14131355/SRR14131355_1.fastq.gz	https://ftp.sra.ebi.ac.uk/vol1/fastq/SRR141/055/SRR14131355/SRR14131355_2.fastq.gz
SRR14194271	PAIRED	https://ftp.sra.ebi.ac.uk/vol1/fastq/SRR141/071/SRR14194271/SRR14194271_1.fastq.gz	https://ftp.sra.ebi.ac.uk/vol1/fastq/SRR141/071/SRR14194271/SRR14194271_2.fastq.gz
SRR14197423	PAIRED	https://ftp.sra.ebi.ac.uk/vol1/fastq/SRR141/023/SRR14197423/SRR14197423_1.fastq.gz	https://ftp.sra.ebi.ac.uk/vol1/fastq/SRR141/023/SRR14197423/SRR14197423_2.fastq.gz
SRR14197427	PAIRED	https://ftp.sra.ebi.ac.uk/vol1/fastq/SRR141/027/SRR14197427/SRR14197427_1.fastq.gz	https://ftp.sra.ebi.ac.uk/vol1/fastq/SRR141/027/SRR14197427/SRR14197427_2.fastq.gz
SRR14197429	PAIRED	https://ftp.sra.ebi.ac.uk/vol1/fastq/SRR141/029/SRR14197429/SRR14197429_1.fastq.gz	https://ftp.sra.ebi.ac.uk/vol1/fastq/SRR141/029/SRR14197429/SRR14197429_2.fastq.gz
SRR14319625	PAIRED	https://ftp.sra.ebi.ac.uk/vol1/fastq/SRR143/025/SRR14319625/SRR14319625_1.fastq.gz	https://ftp.sra.ebi.ac.uk/vol1/fastq/SRR143/025/SRR14319625/SRR14319625_2.fastq.gz
SRR14338899	PAIRED	https://ftp.sra.ebi.ac.uk/vol1/fastq/SRR143/099/SRR14338899/SRR14338899_1.fastq.gz	https://ftp.sra.ebi.ac.uk/vol1/fastq/SRR143/099/SRR14338899/SRR14338899_2.fastq.gz
SRR14402344	PAIRED	https://ftp.sra.ebi.ac.uk/vol1/fastq/SRR144/044/SRR14402344/SRR14402344_1.fastq.gz	https://ftp.sra.ebi.ac.uk/vol1/fastq/SRR144/044/SRR14402344/SRR14402344_2.fastq.gz
SRR14402371	PAIRED	https://ftp.sra.ebi.ac.uk/vol1/fastq/SRR144/071/SRR14402371/SRR14402371_1.fastq.gz	https://ftp.sra.ebi.ac.uk/vol1/fastq/SRR144/071/SRR14402371/SRR14402371_2.fastq.gz
SRR14402387	PAIRED	https://ftp.sra.ebi.ac.uk/vol1/fastq/SRR144/087/SRR14402387/SRR14402387_1.fastq.gz	https://ftp.sra.ebi.ac.uk/vol1/fastq/SRR144/087/SRR14402387/SRR14402387_2.fastq.gz
SRR14402397	PAIRED	https://ftp.sra.ebi.ac.uk/vol1/fastq/SRR144/097/SRR14402397/SRR14402397_1.fastq.gz	https://ftp.sra.ebi.ac.uk/vol1/fastq/SRR144/097/SRR14402397/SRR14402397_2.fastq.gz
SRR14402404	PAIRED	https://ftp.sra.ebi.ac.uk/vol1/fastq/SRR144/004/SRR14402404/SRR14402404_1.fastq.gz	https://ftp.sra.ebi.ac.uk/vol1/fastq/SRR144/004/SRR14402404/SRR14402404_2.fastq.gz
SRR14402478	PAIRED	https://ftp.sra.ebi.ac.uk/vol1/fastq/SRR144/078/SRR14402478/SRR14402478_1.fastq.gz	https://ftp.sra.ebi.ac.uk/vol1/fastq/SRR144/078/SRR14402478/SRR14402478_2.fastq.gz
SRR14402482	PAIRED	https://ftp.sra.ebi.ac.uk/vol1/fastq/SRR144/082/SRR14402482/SRR14402482_1.fastq.gz	https://ftp.sra.ebi.ac.uk/vol1/fastq/SRR144/082/SRR14402482/SRR14402482_2.fastq.gz
SRR14402531	PAIRED	https://ftp.sra.ebi.ac.uk/vol1/fastq/SRR144/031/SRR14402531/SRR14402531_1.fastq.gz	https://ftp.sra.ebi.ac.uk/vol1/fastq/SRR144/031/SRR14402531/SRR14402531_2.fastq.gz
SRR14402547	PAIRED	https://ftp.sra.ebi.ac.uk/vol1/fastq/SRR144/047/SRR14402547/SRR14402547_1.fastq.gz	https://ftp.sra.ebi.ac.uk/vol1/fastq/SRR144/047/SRR14402547/SRR14402547_2.fastq.gz
SRR14402603	PAIRED	https://ftp.sra.ebi.ac.uk/vol1/fastq/SRR144/003/SRR14402603/SRR14402603_1.fastq.gz	https://ftp.sra.ebi.ac.uk/vol1/fastq/SRR144/003/SRR14402603/SRR14402603_2.fastq.gz
SRR14402620	PAIRED	https://ftp.sra.ebi.ac.uk/vol1/fastq/SRR144/020/SRR14402620/SRR14402620_1.fastq.gz	https://ftp.sra.ebi.ac.uk/vol1/fastq/SRR144/020/SRR14402620/SRR14402620_2.fastq.gz
SRR14402624	PAIRED	https://ftp.sra.ebi.ac.uk/vol1/fastq/SRR144/024/SRR14402624/SRR14402624_1.fastq.gz	https://ftp.sra.ebi.ac.uk/vol1/fastq/SRR144/024/SRR14402624/SRR14402624_2.fastq.gz
SRR14449320	PAIRED	https://ftp.sra.ebi.ac.uk/vol1/fastq/SRR144/020/SRR14449320/SRR14449320_1.fastq.gz	https://ftp.sra.ebi.ac.uk/vol1/fastq/SRR144/020/SRR14449320/SRR14449320_2.fastq.gz
SRR14449361	PAIRED	https://ftp.sra.ebi.ac.uk/vol1/fastq/SRR144/061/SRR14449361/SRR14449361_1.fastq.gz	https://ftp.sra.ebi.ac.uk/vol1/fastq/SRR144/061/SRR14449361/SRR14449361_2.fastq.gz
SRR14449366	PAIRED	https://ftp.sra.ebi.ac.uk/vol1/fastq/SRR144/066/SRR14449366/SRR14449366_1.fastq.gz	https://ftp.sra.ebi.ac.uk/vol1/fastq/SRR144/066/SRR14449366/SRR14449366_2.fastq.gz
SRR14449458	PAIRED	https://ftp.sra.ebi.ac.uk/vol1/fastq/SRR144/058/SRR14449458/SRR14449458_1.fastq.gz	https://ftp.sra.ebi.ac.uk/vol1/fastq/SRR144/058/SRR14449458/SRR14449458_2.fastq.gz
SRR14449491	PAIRED	https://ftp.sra.ebi.ac.uk/vol1/fastq/SRR144/091/SRR14449491/SRR14449491_1.fastq.gz	https://ftp.sra.ebi.ac.uk/vol1/fastq/SRR144/091/SRR14449491/SRR14449491_2.fastq.gz
SRR14449511	PAIRED	https://ftp.sra.ebi.ac.uk/vol1/fastq/SRR144/011/SRR14449511/SRR14449511_1.fastq.gz	https://ftp.sra.ebi.ac.uk/vol1/fastq/SRR144/011/SRR14449511/SRR14449511_2.fastq.gz
SRR14449513	PAIRED	https://ftp.sra.ebi.ac.uk/vol1/fastq/SRR144/013/SRR14449513/SRR14449513_1.fastq.gz	https://ftp.sra.ebi.ac.uk/vol1/fastq/SRR144/013/SRR14449513/SRR14449513_2.fastq.gz
SRR14449563	PAIRED	https://ftp.sra.ebi.ac.uk/vol1/fastq/SRR144/063/SRR14449563/SRR14449563_1.fastq.gz	https://ftp.sra.ebi.ac.uk/vol1/fastq/SRR144/063/SRR14449563/SRR14449563_2.fastq.gz
SRR14449566	PAIRED	https://ftp.sra.ebi.ac.uk/vol1/fastq/SRR144/066/SRR14449566/SRR14449566_1.fastq.gz	https://ftp.sra.ebi.ac.uk/vol1/fastq/SRR144/066/SRR14449566/SRR14449566_2.fastq.gz
SRR14449572	PAIRED	https://ftp.sra.ebi.ac.uk/vol1/fastq/SRR144/072/SRR14449572/SRR14449572_1.fastq.gz	https://ftp.sra.ebi.ac.uk/vol1/fastq/SRR144/072/SRR14449572/SRR14449572_2.fastq.gz
SRR14449582	PAIRED	https://ftp.sra.ebi.ac.uk/vol1/fastq/SRR144/082/SRR14449582/SRR14449582_1.fastq.gz	https://ftp.sra.ebi.ac.uk/vol1/fastq/SRR144/082/SRR14449582/SRR14449582_2.fastq.gz
SRR14449614	PAIRED	https://ftp.sra.ebi.ac.uk/vol1/fastq/SRR144/014/SRR14449614/SRR14449614_1.fastq.gz	https://ftp.sra.ebi.ac.uk/vol1/fastq/SRR144/014/SRR14449614/SRR14449614_2.fastq.gz
SRR14449652	PAIRED	https://ftp.sra.ebi.ac.uk/vol1/fastq/SRR144/052/SRR14449652/SRR14449652_1.fastq.gz	https://ftp.sra.ebi.ac.uk/vol1/fastq/SRR144/052/SRR14449652/SRR14449652_2.fastq.gz
SRR14449695	PAIRED	https://ftp.sra.ebi.ac.uk/vol1/fastq/SRR144/095/SRR14449695/SRR14449695_1.fastq.gz	https://ftp.sra.ebi.ac.uk/vol1/fastq/SRR144/095/SRR14449695/SRR14449695_2.fastq.gz
SRR14449787	PAIRED	https://ftp.sra.ebi.ac.uk/vol1/fastq/SRR144/087/SRR14449787/SRR14449787_1.fastq.gz	https://ftp.sra.ebi.ac.uk/vol1/fastq/SRR144/087/SRR14449787/SRR14449787_2.fastq.gz
SRR14449803	PAIRED	https://ftp.sra.ebi.ac.uk/vol1/fastq/SRR144/003/SRR14449803/SRR14449803_1.fastq.gz	https://ftp.sra.ebi.ac.uk/vol1/fastq/SRR144/003/SRR14449803/SRR14449803_2.fastq.gz
SRR14449819	PAIRED	https://ftp.sra.ebi.ac.uk/vol1/fastq/SRR144/019/SRR14449819/SRR14449819_1.fastq.gz	https://ftp.sra.ebi.ac.uk/vol1/fastq/SRR144/019/SRR14449819/SRR14449819_2.fastq.gz
SRR14449836	PAIRED	https://ftp.sra.ebi.ac.uk/vol1/fastq/SRR144/036/SRR14449836/SRR14449836_1.fastq.gz	https://ftp.sra.ebi.ac.uk/vol1/fastq/SRR144/036/SRR14449836/SRR14449836_2.fastq.gz
SRR14449859	PAIRED	https://ftp.sra.ebi.ac.uk/vol1/fastq/SRR144/059/SRR14449859/SRR14449859_1.fastq.gz	https://ftp.sra.ebi.ac.uk/vol1/fastq/SRR144/059/SRR14449859/SRR14449859_2.fastq.gz
SRR14449874	PAIRED	https://ftp.sra.ebi.ac.uk/vol1/fastq/SRR144/074/SRR14449874/SRR14449874_1.fastq.gz	https://ftp.sra.ebi.ac.uk/vol1/fastq/SRR144/074/SRR14449874/SRR14449874_2.fastq.gz
SRR14449878	PAIRED	https://ftp.sra.ebi.ac.uk/vol1/fastq/SRR144/078/SRR14449878/SRR14449878_1.fastq.gz	https://ftp.sra.ebi.ac.uk/vol1/fastq/SRR144/078/SRR14449878/SRR14449878_2.fastq.gz
SRR14449916	PAIRED	https://ftp.sra.ebi.ac.uk/vol1/fastq/SRR144/016/SRR14449916/SRR14449916_1.fastq.gz	https://ftp.sra.ebi.ac.uk/vol1/fastq/SRR144/016/SRR14449916/SRR14449916_2.fastq.gz
SRR14449947	PAIRED	https://ftp.sra.ebi.ac.uk/vol1/fastq/SRR144/047/SRR14449947/SRR14449947_1.fastq.gz	https://ftp.sra.ebi.ac.uk/vol1/fastq/SRR144/047/SRR14449947/SRR14449947_2.fastq.gz
SRR14449969	PAIRED	https://ftp.sra.ebi.ac.uk/vol1/fastq/SRR144/069/SRR14449969/SRR14449969_1.fastq.gz	https://ftp.sra.ebi.ac.uk/vol1/fastq/SRR144/069/SRR14449969/SRR14449969_2.fastq.gz
SRR14449999	PAIRED	https://ftp.sra.ebi.ac.uk/vol1/fastq/SRR144/099/SRR14449999/SRR14449999_1.fastq.gz	https://ftp.sra.ebi.ac.uk/vol1/fastq/SRR144/099/SRR14449999/SRR14449999_2.fastq.gz
SRR14450011	PAIRED	https://ftp.sra.ebi.ac.uk/vol1/fastq/SRR144/011/SRR14450011/SRR14450011_1.fastq.gz	https://ftp.sra.ebi.ac.uk/vol1/fastq/SRR144/011/SRR14450011/SRR14450011_2.fastq.gz
SRR14450023	PAIRED	https://ftp.sra.ebi.ac.uk/vol1/fastq/SRR144/023/SRR14450023/SRR14450023_1.fastq.gz	https://ftp.sra.ebi.ac.uk/vol1/fastq/SRR144/023/SRR14450023/SRR14450023_2.fastq.gz
SRR14450059	PAIRED	https://ftp.sra.ebi.ac.uk/vol1/fastq/SRR144/059/SRR14450059/SRR14450059_1.fastq.gz	https://ftp.sra.ebi.ac.uk/vol1/fastq/SRR144/059/SRR14450059/SRR14450059_2.fastq.gz
SRR14450080	PAIRED	https://ftp.sra.ebi.ac.uk/vol1/fastq/SRR144/080/SRR14450080/SRR14450080_1.fastq.gz	https://ftp.sra.ebi.ac.uk/vol1/fastq/SRR144/080/SRR14450080/SRR14450080_2.fastq.gz
SRR14450242	PAIRED	https://ftp.sra.ebi.ac.uk/vol1/fastq/SRR144/042/SRR14450242/SRR14450242_1.fastq.gz	https://ftp.sra.ebi.ac.uk/vol1/fastq/SRR144/042/SRR14450242/SRR14450242_2.fastq.gz
SRR14450251	PAIRED	https://ftp.sra.ebi.ac.uk/vol1/fastq/SRR144/051/SRR14450251/SRR14450251_1.fastq.gz	https://ftp.sra.ebi.ac.uk/vol1/fastq/SRR144/051/SRR14450251/SRR14450251_2.fastq.gz
SRR14450254	PAIRED	https://ftp.sra.ebi.ac.uk/vol1/fastq/SRR144/054/SRR14450254/SRR14450254_1.fastq.gz	https://ftp.sra.ebi.ac.uk/vol1/fastq/SRR144/054/SRR14450254/SRR14450254_2.fastq.gz
SRR14450276	PAIRED	https://ftp.sra.ebi.ac.uk/vol1/fastq/SRR144/076/SRR14450276/SRR14450276_1.fastq.gz	https://ftp.sra.ebi.ac.uk/vol1/fastq/SRR144/076/SRR14450276/SRR14450276_2.fastq.gz
SRR14450285	PAIRED	https://ftp.sra.ebi.ac.uk/vol1/fastq/SRR144/085/SRR14450285/SRR14450285_1.fastq.gz	https://ftp.sra.ebi.ac.uk/vol1/fastq/SRR144/085/SRR14450285/SRR14450285_2.fastq.gz
SRR14532113	PAIRED	https://ftp.sra.ebi.ac.uk/vol1/fastq/SRR145/013/SRR14532113/SRR14532113_1.fastq.gz	https://ftp.sra.ebi.ac.uk/vol1/fastq/SRR145/013/SRR14532113/SRR14532113_2.fastq.gz
SRR14532126	PAIRED	https://ftp.sra.ebi.ac.uk/vol1/fastq/SRR145/026/SRR14532126/SRR14532126_1.fastq.gz	https://ftp.sra.ebi.ac.uk/vol1/fastq/SRR145/026/SRR14532126/SRR14532126_2.fastq.gz
SRR14537207	PAIRED	https://ftp.sra.ebi.ac.uk/vol1/fastq/SRR145/007/SRR14537207/SRR14537207_1.fastq.gz	https://ftp.sra.ebi.ac.uk/vol1/fastq/SRR145/007/SRR14537207/SRR14537207_2.fastq.gz
SRR14584974	PAIRED	https://ftp.sra.ebi.ac.uk/vol1/fastq/SRR145/074/SRR14584974/SRR14584974_1.fastq.gz	https://ftp.sra.ebi.ac.uk/vol1/fastq/SRR145/074/SRR14584974/SRR14584974_2.fastq.gz
SRR14673410	PAIRED	https://ftp.sra.ebi.ac.uk/vol1/fastq/SRR146/010/SRR14673410/SRR14673410_1.fastq.gz	https://ftp.sra.ebi.ac.uk/vol1/fastq/SRR146/010/SRR14673410/SRR14673410_2.fastq.gz
SRR14673424	PAIRED	https://ftp.sra.ebi.ac.uk/vol1/fastq/SRR146/024/SRR14673424/SRR14673424_1.fastq.gz	https://ftp.sra.ebi.ac.uk/vol1/fastq/SRR146/024/SRR14673424/SRR14673424_2.fastq.gz
SRR14673430	PAIRED	https://ftp.sra.ebi.ac.uk/vol1/fastq/SRR146/030/SRR14673430/SRR14673430_1.fastq.gz	https://ftp.sra.ebi.ac.uk/vol1/fastq/SRR146/030/SRR14673430/SRR14673430_2.fastq.gz
SRR14673449	PAIRED	https://ftp.sra.ebi.ac.uk/vol1/fastq/SRR146/049/SRR14673449/SRR14673449_1.fastq.gz	https://ftp.sra.ebi.ac.uk/vol1/fastq/SRR146/049/SRR14673449/SRR14673449_2.fastq.gz
SRR14673462	PAIRED	https://ftp.sra.ebi.ac.uk/vol1/fastq/SRR146/062/SRR14673462/SRR14673462_1.fastq.gz	https://ftp.sra.ebi.ac.uk/vol1/fastq/SRR146/062/SRR14673462/SRR14673462_2.fastq.gz
SRR14673490	PAIRED	https://ftp.sra.ebi.ac.uk/vol1/fastq/SRR146/090/SRR14673490/SRR14673490_1.fastq.gz	https://ftp.sra.ebi.ac.uk/vol1/fastq/SRR146/090/SRR14673490/SRR14673490_2.fastq.gz
SRR14673491	PAIRED	https://ftp.sra.ebi.ac.uk/vol1/fastq/SRR146/091/SRR14673491/SRR14673491_1.fastq.gz	https://ftp.sra.ebi.ac.uk/vol1/fastq/SRR146/091/SRR14673491/SRR14673491_2.fastq.gz
SRR14681382	PAIRED	https://ftp.sra.ebi.ac.uk/vol1/fastq/SRR146/082/SRR14681382/SRR14681382_1.fastq.gz	https://ftp.sra.ebi.ac.uk/vol1/fastq/SRR146/082/SRR14681382/SRR14681382_2.fastq.gz
SRR14681383	PAIRED	https://ftp.sra.ebi.ac.uk/vol1/fastq/SRR146/083/SRR14681383/SRR14681383_1.fastq.gz	https://ftp.sra.ebi.ac.uk/vol1/fastq/SRR146/083/SRR14681383/SRR14681383_2.fastq.gz
SRR14683078	PAIRED	https://ftp.sra.ebi.ac.uk/vol1/fastq/SRR146/078/SRR14683078/SRR14683078_1.fastq.gz	https://ftp.sra.ebi.ac.uk/vol1/fastq/SRR146/078/SRR14683078/SRR14683078_2.fastq.gz
SRR14707622	PAIRED	https://ftp.sra.ebi.ac.uk/vol1/fastq/SRR147/022/SRR14707622/SRR14707622_1.fastq.gz	https://ftp.sra.ebi.ac.uk/vol1/fastq/SRR147/022/SRR14707622/SRR14707622_2.fastq.gz
SRR14820318	PAIRED	https://ftp.sra.ebi.ac.uk/vol1/fastq/SRR148/018/SRR14820318/SRR14820318_1.fastq.gz	https://ftp.sra.ebi.ac.uk/vol1/fastq/SRR148/018/SRR14820318/SRR14820318_2.fastq.gz
SRR14831717	PAIRED	https://ftp.sra.ebi.ac.uk/vol1/fastq/SRR148/017/SRR14831717/SRR14831717_1.fastq.gz	https://ftp.sra.ebi.ac.uk/vol1/fastq/SRR148/017/SRR14831717/SRR14831717_2.fastq.gz
SRR14861788	PAIRED	https://ftp.sra.ebi.ac.uk/vol1/fastq/SRR148/088/SRR14861788/SRR14861788_1.fastq.gz	https://ftp.sra.ebi.ac.uk/vol1/fastq/SRR148/088/SRR14861788/SRR14861788_2.fastq.gz
SRR14935839	PAIRED	https://ftp.sra.ebi.ac.uk/vol1/fastq/SRR149/039/SRR14935839/SRR14935839_1.fastq.gz	https://ftp.sra.ebi.ac.uk/vol1/fastq/SRR149/039/SRR14935839/SRR14935839_2.fastq.gz
SRR14935969	PAIRED	https://ftp.sra.ebi.ac.uk/vol1/fastq/SRR149/069/SRR14935969/SRR14935969_1.fastq.gz	https://ftp.sra.ebi.ac.uk/vol1/fastq/SRR149/069/SRR14935969/SRR14935969_2.fastq.gz
SRR14936237	PAIRED	https://ftp.sra.ebi.ac.uk/vol1/fastq/SRR149/037/SRR14936237/SRR14936237_1.fastq.gz	https://ftp.sra.ebi.ac.uk/vol1/fastq/SRR149/037/SRR14936237/SRR14936237_2.fastq.gz
SRR14975319	PAIRED	https://ftp.sra.ebi.ac.uk/vol1/fastq/SRR149/019/SRR14975319/SRR14975319_1.fastq.gz	https://ftp.sra.ebi.ac.uk/vol1/fastq/SRR149/019/SRR14975319/SRR14975319_2.fastq.gz
SRR14982109	PAIRED	https://ftp.sra.ebi.ac.uk/vol1/fastq/SRR149/009/SRR14982109/SRR14982109_1.fastq.gz	https://ftp.sra.ebi.ac.uk/vol1/fastq/SRR149/009/SRR14982109/SRR14982109_2.fastq.gz
SRR14986327	PAIRED	https://ftp.sra.ebi.ac.uk/vol1/fastq/SRR149/027/SRR14986327/SRR14986327_1.fastq.gz	https://ftp.sra.ebi.ac.uk/vol1/fastq/SRR149/027/SRR14986327/SRR14986327_2.fastq.gz
SRR14986329	PAIRED	https://ftp.sra.ebi.ac.uk/vol1/fastq/SRR149/029/SRR14986329/SRR14986329_1.fastq.gz	https://ftp.sra.ebi.ac.uk/vol1/fastq/SRR149/029/SRR14986329/SRR14986329_2.fastq.gz
SRR14999717	PAIRED	https://ftp.sra.ebi.ac.uk/vol1/fastq/SRR149/017/SRR14999717/SRR14999717_1.fastq.gz	https://ftp.sra.ebi.ac.uk/vol1/fastq/SRR149/017/SRR14999717/SRR14999717_2.fastq.gz
SRR15047234	PAIRED	https://ftp.sra.ebi.ac.uk/vol1/fastq/SRR150/034/SRR15047234/SRR15047234_1.fastq.gz	https://ftp.sra.ebi.ac.uk/vol1/fastq/SRR150/034/SRR15047234/SRR15047234_2.fastq.gz
SRR15047250	PAIRED	https://ftp.sra.ebi.ac.uk/vol1/fastq/SRR150/050/SRR15047250/SRR15047250_1.fastq.gz	https://ftp.sra.ebi.ac.uk/vol1/fastq/SRR150/050/SRR15047250/SRR15047250_2.fastq.gz
SRR15097902	PAIRED	https://ftp.sra.ebi.ac.uk/vol1/fastq/SRR150/002/SRR15097902/SRR15097902_1.fastq.gz	https://ftp.sra.ebi.ac.uk/vol1/fastq/SRR150/002/SRR15097902/SRR15097902_2.fastq.gz
SRR15097922	PAIRED	https://ftp.sra.ebi.ac.uk/vol1/fastq/SRR150/022/SRR15097922/SRR15097922_1.fastq.gz	https://ftp.sra.ebi.ac.uk/vol1/fastq/SRR150/022/SRR15097922/SRR15097922_2.fastq.gz
SRR15097977	PAIRED	https://ftp.sra.ebi.ac.uk/vol1/fastq/SRR150/077/SRR15097977/SRR15097977_1.fastq.gz	https://ftp.sra.ebi.ac.uk/vol1/fastq/SRR150/077/SRR15097977/SRR15097977_2.fastq.gz
SRR15098028	PAIRED	https://ftp.sra.ebi.ac.uk/vol1/fastq/SRR150/028/SRR15098028/SRR15098028_1.fastq.gz	https://ftp.sra.ebi.ac.uk/vol1/fastq/SRR150/028/SRR15098028/SRR15098028_2.fastq.gz
SRR15098052	PAIRED	https://ftp.sra.ebi.ac.uk/vol1/fastq/SRR150/052/SRR15098052/SRR15098052_1.fastq.gz	https://ftp.sra.ebi.ac.uk/vol1/fastq/SRR150/052/SRR15098052/SRR15098052_2.fastq.gz
SRR15098054	PAIRED	https://ftp.sra.ebi.ac.uk/vol1/fastq/SRR150/054/SRR15098054/SRR15098054_1.fastq.gz	https://ftp.sra.ebi.ac.uk/vol1/fastq/SRR150/054/SRR15098054/SRR15098054_2.fastq.gz
SRR15098075	PAIRED	https://ftp.sra.ebi.ac.uk/vol1/fastq/SRR150/075/SRR15098075/SRR15098075_1.fastq.gz	https://ftp.sra.ebi.ac.uk/vol1/fastq/SRR150/075/SRR15098075/SRR15098075_2.fastq.gz
SRR15098098	PAIRED	https://ftp.sra.ebi.ac.uk/vol1/fastq/SRR150/098/SRR15098098/SRR15098098_1.fastq.gz	https://ftp.sra.ebi.ac.uk/vol1/fastq/SRR150/098/SRR15098098/SRR15098098_2.fastq.gz
SRR15098127	PAIRED	https://ftp.sra.ebi.ac.uk/vol1/fastq/SRR150/027/SRR15098127/SRR15098127_1.fastq.gz	https://ftp.sra.ebi.ac.uk/vol1/fastq/SRR150/027/SRR15098127/SRR15098127_2.fastq.gz
SRR15098140	PAIRED	https://ftp.sra.ebi.ac.uk/vol1/fastq/SRR150/040/SRR15098140/SRR15098140_1.fastq.gz	https://ftp.sra.ebi.ac.uk/vol1/fastq/SRR150/040/SRR15098140/SRR15098140_2.fastq.gz
SRR15098142	PAIRED	https://ftp.sra.ebi.ac.uk/vol1/fastq/SRR150/042/SRR15098142/SRR15098142_1.fastq.gz	https://ftp.sra.ebi.ac.uk/vol1/fastq/SRR150/042/SRR15098142/SRR15098142_2.fastq.gz
SRR15167070	PAIRED	https://ftp.sra.ebi.ac.uk/vol1/fastq/SRR151/070/SRR15167070/SRR15167070_1.fastq.gz	https://ftp.sra.ebi.ac.uk/vol1/fastq/SRR151/070/SRR15167070/SRR15167070_2.fastq.gz
SRR15215613	PAIRED	https://ftp.sra.ebi.ac.uk/vol1/fastq/SRR152/013/SRR15215613/SRR15215613_1.fastq.gz	https://ftp.sra.ebi.ac.uk/vol1/fastq/SRR152/013/SRR15215613/SRR15215613_2.fastq.gz
SRR15254030	PAIRED	https://ftp.sra.ebi.ac.uk/vol1/fastq/SRR152/030/SRR15254030/SRR15254030_1.fastq.gz	https://ftp.sra.ebi.ac.uk/vol1/fastq/SRR152/030/SRR15254030/SRR15254030_2.fastq.gz
SRR15340828	PAIRED	https://ftp.sra.ebi.ac.uk/vol1/fastq/SRR153/028/SRR15340828/SRR15340828_1.fastq.gz	https://ftp.sra.ebi.ac.uk/vol1/fastq/SRR153/028/SRR15340828/SRR15340828_2.fastq.gz
SRR15342705	PAIRED	https://ftp.sra.ebi.ac.uk/vol1/fastq/SRR153/005/SRR15342705/SRR15342705_1.fastq.gz	https://ftp.sra.ebi.ac.uk/vol1/fastq/SRR153/005/SRR15342705/SRR15342705_2.fastq.gz
SRR15348076	PAIRED	https://ftp.sra.ebi.ac.uk/vol1/fastq/SRR153/076/SRR15348076/SRR15348076_1.fastq.gz	https://ftp.sra.ebi.ac.uk/vol1/fastq/SRR153/076/SRR15348076/SRR15348076_2.fastq.gz
SRR15348078	PAIRED	https://ftp.sra.ebi.ac.uk/vol1/fastq/SRR153/078/SRR15348078/SRR15348078_1.fastq.gz	https://ftp.sra.ebi.ac.uk/vol1/fastq/SRR153/078/SRR15348078/SRR15348078_2.fastq.gz
SRR15348081	PAIRED	https://ftp.sra.ebi.ac.uk/vol1/fastq/SRR153/081/SRR15348081/SRR15348081_1.fastq.gz	https://ftp.sra.ebi.ac.uk/vol1/fastq/SRR153/081/SRR15348081/SRR15348081_2.fastq.gz
SRR15348082	PAIRED	https://ftp.sra.ebi.ac.uk/vol1/fastq/SRR153/082/SRR15348082/SRR15348082_1.fastq.gz	https://ftp.sra.ebi.ac.uk/vol1/fastq/SRR153/082/SRR15348082/SRR15348082_2.fastq.gz
SRR15362812	PAIRED	https://ftp.sra.ebi.ac.uk/vol1/fastq/SRR153/012/SRR15362812/SRR15362812_1.fastq.gz	https://ftp.sra.ebi.ac.uk/vol1/fastq/SRR153/012/SRR15362812/SRR15362812_2.fastq.gz
SRR15569525	PAIRED	https://ftp.sra.ebi.ac.uk/vol1/fastq/SRR155/025/SRR15569525/SRR15569525_1.fastq.gz	https://ftp.sra.ebi.ac.uk/vol1/fastq/SRR155/025/SRR15569525/SRR15569525_2.fastq.gz
SRR15569528	PAIRED	https://ftp.sra.ebi.ac.uk/vol1/fastq/SRR155/028/SRR15569528/SRR15569528_1.fastq.gz	https://ftp.sra.ebi.ac.uk/vol1/fastq/SRR155/028/SRR15569528/SRR15569528_2.fastq.gz
SRR15569537	PAIRED	https://ftp.sra.ebi.ac.uk/vol1/fastq/SRR155/037/SRR15569537/SRR15569537_1.fastq.gz	https://ftp.sra.ebi.ac.uk/vol1/fastq/SRR155/037/SRR15569537/SRR15569537_2.fastq.gz
SRR15569538	PAIRED	https://ftp.sra.ebi.ac.uk/vol1/fastq/SRR155/038/SRR15569538/SRR15569538_1.fastq.gz	https://ftp.sra.ebi.ac.uk/vol1/fastq/SRR155/038/SRR15569538/SRR15569538_2.fastq.gz
SRR15569543	PAIRED	https://ftp.sra.ebi.ac.uk/vol1/fastq/SRR155/043/SRR15569543/SRR15569543_1.fastq.gz	https://ftp.sra.ebi.ac.uk/vol1/fastq/SRR155/043/SRR15569543/SRR15569543_2.fastq.gz
SRR15569544	PAIRED	https://ftp.sra.ebi.ac.uk/vol1/fastq/SRR155/044/SRR15569544/SRR15569544_1.fastq.gz	https://ftp.sra.ebi.ac.uk/vol1/fastq/SRR155/044/SRR15569544/SRR15569544_2.fastq.gz
SRR15569546	PAIRED	https://ftp.sra.ebi.ac.uk/vol1/fastq/SRR155/046/SRR15569546/SRR15569546_1.fastq.gz	https://ftp.sra.ebi.ac.uk/vol1/fastq/SRR155/046/SRR15569546/SRR15569546_2.fastq.gz
SRR15569547	PAIRED	https://ftp.sra.ebi.ac.uk/vol1/fastq/SRR155/047/SRR15569547/SRR15569547_1.fastq.gz	https://ftp.sra.ebi.ac.uk/vol1/fastq/SRR155/047/SRR15569547/SRR15569547_2.fastq.gz
SRR15569583	PAIRED	https://ftp.sra.ebi.ac.uk/vol1/fastq/SRR155/083/SRR15569583/SRR15569583_1.fastq.gz	https://ftp.sra.ebi.ac.uk/vol1/fastq/SRR155/083/SRR15569583/SRR15569583_2.fastq.gz
SRR15569611	PAIRED	https://ftp.sra.ebi.ac.uk/vol1/fastq/SRR155/011/SRR15569611/SRR15569611_1.fastq.gz	https://ftp.sra.ebi.ac.uk/vol1/fastq/SRR155/011/SRR15569611/SRR15569611_2.fastq.gz
SRR15569616	PAIRED	https://ftp.sra.ebi.ac.uk/vol1/fastq/SRR155/016/SRR15569616/SRR15569616_1.fastq.gz	https://ftp.sra.ebi.ac.uk/vol1/fastq/SRR155/016/SRR15569616/SRR15569616_2.fastq.gz
SRR15569617	PAIRED	https://ftp.sra.ebi.ac.uk/vol1/fastq/SRR155/017/SRR15569617/SRR15569617_1.fastq.gz	https://ftp.sra.ebi.ac.uk/vol1/fastq/SRR155/017/SRR15569617/SRR15569617_2.fastq.gz
SRR1561209	PAIRED	https://ftp.sra.ebi.ac.uk/vol1/fastq/SRR156/009/SRR1561209/SRR1561209_1.fastq.gz	https://ftp.sra.ebi.ac.uk/vol1/fastq/SRR156/009/SRR1561209/SRR1561209_2.fastq.gz
SRR1561213	PAIRED	https://ftp.sra.ebi.ac.uk/vol1/fastq/SRR156/003/SRR1561213/SRR1561213_1.fastq.gz	https://ftp.sra.ebi.ac.uk/vol1/fastq/SRR156/003/SRR1561213/SRR1561213_2.fastq.gz
SRR1561291	PAIRED	https://ftp.sra.ebi.ac.uk/vol1/fastq/SRR156/001/SRR1561291/SRR1561291_1.fastq.gz	https://ftp.sra.ebi.ac.uk/vol1/fastq/SRR156/001/SRR1561291/SRR1561291_2.fastq.gz
SRR1561297	PAIRED	https://ftp.sra.ebi.ac.uk/vol1/fastq/SRR156/007/SRR1561297/SRR1561297_1.fastq.gz	https://ftp.sra.ebi.ac.uk/vol1/fastq/SRR156/007/SRR1561297/SRR1561297_2.fastq.gz
SRR15695256	PAIRED	https://ftp.sra.ebi.ac.uk/vol1/fastq/SRR156/056/SRR15695256/SRR15695256_1.fastq.gz	https://ftp.sra.ebi.ac.uk/vol1/fastq/SRR156/056/SRR15695256/SRR15695256_2.fastq.gz
SRR15695262	PAIRED	https://ftp.sra.ebi.ac.uk/vol1/fastq/SRR156/062/SRR15695262/SRR15695262_1.fastq.gz	https://ftp.sra.ebi.ac.uk/vol1/fastq/SRR156/062/SRR15695262/SRR15695262_2.fastq.gz
SRR15695263	PAIRED	https://ftp.sra.ebi.ac.uk/vol1/fastq/SRR156/063/SRR15695263/SRR15695263_1.fastq.gz	https://ftp.sra.ebi.ac.uk/vol1/fastq/SRR156/063/SRR15695263/SRR15695263_2.fastq.gz
SRR15695264	PAIRED	https://ftp.sra.ebi.ac.uk/vol1/fastq/SRR156/064/SRR15695264/SRR15695264_1.fastq.gz	https://ftp.sra.ebi.ac.uk/vol1/fastq/SRR156/064/SRR15695264/SRR15695264_2.fastq.gz
SRR15695290	PAIRED	https://ftp.sra.ebi.ac.uk/vol1/fastq/SRR156/090/SRR15695290/SRR15695290_1.fastq.gz	https://ftp.sra.ebi.ac.uk/vol1/fastq/SRR156/090/SRR15695290/SRR15695290_2.fastq.gz
SRR15695293	PAIRED	https://ftp.sra.ebi.ac.uk/vol1/fastq/SRR156/093/SRR15695293/SRR15695293_1.fastq.gz	https://ftp.sra.ebi.ac.uk/vol1/fastq/SRR156/093/SRR15695293/SRR15695293_2.fastq.gz
SRR15695322	PAIRED	https://ftp.sra.ebi.ac.uk/vol1/fastq/SRR156/022/SRR15695322/SRR15695322_1.fastq.gz	https://ftp.sra.ebi.ac.uk/vol1/fastq/SRR156/022/SRR15695322/SRR15695322_2.fastq.gz
SRR15695350	PAIRED	https://ftp.sra.ebi.ac.uk/vol1/fastq/SRR156/050/SRR15695350/SRR15695350_1.fastq.gz	https://ftp.sra.ebi.ac.uk/vol1/fastq/SRR156/050/SRR15695350/SRR15695350_2.fastq.gz
SRR15695384	PAIRED	https://ftp.sra.ebi.ac.uk/vol1/fastq/SRR156/084/SRR15695384/SRR15695384_1.fastq.gz	https://ftp.sra.ebi.ac.uk/vol1/fastq/SRR156/084/SRR15695384/SRR15695384_2.fastq.gz
SRR15695455	PAIRED	https://ftp.sra.ebi.ac.uk/vol1/fastq/SRR156/055/SRR15695455/SRR15695455_1.fastq.gz	https://ftp.sra.ebi.ac.uk/vol1/fastq/SRR156/055/SRR15695455/SRR15695455_2.fastq.gz
SRR15695462	PAIRED	https://ftp.sra.ebi.ac.uk/vol1/fastq/SRR156/062/SRR15695462/SRR15695462_1.fastq.gz	https://ftp.sra.ebi.ac.uk/vol1/fastq/SRR156/062/SRR15695462/SRR15695462_2.fastq.gz
SRR15695539	PAIRED	https://ftp.sra.ebi.ac.uk/vol1/fastq/SRR156/039/SRR15695539/SRR15695539_1.fastq.gz	https://ftp.sra.ebi.ac.uk/vol1/fastq/SRR156/039/SRR15695539/SRR15695539_2.fastq.gz
SRR15695544	PAIRED	https://ftp.sra.ebi.ac.uk/vol1/fastq/SRR156/044/SRR15695544/SRR15695544_1.fastq.gz	https://ftp.sra.ebi.ac.uk/vol1/fastq/SRR156/044/SRR15695544/SRR15695544_2.fastq.gz
SRR15695550	PAIRED	https://ftp.sra.ebi.ac.uk/vol1/fastq/SRR156/050/SRR15695550/SRR15695550_1.fastq.gz	https://ftp.sra.ebi.ac.uk/vol1/fastq/SRR156/050/SRR15695550/SRR15695550_2.fastq.gz
SRR15695575	PAIRED	https://ftp.sra.ebi.ac.uk/vol1/fastq/SRR156/075/SRR15695575/SRR15695575_1.fastq.gz	https://ftp.sra.ebi.ac.uk/vol1/fastq/SRR156/075/SRR15695575/SRR15695575_2.fastq.gz
SRR15695589	PAIRED	https://ftp.sra.ebi.ac.uk/vol1/fastq/SRR156/089/SRR15695589/SRR15695589_1.fastq.gz	https://ftp.sra.ebi.ac.uk/vol1/fastq/SRR156/089/SRR15695589/SRR15695589_2.fastq.gz
SRR15695616	PAIRED	https://ftp.sra.ebi.ac.uk/vol1/fastq/SRR156/016/SRR15695616/SRR15695616_1.fastq.gz	https://ftp.sra.ebi.ac.uk/vol1/fastq/SRR156/016/SRR15695616/SRR15695616_2.fastq.gz
SRR15695630	PAIRED	https://ftp.sra.ebi.ac.uk/vol1/fastq/SRR156/030/SRR15695630/SRR15695630_1.fastq.gz	https://ftp.sra.ebi.ac.uk/vol1/fastq/SRR156/030/SRR15695630/SRR15695630_2.fastq.gz
SRR15695652	PAIRED	https://ftp.sra.ebi.ac.uk/vol1/fastq/SRR156/052/SRR15695652/SRR15695652_1.fastq.gz	https://ftp.sra.ebi.ac.uk/vol1/fastq/SRR156/052/SRR15695652/SRR15695652_2.fastq.gz
SRR15695681	PAIRED	https://ftp.sra.ebi.ac.uk/vol1/fastq/SRR156/081/SRR15695681/SRR15695681_1.fastq.gz	https://ftp.sra.ebi.ac.uk/vol1/fastq/SRR156/081/SRR15695681/SRR15695681_2.fastq.gz
SRR15695687	PAIRED	https://ftp.sra.ebi.ac.uk/vol1/fastq/SRR156/087/SRR15695687/SRR15695687_1.fastq.gz	https://ftp.sra.ebi.ac.uk/vol1/fastq/SRR156/087/SRR15695687/SRR15695687_2.fastq.gz
SRR15695765	PAIRED	https://ftp.sra.ebi.ac.uk/vol1/fastq/SRR156/065/SRR15695765/SRR15695765_1.fastq.gz	https://ftp.sra.ebi.ac.uk/vol1/fastq/SRR156/065/SRR15695765/SRR15695765_2.fastq.gz
SRR15695770	PAIRED	https://ftp.sra.ebi.ac.uk/vol1/fastq/SRR156/070/SRR15695770/SRR15695770_1.fastq.gz	https://ftp.sra.ebi.ac.uk/vol1/fastq/SRR156/070/SRR15695770/SRR15695770_2.fastq.gz
SRR15695773	PAIRED	https://ftp.sra.ebi.ac.uk/vol1/fastq/SRR156/073/SRR15695773/SRR15695773_1.fastq.gz	https://ftp.sra.ebi.ac.uk/vol1/fastq/SRR156/073/SRR15695773/SRR15695773_2.fastq.gz
SRR15695788	PAIRED	https://ftp.sra.ebi.ac.uk/vol1/fastq/SRR156/088/SRR15695788/SRR15695788_1.fastq.gz	https://ftp.sra.ebi.ac.uk/vol1/fastq/SRR156/088/SRR15695788/SRR15695788_2.fastq.gz
SRR15695804	PAIRED	https://ftp.sra.ebi.ac.uk/vol1/fastq/SRR156/004/SRR15695804/SRR15695804_1.fastq.gz	https://ftp.sra.ebi.ac.uk/vol1/fastq/SRR156/004/SRR15695804/SRR15695804_2.fastq.gz
SRR15695849	PAIRED	https://ftp.sra.ebi.ac.uk/vol1/fastq/SRR156/049/SRR15695849/SRR15695849_1.fastq.gz	https://ftp.sra.ebi.ac.uk/vol1/fastq/SRR156/049/SRR15695849/SRR15695849_2.fastq.gz
SRR15695866	PAIRED	https://ftp.sra.ebi.ac.uk/vol1/fastq/SRR156/066/SRR15695866/SRR15695866_1.fastq.gz	https://ftp.sra.ebi.ac.uk/vol1/fastq/SRR156/066/SRR15695866/SRR15695866_2.fastq.gz
SRR15695881	PAIRED	https://ftp.sra.ebi.ac.uk/vol1/fastq/SRR156/081/SRR15695881/SRR15695881_1.fastq.gz	https://ftp.sra.ebi.ac.uk/vol1/fastq/SRR156/081/SRR15695881/SRR15695881_2.fastq.gz
SRR15695965	PAIRED	https://ftp.sra.ebi.ac.uk/vol1/fastq/SRR156/065/SRR15695965/SRR15695965_1.fastq.gz	https://ftp.sra.ebi.ac.uk/vol1/fastq/SRR156/065/SRR15695965/SRR15695965_2.fastq.gz
SRR15827846	PAIRED	https://ftp.sra.ebi.ac.uk/vol1/fastq/SRR158/046/SRR15827846/SRR15827846_1.fastq.gz	https://ftp.sra.ebi.ac.uk/vol1/fastq/SRR158/046/SRR15827846/SRR15827846_2.fastq.gz
SRR15827918	PAIRED	https://ftp.sra.ebi.ac.uk/vol1/fastq/SRR158/018/SRR15827918/SRR15827918_1.fastq.gz	https://ftp.sra.ebi.ac.uk/vol1/fastq/SRR158/018/SRR15827918/SRR15827918_2.fastq.gz
SRR1582871	PAIRED	https://ftp.sra.ebi.ac.uk/vol1/fastq/SRR158/001/SRR1582871/SRR1582871_1.fastq.gz	https://ftp.sra.ebi.ac.uk/vol1/fastq/SRR158/001/SRR1582871/SRR1582871_2.fastq.gz
SRR1582872	PAIRED	https://ftp.sra.ebi.ac.uk/vol1/fastq/SRR158/002/SRR1582872/SRR1582872_1.fastq.gz	https://ftp.sra.ebi.ac.uk/vol1/fastq/SRR158/002/SRR1582872/SRR1582872_2.fastq.gz
SRR1582874	PAIRED	https://ftp.sra.ebi.ac.uk/vol1/fastq/SRR158/004/SRR1582874/SRR1582874_1.fastq.gz	https://ftp.sra.ebi.ac.uk/vol1/fastq/SRR158/004/SRR1582874/SRR1582874_2.fastq.gz
SRR1582879	PAIRED	https://ftp.sra.ebi.ac.uk/vol1/fastq/SRR158/009/SRR1582879/SRR1582879_1.fastq.gz	https://ftp.sra.ebi.ac.uk/vol1/fastq/SRR158/009/SRR1582879/SRR1582879_2.fastq.gz
SRR1582887	PAIRED	https://ftp.sra.ebi.ac.uk/vol1/fastq/SRR158/007/SRR1582887/SRR1582887_1.fastq.gz	https://ftp.sra.ebi.ac.uk/vol1/fastq/SRR158/007/SRR1582887/SRR1582887_2.fastq.gz
SRR1582890	PAIRED	https://ftp.sra.ebi.ac.uk/vol1/fastq/SRR158/000/SRR1582890/SRR1582890_1.fastq.gz	https://ftp.sra.ebi.ac.uk/vol1/fastq/SRR158/000/SRR1582890/SRR1582890_2.fastq.gz
SRR16078917	PAIRED	https://ftp.sra.ebi.ac.uk/vol1/fastq/SRR160/017/SRR16078917/SRR16078917_1.fastq.gz	https://ftp.sra.ebi.ac.uk/vol1/fastq/SRR160/017/SRR16078917/SRR16078917_2.fastq.gz
SRR16078930	PAIRED	https://ftp.sra.ebi.ac.uk/vol1/fastq/SRR160/030/SRR16078930/SRR16078930_1.fastq.gz	https://ftp.sra.ebi.ac.uk/vol1/fastq/SRR160/030/SRR16078930/SRR16078930_2.fastq.gz
SRR16078938	PAIRED	https://ftp.sra.ebi.ac.uk/vol1/fastq/SRR160/038/SRR16078938/SRR16078938_1.fastq.gz	https://ftp.sra.ebi.ac.uk/vol1/fastq/SRR160/038/SRR16078938/SRR16078938_2.fastq.gz
SRR16078953	PAIRED	https://ftp.sra.ebi.ac.uk/vol1/fastq/SRR160/053/SRR16078953/SRR16078953_1.fastq.gz	https://ftp.sra.ebi.ac.uk/vol1/fastq/SRR160/053/SRR16078953/SRR16078953_2.fastq.gz
SRR16078954	PAIRED	https://ftp.sra.ebi.ac.uk/vol1/fastq/SRR160/054/SRR16078954/SRR16078954_1.fastq.gz	https://ftp.sra.ebi.ac.uk/vol1/fastq/SRR160/054/SRR16078954/SRR16078954_2.fastq.gz
SRR16079024	PAIRED	https://ftp.sra.ebi.ac.uk/vol1/fastq/SRR160/024/SRR16079024/SRR16079024_1.fastq.gz	https://ftp.sra.ebi.ac.uk/vol1/fastq/SRR160/024/SRR16079024/SRR16079024_2.fastq.gz
SRR16079086	PAIRED	https://ftp.sra.ebi.ac.uk/vol1/fastq/SRR160/086/SRR16079086/SRR16079086_1.fastq.gz	https://ftp.sra.ebi.ac.uk/vol1/fastq/SRR160/086/SRR16079086/SRR16079086_2.fastq.gz
SRR16079094	PAIRED	https://ftp.sra.ebi.ac.uk/vol1/fastq/SRR160/094/SRR16079094/SRR16079094_1.fastq.gz	https://ftp.sra.ebi.ac.uk/vol1/fastq/SRR160/094/SRR16079094/SRR16079094_2.fastq.gz
SRR16079112	PAIRED	https://ftp.sra.ebi.ac.uk/vol1/fastq/SRR160/012/SRR16079112/SRR16079112_1.fastq.gz	https://ftp.sra.ebi.ac.uk/vol1/fastq/SRR160/012/SRR16079112/SRR16079112_2.fastq.gz
SRR16079135	PAIRED	https://ftp.sra.ebi.ac.uk/vol1/fastq/SRR160/035/SRR16079135/SRR16079135_1.fastq.gz	https://ftp.sra.ebi.ac.uk/vol1/fastq/SRR160/035/SRR16079135/SRR16079135_2.fastq.gz
SRR16079152	PAIRED	https://ftp.sra.ebi.ac.uk/vol1/fastq/SRR160/052/SRR16079152/SRR16079152_1.fastq.gz	https://ftp.sra.ebi.ac.uk/vol1/fastq/SRR160/052/SRR16079152/SRR16079152_2.fastq.gz
SRR16079272	PAIRED	https://ftp.sra.ebi.ac.uk/vol1/fastq/SRR160/072/SRR16079272/SRR16079272_1.fastq.gz	https://ftp.sra.ebi.ac.uk/vol1/fastq/SRR160/072/SRR16079272/SRR16079272_2.fastq.gz
SRR16079291	PAIRED	https://ftp.sra.ebi.ac.uk/vol1/fastq/SRR160/091/SRR16079291/SRR16079291_1.fastq.gz	https://ftp.sra.ebi.ac.uk/vol1/fastq/SRR160/091/SRR16079291/SRR16079291_2.fastq.gz
SRR16079369	PAIRED	https://ftp.sra.ebi.ac.uk/vol1/fastq/SRR160/069/SRR16079369/SRR16079369_1.fastq.gz	https://ftp.sra.ebi.ac.uk/vol1/fastq/SRR160/069/SRR16079369/SRR16079369_2.fastq.gz
SRR16108315	PAIRED	https://ftp.sra.ebi.ac.uk/vol1/fastq/SRR161/015/SRR16108315/SRR16108315_1.fastq.gz	https://ftp.sra.ebi.ac.uk/vol1/fastq/SRR161/015/SRR16108315/SRR16108315_2.fastq.gz
SRR16108352	PAIRED	https://ftp.sra.ebi.ac.uk/vol1/fastq/SRR161/052/SRR16108352/SRR16108352_1.fastq.gz	https://ftp.sra.ebi.ac.uk/vol1/fastq/SRR161/052/SRR16108352/SRR16108352_2.fastq.gz
SRR16108355	PAIRED	https://ftp.sra.ebi.ac.uk/vol1/fastq/SRR161/055/SRR16108355/SRR16108355_1.fastq.gz	https://ftp.sra.ebi.ac.uk/vol1/fastq/SRR161/055/SRR16108355/SRR16108355_2.fastq.gz
SRR16133935	PAIRED	https://ftp.sra.ebi.ac.uk/vol1/fastq/SRR161/035/SRR16133935/SRR16133935_1.fastq.gz	https://ftp.sra.ebi.ac.uk/vol1/fastq/SRR161/035/SRR16133935/SRR16133935_2.fastq.gz
SRR16133936	PAIRED	https://ftp.sra.ebi.ac.uk/vol1/fastq/SRR161/036/SRR16133936/SRR16133936_1.fastq.gz	https://ftp.sra.ebi.ac.uk/vol1/fastq/SRR161/036/SRR16133936/SRR16133936_2.fastq.gz
SRR16202839	PAIRED	https://ftp.sra.ebi.ac.uk/vol1/fastq/SRR162/039/SRR16202839/SRR16202839_1.fastq.gz	https://ftp.sra.ebi.ac.uk/vol1/fastq/SRR162/039/SRR16202839/SRR16202839_2.fastq.gz
SRR16204195	PAIRED	https://ftp.sra.ebi.ac.uk/vol1/fastq/SRR162/095/SRR16204195/SRR16204195_1.fastq.gz	https://ftp.sra.ebi.ac.uk/vol1/fastq/SRR162/095/SRR16204195/SRR16204195_2.fastq.gz
SRR16204259	PAIRED	https://ftp.sra.ebi.ac.uk/vol1/fastq/SRR162/059/SRR16204259/SRR16204259_1.fastq.gz	https://ftp.sra.ebi.ac.uk/vol1/fastq/SRR162/059/SRR16204259/SRR16204259_2.fastq.gz
SRR16204272	PAIRED	https://ftp.sra.ebi.ac.uk/vol1/fastq/SRR162/072/SRR16204272/SRR16204272_1.fastq.gz	https://ftp.sra.ebi.ac.uk/vol1/fastq/SRR162/072/SRR16204272/SRR16204272_2.fastq.gz
SRR16242773	PAIRED	https://ftp.sra.ebi.ac.uk/vol1/fastq/SRR162/073/SRR16242773/SRR16242773_1.fastq.gz	https://ftp.sra.ebi.ac.uk/vol1/fastq/SRR162/073/SRR16242773/SRR16242773_2.fastq.gz
SRR16308450	PAIRED	https://ftp.sra.ebi.ac.uk/vol1/fastq/SRR163/050/SRR16308450/SRR16308450_1.fastq.gz	https://ftp.sra.ebi.ac.uk/vol1/fastq/SRR163/050/SRR16308450/SRR16308450_2.fastq.gz
SRR16308458	PAIRED	https://ftp.sra.ebi.ac.uk/vol1/fastq/SRR163/058/SRR16308458/SRR16308458_1.fastq.gz	https://ftp.sra.ebi.ac.uk/vol1/fastq/SRR163/058/SRR16308458/SRR16308458_2.fastq.gz
SRR16308462	PAIRED	https://ftp.sra.ebi.ac.uk/vol1/fastq/SRR163/062/SRR16308462/SRR16308462_1.fastq.gz	https://ftp.sra.ebi.ac.uk/vol1/fastq/SRR163/062/SRR16308462/SRR16308462_2.fastq.gz
SRR16308469	PAIRED	https://ftp.sra.ebi.ac.uk/vol1/fastq/SRR163/069/SRR16308469/SRR16308469_1.fastq.gz	https://ftp.sra.ebi.ac.uk/vol1/fastq/SRR163/069/SRR16308469/SRR16308469_2.fastq.gz
SRR16479856	PAIRED	https://ftp.sra.ebi.ac.uk/vol1/fastq/SRR164/056/SRR16479856/SRR16479856_1.fastq.gz	https://ftp.sra.ebi.ac.uk/vol1/fastq/SRR164/056/SRR16479856/SRR16479856_2.fastq.gz
SRR16479878	PAIRED	https://ftp.sra.ebi.ac.uk/vol1/fastq/SRR164/078/SRR16479878/SRR16479878_1.fastq.gz	https://ftp.sra.ebi.ac.uk/vol1/fastq/SRR164/078/SRR16479878/SRR16479878_2.fastq.gz
SRR16479885	PAIRED	https://ftp.sra.ebi.ac.uk/vol1/fastq/SRR164/085/SRR16479885/SRR16479885_1.fastq.gz	https://ftp.sra.ebi.ac.uk/vol1/fastq/SRR164/085/SRR16479885/SRR16479885_2.fastq.gz
SRR16492513	PAIRED	https://ftp.sra.ebi.ac.uk/vol1/fastq/SRR164/013/SRR16492513/SRR16492513_1.fastq.gz	https://ftp.sra.ebi.ac.uk/vol1/fastq/SRR164/013/SRR16492513/SRR16492513_2.fastq.gz
SRR16506214	PAIRED	https://ftp.sra.ebi.ac.uk/vol1/fastq/SRR165/014/SRR16506214/SRR16506214_1.fastq.gz	https://ftp.sra.ebi.ac.uk/vol1/fastq/SRR165/014/SRR16506214/SRR16506214_2.fastq.gz
SRR16520593	PAIRED	https://ftp.sra.ebi.ac.uk/vol1/fastq/SRR165/093/SRR16520593/SRR16520593_1.fastq.gz	https://ftp.sra.ebi.ac.uk/vol1/fastq/SRR165/093/SRR16520593/SRR16520593_2.fastq.gz
SRR1655437	PAIRED	https://ftp.sra.ebi.ac.uk/vol1/fastq/SRR165/007/SRR1655437/SRR1655437_1.fastq.gz	https://ftp.sra.ebi.ac.uk/vol1/fastq/SRR165/007/SRR1655437/SRR1655437_2.fastq.gz
SRR1656087	PAIRED	https://ftp.sra.ebi.ac.uk/vol1/fastq/SRR165/007/SRR1656087/SRR1656087_1.fastq.gz	https://ftp.sra.ebi.ac.uk/vol1/fastq/SRR165/007/SRR1656087/SRR1656087_2.fastq.gz
SRR1656179	PAIRED	https://ftp.sra.ebi.ac.uk/vol1/fastq/SRR165/009/SRR1656179/SRR1656179_1.fastq.gz	https://ftp.sra.ebi.ac.uk/vol1/fastq/SRR165/009/SRR1656179/SRR1656179_2.fastq.gz
SRR1656354	PAIRED	https://ftp.sra.ebi.ac.uk/vol1/fastq/SRR165/004/SRR1656354/SRR1656354_1.fastq.gz	https://ftp.sra.ebi.ac.uk/vol1/fastq/SRR165/004/SRR1656354/SRR1656354_2.fastq.gz
SRR1656381	PAIRED	https://ftp.sra.ebi.ac.uk/vol1/fastq/SRR165/001/SRR1656381/SRR1656381_1.fastq.gz	https://ftp.sra.ebi.ac.uk/vol1/fastq/SRR165/001/SRR1656381/SRR1656381_2.fastq.gz
SRR16610120	PAIRED	https://ftp.sra.ebi.ac.uk/vol1/fastq/SRR166/020/SRR16610120/SRR16610120_1.fastq.gz	https://ftp.sra.ebi.ac.uk/vol1/fastq/SRR166/020/SRR16610120/SRR16610120_2.fastq.gz
SRR16617671	PAIRED	https://ftp.sra.ebi.ac.uk/vol1/fastq/SRR166/071/SRR16617671/SRR16617671_1.fastq.gz	https://ftp.sra.ebi.ac.uk/vol1/fastq/SRR166/071/SRR16617671/SRR16617671_2.fastq.gz
SRR16617672	PAIRED	https://ftp.sra.ebi.ac.uk/vol1/fastq/SRR166/072/SRR16617672/SRR16617672_1.fastq.gz	https://ftp.sra.ebi.ac.uk/vol1/fastq/SRR166/072/SRR16617672/SRR16617672_2.fastq.gz
SRR16617701	PAIRED	https://ftp.sra.ebi.ac.uk/vol1/fastq/SRR166/001/SRR16617701/SRR16617701_1.fastq.gz	https://ftp.sra.ebi.ac.uk/vol1/fastq/SRR166/001/SRR16617701/SRR16617701_2.fastq.gz
SRR16634630	PAIRED	https://ftp.sra.ebi.ac.uk/vol1/fastq/SRR166/030/SRR16634630/SRR16634630_1.fastq.gz	https://ftp.sra.ebi.ac.uk/vol1/fastq/SRR166/030/SRR16634630/SRR16634630_2.fastq.gz
SRR16694235	PAIRED	https://ftp.sra.ebi.ac.uk/vol1/fastq/SRR166/035/SRR16694235/SRR16694235_1.fastq.gz	https://ftp.sra.ebi.ac.uk/vol1/fastq/SRR166/035/SRR16694235/SRR16694235_2.fastq.gz
SRR16768448	PAIRED	https://ftp.sra.ebi.ac.uk/vol1/fastq/SRR167/048/SRR16768448/SRR16768448_1.fastq.gz	https://ftp.sra.ebi.ac.uk/vol1/fastq/SRR167/048/SRR16768448/SRR16768448_2.fastq.gz
SRR16847943	PAIRED	https://ftp.sra.ebi.ac.uk/vol1/fastq/SRR168/043/SRR16847943/SRR16847943_1.fastq.gz	https://ftp.sra.ebi.ac.uk/vol1/fastq/SRR168/043/SRR16847943/SRR16847943_2.fastq.gz
SRR16847946	PAIRED	https://ftp.sra.ebi.ac.uk/vol1/fastq/SRR168/046/SRR16847946/SRR16847946_1.fastq.gz	https://ftp.sra.ebi.ac.uk/vol1/fastq/SRR168/046/SRR16847946/SRR16847946_2.fastq.gz
SRR16847985	PAIRED	https://ftp.sra.ebi.ac.uk/vol1/fastq/SRR168/085/SRR16847985/SRR16847985_1.fastq.gz	https://ftp.sra.ebi.ac.uk/vol1/fastq/SRR168/085/SRR16847985/SRR16847985_2.fastq.gz
SRR16952083	PAIRED	https://ftp.sra.ebi.ac.uk/vol1/fastq/SRR169/083/SRR16952083/SRR16952083_1.fastq.gz	https://ftp.sra.ebi.ac.uk/vol1/fastq/SRR169/083/SRR16952083/SRR16952083_2.fastq.gz
SRR16958992	PAIRED	https://ftp.sra.ebi.ac.uk/vol1/fastq/SRR169/092/SRR16958992/SRR16958992_1.fastq.gz	https://ftp.sra.ebi.ac.uk/vol1/fastq/SRR169/092/SRR16958992/SRR16958992_2.fastq.gz
SRR16968807	PAIRED	https://ftp.sra.ebi.ac.uk/vol1/fastq/SRR169/007/SRR16968807/SRR16968807_1.fastq.gz	https://ftp.sra.ebi.ac.uk/vol1/fastq/SRR169/007/SRR16968807/SRR16968807_2.fastq.gz
SRR16977013	PAIRED	https://ftp.sra.ebi.ac.uk/vol1/fastq/SRR169/013/SRR16977013/SRR16977013_1.fastq.gz	https://ftp.sra.ebi.ac.uk/vol1/fastq/SRR169/013/SRR16977013/SRR16977013_2.fastq.gz
SRR16977016	PAIRED	https://ftp.sra.ebi.ac.uk/vol1/fastq/SRR169/016/SRR16977016/SRR16977016_1.fastq.gz	https://ftp.sra.ebi.ac.uk/vol1/fastq/SRR169/016/SRR16977016/SRR16977016_2.fastq.gz
SRR16977030	PAIRED	https://ftp.sra.ebi.ac.uk/vol1/fastq/SRR169/030/SRR16977030/SRR16977030_1.fastq.gz	https://ftp.sra.ebi.ac.uk/vol1/fastq/SRR169/030/SRR16977030/SRR16977030_2.fastq.gz
SRR16977052	PAIRED	https://ftp.sra.ebi.ac.uk/vol1/fastq/SRR169/052/SRR16977052/SRR16977052_1.fastq.gz	https://ftp.sra.ebi.ac.uk/vol1/fastq/SRR169/052/SRR16977052/SRR16977052_2.fastq.gz
SRR17084749	PAIRED	https://ftp.sra.ebi.ac.uk/vol1/fastq/SRR170/049/SRR17084749/SRR17084749_1.fastq.gz	https://ftp.sra.ebi.ac.uk/vol1/fastq/SRR170/049/SRR17084749/SRR17084749_2.fastq.gz
SRR17084771	PAIRED	https://ftp.sra.ebi.ac.uk/vol1/fastq/SRR170/071/SRR17084771/SRR17084771_1.fastq.gz	https://ftp.sra.ebi.ac.uk/vol1/fastq/SRR170/071/SRR17084771/SRR17084771_2.fastq.gz
SRR17095226	PAIRED	https://ftp.sra.ebi.ac.uk/vol1/fastq/SRR170/026/SRR17095226/SRR17095226_1.fastq.gz	https://ftp.sra.ebi.ac.uk/vol1/fastq/SRR170/026/SRR17095226/SRR17095226_2.fastq.gz
SRR17125450	PAIRED	https://ftp.sra.ebi.ac.uk/vol1/fastq/SRR171/050/SRR17125450/SRR17125450_1.fastq.gz	https://ftp.sra.ebi.ac.uk/vol1/fastq/SRR171/050/SRR17125450/SRR17125450_2.fastq.gz
SRR17125454	PAIRED	https://ftp.sra.ebi.ac.uk/vol1/fastq/SRR171/054/SRR17125454/SRR17125454_1.fastq.gz	https://ftp.sra.ebi.ac.uk/vol1/fastq/SRR171/054/SRR17125454/SRR17125454_2.fastq.gz
SRR17179107	PAIRED	https://ftp.sra.ebi.ac.uk/vol1/fastq/SRR171/007/SRR17179107/SRR17179107_1.fastq.gz	https://ftp.sra.ebi.ac.uk/vol1/fastq/SRR171/007/SRR17179107/SRR17179107_2.fastq.gz
SRR17179136	PAIRED	https://ftp.sra.ebi.ac.uk/vol1/fastq/SRR171/036/SRR17179136/SRR17179136_1.fastq.gz	https://ftp.sra.ebi.ac.uk/vol1/fastq/SRR171/036/SRR17179136/SRR17179136_2.fastq.gz
SRR17179141	PAIRED	https://ftp.sra.ebi.ac.uk/vol1/fastq/SRR171/041/SRR17179141/SRR17179141_1.fastq.gz	https://ftp.sra.ebi.ac.uk/vol1/fastq/SRR171/041/SRR17179141/SRR17179141_2.fastq.gz
SRR17179152	PAIRED	https://ftp.sra.ebi.ac.uk/vol1/fastq/SRR171/052/SRR17179152/SRR17179152_1.fastq.gz	https://ftp.sra.ebi.ac.uk/vol1/fastq/SRR171/052/SRR17179152/SRR17179152_2.fastq.gz
SRR17179168	PAIRED	https://ftp.sra.ebi.ac.uk/vol1/fastq/SRR171/068/SRR17179168/SRR17179168_1.fastq.gz	https://ftp.sra.ebi.ac.uk/vol1/fastq/SRR171/068/SRR17179168/SRR17179168_2.fastq.gz
SRR17179176	PAIRED	https://ftp.sra.ebi.ac.uk/vol1/fastq/SRR171/076/SRR17179176/SRR17179176_1.fastq.gz	https://ftp.sra.ebi.ac.uk/vol1/fastq/SRR171/076/SRR17179176/SRR17179176_2.fastq.gz
SRR17179215	PAIRED	https://ftp.sra.ebi.ac.uk/vol1/fastq/SRR171/015/SRR17179215/SRR17179215_1.fastq.gz	https://ftp.sra.ebi.ac.uk/vol1/fastq/SRR171/015/SRR17179215/SRR17179215_2.fastq.gz
SRR17179221	PAIRED	https://ftp.sra.ebi.ac.uk/vol1/fastq/SRR171/021/SRR17179221/SRR17179221_1.fastq.gz	https://ftp.sra.ebi.ac.uk/vol1/fastq/SRR171/021/SRR17179221/SRR17179221_2.fastq.gz
SRR17179246	PAIRED	https://ftp.sra.ebi.ac.uk/vol1/fastq/SRR171/046/SRR17179246/SRR17179246_1.fastq.gz	https://ftp.sra.ebi.ac.uk/vol1/fastq/SRR171/046/SRR17179246/SRR17179246_2.fastq.gz
SRR17179258	PAIRED	https://ftp.sra.ebi.ac.uk/vol1/fastq/SRR171/058/SRR17179258/SRR17179258_1.fastq.gz	https://ftp.sra.ebi.ac.uk/vol1/fastq/SRR171/058/SRR17179258/SRR17179258_2.fastq.gz
SRR17179266	PAIRED	https://ftp.sra.ebi.ac.uk/vol1/fastq/SRR171/066/SRR17179266/SRR17179266_1.fastq.gz	https://ftp.sra.ebi.ac.uk/vol1/fastq/SRR171/066/SRR17179266/SRR17179266_2.fastq.gz
SRR17179268	PAIRED	https://ftp.sra.ebi.ac.uk/vol1/fastq/SRR171/068/SRR17179268/SRR17179268_1.fastq.gz	https://ftp.sra.ebi.ac.uk/vol1/fastq/SRR171/068/SRR17179268/SRR17179268_2.fastq.gz
SRR17179304	PAIRED	https://ftp.sra.ebi.ac.uk/vol1/fastq/SRR171/004/SRR17179304/SRR17179304_1.fastq.gz	https://ftp.sra.ebi.ac.uk/vol1/fastq/SRR171/004/SRR17179304/SRR17179304_2.fastq.gz
SRR17179312	PAIRED	https://ftp.sra.ebi.ac.uk/vol1/fastq/SRR171/012/SRR17179312/SRR17179312_1.fastq.gz	https://ftp.sra.ebi.ac.uk/vol1/fastq/SRR171/012/SRR17179312/SRR17179312_2.fastq.gz
SRR17179343	PAIRED	https://ftp.sra.ebi.ac.uk/vol1/fastq/SRR171/043/SRR17179343/SRR17179343_1.fastq.gz	https://ftp.sra.ebi.ac.uk/vol1/fastq/SRR171/043/SRR17179343/SRR17179343_2.fastq.gz
SRR17179350	PAIRED	https://ftp.sra.ebi.ac.uk/vol1/fastq/SRR171/050/SRR17179350/SRR17179350_1.fastq.gz	https://ftp.sra.ebi.ac.uk/vol1/fastq/SRR171/050/SRR17179350/SRR17179350_2.fastq.gz
SRR17179389	PAIRED	https://ftp.sra.ebi.ac.uk/vol1/fastq/SRR171/089/SRR17179389/SRR17179389_1.fastq.gz	https://ftp.sra.ebi.ac.uk/vol1/fastq/SRR171/089/SRR17179389/SRR17179389_2.fastq.gz
SRR17179519	PAIRED	https://ftp.sra.ebi.ac.uk/vol1/fastq/SRR171/019/SRR17179519/SRR17179519_1.fastq.gz	https://ftp.sra.ebi.ac.uk/vol1/fastq/SRR171/019/SRR17179519/SRR17179519_2.fastq.gz
SRR17250552	PAIRED	https://ftp.sra.ebi.ac.uk/vol1/fastq/SRR172/052/SRR17250552/SRR17250552_1.fastq.gz	https://ftp.sra.ebi.ac.uk/vol1/fastq/SRR172/052/SRR17250552/SRR17250552_2.fastq.gz
SRR17250553	PAIRED	https://ftp.sra.ebi.ac.uk/vol1/fastq/SRR172/053/SRR17250553/SRR17250553_1.fastq.gz	https://ftp.sra.ebi.ac.uk/vol1/fastq/SRR172/053/SRR17250553/SRR17250553_2.fastq.gz
SRR17250649	PAIRED	https://ftp.sra.ebi.ac.uk/vol1/fastq/SRR172/049/SRR17250649/SRR17250649_1.fastq.gz	https://ftp.sra.ebi.ac.uk/vol1/fastq/SRR172/049/SRR17250649/SRR17250649_2.fastq.gz
SRR17273905	PAIRED	https://ftp.sra.ebi.ac.uk/vol1/fastq/SRR172/005/SRR17273905/SRR17273905_1.fastq.gz	https://ftp.sra.ebi.ac.uk/vol1/fastq/SRR172/005/SRR17273905/SRR17273905_2.fastq.gz
SRR17273909	PAIRED	https://ftp.sra.ebi.ac.uk/vol1/fastq/SRR172/009/SRR17273909/SRR17273909_1.fastq.gz	https://ftp.sra.ebi.ac.uk/vol1/fastq/SRR172/009/SRR17273909/SRR17273909_2.fastq.gz
SRR17273923	PAIRED	https://ftp.sra.ebi.ac.uk/vol1/fastq/SRR172/023/SRR17273923/SRR17273923_1.fastq.gz	https://ftp.sra.ebi.ac.uk/vol1/fastq/SRR172/023/SRR17273923/SRR17273923_2.fastq.gz
SRR17301909	PAIRED	https://ftp.sra.ebi.ac.uk/vol1/fastq/SRR173/009/SRR17301909/SRR17301909_1.fastq.gz	https://ftp.sra.ebi.ac.uk/vol1/fastq/SRR173/009/SRR17301909/SRR17301909_2.fastq.gz
SRR17301930	PAIRED	https://ftp.sra.ebi.ac.uk/vol1/fastq/SRR173/030/SRR17301930/SRR17301930_1.fastq.gz	https://ftp.sra.ebi.ac.uk/vol1/fastq/SRR173/030/SRR17301930/SRR17301930_2.fastq.gz
SRR17301938	PAIRED	https://ftp.sra.ebi.ac.uk/vol1/fastq/SRR173/038/SRR17301938/SRR17301938_1.fastq.gz	https://ftp.sra.ebi.ac.uk/vol1/fastq/SRR173/038/SRR17301938/SRR17301938_2.fastq.gz
SRR17301994	PAIRED	https://ftp.sra.ebi.ac.uk/vol1/fastq/SRR173/094/SRR17301994/SRR17301994_1.fastq.gz	https://ftp.sra.ebi.ac.uk/vol1/fastq/SRR173/094/SRR17301994/SRR17301994_2.fastq.gz
SRR17302019	PAIRED	https://ftp.sra.ebi.ac.uk/vol1/fastq/SRR173/019/SRR17302019/SRR17302019_1.fastq.gz	https://ftp.sra.ebi.ac.uk/vol1/fastq/SRR173/019/SRR17302019/SRR17302019_2.fastq.gz
SRR17302078	PAIRED	https://ftp.sra.ebi.ac.uk/vol1/fastq/SRR173/078/SRR17302078/SRR17302078_1.fastq.gz	https://ftp.sra.ebi.ac.uk/vol1/fastq/SRR173/078/SRR17302078/SRR17302078_2.fastq.gz
SRR17302115	PAIRED	https://ftp.sra.ebi.ac.uk/vol1/fastq/SRR173/015/SRR17302115/SRR17302115_1.fastq.gz	https://ftp.sra.ebi.ac.uk/vol1/fastq/SRR173/015/SRR17302115/SRR17302115_2.fastq.gz
SRR17302128	PAIRED	https://ftp.sra.ebi.ac.uk/vol1/fastq/SRR173/028/SRR17302128/SRR17302128_1.fastq.gz	https://ftp.sra.ebi.ac.uk/vol1/fastq/SRR173/028/SRR17302128/SRR17302128_2.fastq.gz
SRR17302146	PAIRED	https://ftp.sra.ebi.ac.uk/vol1/fastq/SRR173/046/SRR17302146/SRR17302146_1.fastq.gz	https://ftp.sra.ebi.ac.uk/vol1/fastq/SRR173/046/SRR17302146/SRR17302146_2.fastq.gz
SRR17302156	PAIRED	https://ftp.sra.ebi.ac.uk/vol1/fastq/SRR173/056/SRR17302156/SRR17302156_1.fastq.gz	https://ftp.sra.ebi.ac.uk/vol1/fastq/SRR173/056/SRR17302156/SRR17302156_2.fastq.gz
SRR17302179	PAIRED	https://ftp.sra.ebi.ac.uk/vol1/fastq/SRR173/079/SRR17302179/SRR17302179_1.fastq.gz	https://ftp.sra.ebi.ac.uk/vol1/fastq/SRR173/079/SRR17302179/SRR17302179_2.fastq.gz
SRR17302197	PAIRED	https://ftp.sra.ebi.ac.uk/vol1/fastq/SRR173/097/SRR17302197/SRR17302197_1.fastq.gz	https://ftp.sra.ebi.ac.uk/vol1/fastq/SRR173/097/SRR17302197/SRR17302197_2.fastq.gz
SRR17302207	PAIRED	https://ftp.sra.ebi.ac.uk/vol1/fastq/SRR173/007/SRR17302207/SRR17302207_1.fastq.gz	https://ftp.sra.ebi.ac.uk/vol1/fastq/SRR173/007/SRR17302207/SRR17302207_2.fastq.gz
SRR17302211	PAIRED	https://ftp.sra.ebi.ac.uk/vol1/fastq/SRR173/011/SRR17302211/SRR17302211_1.fastq.gz	https://ftp.sra.ebi.ac.uk/vol1/fastq/SRR173/011/SRR17302211/SRR17302211_2.fastq.gz
SRR17302223	PAIRED	https://ftp.sra.ebi.ac.uk/vol1/fastq/SRR173/023/SRR17302223/SRR17302223_1.fastq.gz	https://ftp.sra.ebi.ac.uk/vol1/fastq/SRR173/023/SRR17302223/SRR17302223_2.fastq.gz
SRR17302274	PAIRED	https://ftp.sra.ebi.ac.uk/vol1/fastq/SRR173/074/SRR17302274/SRR17302274_1.fastq.gz	https://ftp.sra.ebi.ac.uk/vol1/fastq/SRR173/074/SRR17302274/SRR17302274_2.fastq.gz
SRR17302326	PAIRED	https://ftp.sra.ebi.ac.uk/vol1/fastq/SRR173/026/SRR17302326/SRR17302326_1.fastq.gz	https://ftp.sra.ebi.ac.uk/vol1/fastq/SRR173/026/SRR17302326/SRR17302326_2.fastq.gz
SRR17302330	PAIRED	https://ftp.sra.ebi.ac.uk/vol1/fastq/SRR173/030/SRR17302330/SRR17302330_1.fastq.gz	https://ftp.sra.ebi.ac.uk/vol1/fastq/SRR173/030/SRR17302330/SRR17302330_2.fastq.gz
SRR17302338	PAIRED	https://ftp.sra.ebi.ac.uk/vol1/fastq/SRR173/038/SRR17302338/SRR17302338_1.fastq.gz	https://ftp.sra.ebi.ac.uk/vol1/fastq/SRR173/038/SRR17302338/SRR17302338_2.fastq.gz
SRR17302382	PAIRED	https://ftp.sra.ebi.ac.uk/vol1/fastq/SRR173/082/SRR17302382/SRR17302382_1.fastq.gz	https://ftp.sra.ebi.ac.uk/vol1/fastq/SRR173/082/SRR17302382/SRR17302382_2.fastq.gz
SRR17302398	PAIRED	https://ftp.sra.ebi.ac.uk/vol1/fastq/SRR173/098/SRR17302398/SRR17302398_1.fastq.gz	https://ftp.sra.ebi.ac.uk/vol1/fastq/SRR173/098/SRR17302398/SRR17302398_2.fastq.gz
SRR17302458	PAIRED	https://ftp.sra.ebi.ac.uk/vol1/fastq/SRR173/058/SRR17302458/SRR17302458_1.fastq.gz	https://ftp.sra.ebi.ac.uk/vol1/fastq/SRR173/058/SRR17302458/SRR17302458_2.fastq.gz
SRR17302483	PAIRED	https://ftp.sra.ebi.ac.uk/vol1/fastq/SRR173/083/SRR17302483/SRR17302483_1.fastq.gz	https://ftp.sra.ebi.ac.uk/vol1/fastq/SRR173/083/SRR17302483/SRR17302483_2.fastq.gz
SRR17302488	PAIRED	https://ftp.sra.ebi.ac.uk/vol1/fastq/SRR173/088/SRR17302488/SRR17302488_1.fastq.gz	https://ftp.sra.ebi.ac.uk/vol1/fastq/SRR173/088/SRR17302488/SRR17302488_2.fastq.gz
SRR17302495	PAIRED	https://ftp.sra.ebi.ac.uk/vol1/fastq/SRR173/095/SRR17302495/SRR17302495_1.fastq.gz	https://ftp.sra.ebi.ac.uk/vol1/fastq/SRR173/095/SRR17302495/SRR17302495_2.fastq.gz
SRR17302534	PAIRED	https://ftp.sra.ebi.ac.uk/vol1/fastq/SRR173/034/SRR17302534/SRR17302534_1.fastq.gz	https://ftp.sra.ebi.ac.uk/vol1/fastq/SRR173/034/SRR17302534/SRR17302534_2.fastq.gz
SRR17302569	PAIRED	https://ftp.sra.ebi.ac.uk/vol1/fastq/SRR173/069/SRR17302569/SRR17302569_1.fastq.gz	https://ftp.sra.ebi.ac.uk/vol1/fastq/SRR173/069/SRR17302569/SRR17302569_2.fastq.gz
SRR17302578	PAIRED	https://ftp.sra.ebi.ac.uk/vol1/fastq/SRR173/078/SRR17302578/SRR17302578_1.fastq.gz	https://ftp.sra.ebi.ac.uk/vol1/fastq/SRR173/078/SRR17302578/SRR17302578_2.fastq.gz
SRR17302606	PAIRED	https://ftp.sra.ebi.ac.uk/vol1/fastq/SRR173/006/SRR17302606/SRR17302606_1.fastq.gz	https://ftp.sra.ebi.ac.uk/vol1/fastq/SRR173/006/SRR17302606/SRR17302606_2.fastq.gz
SRR17302625	PAIRED	https://ftp.sra.ebi.ac.uk/vol1/fastq/SRR173/025/SRR17302625/SRR17302625_1.fastq.gz	https://ftp.sra.ebi.ac.uk/vol1/fastq/SRR173/025/SRR17302625/SRR17302625_2.fastq.gz
SRR17302658	PAIRED	https://ftp.sra.ebi.ac.uk/vol1/fastq/SRR173/058/SRR17302658/SRR17302658_1.fastq.gz	https://ftp.sra.ebi.ac.uk/vol1/fastq/SRR173/058/SRR17302658/SRR17302658_2.fastq.gz
SRR17302661	PAIRED	https://ftp.sra.ebi.ac.uk/vol1/fastq/SRR173/061/SRR17302661/SRR17302661_1.fastq.gz	https://ftp.sra.ebi.ac.uk/vol1/fastq/SRR173/061/SRR17302661/SRR17302661_2.fastq.gz
SRR17302666	PAIRED	https://ftp.sra.ebi.ac.uk/vol1/fastq/SRR173/066/SRR17302666/SRR17302666_1.fastq.gz	https://ftp.sra.ebi.ac.uk/vol1/fastq/SRR173/066/SRR17302666/SRR17302666_2.fastq.gz
SRR17302679	PAIRED	https://ftp.sra.ebi.ac.uk/vol1/fastq/SRR173/079/SRR17302679/SRR17302679_1.fastq.gz	https://ftp.sra.ebi.ac.uk/vol1/fastq/SRR173/079/SRR17302679/SRR17302679_2.fastq.gz
SRR17302693	PAIRED	https://ftp.sra.ebi.ac.uk/vol1/fastq/SRR173/093/SRR17302693/SRR17302693_1.fastq.gz	https://ftp.sra.ebi.ac.uk/vol1/fastq/SRR173/093/SRR17302693/SRR17302693_2.fastq.gz
SRR17302698	PAIRED	https://ftp.sra.ebi.ac.uk/vol1/fastq/SRR173/098/SRR17302698/SRR17302698_1.fastq.gz	https://ftp.sra.ebi.ac.uk/vol1/fastq/SRR173/098/SRR17302698/SRR17302698_2.fastq.gz
SRR17302702	PAIRED	https://ftp.sra.ebi.ac.uk/vol1/fastq/SRR173/002/SRR17302702/SRR17302702_1.fastq.gz	https://ftp.sra.ebi.ac.uk/vol1/fastq/SRR173/002/SRR17302702/SRR17302702_2.fastq.gz
SRR17302709	PAIRED	https://ftp.sra.ebi.ac.uk/vol1/fastq/SRR173/009/SRR17302709/SRR17302709_1.fastq.gz	https://ftp.sra.ebi.ac.uk/vol1/fastq/SRR173/009/SRR17302709/SRR17302709_2.fastq.gz
SRR17302714	PAIRED	https://ftp.sra.ebi.ac.uk/vol1/fastq/SRR173/014/SRR17302714/SRR17302714_1.fastq.gz	https://ftp.sra.ebi.ac.uk/vol1/fastq/SRR173/014/SRR17302714/SRR17302714_2.fastq.gz
SRR17302718	PAIRED	https://ftp.sra.ebi.ac.uk/vol1/fastq/SRR173/018/SRR17302718/SRR17302718_1.fastq.gz	https://ftp.sra.ebi.ac.uk/vol1/fastq/SRR173/018/SRR17302718/SRR17302718_2.fastq.gz
SRR17302761	PAIRED	https://ftp.sra.ebi.ac.uk/vol1/fastq/SRR173/061/SRR17302761/SRR17302761_1.fastq.gz	https://ftp.sra.ebi.ac.uk/vol1/fastq/SRR173/061/SRR17302761/SRR17302761_2.fastq.gz
SRR17302781	PAIRED	https://ftp.sra.ebi.ac.uk/vol1/fastq/SRR173/081/SRR17302781/SRR17302781_1.fastq.gz	https://ftp.sra.ebi.ac.uk/vol1/fastq/SRR173/081/SRR17302781/SRR17302781_2.fastq.gz
SRR17302795	PAIRED	https://ftp.sra.ebi.ac.uk/vol1/fastq/SRR173/095/SRR17302795/SRR17302795_1.fastq.gz	https://ftp.sra.ebi.ac.uk/vol1/fastq/SRR173/095/SRR17302795/SRR17302795_2.fastq.gz
SRR17302816	PAIRED	https://ftp.sra.ebi.ac.uk/vol1/fastq/SRR173/016/SRR17302816/SRR17302816_1.fastq.gz	https://ftp.sra.ebi.ac.uk/vol1/fastq/SRR173/016/SRR17302816/SRR17302816_2.fastq.gz
SRR17302846	PAIRED	https://ftp.sra.ebi.ac.uk/vol1/fastq/SRR173/046/SRR17302846/SRR17302846_1.fastq.gz	https://ftp.sra.ebi.ac.uk/vol1/fastq/SRR173/046/SRR17302846/SRR17302846_2.fastq.gz
SRR17302875	PAIRED	https://ftp.sra.ebi.ac.uk/vol1/fastq/SRR173/075/SRR17302875/SRR17302875_1.fastq.gz	https://ftp.sra.ebi.ac.uk/vol1/fastq/SRR173/075/SRR17302875/SRR17302875_2.fastq.gz
SRR17302885	PAIRED	https://ftp.sra.ebi.ac.uk/vol1/fastq/SRR173/085/SRR17302885/SRR17302885_1.fastq.gz	https://ftp.sra.ebi.ac.uk/vol1/fastq/SRR173/085/SRR17302885/SRR17302885_2.fastq.gz
SRR17302892	PAIRED	https://ftp.sra.ebi.ac.uk/vol1/fastq/SRR173/092/SRR17302892/SRR17302892_1.fastq.gz	https://ftp.sra.ebi.ac.uk/vol1/fastq/SRR173/092/SRR17302892/SRR17302892_2.fastq.gz
SRR17303547	PAIRED	https://ftp.sra.ebi.ac.uk/vol1/fastq/SRR173/047/SRR17303547/SRR17303547_1.fastq.gz	https://ftp.sra.ebi.ac.uk/vol1/fastq/SRR173/047/SRR17303547/SRR17303547_2.fastq.gz
SRR17303564	PAIRED	https://ftp.sra.ebi.ac.uk/vol1/fastq/SRR173/064/SRR17303564/SRR17303564_1.fastq.gz	https://ftp.sra.ebi.ac.uk/vol1/fastq/SRR173/064/SRR17303564/SRR17303564_2.fastq.gz
SRR17303580	PAIRED	https://ftp.sra.ebi.ac.uk/vol1/fastq/SRR173/080/SRR17303580/SRR17303580_1.fastq.gz	https://ftp.sra.ebi.ac.uk/vol1/fastq/SRR173/080/SRR17303580/SRR17303580_2.fastq.gz
SRR17303621	PAIRED	https://ftp.sra.ebi.ac.uk/vol1/fastq/SRR173/021/SRR17303621/SRR17303621_1.fastq.gz	https://ftp.sra.ebi.ac.uk/vol1/fastq/SRR173/021/SRR17303621/SRR17303621_2.fastq.gz
SRR17303732	PAIRED	https://ftp.sra.ebi.ac.uk/vol1/fastq/SRR173/032/SRR17303732/SRR17303732_1.fastq.gz	https://ftp.sra.ebi.ac.uk/vol1/fastq/SRR173/032/SRR17303732/SRR17303732_2.fastq.gz
SRR17303733	PAIRED	https://ftp.sra.ebi.ac.uk/vol1/fastq/SRR173/033/SRR17303733/SRR17303733_1.fastq.gz	https://ftp.sra.ebi.ac.uk/vol1/fastq/SRR173/033/SRR17303733/SRR17303733_2.fastq.gz
SRR17303743	PAIRED	https://ftp.sra.ebi.ac.uk/vol1/fastq/SRR173/043/SRR17303743/SRR17303743_1.fastq.gz	https://ftp.sra.ebi.ac.uk/vol1/fastq/SRR173/043/SRR17303743/SRR17303743_2.fastq.gz
SRR17303752	PAIRED	https://ftp.sra.ebi.ac.uk/vol1/fastq/SRR173/052/SRR17303752/SRR17303752_1.fastq.gz	https://ftp.sra.ebi.ac.uk/vol1/fastq/SRR173/052/SRR17303752/SRR17303752_2.fastq.gz
SRR17303770	PAIRED	https://ftp.sra.ebi.ac.uk/vol1/fastq/SRR173/070/SRR17303770/SRR17303770_1.fastq.gz	https://ftp.sra.ebi.ac.uk/vol1/fastq/SRR173/070/SRR17303770/SRR17303770_2.fastq.gz
SRR17303807	PAIRED	https://ftp.sra.ebi.ac.uk/vol1/fastq/SRR173/007/SRR17303807/SRR17303807_1.fastq.gz	https://ftp.sra.ebi.ac.uk/vol1/fastq/SRR173/007/SRR17303807/SRR17303807_2.fastq.gz
SRR17303814	PAIRED	https://ftp.sra.ebi.ac.uk/vol1/fastq/SRR173/014/SRR17303814/SRR17303814_1.fastq.gz	https://ftp.sra.ebi.ac.uk/vol1/fastq/SRR173/014/SRR17303814/SRR17303814_2.fastq.gz
SRR17303846	PAIRED	https://ftp.sra.ebi.ac.uk/vol1/fastq/SRR173/046/SRR17303846/SRR17303846_1.fastq.gz	https://ftp.sra.ebi.ac.uk/vol1/fastq/SRR173/046/SRR17303846/SRR17303846_2.fastq.gz
SRR17303852	PAIRED	https://ftp.sra.ebi.ac.uk/vol1/fastq/SRR173/052/SRR17303852/SRR17303852_1.fastq.gz	https://ftp.sra.ebi.ac.uk/vol1/fastq/SRR173/052/SRR17303852/SRR17303852_2.fastq.gz
SRR17303894	PAIRED	https://ftp.sra.ebi.ac.uk/vol1/fastq/SRR173/094/SRR17303894/SRR17303894_1.fastq.gz	https://ftp.sra.ebi.ac.uk/vol1/fastq/SRR173/094/SRR17303894/SRR17303894_2.fastq.gz
SRR17303897	PAIRED	https://ftp.sra.ebi.ac.uk/vol1/fastq/SRR173/097/SRR17303897/SRR17303897_1.fastq.gz	https://ftp.sra.ebi.ac.uk/vol1/fastq/SRR173/097/SRR17303897/SRR17303897_2.fastq.gz
SRR17303958	PAIRED	https://ftp.sra.ebi.ac.uk/vol1/fastq/SRR173/058/SRR17303958/SRR17303958_1.fastq.gz	https://ftp.sra.ebi.ac.uk/vol1/fastq/SRR173/058/SRR17303958/SRR17303958_2.fastq.gz
SRR17303982	PAIRED	https://ftp.sra.ebi.ac.uk/vol1/fastq/SRR173/082/SRR17303982/SRR17303982_1.fastq.gz	https://ftp.sra.ebi.ac.uk/vol1/fastq/SRR173/082/SRR17303982/SRR17303982_2.fastq.gz
SRR17304081	PAIRED	https://ftp.sra.ebi.ac.uk/vol1/fastq/SRR173/081/SRR17304081/SRR17304081_1.fastq.gz	https://ftp.sra.ebi.ac.uk/vol1/fastq/SRR173/081/SRR17304081/SRR17304081_2.fastq.gz
SRR17304111	PAIRED	https://ftp.sra.ebi.ac.uk/vol1/fastq/SRR173/011/SRR17304111/SRR17304111_1.fastq.gz	https://ftp.sra.ebi.ac.uk/vol1/fastq/SRR173/011/SRR17304111/SRR17304111_2.fastq.gz
SRR17304127	PAIRED	https://ftp.sra.ebi.ac.uk/vol1/fastq/SRR173/027/SRR17304127/SRR17304127_1.fastq.gz	https://ftp.sra.ebi.ac.uk/vol1/fastq/SRR173/027/SRR17304127/SRR17304127_2.fastq.gz
SRR17304172	PAIRED	https://ftp.sra.ebi.ac.uk/vol1/fastq/SRR173/072/SRR17304172/SRR17304172_1.fastq.gz	https://ftp.sra.ebi.ac.uk/vol1/fastq/SRR173/072/SRR17304172/SRR17304172_2.fastq.gz
SRR17304174	PAIRED	https://ftp.sra.ebi.ac.uk/vol1/fastq/SRR173/074/SRR17304174/SRR17304174_1.fastq.gz	https://ftp.sra.ebi.ac.uk/vol1/fastq/SRR173/074/SRR17304174/SRR17304174_2.fastq.gz
SRR17304175	PAIRED	https://ftp.sra.ebi.ac.uk/vol1/fastq/SRR173/075/SRR17304175/SRR17304175_1.fastq.gz	https://ftp.sra.ebi.ac.uk/vol1/fastq/SRR173/075/SRR17304175/SRR17304175_2.fastq.gz
SRR17304185	PAIRED	https://ftp.sra.ebi.ac.uk/vol1/fastq/SRR173/085/SRR17304185/SRR17304185_1.fastq.gz	https://ftp.sra.ebi.ac.uk/vol1/fastq/SRR173/085/SRR17304185/SRR17304185_2.fastq.gz
SRR17304289	PAIRED	https://ftp.sra.ebi.ac.uk/vol1/fastq/SRR173/089/SRR17304289/SRR17304289_1.fastq.gz	https://ftp.sra.ebi.ac.uk/vol1/fastq/SRR173/089/SRR17304289/SRR17304289_2.fastq.gz
SRR17304291	PAIRED	https://ftp.sra.ebi.ac.uk/vol1/fastq/SRR173/091/SRR17304291/SRR17304291_1.fastq.gz	https://ftp.sra.ebi.ac.uk/vol1/fastq/SRR173/091/SRR17304291/SRR17304291_2.fastq.gz
SRR17304297	PAIRED	https://ftp.sra.ebi.ac.uk/vol1/fastq/SRR173/097/SRR17304297/SRR17304297_1.fastq.gz	https://ftp.sra.ebi.ac.uk/vol1/fastq/SRR173/097/SRR17304297/SRR17304297_2.fastq.gz
SRR17304309	PAIRED	https://ftp.sra.ebi.ac.uk/vol1/fastq/SRR173/009/SRR17304309/SRR17304309_1.fastq.gz	https://ftp.sra.ebi.ac.uk/vol1/fastq/SRR173/009/SRR17304309/SRR17304309_2.fastq.gz
SRR17304386	PAIRED	https://ftp.sra.ebi.ac.uk/vol1/fastq/SRR173/086/SRR17304386/SRR17304386_1.fastq.gz	https://ftp.sra.ebi.ac.uk/vol1/fastq/SRR173/086/SRR17304386/SRR17304386_2.fastq.gz
SRR17304440	PAIRED	https://ftp.sra.ebi.ac.uk/vol1/fastq/SRR173/040/SRR17304440/SRR17304440_1.fastq.gz	https://ftp.sra.ebi.ac.uk/vol1/fastq/SRR173/040/SRR17304440/SRR17304440_2.fastq.gz
SRR17304495	PAIRED	https://ftp.sra.ebi.ac.uk/vol1/fastq/SRR173/095/SRR17304495/SRR17304495_1.fastq.gz	https://ftp.sra.ebi.ac.uk/vol1/fastq/SRR173/095/SRR17304495/SRR17304495_2.fastq.gz
SRR17304502	PAIRED	https://ftp.sra.ebi.ac.uk/vol1/fastq/SRR173/002/SRR17304502/SRR17304502_1.fastq.gz	https://ftp.sra.ebi.ac.uk/vol1/fastq/SRR173/002/SRR17304502/SRR17304502_2.fastq.gz
SRR17304539	PAIRED	https://ftp.sra.ebi.ac.uk/vol1/fastq/SRR173/039/SRR17304539/SRR17304539_1.fastq.gz	https://ftp.sra.ebi.ac.uk/vol1/fastq/SRR173/039/SRR17304539/SRR17304539_2.fastq.gz
SRR17308425	PAIRED	https://ftp.sra.ebi.ac.uk/vol1/fastq/SRR173/025/SRR17308425/SRR17308425_1.fastq.gz	https://ftp.sra.ebi.ac.uk/vol1/fastq/SRR173/025/SRR17308425/SRR17308425_2.fastq.gz
SRR17308501	PAIRED	https://ftp.sra.ebi.ac.uk/vol1/fastq/SRR173/001/SRR17308501/SRR17308501_1.fastq.gz	https://ftp.sra.ebi.ac.uk/vol1/fastq/SRR173/001/SRR17308501/SRR17308501_2.fastq.gz
SRR17308542	PAIRED	https://ftp.sra.ebi.ac.uk/vol1/fastq/SRR173/042/SRR17308542/SRR17308542_1.fastq.gz	https://ftp.sra.ebi.ac.uk/vol1/fastq/SRR173/042/SRR17308542/SRR17308542_2.fastq.gz
SRR17308579	PAIRED	https://ftp.sra.ebi.ac.uk/vol1/fastq/SRR173/079/SRR17308579/SRR17308579_1.fastq.gz	https://ftp.sra.ebi.ac.uk/vol1/fastq/SRR173/079/SRR17308579/SRR17308579_2.fastq.gz
SRR17308603	PAIRED	https://ftp.sra.ebi.ac.uk/vol1/fastq/SRR173/003/SRR17308603/SRR17308603_1.fastq.gz	https://ftp.sra.ebi.ac.uk/vol1/fastq/SRR173/003/SRR17308603/SRR17308603_2.fastq.gz
SRR17308616	PAIRED	https://ftp.sra.ebi.ac.uk/vol1/fastq/SRR173/016/SRR17308616/SRR17308616_1.fastq.gz	https://ftp.sra.ebi.ac.uk/vol1/fastq/SRR173/016/SRR17308616/SRR17308616_2.fastq.gz
SRR17308623	PAIRED	https://ftp.sra.ebi.ac.uk/vol1/fastq/SRR173/023/SRR17308623/SRR17308623_1.fastq.gz	https://ftp.sra.ebi.ac.uk/vol1/fastq/SRR173/023/SRR17308623/SRR17308623_2.fastq.gz
SRR17308642	PAIRED	https://ftp.sra.ebi.ac.uk/vol1/fastq/SRR173/042/SRR17308642/SRR17308642_1.fastq.gz	https://ftp.sra.ebi.ac.uk/vol1/fastq/SRR173/042/SRR17308642/SRR17308642_2.fastq.gz
SRR17308651	PAIRED	https://ftp.sra.ebi.ac.uk/vol1/fastq/SRR173/051/SRR17308651/SRR17308651_1.fastq.gz	https://ftp.sra.ebi.ac.uk/vol1/fastq/SRR173/051/SRR17308651/SRR17308651_2.fastq.gz
SRR17308655	PAIRED	https://ftp.sra.ebi.ac.uk/vol1/fastq/SRR173/055/SRR17308655/SRR17308655_1.fastq.gz	https://ftp.sra.ebi.ac.uk/vol1/fastq/SRR173/055/SRR17308655/SRR17308655_2.fastq.gz
SRR17308666	PAIRED	https://ftp.sra.ebi.ac.uk/vol1/fastq/SRR173/066/SRR17308666/SRR17308666_1.fastq.gz	https://ftp.sra.ebi.ac.uk/vol1/fastq/SRR173/066/SRR17308666/SRR17308666_2.fastq.gz
SRR17308692	PAIRED	https://ftp.sra.ebi.ac.uk/vol1/fastq/SRR173/092/SRR17308692/SRR17308692_1.fastq.gz	https://ftp.sra.ebi.ac.uk/vol1/fastq/SRR173/092/SRR17308692/SRR17308692_2.fastq.gz
SRR17308701	PAIRED	https://ftp.sra.ebi.ac.uk/vol1/fastq/SRR173/001/SRR17308701/SRR17308701_1.fastq.gz	https://ftp.sra.ebi.ac.uk/vol1/fastq/SRR173/001/SRR17308701/SRR17308701_2.fastq.gz
SRR17308773	PAIRED	https://ftp.sra.ebi.ac.uk/vol1/fastq/SRR173/073/SRR17308773/SRR17308773_1.fastq.gz	https://ftp.sra.ebi.ac.uk/vol1/fastq/SRR173/073/SRR17308773/SRR17308773_2.fastq.gz
SRR17308784	PAIRED	https://ftp.sra.ebi.ac.uk/vol1/fastq/SRR173/084/SRR17308784/SRR17308784_1.fastq.gz	https://ftp.sra.ebi.ac.uk/vol1/fastq/SRR173/084/SRR17308784/SRR17308784_2.fastq.gz
SRR17308795	PAIRED	https://ftp.sra.ebi.ac.uk/vol1/fastq/SRR173/095/SRR17308795/SRR17308795_1.fastq.gz	https://ftp.sra.ebi.ac.uk/vol1/fastq/SRR173/095/SRR17308795/SRR17308795_2.fastq.gz
SRR17308874	PAIRED	https://ftp.sra.ebi.ac.uk/vol1/fastq/SRR173/074/SRR17308874/SRR17308874_1.fastq.gz	https://ftp.sra.ebi.ac.uk/vol1/fastq/SRR173/074/SRR17308874/SRR17308874_2.fastq.gz
SRR17308891	PAIRED	https://ftp.sra.ebi.ac.uk/vol1/fastq/SRR173/091/SRR17308891/SRR17308891_1.fastq.gz	https://ftp.sra.ebi.ac.uk/vol1/fastq/SRR173/091/SRR17308891/SRR17308891_2.fastq.gz
SRR17308912	PAIRED	https://ftp.sra.ebi.ac.uk/vol1/fastq/SRR173/012/SRR17308912/SRR17308912_1.fastq.gz	https://ftp.sra.ebi.ac.uk/vol1/fastq/SRR173/012/SRR17308912/SRR17308912_2.fastq.gz
SRR17308917	PAIRED	https://ftp.sra.ebi.ac.uk/vol1/fastq/SRR173/017/SRR17308917/SRR17308917_1.fastq.gz	https://ftp.sra.ebi.ac.uk/vol1/fastq/SRR173/017/SRR17308917/SRR17308917_2.fastq.gz
SRR17308937	PAIRED	https://ftp.sra.ebi.ac.uk/vol1/fastq/SRR173/037/SRR17308937/SRR17308937_1.fastq.gz	https://ftp.sra.ebi.ac.uk/vol1/fastq/SRR173/037/SRR17308937/SRR17308937_2.fastq.gz
SRR17308965	PAIRED	https://ftp.sra.ebi.ac.uk/vol1/fastq/SRR173/065/SRR17308965/SRR17308965_1.fastq.gz	https://ftp.sra.ebi.ac.uk/vol1/fastq/SRR173/065/SRR17308965/SRR17308965_2.fastq.gz
SRR17309011	PAIRED	https://ftp.sra.ebi.ac.uk/vol1/fastq/SRR173/011/SRR17309011/SRR17309011_1.fastq.gz	https://ftp.sra.ebi.ac.uk/vol1/fastq/SRR173/011/SRR17309011/SRR17309011_2.fastq.gz
SRR17311737	PAIRED	https://ftp.sra.ebi.ac.uk/vol1/fastq/SRR173/037/SRR17311737/SRR17311737_1.fastq.gz	https://ftp.sra.ebi.ac.uk/vol1/fastq/SRR173/037/SRR17311737/SRR17311737_2.fastq.gz
SRR17383790	PAIRED	https://ftp.sra.ebi.ac.uk/vol1/fastq/SRR173/090/SRR17383790/SRR17383790_1.fastq.gz	https://ftp.sra.ebi.ac.uk/vol1/fastq/SRR173/090/SRR17383790/SRR17383790_2.fastq.gz
SRR17431344	PAIRED	https://ftp.sra.ebi.ac.uk/vol1/fastq/SRR174/044/SRR17431344/SRR17431344_1.fastq.gz	https://ftp.sra.ebi.ac.uk/vol1/fastq/SRR174/044/SRR17431344/SRR17431344_2.fastq.gz
SRR17563014	PAIRED	https://ftp.sra.ebi.ac.uk/vol1/fastq/SRR175/014/SRR17563014/SRR17563014_1.fastq.gz	https://ftp.sra.ebi.ac.uk/vol1/fastq/SRR175/014/SRR17563014/SRR17563014_2.fastq.gz
SRR17593974	PAIRED	https://ftp.sra.ebi.ac.uk/vol1/fastq/SRR175/074/SRR17593974/SRR17593974_1.fastq.gz	https://ftp.sra.ebi.ac.uk/vol1/fastq/SRR175/074/SRR17593974/SRR17593974_2.fastq.gz
SRR17594006	PAIRED	https://ftp.sra.ebi.ac.uk/vol1/fastq/SRR175/006/SRR17594006/SRR17594006_1.fastq.gz	https://ftp.sra.ebi.ac.uk/vol1/fastq/SRR175/006/SRR17594006/SRR17594006_2.fastq.gz
SRR17594008	PAIRED	https://ftp.sra.ebi.ac.uk/vol1/fastq/SRR175/008/SRR17594008/SRR17594008_1.fastq.gz	https://ftp.sra.ebi.ac.uk/vol1/fastq/SRR175/008/SRR17594008/SRR17594008_2.fastq.gz
SRR17594016	PAIRED	https://ftp.sra.ebi.ac.uk/vol1/fastq/SRR175/016/SRR17594016/SRR17594016_1.fastq.gz	https://ftp.sra.ebi.ac.uk/vol1/fastq/SRR175/016/SRR17594016/SRR17594016_2.fastq.gz
SRR17594027	PAIRED	https://ftp.sra.ebi.ac.uk/vol1/fastq/SRR175/027/SRR17594027/SRR17594027_1.fastq.gz	https://ftp.sra.ebi.ac.uk/vol1/fastq/SRR175/027/SRR17594027/SRR17594027_2.fastq.gz
SRR17611317	PAIRED	https://ftp.sra.ebi.ac.uk/vol1/fastq/SRR176/017/SRR17611317/SRR17611317_1.fastq.gz	https://ftp.sra.ebi.ac.uk/vol1/fastq/SRR176/017/SRR17611317/SRR17611317_2.fastq.gz
SRR17621145	PAIRED	https://ftp.sra.ebi.ac.uk/vol1/fastq/SRR176/045/SRR17621145/SRR17621145_1.fastq.gz	https://ftp.sra.ebi.ac.uk/vol1/fastq/SRR176/045/SRR17621145/SRR17621145_2.fastq.gz
SRR17637303	PAIRED	https://ftp.sra.ebi.ac.uk/vol1/fastq/SRR176/003/SRR17637303/SRR17637303_1.fastq.gz	https://ftp.sra.ebi.ac.uk/vol1/fastq/SRR176/003/SRR17637303/SRR17637303_2.fastq.gz
SRR17640806	PAIRED	https://ftp.sra.ebi.ac.uk/vol1/fastq/SRR176/006/SRR17640806/SRR17640806_1.fastq.gz	https://ftp.sra.ebi.ac.uk/vol1/fastq/SRR176/006/SRR17640806/SRR17640806_2.fastq.gz
SRR17640807	PAIRED	https://ftp.sra.ebi.ac.uk/vol1/fastq/SRR176/007/SRR17640807/SRR17640807_1.fastq.gz	https://ftp.sra.ebi.ac.uk/vol1/fastq/SRR176/007/SRR17640807/SRR17640807_2.fastq.gz
SRR17640809	PAIRED	https://ftp.sra.ebi.ac.uk/vol1/fastq/SRR176/009/SRR17640809/SRR17640809_1.fastq.gz	https://ftp.sra.ebi.ac.uk/vol1/fastq/SRR176/009/SRR17640809/SRR17640809_2.fastq.gz
SRR17644149	PAIRED	https://ftp.sra.ebi.ac.uk/vol1/fastq/SRR176/049/SRR17644149/SRR17644149_1.fastq.gz	https://ftp.sra.ebi.ac.uk/vol1/fastq/SRR176/049/SRR17644149/SRR17644149_2.fastq.gz
SRR17644153	PAIRED	https://ftp.sra.ebi.ac.uk/vol1/fastq/SRR176/053/SRR17644153/SRR17644153_1.fastq.gz	https://ftp.sra.ebi.ac.uk/vol1/fastq/SRR176/053/SRR17644153/SRR17644153_2.fastq.gz
SRR17644247	PAIRED	https://ftp.sra.ebi.ac.uk/vol1/fastq/SRR176/047/SRR17644247/SRR17644247_1.fastq.gz	https://ftp.sra.ebi.ac.uk/vol1/fastq/SRR176/047/SRR17644247/SRR17644247_2.fastq.gz
SRR17644269	PAIRED	https://ftp.sra.ebi.ac.uk/vol1/fastq/SRR176/069/SRR17644269/SRR17644269_1.fastq.gz	https://ftp.sra.ebi.ac.uk/vol1/fastq/SRR176/069/SRR17644269/SRR17644269_2.fastq.gz
SRR17644290	PAIRED	https://ftp.sra.ebi.ac.uk/vol1/fastq/SRR176/090/SRR17644290/SRR17644290_1.fastq.gz	https://ftp.sra.ebi.ac.uk/vol1/fastq/SRR176/090/SRR17644290/SRR17644290_2.fastq.gz
SRR17644299	PAIRED	https://ftp.sra.ebi.ac.uk/vol1/fastq/SRR176/099/SRR17644299/SRR17644299_1.fastq.gz	https://ftp.sra.ebi.ac.uk/vol1/fastq/SRR176/099/SRR17644299/SRR17644299_2.fastq.gz
SRR17644304	PAIRED	https://ftp.sra.ebi.ac.uk/vol1/fastq/SRR176/004/SRR17644304/SRR17644304_1.fastq.gz	https://ftp.sra.ebi.ac.uk/vol1/fastq/SRR176/004/SRR17644304/SRR17644304_2.fastq.gz
SRR17644308	PAIRED	https://ftp.sra.ebi.ac.uk/vol1/fastq/SRR176/008/SRR17644308/SRR17644308_1.fastq.gz	https://ftp.sra.ebi.ac.uk/vol1/fastq/SRR176/008/SRR17644308/SRR17644308_2.fastq.gz
SRR17644355	PAIRED	https://ftp.sra.ebi.ac.uk/vol1/fastq/SRR176/055/SRR17644355/SRR17644355_1.fastq.gz	https://ftp.sra.ebi.ac.uk/vol1/fastq/SRR176/055/SRR17644355/SRR17644355_2.fastq.gz
SRR17644357	PAIRED	https://ftp.sra.ebi.ac.uk/vol1/fastq/SRR176/057/SRR17644357/SRR17644357_1.fastq.gz	https://ftp.sra.ebi.ac.uk/vol1/fastq/SRR176/057/SRR17644357/SRR17644357_2.fastq.gz
SRR17644359	PAIRED	https://ftp.sra.ebi.ac.uk/vol1/fastq/SRR176/059/SRR17644359/SRR17644359_1.fastq.gz	https://ftp.sra.ebi.ac.uk/vol1/fastq/SRR176/059/SRR17644359/SRR17644359_2.fastq.gz
SRR17709943	PAIRED	https://ftp.sra.ebi.ac.uk/vol1/fastq/SRR177/043/SRR17709943/SRR17709943_1.fastq.gz	https://ftp.sra.ebi.ac.uk/vol1/fastq/SRR177/043/SRR17709943/SRR17709943_2.fastq.gz
SRR17709948	PAIRED	https://ftp.sra.ebi.ac.uk/vol1/fastq/SRR177/048/SRR17709948/SRR17709948_1.fastq.gz	https://ftp.sra.ebi.ac.uk/vol1/fastq/SRR177/048/SRR17709948/SRR17709948_2.fastq.gz
SRR17709950	PAIRED	https://ftp.sra.ebi.ac.uk/vol1/fastq/SRR177/050/SRR17709950/SRR17709950_1.fastq.gz	https://ftp.sra.ebi.ac.uk/vol1/fastq/SRR177/050/SRR17709950/SRR17709950_2.fastq.gz
SRR17721444	PAIRED	https://ftp.sra.ebi.ac.uk/vol1/fastq/SRR177/044/SRR17721444/SRR17721444_1.fastq.gz	https://ftp.sra.ebi.ac.uk/vol1/fastq/SRR177/044/SRR17721444/SRR17721444_2.fastq.gz
SRR17721459	PAIRED	https://ftp.sra.ebi.ac.uk/vol1/fastq/SRR177/059/SRR17721459/SRR17721459_1.fastq.gz	https://ftp.sra.ebi.ac.uk/vol1/fastq/SRR177/059/SRR17721459/SRR17721459_2.fastq.gz
SRR17721513	PAIRED	https://ftp.sra.ebi.ac.uk/vol1/fastq/SRR177/013/SRR17721513/SRR17721513_1.fastq.gz	https://ftp.sra.ebi.ac.uk/vol1/fastq/SRR177/013/SRR17721513/SRR17721513_2.fastq.gz
SRR17779304	PAIRED	https://ftp.sra.ebi.ac.uk/vol1/fastq/SRR177/004/SRR17779304/SRR17779304_1.fastq.gz	https://ftp.sra.ebi.ac.uk/vol1/fastq/SRR177/004/SRR17779304/SRR17779304_2.fastq.gz
SRR17867825	PAIRED	https://ftp.sra.ebi.ac.uk/vol1/fastq/SRR178/025/SRR17867825/SRR17867825_1.fastq.gz	https://ftp.sra.ebi.ac.uk/vol1/fastq/SRR178/025/SRR17867825/SRR17867825_2.fastq.gz
SRR17883345	PAIRED	https://ftp.sra.ebi.ac.uk/vol1/fastq/SRR178/045/SRR17883345/SRR17883345_1.fastq.gz	https://ftp.sra.ebi.ac.uk/vol1/fastq/SRR178/045/SRR17883345/SRR17883345_2.fastq.gz
SRR17883349	PAIRED	https://ftp.sra.ebi.ac.uk/vol1/fastq/SRR178/049/SRR17883349/SRR17883349_1.fastq.gz	https://ftp.sra.ebi.ac.uk/vol1/fastq/SRR178/049/SRR17883349/SRR17883349_2.fastq.gz
SRR17907742	PAIRED	https://ftp.sra.ebi.ac.uk/vol1/fastq/SRR179/042/SRR17907742/SRR17907742_1.fastq.gz	https://ftp.sra.ebi.ac.uk/vol1/fastq/SRR179/042/SRR17907742/SRR17907742_2.fastq.gz
SRR17931059	PAIRED	https://ftp.sra.ebi.ac.uk/vol1/fastq/SRR179/059/SRR17931059/SRR17931059_1.fastq.gz	https://ftp.sra.ebi.ac.uk/vol1/fastq/SRR179/059/SRR17931059/SRR17931059_2.fastq.gz
SRR17931060	PAIRED	https://ftp.sra.ebi.ac.uk/vol1/fastq/SRR179/060/SRR17931060/SRR17931060_1.fastq.gz	https://ftp.sra.ebi.ac.uk/vol1/fastq/SRR179/060/SRR17931060/SRR17931060_2.fastq.gz
SRR17931069	PAIRED	https://ftp.sra.ebi.ac.uk/vol1/fastq/SRR179/069/SRR17931069/SRR17931069_1.fastq.gz	https://ftp.sra.ebi.ac.uk/vol1/fastq/SRR179/069/SRR17931069/SRR17931069_2.fastq.gz
SRR17931075	PAIRED	https://ftp.sra.ebi.ac.uk/vol1/fastq/SRR179/075/SRR17931075/SRR17931075_1.fastq.gz	https://ftp.sra.ebi.ac.uk/vol1/fastq/SRR179/075/SRR17931075/SRR17931075_2.fastq.gz
SRR17931076	PAIRED	https://ftp.sra.ebi.ac.uk/vol1/fastq/SRR179/076/SRR17931076/SRR17931076_1.fastq.gz	https://ftp.sra.ebi.ac.uk/vol1/fastq/SRR179/076/SRR17931076/SRR17931076_2.fastq.gz
SRR17931077	PAIRED	https://ftp.sra.ebi.ac.uk/vol1/fastq/SRR179/077/SRR17931077/SRR17931077_1.fastq.gz	https://ftp.sra.ebi.ac.uk/vol1/fastq/SRR179/077/SRR17931077/SRR17931077_2.fastq.gz
SRR17931083	PAIRED	https://ftp.sra.ebi.ac.uk/vol1/fastq/SRR179/083/SRR17931083/SRR17931083_1.fastq.gz	https://ftp.sra.ebi.ac.uk/vol1/fastq/SRR179/083/SRR17931083/SRR17931083_2.fastq.gz
SRR17931101	PAIRED	https://ftp.sra.ebi.ac.uk/vol1/fastq/SRR179/001/SRR17931101/SRR17931101_1.fastq.gz	https://ftp.sra.ebi.ac.uk/vol1/fastq/SRR179/001/SRR17931101/SRR17931101_2.fastq.gz
SRR17931130	PAIRED	https://ftp.sra.ebi.ac.uk/vol1/fastq/SRR179/030/SRR17931130/SRR17931130_1.fastq.gz	https://ftp.sra.ebi.ac.uk/vol1/fastq/SRR179/030/SRR17931130/SRR17931130_2.fastq.gz
SRR17931131	PAIRED	https://ftp.sra.ebi.ac.uk/vol1/fastq/SRR179/031/SRR17931131/SRR17931131_1.fastq.gz	https://ftp.sra.ebi.ac.uk/vol1/fastq/SRR179/031/SRR17931131/SRR17931131_2.fastq.gz
SRR17944015	PAIRED	https://ftp.sra.ebi.ac.uk/vol1/fastq/SRR179/015/SRR17944015/SRR17944015_1.fastq.gz	https://ftp.sra.ebi.ac.uk/vol1/fastq/SRR179/015/SRR17944015/SRR17944015_2.fastq.gz
SRR18030093	PAIRED	https://ftp.sra.ebi.ac.uk/vol1/fastq/SRR180/093/SRR18030093/SRR18030093_1.fastq.gz	https://ftp.sra.ebi.ac.uk/vol1/fastq/SRR180/093/SRR18030093/SRR18030093_2.fastq.gz
SRR18030366	PAIRED	https://ftp.sra.ebi.ac.uk/vol1/fastq/SRR180/066/SRR18030366/SRR18030366_1.fastq.gz	https://ftp.sra.ebi.ac.uk/vol1/fastq/SRR180/066/SRR18030366/SRR18030366_2.fastq.gz
SRR18175535	PAIRED	https://ftp.sra.ebi.ac.uk/vol1/fastq/SRR181/035/SRR18175535/SRR18175535_1.fastq.gz	https://ftp.sra.ebi.ac.uk/vol1/fastq/SRR181/035/SRR18175535/SRR18175535_2.fastq.gz
SRR18175558	PAIRED	https://ftp.sra.ebi.ac.uk/vol1/fastq/SRR181/058/SRR18175558/SRR18175558_1.fastq.gz	https://ftp.sra.ebi.ac.uk/vol1/fastq/SRR181/058/SRR18175558/SRR18175558_2.fastq.gz
SRR18175561	PAIRED	https://ftp.sra.ebi.ac.uk/vol1/fastq/SRR181/061/SRR18175561/SRR18175561_1.fastq.gz	https://ftp.sra.ebi.ac.uk/vol1/fastq/SRR181/061/SRR18175561/SRR18175561_2.fastq.gz
SRR18175580	PAIRED	https://ftp.sra.ebi.ac.uk/vol1/fastq/SRR181/080/SRR18175580/SRR18175580_1.fastq.gz	https://ftp.sra.ebi.ac.uk/vol1/fastq/SRR181/080/SRR18175580/SRR18175580_2.fastq.gz
SRR18175585	PAIRED	https://ftp.sra.ebi.ac.uk/vol1/fastq/SRR181/085/SRR18175585/SRR18175585_1.fastq.gz	https://ftp.sra.ebi.ac.uk/vol1/fastq/SRR181/085/SRR18175585/SRR18175585_2.fastq.gz
SRR18175609	PAIRED	https://ftp.sra.ebi.ac.uk/vol1/fastq/SRR181/009/SRR18175609/SRR18175609_1.fastq.gz	https://ftp.sra.ebi.ac.uk/vol1/fastq/SRR181/009/SRR18175609/SRR18175609_2.fastq.gz
SRR18175610	PAIRED	https://ftp.sra.ebi.ac.uk/vol1/fastq/SRR181/010/SRR18175610/SRR18175610_1.fastq.gz	https://ftp.sra.ebi.ac.uk/vol1/fastq/SRR181/010/SRR18175610/SRR18175610_2.fastq.gz
SRR18175645	PAIRED	https://ftp.sra.ebi.ac.uk/vol1/fastq/SRR181/045/SRR18175645/SRR18175645_1.fastq.gz	https://ftp.sra.ebi.ac.uk/vol1/fastq/SRR181/045/SRR18175645/SRR18175645_2.fastq.gz
SRR18175679	PAIRED	https://ftp.sra.ebi.ac.uk/vol1/fastq/SRR181/079/SRR18175679/SRR18175679_1.fastq.gz	https://ftp.sra.ebi.ac.uk/vol1/fastq/SRR181/079/SRR18175679/SRR18175679_2.fastq.gz
SRR18175701	PAIRED	https://ftp.sra.ebi.ac.uk/vol1/fastq/SRR181/001/SRR18175701/SRR18175701_1.fastq.gz	https://ftp.sra.ebi.ac.uk/vol1/fastq/SRR181/001/SRR18175701/SRR18175701_2.fastq.gz
SRR18175705	PAIRED	https://ftp.sra.ebi.ac.uk/vol1/fastq/SRR181/005/SRR18175705/SRR18175705_1.fastq.gz	https://ftp.sra.ebi.ac.uk/vol1/fastq/SRR181/005/SRR18175705/SRR18175705_2.fastq.gz
SRR18175716	PAIRED	https://ftp.sra.ebi.ac.uk/vol1/fastq/SRR181/016/SRR18175716/SRR18175716_1.fastq.gz	https://ftp.sra.ebi.ac.uk/vol1/fastq/SRR181/016/SRR18175716/SRR18175716_2.fastq.gz
SRR18175718	PAIRED	https://ftp.sra.ebi.ac.uk/vol1/fastq/SRR181/018/SRR18175718/SRR18175718_1.fastq.gz	https://ftp.sra.ebi.ac.uk/vol1/fastq/SRR181/018/SRR18175718/SRR18175718_2.fastq.gz
SRR18175723	PAIRED	https://ftp.sra.ebi.ac.uk/vol1/fastq/SRR181/023/SRR18175723/SRR18175723_1.fastq.gz	https://ftp.sra.ebi.ac.uk/vol1/fastq/SRR181/023/SRR18175723/SRR18175723_2.fastq.gz
SRR18178371	PAIRED	https://ftp.sra.ebi.ac.uk/vol1/fastq/SRR181/071/SRR18178371/SRR18178371_1.fastq.gz	https://ftp.sra.ebi.ac.uk/vol1/fastq/SRR181/071/SRR18178371/SRR18178371_2.fastq.gz
SRR18190600	PAIRED	https://ftp.sra.ebi.ac.uk/vol1/fastq/SRR181/000/SRR18190600/SRR18190600_1.fastq.gz	https://ftp.sra.ebi.ac.uk/vol1/fastq/SRR181/000/SRR18190600/SRR18190600_2.fastq.gz
SRR18190602	PAIRED	https://ftp.sra.ebi.ac.uk/vol1/fastq/SRR181/002/SRR18190602/SRR18190602_1.fastq.gz	https://ftp.sra.ebi.ac.uk/vol1/fastq/SRR181/002/SRR18190602/SRR18190602_2.fastq.gz
SRR18207172	PAIRED	https://ftp.sra.ebi.ac.uk/vol1/fastq/SRR182/072/SRR18207172/SRR18207172_1.fastq.gz	https://ftp.sra.ebi.ac.uk/vol1/fastq/SRR182/072/SRR18207172/SRR18207172_2.fastq.gz
SRR18207187	PAIRED	https://ftp.sra.ebi.ac.uk/vol1/fastq/SRR182/087/SRR18207187/SRR18207187_1.fastq.gz	https://ftp.sra.ebi.ac.uk/vol1/fastq/SRR182/087/SRR18207187/SRR18207187_2.fastq.gz
SRR18207192	PAIRED	https://ftp.sra.ebi.ac.uk/vol1/fastq/SRR182/092/SRR18207192/SRR18207192_1.fastq.gz	https://ftp.sra.ebi.ac.uk/vol1/fastq/SRR182/092/SRR18207192/SRR18207192_2.fastq.gz
SRR18207200	PAIRED	https://ftp.sra.ebi.ac.uk/vol1/fastq/SRR182/000/SRR18207200/SRR18207200_1.fastq.gz	https://ftp.sra.ebi.ac.uk/vol1/fastq/SRR182/000/SRR18207200/SRR18207200_2.fastq.gz
SRR18207253	PAIRED	https://ftp.sra.ebi.ac.uk/vol1/fastq/SRR182/053/SRR18207253/SRR18207253_1.fastq.gz	https://ftp.sra.ebi.ac.uk/vol1/fastq/SRR182/053/SRR18207253/SRR18207253_2.fastq.gz
SRR18207255	PAIRED	https://ftp.sra.ebi.ac.uk/vol1/fastq/SRR182/055/SRR18207255/SRR18207255_1.fastq.gz	https://ftp.sra.ebi.ac.uk/vol1/fastq/SRR182/055/SRR18207255/SRR18207255_2.fastq.gz
SRR18207277	PAIRED	https://ftp.sra.ebi.ac.uk/vol1/fastq/SRR182/077/SRR18207277/SRR18207277_1.fastq.gz	https://ftp.sra.ebi.ac.uk/vol1/fastq/SRR182/077/SRR18207277/SRR18207277_2.fastq.gz
SRR18207288	PAIRED	https://ftp.sra.ebi.ac.uk/vol1/fastq/SRR182/088/SRR18207288/SRR18207288_1.fastq.gz	https://ftp.sra.ebi.ac.uk/vol1/fastq/SRR182/088/SRR18207288/SRR18207288_2.fastq.gz
SRR18207297	PAIRED	https://ftp.sra.ebi.ac.uk/vol1/fastq/SRR182/097/SRR18207297/SRR18207297_1.fastq.gz	https://ftp.sra.ebi.ac.uk/vol1/fastq/SRR182/097/SRR18207297/SRR18207297_2.fastq.gz
SRR18207315	PAIRED	https://ftp.sra.ebi.ac.uk/vol1/fastq/SRR182/015/SRR18207315/SRR18207315_1.fastq.gz	https://ftp.sra.ebi.ac.uk/vol1/fastq/SRR182/015/SRR18207315/SRR18207315_2.fastq.gz
SRR18207339	PAIRED	https://ftp.sra.ebi.ac.uk/vol1/fastq/SRR182/039/SRR18207339/SRR18207339_1.fastq.gz	https://ftp.sra.ebi.ac.uk/vol1/fastq/SRR182/039/SRR18207339/SRR18207339_2.fastq.gz
SRR18207343	PAIRED	https://ftp.sra.ebi.ac.uk/vol1/fastq/SRR182/043/SRR18207343/SRR18207343_1.fastq.gz	https://ftp.sra.ebi.ac.uk/vol1/fastq/SRR182/043/SRR18207343/SRR18207343_2.fastq.gz
SRR18207347	PAIRED	https://ftp.sra.ebi.ac.uk/vol1/fastq/SRR182/047/SRR18207347/SRR18207347_1.fastq.gz	https://ftp.sra.ebi.ac.uk/vol1/fastq/SRR182/047/SRR18207347/SRR18207347_2.fastq.gz
SRR18208091	PAIRED	https://ftp.sra.ebi.ac.uk/vol1/fastq/SRR182/091/SRR18208091/SRR18208091_1.fastq.gz	https://ftp.sra.ebi.ac.uk/vol1/fastq/SRR182/091/SRR18208091/SRR18208091_2.fastq.gz
SRR18208865	PAIRED	https://ftp.sra.ebi.ac.uk/vol1/fastq/SRR182/065/SRR18208865/SRR18208865_1.fastq.gz	https://ftp.sra.ebi.ac.uk/vol1/fastq/SRR182/065/SRR18208865/SRR18208865_2.fastq.gz
SRR18208883	PAIRED	https://ftp.sra.ebi.ac.uk/vol1/fastq/SRR182/083/SRR18208883/SRR18208883_1.fastq.gz	https://ftp.sra.ebi.ac.uk/vol1/fastq/SRR182/083/SRR18208883/SRR18208883_2.fastq.gz
SRR18208896	PAIRED	https://ftp.sra.ebi.ac.uk/vol1/fastq/SRR182/096/SRR18208896/SRR18208896_1.fastq.gz	https://ftp.sra.ebi.ac.uk/vol1/fastq/SRR182/096/SRR18208896/SRR18208896_2.fastq.gz
SRR18208902	PAIRED	https://ftp.sra.ebi.ac.uk/vol1/fastq/SRR182/002/SRR18208902/SRR18208902_1.fastq.gz	https://ftp.sra.ebi.ac.uk/vol1/fastq/SRR182/002/SRR18208902/SRR18208902_2.fastq.gz
SRR18208907	PAIRED	https://ftp.sra.ebi.ac.uk/vol1/fastq/SRR182/007/SRR18208907/SRR18208907_1.fastq.gz	https://ftp.sra.ebi.ac.uk/vol1/fastq/SRR182/007/SRR18208907/SRR18208907_2.fastq.gz
SRR18208914	PAIRED	https://ftp.sra.ebi.ac.uk/vol1/fastq/SRR182/014/SRR18208914/SRR18208914_1.fastq.gz	https://ftp.sra.ebi.ac.uk/vol1/fastq/SRR182/014/SRR18208914/SRR18208914_2.fastq.gz
SRR18208927	PAIRED	https://ftp.sra.ebi.ac.uk/vol1/fastq/SRR182/027/SRR18208927/SRR18208927_1.fastq.gz	https://ftp.sra.ebi.ac.uk/vol1/fastq/SRR182/027/SRR18208927/SRR18208927_2.fastq.gz
SRR18208939	PAIRED	https://ftp.sra.ebi.ac.uk/vol1/fastq/SRR182/039/SRR18208939/SRR18208939_1.fastq.gz	https://ftp.sra.ebi.ac.uk/vol1/fastq/SRR182/039/SRR18208939/SRR18208939_2.fastq.gz
SRR18208963	PAIRED	https://ftp.sra.ebi.ac.uk/vol1/fastq/SRR182/063/SRR18208963/SRR18208963_1.fastq.gz	https://ftp.sra.ebi.ac.uk/vol1/fastq/SRR182/063/SRR18208963/SRR18208963_2.fastq.gz
SRR18208979	PAIRED	https://ftp.sra.ebi.ac.uk/vol1/fastq/SRR182/079/SRR18208979/SRR18208979_1.fastq.gz	https://ftp.sra.ebi.ac.uk/vol1/fastq/SRR182/079/SRR18208979/SRR18208979_2.fastq.gz
SRR18208987	PAIRED	https://ftp.sra.ebi.ac.uk/vol1/fastq/SRR182/087/SRR18208987/SRR18208987_1.fastq.gz	https://ftp.sra.ebi.ac.uk/vol1/fastq/SRR182/087/SRR18208987/SRR18208987_2.fastq.gz
SRR18208992	PAIRED	https://ftp.sra.ebi.ac.uk/vol1/fastq/SRR182/092/SRR18208992/SRR18208992_1.fastq.gz	https://ftp.sra.ebi.ac.uk/vol1/fastq/SRR182/092/SRR18208992/SRR18208992_2.fastq.gz
SRR18208996	PAIRED	https://ftp.sra.ebi.ac.uk/vol1/fastq/SRR182/096/SRR18208996/SRR18208996_1.fastq.gz	https://ftp.sra.ebi.ac.uk/vol1/fastq/SRR182/096/SRR18208996/SRR18208996_2.fastq.gz
SRR18209009	PAIRED	https://ftp.sra.ebi.ac.uk/vol1/fastq/SRR182/009/SRR18209009/SRR18209009_1.fastq.gz	https://ftp.sra.ebi.ac.uk/vol1/fastq/SRR182/009/SRR18209009/SRR18209009_2.fastq.gz
SRR18209014	PAIRED	https://ftp.sra.ebi.ac.uk/vol1/fastq/SRR182/014/SRR18209014/SRR18209014_1.fastq.gz	https://ftp.sra.ebi.ac.uk/vol1/fastq/SRR182/014/SRR18209014/SRR18209014_2.fastq.gz
SRR18209024	PAIRED	https://ftp.sra.ebi.ac.uk/vol1/fastq/SRR182/024/SRR18209024/SRR18209024_1.fastq.gz	https://ftp.sra.ebi.ac.uk/vol1/fastq/SRR182/024/SRR18209024/SRR18209024_2.fastq.gz
SRR18209057	PAIRED	https://ftp.sra.ebi.ac.uk/vol1/fastq/SRR182/057/SRR18209057/SRR18209057_1.fastq.gz	https://ftp.sra.ebi.ac.uk/vol1/fastq/SRR182/057/SRR18209057/SRR18209057_2.fastq.gz
SRR18209064	PAIRED	https://ftp.sra.ebi.ac.uk/vol1/fastq/SRR182/064/SRR18209064/SRR18209064_1.fastq.gz	https://ftp.sra.ebi.ac.uk/vol1/fastq/SRR182/064/SRR18209064/SRR18209064_2.fastq.gz
SRR18209068	PAIRED	https://ftp.sra.ebi.ac.uk/vol1/fastq/SRR182/068/SRR18209068/SRR18209068_1.fastq.gz	https://ftp.sra.ebi.ac.uk/vol1/fastq/SRR182/068/SRR18209068/SRR18209068_2.fastq.gz
SRR18209070	PAIRED	https://ftp.sra.ebi.ac.uk/vol1/fastq/SRR182/070/SRR18209070/SRR18209070_1.fastq.gz	https://ftp.sra.ebi.ac.uk/vol1/fastq/SRR182/070/SRR18209070/SRR18209070_2.fastq.gz
SRR18209071	PAIRED	https://ftp.sra.ebi.ac.uk/vol1/fastq/SRR182/071/SRR18209071/SRR18209071_1.fastq.gz	https://ftp.sra.ebi.ac.uk/vol1/fastq/SRR182/071/SRR18209071/SRR18209071_2.fastq.gz
SRR18209087	PAIRED	https://ftp.sra.ebi.ac.uk/vol1/fastq/SRR182/087/SRR18209087/SRR18209087_1.fastq.gz	https://ftp.sra.ebi.ac.uk/vol1/fastq/SRR182/087/SRR18209087/SRR18209087_2.fastq.gz
SRR18209102	PAIRED	https://ftp.sra.ebi.ac.uk/vol1/fastq/SRR182/002/SRR18209102/SRR18209102_1.fastq.gz	https://ftp.sra.ebi.ac.uk/vol1/fastq/SRR182/002/SRR18209102/SRR18209102_2.fastq.gz
SRR18209128	PAIRED	https://ftp.sra.ebi.ac.uk/vol1/fastq/SRR182/028/SRR18209128/SRR18209128_1.fastq.gz	https://ftp.sra.ebi.ac.uk/vol1/fastq/SRR182/028/SRR18209128/SRR18209128_2.fastq.gz
SRR18209139	PAIRED	https://ftp.sra.ebi.ac.uk/vol1/fastq/SRR182/039/SRR18209139/SRR18209139_1.fastq.gz	https://ftp.sra.ebi.ac.uk/vol1/fastq/SRR182/039/SRR18209139/SRR18209139_2.fastq.gz
SRR18209173	PAIRED	https://ftp.sra.ebi.ac.uk/vol1/fastq/SRR182/073/SRR18209173/SRR18209173_1.fastq.gz	https://ftp.sra.ebi.ac.uk/vol1/fastq/SRR182/073/SRR18209173/SRR18209173_2.fastq.gz
SRR18209175	PAIRED	https://ftp.sra.ebi.ac.uk/vol1/fastq/SRR182/075/SRR18209175/SRR18209175_1.fastq.gz	https://ftp.sra.ebi.ac.uk/vol1/fastq/SRR182/075/SRR18209175/SRR18209175_2.fastq.gz
SRR18209181	PAIRED	https://ftp.sra.ebi.ac.uk/vol1/fastq/SRR182/081/SRR18209181/SRR18209181_1.fastq.gz	https://ftp.sra.ebi.ac.uk/vol1/fastq/SRR182/081/SRR18209181/SRR18209181_2.fastq.gz
SRR18209200	PAIRED	https://ftp.sra.ebi.ac.uk/vol1/fastq/SRR182/000/SRR18209200/SRR18209200_1.fastq.gz	https://ftp.sra.ebi.ac.uk/vol1/fastq/SRR182/000/SRR18209200/SRR18209200_2.fastq.gz
SRR18209207	PAIRED	https://ftp.sra.ebi.ac.uk/vol1/fastq/SRR182/007/SRR18209207/SRR18209207_1.fastq.gz	https://ftp.sra.ebi.ac.uk/vol1/fastq/SRR182/007/SRR18209207/SRR18209207_2.fastq.gz
SRR18209220	PAIRED	https://ftp.sra.ebi.ac.uk/vol1/fastq/SRR182/020/SRR18209220/SRR18209220_1.fastq.gz	https://ftp.sra.ebi.ac.uk/vol1/fastq/SRR182/020/SRR18209220/SRR18209220_2.fastq.gz
SRR18209229	PAIRED	https://ftp.sra.ebi.ac.uk/vol1/fastq/SRR182/029/SRR18209229/SRR18209229_1.fastq.gz	https://ftp.sra.ebi.ac.uk/vol1/fastq/SRR182/029/SRR18209229/SRR18209229_2.fastq.gz
SRR18209230	PAIRED	https://ftp.sra.ebi.ac.uk/vol1/fastq/SRR182/030/SRR18209230/SRR18209230_1.fastq.gz	https://ftp.sra.ebi.ac.uk/vol1/fastq/SRR182/030/SRR18209230/SRR18209230_2.fastq.gz
SRR18209234	PAIRED	https://ftp.sra.ebi.ac.uk/vol1/fastq/SRR182/034/SRR18209234/SRR18209234_1.fastq.gz	https://ftp.sra.ebi.ac.uk/vol1/fastq/SRR182/034/SRR18209234/SRR18209234_2.fastq.gz
SRR18212565	PAIRED	https://ftp.sra.ebi.ac.uk/vol1/fastq/SRR182/065/SRR18212565/SRR18212565_1.fastq.gz	https://ftp.sra.ebi.ac.uk/vol1/fastq/SRR182/065/SRR18212565/SRR18212565_2.fastq.gz
SRR18212567	PAIRED	https://ftp.sra.ebi.ac.uk/vol1/fastq/SRR182/067/SRR18212567/SRR18212567_1.fastq.gz	https://ftp.sra.ebi.ac.uk/vol1/fastq/SRR182/067/SRR18212567/SRR18212567_2.fastq.gz
SRR18217134	PAIRED	https://ftp.sra.ebi.ac.uk/vol1/fastq/SRR182/034/SRR18217134/SRR18217134_1.fastq.gz	https://ftp.sra.ebi.ac.uk/vol1/fastq/SRR182/034/SRR18217134/SRR18217134_2.fastq.gz
SRR18217135	PAIRED	https://ftp.sra.ebi.ac.uk/vol1/fastq/SRR182/035/SRR18217135/SRR18217135_1.fastq.gz	https://ftp.sra.ebi.ac.uk/vol1/fastq/SRR182/035/SRR18217135/SRR18217135_2.fastq.gz
SRR18217138	PAIRED	https://ftp.sra.ebi.ac.uk/vol1/fastq/SRR182/038/SRR18217138/SRR18217138_1.fastq.gz	https://ftp.sra.ebi.ac.uk/vol1/fastq/SRR182/038/SRR18217138/SRR18217138_2.fastq.gz
SRR18217147	PAIRED	https://ftp.sra.ebi.ac.uk/vol1/fastq/SRR182/047/SRR18217147/SRR18217147_1.fastq.gz	https://ftp.sra.ebi.ac.uk/vol1/fastq/SRR182/047/SRR18217147/SRR18217147_2.fastq.gz
SRR18217148	PAIRED	https://ftp.sra.ebi.ac.uk/vol1/fastq/SRR182/048/SRR18217148/SRR18217148_1.fastq.gz	https://ftp.sra.ebi.ac.uk/vol1/fastq/SRR182/048/SRR18217148/SRR18217148_2.fastq.gz
SRR18217168	PAIRED	https://ftp.sra.ebi.ac.uk/vol1/fastq/SRR182/068/SRR18217168/SRR18217168_1.fastq.gz	https://ftp.sra.ebi.ac.uk/vol1/fastq/SRR182/068/SRR18217168/SRR18217168_2.fastq.gz
SRR18217190	PAIRED	https://ftp.sra.ebi.ac.uk/vol1/fastq/SRR182/090/SRR18217190/SRR18217190_1.fastq.gz	https://ftp.sra.ebi.ac.uk/vol1/fastq/SRR182/090/SRR18217190/SRR18217190_2.fastq.gz
SRR18217222	PAIRED	https://ftp.sra.ebi.ac.uk/vol1/fastq/SRR182/022/SRR18217222/SRR18217222_1.fastq.gz	https://ftp.sra.ebi.ac.uk/vol1/fastq/SRR182/022/SRR18217222/SRR18217222_2.fastq.gz
SRR18217230	PAIRED	https://ftp.sra.ebi.ac.uk/vol1/fastq/SRR182/030/SRR18217230/SRR18217230_1.fastq.gz	https://ftp.sra.ebi.ac.uk/vol1/fastq/SRR182/030/SRR18217230/SRR18217230_2.fastq.gz
SRR18217267	PAIRED	https://ftp.sra.ebi.ac.uk/vol1/fastq/SRR182/067/SRR18217267/SRR18217267_1.fastq.gz	https://ftp.sra.ebi.ac.uk/vol1/fastq/SRR182/067/SRR18217267/SRR18217267_2.fastq.gz
SRR18217284	PAIRED	https://ftp.sra.ebi.ac.uk/vol1/fastq/SRR182/084/SRR18217284/SRR18217284_1.fastq.gz	https://ftp.sra.ebi.ac.uk/vol1/fastq/SRR182/084/SRR18217284/SRR18217284_2.fastq.gz
SRR18217302	PAIRED	https://ftp.sra.ebi.ac.uk/vol1/fastq/SRR182/002/SRR18217302/SRR18217302_1.fastq.gz	https://ftp.sra.ebi.ac.uk/vol1/fastq/SRR182/002/SRR18217302/SRR18217302_2.fastq.gz
SRR18217316	PAIRED	https://ftp.sra.ebi.ac.uk/vol1/fastq/SRR182/016/SRR18217316/SRR18217316_1.fastq.gz	https://ftp.sra.ebi.ac.uk/vol1/fastq/SRR182/016/SRR18217316/SRR18217316_2.fastq.gz
SRR18217322	PAIRED	https://ftp.sra.ebi.ac.uk/vol1/fastq/SRR182/022/SRR18217322/SRR18217322_1.fastq.gz	https://ftp.sra.ebi.ac.uk/vol1/fastq/SRR182/022/SRR18217322/SRR18217322_2.fastq.gz
SRR18217331	PAIRED	https://ftp.sra.ebi.ac.uk/vol1/fastq/SRR182/031/SRR18217331/SRR18217331_1.fastq.gz	https://ftp.sra.ebi.ac.uk/vol1/fastq/SRR182/031/SRR18217331/SRR18217331_2.fastq.gz
SRR18217361	PAIRED	https://ftp.sra.ebi.ac.uk/vol1/fastq/SRR182/061/SRR18217361/SRR18217361_1.fastq.gz	https://ftp.sra.ebi.ac.uk/vol1/fastq/SRR182/061/SRR18217361/SRR18217361_2.fastq.gz
SRR18217362	PAIRED	https://ftp.sra.ebi.ac.uk/vol1/fastq/SRR182/062/SRR18217362/SRR18217362_1.fastq.gz	https://ftp.sra.ebi.ac.uk/vol1/fastq/SRR182/062/SRR18217362/SRR18217362_2.fastq.gz
SRR18297524	PAIRED	https://ftp.sra.ebi.ac.uk/vol1/fastq/SRR182/024/SRR18297524/SRR18297524_1.fastq.gz	https://ftp.sra.ebi.ac.uk/vol1/fastq/SRR182/024/SRR18297524/SRR18297524_2.fastq.gz
SRR18297553	PAIRED	https://ftp.sra.ebi.ac.uk/vol1/fastq/SRR182/053/SRR18297553/SRR18297553_1.fastq.gz	https://ftp.sra.ebi.ac.uk/vol1/fastq/SRR182/053/SRR18297553/SRR18297553_2.fastq.gz
SRR18346078	PAIRED	https://ftp.sra.ebi.ac.uk/vol1/fastq/SRR183/078/SRR18346078/SRR18346078_1.fastq.gz	https://ftp.sra.ebi.ac.uk/vol1/fastq/SRR183/078/SRR18346078/SRR18346078_2.fastq.gz
SRR18370224	PAIRED	https://ftp.sra.ebi.ac.uk/vol1/fastq/SRR183/024/SRR18370224/SRR18370224_1.fastq.gz	https://ftp.sra.ebi.ac.uk/vol1/fastq/SRR183/024/SRR18370224/SRR18370224_2.fastq.gz
SRR18396901	PAIRED	https://ftp.sra.ebi.ac.uk/vol1/fastq/SRR183/001/SRR18396901/SRR18396901_1.fastq.gz	https://ftp.sra.ebi.ac.uk/vol1/fastq/SRR183/001/SRR18396901/SRR18396901_2.fastq.gz
SRR18440449	PAIRED	https://ftp.sra.ebi.ac.uk/vol1/fastq/SRR184/049/SRR18440449/SRR18440449_1.fastq.gz	https://ftp.sra.ebi.ac.uk/vol1/fastq/SRR184/049/SRR18440449/SRR18440449_2.fastq.gz
SRR18440470	PAIRED	https://ftp.sra.ebi.ac.uk/vol1/fastq/SRR184/070/SRR18440470/SRR18440470_1.fastq.gz	https://ftp.sra.ebi.ac.uk/vol1/fastq/SRR184/070/SRR18440470/SRR18440470_2.fastq.gz
SRR18440482	PAIRED	https://ftp.sra.ebi.ac.uk/vol1/fastq/SRR184/082/SRR18440482/SRR18440482_1.fastq.gz	https://ftp.sra.ebi.ac.uk/vol1/fastq/SRR184/082/SRR18440482/SRR18440482_2.fastq.gz
SRR18440558	PAIRED	https://ftp.sra.ebi.ac.uk/vol1/fastq/SRR184/058/SRR18440558/SRR18440558_1.fastq.gz	https://ftp.sra.ebi.ac.uk/vol1/fastq/SRR184/058/SRR18440558/SRR18440558_2.fastq.gz
SRR18486033	PAIRED	https://ftp.sra.ebi.ac.uk/vol1/fastq/SRR184/033/SRR18486033/SRR18486033_1.fastq.gz	https://ftp.sra.ebi.ac.uk/vol1/fastq/SRR184/033/SRR18486033/SRR18486033_2.fastq.gz
SRR18486036	PAIRED	https://ftp.sra.ebi.ac.uk/vol1/fastq/SRR184/036/SRR18486036/SRR18486036_1.fastq.gz	https://ftp.sra.ebi.ac.uk/vol1/fastq/SRR184/036/SRR18486036/SRR18486036_2.fastq.gz
SRR18486043	PAIRED	https://ftp.sra.ebi.ac.uk/vol1/fastq/SRR184/043/SRR18486043/SRR18486043_1.fastq.gz	https://ftp.sra.ebi.ac.uk/vol1/fastq/SRR184/043/SRR18486043/SRR18486043_2.fastq.gz
SRR18495709	PAIRED	https://ftp.sra.ebi.ac.uk/vol1/fastq/SRR184/009/SRR18495709/SRR18495709_1.fastq.gz	https://ftp.sra.ebi.ac.uk/vol1/fastq/SRR184/009/SRR18495709/SRR18495709_2.fastq.gz
SRR18503550	PAIRED	https://ftp.sra.ebi.ac.uk/vol1/fastq/SRR185/050/SRR18503550/SRR18503550_1.fastq.gz	https://ftp.sra.ebi.ac.uk/vol1/fastq/SRR185/050/SRR18503550/SRR18503550_2.fastq.gz
SRR18543813	PAIRED	https://ftp.sra.ebi.ac.uk/vol1/fastq/SRR185/013/SRR18543813/SRR18543813_1.fastq.gz	https://ftp.sra.ebi.ac.uk/vol1/fastq/SRR185/013/SRR18543813/SRR18543813_2.fastq.gz
SRR18543820	PAIRED	https://ftp.sra.ebi.ac.uk/vol1/fastq/SRR185/020/SRR18543820/SRR18543820_1.fastq.gz	https://ftp.sra.ebi.ac.uk/vol1/fastq/SRR185/020/SRR18543820/SRR18543820_2.fastq.gz
SRR18543846	PAIRED	https://ftp.sra.ebi.ac.uk/vol1/fastq/SRR185/046/SRR18543846/SRR18543846_1.fastq.gz	https://ftp.sra.ebi.ac.uk/vol1/fastq/SRR185/046/SRR18543846/SRR18543846_2.fastq.gz
SRR18543874	PAIRED	https://ftp.sra.ebi.ac.uk/vol1/fastq/SRR185/074/SRR18543874/SRR18543874_1.fastq.gz	https://ftp.sra.ebi.ac.uk/vol1/fastq/SRR185/074/SRR18543874/SRR18543874_2.fastq.gz
SRR18543878	PAIRED	https://ftp.sra.ebi.ac.uk/vol1/fastq/SRR185/078/SRR18543878/SRR18543878_1.fastq.gz	https://ftp.sra.ebi.ac.uk/vol1/fastq/SRR185/078/SRR18543878/SRR18543878_2.fastq.gz
SRR18543883	PAIRED	https://ftp.sra.ebi.ac.uk/vol1/fastq/SRR185/083/SRR18543883/SRR18543883_1.fastq.gz	https://ftp.sra.ebi.ac.uk/vol1/fastq/SRR185/083/SRR18543883/SRR18543883_2.fastq.gz
SRR18543884	PAIRED	https://ftp.sra.ebi.ac.uk/vol1/fastq/SRR185/084/SRR18543884/SRR18543884_1.fastq.gz	https://ftp.sra.ebi.ac.uk/vol1/fastq/SRR185/084/SRR18543884/SRR18543884_2.fastq.gz
SRR18543896	PAIRED	https://ftp.sra.ebi.ac.uk/vol1/fastq/SRR185/096/SRR18543896/SRR18543896_1.fastq.gz	https://ftp.sra.ebi.ac.uk/vol1/fastq/SRR185/096/SRR18543896/SRR18543896_2.fastq.gz
SRR18543897	PAIRED	https://ftp.sra.ebi.ac.uk/vol1/fastq/SRR185/097/SRR18543897/SRR18543897_1.fastq.gz	https://ftp.sra.ebi.ac.uk/vol1/fastq/SRR185/097/SRR18543897/SRR18543897_2.fastq.gz
SRR18645353	PAIRED	https://ftp.sra.ebi.ac.uk/vol1/fastq/SRR186/053/SRR18645353/SRR18645353_1.fastq.gz	https://ftp.sra.ebi.ac.uk/vol1/fastq/SRR186/053/SRR18645353/SRR18645353_2.fastq.gz
SRR18649223	PAIRED	https://ftp.sra.ebi.ac.uk/vol1/fastq/SRR186/023/SRR18649223/SRR18649223_1.fastq.gz	https://ftp.sra.ebi.ac.uk/vol1/fastq/SRR186/023/SRR18649223/SRR18649223_2.fastq.gz
SRR18649244	PAIRED	https://ftp.sra.ebi.ac.uk/vol1/fastq/SRR186/044/SRR18649244/SRR18649244_1.fastq.gz	https://ftp.sra.ebi.ac.uk/vol1/fastq/SRR186/044/SRR18649244/SRR18649244_2.fastq.gz
SRR18686648	PAIRED	https://ftp.sra.ebi.ac.uk/vol1/fastq/SRR186/048/SRR18686648/SRR18686648_1.fastq.gz	https://ftp.sra.ebi.ac.uk/vol1/fastq/SRR186/048/SRR18686648/SRR18686648_2.fastq.gz
SRR18687183	PAIRED	https://ftp.sra.ebi.ac.uk/vol1/fastq/SRR186/083/SRR18687183/SRR18687183_1.fastq.gz	https://ftp.sra.ebi.ac.uk/vol1/fastq/SRR186/083/SRR18687183/SRR18687183_2.fastq.gz
SRR18729507	PAIRED	https://ftp.sra.ebi.ac.uk/vol1/fastq/SRR187/007/SRR18729507/SRR18729507_1.fastq.gz	https://ftp.sra.ebi.ac.uk/vol1/fastq/SRR187/007/SRR18729507/SRR18729507_2.fastq.gz
SRR18729508	PAIRED	https://ftp.sra.ebi.ac.uk/vol1/fastq/SRR187/008/SRR18729508/SRR18729508_1.fastq.gz	https://ftp.sra.ebi.ac.uk/vol1/fastq/SRR187/008/SRR18729508/SRR18729508_2.fastq.gz
SRR18729531	PAIRED	https://ftp.sra.ebi.ac.uk/vol1/fastq/SRR187/031/SRR18729531/SRR18729531_1.fastq.gz	https://ftp.sra.ebi.ac.uk/vol1/fastq/SRR187/031/SRR18729531/SRR18729531_2.fastq.gz
SRR18729546	PAIRED	https://ftp.sra.ebi.ac.uk/vol1/fastq/SRR187/046/SRR18729546/SRR18729546_1.fastq.gz	https://ftp.sra.ebi.ac.uk/vol1/fastq/SRR187/046/SRR18729546/SRR18729546_2.fastq.gz
SRR18729616	PAIRED	https://ftp.sra.ebi.ac.uk/vol1/fastq/SRR187/016/SRR18729616/SRR18729616_1.fastq.gz	https://ftp.sra.ebi.ac.uk/vol1/fastq/SRR187/016/SRR18729616/SRR18729616_2.fastq.gz
SRR18729625	PAIRED	https://ftp.sra.ebi.ac.uk/vol1/fastq/SRR187/025/SRR18729625/SRR18729625_1.fastq.gz	https://ftp.sra.ebi.ac.uk/vol1/fastq/SRR187/025/SRR18729625/SRR18729625_2.fastq.gz
SRR18729652	PAIRED	https://ftp.sra.ebi.ac.uk/vol1/fastq/SRR187/052/SRR18729652/SRR18729652_1.fastq.gz	https://ftp.sra.ebi.ac.uk/vol1/fastq/SRR187/052/SRR18729652/SRR18729652_2.fastq.gz
SRR18729655	PAIRED	https://ftp.sra.ebi.ac.uk/vol1/fastq/SRR187/055/SRR18729655/SRR18729655_1.fastq.gz	https://ftp.sra.ebi.ac.uk/vol1/fastq/SRR187/055/SRR18729655/SRR18729655_2.fastq.gz
SRR18729697	PAIRED	https://ftp.sra.ebi.ac.uk/vol1/fastq/SRR187/097/SRR18729697/SRR18729697_1.fastq.gz	https://ftp.sra.ebi.ac.uk/vol1/fastq/SRR187/097/SRR18729697/SRR18729697_2.fastq.gz
SRR18729701	PAIRED	https://ftp.sra.ebi.ac.uk/vol1/fastq/SRR187/001/SRR18729701/SRR18729701_1.fastq.gz	https://ftp.sra.ebi.ac.uk/vol1/fastq/SRR187/001/SRR18729701/SRR18729701_2.fastq.gz
SRR18729706	PAIRED	https://ftp.sra.ebi.ac.uk/vol1/fastq/SRR187/006/SRR18729706/SRR18729706_1.fastq.gz	https://ftp.sra.ebi.ac.uk/vol1/fastq/SRR187/006/SRR18729706/SRR18729706_2.fastq.gz
SRR18729708	PAIRED	https://ftp.sra.ebi.ac.uk/vol1/fastq/SRR187/008/SRR18729708/SRR18729708_1.fastq.gz	https://ftp.sra.ebi.ac.uk/vol1/fastq/SRR187/008/SRR18729708/SRR18729708_2.fastq.gz
SRR18729711	PAIRED	https://ftp.sra.ebi.ac.uk/vol1/fastq/SRR187/011/SRR18729711/SRR18729711_1.fastq.gz	https://ftp.sra.ebi.ac.uk/vol1/fastq/SRR187/011/SRR18729711/SRR18729711_2.fastq.gz
SRR18729718	PAIRED	https://ftp.sra.ebi.ac.uk/vol1/fastq/SRR187/018/SRR18729718/SRR18729718_1.fastq.gz	https://ftp.sra.ebi.ac.uk/vol1/fastq/SRR187/018/SRR18729718/SRR18729718_2.fastq.gz
SRR18729719	PAIRED	https://ftp.sra.ebi.ac.uk/vol1/fastq/SRR187/019/SRR18729719/SRR18729719_1.fastq.gz	https://ftp.sra.ebi.ac.uk/vol1/fastq/SRR187/019/SRR18729719/SRR18729719_2.fastq.gz
SRR18733106	PAIRED	https://ftp.sra.ebi.ac.uk/vol1/fastq/SRR187/006/SRR18733106/SRR18733106_1.fastq.gz	https://ftp.sra.ebi.ac.uk/vol1/fastq/SRR187/006/SRR18733106/SRR18733106_2.fastq.gz
SRR18747000	PAIRED	https://ftp.sra.ebi.ac.uk/vol1/fastq/SRR187/000/SRR18747000/SRR18747000_1.fastq.gz	https://ftp.sra.ebi.ac.uk/vol1/fastq/SRR187/000/SRR18747000/SRR18747000_2.fastq.gz
SRR18774230	PAIRED	https://ftp.sra.ebi.ac.uk/vol1/fastq/SRR187/030/SRR18774230/SRR18774230_1.fastq.gz	https://ftp.sra.ebi.ac.uk/vol1/fastq/SRR187/030/SRR18774230/SRR18774230_2.fastq.gz
SRR18837625	PAIRED	https://ftp.sra.ebi.ac.uk/vol1/fastq/SRR188/025/SRR18837625/SRR18837625_1.fastq.gz	https://ftp.sra.ebi.ac.uk/vol1/fastq/SRR188/025/SRR18837625/SRR18837625_2.fastq.gz
SRR18850307	PAIRED	https://ftp.sra.ebi.ac.uk/vol1/fastq/SRR188/007/SRR18850307/SRR18850307_1.fastq.gz	https://ftp.sra.ebi.ac.uk/vol1/fastq/SRR188/007/SRR18850307/SRR18850307_2.fastq.gz
SRR18893686	PAIRED	https://ftp.sra.ebi.ac.uk/vol1/fastq/SRR188/086/SRR18893686/SRR18893686_1.fastq.gz	https://ftp.sra.ebi.ac.uk/vol1/fastq/SRR188/086/SRR18893686/SRR18893686_2.fastq.gz
SRR18893687	PAIRED	https://ftp.sra.ebi.ac.uk/vol1/fastq/SRR188/087/SRR18893687/SRR18893687_1.fastq.gz	https://ftp.sra.ebi.ac.uk/vol1/fastq/SRR188/087/SRR18893687/SRR18893687_2.fastq.gz
SRR18934830	PAIRED	https://ftp.sra.ebi.ac.uk/vol1/fastq/SRR189/030/SRR18934830/SRR18934830_1.fastq.gz	https://ftp.sra.ebi.ac.uk/vol1/fastq/SRR189/030/SRR18934830/SRR18934830_2.fastq.gz
SRR18982267	PAIRED	https://ftp.sra.ebi.ac.uk/vol1/fastq/SRR189/067/SRR18982267/SRR18982267_1.fastq.gz	https://ftp.sra.ebi.ac.uk/vol1/fastq/SRR189/067/SRR18982267/SRR18982267_2.fastq.gz
SRR18982268	PAIRED	https://ftp.sra.ebi.ac.uk/vol1/fastq/SRR189/068/SRR18982268/SRR18982268_1.fastq.gz	https://ftp.sra.ebi.ac.uk/vol1/fastq/SRR189/068/SRR18982268/SRR18982268_2.fastq.gz
SRR18982298	PAIRED	https://ftp.sra.ebi.ac.uk/vol1/fastq/SRR189/098/SRR18982298/SRR18982298_1.fastq.gz	https://ftp.sra.ebi.ac.uk/vol1/fastq/SRR189/098/SRR18982298/SRR18982298_2.fastq.gz
SRR18982323	PAIRED	https://ftp.sra.ebi.ac.uk/vol1/fastq/SRR189/023/SRR18982323/SRR18982323_1.fastq.gz	https://ftp.sra.ebi.ac.uk/vol1/fastq/SRR189/023/SRR18982323/SRR18982323_2.fastq.gz
SRR18982331	PAIRED	https://ftp.sra.ebi.ac.uk/vol1/fastq/SRR189/031/SRR18982331/SRR18982331_1.fastq.gz	https://ftp.sra.ebi.ac.uk/vol1/fastq/SRR189/031/SRR18982331/SRR18982331_2.fastq.gz
SRR18982339	PAIRED	https://ftp.sra.ebi.ac.uk/vol1/fastq/SRR189/039/SRR18982339/SRR18982339_1.fastq.gz	https://ftp.sra.ebi.ac.uk/vol1/fastq/SRR189/039/SRR18982339/SRR18982339_2.fastq.gz
SRR18982342	PAIRED	https://ftp.sra.ebi.ac.uk/vol1/fastq/SRR189/042/SRR18982342/SRR18982342_1.fastq.gz	https://ftp.sra.ebi.ac.uk/vol1/fastq/SRR189/042/SRR18982342/SRR18982342_2.fastq.gz
SRR18982351	PAIRED	https://ftp.sra.ebi.ac.uk/vol1/fastq/SRR189/051/SRR18982351/SRR18982351_1.fastq.gz	https://ftp.sra.ebi.ac.uk/vol1/fastq/SRR189/051/SRR18982351/SRR18982351_2.fastq.gz
SRR19034560	PAIRED	https://ftp.sra.ebi.ac.uk/vol1/fastq/SRR190/060/SRR19034560/SRR19034560_1.fastq.gz	https://ftp.sra.ebi.ac.uk/vol1/fastq/SRR190/060/SRR19034560/SRR19034560_2.fastq.gz
SRR19090174	PAIRED	https://ftp.sra.ebi.ac.uk/vol1/fastq/SRR190/074/SRR19090174/SRR19090174_1.fastq.gz	https://ftp.sra.ebi.ac.uk/vol1/fastq/SRR190/074/SRR19090174/SRR19090174_2.fastq.gz
SRR19090179	PAIRED	https://ftp.sra.ebi.ac.uk/vol1/fastq/SRR190/079/SRR19090179/SRR19090179_1.fastq.gz	https://ftp.sra.ebi.ac.uk/vol1/fastq/SRR190/079/SRR19090179/SRR19090179_2.fastq.gz
SRR19090180	PAIRED	https://ftp.sra.ebi.ac.uk/vol1/fastq/SRR190/080/SRR19090180/SRR19090180_1.fastq.gz	https://ftp.sra.ebi.ac.uk/vol1/fastq/SRR190/080/SRR19090180/SRR19090180_2.fastq.gz
SRR19090181	PAIRED	https://ftp.sra.ebi.ac.uk/vol1/fastq/SRR190/081/SRR19090181/SRR19090181_1.fastq.gz	https://ftp.sra.ebi.ac.uk/vol1/fastq/SRR190/081/SRR19090181/SRR19090181_2.fastq.gz
SRR19090194	PAIRED	https://ftp.sra.ebi.ac.uk/vol1/fastq/SRR190/094/SRR19090194/SRR19090194_1.fastq.gz	https://ftp.sra.ebi.ac.uk/vol1/fastq/SRR190/094/SRR19090194/SRR19090194_2.fastq.gz
SRR19090196	PAIRED	https://ftp.sra.ebi.ac.uk/vol1/fastq/SRR190/096/SRR19090196/SRR19090196_1.fastq.gz	https://ftp.sra.ebi.ac.uk/vol1/fastq/SRR190/096/SRR19090196/SRR19090196_2.fastq.gz
SRR19090203	PAIRED	https://ftp.sra.ebi.ac.uk/vol1/fastq/SRR190/003/SRR19090203/SRR19090203_1.fastq.gz	https://ftp.sra.ebi.ac.uk/vol1/fastq/SRR190/003/SRR19090203/SRR19090203_2.fastq.gz
SRR19090208	PAIRED	https://ftp.sra.ebi.ac.uk/vol1/fastq/SRR190/008/SRR19090208/SRR19090208_1.fastq.gz	https://ftp.sra.ebi.ac.uk/vol1/fastq/SRR190/008/SRR19090208/SRR19090208_2.fastq.gz
SRR19090210	PAIRED	https://ftp.sra.ebi.ac.uk/vol1/fastq/SRR190/010/SRR19090210/SRR19090210_1.fastq.gz	https://ftp.sra.ebi.ac.uk/vol1/fastq/SRR190/010/SRR19090210/SRR19090210_2.fastq.gz
SRR19090221	PAIRED	https://ftp.sra.ebi.ac.uk/vol1/fastq/SRR190/021/SRR19090221/SRR19090221_1.fastq.gz	https://ftp.sra.ebi.ac.uk/vol1/fastq/SRR190/021/SRR19090221/SRR19090221_2.fastq.gz
SRR19090223	PAIRED	https://ftp.sra.ebi.ac.uk/vol1/fastq/SRR190/023/SRR19090223/SRR19090223_1.fastq.gz	https://ftp.sra.ebi.ac.uk/vol1/fastq/SRR190/023/SRR19090223/SRR19090223_2.fastq.gz
SRR19090228	PAIRED	https://ftp.sra.ebi.ac.uk/vol1/fastq/SRR190/028/SRR19090228/SRR19090228_1.fastq.gz	https://ftp.sra.ebi.ac.uk/vol1/fastq/SRR190/028/SRR19090228/SRR19090228_2.fastq.gz
SRR19090229	PAIRED	https://ftp.sra.ebi.ac.uk/vol1/fastq/SRR190/029/SRR19090229/SRR19090229_1.fastq.gz	https://ftp.sra.ebi.ac.uk/vol1/fastq/SRR190/029/SRR19090229/SRR19090229_2.fastq.gz
SRR19090246	PAIRED	https://ftp.sra.ebi.ac.uk/vol1/fastq/SRR190/046/SRR19090246/SRR19090246_1.fastq.gz	https://ftp.sra.ebi.ac.uk/vol1/fastq/SRR190/046/SRR19090246/SRR19090246_2.fastq.gz
SRR19090265	PAIRED	https://ftp.sra.ebi.ac.uk/vol1/fastq/SRR190/065/SRR19090265/SRR19090265_1.fastq.gz	https://ftp.sra.ebi.ac.uk/vol1/fastq/SRR190/065/SRR19090265/SRR19090265_2.fastq.gz
SRR19095570	PAIRED	https://ftp.sra.ebi.ac.uk/vol1/fastq/SRR190/070/SRR19095570/SRR19095570_1.fastq.gz	https://ftp.sra.ebi.ac.uk/vol1/fastq/SRR190/070/SRR19095570/SRR19095570_2.fastq.gz
SRR19095594	PAIRED	https://ftp.sra.ebi.ac.uk/vol1/fastq/SRR190/094/SRR19095594/SRR19095594_1.fastq.gz	https://ftp.sra.ebi.ac.uk/vol1/fastq/SRR190/094/SRR19095594/SRR19095594_2.fastq.gz
SRR19095596	PAIRED	https://ftp.sra.ebi.ac.uk/vol1/fastq/SRR190/096/SRR19095596/SRR19095596_1.fastq.gz	https://ftp.sra.ebi.ac.uk/vol1/fastq/SRR190/096/SRR19095596/SRR19095596_2.fastq.gz
SRR19095606	PAIRED	https://ftp.sra.ebi.ac.uk/vol1/fastq/SRR190/006/SRR19095606/SRR19095606_1.fastq.gz	https://ftp.sra.ebi.ac.uk/vol1/fastq/SRR190/006/SRR19095606/SRR19095606_2.fastq.gz
SRR19095610	PAIRED	https://ftp.sra.ebi.ac.uk/vol1/fastq/SRR190/010/SRR19095610/SRR19095610_1.fastq.gz	https://ftp.sra.ebi.ac.uk/vol1/fastq/SRR190/010/SRR19095610/SRR19095610_2.fastq.gz
SRR19095618	PAIRED	https://ftp.sra.ebi.ac.uk/vol1/fastq/SRR190/018/SRR19095618/SRR19095618_1.fastq.gz	https://ftp.sra.ebi.ac.uk/vol1/fastq/SRR190/018/SRR19095618/SRR19095618_2.fastq.gz
SRR19095625	PAIRED	https://ftp.sra.ebi.ac.uk/vol1/fastq/SRR190/025/SRR19095625/SRR19095625_1.fastq.gz	https://ftp.sra.ebi.ac.uk/vol1/fastq/SRR190/025/SRR19095625/SRR19095625_2.fastq.gz
SRR19095626	PAIRED	https://ftp.sra.ebi.ac.uk/vol1/fastq/SRR190/026/SRR19095626/SRR19095626_1.fastq.gz	https://ftp.sra.ebi.ac.uk/vol1/fastq/SRR190/026/SRR19095626/SRR19095626_2.fastq.gz
SRR19095632	PAIRED	https://ftp.sra.ebi.ac.uk/vol1/fastq/SRR190/032/SRR19095632/SRR19095632_1.fastq.gz	https://ftp.sra.ebi.ac.uk/vol1/fastq/SRR190/032/SRR19095632/SRR19095632_2.fastq.gz
SRR19095640	PAIRED	https://ftp.sra.ebi.ac.uk/vol1/fastq/SRR190/040/SRR19095640/SRR19095640_1.fastq.gz	https://ftp.sra.ebi.ac.uk/vol1/fastq/SRR190/040/SRR19095640/SRR19095640_2.fastq.gz
SRR19165484	PAIRED	https://ftp.sra.ebi.ac.uk/vol1/fastq/SRR191/084/SRR19165484/SRR19165484_1.fastq.gz	https://ftp.sra.ebi.ac.uk/vol1/fastq/SRR191/084/SRR19165484/SRR19165484_2.fastq.gz
SRR19165541	PAIRED	https://ftp.sra.ebi.ac.uk/vol1/fastq/SRR191/041/SRR19165541/SRR19165541_1.fastq.gz	https://ftp.sra.ebi.ac.uk/vol1/fastq/SRR191/041/SRR19165541/SRR19165541_2.fastq.gz
SRR19165558	PAIRED	https://ftp.sra.ebi.ac.uk/vol1/fastq/SRR191/058/SRR19165558/SRR19165558_1.fastq.gz	https://ftp.sra.ebi.ac.uk/vol1/fastq/SRR191/058/SRR19165558/SRR19165558_2.fastq.gz
SRR19165578	PAIRED	https://ftp.sra.ebi.ac.uk/vol1/fastq/SRR191/078/SRR19165578/SRR19165578_1.fastq.gz	https://ftp.sra.ebi.ac.uk/vol1/fastq/SRR191/078/SRR19165578/SRR19165578_2.fastq.gz
SRR19221570	PAIRED	https://ftp.sra.ebi.ac.uk/vol1/fastq/SRR192/070/SRR19221570/SRR19221570_1.fastq.gz	https://ftp.sra.ebi.ac.uk/vol1/fastq/SRR192/070/SRR19221570/SRR19221570_2.fastq.gz
SRR19309822	PAIRED	https://ftp.sra.ebi.ac.uk/vol1/fastq/SRR193/022/SRR19309822/SRR19309822_1.fastq.gz	https://ftp.sra.ebi.ac.uk/vol1/fastq/SRR193/022/SRR19309822/SRR19309822_2.fastq.gz
SRR19309846	PAIRED	https://ftp.sra.ebi.ac.uk/vol1/fastq/SRR193/046/SRR19309846/SRR19309846_1.fastq.gz	https://ftp.sra.ebi.ac.uk/vol1/fastq/SRR193/046/SRR19309846/SRR19309846_2.fastq.gz
SRR19309850	PAIRED	https://ftp.sra.ebi.ac.uk/vol1/fastq/SRR193/050/SRR19309850/SRR19309850_1.fastq.gz	https://ftp.sra.ebi.ac.uk/vol1/fastq/SRR193/050/SRR19309850/SRR19309850_2.fastq.gz
SRR19309852	PAIRED	https://ftp.sra.ebi.ac.uk/vol1/fastq/SRR193/052/SRR19309852/SRR19309852_1.fastq.gz	https://ftp.sra.ebi.ac.uk/vol1/fastq/SRR193/052/SRR19309852/SRR19309852_2.fastq.gz
SRR19309891	PAIRED	https://ftp.sra.ebi.ac.uk/vol1/fastq/SRR193/091/SRR19309891/SRR19309891_1.fastq.gz	https://ftp.sra.ebi.ac.uk/vol1/fastq/SRR193/091/SRR19309891/SRR19309891_2.fastq.gz
SRR19369851	PAIRED	https://ftp.sra.ebi.ac.uk/vol1/fastq/SRR193/051/SRR19369851/SRR19369851_1.fastq.gz	https://ftp.sra.ebi.ac.uk/vol1/fastq/SRR193/051/SRR19369851/SRR19369851_2.fastq.gz
SRR19370171	PAIRED	https://ftp.sra.ebi.ac.uk/vol1/fastq/SRR193/071/SRR19370171/SRR19370171_1.fastq.gz	https://ftp.sra.ebi.ac.uk/vol1/fastq/SRR193/071/SRR19370171/SRR19370171_2.fastq.gz
SRR19370191	PAIRED	https://ftp.sra.ebi.ac.uk/vol1/fastq/SRR193/091/SRR19370191/SRR19370191_1.fastq.gz	https://ftp.sra.ebi.ac.uk/vol1/fastq/SRR193/091/SRR19370191/SRR19370191_2.fastq.gz
SRR19370249	PAIRED	https://ftp.sra.ebi.ac.uk/vol1/fastq/SRR193/049/SRR19370249/SRR19370249_1.fastq.gz	https://ftp.sra.ebi.ac.uk/vol1/fastq/SRR193/049/SRR19370249/SRR19370249_2.fastq.gz
SRR19370562	PAIRED	https://ftp.sra.ebi.ac.uk/vol1/fastq/SRR193/062/SRR19370562/SRR19370562_1.fastq.gz	https://ftp.sra.ebi.ac.uk/vol1/fastq/SRR193/062/SRR19370562/SRR19370562_2.fastq.gz
SRR19372356	PAIRED	https://ftp.sra.ebi.ac.uk/vol1/fastq/SRR193/056/SRR19372356/SRR19372356_1.fastq.gz	https://ftp.sra.ebi.ac.uk/vol1/fastq/SRR193/056/SRR19372356/SRR19372356_2.fastq.gz
SRR19372372	PAIRED	https://ftp.sra.ebi.ac.uk/vol1/fastq/SRR193/072/SRR19372372/SRR19372372_1.fastq.gz	https://ftp.sra.ebi.ac.uk/vol1/fastq/SRR193/072/SRR19372372/SRR19372372_2.fastq.gz
SRR19372376	PAIRED	https://ftp.sra.ebi.ac.uk/vol1/fastq/SRR193/076/SRR19372376/SRR19372376_1.fastq.gz	https://ftp.sra.ebi.ac.uk/vol1/fastq/SRR193/076/SRR19372376/SRR19372376_2.fastq.gz
SRR19372381	PAIRED	https://ftp.sra.ebi.ac.uk/vol1/fastq/SRR193/081/SRR19372381/SRR19372381_1.fastq.gz	https://ftp.sra.ebi.ac.uk/vol1/fastq/SRR193/081/SRR19372381/SRR19372381_2.fastq.gz
SRR19372399	PAIRED	https://ftp.sra.ebi.ac.uk/vol1/fastq/SRR193/099/SRR19372399/SRR19372399_1.fastq.gz	https://ftp.sra.ebi.ac.uk/vol1/fastq/SRR193/099/SRR19372399/SRR19372399_2.fastq.gz
SRR19372465	PAIRED	https://ftp.sra.ebi.ac.uk/vol1/fastq/SRR193/065/SRR19372465/SRR19372465_1.fastq.gz	https://ftp.sra.ebi.ac.uk/vol1/fastq/SRR193/065/SRR19372465/SRR19372465_2.fastq.gz
SRR19409806	PAIRED	https://ftp.sra.ebi.ac.uk/vol1/fastq/SRR194/006/SRR19409806/SRR19409806_1.fastq.gz	https://ftp.sra.ebi.ac.uk/vol1/fastq/SRR194/006/SRR19409806/SRR19409806_2.fastq.gz
SRR19433156	PAIRED	https://ftp.sra.ebi.ac.uk/vol1/fastq/SRR194/056/SRR19433156/SRR19433156_1.fastq.gz	https://ftp.sra.ebi.ac.uk/vol1/fastq/SRR194/056/SRR19433156/SRR19433156_2.fastq.gz
SRR19433164	PAIRED	https://ftp.sra.ebi.ac.uk/vol1/fastq/SRR194/064/SRR19433164/SRR19433164_1.fastq.gz	https://ftp.sra.ebi.ac.uk/vol1/fastq/SRR194/064/SRR19433164/SRR19433164_2.fastq.gz
SRR19441481	PAIRED	https://ftp.sra.ebi.ac.uk/vol1/fastq/SRR194/081/SRR19441481/SRR19441481_1.fastq.gz	https://ftp.sra.ebi.ac.uk/vol1/fastq/SRR194/081/SRR19441481/SRR19441481_2.fastq.gz
SRR19442151	PAIRED	https://ftp.sra.ebi.ac.uk/vol1/fastq/SRR194/051/SRR19442151/SRR19442151_1.fastq.gz	https://ftp.sra.ebi.ac.uk/vol1/fastq/SRR194/051/SRR19442151/SRR19442151_2.fastq.gz
SRR19442204	PAIRED	https://ftp.sra.ebi.ac.uk/vol1/fastq/SRR194/004/SRR19442204/SRR19442204_1.fastq.gz	https://ftp.sra.ebi.ac.uk/vol1/fastq/SRR194/004/SRR19442204/SRR19442204_2.fastq.gz
SRR19442207	PAIRED	https://ftp.sra.ebi.ac.uk/vol1/fastq/SRR194/007/SRR19442207/SRR19442207_1.fastq.gz	https://ftp.sra.ebi.ac.uk/vol1/fastq/SRR194/007/SRR19442207/SRR19442207_2.fastq.gz
SRR19442305	PAIRED	https://ftp.sra.ebi.ac.uk/vol1/fastq/SRR194/005/SRR19442305/SRR19442305_1.fastq.gz	https://ftp.sra.ebi.ac.uk/vol1/fastq/SRR194/005/SRR19442305/SRR19442305_2.fastq.gz
SRR19442424	PAIRED	https://ftp.sra.ebi.ac.uk/vol1/fastq/SRR194/024/SRR19442424/SRR19442424_1.fastq.gz	https://ftp.sra.ebi.ac.uk/vol1/fastq/SRR194/024/SRR19442424/SRR19442424_2.fastq.gz
SRR19442441	PAIRED	https://ftp.sra.ebi.ac.uk/vol1/fastq/SRR194/041/SRR19442441/SRR19442441_1.fastq.gz	https://ftp.sra.ebi.ac.uk/vol1/fastq/SRR194/041/SRR19442441/SRR19442441_2.fastq.gz
SRR19442463	PAIRED	https://ftp.sra.ebi.ac.uk/vol1/fastq/SRR194/063/SRR19442463/SRR19442463_1.fastq.gz	https://ftp.sra.ebi.ac.uk/vol1/fastq/SRR194/063/SRR19442463/SRR19442463_2.fastq.gz
SRR19442529	PAIRED	https://ftp.sra.ebi.ac.uk/vol1/fastq/SRR194/029/SRR19442529/SRR19442529_1.fastq.gz	https://ftp.sra.ebi.ac.uk/vol1/fastq/SRR194/029/SRR19442529/SRR19442529_2.fastq.gz
SRR19442721	PAIRED	https://ftp.sra.ebi.ac.uk/vol1/fastq/SRR194/021/SRR19442721/SRR19442721_1.fastq.gz	https://ftp.sra.ebi.ac.uk/vol1/fastq/SRR194/021/SRR19442721/SRR19442721_2.fastq.gz
SRR19442796	PAIRED	https://ftp.sra.ebi.ac.uk/vol1/fastq/SRR194/096/SRR19442796/SRR19442796_1.fastq.gz	https://ftp.sra.ebi.ac.uk/vol1/fastq/SRR194/096/SRR19442796/SRR19442796_2.fastq.gz
SRR19442876	PAIRED	https://ftp.sra.ebi.ac.uk/vol1/fastq/SRR194/076/SRR19442876/SRR19442876_1.fastq.gz	https://ftp.sra.ebi.ac.uk/vol1/fastq/SRR194/076/SRR19442876/SRR19442876_2.fastq.gz
SRR19442989	PAIRED	https://ftp.sra.ebi.ac.uk/vol1/fastq/SRR194/089/SRR19442989/SRR19442989_1.fastq.gz	https://ftp.sra.ebi.ac.uk/vol1/fastq/SRR194/089/SRR19442989/SRR19442989_2.fastq.gz
SRR19442990	PAIRED	https://ftp.sra.ebi.ac.uk/vol1/fastq/SRR194/090/SRR19442990/SRR19442990_1.fastq.gz	https://ftp.sra.ebi.ac.uk/vol1/fastq/SRR194/090/SRR19442990/SRR19442990_2.fastq.gz
SRR19462078	PAIRED	https://ftp.sra.ebi.ac.uk/vol1/fastq/SRR194/078/SRR19462078/SRR19462078_1.fastq.gz	https://ftp.sra.ebi.ac.uk/vol1/fastq/SRR194/078/SRR19462078/SRR19462078_2.fastq.gz
SRR19537818	PAIRED	https://ftp.sra.ebi.ac.uk/vol1/fastq/SRR195/018/SRR19537818/SRR19537818_1.fastq.gz	https://ftp.sra.ebi.ac.uk/vol1/fastq/SRR195/018/SRR19537818/SRR19537818_2.fastq.gz
SRR19560995	PAIRED	https://ftp.sra.ebi.ac.uk/vol1/fastq/SRR195/095/SRR19560995/SRR19560995_1.fastq.gz	https://ftp.sra.ebi.ac.uk/vol1/fastq/SRR195/095/SRR19560995/SRR19560995_2.fastq.gz
SRR19560998	PAIRED	https://ftp.sra.ebi.ac.uk/vol1/fastq/SRR195/098/SRR19560998/SRR19560998_1.fastq.gz	https://ftp.sra.ebi.ac.uk/vol1/fastq/SRR195/098/SRR19560998/SRR19560998_2.fastq.gz
SRR19561036	PAIRED	https://ftp.sra.ebi.ac.uk/vol1/fastq/SRR195/036/SRR19561036/SRR19561036_1.fastq.gz	https://ftp.sra.ebi.ac.uk/vol1/fastq/SRR195/036/SRR19561036/SRR19561036_2.fastq.gz
SRR19561075	PAIRED	https://ftp.sra.ebi.ac.uk/vol1/fastq/SRR195/075/SRR19561075/SRR19561075_1.fastq.gz	https://ftp.sra.ebi.ac.uk/vol1/fastq/SRR195/075/SRR19561075/SRR19561075_2.fastq.gz
SRR19561131	PAIRED	https://ftp.sra.ebi.ac.uk/vol1/fastq/SRR195/031/SRR19561131/SRR19561131_1.fastq.gz	https://ftp.sra.ebi.ac.uk/vol1/fastq/SRR195/031/SRR19561131/SRR19561131_2.fastq.gz
SRR19561324	PAIRED	https://ftp.sra.ebi.ac.uk/vol1/fastq/SRR195/024/SRR19561324/SRR19561324_1.fastq.gz	https://ftp.sra.ebi.ac.uk/vol1/fastq/SRR195/024/SRR19561324/SRR19561324_2.fastq.gz
SRR19561443	PAIRED	https://ftp.sra.ebi.ac.uk/vol1/fastq/SRR195/043/SRR19561443/SRR19561443_1.fastq.gz	https://ftp.sra.ebi.ac.uk/vol1/fastq/SRR195/043/SRR19561443/SRR19561443_2.fastq.gz
SRR19561546	PAIRED	https://ftp.sra.ebi.ac.uk/vol1/fastq/SRR195/046/SRR19561546/SRR19561546_1.fastq.gz	https://ftp.sra.ebi.ac.uk/vol1/fastq/SRR195/046/SRR19561546/SRR19561546_2.fastq.gz
SRR19561629	PAIRED	https://ftp.sra.ebi.ac.uk/vol1/fastq/SRR195/029/SRR19561629/SRR19561629_1.fastq.gz	https://ftp.sra.ebi.ac.uk/vol1/fastq/SRR195/029/SRR19561629/SRR19561629_2.fastq.gz
SRR19561750	PAIRED	https://ftp.sra.ebi.ac.uk/vol1/fastq/SRR195/050/SRR19561750/SRR19561750_1.fastq.gz	https://ftp.sra.ebi.ac.uk/vol1/fastq/SRR195/050/SRR19561750/SRR19561750_2.fastq.gz
SRR19561773	PAIRED	https://ftp.sra.ebi.ac.uk/vol1/fastq/SRR195/073/SRR19561773/SRR19561773_1.fastq.gz	https://ftp.sra.ebi.ac.uk/vol1/fastq/SRR195/073/SRR19561773/SRR19561773_2.fastq.gz
SRR19561867	PAIRED	https://ftp.sra.ebi.ac.uk/vol1/fastq/SRR195/067/SRR19561867/SRR19561867_1.fastq.gz	https://ftp.sra.ebi.ac.uk/vol1/fastq/SRR195/067/SRR19561867/SRR19561867_2.fastq.gz
SRR19561924	PAIRED	https://ftp.sra.ebi.ac.uk/vol1/fastq/SRR195/024/SRR19561924/SRR19561924_1.fastq.gz	https://ftp.sra.ebi.ac.uk/vol1/fastq/SRR195/024/SRR19561924/SRR19561924_2.fastq.gz
SRR19577395	PAIRED	https://ftp.sra.ebi.ac.uk/vol1/fastq/SRR195/095/SRR19577395/SRR19577395_1.fastq.gz	https://ftp.sra.ebi.ac.uk/vol1/fastq/SRR195/095/SRR19577395/SRR19577395_2.fastq.gz
SRR19577404	PAIRED	https://ftp.sra.ebi.ac.uk/vol1/fastq/SRR195/004/SRR19577404/SRR19577404_1.fastq.gz	https://ftp.sra.ebi.ac.uk/vol1/fastq/SRR195/004/SRR19577404/SRR19577404_2.fastq.gz
SRR19577479	PAIRED	https://ftp.sra.ebi.ac.uk/vol1/fastq/SRR195/079/SRR19577479/SRR19577479_1.fastq.gz	https://ftp.sra.ebi.ac.uk/vol1/fastq/SRR195/079/SRR19577479/SRR19577479_2.fastq.gz
SRR19577488	PAIRED	https://ftp.sra.ebi.ac.uk/vol1/fastq/SRR195/088/SRR19577488/SRR19577488_1.fastq.gz	https://ftp.sra.ebi.ac.uk/vol1/fastq/SRR195/088/SRR19577488/SRR19577488_2.fastq.gz
SRR19577489	PAIRED	https://ftp.sra.ebi.ac.uk/vol1/fastq/SRR195/089/SRR19577489/SRR19577489_1.fastq.gz	https://ftp.sra.ebi.ac.uk/vol1/fastq/SRR195/089/SRR19577489/SRR19577489_2.fastq.gz
SRR19592996	PAIRED	https://ftp.sra.ebi.ac.uk/vol1/fastq/SRR195/096/SRR19592996/SRR19592996_1.fastq.gz	https://ftp.sra.ebi.ac.uk/vol1/fastq/SRR195/096/SRR19592996/SRR19592996_2.fastq.gz
SRR19593000	PAIRED	https://ftp.sra.ebi.ac.uk/vol1/fastq/SRR195/000/SRR19593000/SRR19593000_1.fastq.gz	https://ftp.sra.ebi.ac.uk/vol1/fastq/SRR195/000/SRR19593000/SRR19593000_2.fastq.gz
SRR19593017	PAIRED	https://ftp.sra.ebi.ac.uk/vol1/fastq/SRR195/017/SRR19593017/SRR19593017_1.fastq.gz	https://ftp.sra.ebi.ac.uk/vol1/fastq/SRR195/017/SRR19593017/SRR19593017_2.fastq.gz
SRR19593020	PAIRED	https://ftp.sra.ebi.ac.uk/vol1/fastq/SRR195/020/SRR19593020/SRR19593020_1.fastq.gz	https://ftp.sra.ebi.ac.uk/vol1/fastq/SRR195/020/SRR19593020/SRR19593020_2.fastq.gz
SRR19593021	PAIRED	https://ftp.sra.ebi.ac.uk/vol1/fastq/SRR195/021/SRR19593021/SRR19593021_1.fastq.gz	https://ftp.sra.ebi.ac.uk/vol1/fastq/SRR195/021/SRR19593021/SRR19593021_2.fastq.gz
SRR19593022	PAIRED	https://ftp.sra.ebi.ac.uk/vol1/fastq/SRR195/022/SRR19593022/SRR19593022_1.fastq.gz	https://ftp.sra.ebi.ac.uk/vol1/fastq/SRR195/022/SRR19593022/SRR19593022_2.fastq.gz
SRR19593029	PAIRED	https://ftp.sra.ebi.ac.uk/vol1/fastq/SRR195/029/SRR19593029/SRR19593029_1.fastq.gz	https://ftp.sra.ebi.ac.uk/vol1/fastq/SRR195/029/SRR19593029/SRR19593029_2.fastq.gz
SRR19631951	PAIRED	https://ftp.sra.ebi.ac.uk/vol1/fastq/SRR196/051/SRR19631951/SRR19631951_1.fastq.gz	https://ftp.sra.ebi.ac.uk/vol1/fastq/SRR196/051/SRR19631951/SRR19631951_2.fastq.gz
SRR19631955	PAIRED	https://ftp.sra.ebi.ac.uk/vol1/fastq/SRR196/055/SRR19631955/SRR19631955_1.fastq.gz	https://ftp.sra.ebi.ac.uk/vol1/fastq/SRR196/055/SRR19631955/SRR19631955_2.fastq.gz
SRR19647871	PAIRED	https://ftp.sra.ebi.ac.uk/vol1/fastq/SRR196/071/SRR19647871/SRR19647871_1.fastq.gz	https://ftp.sra.ebi.ac.uk/vol1/fastq/SRR196/071/SRR19647871/SRR19647871_2.fastq.gz
SRR19743671	PAIRED	https://ftp.sra.ebi.ac.uk/vol1/fastq/SRR197/071/SRR19743671/SRR19743671_1.fastq.gz	https://ftp.sra.ebi.ac.uk/vol1/fastq/SRR197/071/SRR19743671/SRR19743671_2.fastq.gz
SRR19743682	PAIRED	https://ftp.sra.ebi.ac.uk/vol1/fastq/SRR197/082/SRR19743682/SRR19743682_1.fastq.gz	https://ftp.sra.ebi.ac.uk/vol1/fastq/SRR197/082/SRR19743682/SRR19743682_2.fastq.gz
SRR19743689	PAIRED	https://ftp.sra.ebi.ac.uk/vol1/fastq/SRR197/089/SRR19743689/SRR19743689_1.fastq.gz	https://ftp.sra.ebi.ac.uk/vol1/fastq/SRR197/089/SRR19743689/SRR19743689_2.fastq.gz
SRR19743698	PAIRED	https://ftp.sra.ebi.ac.uk/vol1/fastq/SRR197/098/SRR19743698/SRR19743698_1.fastq.gz	https://ftp.sra.ebi.ac.uk/vol1/fastq/SRR197/098/SRR19743698/SRR19743698_2.fastq.gz
SRR19743724	PAIRED	https://ftp.sra.ebi.ac.uk/vol1/fastq/SRR197/024/SRR19743724/SRR19743724_1.fastq.gz	https://ftp.sra.ebi.ac.uk/vol1/fastq/SRR197/024/SRR19743724/SRR19743724_2.fastq.gz
SRR19743742	PAIRED	https://ftp.sra.ebi.ac.uk/vol1/fastq/SRR197/042/SRR19743742/SRR19743742_1.fastq.gz	https://ftp.sra.ebi.ac.uk/vol1/fastq/SRR197/042/SRR19743742/SRR19743742_2.fastq.gz
SRR19743751	PAIRED	https://ftp.sra.ebi.ac.uk/vol1/fastq/SRR197/051/SRR19743751/SRR19743751_1.fastq.gz	https://ftp.sra.ebi.ac.uk/vol1/fastq/SRR197/051/SRR19743751/SRR19743751_2.fastq.gz
SRR19743765	PAIRED	https://ftp.sra.ebi.ac.uk/vol1/fastq/SRR197/065/SRR19743765/SRR19743765_1.fastq.gz	https://ftp.sra.ebi.ac.uk/vol1/fastq/SRR197/065/SRR19743765/SRR19743765_2.fastq.gz
SRR19743768	PAIRED	https://ftp.sra.ebi.ac.uk/vol1/fastq/SRR197/068/SRR19743768/SRR19743768_1.fastq.gz	https://ftp.sra.ebi.ac.uk/vol1/fastq/SRR197/068/SRR19743768/SRR19743768_2.fastq.gz
SRR19743773	PAIRED	https://ftp.sra.ebi.ac.uk/vol1/fastq/SRR197/073/SRR19743773/SRR19743773_1.fastq.gz	https://ftp.sra.ebi.ac.uk/vol1/fastq/SRR197/073/SRR19743773/SRR19743773_2.fastq.gz
SRR19743782	PAIRED	https://ftp.sra.ebi.ac.uk/vol1/fastq/SRR197/082/SRR19743782/SRR19743782_1.fastq.gz	https://ftp.sra.ebi.ac.uk/vol1/fastq/SRR197/082/SRR19743782/SRR19743782_2.fastq.gz
SRR19743787	PAIRED	https://ftp.sra.ebi.ac.uk/vol1/fastq/SRR197/087/SRR19743787/SRR19743787_1.fastq.gz	https://ftp.sra.ebi.ac.uk/vol1/fastq/SRR197/087/SRR19743787/SRR19743787_2.fastq.gz
SRR19743834	PAIRED	https://ftp.sra.ebi.ac.uk/vol1/fastq/SRR197/034/SRR19743834/SRR19743834_1.fastq.gz	https://ftp.sra.ebi.ac.uk/vol1/fastq/SRR197/034/SRR19743834/SRR19743834_2.fastq.gz
SRR19743849	PAIRED	https://ftp.sra.ebi.ac.uk/vol1/fastq/SRR197/049/SRR19743849/SRR19743849_1.fastq.gz	https://ftp.sra.ebi.ac.uk/vol1/fastq/SRR197/049/SRR19743849/SRR19743849_2.fastq.gz
SRR19743881	PAIRED	https://ftp.sra.ebi.ac.uk/vol1/fastq/SRR197/081/SRR19743881/SRR19743881_1.fastq.gz	https://ftp.sra.ebi.ac.uk/vol1/fastq/SRR197/081/SRR19743881/SRR19743881_2.fastq.gz
SRR19743883	PAIRED	https://ftp.sra.ebi.ac.uk/vol1/fastq/SRR197/083/SRR19743883/SRR19743883_1.fastq.gz	https://ftp.sra.ebi.ac.uk/vol1/fastq/SRR197/083/SRR19743883/SRR19743883_2.fastq.gz
SRR19743887	PAIRED	https://ftp.sra.ebi.ac.uk/vol1/fastq/SRR197/087/SRR19743887/SRR19743887_1.fastq.gz	https://ftp.sra.ebi.ac.uk/vol1/fastq/SRR197/087/SRR19743887/SRR19743887_2.fastq.gz
SRR19743889	PAIRED	https://ftp.sra.ebi.ac.uk/vol1/fastq/SRR197/089/SRR19743889/SRR19743889_1.fastq.gz	https://ftp.sra.ebi.ac.uk/vol1/fastq/SRR197/089/SRR19743889/SRR19743889_2.fastq.gz
SRR19743910	PAIRED	https://ftp.sra.ebi.ac.uk/vol1/fastq/SRR197/010/SRR19743910/SRR19743910_1.fastq.gz	https://ftp.sra.ebi.ac.uk/vol1/fastq/SRR197/010/SRR19743910/SRR19743910_2.fastq.gz
SRR19743917	PAIRED	https://ftp.sra.ebi.ac.uk/vol1/fastq/SRR197/017/SRR19743917/SRR19743917_1.fastq.gz	https://ftp.sra.ebi.ac.uk/vol1/fastq/SRR197/017/SRR19743917/SRR19743917_2.fastq.gz
SRR19743932	PAIRED	https://ftp.sra.ebi.ac.uk/vol1/fastq/SRR197/032/SRR19743932/SRR19743932_1.fastq.gz	https://ftp.sra.ebi.ac.uk/vol1/fastq/SRR197/032/SRR19743932/SRR19743932_2.fastq.gz
SRR19743936	PAIRED	https://ftp.sra.ebi.ac.uk/vol1/fastq/SRR197/036/SRR19743936/SRR19743936_1.fastq.gz	https://ftp.sra.ebi.ac.uk/vol1/fastq/SRR197/036/SRR19743936/SRR19743936_2.fastq.gz
SRR19743955	PAIRED	https://ftp.sra.ebi.ac.uk/vol1/fastq/SRR197/055/SRR19743955/SRR19743955_1.fastq.gz	https://ftp.sra.ebi.ac.uk/vol1/fastq/SRR197/055/SRR19743955/SRR19743955_2.fastq.gz
SRR19743972	PAIRED	https://ftp.sra.ebi.ac.uk/vol1/fastq/SRR197/072/SRR19743972/SRR19743972_1.fastq.gz	https://ftp.sra.ebi.ac.uk/vol1/fastq/SRR197/072/SRR19743972/SRR19743972_2.fastq.gz
SRR19743975	PAIRED	https://ftp.sra.ebi.ac.uk/vol1/fastq/SRR197/075/SRR19743975/SRR19743975_1.fastq.gz	https://ftp.sra.ebi.ac.uk/vol1/fastq/SRR197/075/SRR19743975/SRR19743975_2.fastq.gz
SRR19743994	PAIRED	https://ftp.sra.ebi.ac.uk/vol1/fastq/SRR197/094/SRR19743994/SRR19743994_1.fastq.gz	https://ftp.sra.ebi.ac.uk/vol1/fastq/SRR197/094/SRR19743994/SRR19743994_2.fastq.gz
SRR19744008	PAIRED	https://ftp.sra.ebi.ac.uk/vol1/fastq/SRR197/008/SRR19744008/SRR19744008_1.fastq.gz	https://ftp.sra.ebi.ac.uk/vol1/fastq/SRR197/008/SRR19744008/SRR19744008_2.fastq.gz
SRR19744019	PAIRED	https://ftp.sra.ebi.ac.uk/vol1/fastq/SRR197/019/SRR19744019/SRR19744019_1.fastq.gz	https://ftp.sra.ebi.ac.uk/vol1/fastq/SRR197/019/SRR19744019/SRR19744019_2.fastq.gz
SRR19744024	PAIRED	https://ftp.sra.ebi.ac.uk/vol1/fastq/SRR197/024/SRR19744024/SRR19744024_1.fastq.gz	https://ftp.sra.ebi.ac.uk/vol1/fastq/SRR197/024/SRR19744024/SRR19744024_2.fastq.gz
SRR19744380	PAIRED	https://ftp.sra.ebi.ac.uk/vol1/fastq/SRR197/080/SRR19744380/SRR19744380_1.fastq.gz	https://ftp.sra.ebi.ac.uk/vol1/fastq/SRR197/080/SRR19744380/SRR19744380_2.fastq.gz
SRR19750722	PAIRED	https://ftp.sra.ebi.ac.uk/vol1/fastq/SRR197/022/SRR19750722/SRR19750722_1.fastq.gz	https://ftp.sra.ebi.ac.uk/vol1/fastq/SRR197/022/SRR19750722/SRR19750722_2.fastq.gz
SRR19750723	PAIRED	https://ftp.sra.ebi.ac.uk/vol1/fastq/SRR197/023/SRR19750723/SRR19750723_1.fastq.gz	https://ftp.sra.ebi.ac.uk/vol1/fastq/SRR197/023/SRR19750723/SRR19750723_2.fastq.gz
SRR19750733	PAIRED	https://ftp.sra.ebi.ac.uk/vol1/fastq/SRR197/033/SRR19750733/SRR19750733_1.fastq.gz	https://ftp.sra.ebi.ac.uk/vol1/fastq/SRR197/033/SRR19750733/SRR19750733_2.fastq.gz
SRR19750744	PAIRED	https://ftp.sra.ebi.ac.uk/vol1/fastq/SRR197/044/SRR19750744/SRR19750744_1.fastq.gz	https://ftp.sra.ebi.ac.uk/vol1/fastq/SRR197/044/SRR19750744/SRR19750744_2.fastq.gz
SRR19750747	PAIRED	https://ftp.sra.ebi.ac.uk/vol1/fastq/SRR197/047/SRR19750747/SRR19750747_1.fastq.gz	https://ftp.sra.ebi.ac.uk/vol1/fastq/SRR197/047/SRR19750747/SRR19750747_2.fastq.gz
SRR19750754	PAIRED	https://ftp.sra.ebi.ac.uk/vol1/fastq/SRR197/054/SRR19750754/SRR19750754_1.fastq.gz	https://ftp.sra.ebi.ac.uk/vol1/fastq/SRR197/054/SRR19750754/SRR19750754_2.fastq.gz
SRR19910110	PAIRED	https://ftp.sra.ebi.ac.uk/vol1/fastq/SRR199/010/SRR19910110/SRR19910110_1.fastq.gz	https://ftp.sra.ebi.ac.uk/vol1/fastq/SRR199/010/SRR19910110/SRR19910110_2.fastq.gz
SRR19932172	PAIRED	https://ftp.sra.ebi.ac.uk/vol1/fastq/SRR199/072/SRR19932172/SRR19932172_1.fastq.gz	https://ftp.sra.ebi.ac.uk/vol1/fastq/SRR199/072/SRR19932172/SRR19932172_2.fastq.gz
SRR19952168	PAIRED	https://ftp.sra.ebi.ac.uk/vol1/fastq/SRR199/068/SRR19952168/SRR19952168_1.fastq.gz	https://ftp.sra.ebi.ac.uk/vol1/fastq/SRR199/068/SRR19952168/SRR19952168_2.fastq.gz
SRR19952172	PAIRED	https://ftp.sra.ebi.ac.uk/vol1/fastq/SRR199/072/SRR19952172/SRR19952172_1.fastq.gz	https://ftp.sra.ebi.ac.uk/vol1/fastq/SRR199/072/SRR19952172/SRR19952172_2.fastq.gz
SRR19952201	PAIRED	https://ftp.sra.ebi.ac.uk/vol1/fastq/SRR199/001/SRR19952201/SRR19952201_1.fastq.gz	https://ftp.sra.ebi.ac.uk/vol1/fastq/SRR199/001/SRR19952201/SRR19952201_2.fastq.gz
SRR19952206	PAIRED	https://ftp.sra.ebi.ac.uk/vol1/fastq/SRR199/006/SRR19952206/SRR19952206_1.fastq.gz	https://ftp.sra.ebi.ac.uk/vol1/fastq/SRR199/006/SRR19952206/SRR19952206_2.fastq.gz
SRR19977207	PAIRED	https://ftp.sra.ebi.ac.uk/vol1/fastq/SRR199/007/SRR19977207/SRR19977207_1.fastq.gz	https://ftp.sra.ebi.ac.uk/vol1/fastq/SRR199/007/SRR19977207/SRR19977207_2.fastq.gz
SRR19986936	PAIRED	https://ftp.sra.ebi.ac.uk/vol1/fastq/SRR199/036/SRR19986936/SRR19986936_1.fastq.gz	https://ftp.sra.ebi.ac.uk/vol1/fastq/SRR199/036/SRR19986936/SRR19986936_2.fastq.gz
SRR20017246	PAIRED	https://ftp.sra.ebi.ac.uk/vol1/fastq/SRR200/046/SRR20017246/SRR20017246_1.fastq.gz	https://ftp.sra.ebi.ac.uk/vol1/fastq/SRR200/046/SRR20017246/SRR20017246_2.fastq.gz
SRR20048919	PAIRED	https://ftp.sra.ebi.ac.uk/vol1/fastq/SRR200/019/SRR20048919/SRR20048919_1.fastq.gz	https://ftp.sra.ebi.ac.uk/vol1/fastq/SRR200/019/SRR20048919/SRR20048919_2.fastq.gz
SRR20082564	PAIRED	https://ftp.sra.ebi.ac.uk/vol1/fastq/SRR200/064/SRR20082564/SRR20082564_1.fastq.gz	https://ftp.sra.ebi.ac.uk/vol1/fastq/SRR200/064/SRR20082564/SRR20082564_2.fastq.gz
SRR20082569	PAIRED	https://ftp.sra.ebi.ac.uk/vol1/fastq/SRR200/069/SRR20082569/SRR20082569_1.fastq.gz	https://ftp.sra.ebi.ac.uk/vol1/fastq/SRR200/069/SRR20082569/SRR20082569_2.fastq.gz
SRR20227897	PAIRED	https://ftp.sra.ebi.ac.uk/vol1/fastq/SRR202/097/SRR20227897/SRR20227897_1.fastq.gz	https://ftp.sra.ebi.ac.uk/vol1/fastq/SRR202/097/SRR20227897/SRR20227897_2.fastq.gz
SRR20227898	PAIRED	https://ftp.sra.ebi.ac.uk/vol1/fastq/SRR202/098/SRR20227898/SRR20227898_1.fastq.gz	https://ftp.sra.ebi.ac.uk/vol1/fastq/SRR202/098/SRR20227898/SRR20227898_2.fastq.gz
SRR20278409	PAIRED	https://ftp.sra.ebi.ac.uk/vol1/fastq/SRR202/009/SRR20278409/SRR20278409_1.fastq.gz	https://ftp.sra.ebi.ac.uk/vol1/fastq/SRR202/009/SRR20278409/SRR20278409_2.fastq.gz
SRR20278414	PAIRED	https://ftp.sra.ebi.ac.uk/vol1/fastq/SRR202/014/SRR20278414/SRR20278414_1.fastq.gz	https://ftp.sra.ebi.ac.uk/vol1/fastq/SRR202/014/SRR20278414/SRR20278414_2.fastq.gz
SRR20278416	PAIRED	https://ftp.sra.ebi.ac.uk/vol1/fastq/SRR202/016/SRR20278416/SRR20278416_1.fastq.gz	https://ftp.sra.ebi.ac.uk/vol1/fastq/SRR202/016/SRR20278416/SRR20278416_2.fastq.gz
SRR20336601	PAIRED	https://ftp.sra.ebi.ac.uk/vol1/fastq/SRR203/001/SRR20336601/SRR20336601_1.fastq.gz	https://ftp.sra.ebi.ac.uk/vol1/fastq/SRR203/001/SRR20336601/SRR20336601_2.fastq.gz
SRR20340952	PAIRED	https://ftp.sra.ebi.ac.uk/vol1/fastq/SRR203/052/SRR20340952/SRR20340952_1.fastq.gz	https://ftp.sra.ebi.ac.uk/vol1/fastq/SRR203/052/SRR20340952/SRR20340952_2.fastq.gz
SRR20423114	PAIRED	https://ftp.sra.ebi.ac.uk/vol1/fastq/SRR204/014/SRR20423114/SRR20423114_1.fastq.gz	https://ftp.sra.ebi.ac.uk/vol1/fastq/SRR204/014/SRR20423114/SRR20423114_2.fastq.gz
SRR20423118	PAIRED	https://ftp.sra.ebi.ac.uk/vol1/fastq/SRR204/018/SRR20423118/SRR20423118_1.fastq.gz	https://ftp.sra.ebi.ac.uk/vol1/fastq/SRR204/018/SRR20423118/SRR20423118_2.fastq.gz
SRR20423121	PAIRED	https://ftp.sra.ebi.ac.uk/vol1/fastq/SRR204/021/SRR20423121/SRR20423121_1.fastq.gz	https://ftp.sra.ebi.ac.uk/vol1/fastq/SRR204/021/SRR20423121/SRR20423121_2.fastq.gz
SRR2048085	PAIRED	https://ftp.sra.ebi.ac.uk/vol1/fastq/SRR204/005/SRR2048085/SRR2048085_1.fastq.gz	https://ftp.sra.ebi.ac.uk/vol1/fastq/SRR204/005/SRR2048085/SRR2048085_2.fastq.gz
SRR2048106	PAIRED	https://ftp.sra.ebi.ac.uk/vol1/fastq/SRR204/006/SRR2048106/SRR2048106_1.fastq.gz	https://ftp.sra.ebi.ac.uk/vol1/fastq/SRR204/006/SRR2048106/SRR2048106_2.fastq.gz
SRR20755280	PAIRED	https://ftp.sra.ebi.ac.uk/vol1/fastq/SRR207/080/SRR20755280/SRR20755280_1.fastq.gz	https://ftp.sra.ebi.ac.uk/vol1/fastq/SRR207/080/SRR20755280/SRR20755280_2.fastq.gz
SRR20755281	PAIRED	https://ftp.sra.ebi.ac.uk/vol1/fastq/SRR207/081/SRR20755281/SRR20755281_1.fastq.gz	https://ftp.sra.ebi.ac.uk/vol1/fastq/SRR207/081/SRR20755281/SRR20755281_2.fastq.gz
SRR2098694	PAIRED	https://ftp.sra.ebi.ac.uk/vol1/fastq/SRR209/004/SRR2098694/SRR2098694_1.fastq.gz	https://ftp.sra.ebi.ac.uk/vol1/fastq/SRR209/004/SRR2098694/SRR2098694_2.fastq.gz
SRR2098755	PAIRED	https://ftp.sra.ebi.ac.uk/vol1/fastq/SRR209/005/SRR2098755/SRR2098755_1.fastq.gz	https://ftp.sra.ebi.ac.uk/vol1/fastq/SRR209/005/SRR2098755/SRR2098755_2.fastq.gz
SRR2098763	PAIRED	https://ftp.sra.ebi.ac.uk/vol1/fastq/SRR209/003/SRR2098763/SRR2098763_1.fastq.gz	https://ftp.sra.ebi.ac.uk/vol1/fastq/SRR209/003/SRR2098763/SRR2098763_2.fastq.gz
SRR2098778	PAIRED	https://ftp.sra.ebi.ac.uk/vol1/fastq/SRR209/008/SRR2098778/SRR2098778_1.fastq.gz	https://ftp.sra.ebi.ac.uk/vol1/fastq/SRR209/008/SRR2098778/SRR2098778_2.fastq.gz
SRR2098787	PAIRED	https://ftp.sra.ebi.ac.uk/vol1/fastq/SRR209/007/SRR2098787/SRR2098787_1.fastq.gz	https://ftp.sra.ebi.ac.uk/vol1/fastq/SRR209/007/SRR2098787/SRR2098787_2.fastq.gz
SRR2098799	PAIRED	https://ftp.sra.ebi.ac.uk/vol1/fastq/SRR209/009/SRR2098799/SRR2098799_1.fastq.gz	https://ftp.sra.ebi.ac.uk/vol1/fastq/SRR209/009/SRR2098799/SRR2098799_2.fastq.gz
SRR2098814	PAIRED	https://ftp.sra.ebi.ac.uk/vol1/fastq/SRR209/004/SRR2098814/SRR2098814_1.fastq.gz	https://ftp.sra.ebi.ac.uk/vol1/fastq/SRR209/004/SRR2098814/SRR2098814_2.fastq.gz
SRR2098816	PAIRED	https://ftp.sra.ebi.ac.uk/vol1/fastq/SRR209/006/SRR2098816/SRR2098816_1.fastq.gz	https://ftp.sra.ebi.ac.uk/vol1/fastq/SRR209/006/SRR2098816/SRR2098816_2.fastq.gz
SRR20994644	PAIRED	https://ftp.sra.ebi.ac.uk/vol1/fastq/SRR209/044/SRR20994644/SRR20994644_1.fastq.gz	https://ftp.sra.ebi.ac.uk/vol1/fastq/SRR209/044/SRR20994644/SRR20994644_2.fastq.gz
SRR20994679	PAIRED	https://ftp.sra.ebi.ac.uk/vol1/fastq/SRR209/079/SRR20994679/SRR20994679_1.fastq.gz	https://ftp.sra.ebi.ac.uk/vol1/fastq/SRR209/079/SRR20994679/SRR20994679_2.fastq.gz
SRR20994688	PAIRED	https://ftp.sra.ebi.ac.uk/vol1/fastq/SRR209/088/SRR20994688/SRR20994688_1.fastq.gz	https://ftp.sra.ebi.ac.uk/vol1/fastq/SRR209/088/SRR20994688/SRR20994688_2.fastq.gz
SRR20994785	PAIRED	https://ftp.sra.ebi.ac.uk/vol1/fastq/SRR209/085/SRR20994785/SRR20994785_1.fastq.gz	https://ftp.sra.ebi.ac.uk/vol1/fastq/SRR209/085/SRR20994785/SRR20994785_2.fastq.gz
SRR20994839	PAIRED	https://ftp.sra.ebi.ac.uk/vol1/fastq/SRR209/039/SRR20994839/SRR20994839_1.fastq.gz	https://ftp.sra.ebi.ac.uk/vol1/fastq/SRR209/039/SRR20994839/SRR20994839_2.fastq.gz
SRR20994864	PAIRED	https://ftp.sra.ebi.ac.uk/vol1/fastq/SRR209/064/SRR20994864/SRR20994864_1.fastq.gz	https://ftp.sra.ebi.ac.uk/vol1/fastq/SRR209/064/SRR20994864/SRR20994864_2.fastq.gz
SRR20994875	PAIRED	https://ftp.sra.ebi.ac.uk/vol1/fastq/SRR209/075/SRR20994875/SRR20994875_1.fastq.gz	https://ftp.sra.ebi.ac.uk/vol1/fastq/SRR209/075/SRR20994875/SRR20994875_2.fastq.gz
SRR20994906	PAIRED	https://ftp.sra.ebi.ac.uk/vol1/fastq/SRR209/006/SRR20994906/SRR20994906_1.fastq.gz	https://ftp.sra.ebi.ac.uk/vol1/fastq/SRR209/006/SRR20994906/SRR20994906_2.fastq.gz
SRR20994945	PAIRED	https://ftp.sra.ebi.ac.uk/vol1/fastq/SRR209/045/SRR20994945/SRR20994945_1.fastq.gz	https://ftp.sra.ebi.ac.uk/vol1/fastq/SRR209/045/SRR20994945/SRR20994945_2.fastq.gz
SRR20994958	PAIRED	https://ftp.sra.ebi.ac.uk/vol1/fastq/SRR209/058/SRR20994958/SRR20994958_1.fastq.gz	https://ftp.sra.ebi.ac.uk/vol1/fastq/SRR209/058/SRR20994958/SRR20994958_2.fastq.gz
SRR21091488	PAIRED	https://ftp.sra.ebi.ac.uk/vol1/fastq/SRR210/088/SRR21091488/SRR21091488_1.fastq.gz	https://ftp.sra.ebi.ac.uk/vol1/fastq/SRR210/088/SRR21091488/SRR21091488_2.fastq.gz
SRR21091660	PAIRED	https://ftp.sra.ebi.ac.uk/vol1/fastq/SRR210/060/SRR21091660/SRR21091660_1.fastq.gz	https://ftp.sra.ebi.ac.uk/vol1/fastq/SRR210/060/SRR21091660/SRR21091660_2.fastq.gz
SRR21091666	PAIRED	https://ftp.sra.ebi.ac.uk/vol1/fastq/SRR210/066/SRR21091666/SRR21091666_1.fastq.gz	https://ftp.sra.ebi.ac.uk/vol1/fastq/SRR210/066/SRR21091666/SRR21091666_2.fastq.gz
SRR21119050	PAIRED	https://ftp.sra.ebi.ac.uk/vol1/fastq/SRR211/050/SRR21119050/SRR21119050_1.fastq.gz	https://ftp.sra.ebi.ac.uk/vol1/fastq/SRR211/050/SRR21119050/SRR21119050_2.fastq.gz
SRR21201065	PAIRED	https://ftp.sra.ebi.ac.uk/vol1/fastq/SRR212/065/SRR21201065/SRR21201065_1.fastq.gz	https://ftp.sra.ebi.ac.uk/vol1/fastq/SRR212/065/SRR21201065/SRR21201065_2.fastq.gz
SRR21201083	PAIRED	https://ftp.sra.ebi.ac.uk/vol1/fastq/SRR212/083/SRR21201083/SRR21201083_1.fastq.gz	https://ftp.sra.ebi.ac.uk/vol1/fastq/SRR212/083/SRR21201083/SRR21201083_2.fastq.gz
SRR21201085	PAIRED	https://ftp.sra.ebi.ac.uk/vol1/fastq/SRR212/085/SRR21201085/SRR21201085_1.fastq.gz	https://ftp.sra.ebi.ac.uk/vol1/fastq/SRR212/085/SRR21201085/SRR21201085_2.fastq.gz
SRR21229854	PAIRED	https://ftp.sra.ebi.ac.uk/vol1/fastq/SRR212/054/SRR21229854/SRR21229854_1.fastq.gz	https://ftp.sra.ebi.ac.uk/vol1/fastq/SRR212/054/SRR21229854/SRR21229854_2.fastq.gz
SRR2127363	PAIRED	https://ftp.sra.ebi.ac.uk/vol1/fastq/SRR212/003/SRR2127363/SRR2127363_1.fastq.gz	https://ftp.sra.ebi.ac.uk/vol1/fastq/SRR212/003/SRR2127363/SRR2127363_2.fastq.gz
SRR2127400	PAIRED	https://ftp.sra.ebi.ac.uk/vol1/fastq/SRR212/000/SRR2127400/SRR2127400_1.fastq.gz	https://ftp.sra.ebi.ac.uk/vol1/fastq/SRR212/000/SRR2127400/SRR2127400_2.fastq.gz
SRR2127617	PAIRED	https://ftp.sra.ebi.ac.uk/vol1/fastq/SRR212/007/SRR2127617/SRR2127617_1.fastq.gz	https://ftp.sra.ebi.ac.uk/vol1/fastq/SRR212/007/SRR2127617/SRR2127617_2.fastq.gz
SRR2127693	PAIRED	https://ftp.sra.ebi.ac.uk/vol1/fastq/SRR212/003/SRR2127693/SRR2127693_1.fastq.gz	https://ftp.sra.ebi.ac.uk/vol1/fastq/SRR212/003/SRR2127693/SRR2127693_2.fastq.gz
SRR21288957	PAIRED	https://ftp.sra.ebi.ac.uk/vol1/fastq/SRR212/057/SRR21288957/SRR21288957_1.fastq.gz	https://ftp.sra.ebi.ac.uk/vol1/fastq/SRR212/057/SRR21288957/SRR21288957_2.fastq.gz
SRR21288992	PAIRED	https://ftp.sra.ebi.ac.uk/vol1/fastq/SRR212/092/SRR21288992/SRR21288992_1.fastq.gz	https://ftp.sra.ebi.ac.uk/vol1/fastq/SRR212/092/SRR21288992/SRR21288992_2.fastq.gz
SRR2134674	PAIRED	https://ftp.sra.ebi.ac.uk/vol1/fastq/SRR213/004/SRR2134674/SRR2134674_1.fastq.gz	https://ftp.sra.ebi.ac.uk/vol1/fastq/SRR213/004/SRR2134674/SRR2134674_2.fastq.gz
SRR21386374	PAIRED	https://ftp.sra.ebi.ac.uk/vol1/fastq/SRR213/074/SRR21386374/SRR21386374_1.fastq.gz	https://ftp.sra.ebi.ac.uk/vol1/fastq/SRR213/074/SRR21386374/SRR21386374_2.fastq.gz
SRR21388539	PAIRED	https://ftp.sra.ebi.ac.uk/vol1/fastq/SRR213/039/SRR21388539/SRR21388539_1.fastq.gz	https://ftp.sra.ebi.ac.uk/vol1/fastq/SRR213/039/SRR21388539/SRR21388539_2.fastq.gz
SRR21408305	PAIRED	https://ftp.sra.ebi.ac.uk/vol1/fastq/SRR214/005/SRR21408305/SRR21408305_1.fastq.gz	https://ftp.sra.ebi.ac.uk/vol1/fastq/SRR214/005/SRR21408305/SRR21408305_2.fastq.gz
SRR21473057	PAIRED	https://ftp.sra.ebi.ac.uk/vol1/fastq/SRR214/057/SRR21473057/SRR21473057_1.fastq.gz	https://ftp.sra.ebi.ac.uk/vol1/fastq/SRR214/057/SRR21473057/SRR21473057_2.fastq.gz
SRR21535407	PAIRED	https://ftp.sra.ebi.ac.uk/vol1/fastq/SRR215/007/SRR21535407/SRR21535407_1.fastq.gz	https://ftp.sra.ebi.ac.uk/vol1/fastq/SRR215/007/SRR21535407/SRR21535407_2.fastq.gz
SRR21554138	PAIRED	https://ftp.sra.ebi.ac.uk/vol1/fastq/SRR215/038/SRR21554138/SRR21554138_1.fastq.gz	https://ftp.sra.ebi.ac.uk/vol1/fastq/SRR215/038/SRR21554138/SRR21554138_2.fastq.gz
SRR21595994	PAIRED	https://ftp.sra.ebi.ac.uk/vol1/fastq/SRR215/094/SRR21595994/SRR21595994_1.fastq.gz	https://ftp.sra.ebi.ac.uk/vol1/fastq/SRR215/094/SRR21595994/SRR21595994_2.fastq.gz
SRR21660900	PAIRED	https://ftp.sra.ebi.ac.uk/vol1/fastq/SRR216/000/SRR21660900/SRR21660900_1.fastq.gz	https://ftp.sra.ebi.ac.uk/vol1/fastq/SRR216/000/SRR21660900/SRR21660900_2.fastq.gz
SRR21660901	PAIRED	https://ftp.sra.ebi.ac.uk/vol1/fastq/SRR216/001/SRR21660901/SRR21660901_1.fastq.gz	https://ftp.sra.ebi.ac.uk/vol1/fastq/SRR216/001/SRR21660901/SRR21660901_2.fastq.gz
SRR21679071	PAIRED	https://ftp.sra.ebi.ac.uk/vol1/fastq/SRR216/071/SRR21679071/SRR21679071_1.fastq.gz	https://ftp.sra.ebi.ac.uk/vol1/fastq/SRR216/071/SRR21679071/SRR21679071_2.fastq.gz
SRR21822776	PAIRED	https://ftp.sra.ebi.ac.uk/vol1/fastq/SRR218/076/SRR21822776/SRR21822776_1.fastq.gz	https://ftp.sra.ebi.ac.uk/vol1/fastq/SRR218/076/SRR21822776/SRR21822776_2.fastq.gz
SRR21853696	PAIRED	https://ftp.sra.ebi.ac.uk/vol1/fastq/SRR218/096/SRR21853696/SRR21853696_1.fastq.gz	https://ftp.sra.ebi.ac.uk/vol1/fastq/SRR218/096/SRR21853696/SRR21853696_2.fastq.gz
SRR21884217	PAIRED	https://ftp.sra.ebi.ac.uk/vol1/fastq/SRR218/017/SRR21884217/SRR21884217_1.fastq.gz	https://ftp.sra.ebi.ac.uk/vol1/fastq/SRR218/017/SRR21884217/SRR21884217_2.fastq.gz
SRR21884218	PAIRED	https://ftp.sra.ebi.ac.uk/vol1/fastq/SRR218/018/SRR21884218/SRR21884218_1.fastq.gz	https://ftp.sra.ebi.ac.uk/vol1/fastq/SRR218/018/SRR21884218/SRR21884218_2.fastq.gz
SRR21884272	PAIRED	https://ftp.sra.ebi.ac.uk/vol1/fastq/SRR218/072/SRR21884272/SRR21884272_1.fastq.gz	https://ftp.sra.ebi.ac.uk/vol1/fastq/SRR218/072/SRR21884272/SRR21884272_2.fastq.gz
SRR21884275	PAIRED	https://ftp.sra.ebi.ac.uk/vol1/fastq/SRR218/075/SRR21884275/SRR21884275_1.fastq.gz	https://ftp.sra.ebi.ac.uk/vol1/fastq/SRR218/075/SRR21884275/SRR21884275_2.fastq.gz
SRR21884287	PAIRED	https://ftp.sra.ebi.ac.uk/vol1/fastq/SRR218/087/SRR21884287/SRR21884287_1.fastq.gz	https://ftp.sra.ebi.ac.uk/vol1/fastq/SRR218/087/SRR21884287/SRR21884287_2.fastq.gz
SRR21884300	PAIRED	https://ftp.sra.ebi.ac.uk/vol1/fastq/SRR218/000/SRR21884300/SRR21884300_1.fastq.gz	https://ftp.sra.ebi.ac.uk/vol1/fastq/SRR218/000/SRR21884300/SRR21884300_2.fastq.gz
SRR21890681	PAIRED	https://ftp.sra.ebi.ac.uk/vol1/fastq/SRR218/081/SRR21890681/SRR21890681_1.fastq.gz	https://ftp.sra.ebi.ac.uk/vol1/fastq/SRR218/081/SRR21890681/SRR21890681_2.fastq.gz
SRR21901337	PAIRED	https://ftp.sra.ebi.ac.uk/vol1/fastq/SRR219/037/SRR21901337/SRR21901337_1.fastq.gz	https://ftp.sra.ebi.ac.uk/vol1/fastq/SRR219/037/SRR21901337/SRR21901337_2.fastq.gz
SRR21901350	PAIRED	https://ftp.sra.ebi.ac.uk/vol1/fastq/SRR219/050/SRR21901350/SRR21901350_1.fastq.gz	https://ftp.sra.ebi.ac.uk/vol1/fastq/SRR219/050/SRR21901350/SRR21901350_2.fastq.gz
SRR21901366	PAIRED	https://ftp.sra.ebi.ac.uk/vol1/fastq/SRR219/066/SRR21901366/SRR21901366_1.fastq.gz	https://ftp.sra.ebi.ac.uk/vol1/fastq/SRR219/066/SRR21901366/SRR21901366_2.fastq.gz
SRR21922644	PAIRED	https://ftp.sra.ebi.ac.uk/vol1/fastq/SRR219/044/SRR21922644/SRR21922644_1.fastq.gz	https://ftp.sra.ebi.ac.uk/vol1/fastq/SRR219/044/SRR21922644/SRR21922644_2.fastq.gz
SRR21922786	PAIRED	https://ftp.sra.ebi.ac.uk/vol1/fastq/SRR219/086/SRR21922786/SRR21922786_1.fastq.gz	https://ftp.sra.ebi.ac.uk/vol1/fastq/SRR219/086/SRR21922786/SRR21922786_2.fastq.gz
SRR21922796	PAIRED	https://ftp.sra.ebi.ac.uk/vol1/fastq/SRR219/096/SRR21922796/SRR21922796_1.fastq.gz	https://ftp.sra.ebi.ac.uk/vol1/fastq/SRR219/096/SRR21922796/SRR21922796_2.fastq.gz
SRR21939664	PAIRED	https://ftp.sra.ebi.ac.uk/vol1/fastq/SRR219/064/SRR21939664/SRR21939664_1.fastq.gz	https://ftp.sra.ebi.ac.uk/vol1/fastq/SRR219/064/SRR21939664/SRR21939664_2.fastq.gz
SRR21943032	PAIRED	https://ftp.sra.ebi.ac.uk/vol1/fastq/SRR219/032/SRR21943032/SRR21943032_1.fastq.gz	https://ftp.sra.ebi.ac.uk/vol1/fastq/SRR219/032/SRR21943032/SRR21943032_2.fastq.gz
SRR21985583	PAIRED	https://ftp.sra.ebi.ac.uk/vol1/fastq/SRR219/083/SRR21985583/SRR21985583_1.fastq.gz	https://ftp.sra.ebi.ac.uk/vol1/fastq/SRR219/083/SRR21985583/SRR21985583_2.fastq.gz
SRR21986342	PAIRED	https://ftp.sra.ebi.ac.uk/vol1/fastq/SRR219/042/SRR21986342/SRR21986342_1.fastq.gz	https://ftp.sra.ebi.ac.uk/vol1/fastq/SRR219/042/SRR21986342/SRR21986342_2.fastq.gz
SRR22024957	PAIRED	https://ftp.sra.ebi.ac.uk/vol1/fastq/SRR220/057/SRR22024957/SRR22024957_1.fastq.gz	https://ftp.sra.ebi.ac.uk/vol1/fastq/SRR220/057/SRR22024957/SRR22024957_2.fastq.gz
SRR22047283	PAIRED	https://ftp.sra.ebi.ac.uk/vol1/fastq/SRR220/083/SRR22047283/SRR22047283_1.fastq.gz	https://ftp.sra.ebi.ac.uk/vol1/fastq/SRR220/083/SRR22047283/SRR22047283_2.fastq.gz
SRR22164155	PAIRED	https://ftp.sra.ebi.ac.uk/vol1/fastq/SRR221/055/SRR22164155/SRR22164155_1.fastq.gz	https://ftp.sra.ebi.ac.uk/vol1/fastq/SRR221/055/SRR22164155/SRR22164155_2.fastq.gz
SRR22222877	PAIRED	https://ftp.sra.ebi.ac.uk/vol1/fastq/SRR222/077/SRR22222877/SRR22222877_1.fastq.gz	https://ftp.sra.ebi.ac.uk/vol1/fastq/SRR222/077/SRR22222877/SRR22222877_2.fastq.gz
SRR22225350	PAIRED	https://ftp.sra.ebi.ac.uk/vol1/fastq/SRR222/050/SRR22225350/SRR22225350_1.fastq.gz	https://ftp.sra.ebi.ac.uk/vol1/fastq/SRR222/050/SRR22225350/SRR22225350_2.fastq.gz
SRR22246789	PAIRED	https://ftp.sra.ebi.ac.uk/vol1/fastq/SRR222/089/SRR22246789/SRR22246789_1.fastq.gz	https://ftp.sra.ebi.ac.uk/vol1/fastq/SRR222/089/SRR22246789/SRR22246789_2.fastq.gz
SRR22246791	PAIRED	https://ftp.sra.ebi.ac.uk/vol1/fastq/SRR222/091/SRR22246791/SRR22246791_1.fastq.gz	https://ftp.sra.ebi.ac.uk/vol1/fastq/SRR222/091/SRR22246791/SRR22246791_2.fastq.gz
SRR22324424	PAIRED	https://ftp.sra.ebi.ac.uk/vol1/fastq/SRR223/024/SRR22324424/SRR22324424_1.fastq.gz	https://ftp.sra.ebi.ac.uk/vol1/fastq/SRR223/024/SRR22324424/SRR22324424_2.fastq.gz
SRR22324425	PAIRED	https://ftp.sra.ebi.ac.uk/vol1/fastq/SRR223/025/SRR22324425/SRR22324425_1.fastq.gz	https://ftp.sra.ebi.ac.uk/vol1/fastq/SRR223/025/SRR22324425/SRR22324425_2.fastq.gz
SRR22329351	PAIRED	https://ftp.sra.ebi.ac.uk/vol1/fastq/SRR223/051/SRR22329351/SRR22329351_1.fastq.gz	https://ftp.sra.ebi.ac.uk/vol1/fastq/SRR223/051/SRR22329351/SRR22329351_2.fastq.gz
SRR22341328	PAIRED	https://ftp.sra.ebi.ac.uk/vol1/fastq/SRR223/028/SRR22341328/SRR22341328_1.fastq.gz	https://ftp.sra.ebi.ac.uk/vol1/fastq/SRR223/028/SRR22341328/SRR22341328_2.fastq.gz
SRR22341512	PAIRED	https://ftp.sra.ebi.ac.uk/vol1/fastq/SRR223/012/SRR22341512/SRR22341512_1.fastq.gz	https://ftp.sra.ebi.ac.uk/vol1/fastq/SRR223/012/SRR22341512/SRR22341512_2.fastq.gz
SRR22352316	PAIRED	https://ftp.sra.ebi.ac.uk/vol1/fastq/SRR223/016/SRR22352316/SRR22352316_1.fastq.gz	https://ftp.sra.ebi.ac.uk/vol1/fastq/SRR223/016/SRR22352316/SRR22352316_2.fastq.gz
SRR22387050	PAIRED	https://ftp.sra.ebi.ac.uk/vol1/fastq/SRR223/050/SRR22387050/SRR22387050_1.fastq.gz	https://ftp.sra.ebi.ac.uk/vol1/fastq/SRR223/050/SRR22387050/SRR22387050_2.fastq.gz
SRR22398233	PAIRED	https://ftp.sra.ebi.ac.uk/vol1/fastq/SRR223/033/SRR22398233/SRR22398233_1.fastq.gz	https://ftp.sra.ebi.ac.uk/vol1/fastq/SRR223/033/SRR22398233/SRR22398233_2.fastq.gz
SRR2244268	PAIRED	https://ftp.sra.ebi.ac.uk/vol1/fastq/SRR224/008/SRR2244268/SRR2244268_1.fastq.gz	https://ftp.sra.ebi.ac.uk/vol1/fastq/SRR224/008/SRR2244268/SRR2244268_2.fastq.gz
SRR22456066	PAIRED	https://ftp.sra.ebi.ac.uk/vol1/fastq/SRR224/066/SRR22456066/SRR22456066_1.fastq.gz	https://ftp.sra.ebi.ac.uk/vol1/fastq/SRR224/066/SRR22456066/SRR22456066_2.fastq.gz
SRR22456068	PAIRED	https://ftp.sra.ebi.ac.uk/vol1/fastq/SRR224/068/SRR22456068/SRR22456068_1.fastq.gz	https://ftp.sra.ebi.ac.uk/vol1/fastq/SRR224/068/SRR22456068/SRR22456068_2.fastq.gz
SRR22512154	PAIRED	https://ftp.sra.ebi.ac.uk/vol1/fastq/SRR225/054/SRR22512154/SRR22512154_1.fastq.gz	https://ftp.sra.ebi.ac.uk/vol1/fastq/SRR225/054/SRR22512154/SRR22512154_2.fastq.gz
SRR22557983	PAIRED	https://ftp.sra.ebi.ac.uk/vol1/fastq/SRR225/083/SRR22557983/SRR22557983_1.fastq.gz	https://ftp.sra.ebi.ac.uk/vol1/fastq/SRR225/083/SRR22557983/SRR22557983_2.fastq.gz
SRR22582516	PAIRED	https://ftp.sra.ebi.ac.uk/vol1/fastq/SRR225/016/SRR22582516/SRR22582516_1.fastq.gz	https://ftp.sra.ebi.ac.uk/vol1/fastq/SRR225/016/SRR22582516/SRR22582516_2.fastq.gz
SRR22582547	PAIRED	https://ftp.sra.ebi.ac.uk/vol1/fastq/SRR225/047/SRR22582547/SRR22582547_1.fastq.gz	https://ftp.sra.ebi.ac.uk/vol1/fastq/SRR225/047/SRR22582547/SRR22582547_2.fastq.gz
SRR22582562	PAIRED	https://ftp.sra.ebi.ac.uk/vol1/fastq/SRR225/062/SRR22582562/SRR22582562_1.fastq.gz	https://ftp.sra.ebi.ac.uk/vol1/fastq/SRR225/062/SRR22582562/SRR22582562_2.fastq.gz
SRR22582630	PAIRED	https://ftp.sra.ebi.ac.uk/vol1/fastq/SRR225/030/SRR22582630/SRR22582630_1.fastq.gz	https://ftp.sra.ebi.ac.uk/vol1/fastq/SRR225/030/SRR22582630/SRR22582630_2.fastq.gz
SRR22582632	PAIRED	https://ftp.sra.ebi.ac.uk/vol1/fastq/SRR225/032/SRR22582632/SRR22582632_1.fastq.gz	https://ftp.sra.ebi.ac.uk/vol1/fastq/SRR225/032/SRR22582632/SRR22582632_2.fastq.gz
SRR22582731	PAIRED	https://ftp.sra.ebi.ac.uk/vol1/fastq/SRR225/031/SRR22582731/SRR22582731_1.fastq.gz	https://ftp.sra.ebi.ac.uk/vol1/fastq/SRR225/031/SRR22582731/SRR22582731_2.fastq.gz
SRR22582763	PAIRED	https://ftp.sra.ebi.ac.uk/vol1/fastq/SRR225/063/SRR22582763/SRR22582763_1.fastq.gz	https://ftp.sra.ebi.ac.uk/vol1/fastq/SRR225/063/SRR22582763/SRR22582763_2.fastq.gz
SRR22582837	PAIRED	https://ftp.sra.ebi.ac.uk/vol1/fastq/SRR225/037/SRR22582837/SRR22582837_1.fastq.gz	https://ftp.sra.ebi.ac.uk/vol1/fastq/SRR225/037/SRR22582837/SRR22582837_2.fastq.gz
SRR22582869	PAIRED	https://ftp.sra.ebi.ac.uk/vol1/fastq/SRR225/069/SRR22582869/SRR22582869_1.fastq.gz	https://ftp.sra.ebi.ac.uk/vol1/fastq/SRR225/069/SRR22582869/SRR22582869_2.fastq.gz
SRR22684189	PAIRED	https://ftp.sra.ebi.ac.uk/vol1/fastq/SRR226/089/SRR22684189/SRR22684189_1.fastq.gz	https://ftp.sra.ebi.ac.uk/vol1/fastq/SRR226/089/SRR22684189/SRR22684189_2.fastq.gz
SRR22684263	PAIRED	https://ftp.sra.ebi.ac.uk/vol1/fastq/SRR226/063/SRR22684263/SRR22684263_1.fastq.gz	https://ftp.sra.ebi.ac.uk/vol1/fastq/SRR226/063/SRR22684263/SRR22684263_2.fastq.gz
SRR22684268	PAIRED	https://ftp.sra.ebi.ac.uk/vol1/fastq/SRR226/068/SRR22684268/SRR22684268_1.fastq.gz	https://ftp.sra.ebi.ac.uk/vol1/fastq/SRR226/068/SRR22684268/SRR22684268_2.fastq.gz
SRR22684275	PAIRED	https://ftp.sra.ebi.ac.uk/vol1/fastq/SRR226/075/SRR22684275/SRR22684275_1.fastq.gz	https://ftp.sra.ebi.ac.uk/vol1/fastq/SRR226/075/SRR22684275/SRR22684275_2.fastq.gz
SRR22684288	PAIRED	https://ftp.sra.ebi.ac.uk/vol1/fastq/SRR226/088/SRR22684288/SRR22684288_1.fastq.gz	https://ftp.sra.ebi.ac.uk/vol1/fastq/SRR226/088/SRR22684288/SRR22684288_2.fastq.gz
SRR22684294	PAIRED	https://ftp.sra.ebi.ac.uk/vol1/fastq/SRR226/094/SRR22684294/SRR22684294_1.fastq.gz	https://ftp.sra.ebi.ac.uk/vol1/fastq/SRR226/094/SRR22684294/SRR22684294_2.fastq.gz
SRR22684297	PAIRED	https://ftp.sra.ebi.ac.uk/vol1/fastq/SRR226/097/SRR22684297/SRR22684297_1.fastq.gz	https://ftp.sra.ebi.ac.uk/vol1/fastq/SRR226/097/SRR22684297/SRR22684297_2.fastq.gz
SRR22710444	PAIRED	https://ftp.sra.ebi.ac.uk/vol1/fastq/SRR227/044/SRR22710444/SRR22710444_1.fastq.gz	https://ftp.sra.ebi.ac.uk/vol1/fastq/SRR227/044/SRR22710444/SRR22710444_2.fastq.gz
SRR22710457	PAIRED	https://ftp.sra.ebi.ac.uk/vol1/fastq/SRR227/057/SRR22710457/SRR22710457_1.fastq.gz	https://ftp.sra.ebi.ac.uk/vol1/fastq/SRR227/057/SRR22710457/SRR22710457_2.fastq.gz
SRR22822906	PAIRED	https://ftp.sra.ebi.ac.uk/vol1/fastq/SRR228/006/SRR22822906/SRR22822906_1.fastq.gz	https://ftp.sra.ebi.ac.uk/vol1/fastq/SRR228/006/SRR22822906/SRR22822906_2.fastq.gz
SRR22868678	PAIRED	https://ftp.sra.ebi.ac.uk/vol1/fastq/SRR228/078/SRR22868678/SRR22868678_1.fastq.gz	https://ftp.sra.ebi.ac.uk/vol1/fastq/SRR228/078/SRR22868678/SRR22868678_2.fastq.gz
SRR22868719	PAIRED	https://ftp.sra.ebi.ac.uk/vol1/fastq/SRR228/019/SRR22868719/SRR22868719_1.fastq.gz	https://ftp.sra.ebi.ac.uk/vol1/fastq/SRR228/019/SRR22868719/SRR22868719_2.fastq.gz
SRR22902196	PAIRED	https://ftp.sra.ebi.ac.uk/vol1/fastq/SRR229/096/SRR22902196/SRR22902196_1.fastq.gz	https://ftp.sra.ebi.ac.uk/vol1/fastq/SRR229/096/SRR22902196/SRR22902196_2.fastq.gz
SRR22906566	PAIRED	https://ftp.sra.ebi.ac.uk/vol1/fastq/SRR229/066/SRR22906566/SRR22906566_1.fastq.gz	https://ftp.sra.ebi.ac.uk/vol1/fastq/SRR229/066/SRR22906566/SRR22906566_2.fastq.gz
SRR22944084	PAIRED	https://ftp.sra.ebi.ac.uk/vol1/fastq/SRR229/084/SRR22944084/SRR22944084_1.fastq.gz	https://ftp.sra.ebi.ac.uk/vol1/fastq/SRR229/084/SRR22944084/SRR22944084_2.fastq.gz
SRR22944093	PAIRED	https://ftp.sra.ebi.ac.uk/vol1/fastq/SRR229/093/SRR22944093/SRR22944093_1.fastq.gz	https://ftp.sra.ebi.ac.uk/vol1/fastq/SRR229/093/SRR22944093/SRR22944093_2.fastq.gz
SRR22955768	PAIRED	https://ftp.sra.ebi.ac.uk/vol1/fastq/SRR229/068/SRR22955768/SRR22955768_1.fastq.gz	https://ftp.sra.ebi.ac.uk/vol1/fastq/SRR229/068/SRR22955768/SRR22955768_2.fastq.gz
SRR22955770	PAIRED	https://ftp.sra.ebi.ac.uk/vol1/fastq/SRR229/070/SRR22955770/SRR22955770_1.fastq.gz	https://ftp.sra.ebi.ac.uk/vol1/fastq/SRR229/070/SRR22955770/SRR22955770_2.fastq.gz
SRR22955772	PAIRED	https://ftp.sra.ebi.ac.uk/vol1/fastq/SRR229/072/SRR22955772/SRR22955772_1.fastq.gz	https://ftp.sra.ebi.ac.uk/vol1/fastq/SRR229/072/SRR22955772/SRR22955772_2.fastq.gz
SRR22955924	PAIRED	https://ftp.sra.ebi.ac.uk/vol1/fastq/SRR229/024/SRR22955924/SRR22955924_1.fastq.gz	https://ftp.sra.ebi.ac.uk/vol1/fastq/SRR229/024/SRR22955924/SRR22955924_2.fastq.gz
SRR22955928	PAIRED	https://ftp.sra.ebi.ac.uk/vol1/fastq/SRR229/028/SRR22955928/SRR22955928_1.fastq.gz	https://ftp.sra.ebi.ac.uk/vol1/fastq/SRR229/028/SRR22955928/SRR22955928_2.fastq.gz
SRR22996229	PAIRED	https://ftp.sra.ebi.ac.uk/vol1/fastq/SRR229/029/SRR22996229/SRR22996229_1.fastq.gz	https://ftp.sra.ebi.ac.uk/vol1/fastq/SRR229/029/SRR22996229/SRR22996229_2.fastq.gz
SRR22996233	PAIRED	https://ftp.sra.ebi.ac.uk/vol1/fastq/SRR229/033/SRR22996233/SRR22996233_1.fastq.gz	https://ftp.sra.ebi.ac.uk/vol1/fastq/SRR229/033/SRR22996233/SRR22996233_2.fastq.gz
SRR22996263	PAIRED	https://ftp.sra.ebi.ac.uk/vol1/fastq/SRR229/063/SRR22996263/SRR22996263_1.fastq.gz	https://ftp.sra.ebi.ac.uk/vol1/fastq/SRR229/063/SRR22996263/SRR22996263_2.fastq.gz
SRR22996279	PAIRED	https://ftp.sra.ebi.ac.uk/vol1/fastq/SRR229/079/SRR22996279/SRR22996279_1.fastq.gz	https://ftp.sra.ebi.ac.uk/vol1/fastq/SRR229/079/SRR22996279/SRR22996279_2.fastq.gz
SRR23027800	PAIRED	https://ftp.sra.ebi.ac.uk/vol1/fastq/SRR230/000/SRR23027800/SRR23027800_1.fastq.gz	https://ftp.sra.ebi.ac.uk/vol1/fastq/SRR230/000/SRR23027800/SRR23027800_2.fastq.gz
SRR23029176	PAIRED	https://ftp.sra.ebi.ac.uk/vol1/fastq/SRR230/076/SRR23029176/SRR23029176_1.fastq.gz	https://ftp.sra.ebi.ac.uk/vol1/fastq/SRR230/076/SRR23029176/SRR23029176_2.fastq.gz
SRR23029909	PAIRED	https://ftp.sra.ebi.ac.uk/vol1/fastq/SRR230/009/SRR23029909/SRR23029909_1.fastq.gz	https://ftp.sra.ebi.ac.uk/vol1/fastq/SRR230/009/SRR23029909/SRR23029909_2.fastq.gz
SRR23030556	PAIRED	https://ftp.sra.ebi.ac.uk/vol1/fastq/SRR230/056/SRR23030556/SRR23030556_1.fastq.gz	https://ftp.sra.ebi.ac.uk/vol1/fastq/SRR230/056/SRR23030556/SRR23030556_2.fastq.gz
SRR23031788	PAIRED	https://ftp.sra.ebi.ac.uk/vol1/fastq/SRR230/088/SRR23031788/SRR23031788_1.fastq.gz	https://ftp.sra.ebi.ac.uk/vol1/fastq/SRR230/088/SRR23031788/SRR23031788_2.fastq.gz
SRR23031801	PAIRED	https://ftp.sra.ebi.ac.uk/vol1/fastq/SRR230/001/SRR23031801/SRR23031801_1.fastq.gz	https://ftp.sra.ebi.ac.uk/vol1/fastq/SRR230/001/SRR23031801/SRR23031801_2.fastq.gz
SRR23031823	PAIRED	https://ftp.sra.ebi.ac.uk/vol1/fastq/SRR230/023/SRR23031823/SRR23031823_1.fastq.gz	https://ftp.sra.ebi.ac.uk/vol1/fastq/SRR230/023/SRR23031823/SRR23031823_2.fastq.gz
SRR23031824	PAIRED	https://ftp.sra.ebi.ac.uk/vol1/fastq/SRR230/024/SRR23031824/SRR23031824_1.fastq.gz	https://ftp.sra.ebi.ac.uk/vol1/fastq/SRR230/024/SRR23031824/SRR23031824_2.fastq.gz
SRR23031826	PAIRED	https://ftp.sra.ebi.ac.uk/vol1/fastq/SRR230/026/SRR23031826/SRR23031826_1.fastq.gz	https://ftp.sra.ebi.ac.uk/vol1/fastq/SRR230/026/SRR23031826/SRR23031826_2.fastq.gz
SRR23048576	PAIRED	https://ftp.sra.ebi.ac.uk/vol1/fastq/SRR230/076/SRR23048576/SRR23048576_1.fastq.gz	https://ftp.sra.ebi.ac.uk/vol1/fastq/SRR230/076/SRR23048576/SRR23048576_2.fastq.gz
SRR23048582	PAIRED	https://ftp.sra.ebi.ac.uk/vol1/fastq/SRR230/082/SRR23048582/SRR23048582_1.fastq.gz	https://ftp.sra.ebi.ac.uk/vol1/fastq/SRR230/082/SRR23048582/SRR23048582_2.fastq.gz
SRR23048583	PAIRED	https://ftp.sra.ebi.ac.uk/vol1/fastq/SRR230/083/SRR23048583/SRR23048583_1.fastq.gz	https://ftp.sra.ebi.ac.uk/vol1/fastq/SRR230/083/SRR23048583/SRR23048583_2.fastq.gz
SRR23048621	PAIRED	https://ftp.sra.ebi.ac.uk/vol1/fastq/SRR230/021/SRR23048621/SRR23048621_1.fastq.gz	https://ftp.sra.ebi.ac.uk/vol1/fastq/SRR230/021/SRR23048621/SRR23048621_2.fastq.gz
SRR23048624	PAIRED	https://ftp.sra.ebi.ac.uk/vol1/fastq/SRR230/024/SRR23048624/SRR23048624_1.fastq.gz	https://ftp.sra.ebi.ac.uk/vol1/fastq/SRR230/024/SRR23048624/SRR23048624_2.fastq.gz
SRR23048637	PAIRED	https://ftp.sra.ebi.ac.uk/vol1/fastq/SRR230/037/SRR23048637/SRR23048637_1.fastq.gz	https://ftp.sra.ebi.ac.uk/vol1/fastq/SRR230/037/SRR23048637/SRR23048637_2.fastq.gz
SRR23048654	PAIRED	https://ftp.sra.ebi.ac.uk/vol1/fastq/SRR230/054/SRR23048654/SRR23048654_1.fastq.gz	https://ftp.sra.ebi.ac.uk/vol1/fastq/SRR230/054/SRR23048654/SRR23048654_2.fastq.gz
SRR23048677	PAIRED	https://ftp.sra.ebi.ac.uk/vol1/fastq/SRR230/077/SRR23048677/SRR23048677_1.fastq.gz	https://ftp.sra.ebi.ac.uk/vol1/fastq/SRR230/077/SRR23048677/SRR23048677_2.fastq.gz
SRR23049141	PAIRED	https://ftp.sra.ebi.ac.uk/vol1/fastq/SRR230/041/SRR23049141/SRR23049141_1.fastq.gz	https://ftp.sra.ebi.ac.uk/vol1/fastq/SRR230/041/SRR23049141/SRR23049141_2.fastq.gz
SRR23078141	PAIRED	https://ftp.sra.ebi.ac.uk/vol1/fastq/SRR230/041/SRR23078141/SRR23078141_1.fastq.gz	https://ftp.sra.ebi.ac.uk/vol1/fastq/SRR230/041/SRR23078141/SRR23078141_2.fastq.gz
SRR23106261	PAIRED	https://ftp.sra.ebi.ac.uk/vol1/fastq/SRR231/061/SRR23106261/SRR23106261_1.fastq.gz	https://ftp.sra.ebi.ac.uk/vol1/fastq/SRR231/061/SRR23106261/SRR23106261_2.fastq.gz
SRR23106358	PAIRED	https://ftp.sra.ebi.ac.uk/vol1/fastq/SRR231/058/SRR23106358/SRR23106358_1.fastq.gz	https://ftp.sra.ebi.ac.uk/vol1/fastq/SRR231/058/SRR23106358/SRR23106358_2.fastq.gz
SRR23133749	PAIRED	https://ftp.sra.ebi.ac.uk/vol1/fastq/SRR231/049/SRR23133749/SRR23133749_1.fastq.gz	https://ftp.sra.ebi.ac.uk/vol1/fastq/SRR231/049/SRR23133749/SRR23133749_2.fastq.gz
SRR23134833	PAIRED	https://ftp.sra.ebi.ac.uk/vol1/fastq/SRR231/033/SRR23134833/SRR23134833_1.fastq.gz	https://ftp.sra.ebi.ac.uk/vol1/fastq/SRR231/033/SRR23134833/SRR23134833_2.fastq.gz
SRR23163016	PAIRED	https://ftp.sra.ebi.ac.uk/vol1/fastq/SRR231/016/SRR23163016/SRR23163016_1.fastq.gz	https://ftp.sra.ebi.ac.uk/vol1/fastq/SRR231/016/SRR23163016/SRR23163016_2.fastq.gz
SRR23163026	PAIRED	https://ftp.sra.ebi.ac.uk/vol1/fastq/SRR231/026/SRR23163026/SRR23163026_1.fastq.gz	https://ftp.sra.ebi.ac.uk/vol1/fastq/SRR231/026/SRR23163026/SRR23163026_2.fastq.gz
SRR23178143	PAIRED	https://ftp.sra.ebi.ac.uk/vol1/fastq/SRR231/043/SRR23178143/SRR23178143_1.fastq.gz	https://ftp.sra.ebi.ac.uk/vol1/fastq/SRR231/043/SRR23178143/SRR23178143_2.fastq.gz
SRR23178148	PAIRED	https://ftp.sra.ebi.ac.uk/vol1/fastq/SRR231/048/SRR23178148/SRR23178148_1.fastq.gz	https://ftp.sra.ebi.ac.uk/vol1/fastq/SRR231/048/SRR23178148/SRR23178148_2.fastq.gz
SRR23193504	PAIRED	https://ftp.sra.ebi.ac.uk/vol1/fastq/SRR231/004/SRR23193504/SRR23193504_1.fastq.gz	https://ftp.sra.ebi.ac.uk/vol1/fastq/SRR231/004/SRR23193504/SRR23193504_2.fastq.gz
SRR23217120	PAIRED	https://ftp.sra.ebi.ac.uk/vol1/fastq/SRR232/020/SRR23217120/SRR23217120_1.fastq.gz	https://ftp.sra.ebi.ac.uk/vol1/fastq/SRR232/020/SRR23217120/SRR23217120_2.fastq.gz
SRR23237946	PAIRED	https://ftp.sra.ebi.ac.uk/vol1/fastq/SRR232/046/SRR23237946/SRR23237946_1.fastq.gz	https://ftp.sra.ebi.ac.uk/vol1/fastq/SRR232/046/SRR23237946/SRR23237946_2.fastq.gz
SRR23237964	PAIRED	https://ftp.sra.ebi.ac.uk/vol1/fastq/SRR232/064/SRR23237964/SRR23237964_1.fastq.gz	https://ftp.sra.ebi.ac.uk/vol1/fastq/SRR232/064/SRR23237964/SRR23237964_2.fastq.gz
SRR23237975	PAIRED	https://ftp.sra.ebi.ac.uk/vol1/fastq/SRR232/075/SRR23237975/SRR23237975_1.fastq.gz	https://ftp.sra.ebi.ac.uk/vol1/fastq/SRR232/075/SRR23237975/SRR23237975_2.fastq.gz
SRR23384541	PAIRED	https://ftp.sra.ebi.ac.uk/vol1/fastq/SRR233/041/SRR23384541/SRR23384541_1.fastq.gz	https://ftp.sra.ebi.ac.uk/vol1/fastq/SRR233/041/SRR23384541/SRR23384541_2.fastq.gz
SRR23384719	PAIRED	https://ftp.sra.ebi.ac.uk/vol1/fastq/SRR233/019/SRR23384719/SRR23384719_1.fastq.gz	https://ftp.sra.ebi.ac.uk/vol1/fastq/SRR233/019/SRR23384719/SRR23384719_2.fastq.gz
SRR23384833	PAIRED	https://ftp.sra.ebi.ac.uk/vol1/fastq/SRR233/033/SRR23384833/SRR23384833_1.fastq.gz	https://ftp.sra.ebi.ac.uk/vol1/fastq/SRR233/033/SRR23384833/SRR23384833_2.fastq.gz
SRR23384841	PAIRED	https://ftp.sra.ebi.ac.uk/vol1/fastq/SRR233/041/SRR23384841/SRR23384841_1.fastq.gz	https://ftp.sra.ebi.ac.uk/vol1/fastq/SRR233/041/SRR23384841/SRR23384841_2.fastq.gz
SRR23498753	PAIRED	https://ftp.sra.ebi.ac.uk/vol1/fastq/SRR234/053/SRR23498753/SRR23498753_1.fastq.gz	https://ftp.sra.ebi.ac.uk/vol1/fastq/SRR234/053/SRR23498753/SRR23498753_2.fastq.gz
SRR23513660	PAIRED	https://ftp.sra.ebi.ac.uk/vol1/fastq/SRR235/060/SRR23513660/SRR23513660_1.fastq.gz	https://ftp.sra.ebi.ac.uk/vol1/fastq/SRR235/060/SRR23513660/SRR23513660_2.fastq.gz
SRR23609130	PAIRED	https://ftp.sra.ebi.ac.uk/vol1/fastq/SRR236/030/SRR23609130/SRR23609130_1.fastq.gz	https://ftp.sra.ebi.ac.uk/vol1/fastq/SRR236/030/SRR23609130/SRR23609130_2.fastq.gz
SRR23609131	PAIRED	https://ftp.sra.ebi.ac.uk/vol1/fastq/SRR236/031/SRR23609131/SRR23609131_1.fastq.gz	https://ftp.sra.ebi.ac.uk/vol1/fastq/SRR236/031/SRR23609131/SRR23609131_2.fastq.gz
SRR23609167	PAIRED	https://ftp.sra.ebi.ac.uk/vol1/fastq/SRR236/067/SRR23609167/SRR23609167_1.fastq.gz	https://ftp.sra.ebi.ac.uk/vol1/fastq/SRR236/067/SRR23609167/SRR23609167_2.fastq.gz
SRR23609193	PAIRED	https://ftp.sra.ebi.ac.uk/vol1/fastq/SRR236/093/SRR23609193/SRR23609193_1.fastq.gz	https://ftp.sra.ebi.ac.uk/vol1/fastq/SRR236/093/SRR23609193/SRR23609193_2.fastq.gz
SRR23609235	PAIRED	https://ftp.sra.ebi.ac.uk/vol1/fastq/SRR236/035/SRR23609235/SRR23609235_1.fastq.gz	https://ftp.sra.ebi.ac.uk/vol1/fastq/SRR236/035/SRR23609235/SRR23609235_2.fastq.gz
SRR23609240	PAIRED	https://ftp.sra.ebi.ac.uk/vol1/fastq/SRR236/040/SRR23609240/SRR23609240_1.fastq.gz	https://ftp.sra.ebi.ac.uk/vol1/fastq/SRR236/040/SRR23609240/SRR23609240_2.fastq.gz
SRR23609249	PAIRED	https://ftp.sra.ebi.ac.uk/vol1/fastq/SRR236/049/SRR23609249/SRR23609249_1.fastq.gz	https://ftp.sra.ebi.ac.uk/vol1/fastq/SRR236/049/SRR23609249/SRR23609249_2.fastq.gz
SRR23609266	PAIRED	https://ftp.sra.ebi.ac.uk/vol1/fastq/SRR236/066/SRR23609266/SRR23609266_1.fastq.gz	https://ftp.sra.ebi.ac.uk/vol1/fastq/SRR236/066/SRR23609266/SRR23609266_2.fastq.gz
SRR23609275	PAIRED	https://ftp.sra.ebi.ac.uk/vol1/fastq/SRR236/075/SRR23609275/SRR23609275_1.fastq.gz	https://ftp.sra.ebi.ac.uk/vol1/fastq/SRR236/075/SRR23609275/SRR23609275_2.fastq.gz
SRR23609281	PAIRED	https://ftp.sra.ebi.ac.uk/vol1/fastq/SRR236/081/SRR23609281/SRR23609281_1.fastq.gz	https://ftp.sra.ebi.ac.uk/vol1/fastq/SRR236/081/SRR23609281/SRR23609281_2.fastq.gz
SRR23609358	PAIRED	https://ftp.sra.ebi.ac.uk/vol1/fastq/SRR236/058/SRR23609358/SRR23609358_1.fastq.gz	https://ftp.sra.ebi.ac.uk/vol1/fastq/SRR236/058/SRR23609358/SRR23609358_2.fastq.gz
SRR23629340	PAIRED	https://ftp.sra.ebi.ac.uk/vol1/fastq/SRR236/040/SRR23629340/SRR23629340_1.fastq.gz	https://ftp.sra.ebi.ac.uk/vol1/fastq/SRR236/040/SRR23629340/SRR23629340_2.fastq.gz
SRR23629363	PAIRED	https://ftp.sra.ebi.ac.uk/vol1/fastq/SRR236/063/SRR23629363/SRR23629363_1.fastq.gz	https://ftp.sra.ebi.ac.uk/vol1/fastq/SRR236/063/SRR23629363/SRR23629363_2.fastq.gz
SRR23629368	PAIRED	https://ftp.sra.ebi.ac.uk/vol1/fastq/SRR236/068/SRR23629368/SRR23629368_1.fastq.gz	https://ftp.sra.ebi.ac.uk/vol1/fastq/SRR236/068/SRR23629368/SRR23629368_2.fastq.gz
SRR23629369	PAIRED	https://ftp.sra.ebi.ac.uk/vol1/fastq/SRR236/069/SRR23629369/SRR23629369_1.fastq.gz	https://ftp.sra.ebi.ac.uk/vol1/fastq/SRR236/069/SRR23629369/SRR23629369_2.fastq.gz
SRR23652576	PAIRED	https://ftp.sra.ebi.ac.uk/vol1/fastq/SRR236/076/SRR23652576/SRR23652576_1.fastq.gz	https://ftp.sra.ebi.ac.uk/vol1/fastq/SRR236/076/SRR23652576/SRR23652576_2.fastq.gz
SRR23675361	PAIRED	https://ftp.sra.ebi.ac.uk/vol1/fastq/SRR236/061/SRR23675361/SRR23675361_1.fastq.gz	https://ftp.sra.ebi.ac.uk/vol1/fastq/SRR236/061/SRR23675361/SRR23675361_2.fastq.gz
SRR23684253	PAIRED	https://ftp.sra.ebi.ac.uk/vol1/fastq/SRR236/053/SRR23684253/SRR23684253_1.fastq.gz	https://ftp.sra.ebi.ac.uk/vol1/fastq/SRR236/053/SRR23684253/SRR23684253_2.fastq.gz
SRR23702285	PAIRED	https://ftp.sra.ebi.ac.uk/vol1/fastq/SRR237/085/SRR23702285/SRR23702285_1.fastq.gz	https://ftp.sra.ebi.ac.uk/vol1/fastq/SRR237/085/SRR23702285/SRR23702285_2.fastq.gz
SRR23782980	PAIRED	https://ftp.sra.ebi.ac.uk/vol1/fastq/SRR237/080/SRR23782980/SRR23782980_1.fastq.gz	https://ftp.sra.ebi.ac.uk/vol1/fastq/SRR237/080/SRR23782980/SRR23782980_2.fastq.gz
SRR23782981	PAIRED	https://ftp.sra.ebi.ac.uk/vol1/fastq/SRR237/081/SRR23782981/SRR23782981_1.fastq.gz	https://ftp.sra.ebi.ac.uk/vol1/fastq/SRR237/081/SRR23782981/SRR23782981_2.fastq.gz
SRR23784456	PAIRED	https://ftp.sra.ebi.ac.uk/vol1/fastq/SRR237/056/SRR23784456/SRR23784456_1.fastq.gz	https://ftp.sra.ebi.ac.uk/vol1/fastq/SRR237/056/SRR23784456/SRR23784456_2.fastq.gz
SRR23784460	PAIRED	https://ftp.sra.ebi.ac.uk/vol1/fastq/SRR237/060/SRR23784460/SRR23784460_1.fastq.gz	https://ftp.sra.ebi.ac.uk/vol1/fastq/SRR237/060/SRR23784460/SRR23784460_2.fastq.gz
SRR23798228	PAIRED	https://ftp.sra.ebi.ac.uk/vol1/fastq/SRR237/028/SRR23798228/SRR23798228_1.fastq.gz	https://ftp.sra.ebi.ac.uk/vol1/fastq/SRR237/028/SRR23798228/SRR23798228_2.fastq.gz
SRR23798236	PAIRED	https://ftp.sra.ebi.ac.uk/vol1/fastq/SRR237/036/SRR23798236/SRR23798236_1.fastq.gz	https://ftp.sra.ebi.ac.uk/vol1/fastq/SRR237/036/SRR23798236/SRR23798236_2.fastq.gz
SRR23854154	PAIRED	https://ftp.sra.ebi.ac.uk/vol1/fastq/SRR238/054/SRR23854154/SRR23854154_1.fastq.gz	https://ftp.sra.ebi.ac.uk/vol1/fastq/SRR238/054/SRR23854154/SRR23854154_2.fastq.gz
SRR23868017	PAIRED	https://ftp.sra.ebi.ac.uk/vol1/fastq/SRR238/017/SRR23868017/SRR23868017_1.fastq.gz	https://ftp.sra.ebi.ac.uk/vol1/fastq/SRR238/017/SRR23868017/SRR23868017_2.fastq.gz
SRR23873884	PAIRED	https://ftp.sra.ebi.ac.uk/vol1/fastq/SRR238/084/SRR23873884/SRR23873884_1.fastq.gz	https://ftp.sra.ebi.ac.uk/vol1/fastq/SRR238/084/SRR23873884/SRR23873884_2.fastq.gz
SRR23890263	PAIRED	https://ftp.sra.ebi.ac.uk/vol1/fastq/SRR238/063/SRR23890263/SRR23890263_1.fastq.gz	https://ftp.sra.ebi.ac.uk/vol1/fastq/SRR238/063/SRR23890263/SRR23890263_2.fastq.gz
SRR23901960	PAIRED	https://ftp.sra.ebi.ac.uk/vol1/fastq/SRR239/060/SRR23901960/SRR23901960_1.fastq.gz	https://ftp.sra.ebi.ac.uk/vol1/fastq/SRR239/060/SRR23901960/SRR23901960_2.fastq.gz
SRR23919791	PAIRED	https://ftp.sra.ebi.ac.uk/vol1/fastq/SRR239/091/SRR23919791/SRR23919791_1.fastq.gz	https://ftp.sra.ebi.ac.uk/vol1/fastq/SRR239/091/SRR23919791/SRR23919791_2.fastq.gz
SRR23927919	PAIRED	https://ftp.sra.ebi.ac.uk/vol1/fastq/SRR239/019/SRR23927919/SRR23927919_1.fastq.gz	https://ftp.sra.ebi.ac.uk/vol1/fastq/SRR239/019/SRR23927919/SRR23927919_2.fastq.gz
SRR23989464	PAIRED	https://ftp.sra.ebi.ac.uk/vol1/fastq/SRR239/064/SRR23989464/SRR23989464_1.fastq.gz	https://ftp.sra.ebi.ac.uk/vol1/fastq/SRR239/064/SRR23989464/SRR23989464_2.fastq.gz
SRR23989476	PAIRED	https://ftp.sra.ebi.ac.uk/vol1/fastq/SRR239/076/SRR23989476/SRR23989476_1.fastq.gz	https://ftp.sra.ebi.ac.uk/vol1/fastq/SRR239/076/SRR23989476/SRR23989476_2.fastq.gz
SRR24016457	PAIRED	https://ftp.sra.ebi.ac.uk/vol1/fastq/SRR240/057/SRR24016457/SRR24016457_1.fastq.gz	https://ftp.sra.ebi.ac.uk/vol1/fastq/SRR240/057/SRR24016457/SRR24016457_2.fastq.gz
SRR24035482	PAIRED	https://ftp.sra.ebi.ac.uk/vol1/fastq/SRR240/082/SRR24035482/SRR24035482_1.fastq.gz	https://ftp.sra.ebi.ac.uk/vol1/fastq/SRR240/082/SRR24035482/SRR24035482_2.fastq.gz
SRR24043339	PAIRED	https://ftp.sra.ebi.ac.uk/vol1/fastq/SRR240/039/SRR24043339/SRR24043339_1.fastq.gz	https://ftp.sra.ebi.ac.uk/vol1/fastq/SRR240/039/SRR24043339/SRR24043339_2.fastq.gz
SRR24046075	PAIRED	https://ftp.sra.ebi.ac.uk/vol1/fastq/SRR240/075/SRR24046075/SRR24046075_1.fastq.gz	https://ftp.sra.ebi.ac.uk/vol1/fastq/SRR240/075/SRR24046075/SRR24046075_2.fastq.gz
SRR24046087	PAIRED	https://ftp.sra.ebi.ac.uk/vol1/fastq/SRR240/087/SRR24046087/SRR24046087_1.fastq.gz	https://ftp.sra.ebi.ac.uk/vol1/fastq/SRR240/087/SRR24046087/SRR24046087_2.fastq.gz
SRR24046092	PAIRED	https://ftp.sra.ebi.ac.uk/vol1/fastq/SRR240/092/SRR24046092/SRR24046092_1.fastq.gz	https://ftp.sra.ebi.ac.uk/vol1/fastq/SRR240/092/SRR24046092/SRR24046092_2.fastq.gz
SRR24060751	PAIRED	https://ftp.sra.ebi.ac.uk/vol1/fastq/SRR240/051/SRR24060751/SRR24060751_1.fastq.gz	https://ftp.sra.ebi.ac.uk/vol1/fastq/SRR240/051/SRR24060751/SRR24060751_2.fastq.gz
SRR24075702	PAIRED	https://ftp.sra.ebi.ac.uk/vol1/fastq/SRR240/002/SRR24075702/SRR24075702_1.fastq.gz	https://ftp.sra.ebi.ac.uk/vol1/fastq/SRR240/002/SRR24075702/SRR24075702_2.fastq.gz
SRR24075707	PAIRED	https://ftp.sra.ebi.ac.uk/vol1/fastq/SRR240/007/SRR24075707/SRR24075707_1.fastq.gz	https://ftp.sra.ebi.ac.uk/vol1/fastq/SRR240/007/SRR24075707/SRR24075707_2.fastq.gz
SRR24076104	PAIRED	https://ftp.sra.ebi.ac.uk/vol1/fastq/SRR240/004/SRR24076104/SRR24076104_1.fastq.gz	https://ftp.sra.ebi.ac.uk/vol1/fastq/SRR240/004/SRR24076104/SRR24076104_2.fastq.gz
SRR24081821	PAIRED	https://ftp.sra.ebi.ac.uk/vol1/fastq/SRR240/021/SRR24081821/SRR24081821_1.fastq.gz	https://ftp.sra.ebi.ac.uk/vol1/fastq/SRR240/021/SRR24081821/SRR24081821_2.fastq.gz
SRR24083119	PAIRED	https://ftp.sra.ebi.ac.uk/vol1/fastq/SRR240/019/SRR24083119/SRR24083119_1.fastq.gz	https://ftp.sra.ebi.ac.uk/vol1/fastq/SRR240/019/SRR24083119/SRR24083119_2.fastq.gz
SRR24127289	PAIRED	https://ftp.sra.ebi.ac.uk/vol1/fastq/SRR241/089/SRR24127289/SRR24127289_1.fastq.gz	https://ftp.sra.ebi.ac.uk/vol1/fastq/SRR241/089/SRR24127289/SRR24127289_2.fastq.gz
SRR24127516	PAIRED	https://ftp.sra.ebi.ac.uk/vol1/fastq/SRR241/016/SRR24127516/SRR24127516_1.fastq.gz	https://ftp.sra.ebi.ac.uk/vol1/fastq/SRR241/016/SRR24127516/SRR24127516_2.fastq.gz
SRR24127534	PAIRED	https://ftp.sra.ebi.ac.uk/vol1/fastq/SRR241/034/SRR24127534/SRR24127534_1.fastq.gz	https://ftp.sra.ebi.ac.uk/vol1/fastq/SRR241/034/SRR24127534/SRR24127534_2.fastq.gz
SRR24127566	PAIRED	https://ftp.sra.ebi.ac.uk/vol1/fastq/SRR241/066/SRR24127566/SRR24127566_1.fastq.gz	https://ftp.sra.ebi.ac.uk/vol1/fastq/SRR241/066/SRR24127566/SRR24127566_2.fastq.gz
SRR24127591	PAIRED	https://ftp.sra.ebi.ac.uk/vol1/fastq/SRR241/091/SRR24127591/SRR24127591_1.fastq.gz	https://ftp.sra.ebi.ac.uk/vol1/fastq/SRR241/091/SRR24127591/SRR24127591_2.fastq.gz
SRR24127592	PAIRED	https://ftp.sra.ebi.ac.uk/vol1/fastq/SRR241/092/SRR24127592/SRR24127592_1.fastq.gz	https://ftp.sra.ebi.ac.uk/vol1/fastq/SRR241/092/SRR24127592/SRR24127592_2.fastq.gz
SRR24127614	PAIRED	https://ftp.sra.ebi.ac.uk/vol1/fastq/SRR241/014/SRR24127614/SRR24127614_1.fastq.gz	https://ftp.sra.ebi.ac.uk/vol1/fastq/SRR241/014/SRR24127614/SRR24127614_2.fastq.gz
SRR24127776	PAIRED	https://ftp.sra.ebi.ac.uk/vol1/fastq/SRR241/076/SRR24127776/SRR24127776_1.fastq.gz	https://ftp.sra.ebi.ac.uk/vol1/fastq/SRR241/076/SRR24127776/SRR24127776_2.fastq.gz
SRR24127796	PAIRED	https://ftp.sra.ebi.ac.uk/vol1/fastq/SRR241/096/SRR24127796/SRR24127796_1.fastq.gz	https://ftp.sra.ebi.ac.uk/vol1/fastq/SRR241/096/SRR24127796/SRR24127796_2.fastq.gz
SRR24127807	PAIRED	https://ftp.sra.ebi.ac.uk/vol1/fastq/SRR241/007/SRR24127807/SRR24127807_1.fastq.gz	https://ftp.sra.ebi.ac.uk/vol1/fastq/SRR241/007/SRR24127807/SRR24127807_2.fastq.gz
SRR24127833	PAIRED	https://ftp.sra.ebi.ac.uk/vol1/fastq/SRR241/033/SRR24127833/SRR24127833_1.fastq.gz	https://ftp.sra.ebi.ac.uk/vol1/fastq/SRR241/033/SRR24127833/SRR24127833_2.fastq.gz
SRR24127839	PAIRED	https://ftp.sra.ebi.ac.uk/vol1/fastq/SRR241/039/SRR24127839/SRR24127839_1.fastq.gz	https://ftp.sra.ebi.ac.uk/vol1/fastq/SRR241/039/SRR24127839/SRR24127839_2.fastq.gz
SRR24127849	PAIRED	https://ftp.sra.ebi.ac.uk/vol1/fastq/SRR241/049/SRR24127849/SRR24127849_1.fastq.gz	https://ftp.sra.ebi.ac.uk/vol1/fastq/SRR241/049/SRR24127849/SRR24127849_2.fastq.gz
SRR24127855	PAIRED	https://ftp.sra.ebi.ac.uk/vol1/fastq/SRR241/055/SRR24127855/SRR24127855_1.fastq.gz	https://ftp.sra.ebi.ac.uk/vol1/fastq/SRR241/055/SRR24127855/SRR24127855_2.fastq.gz
SRR24127885	PAIRED	https://ftp.sra.ebi.ac.uk/vol1/fastq/SRR241/085/SRR24127885/SRR24127885_1.fastq.gz	https://ftp.sra.ebi.ac.uk/vol1/fastq/SRR241/085/SRR24127885/SRR24127885_2.fastq.gz
SRR24146734	PAIRED	https://ftp.sra.ebi.ac.uk/vol1/fastq/SRR241/034/SRR24146734/SRR24146734_1.fastq.gz	https://ftp.sra.ebi.ac.uk/vol1/fastq/SRR241/034/SRR24146734/SRR24146734_2.fastq.gz
SRR24200517	PAIRED	https://ftp.sra.ebi.ac.uk/vol1/fastq/SRR242/017/SRR24200517/SRR24200517_1.fastq.gz	https://ftp.sra.ebi.ac.uk/vol1/fastq/SRR242/017/SRR24200517/SRR24200517_2.fastq.gz
SRR24204284	PAIRED	https://ftp.sra.ebi.ac.uk/vol1/fastq/SRR242/084/SRR24204284/SRR24204284_1.fastq.gz	https://ftp.sra.ebi.ac.uk/vol1/fastq/SRR242/084/SRR24204284/SRR24204284_2.fastq.gz
SRR24204292	PAIRED	https://ftp.sra.ebi.ac.uk/vol1/fastq/SRR242/092/SRR24204292/SRR24204292_1.fastq.gz	https://ftp.sra.ebi.ac.uk/vol1/fastq/SRR242/092/SRR24204292/SRR24204292_2.fastq.gz
SRR24204317	PAIRED	https://ftp.sra.ebi.ac.uk/vol1/fastq/SRR242/017/SRR24204317/SRR24204317_1.fastq.gz	https://ftp.sra.ebi.ac.uk/vol1/fastq/SRR242/017/SRR24204317/SRR24204317_2.fastq.gz
SRR24204369	PAIRED	https://ftp.sra.ebi.ac.uk/vol1/fastq/SRR242/069/SRR24204369/SRR24204369_1.fastq.gz	https://ftp.sra.ebi.ac.uk/vol1/fastq/SRR242/069/SRR24204369/SRR24204369_2.fastq.gz
SRR24299487	PAIRED	https://ftp.sra.ebi.ac.uk/vol1/fastq/SRR242/087/SRR24299487/SRR24299487_1.fastq.gz	https://ftp.sra.ebi.ac.uk/vol1/fastq/SRR242/087/SRR24299487/SRR24299487_2.fastq.gz
SRR24299714	PAIRED	https://ftp.sra.ebi.ac.uk/vol1/fastq/SRR242/014/SRR24299714/SRR24299714_1.fastq.gz	https://ftp.sra.ebi.ac.uk/vol1/fastq/SRR242/014/SRR24299714/SRR24299714_2.fastq.gz
SRR24326339	PAIRED	https://ftp.sra.ebi.ac.uk/vol1/fastq/SRR243/039/SRR24326339/SRR24326339_1.fastq.gz	https://ftp.sra.ebi.ac.uk/vol1/fastq/SRR243/039/SRR24326339/SRR24326339_2.fastq.gz
SRR24332813	PAIRED	https://ftp.sra.ebi.ac.uk/vol1/fastq/SRR243/013/SRR24332813/SRR24332813_1.fastq.gz	https://ftp.sra.ebi.ac.uk/vol1/fastq/SRR243/013/SRR24332813/SRR24332813_2.fastq.gz
SRR24332835	PAIRED	https://ftp.sra.ebi.ac.uk/vol1/fastq/SRR243/035/SRR24332835/SRR24332835_1.fastq.gz	https://ftp.sra.ebi.ac.uk/vol1/fastq/SRR243/035/SRR24332835/SRR24332835_2.fastq.gz
SRR24337909	PAIRED	https://ftp.sra.ebi.ac.uk/vol1/fastq/SRR243/009/SRR24337909/SRR24337909_1.fastq.gz	https://ftp.sra.ebi.ac.uk/vol1/fastq/SRR243/009/SRR24337909/SRR24337909_2.fastq.gz
SRR24337993	PAIRED	https://ftp.sra.ebi.ac.uk/vol1/fastq/SRR243/093/SRR24337993/SRR24337993_1.fastq.gz	https://ftp.sra.ebi.ac.uk/vol1/fastq/SRR243/093/SRR24337993/SRR24337993_2.fastq.gz
SRR24338195	PAIRED	https://ftp.sra.ebi.ac.uk/vol1/fastq/SRR243/095/SRR24338195/SRR24338195_1.fastq.gz	https://ftp.sra.ebi.ac.uk/vol1/fastq/SRR243/095/SRR24338195/SRR24338195_2.fastq.gz
SRR24338421	PAIRED	https://ftp.sra.ebi.ac.uk/vol1/fastq/SRR243/021/SRR24338421/SRR24338421_1.fastq.gz	https://ftp.sra.ebi.ac.uk/vol1/fastq/SRR243/021/SRR24338421/SRR24338421_2.fastq.gz
SRR24377313	PAIRED	https://ftp.sra.ebi.ac.uk/vol1/fastq/SRR243/013/SRR24377313/SRR24377313_1.fastq.gz	https://ftp.sra.ebi.ac.uk/vol1/fastq/SRR243/013/SRR24377313/SRR24377313_2.fastq.gz
SRR24420771	PAIRED	https://ftp.sra.ebi.ac.uk/vol1/fastq/SRR244/071/SRR24420771/SRR24420771_1.fastq.gz	https://ftp.sra.ebi.ac.uk/vol1/fastq/SRR244/071/SRR24420771/SRR24420771_2.fastq.gz
SRR24437901	PAIRED	https://ftp.sra.ebi.ac.uk/vol1/fastq/SRR244/001/SRR24437901/SRR24437901_1.fastq.gz	https://ftp.sra.ebi.ac.uk/vol1/fastq/SRR244/001/SRR24437901/SRR24437901_2.fastq.gz
SRR24459540	PAIRED	https://ftp.sra.ebi.ac.uk/vol1/fastq/SRR244/040/SRR24459540/SRR24459540_1.fastq.gz	https://ftp.sra.ebi.ac.uk/vol1/fastq/SRR244/040/SRR24459540/SRR24459540_2.fastq.gz
SRR24465908	PAIRED	https://ftp.sra.ebi.ac.uk/vol1/fastq/SRR244/008/SRR24465908/SRR24465908_1.fastq.gz	https://ftp.sra.ebi.ac.uk/vol1/fastq/SRR244/008/SRR24465908/SRR24465908_2.fastq.gz
SRR24465923	PAIRED	https://ftp.sra.ebi.ac.uk/vol1/fastq/SRR244/023/SRR24465923/SRR24465923_1.fastq.gz	https://ftp.sra.ebi.ac.uk/vol1/fastq/SRR244/023/SRR24465923/SRR24465923_2.fastq.gz
SRR24466068	PAIRED	https://ftp.sra.ebi.ac.uk/vol1/fastq/SRR244/068/SRR24466068/SRR24466068_1.fastq.gz	https://ftp.sra.ebi.ac.uk/vol1/fastq/SRR244/068/SRR24466068/SRR24466068_2.fastq.gz
SRR24466099	PAIRED	https://ftp.sra.ebi.ac.uk/vol1/fastq/SRR244/099/SRR24466099/SRR24466099_1.fastq.gz	https://ftp.sra.ebi.ac.uk/vol1/fastq/SRR244/099/SRR24466099/SRR24466099_2.fastq.gz
SRR24466128	PAIRED	https://ftp.sra.ebi.ac.uk/vol1/fastq/SRR244/028/SRR24466128/SRR24466128_1.fastq.gz	https://ftp.sra.ebi.ac.uk/vol1/fastq/SRR244/028/SRR24466128/SRR24466128_2.fastq.gz
SRR24466137	PAIRED	https://ftp.sra.ebi.ac.uk/vol1/fastq/SRR244/037/SRR24466137/SRR24466137_1.fastq.gz	https://ftp.sra.ebi.ac.uk/vol1/fastq/SRR244/037/SRR24466137/SRR24466137_2.fastq.gz
SRR24466142	PAIRED	https://ftp.sra.ebi.ac.uk/vol1/fastq/SRR244/042/SRR24466142/SRR24466142_1.fastq.gz	https://ftp.sra.ebi.ac.uk/vol1/fastq/SRR244/042/SRR24466142/SRR24466142_2.fastq.gz
SRR24466195	PAIRED	https://ftp.sra.ebi.ac.uk/vol1/fastq/SRR244/095/SRR24466195/SRR24466195_1.fastq.gz	https://ftp.sra.ebi.ac.uk/vol1/fastq/SRR244/095/SRR24466195/SRR24466195_2.fastq.gz
SRR24466206	PAIRED	https://ftp.sra.ebi.ac.uk/vol1/fastq/SRR244/006/SRR24466206/SRR24466206_1.fastq.gz	https://ftp.sra.ebi.ac.uk/vol1/fastq/SRR244/006/SRR24466206/SRR24466206_2.fastq.gz
SRR24466221	PAIRED	https://ftp.sra.ebi.ac.uk/vol1/fastq/SRR244/021/SRR24466221/SRR24466221_1.fastq.gz	https://ftp.sra.ebi.ac.uk/vol1/fastq/SRR244/021/SRR24466221/SRR24466221_2.fastq.gz
SRR24474962	PAIRED	https://ftp.sra.ebi.ac.uk/vol1/fastq/SRR244/062/SRR24474962/SRR24474962_1.fastq.gz	https://ftp.sra.ebi.ac.uk/vol1/fastq/SRR244/062/SRR24474962/SRR24474962_2.fastq.gz
SRR24490433	PAIRED	https://ftp.sra.ebi.ac.uk/vol1/fastq/SRR244/033/SRR24490433/SRR24490433_1.fastq.gz	https://ftp.sra.ebi.ac.uk/vol1/fastq/SRR244/033/SRR24490433/SRR24490433_2.fastq.gz
SRR24490655	PAIRED	https://ftp.sra.ebi.ac.uk/vol1/fastq/SRR244/055/SRR24490655/SRR24490655_1.fastq.gz	https://ftp.sra.ebi.ac.uk/vol1/fastq/SRR244/055/SRR24490655/SRR24490655_2.fastq.gz
SRR24660993	PAIRED	https://ftp.sra.ebi.ac.uk/vol1/fastq/SRR246/093/SRR24660993/SRR24660993_1.fastq.gz	https://ftp.sra.ebi.ac.uk/vol1/fastq/SRR246/093/SRR24660993/SRR24660993_2.fastq.gz
SRR24667969	PAIRED	https://ftp.sra.ebi.ac.uk/vol1/fastq/SRR246/069/SRR24667969/SRR24667969_1.fastq.gz	https://ftp.sra.ebi.ac.uk/vol1/fastq/SRR246/069/SRR24667969/SRR24667969_2.fastq.gz
SRR24673234	PAIRED	https://ftp.sra.ebi.ac.uk/vol1/fastq/SRR246/034/SRR24673234/SRR24673234_1.fastq.gz	https://ftp.sra.ebi.ac.uk/vol1/fastq/SRR246/034/SRR24673234/SRR24673234_2.fastq.gz
SRR24673250	PAIRED	https://ftp.sra.ebi.ac.uk/vol1/fastq/SRR246/050/SRR24673250/SRR24673250_1.fastq.gz	https://ftp.sra.ebi.ac.uk/vol1/fastq/SRR246/050/SRR24673250/SRR24673250_2.fastq.gz
SRR24673281	PAIRED	https://ftp.sra.ebi.ac.uk/vol1/fastq/SRR246/081/SRR24673281/SRR24673281_1.fastq.gz	https://ftp.sra.ebi.ac.uk/vol1/fastq/SRR246/081/SRR24673281/SRR24673281_2.fastq.gz
SRR24673314	PAIRED	https://ftp.sra.ebi.ac.uk/vol1/fastq/SRR246/014/SRR24673314/SRR24673314_1.fastq.gz	https://ftp.sra.ebi.ac.uk/vol1/fastq/SRR246/014/SRR24673314/SRR24673314_2.fastq.gz
SRR24673318	PAIRED	https://ftp.sra.ebi.ac.uk/vol1/fastq/SRR246/018/SRR24673318/SRR24673318_1.fastq.gz	https://ftp.sra.ebi.ac.uk/vol1/fastq/SRR246/018/SRR24673318/SRR24673318_2.fastq.gz
SRR24749087	PAIRED	https://ftp.sra.ebi.ac.uk/vol1/fastq/SRR247/087/SRR24749087/SRR24749087_1.fastq.gz	https://ftp.sra.ebi.ac.uk/vol1/fastq/SRR247/087/SRR24749087/SRR24749087_2.fastq.gz
SRR24768598	PAIRED	https://ftp.sra.ebi.ac.uk/vol1/fastq/SRR247/098/SRR24768598/SRR24768598_1.fastq.gz	https://ftp.sra.ebi.ac.uk/vol1/fastq/SRR247/098/SRR24768598/SRR24768598_2.fastq.gz
SRR24799375	PAIRED	https://ftp.sra.ebi.ac.uk/vol1/fastq/SRR247/075/SRR24799375/SRR24799375_1.fastq.gz	https://ftp.sra.ebi.ac.uk/vol1/fastq/SRR247/075/SRR24799375/SRR24799375_2.fastq.gz
SRR24799394	PAIRED	https://ftp.sra.ebi.ac.uk/vol1/fastq/SRR247/094/SRR24799394/SRR24799394_1.fastq.gz	https://ftp.sra.ebi.ac.uk/vol1/fastq/SRR247/094/SRR24799394/SRR24799394_2.fastq.gz
SRR24799405	PAIRED	https://ftp.sra.ebi.ac.uk/vol1/fastq/SRR247/005/SRR24799405/SRR24799405_1.fastq.gz	https://ftp.sra.ebi.ac.uk/vol1/fastq/SRR247/005/SRR24799405/SRR24799405_2.fastq.gz
SRR24799417	PAIRED	https://ftp.sra.ebi.ac.uk/vol1/fastq/SRR247/017/SRR24799417/SRR24799417_1.fastq.gz	https://ftp.sra.ebi.ac.uk/vol1/fastq/SRR247/017/SRR24799417/SRR24799417_2.fastq.gz
SRR24799435	PAIRED	https://ftp.sra.ebi.ac.uk/vol1/fastq/SRR247/035/SRR24799435/SRR24799435_1.fastq.gz	https://ftp.sra.ebi.ac.uk/vol1/fastq/SRR247/035/SRR24799435/SRR24799435_2.fastq.gz
SRR24799445	PAIRED	https://ftp.sra.ebi.ac.uk/vol1/fastq/SRR247/045/SRR24799445/SRR24799445_1.fastq.gz	https://ftp.sra.ebi.ac.uk/vol1/fastq/SRR247/045/SRR24799445/SRR24799445_2.fastq.gz
SRR24799451	PAIRED	https://ftp.sra.ebi.ac.uk/vol1/fastq/SRR247/051/SRR24799451/SRR24799451_1.fastq.gz	https://ftp.sra.ebi.ac.uk/vol1/fastq/SRR247/051/SRR24799451/SRR24799451_2.fastq.gz
SRR24799461	PAIRED	https://ftp.sra.ebi.ac.uk/vol1/fastq/SRR247/061/SRR24799461/SRR24799461_1.fastq.gz	https://ftp.sra.ebi.ac.uk/vol1/fastq/SRR247/061/SRR24799461/SRR24799461_2.fastq.gz
SRR24848360	PAIRED	https://ftp.sra.ebi.ac.uk/vol1/fastq/SRR248/060/SRR24848360/SRR24848360_1.fastq.gz	https://ftp.sra.ebi.ac.uk/vol1/fastq/SRR248/060/SRR24848360/SRR24848360_2.fastq.gz
SRR24848380	PAIRED	https://ftp.sra.ebi.ac.uk/vol1/fastq/SRR248/080/SRR24848380/SRR24848380_1.fastq.gz	https://ftp.sra.ebi.ac.uk/vol1/fastq/SRR248/080/SRR24848380/SRR24848380_2.fastq.gz
SRR24848391	PAIRED	https://ftp.sra.ebi.ac.uk/vol1/fastq/SRR248/091/SRR24848391/SRR24848391_1.fastq.gz	https://ftp.sra.ebi.ac.uk/vol1/fastq/SRR248/091/SRR24848391/SRR24848391_2.fastq.gz
SRR24951901	PAIRED	https://ftp.sra.ebi.ac.uk/vol1/fastq/SRR249/001/SRR24951901/SRR24951901_1.fastq.gz	https://ftp.sra.ebi.ac.uk/vol1/fastq/SRR249/001/SRR24951901/SRR24951901_2.fastq.gz
SRR24951910	PAIRED	https://ftp.sra.ebi.ac.uk/vol1/fastq/SRR249/010/SRR24951910/SRR24951910_1.fastq.gz	https://ftp.sra.ebi.ac.uk/vol1/fastq/SRR249/010/SRR24951910/SRR24951910_2.fastq.gz
SRR24973986	PAIRED	https://ftp.sra.ebi.ac.uk/vol1/fastq/SRR249/086/SRR24973986/SRR24973986_1.fastq.gz	https://ftp.sra.ebi.ac.uk/vol1/fastq/SRR249/086/SRR24973986/SRR24973986_2.fastq.gz
SRR24973992	PAIRED	https://ftp.sra.ebi.ac.uk/vol1/fastq/SRR249/092/SRR24973992/SRR24973992_1.fastq.gz	https://ftp.sra.ebi.ac.uk/vol1/fastq/SRR249/092/SRR24973992/SRR24973992_2.fastq.gz
SRR24994401	PAIRED	https://ftp.sra.ebi.ac.uk/vol1/fastq/SRR249/001/SRR24994401/SRR24994401_1.fastq.gz	https://ftp.sra.ebi.ac.uk/vol1/fastq/SRR249/001/SRR24994401/SRR24994401_2.fastq.gz
SRR24999010	PAIRED	https://ftp.sra.ebi.ac.uk/vol1/fastq/SRR249/010/SRR24999010/SRR24999010_1.fastq.gz	https://ftp.sra.ebi.ac.uk/vol1/fastq/SRR249/010/SRR24999010/SRR24999010_2.fastq.gz
SRR24999013	PAIRED	https://ftp.sra.ebi.ac.uk/vol1/fastq/SRR249/013/SRR24999013/SRR24999013_1.fastq.gz	https://ftp.sra.ebi.ac.uk/vol1/fastq/SRR249/013/SRR24999013/SRR24999013_2.fastq.gz
SRR25028185	PAIRED	https://ftp.sra.ebi.ac.uk/vol1/fastq/SRR250/085/SRR25028185/SRR25028185_1.fastq.gz	https://ftp.sra.ebi.ac.uk/vol1/fastq/SRR250/085/SRR25028185/SRR25028185_2.fastq.gz
SRR25030790	PAIRED	https://ftp.sra.ebi.ac.uk/vol1/fastq/SRR250/090/SRR25030790/SRR25030790_1.fastq.gz	https://ftp.sra.ebi.ac.uk/vol1/fastq/SRR250/090/SRR25030790/SRR25030790_2.fastq.gz
SRR25030835	PAIRED	https://ftp.sra.ebi.ac.uk/vol1/fastq/SRR250/035/SRR25030835/SRR25030835_1.fastq.gz	https://ftp.sra.ebi.ac.uk/vol1/fastq/SRR250/035/SRR25030835/SRR25030835_2.fastq.gz
SRR25030840	PAIRED	https://ftp.sra.ebi.ac.uk/vol1/fastq/SRR250/040/SRR25030840/SRR25030840_1.fastq.gz	https://ftp.sra.ebi.ac.uk/vol1/fastq/SRR250/040/SRR25030840/SRR25030840_2.fastq.gz
SRR25030844	PAIRED	https://ftp.sra.ebi.ac.uk/vol1/fastq/SRR250/044/SRR25030844/SRR25030844_1.fastq.gz	https://ftp.sra.ebi.ac.uk/vol1/fastq/SRR250/044/SRR25030844/SRR25030844_2.fastq.gz
SRR25030851	PAIRED	https://ftp.sra.ebi.ac.uk/vol1/fastq/SRR250/051/SRR25030851/SRR25030851_1.fastq.gz	https://ftp.sra.ebi.ac.uk/vol1/fastq/SRR250/051/SRR25030851/SRR25030851_2.fastq.gz
SRR25030859	PAIRED	https://ftp.sra.ebi.ac.uk/vol1/fastq/SRR250/059/SRR25030859/SRR25030859_1.fastq.gz	https://ftp.sra.ebi.ac.uk/vol1/fastq/SRR250/059/SRR25030859/SRR25030859_2.fastq.gz
SRR25145652	PAIRED	https://ftp.sra.ebi.ac.uk/vol1/fastq/SRR251/052/SRR25145652/SRR25145652_1.fastq.gz	https://ftp.sra.ebi.ac.uk/vol1/fastq/SRR251/052/SRR25145652/SRR25145652_2.fastq.gz
SRR25146547	PAIRED	https://ftp.sra.ebi.ac.uk/vol1/fastq/SRR251/047/SRR25146547/SRR25146547_1.fastq.gz	https://ftp.sra.ebi.ac.uk/vol1/fastq/SRR251/047/SRR25146547/SRR25146547_2.fastq.gz
SRR25146550	PAIRED	https://ftp.sra.ebi.ac.uk/vol1/fastq/SRR251/050/SRR25146550/SRR25146550_1.fastq.gz	https://ftp.sra.ebi.ac.uk/vol1/fastq/SRR251/050/SRR25146550/SRR25146550_2.fastq.gz
SRR25161732	PAIRED	https://ftp.sra.ebi.ac.uk/vol1/fastq/SRR251/032/SRR25161732/SRR25161732_1.fastq.gz	https://ftp.sra.ebi.ac.uk/vol1/fastq/SRR251/032/SRR25161732/SRR25161732_2.fastq.gz
SRR25176831	PAIRED	https://ftp.sra.ebi.ac.uk/vol1/fastq/SRR251/031/SRR25176831/SRR25176831_1.fastq.gz	https://ftp.sra.ebi.ac.uk/vol1/fastq/SRR251/031/SRR25176831/SRR25176831_2.fastq.gz
SRR25176837	PAIRED	https://ftp.sra.ebi.ac.uk/vol1/fastq/SRR251/037/SRR25176837/SRR25176837_1.fastq.gz	https://ftp.sra.ebi.ac.uk/vol1/fastq/SRR251/037/SRR25176837/SRR25176837_2.fastq.gz
SRR25176839	PAIRED	https://ftp.sra.ebi.ac.uk/vol1/fastq/SRR251/039/SRR25176839/SRR25176839_1.fastq.gz	https://ftp.sra.ebi.ac.uk/vol1/fastq/SRR251/039/SRR25176839/SRR25176839_2.fastq.gz
SRR25176845	PAIRED	https://ftp.sra.ebi.ac.uk/vol1/fastq/SRR251/045/SRR25176845/SRR25176845_1.fastq.gz	https://ftp.sra.ebi.ac.uk/vol1/fastq/SRR251/045/SRR25176845/SRR25176845_2.fastq.gz
SRR25186279	PAIRED	https://ftp.sra.ebi.ac.uk/vol1/fastq/SRR251/079/SRR25186279/SRR25186279_1.fastq.gz	https://ftp.sra.ebi.ac.uk/vol1/fastq/SRR251/079/SRR25186279/SRR25186279_2.fastq.gz
SRR25223450	PAIRED	https://ftp.sra.ebi.ac.uk/vol1/fastq/SRR252/050/SRR25223450/SRR25223450_1.fastq.gz	https://ftp.sra.ebi.ac.uk/vol1/fastq/SRR252/050/SRR25223450/SRR25223450_2.fastq.gz
SRR25259645	PAIRED	https://ftp.sra.ebi.ac.uk/vol1/fastq/SRR252/045/SRR25259645/SRR25259645_1.fastq.gz	https://ftp.sra.ebi.ac.uk/vol1/fastq/SRR252/045/SRR25259645/SRR25259645_2.fastq.gz
SRR25288068	PAIRED	https://ftp.sra.ebi.ac.uk/vol1/fastq/SRR252/068/SRR25288068/SRR25288068_1.fastq.gz	https://ftp.sra.ebi.ac.uk/vol1/fastq/SRR252/068/SRR25288068/SRR25288068_2.fastq.gz
SRR25321743	PAIRED	https://ftp.sra.ebi.ac.uk/vol1/fastq/SRR253/043/SRR25321743/SRR25321743_1.fastq.gz	https://ftp.sra.ebi.ac.uk/vol1/fastq/SRR253/043/SRR25321743/SRR25321743_2.fastq.gz
SRR25337776	PAIRED	https://ftp.sra.ebi.ac.uk/vol1/fastq/SRR253/076/SRR25337776/SRR25337776_1.fastq.gz	https://ftp.sra.ebi.ac.uk/vol1/fastq/SRR253/076/SRR25337776/SRR25337776_2.fastq.gz
SRR25337806	PAIRED	https://ftp.sra.ebi.ac.uk/vol1/fastq/SRR253/006/SRR25337806/SRR25337806_1.fastq.gz	https://ftp.sra.ebi.ac.uk/vol1/fastq/SRR253/006/SRR25337806/SRR25337806_2.fastq.gz
SRR25337813	PAIRED	https://ftp.sra.ebi.ac.uk/vol1/fastq/SRR253/013/SRR25337813/SRR25337813_1.fastq.gz	https://ftp.sra.ebi.ac.uk/vol1/fastq/SRR253/013/SRR25337813/SRR25337813_2.fastq.gz
SRR25382876	PAIRED	https://ftp.sra.ebi.ac.uk/vol1/fastq/SRR253/076/SRR25382876/SRR25382876_1.fastq.gz	https://ftp.sra.ebi.ac.uk/vol1/fastq/SRR253/076/SRR25382876/SRR25382876_2.fastq.gz
SRR25388596	PAIRED	https://ftp.sra.ebi.ac.uk/vol1/fastq/SRR253/096/SRR25388596/SRR25388596_1.fastq.gz	https://ftp.sra.ebi.ac.uk/vol1/fastq/SRR253/096/SRR25388596/SRR25388596_2.fastq.gz
SRR25390770	PAIRED	https://ftp.sra.ebi.ac.uk/vol1/fastq/SRR253/070/SRR25390770/SRR25390770_1.fastq.gz	https://ftp.sra.ebi.ac.uk/vol1/fastq/SRR253/070/SRR25390770/SRR25390770_2.fastq.gz
SRR25391621	PAIRED	https://ftp.sra.ebi.ac.uk/vol1/fastq/SRR253/021/SRR25391621/SRR25391621_1.fastq.gz	https://ftp.sra.ebi.ac.uk/vol1/fastq/SRR253/021/SRR25391621/SRR25391621_2.fastq.gz
SRR25391632	PAIRED	https://ftp.sra.ebi.ac.uk/vol1/fastq/SRR253/032/SRR25391632/SRR25391632_1.fastq.gz	https://ftp.sra.ebi.ac.uk/vol1/fastq/SRR253/032/SRR25391632/SRR25391632_2.fastq.gz
SRR25391678	PAIRED	https://ftp.sra.ebi.ac.uk/vol1/fastq/SRR253/078/SRR25391678/SRR25391678_1.fastq.gz	https://ftp.sra.ebi.ac.uk/vol1/fastq/SRR253/078/SRR25391678/SRR25391678_2.fastq.gz
SRR25391701	PAIRED	https://ftp.sra.ebi.ac.uk/vol1/fastq/SRR253/001/SRR25391701/SRR25391701_1.fastq.gz	https://ftp.sra.ebi.ac.uk/vol1/fastq/SRR253/001/SRR25391701/SRR25391701_2.fastq.gz
SRR25391707	PAIRED	https://ftp.sra.ebi.ac.uk/vol1/fastq/SRR253/007/SRR25391707/SRR25391707_1.fastq.gz	https://ftp.sra.ebi.ac.uk/vol1/fastq/SRR253/007/SRR25391707/SRR25391707_2.fastq.gz
SRR25391719	PAIRED	https://ftp.sra.ebi.ac.uk/vol1/fastq/SRR253/019/SRR25391719/SRR25391719_1.fastq.gz	https://ftp.sra.ebi.ac.uk/vol1/fastq/SRR253/019/SRR25391719/SRR25391719_2.fastq.gz
SRR25393429	PAIRED	https://ftp.sra.ebi.ac.uk/vol1/fastq/SRR253/029/SRR25393429/SRR25393429_1.fastq.gz	https://ftp.sra.ebi.ac.uk/vol1/fastq/SRR253/029/SRR25393429/SRR25393429_2.fastq.gz
SRR25393431	PAIRED	https://ftp.sra.ebi.ac.uk/vol1/fastq/SRR253/031/SRR25393431/SRR25393431_1.fastq.gz	https://ftp.sra.ebi.ac.uk/vol1/fastq/SRR253/031/SRR25393431/SRR25393431_2.fastq.gz
SRR25393447	PAIRED	https://ftp.sra.ebi.ac.uk/vol1/fastq/SRR253/047/SRR25393447/SRR25393447_1.fastq.gz	https://ftp.sra.ebi.ac.uk/vol1/fastq/SRR253/047/SRR25393447/SRR25393447_2.fastq.gz
SRR25393468	PAIRED	https://ftp.sra.ebi.ac.uk/vol1/fastq/SRR253/068/SRR25393468/SRR25393468_1.fastq.gz	https://ftp.sra.ebi.ac.uk/vol1/fastq/SRR253/068/SRR25393468/SRR25393468_2.fastq.gz
SRR25393474	PAIRED	https://ftp.sra.ebi.ac.uk/vol1/fastq/SRR253/074/SRR25393474/SRR25393474_1.fastq.gz	https://ftp.sra.ebi.ac.uk/vol1/fastq/SRR253/074/SRR25393474/SRR25393474_2.fastq.gz
SRR25393477	PAIRED	https://ftp.sra.ebi.ac.uk/vol1/fastq/SRR253/077/SRR25393477/SRR25393477_1.fastq.gz	https://ftp.sra.ebi.ac.uk/vol1/fastq/SRR253/077/SRR25393477/SRR25393477_2.fastq.gz
SRR25393478	PAIRED	https://ftp.sra.ebi.ac.uk/vol1/fastq/SRR253/078/SRR25393478/SRR25393478_1.fastq.gz	https://ftp.sra.ebi.ac.uk/vol1/fastq/SRR253/078/SRR25393478/SRR25393478_2.fastq.gz
SRR25393479	PAIRED	https://ftp.sra.ebi.ac.uk/vol1/fastq/SRR253/079/SRR25393479/SRR25393479_1.fastq.gz	https://ftp.sra.ebi.ac.uk/vol1/fastq/SRR253/079/SRR25393479/SRR25393479_2.fastq.gz
SRR25393489	PAIRED	https://ftp.sra.ebi.ac.uk/vol1/fastq/SRR253/089/SRR25393489/SRR25393489_1.fastq.gz	https://ftp.sra.ebi.ac.uk/vol1/fastq/SRR253/089/SRR25393489/SRR25393489_2.fastq.gz
SRR25399657	PAIRED	https://ftp.sra.ebi.ac.uk/vol1/fastq/SRR253/057/SRR25399657/SRR25399657_1.fastq.gz	https://ftp.sra.ebi.ac.uk/vol1/fastq/SRR253/057/SRR25399657/SRR25399657_2.fastq.gz
SRR25434773	PAIRED	https://ftp.sra.ebi.ac.uk/vol1/fastq/SRR254/073/SRR25434773/SRR25434773_1.fastq.gz	https://ftp.sra.ebi.ac.uk/vol1/fastq/SRR254/073/SRR25434773/SRR25434773_2.fastq.gz
SRR25437917	PAIRED	https://ftp.sra.ebi.ac.uk/vol1/fastq/SRR254/017/SRR25437917/SRR25437917_1.fastq.gz	https://ftp.sra.ebi.ac.uk/vol1/fastq/SRR254/017/SRR25437917/SRR25437917_2.fastq.gz
SRR25473688	PAIRED	https://ftp.sra.ebi.ac.uk/vol1/fastq/SRR254/088/SRR25473688/SRR25473688_1.fastq.gz	https://ftp.sra.ebi.ac.uk/vol1/fastq/SRR254/088/SRR25473688/SRR25473688_2.fastq.gz
SRR25473697	PAIRED	https://ftp.sra.ebi.ac.uk/vol1/fastq/SRR254/097/SRR25473697/SRR25473697_1.fastq.gz	https://ftp.sra.ebi.ac.uk/vol1/fastq/SRR254/097/SRR25473697/SRR25473697_2.fastq.gz
SRR25508348	PAIRED	https://ftp.sra.ebi.ac.uk/vol1/fastq/SRR255/048/SRR25508348/SRR25508348_1.fastq.gz	https://ftp.sra.ebi.ac.uk/vol1/fastq/SRR255/048/SRR25508348/SRR25508348_2.fastq.gz
SRR25565296	PAIRED	https://ftp.sra.ebi.ac.uk/vol1/fastq/SRR255/096/SRR25565296/SRR25565296_1.fastq.gz	https://ftp.sra.ebi.ac.uk/vol1/fastq/SRR255/096/SRR25565296/SRR25565296_2.fastq.gz
SRR25565301	PAIRED	https://ftp.sra.ebi.ac.uk/vol1/fastq/SRR255/001/SRR25565301/SRR25565301_1.fastq.gz	https://ftp.sra.ebi.ac.uk/vol1/fastq/SRR255/001/SRR25565301/SRR25565301_2.fastq.gz
SRR25565302	PAIRED	https://ftp.sra.ebi.ac.uk/vol1/fastq/SRR255/002/SRR25565302/SRR25565302_1.fastq.gz	https://ftp.sra.ebi.ac.uk/vol1/fastq/SRR255/002/SRR25565302/SRR25565302_2.fastq.gz
SRR25569093	PAIRED	https://ftp.sra.ebi.ac.uk/vol1/fastq/SRR255/093/SRR25569093/SRR25569093_1.fastq.gz	https://ftp.sra.ebi.ac.uk/vol1/fastq/SRR255/093/SRR25569093/SRR25569093_2.fastq.gz
SRR25582015	PAIRED	https://ftp.sra.ebi.ac.uk/vol1/fastq/SRR255/015/SRR25582015/SRR25582015_1.fastq.gz	https://ftp.sra.ebi.ac.uk/vol1/fastq/SRR255/015/SRR25582015/SRR25582015_2.fastq.gz
SRR25627860	PAIRED	https://ftp.sra.ebi.ac.uk/vol1/fastq/SRR256/060/SRR25627860/SRR25627860_1.fastq.gz	https://ftp.sra.ebi.ac.uk/vol1/fastq/SRR256/060/SRR25627860/SRR25627860_2.fastq.gz
SRR25756486	PAIRED	https://ftp.sra.ebi.ac.uk/vol1/fastq/SRR257/086/SRR25756486/SRR25756486_1.fastq.gz	https://ftp.sra.ebi.ac.uk/vol1/fastq/SRR257/086/SRR25756486/SRR25756486_2.fastq.gz
SRR25758665	PAIRED	https://ftp.sra.ebi.ac.uk/vol1/fastq/SRR257/065/SRR25758665/SRR25758665_1.fastq.gz	https://ftp.sra.ebi.ac.uk/vol1/fastq/SRR257/065/SRR25758665/SRR25758665_2.fastq.gz
SRR25758675	PAIRED	https://ftp.sra.ebi.ac.uk/vol1/fastq/SRR257/075/SRR25758675/SRR25758675_1.fastq.gz	https://ftp.sra.ebi.ac.uk/vol1/fastq/SRR257/075/SRR25758675/SRR25758675_2.fastq.gz
SRR25759568	PAIRED	https://ftp.sra.ebi.ac.uk/vol1/fastq/SRR257/068/SRR25759568/SRR25759568_1.fastq.gz	https://ftp.sra.ebi.ac.uk/vol1/fastq/SRR257/068/SRR25759568/SRR25759568_2.fastq.gz
SRR25759570	PAIRED	https://ftp.sra.ebi.ac.uk/vol1/fastq/SRR257/070/SRR25759570/SRR25759570_1.fastq.gz	https://ftp.sra.ebi.ac.uk/vol1/fastq/SRR257/070/SRR25759570/SRR25759570_2.fastq.gz
SRR25828943	PAIRED	https://ftp.sra.ebi.ac.uk/vol1/fastq/SRR258/043/SRR25828943/SRR25828943_1.fastq.gz	https://ftp.sra.ebi.ac.uk/vol1/fastq/SRR258/043/SRR25828943/SRR25828943_2.fastq.gz
SRR25837769	PAIRED	https://ftp.sra.ebi.ac.uk/vol1/fastq/SRR258/069/SRR25837769/SRR25837769_1.fastq.gz	https://ftp.sra.ebi.ac.uk/vol1/fastq/SRR258/069/SRR25837769/SRR25837769_2.fastq.gz
SRR25917616	PAIRED	https://ftp.sra.ebi.ac.uk/vol1/fastq/SRR259/016/SRR25917616/SRR25917616_1.fastq.gz	https://ftp.sra.ebi.ac.uk/vol1/fastq/SRR259/016/SRR25917616/SRR25917616_2.fastq.gz
SRR25931805	PAIRED	https://ftp.sra.ebi.ac.uk/vol1/fastq/SRR259/005/SRR25931805/SRR25931805_1.fastq.gz	https://ftp.sra.ebi.ac.uk/vol1/fastq/SRR259/005/SRR25931805/SRR25931805_2.fastq.gz
SRR25931819	PAIRED	https://ftp.sra.ebi.ac.uk/vol1/fastq/SRR259/019/SRR25931819/SRR25931819_1.fastq.gz	https://ftp.sra.ebi.ac.uk/vol1/fastq/SRR259/019/SRR25931819/SRR25931819_2.fastq.gz
SRR25931856	PAIRED	https://ftp.sra.ebi.ac.uk/vol1/fastq/SRR259/056/SRR25931856/SRR25931856_1.fastq.gz	https://ftp.sra.ebi.ac.uk/vol1/fastq/SRR259/056/SRR25931856/SRR25931856_2.fastq.gz
SRR25931868	PAIRED	https://ftp.sra.ebi.ac.uk/vol1/fastq/SRR259/068/SRR25931868/SRR25931868_1.fastq.gz	https://ftp.sra.ebi.ac.uk/vol1/fastq/SRR259/068/SRR25931868/SRR25931868_2.fastq.gz
SRR25931908	PAIRED	https://ftp.sra.ebi.ac.uk/vol1/fastq/SRR259/008/SRR25931908/SRR25931908_1.fastq.gz	https://ftp.sra.ebi.ac.uk/vol1/fastq/SRR259/008/SRR25931908/SRR25931908_2.fastq.gz
SRR25931927	PAIRED	https://ftp.sra.ebi.ac.uk/vol1/fastq/SRR259/027/SRR25931927/SRR25931927_1.fastq.gz	https://ftp.sra.ebi.ac.uk/vol1/fastq/SRR259/027/SRR25931927/SRR25931927_2.fastq.gz
SRR25931941	PAIRED	https://ftp.sra.ebi.ac.uk/vol1/fastq/SRR259/041/SRR25931941/SRR25931941_1.fastq.gz	https://ftp.sra.ebi.ac.uk/vol1/fastq/SRR259/041/SRR25931941/SRR25931941_2.fastq.gz
SRR25931952	PAIRED	https://ftp.sra.ebi.ac.uk/vol1/fastq/SRR259/052/SRR25931952/SRR25931952_1.fastq.gz	https://ftp.sra.ebi.ac.uk/vol1/fastq/SRR259/052/SRR25931952/SRR25931952_2.fastq.gz
SRR25932024	PAIRED	https://ftp.sra.ebi.ac.uk/vol1/fastq/SRR259/024/SRR25932024/SRR25932024_1.fastq.gz	https://ftp.sra.ebi.ac.uk/vol1/fastq/SRR259/024/SRR25932024/SRR25932024_2.fastq.gz
SRR25932083	PAIRED	https://ftp.sra.ebi.ac.uk/vol1/fastq/SRR259/083/SRR25932083/SRR25932083_1.fastq.gz	https://ftp.sra.ebi.ac.uk/vol1/fastq/SRR259/083/SRR25932083/SRR25932083_2.fastq.gz
SRR25940350	PAIRED	https://ftp.sra.ebi.ac.uk/vol1/fastq/SRR259/050/SRR25940350/SRR25940350_1.fastq.gz	https://ftp.sra.ebi.ac.uk/vol1/fastq/SRR259/050/SRR25940350/SRR25940350_2.fastq.gz
SRR26050704	PAIRED	https://ftp.sra.ebi.ac.uk/vol1/fastq/SRR260/004/SRR26050704/SRR26050704_1.fastq.gz	https://ftp.sra.ebi.ac.uk/vol1/fastq/SRR260/004/SRR26050704/SRR26050704_2.fastq.gz
SRR26090790	PAIRED	https://ftp.sra.ebi.ac.uk/vol1/fastq/SRR260/090/SRR26090790/SRR26090790_1.fastq.gz	https://ftp.sra.ebi.ac.uk/vol1/fastq/SRR260/090/SRR26090790/SRR26090790_2.fastq.gz
SRR26141170	PAIRED	https://ftp.sra.ebi.ac.uk/vol1/fastq/SRR261/070/SRR26141170/SRR26141170_1.fastq.gz	https://ftp.sra.ebi.ac.uk/vol1/fastq/SRR261/070/SRR26141170/SRR26141170_2.fastq.gz
SRR26150975	PAIRED	https://ftp.sra.ebi.ac.uk/vol1/fastq/SRR261/075/SRR26150975/SRR26150975_1.fastq.gz	https://ftp.sra.ebi.ac.uk/vol1/fastq/SRR261/075/SRR26150975/SRR26150975_2.fastq.gz
SRR26151503	PAIRED	https://ftp.sra.ebi.ac.uk/vol1/fastq/SRR261/003/SRR26151503/SRR26151503_1.fastq.gz	https://ftp.sra.ebi.ac.uk/vol1/fastq/SRR261/003/SRR26151503/SRR26151503_2.fastq.gz
SRR26176537	PAIRED	https://ftp.sra.ebi.ac.uk/vol1/fastq/SRR261/037/SRR26176537/SRR26176537_1.fastq.gz	https://ftp.sra.ebi.ac.uk/vol1/fastq/SRR261/037/SRR26176537/SRR26176537_2.fastq.gz
SRR26196505	PAIRED	https://ftp.sra.ebi.ac.uk/vol1/fastq/SRR261/005/SRR26196505/SRR26196505_1.fastq.gz	https://ftp.sra.ebi.ac.uk/vol1/fastq/SRR261/005/SRR26196505/SRR26196505_2.fastq.gz
SRR26208930	PAIRED	https://ftp.sra.ebi.ac.uk/vol1/fastq/SRR262/030/SRR26208930/SRR26208930_1.fastq.gz	https://ftp.sra.ebi.ac.uk/vol1/fastq/SRR262/030/SRR26208930/SRR26208930_2.fastq.gz
SRR26221880	PAIRED	https://ftp.sra.ebi.ac.uk/vol1/fastq/SRR262/080/SRR26221880/SRR26221880_1.fastq.gz	https://ftp.sra.ebi.ac.uk/vol1/fastq/SRR262/080/SRR26221880/SRR26221880_2.fastq.gz
SRR26221887	PAIRED	https://ftp.sra.ebi.ac.uk/vol1/fastq/SRR262/087/SRR26221887/SRR26221887_1.fastq.gz	https://ftp.sra.ebi.ac.uk/vol1/fastq/SRR262/087/SRR26221887/SRR26221887_2.fastq.gz
SRR26281837	PAIRED	https://ftp.sra.ebi.ac.uk/vol1/fastq/SRR262/037/SRR26281837/SRR26281837_1.fastq.gz	https://ftp.sra.ebi.ac.uk/vol1/fastq/SRR262/037/SRR26281837/SRR26281837_2.fastq.gz
SRR26291034	PAIRED	https://ftp.sra.ebi.ac.uk/vol1/fastq/SRR262/034/SRR26291034/SRR26291034_1.fastq.gz	https://ftp.sra.ebi.ac.uk/vol1/fastq/SRR262/034/SRR26291034/SRR26291034_2.fastq.gz
SRR26291039	PAIRED	https://ftp.sra.ebi.ac.uk/vol1/fastq/SRR262/039/SRR26291039/SRR26291039_1.fastq.gz	https://ftp.sra.ebi.ac.uk/vol1/fastq/SRR262/039/SRR26291039/SRR26291039_2.fastq.gz
SRR26291072	PAIRED	https://ftp.sra.ebi.ac.uk/vol1/fastq/SRR262/072/SRR26291072/SRR26291072_1.fastq.gz	https://ftp.sra.ebi.ac.uk/vol1/fastq/SRR262/072/SRR26291072/SRR26291072_2.fastq.gz
SRR26291074	PAIRED	https://ftp.sra.ebi.ac.uk/vol1/fastq/SRR262/074/SRR26291074/SRR26291074_1.fastq.gz	https://ftp.sra.ebi.ac.uk/vol1/fastq/SRR262/074/SRR26291074/SRR26291074_2.fastq.gz
SRR26324304	PAIRED	https://ftp.sra.ebi.ac.uk/vol1/fastq/SRR263/004/SRR26324304/SRR26324304_1.fastq.gz	https://ftp.sra.ebi.ac.uk/vol1/fastq/SRR263/004/SRR26324304/SRR26324304_2.fastq.gz
SRR26324308	PAIRED	https://ftp.sra.ebi.ac.uk/vol1/fastq/SRR263/008/SRR26324308/SRR26324308_1.fastq.gz	https://ftp.sra.ebi.ac.uk/vol1/fastq/SRR263/008/SRR26324308/SRR26324308_2.fastq.gz
SRR26324324	PAIRED	https://ftp.sra.ebi.ac.uk/vol1/fastq/SRR263/024/SRR26324324/SRR26324324_1.fastq.gz	https://ftp.sra.ebi.ac.uk/vol1/fastq/SRR263/024/SRR26324324/SRR26324324_2.fastq.gz
SRR26324339	PAIRED	https://ftp.sra.ebi.ac.uk/vol1/fastq/SRR263/039/SRR26324339/SRR26324339_1.fastq.gz	https://ftp.sra.ebi.ac.uk/vol1/fastq/SRR263/039/SRR26324339/SRR26324339_2.fastq.gz
SRR26324353	PAIRED	https://ftp.sra.ebi.ac.uk/vol1/fastq/SRR263/053/SRR26324353/SRR26324353_1.fastq.gz	https://ftp.sra.ebi.ac.uk/vol1/fastq/SRR263/053/SRR26324353/SRR26324353_2.fastq.gz
SRR26337005	PAIRED	https://ftp.sra.ebi.ac.uk/vol1/fastq/SRR263/005/SRR26337005/SRR26337005_1.fastq.gz	https://ftp.sra.ebi.ac.uk/vol1/fastq/SRR263/005/SRR26337005/SRR26337005_2.fastq.gz
SRR26338079	PAIRED	https://ftp.sra.ebi.ac.uk/vol1/fastq/SRR263/079/SRR26338079/SRR26338079_1.fastq.gz	https://ftp.sra.ebi.ac.uk/vol1/fastq/SRR263/079/SRR26338079/SRR26338079_2.fastq.gz
SRR26339403	PAIRED	https://ftp.sra.ebi.ac.uk/vol1/fastq/SRR263/003/SRR26339403/SRR26339403_1.fastq.gz	https://ftp.sra.ebi.ac.uk/vol1/fastq/SRR263/003/SRR26339403/SRR26339403_2.fastq.gz
SRR26342638	PAIRED	https://ftp.sra.ebi.ac.uk/vol1/fastq/SRR263/038/SRR26342638/SRR26342638_1.fastq.gz	https://ftp.sra.ebi.ac.uk/vol1/fastq/SRR263/038/SRR26342638/SRR26342638_2.fastq.gz
SRR26371302	PAIRED	https://ftp.sra.ebi.ac.uk/vol1/fastq/SRR263/002/SRR26371302/SRR26371302_1.fastq.gz	https://ftp.sra.ebi.ac.uk/vol1/fastq/SRR263/002/SRR26371302/SRR26371302_2.fastq.gz
SRR26374498	PAIRED	https://ftp.sra.ebi.ac.uk/vol1/fastq/SRR263/098/SRR26374498/SRR26374498_1.fastq.gz	https://ftp.sra.ebi.ac.uk/vol1/fastq/SRR263/098/SRR26374498/SRR26374498_2.fastq.gz
SRR26401938	PAIRED	https://ftp.sra.ebi.ac.uk/vol1/fastq/SRR264/038/SRR26401938/SRR26401938_1.fastq.gz	https://ftp.sra.ebi.ac.uk/vol1/fastq/SRR264/038/SRR26401938/SRR26401938_2.fastq.gz
SRR26402375	PAIRED	https://ftp.sra.ebi.ac.uk/vol1/fastq/SRR264/075/SRR26402375/SRR26402375_1.fastq.gz	https://ftp.sra.ebi.ac.uk/vol1/fastq/SRR264/075/SRR26402375/SRR26402375_2.fastq.gz
SRR26402421	PAIRED	https://ftp.sra.ebi.ac.uk/vol1/fastq/SRR264/021/SRR26402421/SRR26402421_1.fastq.gz	https://ftp.sra.ebi.ac.uk/vol1/fastq/SRR264/021/SRR26402421/SRR26402421_2.fastq.gz
SRR26412211	PAIRED	https://ftp.sra.ebi.ac.uk/vol1/fastq/SRR264/011/SRR26412211/SRR26412211_1.fastq.gz	https://ftp.sra.ebi.ac.uk/vol1/fastq/SRR264/011/SRR26412211/SRR26412211_2.fastq.gz
SRR26412212	PAIRED	https://ftp.sra.ebi.ac.uk/vol1/fastq/SRR264/012/SRR26412212/SRR26412212_1.fastq.gz	https://ftp.sra.ebi.ac.uk/vol1/fastq/SRR264/012/SRR26412212/SRR26412212_2.fastq.gz
SRR26412220	PAIRED	https://ftp.sra.ebi.ac.uk/vol1/fastq/SRR264/020/SRR26412220/SRR26412220_1.fastq.gz	https://ftp.sra.ebi.ac.uk/vol1/fastq/SRR264/020/SRR26412220/SRR26412220_2.fastq.gz
SRR26412228	PAIRED	https://ftp.sra.ebi.ac.uk/vol1/fastq/SRR264/028/SRR26412228/SRR26412228_1.fastq.gz	https://ftp.sra.ebi.ac.uk/vol1/fastq/SRR264/028/SRR26412228/SRR26412228_2.fastq.gz
SRR26412230	PAIRED	https://ftp.sra.ebi.ac.uk/vol1/fastq/SRR264/030/SRR26412230/SRR26412230_1.fastq.gz	https://ftp.sra.ebi.ac.uk/vol1/fastq/SRR264/030/SRR26412230/SRR26412230_2.fastq.gz
SRR26412234	PAIRED	https://ftp.sra.ebi.ac.uk/vol1/fastq/SRR264/034/SRR26412234/SRR26412234_1.fastq.gz	https://ftp.sra.ebi.ac.uk/vol1/fastq/SRR264/034/SRR26412234/SRR26412234_2.fastq.gz
SRR26412249	PAIRED	https://ftp.sra.ebi.ac.uk/vol1/fastq/SRR264/049/SRR26412249/SRR26412249_1.fastq.gz	https://ftp.sra.ebi.ac.uk/vol1/fastq/SRR264/049/SRR26412249/SRR26412249_2.fastq.gz
SRR26412254	PAIRED	https://ftp.sra.ebi.ac.uk/vol1/fastq/SRR264/054/SRR26412254/SRR26412254_1.fastq.gz	https://ftp.sra.ebi.ac.uk/vol1/fastq/SRR264/054/SRR26412254/SRR26412254_2.fastq.gz
SRR26412269	PAIRED	https://ftp.sra.ebi.ac.uk/vol1/fastq/SRR264/069/SRR26412269/SRR26412269_1.fastq.gz	https://ftp.sra.ebi.ac.uk/vol1/fastq/SRR264/069/SRR26412269/SRR26412269_2.fastq.gz
SRR26412278	PAIRED	https://ftp.sra.ebi.ac.uk/vol1/fastq/SRR264/078/SRR26412278/SRR26412278_1.fastq.gz	https://ftp.sra.ebi.ac.uk/vol1/fastq/SRR264/078/SRR26412278/SRR26412278_2.fastq.gz
SRR26412303	PAIRED	https://ftp.sra.ebi.ac.uk/vol1/fastq/SRR264/003/SRR26412303/SRR26412303_1.fastq.gz	https://ftp.sra.ebi.ac.uk/vol1/fastq/SRR264/003/SRR26412303/SRR26412303_2.fastq.gz
SRR26412306	PAIRED	https://ftp.sra.ebi.ac.uk/vol1/fastq/SRR264/006/SRR26412306/SRR26412306_1.fastq.gz	https://ftp.sra.ebi.ac.uk/vol1/fastq/SRR264/006/SRR26412306/SRR26412306_2.fastq.gz
SRR26412308	PAIRED	https://ftp.sra.ebi.ac.uk/vol1/fastq/SRR264/008/SRR26412308/SRR26412308_1.fastq.gz	https://ftp.sra.ebi.ac.uk/vol1/fastq/SRR264/008/SRR26412308/SRR26412308_2.fastq.gz
SRR26418174	PAIRED	https://ftp.sra.ebi.ac.uk/vol1/fastq/SRR264/074/SRR26418174/SRR26418174_1.fastq.gz	https://ftp.sra.ebi.ac.uk/vol1/fastq/SRR264/074/SRR26418174/SRR26418174_2.fastq.gz
SRR26424146	PAIRED	https://ftp.sra.ebi.ac.uk/vol1/fastq/SRR264/046/SRR26424146/SRR26424146_1.fastq.gz	https://ftp.sra.ebi.ac.uk/vol1/fastq/SRR264/046/SRR26424146/SRR26424146_2.fastq.gz
SRR26459857	PAIRED	https://ftp.sra.ebi.ac.uk/vol1/fastq/SRR264/057/SRR26459857/SRR26459857_1.fastq.gz	https://ftp.sra.ebi.ac.uk/vol1/fastq/SRR264/057/SRR26459857/SRR26459857_2.fastq.gz
SRR26459878	PAIRED	https://ftp.sra.ebi.ac.uk/vol1/fastq/SRR264/078/SRR26459878/SRR26459878_1.fastq.gz	https://ftp.sra.ebi.ac.uk/vol1/fastq/SRR264/078/SRR26459878/SRR26459878_2.fastq.gz
SRR26459894	PAIRED	https://ftp.sra.ebi.ac.uk/vol1/fastq/SRR264/094/SRR26459894/SRR26459894_1.fastq.gz	https://ftp.sra.ebi.ac.uk/vol1/fastq/SRR264/094/SRR26459894/SRR26459894_2.fastq.gz
SRR26459896	PAIRED	https://ftp.sra.ebi.ac.uk/vol1/fastq/SRR264/096/SRR26459896/SRR26459896_1.fastq.gz	https://ftp.sra.ebi.ac.uk/vol1/fastq/SRR264/096/SRR26459896/SRR26459896_2.fastq.gz
SRR26459909	PAIRED	https://ftp.sra.ebi.ac.uk/vol1/fastq/SRR264/009/SRR26459909/SRR26459909_1.fastq.gz	https://ftp.sra.ebi.ac.uk/vol1/fastq/SRR264/009/SRR26459909/SRR26459909_2.fastq.gz
SRR26459921	PAIRED	https://ftp.sra.ebi.ac.uk/vol1/fastq/SRR264/021/SRR26459921/SRR26459921_1.fastq.gz	https://ftp.sra.ebi.ac.uk/vol1/fastq/SRR264/021/SRR26459921/SRR26459921_2.fastq.gz
SRR26459927	PAIRED	https://ftp.sra.ebi.ac.uk/vol1/fastq/SRR264/027/SRR26459927/SRR26459927_1.fastq.gz	https://ftp.sra.ebi.ac.uk/vol1/fastq/SRR264/027/SRR26459927/SRR26459927_2.fastq.gz
SRR26459932	PAIRED	https://ftp.sra.ebi.ac.uk/vol1/fastq/SRR264/032/SRR26459932/SRR26459932_1.fastq.gz	https://ftp.sra.ebi.ac.uk/vol1/fastq/SRR264/032/SRR26459932/SRR26459932_2.fastq.gz
SRR26499468	PAIRED	https://ftp.sra.ebi.ac.uk/vol1/fastq/SRR264/068/SRR26499468/SRR26499468_1.fastq.gz	https://ftp.sra.ebi.ac.uk/vol1/fastq/SRR264/068/SRR26499468/SRR26499468_2.fastq.gz
SRR26510918	PAIRED	https://ftp.sra.ebi.ac.uk/vol1/fastq/SRR265/018/SRR26510918/SRR26510918_1.fastq.gz	https://ftp.sra.ebi.ac.uk/vol1/fastq/SRR265/018/SRR26510918/SRR26510918_2.fastq.gz
SRR26537928	PAIRED	https://ftp.sra.ebi.ac.uk/vol1/fastq/SRR265/028/SRR26537928/SRR26537928_1.fastq.gz	https://ftp.sra.ebi.ac.uk/vol1/fastq/SRR265/028/SRR26537928/SRR26537928_2.fastq.gz
SRR26537942	PAIRED	https://ftp.sra.ebi.ac.uk/vol1/fastq/SRR265/042/SRR26537942/SRR26537942_1.fastq.gz	https://ftp.sra.ebi.ac.uk/vol1/fastq/SRR265/042/SRR26537942/SRR26537942_2.fastq.gz
SRR26537949	PAIRED	https://ftp.sra.ebi.ac.uk/vol1/fastq/SRR265/049/SRR26537949/SRR26537949_1.fastq.gz	https://ftp.sra.ebi.ac.uk/vol1/fastq/SRR265/049/SRR26537949/SRR26537949_2.fastq.gz
SRR26537984	PAIRED	https://ftp.sra.ebi.ac.uk/vol1/fastq/SRR265/084/SRR26537984/SRR26537984_1.fastq.gz	https://ftp.sra.ebi.ac.uk/vol1/fastq/SRR265/084/SRR26537984/SRR26537984_2.fastq.gz
SRR26538007	PAIRED	https://ftp.sra.ebi.ac.uk/vol1/fastq/SRR265/007/SRR26538007/SRR26538007_1.fastq.gz	https://ftp.sra.ebi.ac.uk/vol1/fastq/SRR265/007/SRR26538007/SRR26538007_2.fastq.gz
SRR26538035	PAIRED	https://ftp.sra.ebi.ac.uk/vol1/fastq/SRR265/035/SRR26538035/SRR26538035_1.fastq.gz	https://ftp.sra.ebi.ac.uk/vol1/fastq/SRR265/035/SRR26538035/SRR26538035_2.fastq.gz
SRR26542242	PAIRED	https://ftp.sra.ebi.ac.uk/vol1/fastq/SRR265/042/SRR26542242/SRR26542242_1.fastq.gz	https://ftp.sra.ebi.ac.uk/vol1/fastq/SRR265/042/SRR26542242/SRR26542242_2.fastq.gz
SRR26542852	PAIRED	https://ftp.sra.ebi.ac.uk/vol1/fastq/SRR265/052/SRR26542852/SRR26542852_1.fastq.gz	https://ftp.sra.ebi.ac.uk/vol1/fastq/SRR265/052/SRR26542852/SRR26542852_2.fastq.gz
SRR26545513	PAIRED	https://ftp.sra.ebi.ac.uk/vol1/fastq/SRR265/013/SRR26545513/SRR26545513_1.fastq.gz	https://ftp.sra.ebi.ac.uk/vol1/fastq/SRR265/013/SRR26545513/SRR26545513_2.fastq.gz
SRR26562436	PAIRED	https://ftp.sra.ebi.ac.uk/vol1/fastq/SRR265/036/SRR26562436/SRR26562436_1.fastq.gz	https://ftp.sra.ebi.ac.uk/vol1/fastq/SRR265/036/SRR26562436/SRR26562436_2.fastq.gz
SRR26562463	PAIRED	https://ftp.sra.ebi.ac.uk/vol1/fastq/SRR265/063/SRR26562463/SRR26562463_1.fastq.gz	https://ftp.sra.ebi.ac.uk/vol1/fastq/SRR265/063/SRR26562463/SRR26562463_2.fastq.gz
SRR26562483	PAIRED	https://ftp.sra.ebi.ac.uk/vol1/fastq/SRR265/083/SRR26562483/SRR26562483_1.fastq.gz	https://ftp.sra.ebi.ac.uk/vol1/fastq/SRR265/083/SRR26562483/SRR26562483_2.fastq.gz
SRR26629071	PAIRED	https://ftp.sra.ebi.ac.uk/vol1/fastq/SRR266/071/SRR26629071/SRR26629071_1.fastq.gz	https://ftp.sra.ebi.ac.uk/vol1/fastq/SRR266/071/SRR26629071/SRR26629071_2.fastq.gz
SRR26630972	PAIRED	https://ftp.sra.ebi.ac.uk/vol1/fastq/SRR266/072/SRR26630972/SRR26630972_1.fastq.gz	https://ftp.sra.ebi.ac.uk/vol1/fastq/SRR266/072/SRR26630972/SRR26630972_2.fastq.gz
SRR26754956	PAIRED	https://ftp.sra.ebi.ac.uk/vol1/fastq/SRR267/056/SRR26754956/SRR26754956_1.fastq.gz	https://ftp.sra.ebi.ac.uk/vol1/fastq/SRR267/056/SRR26754956/SRR26754956_2.fastq.gz
SRR26803406	PAIRED	https://ftp.sra.ebi.ac.uk/vol1/fastq/SRR268/006/SRR26803406/SRR26803406_1.fastq.gz	https://ftp.sra.ebi.ac.uk/vol1/fastq/SRR268/006/SRR26803406/SRR26803406_2.fastq.gz
SRR26809128	PAIRED	https://ftp.sra.ebi.ac.uk/vol1/fastq/SRR268/028/SRR26809128/SRR26809128_1.fastq.gz	https://ftp.sra.ebi.ac.uk/vol1/fastq/SRR268/028/SRR26809128/SRR26809128_2.fastq.gz
SRR26809245	PAIRED	https://ftp.sra.ebi.ac.uk/vol1/fastq/SRR268/045/SRR26809245/SRR26809245_1.fastq.gz	https://ftp.sra.ebi.ac.uk/vol1/fastq/SRR268/045/SRR26809245/SRR26809245_2.fastq.gz
SRR26831028	PAIRED	https://ftp.sra.ebi.ac.uk/vol1/fastq/SRR268/028/SRR26831028/SRR26831028_1.fastq.gz	https://ftp.sra.ebi.ac.uk/vol1/fastq/SRR268/028/SRR26831028/SRR26831028_2.fastq.gz
SRR26858729	PAIRED	https://ftp.sra.ebi.ac.uk/vol1/fastq/SRR268/029/SRR26858729/SRR26858729_1.fastq.gz	https://ftp.sra.ebi.ac.uk/vol1/fastq/SRR268/029/SRR26858729/SRR26858729_2.fastq.gz
SRR26858734	PAIRED	https://ftp.sra.ebi.ac.uk/vol1/fastq/SRR268/034/SRR26858734/SRR26858734_1.fastq.gz	https://ftp.sra.ebi.ac.uk/vol1/fastq/SRR268/034/SRR26858734/SRR26858734_2.fastq.gz
SRR26858893	PAIRED	https://ftp.sra.ebi.ac.uk/vol1/fastq/SRR268/093/SRR26858893/SRR26858893_1.fastq.gz	https://ftp.sra.ebi.ac.uk/vol1/fastq/SRR268/093/SRR26858893/SRR26858893_2.fastq.gz
SRR26887349	PAIRED	https://ftp.sra.ebi.ac.uk/vol1/fastq/SRR268/049/SRR26887349/SRR26887349_1.fastq.gz	https://ftp.sra.ebi.ac.uk/vol1/fastq/SRR268/049/SRR26887349/SRR26887349_2.fastq.gz
SRR26887394	PAIRED	https://ftp.sra.ebi.ac.uk/vol1/fastq/SRR268/094/SRR26887394/SRR26887394_1.fastq.gz	https://ftp.sra.ebi.ac.uk/vol1/fastq/SRR268/094/SRR26887394/SRR26887394_2.fastq.gz
SRR26887415	PAIRED	https://ftp.sra.ebi.ac.uk/vol1/fastq/SRR268/015/SRR26887415/SRR26887415_1.fastq.gz	https://ftp.sra.ebi.ac.uk/vol1/fastq/SRR268/015/SRR26887415/SRR26887415_2.fastq.gz
SRR26887419	PAIRED	https://ftp.sra.ebi.ac.uk/vol1/fastq/SRR268/019/SRR26887419/SRR26887419_1.fastq.gz	https://ftp.sra.ebi.ac.uk/vol1/fastq/SRR268/019/SRR26887419/SRR26887419_2.fastq.gz
SRR26887498	PAIRED	https://ftp.sra.ebi.ac.uk/vol1/fastq/SRR268/098/SRR26887498/SRR26887498_1.fastq.gz	https://ftp.sra.ebi.ac.uk/vol1/fastq/SRR268/098/SRR26887498/SRR26887498_2.fastq.gz
SRR26887548	PAIRED	https://ftp.sra.ebi.ac.uk/vol1/fastq/SRR268/048/SRR26887548/SRR26887548_1.fastq.gz	https://ftp.sra.ebi.ac.uk/vol1/fastq/SRR268/048/SRR26887548/SRR26887548_2.fastq.gz
SRR26887551	PAIRED	https://ftp.sra.ebi.ac.uk/vol1/fastq/SRR268/051/SRR26887551/SRR26887551_1.fastq.gz	https://ftp.sra.ebi.ac.uk/vol1/fastq/SRR268/051/SRR26887551/SRR26887551_2.fastq.gz
SRR26893499	PAIRED	https://ftp.sra.ebi.ac.uk/vol1/fastq/SRR268/099/SRR26893499/SRR26893499_1.fastq.gz	https://ftp.sra.ebi.ac.uk/vol1/fastq/SRR268/099/SRR26893499/SRR26893499_2.fastq.gz
SRR26896775	PAIRED	https://ftp.sra.ebi.ac.uk/vol1/fastq/SRR268/075/SRR26896775/SRR26896775_1.fastq.gz	https://ftp.sra.ebi.ac.uk/vol1/fastq/SRR268/075/SRR26896775/SRR26896775_2.fastq.gz
SRR26997407	PAIRED	https://ftp.sra.ebi.ac.uk/vol1/fastq/SRR269/007/SRR26997407/SRR26997407_1.fastq.gz	https://ftp.sra.ebi.ac.uk/vol1/fastq/SRR269/007/SRR26997407/SRR26997407_2.fastq.gz
SRR26997414	PAIRED	https://ftp.sra.ebi.ac.uk/vol1/fastq/SRR269/014/SRR26997414/SRR26997414_1.fastq.gz	https://ftp.sra.ebi.ac.uk/vol1/fastq/SRR269/014/SRR26997414/SRR26997414_2.fastq.gz
SRR26997422	PAIRED	https://ftp.sra.ebi.ac.uk/vol1/fastq/SRR269/022/SRR26997422/SRR26997422_1.fastq.gz	https://ftp.sra.ebi.ac.uk/vol1/fastq/SRR269/022/SRR26997422/SRR26997422_2.fastq.gz
SRR26997426	PAIRED	https://ftp.sra.ebi.ac.uk/vol1/fastq/SRR269/026/SRR26997426/SRR26997426_1.fastq.gz	https://ftp.sra.ebi.ac.uk/vol1/fastq/SRR269/026/SRR26997426/SRR26997426_2.fastq.gz
SRR26997429	PAIRED	https://ftp.sra.ebi.ac.uk/vol1/fastq/SRR269/029/SRR26997429/SRR26997429_1.fastq.gz	https://ftp.sra.ebi.ac.uk/vol1/fastq/SRR269/029/SRR26997429/SRR26997429_2.fastq.gz
SRR26997430	PAIRED	https://ftp.sra.ebi.ac.uk/vol1/fastq/SRR269/030/SRR26997430/SRR26997430_1.fastq.gz	https://ftp.sra.ebi.ac.uk/vol1/fastq/SRR269/030/SRR26997430/SRR26997430_2.fastq.gz
SRR26997434	PAIRED	https://ftp.sra.ebi.ac.uk/vol1/fastq/SRR269/034/SRR26997434/SRR26997434_1.fastq.gz	https://ftp.sra.ebi.ac.uk/vol1/fastq/SRR269/034/SRR26997434/SRR26997434_2.fastq.gz
SRR26997437	PAIRED	https://ftp.sra.ebi.ac.uk/vol1/fastq/SRR269/037/SRR26997437/SRR26997437_1.fastq.gz	https://ftp.sra.ebi.ac.uk/vol1/fastq/SRR269/037/SRR26997437/SRR26997437_2.fastq.gz
SRR26997446	PAIRED	https://ftp.sra.ebi.ac.uk/vol1/fastq/SRR269/046/SRR26997446/SRR26997446_1.fastq.gz	https://ftp.sra.ebi.ac.uk/vol1/fastq/SRR269/046/SRR26997446/SRR26997446_2.fastq.gz
SRR26997473	PAIRED	https://ftp.sra.ebi.ac.uk/vol1/fastq/SRR269/073/SRR26997473/SRR26997473_1.fastq.gz	https://ftp.sra.ebi.ac.uk/vol1/fastq/SRR269/073/SRR26997473/SRR26997473_2.fastq.gz
SRR26997476	PAIRED	https://ftp.sra.ebi.ac.uk/vol1/fastq/SRR269/076/SRR26997476/SRR26997476_1.fastq.gz	https://ftp.sra.ebi.ac.uk/vol1/fastq/SRR269/076/SRR26997476/SRR26997476_2.fastq.gz
SRR26997481	PAIRED	https://ftp.sra.ebi.ac.uk/vol1/fastq/SRR269/081/SRR26997481/SRR26997481_1.fastq.gz	https://ftp.sra.ebi.ac.uk/vol1/fastq/SRR269/081/SRR26997481/SRR26997481_2.fastq.gz
SRR26997482	PAIRED	https://ftp.sra.ebi.ac.uk/vol1/fastq/SRR269/082/SRR26997482/SRR26997482_1.fastq.gz	https://ftp.sra.ebi.ac.uk/vol1/fastq/SRR269/082/SRR26997482/SRR26997482_2.fastq.gz
SRR26997488	PAIRED	https://ftp.sra.ebi.ac.uk/vol1/fastq/SRR269/088/SRR26997488/SRR26997488_1.fastq.gz	https://ftp.sra.ebi.ac.uk/vol1/fastq/SRR269/088/SRR26997488/SRR26997488_2.fastq.gz
SRR26997491	PAIRED	https://ftp.sra.ebi.ac.uk/vol1/fastq/SRR269/091/SRR26997491/SRR26997491_1.fastq.gz	https://ftp.sra.ebi.ac.uk/vol1/fastq/SRR269/091/SRR26997491/SRR26997491_2.fastq.gz
SRR27018830	PAIRED	https://ftp.sra.ebi.ac.uk/vol1/fastq/SRR270/030/SRR27018830/SRR27018830_1.fastq.gz	https://ftp.sra.ebi.ac.uk/vol1/fastq/SRR270/030/SRR27018830/SRR27018830_2.fastq.gz
SRR27041800	PAIRED	https://ftp.sra.ebi.ac.uk/vol1/fastq/SRR270/000/SRR27041800/SRR27041800_1.fastq.gz	https://ftp.sra.ebi.ac.uk/vol1/fastq/SRR270/000/SRR27041800/SRR27041800_2.fastq.gz
SRR27041806	PAIRED	https://ftp.sra.ebi.ac.uk/vol1/fastq/SRR270/006/SRR27041806/SRR27041806_1.fastq.gz	https://ftp.sra.ebi.ac.uk/vol1/fastq/SRR270/006/SRR27041806/SRR27041806_2.fastq.gz
SRR27041808	PAIRED	https://ftp.sra.ebi.ac.uk/vol1/fastq/SRR270/008/SRR27041808/SRR27041808_1.fastq.gz	https://ftp.sra.ebi.ac.uk/vol1/fastq/SRR270/008/SRR27041808/SRR27041808_2.fastq.gz
SRR27049211	PAIRED	https://ftp.sra.ebi.ac.uk/vol1/fastq/SRR270/011/SRR27049211/SRR27049211_1.fastq.gz	https://ftp.sra.ebi.ac.uk/vol1/fastq/SRR270/011/SRR27049211/SRR27049211_2.fastq.gz
SRR27049233	PAIRED	https://ftp.sra.ebi.ac.uk/vol1/fastq/SRR270/033/SRR27049233/SRR27049233_1.fastq.gz	https://ftp.sra.ebi.ac.uk/vol1/fastq/SRR270/033/SRR27049233/SRR27049233_2.fastq.gz
SRR27049243	PAIRED	https://ftp.sra.ebi.ac.uk/vol1/fastq/SRR270/043/SRR27049243/SRR27049243_1.fastq.gz	https://ftp.sra.ebi.ac.uk/vol1/fastq/SRR270/043/SRR27049243/SRR27049243_2.fastq.gz
SRR27049467	PAIRED	https://ftp.sra.ebi.ac.uk/vol1/fastq/SRR270/067/SRR27049467/SRR27049467_1.fastq.gz	https://ftp.sra.ebi.ac.uk/vol1/fastq/SRR270/067/SRR27049467/SRR27049467_2.fastq.gz
SRR27049482	PAIRED	https://ftp.sra.ebi.ac.uk/vol1/fastq/SRR270/082/SRR27049482/SRR27049482_1.fastq.gz	https://ftp.sra.ebi.ac.uk/vol1/fastq/SRR270/082/SRR27049482/SRR27049482_2.fastq.gz
SRR27049630	PAIRED	https://ftp.sra.ebi.ac.uk/vol1/fastq/SRR270/030/SRR27049630/SRR27049630_1.fastq.gz	https://ftp.sra.ebi.ac.uk/vol1/fastq/SRR270/030/SRR27049630/SRR27049630_2.fastq.gz
SRR27049645	PAIRED	https://ftp.sra.ebi.ac.uk/vol1/fastq/SRR270/045/SRR27049645/SRR27049645_1.fastq.gz	https://ftp.sra.ebi.ac.uk/vol1/fastq/SRR270/045/SRR27049645/SRR27049645_2.fastq.gz
SRR27049671	PAIRED	https://ftp.sra.ebi.ac.uk/vol1/fastq/SRR270/071/SRR27049671/SRR27049671_1.fastq.gz	https://ftp.sra.ebi.ac.uk/vol1/fastq/SRR270/071/SRR27049671/SRR27049671_2.fastq.gz
SRR27049689	PAIRED	https://ftp.sra.ebi.ac.uk/vol1/fastq/SRR270/089/SRR27049689/SRR27049689_1.fastq.gz	https://ftp.sra.ebi.ac.uk/vol1/fastq/SRR270/089/SRR27049689/SRR27049689_2.fastq.gz
SRR27049849	PAIRED	https://ftp.sra.ebi.ac.uk/vol1/fastq/SRR270/049/SRR27049849/SRR27049849_1.fastq.gz	https://ftp.sra.ebi.ac.uk/vol1/fastq/SRR270/049/SRR27049849/SRR27049849_2.fastq.gz
SRR27050007	PAIRED	https://ftp.sra.ebi.ac.uk/vol1/fastq/SRR270/007/SRR27050007/SRR27050007_1.fastq.gz	https://ftp.sra.ebi.ac.uk/vol1/fastq/SRR270/007/SRR27050007/SRR27050007_2.fastq.gz
SRR27050066	PAIRED	https://ftp.sra.ebi.ac.uk/vol1/fastq/SRR270/066/SRR27050066/SRR27050066_1.fastq.gz	https://ftp.sra.ebi.ac.uk/vol1/fastq/SRR270/066/SRR27050066/SRR27050066_2.fastq.gz
SRR27062431	PAIRED	https://ftp.sra.ebi.ac.uk/vol1/fastq/SRR270/031/SRR27062431/SRR27062431_1.fastq.gz	https://ftp.sra.ebi.ac.uk/vol1/fastq/SRR270/031/SRR27062431/SRR27062431_2.fastq.gz
SRR27062441	PAIRED	https://ftp.sra.ebi.ac.uk/vol1/fastq/SRR270/041/SRR27062441/SRR27062441_1.fastq.gz	https://ftp.sra.ebi.ac.uk/vol1/fastq/SRR270/041/SRR27062441/SRR27062441_2.fastq.gz
SRR27073171	PAIRED	https://ftp.sra.ebi.ac.uk/vol1/fastq/SRR270/071/SRR27073171/SRR27073171_1.fastq.gz	https://ftp.sra.ebi.ac.uk/vol1/fastq/SRR270/071/SRR27073171/SRR27073171_2.fastq.gz
SRR27129773	PAIRED	https://ftp.sra.ebi.ac.uk/vol1/fastq/SRR271/073/SRR27129773/SRR27129773_1.fastq.gz	https://ftp.sra.ebi.ac.uk/vol1/fastq/SRR271/073/SRR27129773/SRR27129773_2.fastq.gz
SRR27131770	PAIRED	https://ftp.sra.ebi.ac.uk/vol1/fastq/SRR271/070/SRR27131770/SRR27131770_1.fastq.gz	https://ftp.sra.ebi.ac.uk/vol1/fastq/SRR271/070/SRR27131770/SRR27131770_2.fastq.gz
SRR27150534	PAIRED	https://ftp.sra.ebi.ac.uk/vol1/fastq/SRR271/034/SRR27150534/SRR27150534_1.fastq.gz	https://ftp.sra.ebi.ac.uk/vol1/fastq/SRR271/034/SRR27150534/SRR27150534_2.fastq.gz
SRR27158794	PAIRED	https://ftp.sra.ebi.ac.uk/vol1/fastq/SRR271/094/SRR27158794/SRR27158794_1.fastq.gz	https://ftp.sra.ebi.ac.uk/vol1/fastq/SRR271/094/SRR27158794/SRR27158794_2.fastq.gz
SRR27158808	PAIRED	https://ftp.sra.ebi.ac.uk/vol1/fastq/SRR271/008/SRR27158808/SRR27158808_1.fastq.gz	https://ftp.sra.ebi.ac.uk/vol1/fastq/SRR271/008/SRR27158808/SRR27158808_2.fastq.gz
SRR27158809	PAIRED	https://ftp.sra.ebi.ac.uk/vol1/fastq/SRR271/009/SRR27158809/SRR27158809_1.fastq.gz	https://ftp.sra.ebi.ac.uk/vol1/fastq/SRR271/009/SRR27158809/SRR27158809_2.fastq.gz
SRR27158817	PAIRED	https://ftp.sra.ebi.ac.uk/vol1/fastq/SRR271/017/SRR27158817/SRR27158817_1.fastq.gz	https://ftp.sra.ebi.ac.uk/vol1/fastq/SRR271/017/SRR27158817/SRR27158817_2.fastq.gz
SRR27158825	PAIRED	https://ftp.sra.ebi.ac.uk/vol1/fastq/SRR271/025/SRR27158825/SRR27158825_1.fastq.gz	https://ftp.sra.ebi.ac.uk/vol1/fastq/SRR271/025/SRR27158825/SRR27158825_2.fastq.gz
SRR27158836	PAIRED	https://ftp.sra.ebi.ac.uk/vol1/fastq/SRR271/036/SRR27158836/SRR27158836_1.fastq.gz	https://ftp.sra.ebi.ac.uk/vol1/fastq/SRR271/036/SRR27158836/SRR27158836_2.fastq.gz
SRR27158842	PAIRED	https://ftp.sra.ebi.ac.uk/vol1/fastq/SRR271/042/SRR27158842/SRR27158842_1.fastq.gz	https://ftp.sra.ebi.ac.uk/vol1/fastq/SRR271/042/SRR27158842/SRR27158842_2.fastq.gz
SRR27177927	PAIRED	https://ftp.sra.ebi.ac.uk/vol1/fastq/SRR271/027/SRR27177927/SRR27177927_1.fastq.gz	https://ftp.sra.ebi.ac.uk/vol1/fastq/SRR271/027/SRR27177927/SRR27177927_2.fastq.gz
SRR27178437	PAIRED	https://ftp.sra.ebi.ac.uk/vol1/fastq/SRR271/037/SRR27178437/SRR27178437_1.fastq.gz	https://ftp.sra.ebi.ac.uk/vol1/fastq/SRR271/037/SRR27178437/SRR27178437_2.fastq.gz
SRR27195163	PAIRED	https://ftp.sra.ebi.ac.uk/vol1/fastq/SRR271/063/SRR27195163/SRR27195163_1.fastq.gz	https://ftp.sra.ebi.ac.uk/vol1/fastq/SRR271/063/SRR27195163/SRR27195163_2.fastq.gz
SRR27195174	PAIRED	https://ftp.sra.ebi.ac.uk/vol1/fastq/SRR271/074/SRR27195174/SRR27195174_1.fastq.gz	https://ftp.sra.ebi.ac.uk/vol1/fastq/SRR271/074/SRR27195174/SRR27195174_2.fastq.gz
SRR27195178	PAIRED	https://ftp.sra.ebi.ac.uk/vol1/fastq/SRR271/078/SRR27195178/SRR27195178_1.fastq.gz	https://ftp.sra.ebi.ac.uk/vol1/fastq/SRR271/078/SRR27195178/SRR27195178_2.fastq.gz
SRR27195192	PAIRED	https://ftp.sra.ebi.ac.uk/vol1/fastq/SRR271/092/SRR27195192/SRR27195192_1.fastq.gz	https://ftp.sra.ebi.ac.uk/vol1/fastq/SRR271/092/SRR27195192/SRR27195192_2.fastq.gz
SRR27198944	PAIRED	https://ftp.sra.ebi.ac.uk/vol1/fastq/SRR271/044/SRR27198944/SRR27198944_1.fastq.gz	https://ftp.sra.ebi.ac.uk/vol1/fastq/SRR271/044/SRR27198944/SRR27198944_2.fastq.gz
SRR27198945	PAIRED	https://ftp.sra.ebi.ac.uk/vol1/fastq/SRR271/045/SRR27198945/SRR27198945_1.fastq.gz	https://ftp.sra.ebi.ac.uk/vol1/fastq/SRR271/045/SRR27198945/SRR27198945_2.fastq.gz
SRR27198946	PAIRED	https://ftp.sra.ebi.ac.uk/vol1/fastq/SRR271/046/SRR27198946/SRR27198946_1.fastq.gz	https://ftp.sra.ebi.ac.uk/vol1/fastq/SRR271/046/SRR27198946/SRR27198946_2.fastq.gz
SRR27198961	PAIRED	https://ftp.sra.ebi.ac.uk/vol1/fastq/SRR271/061/SRR27198961/SRR27198961_1.fastq.gz	https://ftp.sra.ebi.ac.uk/vol1/fastq/SRR271/061/SRR27198961/SRR27198961_2.fastq.gz
SRR27198963	PAIRED	https://ftp.sra.ebi.ac.uk/vol1/fastq/SRR271/063/SRR27198963/SRR27198963_1.fastq.gz	https://ftp.sra.ebi.ac.uk/vol1/fastq/SRR271/063/SRR27198963/SRR27198963_2.fastq.gz
SRR27198969	PAIRED	https://ftp.sra.ebi.ac.uk/vol1/fastq/SRR271/069/SRR27198969/SRR27198969_1.fastq.gz	https://ftp.sra.ebi.ac.uk/vol1/fastq/SRR271/069/SRR27198969/SRR27198969_2.fastq.gz
SRR27198978	PAIRED	https://ftp.sra.ebi.ac.uk/vol1/fastq/SRR271/078/SRR27198978/SRR27198978_1.fastq.gz	https://ftp.sra.ebi.ac.uk/vol1/fastq/SRR271/078/SRR27198978/SRR27198978_2.fastq.gz
SRR27198980	PAIRED	https://ftp.sra.ebi.ac.uk/vol1/fastq/SRR271/080/SRR27198980/SRR27198980_1.fastq.gz	https://ftp.sra.ebi.ac.uk/vol1/fastq/SRR271/080/SRR27198980/SRR27198980_2.fastq.gz
SRR27199010	PAIRED	https://ftp.sra.ebi.ac.uk/vol1/fastq/SRR271/010/SRR27199010/SRR27199010_1.fastq.gz	https://ftp.sra.ebi.ac.uk/vol1/fastq/SRR271/010/SRR27199010/SRR27199010_2.fastq.gz
SRR27199051	PAIRED	https://ftp.sra.ebi.ac.uk/vol1/fastq/SRR271/051/SRR27199051/SRR27199051_1.fastq.gz	https://ftp.sra.ebi.ac.uk/vol1/fastq/SRR271/051/SRR27199051/SRR27199051_2.fastq.gz
SRR27199055	PAIRED	https://ftp.sra.ebi.ac.uk/vol1/fastq/SRR271/055/SRR27199055/SRR27199055_1.fastq.gz	https://ftp.sra.ebi.ac.uk/vol1/fastq/SRR271/055/SRR27199055/SRR27199055_2.fastq.gz
SRR27199057	PAIRED	https://ftp.sra.ebi.ac.uk/vol1/fastq/SRR271/057/SRR27199057/SRR27199057_1.fastq.gz	https://ftp.sra.ebi.ac.uk/vol1/fastq/SRR271/057/SRR27199057/SRR27199057_2.fastq.gz
SRR2724092	PAIRED	https://ftp.sra.ebi.ac.uk/vol1/fastq/SRR272/002/SRR2724092/SRR2724092_1.fastq.gz	https://ftp.sra.ebi.ac.uk/vol1/fastq/SRR272/002/SRR2724092/SRR2724092_2.fastq.gz
SRR2724135	PAIRED	https://ftp.sra.ebi.ac.uk/vol1/fastq/SRR272/005/SRR2724135/SRR2724135_1.fastq.gz	https://ftp.sra.ebi.ac.uk/vol1/fastq/SRR272/005/SRR2724135/SRR2724135_2.fastq.gz
SRR27253532	PAIRED	https://ftp.sra.ebi.ac.uk/vol1/fastq/SRR272/032/SRR27253532/SRR27253532_1.fastq.gz	https://ftp.sra.ebi.ac.uk/vol1/fastq/SRR272/032/SRR27253532/SRR27253532_2.fastq.gz
SRR27253582	PAIRED	https://ftp.sra.ebi.ac.uk/vol1/fastq/SRR272/082/SRR27253582/SRR27253582_1.fastq.gz	https://ftp.sra.ebi.ac.uk/vol1/fastq/SRR272/082/SRR27253582/SRR27253582_2.fastq.gz
SRR27253601	PAIRED	https://ftp.sra.ebi.ac.uk/vol1/fastq/SRR272/001/SRR27253601/SRR27253601_1.fastq.gz	https://ftp.sra.ebi.ac.uk/vol1/fastq/SRR272/001/SRR27253601/SRR27253601_2.fastq.gz
SRR27253611	PAIRED	https://ftp.sra.ebi.ac.uk/vol1/fastq/SRR272/011/SRR27253611/SRR27253611_1.fastq.gz	https://ftp.sra.ebi.ac.uk/vol1/fastq/SRR272/011/SRR27253611/SRR27253611_2.fastq.gz
SRR27253619	PAIRED	https://ftp.sra.ebi.ac.uk/vol1/fastq/SRR272/019/SRR27253619/SRR27253619_1.fastq.gz	https://ftp.sra.ebi.ac.uk/vol1/fastq/SRR272/019/SRR27253619/SRR27253619_2.fastq.gz
SRR27253631	PAIRED	https://ftp.sra.ebi.ac.uk/vol1/fastq/SRR272/031/SRR27253631/SRR27253631_1.fastq.gz	https://ftp.sra.ebi.ac.uk/vol1/fastq/SRR272/031/SRR27253631/SRR27253631_2.fastq.gz
SRR27327034	PAIRED	https://ftp.sra.ebi.ac.uk/vol1/fastq/SRR273/034/SRR27327034/SRR27327034_1.fastq.gz	https://ftp.sra.ebi.ac.uk/vol1/fastq/SRR273/034/SRR27327034/SRR27327034_2.fastq.gz
SRR27372511	PAIRED	https://ftp.sra.ebi.ac.uk/vol1/fastq/SRR273/011/SRR27372511/SRR27372511_1.fastq.gz	https://ftp.sra.ebi.ac.uk/vol1/fastq/SRR273/011/SRR27372511/SRR27372511_2.fastq.gz
SRR27375605	PAIRED	https://ftp.sra.ebi.ac.uk/vol1/fastq/SRR273/005/SRR27375605/SRR27375605_1.fastq.gz	https://ftp.sra.ebi.ac.uk/vol1/fastq/SRR273/005/SRR27375605/SRR27375605_2.fastq.gz
SRR27383043	PAIRED	https://ftp.sra.ebi.ac.uk/vol1/fastq/SRR273/043/SRR27383043/SRR27383043_1.fastq.gz	https://ftp.sra.ebi.ac.uk/vol1/fastq/SRR273/043/SRR27383043/SRR27383043_2.fastq.gz
SRR27411009	PAIRED	https://ftp.sra.ebi.ac.uk/vol1/fastq/SRR274/009/SRR27411009/SRR27411009_1.fastq.gz	https://ftp.sra.ebi.ac.uk/vol1/fastq/SRR274/009/SRR27411009/SRR27411009_2.fastq.gz
SRR27411020	PAIRED	https://ftp.sra.ebi.ac.uk/vol1/fastq/SRR274/020/SRR27411020/SRR27411020_1.fastq.gz	https://ftp.sra.ebi.ac.uk/vol1/fastq/SRR274/020/SRR27411020/SRR27411020_2.fastq.gz
SRR27411042	PAIRED	https://ftp.sra.ebi.ac.uk/vol1/fastq/SRR274/042/SRR27411042/SRR27411042_1.fastq.gz	https://ftp.sra.ebi.ac.uk/vol1/fastq/SRR274/042/SRR27411042/SRR27411042_2.fastq.gz
SRR27420916	PAIRED	https://ftp.sra.ebi.ac.uk/vol1/fastq/SRR274/016/SRR27420916/SRR27420916_1.fastq.gz	https://ftp.sra.ebi.ac.uk/vol1/fastq/SRR274/016/SRR27420916/SRR27420916_2.fastq.gz
SRR27488095	PAIRED	https://ftp.sra.ebi.ac.uk/vol1/fastq/SRR274/095/SRR27488095/SRR27488095_1.fastq.gz	https://ftp.sra.ebi.ac.uk/vol1/fastq/SRR274/095/SRR27488095/SRR27488095_2.fastq.gz
SRR27492051	PAIRED	https://ftp.sra.ebi.ac.uk/vol1/fastq/SRR274/051/SRR27492051/SRR27492051_1.fastq.gz	https://ftp.sra.ebi.ac.uk/vol1/fastq/SRR274/051/SRR27492051/SRR27492051_2.fastq.gz
SRR27604520	PAIRED	https://ftp.sra.ebi.ac.uk/vol1/fastq/SRR276/020/SRR27604520/SRR27604520_1.fastq.gz	https://ftp.sra.ebi.ac.uk/vol1/fastq/SRR276/020/SRR27604520/SRR27604520_2.fastq.gz
SRR27680181	PAIRED	https://ftp.sra.ebi.ac.uk/vol1/fastq/SRR276/081/SRR27680181/SRR27680181_1.fastq.gz	https://ftp.sra.ebi.ac.uk/vol1/fastq/SRR276/081/SRR27680181/SRR27680181_2.fastq.gz
SRR27695923	PAIRED	https://ftp.sra.ebi.ac.uk/vol1/fastq/SRR276/023/SRR27695923/SRR27695923_1.fastq.gz	https://ftp.sra.ebi.ac.uk/vol1/fastq/SRR276/023/SRR27695923/SRR27695923_2.fastq.gz
SRR27710328	PAIRED	https://ftp.sra.ebi.ac.uk/vol1/fastq/SRR277/028/SRR27710328/SRR27710328_1.fastq.gz	https://ftp.sra.ebi.ac.uk/vol1/fastq/SRR277/028/SRR27710328/SRR27710328_2.fastq.gz
SRR27733050	PAIRED	https://ftp.sra.ebi.ac.uk/vol1/fastq/SRR277/050/SRR27733050/SRR27733050_1.fastq.gz	https://ftp.sra.ebi.ac.uk/vol1/fastq/SRR277/050/SRR27733050/SRR27733050_2.fastq.gz
SRR27763386	PAIRED	https://ftp.sra.ebi.ac.uk/vol1/fastq/SRR277/086/SRR27763386/SRR27763386_1.fastq.gz	https://ftp.sra.ebi.ac.uk/vol1/fastq/SRR277/086/SRR27763386/SRR27763386_2.fastq.gz
SRR27763429	PAIRED	https://ftp.sra.ebi.ac.uk/vol1/fastq/SRR277/029/SRR27763429/SRR27763429_1.fastq.gz	https://ftp.sra.ebi.ac.uk/vol1/fastq/SRR277/029/SRR27763429/SRR27763429_2.fastq.gz
SRR27763465	PAIRED	https://ftp.sra.ebi.ac.uk/vol1/fastq/SRR277/065/SRR27763465/SRR27763465_1.fastq.gz	https://ftp.sra.ebi.ac.uk/vol1/fastq/SRR277/065/SRR27763465/SRR27763465_2.fastq.gz
SRR27763489	PAIRED	https://ftp.sra.ebi.ac.uk/vol1/fastq/SRR277/089/SRR27763489/SRR27763489_1.fastq.gz	https://ftp.sra.ebi.ac.uk/vol1/fastq/SRR277/089/SRR27763489/SRR27763489_2.fastq.gz
SRR27763491	PAIRED	https://ftp.sra.ebi.ac.uk/vol1/fastq/SRR277/091/SRR27763491/SRR27763491_1.fastq.gz	https://ftp.sra.ebi.ac.uk/vol1/fastq/SRR277/091/SRR27763491/SRR27763491_2.fastq.gz
SRR27763512	PAIRED	https://ftp.sra.ebi.ac.uk/vol1/fastq/SRR277/012/SRR27763512/SRR27763512_1.fastq.gz	https://ftp.sra.ebi.ac.uk/vol1/fastq/SRR277/012/SRR27763512/SRR27763512_2.fastq.gz
SRR27763544	PAIRED	https://ftp.sra.ebi.ac.uk/vol1/fastq/SRR277/044/SRR27763544/SRR27763544_1.fastq.gz	https://ftp.sra.ebi.ac.uk/vol1/fastq/SRR277/044/SRR27763544/SRR27763544_2.fastq.gz
SRR27763611	PAIRED	https://ftp.sra.ebi.ac.uk/vol1/fastq/SRR277/011/SRR27763611/SRR27763611_1.fastq.gz	https://ftp.sra.ebi.ac.uk/vol1/fastq/SRR277/011/SRR27763611/SRR27763611_2.fastq.gz
SRR27763629	PAIRED	https://ftp.sra.ebi.ac.uk/vol1/fastq/SRR277/029/SRR27763629/SRR27763629_1.fastq.gz	https://ftp.sra.ebi.ac.uk/vol1/fastq/SRR277/029/SRR27763629/SRR27763629_2.fastq.gz
SRR27763630	PAIRED	https://ftp.sra.ebi.ac.uk/vol1/fastq/SRR277/030/SRR27763630/SRR27763630_1.fastq.gz	https://ftp.sra.ebi.ac.uk/vol1/fastq/SRR277/030/SRR27763630/SRR27763630_2.fastq.gz
SRR27763680	PAIRED	https://ftp.sra.ebi.ac.uk/vol1/fastq/SRR277/080/SRR27763680/SRR27763680_1.fastq.gz	https://ftp.sra.ebi.ac.uk/vol1/fastq/SRR277/080/SRR27763680/SRR27763680_2.fastq.gz
SRR27797839	PAIRED	https://ftp.sra.ebi.ac.uk/vol1/fastq/SRR277/039/SRR27797839/SRR27797839_1.fastq.gz	https://ftp.sra.ebi.ac.uk/vol1/fastq/SRR277/039/SRR27797839/SRR27797839_2.fastq.gz
SRR27797860	PAIRED	https://ftp.sra.ebi.ac.uk/vol1/fastq/SRR277/060/SRR27797860/SRR27797860_1.fastq.gz	https://ftp.sra.ebi.ac.uk/vol1/fastq/SRR277/060/SRR27797860/SRR27797860_2.fastq.gz
SRR27830833	PAIRED	https://ftp.sra.ebi.ac.uk/vol1/fastq/SRR278/033/SRR27830833/SRR27830833_1.fastq.gz	https://ftp.sra.ebi.ac.uk/vol1/fastq/SRR278/033/SRR27830833/SRR27830833_2.fastq.gz
SRR27836859	PAIRED	https://ftp.sra.ebi.ac.uk/vol1/fastq/SRR278/059/SRR27836859/SRR27836859_1.fastq.gz	https://ftp.sra.ebi.ac.uk/vol1/fastq/SRR278/059/SRR27836859/SRR27836859_2.fastq.gz
SRR27847175	PAIRED	https://ftp.sra.ebi.ac.uk/vol1/fastq/SRR278/075/SRR27847175/SRR27847175_1.fastq.gz	https://ftp.sra.ebi.ac.uk/vol1/fastq/SRR278/075/SRR27847175/SRR27847175_2.fastq.gz
SRR27847180	PAIRED	https://ftp.sra.ebi.ac.uk/vol1/fastq/SRR278/080/SRR27847180/SRR27847180_1.fastq.gz	https://ftp.sra.ebi.ac.uk/vol1/fastq/SRR278/080/SRR27847180/SRR27847180_2.fastq.gz
SRR27847186	PAIRED	https://ftp.sra.ebi.ac.uk/vol1/fastq/SRR278/086/SRR27847186/SRR27847186_1.fastq.gz	https://ftp.sra.ebi.ac.uk/vol1/fastq/SRR278/086/SRR27847186/SRR27847186_2.fastq.gz
SRR27875348	PAIRED	https://ftp.sra.ebi.ac.uk/vol1/fastq/SRR278/048/SRR27875348/SRR27875348_1.fastq.gz	https://ftp.sra.ebi.ac.uk/vol1/fastq/SRR278/048/SRR27875348/SRR27875348_2.fastq.gz
SRR27886084	PAIRED	https://ftp.sra.ebi.ac.uk/vol1/fastq/SRR278/084/SRR27886084/SRR27886084_1.fastq.gz	https://ftp.sra.ebi.ac.uk/vol1/fastq/SRR278/084/SRR27886084/SRR27886084_2.fastq.gz
SRR27886167	PAIRED	https://ftp.sra.ebi.ac.uk/vol1/fastq/SRR278/067/SRR27886167/SRR27886167_1.fastq.gz	https://ftp.sra.ebi.ac.uk/vol1/fastq/SRR278/067/SRR27886167/SRR27886167_2.fastq.gz
SRR27886187	PAIRED	https://ftp.sra.ebi.ac.uk/vol1/fastq/SRR278/087/SRR27886187/SRR27886187_1.fastq.gz	https://ftp.sra.ebi.ac.uk/vol1/fastq/SRR278/087/SRR27886187/SRR27886187_2.fastq.gz
SRR27920390	PAIRED	https://ftp.sra.ebi.ac.uk/vol1/fastq/SRR279/090/SRR27920390/SRR27920390_1.fastq.gz	https://ftp.sra.ebi.ac.uk/vol1/fastq/SRR279/090/SRR27920390/SRR27920390_2.fastq.gz
SRR27966584	PAIRED	https://ftp.sra.ebi.ac.uk/vol1/fastq/SRR279/084/SRR27966584/SRR27966584_1.fastq.gz	https://ftp.sra.ebi.ac.uk/vol1/fastq/SRR279/084/SRR27966584/SRR27966584_2.fastq.gz
SRR27977133	PAIRED	https://ftp.sra.ebi.ac.uk/vol1/fastq/SRR279/033/SRR27977133/SRR27977133_1.fastq.gz	https://ftp.sra.ebi.ac.uk/vol1/fastq/SRR279/033/SRR27977133/SRR27977133_2.fastq.gz
SRR27977190	PAIRED	https://ftp.sra.ebi.ac.uk/vol1/fastq/SRR279/090/SRR27977190/SRR27977190_1.fastq.gz	https://ftp.sra.ebi.ac.uk/vol1/fastq/SRR279/090/SRR27977190/SRR27977190_2.fastq.gz
SRR27977335	PAIRED	https://ftp.sra.ebi.ac.uk/vol1/fastq/SRR279/035/SRR27977335/SRR27977335_1.fastq.gz	https://ftp.sra.ebi.ac.uk/vol1/fastq/SRR279/035/SRR27977335/SRR27977335_2.fastq.gz
SRR27977370	PAIRED	https://ftp.sra.ebi.ac.uk/vol1/fastq/SRR279/070/SRR27977370/SRR27977370_1.fastq.gz	https://ftp.sra.ebi.ac.uk/vol1/fastq/SRR279/070/SRR27977370/SRR27977370_2.fastq.gz
SRR27977372	PAIRED	https://ftp.sra.ebi.ac.uk/vol1/fastq/SRR279/072/SRR27977372/SRR27977372_1.fastq.gz	https://ftp.sra.ebi.ac.uk/vol1/fastq/SRR279/072/SRR27977372/SRR27977372_2.fastq.gz
SRR27984554	PAIRED	https://ftp.sra.ebi.ac.uk/vol1/fastq/SRR279/054/SRR27984554/SRR27984554_1.fastq.gz	https://ftp.sra.ebi.ac.uk/vol1/fastq/SRR279/054/SRR27984554/SRR27984554_2.fastq.gz
SRR27991338	PAIRED	https://ftp.sra.ebi.ac.uk/vol1/fastq/SRR279/038/SRR27991338/SRR27991338_1.fastq.gz	https://ftp.sra.ebi.ac.uk/vol1/fastq/SRR279/038/SRR27991338/SRR27991338_2.fastq.gz
SRR27991361	PAIRED	https://ftp.sra.ebi.ac.uk/vol1/fastq/SRR279/061/SRR27991361/SRR27991361_1.fastq.gz	https://ftp.sra.ebi.ac.uk/vol1/fastq/SRR279/061/SRR27991361/SRR27991361_2.fastq.gz
SRR28009809	PAIRED	https://ftp.sra.ebi.ac.uk/vol1/fastq/SRR280/009/SRR28009809/SRR28009809_1.fastq.gz	https://ftp.sra.ebi.ac.uk/vol1/fastq/SRR280/009/SRR28009809/SRR28009809_2.fastq.gz
SRR28034904	PAIRED	https://ftp.sra.ebi.ac.uk/vol1/fastq/SRR280/004/SRR28034904/SRR28034904_1.fastq.gz	https://ftp.sra.ebi.ac.uk/vol1/fastq/SRR280/004/SRR28034904/SRR28034904_2.fastq.gz
SRR28034984	PAIRED	https://ftp.sra.ebi.ac.uk/vol1/fastq/SRR280/084/SRR28034984/SRR28034984_1.fastq.gz	https://ftp.sra.ebi.ac.uk/vol1/fastq/SRR280/084/SRR28034984/SRR28034984_2.fastq.gz
SRR28040606	PAIRED	https://ftp.sra.ebi.ac.uk/vol1/fastq/SRR280/006/SRR28040606/SRR28040606_1.fastq.gz	https://ftp.sra.ebi.ac.uk/vol1/fastq/SRR280/006/SRR28040606/SRR28040606_2.fastq.gz
SRR28040614	PAIRED	https://ftp.sra.ebi.ac.uk/vol1/fastq/SRR280/014/SRR28040614/SRR28040614_1.fastq.gz	https://ftp.sra.ebi.ac.uk/vol1/fastq/SRR280/014/SRR28040614/SRR28040614_2.fastq.gz
SRR28040630	PAIRED	https://ftp.sra.ebi.ac.uk/vol1/fastq/SRR280/030/SRR28040630/SRR28040630_1.fastq.gz	https://ftp.sra.ebi.ac.uk/vol1/fastq/SRR280/030/SRR28040630/SRR28040630_2.fastq.gz
SRR28040634	PAIRED	https://ftp.sra.ebi.ac.uk/vol1/fastq/SRR280/034/SRR28040634/SRR28040634_1.fastq.gz	https://ftp.sra.ebi.ac.uk/vol1/fastq/SRR280/034/SRR28040634/SRR28040634_2.fastq.gz
SRR28040635	PAIRED	https://ftp.sra.ebi.ac.uk/vol1/fastq/SRR280/035/SRR28040635/SRR28040635_1.fastq.gz	https://ftp.sra.ebi.ac.uk/vol1/fastq/SRR280/035/SRR28040635/SRR28040635_2.fastq.gz
SRR28040641	PAIRED	https://ftp.sra.ebi.ac.uk/vol1/fastq/SRR280/041/SRR28040641/SRR28040641_1.fastq.gz	https://ftp.sra.ebi.ac.uk/vol1/fastq/SRR280/041/SRR28040641/SRR28040641_2.fastq.gz
SRR28121858	PAIRED	https://ftp.sra.ebi.ac.uk/vol1/fastq/SRR281/058/SRR28121858/SRR28121858_1.fastq.gz	https://ftp.sra.ebi.ac.uk/vol1/fastq/SRR281/058/SRR28121858/SRR28121858_2.fastq.gz
SRR28121859	PAIRED	https://ftp.sra.ebi.ac.uk/vol1/fastq/SRR281/059/SRR28121859/SRR28121859_1.fastq.gz	https://ftp.sra.ebi.ac.uk/vol1/fastq/SRR281/059/SRR28121859/SRR28121859_2.fastq.gz
SRR28124134	PAIRED	https://ftp.sra.ebi.ac.uk/vol1/fastq/SRR281/034/SRR28124134/SRR28124134_1.fastq.gz	https://ftp.sra.ebi.ac.uk/vol1/fastq/SRR281/034/SRR28124134/SRR28124134_2.fastq.gz
SRR28124937	PAIRED	https://ftp.sra.ebi.ac.uk/vol1/fastq/SRR281/037/SRR28124937/SRR28124937_1.fastq.gz	https://ftp.sra.ebi.ac.uk/vol1/fastq/SRR281/037/SRR28124937/SRR28124937_2.fastq.gz
SRR28198049	PAIRED	https://ftp.sra.ebi.ac.uk/vol1/fastq/SRR281/049/SRR28198049/SRR28198049_1.fastq.gz	https://ftp.sra.ebi.ac.uk/vol1/fastq/SRR281/049/SRR28198049/SRR28198049_2.fastq.gz
SRR28291777	PAIRED	https://ftp.sra.ebi.ac.uk/vol1/fastq/SRR282/077/SRR28291777/SRR28291777_1.fastq.gz	https://ftp.sra.ebi.ac.uk/vol1/fastq/SRR282/077/SRR28291777/SRR28291777_2.fastq.gz
SRR28295093	PAIRED	https://ftp.sra.ebi.ac.uk/vol1/fastq/SRR282/093/SRR28295093/SRR28295093_1.fastq.gz	https://ftp.sra.ebi.ac.uk/vol1/fastq/SRR282/093/SRR28295093/SRR28295093_2.fastq.gz
SRR28295096	PAIRED	https://ftp.sra.ebi.ac.uk/vol1/fastq/SRR282/096/SRR28295096/SRR28295096_1.fastq.gz	https://ftp.sra.ebi.ac.uk/vol1/fastq/SRR282/096/SRR28295096/SRR28295096_2.fastq.gz
SRR28295097	PAIRED	https://ftp.sra.ebi.ac.uk/vol1/fastq/SRR282/097/SRR28295097/SRR28295097_1.fastq.gz	https://ftp.sra.ebi.ac.uk/vol1/fastq/SRR282/097/SRR28295097/SRR28295097_2.fastq.gz
SRR28295099	PAIRED	https://ftp.sra.ebi.ac.uk/vol1/fastq/SRR282/099/SRR28295099/SRR28295099_1.fastq.gz	https://ftp.sra.ebi.ac.uk/vol1/fastq/SRR282/099/SRR28295099/SRR28295099_2.fastq.gz
SRR28299548	PAIRED	https://ftp.sra.ebi.ac.uk/vol1/fastq/SRR282/048/SRR28299548/SRR28299548_1.fastq.gz	https://ftp.sra.ebi.ac.uk/vol1/fastq/SRR282/048/SRR28299548/SRR28299548_2.fastq.gz
SRR28313070	PAIRED	https://ftp.sra.ebi.ac.uk/vol1/fastq/SRR283/070/SRR28313070/SRR28313070_1.fastq.gz	https://ftp.sra.ebi.ac.uk/vol1/fastq/SRR283/070/SRR28313070/SRR28313070_2.fastq.gz
SRR28334390	PAIRED	https://ftp.sra.ebi.ac.uk/vol1/fastq/SRR283/090/SRR28334390/SRR28334390_1.fastq.gz	https://ftp.sra.ebi.ac.uk/vol1/fastq/SRR283/090/SRR28334390/SRR28334390_2.fastq.gz
SRR28334403	PAIRED	https://ftp.sra.ebi.ac.uk/vol1/fastq/SRR283/003/SRR28334403/SRR28334403_1.fastq.gz	https://ftp.sra.ebi.ac.uk/vol1/fastq/SRR283/003/SRR28334403/SRR28334403_2.fastq.gz
SRR28334406	PAIRED	https://ftp.sra.ebi.ac.uk/vol1/fastq/SRR283/006/SRR28334406/SRR28334406_1.fastq.gz	https://ftp.sra.ebi.ac.uk/vol1/fastq/SRR283/006/SRR28334406/SRR28334406_2.fastq.gz
SRR28334483	PAIRED	https://ftp.sra.ebi.ac.uk/vol1/fastq/SRR283/083/SRR28334483/SRR28334483_1.fastq.gz	https://ftp.sra.ebi.ac.uk/vol1/fastq/SRR283/083/SRR28334483/SRR28334483_2.fastq.gz
SRR28334492	PAIRED	https://ftp.sra.ebi.ac.uk/vol1/fastq/SRR283/092/SRR28334492/SRR28334492_1.fastq.gz	https://ftp.sra.ebi.ac.uk/vol1/fastq/SRR283/092/SRR28334492/SRR28334492_2.fastq.gz
SRR28334496	PAIRED	https://ftp.sra.ebi.ac.uk/vol1/fastq/SRR283/096/SRR28334496/SRR28334496_1.fastq.gz	https://ftp.sra.ebi.ac.uk/vol1/fastq/SRR283/096/SRR28334496/SRR28334496_2.fastq.gz
SRR28334500	PAIRED	https://ftp.sra.ebi.ac.uk/vol1/fastq/SRR283/000/SRR28334500/SRR28334500_1.fastq.gz	https://ftp.sra.ebi.ac.uk/vol1/fastq/SRR283/000/SRR28334500/SRR28334500_2.fastq.gz
SRR28334502	PAIRED	https://ftp.sra.ebi.ac.uk/vol1/fastq/SRR283/002/SRR28334502/SRR28334502_1.fastq.gz	https://ftp.sra.ebi.ac.uk/vol1/fastq/SRR283/002/SRR28334502/SRR28334502_2.fastq.gz
SRR28334547	PAIRED	https://ftp.sra.ebi.ac.uk/vol1/fastq/SRR283/047/SRR28334547/SRR28334547_1.fastq.gz	https://ftp.sra.ebi.ac.uk/vol1/fastq/SRR283/047/SRR28334547/SRR28334547_2.fastq.gz
SRR28334551	PAIRED	https://ftp.sra.ebi.ac.uk/vol1/fastq/SRR283/051/SRR28334551/SRR28334551_1.fastq.gz	https://ftp.sra.ebi.ac.uk/vol1/fastq/SRR283/051/SRR28334551/SRR28334551_2.fastq.gz
SRR28334627	PAIRED	https://ftp.sra.ebi.ac.uk/vol1/fastq/SRR283/027/SRR28334627/SRR28334627_1.fastq.gz	https://ftp.sra.ebi.ac.uk/vol1/fastq/SRR283/027/SRR28334627/SRR28334627_2.fastq.gz
SRR28334679	PAIRED	https://ftp.sra.ebi.ac.uk/vol1/fastq/SRR283/079/SRR28334679/SRR28334679_1.fastq.gz	https://ftp.sra.ebi.ac.uk/vol1/fastq/SRR283/079/SRR28334679/SRR28334679_2.fastq.gz
SRR28357606	PAIRED	https://ftp.sra.ebi.ac.uk/vol1/fastq/SRR283/006/SRR28357606/SRR28357606_1.fastq.gz	https://ftp.sra.ebi.ac.uk/vol1/fastq/SRR283/006/SRR28357606/SRR28357606_2.fastq.gz
SRR28361179	PAIRED	https://ftp.sra.ebi.ac.uk/vol1/fastq/SRR283/079/SRR28361179/SRR28361179_1.fastq.gz	https://ftp.sra.ebi.ac.uk/vol1/fastq/SRR283/079/SRR28361179/SRR28361179_2.fastq.gz
SRR28462988	PAIRED	https://ftp.sra.ebi.ac.uk/vol1/fastq/SRR284/088/SRR28462988/SRR28462988_1.fastq.gz	https://ftp.sra.ebi.ac.uk/vol1/fastq/SRR284/088/SRR28462988/SRR28462988_2.fastq.gz
SRR28465230	PAIRED	https://ftp.sra.ebi.ac.uk/vol1/fastq/SRR284/030/SRR28465230/SRR28465230_1.fastq.gz	https://ftp.sra.ebi.ac.uk/vol1/fastq/SRR284/030/SRR28465230/SRR28465230_2.fastq.gz
SRR28465242	PAIRED	https://ftp.sra.ebi.ac.uk/vol1/fastq/SRR284/042/SRR28465242/SRR28465242_1.fastq.gz	https://ftp.sra.ebi.ac.uk/vol1/fastq/SRR284/042/SRR28465242/SRR28465242_2.fastq.gz
SRR28465253	PAIRED	https://ftp.sra.ebi.ac.uk/vol1/fastq/SRR284/053/SRR28465253/SRR28465253_1.fastq.gz	https://ftp.sra.ebi.ac.uk/vol1/fastq/SRR284/053/SRR28465253/SRR28465253_2.fastq.gz
SRR28465261	PAIRED	https://ftp.sra.ebi.ac.uk/vol1/fastq/SRR284/061/SRR28465261/SRR28465261_1.fastq.gz	https://ftp.sra.ebi.ac.uk/vol1/fastq/SRR284/061/SRR28465261/SRR28465261_2.fastq.gz
SRR28516783	PAIRED	https://ftp.sra.ebi.ac.uk/vol1/fastq/SRR285/083/SRR28516783/SRR28516783_1.fastq.gz	https://ftp.sra.ebi.ac.uk/vol1/fastq/SRR285/083/SRR28516783/SRR28516783_2.fastq.gz
SRR28530526	PAIRED	https://ftp.sra.ebi.ac.uk/vol1/fastq/SRR285/026/SRR28530526/SRR28530526_1.fastq.gz	https://ftp.sra.ebi.ac.uk/vol1/fastq/SRR285/026/SRR28530526/SRR28530526_2.fastq.gz
SRR28558443	PAIRED	https://ftp.sra.ebi.ac.uk/vol1/fastq/SRR285/043/SRR28558443/SRR28558443_1.fastq.gz	https://ftp.sra.ebi.ac.uk/vol1/fastq/SRR285/043/SRR28558443/SRR28558443_2.fastq.gz
SRR28558448	PAIRED	https://ftp.sra.ebi.ac.uk/vol1/fastq/SRR285/048/SRR28558448/SRR28558448_1.fastq.gz	https://ftp.sra.ebi.ac.uk/vol1/fastq/SRR285/048/SRR28558448/SRR28558448_2.fastq.gz
SRR28562465	PAIRED	https://ftp.sra.ebi.ac.uk/vol1/fastq/SRR285/065/SRR28562465/SRR28562465_1.fastq.gz	https://ftp.sra.ebi.ac.uk/vol1/fastq/SRR285/065/SRR28562465/SRR28562465_2.fastq.gz
SRR28616999	PAIRED	https://ftp.sra.ebi.ac.uk/vol1/fastq/SRR286/099/SRR28616999/SRR28616999_1.fastq.gz	https://ftp.sra.ebi.ac.uk/vol1/fastq/SRR286/099/SRR28616999/SRR28616999_2.fastq.gz
SRR28617003	PAIRED	https://ftp.sra.ebi.ac.uk/vol1/fastq/SRR286/003/SRR28617003/SRR28617003_1.fastq.gz	https://ftp.sra.ebi.ac.uk/vol1/fastq/SRR286/003/SRR28617003/SRR28617003_2.fastq.gz
SRR28617020	PAIRED	https://ftp.sra.ebi.ac.uk/vol1/fastq/SRR286/020/SRR28617020/SRR28617020_1.fastq.gz	https://ftp.sra.ebi.ac.uk/vol1/fastq/SRR286/020/SRR28617020/SRR28617020_2.fastq.gz
SRR28617028	PAIRED	https://ftp.sra.ebi.ac.uk/vol1/fastq/SRR286/028/SRR28617028/SRR28617028_1.fastq.gz	https://ftp.sra.ebi.ac.uk/vol1/fastq/SRR286/028/SRR28617028/SRR28617028_2.fastq.gz
SRR28617060	PAIRED	https://ftp.sra.ebi.ac.uk/vol1/fastq/SRR286/060/SRR28617060/SRR28617060_1.fastq.gz	https://ftp.sra.ebi.ac.uk/vol1/fastq/SRR286/060/SRR28617060/SRR28617060_2.fastq.gz
SRR28618911	PAIRED	https://ftp.sra.ebi.ac.uk/vol1/fastq/SRR286/011/SRR28618911/SRR28618911_1.fastq.gz	https://ftp.sra.ebi.ac.uk/vol1/fastq/SRR286/011/SRR28618911/SRR28618911_2.fastq.gz
SRR28637706	PAIRED	https://ftp.sra.ebi.ac.uk/vol1/fastq/SRR286/006/SRR28637706/SRR28637706_1.fastq.gz	https://ftp.sra.ebi.ac.uk/vol1/fastq/SRR286/006/SRR28637706/SRR28637706_2.fastq.gz
SRR28741928	PAIRED	https://ftp.sra.ebi.ac.uk/vol1/fastq/SRR287/028/SRR28741928/SRR28741928_1.fastq.gz	https://ftp.sra.ebi.ac.uk/vol1/fastq/SRR287/028/SRR28741928/SRR28741928_2.fastq.gz
SRR28743699	PAIRED	https://ftp.sra.ebi.ac.uk/vol1/fastq/SRR287/099/SRR28743699/SRR28743699_1.fastq.gz	https://ftp.sra.ebi.ac.uk/vol1/fastq/SRR287/099/SRR28743699/SRR28743699_2.fastq.gz
SRR28743713	PAIRED	https://ftp.sra.ebi.ac.uk/vol1/fastq/SRR287/013/SRR28743713/SRR28743713_1.fastq.gz	https://ftp.sra.ebi.ac.uk/vol1/fastq/SRR287/013/SRR28743713/SRR28743713_2.fastq.gz
SRR28763220	PAIRED	https://ftp.sra.ebi.ac.uk/vol1/fastq/SRR287/020/SRR28763220/SRR28763220_1.fastq.gz	https://ftp.sra.ebi.ac.uk/vol1/fastq/SRR287/020/SRR28763220/SRR28763220_2.fastq.gz
SRR28777941	PAIRED	https://ftp.sra.ebi.ac.uk/vol1/fastq/SRR287/041/SRR28777941/SRR28777941_1.fastq.gz	https://ftp.sra.ebi.ac.uk/vol1/fastq/SRR287/041/SRR28777941/SRR28777941_2.fastq.gz
SRR28777988	PAIRED	https://ftp.sra.ebi.ac.uk/vol1/fastq/SRR287/088/SRR28777988/SRR28777988_1.fastq.gz	https://ftp.sra.ebi.ac.uk/vol1/fastq/SRR287/088/SRR28777988/SRR28777988_2.fastq.gz
SRR28813028	PAIRED	https://ftp.sra.ebi.ac.uk/vol1/fastq/SRR288/028/SRR28813028/SRR28813028_1.fastq.gz	https://ftp.sra.ebi.ac.uk/vol1/fastq/SRR288/028/SRR28813028/SRR28813028_2.fastq.gz
SRR28845735	PAIRED	https://ftp.sra.ebi.ac.uk/vol1/fastq/SRR288/035/SRR28845735/SRR28845735_1.fastq.gz	https://ftp.sra.ebi.ac.uk/vol1/fastq/SRR288/035/SRR28845735/SRR28845735_2.fastq.gz
SRR28867060	PAIRED	https://ftp.sra.ebi.ac.uk/vol1/fastq/SRR288/060/SRR28867060/SRR28867060_1.fastq.gz	https://ftp.sra.ebi.ac.uk/vol1/fastq/SRR288/060/SRR28867060/SRR28867060_2.fastq.gz
SRR29007818	PAIRED	https://ftp.sra.ebi.ac.uk/vol1/fastq/SRR290/018/SRR29007818/SRR29007818_1.fastq.gz	https://ftp.sra.ebi.ac.uk/vol1/fastq/SRR290/018/SRR29007818/SRR29007818_2.fastq.gz
SRR29012780	PAIRED	https://ftp.sra.ebi.ac.uk/vol1/fastq/SRR290/080/SRR29012780/SRR29012780_1.fastq.gz	https://ftp.sra.ebi.ac.uk/vol1/fastq/SRR290/080/SRR29012780/SRR29012780_2.fastq.gz
SRR29042546	PAIRED	https://ftp.sra.ebi.ac.uk/vol1/fastq/SRR290/046/SRR29042546/SRR29042546_1.fastq.gz	https://ftp.sra.ebi.ac.uk/vol1/fastq/SRR290/046/SRR29042546/SRR29042546_2.fastq.gz
SRR29042783	PAIRED	https://ftp.sra.ebi.ac.uk/vol1/fastq/SRR290/083/SRR29042783/SRR29042783_1.fastq.gz	https://ftp.sra.ebi.ac.uk/vol1/fastq/SRR290/083/SRR29042783/SRR29042783_2.fastq.gz
SRR29061810	PAIRED	https://ftp.sra.ebi.ac.uk/vol1/fastq/SRR290/010/SRR29061810/SRR29061810_1.fastq.gz	https://ftp.sra.ebi.ac.uk/vol1/fastq/SRR290/010/SRR29061810/SRR29061810_2.fastq.gz
SRR29061864	PAIRED	https://ftp.sra.ebi.ac.uk/vol1/fastq/SRR290/064/SRR29061864/SRR29061864_1.fastq.gz	https://ftp.sra.ebi.ac.uk/vol1/fastq/SRR290/064/SRR29061864/SRR29061864_2.fastq.gz
SRR29061880	PAIRED	https://ftp.sra.ebi.ac.uk/vol1/fastq/SRR290/080/SRR29061880/SRR29061880_1.fastq.gz	https://ftp.sra.ebi.ac.uk/vol1/fastq/SRR290/080/SRR29061880/SRR29061880_2.fastq.gz
SRR29061919	PAIRED	https://ftp.sra.ebi.ac.uk/vol1/fastq/SRR290/019/SRR29061919/SRR29061919_1.fastq.gz	https://ftp.sra.ebi.ac.uk/vol1/fastq/SRR290/019/SRR29061919/SRR29061919_2.fastq.gz
SRR29067409	PAIRED	https://ftp.sra.ebi.ac.uk/vol1/fastq/SRR290/009/SRR29067409/SRR29067409_1.fastq.gz	https://ftp.sra.ebi.ac.uk/vol1/fastq/SRR290/009/SRR29067409/SRR29067409_2.fastq.gz
SRR29067414	PAIRED	https://ftp.sra.ebi.ac.uk/vol1/fastq/SRR290/014/SRR29067414/SRR29067414_1.fastq.gz	https://ftp.sra.ebi.ac.uk/vol1/fastq/SRR290/014/SRR29067414/SRR29067414_2.fastq.gz
SRR29090418	PAIRED	https://ftp.sra.ebi.ac.uk/vol1/fastq/SRR290/018/SRR29090418/SRR29090418_1.fastq.gz	https://ftp.sra.ebi.ac.uk/vol1/fastq/SRR290/018/SRR29090418/SRR29090418_2.fastq.gz
SRR29149371	PAIRED	https://ftp.sra.ebi.ac.uk/vol1/fastq/SRR291/071/SRR29149371/SRR29149371_1.fastq.gz	https://ftp.sra.ebi.ac.uk/vol1/fastq/SRR291/071/SRR29149371/SRR29149371_2.fastq.gz
SRR29152334	PAIRED	https://ftp.sra.ebi.ac.uk/vol1/fastq/SRR291/034/SRR29152334/SRR29152334_1.fastq.gz	https://ftp.sra.ebi.ac.uk/vol1/fastq/SRR291/034/SRR29152334/SRR29152334_2.fastq.gz
SRR29202154	PAIRED	https://ftp.sra.ebi.ac.uk/vol1/fastq/SRR292/054/SRR29202154/SRR29202154_1.fastq.gz	https://ftp.sra.ebi.ac.uk/vol1/fastq/SRR292/054/SRR29202154/SRR29202154_2.fastq.gz
SRR29202173	PAIRED	https://ftp.sra.ebi.ac.uk/vol1/fastq/SRR292/073/SRR29202173/SRR29202173_1.fastq.gz	https://ftp.sra.ebi.ac.uk/vol1/fastq/SRR292/073/SRR29202173/SRR29202173_2.fastq.gz
SRR29218855	PAIRED	https://ftp.sra.ebi.ac.uk/vol1/fastq/SRR292/055/SRR29218855/SRR29218855_1.fastq.gz	https://ftp.sra.ebi.ac.uk/vol1/fastq/SRR292/055/SRR29218855/SRR29218855_2.fastq.gz
SRR29245606	PAIRED	https://ftp.sra.ebi.ac.uk/vol1/fastq/SRR292/006/SRR29245606/SRR29245606_1.fastq.gz	https://ftp.sra.ebi.ac.uk/vol1/fastq/SRR292/006/SRR29245606/SRR29245606_2.fastq.gz
SRR29248895	PAIRED	https://ftp.sra.ebi.ac.uk/vol1/fastq/SRR292/095/SRR29248895/SRR29248895_1.fastq.gz	https://ftp.sra.ebi.ac.uk/vol1/fastq/SRR292/095/SRR29248895/SRR29248895_2.fastq.gz
SRR29263582	PAIRED	https://ftp.sra.ebi.ac.uk/vol1/fastq/SRR292/082/SRR29263582/SRR29263582_1.fastq.gz	https://ftp.sra.ebi.ac.uk/vol1/fastq/SRR292/082/SRR29263582/SRR29263582_2.fastq.gz
SRR29284755	PAIRED	https://ftp.sra.ebi.ac.uk/vol1/fastq/SRR292/055/SRR29284755/SRR29284755_1.fastq.gz	https://ftp.sra.ebi.ac.uk/vol1/fastq/SRR292/055/SRR29284755/SRR29284755_2.fastq.gz
SRR29313537	PAIRED	https://ftp.sra.ebi.ac.uk/vol1/fastq/SRR293/037/SRR29313537/SRR29313537_1.fastq.gz	https://ftp.sra.ebi.ac.uk/vol1/fastq/SRR293/037/SRR29313537/SRR29313537_2.fastq.gz
SRR29313552	PAIRED	https://ftp.sra.ebi.ac.uk/vol1/fastq/SRR293/052/SRR29313552/SRR29313552_1.fastq.gz	https://ftp.sra.ebi.ac.uk/vol1/fastq/SRR293/052/SRR29313552/SRR29313552_2.fastq.gz
SRR29327171	PAIRED	https://ftp.sra.ebi.ac.uk/vol1/fastq/SRR293/071/SRR29327171/SRR29327171_1.fastq.gz	https://ftp.sra.ebi.ac.uk/vol1/fastq/SRR293/071/SRR29327171/SRR29327171_2.fastq.gz
SRR29342735	PAIRED	https://ftp.sra.ebi.ac.uk/vol1/fastq/SRR293/035/SRR29342735/SRR29342735_1.fastq.gz	https://ftp.sra.ebi.ac.uk/vol1/fastq/SRR293/035/SRR29342735/SRR29342735_2.fastq.gz
SRR29375050	PAIRED	https://ftp.sra.ebi.ac.uk/vol1/fastq/SRR293/050/SRR29375050/SRR29375050_1.fastq.gz	https://ftp.sra.ebi.ac.uk/vol1/fastq/SRR293/050/SRR29375050/SRR29375050_2.fastq.gz
SRR29468030	PAIRED	https://ftp.sra.ebi.ac.uk/vol1/fastq/SRR294/030/SRR29468030/SRR29468030_1.fastq.gz	https://ftp.sra.ebi.ac.uk/vol1/fastq/SRR294/030/SRR29468030/SRR29468030_2.fastq.gz
SRR29501340	PAIRED	https://ftp.sra.ebi.ac.uk/vol1/fastq/SRR295/040/SRR29501340/SRR29501340_1.fastq.gz	https://ftp.sra.ebi.ac.uk/vol1/fastq/SRR295/040/SRR29501340/SRR29501340_2.fastq.gz
SRR29534064	PAIRED	https://ftp.sra.ebi.ac.uk/vol1/fastq/SRR295/064/SRR29534064/SRR29534064_1.fastq.gz	https://ftp.sra.ebi.ac.uk/vol1/fastq/SRR295/064/SRR29534064/SRR29534064_2.fastq.gz
SRR29534096	PAIRED	https://ftp.sra.ebi.ac.uk/vol1/fastq/SRR295/096/SRR29534096/SRR29534096_1.fastq.gz	https://ftp.sra.ebi.ac.uk/vol1/fastq/SRR295/096/SRR29534096/SRR29534096_2.fastq.gz
SRR29553176	PAIRED	https://ftp.sra.ebi.ac.uk/vol1/fastq/SRR295/076/SRR29553176/SRR29553176_1.fastq.gz	https://ftp.sra.ebi.ac.uk/vol1/fastq/SRR295/076/SRR29553176/SRR29553176_2.fastq.gz
SRR29553178	PAIRED	https://ftp.sra.ebi.ac.uk/vol1/fastq/SRR295/078/SRR29553178/SRR29553178_1.fastq.gz	https://ftp.sra.ebi.ac.uk/vol1/fastq/SRR295/078/SRR29553178/SRR29553178_2.fastq.gz
SRR29553182	PAIRED	https://ftp.sra.ebi.ac.uk/vol1/fastq/SRR295/082/SRR29553182/SRR29553182_1.fastq.gz	https://ftp.sra.ebi.ac.uk/vol1/fastq/SRR295/082/SRR29553182/SRR29553182_2.fastq.gz
SRR29592459	PAIRED	https://ftp.sra.ebi.ac.uk/vol1/fastq/SRR295/059/SRR29592459/SRR29592459_1.fastq.gz	https://ftp.sra.ebi.ac.uk/vol1/fastq/SRR295/059/SRR29592459/SRR29592459_2.fastq.gz
SRR29598583	PAIRED	https://ftp.sra.ebi.ac.uk/vol1/fastq/SRR295/083/SRR29598583/SRR29598583_1.fastq.gz	https://ftp.sra.ebi.ac.uk/vol1/fastq/SRR295/083/SRR29598583/SRR29598583_2.fastq.gz
SRR29645119	PAIRED	https://ftp.sra.ebi.ac.uk/vol1/fastq/SRR296/019/SRR29645119/SRR29645119_1.fastq.gz	https://ftp.sra.ebi.ac.uk/vol1/fastq/SRR296/019/SRR29645119/SRR29645119_2.fastq.gz
SRR29648669	PAIRED	https://ftp.sra.ebi.ac.uk/vol1/fastq/SRR296/069/SRR29648669/SRR29648669_1.fastq.gz	https://ftp.sra.ebi.ac.uk/vol1/fastq/SRR296/069/SRR29648669/SRR29648669_2.fastq.gz
SRR2965674	PAIRED	https://ftp.sra.ebi.ac.uk/vol1/fastq/SRR296/004/SRR2965674/SRR2965674_1.fastq.gz	https://ftp.sra.ebi.ac.uk/vol1/fastq/SRR296/004/SRR2965674/SRR2965674_2.fastq.gz
SRR2965688	PAIRED	https://ftp.sra.ebi.ac.uk/vol1/fastq/SRR296/008/SRR2965688/SRR2965688_1.fastq.gz	https://ftp.sra.ebi.ac.uk/vol1/fastq/SRR296/008/SRR2965688/SRR2965688_2.fastq.gz
SRR2965696	PAIRED	https://ftp.sra.ebi.ac.uk/vol1/fastq/SRR296/006/SRR2965696/SRR2965696_1.fastq.gz	https://ftp.sra.ebi.ac.uk/vol1/fastq/SRR296/006/SRR2965696/SRR2965696_2.fastq.gz
SRR2965700	PAIRED	https://ftp.sra.ebi.ac.uk/vol1/fastq/SRR296/000/SRR2965700/SRR2965700_1.fastq.gz	https://ftp.sra.ebi.ac.uk/vol1/fastq/SRR296/000/SRR2965700/SRR2965700_2.fastq.gz
SRR2965712	PAIRED	https://ftp.sra.ebi.ac.uk/vol1/fastq/SRR296/002/SRR2965712/SRR2965712_1.fastq.gz	https://ftp.sra.ebi.ac.uk/vol1/fastq/SRR296/002/SRR2965712/SRR2965712_2.fastq.gz
SRR29674632	PAIRED	https://ftp.sra.ebi.ac.uk/vol1/fastq/SRR296/032/SRR29674632/SRR29674632_1.fastq.gz	https://ftp.sra.ebi.ac.uk/vol1/fastq/SRR296/032/SRR29674632/SRR29674632_2.fastq.gz
SRR29674646	PAIRED	https://ftp.sra.ebi.ac.uk/vol1/fastq/SRR296/046/SRR29674646/SRR29674646_1.fastq.gz	https://ftp.sra.ebi.ac.uk/vol1/fastq/SRR296/046/SRR29674646/SRR29674646_2.fastq.gz
SRR29674648	PAIRED	https://ftp.sra.ebi.ac.uk/vol1/fastq/SRR296/048/SRR29674648/SRR29674648_1.fastq.gz	https://ftp.sra.ebi.ac.uk/vol1/fastq/SRR296/048/SRR29674648/SRR29674648_2.fastq.gz
SRR29674651	PAIRED	https://ftp.sra.ebi.ac.uk/vol1/fastq/SRR296/051/SRR29674651/SRR29674651_1.fastq.gz	https://ftp.sra.ebi.ac.uk/vol1/fastq/SRR296/051/SRR29674651/SRR29674651_2.fastq.gz
SRR29674652	PAIRED	https://ftp.sra.ebi.ac.uk/vol1/fastq/SRR296/052/SRR29674652/SRR29674652_1.fastq.gz	https://ftp.sra.ebi.ac.uk/vol1/fastq/SRR296/052/SRR29674652/SRR29674652_2.fastq.gz
SRR29674670	PAIRED	https://ftp.sra.ebi.ac.uk/vol1/fastq/SRR296/070/SRR29674670/SRR29674670_1.fastq.gz	https://ftp.sra.ebi.ac.uk/vol1/fastq/SRR296/070/SRR29674670/SRR29674670_2.fastq.gz
SRR29674700	PAIRED	https://ftp.sra.ebi.ac.uk/vol1/fastq/SRR296/000/SRR29674700/SRR29674700_1.fastq.gz	https://ftp.sra.ebi.ac.uk/vol1/fastq/SRR296/000/SRR29674700/SRR29674700_2.fastq.gz
SRR29674714	PAIRED	https://ftp.sra.ebi.ac.uk/vol1/fastq/SRR296/014/SRR29674714/SRR29674714_1.fastq.gz	https://ftp.sra.ebi.ac.uk/vol1/fastq/SRR296/014/SRR29674714/SRR29674714_2.fastq.gz
SRR29674716	PAIRED	https://ftp.sra.ebi.ac.uk/vol1/fastq/SRR296/016/SRR29674716/SRR29674716_1.fastq.gz	https://ftp.sra.ebi.ac.uk/vol1/fastq/SRR296/016/SRR29674716/SRR29674716_2.fastq.gz
SRR29714889	PAIRED	https://ftp.sra.ebi.ac.uk/vol1/fastq/SRR297/089/SRR29714889/SRR29714889_1.fastq.gz	https://ftp.sra.ebi.ac.uk/vol1/fastq/SRR297/089/SRR29714889/SRR29714889_2.fastq.gz
SRR29716654	PAIRED	https://ftp.sra.ebi.ac.uk/vol1/fastq/SRR297/054/SRR29716654/SRR29716654_1.fastq.gz	https://ftp.sra.ebi.ac.uk/vol1/fastq/SRR297/054/SRR29716654/SRR29716654_2.fastq.gz
SRR29728209	PAIRED	https://ftp.sra.ebi.ac.uk/vol1/fastq/SRR297/009/SRR29728209/SRR29728209_1.fastq.gz	https://ftp.sra.ebi.ac.uk/vol1/fastq/SRR297/009/SRR29728209/SRR29728209_2.fastq.gz
SRR29728244	PAIRED	https://ftp.sra.ebi.ac.uk/vol1/fastq/SRR297/044/SRR29728244/SRR29728244_1.fastq.gz	https://ftp.sra.ebi.ac.uk/vol1/fastq/SRR297/044/SRR29728244/SRR29728244_2.fastq.gz
SRR29728245	PAIRED	https://ftp.sra.ebi.ac.uk/vol1/fastq/SRR297/045/SRR29728245/SRR29728245_1.fastq.gz	https://ftp.sra.ebi.ac.uk/vol1/fastq/SRR297/045/SRR29728245/SRR29728245_2.fastq.gz
SRR29730946	PAIRED	https://ftp.sra.ebi.ac.uk/vol1/fastq/SRR297/046/SRR29730946/SRR29730946_1.fastq.gz	https://ftp.sra.ebi.ac.uk/vol1/fastq/SRR297/046/SRR29730946/SRR29730946_2.fastq.gz
SRR29733096	PAIRED	https://ftp.sra.ebi.ac.uk/vol1/fastq/SRR297/096/SRR29733096/SRR29733096_1.fastq.gz	https://ftp.sra.ebi.ac.uk/vol1/fastq/SRR297/096/SRR29733096/SRR29733096_2.fastq.gz
SRR29735270	PAIRED	https://ftp.sra.ebi.ac.uk/vol1/fastq/SRR297/070/SRR29735270/SRR29735270_1.fastq.gz	https://ftp.sra.ebi.ac.uk/vol1/fastq/SRR297/070/SRR29735270/SRR29735270_2.fastq.gz
SRR29748541	PAIRED	https://ftp.sra.ebi.ac.uk/vol1/fastq/SRR297/041/SRR29748541/SRR29748541_1.fastq.gz	https://ftp.sra.ebi.ac.uk/vol1/fastq/SRR297/041/SRR29748541/SRR29748541_2.fastq.gz
SRR29748561	PAIRED	https://ftp.sra.ebi.ac.uk/vol1/fastq/SRR297/061/SRR29748561/SRR29748561_1.fastq.gz	https://ftp.sra.ebi.ac.uk/vol1/fastq/SRR297/061/SRR29748561/SRR29748561_2.fastq.gz
SRR29748698	PAIRED	https://ftp.sra.ebi.ac.uk/vol1/fastq/SRR297/098/SRR29748698/SRR29748698_1.fastq.gz	https://ftp.sra.ebi.ac.uk/vol1/fastq/SRR297/098/SRR29748698/SRR29748698_2.fastq.gz
SRR29748874	PAIRED	https://ftp.sra.ebi.ac.uk/vol1/fastq/SRR297/074/SRR29748874/SRR29748874_1.fastq.gz	https://ftp.sra.ebi.ac.uk/vol1/fastq/SRR297/074/SRR29748874/SRR29748874_2.fastq.gz
SRR29748886	PAIRED	https://ftp.sra.ebi.ac.uk/vol1/fastq/SRR297/086/SRR29748886/SRR29748886_1.fastq.gz	https://ftp.sra.ebi.ac.uk/vol1/fastq/SRR297/086/SRR29748886/SRR29748886_2.fastq.gz
SRR29750931	PAIRED	https://ftp.sra.ebi.ac.uk/vol1/fastq/SRR297/031/SRR29750931/SRR29750931_1.fastq.gz	https://ftp.sra.ebi.ac.uk/vol1/fastq/SRR297/031/SRR29750931/SRR29750931_2.fastq.gz
SRR29750956	PAIRED	https://ftp.sra.ebi.ac.uk/vol1/fastq/SRR297/056/SRR29750956/SRR29750956_1.fastq.gz	https://ftp.sra.ebi.ac.uk/vol1/fastq/SRR297/056/SRR29750956/SRR29750956_2.fastq.gz
SRR29751009	PAIRED	https://ftp.sra.ebi.ac.uk/vol1/fastq/SRR297/009/SRR29751009/SRR29751009_1.fastq.gz	https://ftp.sra.ebi.ac.uk/vol1/fastq/SRR297/009/SRR29751009/SRR29751009_2.fastq.gz
SRR29751022	PAIRED	https://ftp.sra.ebi.ac.uk/vol1/fastq/SRR297/022/SRR29751022/SRR29751022_1.fastq.gz	https://ftp.sra.ebi.ac.uk/vol1/fastq/SRR297/022/SRR29751022/SRR29751022_2.fastq.gz
SRR29751032	PAIRED	https://ftp.sra.ebi.ac.uk/vol1/fastq/SRR297/032/SRR29751032/SRR29751032_1.fastq.gz	https://ftp.sra.ebi.ac.uk/vol1/fastq/SRR297/032/SRR29751032/SRR29751032_2.fastq.gz
SRR29751117	PAIRED	https://ftp.sra.ebi.ac.uk/vol1/fastq/SRR297/017/SRR29751117/SRR29751117_1.fastq.gz	https://ftp.sra.ebi.ac.uk/vol1/fastq/SRR297/017/SRR29751117/SRR29751117_2.fastq.gz
SRR29751311	PAIRED	https://ftp.sra.ebi.ac.uk/vol1/fastq/SRR297/011/SRR29751311/SRR29751311_1.fastq.gz	https://ftp.sra.ebi.ac.uk/vol1/fastq/SRR297/011/SRR29751311/SRR29751311_2.fastq.gz
SRR29751350	PAIRED	https://ftp.sra.ebi.ac.uk/vol1/fastq/SRR297/050/SRR29751350/SRR29751350_1.fastq.gz	https://ftp.sra.ebi.ac.uk/vol1/fastq/SRR297/050/SRR29751350/SRR29751350_2.fastq.gz
SRR29764712	PAIRED	https://ftp.sra.ebi.ac.uk/vol1/fastq/SRR297/012/SRR29764712/SRR29764712_1.fastq.gz	https://ftp.sra.ebi.ac.uk/vol1/fastq/SRR297/012/SRR29764712/SRR29764712_2.fastq.gz
SRR29816698	PAIRED	https://ftp.sra.ebi.ac.uk/vol1/fastq/SRR298/098/SRR29816698/SRR29816698_1.fastq.gz	https://ftp.sra.ebi.ac.uk/vol1/fastq/SRR298/098/SRR29816698/SRR29816698_2.fastq.gz
SRR29834563	PAIRED	https://ftp.sra.ebi.ac.uk/vol1/fastq/SRR298/063/SRR29834563/SRR29834563_1.fastq.gz	https://ftp.sra.ebi.ac.uk/vol1/fastq/SRR298/063/SRR29834563/SRR29834563_2.fastq.gz
SRR29881442	PAIRED	https://ftp.sra.ebi.ac.uk/vol1/fastq/SRR298/042/SRR29881442/SRR29881442_1.fastq.gz	https://ftp.sra.ebi.ac.uk/vol1/fastq/SRR298/042/SRR29881442/SRR29881442_2.fastq.gz
SRR29895555	PAIRED	https://ftp.sra.ebi.ac.uk/vol1/fastq/SRR298/055/SRR29895555/SRR29895555_1.fastq.gz	https://ftp.sra.ebi.ac.uk/vol1/fastq/SRR298/055/SRR29895555/SRR29895555_2.fastq.gz
SRR29962942	PAIRED	https://ftp.sra.ebi.ac.uk/vol1/fastq/SRR299/042/SRR29962942/SRR29962942_1.fastq.gz	https://ftp.sra.ebi.ac.uk/vol1/fastq/SRR299/042/SRR29962942/SRR29962942_2.fastq.gz
SRR29988168	PAIRED	https://ftp.sra.ebi.ac.uk/vol1/fastq/SRR299/068/SRR29988168/SRR29988168_1.fastq.gz	https://ftp.sra.ebi.ac.uk/vol1/fastq/SRR299/068/SRR29988168/SRR29988168_2.fastq.gz
SRR29996199	PAIRED	https://ftp.sra.ebi.ac.uk/vol1/fastq/SRR299/099/SRR29996199/SRR29996199_1.fastq.gz	https://ftp.sra.ebi.ac.uk/vol1/fastq/SRR299/099/SRR29996199/SRR29996199_2.fastq.gz
SRR30006723	PAIRED	https://ftp.sra.ebi.ac.uk/vol1/fastq/SRR300/023/SRR30006723/SRR30006723_1.fastq.gz	https://ftp.sra.ebi.ac.uk/vol1/fastq/SRR300/023/SRR30006723/SRR30006723_2.fastq.gz
SRR30017591	PAIRED	https://ftp.sra.ebi.ac.uk/vol1/fastq/SRR300/091/SRR30017591/SRR30017591_1.fastq.gz	https://ftp.sra.ebi.ac.uk/vol1/fastq/SRR300/091/SRR30017591/SRR30017591_2.fastq.gz
SRR30066232	PAIRED	https://ftp.sra.ebi.ac.uk/vol1/fastq/SRR300/032/SRR30066232/SRR30066232_1.fastq.gz	https://ftp.sra.ebi.ac.uk/vol1/fastq/SRR300/032/SRR30066232/SRR30066232_2.fastq.gz
SRR30131354	PAIRED	https://ftp.sra.ebi.ac.uk/vol1/fastq/SRR301/054/SRR30131354/SRR30131354_1.fastq.gz	https://ftp.sra.ebi.ac.uk/vol1/fastq/SRR301/054/SRR30131354/SRR30131354_2.fastq.gz
SRR30148241	PAIRED	https://ftp.sra.ebi.ac.uk/vol1/fastq/SRR301/041/SRR30148241/SRR30148241_1.fastq.gz	https://ftp.sra.ebi.ac.uk/vol1/fastq/SRR301/041/SRR30148241/SRR30148241_2.fastq.gz
SRR30162180	PAIRED	https://ftp.sra.ebi.ac.uk/vol1/fastq/SRR301/080/SRR30162180/SRR30162180_1.fastq.gz	https://ftp.sra.ebi.ac.uk/vol1/fastq/SRR301/080/SRR30162180/SRR30162180_2.fastq.gz
SRR30172077	PAIRED	https://ftp.sra.ebi.ac.uk/vol1/fastq/SRR301/077/SRR30172077/SRR30172077_1.fastq.gz	https://ftp.sra.ebi.ac.uk/vol1/fastq/SRR301/077/SRR30172077/SRR30172077_2.fastq.gz
SRR30178732	PAIRED	https://ftp.sra.ebi.ac.uk/vol1/fastq/SRR301/032/SRR30178732/SRR30178732_1.fastq.gz	https://ftp.sra.ebi.ac.uk/vol1/fastq/SRR301/032/SRR30178732/SRR30178732_2.fastq.gz
SRR30178734	PAIRED	https://ftp.sra.ebi.ac.uk/vol1/fastq/SRR301/034/SRR30178734/SRR30178734_1.fastq.gz	https://ftp.sra.ebi.ac.uk/vol1/fastq/SRR301/034/SRR30178734/SRR30178734_2.fastq.gz
SRR30178763	PAIRED	https://ftp.sra.ebi.ac.uk/vol1/fastq/SRR301/063/SRR30178763/SRR30178763_1.fastq.gz	https://ftp.sra.ebi.ac.uk/vol1/fastq/SRR301/063/SRR30178763/SRR30178763_2.fastq.gz
SRR30178810	PAIRED	https://ftp.sra.ebi.ac.uk/vol1/fastq/SRR301/010/SRR30178810/SRR30178810_1.fastq.gz	https://ftp.sra.ebi.ac.uk/vol1/fastq/SRR301/010/SRR30178810/SRR30178810_2.fastq.gz
SRR30178825	PAIRED	https://ftp.sra.ebi.ac.uk/vol1/fastq/SRR301/025/SRR30178825/SRR30178825_1.fastq.gz	https://ftp.sra.ebi.ac.uk/vol1/fastq/SRR301/025/SRR30178825/SRR30178825_2.fastq.gz
SRR30178828	PAIRED	https://ftp.sra.ebi.ac.uk/vol1/fastq/SRR301/028/SRR30178828/SRR30178828_1.fastq.gz	https://ftp.sra.ebi.ac.uk/vol1/fastq/SRR301/028/SRR30178828/SRR30178828_2.fastq.gz
SRR30178875	PAIRED	https://ftp.sra.ebi.ac.uk/vol1/fastq/SRR301/075/SRR30178875/SRR30178875_1.fastq.gz	https://ftp.sra.ebi.ac.uk/vol1/fastq/SRR301/075/SRR30178875/SRR30178875_2.fastq.gz
SRR30178928	PAIRED	https://ftp.sra.ebi.ac.uk/vol1/fastq/SRR301/028/SRR30178928/SRR30178928_1.fastq.gz	https://ftp.sra.ebi.ac.uk/vol1/fastq/SRR301/028/SRR30178928/SRR30178928_2.fastq.gz
SRR30179137	PAIRED	https://ftp.sra.ebi.ac.uk/vol1/fastq/SRR301/037/SRR30179137/SRR30179137_1.fastq.gz	https://ftp.sra.ebi.ac.uk/vol1/fastq/SRR301/037/SRR30179137/SRR30179137_2.fastq.gz
SRR30179139	PAIRED	https://ftp.sra.ebi.ac.uk/vol1/fastq/SRR301/039/SRR30179139/SRR30179139_1.fastq.gz	https://ftp.sra.ebi.ac.uk/vol1/fastq/SRR301/039/SRR30179139/SRR30179139_2.fastq.gz
SRR30179216	PAIRED	https://ftp.sra.ebi.ac.uk/vol1/fastq/SRR301/016/SRR30179216/SRR30179216_1.fastq.gz	https://ftp.sra.ebi.ac.uk/vol1/fastq/SRR301/016/SRR30179216/SRR30179216_2.fastq.gz
SRR30179297	PAIRED	https://ftp.sra.ebi.ac.uk/vol1/fastq/SRR301/097/SRR30179297/SRR30179297_1.fastq.gz	https://ftp.sra.ebi.ac.uk/vol1/fastq/SRR301/097/SRR30179297/SRR30179297_2.fastq.gz
SRR30179312	PAIRED	https://ftp.sra.ebi.ac.uk/vol1/fastq/SRR301/012/SRR30179312/SRR30179312_1.fastq.gz	https://ftp.sra.ebi.ac.uk/vol1/fastq/SRR301/012/SRR30179312/SRR30179312_2.fastq.gz
SRR30179320	PAIRED	https://ftp.sra.ebi.ac.uk/vol1/fastq/SRR301/020/SRR30179320/SRR30179320_1.fastq.gz	https://ftp.sra.ebi.ac.uk/vol1/fastq/SRR301/020/SRR30179320/SRR30179320_2.fastq.gz
SRR30179335	PAIRED	https://ftp.sra.ebi.ac.uk/vol1/fastq/SRR301/035/SRR30179335/SRR30179335_1.fastq.gz	https://ftp.sra.ebi.ac.uk/vol1/fastq/SRR301/035/SRR30179335/SRR30179335_2.fastq.gz
SRR30189065	PAIRED	https://ftp.sra.ebi.ac.uk/vol1/fastq/SRR301/065/SRR30189065/SRR30189065_1.fastq.gz	https://ftp.sra.ebi.ac.uk/vol1/fastq/SRR301/065/SRR30189065/SRR30189065_2.fastq.gz
SRR30200661	PAIRED	https://ftp.sra.ebi.ac.uk/vol1/fastq/SRR302/061/SRR30200661/SRR30200661_1.fastq.gz	https://ftp.sra.ebi.ac.uk/vol1/fastq/SRR302/061/SRR30200661/SRR30200661_2.fastq.gz
SRR30220784	PAIRED	https://ftp.sra.ebi.ac.uk/vol1/fastq/SRR302/084/SRR30220784/SRR30220784_1.fastq.gz	https://ftp.sra.ebi.ac.uk/vol1/fastq/SRR302/084/SRR30220784/SRR30220784_2.fastq.gz
SRR30224332	PAIRED	https://ftp.sra.ebi.ac.uk/vol1/fastq/SRR302/032/SRR30224332/SRR30224332_1.fastq.gz	https://ftp.sra.ebi.ac.uk/vol1/fastq/SRR302/032/SRR30224332/SRR30224332_2.fastq.gz
SRR30234717	PAIRED	https://ftp.sra.ebi.ac.uk/vol1/fastq/SRR302/017/SRR30234717/SRR30234717_1.fastq.gz	https://ftp.sra.ebi.ac.uk/vol1/fastq/SRR302/017/SRR30234717/SRR30234717_2.fastq.gz
SRR30252325	PAIRED	https://ftp.sra.ebi.ac.uk/vol1/fastq/SRR302/025/SRR30252325/SRR30252325_1.fastq.gz	https://ftp.sra.ebi.ac.uk/vol1/fastq/SRR302/025/SRR30252325/SRR30252325_2.fastq.gz
SRR30252333	PAIRED	https://ftp.sra.ebi.ac.uk/vol1/fastq/SRR302/033/SRR30252333/SRR30252333_1.fastq.gz	https://ftp.sra.ebi.ac.uk/vol1/fastq/SRR302/033/SRR30252333/SRR30252333_2.fastq.gz
SRR30271410	PAIRED	https://ftp.sra.ebi.ac.uk/vol1/fastq/SRR302/010/SRR30271410/SRR30271410_1.fastq.gz	https://ftp.sra.ebi.ac.uk/vol1/fastq/SRR302/010/SRR30271410/SRR30271410_2.fastq.gz
SRR30271411	PAIRED	https://ftp.sra.ebi.ac.uk/vol1/fastq/SRR302/011/SRR30271411/SRR30271411_1.fastq.gz	https://ftp.sra.ebi.ac.uk/vol1/fastq/SRR302/011/SRR30271411/SRR30271411_2.fastq.gz
SRR30271412	PAIRED	https://ftp.sra.ebi.ac.uk/vol1/fastq/SRR302/012/SRR30271412/SRR30271412_1.fastq.gz	https://ftp.sra.ebi.ac.uk/vol1/fastq/SRR302/012/SRR30271412/SRR30271412_2.fastq.gz
SRR30276107	PAIRED	https://ftp.sra.ebi.ac.uk/vol1/fastq/SRR302/007/SRR30276107/SRR30276107_1.fastq.gz	https://ftp.sra.ebi.ac.uk/vol1/fastq/SRR302/007/SRR30276107/SRR30276107_2.fastq.gz
SRR30298482	PAIRED	https://ftp.sra.ebi.ac.uk/vol1/fastq/SRR302/082/SRR30298482/SRR30298482_1.fastq.gz	https://ftp.sra.ebi.ac.uk/vol1/fastq/SRR302/082/SRR30298482/SRR30298482_2.fastq.gz
SRR30340037	PAIRED	https://ftp.sra.ebi.ac.uk/vol1/fastq/SRR303/037/SRR30340037/SRR30340037_1.fastq.gz	https://ftp.sra.ebi.ac.uk/vol1/fastq/SRR303/037/SRR30340037/SRR30340037_2.fastq.gz
SRR30401413	PAIRED	https://ftp.sra.ebi.ac.uk/vol1/fastq/SRR304/013/SRR30401413/SRR30401413_1.fastq.gz	https://ftp.sra.ebi.ac.uk/vol1/fastq/SRR304/013/SRR30401413/SRR30401413_2.fastq.gz
SRR30485888	PAIRED	https://ftp.sra.ebi.ac.uk/vol1/fastq/SRR304/088/SRR30485888/SRR30485888_1.fastq.gz	https://ftp.sra.ebi.ac.uk/vol1/fastq/SRR304/088/SRR30485888/SRR30485888_2.fastq.gz
SRR3051094	PAIRED	https://ftp.sra.ebi.ac.uk/vol1/fastq/SRR305/004/SRR3051094/SRR3051094_1.fastq.gz	https://ftp.sra.ebi.ac.uk/vol1/fastq/SRR305/004/SRR3051094/SRR3051094_2.fastq.gz
SRR3051101	PAIRED	https://ftp.sra.ebi.ac.uk/vol1/fastq/SRR305/001/SRR3051101/SRR3051101_1.fastq.gz	https://ftp.sra.ebi.ac.uk/vol1/fastq/SRR305/001/SRR3051101/SRR3051101_2.fastq.gz
SRR3051108	PAIRED	https://ftp.sra.ebi.ac.uk/vol1/fastq/SRR305/008/SRR3051108/SRR3051108_1.fastq.gz	https://ftp.sra.ebi.ac.uk/vol1/fastq/SRR305/008/SRR3051108/SRR3051108_2.fastq.gz
SRR3051123	PAIRED	https://ftp.sra.ebi.ac.uk/vol1/fastq/SRR305/003/SRR3051123/SRR3051123_1.fastq.gz	https://ftp.sra.ebi.ac.uk/vol1/fastq/SRR305/003/SRR3051123/SRR3051123_2.fastq.gz
SRR3051129	PAIRED	https://ftp.sra.ebi.ac.uk/vol1/fastq/SRR305/009/SRR3051129/SRR3051129_1.fastq.gz	https://ftp.sra.ebi.ac.uk/vol1/fastq/SRR305/009/SRR3051129/SRR3051129_2.fastq.gz
SRR3051160	PAIRED	https://ftp.sra.ebi.ac.uk/vol1/fastq/SRR305/000/SRR3051160/SRR3051160_1.fastq.gz	https://ftp.sra.ebi.ac.uk/vol1/fastq/SRR305/000/SRR3051160/SRR3051160_2.fastq.gz
SRR3051183	PAIRED	https://ftp.sra.ebi.ac.uk/vol1/fastq/SRR305/003/SRR3051183/SRR3051183_1.fastq.gz	https://ftp.sra.ebi.ac.uk/vol1/fastq/SRR305/003/SRR3051183/SRR3051183_2.fastq.gz
SRR3051187	PAIRED	https://ftp.sra.ebi.ac.uk/vol1/fastq/SRR305/007/SRR3051187/SRR3051187_1.fastq.gz	https://ftp.sra.ebi.ac.uk/vol1/fastq/SRR305/007/SRR3051187/SRR3051187_2.fastq.gz
SRR3051205	PAIRED	https://ftp.sra.ebi.ac.uk/vol1/fastq/SRR305/005/SRR3051205/SRR3051205_1.fastq.gz	https://ftp.sra.ebi.ac.uk/vol1/fastq/SRR305/005/SRR3051205/SRR3051205_2.fastq.gz
SRR3051223	PAIRED	https://ftp.sra.ebi.ac.uk/vol1/fastq/SRR305/003/SRR3051223/SRR3051223_1.fastq.gz	https://ftp.sra.ebi.ac.uk/vol1/fastq/SRR305/003/SRR3051223/SRR3051223_2.fastq.gz
SRR3051234	PAIRED	https://ftp.sra.ebi.ac.uk/vol1/fastq/SRR305/004/SRR3051234/SRR3051234_1.fastq.gz	https://ftp.sra.ebi.ac.uk/vol1/fastq/SRR305/004/SRR3051234/SRR3051234_2.fastq.gz
SRR3051240	PAIRED	https://ftp.sra.ebi.ac.uk/vol1/fastq/SRR305/000/SRR3051240/SRR3051240_1.fastq.gz	https://ftp.sra.ebi.ac.uk/vol1/fastq/SRR305/000/SRR3051240/SRR3051240_2.fastq.gz
SRR3051258	PAIRED	https://ftp.sra.ebi.ac.uk/vol1/fastq/SRR305/008/SRR3051258/SRR3051258_1.fastq.gz	https://ftp.sra.ebi.ac.uk/vol1/fastq/SRR305/008/SRR3051258/SRR3051258_2.fastq.gz
SRR30546866	PAIRED	https://ftp.sra.ebi.ac.uk/vol1/fastq/SRR305/066/SRR30546866/SRR30546866_1.fastq.gz	https://ftp.sra.ebi.ac.uk/vol1/fastq/SRR305/066/SRR30546866/SRR30546866_2.fastq.gz
SRR30547021	PAIRED	https://ftp.sra.ebi.ac.uk/vol1/fastq/SRR305/021/SRR30547021/SRR30547021_1.fastq.gz	https://ftp.sra.ebi.ac.uk/vol1/fastq/SRR305/021/SRR30547021/SRR30547021_2.fastq.gz
SRR30547024	PAIRED	https://ftp.sra.ebi.ac.uk/vol1/fastq/SRR305/024/SRR30547024/SRR30547024_1.fastq.gz	https://ftp.sra.ebi.ac.uk/vol1/fastq/SRR305/024/SRR30547024/SRR30547024_2.fastq.gz
SRR30565944	PAIRED	https://ftp.sra.ebi.ac.uk/vol1/fastq/SRR305/044/SRR30565944/SRR30565944_1.fastq.gz	https://ftp.sra.ebi.ac.uk/vol1/fastq/SRR305/044/SRR30565944/SRR30565944_2.fastq.gz
SRR30573910	PAIRED	https://ftp.sra.ebi.ac.uk/vol1/fastq/SRR305/010/SRR30573910/SRR30573910_1.fastq.gz	https://ftp.sra.ebi.ac.uk/vol1/fastq/SRR305/010/SRR30573910/SRR30573910_2.fastq.gz
SRR30578388	PAIRED	https://ftp.sra.ebi.ac.uk/vol1/fastq/SRR305/088/SRR30578388/SRR30578388_1.fastq.gz	https://ftp.sra.ebi.ac.uk/vol1/fastq/SRR305/088/SRR30578388/SRR30578388_2.fastq.gz
SRR30602942	PAIRED	https://ftp.sra.ebi.ac.uk/vol1/fastq/SRR306/042/SRR30602942/SRR30602942_1.fastq.gz	https://ftp.sra.ebi.ac.uk/vol1/fastq/SRR306/042/SRR30602942/SRR30602942_2.fastq.gz
SRR30603477	PAIRED	https://ftp.sra.ebi.ac.uk/vol1/fastq/SRR306/077/SRR30603477/SRR30603477_1.fastq.gz	https://ftp.sra.ebi.ac.uk/vol1/fastq/SRR306/077/SRR30603477/SRR30603477_2.fastq.gz
SRR30674851	PAIRED	https://ftp.sra.ebi.ac.uk/vol1/fastq/SRR306/051/SRR30674851/SRR30674851_1.fastq.gz	https://ftp.sra.ebi.ac.uk/vol1/fastq/SRR306/051/SRR30674851/SRR30674851_2.fastq.gz
SRR30677188	PAIRED	https://ftp.sra.ebi.ac.uk/vol1/fastq/SRR306/088/SRR30677188/SRR30677188_1.fastq.gz	https://ftp.sra.ebi.ac.uk/vol1/fastq/SRR306/088/SRR30677188/SRR30677188_2.fastq.gz
SRR30691443	PAIRED	https://ftp.sra.ebi.ac.uk/vol1/fastq/SRR306/043/SRR30691443/SRR30691443_1.fastq.gz	https://ftp.sra.ebi.ac.uk/vol1/fastq/SRR306/043/SRR30691443/SRR30691443_2.fastq.gz
SRR30762165	PAIRED	https://ftp.sra.ebi.ac.uk/vol1/fastq/SRR307/065/SRR30762165/SRR30762165_1.fastq.gz	https://ftp.sra.ebi.ac.uk/vol1/fastq/SRR307/065/SRR30762165/SRR30762165_2.fastq.gz
SRR30762174	PAIRED	https://ftp.sra.ebi.ac.uk/vol1/fastq/SRR307/074/SRR30762174/SRR30762174_1.fastq.gz	https://ftp.sra.ebi.ac.uk/vol1/fastq/SRR307/074/SRR30762174/SRR30762174_2.fastq.gz
SRR30762221	PAIRED	https://ftp.sra.ebi.ac.uk/vol1/fastq/SRR307/021/SRR30762221/SRR30762221_1.fastq.gz	https://ftp.sra.ebi.ac.uk/vol1/fastq/SRR307/021/SRR30762221/SRR30762221_2.fastq.gz
SRR30762232	PAIRED	https://ftp.sra.ebi.ac.uk/vol1/fastq/SRR307/032/SRR30762232/SRR30762232_1.fastq.gz	https://ftp.sra.ebi.ac.uk/vol1/fastq/SRR307/032/SRR30762232/SRR30762232_2.fastq.gz
SRR30762234	PAIRED	https://ftp.sra.ebi.ac.uk/vol1/fastq/SRR307/034/SRR30762234/SRR30762234_1.fastq.gz	https://ftp.sra.ebi.ac.uk/vol1/fastq/SRR307/034/SRR30762234/SRR30762234_2.fastq.gz
SRR30762249	PAIRED	https://ftp.sra.ebi.ac.uk/vol1/fastq/SRR307/049/SRR30762249/SRR30762249_1.fastq.gz	https://ftp.sra.ebi.ac.uk/vol1/fastq/SRR307/049/SRR30762249/SRR30762249_2.fastq.gz
SRR30767442	PAIRED	https://ftp.sra.ebi.ac.uk/vol1/fastq/SRR307/042/SRR30767442/SRR30767442_1.fastq.gz	https://ftp.sra.ebi.ac.uk/vol1/fastq/SRR307/042/SRR30767442/SRR30767442_2.fastq.gz
SRR30768646	PAIRED	https://ftp.sra.ebi.ac.uk/vol1/fastq/SRR307/046/SRR30768646/SRR30768646_1.fastq.gz	https://ftp.sra.ebi.ac.uk/vol1/fastq/SRR307/046/SRR30768646/SRR30768646_2.fastq.gz
SRR30782604	PAIRED	https://ftp.sra.ebi.ac.uk/vol1/fastq/SRR307/004/SRR30782604/SRR30782604_1.fastq.gz	https://ftp.sra.ebi.ac.uk/vol1/fastq/SRR307/004/SRR30782604/SRR30782604_2.fastq.gz
SRR30785660	PAIRED	https://ftp.sra.ebi.ac.uk/vol1/fastq/SRR307/060/SRR30785660/SRR30785660_1.fastq.gz	https://ftp.sra.ebi.ac.uk/vol1/fastq/SRR307/060/SRR30785660/SRR30785660_2.fastq.gz
SRR30799283	PAIRED	https://ftp.sra.ebi.ac.uk/vol1/fastq/SRR307/083/SRR30799283/SRR30799283_1.fastq.gz	https://ftp.sra.ebi.ac.uk/vol1/fastq/SRR307/083/SRR30799283/SRR30799283_2.fastq.gz
SRR30820135	PAIRED	https://ftp.sra.ebi.ac.uk/vol1/fastq/SRR308/035/SRR30820135/SRR30820135_1.fastq.gz	https://ftp.sra.ebi.ac.uk/vol1/fastq/SRR308/035/SRR30820135/SRR30820135_2.fastq.gz
SRR30840012	PAIRED	https://ftp.sra.ebi.ac.uk/vol1/fastq/SRR308/012/SRR30840012/SRR30840012_1.fastq.gz	https://ftp.sra.ebi.ac.uk/vol1/fastq/SRR308/012/SRR30840012/SRR30840012_2.fastq.gz
SRR30849529	PAIRED	https://ftp.sra.ebi.ac.uk/vol1/fastq/SRR308/029/SRR30849529/SRR30849529_1.fastq.gz	https://ftp.sra.ebi.ac.uk/vol1/fastq/SRR308/029/SRR30849529/SRR30849529_2.fastq.gz
SRR30854454	PAIRED	https://ftp.sra.ebi.ac.uk/vol1/fastq/SRR308/054/SRR30854454/SRR30854454_1.fastq.gz	https://ftp.sra.ebi.ac.uk/vol1/fastq/SRR308/054/SRR30854454/SRR30854454_2.fastq.gz
SRR30874274	PAIRED	https://ftp.sra.ebi.ac.uk/vol1/fastq/SRR308/074/SRR30874274/SRR30874274_1.fastq.gz	https://ftp.sra.ebi.ac.uk/vol1/fastq/SRR308/074/SRR30874274/SRR30874274_2.fastq.gz
SRR30874277	PAIRED	https://ftp.sra.ebi.ac.uk/vol1/fastq/SRR308/077/SRR30874277/SRR30874277_1.fastq.gz	https://ftp.sra.ebi.ac.uk/vol1/fastq/SRR308/077/SRR30874277/SRR30874277_2.fastq.gz
SRR30929058	PAIRED	https://ftp.sra.ebi.ac.uk/vol1/fastq/SRR309/058/SRR30929058/SRR30929058_1.fastq.gz	https://ftp.sra.ebi.ac.uk/vol1/fastq/SRR309/058/SRR30929058/SRR30929058_2.fastq.gz
SRR30945827	PAIRED	https://ftp.sra.ebi.ac.uk/vol1/fastq/SRR309/027/SRR30945827/SRR30945827_1.fastq.gz	https://ftp.sra.ebi.ac.uk/vol1/fastq/SRR309/027/SRR30945827/SRR30945827_2.fastq.gz
SRR30947087	PAIRED	https://ftp.sra.ebi.ac.uk/vol1/fastq/SRR309/087/SRR30947087/SRR30947087_1.fastq.gz	https://ftp.sra.ebi.ac.uk/vol1/fastq/SRR309/087/SRR30947087/SRR30947087_2.fastq.gz
SRR30953030	PAIRED	https://ftp.sra.ebi.ac.uk/vol1/fastq/SRR309/030/SRR30953030/SRR30953030_1.fastq.gz	https://ftp.sra.ebi.ac.uk/vol1/fastq/SRR309/030/SRR30953030/SRR30953030_2.fastq.gz
SRR30953034	PAIRED	https://ftp.sra.ebi.ac.uk/vol1/fastq/SRR309/034/SRR30953034/SRR30953034_1.fastq.gz	https://ftp.sra.ebi.ac.uk/vol1/fastq/SRR309/034/SRR30953034/SRR30953034_2.fastq.gz
SRR30971624	PAIRED	https://ftp.sra.ebi.ac.uk/vol1/fastq/SRR309/024/SRR30971624/SRR30971624_1.fastq.gz	https://ftp.sra.ebi.ac.uk/vol1/fastq/SRR309/024/SRR30971624/SRR30971624_2.fastq.gz
SRR30971631	PAIRED	https://ftp.sra.ebi.ac.uk/vol1/fastq/SRR309/031/SRR30971631/SRR30971631_1.fastq.gz	https://ftp.sra.ebi.ac.uk/vol1/fastq/SRR309/031/SRR30971631/SRR30971631_2.fastq.gz
SRR30971636	PAIRED	https://ftp.sra.ebi.ac.uk/vol1/fastq/SRR309/036/SRR30971636/SRR30971636_1.fastq.gz	https://ftp.sra.ebi.ac.uk/vol1/fastq/SRR309/036/SRR30971636/SRR30971636_2.fastq.gz
SRR30971646	PAIRED	https://ftp.sra.ebi.ac.uk/vol1/fastq/SRR309/046/SRR30971646/SRR30971646_1.fastq.gz	https://ftp.sra.ebi.ac.uk/vol1/fastq/SRR309/046/SRR30971646/SRR30971646_2.fastq.gz
SRR30971649	PAIRED	https://ftp.sra.ebi.ac.uk/vol1/fastq/SRR309/049/SRR30971649/SRR30971649_1.fastq.gz	https://ftp.sra.ebi.ac.uk/vol1/fastq/SRR309/049/SRR30971649/SRR30971649_2.fastq.gz
SRR30971653	PAIRED	https://ftp.sra.ebi.ac.uk/vol1/fastq/SRR309/053/SRR30971653/SRR30971653_1.fastq.gz	https://ftp.sra.ebi.ac.uk/vol1/fastq/SRR309/053/SRR30971653/SRR30971653_2.fastq.gz
SRR30971663	PAIRED	https://ftp.sra.ebi.ac.uk/vol1/fastq/SRR309/063/SRR30971663/SRR30971663_1.fastq.gz	https://ftp.sra.ebi.ac.uk/vol1/fastq/SRR309/063/SRR30971663/SRR30971663_2.fastq.gz
SRR30971665	PAIRED	https://ftp.sra.ebi.ac.uk/vol1/fastq/SRR309/065/SRR30971665/SRR30971665_1.fastq.gz	https://ftp.sra.ebi.ac.uk/vol1/fastq/SRR309/065/SRR30971665/SRR30971665_2.fastq.gz
SRR30971677	PAIRED	https://ftp.sra.ebi.ac.uk/vol1/fastq/SRR309/077/SRR30971677/SRR30971677_1.fastq.gz	https://ftp.sra.ebi.ac.uk/vol1/fastq/SRR309/077/SRR30971677/SRR30971677_2.fastq.gz
SRR30971684	PAIRED	https://ftp.sra.ebi.ac.uk/vol1/fastq/SRR309/084/SRR30971684/SRR30971684_1.fastq.gz	https://ftp.sra.ebi.ac.uk/vol1/fastq/SRR309/084/SRR30971684/SRR30971684_2.fastq.gz
SRR30971692	PAIRED	https://ftp.sra.ebi.ac.uk/vol1/fastq/SRR309/092/SRR30971692/SRR30971692_1.fastq.gz	https://ftp.sra.ebi.ac.uk/vol1/fastq/SRR309/092/SRR30971692/SRR30971692_2.fastq.gz
SRR30971702	PAIRED	https://ftp.sra.ebi.ac.uk/vol1/fastq/SRR309/002/SRR30971702/SRR30971702_1.fastq.gz	https://ftp.sra.ebi.ac.uk/vol1/fastq/SRR309/002/SRR30971702/SRR30971702_2.fastq.gz
SRR30971710	PAIRED	https://ftp.sra.ebi.ac.uk/vol1/fastq/SRR309/010/SRR30971710/SRR30971710_1.fastq.gz	https://ftp.sra.ebi.ac.uk/vol1/fastq/SRR309/010/SRR30971710/SRR30971710_2.fastq.gz
SRR30971712	PAIRED	https://ftp.sra.ebi.ac.uk/vol1/fastq/SRR309/012/SRR30971712/SRR30971712_1.fastq.gz	https://ftp.sra.ebi.ac.uk/vol1/fastq/SRR309/012/SRR30971712/SRR30971712_2.fastq.gz
SRR31003287	PAIRED	https://ftp.sra.ebi.ac.uk/vol1/fastq/SRR310/087/SRR31003287/SRR31003287_1.fastq.gz	https://ftp.sra.ebi.ac.uk/vol1/fastq/SRR310/087/SRR31003287/SRR31003287_2.fastq.gz
SRR31015116	PAIRED	https://ftp.sra.ebi.ac.uk/vol1/fastq/SRR310/016/SRR31015116/SRR31015116_1.fastq.gz	https://ftp.sra.ebi.ac.uk/vol1/fastq/SRR310/016/SRR31015116/SRR31015116_2.fastq.gz
SRR31025468	PAIRED	https://ftp.sra.ebi.ac.uk/vol1/fastq/SRR310/068/SRR31025468/SRR31025468_1.fastq.gz	https://ftp.sra.ebi.ac.uk/vol1/fastq/SRR310/068/SRR31025468/SRR31025468_2.fastq.gz
SRR31028633	PAIRED	https://ftp.sra.ebi.ac.uk/vol1/fastq/SRR310/033/SRR31028633/SRR31028633_1.fastq.gz	https://ftp.sra.ebi.ac.uk/vol1/fastq/SRR310/033/SRR31028633/SRR31028633_2.fastq.gz
SRR31030468	PAIRED	https://ftp.sra.ebi.ac.uk/vol1/fastq/SRR310/068/SRR31030468/SRR31030468_1.fastq.gz	https://ftp.sra.ebi.ac.uk/vol1/fastq/SRR310/068/SRR31030468/SRR31030468_2.fastq.gz
SRR31032194	PAIRED	https://ftp.sra.ebi.ac.uk/vol1/fastq/SRR310/094/SRR31032194/SRR31032194_1.fastq.gz	https://ftp.sra.ebi.ac.uk/vol1/fastq/SRR310/094/SRR31032194/SRR31032194_2.fastq.gz
SRR31032196	PAIRED	https://ftp.sra.ebi.ac.uk/vol1/fastq/SRR310/096/SRR31032196/SRR31032196_1.fastq.gz	https://ftp.sra.ebi.ac.uk/vol1/fastq/SRR310/096/SRR31032196/SRR31032196_2.fastq.gz
SRR31032226	PAIRED	https://ftp.sra.ebi.ac.uk/vol1/fastq/SRR310/026/SRR31032226/SRR31032226_1.fastq.gz	https://ftp.sra.ebi.ac.uk/vol1/fastq/SRR310/026/SRR31032226/SRR31032226_2.fastq.gz
SRR31032321	PAIRED	https://ftp.sra.ebi.ac.uk/vol1/fastq/SRR310/021/SRR31032321/SRR31032321_1.fastq.gz	https://ftp.sra.ebi.ac.uk/vol1/fastq/SRR310/021/SRR31032321/SRR31032321_2.fastq.gz
SRR31032328	PAIRED	https://ftp.sra.ebi.ac.uk/vol1/fastq/SRR310/028/SRR31032328/SRR31032328_1.fastq.gz	https://ftp.sra.ebi.ac.uk/vol1/fastq/SRR310/028/SRR31032328/SRR31032328_2.fastq.gz
SRR31032339	PAIRED	https://ftp.sra.ebi.ac.uk/vol1/fastq/SRR310/039/SRR31032339/SRR31032339_1.fastq.gz	https://ftp.sra.ebi.ac.uk/vol1/fastq/SRR310/039/SRR31032339/SRR31032339_2.fastq.gz
SRR31032380	PAIRED	https://ftp.sra.ebi.ac.uk/vol1/fastq/SRR310/080/SRR31032380/SRR31032380_1.fastq.gz	https://ftp.sra.ebi.ac.uk/vol1/fastq/SRR310/080/SRR31032380/SRR31032380_2.fastq.gz
SRR31032456	PAIRED	https://ftp.sra.ebi.ac.uk/vol1/fastq/SRR310/056/SRR31032456/SRR31032456_1.fastq.gz	https://ftp.sra.ebi.ac.uk/vol1/fastq/SRR310/056/SRR31032456/SRR31032456_2.fastq.gz
SRR31033463	PAIRED	https://ftp.sra.ebi.ac.uk/vol1/fastq/SRR310/063/SRR31033463/SRR31033463_1.fastq.gz	https://ftp.sra.ebi.ac.uk/vol1/fastq/SRR310/063/SRR31033463/SRR31033463_2.fastq.gz
SRR31038551	PAIRED	https://ftp.sra.ebi.ac.uk/vol1/fastq/SRR310/051/SRR31038551/SRR31038551_1.fastq.gz	https://ftp.sra.ebi.ac.uk/vol1/fastq/SRR310/051/SRR31038551/SRR31038551_2.fastq.gz
SRR31041271	PAIRED	https://ftp.sra.ebi.ac.uk/vol1/fastq/SRR310/071/SRR31041271/SRR31041271_1.fastq.gz	https://ftp.sra.ebi.ac.uk/vol1/fastq/SRR310/071/SRR31041271/SRR31041271_2.fastq.gz
SRR31041295	PAIRED	https://ftp.sra.ebi.ac.uk/vol1/fastq/SRR310/095/SRR31041295/SRR31041295_1.fastq.gz	https://ftp.sra.ebi.ac.uk/vol1/fastq/SRR310/095/SRR31041295/SRR31041295_2.fastq.gz
SRR31041323	PAIRED	https://ftp.sra.ebi.ac.uk/vol1/fastq/SRR310/023/SRR31041323/SRR31041323_1.fastq.gz	https://ftp.sra.ebi.ac.uk/vol1/fastq/SRR310/023/SRR31041323/SRR31041323_2.fastq.gz
SRR31059846	PAIRED	https://ftp.sra.ebi.ac.uk/vol1/fastq/SRR310/046/SRR31059846/SRR31059846_1.fastq.gz	https://ftp.sra.ebi.ac.uk/vol1/fastq/SRR310/046/SRR31059846/SRR31059846_2.fastq.gz
SRR31075349	PAIRED	https://ftp.sra.ebi.ac.uk/vol1/fastq/SRR310/049/SRR31075349/SRR31075349_1.fastq.gz	https://ftp.sra.ebi.ac.uk/vol1/fastq/SRR310/049/SRR31075349/SRR31075349_2.fastq.gz
SRR31107717	PAIRED	https://ftp.sra.ebi.ac.uk/vol1/fastq/SRR311/017/SRR31107717/SRR31107717_1.fastq.gz	https://ftp.sra.ebi.ac.uk/vol1/fastq/SRR311/017/SRR31107717/SRR31107717_2.fastq.gz
SRR31107721	PAIRED	https://ftp.sra.ebi.ac.uk/vol1/fastq/SRR311/021/SRR31107721/SRR31107721_1.fastq.gz	https://ftp.sra.ebi.ac.uk/vol1/fastq/SRR311/021/SRR31107721/SRR31107721_2.fastq.gz
SRR31107722	PAIRED	https://ftp.sra.ebi.ac.uk/vol1/fastq/SRR311/022/SRR31107722/SRR31107722_1.fastq.gz	https://ftp.sra.ebi.ac.uk/vol1/fastq/SRR311/022/SRR31107722/SRR31107722_2.fastq.gz
SRR31107730	PAIRED	https://ftp.sra.ebi.ac.uk/vol1/fastq/SRR311/030/SRR31107730/SRR31107730_1.fastq.gz	https://ftp.sra.ebi.ac.uk/vol1/fastq/SRR311/030/SRR31107730/SRR31107730_2.fastq.gz
SRR31113605	PAIRED	https://ftp.sra.ebi.ac.uk/vol1/fastq/SRR311/005/SRR31113605/SRR31113605_1.fastq.gz	https://ftp.sra.ebi.ac.uk/vol1/fastq/SRR311/005/SRR31113605/SRR31113605_2.fastq.gz
SRR3112294	PAIRED	https://ftp.sra.ebi.ac.uk/vol1/fastq/SRR311/004/SRR3112294/SRR3112294_1.fastq.gz	https://ftp.sra.ebi.ac.uk/vol1/fastq/SRR311/004/SRR3112294/SRR3112294_2.fastq.gz
SRR3112295	PAIRED	https://ftp.sra.ebi.ac.uk/vol1/fastq/SRR311/005/SRR3112295/SRR3112295_1.fastq.gz	https://ftp.sra.ebi.ac.uk/vol1/fastq/SRR311/005/SRR3112295/SRR3112295_2.fastq.gz
SRR3112325	PAIRED	https://ftp.sra.ebi.ac.uk/vol1/fastq/SRR311/005/SRR3112325/SRR3112325_1.fastq.gz	https://ftp.sra.ebi.ac.uk/vol1/fastq/SRR311/005/SRR3112325/SRR3112325_2.fastq.gz
SRR3112338	PAIRED	https://ftp.sra.ebi.ac.uk/vol1/fastq/SRR311/008/SRR3112338/SRR3112338_1.fastq.gz	https://ftp.sra.ebi.ac.uk/vol1/fastq/SRR311/008/SRR3112338/SRR3112338_2.fastq.gz
SRR31151211	PAIRED	https://ftp.sra.ebi.ac.uk/vol1/fastq/SRR311/011/SRR31151211/SRR31151211_1.fastq.gz	https://ftp.sra.ebi.ac.uk/vol1/fastq/SRR311/011/SRR31151211/SRR31151211_2.fastq.gz
SRR31176832	PAIRED	https://ftp.sra.ebi.ac.uk/vol1/fastq/SRR311/032/SRR31176832/SRR31176832_1.fastq.gz	https://ftp.sra.ebi.ac.uk/vol1/fastq/SRR311/032/SRR31176832/SRR31176832_2.fastq.gz
SRR31176834	PAIRED	https://ftp.sra.ebi.ac.uk/vol1/fastq/SRR311/034/SRR31176834/SRR31176834_1.fastq.gz	https://ftp.sra.ebi.ac.uk/vol1/fastq/SRR311/034/SRR31176834/SRR31176834_2.fastq.gz
SRR31176836	PAIRED	https://ftp.sra.ebi.ac.uk/vol1/fastq/SRR311/036/SRR31176836/SRR31176836_1.fastq.gz	https://ftp.sra.ebi.ac.uk/vol1/fastq/SRR311/036/SRR31176836/SRR31176836_2.fastq.gz
SRR31176841	PAIRED	https://ftp.sra.ebi.ac.uk/vol1/fastq/SRR311/041/SRR31176841/SRR31176841_1.fastq.gz	https://ftp.sra.ebi.ac.uk/vol1/fastq/SRR311/041/SRR31176841/SRR31176841_2.fastq.gz
SRR31176848	PAIRED	https://ftp.sra.ebi.ac.uk/vol1/fastq/SRR311/048/SRR31176848/SRR31176848_1.fastq.gz	https://ftp.sra.ebi.ac.uk/vol1/fastq/SRR311/048/SRR31176848/SRR31176848_2.fastq.gz
SRR31176860	PAIRED	https://ftp.sra.ebi.ac.uk/vol1/fastq/SRR311/060/SRR31176860/SRR31176860_1.fastq.gz	https://ftp.sra.ebi.ac.uk/vol1/fastq/SRR311/060/SRR31176860/SRR31176860_2.fastq.gz
SRR31176874	PAIRED	https://ftp.sra.ebi.ac.uk/vol1/fastq/SRR311/074/SRR31176874/SRR31176874_1.fastq.gz	https://ftp.sra.ebi.ac.uk/vol1/fastq/SRR311/074/SRR31176874/SRR31176874_2.fastq.gz
SRR31184649	PAIRED	https://ftp.sra.ebi.ac.uk/vol1/fastq/SRR311/049/SRR31184649/SRR31184649_1.fastq.gz	https://ftp.sra.ebi.ac.uk/vol1/fastq/SRR311/049/SRR31184649/SRR31184649_2.fastq.gz
SRR31185125	PAIRED	https://ftp.sra.ebi.ac.uk/vol1/fastq/SRR311/025/SRR31185125/SRR31185125_1.fastq.gz	https://ftp.sra.ebi.ac.uk/vol1/fastq/SRR311/025/SRR31185125/SRR31185125_2.fastq.gz
SRR31195504	PAIRED	https://ftp.sra.ebi.ac.uk/vol1/fastq/SRR311/004/SRR31195504/SRR31195504_1.fastq.gz	https://ftp.sra.ebi.ac.uk/vol1/fastq/SRR311/004/SRR31195504/SRR31195504_2.fastq.gz
SRR31195520	PAIRED	https://ftp.sra.ebi.ac.uk/vol1/fastq/SRR311/020/SRR31195520/SRR31195520_1.fastq.gz	https://ftp.sra.ebi.ac.uk/vol1/fastq/SRR311/020/SRR31195520/SRR31195520_2.fastq.gz
SRR31202912	PAIRED	https://ftp.sra.ebi.ac.uk/vol1/fastq/SRR312/012/SRR31202912/SRR31202912_1.fastq.gz	https://ftp.sra.ebi.ac.uk/vol1/fastq/SRR312/012/SRR31202912/SRR31202912_2.fastq.gz
SRR31202937	PAIRED	https://ftp.sra.ebi.ac.uk/vol1/fastq/SRR312/037/SRR31202937/SRR31202937_1.fastq.gz	https://ftp.sra.ebi.ac.uk/vol1/fastq/SRR312/037/SRR31202937/SRR31202937_2.fastq.gz
SRR31216700	PAIRED	https://ftp.sra.ebi.ac.uk/vol1/fastq/SRR312/000/SRR31216700/SRR31216700_1.fastq.gz	https://ftp.sra.ebi.ac.uk/vol1/fastq/SRR312/000/SRR31216700/SRR31216700_2.fastq.gz
SRR31220585	PAIRED	https://ftp.sra.ebi.ac.uk/vol1/fastq/SRR312/085/SRR31220585/SRR31220585_1.fastq.gz	https://ftp.sra.ebi.ac.uk/vol1/fastq/SRR312/085/SRR31220585/SRR31220585_2.fastq.gz
SRR31264420	PAIRED	https://ftp.sra.ebi.ac.uk/vol1/fastq/SRR312/020/SRR31264420/SRR31264420_1.fastq.gz	https://ftp.sra.ebi.ac.uk/vol1/fastq/SRR312/020/SRR31264420/SRR31264420_2.fastq.gz
SRR31264424	PAIRED	https://ftp.sra.ebi.ac.uk/vol1/fastq/SRR312/024/SRR31264424/SRR31264424_1.fastq.gz	https://ftp.sra.ebi.ac.uk/vol1/fastq/SRR312/024/SRR31264424/SRR31264424_2.fastq.gz
SRR31264456	PAIRED	https://ftp.sra.ebi.ac.uk/vol1/fastq/SRR312/056/SRR31264456/SRR31264456_1.fastq.gz	https://ftp.sra.ebi.ac.uk/vol1/fastq/SRR312/056/SRR31264456/SRR31264456_2.fastq.gz
SRR31326803	PAIRED	https://ftp.sra.ebi.ac.uk/vol1/fastq/SRR313/003/SRR31326803/SRR31326803_1.fastq.gz	https://ftp.sra.ebi.ac.uk/vol1/fastq/SRR313/003/SRR31326803/SRR31326803_2.fastq.gz
SRR31340103	PAIRED	https://ftp.sra.ebi.ac.uk/vol1/fastq/SRR313/003/SRR31340103/SRR31340103_1.fastq.gz	https://ftp.sra.ebi.ac.uk/vol1/fastq/SRR313/003/SRR31340103/SRR31340103_2.fastq.gz
SRR31340946	PAIRED	https://ftp.sra.ebi.ac.uk/vol1/fastq/SRR313/046/SRR31340946/SRR31340946_1.fastq.gz	https://ftp.sra.ebi.ac.uk/vol1/fastq/SRR313/046/SRR31340946/SRR31340946_2.fastq.gz
SRR31348747	PAIRED	https://ftp.sra.ebi.ac.uk/vol1/fastq/SRR313/047/SRR31348747/SRR31348747_1.fastq.gz	https://ftp.sra.ebi.ac.uk/vol1/fastq/SRR313/047/SRR31348747/SRR31348747_2.fastq.gz
SRR31370044	PAIRED	https://ftp.sra.ebi.ac.uk/vol1/fastq/SRR313/044/SRR31370044/SRR31370044_1.fastq.gz	https://ftp.sra.ebi.ac.uk/vol1/fastq/SRR313/044/SRR31370044/SRR31370044_2.fastq.gz
SRR31370067	PAIRED	https://ftp.sra.ebi.ac.uk/vol1/fastq/SRR313/067/SRR31370067/SRR31370067_1.fastq.gz	https://ftp.sra.ebi.ac.uk/vol1/fastq/SRR313/067/SRR31370067/SRR31370067_2.fastq.gz
SRR31370080	PAIRED	https://ftp.sra.ebi.ac.uk/vol1/fastq/SRR313/080/SRR31370080/SRR31370080_1.fastq.gz	https://ftp.sra.ebi.ac.uk/vol1/fastq/SRR313/080/SRR31370080/SRR31370080_2.fastq.gz
SRR31370081	PAIRED	https://ftp.sra.ebi.ac.uk/vol1/fastq/SRR313/081/SRR31370081/SRR31370081_1.fastq.gz	https://ftp.sra.ebi.ac.uk/vol1/fastq/SRR313/081/SRR31370081/SRR31370081_2.fastq.gz
SRR31394810	PAIRED	https://ftp.sra.ebi.ac.uk/vol1/fastq/SRR313/010/SRR31394810/SRR31394810_1.fastq.gz	https://ftp.sra.ebi.ac.uk/vol1/fastq/SRR313/010/SRR31394810/SRR31394810_2.fastq.gz
SRR31395876	PAIRED	https://ftp.sra.ebi.ac.uk/vol1/fastq/SRR313/076/SRR31395876/SRR31395876_1.fastq.gz	https://ftp.sra.ebi.ac.uk/vol1/fastq/SRR313/076/SRR31395876/SRR31395876_2.fastq.gz
SRR31396010	PAIRED	https://ftp.sra.ebi.ac.uk/vol1/fastq/SRR313/010/SRR31396010/SRR31396010_1.fastq.gz	https://ftp.sra.ebi.ac.uk/vol1/fastq/SRR313/010/SRR31396010/SRR31396010_2.fastq.gz
SRR31396126	PAIRED	https://ftp.sra.ebi.ac.uk/vol1/fastq/SRR313/026/SRR31396126/SRR31396126_1.fastq.gz	https://ftp.sra.ebi.ac.uk/vol1/fastq/SRR313/026/SRR31396126/SRR31396126_2.fastq.gz
SRR31396195	PAIRED	https://ftp.sra.ebi.ac.uk/vol1/fastq/SRR313/095/SRR31396195/SRR31396195_1.fastq.gz	https://ftp.sra.ebi.ac.uk/vol1/fastq/SRR313/095/SRR31396195/SRR31396195_2.fastq.gz
SRR31396228	PAIRED	https://ftp.sra.ebi.ac.uk/vol1/fastq/SRR313/028/SRR31396228/SRR31396228_1.fastq.gz	https://ftp.sra.ebi.ac.uk/vol1/fastq/SRR313/028/SRR31396228/SRR31396228_2.fastq.gz
SRR31396329	PAIRED	https://ftp.sra.ebi.ac.uk/vol1/fastq/SRR313/029/SRR31396329/SRR31396329_1.fastq.gz	https://ftp.sra.ebi.ac.uk/vol1/fastq/SRR313/029/SRR31396329/SRR31396329_2.fastq.gz
SRR31396369	PAIRED	https://ftp.sra.ebi.ac.uk/vol1/fastq/SRR313/069/SRR31396369/SRR31396369_1.fastq.gz	https://ftp.sra.ebi.ac.uk/vol1/fastq/SRR313/069/SRR31396369/SRR31396369_2.fastq.gz
SRR31396477	PAIRED	https://ftp.sra.ebi.ac.uk/vol1/fastq/SRR313/077/SRR31396477/SRR31396477_1.fastq.gz	https://ftp.sra.ebi.ac.uk/vol1/fastq/SRR313/077/SRR31396477/SRR31396477_2.fastq.gz
SRR31396603	PAIRED	https://ftp.sra.ebi.ac.uk/vol1/fastq/SRR313/003/SRR31396603/SRR31396603_1.fastq.gz	https://ftp.sra.ebi.ac.uk/vol1/fastq/SRR313/003/SRR31396603/SRR31396603_2.fastq.gz
SRR31396604	PAIRED	https://ftp.sra.ebi.ac.uk/vol1/fastq/SRR313/004/SRR31396604/SRR31396604_1.fastq.gz	https://ftp.sra.ebi.ac.uk/vol1/fastq/SRR313/004/SRR31396604/SRR31396604_2.fastq.gz
SRR31401614	PAIRED	https://ftp.sra.ebi.ac.uk/vol1/fastq/SRR314/014/SRR31401614/SRR31401614_1.fastq.gz	https://ftp.sra.ebi.ac.uk/vol1/fastq/SRR314/014/SRR31401614/SRR31401614_2.fastq.gz
SRR31417681	PAIRED	https://ftp.sra.ebi.ac.uk/vol1/fastq/SRR314/081/SRR31417681/SRR31417681_1.fastq.gz	https://ftp.sra.ebi.ac.uk/vol1/fastq/SRR314/081/SRR31417681/SRR31417681_2.fastq.gz
SRR31417734	PAIRED	https://ftp.sra.ebi.ac.uk/vol1/fastq/SRR314/034/SRR31417734/SRR31417734_1.fastq.gz	https://ftp.sra.ebi.ac.uk/vol1/fastq/SRR314/034/SRR31417734/SRR31417734_2.fastq.gz
SRR31417747	PAIRED	https://ftp.sra.ebi.ac.uk/vol1/fastq/SRR314/047/SRR31417747/SRR31417747_1.fastq.gz	https://ftp.sra.ebi.ac.uk/vol1/fastq/SRR314/047/SRR31417747/SRR31417747_2.fastq.gz
SRR31443179	PAIRED	https://ftp.sra.ebi.ac.uk/vol1/fastq/SRR314/079/SRR31443179/SRR31443179_1.fastq.gz	https://ftp.sra.ebi.ac.uk/vol1/fastq/SRR314/079/SRR31443179/SRR31443179_2.fastq.gz
SRR31480395	PAIRED	https://ftp.sra.ebi.ac.uk/vol1/fastq/SRR314/095/SRR31480395/SRR31480395_1.fastq.gz	https://ftp.sra.ebi.ac.uk/vol1/fastq/SRR314/095/SRR31480395/SRR31480395_2.fastq.gz
SRR31486171	PAIRED	https://ftp.sra.ebi.ac.uk/vol1/fastq/SRR314/071/SRR31486171/SRR31486171_1.fastq.gz	https://ftp.sra.ebi.ac.uk/vol1/fastq/SRR314/071/SRR31486171/SRR31486171_2.fastq.gz
SRR31486176	PAIRED	https://ftp.sra.ebi.ac.uk/vol1/fastq/SRR314/076/SRR31486176/SRR31486176_1.fastq.gz	https://ftp.sra.ebi.ac.uk/vol1/fastq/SRR314/076/SRR31486176/SRR31486176_2.fastq.gz
SRR31486185	PAIRED	https://ftp.sra.ebi.ac.uk/vol1/fastq/SRR314/085/SRR31486185/SRR31486185_1.fastq.gz	https://ftp.sra.ebi.ac.uk/vol1/fastq/SRR314/085/SRR31486185/SRR31486185_2.fastq.gz
SRR31486189	PAIRED	https://ftp.sra.ebi.ac.uk/vol1/fastq/SRR314/089/SRR31486189/SRR31486189_1.fastq.gz	https://ftp.sra.ebi.ac.uk/vol1/fastq/SRR314/089/SRR31486189/SRR31486189_2.fastq.gz
SRR31486193	PAIRED	https://ftp.sra.ebi.ac.uk/vol1/fastq/SRR314/093/SRR31486193/SRR31486193_1.fastq.gz	https://ftp.sra.ebi.ac.uk/vol1/fastq/SRR314/093/SRR31486193/SRR31486193_2.fastq.gz
SRR31486195	PAIRED	https://ftp.sra.ebi.ac.uk/vol1/fastq/SRR314/095/SRR31486195/SRR31486195_1.fastq.gz	https://ftp.sra.ebi.ac.uk/vol1/fastq/SRR314/095/SRR31486195/SRR31486195_2.fastq.gz
SRR31486196	PAIRED	https://ftp.sra.ebi.ac.uk/vol1/fastq/SRR314/096/SRR31486196/SRR31486196_1.fastq.gz	https://ftp.sra.ebi.ac.uk/vol1/fastq/SRR314/096/SRR31486196/SRR31486196_2.fastq.gz
SRR31486199	PAIRED	https://ftp.sra.ebi.ac.uk/vol1/fastq/SRR314/099/SRR31486199/SRR31486199_1.fastq.gz	https://ftp.sra.ebi.ac.uk/vol1/fastq/SRR314/099/SRR31486199/SRR31486199_2.fastq.gz
SRR31486200	PAIRED	https://ftp.sra.ebi.ac.uk/vol1/fastq/SRR314/000/SRR31486200/SRR31486200_1.fastq.gz	https://ftp.sra.ebi.ac.uk/vol1/fastq/SRR314/000/SRR31486200/SRR31486200_2.fastq.gz
SRR31505794	PAIRED	https://ftp.sra.ebi.ac.uk/vol1/fastq/SRR315/094/SRR31505794/SRR31505794_1.fastq.gz	https://ftp.sra.ebi.ac.uk/vol1/fastq/SRR315/094/SRR31505794/SRR31505794_2.fastq.gz
SRR31505795	PAIRED	https://ftp.sra.ebi.ac.uk/vol1/fastq/SRR315/095/SRR31505795/SRR31505795_1.fastq.gz	https://ftp.sra.ebi.ac.uk/vol1/fastq/SRR315/095/SRR31505795/SRR31505795_2.fastq.gz
SRR31519578	PAIRED	https://ftp.sra.ebi.ac.uk/vol1/fastq/SRR315/078/SRR31519578/SRR31519578_1.fastq.gz	https://ftp.sra.ebi.ac.uk/vol1/fastq/SRR315/078/SRR31519578/SRR31519578_2.fastq.gz
SRR31519708	PAIRED	https://ftp.sra.ebi.ac.uk/vol1/fastq/SRR315/008/SRR31519708/SRR31519708_1.fastq.gz	https://ftp.sra.ebi.ac.uk/vol1/fastq/SRR315/008/SRR31519708/SRR31519708_2.fastq.gz
SRR31519741	PAIRED	https://ftp.sra.ebi.ac.uk/vol1/fastq/SRR315/041/SRR31519741/SRR31519741_1.fastq.gz	https://ftp.sra.ebi.ac.uk/vol1/fastq/SRR315/041/SRR31519741/SRR31519741_2.fastq.gz
SRR31519766	PAIRED	https://ftp.sra.ebi.ac.uk/vol1/fastq/SRR315/066/SRR31519766/SRR31519766_1.fastq.gz	https://ftp.sra.ebi.ac.uk/vol1/fastq/SRR315/066/SRR31519766/SRR31519766_2.fastq.gz
SRR31547390	PAIRED	https://ftp.sra.ebi.ac.uk/vol1/fastq/SRR315/090/SRR31547390/SRR31547390_1.fastq.gz	https://ftp.sra.ebi.ac.uk/vol1/fastq/SRR315/090/SRR31547390/SRR31547390_2.fastq.gz
SRR31585790	PAIRED	https://ftp.sra.ebi.ac.uk/vol1/fastq/SRR315/090/SRR31585790/SRR31585790_1.fastq.gz	https://ftp.sra.ebi.ac.uk/vol1/fastq/SRR315/090/SRR31585790/SRR31585790_2.fastq.gz
SRR31585798	PAIRED	https://ftp.sra.ebi.ac.uk/vol1/fastq/SRR315/098/SRR31585798/SRR31585798_1.fastq.gz	https://ftp.sra.ebi.ac.uk/vol1/fastq/SRR315/098/SRR31585798/SRR31585798_2.fastq.gz
SRR31585799	PAIRED	https://ftp.sra.ebi.ac.uk/vol1/fastq/SRR315/099/SRR31585799/SRR31585799_1.fastq.gz	https://ftp.sra.ebi.ac.uk/vol1/fastq/SRR315/099/SRR31585799/SRR31585799_2.fastq.gz
SRR31585803	PAIRED	https://ftp.sra.ebi.ac.uk/vol1/fastq/SRR315/003/SRR31585803/SRR31585803_1.fastq.gz	https://ftp.sra.ebi.ac.uk/vol1/fastq/SRR315/003/SRR31585803/SRR31585803_2.fastq.gz
SRR31589055	PAIRED	https://ftp.sra.ebi.ac.uk/vol1/fastq/SRR315/055/SRR31589055/SRR31589055_1.fastq.gz	https://ftp.sra.ebi.ac.uk/vol1/fastq/SRR315/055/SRR31589055/SRR31589055_2.fastq.gz
SRR31589071	PAIRED	https://ftp.sra.ebi.ac.uk/vol1/fastq/SRR315/071/SRR31589071/SRR31589071_1.fastq.gz	https://ftp.sra.ebi.ac.uk/vol1/fastq/SRR315/071/SRR31589071/SRR31589071_2.fastq.gz
SRR31589081	PAIRED	https://ftp.sra.ebi.ac.uk/vol1/fastq/SRR315/081/SRR31589081/SRR31589081_1.fastq.gz	https://ftp.sra.ebi.ac.uk/vol1/fastq/SRR315/081/SRR31589081/SRR31589081_2.fastq.gz
SRR31589549	PAIRED	https://ftp.sra.ebi.ac.uk/vol1/fastq/SRR315/049/SRR31589549/SRR31589549_1.fastq.gz	https://ftp.sra.ebi.ac.uk/vol1/fastq/SRR315/049/SRR31589549/SRR31589549_2.fastq.gz
SRR31591520	PAIRED	https://ftp.sra.ebi.ac.uk/vol1/fastq/SRR315/020/SRR31591520/SRR31591520_1.fastq.gz	https://ftp.sra.ebi.ac.uk/vol1/fastq/SRR315/020/SRR31591520/SRR31591520_2.fastq.gz
SRR31591587	PAIRED	https://ftp.sra.ebi.ac.uk/vol1/fastq/SRR315/087/SRR31591587/SRR31591587_1.fastq.gz	https://ftp.sra.ebi.ac.uk/vol1/fastq/SRR315/087/SRR31591587/SRR31591587_2.fastq.gz
SRR31593093	PAIRED	https://ftp.sra.ebi.ac.uk/vol1/fastq/SRR315/093/SRR31593093/SRR31593093_1.fastq.gz	https://ftp.sra.ebi.ac.uk/vol1/fastq/SRR315/093/SRR31593093/SRR31593093_2.fastq.gz
SRR31595383	PAIRED	https://ftp.sra.ebi.ac.uk/vol1/fastq/SRR315/083/SRR31595383/SRR31595383_1.fastq.gz	https://ftp.sra.ebi.ac.uk/vol1/fastq/SRR315/083/SRR31595383/SRR31595383_2.fastq.gz
SRR31595393	PAIRED	https://ftp.sra.ebi.ac.uk/vol1/fastq/SRR315/093/SRR31595393/SRR31595393_1.fastq.gz	https://ftp.sra.ebi.ac.uk/vol1/fastq/SRR315/093/SRR31595393/SRR31595393_2.fastq.gz
SRR31605421	PAIRED	https://ftp.sra.ebi.ac.uk/vol1/fastq/SRR316/021/SRR31605421/SRR31605421_1.fastq.gz	https://ftp.sra.ebi.ac.uk/vol1/fastq/SRR316/021/SRR31605421/SRR31605421_2.fastq.gz
SRR31611815	PAIRED	https://ftp.sra.ebi.ac.uk/vol1/fastq/SRR316/015/SRR31611815/SRR31611815_1.fastq.gz	https://ftp.sra.ebi.ac.uk/vol1/fastq/SRR316/015/SRR31611815/SRR31611815_2.fastq.gz
SRR31611820	PAIRED	https://ftp.sra.ebi.ac.uk/vol1/fastq/SRR316/020/SRR31611820/SRR31611820_1.fastq.gz	https://ftp.sra.ebi.ac.uk/vol1/fastq/SRR316/020/SRR31611820/SRR31611820_2.fastq.gz
SRR31611822	PAIRED	https://ftp.sra.ebi.ac.uk/vol1/fastq/SRR316/022/SRR31611822/SRR31611822_1.fastq.gz	https://ftp.sra.ebi.ac.uk/vol1/fastq/SRR316/022/SRR31611822/SRR31611822_2.fastq.gz
SRR31611934	PAIRED	https://ftp.sra.ebi.ac.uk/vol1/fastq/SRR316/034/SRR31611934/SRR31611934_1.fastq.gz	https://ftp.sra.ebi.ac.uk/vol1/fastq/SRR316/034/SRR31611934/SRR31611934_2.fastq.gz
SRR31611964	PAIRED	https://ftp.sra.ebi.ac.uk/vol1/fastq/SRR316/064/SRR31611964/SRR31611964_1.fastq.gz	https://ftp.sra.ebi.ac.uk/vol1/fastq/SRR316/064/SRR31611964/SRR31611964_2.fastq.gz
SRR31612423	PAIRED	https://ftp.sra.ebi.ac.uk/vol1/fastq/SRR316/023/SRR31612423/SRR31612423_1.fastq.gz	https://ftp.sra.ebi.ac.uk/vol1/fastq/SRR316/023/SRR31612423/SRR31612423_2.fastq.gz
SRR31612432	PAIRED	https://ftp.sra.ebi.ac.uk/vol1/fastq/SRR316/032/SRR31612432/SRR31612432_1.fastq.gz	https://ftp.sra.ebi.ac.uk/vol1/fastq/SRR316/032/SRR31612432/SRR31612432_2.fastq.gz
SRR31612433	PAIRED	https://ftp.sra.ebi.ac.uk/vol1/fastq/SRR316/033/SRR31612433/SRR31612433_1.fastq.gz	https://ftp.sra.ebi.ac.uk/vol1/fastq/SRR316/033/SRR31612433/SRR31612433_2.fastq.gz
SRR31612632	PAIRED	https://ftp.sra.ebi.ac.uk/vol1/fastq/SRR316/032/SRR31612632/SRR31612632_1.fastq.gz	https://ftp.sra.ebi.ac.uk/vol1/fastq/SRR316/032/SRR31612632/SRR31612632_2.fastq.gz
SRR31613002	PAIRED	https://ftp.sra.ebi.ac.uk/vol1/fastq/SRR316/002/SRR31613002/SRR31613002_1.fastq.gz	https://ftp.sra.ebi.ac.uk/vol1/fastq/SRR316/002/SRR31613002/SRR31613002_2.fastq.gz
SRR31613023	PAIRED	https://ftp.sra.ebi.ac.uk/vol1/fastq/SRR316/023/SRR31613023/SRR31613023_1.fastq.gz	https://ftp.sra.ebi.ac.uk/vol1/fastq/SRR316/023/SRR31613023/SRR31613023_2.fastq.gz
SRR31613025	PAIRED	https://ftp.sra.ebi.ac.uk/vol1/fastq/SRR316/025/SRR31613025/SRR31613025_1.fastq.gz	https://ftp.sra.ebi.ac.uk/vol1/fastq/SRR316/025/SRR31613025/SRR31613025_2.fastq.gz
SRR31626692	PAIRED	https://ftp.sra.ebi.ac.uk/vol1/fastq/SRR316/092/SRR31626692/SRR31626692_1.fastq.gz	https://ftp.sra.ebi.ac.uk/vol1/fastq/SRR316/092/SRR31626692/SRR31626692_2.fastq.gz
SRR31631702	PAIRED	https://ftp.sra.ebi.ac.uk/vol1/fastq/SRR316/002/SRR31631702/SRR31631702_1.fastq.gz	https://ftp.sra.ebi.ac.uk/vol1/fastq/SRR316/002/SRR31631702/SRR31631702_2.fastq.gz
SRR31649514	PAIRED	https://ftp.sra.ebi.ac.uk/vol1/fastq/SRR316/014/SRR31649514/SRR31649514_1.fastq.gz	https://ftp.sra.ebi.ac.uk/vol1/fastq/SRR316/014/SRR31649514/SRR31649514_2.fastq.gz
SRR31682137	PAIRED	https://ftp.sra.ebi.ac.uk/vol1/fastq/SRR316/037/SRR31682137/SRR31682137_1.fastq.gz	https://ftp.sra.ebi.ac.uk/vol1/fastq/SRR316/037/SRR31682137/SRR31682137_2.fastq.gz
SRR31682147	PAIRED	https://ftp.sra.ebi.ac.uk/vol1/fastq/SRR316/047/SRR31682147/SRR31682147_1.fastq.gz	https://ftp.sra.ebi.ac.uk/vol1/fastq/SRR316/047/SRR31682147/SRR31682147_2.fastq.gz
SRR31685368	PAIRED	https://ftp.sra.ebi.ac.uk/vol1/fastq/SRR316/068/SRR31685368/SRR31685368_1.fastq.gz	https://ftp.sra.ebi.ac.uk/vol1/fastq/SRR316/068/SRR31685368/SRR31685368_2.fastq.gz
SRR31698794	PAIRED	https://ftp.sra.ebi.ac.uk/vol1/fastq/SRR316/094/SRR31698794/SRR31698794_1.fastq.gz	https://ftp.sra.ebi.ac.uk/vol1/fastq/SRR316/094/SRR31698794/SRR31698794_2.fastq.gz
SRR31699437	PAIRED	https://ftp.sra.ebi.ac.uk/vol1/fastq/SRR316/037/SRR31699437/SRR31699437_1.fastq.gz	https://ftp.sra.ebi.ac.uk/vol1/fastq/SRR316/037/SRR31699437/SRR31699437_2.fastq.gz
SRR3170531	PAIRED	https://ftp.sra.ebi.ac.uk/vol1/fastq/SRR317/001/SRR3170531/SRR3170531_1.fastq.gz	https://ftp.sra.ebi.ac.uk/vol1/fastq/SRR317/001/SRR3170531/SRR3170531_2.fastq.gz
SRR31742274	PAIRED	https://ftp.sra.ebi.ac.uk/vol1/fastq/SRR317/074/SRR31742274/SRR31742274_1.fastq.gz	https://ftp.sra.ebi.ac.uk/vol1/fastq/SRR317/074/SRR31742274/SRR31742274_2.fastq.gz
SRR31742278	PAIRED	https://ftp.sra.ebi.ac.uk/vol1/fastq/SRR317/078/SRR31742278/SRR31742278_1.fastq.gz	https://ftp.sra.ebi.ac.uk/vol1/fastq/SRR317/078/SRR31742278/SRR31742278_2.fastq.gz
SRR31742279	PAIRED	https://ftp.sra.ebi.ac.uk/vol1/fastq/SRR317/079/SRR31742279/SRR31742279_1.fastq.gz	https://ftp.sra.ebi.ac.uk/vol1/fastq/SRR317/079/SRR31742279/SRR31742279_2.fastq.gz
SRR31742283	PAIRED	https://ftp.sra.ebi.ac.uk/vol1/fastq/SRR317/083/SRR31742283/SRR31742283_1.fastq.gz	https://ftp.sra.ebi.ac.uk/vol1/fastq/SRR317/083/SRR31742283/SRR31742283_2.fastq.gz
SRR31742287	PAIRED	https://ftp.sra.ebi.ac.uk/vol1/fastq/SRR317/087/SRR31742287/SRR31742287_1.fastq.gz	https://ftp.sra.ebi.ac.uk/vol1/fastq/SRR317/087/SRR31742287/SRR31742287_2.fastq.gz
SRR31742294	PAIRED	https://ftp.sra.ebi.ac.uk/vol1/fastq/SRR317/094/SRR31742294/SRR31742294_1.fastq.gz	https://ftp.sra.ebi.ac.uk/vol1/fastq/SRR317/094/SRR31742294/SRR31742294_2.fastq.gz
SRR31742301	PAIRED	https://ftp.sra.ebi.ac.uk/vol1/fastq/SRR317/001/SRR31742301/SRR31742301_1.fastq.gz	https://ftp.sra.ebi.ac.uk/vol1/fastq/SRR317/001/SRR31742301/SRR31742301_2.fastq.gz
SRR31742303	PAIRED	https://ftp.sra.ebi.ac.uk/vol1/fastq/SRR317/003/SRR31742303/SRR31742303_1.fastq.gz	https://ftp.sra.ebi.ac.uk/vol1/fastq/SRR317/003/SRR31742303/SRR31742303_2.fastq.gz
SRR31742312	PAIRED	https://ftp.sra.ebi.ac.uk/vol1/fastq/SRR317/012/SRR31742312/SRR31742312_1.fastq.gz	https://ftp.sra.ebi.ac.uk/vol1/fastq/SRR317/012/SRR31742312/SRR31742312_2.fastq.gz
SRR31742316	PAIRED	https://ftp.sra.ebi.ac.uk/vol1/fastq/SRR317/016/SRR31742316/SRR31742316_1.fastq.gz	https://ftp.sra.ebi.ac.uk/vol1/fastq/SRR317/016/SRR31742316/SRR31742316_2.fastq.gz
SRR31742333	PAIRED	https://ftp.sra.ebi.ac.uk/vol1/fastq/SRR317/033/SRR31742333/SRR31742333_1.fastq.gz	https://ftp.sra.ebi.ac.uk/vol1/fastq/SRR317/033/SRR31742333/SRR31742333_2.fastq.gz
SRR31742343	PAIRED	https://ftp.sra.ebi.ac.uk/vol1/fastq/SRR317/043/SRR31742343/SRR31742343_1.fastq.gz	https://ftp.sra.ebi.ac.uk/vol1/fastq/SRR317/043/SRR31742343/SRR31742343_2.fastq.gz
SRR31742354	PAIRED	https://ftp.sra.ebi.ac.uk/vol1/fastq/SRR317/054/SRR31742354/SRR31742354_1.fastq.gz	https://ftp.sra.ebi.ac.uk/vol1/fastq/SRR317/054/SRR31742354/SRR31742354_2.fastq.gz
SRR31742363	PAIRED	https://ftp.sra.ebi.ac.uk/vol1/fastq/SRR317/063/SRR31742363/SRR31742363_1.fastq.gz	https://ftp.sra.ebi.ac.uk/vol1/fastq/SRR317/063/SRR31742363/SRR31742363_2.fastq.gz
SRR31768963	PAIRED	https://ftp.sra.ebi.ac.uk/vol1/fastq/SRR317/063/SRR31768963/SRR31768963_1.fastq.gz	https://ftp.sra.ebi.ac.uk/vol1/fastq/SRR317/063/SRR31768963/SRR31768963_2.fastq.gz
SRR31795597	PAIRED	https://ftp.sra.ebi.ac.uk/vol1/fastq/SRR317/097/SRR31795597/SRR31795597_1.fastq.gz	https://ftp.sra.ebi.ac.uk/vol1/fastq/SRR317/097/SRR31795597/SRR31795597_2.fastq.gz
SRR31821523	PAIRED	https://ftp.sra.ebi.ac.uk/vol1/fastq/SRR318/023/SRR31821523/SRR31821523_1.fastq.gz	https://ftp.sra.ebi.ac.uk/vol1/fastq/SRR318/023/SRR31821523/SRR31821523_2.fastq.gz
SRR31827998	PAIRED	https://ftp.sra.ebi.ac.uk/vol1/fastq/SRR318/098/SRR31827998/SRR31827998_1.fastq.gz	https://ftp.sra.ebi.ac.uk/vol1/fastq/SRR318/098/SRR31827998/SRR31827998_2.fastq.gz
SRR31897981	PAIRED	https://ftp.sra.ebi.ac.uk/vol1/fastq/SRR318/081/SRR31897981/SRR31897981_1.fastq.gz	https://ftp.sra.ebi.ac.uk/vol1/fastq/SRR318/081/SRR31897981/SRR31897981_2.fastq.gz
SRR31899128	PAIRED	https://ftp.sra.ebi.ac.uk/vol1/fastq/SRR318/028/SRR31899128/SRR31899128_1.fastq.gz	https://ftp.sra.ebi.ac.uk/vol1/fastq/SRR318/028/SRR31899128/SRR31899128_2.fastq.gz
SRR31916370	PAIRED	https://ftp.sra.ebi.ac.uk/vol1/fastq/SRR319/070/SRR31916370/SRR31916370_1.fastq.gz	https://ftp.sra.ebi.ac.uk/vol1/fastq/SRR319/070/SRR31916370/SRR31916370_2.fastq.gz
SRR31916491	PAIRED	https://ftp.sra.ebi.ac.uk/vol1/fastq/SRR319/091/SRR31916491/SRR31916491_1.fastq.gz	https://ftp.sra.ebi.ac.uk/vol1/fastq/SRR319/091/SRR31916491/SRR31916491_2.fastq.gz
SRR31940702	PAIRED	https://ftp.sra.ebi.ac.uk/vol1/fastq/SRR319/002/SRR31940702/SRR31940702_1.fastq.gz	https://ftp.sra.ebi.ac.uk/vol1/fastq/SRR319/002/SRR31940702/SRR31940702_2.fastq.gz
SRR31948943	PAIRED	https://ftp.sra.ebi.ac.uk/vol1/fastq/SRR319/043/SRR31948943/SRR31948943_1.fastq.gz	https://ftp.sra.ebi.ac.uk/vol1/fastq/SRR319/043/SRR31948943/SRR31948943_2.fastq.gz
SRR31948947	PAIRED	https://ftp.sra.ebi.ac.uk/vol1/fastq/SRR319/047/SRR31948947/SRR31948947_1.fastq.gz	https://ftp.sra.ebi.ac.uk/vol1/fastq/SRR319/047/SRR31948947/SRR31948947_2.fastq.gz
SRR31948959	PAIRED	https://ftp.sra.ebi.ac.uk/vol1/fastq/SRR319/059/SRR31948959/SRR31948959_1.fastq.gz	https://ftp.sra.ebi.ac.uk/vol1/fastq/SRR319/059/SRR31948959/SRR31948959_2.fastq.gz
SRR31948976	PAIRED	https://ftp.sra.ebi.ac.uk/vol1/fastq/SRR319/076/SRR31948976/SRR31948976_1.fastq.gz	https://ftp.sra.ebi.ac.uk/vol1/fastq/SRR319/076/SRR31948976/SRR31948976_2.fastq.gz
SRR31948984	PAIRED	https://ftp.sra.ebi.ac.uk/vol1/fastq/SRR319/084/SRR31948984/SRR31948984_1.fastq.gz	https://ftp.sra.ebi.ac.uk/vol1/fastq/SRR319/084/SRR31948984/SRR31948984_2.fastq.gz
SRR31948985	PAIRED	https://ftp.sra.ebi.ac.uk/vol1/fastq/SRR319/085/SRR31948985/SRR31948985_1.fastq.gz	https://ftp.sra.ebi.ac.uk/vol1/fastq/SRR319/085/SRR31948985/SRR31948985_2.fastq.gz
SRR31948988	PAIRED	https://ftp.sra.ebi.ac.uk/vol1/fastq/SRR319/088/SRR31948988/SRR31948988_1.fastq.gz	https://ftp.sra.ebi.ac.uk/vol1/fastq/SRR319/088/SRR31948988/SRR31948988_2.fastq.gz
SRR32003891	PAIRED	https://ftp.sra.ebi.ac.uk/vol1/fastq/SRR320/091/SRR32003891/SRR32003891_1.fastq.gz	https://ftp.sra.ebi.ac.uk/vol1/fastq/SRR320/091/SRR32003891/SRR32003891_2.fastq.gz
SRR32003892	PAIRED	https://ftp.sra.ebi.ac.uk/vol1/fastq/SRR320/092/SRR32003892/SRR32003892_1.fastq.gz	https://ftp.sra.ebi.ac.uk/vol1/fastq/SRR320/092/SRR32003892/SRR32003892_2.fastq.gz
SRR32003925	PAIRED	https://ftp.sra.ebi.ac.uk/vol1/fastq/SRR320/025/SRR32003925/SRR32003925_1.fastq.gz	https://ftp.sra.ebi.ac.uk/vol1/fastq/SRR320/025/SRR32003925/SRR32003925_2.fastq.gz
SRR32037272	PAIRED	https://ftp.sra.ebi.ac.uk/vol1/fastq/SRR320/072/SRR32037272/SRR32037272_1.fastq.gz	https://ftp.sra.ebi.ac.uk/vol1/fastq/SRR320/072/SRR32037272/SRR32037272_2.fastq.gz
SRR32037949	PAIRED	https://ftp.sra.ebi.ac.uk/vol1/fastq/SRR320/049/SRR32037949/SRR32037949_1.fastq.gz	https://ftp.sra.ebi.ac.uk/vol1/fastq/SRR320/049/SRR32037949/SRR32037949_2.fastq.gz
SRR32037976	PAIRED	https://ftp.sra.ebi.ac.uk/vol1/fastq/SRR320/076/SRR32037976/SRR32037976_1.fastq.gz	https://ftp.sra.ebi.ac.uk/vol1/fastq/SRR320/076/SRR32037976/SRR32037976_2.fastq.gz
SRR32037984	PAIRED	https://ftp.sra.ebi.ac.uk/vol1/fastq/SRR320/084/SRR32037984/SRR32037984_1.fastq.gz	https://ftp.sra.ebi.ac.uk/vol1/fastq/SRR320/084/SRR32037984/SRR32037984_2.fastq.gz
SRR3204555	PAIRED	https://ftp.sra.ebi.ac.uk/vol1/fastq/SRR320/005/SRR3204555/SRR3204555_1.fastq.gz	https://ftp.sra.ebi.ac.uk/vol1/fastq/SRR320/005/SRR3204555/SRR3204555_2.fastq.gz
SRR32059682	PAIRED	https://ftp.sra.ebi.ac.uk/vol1/fastq/SRR320/082/SRR32059682/SRR32059682_1.fastq.gz	https://ftp.sra.ebi.ac.uk/vol1/fastq/SRR320/082/SRR32059682/SRR32059682_2.fastq.gz
SRR32059688	PAIRED	https://ftp.sra.ebi.ac.uk/vol1/fastq/SRR320/088/SRR32059688/SRR32059688_1.fastq.gz	https://ftp.sra.ebi.ac.uk/vol1/fastq/SRR320/088/SRR32059688/SRR32059688_2.fastq.gz
SRR32063800	PAIRED	https://ftp.sra.ebi.ac.uk/vol1/fastq/SRR320/000/SRR32063800/SRR32063800_1.fastq.gz	https://ftp.sra.ebi.ac.uk/vol1/fastq/SRR320/000/SRR32063800/SRR32063800_2.fastq.gz
SRR32083332	PAIRED	https://ftp.sra.ebi.ac.uk/vol1/fastq/SRR320/032/SRR32083332/SRR32083332_1.fastq.gz	https://ftp.sra.ebi.ac.uk/vol1/fastq/SRR320/032/SRR32083332/SRR32083332_2.fastq.gz
SRR32083342	PAIRED	https://ftp.sra.ebi.ac.uk/vol1/fastq/SRR320/042/SRR32083342/SRR32083342_1.fastq.gz	https://ftp.sra.ebi.ac.uk/vol1/fastq/SRR320/042/SRR32083342/SRR32083342_2.fastq.gz
SRR32083352	PAIRED	https://ftp.sra.ebi.ac.uk/vol1/fastq/SRR320/052/SRR32083352/SRR32083352_1.fastq.gz	https://ftp.sra.ebi.ac.uk/vol1/fastq/SRR320/052/SRR32083352/SRR32083352_2.fastq.gz
SRR32099771	PAIRED	https://ftp.sra.ebi.ac.uk/vol1/fastq/SRR320/071/SRR32099771/SRR32099771_1.fastq.gz	https://ftp.sra.ebi.ac.uk/vol1/fastq/SRR320/071/SRR32099771/SRR32099771_2.fastq.gz
SRR32133088	PAIRED	https://ftp.sra.ebi.ac.uk/vol1/fastq/SRR321/088/SRR32133088/SRR32133088_1.fastq.gz	https://ftp.sra.ebi.ac.uk/vol1/fastq/SRR321/088/SRR32133088/SRR32133088_2.fastq.gz
SRR32133097	PAIRED	https://ftp.sra.ebi.ac.uk/vol1/fastq/SRR321/097/SRR32133097/SRR32133097_1.fastq.gz	https://ftp.sra.ebi.ac.uk/vol1/fastq/SRR321/097/SRR32133097/SRR32133097_2.fastq.gz
SRR32133109	PAIRED	https://ftp.sra.ebi.ac.uk/vol1/fastq/SRR321/009/SRR32133109/SRR32133109_1.fastq.gz	https://ftp.sra.ebi.ac.uk/vol1/fastq/SRR321/009/SRR32133109/SRR32133109_2.fastq.gz
SRR32133126	PAIRED	https://ftp.sra.ebi.ac.uk/vol1/fastq/SRR321/026/SRR32133126/SRR32133126_1.fastq.gz	https://ftp.sra.ebi.ac.uk/vol1/fastq/SRR321/026/SRR32133126/SRR32133126_2.fastq.gz
SRR32133136	PAIRED	https://ftp.sra.ebi.ac.uk/vol1/fastq/SRR321/036/SRR32133136/SRR32133136_1.fastq.gz	https://ftp.sra.ebi.ac.uk/vol1/fastq/SRR321/036/SRR32133136/SRR32133136_2.fastq.gz
SRR32133141	PAIRED	https://ftp.sra.ebi.ac.uk/vol1/fastq/SRR321/041/SRR32133141/SRR32133141_1.fastq.gz	https://ftp.sra.ebi.ac.uk/vol1/fastq/SRR321/041/SRR32133141/SRR32133141_2.fastq.gz
SRR32133165	PAIRED	https://ftp.sra.ebi.ac.uk/vol1/fastq/SRR321/065/SRR32133165/SRR32133165_1.fastq.gz	https://ftp.sra.ebi.ac.uk/vol1/fastq/SRR321/065/SRR32133165/SRR32133165_2.fastq.gz
SRR32133178	PAIRED	https://ftp.sra.ebi.ac.uk/vol1/fastq/SRR321/078/SRR32133178/SRR32133178_1.fastq.gz	https://ftp.sra.ebi.ac.uk/vol1/fastq/SRR321/078/SRR32133178/SRR32133178_2.fastq.gz
SRR32133238	PAIRED	https://ftp.sra.ebi.ac.uk/vol1/fastq/SRR321/038/SRR32133238/SRR32133238_1.fastq.gz	https://ftp.sra.ebi.ac.uk/vol1/fastq/SRR321/038/SRR32133238/SRR32133238_2.fastq.gz
SRR32133249	PAIRED	https://ftp.sra.ebi.ac.uk/vol1/fastq/SRR321/049/SRR32133249/SRR32133249_1.fastq.gz	https://ftp.sra.ebi.ac.uk/vol1/fastq/SRR321/049/SRR32133249/SRR32133249_2.fastq.gz
SRR32137989	PAIRED	https://ftp.sra.ebi.ac.uk/vol1/fastq/SRR321/089/SRR32137989/SRR32137989_1.fastq.gz	https://ftp.sra.ebi.ac.uk/vol1/fastq/SRR321/089/SRR32137989/SRR32137989_2.fastq.gz
SRR32141877	PAIRED	https://ftp.sra.ebi.ac.uk/vol1/fastq/SRR321/077/SRR32141877/SRR32141877_1.fastq.gz	https://ftp.sra.ebi.ac.uk/vol1/fastq/SRR321/077/SRR32141877/SRR32141877_2.fastq.gz
SRR32146173	PAIRED	https://ftp.sra.ebi.ac.uk/vol1/fastq/SRR321/073/SRR32146173/SRR32146173_1.fastq.gz	https://ftp.sra.ebi.ac.uk/vol1/fastq/SRR321/073/SRR32146173/SRR32146173_2.fastq.gz
SRR32146218	PAIRED	https://ftp.sra.ebi.ac.uk/vol1/fastq/SRR321/018/SRR32146218/SRR32146218_1.fastq.gz	https://ftp.sra.ebi.ac.uk/vol1/fastq/SRR321/018/SRR32146218/SRR32146218_2.fastq.gz
SRR32146228	PAIRED	https://ftp.sra.ebi.ac.uk/vol1/fastq/SRR321/028/SRR32146228/SRR32146228_1.fastq.gz	https://ftp.sra.ebi.ac.uk/vol1/fastq/SRR321/028/SRR32146228/SRR32146228_2.fastq.gz
SRR32146236	PAIRED	https://ftp.sra.ebi.ac.uk/vol1/fastq/SRR321/036/SRR32146236/SRR32146236_1.fastq.gz	https://ftp.sra.ebi.ac.uk/vol1/fastq/SRR321/036/SRR32146236/SRR32146236_2.fastq.gz
SRR32146317	PAIRED	https://ftp.sra.ebi.ac.uk/vol1/fastq/SRR321/017/SRR32146317/SRR32146317_1.fastq.gz	https://ftp.sra.ebi.ac.uk/vol1/fastq/SRR321/017/SRR32146317/SRR32146317_2.fastq.gz
SRR32146322	PAIRED	https://ftp.sra.ebi.ac.uk/vol1/fastq/SRR321/022/SRR32146322/SRR32146322_1.fastq.gz	https://ftp.sra.ebi.ac.uk/vol1/fastq/SRR321/022/SRR32146322/SRR32146322_2.fastq.gz
SRR32146323	PAIRED	https://ftp.sra.ebi.ac.uk/vol1/fastq/SRR321/023/SRR32146323/SRR32146323_1.fastq.gz	https://ftp.sra.ebi.ac.uk/vol1/fastq/SRR321/023/SRR32146323/SRR32146323_2.fastq.gz
SRR32146325	PAIRED	https://ftp.sra.ebi.ac.uk/vol1/fastq/SRR321/025/SRR32146325/SRR32146325_1.fastq.gz	https://ftp.sra.ebi.ac.uk/vol1/fastq/SRR321/025/SRR32146325/SRR32146325_2.fastq.gz
SRR32146327	PAIRED	https://ftp.sra.ebi.ac.uk/vol1/fastq/SRR321/027/SRR32146327/SRR32146327_1.fastq.gz	https://ftp.sra.ebi.ac.uk/vol1/fastq/SRR321/027/SRR32146327/SRR32146327_2.fastq.gz
SRR32146386	PAIRED	https://ftp.sra.ebi.ac.uk/vol1/fastq/SRR321/086/SRR32146386/SRR32146386_1.fastq.gz	https://ftp.sra.ebi.ac.uk/vol1/fastq/SRR321/086/SRR32146386/SRR32146386_2.fastq.gz
SRR32146454	PAIRED	https://ftp.sra.ebi.ac.uk/vol1/fastq/SRR321/054/SRR32146454/SRR32146454_1.fastq.gz	https://ftp.sra.ebi.ac.uk/vol1/fastq/SRR321/054/SRR32146454/SRR32146454_2.fastq.gz
SRR32146462	PAIRED	https://ftp.sra.ebi.ac.uk/vol1/fastq/SRR321/062/SRR32146462/SRR32146462_1.fastq.gz	https://ftp.sra.ebi.ac.uk/vol1/fastq/SRR321/062/SRR32146462/SRR32146462_2.fastq.gz
SRR32146473	PAIRED	https://ftp.sra.ebi.ac.uk/vol1/fastq/SRR321/073/SRR32146473/SRR32146473_1.fastq.gz	https://ftp.sra.ebi.ac.uk/vol1/fastq/SRR321/073/SRR32146473/SRR32146473_2.fastq.gz
SRR32146486	PAIRED	https://ftp.sra.ebi.ac.uk/vol1/fastq/SRR321/086/SRR32146486/SRR32146486_1.fastq.gz	https://ftp.sra.ebi.ac.uk/vol1/fastq/SRR321/086/SRR32146486/SRR32146486_2.fastq.gz
SRR32146490	PAIRED	https://ftp.sra.ebi.ac.uk/vol1/fastq/SRR321/090/SRR32146490/SRR32146490_1.fastq.gz	https://ftp.sra.ebi.ac.uk/vol1/fastq/SRR321/090/SRR32146490/SRR32146490_2.fastq.gz
SRR32146552	PAIRED	https://ftp.sra.ebi.ac.uk/vol1/fastq/SRR321/052/SRR32146552/SRR32146552_1.fastq.gz	https://ftp.sra.ebi.ac.uk/vol1/fastq/SRR321/052/SRR32146552/SRR32146552_2.fastq.gz
SRR32157684	PAIRED	https://ftp.sra.ebi.ac.uk/vol1/fastq/SRR321/084/SRR32157684/SRR32157684_1.fastq.gz	https://ftp.sra.ebi.ac.uk/vol1/fastq/SRR321/084/SRR32157684/SRR32157684_2.fastq.gz
SRR32157697	PAIRED	https://ftp.sra.ebi.ac.uk/vol1/fastq/SRR321/097/SRR32157697/SRR32157697_1.fastq.gz	https://ftp.sra.ebi.ac.uk/vol1/fastq/SRR321/097/SRR32157697/SRR32157697_2.fastq.gz
SRR32160393	PAIRED	https://ftp.sra.ebi.ac.uk/vol1/fastq/SRR321/093/SRR32160393/SRR32160393_1.fastq.gz	https://ftp.sra.ebi.ac.uk/vol1/fastq/SRR321/093/SRR32160393/SRR32160393_2.fastq.gz
SRR32190122	PAIRED	https://ftp.sra.ebi.ac.uk/vol1/fastq/SRR321/022/SRR32190122/SRR32190122_1.fastq.gz	https://ftp.sra.ebi.ac.uk/vol1/fastq/SRR321/022/SRR32190122/SRR32190122_2.fastq.gz
SRR3219835	PAIRED	https://ftp.sra.ebi.ac.uk/vol1/fastq/SRR321/005/SRR3219835/SRR3219835_1.fastq.gz	https://ftp.sra.ebi.ac.uk/vol1/fastq/SRR321/005/SRR3219835/SRR3219835_2.fastq.gz
SRR3221782	PAIRED	https://ftp.sra.ebi.ac.uk/vol1/fastq/SRR322/002/SRR3221782/SRR3221782_1.fastq.gz	https://ftp.sra.ebi.ac.uk/vol1/fastq/SRR322/002/SRR3221782/SRR3221782_2.fastq.gz
SRR32222523	PAIRED	https://ftp.sra.ebi.ac.uk/vol1/fastq/SRR322/023/SRR32222523/SRR32222523_1.fastq.gz	https://ftp.sra.ebi.ac.uk/vol1/fastq/SRR322/023/SRR32222523/SRR32222523_2.fastq.gz
SRR32223183	PAIRED	https://ftp.sra.ebi.ac.uk/vol1/fastq/SRR322/083/SRR32223183/SRR32223183_1.fastq.gz	https://ftp.sra.ebi.ac.uk/vol1/fastq/SRR322/083/SRR32223183/SRR32223183_2.fastq.gz
SRR32231120	PAIRED	https://ftp.sra.ebi.ac.uk/vol1/fastq/SRR322/020/SRR32231120/SRR32231120_1.fastq.gz	https://ftp.sra.ebi.ac.uk/vol1/fastq/SRR322/020/SRR32231120/SRR32231120_2.fastq.gz
SRR32256561	PAIRED	https://ftp.sra.ebi.ac.uk/vol1/fastq/SRR322/061/SRR32256561/SRR32256561_1.fastq.gz	https://ftp.sra.ebi.ac.uk/vol1/fastq/SRR322/061/SRR32256561/SRR32256561_2.fastq.gz
SRR32256645	PAIRED	https://ftp.sra.ebi.ac.uk/vol1/fastq/SRR322/045/SRR32256645/SRR32256645_1.fastq.gz	https://ftp.sra.ebi.ac.uk/vol1/fastq/SRR322/045/SRR32256645/SRR32256645_2.fastq.gz
SRR32264942	PAIRED	https://ftp.sra.ebi.ac.uk/vol1/fastq/SRR322/042/SRR32264942/SRR32264942_1.fastq.gz	https://ftp.sra.ebi.ac.uk/vol1/fastq/SRR322/042/SRR32264942/SRR32264942_2.fastq.gz
SRR32265065	PAIRED	https://ftp.sra.ebi.ac.uk/vol1/fastq/SRR322/065/SRR32265065/SRR32265065_1.fastq.gz	https://ftp.sra.ebi.ac.uk/vol1/fastq/SRR322/065/SRR32265065/SRR32265065_2.fastq.gz
SRR32265087	PAIRED	https://ftp.sra.ebi.ac.uk/vol1/fastq/SRR322/087/SRR32265087/SRR32265087_1.fastq.gz	https://ftp.sra.ebi.ac.uk/vol1/fastq/SRR322/087/SRR32265087/SRR32265087_2.fastq.gz
SRR32265112	PAIRED	https://ftp.sra.ebi.ac.uk/vol1/fastq/SRR322/012/SRR32265112/SRR32265112_1.fastq.gz	https://ftp.sra.ebi.ac.uk/vol1/fastq/SRR322/012/SRR32265112/SRR32265112_2.fastq.gz
SRR32265220	PAIRED	https://ftp.sra.ebi.ac.uk/vol1/fastq/SRR322/020/SRR32265220/SRR32265220_1.fastq.gz	https://ftp.sra.ebi.ac.uk/vol1/fastq/SRR322/020/SRR32265220/SRR32265220_2.fastq.gz
SRR32265403	PAIRED	https://ftp.sra.ebi.ac.uk/vol1/fastq/SRR322/003/SRR32265403/SRR32265403_1.fastq.gz	https://ftp.sra.ebi.ac.uk/vol1/fastq/SRR322/003/SRR32265403/SRR32265403_2.fastq.gz
SRR32265532	PAIRED	https://ftp.sra.ebi.ac.uk/vol1/fastq/SRR322/032/SRR32265532/SRR32265532_1.fastq.gz	https://ftp.sra.ebi.ac.uk/vol1/fastq/SRR322/032/SRR32265532/SRR32265532_2.fastq.gz
SRR32265538	PAIRED	https://ftp.sra.ebi.ac.uk/vol1/fastq/SRR322/038/SRR32265538/SRR32265538_1.fastq.gz	https://ftp.sra.ebi.ac.uk/vol1/fastq/SRR322/038/SRR32265538/SRR32265538_2.fastq.gz
SRR32266589	PAIRED	https://ftp.sra.ebi.ac.uk/vol1/fastq/SRR322/089/SRR32266589/SRR32266589_1.fastq.gz	https://ftp.sra.ebi.ac.uk/vol1/fastq/SRR322/089/SRR32266589/SRR32266589_2.fastq.gz
SRR32267544	PAIRED	https://ftp.sra.ebi.ac.uk/vol1/fastq/SRR322/044/SRR32267544/SRR32267544_1.fastq.gz	https://ftp.sra.ebi.ac.uk/vol1/fastq/SRR322/044/SRR32267544/SRR32267544_2.fastq.gz
SRR32267645	PAIRED	https://ftp.sra.ebi.ac.uk/vol1/fastq/SRR322/045/SRR32267645/SRR32267645_1.fastq.gz	https://ftp.sra.ebi.ac.uk/vol1/fastq/SRR322/045/SRR32267645/SRR32267645_2.fastq.gz
SRR32268474	PAIRED	https://ftp.sra.ebi.ac.uk/vol1/fastq/SRR322/074/SRR32268474/SRR32268474_1.fastq.gz	https://ftp.sra.ebi.ac.uk/vol1/fastq/SRR322/074/SRR32268474/SRR32268474_2.fastq.gz
SRR3226936	PAIRED	https://ftp.sra.ebi.ac.uk/vol1/fastq/SRR322/006/SRR3226936/SRR3226936_1.fastq.gz	https://ftp.sra.ebi.ac.uk/vol1/fastq/SRR322/006/SRR3226936/SRR3226936_2.fastq.gz
SRR32297293	PAIRED	https://ftp.sra.ebi.ac.uk/vol1/fastq/SRR322/093/SRR32297293/SRR32297293_1.fastq.gz	https://ftp.sra.ebi.ac.uk/vol1/fastq/SRR322/093/SRR32297293/SRR32297293_2.fastq.gz
SRR32321451	PAIRED	https://ftp.sra.ebi.ac.uk/vol1/fastq/SRR323/051/SRR32321451/SRR32321451_1.fastq.gz	https://ftp.sra.ebi.ac.uk/vol1/fastq/SRR323/051/SRR32321451/SRR32321451_2.fastq.gz
SRR32342204	PAIRED	https://ftp.sra.ebi.ac.uk/vol1/fastq/SRR323/004/SRR32342204/SRR32342204_1.fastq.gz	https://ftp.sra.ebi.ac.uk/vol1/fastq/SRR323/004/SRR32342204/SRR32342204_2.fastq.gz
SRR32344924	PAIRED	https://ftp.sra.ebi.ac.uk/vol1/fastq/SRR323/024/SRR32344924/SRR32344924_1.fastq.gz	https://ftp.sra.ebi.ac.uk/vol1/fastq/SRR323/024/SRR32344924/SRR32344924_2.fastq.gz
SRR32344925	PAIRED	https://ftp.sra.ebi.ac.uk/vol1/fastq/SRR323/025/SRR32344925/SRR32344925_1.fastq.gz	https://ftp.sra.ebi.ac.uk/vol1/fastq/SRR323/025/SRR32344925/SRR32344925_2.fastq.gz
SRR32344930	PAIRED	https://ftp.sra.ebi.ac.uk/vol1/fastq/SRR323/030/SRR32344930/SRR32344930_1.fastq.gz	https://ftp.sra.ebi.ac.uk/vol1/fastq/SRR323/030/SRR32344930/SRR32344930_2.fastq.gz
SRR32344940	PAIRED	https://ftp.sra.ebi.ac.uk/vol1/fastq/SRR323/040/SRR32344940/SRR32344940_1.fastq.gz	https://ftp.sra.ebi.ac.uk/vol1/fastq/SRR323/040/SRR32344940/SRR32344940_2.fastq.gz
SRR32344941	PAIRED	https://ftp.sra.ebi.ac.uk/vol1/fastq/SRR323/041/SRR32344941/SRR32344941_1.fastq.gz	https://ftp.sra.ebi.ac.uk/vol1/fastq/SRR323/041/SRR32344941/SRR32344941_2.fastq.gz
SRR32345005	PAIRED	https://ftp.sra.ebi.ac.uk/vol1/fastq/SRR323/005/SRR32345005/SRR32345005_1.fastq.gz	https://ftp.sra.ebi.ac.uk/vol1/fastq/SRR323/005/SRR32345005/SRR32345005_2.fastq.gz
SRR32345029	PAIRED	https://ftp.sra.ebi.ac.uk/vol1/fastq/SRR323/029/SRR32345029/SRR32345029_1.fastq.gz	https://ftp.sra.ebi.ac.uk/vol1/fastq/SRR323/029/SRR32345029/SRR32345029_2.fastq.gz
SRR32345040	PAIRED	https://ftp.sra.ebi.ac.uk/vol1/fastq/SRR323/040/SRR32345040/SRR32345040_1.fastq.gz	https://ftp.sra.ebi.ac.uk/vol1/fastq/SRR323/040/SRR32345040/SRR32345040_2.fastq.gz
SRR32345069	PAIRED	https://ftp.sra.ebi.ac.uk/vol1/fastq/SRR323/069/SRR32345069/SRR32345069_1.fastq.gz	https://ftp.sra.ebi.ac.uk/vol1/fastq/SRR323/069/SRR32345069/SRR32345069_2.fastq.gz
SRR32345070	PAIRED	https://ftp.sra.ebi.ac.uk/vol1/fastq/SRR323/070/SRR32345070/SRR32345070_1.fastq.gz	https://ftp.sra.ebi.ac.uk/vol1/fastq/SRR323/070/SRR32345070/SRR32345070_2.fastq.gz
SRR32345077	PAIRED	https://ftp.sra.ebi.ac.uk/vol1/fastq/SRR323/077/SRR32345077/SRR32345077_1.fastq.gz	https://ftp.sra.ebi.ac.uk/vol1/fastq/SRR323/077/SRR32345077/SRR32345077_2.fastq.gz
SRR32345098	PAIRED	https://ftp.sra.ebi.ac.uk/vol1/fastq/SRR323/098/SRR32345098/SRR32345098_1.fastq.gz	https://ftp.sra.ebi.ac.uk/vol1/fastq/SRR323/098/SRR32345098/SRR32345098_2.fastq.gz
SRR32345105	PAIRED	https://ftp.sra.ebi.ac.uk/vol1/fastq/SRR323/005/SRR32345105/SRR32345105_1.fastq.gz	https://ftp.sra.ebi.ac.uk/vol1/fastq/SRR323/005/SRR32345105/SRR32345105_2.fastq.gz
SRR32345111	PAIRED	https://ftp.sra.ebi.ac.uk/vol1/fastq/SRR323/011/SRR32345111/SRR32345111_1.fastq.gz	https://ftp.sra.ebi.ac.uk/vol1/fastq/SRR323/011/SRR32345111/SRR32345111_2.fastq.gz
SRR32345126	PAIRED	https://ftp.sra.ebi.ac.uk/vol1/fastq/SRR323/026/SRR32345126/SRR32345126_1.fastq.gz	https://ftp.sra.ebi.ac.uk/vol1/fastq/SRR323/026/SRR32345126/SRR32345126_2.fastq.gz
SRR32345130	PAIRED	https://ftp.sra.ebi.ac.uk/vol1/fastq/SRR323/030/SRR32345130/SRR32345130_1.fastq.gz	https://ftp.sra.ebi.ac.uk/vol1/fastq/SRR323/030/SRR32345130/SRR32345130_2.fastq.gz
SRR32345161	PAIRED	https://ftp.sra.ebi.ac.uk/vol1/fastq/SRR323/061/SRR32345161/SRR32345161_1.fastq.gz	https://ftp.sra.ebi.ac.uk/vol1/fastq/SRR323/061/SRR32345161/SRR32345161_2.fastq.gz
SRR32345163	PAIRED	https://ftp.sra.ebi.ac.uk/vol1/fastq/SRR323/063/SRR32345163/SRR32345163_1.fastq.gz	https://ftp.sra.ebi.ac.uk/vol1/fastq/SRR323/063/SRR32345163/SRR32345163_2.fastq.gz
SRR32345210	PAIRED	https://ftp.sra.ebi.ac.uk/vol1/fastq/SRR323/010/SRR32345210/SRR32345210_1.fastq.gz	https://ftp.sra.ebi.ac.uk/vol1/fastq/SRR323/010/SRR32345210/SRR32345210_2.fastq.gz
SRR32345222	PAIRED	https://ftp.sra.ebi.ac.uk/vol1/fastq/SRR323/022/SRR32345222/SRR32345222_1.fastq.gz	https://ftp.sra.ebi.ac.uk/vol1/fastq/SRR323/022/SRR32345222/SRR32345222_2.fastq.gz
SRR32345227	PAIRED	https://ftp.sra.ebi.ac.uk/vol1/fastq/SRR323/027/SRR32345227/SRR32345227_1.fastq.gz	https://ftp.sra.ebi.ac.uk/vol1/fastq/SRR323/027/SRR32345227/SRR32345227_2.fastq.gz
SRR32345235	PAIRED	https://ftp.sra.ebi.ac.uk/vol1/fastq/SRR323/035/SRR32345235/SRR32345235_1.fastq.gz	https://ftp.sra.ebi.ac.uk/vol1/fastq/SRR323/035/SRR32345235/SRR32345235_2.fastq.gz
SRR32345236	PAIRED	https://ftp.sra.ebi.ac.uk/vol1/fastq/SRR323/036/SRR32345236/SRR32345236_1.fastq.gz	https://ftp.sra.ebi.ac.uk/vol1/fastq/SRR323/036/SRR32345236/SRR32345236_2.fastq.gz
SRR32345242	PAIRED	https://ftp.sra.ebi.ac.uk/vol1/fastq/SRR323/042/SRR32345242/SRR32345242_1.fastq.gz	https://ftp.sra.ebi.ac.uk/vol1/fastq/SRR323/042/SRR32345242/SRR32345242_2.fastq.gz
SRR32345244	PAIRED	https://ftp.sra.ebi.ac.uk/vol1/fastq/SRR323/044/SRR32345244/SRR32345244_1.fastq.gz	https://ftp.sra.ebi.ac.uk/vol1/fastq/SRR323/044/SRR32345244/SRR32345244_2.fastq.gz
SRR32345260	PAIRED	https://ftp.sra.ebi.ac.uk/vol1/fastq/SRR323/060/SRR32345260/SRR32345260_1.fastq.gz	https://ftp.sra.ebi.ac.uk/vol1/fastq/SRR323/060/SRR32345260/SRR32345260_2.fastq.gz
SRR32345268	PAIRED	https://ftp.sra.ebi.ac.uk/vol1/fastq/SRR323/068/SRR32345268/SRR32345268_1.fastq.gz	https://ftp.sra.ebi.ac.uk/vol1/fastq/SRR323/068/SRR32345268/SRR32345268_2.fastq.gz
SRR32345270	PAIRED	https://ftp.sra.ebi.ac.uk/vol1/fastq/SRR323/070/SRR32345270/SRR32345270_1.fastq.gz	https://ftp.sra.ebi.ac.uk/vol1/fastq/SRR323/070/SRR32345270/SRR32345270_2.fastq.gz
SRR32345275	PAIRED	https://ftp.sra.ebi.ac.uk/vol1/fastq/SRR323/075/SRR32345275/SRR32345275_1.fastq.gz	https://ftp.sra.ebi.ac.uk/vol1/fastq/SRR323/075/SRR32345275/SRR32345275_2.fastq.gz
SRR32345277	PAIRED	https://ftp.sra.ebi.ac.uk/vol1/fastq/SRR323/077/SRR32345277/SRR32345277_1.fastq.gz	https://ftp.sra.ebi.ac.uk/vol1/fastq/SRR323/077/SRR32345277/SRR32345277_2.fastq.gz
SRR32345292	PAIRED	https://ftp.sra.ebi.ac.uk/vol1/fastq/SRR323/092/SRR32345292/SRR32345292_1.fastq.gz	https://ftp.sra.ebi.ac.uk/vol1/fastq/SRR323/092/SRR32345292/SRR32345292_2.fastq.gz
SRR32345293	PAIRED	https://ftp.sra.ebi.ac.uk/vol1/fastq/SRR323/093/SRR32345293/SRR32345293_1.fastq.gz	https://ftp.sra.ebi.ac.uk/vol1/fastq/SRR323/093/SRR32345293/SRR32345293_2.fastq.gz
SRR32345307	PAIRED	https://ftp.sra.ebi.ac.uk/vol1/fastq/SRR323/007/SRR32345307/SRR32345307_1.fastq.gz	https://ftp.sra.ebi.ac.uk/vol1/fastq/SRR323/007/SRR32345307/SRR32345307_2.fastq.gz
SRR32345348	PAIRED	https://ftp.sra.ebi.ac.uk/vol1/fastq/SRR323/048/SRR32345348/SRR32345348_1.fastq.gz	https://ftp.sra.ebi.ac.uk/vol1/fastq/SRR323/048/SRR32345348/SRR32345348_2.fastq.gz
SRR32345352	PAIRED	https://ftp.sra.ebi.ac.uk/vol1/fastq/SRR323/052/SRR32345352/SRR32345352_1.fastq.gz	https://ftp.sra.ebi.ac.uk/vol1/fastq/SRR323/052/SRR32345352/SRR32345352_2.fastq.gz
SRR32345354	PAIRED	https://ftp.sra.ebi.ac.uk/vol1/fastq/SRR323/054/SRR32345354/SRR32345354_1.fastq.gz	https://ftp.sra.ebi.ac.uk/vol1/fastq/SRR323/054/SRR32345354/SRR32345354_2.fastq.gz
SRR32345379	PAIRED	https://ftp.sra.ebi.ac.uk/vol1/fastq/SRR323/079/SRR32345379/SRR32345379_1.fastq.gz	https://ftp.sra.ebi.ac.uk/vol1/fastq/SRR323/079/SRR32345379/SRR32345379_2.fastq.gz
SRR32345439	PAIRED	https://ftp.sra.ebi.ac.uk/vol1/fastq/SRR323/039/SRR32345439/SRR32345439_1.fastq.gz	https://ftp.sra.ebi.ac.uk/vol1/fastq/SRR323/039/SRR32345439/SRR32345439_2.fastq.gz
SRR32345443	PAIRED	https://ftp.sra.ebi.ac.uk/vol1/fastq/SRR323/043/SRR32345443/SRR32345443_1.fastq.gz	https://ftp.sra.ebi.ac.uk/vol1/fastq/SRR323/043/SRR32345443/SRR32345443_2.fastq.gz
SRR32345444	PAIRED	https://ftp.sra.ebi.ac.uk/vol1/fastq/SRR323/044/SRR32345444/SRR32345444_1.fastq.gz	https://ftp.sra.ebi.ac.uk/vol1/fastq/SRR323/044/SRR32345444/SRR32345444_2.fastq.gz
SRR32345472	PAIRED	https://ftp.sra.ebi.ac.uk/vol1/fastq/SRR323/072/SRR32345472/SRR32345472_1.fastq.gz	https://ftp.sra.ebi.ac.uk/vol1/fastq/SRR323/072/SRR32345472/SRR32345472_2.fastq.gz
SRR32345477	PAIRED	https://ftp.sra.ebi.ac.uk/vol1/fastq/SRR323/077/SRR32345477/SRR32345477_1.fastq.gz	https://ftp.sra.ebi.ac.uk/vol1/fastq/SRR323/077/SRR32345477/SRR32345477_2.fastq.gz
SRR32345484	PAIRED	https://ftp.sra.ebi.ac.uk/vol1/fastq/SRR323/084/SRR32345484/SRR32345484_1.fastq.gz	https://ftp.sra.ebi.ac.uk/vol1/fastq/SRR323/084/SRR32345484/SRR32345484_2.fastq.gz
SRR32345505	PAIRED	https://ftp.sra.ebi.ac.uk/vol1/fastq/SRR323/005/SRR32345505/SRR32345505_1.fastq.gz	https://ftp.sra.ebi.ac.uk/vol1/fastq/SRR323/005/SRR32345505/SRR32345505_2.fastq.gz
SRR32345509	PAIRED	https://ftp.sra.ebi.ac.uk/vol1/fastq/SRR323/009/SRR32345509/SRR32345509_1.fastq.gz	https://ftp.sra.ebi.ac.uk/vol1/fastq/SRR323/009/SRR32345509/SRR32345509_2.fastq.gz
SRR32345522	PAIRED	https://ftp.sra.ebi.ac.uk/vol1/fastq/SRR323/022/SRR32345522/SRR32345522_1.fastq.gz	https://ftp.sra.ebi.ac.uk/vol1/fastq/SRR323/022/SRR32345522/SRR32345522_2.fastq.gz
SRR32345536	PAIRED	https://ftp.sra.ebi.ac.uk/vol1/fastq/SRR323/036/SRR32345536/SRR32345536_1.fastq.gz	https://ftp.sra.ebi.ac.uk/vol1/fastq/SRR323/036/SRR32345536/SRR32345536_2.fastq.gz
SRR32345542	PAIRED	https://ftp.sra.ebi.ac.uk/vol1/fastq/SRR323/042/SRR32345542/SRR32345542_1.fastq.gz	https://ftp.sra.ebi.ac.uk/vol1/fastq/SRR323/042/SRR32345542/SRR32345542_2.fastq.gz
SRR32345544	PAIRED	https://ftp.sra.ebi.ac.uk/vol1/fastq/SRR323/044/SRR32345544/SRR32345544_1.fastq.gz	https://ftp.sra.ebi.ac.uk/vol1/fastq/SRR323/044/SRR32345544/SRR32345544_2.fastq.gz
SRR32345557	PAIRED	https://ftp.sra.ebi.ac.uk/vol1/fastq/SRR323/057/SRR32345557/SRR32345557_1.fastq.gz	https://ftp.sra.ebi.ac.uk/vol1/fastq/SRR323/057/SRR32345557/SRR32345557_2.fastq.gz
SRR32345570	PAIRED	https://ftp.sra.ebi.ac.uk/vol1/fastq/SRR323/070/SRR32345570/SRR32345570_1.fastq.gz	https://ftp.sra.ebi.ac.uk/vol1/fastq/SRR323/070/SRR32345570/SRR32345570_2.fastq.gz
SRR32345581	PAIRED	https://ftp.sra.ebi.ac.uk/vol1/fastq/SRR323/081/SRR32345581/SRR32345581_1.fastq.gz	https://ftp.sra.ebi.ac.uk/vol1/fastq/SRR323/081/SRR32345581/SRR32345581_2.fastq.gz
SRR32345639	PAIRED	https://ftp.sra.ebi.ac.uk/vol1/fastq/SRR323/039/SRR32345639/SRR32345639_1.fastq.gz	https://ftp.sra.ebi.ac.uk/vol1/fastq/SRR323/039/SRR32345639/SRR32345639_2.fastq.gz
SRR32364227	PAIRED	https://ftp.sra.ebi.ac.uk/vol1/fastq/SRR323/027/SRR32364227/SRR32364227_1.fastq.gz	https://ftp.sra.ebi.ac.uk/vol1/fastq/SRR323/027/SRR32364227/SRR32364227_2.fastq.gz
SRR32364230	PAIRED	https://ftp.sra.ebi.ac.uk/vol1/fastq/SRR323/030/SRR32364230/SRR32364230_1.fastq.gz	https://ftp.sra.ebi.ac.uk/vol1/fastq/SRR323/030/SRR32364230/SRR32364230_2.fastq.gz
SRR32364234	PAIRED	https://ftp.sra.ebi.ac.uk/vol1/fastq/SRR323/034/SRR32364234/SRR32364234_1.fastq.gz	https://ftp.sra.ebi.ac.uk/vol1/fastq/SRR323/034/SRR32364234/SRR32364234_2.fastq.gz
SRR32364272	PAIRED	https://ftp.sra.ebi.ac.uk/vol1/fastq/SRR323/072/SRR32364272/SRR32364272_1.fastq.gz	https://ftp.sra.ebi.ac.uk/vol1/fastq/SRR323/072/SRR32364272/SRR32364272_2.fastq.gz
SRR32364291	PAIRED	https://ftp.sra.ebi.ac.uk/vol1/fastq/SRR323/091/SRR32364291/SRR32364291_1.fastq.gz	https://ftp.sra.ebi.ac.uk/vol1/fastq/SRR323/091/SRR32364291/SRR32364291_2.fastq.gz
SRR32364302	PAIRED	https://ftp.sra.ebi.ac.uk/vol1/fastq/SRR323/002/SRR32364302/SRR32364302_1.fastq.gz	https://ftp.sra.ebi.ac.uk/vol1/fastq/SRR323/002/SRR32364302/SRR32364302_2.fastq.gz
SRR32364320	PAIRED	https://ftp.sra.ebi.ac.uk/vol1/fastq/SRR323/020/SRR32364320/SRR32364320_1.fastq.gz	https://ftp.sra.ebi.ac.uk/vol1/fastq/SRR323/020/SRR32364320/SRR32364320_2.fastq.gz
SRR32364327	PAIRED	https://ftp.sra.ebi.ac.uk/vol1/fastq/SRR323/027/SRR32364327/SRR32364327_1.fastq.gz	https://ftp.sra.ebi.ac.uk/vol1/fastq/SRR323/027/SRR32364327/SRR32364327_2.fastq.gz
SRR32364361	PAIRED	https://ftp.sra.ebi.ac.uk/vol1/fastq/SRR323/061/SRR32364361/SRR32364361_1.fastq.gz	https://ftp.sra.ebi.ac.uk/vol1/fastq/SRR323/061/SRR32364361/SRR32364361_2.fastq.gz
SRR32364369	PAIRED	https://ftp.sra.ebi.ac.uk/vol1/fastq/SRR323/069/SRR32364369/SRR32364369_1.fastq.gz	https://ftp.sra.ebi.ac.uk/vol1/fastq/SRR323/069/SRR32364369/SRR32364369_2.fastq.gz
SRR32364383	PAIRED	https://ftp.sra.ebi.ac.uk/vol1/fastq/SRR323/083/SRR32364383/SRR32364383_1.fastq.gz	https://ftp.sra.ebi.ac.uk/vol1/fastq/SRR323/083/SRR32364383/SRR32364383_2.fastq.gz
SRR32364387	PAIRED	https://ftp.sra.ebi.ac.uk/vol1/fastq/SRR323/087/SRR32364387/SRR32364387_1.fastq.gz	https://ftp.sra.ebi.ac.uk/vol1/fastq/SRR323/087/SRR32364387/SRR32364387_2.fastq.gz
SRR32364454	PAIRED	https://ftp.sra.ebi.ac.uk/vol1/fastq/SRR323/054/SRR32364454/SRR32364454_1.fastq.gz	https://ftp.sra.ebi.ac.uk/vol1/fastq/SRR323/054/SRR32364454/SRR32364454_2.fastq.gz
SRR32364474	PAIRED	https://ftp.sra.ebi.ac.uk/vol1/fastq/SRR323/074/SRR32364474/SRR32364474_1.fastq.gz	https://ftp.sra.ebi.ac.uk/vol1/fastq/SRR323/074/SRR32364474/SRR32364474_2.fastq.gz
SRR32364490	PAIRED	https://ftp.sra.ebi.ac.uk/vol1/fastq/SRR323/090/SRR32364490/SRR32364490_1.fastq.gz	https://ftp.sra.ebi.ac.uk/vol1/fastq/SRR323/090/SRR32364490/SRR32364490_2.fastq.gz
SRR32364521	PAIRED	https://ftp.sra.ebi.ac.uk/vol1/fastq/SRR323/021/SRR32364521/SRR32364521_1.fastq.gz	https://ftp.sra.ebi.ac.uk/vol1/fastq/SRR323/021/SRR32364521/SRR32364521_2.fastq.gz
SRR32364528	PAIRED	https://ftp.sra.ebi.ac.uk/vol1/fastq/SRR323/028/SRR32364528/SRR32364528_1.fastq.gz	https://ftp.sra.ebi.ac.uk/vol1/fastq/SRR323/028/SRR32364528/SRR32364528_2.fastq.gz
SRR32364605	PAIRED	https://ftp.sra.ebi.ac.uk/vol1/fastq/SRR323/005/SRR32364605/SRR32364605_1.fastq.gz	https://ftp.sra.ebi.ac.uk/vol1/fastq/SRR323/005/SRR32364605/SRR32364605_2.fastq.gz
SRR32364614	PAIRED	https://ftp.sra.ebi.ac.uk/vol1/fastq/SRR323/014/SRR32364614/SRR32364614_1.fastq.gz	https://ftp.sra.ebi.ac.uk/vol1/fastq/SRR323/014/SRR32364614/SRR32364614_2.fastq.gz
SRR32366666	PAIRED	https://ftp.sra.ebi.ac.uk/vol1/fastq/SRR323/066/SRR32366666/SRR32366666_1.fastq.gz	https://ftp.sra.ebi.ac.uk/vol1/fastq/SRR323/066/SRR32366666/SRR32366666_2.fastq.gz
SRR32366674	PAIRED	https://ftp.sra.ebi.ac.uk/vol1/fastq/SRR323/074/SRR32366674/SRR32366674_1.fastq.gz	https://ftp.sra.ebi.ac.uk/vol1/fastq/SRR323/074/SRR32366674/SRR32366674_2.fastq.gz
SRR32366753	PAIRED	https://ftp.sra.ebi.ac.uk/vol1/fastq/SRR323/053/SRR32366753/SRR32366753_1.fastq.gz	https://ftp.sra.ebi.ac.uk/vol1/fastq/SRR323/053/SRR32366753/SRR32366753_2.fastq.gz
SRR32366755	PAIRED	https://ftp.sra.ebi.ac.uk/vol1/fastq/SRR323/055/SRR32366755/SRR32366755_1.fastq.gz	https://ftp.sra.ebi.ac.uk/vol1/fastq/SRR323/055/SRR32366755/SRR32366755_2.fastq.gz
SRR32418941	PAIRED	https://ftp.sra.ebi.ac.uk/vol1/fastq/SRR324/041/SRR32418941/SRR32418941_1.fastq.gz	https://ftp.sra.ebi.ac.uk/vol1/fastq/SRR324/041/SRR32418941/SRR32418941_2.fastq.gz
SRR32418953	PAIRED	https://ftp.sra.ebi.ac.uk/vol1/fastq/SRR324/053/SRR32418953/SRR32418953_1.fastq.gz	https://ftp.sra.ebi.ac.uk/vol1/fastq/SRR324/053/SRR32418953/SRR32418953_2.fastq.gz
SRR32418954	PAIRED	https://ftp.sra.ebi.ac.uk/vol1/fastq/SRR324/054/SRR32418954/SRR32418954_1.fastq.gz	https://ftp.sra.ebi.ac.uk/vol1/fastq/SRR324/054/SRR32418954/SRR32418954_2.fastq.gz
SRR32455722	PAIRED	https://ftp.sra.ebi.ac.uk/vol1/fastq/SRR324/022/SRR32455722/SRR32455722_1.fastq.gz	https://ftp.sra.ebi.ac.uk/vol1/fastq/SRR324/022/SRR32455722/SRR32455722_2.fastq.gz
SRR32455724	PAIRED	https://ftp.sra.ebi.ac.uk/vol1/fastq/SRR324/024/SRR32455724/SRR32455724_1.fastq.gz	https://ftp.sra.ebi.ac.uk/vol1/fastq/SRR324/024/SRR32455724/SRR32455724_2.fastq.gz
SRR32455726	PAIRED	https://ftp.sra.ebi.ac.uk/vol1/fastq/SRR324/026/SRR32455726/SRR32455726_1.fastq.gz	https://ftp.sra.ebi.ac.uk/vol1/fastq/SRR324/026/SRR32455726/SRR32455726_2.fastq.gz
SRR32455731	PAIRED	https://ftp.sra.ebi.ac.uk/vol1/fastq/SRR324/031/SRR32455731/SRR32455731_1.fastq.gz	https://ftp.sra.ebi.ac.uk/vol1/fastq/SRR324/031/SRR32455731/SRR32455731_2.fastq.gz
SRR32455746	PAIRED	https://ftp.sra.ebi.ac.uk/vol1/fastq/SRR324/046/SRR32455746/SRR32455746_1.fastq.gz	https://ftp.sra.ebi.ac.uk/vol1/fastq/SRR324/046/SRR32455746/SRR32455746_2.fastq.gz
SRR32465435	PAIRED	https://ftp.sra.ebi.ac.uk/vol1/fastq/SRR324/035/SRR32465435/SRR32465435_1.fastq.gz	https://ftp.sra.ebi.ac.uk/vol1/fastq/SRR324/035/SRR32465435/SRR32465435_2.fastq.gz
SRR32466218	PAIRED	https://ftp.sra.ebi.ac.uk/vol1/fastq/SRR324/018/SRR32466218/SRR32466218_1.fastq.gz	https://ftp.sra.ebi.ac.uk/vol1/fastq/SRR324/018/SRR32466218/SRR32466218_2.fastq.gz
SRR32466390	PAIRED	https://ftp.sra.ebi.ac.uk/vol1/fastq/SRR324/090/SRR32466390/SRR32466390_1.fastq.gz	https://ftp.sra.ebi.ac.uk/vol1/fastq/SRR324/090/SRR32466390/SRR32466390_2.fastq.gz
SRR32466416	PAIRED	https://ftp.sra.ebi.ac.uk/vol1/fastq/SRR324/016/SRR32466416/SRR32466416_1.fastq.gz	https://ftp.sra.ebi.ac.uk/vol1/fastq/SRR324/016/SRR32466416/SRR32466416_2.fastq.gz
SRR32466445	PAIRED	https://ftp.sra.ebi.ac.uk/vol1/fastq/SRR324/045/SRR32466445/SRR32466445_1.fastq.gz	https://ftp.sra.ebi.ac.uk/vol1/fastq/SRR324/045/SRR32466445/SRR32466445_2.fastq.gz
SRR32466538	PAIRED	https://ftp.sra.ebi.ac.uk/vol1/fastq/SRR324/038/SRR32466538/SRR32466538_1.fastq.gz	https://ftp.sra.ebi.ac.uk/vol1/fastq/SRR324/038/SRR32466538/SRR32466538_2.fastq.gz
SRR32466653	PAIRED	https://ftp.sra.ebi.ac.uk/vol1/fastq/SRR324/053/SRR32466653/SRR32466653_1.fastq.gz	https://ftp.sra.ebi.ac.uk/vol1/fastq/SRR324/053/SRR32466653/SRR32466653_2.fastq.gz
SRR32466747	PAIRED	https://ftp.sra.ebi.ac.uk/vol1/fastq/SRR324/047/SRR32466747/SRR32466747_1.fastq.gz	https://ftp.sra.ebi.ac.uk/vol1/fastq/SRR324/047/SRR32466747/SRR32466747_2.fastq.gz
SRR32466871	PAIRED	https://ftp.sra.ebi.ac.uk/vol1/fastq/SRR324/071/SRR32466871/SRR32466871_1.fastq.gz	https://ftp.sra.ebi.ac.uk/vol1/fastq/SRR324/071/SRR32466871/SRR32466871_2.fastq.gz
SRR32466914	PAIRED	https://ftp.sra.ebi.ac.uk/vol1/fastq/SRR324/014/SRR32466914/SRR32466914_1.fastq.gz	https://ftp.sra.ebi.ac.uk/vol1/fastq/SRR324/014/SRR32466914/SRR32466914_2.fastq.gz
SRR32480345	PAIRED	https://ftp.sra.ebi.ac.uk/vol1/fastq/SRR324/045/SRR32480345/SRR32480345_1.fastq.gz	https://ftp.sra.ebi.ac.uk/vol1/fastq/SRR324/045/SRR32480345/SRR32480345_2.fastq.gz
SRR32484838	PAIRED	https://ftp.sra.ebi.ac.uk/vol1/fastq/SRR324/038/SRR32484838/SRR32484838_1.fastq.gz	https://ftp.sra.ebi.ac.uk/vol1/fastq/SRR324/038/SRR32484838/SRR32484838_2.fastq.gz
SRR32535531	PAIRED	https://ftp.sra.ebi.ac.uk/vol1/fastq/SRR325/031/SRR32535531/SRR32535531_1.fastq.gz	https://ftp.sra.ebi.ac.uk/vol1/fastq/SRR325/031/SRR32535531/SRR32535531_2.fastq.gz
SRR32535532	PAIRED	https://ftp.sra.ebi.ac.uk/vol1/fastq/SRR325/032/SRR32535532/SRR32535532_1.fastq.gz	https://ftp.sra.ebi.ac.uk/vol1/fastq/SRR325/032/SRR32535532/SRR32535532_2.fastq.gz
SRR32535789	PAIRED	https://ftp.sra.ebi.ac.uk/vol1/fastq/SRR325/089/SRR32535789/SRR32535789_1.fastq.gz	https://ftp.sra.ebi.ac.uk/vol1/fastq/SRR325/089/SRR32535789/SRR32535789_2.fastq.gz
SRR32535793	PAIRED	https://ftp.sra.ebi.ac.uk/vol1/fastq/SRR325/093/SRR32535793/SRR32535793_1.fastq.gz	https://ftp.sra.ebi.ac.uk/vol1/fastq/SRR325/093/SRR32535793/SRR32535793_2.fastq.gz
SRR32554108	PAIRED	https://ftp.sra.ebi.ac.uk/vol1/fastq/SRR325/008/SRR32554108/SRR32554108_1.fastq.gz	https://ftp.sra.ebi.ac.uk/vol1/fastq/SRR325/008/SRR32554108/SRR32554108_2.fastq.gz
SRR32568800	PAIRED	https://ftp.sra.ebi.ac.uk/vol1/fastq/SRR325/000/SRR32568800/SRR32568800_1.fastq.gz	https://ftp.sra.ebi.ac.uk/vol1/fastq/SRR325/000/SRR32568800/SRR32568800_2.fastq.gz
SRR32579359	PAIRED	https://ftp.sra.ebi.ac.uk/vol1/fastq/SRR325/059/SRR32579359/SRR32579359_1.fastq.gz	https://ftp.sra.ebi.ac.uk/vol1/fastq/SRR325/059/SRR32579359/SRR32579359_2.fastq.gz
SRR32641178	PAIRED	https://ftp.sra.ebi.ac.uk/vol1/fastq/SRR326/078/SRR32641178/SRR32641178_1.fastq.gz	https://ftp.sra.ebi.ac.uk/vol1/fastq/SRR326/078/SRR32641178/SRR32641178_2.fastq.gz
SRR32649884	PAIRED	https://ftp.sra.ebi.ac.uk/vol1/fastq/SRR326/084/SRR32649884/SRR32649884_1.fastq.gz	https://ftp.sra.ebi.ac.uk/vol1/fastq/SRR326/084/SRR32649884/SRR32649884_2.fastq.gz
SRR32673094	PAIRED	https://ftp.sra.ebi.ac.uk/vol1/fastq/SRR326/094/SRR32673094/SRR32673094_1.fastq.gz	https://ftp.sra.ebi.ac.uk/vol1/fastq/SRR326/094/SRR32673094/SRR32673094_2.fastq.gz
SRR32673098	PAIRED	https://ftp.sra.ebi.ac.uk/vol1/fastq/SRR326/098/SRR32673098/SRR32673098_1.fastq.gz	https://ftp.sra.ebi.ac.uk/vol1/fastq/SRR326/098/SRR32673098/SRR32673098_2.fastq.gz
SRR32687831	PAIRED	https://ftp.sra.ebi.ac.uk/vol1/fastq/SRR326/031/SRR32687831/SRR32687831_1.fastq.gz	https://ftp.sra.ebi.ac.uk/vol1/fastq/SRR326/031/SRR32687831/SRR32687831_2.fastq.gz
SRR32687836	PAIRED	https://ftp.sra.ebi.ac.uk/vol1/fastq/SRR326/036/SRR32687836/SRR32687836_1.fastq.gz	https://ftp.sra.ebi.ac.uk/vol1/fastq/SRR326/036/SRR32687836/SRR32687836_2.fastq.gz
SRR32699223	PAIRED	https://ftp.sra.ebi.ac.uk/vol1/fastq/SRR326/023/SRR32699223/SRR32699223_1.fastq.gz	https://ftp.sra.ebi.ac.uk/vol1/fastq/SRR326/023/SRR32699223/SRR32699223_2.fastq.gz
SRR32699232	PAIRED	https://ftp.sra.ebi.ac.uk/vol1/fastq/SRR326/032/SRR32699232/SRR32699232_1.fastq.gz	https://ftp.sra.ebi.ac.uk/vol1/fastq/SRR326/032/SRR32699232/SRR32699232_2.fastq.gz
SRR32699239	PAIRED	https://ftp.sra.ebi.ac.uk/vol1/fastq/SRR326/039/SRR32699239/SRR32699239_1.fastq.gz	https://ftp.sra.ebi.ac.uk/vol1/fastq/SRR326/039/SRR32699239/SRR32699239_2.fastq.gz
SRR32699242	PAIRED	https://ftp.sra.ebi.ac.uk/vol1/fastq/SRR326/042/SRR32699242/SRR32699242_1.fastq.gz	https://ftp.sra.ebi.ac.uk/vol1/fastq/SRR326/042/SRR32699242/SRR32699242_2.fastq.gz
SRR32699246	PAIRED	https://ftp.sra.ebi.ac.uk/vol1/fastq/SRR326/046/SRR32699246/SRR32699246_1.fastq.gz	https://ftp.sra.ebi.ac.uk/vol1/fastq/SRR326/046/SRR32699246/SRR32699246_2.fastq.gz
SRR32699254	PAIRED	https://ftp.sra.ebi.ac.uk/vol1/fastq/SRR326/054/SRR32699254/SRR32699254_1.fastq.gz	https://ftp.sra.ebi.ac.uk/vol1/fastq/SRR326/054/SRR32699254/SRR32699254_2.fastq.gz
SRR32699262	PAIRED	https://ftp.sra.ebi.ac.uk/vol1/fastq/SRR326/062/SRR32699262/SRR32699262_1.fastq.gz	https://ftp.sra.ebi.ac.uk/vol1/fastq/SRR326/062/SRR32699262/SRR32699262_2.fastq.gz
SRR32756570	PAIRED	https://ftp.sra.ebi.ac.uk/vol1/fastq/SRR327/070/SRR32756570/SRR32756570_1.fastq.gz	https://ftp.sra.ebi.ac.uk/vol1/fastq/SRR327/070/SRR32756570/SRR32756570_2.fastq.gz
SRR32858292	PAIRED	https://ftp.sra.ebi.ac.uk/vol1/fastq/SRR328/092/SRR32858292/SRR32858292_1.fastq.gz	https://ftp.sra.ebi.ac.uk/vol1/fastq/SRR328/092/SRR32858292/SRR32858292_2.fastq.gz
SRR32870847	PAIRED	https://ftp.sra.ebi.ac.uk/vol1/fastq/SRR328/047/SRR32870847/SRR32870847_1.fastq.gz	https://ftp.sra.ebi.ac.uk/vol1/fastq/SRR328/047/SRR32870847/SRR32870847_2.fastq.gz
SRR32952283	PAIRED	https://ftp.sra.ebi.ac.uk/vol1/fastq/SRR329/083/SRR32952283/SRR32952283_1.fastq.gz	https://ftp.sra.ebi.ac.uk/vol1/fastq/SRR329/083/SRR32952283/SRR32952283_2.fastq.gz
SRR33017200	PAIRED	https://ftp.sra.ebi.ac.uk/vol1/fastq/SRR330/000/SRR33017200/SRR33017200_1.fastq.gz	https://ftp.sra.ebi.ac.uk/vol1/fastq/SRR330/000/SRR33017200/SRR33017200_2.fastq.gz
SRR33017950	PAIRED	https://ftp.sra.ebi.ac.uk/vol1/fastq/SRR330/050/SRR33017950/SRR33017950_1.fastq.gz	https://ftp.sra.ebi.ac.uk/vol1/fastq/SRR330/050/SRR33017950/SRR33017950_2.fastq.gz
SRR33018470	PAIRED	https://ftp.sra.ebi.ac.uk/vol1/fastq/SRR330/070/SRR33018470/SRR33018470_1.fastq.gz	https://ftp.sra.ebi.ac.uk/vol1/fastq/SRR330/070/SRR33018470/SRR33018470_2.fastq.gz
SRR33018566	PAIRED	https://ftp.sra.ebi.ac.uk/vol1/fastq/SRR330/066/SRR33018566/SRR33018566_1.fastq.gz	https://ftp.sra.ebi.ac.uk/vol1/fastq/SRR330/066/SRR33018566/SRR33018566_2.fastq.gz
SRR33018599	PAIRED	https://ftp.sra.ebi.ac.uk/vol1/fastq/SRR330/099/SRR33018599/SRR33018599_1.fastq.gz	https://ftp.sra.ebi.ac.uk/vol1/fastq/SRR330/099/SRR33018599/SRR33018599_2.fastq.gz
SRR33018760	PAIRED	https://ftp.sra.ebi.ac.uk/vol1/fastq/SRR330/060/SRR33018760/SRR33018760_1.fastq.gz	https://ftp.sra.ebi.ac.uk/vol1/fastq/SRR330/060/SRR33018760/SRR33018760_2.fastq.gz
SRR33047842	PAIRED	https://ftp.sra.ebi.ac.uk/vol1/fastq/SRR330/042/SRR33047842/SRR33047842_1.fastq.gz	https://ftp.sra.ebi.ac.uk/vol1/fastq/SRR330/042/SRR33047842/SRR33047842_2.fastq.gz
SRR3305477	PAIRED	https://ftp.sra.ebi.ac.uk/vol1/fastq/SRR330/007/SRR3305477/SRR3305477_1.fastq.gz	https://ftp.sra.ebi.ac.uk/vol1/fastq/SRR330/007/SRR3305477/SRR3305477_2.fastq.gz
SRR33066119	PAIRED	https://ftp.sra.ebi.ac.uk/vol1/fastq/SRR330/019/SRR33066119/SRR33066119_1.fastq.gz	https://ftp.sra.ebi.ac.uk/vol1/fastq/SRR330/019/SRR33066119/SRR33066119_2.fastq.gz
SRR33092427	PAIRED	https://ftp.sra.ebi.ac.uk/vol1/fastq/SRR330/027/SRR33092427/SRR33092427_1.fastq.gz	https://ftp.sra.ebi.ac.uk/vol1/fastq/SRR330/027/SRR33092427/SRR33092427_2.fastq.gz
SRR33121884	PAIRED	https://ftp.sra.ebi.ac.uk/vol1/fastq/SRR331/084/SRR33121884/SRR33121884_1.fastq.gz	https://ftp.sra.ebi.ac.uk/vol1/fastq/SRR331/084/SRR33121884/SRR33121884_2.fastq.gz
SRR33123725	PAIRED	https://ftp.sra.ebi.ac.uk/vol1/fastq/SRR331/025/SRR33123725/SRR33123725_1.fastq.gz	https://ftp.sra.ebi.ac.uk/vol1/fastq/SRR331/025/SRR33123725/SRR33123725_2.fastq.gz
SRR33141640	PAIRED	https://ftp.sra.ebi.ac.uk/vol1/fastq/SRR331/040/SRR33141640/SRR33141640_1.fastq.gz	https://ftp.sra.ebi.ac.uk/vol1/fastq/SRR331/040/SRR33141640/SRR33141640_2.fastq.gz
SRR33141679	PAIRED	https://ftp.sra.ebi.ac.uk/vol1/fastq/SRR331/079/SRR33141679/SRR33141679_1.fastq.gz	https://ftp.sra.ebi.ac.uk/vol1/fastq/SRR331/079/SRR33141679/SRR33141679_2.fastq.gz
SRR33141694	PAIRED	https://ftp.sra.ebi.ac.uk/vol1/fastq/SRR331/094/SRR33141694/SRR33141694_1.fastq.gz	https://ftp.sra.ebi.ac.uk/vol1/fastq/SRR331/094/SRR33141694/SRR33141694_2.fastq.gz
SRR33141794	PAIRED	https://ftp.sra.ebi.ac.uk/vol1/fastq/SRR331/094/SRR33141794/SRR33141794_1.fastq.gz	https://ftp.sra.ebi.ac.uk/vol1/fastq/SRR331/094/SRR33141794/SRR33141794_2.fastq.gz
SRR33150704	PAIRED	https://ftp.sra.ebi.ac.uk/vol1/fastq/SRR331/004/SRR33150704/SRR33150704_1.fastq.gz	https://ftp.sra.ebi.ac.uk/vol1/fastq/SRR331/004/SRR33150704/SRR33150704_2.fastq.gz
SRR33212864	PAIRED	https://ftp.sra.ebi.ac.uk/vol1/fastq/SRR332/064/SRR33212864/SRR33212864_1.fastq.gz	https://ftp.sra.ebi.ac.uk/vol1/fastq/SRR332/064/SRR33212864/SRR33212864_2.fastq.gz
SRR33212875	PAIRED	https://ftp.sra.ebi.ac.uk/vol1/fastq/SRR332/075/SRR33212875/SRR33212875_1.fastq.gz	https://ftp.sra.ebi.ac.uk/vol1/fastq/SRR332/075/SRR33212875/SRR33212875_2.fastq.gz
SRR33212883	PAIRED	https://ftp.sra.ebi.ac.uk/vol1/fastq/SRR332/083/SRR33212883/SRR33212883_1.fastq.gz	https://ftp.sra.ebi.ac.uk/vol1/fastq/SRR332/083/SRR33212883/SRR33212883_2.fastq.gz
SRR33212894	PAIRED	https://ftp.sra.ebi.ac.uk/vol1/fastq/SRR332/094/SRR33212894/SRR33212894_1.fastq.gz	https://ftp.sra.ebi.ac.uk/vol1/fastq/SRR332/094/SRR33212894/SRR33212894_2.fastq.gz
SRR33214709	PAIRED	https://ftp.sra.ebi.ac.uk/vol1/fastq/SRR332/009/SRR33214709/SRR33214709_1.fastq.gz	https://ftp.sra.ebi.ac.uk/vol1/fastq/SRR332/009/SRR33214709/SRR33214709_2.fastq.gz
SRR33233306	PAIRED	https://ftp.sra.ebi.ac.uk/vol1/fastq/SRR332/006/SRR33233306/SRR33233306_1.fastq.gz	https://ftp.sra.ebi.ac.uk/vol1/fastq/SRR332/006/SRR33233306/SRR33233306_2.fastq.gz
SRR3465532	PAIRED	https://ftp.sra.ebi.ac.uk/vol1/fastq/SRR346/002/SRR3465532/SRR3465532_1.fastq.gz	https://ftp.sra.ebi.ac.uk/vol1/fastq/SRR346/002/SRR3465532/SRR3465532_2.fastq.gz
SRR4140126	PAIRED	https://ftp.sra.ebi.ac.uk/vol1/fastq/SRR414/006/SRR4140126/SRR4140126_1.fastq.gz	https://ftp.sra.ebi.ac.uk/vol1/fastq/SRR414/006/SRR4140126/SRR4140126_2.fastq.gz
SRR4140161	PAIRED	https://ftp.sra.ebi.ac.uk/vol1/fastq/SRR414/001/SRR4140161/SRR4140161_1.fastq.gz	https://ftp.sra.ebi.ac.uk/vol1/fastq/SRR414/001/SRR4140161/SRR4140161_2.fastq.gz
SRR4140238	PAIRED	https://ftp.sra.ebi.ac.uk/vol1/fastq/SRR414/008/SRR4140238/SRR4140238_1.fastq.gz	https://ftp.sra.ebi.ac.uk/vol1/fastq/SRR414/008/SRR4140238/SRR4140238_2.fastq.gz
SRR4191410	PAIRED	https://ftp.sra.ebi.ac.uk/vol1/fastq/SRR419/000/SRR4191410/SRR4191410_1.fastq.gz	https://ftp.sra.ebi.ac.uk/vol1/fastq/SRR419/000/SRR4191410/SRR4191410_2.fastq.gz
SRR4198691	PAIRED	https://ftp.sra.ebi.ac.uk/vol1/fastq/SRR419/001/SRR4198691/SRR4198691_1.fastq.gz	https://ftp.sra.ebi.ac.uk/vol1/fastq/SRR419/001/SRR4198691/SRR4198691_2.fastq.gz
SRR4198718	PAIRED	https://ftp.sra.ebi.ac.uk/vol1/fastq/SRR419/008/SRR4198718/SRR4198718_1.fastq.gz	https://ftp.sra.ebi.ac.uk/vol1/fastq/SRR419/008/SRR4198718/SRR4198718_2.fastq.gz
SRR4198750	PAIRED	https://ftp.sra.ebi.ac.uk/vol1/fastq/SRR419/000/SRR4198750/SRR4198750_1.fastq.gz	https://ftp.sra.ebi.ac.uk/vol1/fastq/SRR419/000/SRR4198750/SRR4198750_2.fastq.gz
SRR4245474	PAIRED	https://ftp.sra.ebi.ac.uk/vol1/fastq/SRR424/004/SRR4245474/SRR4245474_1.fastq.gz	https://ftp.sra.ebi.ac.uk/vol1/fastq/SRR424/004/SRR4245474/SRR4245474_2.fastq.gz
SRR4302095	PAIRED	https://ftp.sra.ebi.ac.uk/vol1/fastq/SRR430/005/SRR4302095/SRR4302095_1.fastq.gz	https://ftp.sra.ebi.ac.uk/vol1/fastq/SRR430/005/SRR4302095/SRR4302095_2.fastq.gz
SRR4302118	PAIRED	https://ftp.sra.ebi.ac.uk/vol1/fastq/SRR430/008/SRR4302118/SRR4302118_1.fastq.gz	https://ftp.sra.ebi.ac.uk/vol1/fastq/SRR430/008/SRR4302118/SRR4302118_2.fastq.gz
SRR4302152	PAIRED	https://ftp.sra.ebi.ac.uk/vol1/fastq/SRR430/002/SRR4302152/SRR4302152_1.fastq.gz	https://ftp.sra.ebi.ac.uk/vol1/fastq/SRR430/002/SRR4302152/SRR4302152_2.fastq.gz
SRR4302193	PAIRED	https://ftp.sra.ebi.ac.uk/vol1/fastq/SRR430/003/SRR4302193/SRR4302193_1.fastq.gz	https://ftp.sra.ebi.ac.uk/vol1/fastq/SRR430/003/SRR4302193/SRR4302193_2.fastq.gz
SRR4302218	PAIRED	https://ftp.sra.ebi.ac.uk/vol1/fastq/SRR430/008/SRR4302218/SRR4302218_1.fastq.gz	https://ftp.sra.ebi.ac.uk/vol1/fastq/SRR430/008/SRR4302218/SRR4302218_2.fastq.gz
SRR4414011	PAIRED	https://ftp.sra.ebi.ac.uk/vol1/fastq/SRR441/001/SRR4414011/SRR4414011_1.fastq.gz	https://ftp.sra.ebi.ac.uk/vol1/fastq/SRR441/001/SRR4414011/SRR4414011_2.fastq.gz
SRR4414021	PAIRED	https://ftp.sra.ebi.ac.uk/vol1/fastq/SRR441/001/SRR4414021/SRR4414021_1.fastq.gz	https://ftp.sra.ebi.ac.uk/vol1/fastq/SRR441/001/SRR4414021/SRR4414021_2.fastq.gz
SRR5047014	PAIRED	https://ftp.sra.ebi.ac.uk/vol1/fastq/SRR504/004/SRR5047014/SRR5047014_1.fastq.gz	https://ftp.sra.ebi.ac.uk/vol1/fastq/SRR504/004/SRR5047014/SRR5047014_2.fastq.gz
SRR5082335	PAIRED	https://ftp.sra.ebi.ac.uk/vol1/fastq/SRR508/005/SRR5082335/SRR5082335_1.fastq.gz	https://ftp.sra.ebi.ac.uk/vol1/fastq/SRR508/005/SRR5082335/SRR5082335_2.fastq.gz
SRR5082341	PAIRED	https://ftp.sra.ebi.ac.uk/vol1/fastq/SRR508/001/SRR5082341/SRR5082341_1.fastq.gz	https://ftp.sra.ebi.ac.uk/vol1/fastq/SRR508/001/SRR5082341/SRR5082341_2.fastq.gz
SRR5082363	PAIRED	https://ftp.sra.ebi.ac.uk/vol1/fastq/SRR508/003/SRR5082363/SRR5082363_1.fastq.gz	https://ftp.sra.ebi.ac.uk/vol1/fastq/SRR508/003/SRR5082363/SRR5082363_2.fastq.gz
SRR5082381	PAIRED	https://ftp.sra.ebi.ac.uk/vol1/fastq/SRR508/001/SRR5082381/SRR5082381_1.fastq.gz	https://ftp.sra.ebi.ac.uk/vol1/fastq/SRR508/001/SRR5082381/SRR5082381_2.fastq.gz
SRR5082446	PAIRED	https://ftp.sra.ebi.ac.uk/vol1/fastq/SRR508/006/SRR5082446/SRR5082446_1.fastq.gz	https://ftp.sra.ebi.ac.uk/vol1/fastq/SRR508/006/SRR5082446/SRR5082446_2.fastq.gz
SRR5082448	PAIRED	https://ftp.sra.ebi.ac.uk/vol1/fastq/SRR508/008/SRR5082448/SRR5082448_1.fastq.gz	https://ftp.sra.ebi.ac.uk/vol1/fastq/SRR508/008/SRR5082448/SRR5082448_2.fastq.gz
SRR5082454	PAIRED	https://ftp.sra.ebi.ac.uk/vol1/fastq/SRR508/004/SRR5082454/SRR5082454_1.fastq.gz	https://ftp.sra.ebi.ac.uk/vol1/fastq/SRR508/004/SRR5082454/SRR5082454_2.fastq.gz
SRR5082465	PAIRED	https://ftp.sra.ebi.ac.uk/vol1/fastq/SRR508/005/SRR5082465/SRR5082465_1.fastq.gz	https://ftp.sra.ebi.ac.uk/vol1/fastq/SRR508/005/SRR5082465/SRR5082465_2.fastq.gz
SRR5082471	PAIRED	https://ftp.sra.ebi.ac.uk/vol1/fastq/SRR508/001/SRR5082471/SRR5082471_1.fastq.gz	https://ftp.sra.ebi.ac.uk/vol1/fastq/SRR508/001/SRR5082471/SRR5082471_2.fastq.gz
SRR5082489	PAIRED	https://ftp.sra.ebi.ac.uk/vol1/fastq/SRR508/009/SRR5082489/SRR5082489_1.fastq.gz	https://ftp.sra.ebi.ac.uk/vol1/fastq/SRR508/009/SRR5082489/SRR5082489_2.fastq.gz
SRR5132451	PAIRED	https://ftp.sra.ebi.ac.uk/vol1/fastq/SRR513/001/SRR5132451/SRR5132451_1.fastq.gz	https://ftp.sra.ebi.ac.uk/vol1/fastq/SRR513/001/SRR5132451/SRR5132451_2.fastq.gz
SRR5270314	PAIRED	https://ftp.sra.ebi.ac.uk/vol1/fastq/SRR527/004/SRR5270314/SRR5270314_1.fastq.gz	https://ftp.sra.ebi.ac.uk/vol1/fastq/SRR527/004/SRR5270314/SRR5270314_2.fastq.gz
SRR5385409	PAIRED	https://ftp.sra.ebi.ac.uk/vol1/fastq/SRR538/009/SRR5385409/SRR5385409_1.fastq.gz	https://ftp.sra.ebi.ac.uk/vol1/fastq/SRR538/009/SRR5385409/SRR5385409_2.fastq.gz
SRR5385416	PAIRED	https://ftp.sra.ebi.ac.uk/vol1/fastq/SRR538/006/SRR5385416/SRR5385416_1.fastq.gz	https://ftp.sra.ebi.ac.uk/vol1/fastq/SRR538/006/SRR5385416/SRR5385416_2.fastq.gz
SRR5385456	PAIRED	https://ftp.sra.ebi.ac.uk/vol1/fastq/SRR538/006/SRR5385456/SRR5385456_1.fastq.gz	https://ftp.sra.ebi.ac.uk/vol1/fastq/SRR538/006/SRR5385456/SRR5385456_2.fastq.gz
SRR5385498	PAIRED	https://ftp.sra.ebi.ac.uk/vol1/fastq/SRR538/008/SRR5385498/SRR5385498_1.fastq.gz	https://ftp.sra.ebi.ac.uk/vol1/fastq/SRR538/008/SRR5385498/SRR5385498_2.fastq.gz
SRR5385634	PAIRED	https://ftp.sra.ebi.ac.uk/vol1/fastq/SRR538/004/SRR5385634/SRR5385634_1.fastq.gz	https://ftp.sra.ebi.ac.uk/vol1/fastq/SRR538/004/SRR5385634/SRR5385634_2.fastq.gz
SRR5385644	PAIRED	https://ftp.sra.ebi.ac.uk/vol1/fastq/SRR538/004/SRR5385644/SRR5385644_1.fastq.gz	https://ftp.sra.ebi.ac.uk/vol1/fastq/SRR538/004/SRR5385644/SRR5385644_2.fastq.gz
SRR5385670	PAIRED	https://ftp.sra.ebi.ac.uk/vol1/fastq/SRR538/000/SRR5385670/SRR5385670_1.fastq.gz	https://ftp.sra.ebi.ac.uk/vol1/fastq/SRR538/000/SRR5385670/SRR5385670_2.fastq.gz
SRR5385708	PAIRED	https://ftp.sra.ebi.ac.uk/vol1/fastq/SRR538/008/SRR5385708/SRR5385708_1.fastq.gz	https://ftp.sra.ebi.ac.uk/vol1/fastq/SRR538/008/SRR5385708/SRR5385708_2.fastq.gz
SRR5385709	PAIRED	https://ftp.sra.ebi.ac.uk/vol1/fastq/SRR538/009/SRR5385709/SRR5385709_1.fastq.gz	https://ftp.sra.ebi.ac.uk/vol1/fastq/SRR538/009/SRR5385709/SRR5385709_2.fastq.gz
SRR5385743	PAIRED	https://ftp.sra.ebi.ac.uk/vol1/fastq/SRR538/003/SRR5385743/SRR5385743_1.fastq.gz	https://ftp.sra.ebi.ac.uk/vol1/fastq/SRR538/003/SRR5385743/SRR5385743_2.fastq.gz
SRR5385745	PAIRED	https://ftp.sra.ebi.ac.uk/vol1/fastq/SRR538/005/SRR5385745/SRR5385745_1.fastq.gz	https://ftp.sra.ebi.ac.uk/vol1/fastq/SRR538/005/SRR5385745/SRR5385745_2.fastq.gz
SRR5385755	PAIRED	https://ftp.sra.ebi.ac.uk/vol1/fastq/SRR538/005/SRR5385755/SRR5385755_1.fastq.gz	https://ftp.sra.ebi.ac.uk/vol1/fastq/SRR538/005/SRR5385755/SRR5385755_2.fastq.gz
SRR5385798	PAIRED	https://ftp.sra.ebi.ac.uk/vol1/fastq/SRR538/008/SRR5385798/SRR5385798_1.fastq.gz	https://ftp.sra.ebi.ac.uk/vol1/fastq/SRR538/008/SRR5385798/SRR5385798_2.fastq.gz
SRR5385806	PAIRED	https://ftp.sra.ebi.ac.uk/vol1/fastq/SRR538/006/SRR5385806/SRR5385806_1.fastq.gz	https://ftp.sra.ebi.ac.uk/vol1/fastq/SRR538/006/SRR5385806/SRR5385806_2.fastq.gz
SRR5385823	PAIRED	https://ftp.sra.ebi.ac.uk/vol1/fastq/SRR538/003/SRR5385823/SRR5385823_1.fastq.gz	https://ftp.sra.ebi.ac.uk/vol1/fastq/SRR538/003/SRR5385823/SRR5385823_2.fastq.gz
SRR5385845	PAIRED	https://ftp.sra.ebi.ac.uk/vol1/fastq/SRR538/005/SRR5385845/SRR5385845_1.fastq.gz	https://ftp.sra.ebi.ac.uk/vol1/fastq/SRR538/005/SRR5385845/SRR5385845_2.fastq.gz
SRR5385878	PAIRED	https://ftp.sra.ebi.ac.uk/vol1/fastq/SRR538/008/SRR5385878/SRR5385878_1.fastq.gz	https://ftp.sra.ebi.ac.uk/vol1/fastq/SRR538/008/SRR5385878/SRR5385878_2.fastq.gz
SRR5385889	PAIRED	https://ftp.sra.ebi.ac.uk/vol1/fastq/SRR538/009/SRR5385889/SRR5385889_1.fastq.gz	https://ftp.sra.ebi.ac.uk/vol1/fastq/SRR538/009/SRR5385889/SRR5385889_2.fastq.gz
SRR5385895	PAIRED	https://ftp.sra.ebi.ac.uk/vol1/fastq/SRR538/005/SRR5385895/SRR5385895_1.fastq.gz	https://ftp.sra.ebi.ac.uk/vol1/fastq/SRR538/005/SRR5385895/SRR5385895_2.fastq.gz
SRR5385933	PAIRED	https://ftp.sra.ebi.ac.uk/vol1/fastq/SRR538/003/SRR5385933/SRR5385933_1.fastq.gz	https://ftp.sra.ebi.ac.uk/vol1/fastq/SRR538/003/SRR5385933/SRR5385933_2.fastq.gz
SRR5385937	PAIRED	https://ftp.sra.ebi.ac.uk/vol1/fastq/SRR538/007/SRR5385937/SRR5385937_1.fastq.gz	https://ftp.sra.ebi.ac.uk/vol1/fastq/SRR538/007/SRR5385937/SRR5385937_2.fastq.gz
SRR5385948	PAIRED	https://ftp.sra.ebi.ac.uk/vol1/fastq/SRR538/008/SRR5385948/SRR5385948_1.fastq.gz	https://ftp.sra.ebi.ac.uk/vol1/fastq/SRR538/008/SRR5385948/SRR5385948_2.fastq.gz
SRR5385997	PAIRED	https://ftp.sra.ebi.ac.uk/vol1/fastq/SRR538/007/SRR5385997/SRR5385997_1.fastq.gz	https://ftp.sra.ebi.ac.uk/vol1/fastq/SRR538/007/SRR5385997/SRR5385997_2.fastq.gz
SRR5386122	PAIRED	https://ftp.sra.ebi.ac.uk/vol1/fastq/SRR538/002/SRR5386122/SRR5386122_1.fastq.gz	https://ftp.sra.ebi.ac.uk/vol1/fastq/SRR538/002/SRR5386122/SRR5386122_2.fastq.gz
SRR5386143	PAIRED	https://ftp.sra.ebi.ac.uk/vol1/fastq/SRR538/003/SRR5386143/SRR5386143_1.fastq.gz	https://ftp.sra.ebi.ac.uk/vol1/fastq/SRR538/003/SRR5386143/SRR5386143_2.fastq.gz
SRR5386146	PAIRED	https://ftp.sra.ebi.ac.uk/vol1/fastq/SRR538/006/SRR5386146/SRR5386146_1.fastq.gz	https://ftp.sra.ebi.ac.uk/vol1/fastq/SRR538/006/SRR5386146/SRR5386146_2.fastq.gz
SRR5386155	PAIRED	https://ftp.sra.ebi.ac.uk/vol1/fastq/SRR538/005/SRR5386155/SRR5386155_1.fastq.gz	https://ftp.sra.ebi.ac.uk/vol1/fastq/SRR538/005/SRR5386155/SRR5386155_2.fastq.gz
SRR5386187	PAIRED	https://ftp.sra.ebi.ac.uk/vol1/fastq/SRR538/007/SRR5386187/SRR5386187_1.fastq.gz	https://ftp.sra.ebi.ac.uk/vol1/fastq/SRR538/007/SRR5386187/SRR5386187_2.fastq.gz
SRR5386230	PAIRED	https://ftp.sra.ebi.ac.uk/vol1/fastq/SRR538/000/SRR5386230/SRR5386230_1.fastq.gz	https://ftp.sra.ebi.ac.uk/vol1/fastq/SRR538/000/SRR5386230/SRR5386230_2.fastq.gz
SRR5386297	PAIRED	https://ftp.sra.ebi.ac.uk/vol1/fastq/SRR538/007/SRR5386297/SRR5386297_1.fastq.gz	https://ftp.sra.ebi.ac.uk/vol1/fastq/SRR538/007/SRR5386297/SRR5386297_2.fastq.gz
SRR5386347	PAIRED	https://ftp.sra.ebi.ac.uk/vol1/fastq/SRR538/007/SRR5386347/SRR5386347_1.fastq.gz	https://ftp.sra.ebi.ac.uk/vol1/fastq/SRR538/007/SRR5386347/SRR5386347_2.fastq.gz
SRR5386421	PAIRED	https://ftp.sra.ebi.ac.uk/vol1/fastq/SRR538/001/SRR5386421/SRR5386421_1.fastq.gz	https://ftp.sra.ebi.ac.uk/vol1/fastq/SRR538/001/SRR5386421/SRR5386421_2.fastq.gz
SRR5386422	PAIRED	https://ftp.sra.ebi.ac.uk/vol1/fastq/SRR538/002/SRR5386422/SRR5386422_1.fastq.gz	https://ftp.sra.ebi.ac.uk/vol1/fastq/SRR538/002/SRR5386422/SRR5386422_2.fastq.gz
SRR5386486	PAIRED	https://ftp.sra.ebi.ac.uk/vol1/fastq/SRR538/006/SRR5386486/SRR5386486_1.fastq.gz	https://ftp.sra.ebi.ac.uk/vol1/fastq/SRR538/006/SRR5386486/SRR5386486_2.fastq.gz
SRR5386496	PAIRED	https://ftp.sra.ebi.ac.uk/vol1/fastq/SRR538/006/SRR5386496/SRR5386496_1.fastq.gz	https://ftp.sra.ebi.ac.uk/vol1/fastq/SRR538/006/SRR5386496/SRR5386496_2.fastq.gz
SRR5386518	PAIRED	https://ftp.sra.ebi.ac.uk/vol1/fastq/SRR538/008/SRR5386518/SRR5386518_1.fastq.gz	https://ftp.sra.ebi.ac.uk/vol1/fastq/SRR538/008/SRR5386518/SRR5386518_2.fastq.gz
SRR5386529	PAIRED	https://ftp.sra.ebi.ac.uk/vol1/fastq/SRR538/009/SRR5386529/SRR5386529_1.fastq.gz	https://ftp.sra.ebi.ac.uk/vol1/fastq/SRR538/009/SRR5386529/SRR5386529_2.fastq.gz
SRR5386535	PAIRED	https://ftp.sra.ebi.ac.uk/vol1/fastq/SRR538/005/SRR5386535/SRR5386535_1.fastq.gz	https://ftp.sra.ebi.ac.uk/vol1/fastq/SRR538/005/SRR5386535/SRR5386535_2.fastq.gz
SRR5386574	PAIRED	https://ftp.sra.ebi.ac.uk/vol1/fastq/SRR538/004/SRR5386574/SRR5386574_1.fastq.gz	https://ftp.sra.ebi.ac.uk/vol1/fastq/SRR538/004/SRR5386574/SRR5386574_2.fastq.gz
SRR5386580	PAIRED	https://ftp.sra.ebi.ac.uk/vol1/fastq/SRR538/000/SRR5386580/SRR5386580_1.fastq.gz	https://ftp.sra.ebi.ac.uk/vol1/fastq/SRR538/000/SRR5386580/SRR5386580_2.fastq.gz
SRR5386634	PAIRED	https://ftp.sra.ebi.ac.uk/vol1/fastq/SRR538/004/SRR5386634/SRR5386634_1.fastq.gz	https://ftp.sra.ebi.ac.uk/vol1/fastq/SRR538/004/SRR5386634/SRR5386634_2.fastq.gz
SRR5386647	PAIRED	https://ftp.sra.ebi.ac.uk/vol1/fastq/SRR538/007/SRR5386647/SRR5386647_1.fastq.gz	https://ftp.sra.ebi.ac.uk/vol1/fastq/SRR538/007/SRR5386647/SRR5386647_2.fastq.gz
SRR5386655	PAIRED	https://ftp.sra.ebi.ac.uk/vol1/fastq/SRR538/005/SRR5386655/SRR5386655_1.fastq.gz	https://ftp.sra.ebi.ac.uk/vol1/fastq/SRR538/005/SRR5386655/SRR5386655_2.fastq.gz
SRR5386689	PAIRED	https://ftp.sra.ebi.ac.uk/vol1/fastq/SRR538/009/SRR5386689/SRR5386689_1.fastq.gz	https://ftp.sra.ebi.ac.uk/vol1/fastq/SRR538/009/SRR5386689/SRR5386689_2.fastq.gz
SRR5386690	PAIRED	https://ftp.sra.ebi.ac.uk/vol1/fastq/SRR538/000/SRR5386690/SRR5386690_1.fastq.gz	https://ftp.sra.ebi.ac.uk/vol1/fastq/SRR538/000/SRR5386690/SRR5386690_2.fastq.gz
SRR5386708	PAIRED	https://ftp.sra.ebi.ac.uk/vol1/fastq/SRR538/008/SRR5386708/SRR5386708_1.fastq.gz	https://ftp.sra.ebi.ac.uk/vol1/fastq/SRR538/008/SRR5386708/SRR5386708_2.fastq.gz
SRR5386724	PAIRED	https://ftp.sra.ebi.ac.uk/vol1/fastq/SRR538/004/SRR5386724/SRR5386724_1.fastq.gz	https://ftp.sra.ebi.ac.uk/vol1/fastq/SRR538/004/SRR5386724/SRR5386724_2.fastq.gz
SRR5386766	PAIRED	https://ftp.sra.ebi.ac.uk/vol1/fastq/SRR538/006/SRR5386766/SRR5386766_1.fastq.gz	https://ftp.sra.ebi.ac.uk/vol1/fastq/SRR538/006/SRR5386766/SRR5386766_2.fastq.gz
SRR5386767	PAIRED	https://ftp.sra.ebi.ac.uk/vol1/fastq/SRR538/007/SRR5386767/SRR5386767_1.fastq.gz	https://ftp.sra.ebi.ac.uk/vol1/fastq/SRR538/007/SRR5386767/SRR5386767_2.fastq.gz
SRR5386814	PAIRED	https://ftp.sra.ebi.ac.uk/vol1/fastq/SRR538/004/SRR5386814/SRR5386814_1.fastq.gz	https://ftp.sra.ebi.ac.uk/vol1/fastq/SRR538/004/SRR5386814/SRR5386814_2.fastq.gz
SRR5386850	PAIRED	https://ftp.sra.ebi.ac.uk/vol1/fastq/SRR538/000/SRR5386850/SRR5386850_1.fastq.gz	https://ftp.sra.ebi.ac.uk/vol1/fastq/SRR538/000/SRR5386850/SRR5386850_2.fastq.gz
SRR5387203	PAIRED	https://ftp.sra.ebi.ac.uk/vol1/fastq/SRR538/003/SRR5387203/SRR5387203_1.fastq.gz	https://ftp.sra.ebi.ac.uk/vol1/fastq/SRR538/003/SRR5387203/SRR5387203_2.fastq.gz
SRR5387222	PAIRED	https://ftp.sra.ebi.ac.uk/vol1/fastq/SRR538/002/SRR5387222/SRR5387222_1.fastq.gz	https://ftp.sra.ebi.ac.uk/vol1/fastq/SRR538/002/SRR5387222/SRR5387222_2.fastq.gz
SRR5387240	PAIRED	https://ftp.sra.ebi.ac.uk/vol1/fastq/SRR538/000/SRR5387240/SRR5387240_1.fastq.gz	https://ftp.sra.ebi.ac.uk/vol1/fastq/SRR538/000/SRR5387240/SRR5387240_2.fastq.gz
SRR5387251	PAIRED	https://ftp.sra.ebi.ac.uk/vol1/fastq/SRR538/001/SRR5387251/SRR5387251_1.fastq.gz	https://ftp.sra.ebi.ac.uk/vol1/fastq/SRR538/001/SRR5387251/SRR5387251_2.fastq.gz
SRR5387267	PAIRED	https://ftp.sra.ebi.ac.uk/vol1/fastq/SRR538/007/SRR5387267/SRR5387267_1.fastq.gz	https://ftp.sra.ebi.ac.uk/vol1/fastq/SRR538/007/SRR5387267/SRR5387267_2.fastq.gz
SRR5387322	PAIRED	https://ftp.sra.ebi.ac.uk/vol1/fastq/SRR538/002/SRR5387322/SRR5387322_1.fastq.gz	https://ftp.sra.ebi.ac.uk/vol1/fastq/SRR538/002/SRR5387322/SRR5387322_2.fastq.gz
SRR5387369	PAIRED	https://ftp.sra.ebi.ac.uk/vol1/fastq/SRR538/009/SRR5387369/SRR5387369_1.fastq.gz	https://ftp.sra.ebi.ac.uk/vol1/fastq/SRR538/009/SRR5387369/SRR5387369_2.fastq.gz
SRR5387417	PAIRED	https://ftp.sra.ebi.ac.uk/vol1/fastq/SRR538/007/SRR5387417/SRR5387417_1.fastq.gz	https://ftp.sra.ebi.ac.uk/vol1/fastq/SRR538/007/SRR5387417/SRR5387417_2.fastq.gz
SRR5467436	PAIRED	https://ftp.sra.ebi.ac.uk/vol1/fastq/SRR546/006/SRR5467436/SRR5467436_1.fastq.gz	https://ftp.sra.ebi.ac.uk/vol1/fastq/SRR546/006/SRR5467436/SRR5467436_2.fastq.gz
SRR5513570	PAIRED	https://ftp.sra.ebi.ac.uk/vol1/fastq/SRR551/000/SRR5513570/SRR5513570_1.fastq.gz	https://ftp.sra.ebi.ac.uk/vol1/fastq/SRR551/000/SRR5513570/SRR5513570_2.fastq.gz
SRR5513573	PAIRED	https://ftp.sra.ebi.ac.uk/vol1/fastq/SRR551/003/SRR5513573/SRR5513573_1.fastq.gz	https://ftp.sra.ebi.ac.uk/vol1/fastq/SRR551/003/SRR5513573/SRR5513573_2.fastq.gz
SRR5513575	PAIRED	https://ftp.sra.ebi.ac.uk/vol1/fastq/SRR551/005/SRR5513575/SRR5513575_1.fastq.gz	https://ftp.sra.ebi.ac.uk/vol1/fastq/SRR551/005/SRR5513575/SRR5513575_2.fastq.gz
SRR5632266	PAIRED	https://ftp.sra.ebi.ac.uk/vol1/fastq/SRR563/006/SRR5632266/SRR5632266_1.fastq.gz	https://ftp.sra.ebi.ac.uk/vol1/fastq/SRR563/006/SRR5632266/SRR5632266_2.fastq.gz
SRR5632320	PAIRED	https://ftp.sra.ebi.ac.uk/vol1/fastq/SRR563/000/SRR5632320/SRR5632320_1.fastq.gz	https://ftp.sra.ebi.ac.uk/vol1/fastq/SRR563/000/SRR5632320/SRR5632320_2.fastq.gz
SRR5757708	PAIRED	https://ftp.sra.ebi.ac.uk/vol1/fastq/SRR575/008/SRR5757708/SRR5757708_1.fastq.gz	https://ftp.sra.ebi.ac.uk/vol1/fastq/SRR575/008/SRR5757708/SRR5757708_2.fastq.gz
SRR5799721	PAIRED	https://ftp.sra.ebi.ac.uk/vol1/fastq/SRR579/001/SRR5799721/SRR5799721_1.fastq.gz	https://ftp.sra.ebi.ac.uk/vol1/fastq/SRR579/001/SRR5799721/SRR5799721_2.fastq.gz
SRR5810503	PAIRED	https://ftp.sra.ebi.ac.uk/vol1/fastq/SRR581/003/SRR5810503/SRR5810503_1.fastq.gz	https://ftp.sra.ebi.ac.uk/vol1/fastq/SRR581/003/SRR5810503/SRR5810503_2.fastq.gz
SRR5862477	PAIRED	https://ftp.sra.ebi.ac.uk/vol1/fastq/SRR586/007/SRR5862477/SRR5862477_1.fastq.gz	https://ftp.sra.ebi.ac.uk/vol1/fastq/SRR586/007/SRR5862477/SRR5862477_2.fastq.gz
SRR5884866	PAIRED	https://ftp.sra.ebi.ac.uk/vol1/fastq/SRR588/006/SRR5884866/SRR5884866_1.fastq.gz	https://ftp.sra.ebi.ac.uk/vol1/fastq/SRR588/006/SRR5884866/SRR5884866_2.fastq.gz
SRR5893958	PAIRED	https://ftp.sra.ebi.ac.uk/vol1/fastq/SRR589/008/SRR5893958/SRR5893958_1.fastq.gz	https://ftp.sra.ebi.ac.uk/vol1/fastq/SRR589/008/SRR5893958/SRR5893958_2.fastq.gz
SRR5893979	PAIRED	https://ftp.sra.ebi.ac.uk/vol1/fastq/SRR589/009/SRR5893979/SRR5893979_1.fastq.gz	https://ftp.sra.ebi.ac.uk/vol1/fastq/SRR589/009/SRR5893979/SRR5893979_2.fastq.gz
SRR5931353	PAIRED	https://ftp.sra.ebi.ac.uk/vol1/fastq/SRR593/003/SRR5931353/SRR5931353_1.fastq.gz	https://ftp.sra.ebi.ac.uk/vol1/fastq/SRR593/003/SRR5931353/SRR5931353_2.fastq.gz
SRR5951456	PAIRED	https://ftp.sra.ebi.ac.uk/vol1/fastq/SRR595/006/SRR5951456/SRR5951456_1.fastq.gz	https://ftp.sra.ebi.ac.uk/vol1/fastq/SRR595/006/SRR5951456/SRR5951456_2.fastq.gz
SRR5973241	PAIRED	https://ftp.sra.ebi.ac.uk/vol1/fastq/SRR597/001/SRR5973241/SRR5973241_1.fastq.gz	https://ftp.sra.ebi.ac.uk/vol1/fastq/SRR597/001/SRR5973241/SRR5973241_2.fastq.gz
SRR5973243	PAIRED	https://ftp.sra.ebi.ac.uk/vol1/fastq/SRR597/003/SRR5973243/SRR5973243_1.fastq.gz	https://ftp.sra.ebi.ac.uk/vol1/fastq/SRR597/003/SRR5973243/SRR5973243_2.fastq.gz
SRR5973251	PAIRED	https://ftp.sra.ebi.ac.uk/vol1/fastq/SRR597/001/SRR5973251/SRR5973251_1.fastq.gz	https://ftp.sra.ebi.ac.uk/vol1/fastq/SRR597/001/SRR5973251/SRR5973251_2.fastq.gz
SRR5973290	PAIRED	https://ftp.sra.ebi.ac.uk/vol1/fastq/SRR597/000/SRR5973290/SRR5973290_1.fastq.gz	https://ftp.sra.ebi.ac.uk/vol1/fastq/SRR597/000/SRR5973290/SRR5973290_2.fastq.gz
SRR5973293	PAIRED	https://ftp.sra.ebi.ac.uk/vol1/fastq/SRR597/003/SRR5973293/SRR5973293_1.fastq.gz	https://ftp.sra.ebi.ac.uk/vol1/fastq/SRR597/003/SRR5973293/SRR5973293_2.fastq.gz
SRR5973335	PAIRED	https://ftp.sra.ebi.ac.uk/vol1/fastq/SRR597/005/SRR5973335/SRR5973335_1.fastq.gz	https://ftp.sra.ebi.ac.uk/vol1/fastq/SRR597/005/SRR5973335/SRR5973335_2.fastq.gz
SRR5973393	PAIRED	https://ftp.sra.ebi.ac.uk/vol1/fastq/SRR597/003/SRR5973393/SRR5973393_1.fastq.gz	https://ftp.sra.ebi.ac.uk/vol1/fastq/SRR597/003/SRR5973393/SRR5973393_2.fastq.gz
SRR5973398	PAIRED	https://ftp.sra.ebi.ac.uk/vol1/fastq/SRR597/008/SRR5973398/SRR5973398_1.fastq.gz	https://ftp.sra.ebi.ac.uk/vol1/fastq/SRR597/008/SRR5973398/SRR5973398_2.fastq.gz
SRR5973403	PAIRED	https://ftp.sra.ebi.ac.uk/vol1/fastq/SRR597/003/SRR5973403/SRR5973403_1.fastq.gz	https://ftp.sra.ebi.ac.uk/vol1/fastq/SRR597/003/SRR5973403/SRR5973403_2.fastq.gz
SRR5973407	PAIRED	https://ftp.sra.ebi.ac.uk/vol1/fastq/SRR597/007/SRR5973407/SRR5973407_1.fastq.gz	https://ftp.sra.ebi.ac.uk/vol1/fastq/SRR597/007/SRR5973407/SRR5973407_2.fastq.gz
SRR5973409	PAIRED	https://ftp.sra.ebi.ac.uk/vol1/fastq/SRR597/009/SRR5973409/SRR5973409_1.fastq.gz	https://ftp.sra.ebi.ac.uk/vol1/fastq/SRR597/009/SRR5973409/SRR5973409_2.fastq.gz
SRR5973410	PAIRED	https://ftp.sra.ebi.ac.uk/vol1/fastq/SRR597/000/SRR5973410/SRR5973410_1.fastq.gz	https://ftp.sra.ebi.ac.uk/vol1/fastq/SRR597/000/SRR5973410/SRR5973410_2.fastq.gz
SRR6037659	PAIRED	https://ftp.sra.ebi.ac.uk/vol1/fastq/SRR603/009/SRR6037659/SRR6037659_1.fastq.gz	https://ftp.sra.ebi.ac.uk/vol1/fastq/SRR603/009/SRR6037659/SRR6037659_2.fastq.gz
SRR6061974	PAIRED	https://ftp.sra.ebi.ac.uk/vol1/fastq/SRR606/004/SRR6061974/SRR6061974_1.fastq.gz	https://ftp.sra.ebi.ac.uk/vol1/fastq/SRR606/004/SRR6061974/SRR6061974_2.fastq.gz
SRR6061984	PAIRED	https://ftp.sra.ebi.ac.uk/vol1/fastq/SRR606/004/SRR6061984/SRR6061984_1.fastq.gz	https://ftp.sra.ebi.ac.uk/vol1/fastq/SRR606/004/SRR6061984/SRR6061984_2.fastq.gz
SRR6061988	PAIRED	https://ftp.sra.ebi.ac.uk/vol1/fastq/SRR606/008/SRR6061988/SRR6061988_1.fastq.gz	https://ftp.sra.ebi.ac.uk/vol1/fastq/SRR606/008/SRR6061988/SRR6061988_2.fastq.gz
SRR6128496	PAIRED	https://ftp.sra.ebi.ac.uk/vol1/fastq/SRR612/006/SRR6128496/SRR6128496_1.fastq.gz	https://ftp.sra.ebi.ac.uk/vol1/fastq/SRR612/006/SRR6128496/SRR6128496_2.fastq.gz
SRR6128572	PAIRED	https://ftp.sra.ebi.ac.uk/vol1/fastq/SRR612/002/SRR6128572/SRR6128572_1.fastq.gz	https://ftp.sra.ebi.ac.uk/vol1/fastq/SRR612/002/SRR6128572/SRR6128572_2.fastq.gz
SRR6164076	PAIRED	https://ftp.sra.ebi.ac.uk/vol1/fastq/SRR616/006/SRR6164076/SRR6164076_1.fastq.gz	https://ftp.sra.ebi.ac.uk/vol1/fastq/SRR616/006/SRR6164076/SRR6164076_2.fastq.gz
SRR6474853	PAIRED	https://ftp.sra.ebi.ac.uk/vol1/fastq/SRR647/003/SRR6474853/SRR6474853_1.fastq.gz	https://ftp.sra.ebi.ac.uk/vol1/fastq/SRR647/003/SRR6474853/SRR6474853_2.fastq.gz
SRR6474864	PAIRED	https://ftp.sra.ebi.ac.uk/vol1/fastq/SRR647/004/SRR6474864/SRR6474864_1.fastq.gz	https://ftp.sra.ebi.ac.uk/vol1/fastq/SRR647/004/SRR6474864/SRR6474864_2.fastq.gz
SRR6478756	PAIRED	https://ftp.sra.ebi.ac.uk/vol1/fastq/SRR647/006/SRR6478756/SRR6478756_1.fastq.gz	https://ftp.sra.ebi.ac.uk/vol1/fastq/SRR647/006/SRR6478756/SRR6478756_2.fastq.gz
SRR6478763	PAIRED	https://ftp.sra.ebi.ac.uk/vol1/fastq/SRR647/003/SRR6478763/SRR6478763_1.fastq.gz	https://ftp.sra.ebi.ac.uk/vol1/fastq/SRR647/003/SRR6478763/SRR6478763_2.fastq.gz
SRR6505371	PAIRED	https://ftp.sra.ebi.ac.uk/vol1/fastq/SRR650/001/SRR6505371/SRR6505371_1.fastq.gz	https://ftp.sra.ebi.ac.uk/vol1/fastq/SRR650/001/SRR6505371/SRR6505371_2.fastq.gz
SRR6505387	PAIRED	https://ftp.sra.ebi.ac.uk/vol1/fastq/SRR650/007/SRR6505387/SRR6505387_1.fastq.gz	https://ftp.sra.ebi.ac.uk/vol1/fastq/SRR650/007/SRR6505387/SRR6505387_2.fastq.gz
SRR6514140	PAIRED	https://ftp.sra.ebi.ac.uk/vol1/fastq/SRR651/000/SRR6514140/SRR6514140_1.fastq.gz	https://ftp.sra.ebi.ac.uk/vol1/fastq/SRR651/000/SRR6514140/SRR6514140_2.fastq.gz
SRR6656630	PAIRED	https://ftp.sra.ebi.ac.uk/vol1/fastq/SRR665/000/SRR6656630/SRR6656630_1.fastq.gz	https://ftp.sra.ebi.ac.uk/vol1/fastq/SRR665/000/SRR6656630/SRR6656630_2.fastq.gz
SRR6686521	PAIRED	https://ftp.sra.ebi.ac.uk/vol1/fastq/SRR668/001/SRR6686521/SRR6686521_1.fastq.gz	https://ftp.sra.ebi.ac.uk/vol1/fastq/SRR668/001/SRR6686521/SRR6686521_2.fastq.gz
SRR6686523	PAIRED	https://ftp.sra.ebi.ac.uk/vol1/fastq/SRR668/003/SRR6686523/SRR6686523_1.fastq.gz	https://ftp.sra.ebi.ac.uk/vol1/fastq/SRR668/003/SRR6686523/SRR6686523_2.fastq.gz
SRR6701900	PAIRED	https://ftp.sra.ebi.ac.uk/vol1/fastq/SRR670/000/SRR6701900/SRR6701900_1.fastq.gz	https://ftp.sra.ebi.ac.uk/vol1/fastq/SRR670/000/SRR6701900/SRR6701900_2.fastq.gz
SRR6702192	PAIRED	https://ftp.sra.ebi.ac.uk/vol1/fastq/SRR670/002/SRR6702192/SRR6702192_1.fastq.gz	https://ftp.sra.ebi.ac.uk/vol1/fastq/SRR670/002/SRR6702192/SRR6702192_2.fastq.gz
SRR6793845	PAIRED	https://ftp.sra.ebi.ac.uk/vol1/fastq/SRR679/005/SRR6793845/SRR6793845_1.fastq.gz	https://ftp.sra.ebi.ac.uk/vol1/fastq/SRR679/005/SRR6793845/SRR6793845_2.fastq.gz
SRR6845000	PAIRED	https://ftp.sra.ebi.ac.uk/vol1/fastq/SRR684/000/SRR6845000/SRR6845000_1.fastq.gz	https://ftp.sra.ebi.ac.uk/vol1/fastq/SRR684/000/SRR6845000/SRR6845000_2.fastq.gz
SRR6852561	PAIRED	https://ftp.sra.ebi.ac.uk/vol1/fastq/SRR685/001/SRR6852561/SRR6852561_1.fastq.gz	https://ftp.sra.ebi.ac.uk/vol1/fastq/SRR685/001/SRR6852561/SRR6852561_2.fastq.gz
SRR6892711	PAIRED	https://ftp.sra.ebi.ac.uk/vol1/fastq/SRR689/001/SRR6892711/SRR6892711_1.fastq.gz	https://ftp.sra.ebi.ac.uk/vol1/fastq/SRR689/001/SRR6892711/SRR6892711_2.fastq.gz
SRR6892783	PAIRED	https://ftp.sra.ebi.ac.uk/vol1/fastq/SRR689/003/SRR6892783/SRR6892783_1.fastq.gz	https://ftp.sra.ebi.ac.uk/vol1/fastq/SRR689/003/SRR6892783/SRR6892783_2.fastq.gz
SRR6892796	PAIRED	https://ftp.sra.ebi.ac.uk/vol1/fastq/SRR689/006/SRR6892796/SRR6892796_1.fastq.gz	https://ftp.sra.ebi.ac.uk/vol1/fastq/SRR689/006/SRR6892796/SRR6892796_2.fastq.gz
SRR6958739	PAIRED	https://ftp.sra.ebi.ac.uk/vol1/fastq/SRR695/009/SRR6958739/SRR6958739_1.fastq.gz	https://ftp.sra.ebi.ac.uk/vol1/fastq/SRR695/009/SRR6958739/SRR6958739_2.fastq.gz
SRR6958751	PAIRED	https://ftp.sra.ebi.ac.uk/vol1/fastq/SRR695/001/SRR6958751/SRR6958751_1.fastq.gz	https://ftp.sra.ebi.ac.uk/vol1/fastq/SRR695/001/SRR6958751/SRR6958751_2.fastq.gz
SRR6958753	PAIRED	https://ftp.sra.ebi.ac.uk/vol1/fastq/SRR695/003/SRR6958753/SRR6958753_1.fastq.gz	https://ftp.sra.ebi.ac.uk/vol1/fastq/SRR695/003/SRR6958753/SRR6958753_2.fastq.gz
SRR6958756	PAIRED	https://ftp.sra.ebi.ac.uk/vol1/fastq/SRR695/006/SRR6958756/SRR6958756_1.fastq.gz	https://ftp.sra.ebi.ac.uk/vol1/fastq/SRR695/006/SRR6958756/SRR6958756_2.fastq.gz
SRR6958786	PAIRED	https://ftp.sra.ebi.ac.uk/vol1/fastq/SRR695/006/SRR6958786/SRR6958786_1.fastq.gz	https://ftp.sra.ebi.ac.uk/vol1/fastq/SRR695/006/SRR6958786/SRR6958786_2.fastq.gz
SRR6958794	PAIRED	https://ftp.sra.ebi.ac.uk/vol1/fastq/SRR695/004/SRR6958794/SRR6958794_1.fastq.gz	https://ftp.sra.ebi.ac.uk/vol1/fastq/SRR695/004/SRR6958794/SRR6958794_2.fastq.gz
SRR6958798	PAIRED	https://ftp.sra.ebi.ac.uk/vol1/fastq/SRR695/008/SRR6958798/SRR6958798_1.fastq.gz	https://ftp.sra.ebi.ac.uk/vol1/fastq/SRR695/008/SRR6958798/SRR6958798_2.fastq.gz
SRR6958822	PAIRED	https://ftp.sra.ebi.ac.uk/vol1/fastq/SRR695/002/SRR6958822/SRR6958822_1.fastq.gz	https://ftp.sra.ebi.ac.uk/vol1/fastq/SRR695/002/SRR6958822/SRR6958822_2.fastq.gz
SRR6985677	PAIRED	https://ftp.sra.ebi.ac.uk/vol1/fastq/SRR698/007/SRR6985677/SRR6985677_1.fastq.gz	https://ftp.sra.ebi.ac.uk/vol1/fastq/SRR698/007/SRR6985677/SRR6985677_2.fastq.gz
SRR7012042	PAIRED	https://ftp.sra.ebi.ac.uk/vol1/fastq/SRR701/002/SRR7012042/SRR7012042_1.fastq.gz	https://ftp.sra.ebi.ac.uk/vol1/fastq/SRR701/002/SRR7012042/SRR7012042_2.fastq.gz
SRR7042838	PAIRED	https://ftp.sra.ebi.ac.uk/vol1/fastq/SRR704/008/SRR7042838/SRR7042838_1.fastq.gz	https://ftp.sra.ebi.ac.uk/vol1/fastq/SRR704/008/SRR7042838/SRR7042838_2.fastq.gz
SRR7049922	PAIRED	https://ftp.sra.ebi.ac.uk/vol1/fastq/SRR704/002/SRR7049922/SRR7049922_1.fastq.gz	https://ftp.sra.ebi.ac.uk/vol1/fastq/SRR704/002/SRR7049922/SRR7049922_2.fastq.gz
SRR7152497	PAIRED	https://ftp.sra.ebi.ac.uk/vol1/fastq/SRR715/007/SRR7152497/SRR7152497_1.fastq.gz	https://ftp.sra.ebi.ac.uk/vol1/fastq/SRR715/007/SRR7152497/SRR7152497_2.fastq.gz
SRR7160681	PAIRED	https://ftp.sra.ebi.ac.uk/vol1/fastq/SRR716/001/SRR7160681/SRR7160681_1.fastq.gz	https://ftp.sra.ebi.ac.uk/vol1/fastq/SRR716/001/SRR7160681/SRR7160681_2.fastq.gz
SRR7160684	PAIRED	https://ftp.sra.ebi.ac.uk/vol1/fastq/SRR716/004/SRR7160684/SRR7160684_1.fastq.gz	https://ftp.sra.ebi.ac.uk/vol1/fastq/SRR716/004/SRR7160684/SRR7160684_2.fastq.gz
SRR7160687	PAIRED	https://ftp.sra.ebi.ac.uk/vol1/fastq/SRR716/007/SRR7160687/SRR7160687_1.fastq.gz	https://ftp.sra.ebi.ac.uk/vol1/fastq/SRR716/007/SRR7160687/SRR7160687_2.fastq.gz
SRR7160689	PAIRED	https://ftp.sra.ebi.ac.uk/vol1/fastq/SRR716/009/SRR7160689/SRR7160689_1.fastq.gz	https://ftp.sra.ebi.ac.uk/vol1/fastq/SRR716/009/SRR7160689/SRR7160689_2.fastq.gz
SRR7160700	PAIRED	https://ftp.sra.ebi.ac.uk/vol1/fastq/SRR716/000/SRR7160700/SRR7160700_1.fastq.gz	https://ftp.sra.ebi.ac.uk/vol1/fastq/SRR716/000/SRR7160700/SRR7160700_2.fastq.gz
SRR7540323	PAIRED	https://ftp.sra.ebi.ac.uk/vol1/fastq/SRR754/003/SRR7540323/SRR7540323_1.fastq.gz	https://ftp.sra.ebi.ac.uk/vol1/fastq/SRR754/003/SRR7540323/SRR7540323_2.fastq.gz
SRR7588831	PAIRED	https://ftp.sra.ebi.ac.uk/vol1/fastq/SRR758/001/SRR7588831/SRR7588831_1.fastq.gz	https://ftp.sra.ebi.ac.uk/vol1/fastq/SRR758/001/SRR7588831/SRR7588831_2.fastq.gz
SRR7588833	PAIRED	https://ftp.sra.ebi.ac.uk/vol1/fastq/SRR758/003/SRR7588833/SRR7588833_1.fastq.gz	https://ftp.sra.ebi.ac.uk/vol1/fastq/SRR758/003/SRR7588833/SRR7588833_2.fastq.gz
SRR7588834	PAIRED	https://ftp.sra.ebi.ac.uk/vol1/fastq/SRR758/004/SRR7588834/SRR7588834_1.fastq.gz	https://ftp.sra.ebi.ac.uk/vol1/fastq/SRR758/004/SRR7588834/SRR7588834_2.fastq.gz
SRR7588842	PAIRED	https://ftp.sra.ebi.ac.uk/vol1/fastq/SRR758/002/SRR7588842/SRR7588842_1.fastq.gz	https://ftp.sra.ebi.ac.uk/vol1/fastq/SRR758/002/SRR7588842/SRR7588842_2.fastq.gz
SRR7588845	PAIRED	https://ftp.sra.ebi.ac.uk/vol1/fastq/SRR758/005/SRR7588845/SRR7588845_1.fastq.gz	https://ftp.sra.ebi.ac.uk/vol1/fastq/SRR758/005/SRR7588845/SRR7588845_2.fastq.gz
SRR7828649	PAIRED	https://ftp.sra.ebi.ac.uk/vol1/fastq/SRR782/009/SRR7828649/SRR7828649_1.fastq.gz	https://ftp.sra.ebi.ac.uk/vol1/fastq/SRR782/009/SRR7828649/SRR7828649_2.fastq.gz
SRR7828734	PAIRED	https://ftp.sra.ebi.ac.uk/vol1/fastq/SRR782/004/SRR7828734/SRR7828734_1.fastq.gz	https://ftp.sra.ebi.ac.uk/vol1/fastq/SRR782/004/SRR7828734/SRR7828734_2.fastq.gz
SRR7828804	PAIRED	https://ftp.sra.ebi.ac.uk/vol1/fastq/SRR782/004/SRR7828804/SRR7828804_1.fastq.gz	https://ftp.sra.ebi.ac.uk/vol1/fastq/SRR782/004/SRR7828804/SRR7828804_2.fastq.gz
SRR7867325	PAIRED	https://ftp.sra.ebi.ac.uk/vol1/fastq/SRR786/005/SRR7867325/SRR7867325_1.fastq.gz	https://ftp.sra.ebi.ac.uk/vol1/fastq/SRR786/005/SRR7867325/SRR7867325_2.fastq.gz
SRR7867327	PAIRED	https://ftp.sra.ebi.ac.uk/vol1/fastq/SRR786/007/SRR7867327/SRR7867327_1.fastq.gz	https://ftp.sra.ebi.ac.uk/vol1/fastq/SRR786/007/SRR7867327/SRR7867327_2.fastq.gz
SRR7899104	PAIRED	https://ftp.sra.ebi.ac.uk/vol1/fastq/SRR789/004/SRR7899104/SRR7899104_1.fastq.gz	https://ftp.sra.ebi.ac.uk/vol1/fastq/SRR789/004/SRR7899104/SRR7899104_2.fastq.gz
SRR7899105	PAIRED	https://ftp.sra.ebi.ac.uk/vol1/fastq/SRR789/005/SRR7899105/SRR7899105_1.fastq.gz	https://ftp.sra.ebi.ac.uk/vol1/fastq/SRR789/005/SRR7899105/SRR7899105_2.fastq.gz
SRR7899106	PAIRED	https://ftp.sra.ebi.ac.uk/vol1/fastq/SRR789/006/SRR7899106/SRR7899106_1.fastq.gz	https://ftp.sra.ebi.ac.uk/vol1/fastq/SRR789/006/SRR7899106/SRR7899106_2.fastq.gz
SRR8054601	PAIRED	https://ftp.sra.ebi.ac.uk/vol1/fastq/SRR805/001/SRR8054601/SRR8054601_1.fastq.gz	https://ftp.sra.ebi.ac.uk/vol1/fastq/SRR805/001/SRR8054601/SRR8054601_2.fastq.gz
SRR8054604	PAIRED	https://ftp.sra.ebi.ac.uk/vol1/fastq/SRR805/004/SRR8054604/SRR8054604_1.fastq.gz	https://ftp.sra.ebi.ac.uk/vol1/fastq/SRR805/004/SRR8054604/SRR8054604_2.fastq.gz
SRR8071938	PAIRED	https://ftp.sra.ebi.ac.uk/vol1/fastq/SRR807/008/SRR8071938/SRR8071938_1.fastq.gz	https://ftp.sra.ebi.ac.uk/vol1/fastq/SRR807/008/SRR8071938/SRR8071938_2.fastq.gz
SRR8071940	PAIRED	https://ftp.sra.ebi.ac.uk/vol1/fastq/SRR807/000/SRR8071940/SRR8071940_1.fastq.gz	https://ftp.sra.ebi.ac.uk/vol1/fastq/SRR807/000/SRR8071940/SRR8071940_2.fastq.gz
SRR8071964	PAIRED	https://ftp.sra.ebi.ac.uk/vol1/fastq/SRR807/004/SRR8071964/SRR8071964_1.fastq.gz	https://ftp.sra.ebi.ac.uk/vol1/fastq/SRR807/004/SRR8071964/SRR8071964_2.fastq.gz
SRR8072004	PAIRED	https://ftp.sra.ebi.ac.uk/vol1/fastq/SRR807/004/SRR8072004/SRR8072004_1.fastq.gz	https://ftp.sra.ebi.ac.uk/vol1/fastq/SRR807/004/SRR8072004/SRR8072004_2.fastq.gz
SRR8174920	PAIRED	https://ftp.sra.ebi.ac.uk/vol1/fastq/SRR817/000/SRR8174920/SRR8174920_1.fastq.gz	https://ftp.sra.ebi.ac.uk/vol1/fastq/SRR817/000/SRR8174920/SRR8174920_2.fastq.gz
SRR8174928	PAIRED	https://ftp.sra.ebi.ac.uk/vol1/fastq/SRR817/008/SRR8174928/SRR8174928_1.fastq.gz	https://ftp.sra.ebi.ac.uk/vol1/fastq/SRR817/008/SRR8174928/SRR8174928_2.fastq.gz
SRR8174945	PAIRED	https://ftp.sra.ebi.ac.uk/vol1/fastq/SRR817/005/SRR8174945/SRR8174945_1.fastq.gz	https://ftp.sra.ebi.ac.uk/vol1/fastq/SRR817/005/SRR8174945/SRR8174945_2.fastq.gz
SRR8174965	PAIRED	https://ftp.sra.ebi.ac.uk/vol1/fastq/SRR817/005/SRR8174965/SRR8174965_1.fastq.gz	https://ftp.sra.ebi.ac.uk/vol1/fastq/SRR817/005/SRR8174965/SRR8174965_2.fastq.gz
SRR8174985	PAIRED	https://ftp.sra.ebi.ac.uk/vol1/fastq/SRR817/005/SRR8174985/SRR8174985_1.fastq.gz	https://ftp.sra.ebi.ac.uk/vol1/fastq/SRR817/005/SRR8174985/SRR8174985_2.fastq.gz
SRR8175016	PAIRED	https://ftp.sra.ebi.ac.uk/vol1/fastq/SRR817/006/SRR8175016/SRR8175016_1.fastq.gz	https://ftp.sra.ebi.ac.uk/vol1/fastq/SRR817/006/SRR8175016/SRR8175016_2.fastq.gz
SRR8199270	PAIRED	https://ftp.sra.ebi.ac.uk/vol1/fastq/SRR819/000/SRR8199270/SRR8199270_1.fastq.gz	https://ftp.sra.ebi.ac.uk/vol1/fastq/SRR819/000/SRR8199270/SRR8199270_2.fastq.gz
SRR8199272	PAIRED	https://ftp.sra.ebi.ac.uk/vol1/fastq/SRR819/002/SRR8199272/SRR8199272_1.fastq.gz	https://ftp.sra.ebi.ac.uk/vol1/fastq/SRR819/002/SRR8199272/SRR8199272_2.fastq.gz
SRR8199305	PAIRED	https://ftp.sra.ebi.ac.uk/vol1/fastq/SRR819/005/SRR8199305/SRR8199305_1.fastq.gz	https://ftp.sra.ebi.ac.uk/vol1/fastq/SRR819/005/SRR8199305/SRR8199305_2.fastq.gz
SRR8199530	PAIRED	https://ftp.sra.ebi.ac.uk/vol1/fastq/SRR819/000/SRR8199530/SRR8199530_1.fastq.gz	https://ftp.sra.ebi.ac.uk/vol1/fastq/SRR819/000/SRR8199530/SRR8199530_2.fastq.gz
SRR8241387	PAIRED	https://ftp.sra.ebi.ac.uk/vol1/fastq/SRR824/007/SRR8241387/SRR8241387_1.fastq.gz	https://ftp.sra.ebi.ac.uk/vol1/fastq/SRR824/007/SRR8241387/SRR8241387_2.fastq.gz
SRR8268431	PAIRED	https://ftp.sra.ebi.ac.uk/vol1/fastq/SRR826/001/SRR8268431/SRR8268431_1.fastq.gz	https://ftp.sra.ebi.ac.uk/vol1/fastq/SRR826/001/SRR8268431/SRR8268431_2.fastq.gz
SRR8268486	PAIRED	https://ftp.sra.ebi.ac.uk/vol1/fastq/SRR826/006/SRR8268486/SRR8268486_1.fastq.gz	https://ftp.sra.ebi.ac.uk/vol1/fastq/SRR826/006/SRR8268486/SRR8268486_2.fastq.gz
SRR8286486	PAIRED	https://ftp.sra.ebi.ac.uk/vol1/fastq/SRR828/006/SRR8286486/SRR8286486_1.fastq.gz	https://ftp.sra.ebi.ac.uk/vol1/fastq/SRR828/006/SRR8286486/SRR8286486_2.fastq.gz
SRR8286506	PAIRED	https://ftp.sra.ebi.ac.uk/vol1/fastq/SRR828/006/SRR8286506/SRR8286506_1.fastq.gz	https://ftp.sra.ebi.ac.uk/vol1/fastq/SRR828/006/SRR8286506/SRR8286506_2.fastq.gz
SRR8286511	PAIRED	https://ftp.sra.ebi.ac.uk/vol1/fastq/SRR828/001/SRR8286511/SRR8286511_1.fastq.gz	https://ftp.sra.ebi.ac.uk/vol1/fastq/SRR828/001/SRR8286511/SRR8286511_2.fastq.gz
SRR8286531	PAIRED	https://ftp.sra.ebi.ac.uk/vol1/fastq/SRR828/001/SRR8286531/SRR8286531_1.fastq.gz	https://ftp.sra.ebi.ac.uk/vol1/fastq/SRR828/001/SRR8286531/SRR8286531_2.fastq.gz
SRR8452414	PAIRED	https://ftp.sra.ebi.ac.uk/vol1/fastq/SRR845/004/SRR8452414/SRR8452414_1.fastq.gz	https://ftp.sra.ebi.ac.uk/vol1/fastq/SRR845/004/SRR8452414/SRR8452414_2.fastq.gz
SRR8452420	PAIRED	https://ftp.sra.ebi.ac.uk/vol1/fastq/SRR845/000/SRR8452420/SRR8452420_1.fastq.gz	https://ftp.sra.ebi.ac.uk/vol1/fastq/SRR845/000/SRR8452420/SRR8452420_2.fastq.gz
SRR8452436	PAIRED	https://ftp.sra.ebi.ac.uk/vol1/fastq/SRR845/006/SRR8452436/SRR8452436_1.fastq.gz	https://ftp.sra.ebi.ac.uk/vol1/fastq/SRR845/006/SRR8452436/SRR8452436_2.fastq.gz
SRR8452452	PAIRED	https://ftp.sra.ebi.ac.uk/vol1/fastq/SRR845/002/SRR8452452/SRR8452452_1.fastq.gz	https://ftp.sra.ebi.ac.uk/vol1/fastq/SRR845/002/SRR8452452/SRR8452452_2.fastq.gz
SRR8476222	PAIRED	https://ftp.sra.ebi.ac.uk/vol1/fastq/SRR847/002/SRR8476222/SRR8476222_1.fastq.gz	https://ftp.sra.ebi.ac.uk/vol1/fastq/SRR847/002/SRR8476222/SRR8476222_2.fastq.gz
SRR8581239	PAIRED	https://ftp.sra.ebi.ac.uk/vol1/fastq/SRR858/009/SRR8581239/SRR8581239_1.fastq.gz	https://ftp.sra.ebi.ac.uk/vol1/fastq/SRR858/009/SRR8581239/SRR8581239_2.fastq.gz
SRR8603247	PAIRED	https://ftp.sra.ebi.ac.uk/vol1/fastq/SRR860/007/SRR8603247/SRR8603247_1.fastq.gz	https://ftp.sra.ebi.ac.uk/vol1/fastq/SRR860/007/SRR8603247/SRR8603247_2.fastq.gz
SRR8610356	PAIRED	https://ftp.sra.ebi.ac.uk/vol1/fastq/SRR861/006/SRR8610356/SRR8610356_1.fastq.gz	https://ftp.sra.ebi.ac.uk/vol1/fastq/SRR861/006/SRR8610356/SRR8610356_2.fastq.gz
SRR8613919	PAIRED	https://ftp.sra.ebi.ac.uk/vol1/fastq/SRR861/009/SRR8613919/SRR8613919_1.fastq.gz	https://ftp.sra.ebi.ac.uk/vol1/fastq/SRR861/009/SRR8613919/SRR8613919_2.fastq.gz
SRR8651545	PAIRED	https://ftp.sra.ebi.ac.uk/vol1/fastq/SRR865/005/SRR8651545/SRR8651545_1.fastq.gz	https://ftp.sra.ebi.ac.uk/vol1/fastq/SRR865/005/SRR8651545/SRR8651545_2.fastq.gz
SRR8668707	PAIRED	https://ftp.sra.ebi.ac.uk/vol1/fastq/SRR866/007/SRR8668707/SRR8668707_1.fastq.gz	https://ftp.sra.ebi.ac.uk/vol1/fastq/SRR866/007/SRR8668707/SRR8668707_2.fastq.gz
SRR8738404	PAIRED	https://ftp.sra.ebi.ac.uk/vol1/fastq/SRR873/004/SRR8738404/SRR8738404_1.fastq.gz	https://ftp.sra.ebi.ac.uk/vol1/fastq/SRR873/004/SRR8738404/SRR8738404_2.fastq.gz
SRR8738476	PAIRED	https://ftp.sra.ebi.ac.uk/vol1/fastq/SRR873/006/SRR8738476/SRR8738476_1.fastq.gz	https://ftp.sra.ebi.ac.uk/vol1/fastq/SRR873/006/SRR8738476/SRR8738476_2.fastq.gz
SRR8738483	PAIRED	https://ftp.sra.ebi.ac.uk/vol1/fastq/SRR873/003/SRR8738483/SRR8738483_1.fastq.gz	https://ftp.sra.ebi.ac.uk/vol1/fastq/SRR873/003/SRR8738483/SRR8738483_2.fastq.gz
SRR8767495	PAIRED	https://ftp.sra.ebi.ac.uk/vol1/fastq/SRR876/005/SRR8767495/SRR8767495_1.fastq.gz	https://ftp.sra.ebi.ac.uk/vol1/fastq/SRR876/005/SRR8767495/SRR8767495_2.fastq.gz
SRR8767525	PAIRED	https://ftp.sra.ebi.ac.uk/vol1/fastq/SRR876/005/SRR8767525/SRR8767525_1.fastq.gz	https://ftp.sra.ebi.ac.uk/vol1/fastq/SRR876/005/SRR8767525/SRR8767525_2.fastq.gz
SRR8916461	PAIRED	https://ftp.sra.ebi.ac.uk/vol1/fastq/SRR891/001/SRR8916461/SRR8916461_1.fastq.gz	https://ftp.sra.ebi.ac.uk/vol1/fastq/SRR891/001/SRR8916461/SRR8916461_2.fastq.gz
SRR8984901	PAIRED	https://ftp.sra.ebi.ac.uk/vol1/fastq/SRR898/001/SRR8984901/SRR8984901_1.fastq.gz	https://ftp.sra.ebi.ac.uk/vol1/fastq/SRR898/001/SRR8984901/SRR8984901_2.fastq.gz
SRR9062549	PAIRED	https://ftp.sra.ebi.ac.uk/vol1/fastq/SRR906/009/SRR9062549/SRR9062549_1.fastq.gz	https://ftp.sra.ebi.ac.uk/vol1/fastq/SRR906/009/SRR9062549/SRR9062549_2.fastq.gz
SRR9122678	PAIRED	https://ftp.sra.ebi.ac.uk/vol1/fastq/SRR912/008/SRR9122678/SRR9122678_1.fastq.gz	https://ftp.sra.ebi.ac.uk/vol1/fastq/SRR912/008/SRR9122678/SRR9122678_2.fastq.gz
SRR9122681	PAIRED	https://ftp.sra.ebi.ac.uk/vol1/fastq/SRR912/001/SRR9122681/SRR9122681_1.fastq.gz	https://ftp.sra.ebi.ac.uk/vol1/fastq/SRR912/001/SRR9122681/SRR9122681_2.fastq.gz
SRR9140926	PAIRED	https://ftp.sra.ebi.ac.uk/vol1/fastq/SRR914/006/SRR9140926/SRR9140926_1.fastq.gz	https://ftp.sra.ebi.ac.uk/vol1/fastq/SRR914/006/SRR9140926/SRR9140926_2.fastq.gz
SRR9208902	PAIRED	https://ftp.sra.ebi.ac.uk/vol1/fastq/SRR920/002/SRR9208902/SRR9208902_1.fastq.gz	https://ftp.sra.ebi.ac.uk/vol1/fastq/SRR920/002/SRR9208902/SRR9208902_2.fastq.gz
SRR9209164	PAIRED	https://ftp.sra.ebi.ac.uk/vol1/fastq/SRR920/004/SRR9209164/SRR9209164_1.fastq.gz	https://ftp.sra.ebi.ac.uk/vol1/fastq/SRR920/004/SRR9209164/SRR9209164_2.fastq.gz
SRR9209175	PAIRED	https://ftp.sra.ebi.ac.uk/vol1/fastq/SRR920/005/SRR9209175/SRR9209175_1.fastq.gz	https://ftp.sra.ebi.ac.uk/vol1/fastq/SRR920/005/SRR9209175/SRR9209175_2.fastq.gz
SRR9217758	PAIRED	https://ftp.sra.ebi.ac.uk/vol1/fastq/SRR921/008/SRR9217758/SRR9217758_1.fastq.gz	https://ftp.sra.ebi.ac.uk/vol1/fastq/SRR921/008/SRR9217758/SRR9217758_2.fastq.gz
SRR9217766	PAIRED	https://ftp.sra.ebi.ac.uk/vol1/fastq/SRR921/006/SRR9217766/SRR9217766_1.fastq.gz	https://ftp.sra.ebi.ac.uk/vol1/fastq/SRR921/006/SRR9217766/SRR9217766_2.fastq.gz
SRR9217770	PAIRED	https://ftp.sra.ebi.ac.uk/vol1/fastq/SRR921/000/SRR9217770/SRR9217770_1.fastq.gz	https://ftp.sra.ebi.ac.uk/vol1/fastq/SRR921/000/SRR9217770/SRR9217770_2.fastq.gz
SRR9217774	PAIRED	https://ftp.sra.ebi.ac.uk/vol1/fastq/SRR921/004/SRR9217774/SRR9217774_1.fastq.gz	https://ftp.sra.ebi.ac.uk/vol1/fastq/SRR921/004/SRR9217774/SRR9217774_2.fastq.gz
SRR9217781	PAIRED	https://ftp.sra.ebi.ac.uk/vol1/fastq/SRR921/001/SRR9217781/SRR9217781_1.fastq.gz	https://ftp.sra.ebi.ac.uk/vol1/fastq/SRR921/001/SRR9217781/SRR9217781_2.fastq.gz
SRR9217801	PAIRED	https://ftp.sra.ebi.ac.uk/vol1/fastq/SRR921/001/SRR9217801/SRR9217801_1.fastq.gz	https://ftp.sra.ebi.ac.uk/vol1/fastq/SRR921/001/SRR9217801/SRR9217801_2.fastq.gz
SRR9217805	PAIRED	https://ftp.sra.ebi.ac.uk/vol1/fastq/SRR921/005/SRR9217805/SRR9217805_1.fastq.gz	https://ftp.sra.ebi.ac.uk/vol1/fastq/SRR921/005/SRR9217805/SRR9217805_2.fastq.gz
SRR9217807	PAIRED	https://ftp.sra.ebi.ac.uk/vol1/fastq/SRR921/007/SRR9217807/SRR9217807_1.fastq.gz	https://ftp.sra.ebi.ac.uk/vol1/fastq/SRR921/007/SRR9217807/SRR9217807_2.fastq.gz
SRR9217852	PAIRED	https://ftp.sra.ebi.ac.uk/vol1/fastq/SRR921/002/SRR9217852/SRR9217852_1.fastq.gz	https://ftp.sra.ebi.ac.uk/vol1/fastq/SRR921/002/SRR9217852/SRR9217852_2.fastq.gz
SRR9217855	PAIRED	https://ftp.sra.ebi.ac.uk/vol1/fastq/SRR921/005/SRR9217855/SRR9217855_1.fastq.gz	https://ftp.sra.ebi.ac.uk/vol1/fastq/SRR921/005/SRR9217855/SRR9217855_2.fastq.gz
SRR9217871	PAIRED	https://ftp.sra.ebi.ac.uk/vol1/fastq/SRR921/001/SRR9217871/SRR9217871_1.fastq.gz	https://ftp.sra.ebi.ac.uk/vol1/fastq/SRR921/001/SRR9217871/SRR9217871_2.fastq.gz
SRR9217883	PAIRED	https://ftp.sra.ebi.ac.uk/vol1/fastq/SRR921/003/SRR9217883/SRR9217883_1.fastq.gz	https://ftp.sra.ebi.ac.uk/vol1/fastq/SRR921/003/SRR9217883/SRR9217883_2.fastq.gz
SRR9217884	PAIRED	https://ftp.sra.ebi.ac.uk/vol1/fastq/SRR921/004/SRR9217884/SRR9217884_1.fastq.gz	https://ftp.sra.ebi.ac.uk/vol1/fastq/SRR921/004/SRR9217884/SRR9217884_2.fastq.gz
SRR9218215	PAIRED	https://ftp.sra.ebi.ac.uk/vol1/fastq/SRR921/005/SRR9218215/SRR9218215_1.fastq.gz	https://ftp.sra.ebi.ac.uk/vol1/fastq/SRR921/005/SRR9218215/SRR9218215_2.fastq.gz
SRR9333752	PAIRED	https://ftp.sra.ebi.ac.uk/vol1/fastq/SRR933/002/SRR9333752/SRR9333752_1.fastq.gz	https://ftp.sra.ebi.ac.uk/vol1/fastq/SRR933/002/SRR9333752/SRR9333752_2.fastq.gz
SRR9620539	PAIRED	https://ftp.sra.ebi.ac.uk/vol1/fastq/SRR962/009/SRR9620539/SRR9620539_1.fastq.gz	https://ftp.sra.ebi.ac.uk/vol1/fastq/SRR962/009/SRR9620539/SRR9620539_2.fastq.gz
SRR9620544	PAIRED	https://ftp.sra.ebi.ac.uk/vol1/fastq/SRR962/004/SRR9620544/SRR9620544_1.fastq.gz	https://ftp.sra.ebi.ac.uk/vol1/fastq/SRR962/004/SRR9620544/SRR9620544_2.fastq.gz
SRR9620551	PAIRED	https://ftp.sra.ebi.ac.uk/vol1/fastq/SRR962/001/SRR9620551/SRR9620551_1.fastq.gz	https://ftp.sra.ebi.ac.uk/vol1/fastq/SRR962/001/SRR9620551/SRR9620551_2.fastq.gz
SRR9620559	PAIRED	https://ftp.sra.ebi.ac.uk/vol1/fastq/SRR962/009/SRR9620559/SRR9620559_1.fastq.gz	https://ftp.sra.ebi.ac.uk/vol1/fastq/SRR962/009/SRR9620559/SRR9620559_2.fastq.gz
SRR9620562	PAIRED	https://ftp.sra.ebi.ac.uk/vol1/fastq/SRR962/002/SRR9620562/SRR9620562_1.fastq.gz	https://ftp.sra.ebi.ac.uk/vol1/fastq/SRR962/002/SRR9620562/SRR9620562_2.fastq.gz
SRR9620570	PAIRED	https://ftp.sra.ebi.ac.uk/vol1/fastq/SRR962/000/SRR9620570/SRR9620570_1.fastq.gz	https://ftp.sra.ebi.ac.uk/vol1/fastq/SRR962/000/SRR9620570/SRR9620570_2.fastq.gz
SRR9620573	PAIRED	https://ftp.sra.ebi.ac.uk/vol1/fastq/SRR962/003/SRR9620573/SRR9620573_1.fastq.gz	https://ftp.sra.ebi.ac.uk/vol1/fastq/SRR962/003/SRR9620573/SRR9620573_2.fastq.gz
SRR9620574	PAIRED	https://ftp.sra.ebi.ac.uk/vol1/fastq/SRR962/004/SRR9620574/SRR9620574_1.fastq.gz	https://ftp.sra.ebi.ac.uk/vol1/fastq/SRR962/004/SRR9620574/SRR9620574_2.fastq.gz
SRR9620576	PAIRED	https://ftp.sra.ebi.ac.uk/vol1/fastq/SRR962/006/SRR9620576/SRR9620576_1.fastq.gz	https://ftp.sra.ebi.ac.uk/vol1/fastq/SRR962/006/SRR9620576/SRR9620576_2.fastq.gz
SRR9620581	PAIRED	https://ftp.sra.ebi.ac.uk/vol1/fastq/SRR962/001/SRR9620581/SRR9620581_1.fastq.gz	https://ftp.sra.ebi.ac.uk/vol1/fastq/SRR962/001/SRR9620581/SRR9620581_2.fastq.gz
SRR9637612	PAIRED	https://ftp.sra.ebi.ac.uk/vol1/fastq/SRR963/002/SRR9637612/SRR9637612_1.fastq.gz	https://ftp.sra.ebi.ac.uk/vol1/fastq/SRR963/002/SRR9637612/SRR9637612_2.fastq.gz
SRR9637626	PAIRED	https://ftp.sra.ebi.ac.uk/vol1/fastq/SRR963/006/SRR9637626/SRR9637626_1.fastq.gz	https://ftp.sra.ebi.ac.uk/vol1/fastq/SRR963/006/SRR9637626/SRR9637626_2.fastq.gz
SRR9647558	PAIRED	https://ftp.sra.ebi.ac.uk/vol1/fastq/SRR964/008/SRR9647558/SRR9647558_1.fastq.gz	https://ftp.sra.ebi.ac.uk/vol1/fastq/SRR964/008/SRR9647558/SRR9647558_2.fastq.gz
SRR9647687	PAIRED	https://ftp.sra.ebi.ac.uk/vol1/fastq/SRR964/007/SRR9647687/SRR9647687_1.fastq.gz	https://ftp.sra.ebi.ac.uk/vol1/fastq/SRR964/007/SRR9647687/SRR9647687_2.fastq.gz
SRR9734532	PAIRED	https://ftp.sra.ebi.ac.uk/vol1/fastq/SRR973/002/SRR9734532/SRR9734532_1.fastq.gz	https://ftp.sra.ebi.ac.uk/vol1/fastq/SRR973/002/SRR9734532/SRR9734532_2.fastq.gz
SRR9734549	PAIRED	https://ftp.sra.ebi.ac.uk/vol1/fastq/SRR973/009/SRR9734549/SRR9734549_1.fastq.gz	https://ftp.sra.ebi.ac.uk/vol1/fastq/SRR973/009/SRR9734549/SRR9734549_2.fastq.gz
SRR9734552	PAIRED	https://ftp.sra.ebi.ac.uk/vol1/fastq/SRR973/002/SRR9734552/SRR9734552_1.fastq.gz	https://ftp.sra.ebi.ac.uk/vol1/fastq/SRR973/002/SRR9734552/SRR9734552_2.fastq.gz
SRR9734617	PAIRED	https://ftp.sra.ebi.ac.uk/vol1/fastq/SRR973/007/SRR9734617/SRR9734617_1.fastq.gz	https://ftp.sra.ebi.ac.uk/vol1/fastq/SRR973/007/SRR9734617/SRR9734617_2.fastq.gz
SRR9734733	PAIRED	https://ftp.sra.ebi.ac.uk/vol1/fastq/SRR973/003/SRR9734733/SRR9734733_1.fastq.gz	https://ftp.sra.ebi.ac.uk/vol1/fastq/SRR973/003/SRR9734733/SRR9734733_2.fastq.gz
SRR9734762	PAIRED	https://ftp.sra.ebi.ac.uk/vol1/fastq/SRR973/002/SRR9734762/SRR9734762_1.fastq.gz	https://ftp.sra.ebi.ac.uk/vol1/fastq/SRR973/002/SRR9734762/SRR9734762_2.fastq.gz
SRR9734799	PAIRED	https://ftp.sra.ebi.ac.uk/vol1/fastq/SRR973/009/SRR9734799/SRR9734799_1.fastq.gz	https://ftp.sra.ebi.ac.uk/vol1/fastq/SRR973/009/SRR9734799/SRR9734799_2.fastq.gz
SRR9734841	PAIRED	https://ftp.sra.ebi.ac.uk/vol1/fastq/SRR973/001/SRR9734841/SRR9734841_1.fastq.gz	https://ftp.sra.ebi.ac.uk/vol1/fastq/SRR973/001/SRR9734841/SRR9734841_2.fastq.gz
SRR9734858	PAIRED	https://ftp.sra.ebi.ac.uk/vol1/fastq/SRR973/008/SRR9734858/SRR9734858_1.fastq.gz	https://ftp.sra.ebi.ac.uk/vol1/fastq/SRR973/008/SRR9734858/SRR9734858_2.fastq.gz
SRR9734863	PAIRED	https://ftp.sra.ebi.ac.uk/vol1/fastq/SRR973/003/SRR9734863/SRR9734863_1.fastq.gz	https://ftp.sra.ebi.ac.uk/vol1/fastq/SRR973/003/SRR9734863/SRR9734863_2.fastq.gz
SRR9858674	PAIRED	https://ftp.sra.ebi.ac.uk/vol1/fastq/SRR985/004/SRR9858674/SRR9858674_1.fastq.gz	https://ftp.sra.ebi.ac.uk/vol1/fastq/SRR985/004/SRR9858674/SRR9858674_2.fastq.gz
SRR9858715	PAIRED	https://ftp.sra.ebi.ac.uk/vol1/fastq/SRR985/005/SRR9858715/SRR9858715_1.fastq.gz	https://ftp.sra.ebi.ac.uk/vol1/fastq/SRR985/005/SRR9858715/SRR9858715_2.fastq.gz
SRR9858758	PAIRED	https://ftp.sra.ebi.ac.uk/vol1/fastq/SRR985/008/SRR9858758/SRR9858758_1.fastq.gz	https://ftp.sra.ebi.ac.uk/vol1/fastq/SRR985/008/SRR9858758/SRR9858758_2.fastq.gz
SRR9858841	PAIRED	https://ftp.sra.ebi.ac.uk/vol1/fastq/SRR985/001/SRR9858841/SRR9858841_1.fastq.gz	https://ftp.sra.ebi.ac.uk/vol1/fastq/SRR985/001/SRR9858841/SRR9858841_2.fastq.gz
SRR9858855	PAIRED	https://ftp.sra.ebi.ac.uk/vol1/fastq/SRR985/005/SRR9858855/SRR9858855_1.fastq.gz	https://ftp.sra.ebi.ac.uk/vol1/fastq/SRR985/005/SRR9858855/SRR9858855_2.fastq.gz
SRR9858860	PAIRED	https://ftp.sra.ebi.ac.uk/vol1/fastq/SRR985/000/SRR9858860/SRR9858860_1.fastq.gz	https://ftp.sra.ebi.ac.uk/vol1/fastq/SRR985/000/SRR9858860/SRR9858860_2.fastq.gz
SRR9858866	PAIRED	https://ftp.sra.ebi.ac.uk/vol1/fastq/SRR985/006/SRR9858866/SRR9858866_1.fastq.gz	https://ftp.sra.ebi.ac.uk/vol1/fastq/SRR985/006/SRR9858866/SRR9858866_2.fastq.gz
SRR9858901	PAIRED	https://ftp.sra.ebi.ac.uk/vol1/fastq/SRR985/001/SRR9858901/SRR9858901_1.fastq.gz	https://ftp.sra.ebi.ac.uk/vol1/fastq/SRR985/001/SRR9858901/SRR9858901_2.fastq.gz
SRR9858905	PAIRED	https://ftp.sra.ebi.ac.uk/vol1/fastq/SRR985/005/SRR9858905/SRR9858905_1.fastq.gz	https://ftp.sra.ebi.ac.uk/vol1/fastq/SRR985/005/SRR9858905/SRR9858905_2.fastq.gz
SRR9858910	PAIRED	https://ftp.sra.ebi.ac.uk/vol1/fastq/SRR985/000/SRR9858910/SRR9858910_1.fastq.gz	https://ftp.sra.ebi.ac.uk/vol1/fastq/SRR985/000/SRR9858910/SRR9858910_2.fastq.gz
SRR9858919	PAIRED	https://ftp.sra.ebi.ac.uk/vol1/fastq/SRR985/009/SRR9858919/SRR9858919_1.fastq.gz	https://ftp.sra.ebi.ac.uk/vol1/fastq/SRR985/009/SRR9858919/SRR9858919_2.fastq.gz
SRR9858926	PAIRED	https://ftp.sra.ebi.ac.uk/vol1/fastq/SRR985/006/SRR9858926/SRR9858926_1.fastq.gz	https://ftp.sra.ebi.ac.uk/vol1/fastq/SRR985/006/SRR9858926/SRR9858926_2.fastq.gz
SRR9858949	PAIRED	https://ftp.sra.ebi.ac.uk/vol1/fastq/SRR985/009/SRR9858949/SRR9858949_1.fastq.gz	https://ftp.sra.ebi.ac.uk/vol1/fastq/SRR985/009/SRR9858949/SRR9858949_2.fastq.gz
