accession	species	ST	Bla_acquired	Bla_ESBL_acquired	Bla_Carb_acquired	AGly_acquired	Flq_acquired	Tet_acquired	Sul_acquired	virulence_score	resistance_score
DRR150325	Klebsiella quasipneumoniae subsp. similipneumoniae	ST477	OXA-1	-	NDM-1	aac(3)-IIa.v1^;aac(6')-Ib-cr.v2	-	tet(A).v1	sul1	0	2
DRR150413	Klebsiella pneumoniae	ST273	DHA-1;OXA-1	-	NDM-1	aac(6')-Ib;rmtF;strA.v1;strB.v1	qnrB1.v1;qnrB4	tet(D)	sul1;sul2	0	2
ERR024819	Klebsiella pneumoniae	ST1109	-	-	-	-	-	-	-	0	0
ERR024835	Klebsiella pneumoniae	ST292	TEM-1D.v1^	-	-	aadA^	-	-	sul1	0	0
ERR024847	Klebsiella pneumoniae	ST66	-	-	-	-	-	-	-	5	0
ERR024852	Klebsiella pneumoniae	ST1779	TEM-1D.v1^	-	-	-	-	tet(D)	-	0	0
ERR025104	Klebsiella pneumoniae	ST48	OXA-9.v1;TEM-1D.v1^	-	-	aac(6')-Ib'.v1*;aadA*	-	-	-	1	0
ERR025119	Klebsiella pneumoniae	ST359	-	CTX-M-9	-	aadA2;ant(2'')-Ia	qnrA1^	-	sul1	0	1
ERR025126	Klebsiella pneumoniae	ST180	-	-	-	-	-	-	-	0	0
ERR025131	Klebsiella pneumoniae	ST187	-	-	-	-	-	-	-	0	0
ERR025140	Klebsiella pneumoniae	ST2141	-	-	-	strA.v1	-	-	-	0	0
ERR025486	Klebsiella pneumoniae	ST416	LAP-2;TEM-1D.v1^	CTX-M-14;SHV-2	-	aac(3)-IId^;aadA2^;strA.v1;strB.v1	qnrS1	tet(D)	sul1;sul2	0	1
ERR025489	Klebsiella pneumoniae	ST2124	-	-	-	aac(3)-IIa.v1^;strA.v1;strB.v1	-	tet(D)	sul2	0	0
ERR025497	Klebsiella pneumoniae	ST2136	LAP-2	CTX-M-14	-	aac(3)-IId^	qnrS1	-	-	0	1
ERR025511	Klebsiella pneumoniae	ST2128	LAP-2	-	-	aac(3)-IV^;aadA2^;aph(4)-Ia;aph3-Ia.v1^	qnrS1	tet(A).v1	sul2	0	0
ERR025531	Klebsiella pneumoniae	ST273	LAP-2;TEM-1D.v1^	CTX-M-14	-	aac(3)-IId^;strA.v1*;strB.v1*	qnrS1	tet(D)	sul2	0	1
ERR025558	Klebsiella pneumoniae	ST540	LAP-2	CTX-M-14	-	aac(3)-IId^	qnrS1	-	-	0	1
ERR025560	Klebsiella quasipneumoniae subsp. similipneumoniae	ST2133	LAP-2?;OXA-10	SHV-2;VEB-1	-	aac(3)-IId^;aac(6')-Ia*;aadA*;ant(2'')-Ia;ant(2'')-Ia	qnrA1;qnrS1	tet(A).v1;tet(D)	sul1	0	1
ERR025563	Klebsiella pneumoniae	ST176	-	-	-	-	-	-	-	1	0
ERR025590	Klebsiella pneumoniae	ST25-1LV	AmpC1;TEM-1D.v1^	-	-	aadA5;strA.v1^;strB.v1*	-	tet(A).v1*	sul2*	4	0
ERR025599	Klebsiella pneumoniae	ST37-1LV	-	-	-	-	-	-	-	0	0
ERR025602	Klebsiella pneumoniae	ST15-1LV	TEM-1D.v1^	-	-	aadA1.v1^;strA.v1;strB.v1	-	tet(A).v1	sul1;sul2	0	0
ERR025606	Klebsiella pneumoniae	ST291-1LV	-	-	-	-	-	-	-	0	0
ERR025610	Klebsiella pneumoniae	ST281	-	-	-	-	-	-	-	0	0
ERR025614	Klebsiella pneumoniae	ST211	-	-	-	-	-	-	-	0	0
ERR025632	Klebsiella quasipneumoniae subsp. similipneumoniae	ST2355-1LV	-	-	-	aac(3)-IId^	qnrS1	tet(D)	-	0	0
ERR025640	Klebsiella pneumoniae	ST201-1LV	-	-	-	strA.v1;strB.v1*	-	tet(B).v2*	-	0	0
ERR025641	Klebsiella pneumoniae	ST794-2LV	-	-	-	-	-	tet(A).v1*	-	0	0
ERR025659	Klebsiella pneumoniae	ST43	TEM-1D.v1^;TEM-1D.v1^	-	-	aac(3)-IId^;aph3-Ia.v1^	-	-	-	3	0
ERR025661	Klebsiella pneumoniae	ST43	CARB-2.v1^	SHV-2A^	-	aac(6')-Iai;aadA2	-	tet(G).v1	sul2	0	1
ERR025668	Klebsiella pneumoniae	ST43	TEM-1D.v1^;TEM-1D.v1^	-	-	aac(3)-IId^;aph3-Ia.v1^	-	-	-	3	0
ERR025679	Klebsiella pneumoniae	ST656	LAP-2;TEM-1D.v1^	-	-	aac(3)-IId^;aph3-Ia.v1^	qnrB2.v1^;qnrS1	tet(A).v1	sul1;sul1	1	0
ERR025981	Klebsiella pneumoniae	ST249	-	-	-	-	-	-	-	0	0
ERR025986	Klebsiella quasipneumoniae subsp. quasipneumoniae	ST196-1LV	-	-	-	-	-	-	-	0	0
ERR025998	Klebsiella pneumoniae	ST1411	-	-	-	aac(3)-IId^;aph3-Ia.v1*?	-	tet(D)	sul2	0	0
ERR10016620	Klebsiella variicola subsp. variicola	ST146	-	-	-	-	-	-	-	0	0
ERR10016665	Klebsiella variicola subsp. variicola	ST146	-	-	-	-	-	-	-	0	0
ERR10019338	Klebsiella pneumoniae	ST340	DHA-1;TEM-1D.v1^	-	OXA-232	aadA2^;aadA^;aph3-Ia.v1^	qnrB4	tet(A).v1	sul1;sul3	0	2
ERR10030721	Klebsiella pneumoniae	ST13	OXA-9.v1;TEM-1D.v1^	-	KPC-3	aac(6')-Ib'.v1*;aadA*;strA.v1^;strB.v1	-	-	sul2	2	3
ERR10030753	Klebsiella pneumoniae	ST423	OXA-1;TEM-1D.v1^	CTX-M-15	-	aac(3)-IIa.v1^;aac(6')-Ib-cr.v2;strA.v1^;strB.v1	-	-	sul2	0	1
ERR10030755	Klebsiella pneumoniae	ST3030	-	-	-	-	-	-	-	0	0
ERR10030757	Klebsiella pneumoniae	ST274	TEM-1D.v1^	-	-	aph3-Ia.v1*?;strA.v1^;strB.v1	-	tet(D)	sul2	1	0
ERR10030769	Klebsiella pneumoniae	ST294	-	-	-	-	-	-	-	0	0
ERR10030818	Klebsiella pneumoniae	ST423	-	CTX-M-32	-	aac(6')-Ib'.v2	-	-	-	0	1
ERR10030839	Klebsiella pneumoniae	ST25	SCO-1	TEM-10.v2	-	aac(3)-IIa.v1	-	-	-	1	1
ERR10030842	Klebsiella pneumoniae	ST25	OXA-9.v1;SCO-1	TEM-10.v2	-	aac(3)-IIa.v1;aac(6')-Ib'.v1;aadA*	-	tet(D)	sul1	1	1
ERR10030844	Klebsiella pneumoniae	ST289-2LV	-	-	-	-	-	-	-	0	0
ERR10030855	Klebsiella pneumoniae	ST2493	OXA-9.v1;TEM-1D.v1^	-	-	aac(6')-Ib'.v1*;aadA*	-	tet(D)	-	0	0
ERR10030865	Klebsiella pneumoniae	ST348	OXA-1;TEM-1D.v1^	CTX-M-15	-	aac(3)-IIa.v1^;aac(6')-Ib-cr.v2;strA.v1^;strB.v1	qnrB1.v2^	tet(A).v1	sul2	1	1
ERR10030879	Klebsiella pneumoniae	ST726	OXA-1;TEM-1D.v1^	-	KPC-3	aac(3)-IId^;aac(6')-Ib-cr.v2;aph3-Ia.v1^;strA.v1;strB.v1	-	tet(D)	sul1;sul2	0	2
ERR10030883	Klebsiella pneumoniae	ST231	-	-	-	aac(3)-IId^;aac(6')-Ib-cr.v2;aadA*;aadA16*;strA.v1*;strB.v1*	qnrB6^	tet(D)	sul1;sul1;sul2*	1	0
ERR10030888	Klebsiella pneumoniae	ST336	TEM-1D.v1^	CTX-M-15	-	strA.v1^;strB.v1	qnrB1.v2^	-	sul2	1	1
ERR10030890	Klebsiella pneumoniae	ST134	OXA-9.v1	-	-	aac(6')-Ib-cr.v2*;aadA*	-	-	-	0	0
ERR10030893	Klebsiella pneumoniae	ST231	-	CTX-M-15	-	aac(3)-IId^;aac(6')-Ib-cr.v2;aadA*;aadA16*;strA.v1*;strB.v1*	qnrB6^	tet(D)	sul1;sul1;sul2*	1	1
ERR10030913	Klebsiella pneumoniae	ST15	OXA-9.v1;TEM-1D.v1^	CTX-M-15	-	aac(6')-Ib'.v1;aadA*	qnrB1.v1	-	-	1	1
ERR10030962	Klebsiella pneumoniae	ST13	OXA-9.v1;TEM-1D.v1^	-	-	aac(3)-IIa.v1;aac(6')-Ib'.v1;aph(3')-Ia	-	tet(B).v2*	sul1	0	0
ERR10030964	Klebsiella pneumoniae	ST13	-	-	-	-	-	-	-	0	0
ERR10030983	Klebsiella pneumoniae	ST12	SCO-1^;TEM-1D.v1^	-	-	aac(3)-IIa.v1;strA.v1;strB.v1	-	tet(B).v2*	sul2	0	0
ERR10030996	Klebsiella pneumoniae	ST17	-	-	OXA-181	aac(6')-Ib-cr.v2;aadA16*	qnrS1	-	sul1;sul2	1	2
ERR10031012	Klebsiella pneumoniae	ST70	OXA-1;TEM-1D.v1^	CTX-M-15	-	aac(3)-IIa.v1^;aac(6')-Ib-cr.v2;strA.v1^;strB.v1	qnrB1.v2^	tet(A).v1	sul2	1	1
ERR10031023	Klebsiella pneumoniae	ST70	OXA-1;TEM-1D.v1^	CTX-M-15	-	aac(3)-IIa.v1^;aac(6')-Ib-cr.v2;strA.v1^;strB.v1	qnrB1.v2^	tet(A).v1	sul2	1	1
ERR10031039	Klebsiella pneumoniae	ST15	OXA-1;TEM-1D.v1^	CTX-M-15	-	aac(3)-IIa.v1^;aac(6')-Ib-cr.v2;aadA1.v1^;strA.v1^;strB.v1	-	tet(B).v2*;tet(D)	sul1	0	1
ERR10031043	Klebsiella pneumoniae	ST3661	-	-	-	-	-	-	-	0	0
ERR10031049	Klebsiella pneumoniae	ST14	SCO-1;TEM-1D.v1^	SHV-106	-	aac(3)-IIa.v1;aadA2;aadA^;aph(3')-Ia	-	-	sul1	1	1
ERR10031061	Klebsiella pneumoniae	ST14	SCO-1;TEM-1D.v1^	SHV-106	-	aac(3)-IIa.v1;aadA2;aadA^;aph(3')-Ia	-	-	sul1	1	1
ERR10031127	Klebsiella pneumoniae	ST416	OXA-9.v1;TEM-1D.v1^	-	KPC-3	aac(6')-Ib'.v1*;aadA*;strA.v1^;strB.v1	-	tet(B).v2*	sul2	0	2
ERR10039993	Klebsiella pneumoniae	ST101	OXA-1	CTX-M-15	NDM-1	aac(3)-IIa.v1^;aac(6')-Ib	-	-	-	1	2
ERR10040002	Klebsiella pneumoniae	ST1082	DHA-1	-	-	-	qnrB4	tet(D)	sul1	0	0
ERR10040003	Klebsiella pneumoniae	ST1082	-	-	-	-	-	tet(D)	-	0	0
ERR10040005	Klebsiella pneumoniae	ST2457	OXA-1	-	-	aac(6')-Ib-cr.v2	qnrB2.v1^	tet(E).v1*	sul1	0	0
ERR10040045	Klebsiella pneumoniae	ST392	OXA-1;TEM-1D.v1^	CTX-M-15	OXA-48	aac(3)-IIa.v1^;aac(6')-Ib-cr.v2;strA.v1^;strB.v1	qnrB1.v2^	tet(A).v1	sul2	0	2
ERR10040065	Klebsiella pneumoniae	ST395	OXA-1	-	-	aac(6')-Ib-cr.v2	-	tet(A).v1	sul1	0	0
ERR10040080	Klebsiella pneumoniae	ST4097	-	-	-	-	-	-	-	0	0
ERR10040100	Klebsiella pneumoniae	ST405	OXA-1;TEM-1D.v1^	CTX-M-15	-	aac(3)-IIa.v1^;aac(6')-Ib-cr.v2;strA.v1^;strB.v1	qnrB1.v2^	-	sul2	1	1
ERR1008640	Klebsiella variicola subsp. variicola	ST3080	-	-	-	-	-	-	-	0	0
ERR1008646	Klebsiella pneumoniae	ST3050	TEM-1D.v1^	-	-	strA.v1^;strB.v1*	qnrS1	tet(D)	sul2	0	0
ERR1008651	Klebsiella pneumoniae	ST2415	-	-	-	-	-	-	-	0	0
ERR1008667	Klebsiella pneumoniae	ST247	-	-	-	-	-	-	-	0	0
ERR1008673	Klebsiella variicola subsp. variicola	ST2989	-	-	-	-	-	-	-	0	0
ERR1008676	Klebsiella pneumoniae	ST3045	-	-	-	-	-	-	-	0	0
ERR1008691	Klebsiella pneumoniae	ST3075	-	-	-	-	-	-	-	0	0
ERR1008695	Klebsiella variicola subsp. variicola	ST616	-	-	-	-	-	-	-	0	0
ERR1008697	Klebsiella pneumoniae	ST889	-	-	-	-	-	-	-	1	0
ERR1008710	Klebsiella pneumoniae	ST3046	-	-	-	-	-	-	-	0	0
ERR1008757	Klebsiella pneumoniae	ST27	-	-	-	-	-	-	-	0	0
ERR1008770	Klebsiella pneumoniae	ST792	-	-	-	-	-	-	-	2	0
ERR1015292	Klebsiella pneumoniae	ST323	OXA-1	-	-	aac(3)-IIa.v1^;aac(6')-Ib-cr.v2	qnrB1.v2^	tet(A).v1	-	0	0
ERR10178493	Klebsiella pneumoniae	ST442-1LV	-	-	-	-	-	-	-	0	0
ERR1023628	Klebsiella pneumoniae	ST323	OXA-1;TEM-1D.v1^	CTX-M-15	-	aac(6')-Ib-cr.v2;strA.v1^;strB.v1	qnrB1.v2^	tet(A).v1	sul2	0	1
ERR1023637	Klebsiella variicola subsp. variicola	ST2089	-	-	-	-	-	-	-	0	0
ERR1023642	Klebsiella variicola subsp. variicola	ST925	-	-	-	-	-	-	-	0	0
ERR1023669	Klebsiella pneumoniae	ST152	-	-	-	-	-	-	-	1	0
ERR1023672	Klebsiella variicola subsp. variicola	ST601	-	-	-	-	-	-	-	0	0
ERR1023677	Klebsiella variicola subsp. variicola	ST386	-	-	-	-	-	-	-	0	0
ERR1023686	Klebsiella pneumoniae	ST323	OXA-1;TEM-1D.v1^	CTX-M-15	-	aac(6')-Ib-cr.v2;strA.v1^;strB.v1	qnrB1.v2^	tet(A).v1	sul2	0	1
ERR1023694	Klebsiella pneumoniae	ST310	-	-	-	-	-	-	-	0	0
ERR1023701	Klebsiella pneumoniae	ST34	-	-	-	-	-	-	-	0	0
ERR1023724	Klebsiella variicola subsp. variicola	ST2996	-	-	-	-	-	-	-	0	0
ERR1023738	Klebsiella pneumoniae	ST133	-	-	-	-	-	-	-	2	0
ERR1023744	Klebsiella pneumoniae	ST221	OXA-1;TEM-1D.v1^	CTX-M-15	-	aac(6')-Ib-cr.v2;strA.v1^;strB.v1	qnrB1.v2^	tet(A).v1	sul2	0	1
ERR1023766	Klebsiella pneumoniae	ST27	-	-	-	-	-	-	-	0	0
ERR1023777	Klebsiella pneumoniae	ST437	OXA-1;TEM-1D.v1^	CTX-M-15	-	aac(6')-Ib-cr.v2;aph3-Ia.v1^	-	tet(D)	sul1	0	1
ERR1023783	Klebsiella pneumoniae	ST323	OXA-1;TEM-1D.v1^	CTX-M-15	-	aac(6')-Ib-cr.v2;strA.v1^;strB.v1	qnrB1.v2^	tet(A).v1	sul2	0	1
ERR1023789	Klebsiella pneumoniae	ST3042	-	-	-	-	-	-	-	1	0
ERR1023796	Klebsiella pneumoniae	ST2998	-	-	-	-	-	-	-	1	0
ERR1023807	Klebsiella pneumoniae	ST35	-	-	-	-	-	-	-	1	0
ERR1023811	Klebsiella pneumoniae	ST256	-	-	-	-	-	-	-	0	0
ERR1023819	Klebsiella variicola subsp. variicola	ST347	OXA-1;TEM-1D.v1^	CTX-M-15	-	aac(6')-Ib-cr.v2;strA.v1^;strB.v1	qnrB1.v2^	tet(A).v1	sul2	0	1
ERR1023825	Klebsiella pneumoniae	ST17-1LV	LAP-2;TEM-1D.v1^	CTX-M-14	-	strA.v1^;strB.v1	qnrS1	tet(A).v1;tet(D)	sul1;sul2	0	1
ERR1023841	Klebsiella pneumoniae	ST253	-	-	-	-	-	-	-	0	0
ERR1023853	Klebsiella variicola subsp. variicola	ST3079	-	-	-	-	-	-	-	0	0
ERR1023854	Klebsiella variicola subsp. variicola	ST919	-	-	-	-	-	-	-	0	0
ERR1024576	Klebsiella pneumoniae	ST340	-	CTX-M-15	KPC-2	aac(3)-IId^;aadA2^;aph(3')-VIa*;aph3-Ia.v1^	-	tet(D)	sul1	0	3
ERR1024579	Klebsiella pneumoniae	ST340	LAP-2;OXA-1;OXA-2;OXA-9.v1;TEM-1D.v1^	CTX-M-15;CTX-M-2	KPC-2	aac(6')-Ib-cr.v2;aadA*;aadA2^;aph(3')-VIa*;aph(3')-VIa*;strA.v1^;strB.v1	qnrB1.v2^;qnrS1	tet(D)	sul1;sul2	0	2
ERR1024640	Klebsiella pneumoniae	ST340	OXA-9.v1	CTX-M-8	KPC-2	aac(3)-IId^;aac(6')-Ib'.v1;aadA*;aadA2^;aph3-Ia.v1^;sat-2	qnrE1	-	sul1	1	2
ERR10321516	Klebsiella pneumoniae	ST37	-	-	OXA-48	-	-	-	-	1	2
ERR10321616	Klebsiella pneumoniae	ST392	OXA-1;TEM-1D.v1^	CTX-M-15	OXA-48	aac(3)-IIa.v1^;aac(6')-Ib-cr.v2;strA.v1^;strB.v1	qnrB1.v2^	tet(A).v1	sul2	0	2
ERR10321660	Klebsiella pneumoniae	ST377	CMY-2.v2;OXA-1;TEM-1D.v1^	CTX-M-15	OXA-48	aac(3)-IIa.v1^;aac(6')-Ib-cr.v2;strA.v1;strB.v1	-	tet(A).v2	sul2	1	2
ERR10321661	Klebsiella pneumoniae	ST340	-	CTX-M-15	KPC-2	aadA2^;rmtG	-	-	sul1	0	2
ERR10321723	Klebsiella pneumoniae	ST39	-	-	KPC-2	aac(3)-IId^;aac(6')-Ib'.v1	-	-	-	1	3
ERR10321813	Klebsiella pneumoniae	ST505	OXA-1;TEM-1D.v1^	CTX-M-15	OXA-48	aac(3)-IIa.v1^;aac(6')-Ib-cr.v2;strA.v1^;strB.v1	qnrB1.v2^	tet(A).v1	sul2	0	2
ERR10321834	Klebsiella pneumoniae	ST525	OXA-1;TEM-1D.v1^	CTX-M-15	NDM-1;OXA-181	aac(3)-IIa.v1^;aac(6')-Ib-cr.v2;rmtC	-	tet(A).v1;tet(D)	sul1*	0	2
ERR10321869	Klebsiella pneumoniae	ST22	OXA-1;TEM-1D.v1^	CTX-M-15	OXA-181	aac(3)-IIa.v1^;aac(6')-Ib-cr.v2;strA.v1^;strB.v1	qnrB1.v2^	tet(A).v1	sul2	1	2
ERR10358249	Klebsiella quasipneumoniae subsp. similipneumoniae	ST1247-2LV	TEM-1D.v1^	CTX-M-15	-	strA.v1^;strB.v1	qnrS1	-	sul2	0	1
ERR10358269	Klebsiella pneumoniae	ST3113	-	CTX-M-15	-	-	qnrS1	-	-	0	1
ERR10358286	Klebsiella quasipneumoniae subsp. similipneumoniae	ST2673	TEM-1D.v1^	CTX-M-15	-	strA.v1^;strB.v1	qnrS1	-	sul2	0	1
ERR10358310	Klebsiella pneumoniae	ST22	OXA-1;TEM-1D.v1^	CTX-M-15	-	aac(6')-Ib-cr.v2;aadA1.v1^;aadA2^	qnrS1	tet(D)	sul1;sul2	0	1
ERR10358354	Klebsiella quasipneumoniae subsp. similipneumoniae	ST2639-2LV	OXA-1	-	-	aac(3)-IIa.v1^;aac(6')-Ib-cr.v2	-	-	-	0	0
ERR10358371	Klebsiella pneumoniae	ST540	TEM-1D.v1^	CTX-M-15	-	strB.v1	qnrS1	tet(A).v1	sul2	0	1
ERR10358381	Klebsiella pneumoniae	ST399-1LV	-	CTX-M-3	-	aadA1.v1^	-	tet(D)	sul1	0	1
ERR10358482	Klebsiella quasipneumoniae subsp. similipneumoniae	ST138-2LV	TEM-1D.v1^	CTX-M-15	-	strA.v1^;strB.v1	qnrS1	-	sul2	0	1
ERR10358542	Klebsiella quasipneumoniae subsp. similipneumoniae	ST2721-1LV	-	CTX-M-15	-	aac(6')-Ib-cr.v2;aadA1.v1^;aadA16*;strA.v1*;strB.v1*	qnrB6^	tet(D)	sul1;sul1;sul2	0	1
ERR1035985	Klebsiella pneumoniae	ST564	-	-	-	-	-	-	-	1	0
ERR1035990	Klebsiella variicola subsp. variicola	ST681	-	-	-	-	-	-	-	0	0
ERR10419890	Klebsiella variicola subsp. variicola	ST597	-	CTX-M-15	-	aadA*;aadA5;aph3-Ia.v1^;sat-2;strA.v1^;strB.v1	qnrS1	tet(D)	sul1;sul2	0	1
ERR10419932	Klebsiella pneumoniae	ST39-1LV	TEM-1D.v1^	CTX-M-15	-	aac(3)-IIa.v1;aac(6')-Ib-cr.v2;aadA16*;strA.v1*;strB.v1*	-	tet(A).v1	sul1;sul2	1	1
ERR10431521	Klebsiella pneumoniae	ST45	OXA-1^;TEM-1D.v1^	CTX-M-15	-	strA.v1^;strB.v1	qnrB1.v2^	-	sul2*	1	1
ERR10431864	Klebsiella pneumoniae	ST45	-	-	-	-	-	-	-	1	0
ERR10431922	Klebsiella pneumoniae	ST219	-	CTX-M-15	-	aadA2^;aph3-Ia.v1^;strA.v1*;strB.v1*	qnrS1	-	sul1;sul2	0	1
ERR10432367	Klebsiella pneumoniae	ST6	-	-	-	-	-	-	-	1	0
ERR10432437	Klebsiella pneumoniae	ST37	-	-	-	-	-	-	-	0	0
ERR10432450	Klebsiella variicola subsp. variicola	ST3090-2LV	-	-	-	-	-	-	-	0	0
ERR10432657	Klebsiella pneumoniae	ST378-1LV	-	CTX-M-55	-	aac(3)-IId^	qnrS1	-	-	0	1
ERR10432830	Klebsiella pneumoniae	ST12	-	-	-	-	-	-	-	0	0
ERR10432831	Klebsiella pneumoniae	ST85-2LV	-	-	-	-	-	-	-	0	0
ERR10436520	Klebsiella pneumoniae	ST309	-	-	-	-	-	-	-	0	0
ERR10437266	Klebsiella pneumoniae	ST152	OXA-1;TEM-1D.v1^	CTX-M-15	KPC-2	aac(3)-IIa.v1^;aac(6')-Ib-cr.v2;aadA16*;aph3-Ia.v1^;strA.v1^;strB.v1	qnrB6^	-	sul1;sul2	1	2
ERR10437352	Klebsiella pneumoniae	ST152	OXA-1;TEM-1D.v1^	CTX-M-15	KPC-2	aac(3)-IIa.v1^;aac(6')-Ib-cr.v2;aadA16*;aph3-Ia.v1^;strA.v1^;strB.v1	qnrB6^	-	sul1;sul2	1	2
ERR10437364	Klebsiella variicola subsp. variicola	ST208	TEM-1D.v1^	CTX-M-12	KPC-2	rmtG	-	-	sul2	0	2
ERR10437762	Klebsiella pneumoniae	ST105	-	-	-	-	-	-	-	1	0
ERR10437763	Klebsiella pneumoniae	ST37	-	-	-	-	-	-	-	0	0
ERR10438026	Klebsiella pneumoniae	ST70	-	-	-	-	-	tet(D)	sul2	0	0
ERR10438029	Klebsiella pneumoniae	ST1119	TEM-1D.v1^	CTX-M-15	-	aac(3)-IIa.v1;aadA^;strA.v1;strB.v1	-	tet(A).v1	sul1^	0	1
ERR10438648	Klebsiella quasipneumoniae subsp. quasipneumoniae	ST2604	-	SHV-12	-	aadA2	qnrS1	-	sul1	0	1
ERR10438735	Klebsiella pneumoniae	ST281	LAP-2;OXA-10;TEM-1D.v1^	CTX-M-15	-	aac(6')-Ib'.v1;aadA*	qnrS1	-	sul2	0	1
ERR10438910	Klebsiella pneumoniae	ST43	TEM-1D.v1^	CTX-M-15	-	strA.v1^;strB.v1	qnrS1	tet(A).v1	sul2	0	1
ERR10439050	Klebsiella variicola subsp. variicola	ST204-4LV	-	-	-	-	-	-	-	0	0
ERR10439053	Klebsiella variicola subsp. variicola	ST1094-3LV	-	-	-	-	-	-	-	0	0
ERR10440873	Klebsiella pneumoniae	ST37	OXA-1;TEM-1D.v1^	CTX-M-15	-	aac(6')-Ib-cr.v2;strA.v1^;strB.v1	qnrB1.v2^	tet(A).v1	sul2	1	1
ERR10440930	Klebsiella pneumoniae	ST307-1LV	OXA-1?;TEM-1D.v1^	CTX-M-15^	OXA-48	aac(3)-IIa.v1^;aac(6')-Ib-cr.v2*;strA.v1^;strB.v1	qnrB1.v2^	tet(A).v1	sul2	0	2
ERR10440935	Klebsiella pneumoniae	ST3348-1LV	-	CTX-M-1	-	aadA5;aph3-Ia.v1^;strA.v1^;strB.v1	-	-	sul2*	4	1
ERR10441277	Klebsiella quasipneumoniae subsp. similipneumoniae	ST1355-2LV	-	-	-	-	-	-	-	0	0
ERR10441563	Klebsiella pneumoniae	ST101	-	CTX-M-15	OXA-48	aac(3)-IIa.v1^;aac(6')-Ib-cr.v2	-	tet(D)	-	1	2
ERR10447122	Klebsiella pneumoniae	ST17	TEM-1D.v1^	CTX-M-15	-	aac(3)-IIa.v1;strA.v1*;strB.v1*	-	-	sul2	1	1
ERR10461820	Klebsiella pneumoniae	ST461	-	-	VIM-1	aac(6')-Ib4^;aadA1.v1^	qnrS1	-	sul1	0	2
ERR10461823	Klebsiella variicola subsp. variicola	ST4149	OXA-1	CTX-M-15	OXA-48	aac(6')-Ib-cr.v2*	-	-	-	0	2
ERR10461836	Klebsiella pneumoniae	ST1393	-	-	OXA-48	-	-	-	-	1	2
ERR10461839	Klebsiella pneumoniae	ST15-1LV	OXA-1;TEM-1D.v1^	CTX-M-15	OXA-48	aac(6')-Ib-cr.v2;aadA^;strA.v1^;strB.v1	-	tet(A).v1	sul1^;sul2	1	2
ERR10461862	Klebsiella pneumoniae	ST3248	OXA-1;TEM-1D.v1^;TEM-1D.v1^	CTX-M-15	OXA-48	aac(3)-IIa.v1^;aac(6')-Ib-cr.v2;strA.v1^;strB.v1	qnrB1.v2^	tet(A).v1	sul2	0	2
ERR10461875	Klebsiella pneumoniae	ST3248	OXA-1	CTX-M-15	OXA-48	aac(3)-IIa.v1^;aac(6')-Ib-cr.v2;strA.v1^;strB.v1	qnrB1.v2^	tet(A).v1	sul2	0	2
ERR10461877	Klebsiella pneumoniae	ST11-1LV	-	CTX-M-15	OXA-48	aadA2^;aph3-Ia.v1^	-	-	sul1	1	3
ERR10471668	Klebsiella pneumoniae	ST437	-	CTX-M-15	OXA-232	-	-	-	-	1	2
ERR10471754	Klebsiella quasipneumoniae subsp. similipneumoniae	ST3871	-	-	-	-	-	-	-	0	0
ERR10471842	Klebsiella pneumoniae	ST340-1LV	-	-	NDM-5	aac(6')-Ib;aadA2^;aph3-Ia.v1^;rmtF	qnrB1.v1	-	sul1	0	2
ERR10471880	Klebsiella pneumoniae	ST3157	-	-	-	-	-	-	-	0	0
ERR10471881	Klebsiella pneumoniae	ST1877	-	-	-	-	-	-	-	0	0
ERR10471892	Klebsiella pneumoniae	ST231	-	CTX-M-15	OXA-232	aac(6')-Ib;aadA2^;rmtF	-	-	sul1	4	2
ERR10471926	Klebsiella pneumoniae	ST395	TEM-1D.v1^	CTX-M-15	NDM-5;OXA-232	aadA2^;rmtB	qnrS1	-	sul1	1	2
ERR10471942	Klebsiella pneumoniae	ST2096	OXA-1	-	OXA-232	aac(6')-Ib-cr.v2;sat-2	-	-	-	1	2
ERR10471946	Klebsiella pneumoniae	ST2096	OXA-1	-	OXA-232	aac(6')-Ib-cr.v2;sat-2	-	-	-	1	2
ERR10471956	Klebsiella pneumoniae	ST2096	OXA-1;TEM-1D.v1^	CTX-M-15;VEB-6*	OXA-232	aac(6')-Ib-cr.v2*;aadA2^;ant(2'')-Ia;aph3-Ia.v1^;armA;strB.v1*	-	tet(D);tet(J)*	sul1	4	2
ERR10663183	Klebsiella pneumoniae	ST874	-	CTX-M-15	NDM-1	-	qnrS1	-	sul1;sul2	3	2
ERR10663210	Klebsiella pneumoniae	ST23	LAP-2;OXA-1	CTX-M-55	NDM-1	aac(3)-IIa.v1*;aac(6')-Ib-cr.v2	qnrS1	tet(A).v1	sul1;sul2	4	2
ERR10663233	Klebsiella pneumoniae	ST395	OXA-1*	-	NDM-1	aac(6')-Ib-cr.v2;aph(3')-VI	qnrS1	-	sul1;sul2	1	2
ERR10663256	Klebsiella pneumoniae	ST147	OXA-1;OXA-9.v1;TEM-1D.v1^	CTX-M-15	NDM-1	aac(6')-Ib-cr.v2;aadA*;aadA2^;aph(3')-VI?;armA	qnrB1.v2^;qnrS1	-	sul1	1	2
ERR10663273	Klebsiella pneumoniae	ST4083	CMY-6	CTX-M-15	NDM-1	aac(6')-Ib3^;aadA5;aph3-Ia.v1^;rmtC	qnrS1	tet(A).v1	sul1	0	2
ERR10663284	Klebsiella pneumoniae	ST2497-1LV	OXA-1	CTX-M-15	NDM-1;OXA-232	aac(6')-Ib-cr.v2	qnrB1.v2^;qnrS1	-	sul1;sul2	4	2
ERR10669632	Klebsiella pneumoniae	ST36	-	SHV-5	VIM-26	aac(6')-Il;aac(6')-Im;aadA1.v1^;aph(2'')-IIa*;aph3-Ia.v1^;strA.v1;strB.v1	-	-	sul1	1	2
ERR10669667	Klebsiella pneumoniae	ST383	CMY-4.v1	-	VIM-19	aac(3)-IIa.v1^;aac(6')-Il;aadA2^;aph3-Ia.v1^;strA.v1*;strB.v1	-	tet(A).v1?	sul1;sul2	0	2
ERR10686260	Klebsiella pneumoniae	ST2668	TEM-1D.v1^	CTX-M-15	-	strB.v1	qnrS1	-	sul2	0	1
ERR10686333	Klebsiella quasipneumoniae subsp. quasipneumoniae	ST1040	TEM-1D.v1^	CTX-M-15	-	aadA2^	qnrS1	-	sul1;sul2	0	1
ERR10686334	Klebsiella pneumoniae	ST2268	TEM-1D.v1^	-	-	strA.v1^;strB.v1	qnrS1	tet(A).v1	sul2	0	0
ERR10686352	Klebsiella pneumoniae	ST29	TEM-1D.v1^	CTX-M-15	-	aac(3)-IIa.v1^;aac(6')-Ib-cr.v2;strA.v1^;strB.v1^	-	-	sul2	1	1
ERR10686366	Klebsiella pneumoniae	ST966	-	-	-	strA.v1;strB.v1	-	tet(D)	sul2	0	0
ERR10686377	Klebsiella pneumoniae	ST985	OXA-1;TEM-1D.v1^	CTX-M-15	-	aac(3)-IIa.v1^;strA.v1^;strB.v1	qnrB1.v2^	tet(A).v1	sul2	1	1
ERR10686383	Klebsiella pneumoniae	ST394	LAP-2;OXA-10;TEM-1D.v1^	CTX-M-15	-	aac(3)-IIa.v1^	qnrS1	tet(A).v1^	sul2	0	1
ERR10686389	Klebsiella quasipneumoniae subsp. similipneumoniae	ST2143	TEM-1D.v1^	CTX-M-15	-	strA.v1^;strB.v1	qnrS1	-	sul2	0	1
ERR10686459	Klebsiella pneumoniae	ST1741	-	CTX-M-15	-	-	qnrS1	-	-	0	1
ERR10686474	Klebsiella pneumoniae	ST1207	TEM-1D.v1^	CTX-M-15	-	aac(3)-IId^;strA.v1*;strB.v1*	qnrB1.v1	-	sul2	1	1
ERR10686536	Klebsiella pneumoniae	ST1418	TEM-1D.v1^	CTX-M-15	-	aac(3)-IIa.v1;strA.v1*;strB.v1*	-	-	sul2	0	1
ERR10686550	Klebsiella pneumoniae	ST1207	TEM-1D.v1^	CTX-M-15	-	aac(3)-IId^;strA.v1*;strB.v1*	qnrB1.v1	-	sul2	1	1
ERR10686560	Klebsiella pneumoniae	ST2268	TEM-1D.v1^	CTX-M-15	-	strA.v1^;strB.v1	qnrS1	tet(A).v1	sul2	0	1
ERR10686566	Klebsiella pneumoniae	ST2938	TEM-1D.v1^	CTX-M-15	-	aac(6')-Ib-cr.v2;aadA16*;strB.v1	qnrB6^;qnrS1	-	sul1;sul1;sul2	0	1
ERR10686591	Klebsiella pneumoniae	ST2668	TEM-1D.v1^	CTX-M-15	-	strA.v1^;strB.v1	qnrS1	-	sul2	0	1
ERR10691949	Klebsiella pneumoniae	ST395	OXA-1;TEM-1D.v1^	CTX-M-15	OXA-48	aac(6')-Ib-cr.v2*	qnrS1	tet(A).v1	sul1	3	2
ERR10691951	Klebsiella pneumoniae	ST395	OXA-1;TEM-1D.v1^	CTX-M-15	OXA-48	aac(6')-Ib-cr.v2*	qnrS1	tet(A).v1	sul1	3	2
ERR10691959	Klebsiella pneumoniae	ST101-1LV	OXA-1	CTX-M-14^;CTX-M-15	NDM-5;OXA-48	aadA*;aph3-Ia.v1^;armA	qnrS1	-	sul1;sul2	4	3
ERR10738616	Klebsiella pneumoniae	ST276-2LV	-	-	-	-	-	-	-	0	0
ERR10738631	Klebsiella pneumoniae	ST231	-	CTX-M-15;SHV-12	OXA-232	aac(6')-Ib;aadA2^;rmtF	-	-	sul1	4	2
ERR10738679	Klebsiella pneumoniae	ST101-1LV	FONA-5*;OXA-9.v1	SFO-1.v1	NDM-5;OXA-232	aac(6')-Ib'.v1;aadA*;aadA2^;rmtB;rmtF	-	-	sul1	1	2
ERR10738729	Klebsiella pneumoniae	ST147	TEM-1D.v1^	CTX-M-15	NDM-5;OXA-232	aadA*;aadA2^;armA;rmtB	qnrB1.v1	-	sul1	0	2
ERR10738733	Klebsiella pneumoniae	ST420	-	-	-	-	-	-	-	4	0
ERR10738734	Klebsiella pneumoniae	ST152	-	-	-	strA.v1*;strB.v1*	qnrS1	-	sul2	0	0
ERR10738743	Klebsiella pneumoniae	ST231	TEM-1D.v1^	CTX-M-15	-	aac(6')-Ib;aadA2^;rmtF	qnrS1	-	sul1	4	1
ERR10738744	Klebsiella pneumoniae	ST231	TEM-1D.v1^	CTX-M-15	-	aac(6')-Ib;aadA2^;rmtF	-	tet(B).v2*	sul1	1	1
ERR10738831	Klebsiella pneumoniae	ST65	-	-	-	-	-	-	-	4	0
ERR10738841	Klebsiella pneumoniae	ST1710	TEM-1D.v1^	CTX-M-15	-	strA.v1^;strB.v1	qnrS1	tet(A).v1	sul2	0	1
ERR10738843	Klebsiella pneumoniae	ST1710	TEM-1D.v1^	CTX-M-15	-	strA.v1^;strB.v1	qnrS1	tet(A).v1	sul2	0	1
ERR10738858	Klebsiella pneumoniae	ST3113	-	CTX-M-15	NDM-1	-	qnrS1	-	-	0	2
ERR10738871	Klebsiella pneumoniae	ST3113	-	CTX-M-15	-	-	qnrS1	-	-	0	1
ERR10738895	Klebsiella pneumoniae	ST1710	TEM-1D.v1^	CTX-M-15	-	strA.v1^;strB.v1	qnrS1	tet(A).v1	sul2	0	1
ERR10738924	Klebsiella pneumoniae	ST437	TEM-1D.v1^	CTX-M-15	NDM-5;OXA-232	rmtB	-	-	sul1	1	2
ERR10738945	Klebsiella pneumoniae	ST437	TEM-1D.v1^	CTX-M-15	NDM-1;OXA-232	aac(6')-Ib'.v1;aadA*;aph(3')-VIa*;aph3-Ia.v1^;rmtF	qnrS1	tet(G).v1	sul1	1	2
ERR10738949	Klebsiella pneumoniae	ST500	-	CTX-M-15	-	strA.v1;strB.v1	-	-	-	0	1
ERR10765182	Klebsiella pneumoniae	ST1741	-	CTX-M-15	-	-	qnrS1	-	-	0	1
ERR10765187	Klebsiella pneumoniae	ST2938	TEM-1D.v1^	CTX-M-15	-	strB.v1	qnrS1	tet(A).v1	sul2	0	1
ERR10765198	Klebsiella pneumoniae	ST22	OXA-1;TEM-1D.v1^	CTX-M-15	-	aac(3)-IIa.v1^;aac(6')-Ib-cr.v2;strA.v1^;strB.v1	qnrB1.v2^	-	sul2	1	1
ERR10765225	Klebsiella pneumoniae	ST243	TEM-1D.v1^	CTX-M-15	-	aac(3)-IIa.v1;aadA^	-	tet(A).v1	-	0	1
ERR10765226	Klebsiella pneumoniae	ST2167	OXA-1;TEM-1D.v1^	CTX-M-15	-	aac(3)-IIa.v1^;aac(6')-Ib-cr.v2;aadA16*	qnrB6^	-	sul1;sul1;sul2	0	1
ERR10765242	Klebsiella pneumoniae	ST1198	TEM-1D.v1^	CTX-M-15	-	aac(3)-IId^;aac(6')-Ib-cr.v2;aadA16*;strA.v1*;strB.v1*	qnrS1	tet(A).v1*	sul1;sul2	0	1
ERR10765267	Klebsiella pneumoniae	ST2668	TEM-1D.v1^	CTX-M-15	-	strB.v1	qnrS1	-	sul2	0	1
ERR10765269	Klebsiella pneumoniae	ST34	LAP-2	CTX-M-14	-	aac(3)-IId^;strA.v1^;strB.v1	qnrS1	tet(A).v1;tet(D)	sul1;sul2	0	1
ERR10765278	Klebsiella pneumoniae	ST584	TEM-1D.v1^	CTX-M-15	-	strA.v1^;strB.v1	qnrB1.v2^	-	sul2	0	1
ERR10765319	Klebsiella pneumoniae	ST3717	TEM-1D.v1^	CTX-M-15	-	aac(6')-Ib-cr.v2;aadA16*;strA.v1*;strB.v1*	qnrB6^	-	sul1;sul1;sul2	0	1
ERR10765332	Klebsiella quasipneumoniae subsp. quasipneumoniae	ST526	TEM-1D.v1^	CTX-M-15	-	strB.v1	qnrS1	tet(A).v1	sul2	0	1
ERR10765342	Klebsiella pneumoniae	ST1741	-	CTX-M-15	-	-	qnrS1	-	-	0	1
ERR10765414	Klebsiella pneumoniae	ST966	-	-	-	strA.v1;strB.v1	-	-	sul2	0	0
ERR10765421	Klebsiella pneumoniae	ST3108-1LV	TEM-1D.v1^	CTX-M-15	-	strB.v1	qnrS1	tet(A).v1	sul2	0	1
ERR10765431	Klebsiella pneumoniae	ST3559	OXA-1;TEM-1D.v1^	CTX-M-15	-	aac(3)-IIa.v1^;aac(6')-Ib-cr.v2;strA.v1^;strB.v1	qnrB1.v2^	tet(A).v1	sul2	0	1
ERR10765462	Klebsiella pneumoniae	ST966	-	-	-	strA.v1;strB.v1	-	tet(D)	sul2	0	0
ERR10765466	Klebsiella pneumoniae	ST3717	TEM-1D.v1^	-	-	aac(6')-Ib-cr.v2;aadA16*;strA.v1*;strB.v1*	qnrB6^	-	sul1;sul1;sul2	0	0
ERR10765490	Klebsiella pneumoniae	ST1207	TEM-1D.v1^	CTX-M-15	-	aac(3)-IId^;strA.v1*;strB.v1*	qnrB1.v1	-	sul2	1	1
ERR10765540	Klebsiella pneumoniae	ST4083	OXA-1;TEM-1D.v1^	CTX-M-15	-	aac(3)-IIa.v1^;aac(6')-Ib-cr.v2;strA.v1^;strB.v1	qnrB1.v2^	tet(A).v1	sul2	0	1
ERR10765545	Klebsiella pneumoniae	ST4083	OXA-1;TEM-1D.v1^	CTX-M-15	-	aac(3)-IIa.v1^;aac(6')-Ib-cr.v2;strA.v1^;strB.v1	qnrB1.v2^	tet(A).v1	sul2	0	1
ERR10765547	Klebsiella pneumoniae	ST3559	OXA-1;TEM-1D.v1^	CTX-M-15	-	aac(3)-IIa.v1^;aac(6')-Ib-cr.v2;strA.v1^;strB.v1	qnrB1.v2^	tet(A).v1	sul2	0	1
ERR10765615	Klebsiella pneumoniae	ST48	OXA-1;TEM-1D.v1^	CTX-M-15	-	aac(3)-IIa.v1^;aac(6')-Ib-cr.v2;aadA2^;strA.v1^;strB.v1	-	tet(A).v1	sul1;sul2^	1	1
ERR10765625	Klebsiella pneumoniae	ST1418	TEM-1D.v1^	CTX-M-15	-	aac(3)-IIa.v1;strA.v1*;strB.v1*	qnrD1	tet(D);tet(J)*	sul2	1	1
ERR10765661	Klebsiella pneumoniae	ST29-1LV	TEM-1D.v1^	CTX-M-15	-	aac(3)-IId^	-	-	sul2	0	1
ERR10765669	Klebsiella pneumoniae	ST1198	TEM-1D.v1^	CTX-M-15	-	strA.v1^;strB.v1	qnrB1.v2^	tet(A).v1	sul2	1	1
ERR10765676	Klebsiella pneumoniae	ST551	TEM-1D.v1^	CTX-M-15	-	aac(3)-IIa.v1^;strA.v1^;strB.v1	qnrB1.v2^	tet(A).v1	sul2	0	1
ERR10765685	Klebsiella pneumoniae	ST2268	TEM-1D.v1^	CTX-M-15	-	strA.v1^;strB.v1	qnrS1	tet(A).v1	sul2	0	1
ERR10765739	Klebsiella pneumoniae	ST34	LAP-2	CTX-M-14	-	aac(3)-IId^;strA.v1^;strB.v1	qnrS1	tet(A).v1;tet(D)	sul1;sul2	0	1
ERR10765757	Klebsiella pneumoniae	ST2793	OXA-1;SCO-1;TEM-1D.v1^	CTX-M-15	-	aac(3)-IIa.v1;aac(6')-Ib-cr.v2;aadA^;strB.v1	qnrS1	-	sul1^;sul2	0	1
ERR10765774	Klebsiella pneumoniae	ST393	TEM-1D.v1^	CTX-M-15	-	aac(3)-IId^;strA.v1;strB.v1	-	-	sul2	0	1
ERR10765782	Klebsiella pneumoniae	ST13	-	CTX-M-15	-	aac(3)-IIa.v1;aac(6')-Ib-cr.v2;aadA16*;strA.v1*;strB.v1*	qnrB6^	tet(D)	sul1;sul2	0	1
ERR10766018	Klebsiella pneumoniae	ST3559	OXA-1;TEM-1D.v1^	CTX-M-15	-	aac(3)-IIa.v1^;aac(6')-Ib-cr.v2;strA.v1^;strB.v1	qnrB1.v2^	tet(A).v1	sul2	0	1
ERR10766070	Klebsiella pneumoniae	ST101	TEM-1D.v1^	CTX-M-15	-	aac(3)-IId^	-	tet(D)	sul2	0	1
ERR10766156	Klebsiella pneumoniae	ST1037-1LV	TEM-1D.v1^	CTX-M-15	-	aac(3)-IIa.v1;aac(6')-Ib-cr.v2;aadA16*;aph3-Ia.v1^;strA.v1*;strB.v1*	qnrB6^	tet(D)	sul1;sul1;sul2	0	1
ERR10766159	Klebsiella quasipneumoniae subsp. similipneumoniae	ST1016-2LV	OXA-1;TEM-1D.v1^	CTX-M-15	-	aac(3)-IIa.v1^;aac(6')-Ib-cr.v2;strA.v1;strB.v1	qnrS1	tet(A).v1	sul2	0	1
ERR10766162	Klebsiella pneumoniae	ST29-1LV	LAP-2;TEM-1D.v1^	CTX-M-14	-	aac(3)-IId^;strA.v1^;strB.v1	qnrS1	tet(A).v1;tet(D)	sul1;sul2	0	1
ERR10766175	Klebsiella variicola subsp. variicola	ST454	-	CTX-M-15	-	-	qnrS1	-	-	0	1
ERR10766316	Klebsiella variicola subsp. variicola	ST597	TEM-1D.v1^	CTX-M-15	-	aadA*;aadA5;sat-2;strA.v1^;strB.v1	qnrS1	tet(D)	sul1;sul2	0	1
ERR10766327	Klebsiella quasipneumoniae subsp. similipneumoniae	ST1308	TEM-1D.v1^	CTX-M-15	-	strA.v1^;strB.v1	qnrS1	tet(A).v1	sul2	0	1
ERR10766368	Klebsiella pneumoniae	ST132-1LV	-	CTX-M-15	-	-	qnrS1	-	-	0	1
ERR10766381	Klebsiella pneumoniae	ST29-1LV	LAP-2;TEM-1D.v1^	CTX-M-14	-	strA.v1^;strB.v1	qnrS1	tet(A).v1;tet(D)	sul1;sul2	0	1
ERR10766395	Klebsiella quasipneumoniae subsp. similipneumoniae	ST2478	TEM-1D.v1^	CTX-M-15	-	strB.v1	qnrS1	-	sul2	0	1
ERR10766398	Klebsiella pneumoniae	ST22	OXA-1;TEM-1D.v1^	CTX-M-15	-	aac(6')-Ib-cr.v2;aadA1.v1^;aadA2^	qnrS1	tet(D)	sul1;sul2	0	1
ERR10767470	Klebsiella pneumoniae	ST1741	-	CTX-M-15	-	-	qnrS1	-	-	0	1
ERR10767487	Klebsiella pneumoniae	ST4480	TEM-1D.v1^	-	-	aac(3)-IId^;strA.v1*;strB.v1*	qnrB6^	tet(D)	sul1;sul2	0	0
ERR10767547	Klebsiella pneumoniae	ST628	OXA-1;TEM-1D.v1^	CTX-M-15	-	aac(3)-IIa.v1^;aac(6')-Ib-cr.v2;strA.v1^;strB.v1	qnrB1.v2^	tet(A).v1	sul2	0	1
ERR10767553	Klebsiella pneumoniae	ST2938	TEM-1D.v1^	CTX-M-15	-	strB.v1	qnrS1	tet(A).v1	sul2	0	1
ERR10767570	Klebsiella pneumoniae	ST628	OXA-1;TEM-1D.v1^	CTX-M-15	-	aac(3)-IIa.v1^;aac(6')-Ib-cr.v2;strA.v1^;strB.v1	qnrB1.v2^	-	sul2	0	1
ERR10767684	Klebsiella pneumoniae	ST1741	-	CTX-M-15	-	-	qnrS1	-	-	0	1
ERR10767713	Klebsiella pneumoniae	ST2054	-	-	-	strA.v1;strB.v1	-	tet(D)	sul2	0	0
ERR10767716	Klebsiella pneumoniae	ST2054	-	-	-	strA.v1;strB.v1	-	tet(D)	sul2	0	0
ERR10767724	Klebsiella pneumoniae	ST2668	TEM-1D.v1^	CTX-M-15	-	strB.v1	qnrS1	-	sul2	0	1
ERR10767755	Klebsiella pneumoniae	ST3586	TEM-1D.v1^	-	-	strA.v1^;strB.v1	qnrS1	tet(D)	sul2	0	0
ERR10767759	Klebsiella pneumoniae	ST2471	TEM-1D.v1^	CTX-M-15	-	strA.v1^;strB.v1	qnrS1	tet(A).v1	sul2	0	1
ERR10767777	Klebsiella pneumoniae	ST307	TEM-1D.v1^	CTX-M-15	-	aac(3)-IIa.v1^;strA.v1^;strB.v1	-	-	sul2	1	1
ERR10775943	Klebsiella pneumoniae	ST133	-	-	OXA-48	-	-	-	-	2	2
ERR10775991	Klebsiella pneumoniae	ST405	-	CTX-M-15	OXA-48	strA.v1^	-	-	sul2	1	2
ERR10775999	Klebsiella pneumoniae	ST405	OXA-1;TEM-1D.v1^	CTX-M-15	OXA-48	aac(3)-IIa.v1^;aac(6')-Ib-cr.v2;strA.v1^;strB.v1	qnrB1.v2^	-	sul2	1	2
ERR10793210	Klebsiella pneumoniae	ST437	-	CTX-M-15	OXA-48	armA	-	-	sul1	3	2
ERR10793258	Klebsiella pneumoniae	ST1248	-	TEM-52^	-	aac(6')-Ib-cr.v2;aadA16*	qnrB6^	tet(A).v1*	sul1;sul1	0	1
ERR10793347	Klebsiella pneumoniae	ST788	OXA-1;TEM-1D.v1^	CTX-M-15	-	aac(3)-IIa.v1^;aac(6')-Ib-cr.v2;strA.v1^;strB.v1	qnrB1.v2^	tet(A).v1	sul2	0	1
ERR10793364	Klebsiella pneumoniae	ST395-1LV	OXA-1;TEM-1D.v1^	CTX-M-15	NDM-1	aac(6')-Ib-cr.v2;aph(3')-VI;aph3-Ia.v1^	qnrS1	tet(A).v1	sul1	4	2
ERR10893818	Klebsiella pneumoniae	ST3132	OXA-1;SCO-1;TEM-1D.v1^	CTX-M-15	-	aac(3)-IIa.v1;aac(6')-Ib-cr.v2;aadA^	qnrS1	-	sul1^;sul2	0	1
ERR10893824	Klebsiella pneumoniae	ST45	OXA-1;TEM-1D.v1^	CTX-M-15	-	aac(6')-Ib-cr.v2;strA.v1^;strB.v1	qnrB1.v2^	-	sul2*	1	1
ERR10893826	Klebsiella pneumoniae	ST607	TEM-1D.v1^	CTX-M-15	-	aac(3)-IIa.v1;aac(6')-Ib-cr.v2;aadA16*	qnrB6^	-	sul1;sul1;sul2	0	1
ERR10893879	Klebsiella pneumoniae	ST901	-	SHV-164* +171A	-	-	-	tet(D)	sul2	0	1
ERR10893895	Klebsiella pneumoniae	ST4083	OXA-1;TEM-1D.v1^	CTX-M-15	-	aac(3)-IIa.v1^;aac(6')-Ib-cr.v2;strA.v1^;strB.v1	qnrB1.v2^	tet(A).v1	sul2	0	1
ERR10893942	Klebsiella pneumoniae	ST3559	OXA-1;TEM-1D.v1^	CTX-M-15	-	aac(3)-IIa.v1^;aac(6')-Ib-cr.v2;strA.v1^;strB.v1	qnrB1.v2^	tet(A).v1	sul2	0	1
ERR10893945	Klebsiella variicola subsp. variicola	ST3325-4LV	-	-	-	-	-	-	-	0	0
ERR10893963	Klebsiella pneumoniae	ST607	TEM-1D.v1^	CTX-M-15	-	aac(3)-IIa.v1;aac(6')-Ib-cr.v2;aadA16*	-	tet(D)	sul1;sul2	1	1
ERR10893974	Klebsiella pneumoniae	ST26-1LV	SCO-1;TEM-1D.v1^	CTX-M-15	-	aac(3)-IIa.v1;aadA^;strA.v1;strB.v1	-	tet(A).v1	sul1^;sul2	0	1
ERR10893988	Klebsiella pneumoniae	ST567	TEM-1D.v1^	CTX-M-15	-	aac(3)-IIa.v1	-	-	-	0	1
ERR10894001	Klebsiella pneumoniae	ST26-1LV	SCO-1;TEM-1D.v1^	CTX-M-15	-	aac(3)-IIa.v1;aadA^;strA.v1;strB.v1	-	tet(A).v1	sul1^;sul2	0	1
ERR10894026	Klebsiella pneumoniae	ST307	-	-	-	aac(6')-Ib-cr.v2;aadA16*	-	-	sul1;sul2	1	0
ERR10894061	Klebsiella pneumoniae	ST26-1LV	SCO-1;TEM-1D.v1^	CTX-M-15	-	aac(3)-IIa.v1;aadA^;strA.v1;strB.v1	-	tet(A).v1	sul1^;sul2	0	1
ERR10894067	Klebsiella pneumoniae	ST15	TEM-1D.v1^	CTX-M-15	-	aac(3)-IIa.v1^;strA.v1^;strB.v1	qnrB1.v2^	-	sul2	1	1
ERR10922569	Klebsiella pneumoniae	ST45	TEM-1D.v1^	CTX-M-15	OXA-48	strA.v1^;strB.v1	qnrB1.v2^	tet(A).v1	sul2	1	2
ERR10922581	Klebsiella pneumoniae	ST48	OXA-1;OXA-10;TEM-1D.v1^	CTX-M-15	OXA-48	aac(6')-Ib-cr.v2;aadA*;armA;strA.v1^;strB.v1	qnrB1.v2^	-	sul1;sul2	0	3
ERR10922780	Klebsiella pneumoniae	ST377	OXA-1	CTX-M-15	OXA-48	aac(3)-IIa.v1^;aac(6')-Ib-cr.v2;aadA^;strA.v1;strB.v1	-	-	sul1^;sul2	1	2
ERR10922826	Klebsiella pneumoniae	ST392	-	CTX-M-15	OXA-48	aac(3)-IIa.v1^;aadA5	qnrS1	-	sul1	1	2
ERR10992826	Klebsiella pneumoniae	ST1189	-	-	-	-	-	-	-	1	0
ERR10992854	Klebsiella variicola subsp. variicola	ST355-3LV	-	-	-	-	-	-	-	0	0
ERR10995391	Klebsiella pneumoniae	ST14-2LV	TEM-105*	-	-	aac(3)-IIa.v1	-	-	-	0	0
ERR11195379	Klebsiella pneumoniae	ST268	TEM-1D.v1^	CTX-M-15	-	aac(3)-IId^;strA.v1*;strB.v1*	qnrB1.v1	-	sul2	1	1
ERR11195406	Klebsiella pneumoniae	ST607	TEM-1D.v1^	CTX-M-15	-	aac(3)-IIa.v1;aac(6')-Ib-cr.v2;aadA16*	qnrB6^	-	sul1;sul1;sul2	1	1
ERR11525229	Klebsiella pneumoniae	ST1427	OXA-1;TEM-1D.v1^	CTX-M-15	-	aac(3)-IIa.v1^;aac(6')-Ib-cr.v2;strA.v1^;strB.v1	qnrB1.v2^	tet(A).v1	sul2	0	1
ERR11525251	Klebsiella pneumoniae	ST268	TEM-1D.v1^	CTX-M-15	-	aac(3)-IId^;strA.v1*;strB.v1*	qnrB1.v1	-	sul2	1	1
ERR11563872	Klebsiella pneumoniae	ST2039-2LV	-	-	-	-	-	tet(C)	-	0	0
ERR11566830	Klebsiella pneumoniae	ST280	OXA-1;TEM-1D.v1^	CTX-M-15	-	aac(3)-IIa.v1^;aac(6')-Ib-cr.v2;strA.v1^;strB.v1	qnrB1.v2^	tet(A).v1	sul2	0	1
ERR11578012	Klebsiella pneumoniae	ST147-1LV	-	-	-	aac(3)-IV;aph(4)-Ia;strA.v1*;strB.v1*	-	tet(D)	sul1;sul2	0	0
ERR11578030	Klebsiella pneumoniae	ST219	-	-	-	-	-	-	-	0	0
ERR11578050	Klebsiella variicola subsp. variicola	ST4202	-	-	-	-	-	-	-	0	0
ERR11578061	Klebsiella pneumoniae	ST1836	-	-	-	aadA^	-	-	sul1	0	0
ERR11578062	Klebsiella pneumoniae	ST76	TEM-1D.v1^	-	-	aac(3)-IId^;aadA5;strA.v1^;strB.v1*	-	tet(A).v1	sul1;sul2	0	0
ERR11578072	Klebsiella pneumoniae	ST4270	-	-	-	-	-	tet(D)	-	0	0
ERR11578080	Klebsiella variicola subsp. variicola	ST4010	-	-	-	-	-	-	-	0	0
ERR11578087	Klebsiella pneumoniae	ST1493	-	-	-	-	qnrS1	-	-	0	0
ERR11578098	Klebsiella pneumoniae	ST700	LAP-2	-	-	-	qnrS1	tet(A).v1	-	0	0
ERR11578105	Klebsiella pneumoniae	ST278	-	-	-	-	-	-	-	0	0
ERR11578132	Klebsiella quasipneumoniae subsp. similipneumoniae	ST356-2LV	-	-	-	-	-	-	-	0	0
ERR11578137	Klebsiella pneumoniae	ST2800	-	-	-	-	-	-	-	0	0
ERR11578138	Klebsiella pneumoniae	ST2800	-	-	-	-	-	-	-	0	0
ERR11578142	Klebsiella quasipneumoniae subsp. quasipneumoniae	ST4301	-	-	-	-	-	-	-	0	0
ERR11578147	Klebsiella variicola subsp. variicola	ST1478	-	-	-	-	-	-	-	0	0
ERR11578160	Klebsiella pneumoniae	ST4380	TEM-1D.v1^	-	-	strB.v1	-	tet(A).v1	sul2	5	0
ERR11578163	Klebsiella pneumoniae	ST2042	-	-	-	-	-	-	-	5	0
ERR11578167	Klebsiella pneumoniae	ST194	-	-	-	-	-	tet(D)^	-	0	0
ERR11578171	Klebsiella pneumoniae	ST4278	-	-	-	-	-	-	-	1	0
ERR11578174	Klebsiella pneumoniae	ST76	-	-	-	-	-	-	-	1	0
ERR11578191	Klebsiella variicola subsp. variicola	ST4365	-	-	-	-	-	-	-	0	0
ERR11578193	Klebsiella pneumoniae	ST107	-	-	-	-	-	-	-	0	0
ERR11578241	Klebsiella variicola subsp. variicola	ST601	-	-	-	-	-	-	-	0	0
ERR11578252	Klebsiella pneumoniae	ST107	-	-	-	-	-	-	-	0	0
ERR11578274	Klebsiella variicola subsp. variicola	ST3304	-	-	-	-	-	-	-	0	0
ERR11578295	Klebsiella pneumoniae	ST215	OXA-1;TEM-1D.v1^	CTX-M-15	-	aac(3)-IIa.v1^;aac(6')-Ib-cr.v2;strA.v1^;strB.v1^	qnrB1.v2^	tet(A).v1	sul2	1	1
ERR11578317	Klebsiella quasipneumoniae subsp. quasipneumoniae	ST4207	-	-	-	-	-	-	-	0	0
ERR11578342	Klebsiella pneumoniae	ST107	-	-	-	-	-	-	-	0	0
ERR11578346	Klebsiella pneumoniae	ST200	-	-	-	-	-	-	-	0	0
ERR11578369	Klebsiella pneumoniae	ST2791	-	-	-	-	-	-	-	0	0
ERR11578370	Klebsiella pneumoniae	ST636	-	-	-	-	-	-	-	0	0
ERR11578371	Klebsiella pneumoniae	ST1799	-	-	-	-	-	-	-	1	0
ERR11578388	Klebsiella pneumoniae	ST626	-	-	-	-	-	-	-	0	0
ERR11578395	Klebsiella pneumoniae	ST4264	-	-	-	-	-	-	-	4	0
ERR11578404	Klebsiella pneumoniae	ST252	-	-	-	-	-	-	-	0	0
ERR11578427	Klebsiella pneumoniae	ST359	-	-	-	-	-	-	-	0	0
ERR11578431	Klebsiella pneumoniae	ST241	-	-	-	-	-	-	-	0	0
ERR11578432	Klebsiella pneumoniae	ST105	-	-	-	-	-	-	-	1	0
ERR11578434	Klebsiella pneumoniae	ST247	-	-	-	-	-	-	-	0	0
ERR11578443	Klebsiella pneumoniae	ST3139	-	-	-	-	-	-	-	0	0
ERR11578444	Klebsiella quasipneumoniae subsp. quasipneumoniae	ST4326	-	-	-	-	-	-	-	0	0
ERR11578447	Klebsiella quasipneumoniae subsp. similipneumoniae	ST4226	-	-	-	-	-	-	-	0	0
ERR11578456	Klebsiella pneumoniae	ST4256	-	-	-	-	-	-	-	0	0
ERR11578459	Klebsiella pneumoniae	ST107	-	-	-	-	-	-	-	1	0
ERR11578495	Klebsiella variicola subsp. variicola	ST3086	-	-	-	-	-	-	-	0	0
ERR11578517	Klebsiella variicola subsp. variicola	ST4177	-	-	-	-	-	-	-	0	0
ERR11578543	Klebsiella pneumoniae	ST4073	-	-	-	-	-	-	-	0	0
ERR11578555	Klebsiella variicola subsp. variicola	ST3086	-	-	-	-	-	-	-	0	0
ERR11578566	Klebsiella pneumoniae	ST215	-	-	-	-	-	-	-	0	0
ERR11578567	Klebsiella pneumoniae	ST1661	-	-	-	-	-	-	-	1	0
ERR11578573	Klebsiella pneumoniae	ST105	TEM-1D.v1^	-	-	-	-	tet(D)	sul2	0	0
ERR11578603	Klebsiella variicola subsp. variicola	ST4170	-	-	-	-	-	-	-	0	0
ERR11578614	Klebsiella variicola subsp. variicola	ST1381	-	-	-	-	-	-	-	0	0
ERR11578629	Klebsiella pneumoniae	ST2952	-	-	-	-	-	-	-	0	0
ERR11578650	Klebsiella pneumoniae	ST1015	-	-	-	-	-	-	-	0	0
ERR11578656	Klebsiella pneumoniae	ST54	-	-	-	-	-	-	-	1	0
ERR11578697	Klebsiella variicola subsp. variicola	ST4157	-	-	-	-	-	-	-	0	0
ERR11578711	Klebsiella pneumoniae	ST584	-	-	-	-	-	-	-	0	0
ERR11578713	Klebsiella pneumoniae	ST1540	-	-	-	-	-	-	-	0	0
ERR11578740	Klebsiella pneumoniae	ST107	-	-	-	-	-	-	-	0	0
ERR11578757	Klebsiella pneumoniae	ST193	-	-	-	-	-	-	-	0	0
ERR11578764	Klebsiella pneumoniae	ST4276	-	-	-	-	-	-	-	0	0
ERR11578779	Klebsiella variicola subsp. variicola	ST4369	-	-	-	-	-	-	-	0	0
ERR11578781	Klebsiella pneumoniae	ST584	-	-	-	-	-	-	-	0	0
ERR11578813	Klebsiella pneumoniae	ST461	-	-	-	-	-	-	-	0	0
ERR11578835	Klebsiella pneumoniae	ST10	-	-	-	-	-	-	-	0	0
ERR11578845	Klebsiella pneumoniae	ST294	-	-	-	-	-	-	-	0	0
ERR11578847	Klebsiella pneumoniae	ST4270-1LV	-	-	-	-	-	-	-	0	0
ERR11578853	Klebsiella pneumoniae	ST25	TEM-1D.v1^	-	-	aph3-Ia.v1*?;strA.v1^;strB.v1	-	tet(D)	sul2	1	0
ERR11578856	Klebsiella pneumoniae	ST628	-	-	-	-	-	-	-	0	0
ERR11578871	Klebsiella pneumoniae	ST187	-	-	-	-	-	-	-	0	0
ERR11578880	Klebsiella quasipneumoniae subsp. similipneumoniae	ST414	-	-	-	-	-	-	-	1	0
ERR11578930	Klebsiella pneumoniae	ST107	-	-	-	-	-	-	-	0	0
ERR11578931	Klebsiella pneumoniae	ST45	-	-	-	-	-	-	-	1	0
ERR11578933	Klebsiella pneumoniae	ST1709	-	-	-	-	-	-	-	0	0
ERR11578939	Klebsiella pneumoniae	ST187	-	-	-	-	-	-	-	0	0
ERR11578951	Klebsiella quasipneumoniae subsp. quasipneumoniae	ST1642	-	-	-	aadA5	-	tet(A).v1	sul2	0	0
ERR11578961	Klebsiella pneumoniae	ST3659	-	-	-	-	-	-	-	1	0
ERR11578962	Klebsiella pneumoniae	ST704	-	-	-	-	-	-	-	1	0
ERR11578964	Klebsiella pneumoniae	ST107	-	-	-	-	-	-	-	0	0
ERR11578972	Klebsiella pneumoniae	ST940	-	-	-	-	-	-	-	0	0
ERR11578973	Klebsiella pneumoniae	ST321	-	-	-	-	-	-	-	0	0
ERR11578991	Klebsiella pneumoniae	ST107	-	-	-	-	-	-	-	0	0
ERR11578997	Klebsiella pneumoniae	ST107	-	-	-	-	-	-	-	0	0
ERR11579024	Klebsiella variicola subsp. variicola	ST4166	-	-	-	-	-	-	-	0	0
ERR11579030	Klebsiella variicola subsp. variicola	ST1562	-	-	-	-	-	-	-	0	0
ERR11579038	Klebsiella pneumoniae	ST461	-	-	-	-	-	-	-	0	0
ERR11579043	Klebsiella pneumoniae	ST36	-	-	-	-	-	tet(D)	sul2	0	0
ERR11579057	Klebsiella pneumoniae	ST901	-	-	-	-	-	-	-	0	0
ERR11579060	Klebsiella pneumoniae	ST107	-	-	-	-	-	-	-	0	0
ERR11579064	Klebsiella variicola subsp. variicola	ST146	-	-	-	-	-	-	-	0	0
ERR11579078	Klebsiella pneumoniae	ST107	-	-	-	-	-	-	-	0	0
ERR11579140	Klebsiella pneumoniae	ST4110	OXA-1;TEM-1D.v1^	CTX-M-15	-	strA.v1^;strB.v1	qnrB1.v2^	tet(A).v1	sul2	0	1
ERR11583320	Klebsiella pneumoniae	ST2494	-	-	-	-	-	-	-	0	0
ERR11592234	Klebsiella pneumoniae	ST39	-	-	KPC-2	-	-	-	-	0	2
ERR11592244	Klebsiella pneumoniae	ST39	OXA-10;TEM-1D.v1^	VEB-1	KPC-2	aadA*;ant(2'')-Ia;rmtB;strA.v1^;strB.v1	-	tet(A).v2;tet(D);tet(G).v1	sul2	1	3
ERR11592296	Klebsiella pneumoniae	ST258	-	-	KPC-2	aac(6')-Ib'.v1;aadA2^;aph3-Ia.v1^	-	-	sul1	1	3
ERR11592396	Klebsiella pneumoniae	ST2502	TEM-1D.v1^	-	KPC-3	armA	-	-	-	1	2
ERR11592421	Klebsiella pneumoniae	ST1519	-	-	KPC-3	aac(6')-Ib'.v1	-	-	-	0	2
ERR11592423	Klebsiella pneumoniae	ST512	-	-	KPC-3	aac(6')-Ib'.v1;aadA2^;aph3-Ia.v1^	-	-	sul1	0	2
ERR11592434	Klebsiella pneumoniae	ST1519	TEM-1D.v1^	-	KPC-3	aac(6')-Ib'.v1	-	-	-	0	2
ERR11592449	Klebsiella pneumoniae	ST1519	-	-	KPC-3*	aac(6')-Ib'.v1;aadA2^;aph3-Ia.v1^	-	-	sul1	0	2
ERR11592496	Klebsiella pneumoniae	ST14-3LV	-	CTX-M-15	KPC-3	aac(3)-IIa.v1^;aac(6')-Ib'.v1;aadA2	-	-	sul1	1	3
ERR11592630	Klebsiella pneumoniae	ST101	-	CTX-M-15	OXA-48	aac(3)-IIa.v1^;aac(6')-Ib-cr.v2	-	tet(D)	-	1	2
ERR11592675	Klebsiella pneumoniae	ST3360	OXA-1;TEM-1D.v1^	CTX-M-15	OXA-245	aac(6')-Ib-cr.v2;strA.v1^;strB.v1	qnrS1	-	sul2	0	2
ERR11592772	Klebsiella pneumoniae	ST405	TEM-1D.v1^	CTX-M-15	OXA-48	strA.v1^;strB.v1	qnrB1.v2^	-	sul2	0	2
ERR11592773	Klebsiella pneumoniae	ST405	TEM-1D.v1^	CTX-M-15	OXA-48	strA.v1^;strB.v1	qnrB1.v2^	-	sul2	1	2
ERR11592836	Klebsiella pneumoniae	ST340	-	-	VIM-1	aac(6')-Ib4^;aadA1.v1^;aadA2^;aph3-Ia.v1^;strA.v1^;strB.v1	-	-	sul1;sul2	0	2
ERR11592840	Klebsiella pneumoniae	ST2096	OXA-1;TEM-1D.v1^	CTX-M-15	OXA-232	aac(6')-Ib-cr.v2;aadA2^;armA*;sat-2	-	tet(D)	sul1	4	3
ERR11592862	Klebsiella pneumoniae	ST14	OXA-1;TEM-1D.v1^	CTX-M-15	OXA-48	aac(3)-IId^;aac(6')-Ib-cr.v2;aadA*;sat-2;strA.v1*;strB.v1*	-	-	sul1*;sul2	1	2
ERR11592882	Klebsiella pneumoniae	ST2943	OXA-1	-	NDM-1	aac(6')-Ib-cr.v2;aadA2^;aph(3')-VI;armA	qnrB1.v2^	-	sul1	1	2
ERR11631649	Klebsiella quasipneumoniae subsp. similipneumoniae	ST489	OXA-2	SHV-18	-	ant(2'')-Ia	-	-	sul1*	0	1
ERR11631953	Klebsiella quasipneumoniae subsp. similipneumoniae	ST489	OXA-2	SHV-18	-	ant(2'')-Ia	-	-	sul1*	0	1
ERR11631958	Klebsiella quasipneumoniae subsp. similipneumoniae	ST489	OXA-2	SHV-18	-	ant(2'')-Ia	-	-	sul1*	0	1
ERR11631968	Klebsiella pneumoniae	ST86	-	-	-	-	-	-	-	0	0
ERR11632395	Klebsiella pneumoniae	ST86	-	-	-	-	-	-	-	0	0
ERR11632492	Klebsiella pneumoniae	ST86	-	-	-	-	-	-	-	0	0
ERR11632557	Klebsiella pneumoniae	ST86	-	-	-	-	-	-	-	0	0
ERR11632786	Klebsiella pneumoniae	ST86	-	-	-	-	-	-	-	0	0
ERR11640546	Klebsiella quasipneumoniae subsp. similipneumoniae	ST489	OXA-2	SHV-18	-	ant(2'')-Ia	-	-	sul1*	0	1
ERR11741178	Klebsiella pneumoniae	ST420	-	-	-	-	-	-	-	4	0
ERR11741198	Klebsiella pneumoniae	ST660	-	-	-	-	-	-	-	4	0
ERR11741209	Klebsiella pneumoniae	ST65	-	-	-	-	-	-	-	5	0
ERR11741212	Klebsiella pneumoniae	ST23	-	-	-	-	-	-	-	5	0
ERR11741257	Klebsiella pneumoniae	ST65	-	-	-	-	-	-	-	3	0
ERR11748488	Klebsiella pneumoniae	ST2621	OXA-1	CTX-M-15	OXA-181	aac(6')-Ib-cr.v2;aadA16*;strA.v1*;strB.v1	qnrS1	-	sul1;sul2	1	2
ERR11748493	Klebsiella pneumoniae	ST2621	OXA-1	-	OXA-181	aac(6')-Ib-cr.v2;aadA16*;strA.v1*;strB.v1	qnrS1	-	sul1;sul2	1	2
ERR11748494	Klebsiella pneumoniae	ST2621	OXA-1	-	OXA-181	aac(6')-Ib-cr.v2;aadA16*;strA.v1*;strB.v1	qnrS1	-	sul1;sul2	1	2
ERR11748503	Klebsiella pneumoniae	ST2621	OXA-1	CTX-M-15	OXA-181	aac(6')-Ib-cr.v2;aadA16*;strA.v1*;strB.v1	qnrS1	-	sul1;sul2	1	2
ERR11748514	Klebsiella pneumoniae	ST2621	OXA-1	CTX-M-15	OXA-181	aac(6')-Ib-cr.v2;aadA16*;strA.v1*;strB.v1	qnrS1	-	sul1;sul2	1	2
ERR11748517	Klebsiella pneumoniae	ST2621	OXA-1	CTX-M-15	OXA-181	aac(6')-Ib-cr.v2;aadA16*;strA.v1*;strB.v1	qnrS1	-	sul1;sul2	1	2
ERR11748545	Klebsiella pneumoniae	ST2621	OXA-1	CTX-M-15	OXA-181	aac(6')-Ib-cr.v2;aadA16*;strA.v1*;strB.v1	qnrS1	-	sul1;sul2	1	2
ERR11748549	Klebsiella pneumoniae	ST39	TEM-1D.v1^	CTX-M-15	NDM-1	aac(3)-IIa.v1;aac(6')-Ib;rmtF*;strA.v1*;strB.v1*	qnrB1.v1	tet(D)	sul2	1	2
ERR11748551	Klebsiella pneumoniae	ST39	TEM-1D.v1^	CTX-M-15	NDM-1	aac(3)-IIa.v1;aac(6')-Ib;rmtF*;strA.v1*;strB.v1*	qnrB1.v1	tet(D)	sul2	1	2
ERR11748558	Klebsiella pneumoniae	ST2621	OXA-1	CTX-M-15	OXA-181	aac(6')-Ib-cr.v2;aadA16*;strA.v1*;strB.v1	qnrS1	-	sul1;sul2	1	2
ERR11748577	Klebsiella pneumoniae	ST2621	OXA-1	CTX-M-15	OXA-181	aac(6')-Ib-cr.v2;aadA16*;strA.v1*;strB.v1	qnrS1	-	sul1;sul2	1	2
ERR11748587	Klebsiella pneumoniae	ST2621	OXA-1	CTX-M-15	OXA-181	aac(6')-Ib-cr.v2;aadA16*;strA.v1*;strB.v1	qnrS1	-	sul1;sul2	1	2
ERR11748639	Klebsiella pneumoniae	ST39	TEM-1D.v1^	CTX-M-15	NDM-1	aac(3)-IIa.v1;aac(6')-Ib;rmtF*;strA.v1*;strB.v1*	qnrB1.v1	tet(D)	sul2	1	2
ERR11748647	Klebsiella pneumoniae	ST2621	OXA-1	CTX-M-15	OXA-181	aac(6')-Ib-cr.v2;aadA16*;strA.v1*;strB.v1	qnrS1	-	sul1;sul2	1	2
ERR11748650	Klebsiella pneumoniae	ST2621	OXA-1	CTX-M-15	OXA-181	aac(6')-Ib-cr.v2;aadA16*;strA.v1*;strB.v1	qnrS1	-	sul1;sul2	1	2
ERR11748653	Klebsiella pneumoniae	ST48	OXA-1	CTX-M-15	OXA-48	aac(3)-IIa.v1^;aac(6')-Ib-cr.v2;aadA2^;strA.v1^;strB.v1	-	-	sul1;sul2^	1	2
ERR11748662	Klebsiella pneumoniae	ST39	TEM-1D.v1^	CTX-M-15	NDM-1	aac(3)-IIa.v1;aac(6')-Ib;rmtF*;strA.v1*;strB.v1*	qnrB1.v1	tet(D)	sul2	1	2
ERR11748665	Klebsiella pneumoniae	ST2621	OXA-1	-	OXA-181	aac(6')-Ib-cr.v2;aadA16*;strA.v1*;strB.v1	qnrS1	-	sul1;sul2	1	2
ERR11748668	Klebsiella pneumoniae	ST2621	OXA-1	CTX-M-15	OXA-181	aac(6')-Ib-cr.v2;aadA16*;strA.v1*;strB.v1	qnrS1	-	sul1;sul2	1	2
ERR11748670	Klebsiella pneumoniae	ST2621	-	CTX-M-15	OXA-181	aac(6')-Ib-cr.v2;aadA16*	qnrS1	-	sul1	1	2
ERR11748690	Klebsiella pneumoniae	ST2621	OXA-1	CTX-M-15	OXA-181	aac(6')-Ib-cr.v2;aadA16*;strA.v1*;strB.v1	qnrS1	-	sul1;sul2	1	2
ERR11748700	Klebsiella pneumoniae	ST2621	OXA-1	CTX-M-15	OXA-181	aac(6')-Ib-cr.v2;aadA16*	qnrS1	-	sul1	1	2
ERR11748708	Klebsiella pneumoniae	ST2621	OXA-1	CTX-M-15	OXA-181	aac(6')-Ib-cr.v2;aadA16*;strA.v1*;strB.v1	qnrS1	-	sul1;sul2	1	2
ERR11748711	Klebsiella pneumoniae	ST2621	OXA-1	CTX-M-15	OXA-181	aac(6')-Ib-cr.v2;aadA16*;strA.v1*;strB.v1	qnrS1	-	sul1;sul2	1	2
ERR11748718	Klebsiella pneumoniae	ST502	OXA-1;SCO-1;TEM-1D.v1^	CTX-M-15	NDM-1	aac(3)-IIa.v1;aac(6')-Ib;aadA^;rmtF*	qnrB1.v1	-	sul1^	0	2
ERR11748731	Klebsiella pneumoniae	ST2621	OXA-1	CTX-M-15	OXA-181	aac(6')-Ib-cr.v2;aadA16*;strA.v1*;strB.v1	qnrS1	-	sul1;sul2	1	2
ERR11748737	Klebsiella pneumoniae	ST2621	OXA-1	CTX-M-15	OXA-181	aac(6')-Ib-cr.v2;aadA16*	qnrS1	-	sul1	1	2
ERR11748738	Klebsiella pneumoniae	ST2621	OXA-1	CTX-M-15	OXA-181	aac(6')-Ib-cr.v2;aadA16*;strA.v1*;strB.v1	qnrS1	-	sul1;sul2	1	2
ERR11748750	Klebsiella pneumoniae	ST2621	OXA-1	CTX-M-15	OXA-181	aac(6')-Ib-cr.v2;aadA16*;strA.v1*;strB.v1	qnrS1	-	sul1;sul2	1	2
ERR11748767	Klebsiella pneumoniae	ST3132	OXA-1;SCO-1;TEM-1D.v1^	CTX-M-15	NDM-1	aac(3)-IIa.v1;aac(6')-Ib;aadA^;rmtF*	qnrB1.v1;qnrS1	-	sul1^	0	2
ERR11748773	Klebsiella pneumoniae	ST2621	OXA-1	CTX-M-15	OXA-181	aac(6')-Ib-cr.v2;aadA16*;strA.v1*;strB.v1	qnrS1	-	sul1;sul2	1	2
ERR11748795	Klebsiella pneumoniae	ST39	TEM-1D.v1^	CTX-M-15	NDM-1	aac(3)-IIa.v1;aac(6')-Ib;rmtF*;strA.v1*;strB.v1*	qnrB1.v1	tet(D)	sul2	1	2
ERR11748807	Klebsiella pneumoniae	ST2621	OXA-1	CTX-M-15	OXA-181	aac(6')-Ib-cr.v2;aadA16*;strA.v1*;strB.v1	qnrS1	-	sul1;sul2	1	2
ERR11748823	Klebsiella pneumoniae	ST39	TEM-1D.v1^	CTX-M-15	NDM-1	aac(3)-IIa.v1;rmtF*;strA.v1*;strB.v1*	qnrB1.v1	tet(D)	sul2	1	2
ERR11748834	Klebsiella pneumoniae	ST39	OXA-1;TEM-1D.v1^	CTX-M-15	-	aac(6')-Ib-cr.v2;strA.v1^;strB.v1	qnrB1.v2^	tet(A).v1	sul2	1	1
ERR11748845	Klebsiella pneumoniae	ST2621	OXA-1	CTX-M-15	OXA-181	aac(6')-Ib-cr.v2;aadA16*;rmtF*;strA.v1*;strB.v1	qnrS1	-	sul1;sul2	1	2
ERR11748850	Klebsiella pneumoniae	ST637-3LV	SCO-1;TEM-1D.v1^	CTX-M-15	NDM-1	aac(3)-IIa.v1;aac(6')-Ib;aadA^;rmtF*	qnrB1.v1;qnrS1	-	sul1^	0	2
ERR11748853	Klebsiella pneumoniae	ST39	TEM-1D.v1^	CTX-M-15	NDM-1	aac(3)-IIa.v1;aac(6')-Ib;strA.v1*;strB.v1*	qnrB1.v1	tet(D)	sul2	1	2
ERR11748877	Klebsiella pneumoniae	ST2621	OXA-1	-	OXA-181	aac(6')-Ib-cr.v2;aadA16*;strA.v1*;strB.v1	qnrS1	-	sul1;sul2	1	2
ERR11748879	Klebsiella pneumoniae	ST985	OXA-1;TEM-1D.v1^	CTX-M-15	OXA-232	aac(6')-Ib-cr.v2;strA.v1^;strB.v1	qnrB1.v2^	tet(A).v1	sul2	1	2
ERR11748893	Klebsiella pneumoniae	ST48	CMY-4.v1;OXA-1	CTX-M-15	OXA-181	aac(3)-IIa.v1^;aac(6')-Ib-cr.v2;aadA2^;armA;strA.v1^;strB.v1?	-	-	sul1;sul2^	1	2
ERR11748894	Klebsiella pneumoniae	ST48	CMY-4.v1;OXA-1	CTX-M-15	OXA-181	aac(3)-IIa.v1^;aac(6')-Ib-cr.v2;aadA2^;armA;strA.v1^;strB.v1	-	-	sul1;sul2^	1	2
ERR11748896	Klebsiella pneumoniae	ST48	CMY-4.v1;OXA-1	CTX-M-15	OXA-181	aac(3)-IIa.v1^;aac(6')-Ib-cr.v2;aadA2^;armA;strA.v1^;strB.v1	-	-	sul1;sul2^	1	2
ERR11759298	Klebsiella pneumoniae	ST101-1LV	OXA-9.v1	-	NDM-5;OXA-232	aac(6')-Ib'.v1;aadA*;aadA2^;rmtB	-	-	sul1	1	2
ERR11759314	Klebsiella pneumoniae	ST2096	OXA-1;TEM-1D.v1^	CTX-M-15	OXA-232	aac(6')-Ib-cr.v2;aadA2^;armA	-	tet(D)	sul1	4	3
ERR11759321	Klebsiella pneumoniae	ST2882	DHA-1;OXA-1;OXA-9.v1;TEM-1D.v1^	CTX-M-15	OXA-181	aac(3)-IId^;aac(6')-Ib-cr.v2*;aadA^;sat-2;strA.v1;strB.v1	qnrB4	-	sul1;sul2	1	2
ERR11759330	Klebsiella pneumoniae	ST152	OXA-10*;RSA-1*;TEM-1D.v1^	CTX-M-15	NDM-5;OXA-181	aadA2^;rmtB;strA.v1;strB.v1	-	tet(A).v1	sul1	0	2
ERR11759339	Klebsiella pneumoniae	ST29-1LV	TEM-1D.v1^	CTX-M-15	-	strA.v1^;strB.v1	qnrS1	tet(A).v1	sul2	1	1
ERR11759348	Klebsiella pneumoniae	ST3345	-	-	-	-	-	-	-	0	0
ERR11759361	Klebsiella pneumoniae	ST15	OXA-1;TEM-1D.v1^	CTX-M-15	-	aac(6')-Ib-cr.v2;aadA2^;aph3-Ia.v1^	-	tet(A).v1	sul1	0	1
ERR11759378	Klebsiella pneumoniae	ST437	TEM-1D.v1^	-	NDM-5;OXA-232	rmtB	-	-	sul1	1	2
ERR11759380	Klebsiella pneumoniae	ST76-3LV	OXA-1	-	KPC-2	aac(3)-IIa.v1^;aac(6')-Ib-cr.v2	qnrB1.v2^	-	-	0	2
ERR11759383	Klebsiella pneumoniae	ST628	-	-	-	-	-	-	-	0	0
ERR11759384	Klebsiella pneumoniae	ST2426	-	-	-	-	-	-	-	0	0
ERR11759395	Klebsiella pneumoniae	ST661	-	-	-	aadA5	-	tet(D)	sul1;sul2^	0	0
ERR11759413	Klebsiella pneumoniae	ST392	OXA-1;TEM-1D.v1^	CTX-M-15	-	aac(6')-Ib-cr.v2;strA.v1^;strB.v1	qnrB1.v2^	tet(A).v1	sul2	0	1
ERR11759424	Klebsiella quasipneumoniae subsp. quasipneumoniae	ST668	OXA-1;TEM-1D.v1^	CTX-M-15	NDM-5	aac(3)-IIa.v1^;aac(6')-Ib-cr.v2;strA.v1^;strB.v1	qnrB1.v2^	-	sul2	0	2
ERR11759426	Klebsiella quasipneumoniae subsp. quasipneumoniae	ST668-1LV	OXA-1;TEM-1D.v1^	CTX-M-15	NDM-5	aac(3)-IIa.v1^;aac(6')-Ib-cr.v2;strA.v1^;strB.v1	qnrB1.v2^	-	sul2	0	2
ERR11786071	Klebsiella pneumoniae	ST23	-	-	-	-	-	-	-	5	0
ERR11788361	Klebsiella pneumoniae	ST20	TEM-1D.v1^	-	KPC-3	-	-	-	-	0	3
ERR11788402	Klebsiella pneumoniae	ST20	TEM-1D.v1^	-	KPC-3	-	-	-	-	0	3
ERR11807207	Klebsiella variicola subsp. variicola	ST2790	ACC-1	-	VIM-1	aac(6')-Ib4^;aadA1.v1^;strA.v1;strB.v1	qnrD1	-	-	1	2
ERR11818268	Klebsiella pneumoniae	ST323	OXA-10;TEM-1D.v1^	VEB-1	KPC-2;VIM-1	aac(6')-Il;ant(2'')-Ia;aph3-Ia.v1^;rmtB;strB.v1	qnrS1	tet(A).v2;tet(G).v1	sul2	1	2
ERR11818290	Klebsiella pneumoniae	ST323	OXA-10;TEM-1D.v1^	VEB-1	KPC-2	aadA*;ant(2'')-Ia;aph3-Ia.v1^;rmtB;strA.v1^	qnrS1	tet(G).v1	sul2	1	2
ERR11818297	Klebsiella pneumoniae	ST39	TEM-1D.v1^	-	KPC-2;VIM-1	aac(3)-IId^;aac(6')-Ib'.v1;aac(6')-Il;aph3-Ia.v1^;strB.v1	qnrS1	tet(A).v2	sul1;sul2;sul3	1	3
ERR11818298	Klebsiella pneumoniae	ST323	OXA-10	VEB-1*	KPC-2	aadA*;ant(2'')-Ia;aph3-Ia.v1^;strB.v1	qnrS1	tet(A).v2	sul2	1	2
ERR11818299	Klebsiella pneumoniae	ST323	OXA-10	VEB-1*	KPC-2	aadA*;ant(2'')-Ia;aph3-Ia.v1^;strB.v1	qnrS1	tet(A).v2	sul2	1	2
ERR11818343	Klebsiella pneumoniae	ST11	OXA-1;TEM-1D.v1^	CTX-M-15	NDM-1	aac(3)-IIa.v1^;aac(6')-Ib-cr.v2;aph3-Ia.v1^;strA.v1^;strB.v1	-	-	sul2	1	3
ERR11818369	Klebsiella pneumoniae	ST39	-	-	KPC-2	-	-	tetM.v1*	-	1	3
ERR11818379	Klebsiella pneumoniae	ST323	OXA-10;TEM-1D.v1^	VEB-1*	KPC-2	aadA*;ant(2'')-Ia;aph3-Ia.v1^;rmtB;strB.v1	qnrS1	tet(A).v2;tet(G).v1	sul2	1	2
ERR1191578	Klebsiella pneumoniae	ST1890	CMY-6;OXA-1;TEM-1D.v1^	-	NDM-1	aac(6')-Ib-cr.v1^;rmtC;strA.v1^;strB.v1	-	-	sul1^;sul2*	0	3
ERR11968349	Klebsiella pneumoniae	ST336	TEM-1D.v1^	CTX-M-15	-	aac(6')-Ib-cr.v2;strA.v1^;strB.v1	qnrB1.v2^	tet(A).v1	sul2	1	1
ERR11968394	Klebsiella quasipneumoniae subsp. similipneumoniae	ST367	TEM-1D.v1^	CTX-M-15	-	strB.v1	qnrS1	tet(A).v1	sul2	0	1
ERR11968446	Klebsiella pneumoniae	ST1808	TEM-1D.v1^	CTX-M-15	-	strB.v1	qnrS1	tet(A).v1	sul2	0	1
ERR11968462	Klebsiella quasipneumoniae subsp. similipneumoniae	ST1584	TEM-1D.v1^	CTX-M-15	-	strB.v1	qnrS1	tet(A).v1	sul2	0	1
ERR12019266	Klebsiella pneumoniae	ST97-2LV	-	-	-	-	-	-	-	1	0
ERR12019273	Klebsiella quasipneumoniae subsp. similipneumoniae	ST1924-1LV	-	-	OXA-48	-	qnrD1	-	-	0	2
ERR12019282	Klebsiella quasipneumoniae subsp. similipneumoniae	ST638	-	-	KPC-2	aac(3)-IId^;aac(3)-IV;aac(6')-Ib'.v1;aadA*;aph(4)-Ia	qnrS1	-	-	0	2
ERR1204150	Klebsiella pneumoniae	ST3010	TEM-1D.v1^	CTX-M-15	-	strA.v1^;strB.v1	qnrB1.v2^	tet(A).v1	sul2	0	1
ERR1204161	Klebsiella pneumoniae	ST3010	TEM-1D.v1^	CTX-M-15	-	strA.v1^;strB.v1	qnrB1.v2^	tet(A).v1	sul2	0	1
ERR1204163	Klebsiella pneumoniae	ST3010	TEM-1D.v1^	CTX-M-15	-	strA.v1^;strB.v1	qnrB1.v2^	tet(A).v1	sul2	0	1
ERR1204824	Klebsiella pneumoniae	ST12	-	-	-	-	-	-	-	0	0
ERR1204840	Klebsiella pneumoniae	ST113	-	-	-	-	-	-	-	1	0
ERR1204852	Klebsiella pneumoniae	ST11	DHA-1;OXA-1;OXA-9.v1;TEM-1D.v1^	CTX-M-15	-	aac(3)-IIa.v1^;aac(6')-Ib'.v1;aadA*;aadA2^	qnrB4	-	sul1;sul1	1	1
ERR1204854	Klebsiella pneumoniae	ST11	DHA-1;OXA-1;OXA-9.v1;TEM-1D.v1^	CTX-M-15	-	aac(3)-IIa.v1^;aac(6')-Ib'.v1;aadA*;aadA2^	qnrB4	-	sul1;sul1	1	1
ERR1204921	Klebsiella pneumoniae	ST234	-	-	-	-	-	-	-	0	0
ERR1204946	Klebsiella pneumoniae	ST340	OXA-1;TEM-1D.v1^	CTX-M-15	-	aac(3)-IId^;aac(6')-Ib-cr.v2;aadA2;strA.v1^;strB.v1	-	tet(D)*	sul1;sul2	0	1
ERR1204978	Klebsiella pneumoniae	ST3650	OXA-1;TEM-1D.v1^	CTX-M-15	-	aac(3)-IIa.v1^;aac(6')-Ib-cr.v2;aadA*;strA.v1^;strB.v1	qnrB1.v2^	-	sul2	0	1
ERR1205014	Klebsiella pneumoniae	ST704	OXA-1;TEM-1D.v1^	CTX-M-15	-	aac(3)-IIa.v1^;aac(6')-Ib-cr.v2;aadA*;strA.v1^;strB.v1	qnrB1.v2^	-	sul2	1	1
ERR1205054	Klebsiella pneumoniae	ST218	OXA-1;TEM-1D.v1^	CTX-M-15	OXA-48	aac(3)-IIa.v1^;aac(6')-Ib-cr.v2;aadA^;sat-2	-	tet(A).v1	sul1	4	2
ERR12058238	Klebsiella pneumoniae	ST584	OXA-1;TEM-1D.v1^	CTX-M-15	-	aac(3)-IIa.v1^;aac(6')-Ib-cr.v2;strA.v1^;strB.v1	qnrB1.v2^	-	sul2	0	1
ERR12058252	Klebsiella pneumoniae	ST4023	-	CTX-M-15	-	aadA2^;aph3-Ia.v1^;strA.v1*;strB.v1*	qnrS1	tet(A).v1	sul1;sul2	1	1
ERR12058268	Klebsiella variicola subsp. variicola	ST357-1LV	-	-	-	-	-	-	-	0	0
ERR12058315	Klebsiella quasipneumoniae subsp. similipneumoniae	ST1224	-	CTX-M-15	-	aac(3)-IIa.v1^;strB.v1	qnrB1.v2^	tet(A).v1	sul2	0	1
ERR12058321	Klebsiella pneumoniae	ST14	TEM-1D.v1^	CTX-M-15	-	aac(3)-IId^	-	-	sul1;sul2	0	1
ERR12058328	Klebsiella pneumoniae	ST39	OXA-1;TEM-1D.v1^	CTX-M-15	-	aac(3)-IIa.v1^;aac(6')-Ib-cr.v2;strA.v1^;strB.v1	-	tet(A).v1	sul2	1	1
ERR12058337	Klebsiella pneumoniae	ST280	OXA-1;TEM-1D.v1^	CTX-M-15	-	aac(3)-IIa.v1^;aac(6')-Ib-cr.v2;strA.v1^;strB.v1	qnrB1.v2^	tet(A).v1	sul2	0	1
ERR12058343	Klebsiella pneumoniae	ST15	OXA-1;SCO-1;TEM-1D.v1^	CTX-M-15	-	aac(3)-IIa.v1;aac(6')-Ib-cr.v2;aadA^;strA.v1*;strB.v1*	qnrB2.v1^	tet(D)	sul2	1	1
ERR12058357	Klebsiella pneumoniae	ST39	OXA-1;TEM-1D.v1^	CTX-M-15	-	aac(3)-IIa.v1^;aac(6')-Ib-cr.v2;strA.v1^;strB.v1	-	tet(A).v1	sul2	1	1
ERR12058365	Klebsiella pneumoniae	ST874	OXA-1;TEM-1D.v1^	CTX-M-15	-	aac(3)-IIa.v1^;aac(6')-Ib-cr.v2;strA.v1^;strB.v1	qnrB1.v2^	-	sul2	1	1
ERR12058367	Klebsiella pneumoniae	ST76	TEM-1D.v1^	CTX-M-15	-	aac(3)-IId^	-	-	sul2	0	1
ERR12058383	Klebsiella pneumoniae	ST3412-3LV	TEM-1D.v1^;TEM-1D.v1^	-	-	aac(3)-IId^;strA.v1;strB.v1	-	tet(D)	sul2	0	0
ERR12058414	Klebsiella pneumoniae	ST584	OXA-1;TEM-1D.v1^	CTX-M-15	-	aac(3)-IIa.v1^;aac(6')-Ib-cr.v2;strA.v1^;strB.v1	qnrB1.v2^	-	sul2	0	1
ERR12058457	Klebsiella pneumoniae	ST1414	TEM-1D.v1^	CTX-M-15	-	aac(3)-IId^;aac(6')-Ib-cr.v2*;aadA5;strA.v1^;strB.v1	qnrB1.v2^	-	sul1;sul2	0	1
ERR12058487	Klebsiella pneumoniae	ST4	OXA-1;SCO-1;TEM-1D.v1^	CTX-M-15	-	aac(3)-IIa.v1;aac(6')-Ib-cr.v2;aadA^	qnrS1	-	sul1^;sul2	0	1
ERR12058523	Klebsiella pneumoniae	ST340	LAP-2;OXA-1;OXA-10;TEM-1D.v1^	CTX-M-15	-	aac(6')-Ib-cr.v2;aadA*;aadA2	qnrS1	tet(D)	sul1;sul2	0	1
ERR12058526	Klebsiella pneumoniae	ST2601	TEM-1D.v1^	-	-	strA.v1^;strB.v1	-	-	sul2	0	0
ERR12058573	Klebsiella quasipneumoniae subsp. similipneumoniae	ST3318	TEM-1D.v1^	-	-	aadA2	-	-	sul1;sul2	0	0
ERR12058578	Klebsiella pneumoniae	ST3430	-	-	-	-	-	tet(D)	sul1	1	0
ERR12058584	Klebsiella pneumoniae	ST14	OXA-1;OXA-10	CTX-M-15	-	aac(3)-IIa.v1^;aac(6')-Ib-cr.v2;aadA*	qnrB1.v2^	-	sul2	1	1
ERR12058598	Klebsiella pneumoniae	ST1263	-	-	-	-	-	-	-	0	0
ERR12058631	Klebsiella pneumoniae	ST101	OXA-1;OXA-9.v1;TEM-1D.v1^	CTX-M-15	-	aac(3)-IIa.v1^;aac(6')-Ib-cr.v2;strA.v1*;strB.v1*	-	tet(D)	sul1;sul2	1	1
ERR12058634	Klebsiella pneumoniae	ST245-1LV	OXA-1;OXA-10;TEM-1D.v1^	CTX-M-15	-	aac(3)-IIa.v1^;aac(6')-Ib-cr.v2	-	-	sul2	0	1
ERR12058644	Klebsiella quasipneumoniae subsp. similipneumoniae	ST2144	OXA-1;TEM-1D.v1^	CTX-M-15	-	aac(3)-IId^;aac(6')-Ib-cr.v2;aadA2^;strA.v1^;strB.v1	qnrB1.v2^	tet(B).v2*	sul1;sul2	0	1
ERR12058749	Klebsiella pneumoniae	ST607	TEM-1D.v1^	CTX-M-15	-	aac(3)-IIa.v1;aac(6')-Ib-cr.v2;aadA16*;strB.v1*	-	-	sul1;sul2	1	1
ERR12058750	Klebsiella pneumoniae	ST1552	TEM-1D.v1^	CTX-M-15	-	aac(3)-IIa.v1;aadA1.v1^;strA.v1^;strB.v1	qnrB1.v2^	-	sul1;sul2	0	1
ERR12058755	Klebsiella pneumoniae	ST231	TEM-1D.v1^	CTX-M-15	-	aac(3)-IId^;aac(6')-Ib-cr.v2;aadA16*;strA.v1*;strB.v1*	-	tet(D)	sul1;sul2*	0	1
ERR12058827	Klebsiella pneumoniae	ST34	TEM-1D.v1^	-	-	strB.v1	-	tet(A).v1^	sul2	0	0
ERR12058838	Klebsiella quasipneumoniae subsp. similipneumoniae	ST334	OXA-10	CTX-M-15;SHV-12	-	aac(3)-IId^;aac(6')-Ib'.v1;strA.v1^;strB.v1*	qnrB1.v1	tet(D)	sul2	0	1
ERR12058839	Klebsiella pneumoniae	ST35	TEM-1D.v1^	CTX-M-15	-	aac(3)-IId^;aph3-Ia.v1^;strA.v1^;strB.v1	-	-	sul2*?	0	1
ERR12058847	Klebsiella quasipneumoniae subsp. similipneumoniae	ST334	-	SHV-12	-	aac(3)-IId^;strA.v1^;strB.v1*	qnrB1.v1	tet(D)	sul2	0	1
ERR12058853	Klebsiella pneumoniae	ST1552	TEM-1D.v1^	CTX-M-15	-	aac(3)-IIa.v1;aadA1.v1^;strA.v1^;strB.v1	qnrB1.v2^	tet(A).v1	sul1;sul2	0	1
ERR12058891	Klebsiella pneumoniae	ST391	TEM-1D.v1^	CTX-M-15	-	aac(3)-IId^;strA.v1^;strB.v1	-	-	-	1	1
ERR12058915	Klebsiella quasipneumoniae subsp. similipneumoniae	ST1699	-	-	-	aadA^	-	-	sul1^;sul2	0	0
ERR12058931	Klebsiella pneumoniae	ST463-1LV	-	-	-	-	-	-	-	0	0
ERR12058956	Klebsiella pneumoniae	ST231	OXA-10;SCO-1	TEM-131^	-	aac(3)-IIa.v1;aac(6')-Ib'.v1;strA.v1^;strB.v1	qnrB2.v1^	tet(A).v2	sul1;sul2	1	1
ERR12058961	Klebsiella pneumoniae	ST869	LAP-2	CTX-M-14	-	aac(3)-IId^	qnrS1	tet(A).v1	sul1	0	1
ERR12058994	Klebsiella pneumoniae	ST2072-1LV	TEM-1D.v1^	-	-	aac(3)-IId^;strA.v1;strB.v1	-	tet(D)	sul2	0	0
ERR12058999	Klebsiella pneumoniae	ST170	OXA-1;TEM-1D.v1^	CTX-M-15	-	aac(3)-IId^;aac(6')-Ib-cr.v2;aadA2^;aadA^;aph3-Ia.v1^;strB.v1	qnrB1.v2^	tet(B).v2*	sul2	0	1
ERR12059013	Klebsiella pneumoniae	ST391	TEM-1D.v1^	CTX-M-15	-	aac(3)-IId^;strA.v1^;strB.v1	-	-	-	0	1
ERR12059016	Klebsiella quasipneumoniae subsp. similipneumoniae	ST2489	TEM-105*	-	-	aac(3)-IId^;aadA2;strA.v1;strB.v1	-	tet(A).v1*	sul1*	0	0
ERR12059059	Klebsiella pneumoniae	ST73	TEM-1D.v1^	-	-	aadA4.v1*;strA.v1^;strB.v1	-	tet(D)	sul2	0	0
ERR12059099	Klebsiella pneumoniae	ST231	TEM-1D.v1^	CTX-M-15	-	aac(3)-IId^;aac(6')-Ib'.v1;aadA*;aadA2^;aph3-Ia.v1^	-	tet(B).v2*;tet(D)	sul1;sul2	1	1
ERR12059122	Klebsiella pneumoniae	ST268	SCO-1;TEM-1D.v1^	-	-	aac(3)-IIa.v1;strA.v1;strB.v1	-	-	sul1;sul2	5	0
ERR12059124	Klebsiella pneumoniae	ST4295	-	-	-	-	-	-	-	0	0
ERR12059127	Klebsiella pneumoniae	ST101	OXA-1;OXA-9.v1;TEM-1D.v1^	CTX-M-15	-	aac(3)-IIa.v1;aac(6')-Ib-cr.v2;strA.v1*;strB.v1*	-	tet(D)	sul1;sul2	1	1
ERR12059137	Klebsiella pneumoniae	ST4073	-	-	-	aadA^	-	tet(B).v2*	sul1	0	0
ERR12059144	Klebsiella pneumoniae	ST2280	SCO-1;TEM-1D.v1^	-	-	aac(3)-IIa.v1;strA.v1;strB.v1	-	-	sul2	0	0
ERR12059150	Klebsiella pneumoniae	ST107	TEM-1D.v1^	CTX-M-15	-	aac(3)-IId^	-	-	sul2	1	1
ERR12059152	Klebsiella pneumoniae	ST2280	SCO-1;TEM-1D.v1^	-	-	aac(3)-IIa.v1;strA.v1;strB.v1	-	-	sul2	0	0
ERR12059159	Klebsiella pneumoniae	ST429	OXA-1;TEM-1D.v1^	CTX-M-15	-	aac(3)-IId^;aac(6')-Ib-cr.v2;aadA2^;aph3-Ia.v1^;strA.v1^;strB.v1	-	tet(B).v2*	sul1;sul2	0	1
ERR12059171	Klebsiella pneumoniae	ST278	TEM-1D.v1^	-	-	strA.v1;strB.v1	-	tet(D)	sul1;sul2	0	0
ERR12059183	Klebsiella pneumoniae	ST17	TEM-1D.v1^	-	-	aac(3)-IIa.v1;strA.v1^;strB.v1	-	tet(D)	sul1;sul2	3	0
ERR12059191	Klebsiella quasipneumoniae subsp. similipneumoniae	ST2478	-	-	-	strB.v1	-	-	sul2	0	0
ERR12059196	Klebsiella variicola subsp. variicola	ST355	-	-	-	-	-	-	-	0	0
ERR12059197	Klebsiella variicola subsp. variicola	ST3029	-	-	-	-	-	-	-	0	0
ERR12059225	Klebsiella pneumoniae	ST348	-	-	-	strA.v1^;strB.v1	-	-	sul2*	1	0
ERR12059229	Klebsiella pneumoniae	ST101	TEM-1D.v1^	CTX-M-15	-	aac(3)-IId^;strA.v1;strB.v1	-	-	sul2	0	1
ERR12059234	Klebsiella pneumoniae	ST39	OXA-1;TEM-1D.v1^	CTX-M-15	-	aac(3)-IIa.v1^;aac(6')-Ib-cr.v2;strA.v1^;strB.v1	qnrB1.v2^	tet(A).v1*	sul2	1	1
ERR12059238	Klebsiella quasipneumoniae subsp. similipneumoniae	ST367	-	-	-	strB.v1	-	-	sul2	1	0
ERR12059240	Klebsiella pneumoniae	ST2648	-	-	-	-	-	tet(D)	sul2	0	0
ERR12059258	Klebsiella variicola subsp. variicola	ST641	-	-	-	-	-	-	-	0	0
ERR12059273	Klebsiella pneumoniae	ST268	SCO-1;TEM-1D.v1^	-	-	aac(3)-IIa.v1;aac(6')-Iaa;aadA1.v1^;strA.v1^;strB.v1	-	-	sul1	5	0
ERR12059291	Klebsiella pneumoniae	ST39	TEM-1D.v1^	-	-	aac(3)-IId^;strA.v1;strB.v1	-	tet(D)	sul2	0	0
ERR12059297	Klebsiella pneumoniae	ST2280	SCO-1;TEM-1D.v1^	-	-	aac(3)-IIa.v1;aadA^;strA.v1;strB.v1	-	tet(D)	sul1;sul2	0	0
ERR12059323	Klebsiella pneumoniae	ST896	OXA-1;TEM-1D.v1^	CTX-M-15	-	aac(3)-IId^;aac(6')-Ib-cr.v2;aadA2^;aph3-Ia.v1^;strA.v1^;strB.v1	qnrB1.v2^	tet(B).v2*	sul1	1	1
ERR12059340	Klebsiella pneumoniae	ST8	-	-	-	strA.v1*;strB.v1*	-	-	sul2	0	0
ERR12059361	Klebsiella pneumoniae	ST45-3LV	TEM-1D.v1^	CTX-M-15	-	aac(3)-IIa.v1;aadA2^;strA.v1^	-	-	sul1	1	1
ERR12059367	Klebsiella pneumoniae	ST391	OXA-10;TEM-1D.v1^	CTX-M-15	-	aac(3)-IId^;aadA*;strA.v1;strB.v1	-	tet(D)	sul1;sul2	0	1
ERR12059387	Klebsiella pneumoniae	ST3658	-	-	-	aadA2^	-	tet(A).v1	sul1;sul2	0	0
ERR12059411	Klebsiella variicola subsp. variicola	ST1166-1LV	-	-	-	-	-	-	-	0	0
ERR12059425	Klebsiella pneumoniae	ST1411	-	-	-	strA.v1;strB.v1	-	tet(D)	sul2	0	0
ERR12077972	Klebsiella pneumoniae	ST34	-	-	-	-	-	-	-	0	0
ERR12077985	Klebsiella variicola subsp. variicola	ST3477	-	-	-	-	-	-	-	0	0
ERR12077991	Klebsiella pneumoniae	ST29-1LV	-	-	-	-	-	-	-	0	0
ERR12077994	Klebsiella pneumoniae	ST1628	-	-	-	-	-	-	-	0	0
ERR12078025	Klebsiella pneumoniae	ST17	-	-	-	-	-	tet(D)	-	0	0
ERR12107226	Klebsiella pneumoniae	ST789	TEM-1D.v1^	CTX-M-15	-	aac(3)-IIa.v1;aac(6')-Ib-cr.v2;aadA16*;strA.v1*;strB.v1*	qnrB2.v1^	-	sul1;sul1;sul2	1	1
ERR12107254	Klebsiella pneumoniae	ST2570	TEM-1D.v1^	CTX-M-15	-	strA.v1^;strB.v1	qnrS1	tet(A).v1	sul2	0	1
ERR12107527	Klebsiella pneumoniae	ST3660	LAP-2;OXA-1;TEM-1D.v1^	CTX-M-15	-	aac(3)-IIa.v1^;aac(6')-Ib-cr.v2;aadA^	qnrS1	tet(A).v1	sul1	0	1
ERR12107531	Klebsiella pneumoniae	ST3660	LAP-2;OXA-1;TEM-1D.v1^	CTX-M-15	-	aac(3)-IIa.v1^;aac(6')-Ib-cr.v2;aadA^	qnrS1	tet(A).v1;tet(C)	sul1	0	1
ERR12107571	Klebsiella pneumoniae	ST2232	TEM-1D.v1^	CTX-M-15	-	-	qnrS1	tet(A).v1*	-	0	1
ERR12107636	Klebsiella pneumoniae	ST3248-1LV	OXA-1;TEM-1D.v1^	CTX-M-15	-	aac(3)-IIa.v1^;aac(6')-Ib-cr.v2;strA.v1^;strB.v1	qnrB1.v2^	tet(A).v1	sul2	0	1
ERR12107654	Klebsiella pneumoniae	ST3248-1LV	OXA-1;TEM-1D.v1^	CTX-M-15	-	aac(3)-IIa.v1^;aac(6')-Ib-cr.v2;strA.v1^;strB.v1	qnrB1.v2^	tet(A).v1	sul2	0	1
ERR12107671	Klebsiella pneumoniae	ST967	OXA-1;TEM-1D.v1^	CTX-M-15	-	aac(3)-IIa.v1^;aac(6')-Ib-cr.v2;aadA^	-	tet(A).v1	sul1^	0	1
ERR12107675	Klebsiella pneumoniae	ST399-1LV	TEM-1D.v1^	CTX-M-15	-	-	qnrS1	tet(A).v1*	-	0	1
ERR12107722	Klebsiella pneumoniae	ST24-2LV	LAP-2;MIR-15*;OXA-1;TEM-1D.v1^	CTX-M-14	-	aac(3)-IId^;aadA*;strA.v1^;strB.v1	qnrS1	tet(A).v1	sul1;sul2	0	1
ERR12107750	Klebsiella pneumoniae	ST1741	TEM-1D.v1^	CTX-M-15	-	aac(6')-Ib-cr.v2;strB.v1	qnrB6^;qnrS1	tet(D)	sul1;sul2	0	1
ERR12126733	Klebsiella pneumoniae	ST2690-1LV	AmpC1*	CTX-M-14;CTX-M-15	-	aac(3)-IId^;sat-2;strA.v1^;strB.v1	qnrS1	tet(A).v1;tet(B).v2*	sul1;sul2	0	1
ERR12126831	Klebsiella pneumoniae	ST73	SCO-1;TEM-1D.v1^	CTX-M-15	-	aac(3)-IIa.v1;aadA^	-	tet(C)	sul1	1	1
ERR12126839	Klebsiella pneumoniae	ST2390	SCO-1;TEM-1D.v1^	CTX-M-15	-	aac(3)-IIa.v1;aac(6')-Ib-cr.v2;aadA16*;strA.v1*;strB.v1*	qnrB6^	tet(A).v1	sul1;sul1;sul2	1	1
ERR12126882	Klebsiella pneumoniae	ST1741	-	CTX-M-15	-	-	qnrS1	-	-	0	1
ERR12126959	Klebsiella quasipneumoniae subsp. quasipneumoniae	ST338-3LV	-	CGA-1*	-	-	-	-	-	0	1
ERR12126999	Klebsiella pneumoniae	ST2390	TEM-1D.v1^	CTX-M-15	-	aac(3)-IIa.v1;aac(6')-Ib-cr.v2;aadA16*;strA.v1*;strB.v1*	qnrB6^	tet(A).v1	sul1;sul1;sul2	1	1
ERR12127034	Klebsiella pneumoniae	ST1741	-	CTX-M-15	-	-	qnrS1	-	-	0	1
ERR12127081	Klebsiella pneumoniae	ST2570	TEM-1D.v1^	CTX-M-15	-	strA.v1^;strB.v1	qnrS1	tet(A).v1	sul2	0	1
ERR12127083	Klebsiella pneumoniae	ST2570	TEM-1D.v1^	CTX-M-15	-	strA.v1^;strB.v1	qnrS1	tet(A).v1	sul2	0	1
ERR12127117	Klebsiella pneumoniae	ST1741	-	CTX-M-15	-	-	qnrS1	-	-	0	1
ERR12127177	Klebsiella pneumoniae	ST46-2LV	TEM-1D.v1^	CTX-M-15	-	aac(3)-IIa.v1;aadA^	-	tet(A).v1	sul1^	0	1
ERR12127187	Klebsiella pneumoniae	ST403	TEM-1D.v1^	CTX-M-15	-	strB.v1	qnrS1	tet(A).v1	sul2	0	1
ERR12127985	Klebsiella quasipneumoniae subsp. similipneumoniae	ST1304	LAP-2	CTX-M-55	-	aac(3)-IId^	qnrS1	tet(A).v1	sul2	0	1
ERR12127987	Klebsiella pneumoniae	ST1035	TEM-1D.v1^	CTX-M-3	-	-	-	-	-	0	1
ERR12132087	Klebsiella pneumoniae	ST458	-	-	-	-	-	-	-	1	0
ERR12132088	Klebsiella pneumoniae	ST534	-	-	-	-	-	-	-	0	0
ERR12132093	Klebsiella pneumoniae	ST1537	-	-	-	-	-	-	-	0	0
ERR12132095	Klebsiella pneumoniae	ST719	-	-	-	-	-	-	-	0	0
ERR12132103	Klebsiella variicola subsp. variicola	ST1456	-	-	-	-	-	-	-	0	0
ERR12132106	Klebsiella variicola subsp. variicola	ST1688	-	-	-	-	-	-	-	0	0
ERR12132107	Klebsiella pneumoniae	ST336	TEM-1D.v1^	-	-	strA.v1^;strB.v1	-	-	sul2*	1	0
ERR12132109	Klebsiella pneumoniae	ST4300	-	-	-	-	-	-	-	0	0
ERR12132111	Klebsiella pneumoniae	ST528	-	-	-	-	-	-	-	0	0
ERR12132112	Klebsiella pneumoniae	ST2159	-	-	-	-	-	-	-	0	0
ERR12132118	Klebsiella pneumoniae	ST896	-	-	-	-	-	-	-	0	0
ERR12132123	Klebsiella pneumoniae	ST1114	-	-	-	strA.v1;strB.v1	-	tet(B).v2*	-	0	0
ERR12132129	Klebsiella pneumoniae	ST134	-	-	-	-	-	-	-	0	0
ERR12132131	Klebsiella pneumoniae	ST627	-	-	-	-	-	-	-	0	0
ERR12132133	Klebsiella pneumoniae	ST661	-	-	-	-	-	-	-	0	0
ERR12132139	Klebsiella variicola subsp. variicola	ST2386	-	-	-	-	-	-	-	0	0
ERR12132154	Klebsiella quasipneumoniae subsp. similipneumoniae	ST414	-	-	-	-	-	-	-	0	0
ERR12132159	Klebsiella pneumoniae	ST18	-	-	-	-	-	tet(D)	sul2	0	0
ERR12132176	Klebsiella pneumoniae	ST753	-	-	-	-	-	-	-	0	0
ERR12132195	Klebsiella pneumoniae	ST976	-	-	-	-	-	-	-	0	0
ERR12132197	Klebsiella variicola subsp. variicola	ST3974	-	-	-	-	-	-	-	0	0
ERR1216258	Klebsiella pneumoniae	ST3012	-	-	-	-	-	-	-	0	0
ERR1216268	Klebsiella pneumoniae	ST3014	-	-	-	-	-	-	-	0	0
ERR1216988	Klebsiella pneumoniae	ST1805	TEM-201*	-	-	aac(6')-Ib-cr.v2;aadA16*	-	-	sul1	0	0
ERR1216996	Klebsiella pneumoniae	ST301	-	-	-	-	-	-	-	0	0
ERR1217110	Klebsiella pneumoniae	ST4064	-	-	-	-	-	-	-	1	0
ERR1217118	Klebsiella pneumoniae	ST512	TEM-1D.v1^	-	KPC-3	aac(6')-Ib'.v1;aadA2;aph3-Ia.v1^	-	-	sul1	0	2
ERR1217119	Klebsiella pneumoniae	ST1536	-	-	-	-	-	-	-	0	0
ERR1217144	Klebsiella pneumoniae	ST512	TEM-1D.v1^	-	KPC-3	aac(6')-Ib'.v1;aadA2;aph3-Ia.v1^	-	-	sul1	0	3
ERR1217145	Klebsiella pneumoniae	ST13	OXA-1	CTX-M-15	-	aac(3)-IIa.v1^;aac(6')-Ib-cr.v2;aadA5;aph3-Ia.v1^	-	tet(A).v1	sul1	2	1
ERR1217164	Klebsiella pneumoniae	ST111	OXA-1	CTX-M-15	-	aac(3)-IIa.v1^;aac(6')-Ib-cr.v2;strA.v1^;strB.v1	qnrB1.v2^	tet(A).v1	sul2	1	1
ERR1217172	Klebsiella pneumoniae	ST274	CMY-16^;OXA-10;TEM-1D.v1^	-	NDM-1	aac(6')-IIc;aadA*;aadA2;aph(3')-Ia*?;aph(3')-VI;strA.v1;strB.v1	qnrA6^	tet(A).v2;tet(D)	sul2	1	3
ERR1217187	Klebsiella pneumoniae	ST920	OXA-1;TEM-1D.v1^	CTX-M-15	-	aac(6')-Ib-cr.v2;strA.v1^;strB.v1	qnrB1.v2^	-	sul2	0	1
ERR1217239	Klebsiella pneumoniae	ST512	TEM-1D.v1^	-	KPC-3	aac(6')-Ib'.v1;aadA2^;aph3-Ia.v1^	-	-	sul1	0	2
ERR1217258	Klebsiella pneumoniae	ST687-4LV	TEM-1D.v1^	-	KPC-3	aac(6')-Ib'.v1;aadA2	-	-	sul1	0	2
ERR1217260	Klebsiella pneumoniae	ST160	OXA-1;TEM-1D.v1^	CTX-M-14	-	aac(3)-IIa.v1^;aac(6')-Ib-cr.v2;aph3-Ia.v1^;strA.v1^;strB.v1	qnrB1.v2^	-	sul2	1	1
ERR1217317	Klebsiella pneumoniae	ST512	TEM-1D.v1^	-	KPC-3	aac(6')-Ib'.v1;aadA2	-	-	sul1	0	3
ERR1217320	Klebsiella pneumoniae	ST133	-	-	-	-	-	-	-	0	0
ERR1217332	Klebsiella quasipneumoniae subsp. quasipneumoniae	ST3867	-	-	-	-	-	-	-	0	0
ERR1217344	Klebsiella pneumoniae	ST902	OXA-1;TEM-1D.v1^	CTX-M-15	-	aac(3)-IIa.v1^;strA.v1^;strB.v1	qnrB1.v2^	tet(A).v1	sul2	0	1
ERR1217351	Klebsiella pneumoniae	ST258	-	-	KPC-3	aac(6')-Ib'.v1;aadA2;aph3-Ia.v1^	-	-	sul1	0	2
ERR1217374	Klebsiella pneumoniae	ST628	-	-	-	-	-	-	-	0	0
ERR1217377	Klebsiella pneumoniae	ST1823-1LV	-	-	KPC-3*	aac(6')-Ib'.v1;aadA2	-	-	sul1	0	2
ERR1217386	Klebsiella pneumoniae	ST101-1LV	TEM-1D.v1^	-	KPC-2	aadA2^;armA	-	tet(A).v1	sul1	1	2
ERR1217450	Klebsiella pneumoniae	ST34	-	-	-	-	qnrB19^	-	-	0	0
ERR1217451	Klebsiella pneumoniae	ST323	TEM-1D.v1^	CTX-M-15	-	strA.v1^;strB.v1^	qnrB1.v2^;qnrB19^	tet(A).v1	sul2	0	1
ERR1218575	Klebsiella pneumoniae	ST11	DHA-1;OXA-1;TEM-1D.v1^	CTX-M-15	-	aac(3)-IId^;aac(6')-Ib-cr.v2^;aadA17*;aph3-Ia.v1^	qnrB4	-	sul1;sul1	1	1
ERR1218578	Klebsiella quasipneumoniae subsp. similipneumoniae	ST2355	TEM-1D.v1^	CTX-M-15	-	aac(6')-Ib-cr.v2;aadA16*	qnrB6^	tet(A).v1	sul1	0	1
ERR12186970	Klebsiella pneumoniae	ST3069	-	CTX-M-15	-	aadA2^;aph3-Ia.v1^;strA.v1*;strB.v1*	qnrS1	-	sul1;sul2	0	1
ERR12186973	Klebsiella pneumoniae	ST530	-	-	-	strA.v1^;strB.v1	-	-	sul2*	1	0
ERR12186986	Klebsiella pneumoniae	ST3069	DHA-1^;TEM-1D.v1^	-	-	strA.v1*;strB.v1*	qnrB4	tet(A).v1	sul1;sul2^	0	0
ERR1218722	Klebsiella pneumoniae	ST3839	-	-	-	aac(3)-IId^;aadA2;aph3-Ia.v1^	qnrS1	tet(A).v1	-	0	0
ERR1218745	Klebsiella pneumoniae	ST336	-	CTX-M-15;SHV-129?	-	aac(3)-IId^;strA.v1^;strB.v1	qnrB1.v2^	tet(A).v1;tet(D)	sul2*	1	1
ERR1218759	Klebsiella pneumoniae	ST656	OXA-1;TEM-1D.v1^	CTX-M-15	-	aac(3)-IIe*?;aac(6')-Ib-cr.v2;aadA2^;aph3-Ia.v1^;strA.v1^;strB.v1	qnrB1.v2^;qnrS1	tet(A).v1	sul2	1	1
ERR1218769	Klebsiella pneumoniae	ST394	DHA-1;TEM-1D.v1^	CTX-M-14	-	strA.v1^;strB.v1	qnrB4	-	sul1;sul2*	1	1
ERR1218777	Klebsiella pneumoniae	ST895	DHA-1	CTX-M-27	-	aac(6')-Ib-cr.v2;aadA16*;aph3-Ia.v1^	qnrB4	tet(D)	sul1;sul1	0	1
ERR1218783	Klebsiella pneumoniae	ST37	-	-	-	aac(3)-IId^;strA.v1^;strB.v1	qnrS1	tet(A).v2	sul2	0	0
ERR12251524	Klebsiella pneumoniae	ST359	DHA-1;TEM-1D.v1^	-	-	aac(6')-IIc	qnrB4	-	sul1;sul1	0	0
ERR12251625	Klebsiella pneumoniae	ST280	OXA-1;TEM-1D.v1^	CTX-M-15	-	aac(3)-IIa.v1^;aac(6')-Ib-cr.v2;strA.v1^;strB.v1	qnrB1.v2^	tet(A).v1	sul2	1	1
ERR1228153	Klebsiella pneumoniae	ST25	-	-	KPC-3	aac(6')-Ib'.v1;aadA2*	qnrS1	tet(A).v1;tet(D)	sul1	1	2
ERR1228174	Klebsiella variicola subsp. variicola	ST3933	-	-	-	-	-	-	-	0	0
ERR1228214	Klebsiella pneumoniae	ST3661	-	-	-	-	-	-	-	0	0
ERR1228224	Klebsiella pneumoniae	ST10	-	-	-	-	-	-	-	1	0
ERR1228227	Klebsiella pneumoniae	ST11	TEM-1D.v1^	-	-	aac(3)-IV;aadA2;aadA^;aph(4)-Ia	-	tet(A).v1	sul3	0	0
ERR1228243	Klebsiella pneumoniae	ST889	-	-	-	-	-	-	-	1	0
ERR1228303	Klebsiella pneumoniae	ST200	-	-	-	-	-	-	-	0	0
ERR1228361	Klebsiella pneumoniae	ST163	-	CMY-30	-	strA.v1;strB.v1	-	-	-	0	1
ERR1228392	Klebsiella pneumoniae	ST147	-	CTX-M-9	VIM-1	aac(6')-Ib4^;aadA1.v1^;aadA2;ant(2'')-Ia^	qnrA1^	-	sul1	0	3
ERR12305993	Klebsiella quasipneumoniae subsp. similipneumoniae	ST489	OXA-2	SHV-18	-	ant(2'')-Ia	-	-	sul1*	0	1
ERR12305999	Klebsiella quasipneumoniae subsp. similipneumoniae	ST489	OXA-2	SHV-18	-	ant(2'')-Ia	-	-	sul1*	0	1
ERR124853	Klebsiella pneumoniae	ST15	OXA-1;TEM-1D.v1^	CTX-M-15	-	aac(3)-IIa.v1^;aac(6')-Ib-cr.v2;strA.v1^;strB.v1	-	-	sul2	1	1
ERR12506728	Klebsiella quasipneumoniae subsp. similipneumoniae	ST489	OXA-2	SHV-18	-	ant(2'')-Ia	-	-	sul1*	0	1
ERR12506733	Klebsiella pneumoniae	ST86	-	-	-	-	-	-	-	0	0
ERR12506735	Klebsiella pneumoniae	ST86	-	-	-	-	-	-	-	0	0
ERR12653738	Klebsiella pneumoniae	ST2074	TEM-1D.v1^	CTX-M-15	-	strA.v1^;strB.v1	qnrS1	tet(A).v1	sul2	0	1
ERR12653746	Klebsiella pneumoniae	ST298	TEM-1D.v1^	CTX-M-15	-	aac(3)-IIa.v1;aadA^	qnrB2.v1^	tet(D)	sul1^	0	1
ERR12653951	Klebsiella pneumoniae	ST292	TEM-1D.v1^	CTX-M-15	-	aac(3)-IIa.v1;aadA^	qnrB2.v1^	-	sul1;sul1	0	1
ERR12654042	Klebsiella pneumoniae	ST25	TEM-1D.v1^	CTX-M-15	OXA-181	aac(3)-IIa.v1;strA.v1*;strB.v1*	qnrS1	tet(D)	sul2	1	2
ERR12663035	Klebsiella pneumoniae	ST551	TEM-1D.v1^	CTX-M-15	-	aac(3)-IIa.v1^;strA.v1^;strB.v1	qnrB1.v2^	tet(A).v1	sul2	0	1
ERR12721606	Klebsiella pneumoniae	ST86	-	-	-	-	-	-	-	0	0
ERR12771064	Klebsiella pneumoniae	ST392	OXA-1;TEM-1D.v1^	CTX-M-15	OXA-48	aac(3)-IIa.v1^;aac(6')-Ib-cr.v2;aadA*;ant(2'')-Ia;strA.v1^;strB.v1	qnrB1.v2^	-	sul1;sul2	4	2
ERR12771412	Klebsiella pneumoniae	ST395	-	CTX-M-15	OXA-48	-	qnrB1.v1	-	-	1	2
ERR12771596	Klebsiella pneumoniae	ST45	DHA-1^	-	OXA-48	aadA*;ant(2'')-Ia	qnrB4;qnrS1	tet(D)	sul1	4	2
ERR12771830	Klebsiella pneumoniae	ST392	OXA-1;TEM-1D.v1^	CTX-M-15	OXA-48	aac(3)-IIa.v1^;aac(6')-Ib-cr.v2;aadA*;ant(2'')-Ia;strA.v1^;strB.v1	-	-	sul1;sul2	1	2
ERR12771835	Klebsiella pneumoniae	ST45	DHA-1^	-	OXA-48	aadA*;ant(2'')-Ia	qnrB4;qnrS1	tet(D)	sul1	4	2
ERR12772337	Klebsiella pneumoniae	ST392	OXA-1;TEM-1D.v1^	CTX-M-15	OXA-48	aac(3)-IIa.v1^;aac(6')-Ib-cr.v2;aadA*;ant(2'')-Ia;strA.v1^;strB.v1	qnrB1.v2^	-	sul1;sul2	4	2
ERR12778252	Klebsiella pneumoniae	ST395	TEM-1D.v1^	CTX-M-15	OXA-48	aadA*;ant(2'')-Ia	qnrS1	tet(A).v1	sul1	3	2
ERR1289718	Klebsiella pneumoniae	ST17	OXA-1;TEM-1D.v1^	CTX-M-15	OXA-48	aac(3)-IIa.v1^;aac(6')-Ib-cr.v2;aph3-Ia.v1^;strA.v1*;strB.v1*	qnrB1.v1	tet(D)	sul2	1	2
ERR1289720	Klebsiella pneumoniae	ST215	-	-	-	-	-	-	-	0	0
ERR1289772	Klebsiella pneumoniae	ST101	TEM-1D.v1^	CTX-M-15	-	strA.v1^	-	-	sul2	1	1
ERR1289779	Klebsiella pneumoniae	ST377	OXA-1	CTX-M-15	OXA-48	aac(3)-IIa.v1^;aac(6')-Ib-cr.v2;aadA13;aadA2;aadA^	qnrS1	tet(A).v1	sul1^;sul3	4	3
ERR1289782	Klebsiella pneumoniae	ST35	-	ADC-56	OXA-58;OXA-66	strA.v1;strB.v1	-	tet(B).v2*?	-	0	2
ERR1289791	Klebsiella pneumoniae	ST3661	-	ADC-56	OXA-58;OXA-66	strA.v1;strB.v1	-	tet(B).v2*?	sul2	0	2
ERR1289822	Klebsiella pneumoniae	ST323	-	-	-	-	-	-	-	0	0
ERR1289828	Klebsiella variicola subsp. variicola	ST1563	-	-	-	-	-	tet(D)	-	0	0
ERR13185451	Klebsiella pneumoniae	ST37	DHA-1	-	-	aac(6')-31*;aac(6')-31*;aac(6')-IIc	qnrB4	tet(A).v1;tet(D)	sul1	0	0
ERR13185543	Klebsiella pneumoniae	ST2670	OXA-1	CTX-M-15	-	aac(3)-IIa.v1^;aac(6')-Ib-cr.v2;strA.v1^;strB.v1	qnrB1.v2^	tet(A).v1	sul2	0	1
ERR13185625	Klebsiella pneumoniae	ST219	-	CTX-M-15	-	aadA2^;strA.v1*;strB.v1*	qnrS1	-	sul1;sul2	1	1
ERR13185654	Klebsiella pneumoniae	ST997-1LV	LAP-2	CTX-M-14	-	aac(3)-IId^;strA.v1^;strB.v1	qnrS1	tet(A).v1	sul1;sul2	0	1
ERR13243680	Klebsiella pneumoniae	ST219	-	CTX-M-15	-	aadA2^;aph3-Ia.v1^;strA.v1*;strB.v1*	qnrS1	tet(A).v1	sul1;sul2	1	1
ERR13243681	Klebsiella pneumoniae	ST101	OXA-9.v1;TEM-1D.v1^	CTX-M-15	NDM-1	aac(6')-Ib'.v1;aadA*;aph(3')-VI	qnrS1	tet(D)	-	1	2
ERR13243684	Klebsiella pneumoniae	ST437	TEM-1D.v1^	CTX-M-15	NDM-5;OXA-232	rmtB	-	-	sul1	1	2
ERR13243695	Klebsiella quasipneumoniae subsp. quasipneumoniae	ST696-2LV	-	-	-	-	-	-	-	0	0
ERR13243711	Klebsiella quasipneumoniae subsp. similipneumoniae	ST1308	-	-	-	strA.v1;strB.v1	-	-	-	0	0
ERR13243712	Klebsiella variicola subsp. variicola	ST1994	-	-	-	-	-	-	-	0	0
ERR13252974	Klebsiella pneumoniae	ST392	OXA-1	-	NDM-1;OXA-48	aac(6')-IIc;aac(6')-Ib-cr.v2;strA.v1^;strB.v1	qnrB1.v2	tet(A).v1	sul1;sul1;sul2	1	3
ERR13253009	Klebsiella pneumoniae	ST1440-1LV	OXA-1	-	NDM-1	aac(6')-Ib-cr.v2^;aph(3')-VI;strB.v1	-	-	sul1;sul1	0	2
ERR1334426	Klebsiella pneumoniae	ST30	-	-	-	-	-	-	-	0	0
ERR1334449	Klebsiella pneumoniae	ST258	-	SHV-12	-	aac(6')-Ib'.v1;aadA2^;aph3-Ia.v1^	-	-	sul1	1	1
ERR1334461	Klebsiella pneumoniae	ST1064-1LV	-	-	KPC-2	aac(6')-Ib'.v1;aadA2^;aph3-Ia.v1^	-	-	sul1	1	3
ERR1334466	Klebsiella pneumoniae	ST258-2LV	-	SHV-12	KPC-2	aac(6')-Ib'.v1;aadA2^;aph3-Ia.v1^	-	-	sul1	1	2
ERR1334475	Klebsiella pneumoniae	ST111	-	-	-	-	-	-	-	1	0
ERR1334488	Klebsiella pneumoniae	ST1326-2LV	OXA-1;TEM-1D.v1^	CTX-M-15;SHV-12^	KPC-2;NDM-1	aac(3)-IIa.v1^;aac(6')-Ib'.v1;aadA2^;aph3-Ia.v1^;strA.v1^;strB.v1	-	tet(A).v1	sul1;sul2	1	2
ERR1334496	Klebsiella pneumoniae	ST420	TEM-1D.v1^	-	KPC-2	-	-	-	-	4	2
ERR1334499	Klebsiella pneumoniae	ST323	DHA-1	-	-	aadA16*;aadA^	qnrB4	-	sul1;sul1	0	0
ERR1334513	Klebsiella pneumoniae	ST6	DHA-1;OXA-1;OXA-9.v1;SCO-1;TEM-1D.v1^	-	OXA-48	aac(3)-IIa.v1*;aac(6')-Ib-cr.v2^;aadA*;aph3-Ia.v1^;strA.v1*;strB.v1*	qnrB4	tet(D)	sul1;sul1;sul2	1	2
ERR1334516	Klebsiella pneumoniae	ST45-1LV	OXA-1;TEM-1D.v1^	CTX-M-15	OXA-48	aac(3)-IIa.v1^;aac(6')-Ib-cr.v2;strA.v1^;strB.v1	qnrB1.v2^	tet(A).v1;tet(D)	sul2	4	2
ERR1334539	Klebsiella pneumoniae	ST405	TEM-1D.v1^	CTX-M-15	OXA-48	strA.v1^;strB.v1	qnrB1.v2^	-	sul2	1	2
ERR1334542	Klebsiella pneumoniae	ST864	OXA-1;TEM-1D.v1^	CTX-M-15	-	aac(3)-IIa.v1^;aac(6')-Ib-cr.v2;aadA2^;aph3-Ia.v1^;strA.v1^;strB.v1	qnrB1.v1	tet(A).v1	sul2	1	1
ERR1334572	Klebsiella pneumoniae	ST35	OXA-1	ADC-56	OXA-58;OXA-66	aac(6')-Ib-cr.v2;strA.v1;strB.v1	-	tet(B).v2*?	sul2	0	2
ERR1334591	Klebsiella pneumoniae	ST29	-	-	-	-	-	-	-	0	0
ERR1334614	Klebsiella pneumoniae	ST278	-	-	-	aac(6')-Ib'.v1	-	-	-	0	0
ERR1334634	Klebsiella pneumoniae	ST3644	-	-	-	-	-	-	-	0	0
ERR1334637	Klebsiella pneumoniae	ST290	-	-	-	-	-	-	-	0	0
ERR1334648	Klebsiella pneumoniae	ST1890	CMY-6;OXA-1;TEM-1D.v1^	-	NDM-1	aac(6')-Ib3*;rmtC;strA.v1^;strB.v1	-	-	sul1^;sul2*	0	3
ERR1334680	Klebsiella pneumoniae	ST231	OXA-1;TEM-1	CTX-M-15	-	aac(3)-IId^;aac(6')-Ib-cr.v2;aadA16*;strA.v1^;strB.v1	qnrB1.v2^	tet(D)	sul1;sul2	1	1
ERR1334695	Klebsiella pneumoniae	ST1997	-	-	-	-	qnrB19^	-	-	0	0
ERR13420952	Klebsiella pneumoniae	ST17-2LV	-	-	-	aac(3)-IIa.v1;aadA2^;aph3-Ia.v1^;strA.v1*;strB.v1*	qnrS1	tet(A).v1	sul2	0	0
ERR13420983	Klebsiella pneumoniae	ST322	TEM-1D.v1^	-	-	strA.v1;strB.v1	-	tet(D)	sul1;sul2	0	0
ERR13461279	Klebsiella pneumoniae	ST1322	OXA-1;TEM-1D.v1^	CTX-M-15	-	aac(6')-Ib-cr.v2;aph3-Ia.v1^;strA.v1^;strB.v1	qnrB1.v2^	-	sul2*	0	1
ERR13461399	Klebsiella pneumoniae	ST4240	LAP-2	CTX-M-14	-	-	qnrS1	tet(A).v1*	sul1^	0	1
ERR13482214	Klebsiella pneumoniae	ST441	OXA-1;TEM-1D.v1^	CTX-M-15	NDM-1	aac(3)-IIa.v1^;aac(6')-Ib-cr.v2;strA.v1^;strB.v1	qnrB1.v2^	-	sul2	0	2
ERR13482268	Klebsiella pneumoniae	ST3659	TEM-1D.v1	-	VIM-1	aac(6')-Ib4^;aadA1.v1^;aadA2;ant(2'')-Ia	qnrS1	-	sul1;sul2	1	2
ERR13482273	Klebsiella pneumoniae	ST3659	TEM-1D.v1	-	VIM-1	aac(6')-Ib4^;aadA1.v1^;aadA2;ant(2'')-Ia	qnrS1	-	sul1;sul2	1	2
ERR13489545	Klebsiella pneumoniae	ST395	OXA-1;TEM-1D.v1^	CTX-M-15	NDM-5	aac(6')-Ib-cr.v2;aadA2^;rmtB	-	-	-	1	3
ERR13491729	Klebsiella pneumoniae	ST395	OXA-1;TEM-1D.v1^	CTX-M-15	NDM-5;OXA-232	aac(3)-IId^;aac(6')-Ib-cr.v2;aadA2^;rmtB	qnrB1.v1	-	sul1	1	2
ERR13492066	Klebsiella pneumoniae	ST70	TEM-1D.v1^	CTX-M-15	-	aac(3)-IIa.v1^;strA.v1^;strB.v1	qnrB1.v2^	-	sul2	1	1
ERR13492072	Klebsiella pneumoniae	ST6	TEM-1D.v1^	CTX-M-15	-	strA.v1^;strB.v1*	-	-	sul2	1	1
ERR13492102	Klebsiella pneumoniae	ST395	OXA-1*;TEM-1D.v1^	CTX-M-15	NDM-5;OXA-232	aac(3)-IId^;aac(6')-Ib-cr.v2;aadA2^;rmtB	qnrB1.v1	-	sul1	1	2
ERR13492129	Klebsiella pneumoniae	ST35	OXA-1;TEM-1D.v1^	CTX-M-15	KPC-2	aac(3)-IIa.v1^;aac(6')-Ib-cr.v2;aac(6')-Im;aph(2'')-IIa*;strA.v1^;strB.v1	qnrB1.v2^	tet(A).v1	sul2*	1	2
ERR13507036	Klebsiella pneumoniae	ST35	OXA-1;TEM-1D.v1^	CTX-M-15	KPC-2	aac(3)-IIa.v1^;aac(6')-Ib-cr.v2;aac(6')-Im;aph(2'')-IIa*;strA.v1^;strB.v1	qnrB1.v2^	tet(A).v1	sul2*	1	2
ERR13507323	Klebsiella pneumoniae	ST395	OXA-1;TEM-1D.v1^	CTX-M-15	NDM-5;OXA-232	aac(3)-IId^;aac(6')-Ib-cr.v2*;aadA2^;rmtB	qnrB1.v1	-	sul1	1	2
ERR13507708	Klebsiella pneumoniae	ST395	TEM-1D.v1^	CTX-M-15	NDM-5;OXA-232	aac(3)-IId^;aadA2^;rmtB	-	-	sul1	1	2
ERR13508419	Klebsiella pneumoniae	ST395	OXA-1;TEM-1D.v1^	CTX-M-15	NDM-5	aac(3)-IId^;aac(6')-Ib-cr.v2;aadA2^;rmtB	qnrB1.v1	-	sul1	1	2
ERR13509813	Klebsiella pneumoniae	ST307	OXA-1;TEM-1D.v1^	CTX-M-15	KPC-2	aac(3)-IIa.v1^;aac(6')-Ib-cr.v2;strA.v1^;strB.v1	qnrB1.v2^	tet(A).v1	sul2	0	2
ERR13583330	Klebsiella pneumoniae	ST469	TEM-1D.v1^	CTX-M-15	-	strB.v1	qnrS1	tet(A).v1	sul2	0	1
ERR13583406	Klebsiella pneumoniae	ST34	TEM-1D.v1^	CTX-M-15	-	strB.v1	qnrS1	tet(A).v1	sul2	0	1
ERR13583418	Klebsiella pneumoniae	ST441-1LV	TEM-1D.v1^	CTX-M-15	-	aac(3)-IId^	-	-	sul2	0	1
ERR13583453	Klebsiella pneumoniae	ST110	-	CTX-M-15	-	strB.v1	qnrS1	tet(A).v1	sul2	0	1
ERR13583455	Klebsiella pneumoniae	ST3437-1LV	TEM-1D.v1^	CTX-M-15	-	strB.v1	qnrS1	tet(A).v1	sul2	0	1
ERR13583459	Klebsiella pneumoniae	ST110	TEM-1D.v1^	CTX-M-15	-	aac(6')-Ib-cr.v2;strB.v1	qnrB6^;qnrS1	tet(A).v1	sul1;sul2	0	1
ERR13583488	Klebsiella pneumoniae	ST152	TEM-1D.v1^	CTX-M-15	-	strB.v1	qnrS1	tet(A).v1	sul2	0	1
ERR13607338	Klebsiella pneumoniae	ST309	-	-	-	aac(3)-IId^;strA.v1*;strB.v1*	qnrS1	tet(D)	sul2	0	0
ERR13607345	Klebsiella pneumoniae	ST2772-1LV	-	-	-	-	-	-	-	0	0
ERR13607373	Klebsiella pneumoniae	ST134	-	-	-	-	-	-	-	0	0
ERR13607385	Klebsiella variicola subsp. variicola	ST3938	-	-	-	-	-	-	-	0	0
ERR13607387	Klebsiella pneumoniae	ST882	-	-	-	-	-	-	-	0	0
ERR13607391	Klebsiella variicola subsp. variicola	ST1888-3LV	-	-	-	-	-	-	-	0	0
ERR13607406	Klebsiella variicola subsp. variicola	ST1456	-	-	-	-	-	-	-	0	0
ERR1374863	Klebsiella pneumoniae	ST295	OXA-1	-	-	aadA*	-	tet(A).v1	sul1	0	0
ERR1374882	Klebsiella pneumoniae	ST889	-	-	-	-	-	-	-	1	0
ERR1374897	Klebsiella pneumoniae	ST101	OXA-1;OXA-9.v1;TEM-1D.v1^	CTX-M-15	-	aac(3)-IId^;aac(6')-Ib'.v1;aadA*;strA.v1*;strB.v1*	-	tet(D)	sul2	1	1
ERR1374914	Klebsiella pneumoniae	ST3664	-	-	-	-	-	-	-	0	0
ERR1374961	Klebsiella pneumoniae	ST37-1LV	TEM-1D.v1^	-	-	strA.v1^;strB.v1	-	-	sul2*	1	0
ERR1374963	Klebsiella pneumoniae	ST3672	OXA-1;TEM-1D.v1^	CTX-M-15	-	aac(3)-IIa.v1^;aac(6')-Ib-cr.v2;strA.v1^;strB.v1	qnrB1.v2^	tet(A).v1	sul2	0	1
ERR1374976	Klebsiella pneumoniae	ST101	CMY-16^;OXA-1;OXA-10;OXA-9.v1;SCO-1;TEM-1D.v1^	CTX-M-15	NDM-1	aac(3)-IIa.v1;aac(6')-Ib-cr.v2*;aph(3')-VI;armA;strA.v1^;strB.v1	-	tet(A).v2;tet(D)	sul1;sul2	1	2
ERR1374979	Klebsiella variicola subsp. variicola	ST3936	OXA-1	-	-	aac(6')-Ib-cr.v2^;aadA16*	qnrA3^	tet(A).v1*	sul1	0	0
ERR1374983	Klebsiella pneumoniae	ST461	-	CTX-M-9	VIM-1	aadA1.v1^;aadA16*;aadA2;ant(2'')-Ia	qnrB6^	tet(A).v1*	sul1	0	3
ERR13804932	Klebsiella pneumoniae	ST383	TEM-1	CTX-M-14^;CTX-M-15	NDM-5;OXA-48	aac(6')-Ib'.v1;aadA*;aph(3')-VI;aph3-Ia.v1^;armA;strA.v1	qnrS1	tet(A).v1	sul1;sul2	4	3
ERR13804940	Klebsiella pneumoniae	ST307	TEM-1D.v1^	CTX-M-15	KPC-2	aac(3)-IIa.v1^;aac(6')-Ib-cr.v2;strA.v1^;strB.v1	qnrB1.v2^	tet(A).v1	sul2	0	2
ERR13863720	Klebsiella pneumoniae	ST3166	-	-	OXA-48	-	-	-	-	0	2
ERR13897895	Klebsiella pneumoniae	ST219	-	-	-	-	-	-	-	0	0
ERR13897983	Klebsiella variicola subsp. variicola	ST1875	-	-	-	-	-	-	-	0	0
ERR13898045	Klebsiella pneumoniae	ST792	-	-	-	-	-	-	-	2	0
ERR13898077	Klebsiella pneumoniae	ST966	-	-	-	-	-	-	-	0	0
ERR13914727	Klebsiella pneumoniae	ST101	-	-	KPC-3	armA	-	-	-	1	3
ERR13947903	Klebsiella pneumoniae	ST383	TEM-1	CTX-M-14^;CTX-M-15	NDM-5;OXA-48	aac(6')-Ib'.v1;aadA*;aph(3')-VI*;aph3-Ia.v1^;armA;strA.v1	qnrS1	tet(A).v1	sul1;sul2	4	3
ERR13947908	Klebsiella pneumoniae	ST383	TEM-1	CTX-M-14^;CTX-M-15	NDM-5;OXA-48	aac(6')-Ib'.v1;aadA*;aph(3')-VI*;aph3-Ia.v1^;armA;strA.v1	qnrS1	tet(A).v1	sul1;sul2	4	3
ERR13948067	Klebsiella pneumoniae	ST2975	-	CTX-M-15	NDM-1	aph(3')-VI;armA	qnrB1.v1;qnrS1	-	sul1;sul2	4	2
ERR14024373	Klebsiella pneumoniae	ST383	TEM-1	CTX-M-14^;CTX-M-15	NDM-5;OXA-48	aac(6')-Ib'.v1;aadA*;aph(3')-VI;aph3-Ia.v1^;armA;strA.v1;strB.v1	qnrS1	tet(A).v1	sul1;sul2	4	3
ERR14097808	Klebsiella pneumoniae	ST101-1LV	OXA-9.v1	-	NDM-5	aac(6')-Ib'.v1;aadA*;aadA2^;rmtB	-	-	sul1	1	2
ERR14097816	Klebsiella pneumoniae	ST86-1LV	-	-	-	-	-	-	-	3	0
ERR14097833	Klebsiella pneumoniae	ST437	-	CTX-M-15	NDM-5;OXA-232	aac(6')-Ib;aadA2^;rmtB;rmtF	qnrS1	-	sul1	0	2
ERR14097880	Klebsiella pneumoniae	ST2096	OXA-1;TEM-1D.v1^	CTX-M-15	OXA-232	aac(6')-Ib-cr.v2;aadA2^;armA;sat-2	-	tet(D)	sul1	4	2
ERR14097889	Klebsiella pneumoniae	ST16	OXA-1;TEM-1D.v1^	CTX-M-15	NDM-5;OXA-181	aac(6')-Ib-cr.v2;aadA2^;rmtB	qnrS1	-	sul1	0	2
ERR14097942	Klebsiella pneumoniae	ST337	-	CTX-M-15	-	-	qnrB7^	-	-	0	1
ERR14097955	Klebsiella pneumoniae	ST1109	TEM-1D.v1^	CTX-M-15	NDM-5	aac(6')-Ib'.v1;strA.v1;strB.v1	-	tet(D)	-	0	3
ERR14097970	Klebsiella pneumoniae	ST218	OXA-1*;TEM-1D.v1^	CTX-M-15	-	aac(6')-Ib-cr.v2;strA.v1^;strB.v1	qnrB1.v2^	-	sul2	4	1
ERR14097993	Klebsiella pneumoniae	ST186	-	-	-	-	-	-	-	1	0
ERR14097996	Klebsiella pneumoniae	ST16	OXA-1;TEM-1D.v1^	CTX-M-15	NDM-5;OXA-181	aac(3)-IIa.v1^;aac(6')-Ib-cr.v2;aadA2^;rmtB	qnrS1	-	sul1	0	2
ERR14098010	Klebsiella pneumoniae	ST29-1LV	TEM-1D.v1^	CTX-M-15	NDM-5	strA.v1^;strB.v1	qnrS1	tet(A).v1	sul2	1	2
ERR1415471	Klebsiella pneumoniae	ST1408	-	-	-	-	-	-	-	0	0
ERR1415635	Klebsiella pneumoniae	ST8	-	-	-	-	-	-	-	2	0
ERR1415670	Klebsiella pneumoniae	ST322	-	-	-	-	-	-	-	0	0
ERR1415686	Klebsiella quasipneumoniae subsp. similipneumoniae	ST1535	TEM-1D.v1^	-	-	-	-	tet(D)	-	0	0
ERR1415697	Klebsiella pneumoniae	ST437	OXA-1;TEM-1D.v1^;TEM-1D.v1^	CTX-M-15	-	aac(3)-IId^;aac(6')-Ib-cr.v2;aadA3*?;aph3-Ia.v1^	-	tet(D)	sul1	0	1
ERR1415704	Klebsiella pneumoniae	ST218	-	-	-	-	-	-	-	3	0
ERR1415713	Klebsiella pneumoniae	ST437	OXA-1;TEM-1D.v1^;TEM-1D.v1^	CTX-M-15	-	aac(3)-IId^;aac(6')-Ib-cr.v2	-	tet(D)	-	0	1
ERR1415735	Klebsiella pneumoniae	ST437	-	-	-	aadA2	-	-	sul1	0	0
ERR1415754	Klebsiella pneumoniae	ST15	OXA-1;TEM-1D.v1^	CTX-M-15	-	aac(6')-Ib-cr.v2;aadA2^;aph3-Ia.v1^	-	tet(A).v1	sul1	1	1
ERR1415760	Klebsiella pneumoniae	ST340	OXA-1;OXA-9.v1	CTX-M-15	-	aac(3)-IIa.v1^;aac(6')-Ib-cr.v2;aadA2^;armA;strA.v1*	qnrB1.v2^	tet(A).v1	sul1;sul2^	0	1
ERR1415779	Klebsiella pneumoniae	ST340	OXA-1	CTX-M-15;TEM-169^	NDM-1	aac(3)-IId^;aac(6')-Ib-cr.v2^;aac(6')-Im;aadA2^;aph(2'')-IIa*	qnrB1.v2^	-	sul1	0	2
ERR1415789	Klebsiella pneumoniae	ST101	OXA-1;OXA-9.v1;TEM-1D.v1^	CTX-M-15	-	aadA*;aadA2^;strA.v1*;strB.v1*	-	tet(D)	sul1;sul2	1	1
ERR14660868	Klebsiella pneumoniae	ST39	-	CTX-M-15	-	aac(3)-IIa.v1;strA.v1^;strB.v1	-	tet(A).v1	sul1;sul2*	0	1
ERR14660897	Klebsiella pneumoniae	ST2877	LAP-2	CTX-M-14	-	aac(3)-IId*	qnrS1	-	-	0	1
ERR14660959	Klebsiella pneumoniae	ST39	TEM-1D.v1^	CTX-M-15	-	aac(3)-IIa.v1	-	-	sul1	0	1
ERR14660964	Klebsiella pneumoniae	ST4083	TEM-1D.v1^	CTX-M-15	-	strA.v1^;strB.v1	qnrS1	tet(A).v1	sul2	0	1
ERR14660982	Klebsiella pneumoniae	ST29	LAP-2;TEM-1D.v1^	CTX-M-14	-	aac(3)-IId^;strA.v1^;strB.v1	qnrS1	tet(A).v1	sul1;sul2	0	1
ERR14661062	Klebsiella pneumoniae	ST3224	OXA-1;TEM-1D.v1^	CTX-M-15	-	aac(3)-IIa.v1^;aac(6')-Ib-cr.v2;strA.v1^;strB.v1	qnrB1.v2^	-	sul2	0	1
ERR14689061	Klebsiella pneumoniae	ST2461	TEM-1D.v1^	CTX-M-15	NDM-5	aac(3)-IId^;aac(6')-Ib-cr.v2;aadA2^;rmtB	qnrB1.v1	-	sul1	1	3
ERR14689080	Klebsiella pneumoniae	ST395	OXA-1;TEM-1D.v1^	CTX-M-15	NDM-5	aac(3)-IId^;aac(6')-Ib-cr.v2;aadA2^;rmtB	qnrB1.v1	-	sul1	1	3
ERR14747327	Klebsiella pneumoniae	ST1634	-	SHV-2	-	aac(3)-IId^;aac(6')-Ib-cr.v2;aadA16*	qnrB6^	-	sul1;sul1	0	1
ERR14747986	Klebsiella pneumoniae	ST2096	OXA-1;TEM-1D.v1^	CTX-M-15	OXA-232	aadA2^;armA*;sat-2	-	tet(D)	sul1	4	2
ERR14761126	Klebsiella pneumoniae	ST15	OXA-1;TEM-1D.v1^	CTX-M-15	-	aac(3)-IIa.v1^;aac(6')-Ib-cr.v2;strA.v1^;strB.v1	qnrB1.v2^	tet(A).v1	sul2	0	1
ERR14766426	Klebsiella pneumoniae	ST231	CMY-4.v1	CTX-M-15	NDM-1;OXA-181	aac(3)-IIa.v1^;aadA2^;aph(3')-VI;armA;strA.v1^;strB.v1	-	tet(D)	sul1;sul2	1	2
ERR14784271	Klebsiella pneumoniae	ST464	-	-	OXA-48	-	-	-	-	0	2
ERR14790109	Klebsiella pneumoniae	ST383	TEM-1	CTX-M-14^;CTX-M-15	NDM-5;OXA-48	aac(6')-Ib'.v1;aadA*;aph(3')-VI;aph3-Ia.v1^;armA;strA.v1	qnrS1	tet(A).v1	sul1;sul2	4	3
ERR14822355	Klebsiella pneumoniae	ST22	OXA-9.v1;TEM-1D.v1^	CTX-M-15	NDM-1	aac(6')-Ib'.v1;aadA*;aph(3')-VI	qnrS1	-	-	1	2
ERR14822437	Klebsiella pneumoniae	ST22	OXA-9.v1;TEM-1D.v1^	CTX-M-15	NDM-1	aac(6')-Ib'.v1;aadA*;aph(3')-VI	qnrS1	-	-	1	2
ERR14827517	Klebsiella pneumoniae	ST3483	OXA-1;TEM-1D.v1^	CTX-M-15	-	aac(3)-IIa.v1^;aac(6')-Ib-cr.v2;strA.v1^;strB.v1	qnrB1.v2^	tet(A).v1	sul2	1	1
ERR14828488	Klebsiella pneumoniae	ST234	-	-	-	-	-	-	-	0	0
ERR14828495	Klebsiella pneumoniae	ST258	TEM-1D.v1^	-	KPC-2	aac(6')-Ib'.v1;aadA2^;aph3-Ia.v1^	-	-	sul1	1	2
ERR14828497	Klebsiella pneumoniae	ST2623	-	-	-	aadA2	-	-	sul1	0	0
ERR14828499	Klebsiella pneumoniae	ST186	-	-	-	-	-	-	-	0	0
ERR14828514	Klebsiella pneumoniae	ST661	-	-	-	-	-	-	-	0	0
ERR14828515	Klebsiella pneumoniae	ST323	OXA-1	-	-	aac(6')-Ib-cr.v2	-	-	-	0	0
ERR14828516	Klebsiella pneumoniae	ST1082	TEM-1D.v1^	-	KPC-3	-	-	tet(D)	-	0	2
ERR14828520	Klebsiella pneumoniae	ST882	-	-	-	-	-	-	-	0	0
ERR14828540	Klebsiella pneumoniae	ST833	-	-	-	aac(3)-IId^;aadA2^	qnrB19^	-	sul1	0	0
ERR14828545	Klebsiella pneumoniae	ST17	-	CTX-M-12	KPC-2	aac(6')-Ib-cr.v2;aadA16*	qnrB6^	-	sul1;sul1	0	2
ERR14828581	Klebsiella pneumoniae	ST36	-	-	KPC-2	-	-	-	-	0	2
ERR14828612	Klebsiella pneumoniae	ST22	-	-	-	aadA2?	-	-	sul2	0	0
ERR14828616	Klebsiella pneumoniae	ST1082	TEM-1D.v1^	-	KPC-3	-	-	-	-	0	2
ERR14828621	Klebsiella pneumoniae	ST12	OXA-1;TEM-1D.v1^	-	KPC-2	aac(3)-IIa.v1^;aac(6')-Ib-cr.v2;rmtG;strA.v1^;strB.v1	-	-	sul2	0	2
ERR14828638	Klebsiella pneumoniae	ST3680	-	-	-	-	-	-	-	0	0
ERR14828650	Klebsiella pneumoniae	ST152	-	-	NDM-1	aac(6')-Ian;aadA1.v1^;aph3-Ia.v1^	-	-	sul1;sul2	0	2
ERR14828655	Klebsiella pneumoniae	ST504	-	-	KPC-2	aac(6')-Ib-cr.v2;aadA16*	-	-	sul1	0	2
ERR14828687	Klebsiella pneumoniae	ST20	-	-	-	-	-	-	-	0	0
ERR14828743	Klebsiella pneumoniae	ST1228	-	-	-	-	qnrB19^	-	-	0	0
ERR14828767	Klebsiella pneumoniae	ST14	TEM-1D.v1^	-	KPC-3	-	-	-	-	0	2
ERR14828776	Klebsiella pneumoniae	ST433	-	-	KPC-2;NDM-1	aac(6')-Ib-cr.v2^	-	-	-	0	3
ERR14828787	Klebsiella pneumoniae	ST3344-1LV	-	-	-	strA.v1;strB.v1	-	-	-	0	0
ERR14828794	Klebsiella pneumoniae	ST1079	-	-	-	-	-	-	-	0	0
ERR14903816	Klebsiella pneumoniae	ST2461	OXA-1;TEM-1D.v1^	CTX-M-15;SHV-31.v1	NDM-5;OXA-232	aac(3)-IId^;aac(6')-Ib-cr.v2;aadA2^;rmtB	qnrB1.v1	-	sul1	1	3
ERR1514899	Klebsiella pneumoniae	ST788	-	-	OXA-48	-	-	-	-	1	2
ERR1514944	Klebsiella pneumoniae	ST133	OXA-1;SCO-1;TEM-1D.v1^	CTX-M-15	OXA-48	aac(3)-IIa.v1^;aac(6')-Ib-cr.v2;aadA;strA.v1^;strB.v1	qnrB1.v2^	tet(D)	sul1;sul2	1	2
ERR1514950	Klebsiella pneumoniae	ST323	TEM-1D.v1^	CTX-M-15	NDM-1	aac(6')-Ib'.v1;aadA*;aph(3')-VI	qnrS1	-	-	0	2
ERR1514961	Klebsiella pneumoniae	ST11	OXA-1	CTX-M-15	NDM-1	aac(3)-IIa.v1^;aac(6')-Ib;aadA2^;aph3-Ia.v1^;rmtF*	-	-	sul1	1	2
ERR1514997	Klebsiella pneumoniae	ST405	OXA-1;TEM-1D.v1^	CTX-M-15	-	aac(3)-IIa.v1^;aac(6')-Ib-cr.v2;strA.v1^;strB.v1	qnrB1.v2^	tet(A).v1	sul2	1	1
ERR1516193	Klebsiella pneumoniae	ST449	-	-	-	-	-	-	-	1	0
ERR1516248	Klebsiella pneumoniae	ST530	-	-	-	aadA1.v1^	-	tet(A).v1	sul1	0	0
ERR1516253	Klebsiella pneumoniae	ST12	-	SHV-2A^	-	-	-	-	-	0	1
ERR1516259	Klebsiella pneumoniae	ST606-2LV	-	-	-	-	-	-	-	1	0
ERR1516260	Klebsiella pneumoniae	ST950	OXA-101	BEL-1	-	aac(6')-Ib3^	-	-	-	0	1
ERR1516261	Klebsiella pneumoniae	ST950	OXA-101	BEL-1	-	aac(6')-Ib3^	-	-	-	0	1
ERR1516262	Klebsiella pneumoniae	ST20	-	CTX-M-10?	-	-	-	-	-	0	1
ERR1516264	Klebsiella pneumoniae	ST1414-1LV	OXA-9.v1;TEM-1D.v1^	-	-	aac(3)-IIa.v1;aac(6')-Ib'.v1*;aadA*	-	tet(D)	sul1	1	0
ERR1516267	Klebsiella pneumoniae	ST26	TEM-110*	-	-	aac(3)-IIa.v1;strB.v1	-	-	-	0	0
ERR1516305	Klebsiella pneumoniae	ST211	-	SHV-2	-	aac(3)-Ia*;aadA	-	-	sul1	0	1
ERR1516323	Klebsiella pneumoniae	ST327	-	CTX-M-15	-	aac(3)-IIa.v1^;aadA1.v1^	-	-	sul1	2	1
ERR1516325	Klebsiella pneumoniae	ST16	TEM-1D.v1^	CTX-M-15	-	-	-	tet(A).v1	-	0	1
ERR1541277	Klebsiella pneumoniae	ST4	TEM-1D.v1^	CTX-M-15	-	aph3-Ia.v1^;strA.v1^;strB.v1	qnrS1	tet(A).v1	sul1;sul2*	1	1
ERR1541314	Klebsiella pneumoniae	ST3676	-	-	-	-	-	-	-	0	0
ERR1541324	Klebsiella pneumoniae	ST2442	-	-	OXA-48	-	-	tet(D)	sul1	0	2
ERR1541342	Klebsiella pneumoniae	ST35	-	CTX-M-3	OXA-48	-	-	-	-	1	2
ERR1541358	Klebsiella pneumoniae	ST336	TEM-1D.v1^	-	-	strA.v1^;strB.v1	-	-	sul2*	1	0
ERR1541375	Klebsiella pneumoniae	ST16	OXA-1;TEM-1D.v1^	CTX-M-15	OXA-23;OXA-48	aac(6')-Ib-cr.v2;aadA2^;ant(2'')-Ia*;strA.v1;strB.v1*	-	tet(A).v1;tet(B).v2*?	sul1	0	2
ERR1541392	Klebsiella pneumoniae	ST405	OXA-1;TEM-1D.v1^	CTX-M-15	OXA-48	aac(3)-IIa.v1^;aac(6')-Ib-cr.v2;strA.v1^;strB.v1	qnrB1.v2^	tet(A).v1	sul2	1	2
ERR1541416	Klebsiella pneumoniae	ST1228-1LV	CMY-6;TEM-1D.v1^	CTX-M-15	NDM-1;OXA-48	aac(6')-Ib3^;rmtC;strA.v1^;strB.v1	qnrS1	tet(A).v1;tet(B).v2*	sul1;sul2	4	2
ERR1541447	Klebsiella pneumoniae	ST525	-	-	VIM-1	aac(6')-IIc;aac(6')-Ib;rmtF	qnrS1	tet(A).v1	sul1	0	3
ERR1541451	Klebsiella pneumoniae	ST405	OXA-1;TEM-1D.v1^	CTX-M-15	OXA-48	aac(3)-IIa.v1^;aac(6')-IIc;aac(6')-Ib-cr.v1^;strA.v1^;strB.v1	qnrB1.v2^;qnrS1	tet(A).v1	sul2	1	3
ERR1541456	Klebsiella pneumoniae	ST36	-	-	-	strA.v1*;strB.v1	-	-	-	0	0
ERR1541485	Klebsiella pneumoniae	ST107	LAP-2;TEM-1D.v1^	CTX-M-14	OXA-48	aac(3)-IId^;strA.v1^;strB.v1	qnrS1	tet(A).v1;tet(D)	sul1;sul2	1	2
ERR1541491	Klebsiella pneumoniae	ST15	OXA-1;TEM-1D.v1^	CTX-M-15	IMP-1	aac(3)-IIa.v1^;aac(6')-Ib4;rmtD;strA.v1^;strB.v1	-	tet(A).v1	sul1;sul2	0	2
ERR1541517	Klebsiella pneumoniae	ST48	DHA-1	-	-	aadA2^;aph3-Ia.v1^;strA.v1^;strB.v1	qnrB4	-	sul2^	1	0
ERR1541556	Klebsiella pneumoniae	ST14	DHA-1;OXA-1;TEM-1D.v1^	-	-	aac(3)-IIa.v1;aac(6')-Ib-cr.v2^;aph(3')-Ia*;strA.v1;strB.v1	qnrB4	tet(D)	sul1;sul2	0	0
ERR1541569	Klebsiella pneumoniae	ST896	-	-	-	-	-	-	-	0	0
ERR1585678	Klebsiella pneumoniae	ST54	OXA-1;TEM-1D.v1^	CTX-M-15	-	aac(3)-IIa.v1^;strA.v1^;strB.v1	-	tet(A).v1	sul2	0	1
ERR1585729	Klebsiella pneumoniae	ST3717	TEM-1D.v1^	CTX-M-15	-	aac(6')-Ib-cr.v2;aadA16*;strA.v1*;strB.v1*	-	-	sul1;sul2	0	1
ERR1585794	Klebsiella pneumoniae	ST111	TEM-1D.v1^	CTX-M-15	-	aac(3)-IId^;strA.v1^;strB.v1	-	tet(B).v2*	sul2?	0	1
ERR1585840	Klebsiella pneumoniae	ST394	TEM-1D.v1^	CTX-M-15	-	aac(3)-IId^	-	-	sul2	0	1
ERR1595319	Klebsiella pneumoniae	ST1436	OXA-1;TEM-1D.v1^	CTX-M-15	-	aac(3)-IIa.v1^;aac(6')-Ib-cr.v2;strA.v1^;strB.v1	qnrB1.v2^	tet(A).v1	sul2	0	1
ERR1595346	Klebsiella pneumoniae	ST551	OXA-1;TEM-1D.v1^	CTX-M-15	-	aac(3)-IIa.v1^;aac(6')-Ib-cr.v2;strA.v1^;strB.v1	qnrB1.v2^	tet(A).v1	sul2	0	1
ERR1595475	Klebsiella pneumoniae	ST1800	-	-	-	-	-	-	-	0	0
ERR1616331	Klebsiella variicola subsp. variicola	ST1980	LAP-2;OXA-1;TEM-1D.v1^	CTX-M-15	-	aac(6')-Ib-cr.v2;strA.v1^;strB.v1	qnrB1.v2^;qnrS1	tet(A).v1	sul1;sul2	0	1
ERR1616342	Klebsiella pneumoniae	ST37	OXA-1	CTX-M-15	-	aac(6')-Ib'.v2*	qnrB9.2^	-	-	1	1
ERR1616348	Klebsiella pneumoniae	ST3822	OXA-1;TEM-1D.v1^	CTX-M-15;SHV-2A^	-	aac(6')-Ib-cr.v2;aadA;strA.v1^;strB.v1	qnrB1.v2^	tet(A).v1	sul1;sul2	0	1
ERR1616352	Klebsiella pneumoniae	ST48	TEM-1D.v1^	CTX-M-15	-	strA.v1^;strB.v1	qnrB1.v2^	tet(A).v1	sul1;sul2	1	1
ERR1616359	Klebsiella pneumoniae	ST1836	OXA-1;TEM-1D.v1^	CTX-M-15	-	aac(6')-Ib-cr.v2;strA.v1^;strB.v1	qnrB1.v2^	tet(A).v1	sul2	1	1
ERR1616360	Klebsiella pneumoniae	ST36-1LV	-	-	-	-	-	tet(A).v1	sul1	0	0
ERR1616364	Klebsiella pneumoniae	ST22	-	TEM-52^	-	-	-	-	-	0	1
ERR1616365	Klebsiella pneumoniae	ST432	-	CTX-M-15	-	aadA2^;strA.v1*;strB.v1*	qnrS1	-	sul1;sul2	0	1
ERR1616391	Klebsiella pneumoniae	ST1419	OXA-1;TEM-1D.v1^	CTX-M-15	-	aac(3)-IIa.v1^;aac(6')-Ib-cr.v2;strA.v1^;strB.v1	qnrB1.v2^	tet(A).v1	sul2	0	1
ERR1616430	Klebsiella pneumoniae	ST432	LAP-2;TEM-1D.v1^	CTX-M-14	-	strA.v1^;strB.v1	qnrS1	tet(A).v1	sul1;sul2	0	1
ERR1616438	Klebsiella pneumoniae	ST48	TEM-1D.v1^	CTX-M-15	-	strA.v1^;strB.v1	qnrB1.v2^	tet(A).v1	sul1;sul2	1	1
ERR1616442	Klebsiella pneumoniae	ST252	OXA-1	CTX-M-15	-	aac(3)-IIa.v1^;aac(6')-Ib-cr.v2;strA.v1^;strB.v1	qnrB1.v2^	-	sul2	0	1
ERR1616620	Klebsiella pneumoniae	ST659	CMY-2.v2	CTX-M-55	-	aac(3)-IId^;aadA22^	-	-	-	0	1
ERR1616625	Klebsiella pneumoniae	ST1441	-	SHV-5	-	-	-	-	-	0	1
ERR1616629	Klebsiella pneumoniae	ST359	-	CTX-M-9	-	ant(2'')-Ia;strA.v1^;strB.v1	qnrA1^;qnrS1	-	sul1;sul2	0	1
ERR1616630	Klebsiella variicola subsp. variicola	ST1980	OXA-1	CTX-M-15	-	aac(6')-Ib-cr.v2	qnrB1.v2^	-	-	0	1
ERR1616636	Klebsiella pneumoniae	ST48	OXA-1;TEM-1D.v1^	CTX-M-15	-	aac(6')-Ib-cr.v2;strA.v1^;strB.v1	qnrB1.v2^	tet(A).v1	sul1;sul2	0	1
ERR1616677	Klebsiella pneumoniae	ST2211	-	CTX-M-9	-	aadA2;ant(2'')-Ia	qnrA1^	-	sul1	0	1
ERR1616680	Klebsiella pneumoniae	ST37	TEM-1D.v1^	CTX-M-3	-	aac(6')-Ib-cr.v2;aadA16*	qnrB6^	tet(D)	sul1	0	1
ERR1616683	Klebsiella pneumoniae	ST896	-	CTX-M-14^	-	strA.v1^;strB.v1	qnrS1	tet(A).v1	sul1;sul2	4	1
ERR1616705	Klebsiella pneumoniae	ST104	-	-	-	-	-	-	-	0	0
ERR1616727	Klebsiella pneumoniae	ST1242-1LV	-	CTX-M-15	-	-	-	-	-	1	1
ERR1616739	Klebsiella pneumoniae	ST869	LAP-2	CTX-M-14	-	aac(3)-IId^	qnrS1	tet(A).v1	sul1	0	1
ERR1618467	Klebsiella pneumoniae	ST3822	OXA-1;TEM-1D.v1^	CTX-M-15	-	aac(6')-Ib-cr.v2;aadA;strA.v1^;strB.v1	qnrB1.v2^	tet(A).v1	sul1;sul2	0	1
ERR1618484	Klebsiella pneumoniae	ST307	SCO-1	CTX-M-15	-	aac(3)-IIa.v1;strA.v1*;strB.v1*	-	-	sul2	0	1
ERR1618810	Klebsiella pneumoniae	ST14	OXA-1;TEM-1D.v1^	CTX-M-15	-	aac(3)-IIa.v1^;aac(6')-Ib-cr.v2;strA.v1^;strB.v1	qnrB1.v2^	tet(A).v1	sul2	0	1
ERR1618814	Klebsiella pneumoniae	ST105	TEM-1D.v1^	CTX-M-15	-	strA.v1^;strB.v1	qnrS1	tet(A).v1*	sul2	0	1
ERR1618829	Klebsiella pneumoniae	ST37	TEM-1D.v1^	CTX-M-3	-	aac(6')-Ib-cr.v2;aadA16*	qnrB6^	tet(D)	sul1;sul1	0	1
ERR1618833	Klebsiella pneumoniae	ST1427	OXA-1;TEM-1D.v1^	CTX-M-15	-	aac(3)-IIa.v1^;aac(6')-Ib-cr.v2;strA.v1^;strB.v1	qnrB1.v2^	tet(A).v1	sul2	0	1
ERR1618839	Klebsiella pneumoniae	ST869	LAP-2	CTX-M-14	-	aac(3)-IId^	qnrS1	tet(A).v1	sul1	0	1
ERR1618844	Klebsiella pneumoniae	ST1626	OXA-1;TEM-1D.v1^	CTX-M-15	-	aac(3)-IIa.v1^;aac(6')-Ib-cr.v2;strA.v1^;strB.v1	qnrB1.v2^	tet(A).v1	sul2	0	1
ERR1640618	Klebsiella pneumoniae	ST152-1LV	OXA-1;TEM-1D.v1^	CTX-M-15	-	aac(3)-IIa.v1^;aac(6')-Ib-cr.v2;strA.v1^;strB.v1	qnrB1.v2^	tet(A).v1	sul2	0	1
ERR1640628	Klebsiella pneumoniae	ST482	TEM-1D.v1^	CTX-M-15	-	aac(3)-IIa.v1^;strA.v1^;strB.v1	qnrB1.v2^	-	sul2	0	1
ERR1640645	Klebsiella pneumoniae	ST3672	OXA-1;TEM-1D.v1^	CTX-M-15	-	aac(3)-IIa.v1^;aac(6')-Ib-cr.v2;strA.v1^;strB.v1	qnrB1.v2^	tet(A).v1	sul2	0	1
ERR1640653	Klebsiella pneumoniae	ST551	OXA-1;TEM-1D.v1^	CTX-M-15	-	aac(3)-IIa.v1^;aac(6')-Ib-cr.v2;strA.v1^;strB.v1	qnrB1.v2^	tet(A).v1	sul2	0	1
ERR1640676	Klebsiella pneumoniae	ST551	OXA-1;TEM-1D.v1^	CTX-M-15	-	aac(3)-IIa.v1^;aac(6')-Ib-cr.v2;strA.v1^;strB.v1	qnrB1.v2^	tet(A).v1	sul2	0	1
ERR1640679	Klebsiella pneumoniae	ST551	OXA-1;TEM-1D.v1^	CTX-M-15	-	aac(3)-IIa.v1^;aac(6')-Ib-cr.v2;strA.v1^;strB.v1	qnrB1.v2^	tet(A).v1	sul2	0	1
ERR1640687	Klebsiella pneumoniae	ST348	OXA-1;TEM-1D.v1^	CTX-M-15;SHV-12	-	aac(3)-IIa.v1^;aac(6')-Ib-cr.v2;aadA16*;strA.v1^;strB.v1	qnrB1.v1	tet(A).v1	sul1;sul2	1	1
ERR1640689	Klebsiella pneumoniae	ST2445	TEM-1D.v1^	CTX-M-15;SHV-99* +175A	-	aac(3)-IId^;strA.v1*;strB.v1*	qnrB1.v1	-	sul2	1	1
ERR1640697	Klebsiella pneumoniae	ST405	TEM-1D.v1^	CTX-M-15	-	aac(3)-IId^	-	-	sul2	0	1
ERR1640709	Klebsiella pneumoniae	ST26-1LV	TEM-1D.v1^	CTX-M-15	-	aac(3)-IIa.v1;aadA^	-	tet(A).v1	sul1^	0	1
ERR1640714	Klebsiella pneumoniae	ST348	TEM-1D.v1^	CTX-M-15	-	aac(3)-IId^	-	-	sul2	1	1
ERR1640719	Klebsiella pneumoniae	ST503-2LV	TEM-1D.v1^	CTX-M-15	-	aac(3)-IId^	-	-	sul2	0	1
ERR1640731	Klebsiella pneumoniae	ST530	TEM-1D.v1^	CTX-M-15	-	aac(3)-IId^	-	-	sul2	1	1
ERR1640741	Klebsiella pneumoniae	ST372	TEM-1D.v1^	CTX-M-15	-	aac(3)-IId^	-	-	sul2	1	1
ERR1640762	Klebsiella pneumoniae	ST482	OXA-1;TEM-1D.v1^	CTX-M-15	-	aac(3)-IIa.v1^;aac(6')-Ib-cr.v2;strA.v1^;strB.v1	qnrB1.v2^	tet(A).v1	sul2	0	1
ERR1761466	Klebsiella variicola subsp. variicola	ST347	-	-	KPC-2	aadA*;sat-2	-	-	-	0	2
ERR1795939	Klebsiella quasipneumoniae subsp. quasipneumoniae	ST2351	-	-	-	aadA2	-	-	sul1	0	0
ERR1795963	Klebsiella pneumoniae	ST6	-	-	-	-	-	-	-	1	0
ERR1795965	Klebsiella pneumoniae	ST6	-	-	-	-	-	-	-	1	0
ERR1795970	Klebsiella quasipneumoniae subsp. similipneumoniae	ST740	-	-	-	-	-	-	-	0	0
ERR1796009	Klebsiella pneumoniae	ST1999	TEM-1D.v1^	-	-	strA.v1^;strB.v1	-	tet(A).v1	sul1?;sul2*	0	0
ERR1796018	Klebsiella pneumoniae	ST3020	TEM-1D.v1^	-	-	aac(3)-IIa.v1;strA.v1*	qnrS1	tet(D)	sul2	0	0
ERR1796021	Klebsiella variicola subsp. variicola	ST360	-	-	-	-	-	-	-	0	0
ERR1796036	Klebsiella variicola subsp. variicola	ST3015	-	-	-	-	-	-	-	0	0
ERR1796041	Klebsiella pneumoniae	ST54	-	-	-	-	-	tet(D)	-	0	0
ERR1796057	Klebsiella variicola subsp. variicola	ST3016	-	-	-	-	-	-	-	0	0
ERR1811832	Klebsiella pneumoniae	ST20	-	-	OXA-48	-	qnrB7^	-	-	1	2
ERR1811836	Klebsiella pneumoniae	ST198	-	CTX-M-15	OXA-48	aadA5	qnrS1	-	sul1	1	2
ERR1813605	Klebsiella pneumoniae	ST20	-	-	OXA-48	-	qnrB7^	-	-	1	2
ERR1829920	Klebsiella quasipneumoniae subsp. similipneumoniae	ST1308	-	-	OXA-48	-	-	-	-	0	2
ERR1829921	Klebsiella pneumoniae	ST922	-	-	OXA-48	-	-	-	-	0	2
ERR1840991	Klebsiella quasipneumoniae subsp. similipneumoniae	ST1308	-	-	OXA-48	-	-	-	-	0	2
ERR1852778	Klebsiella pneumoniae	ST111	OXA-1	CTX-M-15	-	aac(3)-IIa.v1^;aac(6')-Ib-cr.v2	qnrB1.v2^	tet(A).v1	-	1	1
ERR1852827	Klebsiella quasipneumoniae subsp. quasipneumoniae	ST2981-4LV	TEM-1D.v1^	CTX-M-15	-	aac(3)-IId^;aac(6')-Ib-cr.v2;aadA16*;aph3-Ia.v1;strA.v1^;strB.v1	qnrB6^	-	sul1;sul1;sul2*	0	1
ERR1852840	Klebsiella quasipneumoniae subsp. similipneumoniae	ST488-3LV	OXA-1	CTX-M-15	-	aac(3)-IIa.v1^;aac(6')-Ib-cr.v2;strA.v1^;strB.v1	qnrB1.v2^	tet(A).v1	sul2	0	1
ERR1852856	Klebsiella pneumoniae	ST340	OXA-1;OXA-10	CTX-M-15	-	aadA*	-	tet(A).v1	-	1	1
ERR1852866	Klebsiella pneumoniae	ST307	OXA-1;TEM-206	CTX-M-15	-	aac(3)-IIa.v1^;aac(6')-Ib-cr.v2;strA.v1^;strB.v1	qnrB1.v2^	tet(A).v1	sul2	0	1
ERR1852873	Klebsiella pneumoniae	ST1	OXA-1;OXA-10;TEM-1D.v1^	CTX-M-15	-	aac(3)-IIa.v1^;aac(6')-Ib-cr.v2;aadA*;aadA2;aph(3')-Ia?	qnrS1	-	sul1;sul2	0	1
ERR1852896	Klebsiella quasipneumoniae subsp. similipneumoniae	ST1887-2LV	TEM-1D.v1^	CTX-M-15	NDM-1	aac(3)-IId^;aac(6')-Ib-cr.v2;aadA16*;aph3-Ia.v1;rmtC;strA.v1^;strB.v1	-	tet(A).v1	sul1;sul2*	0	2
ERR1852912	Klebsiella quasipneumoniae subsp. similipneumoniae	ST3884-3LV	OXA-1;TEM-1D.v1^	CTX-M-15	NDM-1	aac(6')-Ib-cr.v2;rmtC;strA.v1^;strB.v1	qnrB1.v2^	tet(A).v1	sul1*;sul2	0	2
ERR1852922	Klebsiella pneumoniae	ST340	OXA-1;TEM-1D.v1^	CTX-M-15	NDM-1	aac(3)-IIa.v1^;aac(6')-Ib-cr.v2;aadA2;aph3-Ia.v1^;rmtC;strA.v1^;strB.v1	qnrB1.v2^	tet(A).v1	sul1*;sul2	0	2
ERR1852930	Klebsiella pneumoniae	ST273	-	-	-	-	-	-	-	0	0
ERR1852936	Klebsiella quasipneumoniae subsp. similipneumoniae	ST736	OXA-1	-	NDM-1	aac(6')-Ib-cr.v2;aadA2^;armA	qnrB1.v2^	-	sul1	0	2
ERR1852937	Klebsiella pneumoniae	ST3521	OXA-4	SHV-12	IMP-4	aac(6')-Ib4;aadA2;strA.v1^	qnrB2.v1^;qnrB4	tet(A).v1*	sul1;sul1;sul2	0	2
ERR1853002	Klebsiella variicola subsp. variicola	ST355-1LV	OXA-10	SHV-12	NDM-1	aac(6')-Ib3^;aadA*;aph(3')-Ia	qnrA1	-	sul1;sul1;sul2	0	2
ERR1853025	Klebsiella quasipneumoniae subsp. similipneumoniae	ST1859	TEM-1D.v1^	CTX-M-15	NDM-7	aac(3)-IId^;aac(6')-Ib-cr.v2;aadA16*	qnrB6^	tet(A).v1	sul1;sul1	0	2
ERR1853033	Klebsiella quasipneumoniae subsp. similipneumoniae	ST1859	TEM-1D.v1^	CTX-M-15	NDM-7	aac(3)-IId^;aac(6')-Ib-cr.v2;aadA16*	qnrB6^	tet(A).v1	sul1;sul1	0	2
ERR1853035	Klebsiella pneumoniae	ST22	DHA-1^;TEM-1D.v1^	CTX-M-15	NDM-1	aac(3)-IId^;aac(6')-Ib-cr.v2;aadA16*;rmtC	qnrB4;qnrB6^	tet(A).v1;tet(D)	sul1	1	2
ERR1853046	Klebsiella pneumoniae	ST340	OXA-1;TEM-1D.v1^	CTX-M-15	NDM-1	aac(3)-IIa.v1^;aac(6')-Ib-cr.v2;aadA2;rmtC;strA.v1^;strB.v1	qnrB1.v2^	tet(A).v1	sul1*;sul2	0	2
ERR1853051	Klebsiella quasipneumoniae subsp. similipneumoniae	ST384	OXA-1;TEM-1D.v1^	CTX-M-15	NDM-1	aac(3)-IIa.v1^;aac(6')-Ib-cr.v2;rmtC;strA.v1^;strB.v1	qnrB1.v2^	tet(A).v1	sul1*;sul2	0	2
ERR1853058	Klebsiella quasipneumoniae subsp. similipneumoniae	ST1887-2LV	DHA-1	-	-	aadA2^;aph3-Ia.v1^	qnrB4	tet(A).v1	sul1;sul2	0	0
ERR1853070	Klebsiella quasipneumoniae subsp. similipneumoniae	ST480-2LV	-	-	NDM-7	-	-	-	-	0	2
ERR1853078	Klebsiella pneumoniae	ST378	OXA-1*	CTX-M-15	KPC-2	aac(3)-IIa.v1^;aac(6')-Ib'.v1;aadA2^;strA.v1^;strB.v1	qnrB1.v1	tet(A).v1	sul1;sul2	0	2
ERR1853086	Klebsiella pneumoniae	ST789	-	-	-	aac(6')-Ib-cr.v2;aadA16*;aph(3')-Ia	qnrS1	-	sul1;sul2	0	0
ERR1853103	Klebsiella pneumoniae	ST628	LAP-2;OXA-1;TEM-1D.v1^	CTX-M-14;CTX-M-15	NDM-1	aac(3)-IId^;aac(6')-Ib;aadA5;aph(3')-Ia;rmtF	qnrS1	tet(A).v1	sul1;sul2	0	2
ERR1853105	Klebsiella pneumoniae	ST323	OXA-1;TEM-1D.v1^	CTX-M-15	NDM-1	aac(3)-IIa.v1^;aac(6')-Ib;aph(3')-Ia;rmtF;strA.v1^;strB.v1	qnrB1.v2^	tet(A).v1	sul2	1	2
ERR1853115	Klebsiella pneumoniae	ST372	TEM-1D.v1^	CTX-M-15	NDM-1	aac(3)-IId^;aac(6')-Ib-cr.v2;aadA16*;rmtC	qnrB6^	tet(A).v1	sul1	4	2
ERR1878485	Klebsiella pneumoniae	ST268	OXA-1;TEM-1D.v1^	CTX-M-15	-	aac(6')-Ib-cr.v2;strA.v1^;strB.v1	qnrB1.v2^	tet(A).v1	sul2	1	1
ERR1878493	Klebsiella pneumoniae	ST874	-	CTX-M-15	-	aph3-Ia.v1^	-	tet(D)	sul1	0	1
ERR1878499	Klebsiella pneumoniae	ST874	TEM-1D.v1^	CTX-M-15	-	aac(3)-IIa.v1^;aph3-Ia.v1^;strA.v1;strB.v1	-	tet(D)	sul1;sul2*	0	1
ERR1878523	Klebsiella pneumoniae	ST327	OXA-1;TEM-1D.v1^	CTX-M-15	-	aac(6')-Ib-cr.v2;strA.v1^;strB.v1	qnrB1.v2^	-	sul2	0	1
ERR1891166	Klebsiella pneumoniae	ST13	SCO-1;TEM-1D.v1^	CTX-M-15	-	aac(3)-IId^;aadA2^;aph3-Ia.v1^;strA.v1;strB.v1	-	tet(A).v1	sul1;sul2	1	1
ERR1891185	Klebsiella pneumoniae	ST13	TEM-1D.v1^	CTX-M-15	-	aac(3)-IId^;aadA2^;aph3-Ia.v1^;strA.v1;strB.v1	-	tet(A).v1	sul1;sul2	1	1
ERR1891370	Klebsiella pneumoniae	ST13	SCO-1;TEM-1D.v1^	CTX-M-15	-	aac(3)-IId^;aadA2^;aph3-Ia.v1^;strA.v1;strB.v1	-	tet(A).v1	sul1;sul2	1	1
ERR1891399	Klebsiella pneumoniae	ST25	LAP-2;OXA-1;TEM-1D.v1^	CTX-M-15	-	aac(3)-IIa.v1^;aac(6')-Ib-cr.v2;aph3-Ia.v1^;strA.v1;strB.v1	qnrB1.v2^;qnrS1	tet(A).v1*;tet(D)	sul1;sul2	0	1
ERR1891408	Klebsiella quasipneumoniae subsp. similipneumoniae	ST334	OXA-1;TEM-1D.v1^	CTX-M-15	-	aac(3)-IIa.v1^;aac(6')-Ib-cr.v2;aadA2;strA.v1^;strB.v1	qnrB1.v2^	tet(A).v1*;tet(D)	sul1;sul2	0	1
ERR2397410	Klebsiella pneumoniae	ST3597	-	-	-	-	-	-	-	1	0
ERR2397413	Klebsiella pneumoniae	ST200	-	-	-	-	-	-	-	0	0
ERR2397422	Klebsiella quasipneumoniae subsp. similipneumoniae	ST1584	TEM-1D.v1^	CTX-M-15	-	aac(6')-Ib-cr.v2;aadA16*	qnrB6^	tet(A).v1	sul1;sul1	0	1
ERR2397431	Klebsiella pneumoniae	ST1838	-	CTX-M-15;SHV-12	-	aac(2')-IIa*;aadA15^;aadA2^;ant(2'')-Ia;strA.v1;strB.v1	qnrA1	-	-	0	1
ERR2397432	Klebsiella pneumoniae	ST163	LAP-2;TEM-1D.v1^	CTX-M-15	-	-	qnrS1	tet(A).v1	-	0	1
ERR2397440	Klebsiella pneumoniae	ST540	TEM-1D.v1^	CTX-M-15	-	aac(3)-IId^;aac(6')-Ib-cr.v2;aph3-Ia.v1;strA.v1^;strB.v1	qnrB6^	tet(A).v1	sul1;sul2*	0	1
ERR2397456	Klebsiella pneumoniae	ST48	OXA-1;TEM-1D.v1^	-	OXA-232	aac(3)-IIa.v1^;aac(6')-Ib-cr.v2;aadA2^;aph3-Ia.v1^;strA.v1^;strB.v1	-	-	sul1;sul2^	1	2
ERR2397551	Klebsiella pneumoniae	ST3589	-	-	-	-	-	-	-	4	0
ERR2397558	Klebsiella pneumoniae	ST2426	-	-	-	-	-	-	-	1	0
ERR2397577	Klebsiella pneumoniae	ST2948	TEM-1D.v1^	CTX-M-63	-	aac(3)-IId^;aph(3')-IIa;strA.v1;strB.v1	qnrS1	tet(A).v1^	-	3	1
ERR2497243	Klebsiella pneumoniae	ST372	TEM-1D.v1^	CTX-M-15	-	aac(3)-IId^	-	-	sul2	0	1
ERR2497258	Klebsiella pneumoniae	ST985-1LV	TEM-1D.v1^	CTX-M-15	-	aac(3)-IIa.v1^;strA.v1^;strB.v1	qnrB1.v2^	-	sul2	0	1
ERR2497262	Klebsiella pneumoniae	ST340	OXA-1;OXA-10;TEM-1D.v1^	CTX-M-15	-	aac(6')-Ib-cr.v2;aadA*;aadA2	-	tet(D)	sul1;sul2	0	1
ERR2497266	Klebsiella pneumoniae	ST340	OXA-1;OXA-10;TEM-1D.v1^	CTX-M-15	-	aac(6')-Ib-cr.v2;aadA*;aadA2	-	tet(D)	sul1;sul2	0	1
ERR2497302	Klebsiella quasipneumoniae subsp. similipneumoniae	ST2144	OXA-1;TEM-1D.v1^	CTX-M-15	-	aac(3)-IId^;aac(6')-Ib-cr.v2;aadA2^;aph3-Ia.v1^;strA.v1^;strB.v1	qnrB1.v2^	tet(B).v2*	sul1;sul2	0	1
ERR2523296	Klebsiella pneumoniae	ST258	-	-	-	aac(6')-Ib'.v1*;aph3-Ia.v1^	-	-	sul1	0	0
ERR257650	Klebsiella quasipneumoniae subsp. similipneumoniae	ST1031	OXA-1;TEM-1D.v1^	CTX-M-15	-	aac(3)-IIa.v1^;aac(6')-Ib-cr.v2;aadA^;strA.v1*;strB.v1	qnrB2.v1^	-	sul1;sul1;sul2	0	1
ERR257670	Klebsiella pneumoniae	ST874	-	-	-	-	-	-	-	0	0
ERR257689	Klebsiella quasipneumoniae subsp. similipneumoniae	ST4096	-	-	-	-	-	-	-	0	0
ERR2586356	Klebsiella pneumoniae	ST412	-	-	-	-	-	-	-	3	0
ERR2586379	Klebsiella quasipneumoniae subsp. similipneumoniae	ST367	-	-	-	-	-	-	-	4	0
ERR2586407	Klebsiella pneumoniae	ST828	LAP-2	-	-	aadA2^;aadA^;strA.v1^;strB.v1	qnrS1	tet(A).v1*	sul3	4	0
ERR2631536	Klebsiella pneumoniae	ST307	OXA-1;TEM-1D.v1^	CTX-M-15	-	aac(3)-IIa.v1^;aac(6')-Ib-cr.v2;aph3-Ia.v1^;strA.v1^;strB.v1	qnrB1.v2^	tet(A).v1	sul2	0	1
ERR264504	Klebsiella pneumoniae	ST405	OXA-1;TEM-1D.v1^	CTX-M-15	OXA-48	aac(3)-IIa.v1^;aac(6')-Ib-cr.v2;strA.v1^;strB.v1	qnrB1.v2^	tet(A).v1	sul2	1	2
ERR264522	Klebsiella pneumoniae	ST437	CMY-2.v2	CTX-M-55	OXA-245	aac(3)-IId^	-	-	-	1	2
ERR264523	Klebsiella pneumoniae	ST437	CMY-2.v2	CTX-M-55	OXA-245	aac(3)-IId^	-	-	-	1	2
ERR264527	Klebsiella pneumoniae	ST11	OXA-1;TEM-1D.v1^	CTX-M-15	OXA-48	aac(6')-Ib-cr.v2;strA.v1^;strB.v1	qnrB1.v1	-	sul2	1	2
ERR264560	Klebsiella pneumoniae	ST405	OXA-1;TEM-1D.v1^	CTX-M-15	OXA-48	aac(3)-IIa.v1^;aac(6')-Ib-cr.v2;strA.v1^;strB.v1	qnrB1.v2^	-	sul2	1	2
ERR264572	Klebsiella pneumoniae	ST405	OXA-1;TEM-1D.v1^	CTX-M-15	OXA-48	aac(3)-IIa.v1^;aac(6')-Ib-cr.v2;strA.v1^;strB.v1	qnrB1.v2^	-	sul2	1	2
ERR2672819	Klebsiella pneumoniae	ST78	OXA-1;TEM-1D.v1^	CTX-M-15	NDM-1	aac(3)-IId^;aadA2^;aph(3')-VI;armA;sat-2	qnrB1.v2^	tet(D)	sul1;sul1	1	2
ERR2673192	Klebsiella pneumoniae	ST405	OXA-1;TEM-1D.v1^	CTX-M-15	OXA-48	aac(3)-IIa.v1^;aac(6')-Ib-cr.v2;strA.v1^;strB.v1	qnrB1.v2^	-	sul2	1	2
ERR2673193	Klebsiella pneumoniae	ST405	OXA-1;TEM-1D.v1^	CTX-M-15	OXA-48	aac(3)-IIa.v1^;aac(6')-Ib-cr.v2;strA.v1^;strB.v1	qnrB1.v2^	-	sul2	1	2
ERR2673218	Klebsiella pneumoniae	ST405	OXA-1;TEM-1D.v1^	CTX-M-15	OXA-48	aac(3)-IIa.v1^;aac(6')-Ib-cr.v2;strA.v1^;strB.v1	qnrB1.v2^	-	sul2	1	2
ERR2681443	Klebsiella pneumoniae	ST280	OXA-1;TEM-1D.v1^	CTX-M-15	-	aac(3)-IIa.v1^;aac(6')-Ib-cr.v2;strA.v1^;strB.v1	qnrB1.v2^	tet(A).v1	sul2	0	1
ERR2743733	Klebsiella pneumoniae	ST345	OXA-9.v1;TEM-1D.v1^	CTX-M-2	KPC-2	aac(3)-IIa.v1;aac(6')-Ib'.v2;aadA*;aadA2;aph(3')-VIa*	-	-	sul1;sul1	0	3
ERR276946	Klebsiella pneumoniae	ST490	OXA-1;TEM-1D.v1^	CTX-M-15	-	aac(3)-IIa.v1^;aac(6')-Ib-cr.v2;strA.v1^;strB.v1	qnrB1.v2^	tet(A).v1	sul2	0	1
ERR276953	Klebsiella pneumoniae	ST16	TEM-1D.v1^	CTX-M-15	-	aac(3)-IId^;aadA2^	-	-	sul1	0	1
ERR276979	Klebsiella pneumoniae	ST35	-	-	-	-	-	-	-	4	0
ERR276984	Klebsiella pneumoniae	ST105	-	-	-	-	-	-	-	1	0
ERR276985	Klebsiella pneumoniae	ST26-1LV	TEM-1D.v1^	-	-	aadA2^;aph3-Ia.v1^;strA.v1;strB.v1	qnrS1	tet(A).v1	sul1;sul2	0	0
ERR279214	Klebsiella pneumoniae	ST3	-	-	-	-	-	-	-	5	0
ERR296677	Klebsiella pneumoniae	ST499	-	SHV-2A^	-	strA.v1*;strB.v1	-	-	sul2	0	1
ERR298789	Klebsiella pneumoniae	ST405	OXA-1;TEM-1D.v1^	CTX-M-15	OXA-48	aac(3)-IIa.v1^;aac(6')-Ib-cr.v2;strA.v1^;strB.v1	qnrB1.v2^	tet(A).v1	sul2	1	2
ERR298790	Klebsiella pneumoniae	ST405	OXA-1	CTX-M-15	OXA-48	aac(6')-Ib-cr.v2;strA.v1^	qnrB1.v2^	tet(A).v1	sul2	1	2
ERR298807	Klebsiella pneumoniae	ST846	OXA-1	-	OXA-48	aac(6')-Ib-cr.v2	qnrB1.v2^	tet(A).v1	-	0	2
ERR298809	Klebsiella pneumoniae	ST405	OXA-1;TEM-1D.v1^	CTX-M-15	OXA-48	aac(3)-IIa.v1^;aac(6')-Ib-cr.v2;strA.v1^;strB.v1	qnrB1.v2^	-	sul2	1	2
ERR298811	Klebsiella pneumoniae	ST405	OXA-1;TEM-1D.v1^	CTX-M-15	OXA-48	aac(3)-IIa.v1^;aac(6')-Ib-cr.v2;strA.v1^;strB.v1	-	-	sul2	1	2
ERR298820	Klebsiella pneumoniae	ST340	-	-	VIM-1	aac(6')-Ib4^;aadA1.v1^;aadA2^;aph3-Ia.v1^;strA.v1^;strB.v1	-	-	sul1;sul2	0	2
ERR298838	Klebsiella pneumoniae	ST340	-	-	VIM-1	aac(6')-Ib4^;aadA1.v1^;aadA2^;aph3-Ia.v1^;strA.v1^;strB.v1	-	-	sul1;sul2	0	2
ERR303237	Klebsiella pneumoniae	ST375	-	-	-	-	-	-	-	3	0
ERR304788	Klebsiella pneumoniae	ST983-1LV	OXA-1	-	-	aadA*	-	tet(A).v1	sul1	0	0
ERR304790	Klebsiella pneumoniae	ST17-1LV	-	-	-	-	-	-	-	0	0
ERR304791	Klebsiella quasipneumoniae subsp. quasipneumoniae	ST622-2LV	-	-	-	-	-	-	-	0	0
ERR3063428	Klebsiella pneumoniae	ST437	TEM-1D.v1^	CTX-M-15	NDM-7	aac(6')-Ib'.v1*;aadA*;aph3-Ia.v1^;rmtF	qnrS1	-	sul1	0	2
ERR3063433	Klebsiella pneumoniae	ST437	TEM-1D.v1^	CTX-M-15	NDM-7	aadA*;aph3-Ia.v1^	-	-	sul1	0	2
ERR3063466	Klebsiella pneumoniae	ST437	TEM-1D.v1^	CTX-M-15	NDM-7	aadA*;aph3-Ia.v1^	qnrS1	-	sul1	0	2
ERR314401	Klebsiella pneumoniae	ST215	-	-	-	aadA^	-	tet(D)	sul1	0	0
ERR3144676	Klebsiella pneumoniae	ST433	-	-	-	-	-	-	-	0	0
ERR3144678	Klebsiella pneumoniae	ST3991	-	-	-	aadA^	-	-	sul1	0	0
ERR3144707	Klebsiella pneumoniae	ST39	OXA-1;TEM-1D.v1^	CTX-M-15	-	aac(3)-IIa.v1^;aac(6')-Ib-cr.v2;strA.v1^;strB.v1	qnrB1.v2^	tet(A).v1	sul2	1	1
ERR3144720	Klebsiella pneumoniae	ST134	-	-	-	-	-	-	-	0	0
ERR3144728	Klebsiella quasipneumoniae subsp. similipneumoniae	ST4088	-	-	-	-	-	-	-	0	0
ERR3144731	Klebsiella pneumoniae	ST39	OXA-1;TEM-1D.v1^	CTX-M-15	-	aac(3)-IIa.v1^;aac(6')-Ib-cr.v2;strA.v1^;strB.v1	qnrB1.v2^	tet(A).v1	sul2	1	1
ERR3144733	Klebsiella pneumoniae	ST160	-	-	-	-	-	-	-	0	0
ERR3144762	Klebsiella pneumoniae	ST71	-	-	-	-	-	-	-	0	0
ERR3144764	Klebsiella pneumoniae	ST37	-	-	-	-	-	-	-	0	0
ERR314490	Klebsiella pneumoniae	ST280	OXA-1;TEM-1D.v1^	CTX-M-15*	-	aac(3)-IIa.v1^;aac(6')-Ib-cr.v2;strA.v1^;strB.v1	qnrB1.v2^	tet(A).v1	sul2	0	1
ERR314534	Klebsiella pneumoniae	ST48	-	CTX-M-14^	-	aadA2^;strA.v1^;strB.v1	-	-	sul1;sul2^	1	1
ERR314543	Klebsiella pneumoniae	ST48	-	CTX-M-14^	-	aadA2^;aph3-Ia.v1^;strA.v1^;strB.v1	-	-	sul1;sul2^	1	1
ERR314563	Klebsiella pneumoniae	ST378	-	-	-	-	-	-	-	0	0
ERR314565	Klebsiella pneumoniae	ST134	-	-	-	-	-	-	-	0	0
ERR315114	Klebsiella pneumoniae	ST70	OXA-1;TEM-1D.v1^	CTX-M-15	-	aac(3)-IIa.v1^;aac(6')-Ib-cr.v2;strA.v1^;strB.v1	qnrB1.v2^	tet(A).v1	sul2	1	1
ERR315117	Klebsiella pneumoniae	ST2814	-	-	-	-	-	-	-	0	0
ERR315136	Klebsiella quasipneumoniae subsp. quasipneumoniae	ST2822	OXA-1;TEM-1D.v1^	CTX-M-15	-	aac(3)-IIa.v1^;aac(6')-Ib-cr.v2;strA.v1^;strB.v1	qnrB1.v2^	tet(A).v1	sul2	0	1
ERR315137	Klebsiella pneumoniae	ST17	SCO-1;TEM-1D.v1^	CTX-M-15	-	aac(3)-IIa.v1;strA.v1*;strB.v1*	-	tet(D)	sul2	1	1
ERR315138	Klebsiella pneumoniae	ST48	OXA-1;TEM-1D.v1^	CTX-M-15	-	aac(3)-IIa.v1^;aac(6')-Ib-cr.v2;strA.v1^;strB.v1	-	tet(A).v1	sul2^	1	1
ERR315159	Klebsiella pneumoniae	ST101	OXA-1;OXA-9.v1;TEM-1D.v1^	CTX-M-15	-	aac(3)-IIa.v1;aac(6')-Ib-cr.v2;aadA*;strA.v1*;strB.v1*	-	tet(D)	sul2	0	1
ERR315161	Klebsiella variicola subsp. variicola	ST2820	-	-	-	-	-	-	-	0	0
ERR3162532	Klebsiella quasipneumoniae subsp. quasipneumoniae	ST3274-2LV	-	-	-	-	-	-	-	0	0
ERR3162567	Klebsiella pneumoniae	ST273	OXA-1;TEM-1D.v1^	-	OXA-181	aac(3)-IIa.v1^;aac(6')-Ib-cr.v2;aadA2^	qnrS1	-	sul1	0	2
ERR3162576	Klebsiella pneumoniae	ST2053-1LV	-	-	-	-	-	-	-	0	0
ERR3162601	Klebsiella pneumoniae	ST231	TEM-1D.v1^	-	OXA-232	aac(6')-Ib;aadA2^;rmtF	qepA2*	-	sul1	1	2
ERR3162621	Klebsiella pneumoniae	ST2096	OXA-1;TEM-1D.v1^	CTX-M-15	OXA-232	aac(6')-Ib-cr.v2*;aadA2^;armA*;sat-2	-	tet(D)	sul1	4	2
ERR3162622	Klebsiella pneumoniae	ST268	-	-	-	-	-	-	-	5	0
ERR3162634	Klebsiella pneumoniae	ST3609	OXA-1;TEM-1D.v1^	CTX-M-15	NDM-1	aac(3)-IId^;aac(6')-Ib-cr.v2;aph(3')-VI;strA.v1^;strB.v1	qnrS1	tet(D)	sul2	0	2
ERR3162641	Klebsiella pneumoniae	ST828	-	-	-	-	-	-	-	4	0
ERR3162645	Klebsiella pneumoniae	ST420	-	-	-	-	-	-	-	4	0
ERR319506	Klebsiella pneumoniae	ST290	OXA-1;TEM-1D.v1^	CTX-M-15	-	aac(3)-IIa.v1^;aac(6')-Ib-cr.v2;strA.v1^;strB.v1	qnrB1.v2^	tet(A).v1	sul2	0	1
ERR319515	Klebsiella quasipneumoniae subsp. similipneumoniae	ST334	-	-	-	strA.v1;strB.v1	-	tet(A).v1	sul2	0	0
ERR319529	Klebsiella pneumoniae	ST2797	-	-	-	-	-	-	-	0	0
ERR319558	Klebsiella pneumoniae	ST2802-1LV	TEM-1D.v1^	-	-	strA.v1;strB.v1	-	tet(D)	sul1;sul2	0	0
ERR319565	Klebsiella pneumoniae	ST788	-	-	-	-	-	-	-	0	0
ERR319580	Klebsiella quasipneumoniae subsp. quasipneumoniae	ST2825-1LV	-	-	-	-	-	-	-	0	0
ERR319592	Klebsiella pneumoniae	ST14	TEM-1D.v1^	CTX-M-15	-	aac(3)-IId^;aadA	-	tet(D)	sul1;sul2	0	1
ERR323225	Klebsiella pneumoniae	ST2808	OXA-1;TEM-1D.v1^	CTX-M-15	-	aac(3)-IIa.v1^;aac(6')-Ib-cr.v2;aadA^;strA.v1^;strB.v1	-	-	sul1*;sul2	0	1
ERR323226	Klebsiella pneumoniae	ST2808	OXA-1;TEM-1D.v1^	CTX-M-15	-	aac(3)-IIa.v1^;aac(6')-Ib-cr.v2;aadA^;strA.v1^;strB.v1	-	-	sul1*;sul2	0	1
ERR3363828	Klebsiella pneumoniae	ST15	CMY-16^;OXA-1;OXA-10;OXA-9.v1	CTX-M-15	NDM-1	aadA2^;aph(3')-VI;armA;strA.v1^;strB.v1	qnrA6^	tet(A).v2	sul1;sul2	1	2
ERR3363829	Klebsiella pneumoniae	ST35	-	-	OXA-181	-	qnrS1	-	-	0	2
ERR3371899	Klebsiella pneumoniae	ST258	-	-	KPC-2	aac(3)-IV;aac(6')-Ib'.v1;aadA2;aadA^;aph(4)-Ia;aph3-Ia.v1^	-	-	sul1;sul3	0	2
ERR3371913	Klebsiella pneumoniae	ST268	CMY-6	-	NDM-1	aac(6')-Ib3^;rmtC	-	-	sul1	0	2
ERR3371917	Klebsiella pneumoniae	ST429	CMY-6;OXA-1;TEM-1D.v1^	CTX-M-15	NDM-1	aac(3)-IIa.v1^;aac(6')-Ib-cr.v2*;rmtC;strA.v1^;strB.v1	qnrB1.v2^	tet(A).v1	sul1;sul2	1	2
ERR3372022	Klebsiella pneumoniae	ST629	TEM-1D.v1^	-	KPC-2	aac(6')-Ib-cr.v2;aadA16*;strA.v1*;strB.v1*	qnrB6^	tet(D)	sul1;sul2	0	2
ERR3372079	Klebsiella pneumoniae	ST551	OXA-1;TEM-1D.v1^	CTX-M-15	KPC-2	aac(3)-IIa.v1^;aac(6')-Ib-cr.v2;strA.v1^;strB.v1	qnrB1.v2^	tet(A).v1	sul2	0	2
ERR3372081	Klebsiella pneumoniae	ST25	OXA-1;TEM-1D.v1^	-	KPC-2	aac(3)-IId^;aac(6')-Ib-cr.v2^	qnrB19^	-	sul1	1	2
ERR3372084	Klebsiella pneumoniae	ST3660	-	-	KPC-2	aph(3')-VIa*	-	-	-	0	2
ERR3372091	Klebsiella pneumoniae	ST70	-	-	-	-	-	-	-	0	0
ERR3372095	Klebsiella pneumoniae	ST225	-	-	-	-	-	-	-	0	0
ERR3372101	Klebsiella pneumoniae	ST1799	OXA-1;OXA-9.v1;TEM-1D.v1^	-	-	aac(3)-IIa.v1^;aac(6')-Ib'.v1;aadA*;aadA2	-	tet(A).v1;tet(B).v2*	sul1	1	0
ERR3372129	Klebsiella pneumoniae	ST252	SCO-1;TEM-1D.v1^	PER-2	KPC-2	aac(3)-IIa.v1;aac(6')-Iq;aadA	-	tet(B).v2*	sul1	0	2
ERR3372184	Klebsiella pneumoniae	ST2035	OXA-1;TEM-1D.v1^	CTX-M-15	KPC-2	aac(3)-IIa.v1^;aac(6')-Ib-cr.v2;aadA*;sat-2;strA.v1^;strB.v1	qnrB1.v2^	tet(A).v1	sul2	0	2
ERR3372269	Klebsiella quasipneumoniae subsp. similipneumoniae	ST1044	OXA-9.v1	SHV-5	KPC-2	aac(6')-Ib'.v1	-	tet(B).v2*;tet(C)	sul1	0	2
ERR3372281	Klebsiella pneumoniae	ST629	TEM-1D.v1^	-	KPC-2	aac(6')-Ib-cr.v2;strA.v1*;strB.v1*	qnrB6^	tet(D)	sul1;sul2	0	2
ERR3372283	Klebsiella pneumoniae	ST629	TEM-1D.v1^	-	KPC-2	aac(6')-Ib-cr.v2;aadA16*;strA.v1*;strB.v1*	qnrB6^	tet(D)	sul1;sul2	0	2
ERR3372301	Klebsiella pneumoniae	ST629	OXA-1	-	KPC-3	aac(6')-Ib-cr.v2;rmtG	qnrB2.v1^	tet(A).v2	sul1;sul1;sul2	1	2
ERR3372303	Klebsiella pneumoniae	ST629	TEM-1D.v1^	-	KPC-2	aac(6')-Ib-cr.v2;aadA16*;strA.v1*;strB.v1*	qnrB6^	tet(D)	sul1;sul2	0	2
ERR3381669	Klebsiella pneumoniae	ST111	OXA-9.v1	-	KPC-2	aac(6')-Ib'.v1*;aadA*	qnrB2.v1^	-	sul1;sul1	0	2
ERR3381697	Klebsiella pneumoniae	ST2982	OXA-1	CTX-M-15	KPC-2	aac(3)-IIa.v1^;aadA2	qnrB19^	tet(A).v1	sul1	0	2
ERR3381734	Klebsiella pneumoniae	ST258	-	-	KPC-2	aac(3)-IV;aac(6')-Ib'.v1;aadA2;aadA^;aph(4)-Ia;aph3-Ia.v1^	-	-	sul1;sul3	0	2
ERR3381739	Klebsiella pneumoniae	ST258	-	SHV-12	KPC-2	aac(3)-IV;aac(6')-Ib'.v1;aadA2;aadA^;aph(4)-Ia	-	-	sul3	0	2
ERR3381754	Klebsiella pneumoniae	ST323	-	-	KPC-2	-	-	-	-	0	2
ERR3381755	Klebsiella pneumoniae	ST323	OXA-1;TEM-1D.v1^	CTX-M-15	KPC-2	aac(3)-IIa.v1^;aac(6')-Ib-cr.v2;strA.v1^;strB.v1	qnrB1.v2^	tet(A).v1	sul2	0	2
ERR3403037	Klebsiella pneumoniae	ST2990-1LV	-	-	-	-	-	-	-	1	0
ERR3403041	Klebsiella pneumoniae	ST2990	-	-	-	-	-	-	-	1	0
ERR3415948	Klebsiella variicola subsp. variicola	ST2469	-	-	-	-	-	-	-	0	0
ERR3415991	Klebsiella variicola subsp. variicola	ST2488	-	-	-	-	-	-	-	0	0
ERR3416054	Klebsiella variicola subsp. variicola	ST919	TEM-1D.v1^	-	-	aadA2	-	-	sul1;sul2	0	0
ERR3424702	Klebsiella pneumoniae	ST1828-2LV	-	-	-	-	-	-	-	0	0
ERR3424707	Klebsiella pneumoniae	ST540	OXA-2;TEM-1D.v1^	CTX-M-2	-	aac(3)-IIa.v1;strA.v1^;strB.v1	-	tet(A).v1	sul1;sul1;sul2	0	1
ERR3424730	Klebsiella pneumoniae	ST502	OXA-2;TEM-1D.v1^	CTX-M-2	-	aac(3)-IIa.v1	-	-	sul1;sul1	0	1
ERR3424740	Klebsiella pneumoniae	ST2557	-	-	-	-	-	-	-	0	0
ERR3424741	Klebsiella pneumoniae	ST2557	-	-	-	-	-	-	-	0	0
ERR3424766	Klebsiella pneumoniae	ST290-1LV	-	-	-	-	-	-	-	0	0
ERR3424778	Klebsiella pneumoniae	ST889	-	-	-	-	-	-	-	0	0
ERR3424791	Klebsiella variicola subsp. variicola	ST3398	-	-	-	-	-	-	-	0	0
ERR3437051	Klebsiella pneumoniae	ST280	-	TEM-52^	-	aadA17*	-	-	-	1	1
ERR3437052	Klebsiella pneumoniae	ST1530	-	-	-	strA.v1*;strB.v1*	qnrB1.v1	-	sul2	1	0
ERR3437054	Klebsiella pneumoniae	ST2176	LAP-2	-	-	aac(3)-IId^;strA.v1;strB.v1	qnrS1	tet(D)	sul2	0	0
ERR3437055	Klebsiella pneumoniae	ST231	TEM-1D.v1^	SHV-2	-	aadA2^;aadA^;aph3-Ia.v1^	-	tet(A).v1	sul1	0	1
ERR3440400	Klebsiella pneumoniae	ST307	OXA-1	CTX-M-15	KPC-2	aac(3)-IIa.v1^;aac(6')-Ib-cr.v2;strA.v1^;strB.v1	qnrB1.v2^	tet(A).v1	sul2	0	2
ERR3448444	Klebsiella pneumoniae	ST199	OXA-2;TEM-1D.v1^	CTX-M-2	-	aac(3)-IIa.v1;strA.v1^	-	-	sul1;sul1;sul2	1	1
ERR3448449	Klebsiella pneumoniae	ST35	OXA-2;TEM-1D.v1^	CTX-M-2	-	aac(3)-IIa.v1	-	-	sul1;sul1	4	1
ERR3448454	Klebsiella pneumoniae	ST299	OXA-2;TEM-1D.v1^	CTX-M-2	-	aac(3)-IIa.v1;aadA*;sat-2	-	-	sul1;sul1	0	1
ERR3448887	Klebsiella pneumoniae	ST551	-	-	-	-	-	-	-	0	0
ERR3448889	Klebsiella pneumoniae	ST321	-	-	-	-	-	-	-	0	0
ERR3448899	Klebsiella pneumoniae	ST1106	-	-	-	-	-	-	-	0	0
ERR3448901	Klebsiella pneumoniae	ST629	TEM-1D.v1^	-	-	aac(3)-IId^;strA.v1*;strB.v1*	qnrS1	tet(A).v1	sul2	0	0
ERR3448914	Klebsiella pneumoniae	ST289-1LV	-	-	-	-	-	-	-	0	0
ERR3448929	Klebsiella pneumoniae	ST1079	-	-	-	-	-	-	-	0	0
ERR3448940	Klebsiella pneumoniae	ST45-2LV	-	-	-	-	-	-	-	0	0
ERR3448971	Klebsiella variicola subsp. variicola	ST2468-1LV	-	-	-	-	-	-	-	0	0
ERR3449026	Klebsiella pneumoniae	ST719	-	-	-	-	-	-	-	0	0
ERR3449028	Klebsiella pneumoniae	ST2482-1LV	-	-	-	-	-	-	-	0	0
ERR3449029	Klebsiella pneumoniae	ST881	-	-	-	-	-	tet(A).v1	sul1	3	0
ERR3449063	Klebsiella pneumoniae	ST20	-	-	-	-	-	-	-	0	0
ERR3449102	Klebsiella pneumoniae	ST163	-	-	-	-	-	-	-	0	0
ERR3449132	Klebsiella variicola subsp. variicola	ST919	-	-	-	-	-	-	-	0	0
ERR3449140	Klebsiella pneumoniae	ST1189	-	-	-	-	-	-	-	0	0
ERR3449141	Klebsiella pneumoniae	ST321	-	-	-	-	-	-	-	0	0
ERR3449143	Klebsiella pneumoniae	ST3655	-	-	-	-	-	-	-	0	0
ERR3449145	Klebsiella variicola subsp. variicola	ST355	-	-	-	-	-	-	-	0	0
ERR3449170	Klebsiella pneumoniae	ST54	-	-	-	-	-	-	-	0	0
ERR3449174	Klebsiella pneumoniae	ST3546-1LV	-	-	-	-	-	-	-	0	0
ERR3449180	Klebsiella variicola subsp. variicola	ST2586-1LV	-	-	-	-	-	-	-	0	0
ERR3449230	Klebsiella variicola subsp. variicola	ST1737-1LV	-	-	-	-	-	-	-	0	0
ERR3449231	Klebsiella variicola subsp. variicola	ST1737-1LV	-	-	-	-	-	-	-	0	0
ERR3449270	Klebsiella variicola subsp. variicola	ST597	-	-	-	-	-	-	-	0	0
ERR3449287	Klebsiella pneumoniae	ST297-3LV	-	-	-	-	-	-	-	0	0
ERR3449305	Klebsiella pneumoniae	ST3655	-	-	-	-	-	-	-	0	0
ERR3449306	Klebsiella quasipneumoniae subsp. similipneumoniae	ST138	-	-	-	-	-	-	-	0	0
ERR3449307	Klebsiella pneumoniae	ST534	-	-	-	-	-	-	-	0	0
ERR3449338	Klebsiella pneumoniae	ST502	-	-	-	-	-	-	-	0	0
ERR3449346	Klebsiella pneumoniae	ST3345	-	-	-	-	-	-	-	0	0
ERR3449350	Klebsiella pneumoniae	ST857	-	-	-	-	-	-	-	0	0
ERR3449355	Klebsiella pneumoniae	ST1017	-	-	-	-	-	-	-	0	0
ERR3449379	Klebsiella pneumoniae	ST661	-	-	-	-	-	-	-	0	0
ERR3449380	Klebsiella pneumoniae	ST221	-	-	-	-	-	-	-	0	0
ERR3449392	Klebsiella pneumoniae	ST1017	-	-	-	-	-	-	-	0	0
ERR3449440	Klebsiella pneumoniae	ST985	-	-	-	-	-	-	-	0	0
ERR3449447	Klebsiella pneumoniae	ST3655	-	-	-	-	-	-	-	0	0
ERR3449448	Klebsiella pneumoniae	ST3385	-	-	-	-	-	-	-	0	0
ERR3449454	Klebsiella pneumoniae	ST1307	-	-	-	-	-	-	-	1	0
ERR3449470	Klebsiella pneumoniae	ST340	OXA-1;TEM-1D.v1^	CTX-M-15	-	aac(3)-IId^;aac(6')-Ib-cr.v2;strA.v1^;strB.v1	-	tet(D)	sul2	0	1
ERR3449509	Klebsiella pneumoniae	ST1364-1LV	-	-	-	-	-	-	-	0	0
ERR3449530	Klebsiella pneumoniae	ST521-2LV	-	-	-	-	-	-	-	0	0
ERR3449532	Klebsiella pneumoniae	ST252	-	-	-	-	-	-	-	0	0
ERR3449541	Klebsiella pneumoniae	ST4387	-	-	-	-	-	-	-	1	0
ERR3449543	Klebsiella pneumoniae	ST321	-	-	-	-	qnrS1	-	-	0	0
ERR3449551	Klebsiella pneumoniae	ST234	-	-	VIM-1	aac(6')-Ib4^;aadA1.v1^;aphA15	qnrS1	-	-	0	2
ERR3449559	Klebsiella pneumoniae	ST35	-	-	-	-	-	-	-	0	0
ERR3449560	Klebsiella quasipneumoniae subsp. quasipneumoniae	ST144-2LV	-	-	-	-	-	-	-	0	0
ERR3453498	Klebsiella pneumoniae	ST307	OXA-1	CTX-M-15	KPC-3	aac(3)-IIa.v1^;aac(6')-Ib-cr.v2;strA.v1^;strB.v1	qnrB1.v2^	-	sul2	1	2
ERR3469781	Klebsiella pneumoniae	ST1754	-	-	-	strA.v1^;strB.v1	qnrS1	tet(A).v1;tet(B).v2*	sul2	0	0
ERR3469791	Klebsiella pneumoniae	ST727	-	-	-	-	-	-	-	0	0
ERR3469796	Klebsiella pneumoniae	ST46	-	-	-	-	-	-	-	0	0
ERR3469811	Klebsiella pneumoniae	ST2459	-	-	-	-	-	-	-	0	0
ERR3469826	Klebsiella pneumoniae	ST176	-	-	-	-	-	-	-	0	0
ERR3469862	Klebsiella pneumoniae	ST170-3LV	-	-	-	-	-	-	-	0	0
ERR3469867	Klebsiella pneumoniae	ST2418	-	-	VIM-1	aac(6')-Ib4^;aadA1.v1^;aphA15	qnrA1^	-	sul1	0	2
ERR3469868	Klebsiella pneumoniae	ST2418	-	-	VIM-1	aac(6')-Ib4^;aadA1.v1^;aphA15	qnrA1^	-	sul1	0	2
ERR3469881	Klebsiella pneumoniae	ST353	-	-	-	-	-	-	-	1	0
ERR3479908	Klebsiella pneumoniae	ST36	-	-	-	-	-	-	-	0	0
ERR3479915	Klebsiella pneumoniae	ST54	-	-	-	-	-	-	-	0	0
ERR3479951	Klebsiella pneumoniae	ST307-1LV	OXA-1;TEM-1D.v1^	CTX-M-15	-	aac(3)-IIa.v1^;aac(6')-Ib-cr.v2;strA.v1^;strB.v1	qnrB1.v2^	tet(A).v1	sul2	0	1
ERR3479952	Klebsiella pneumoniae	ST307-1LV	OXA-1	CTX-M-15	KPC-2	aac(6')-Ib-cr.v2;strA.v1^;strB.v1	qnrB1.v2^	-	sul2	1	2
ERR3480018	Klebsiella variicola subsp. variicola	ST347	-	-	-	-	-	-	-	0	0
ERR3480034	Klebsiella pneumoniae	ST4253	-	-	-	-	-	-	-	1	0
ERR3480035	Klebsiella pneumoniae	ST36-1LV	-	-	-	-	-	-	-	1	0
ERR3480037	Klebsiella pneumoniae	ST198	-	-	-	-	-	-	-	1	0
ERR3480052	Klebsiella pneumoniae	ST200	-	-	-	-	-	-	-	0	0
ERR3480074	Klebsiella pneumoniae	ST3345	-	-	-	-	-	-	-	0	0
ERR3480080	Klebsiella pneumoniae	ST187-1LV	-	-	-	-	-	-	-	0	0
ERR3480111	Klebsiella pneumoniae	ST3767	-	-	-	-	-	-	-	0	0
ERR3480112	Klebsiella pneumoniae	ST1623	-	-	-	aadA4.v1*	-	-	sul1	1	0
ERR3480114	Klebsiella pneumoniae	ST392	OXA-1;TEM-1D.v1^	CTX-M-15	-	aac(3)-IIa.v1^;aac(6')-Ib-cr.v2;strA.v1^;strB.v1	qnrB1.v2^	-	sul2	0	1
ERR3480115	Klebsiella pneumoniae	ST219	TEM-1D.v1^	CTX-M-15	KPC-2	aph3-Ia.v1^;strA.v1*;strB.v1*	qnrS1	-	sul2	0	2
ERR3480117	Klebsiella pneumoniae	ST3663	-	-	-	-	-	-	-	3	0
ERR3480119	Klebsiella variicola subsp. variicola	ST3928-1LV	-	-	-	-	-	-	-	0	0
ERR3480134	Klebsiella pneumoniae	ST3248	OXA-1;TEM-1D.v1^	CTX-M-15	-	aac(6')-Ib-cr.v2;strA.v1^;strB.v1	qnrB1.v2^	tet(A).v1	sul2	0	1
ERR3480183	Klebsiella pneumoniae	ST461	-	-	-	-	-	-	-	0	0
ERR3480209	Klebsiella pneumoniae	ST20	-	-	-	-	-	-	-	1	0
ERR3480240	Klebsiella pneumoniae	ST3068	-	-	-	-	-	-	-	0	0
ERR3480265	Klebsiella variicola subsp. variicola	ST1928	-	-	-	-	-	-	-	0	0
ERR3480278	Klebsiella pneumoniae	ST392	OXA-1	-	-	aac(6')-Ib-cr.v2	qnrB1.v2^	-	-	0	0
ERR3480283	Klebsiella pneumoniae	ST512	-	-	-	aac(6')-Ib'.v1;aadA2	-	-	sul1	1	0
ERR3480293	Klebsiella variicola subsp. variicola	ST1980	-	-	-	-	-	-	-	0	0
ERR3480297	Klebsiella pneumoniae	ST299	-	-	-	-	-	-	-	0	0
ERR3480305	Klebsiella pneumoniae	ST485	-	-	-	-	-	-	-	0	0
ERR3480357	Klebsiella pneumoniae	ST307	OXA-1	CTX-M-15	KPC-2	aac(6')-Ib-cr.v2;strA.v1^;strB.v1	qnrB1.v2^	-	sul2	1	2
ERR3480363	Klebsiella variicola subsp. variicola	ST360	-	-	-	-	-	-	-	0	0
ERR3480383	Klebsiella pneumoniae	ST461	-	-	-	strA.v1;strB.v1	-	-	-	0	0
ERR3480391	Klebsiella pneumoniae	ST1428	-	-	-	-	qnrS1	-	-	0	0
ERR3480420	Klebsiella pneumoniae	ST35	-	-	-	-	-	-	-	0	0
ERR3480447	Klebsiella pneumoniae	ST469-1LV	-	-	-	-	-	-	-	0	0
ERR3480506	Klebsiella pneumoniae	ST2703	-	-	-	-	-	-	-	0	0
ERR3480515	Klebsiella pneumoniae	ST2703	-	-	-	-	-	-	-	0	0
ERR3480534	Klebsiella pneumoniae	ST2703	-	-	-	-	-	-	-	0	0
ERR3480543	Klebsiella pneumoniae	ST76-1LV	-	-	-	-	-	-	-	1	0
ERR3480545	Klebsiella pneumoniae	ST230	-	-	-	-	-	-	-	0	0
ERR3480564	Klebsiella quasipneumoniae subsp. quasipneumoniae	ST1647-1LV	OXA-1	CTX-M-15	-	aac(3)-IIa.v1^;aac(6')-Ib-cr.v2	qnrS1	-	sul1;sul2	0	1
ERR3480580	Klebsiella variicola subsp. variicola	ST208-3LV	-	-	-	-	-	-	-	0	0
ERR3480591	Klebsiella pneumoniae	ST219	OXA-1;TEM-1D.v1^	CTX-M-15	-	aac(3)-IIa.v1^;aac(6')-Ib-cr.v2;aadA2^;aph3-Ia.v1^	qnrB1.v2^;qnrS1	tet(A).v1	sul1;sul2	0	1
ERR3480593	Klebsiella pneumoniae	ST392	-	CTX-M-15	-	-	-	-	-	0	1
ERR3480596	Klebsiella pneumoniae	ST240	-	-	-	-	-	-	-	0	0
ERR3480621	Klebsiella pneumoniae	ST106-1LV	-	-	-	-	-	-	-	0	0
ERR3480633	Klebsiella pneumoniae	ST3068	-	-	-	-	-	-	-	0	0
ERR3480651	Klebsiella pneumoniae	ST1311	-	-	-	-	-	-	-	0	0
ERR3480669	Klebsiella pneumoniae	ST1311	-	-	-	-	-	-	-	0	0
ERR349784	Klebsiella pneumoniae	ST1	OXA-1;TEM-1D.v1^	CTX-M-15	-	aac(3)-IIa.v1^;aac(6')-Ib-cr.v2;aadA2^;aadA^;aph3-Ia.v1^	-	tet(A).v1	sul1	0	1
ERR349796	Klebsiella pneumoniae	ST3395-2LV	AmpC1;OXA-1;OXA-9.v1;TEM-1D.v1^	CTX-M-15	NDM-1	aadA*;aadA2^;armA^;strA.v1^;strB.v1	-	tet(A).v1	sul1;sul2	4	3
ERR349809	Klebsiella pneumoniae	ST15-4LV	OXA-1;TEM-1D.v1^	CTX-M-15	-	aac(3)-IIa.v1^;aac(6')-Ib-cr.v2;aadA2^;aph3-Ia.v1^;strA.v1^;strB.v1	qnrB1.v1	tet(A).v1?	sul1;sul2	1	1
ERR349817	Klebsiella pneumoniae	ST3395	OXA-1;TEM-1D.v1^	CTX-M-15	-	aac(6')-Ib-cr.v2;strA.v1^;strB.v1	qnrB1.v2^	-	sul2	1	1
ERR3499844	Klebsiella variicola subsp. variicola	ST1163	OXA-9.v1;SCO-1;TEM-1D.v1^	PER-2;SHV-2	-	aac(3)-IIa.v1;aac(6')-Ib'.v1;aadA*;aph(3')-Ia;sat-2	-	tet(D)	-	0	1
ERR3499848	Klebsiella pneumoniae	ST443	OXA-9.v1;TEM-1D.v1^;TEM-1D.v1^	-	-	aac(3)-IIa.v1;aac(6')-Ib'.v1	-	tet(B).v2*	sul1	0	0
ERR3499857	Klebsiella pneumoniae	ST1073-2LV	OXA-2;TEM-1D.v1^	CTX-M-2	-	aac(3)-IIa.v1	-	-	sul1;sul1	0	1
ERR3499875	Klebsiella pneumoniae	ST502	-	PER-2	-	aac(6')-Iq;aadA;strA.v1;strB.v1	-	-	-	0	1
ERR3499888	Klebsiella quasipneumoniae subsp. quasipneumoniae	ST935-2LV	SCO-1;TEM-1D.v1^	SHV-5	-	aac(3)-IIa.v1;aac(6')-Iq;aadA	-	tet(B).v2*	sul1	0	1
ERR3499889	Klebsiella pneumoniae	ST1393	OXA-2;TEM-1D.v1^	CTX-M-2	-	aac(3)-IIa.v1	-	-	sul1;sul1	0	1
ERR3499891	Klebsiella pneumoniae	ST42	OXA-2	CTX-M-2	-	aac(3)-IIa.v1	-	-	sul1;sul1	0	1
ERR3499893	Klebsiella pneumoniae	ST76	OXA-2	CTX-M-2	-	aac(3)-IIa.v1	-	-	sul1;sul1	0	1
ERR3499895	Klebsiella pneumoniae	ST42	OXA-2	CTX-M-2	-	aac(3)-IIa.v1	-	-	sul1;sul1	0	1
ERR3499909	Klebsiella pneumoniae	ST485	OXA-2;TEM-1D.v1^	CTX-M-2	-	aac(3)-IIa.v1	-	-	sul1;sul1	0	1
ERR3499917	Klebsiella pneumoniae	ST3069	SCO-1;TEM-1D.v1^	PER-2	-	aac(3)-IIa.v1;aac(6')-Iq;aadA	-	tet(B).v2*	sul1	0	1
ERR3499935	Klebsiella pneumoniae	ST3660	OXA-2;TEM-1D.v1^	CTX-M-131.v2	-	aac(3)-IIa.v1	-	-	sul1;sul1	0	1
ERR3518885	Klebsiella pneumoniae	ST11	TEM-1D.v1^	-	KPC-2	aac(3)-IIa.v1	-	-	sul1	2	2
ERR3535471	Klebsiella pneumoniae	ST922	-	-	OXA-48	-	-	-	-	0	2
ERR3562232	Klebsiella pneumoniae	ST873	LAP-2	CTX-M-14	-	aac(3)-IId^;strA.v1*;strB.v1*	qnrS1	tet(D)	sul2	0	1
ERR3562281	Klebsiella pneumoniae	ST4283	TEM-1D.v1^	CTX-M-15	-	strA.v1^;strB.v1	qnrB1.v2^	-	sul2	0	1
ERR3562292	Klebsiella pneumoniae	ST2176	LAP-2	-	-	aac(3)-IId^;strA.v1;strB.v1	qnrS1	tet(D)	sul2	0	0
ERR3562296	Klebsiella pneumoniae	ST3161	-	SHV-2	-	aadA22^;aph(3')-Ia	-	tet(A).v1;tet(D)	-	0	1
ERR3564478	Klebsiella pneumoniae	ST3049	-	-	-	-	-	-	-	0	0
ERR3567198	Klebsiella pneumoniae	ST656	TEM-1D.v1^	CTX-M-15	KPC-2;NDM-1	aac(3)-IId^;aac(6')-Ib-cr.v2;aadA*;aadA16*;strA.v1^;strB.v1	qnrB6^;qnrS1	tet(D)	sul1;sul1;sul2	1	2
ERR3567269	Klebsiella pneumoniae	ST199	OXA-1;TEM-1D.v1^	CTX-M-15	NDM-1	aac(3)-IIa.v1^;aac(6')-Ib-cr.v2	qnrB1.v2^	tet(A).v1	sul2	0	2
ERR3567343	Klebsiella pneumoniae	ST11	-	-	KPC-2	aac(6')-Ib-cr.v2^;aadA16*;aadA2^	qnrB4;qnrB6^	-	sul1	1	2
ERR3567356	Klebsiella pneumoniae	ST656	-	-	KPC-2	aac(6')-Ib-cr.v2;aadA16*	qnrB6^	tet(D)	sul1;sul1	1	2
ERR3567468	Klebsiella pneumoniae	ST17	DHA-1	CTX-M-14	-	-	qnrB4	-	sul1	0	1
ERR3567511	Klebsiella pneumoniae	ST656	-	-	KPC-2	aac(6')-Ib-cr.v2;aadA16*	qnrB6^	tet(D)	sul1;sul1	1	2
ERR3567550	Klebsiella quasipneumoniae subsp. quasipneumoniae	ST1040	LAP-2	CTX-M-27	-	-	qnrS1	-	-	0	1
ERR3567885	Klebsiella pneumoniae	ST656	-	-	KPC-2	aac(6')-Ib-cr.v2;aadA16*	qnrB6^	tet(D)	sul1;sul1	1	2
ERR3575024	Klebsiella pneumoniae	ST16	OXA-1;TEM-1D.v1^	CTX-M-15	-	aac(6')-Ib-cr.v2;aadA2^	-	tet(A).v1	sul1	0	1
ERR3584893	Klebsiella pneumoniae	ST15	-	CTX-M-15	NDM-4;OXA-48	aac(6')-Ib-cr.v2*;aadA*;aadA16*;strA.v1^;strB.v1	-	tet(D)*	sul1;sul2	1	2
ERR3585111	Klebsiella pneumoniae	ST520	TEM-1D.v1^	-	-	aac(3)-IId^;aac(6')-Ib-cr.v2	qnrB6^	tet(D)	sul1;sul2	0	0
ERR3585118	Klebsiella pneumoniae	ST656	-	-	KPC-2	aac(6')-Ib-cr.v2;aadA16*	qnrB6^	tet(D)	sul1;sul1	1	2
ERR3585225	Klebsiella pneumoniae	ST656	-	-	KPC-2	aac(6')-Ib-cr.v2;aadA16*	qnrB6^	tet(D)	sul1;sul1	1	2
ERR3585271	Klebsiella quasipneumoniae subsp. similipneumoniae	ST1224	LAP-2	CTX-M-14	-	-	qnrS1	-	-	0	1
ERR3585282	Klebsiella pneumoniae	ST656	-	-	KPC-2	aac(6')-Ib-cr.v2;aadA16*	qnrB6^	tet(D)	sul1;sul1	1	2
ERR3585293	Klebsiella pneumoniae	ST656	-	-	KPC-2	aac(6')-Ib-cr.v2;aadA16*	qnrB6^	tet(D)	sul1;sul1	1	2
ERR3585305	Klebsiella pneumoniae	ST1309	TEM-1D.v1^	CTX-M-3	-	aac(3)-IId^;aac(6')-Ib-cr.v2;aadA16*;aph3-Ia.v1;strA.v1^;strB.v1	qnrS1	tet(A).v2	sul1;sul2*	0	1
ERR3585361	Klebsiella pneumoniae	ST16	TEM-1D.v1^	-	NDM-4;OXA-181	rmtB	qnrS1	-	-	0	2
ERR3585366	Klebsiella quasipneumoniae subsp. similipneumoniae	ST334	-	CTX-M-27	-	aac(6')-Ib-cr.v2;aadA16*;strA.v1^;strB.v1	qnrB6^;qnrS1	tet(A).v2	sul1;sul1;sul2	0	1
ERR3585392	Klebsiella pneumoniae	ST656	-	-	KPC-2	aac(6')-Ib-cr.v2;aadA16*	qnrB6^	tet(D)	sul1;sul1	1	2
ERR3585408	Klebsiella pneumoniae	ST656	-	-	KPC-2	aac(6')-Ib-cr.v2;aadA16*	qnrB6^	tet(D)	sul1;sul1	1	2
ERR3595917	Klebsiella pneumoniae	ST656	-	CTX-M-15	NDM-1	aac(3)-IId^;aac(6')-Ib-cr.v2;aadA*;aadA16*;strA.v1*;strB.v1*	qnrS1	-	sul1;sul2	1	2
ERR3595961	Klebsiella pneumoniae	ST20	LAP-2	CTX-M-14^	-	strA.v1*;strB.v1*	qnrS1	tet(D)	sul2	0	1
ERR3595977	Klebsiella pneumoniae	ST147	-	CTX-M-55	KPC-2	aac(3)-IId^;aac(6')-Ib-cr.v2;aadA16*;aadA22;aph(3')-Ia*;strB.v1	qnrB6^	-	sul1;sul1;sul3	0	2
ERR3606476	Klebsiella pneumoniae	ST659	TEM-1D.v1^	-	-	aadA^	qnrS1	tet(D)	sul1	0	0
ERR3642065	Klebsiella pneumoniae	ST656	-	-	KPC-2	aac(6')-Ib-cr.v2;aadA16*	qnrB6^	tet(D)	sul1;sul1	1	2
ERR3642088	Klebsiella quasipneumoniae subsp. similipneumoniae	ST2909-2LV	ACT-16^;TEM-1D.v1^	CTX-M-15	NDM-1	aac(6')-Ib-cr.v2;aadA16*;strA.v1^;strB.v1	qnrB6^;qnrS1	tet(A).v1	sul1;sul1;sul2	0	2
ERR3642232	Klebsiella pneumoniae	ST7	LAP-2	CTX-M-14	-	-	qnrS1	tet(A).v1	sul1	0	1
ERR3642394	Klebsiella pneumoniae	ST11	LAP-2;OXA-1	CTX-M-15	KPC-2	aac(3)-IIa.v1^;aac(6')-Ib-cr.v2;aadA2^	qnrS1	tet(A).v1	sul1;sul2	1	2
ERR3655785	Klebsiella variicola subsp. variicola	ST1407	-	-	-	-	-	-	-	0	0
ERR3655794	Klebsiella quasipneumoniae subsp. similipneumoniae	ST334	OXA-1;OXA-10;TEM-1D.v1^	CTX-M-15	-	aac(6')-Ib-cr.v2;aadA*;armA;strA.v1^;strB.v1	qnrB1.v2^	tet(A).v1	sul1;sul2	0	1
ERR3655805	Klebsiella pneumoniae	ST336	OXA-1;TEM-1D.v1^	CTX-M-15	-	aac(3)-IIa.v1^;aac(6')-Ib-cr.v2;aph3-Ia.v1^;strA.v1^;strB.v1	qnrB1.v2^	tet(A).v1	sul2	1	1
ERR3655809	Klebsiella pneumoniae	ST336	OXA-1;TEM-1D.v1^	CTX-M-15	-	aac(3)-IIa.v1^;aac(6')-Ib-cr.v2;aph3-Ia.v1^;strA.v1^;strB.v1	qnrB1.v2^	tet(A).v1	sul2	1	1
ERR3655819	Klebsiella quasipneumoniae subsp. similipneumoniae	ST139-3LV	-	-	-	-	-	-	-	0	0
ERR3655821	Klebsiella quasipneumoniae subsp. similipneumoniae	ST139-3LV	-	-	-	-	-	-	-	0	0
ERR3655823	Klebsiella quasipneumoniae subsp. similipneumoniae	ST139-3LV	-	-	-	-	-	-	-	0	0
ERR3655832	Klebsiella pneumoniae	ST336	OXA-1;TEM-1D.v1^	CTX-M-15	-	aac(3)-IIa.v1^;aac(6')-Ib-cr.v2;aph3-Ia.v1^;strA.v1^;strB.v1	qnrB1.v2^	tet(A).v1	sul2	1	1
ERR3655837	Klebsiella pneumoniae	ST2121	-	-	-	aadA^	-	tet(D)	sul1	0	0
ERR3655840	Klebsiella pneumoniae	ST2121	-	-	-	aadA^	-	tet(D)	sul1	0	0
ERR3655858	Klebsiella pneumoniae	ST337	-	CTX-M-15	-	aac(3)-IId^;aac(6')-Ib-cr.v2;aadA16*;aph3-Ia.v1;strB.v1	qnrB6^	tet(A).v1	sul1;sul1;sul2*	0	1
ERR3655897	Klebsiella pneumoniae	ST656	-	-	KPC-2	aac(6')-Ib-cr.v2;aadA16*	qnrB6^	tet(D)	sul1;sul1	1	2
ERR3655946	Klebsiella pneumoniae	ST656	-	-	KPC-2	aac(6')-Ib-cr.v2;aadA16*	qnrB6^	tet(D)	sul1;sul1	1	2
ERR3655969	Klebsiella pneumoniae	ST15	TEM-1D.v1^	-	KPC-2;NDM-1	aac(3)-IId^;aac(6')-Ib-cr.v2;aadA16*;strA.v1^;strB.v1	qnrS1	tet(D)*	sul1;sul2	1	2
ERR3671000	Klebsiella variicola subsp. variicola	ST368-1LV	-	-	-	-	-	-	-	0	0
ERR3671005	Klebsiella variicola subsp. variicola	ST368-1LV	-	-	-	-	-	-	-	0	0
ERR3671041	Klebsiella quasipneumoniae subsp. quasipneumoniae	ST2981-3LV	-	-	-	-	-	-	-	0	0
ERR3671045	Klebsiella quasipneumoniae subsp. quasipneumoniae	ST2981-3LV	-	-	-	-	-	-	-	0	0
ERR3712401	Klebsiella pneumoniae	ST15	OXA-1;TEM-1D.v1^	CTX-M-15	OXA-48	aac(3)-IIa.v1^;aac(6')-Ib-cr.v2;strA.v1^;strB.v1	-	-	sul2	0	2
ERR3712410	Klebsiella pneumoniae	ST551	-	-	OXA-48	-	-	-	-	0	2
ERR3712438	Klebsiella pneumoniae	ST392	OXA-1	CTX-M-15	KPC-3	aac(3)-IIa.v1^;aac(6')-Ib-cr.v2;strA.v1^;strB.v1	qnrB1.v2^	tet(A).v1	sul2	0	2
ERR3712472	Klebsiella pneumoniae	ST35	-	-	OXA-48	-	-	-	-	0	2
ERR3712510	Klebsiella pneumoniae	ST873	CMY-6;OXA-1;TEM-1D.v1^	CTX-M-15	NDM-1	aac(6')-Ib-cr.v2;aph(3')-VI;aph3-Ia.v1^;rmtC;strA.v1^;strB.v1	qnrB1.v2^	tet(A).v1	sul1;sul2	0	2
ERR3712526	Klebsiella pneumoniae	ST2501	-	-	OXA-48	-	-	-	-	1	2
ERR3712650	Klebsiella pneumoniae	ST327	OXA-1;TEM-1D.v1^	CTX-M-15	OXA-48	aac(3)-IIa.v1^;aac(6')-Ib-cr.v2;strA.v1^;strB.v1	qnrB1.v2^	tet(A).v1	sul2	1	2
ERR3712664	Klebsiella pneumoniae	ST512	-	-	KPC-3	aac(6')-Ib'.v1;aadA2	-	-	sul1	0	2
ERR3712670	Klebsiella pneumoniae	ST2497	OXA-1	CTX-M-15	OXA-232	aac(6')-Ib-cr.v2	-	-	-	1	2
ERR3712728	Klebsiella variicola subsp. variicola	ST2634	-	SHV-12	VIM-1	aac(6')-Ib4^;aadA1.v1^;aphA15;strA.v1*;strB.v1*	qnrS1	-	sul1;sul2	0	2
ERR3712820	Klebsiella pneumoniae	ST485	-	-	OXA-48	-	-	tet(D)	-	1	2
ERR3712857	Klebsiella pneumoniae	ST29	OXA-1;TEM-1D.v1^	CTX-M-15	OXA-48	aac(3)-IIa.v1^;aac(6')-Ib-cr.v2;strA.v1^;strB.v1	qnrB1.v2^	tet(A).v1	sul2	1	2
ERR3712897	Klebsiella pneumoniae	ST873	-	-	OXA-48	-	-	-	-	0	2
ERR3713015	Klebsiella pneumoniae	ST307	OXA-1;TEM-1D.v1^	CTX-M-15	OXA-48	aac(3)-IIa.v1^;aac(6')-Ib-cr.v2;strA.v1^;strB.v1	qnrB1.v2^	tet(A).v1	sul2	1	2
ERR3713045	Klebsiella pneumoniae	ST294	-	-	OXA-48	-	-	-	-	1	2
ERR3713072	Klebsiella pneumoniae	ST628	-	-	OXA-48	-	-	-	-	0	2
ERR3713102	Klebsiella pneumoniae	ST2086	OXA-1;TEM-1D.v1^	CTX-M-15	OXA-48	aac(3)-IIa.v1^;aac(6')-Ib-cr.v2;strA.v1^;strB.v1	qnrB1.v2^	tet(A).v1	sul2	2	2
ERR3713111	Klebsiella pneumoniae	ST1207	DHA-1;OXA-1	CTX-M-15	OXA-48	aac(3)-IIa.v1^;aac(6')-Ib-cr.v2;strA.v1^;strB.v1	qnrB1.v2^;qnrB4	tet(A).v1	sul1;sul2	1	2
ERR3713139	Klebsiella pneumoniae	ST13	OXA-9.v1;TEM-1D.v1^	-	KPC-3	aac(6')-Ib'.v1*;aadA*;strA.v1^;strB.v1	-	-	sul2	2	3
ERR3713194	Klebsiella pneumoniae	ST377	OXA-1	CTX-M-15	NDM-1;OXA-48	aac(3)-IIa.v1^;aac(6')-Ib-cr.v2;rmtC	-	-	sul1*	1	3
ERR3713219	Klebsiella pneumoniae	ST2096	OXA-1;TEM-1D.v1^	CTX-M-15	OXA-232	aac(6')-Ib-cr.v2;aadA2^;armA*;sat-2	-	tet(D)	sul1	4	2
ERR3771719	Klebsiella pneumoniae	ST29	CMY-6	-	NDM-1;OXA-48	aac(6')-Ib3^;rmtC	-	-	sul1	0	2
ERR3771776	Klebsiella pneumoniae	ST307	TEM-1D.v1^	CTX-M-15	NDM-1;OXA-48	aac(3)-IIa.v1^;aph(3')-VI;aph3-Ia.v1^;armA;strA.v1^;strB.v1	qnrS1	-	sul1;sul2	4	2
ERR3771780	Klebsiella pneumoniae	ST3459	OXA-9.v1;TEM-1D.v1^	-	NDM-1;OXA-48	aac(6')-Ib'.v1;aadA*;aph(3')-VI*;strA.v1;strB.v1	qnrS1	tet(D)	sul1	1	2
ERR3813681	Klebsiella pneumoniae	ST101	-	-	KPC-3	armA	-	-	-	1	3
ERR3813691	Klebsiella pneumoniae	ST307-1LV	-	CTX-M-15	KPC-3	aac(3)-IIa.v1^;aac(6')-Ib-cr.v2;strA.v1^;strB.v1	-	-	sul2	1	2
ERR3835369	Klebsiella pneumoniae	ST530	TEM-1D.v1^	-	OXA-48	-	-	-	-	1	2
ERR3835373	Klebsiella pneumoniae	ST188	-	-	OXA-48	-	qnrS1	-	-	0	2
ERR3835374	Klebsiella pneumoniae	ST273	OXA-1	-	OXA-48	aac(6')-Ib-cr.v2	-	tet(A).v1	-	0	2
ERR3835380	Klebsiella pneumoniae	ST392	OXA-1;TEM-1D.v1^	CTX-M-15	OXA-48	aac(3)-IIa.v1^;aac(6')-Ib-cr.v2;strA.v1^;strB.v1	qnrB1.v2^	tet(A).v1	sul2	0	2
ERR3835389	Klebsiella pneumoniae	ST116	-	-	OXA-48	-	qnrS1	-	-	1	2
ERR3835406	Klebsiella pneumoniae	ST37	-	-	OXA-48	-	-	-	-	0	2
ERR3835434	Klebsiella pneumoniae	ST394	TEM-1D.v1^	CTX-M-15	OXA-48	strA.v1^;strB.v1	qnrB1.v2^	tet(A).v1	sul2	1	2
ERR3835451	Klebsiella pneumoniae	ST147	TEM-1D.v1^	CTX-M-15	NDM-1	strA.v1;strB.v1	qnrB1.v1	tet(A).v1	sul1	1	2
ERR3844626	Klebsiella variicola subsp. variicola	ST2468-1LV	-	-	-	-	-	-	-	0	0
ERR3844634	Klebsiella pneumoniae	ST230	-	-	-	-	-	-	-	0	0
ERR3844682	Klebsiella pneumoniae	ST34	-	-	-	-	-	-	-	0	0
ERR3844688	Klebsiella pneumoniae	ST1440-1LV	-	-	-	-	-	-	-	0	0
ERR3844713	Klebsiella variicola subsp. variicola	ST2183	-	-	-	-	-	-	-	0	0
ERR3844723	Klebsiella pneumoniae	ST1190	-	-	-	-	-	-	-	0	0
ERR3844726	Klebsiella variicola subsp. variicola	ST973-1LV	-	-	-	-	-	-	-	0	0
ERR3844728	Klebsiella variicola subsp. variicola	ST3398	-	-	-	-	-	-	-	0	0
ERR3844739	Klebsiella quasipneumoniae subsp. similipneumoniae	ST734	-	-	-	-	-	-	-	0	0
ERR3844759	Klebsiella pneumoniae	ST611	-	-	-	-	-	-	-	0	0
ERR3844777	Klebsiella pneumoniae	ST2248	-	-	-	-	-	-	-	0	0
ERR3891001	Klebsiella pneumoniae	ST377	-	CTX-M-15	OXA-48	aac(3)-IIa.v1^;aadA^;strA.v1;strB.v1	-	-	sul1*?;sul2	1	3
ERR3891009	Klebsiella pneumoniae	ST2096	OXA-1;TEM-1D.v1^	CTX-M-15	-	aac(6')-Ib-cr.v2;aadA2^;armA;sat-2	-	tet(D)	sul1	4	1
ERR3891011	Klebsiella pneumoniae	ST377	-	CTX-M-15	OXA-48	aac(3)-IIa.v1^;aadA^;strA.v1;strB.v1	-	-	sul1*?;sul2	1	3
ERR3891014	Klebsiella pneumoniae	ST2096	OXA-1;TEM-1D.v1^	CTX-M-15	OXA-232	aac(6')-Ib-cr.v2;aadA2^;armA;sat-2	-	tet(D)	sul1	4	2
ERR3891038	Klebsiella pneumoniae	ST2096	OXA-1;TEM-1D.v1^	CTX-M-15	OXA-232	aac(6')-Ib-cr.v2;aadA2^;armA;sat-2	-	tet(D)	sul1	4	2
ERR3891047	Klebsiella pneumoniae	ST2096	OXA-1;TEM-1D.v1^	CTX-M-15	OXA-232	aac(6')-Ib-cr.v2;aadA2^;armA*;sat-2	-	tet(D)	sul1	4	2
ERR3891057	Klebsiella pneumoniae	ST14	OXA-1;TEM-1D.v1^	CTX-M-15	OXA-48	aac(6')-Ib-cr.v2;aadA2^;armA;sat-2	-	-	sul1	1	2
ERR3891071	Klebsiella pneumoniae	ST2096	OXA-1	-	OXA-48	aac(6')-Ib-cr.v2;aadA2^;armA;sat-2	-	-	sul1	4	2
ERR3891072	Klebsiella pneumoniae	ST2096	OXA-1	-	OXA-48	aac(6')-Ib-cr.v2;sat-2	-	-	-	1	2
ERR3891073	Klebsiella pneumoniae	ST2096	OXA-1	-	-	aac(6')-Ib-cr.v2;sat-2	-	-	-	1	0
ERR3891074	Klebsiella pneumoniae	ST14	OXA-1;TEM-1D.v1^	CTX-M-15	NDM-1	aac(6')-Ib-cr.v2;aadA*;aadA2;aph(3')-VI;armA;sat-2	-	tet(A).v1	sul1	1	3
ERR3891076	Klebsiella pneumoniae	ST2096	OXA-1;TEM-1D.v1^	CTX-M-15	-	aac(6')-Ib-cr.v2;aadA2^;armA;sat-2	-	tet(D)	sul1	4	1
ERR3891104	Klebsiella pneumoniae	ST2096	OXA-1	-	OXA-48	aac(6')-Ib-cr.v2;aadA2^;armA;sat-2	-	-	sul1	4	2
ERR3891113	Klebsiella pneumoniae	ST643	-	-	-	-	-	-	-	0	0
ERR3891133	Klebsiella pneumoniae	ST2096	OXA-1	-	OXA-232	aac(6')-Ib-cr.v2;aadA2^;armA*;sat-2	-	-	sul1	4	3
ERR3891149	Klebsiella pneumoniae	ST2096	OXA-1	-	OXA-48	aac(6')-Ib-cr.v2;aadA2^;armA;sat-2	-	-	sul1	4	2
ERR3891153	Klebsiella pneumoniae	ST377	-	CTX-M-15	OXA-48	aac(3)-IIa.v1^;aadA^;strA.v1;strB.v1	-	-	sul1*?;sul2	1	3
ERR3891170	Klebsiella pneumoniae	ST280	OXA-1	CTX-M-15	OXA-48	aac(6')-Ib-cr.v2;strA.v1^;strB.v1	qnrB1.v2^	tet(A).v1^	sul2	0	2
ERR3891193	Klebsiella pneumoniae	ST2096	OXA-1;TEM-1D.v1^	CTX-M-15	OXA-232	aac(6')-Ib-cr.v2;aadA2^;armA;sat-2	-	tet(D)	sul1	4	2
ERR3891201	Klebsiella pneumoniae	ST101	-	CTX-M-15	OXA-48	aac(3)-IIa.v1^	-	tet(D)	-	1	3
ERR3891209	Klebsiella pneumoniae	ST14	OXA-1;TEM-1D.v1^	-	NDM-1;OXA-48	aac(3)-IId^;aac(6')-Ib-cr.v2;aadA*;aadA2^;aph(3')-VI;armA;sat-2;strA.v1*;strB.v1*	-	-	sul1*;sul2	1	2
ERR3891216	Klebsiella pneumoniae	ST2096	OXA-1	-	OXA-48	aac(6')-Ib-cr.v2;sat-2	-	-	-	1	2
ERR3904506	Klebsiella pneumoniae	ST3057	-	-	-	-	-	-	-	1	0
ERR3904538	Klebsiella pneumoniae	ST323	OXA-1;TEM-1D.v1^	CTX-M-15	-	aac(3)-IIa.v1^;aac(6')-Ib-cr.v2;strA.v1^;strB.v1	qnrB1.v2^	-	sul2	0	1
ERR3904549	Klebsiella pneumoniae	ST525	TEM-1D.v1^	-	-	aadA2;aph3-Ia.v1^	qnrS1	tet(A).v1	sul1	0	0
ERR3904658	Klebsiella variicola subsp. variicola	ST4312	-	-	-	-	-	-	-	1	0
ERR3904691	Klebsiella pneumoniae	ST200	-	-	-	-	-	-	-	0	0
ERR3931804	Klebsiella pneumoniae	ST256	-	-	-	-	-	-	-	0	0
ERR3931850	Klebsiella pneumoniae	ST1537	-	-	-	-	-	-	-	0	0
ERR3931862	Klebsiella pneumoniae	ST37	-	-	-	-	-	-	-	0	0
ERR3931866	Klebsiella variicola subsp. variicola	ST4174	-	-	-	-	-	-	-	0	0
ERR3931871	Klebsiella variicola subsp. variicola	ST595-1LV	-	-	-	-	-	-	-	0	0
ERR3931933	Klebsiella pneumoniae	ST774	-	-	-	-	-	-	-	0	0
ERR3931946	Klebsiella variicola subsp. variicola	ST454	-	-	-	-	-	-	-	0	0
ERR3931958	Klebsiella quasipneumoniae subsp. quasipneumoniae	ST526	-	-	-	-	-	-	-	0	0
ERR3932005	Klebsiella pneumoniae	ST2	-	-	-	-	-	-	-	1	0
ERR3932030	Klebsiella pneumoniae	ST3068	-	OXY-6-2*	-	-	-	-	-	1	1
ERR3932051	Klebsiella pneumoniae	ST661	-	-	-	-	-	-	-	0	0
ERR3932081	Klebsiella pneumoniae	ST1948	-	-	-	-	-	-	-	1	0
ERR3932147	Klebsiella pneumoniae	ST661	-	-	-	-	-	-	-	0	0
ERR3932163	Klebsiella pneumoniae	ST2396	-	-	-	-	-	-	-	0	0
ERR3932170	Klebsiella pneumoniae	ST103-2LV	-	-	-	-	-	-	-	0	0
ERR3932187	Klebsiella pneumoniae	ST1408	-	-	-	-	-	-	-	0	0
ERR3932195	Klebsiella pneumoniae	ST1545	-	-	-	-	-	-	-	0	0
ERR3932197	Klebsiella quasipneumoniae subsp. similipneumoniae	ST369	-	-	-	-	-	-	-	0	0
ERR3932207	Klebsiella pneumoniae	ST881-1LV	-	-	-	-	-	-	-	0	0
ERR3932215	Klebsiella variicola subsp. variicola	ST1181	-	-	-	-	-	-	-	0	0
ERR3932272	Klebsiella pneumoniae	ST2407	-	-	-	-	-	-	-	0	0
ERR3932286	Klebsiella pneumoniae	ST490	-	-	-	-	-	-	-	3	0
ERR3932298	Klebsiella pneumoniae	ST307-1LV	OXA-1;TEM-1D.v1^	CTX-M-15	-	aac(3)-IIa.v1^;aac(6')-Ib-cr.v2;strA.v1^;strB.v1	qnrB1.v2^	tet(A).v1	sul2	1	1
ERR3967808	Klebsiella variicola subsp. variicola	ST363	-	-	-	-	-	-	-	0	0
ERR3967810	Klebsiella variicola subsp. variicola	ST363	-	-	-	-	-	-	-	0	0
ERR3967814	Klebsiella pneumoniae	ST211	-	-	-	-	-	-	-	1	0
ERR3967838	Klebsiella quasipneumoniae subsp. quasipneumoniae	ST2749-2LV	-	-	-	-	-	-	-	0	0
ERR3967849	Klebsiella quasipneumoniae subsp. quasipneumoniae	ST2421-1LV	-	-	-	-	-	-	-	0	0
ERR3967853	Klebsiella variicola subsp. variicola	ST4079-3LV	-	-	-	-	-	-	-	0	0
ERR3967857	Klebsiella variicola subsp. variicola	ST2456-1LV	-	-	-	-	-	-	-	0	0
ERR3967870	Klebsiella pneumoniae	ST66-3LV	-	-	-	-	-	-	-	0	0
ERR3967887	Klebsiella pneumoniae	ST515	-	-	-	-	-	-	-	0	0
ERR3967888	Klebsiella pneumoniae	ST1726	-	-	-	aadA^	-	-	sul1	0	0
ERR3967933	Klebsiella variicola subsp. variicola	ST1845	-	-	-	-	-	-	-	0	0
ERR4008003	Klebsiella pneumoniae	ST66	-	-	-	-	-	-	-	5	0
ERR4008040	Klebsiella pneumoniae	ST17	TEM-1D.v1^	CTX-M-15	OXA-181	aac(3)-IId^;aadA2;aph3-Ia.v1;rmtB;strA.v1^;strB.v1	qnrS1	tet(A).v1;tet(G).v1	-	1	2
ERR4013561	Klebsiella pneumoniae	ST34-1LV	-	-	-	strA.v1;strB.v1	-	-	sul2	0	0
ERR4013575	Klebsiella pneumoniae	ST37	-	-	-	-	-	-	-	1	0
ERR4014165	Klebsiella pneumoniae	ST13	-	-	-	-	-	tet(D)	-	1	0
ERR4014362	Klebsiella pneumoniae	ST485	-	-	-	-	-	-	-	1	0
ERR4014480	Klebsiella pneumoniae	ST3663-1LV	-	-	-	-	-	-	-	1	0
ERR4014483	Klebsiella pneumoniae	ST4435	-	-	-	-	-	-	-	0	0
ERR4014527	Klebsiella pneumoniae	ST391	TEM-1D.v1^	-	-	strA.v1^;strB.v1	-	-	sul2*	1	0
ERR4014647	Klebsiella pneumoniae	ST36	-	-	-	-	-	-	-	0	0
ERR4014664	Klebsiella pneumoniae	ST391	TEM-1D.v1^	-	-	strA.v1^;strB.v1	-	-	sul2*	1	0
ERR4019941	Klebsiella pneumoniae	ST163	DHA-1	CTX-M-9	-	aadA5	qnrB4	-	sul1	0	1
ERR4022900	Klebsiella pneumoniae	ST309	-	-	-	-	-	-	-	0	0
ERR4022967	Klebsiella pneumoniae	ST378-1LV	-	-	-	-	-	-	-	0	0
ERR4022989	Klebsiella variicola subsp. variicola	ST360	-	-	-	-	-	-	-	0	0
ERR4022997	Klebsiella variicola subsp. variicola	ST360	-	-	-	-	-	-	-	0	0
ERR4023034	Klebsiella quasipneumoniae subsp. quasipneumoniae	ST4419-1LV	-	-	-	-	-	-	-	0	0
ERR4023035	Klebsiella quasipneumoniae subsp. quasipneumoniae	ST1246	-	-	-	-	-	-	-	0	0
ERR4023043	Klebsiella pneumoniae	ST1440-1LV	-	-	-	aadA2	-	-	sul1^	0	0
ERR4023047	Klebsiella pneumoniae	ST20	-	-	-	strA.v1;strB.v1	-	-	-	0	0
ERR4023055	Klebsiella quasipneumoniae subsp. quasipneumoniae	ST978	-	-	-	-	-	-	-	0	0
ERR4023068	Klebsiella quasipneumoniae subsp. quasipneumoniae	ST4419-1LV	-	-	-	-	-	-	-	0	0
ERR4023074	Klebsiella quasipneumoniae subsp. quasipneumoniae	ST4419-1LV	-	-	-	-	-	-	-	0	0
ERR4023085	Klebsiella quasipneumoniae subsp. similipneumoniae	ST961-3LV	-	-	-	-	-	-	-	0	0
ERR4023086	Klebsiella pneumoniae	ST290	-	-	-	-	-	-	-	1	0
ERR4023126	Klebsiella pneumoniae	ST828-2LV	-	-	-	-	-	-	-	0	0
ERR4023144	Klebsiella variicola subsp. variicola	ST355	-	-	-	-	-	-	-	0	0
ERR4023145	Klebsiella variicola subsp. variicola	ST710-1LV	-	-	-	-	-	-	-	0	0
ERR4023796	Klebsiella pneumoniae	ST1	-	-	KPC-2;NDM-1	aac(6')-Ib-cr.v2;aadA16*	qnrB6^	-	sul1;sul1	0	2
ERR4023819	Klebsiella pneumoniae	ST15	TEM-1D.v1^	-	KPC-2;NDM-1	aac(3)-IId^;aac(6')-Ib-cr.v2;aadA16*;strA.v1^;strB.v1	qnrS1	-	sul1;sul2	1	2
ERR4023969	Klebsiella pneumoniae	ST656	-	-	KPC-2	aac(6')-Ib-cr.v2;aadA16*	qnrB6^	tet(D)	sul1;sul1	1	2
ERR4024008	Klebsiella pneumoniae	ST359	OXA-1;TEM-1D.v1^	CTX-M-15;CTX-M-27	NDM-1	aac(3)-IIa.v1^;aac(6')-Ib-cr.v2;aph(3')-VI;strA.v1^;strB.v1	qnrB1.v2^;qnrS1	-	sul2	0	2
ERR4024068	Klebsiella pneumoniae	ST2817	-	-	-	-	-	-	-	0	0
ERR4045507	Klebsiella pneumoniae	ST15-1LV	TEM-1D.v1^	-	KPC-2;NDM-1	aac(3)-IId^;aac(6')-Ib-cr.v2;aadA16*;strA.v1^;strB.v1	qnrS1	tet(D)*	sul1;sul2	1	2
ERR4045536	Klebsiella pneumoniae	ST685	OXA-1	CTX-M-14	NDM-4	aac(3)-IId^;aac(6')-Ib'.v1;aac(6')-Ib-cr.v2^;aadA*;aph3-Ia.v1^;strA.v1^;strB.v1	qnrS1	-	sul1;sul2	0	2
ERR4045546	Klebsiella pneumoniae	ST36	LAP-2;TEM-1D.v1^	CTX-M-14	-	strA.v1^;strB.v1	qnrS1	tet(A).v1;tet(D)	sul1;sul2	0	1
ERR4045861	Klebsiella pneumoniae	ST700	LAP-2	-	NDM-4	aac(6')-Ib'.v1;aadA*;strA.v1^;strB.v1	qnrS1	tet(A).v2	sul2	3	2
ERR4045871	Klebsiella pneumoniae	ST49	LAP-2	-	-	-	qnrS1	tet(A).v1	sul2	0	0
ERR4045881	Klebsiella pneumoniae	ST34	LAP-2;TEM-1D.v1^	CTX-M-15	NDM-1	aac(6')-Ib-cr.v2;strA.v1*	qnrS1	-	sul1;sul2	0	2
ERR4045936	Klebsiella pneumoniae	ST15	-	ADC-11*;CTX-M-15	NDM-4;OXA-70	aac(3)-IId^;aac(6')-Ib-cr.v2;aadA*;aadA16*	-	tet(A).v1	sul1	1	2
ERR4046018	Klebsiella pneumoniae	ST656	-	-	KPC-2	aac(6')-Ib-cr.v2;aadA16*;aph(3')-IIc*	qnrB6^	tet(D)	sul1	1	2
ERR4046080	Klebsiella pneumoniae	ST1	-	-	KPC-2;NDM-1	aac(6')-Ib-cr.v2;aadA16*	qnrB6^	-	sul1;sul1	0	2
ERR4046146	Klebsiella pneumoniae	ST252	TEM-1D.v1^	-	KPC-2	aac(6')-Ib-cr.v2^;aadA16*;aph(3'')-Ib;strB.v1^	qnrS1	tet(D)	sul1	0	2
ERR4046294	Klebsiella pneumoniae	ST656	-	-	KPC-2	aac(6')-Ib-cr.v2;aadA16*	qnrB6^	tet(D)	sul1;sul1	1	2
ERR4046310	Klebsiella pneumoniae	ST656	-	-	KPC-2	aac(6')-Ib-cr.v2;aadA16*	qnrB6^	tet(D)	sul1;sul1	1	2
ERR4046441	Klebsiella pneumoniae	ST3299	LAP-2;OXA-1;TEM-1D.v1^	CTX-M-14;CTX-M-15	NDM-4	aac(3)-IId^;aac(6')-Ib-cr.v2;aadA*;aadA2^;aph3-Ia.v1^	qnrS1	tet(A).v1	sul1	1	2
ERR4046517	Klebsiella pneumoniae	ST656	-	-	KPC-2	aac(6')-Ib-cr.v2;aadA16*	qnrB6^	tet(D)	sul1;sul1	1	2
ERR4046745	Klebsiella pneumoniae	ST392	OXA-1	CTX-M-15;SHV-12	NDM-4	aac(6')-Ib'.v1;aadA*;strA.v1*;strB.v1*	qnrB1.v2^	-	sul2	0	2
ERR4095890	Klebsiella pneumoniae	ST162-3LV	OXA-1	-	-	aac(6')-Ib-cr.v2;aadA5;strA.v1;strB.v1	-	-	sul1	0	0
ERR4095917	Klebsiella pneumoniae	ST78	OXA-1;TEM-1D.v1^	CTX-M-15	NDM-1	aac(3)-IId^;aac(6')-Ib-cr.v2;aadA2^;aph(3')-VI;armA;sat-2	qnrB1.v2^	tet(D)	sul1	1	2
ERR4095934	Klebsiella pneumoniae	ST78	OXA-1;TEM-1D.v1^	CTX-M-15	NDM-1	aac(3)-IId^;aac(6')-Ib-cr.v2;aadA2^;aph(3')-VI;armA;sat-2	qnrB1.v2^	tet(D)	sul1	1	2
ERR4095935	Klebsiella pneumoniae	ST78	OXA-1;TEM-1D.v1^	CTX-M-15	NDM-1	aac(3)-IId^;aac(6')-Ib-cr.v2;aadA2^;aph(3')-VI;armA;sat-2	qnrB1.v2^	tet(D)	sul1	1	2
ERR4095951	Klebsiella pneumoniae	ST3511-1LV	-	-	-	-	-	-	-	0	0
ERR4095960	Klebsiella pneumoniae	ST76	TEM-1D.v1^	-	NDM-5	rmtB	-	-	sul1	0	2
ERR4095962	Klebsiella pneumoniae	ST513	-	-	-	-	-	-	sul1	1	0
ERR4095969	Klebsiella pneumoniae	ST336	OXA-1	CTX-M-15	OXA-48	aac(6')-Ib-cr.v2	-	-	-	1	2
ERR4095980	Klebsiella pneumoniae	ST225	-	-	-	-	-	-	-	0	0
ERR4095982	Klebsiella pneumoniae	ST78	OXA-1;TEM-1D.v1^	CTX-M-15	NDM-1	aac(3)-IId^;aac(6')-Ib-cr.v2;aadA2^;aph(3')-VI;armA;sat-2	qnrB1.v2^	tet(D)	sul1	1	2
ERR4096035	Klebsiella pneumoniae	ST628	-	-	-	-	-	-	-	0	0
ERR4139189	Klebsiella quasipneumoniae subsp. quasipneumoniae	ST978	-	SHV-12	-	aph3-Ia.v1^;strA.v1;strB.v1	qnrB19^	-	-	0	1
ERR4139237	Klebsiella pneumoniae	ST656-1LV	TEM-1D.v1^	CTX-M-15	KPC-2;NDM-1	aac(3)-IId^;aac(6')-Ib-cr.v2;aadA*;aadA16*;strA.v1^;strB.v1	qnrB6^;qnrS1	tet(D)	sul1;sul1;sul2	1	3
ERR4139272	Klebsiella pneumoniae	ST685	LAP-2;TEM-1D.v1^	CTX-M-14;CTX-M-15	NDM-4	aac(3)-IId^;aac(6')-Ib-cr.v2;aadA*;strA.v1^;strB.v1	qnrS1	tet(D)	sul1;sul2	0	2
ERR4139278	Klebsiella quasipneumoniae subsp. quasipneumoniae	ST144-2LV	DHA-1*	CTX-M-14	NDM-5	aadA16*	qnrB4;qnrS1	-	sul1	0	2
ERR4139325	Klebsiella quasipneumoniae subsp. similipneumoniae	ST2909	TEM-1D.v1^	CTX-M-3	NDM-1	aac(6')-Ib-cr.v2;aadA16*	qnrS1	tet(A).v1	sul1	0	2
ERR4162936	Klebsiella pneumoniae	ST394	OXA-1;TEM-1D.v1^	CTX-M-15	-	aac(3)-IIa.v1^;aac(6')-Ib-cr.v2;strA.v1^;strB.v1	qnrB1.v2^	tet(A).v1	sul2	0	1
ERR4163024	Klebsiella pneumoniae	ST39-1LV	OXA-1;TEM-1D.v1^	CTX-M-15	-	aac(3)-IIa.v1^;aac(6')-Ib-cr.v2;strA.v1^;strB.v1	qnrB1.v2^	tet(D)	sul2	0	1
ERR4163033	Klebsiella quasipneumoniae subsp. similipneumoniae	ST1473	OXA-1;TEM-1D.v1^	CTX-M-15	-	aac(3)-IIa.v1^;aadA16*;strA.v1^;strB.v1	qnrS1	tet(A).v1	sul1;sul2	0	1
ERR4163052	Klebsiella quasipneumoniae subsp. similipneumoniae	ST1308	DHA-1;TEM-1D.v1^	-	-	aac(3)-IId^;strA.v1;strB.v1	qnrB4	-	sul1;sul2	0	0
ERR4163059	Klebsiella pneumoniae	ST3328	TEM-1D.v1^	CTX-M-27	-	strB.v1	qnrS1	tet(A).v1	sul1;sul2	0	1
ERR4197949	Klebsiella pneumoniae	ST297	TEM-1D.v1^	CTX-M-15	-	strA.v1^;strB.v1	qnrS1	tet(A).v1*	sul2	1	1
ERR4198049	Klebsiella pneumoniae	ST1962	-	-	-	-	-	-	-	0	0
ERR4198050	Klebsiella pneumoniae	ST4384	-	-	-	-	-	-	-	0	0
ERR4198051	Klebsiella pneumoniae	ST187	-	-	-	-	-	-	-	0	0
ERR4198061	Klebsiella pneumoniae	ST1307	-	-	-	-	-	-	-	1	0
ERR4198063	Klebsiella quasipneumoniae subsp. similipneumoniae	ST1308	TEM-1D.v1^	-	-	-	-	tet(D)	sul2	0	0
ERR4198078	Klebsiella quasipneumoniae subsp. similipneumoniae	ST1770	-	-	-	-	-	-	-	0	0
ERR4198085	Klebsiella quasipneumoniae subsp. similipneumoniae	ST3318	-	-	-	-	-	-	-	0	0
ERR4198099	Klebsiella quasipneumoniae subsp. similipneumoniae	ST488-2LV	-	-	-	-	-	-	-	0	0
ERR4198104	Klebsiella pneumoniae	ST188	-	-	-	-	-	-	-	0	0
ERR4198126	Klebsiella pneumoniae	ST1180	-	-	-	-	-	-	-	0	0
ERR4198135	Klebsiella pneumoniae	ST502	-	-	-	strA.v1;strB.v1	-	-	-	0	0
ERR4223535	Klebsiella pneumoniae	ST23	-	-	-	-	-	-	-	5	0
ERR4228898	Klebsiella pneumoniae	ST2703	-	CTX-M-15	-	aadA5	-	-	sul1	0	1
ERR4228925	Klebsiella variicola subsp. variicola	ST1023	-	-	-	-	-	-	-	0	0
ERR4228933	Klebsiella pneumoniae	ST4253	AmpC1*;TEM-1D.v1^	-	-	aadA1.v1^;strA.v1^;strB.v1?	-	tet(A).v1	sul1;sul2*	4	0
ERR4228972	Klebsiella pneumoniae	ST603	-	-	-	-	-	-	-	0	0
ERR4229022	Klebsiella variicola subsp. variicola	0	-	-	-	strA.v1;strB.v1	-	tet(B).v2*	-	1	0
ERR4229136	Klebsiella pneumoniae	ST3139-1LV	AmpC1*;TEM-1D.v1^	-	OXA-23	aadA2^;aadA^;strA.v1^;strB.v1	qnrD1	tet(A).v1;tet(B).v2*	sul1;sul2;sul3	4	2
ERR4244385	Klebsiella pneumoniae	ST321	-	-	-	-	qnrS1	-	-	0	0
ERR4244685	Klebsiella quasipneumoniae subsp. quasipneumoniae	ST2351-3LV	TEM-1D.v1^	CTX-M-15	OXA-48	aac(3)-IIa.v1^;aac(6')-Ib-cr.v2;strA.v1^;strB.v1	qnrB1.v2^	tet(A).v1	sul2	1	2
ERR4280154	Klebsiella pneumoniae	ST29	OXA-1;TEM-1D.v1^	CTX-M-15	IMP-1^	aac(3)-IIa.v1^;aac(6')-IIc;strB.v1	qnrA1^;qnrB1.v2^	tet(A).v1	sul1;sul2	0	3
ERR4280176	Klebsiella pneumoniae	ST1026	DHA-1;TEM-1D.v1^	-	IMP-1^	aac(6')-IIc;aac(6')-Ib4;strA.v1;strB.v1	qnrA1^;qnrB4	-	sul1	0	3
ERR4367486	Klebsiella pneumoniae	ST500	TEM-1D.v1^	CTX-M-3	-	aph3-Ia.v1;strA.v1^;strB.v1	qnrS1	tet(A).v2	sul2*	0	1
ERR4367495	Klebsiella pneumoniae	ST1436	-	-	-	-	-	-	-	0	0
ERR4367504	Klebsiella pneumoniae	ST34-1LV	-	-	-	-	-	-	-	0	0
ERR4367507	Klebsiella pneumoniae	ST2433	-	CTX-M-14	-	aac(3)-IId^	qnrS1	tet(A).v1*;tetM.v1*	sul2	0	1
ERR4367510	Klebsiella pneumoniae	ST661	-	-	-	-	-	-	-	0	0
ERR4367527	Klebsiella pneumoniae	ST2141-1LV	LAP-2	-	-	-	qnrS1	tet(A).v1^	-	0	0
ERR4367535	Klebsiella pneumoniae	ST727	LAP-2	-	-	aadA2^	qnrS1	tet(A).v1	sul1^	0	0
ERR4367544	Klebsiella pneumoniae	ST873	-	-	-	-	-	-	-	0	0
ERR4367546	Klebsiella pneumoniae	ST399	-	-	-	-	-	-	-	0	0
ERR4367548	Klebsiella pneumoniae	ST1656-1LV	-	-	-	strA.v1;strB.v1	-	tet(A).v1	sul1	0	0
ERR4367549	Klebsiella pneumoniae	ST1634	-	-	-	-	-	-	-	0	0
ERR4367558	Klebsiella pneumoniae	ST200	-	-	-	-	-	-	-	0	0
ERR4367598	Klebsiella pneumoniae	ST2113	-	-	-	-	-	-	-	0	0
ERR4367620	Klebsiella pneumoniae	ST111-2LV	-	-	-	-	-	-	-	1	0
ERR4367630	Klebsiella pneumoniae	ST77-1LV	-	-	-	-	-	-	-	0	0
ERR4367636	Klebsiella pneumoniae	ST1966	-	-	-	-	-	-	-	0	0
ERR4367662	Klebsiella pneumoniae	ST239-2LV	-	-	-	-	-	tet(D)	sul2	0	0
ERR4367667	Klebsiella pneumoniae	ST322	-	-	-	-	-	tet(A).v1	-	1	0
ERR4367668	Klebsiella pneumoniae	ST3056	-	-	-	-	-	-	-	0	0
ERR4367689	Klebsiella pneumoniae	ST36	-	-	-	aac(3)-IId^;aadA17*	qnrS1	-	-	0	0
ERR4367696	Klebsiella pneumoniae	ST3669-1LV	-	-	-	strA.v1^;strB.v1	-	tet(A).v1	sul2	0	0
ERR4372140	Klebsiella pneumoniae	ST2760	-	-	OXA-48	-	-	-	-	0	2
ERR4374660	Klebsiella pneumoniae	ST2004	-	-	-	-	-	-	-	0	0
ERR4374726	Klebsiella pneumoniae	ST1198	-	-	-	-	-	-	-	0	0
ERR4374734	Klebsiella pneumoniae	ST309	-	-	-	aadA^	-	tet(D)	sul1	0	0
ERR4374741	Klebsiella pneumoniae	ST661	-	-	-	-	-	-	-	0	0
ERR4374763	Klebsiella pneumoniae	ST969	-	-	-	-	-	-	-	0	0
ERR4405771	Klebsiella pneumoniae	ST103-2LV	AmpC1*;TEM-1D.v1^	-	-	aadA11.v1*;aadA2^;strA.v1;strB.v1	-	tet(A).v1*	sul1;sul2*	0	0
ERR4425355	Klebsiella pneumoniae	ST11	TEM-1D.v1^	CTX-M-15	-	aadA2;strA.v1^;strB.v1	-	-	sul1;sul2	1	1
ERR4463187	Klebsiella pneumoniae	ST152	OXA-1;TEM-1D.v1^	CTX-M-15	-	aac(3)-IIa.v1^;aac(6')-Ib-cr.v2;aadA1.v1^;strA.v1^;strB.v1	-	tet(D)	sul1;sul2	1	1
ERR4463188	Klebsiella pneumoniae	ST405	OXA-1;TEM-1D.v1^	CTX-M-15	-	aac(3)-IIa.v1^;aac(6')-Ib-cr.v2;strA.v1^;strB.v1	qnrB1.v2^	-	sul2	1	1
ERR4463227	Klebsiella variicola subsp. variicola	ST641	-	-	-	-	-	-	-	0	0
ERR4463232	Klebsiella pneumoniae	ST230	-	-	-	-	-	-	-	1	0
ERR4463254	Klebsiella pneumoniae	ST587	-	-	-	-	-	-	-	0	0
ERR4463267	Klebsiella variicola subsp. variicola	ST347	-	-	-	-	-	-	-	0	0
ERR4463357	Klebsiella pneumoniae	ST657-1LV	-	-	-	-	-	-	-	0	0
ERR4463361	Klebsiella pneumoniae	ST292	-	-	-	-	-	-	-	1	0
ERR4463372	Klebsiella pneumoniae	ST1107	-	-	-	-	-	-	-	0	0
ERR4463380	Klebsiella pneumoniae	ST1727	-	-	-	-	-	-	-	0	0
ERR4463440	Klebsiella pneumoniae	ST268	-	-	-	-	-	-	-	5	0
ERR4463458	Klebsiella pneumoniae	ST395	OXA-1;TEM-1D.v1^	CTX-M-15	-	aac(3)-IIa.v1^;aac(6')-Ib-cr.v2	qnrS1	tet(A).v1	sul1	1	1
ERR4463491	Klebsiella pneumoniae	ST45	-	-	OXA-48	-	-	tet(D)	-	1	2
ERR4463502	Klebsiella pneumoniae	ST4	TEM-1D.v1^	CTX-M-15	-	aph3-Ia.v1^;strA.v1^;strB.v1	qnrS1	tet(A).v1	sul1;sul2*	1	1
ERR4463512	Klebsiella pneumoniae	ST11	DHA-1;OXA-1;OXA-9.v1;TEM-1D.v1^	CTX-M-15	-	aac(3)-IIa.v1^;aac(6')-Ib-cr.v2*;aadA*	qnrB4	-	sul1;sul1	1	1
ERR4465096	Klebsiella pneumoniae	ST392	-	CTX-M-15	-	-	-	-	-	0	1
ERR4465110	Klebsiella pneumoniae	ST327	TEM-1D.v1^	CTX-M-15	-	-	qnrS1	tet(A).v1	sul1	0	1
ERR4465122	Klebsiella pneumoniae	ST20	TEM-1D.v1^	CTX-M-15	-	strA.v1^;strB.v1	qnrB1.v2^	tet(A).v1	sul2	0	1
ERR4465134	Klebsiella pneumoniae	ST299	-	-	-	-	-	-	-	0	0
ERR4465138	Klebsiella variicola subsp. variicola	ST1397	-	-	-	-	-	-	-	0	0
ERR4465156	Klebsiella quasipneumoniae subsp. quasipneumoniae	ST2010	-	CTX-M-15	-	aadA2^;aph3-Ia.v1^;strA.v1*	qnrS1	tet(A).v1	sul1;sul2	0	1
ERR4465168	Klebsiella pneumoniae	ST17	LAP-2	CTX-M-14	-	aac(3)-IId^	qnrS1	tet(A).v1;tet(D)	sul1	0	1
ERR4465175	Klebsiella pneumoniae	ST219	-	CTX-M-15	-	aadA2^;aph3-Ia.v1^;strA.v1*;strB.v1*	qnrS1	tet(A).v1	sul1;sul2	0	1
ERR4465213	Klebsiella variicola subsp. variicola	ST208	-	-	-	-	-	-	-	0	0
ERR4465221	Klebsiella pneumoniae	ST36	-	CTX-M-15	-	strA.v1;strB.v1	qnrS1	-	-	0	1
ERR4472597	Klebsiella pneumoniae	ST15	TEM-1D.v1^	CTX-M-15	KPC-2;NDM-1	aac(3)-IId^;aac(6')-Ib'.v1;aadA*;aadA16*;aph(3')-VI;aph3-Ia.v1*?	qnrS1	-	sul1	0	3
ERR4503937	Klebsiella pneumoniae	ST558	MOX-3*	-	-	-	-	-	-	0	0
ERR4503958	Klebsiella pneumoniae	ST378-3LV	AmpC1*;TEM-1D.v1^	-	-	aadA1.v1^	-	tet(A).v1	sul1	1	0
ERR4503970	Klebsiella pneumoniae	ST2383-1LV	ACC-1*;ACT-27*;TEM-1D.v1^	-	-	aadA2;strA.v1^;strB.v1	-	-	sul1^;sul2	0	0
ERR4504279	Klebsiella pneumoniae	ST39	TEM-1D.v1^	CTX-M-15	-	aac(3)-IId^;aph3-Ia.v1^;strA.v1^;strB.v1	-	tet(A).v1	sul1	0	1
ERR4504309	Klebsiella pneumoniae	ST1552	TEM-1D.v1^	CTX-M-15	-	aac(3)-IIa.v1;aadA1.v1^;strA.v1^;strB.v1	qnrB1.v2^	tet(A).v1	sul1;sul2	0	1
ERR4504332	Klebsiella pneumoniae	ST4073	LAP-2;OXA-1;OXA-10;TEM-1D.v1^	CTX-M-15	-	aac(3)-IIa.v1^;strA.v1;strB.v1	qnrS1	tet(A).v1	sul1;sul2	0	1
ERR4504368	Klebsiella pneumoniae	ST48	TEM-1D.v1^	CTX-M-15	-	aac(3)-IIa.v1;aadA2^;aph3-Ia.v1^;strA.v1^;strB.v1	-	-	sul1;sul2^	1	1
ERR4504434	Klebsiella pneumoniae	ST29	TEM-1D.v1^	CTX-M-15	-	aac(3)-IIa.v1^;strA.v1^;strB.v1^	qnrB1.v2^	-	sul2	1	1
ERR4549798	Klebsiella pneumoniae	ST983	OXA-1;TEM-1D.v1^	CTX-M-15	-	aac(3)-IIa.v1^;aac(6')-Ib-cr.v2;strA.v1^;strB.v1	-	-	sul2	0	1
ERR4549847	Klebsiella pneumoniae	ST252	-	-	-	-	-	-	-	0	0
ERR4549869	Klebsiella pneumoniae	ST1401	-	-	-	-	-	-	-	0	0
ERR455539	Klebsiella quasipneumoniae subsp. quasipneumoniae	ST625	LAP-2;OXA-1	CTX-M-15;SHV-12	NDM-1	aac(3)-IIa.v1^;aac(6')-Ib-cr.v2;aadA2*;rmtB*;strA.v1^;strB.v1	qnrB7^;qnrS1	tet(G).v1	sul1;sul2	0	2
ERR4596861	Klebsiella pneumoniae	ST17	TEM-1D.v1^	-	KPC-2	-	-	-	-	0	2
ERR4596863	Klebsiella pneumoniae	ST2279	TEM-1D.v1^	CTX-M-15	KPC-2	aac(3)-IIa.v1^;strA.v1^;strB.v1	qnrB1.v2^	-	sul2	0	2
ERR4635098	Klebsiella quasipneumoniae subsp. similipneumoniae	ST334	OXA-1;OXA-10;TEM-1D.v1^	CTX-M-15	-	aac(6')-Ib-cr.v2;aadA*;armA;strA.v1^;strB.v1	qnrB1.v2^	tet(A).v1	sul1;sul2	0	1
ERR4635099	Klebsiella quasipneumoniae subsp. quasipneumoniae	ST446-3LV	OXA-1;OXA-10;TEM-1D.v1^	CTX-M-15	NDM-1	aac(3)-IIa.v1^;aadA*	qnrS1	-	sul1;sul2	0	2
ERR4635136	Klebsiella pneumoniae	ST36	TEM-1D.v1^	CTX-M-15;SHV-2A^	NDM-1	aac(3)-IId^;aac(6')-Ib-cr.v2;aadA16*;rmtC;strA.v1;strB.v1	qnrB6^	tet(A).v1;tet(D)	sul2	0	2
ERR4635147	Klebsiella pneumoniae	ST636	-	-	NDM-1	aac(6')-Ib;aadA2*?;rmtF;strA.v1*;strB.v1*	qnrS1	tet(A).v1	sul2	3	2
ERR4635195	Klebsiella quasipneumoniae subsp. similipneumoniae	ST841	OXA-1;OXA-10;TEM-1D.v1^	CTX-M-15	NDM-1	aac(3)-IIa.v1^;aac(6')-Ib-cr.v2;aadA*;aph(3')-Ia;aph(3')-VI	qnrS1	-	sul1;sul2	0	2
ERR4635200	Klebsiella pneumoniae	ST219	-	CTX-M-15	-	aadA2^;aph3-Ia.v1^;strA.v1*;strB.v1*	qnrS1	tet(A).v1	sul1;sul2	0	1
ERR4635203	Klebsiella pneumoniae	ST1190	OXA-10	-	NDM-1	aadA*;aph(3')-Ia;aph(3')-VI	qnrS1?	-	sul1;sul2	0	2
ERR4635204	Klebsiella pneumoniae	ST372	OXA-1	-	NDM-1	aac(6')-Ib	qnrS1	-	sul2	1	2
ERR4635206	Klebsiella pneumoniae	ST397	-	CTX-M-15	-	-	-	-	-	1	1
ERR4635219	Klebsiella pneumoniae	ST636	-	-	NDM-1	aac(6')-Ib;aadA2*?;strA.v1*;strB.v1*	qnrS1	tet(A).v1	sul2	3	2
ERR4635221	Klebsiella pneumoniae	ST1958	DHA-1^	-	-	-	qnrB4	tet(D)	sul1	0	0
ERR4635225	Klebsiella quasipneumoniae subsp. similipneumoniae	ST138	OXA-1;TEM-1D.v1^	CTX-M-15	-	aac(3)-IIa.v1^;aac(6')-Ib-cr.v2;aadA2^;strA.v1*;strB.v1*	qnrS1	-	sul1;sul2	0	1
ERR4635253	Klebsiella pneumoniae	ST219	-	CTX-M-15	-	aadA2^;aph3-Ia.v1*;strA.v1*;strB.v1*	qnrS1	-	sul1;sul2	1	1
ERR4635289	Klebsiella pneumoniae	ST348	TEM-1D.v1^	CTX-M-15	NDM-1	aac(6')-Ib-cr.v2;aadA16*;rmtC	-	tet(A).v1	-	1	2
ERR4635300	Klebsiella pneumoniae	ST70	OXA-1;TEM-1D.v1^	CTX-M-15	NDM-1	aac(3)-IIa.v1^;aac(6')-Ib-cr.v2;aadA2^;armA;strA.v1^;strB.v1	qnrB1.v2^	tet(A).v1	sul1;sul2	1	2
ERR4635311	Klebsiella pneumoniae	ST1876	TEM-1D.v1^	CTX-M-15	NDM-1	aac(6')-Ib-cr.v2;aadA16*;rmtC;strA.v1*;strB.v1*	qnrS1	tet(A).v1	sul1*?;sul2	0	2
ERR4635369	Klebsiella pneumoniae	ST268	-	-	-	aadA2^;armA	qnrB1.v2^	-	sul1	0	0
ERR4635388	Klebsiella pneumoniae	ST101	TEM-1D.v1^	CTX-M-3	-	aac(6')-Ib-cr.v2*	qnrS1	tet(D)	sul2	0	1
ERR4635410	Klebsiella quasipneumoniae subsp. similipneumoniae	ST283	OXA-1	-	NDM-1	aac(3)-IIa.v1^;aac(6')-Ib-cr.v2;rmtC	qnrB1.v2^	-	sul1*	0	2
ERR4635428	Klebsiella pneumoniae	ST22	TEM-1D.v1^	CTX-M-15	-	aac(6')-Ib-cr.v2;aadA16*	qnrB6^	tet(A).v1	sul1;sul1	0	1
ERR4635467	Klebsiella pneumoniae	ST502	OXA-1;TEM-1D.v1^	CTX-M-15	-	aac(3)-IIa.v1^;aac(6')-Ib-cr.v2;strA.v1^;strB.v1	qnrB1.v2^	-	sul2	0	1
ERR4635479	Klebsiella pneumoniae	ST20	LAP-2	CTX-M-14	-	strA.v1*;strB.v1*	qnrS1	-	sul2	0	1
ERR4635769	Klebsiella pneumoniae	ST120-4LV	TEM-1D.v1^	CTX-M-15	OXA-232	aac(6')-Ib;aadA2^;strB.v1	qnrS1	-	sul1;sul2	3	2
ERR4702621	Klebsiella pneumoniae	ST391	TEM-1D.v1^	CTX-M-3	-	aac(3)-IId^;aadA2^;armA;strA.v1;strB.v1	-	tet(A).v1	sul1	1	1
ERR474509	Klebsiella pneumoniae	ST3169	-	-	-	-	-	-	-	0	0
ERR474519	Klebsiella quasipneumoniae subsp. similipneumoniae	ST2653-3LV	-	-	-	-	-	-	-	0	0
ERR4782413	Klebsiella pneumoniae	ST348	-	-	NDM-1	aac(3)-IIa.v1^;rmtC	qnrB1.v2^	-	sul1*	1	2
ERR4782429	Klebsiella pneumoniae	ST1	TEM-1D.v1^	CTX-M-15	NDM-1	aac(3)-IId^;aac(6')-Ib;aadA16*;rmtF;strA.v1^;strB.v1	qepA2*;qnrS1*	tet(A).v2	sul1;sul2	3	2
ERR4782639	Klebsiella pneumoniae	ST107	TEM-1D.v1^	CTX-M-15	-	aac(6')-Ib-cr.v2;aadA16*	qnrB6^;qnrS1	tet(A).v1;tet(D)	sul1;sul1;sul2	0	1
ERR4782699	Klebsiella pneumoniae	ST3715	-	-	KPC-2	-	-	-	-	0	2
ERR4782810	Klebsiella pneumoniae	ST348	TEM-1D.v1^	CTX-M-15	NDM-1	aac(6')-Ib-cr.v2;aadA16*;rmtC	qnrB6^	tet(A).v1	sul1	1	2
ERR4782839	Klebsiella pneumoniae	ST654-1LV	OXA-1	CTX-M-15	NDM-1	aac(6')-Ib-cr.v2	qnrB1.v2^	-	-	0	2
ERR4782856	Klebsiella pneumoniae	ST397	OXA-1	CTX-M-15	-	aac(6')-Ib-cr.v2;aadA2^;armA	qnrB1.v2^	-	sul1	0	1
ERR4782875	Klebsiella pneumoniae	ST661	OXA-1	CTX-M-15	-	aac(3)-IIa.v1^;aac(6')-Ib-cr.v2	qnrB1.v2^	-	-	1	1
ERR4782897	Klebsiella pneumoniae	ST234	TEM-1D.v1^	CTX-M-15	-	aac(3)-IId^;aac(6')-Ib-cr.v2;aadA16*	qnrB6^	tet(A).v1	sul1;sul1	1	1
ERR4782904	Klebsiella quasipneumoniae subsp. quasipneumoniae	ST1232-2LV	OXA-10	-	NDM-1	aadA*;aph(3')-Ia;aph(3')-VI	qnrS1	-	sul1;sul2	0	2
ERR4782918	Klebsiella quasipneumoniae subsp. similipneumoniae	ST852	TEM-1D.v1^	CTX-M-15	-	aac(3)-IId^;aac(6')-Ib-cr.v2;aadA16*;aph3-Ia.v1;strA.v1^;strB.v1	qnrB6^	-	sul1;sul1;sul2*	0	1
ERR4782945	Klebsiella quasipneumoniae subsp. similipneumoniae	ST477	TEM-1D.v1^	CTX-M-15	NDM-1	aac(3)-IId^;aac(6')-Ib-cr.v2;aadA16*;rmtC	qnrB6^	tet(A).v1	-	0	2
ERR4783007	Klebsiella quasipneumoniae subsp. similipneumoniae	ST414-1LV	-	-	-	aadA^;strA.v1;strB.v1	-	tet(A).v1	sul1*;sul2	0	0
ERR4783262	Klebsiella pneumoniae	ST281	TEM-1D.v1^	-	-	strB.v1	-	tet(A).v1^	sul2	0	0
ERR4783281	Klebsiella pneumoniae	ST636-1LV	TEM-1D.v1^	-	-	aac(3)-IIa.v1;strA.v1*	qnrS1	tet(D)	sul2	0	0
ERR4783334	Klebsiella pneumoniae	ST340	TEM-1D.v1^	CTX-M-15	-	aadA2	-	tet(D)	sul1	0	1
ERR4783380	Klebsiella pneumoniae	ST392	OXA-1;TEM-1D.v1^	CTX-M-15	-	aac(3)-IIa.v1^;aac(6')-Ib-cr.v2;strA.v1^;strB.v1	qnrB1.v2^	tet(A).v1	sul2	0	1
ERR4783506	Klebsiella pneumoniae	ST101	-	-	-	-	-	tet(A).v1*	sul1	1	0
ERR4783510	Klebsiella pneumoniae	ST147-1LV	OXA-1;TEM-1D.v1^	CTX-M-15	-	aac(3)-IIa.v1;aac(6')-Ib-cr.v2;strA.v1;strB.v1	-	-	-	0	1
ERR4783577	Klebsiella pneumoniae	ST441	OXA-1;TEM-1D.v1^	CTX-M-15	-	aac(3)-IIa.v1^;aac(6')-Ib-cr.v2;strA.v1^;strB.v1	qnrB1.v2^	tet(A).v1	sul2	1	1
ERR4784093	Klebsiella pneumoniae	ST1958	-	-	-	-	-	-	-	0	0
ERR4784153	Klebsiella pneumoniae	ST147	-	CTX-M-15	-	aac(6')-Ib;rmtF	qnrB1.v2^	-	-	1	1
ERR4784160	Klebsiella pneumoniae	ST231	TEM-1D.v1^	CTX-M-15	OXA-232	aac(6')-Ib;aadA2^;rmtF	qnrS1	-	sul1	4	2
ERR4784174	Klebsiella pneumoniae	ST469	-	-	-	-	-	-	-	0	0
ERR4784216	Klebsiella quasipneumoniae subsp. similipneumoniae	ST1308	-	-	-	-	-	-	-	0	0
ERR4784239	Klebsiella pneumoniae	ST231	TEM-1D.v1^	CTX-M-15	OXA-232	aac(6')-Ib;aadA2^	qnrS1	-	sul1	4	2
ERR4784323	Klebsiella pneumoniae	ST199	OXA-1;TEM-1D.v1^	-	-	aac(3)-IIa.v1^;aac(6')-Ib-cr.v2;aph3-Ia.v1^	qnrB1.v1?	tet(A).v1	sul1	0	0
ERR4784367	Klebsiella pneumoniae	ST37	DHA-1;TEM-1D.v1^	CTX-M-15	NDM-5;OXA-232	rmtB	qnrB4	-	sul1	1	2
ERR4784420	Klebsiella pneumoniae	ST231	TEM-1D.v1^	CTX-M-15	-	aac(6')-Ib;aadA2^	qnrS1	-	sul1	4	1
ERR4784462	Klebsiella pneumoniae	ST231	TEM-1D.v1^	CTX-M-15	OXA-232	aac(6')-Ib;aadA2^;rmtF	qnrS1	-	sul1	4	2
ERR4784773	Klebsiella pneumoniae	ST37	DHA-1	-	OXA-232	-	qnrB4	-	sul1	0	2
ERR4784824	Klebsiella pneumoniae	ST231	TEM-1D.v1^	-	OXA-232	aac(6')-Ib;aadA2^;rmtF	qnrS1	-	sul1	4	2
ERR4784842	Klebsiella pneumoniae	ST1309	OXA-1;TEM-1D.v1^	CTX-M-15	OXA-232	aac(3)-IIa.v1*;aac(6')-Ib-cr.v2;strA.v1^;strB.v1	qnrB1.v2^	-	sul2	0	2
ERR4785022	Klebsiella pneumoniae	ST38	OXA-1;TEM-1D.v1^	CTX-M-15	NDM-5;OXA-232	aac(3)-IIa.v1^;aac(6')-Ib-cr.v2;aadA*;rmtB;strA.v1^;strB.v1	qnrB1.v2^	tet(A).v1	sul1;sul2	1	2
ERR4785050	Klebsiella pneumoniae	ST231-1LV	ACT-25^;OXA-1;OXA-9.v1	CTX-M-15	NDM-1	aac(6')-Ib;aadA*;aadA2^;aph(3')-VI;armA	qnrS1	-	sul1	4	2
ERR4785373	Klebsiella quasipneumoniae subsp. quasipneumoniae	ST2660	OXA-1;TEM-1D.v1^	CTX-M-15	-	aac(3)-IIa.v1^;aac(6')-Ib-cr.v2;strA.v1^;strB.v1	qnrB1.v2^	tet(A).v1	sul2	0	1
ERR4785424	Klebsiella pneumoniae	ST323	OXA-1;TEM-1D.v1^	CTX-M-15	-	aac(3)-IIa.v1^;aac(6')-Ib-cr.v2;strA.v1^;strB.v1	qnrB1.v2^	tet(A).v1	sul2	0	1
ERR4785442	Klebsiella pneumoniae	ST198	OXA-1;TEM-1D.v1^	CTX-M-15	-	aac(6')-Ib-cr.v2;strA.v1^;strB.v1	qnrB1.v2^	tet(A).v1	sul2	0	1
ERR4785537	Klebsiella pneumoniae	ST3660	-	-	-	-	-	-	-	0	0
ERR4785607	Klebsiella pneumoniae	ST1966	-	-	-	-	-	-	-	0	0
ERR4785622	Klebsiella pneumoniae	ST1966	-	-	-	-	-	-	-	0	0
ERR4785726	Klebsiella pneumoniae	ST231	-	-	OXA-232	aac(6')-Ib;aadA2^;rmtF	qepA2*	tet(B).v2*	sul1	1	3
ERR4785741	Klebsiella pneumoniae	ST231	TEM-1D.v1^	-	OXA-232	aac(6')-Ib;aadA2^;rmtF	qnrS1	-	sul1	4	2
ERR4785754	Klebsiella pneumoniae	ST2096	OXA-1;TEM-1D.v1^	CTX-M-15	OXA-232	aac(6')-Ib-cr.v2;aadA2^;armA;sat-2	-	tet(D)	sul1	4	3
ERR4785768	Klebsiella pneumoniae	ST16-1LV	OXA-1;TEM-1D.v1^	CTX-M-15	NDM-5;OXA-181	aac(3)-IIa.v1^;aac(6')-Ib-cr.v2;aadA2^;rmtB;strA.v1^;strB.v1	qnrB1.v2^;qnrS1	tet(A).v1	sul1;sul2	0	2
ERR4790992	Klebsiella pneumoniae	ST37	-	CTX-M-15	-	-	qnrS1	-	-	0	1
ERR4791199	Klebsiella pneumoniae	ST2096	OXA-1;TEM-1D.v1^	CTX-M-15	OXA-232	aac(6')-Ib-cr.v2;aadA2^;armA;sat-2	-	-	sul1	3	2
ERR4791203	Klebsiella quasipneumoniae subsp. quasipneumoniae	ST2067-1LV	-	-	-	-	-	-	-	0	0
ERR4791434	Klebsiella variicola subsp. variicola	ST368-1LV	-	-	-	-	-	-	-	0	0
ERR4791439	Klebsiella quasipneumoniae subsp. similipneumoniae	ST334	OXA-1;OXA-10;TEM-1D.v1^	CTX-M-15	-	aac(6')-Ib-cr.v2;aadA*;armA;strA.v1^;strB.v1	qnrB1.v2^	tet(A).v1	sul1;sul2	0	1
ERR4791445	Klebsiella variicola subsp. variicola	ST368-1LV	-	-	-	-	-	-	-	0	0
ERR4791483	Klebsiella pneumoniae	ST2121	-	-	-	aadA^	-	tet(D)	sul1	0	0
ERR4791486	Klebsiella pneumoniae	ST336	OXA-1;TEM-1D.v1^	CTX-M-15	-	aac(3)-IIa.v1^;aac(6')-Ib-cr.v2;aph3-Ia.v1^;strA.v1^;strB.v1	qnrB1.v2^	tet(A).v1	sul2	1	1
ERR4791512	Klebsiella pneumoniae	ST336	OXA-1;TEM-1D.v1^	CTX-M-15	-	aac(3)-IIa.v1^;aac(6')-Ib-cr.v2;aph3-Ia.v1^;strA.v1^;strB.v1	qnrB1.v2^	tet(A).v1	sul2	1	1
ERR4791513	Klebsiella pneumoniae	ST37	TEM-1D.v1^	CTX-M-15	-	strA.v1^;strB.v1	qnrB1.v2^	-	sul2	0	1
ERR4791535	Klebsiella pneumoniae	ST37	-	-	-	-	qnrB1.v2^	-	-	0	0
ERR4791551	Klebsiella quasipneumoniae subsp. similipneumoniae	ST139-3LV	-	-	-	-	-	-	-	0	0
ERR4791557	Klebsiella quasipneumoniae subsp. similipneumoniae	ST139-3LV	-	-	-	-	-	-	-	0	0
ERR4791560	Klebsiella quasipneumoniae subsp. similipneumoniae	ST139-3LV	-	-	-	-	-	-	-	0	0
ERR4791562	Klebsiella quasipneumoniae subsp. quasipneumoniae	ST2981-3LV	-	-	-	-	-	-	-	0	0
ERR4791564	Klebsiella quasipneumoniae subsp. quasipneumoniae	ST2981-3LV	-	-	-	-	-	-	-	0	0
ERR4791583	Klebsiella quasipneumoniae subsp. quasipneumoniae	ST2981-3LV	-	-	-	-	-	-	-	0	0
ERR4791588	Klebsiella variicola subsp. variicola	ST368-1LV	-	-	-	-	-	-	-	0	0
ERR4791596	Klebsiella variicola subsp. variicola	ST368-1LV	-	-	-	-	-	-	-	0	0
ERR4791613	Klebsiella pneumoniae	ST2121	-	-	-	aadA^	-	tet(D)	sul1	0	0
ERR4795386	Klebsiella pneumoniae	ST152	OXA-1	CTX-M-15	NDM-1	aac(6')-Ian;aac(6')-Ib-cr.v2;aadA1.v1^;aadA16*;aph3-Ia.v1^	-	tet(D)	sul1;sul2	1	2
ERR4795413	Klebsiella pneumoniae	ST26-1LV	CARB-2.v1^	-	NDM-1	aadA2;aph(3')-VI	-	tet(A).v1	sul1*	0	2
ERR4795447	Klebsiella pneumoniae	ST2053	-	-	KPC-2	aac(6')-Ib-cr.v2	-	-	sul1	0	2
ERR4795471	Klebsiella pneumoniae	ST1271	TEM-1D.v1^	-	KPC-2	aac(3)-IIa.v1;aadA2^;aph(3')-VIa;strA.v1;strB.v1	qnrB5*	tet(D)	sul1;sul1	0	2
ERR4795476	Klebsiella pneumoniae	ST219	CARB-2.v1^	CTX-M-15	NDM-1	aph(3')-VI;aph3-Ia.v1^;strA.v1*;strB.v1*	qnrS1	-	sul1?	0	2
ERR4795484	Klebsiella pneumoniae	ST76	CARB-2.v1^;OXA-1;TEM-1D.v1^	-	KPC-2;NDM-1	aac(6')-Ib-cr.v2;aadA2	-	-	sul1*	0	2
ERR4795518	Klebsiella pneumoniae	ST273	OXA-1;TEM-1D.v1^	CTX-M-15	NDM-1	aac(3)-IId^;aac(6')-Ian;aac(6')-Ib-cr.v2;aadA5;strA.v1^;strB.v1	qnrB1.v2^;qnrB19^	tet(A).v1	sul1;sul2	0	2
ERR4795527	Klebsiella pneumoniae	ST258-1LV	OXA-1	CTX-M-15	KPC-3	aac(3)-IIa.v1^;strA.v1^;strB.v1	qnrB1.v2^	tet(A).v1	sul2	2	2
ERR4795580	Klebsiella pneumoniae	ST152	OXA-1;TEM-1D.v1^	CTX-M-15	NDM-9	aac(6')-Ian;aac(6')-Ib-cr.v2;aadA1.v1^;aadA16*;aph3-Ia.v1^;strA.v1^;strB.v1	qnrB6^	tet(D)	sul1;sul1;sul2	1	2
ERR4795581	Klebsiella pneumoniae	ST152	OXA-1;TEM-1D.v1^	CTX-M-15	NDM-1	aac(6')-Ian;aac(6')-Ib-cr.v2;aadA1.v1^;aadA16*;aph3-Ia.v1^;strA.v1^;strB.v1	qnrB6^	tet(D)	sul1;sul1;sul2	1	2
ERR4795594	Klebsiella pneumoniae	ST70	OXA-1;TEM-1D.v1^	-	-	strA.v1^;strB.v1	qnrB1.v2^	tet(A).v1	sul1	1	0
ERR4795632	Klebsiella pneumoniae	ST342	TEM-1D.v1^	GES-2	NDM-1	aac(3)-IIa.v1;aac(6')-Ib-cr.v1^;aadA^;ant(2'')-Ia;strA.v1;strB.v1	qnrB19^	tet(A).v1;tet(D)	sul1	1	2
ERR4795635	Klebsiella pneumoniae	ST152	OXA-1;TEM-1D.v1^	CTX-M-15	KPC-3;NDM-1	aac(6')-Ian;aac(6')-Ib-cr.v2;aadA1.v1^;aph3-Ia.v1^;strA.v1^;strB.v1	-	tet(D)	sul1;sul2	0	2
ERR4795639	Klebsiella pneumoniae	ST392	TEM-1D.v1^	CTX-M-15	KPC-2;NDM-1	aac(3)-IIa.v1^;aph(3')-VI;strA.v1^;strB.v1	qnrB1.v2^	-	-	0	2
ERR4795660	Klebsiella pneumoniae	ST36	-	-	KPC-2	aac(6')-Ib-cr.v2;aadA16*	-	-	sul1	1	2
ERR4795684	Klebsiella pneumoniae	ST258-1LV	OXA-1	CTX-M-15	KPC-3	aac(3)-IIa.v1^;strA.v1^;strB.v1	qnrB1.v2^	tet(A).v1	sul2	2	2
ERR4795698	Klebsiella pneumoniae	ST13	OXA-1	CTX-M-15	KPC-2	aac(3)-IIa.v1^;aac(6')-Ib-cr.v2;strA.v1^;strB.v1	qnrB1.v2^	tet(A).v1	sul2	0	2
ERR4795710	Klebsiella pneumoniae	ST1886	-	-	KPC-2	aac(6')-Ib-cr.v2;aadA1.v1^;aadA16*	-	-	sul1	0	2
ERR4795796	Klebsiella pneumoniae	ST25	-	-	KPC-3	-	qnrB19^	tet(D)	-	0	2
ERR4795803	Klebsiella pneumoniae	ST76	-	CTX-M-96	KPC-2	strA.v1^;strB.v1	qnrB19^	-	-	0	2
ERR4795823	Klebsiella pneumoniae	ST70	OXA-1;TEM-1D.v1^	CTX-M-15	-	aac(3)-IIa.v1^;aac(6')-Ib-cr.v2;strA.v1^;strB.v1	qnrB1.v2^	tet(A).v1	sul2	1	1
ERR4795858	Klebsiella pneumoniae	ST40	OXA-1;TEM-1D.v1^	CTX-M-15	-	aac(3)-IIa.v1^;aac(6')-Ib-cr.v2;strA.v1^;strB.v1	-	-	sul2	0	1
ERR4852847	Klebsiella pneumoniae	ST1401	-	-	-	-	-	-	-	0	0
ERR4852875	Klebsiella pneumoniae	0	OXA-1;SCO-1;TEM-1D.v1^	CTX-M-15	-	aac(3)-IId^;aac(6')-Ib-cr.v2;aadA2^;aph3-Ia.v1^;strB.v1	qnrB1.v2^	tet(A).v1;tet(D)	sul1;sul2	1	1
ERR4852913	Klebsiella pneumoniae	ST2570	TEM-1D.v1^	CTX-M-15	-	strA.v1^;strB.v1	qnrS1	tet(A).v1	sul2	0	1
ERR4852921	Klebsiella pneumoniae	ST2570	TEM-1D.v1^	CTX-M-15	-	strA.v1^;strB.v1	qnrS1	tet(A).v1	sul2	0	1
ERR4852924	Klebsiella pneumoniae	ST502	OXA-1;TEM-1D.v1^	CTX-M-15	-	aac(3)-IIa.v1^;aac(6')-Ib-cr.v2;strB.v1	qnrB1.v2^	tet(A).v1*;tet(D)	sul1;sul2	0	1
ERR4852941	Klebsiella pneumoniae	ST36	OXA-1;TEM-1D.v1^	CTX-M-15	-	aac(3)-IIa.v1^;aac(6')-Ib-cr.v2;strA.v1^;strB.v1	qnrB1.v2^	tet(A).v1*	sul2	0	1
ERR4852962	Klebsiella pneumoniae	ST105	-	-	-	-	-	tet(D)	-	0	0
ERR4852970	Klebsiella pneumoniae	ST983	OXA-1;TEM-1D.v1^	CTX-M-15	-	aac(3)-IIa.v1^;aac(6')-Ib-cr.v2;strA.v1^;strB.v1	-	-	sul2	0	1
ERR4852984	Klebsiella pneumoniae	ST2791	OXA-1	-	OXA-48	aac(3)-IIa.v1^;aac(6')-Ib-cr.v2	-	tet(A).v1	-	0	2
ERR4853003	Klebsiella variicola subsp. variicola	ST454	-	-	-	-	-	-	-	0	0
ERR4853017	Klebsiella quasipneumoniae subsp. similipneumoniae	ST3590	OXA-1	-	OXA-48	aac(3)-IIa.v1^;aac(6')-Ib-cr.v2	-	tet(A).v1	-	0	2
ERR4853021	Klebsiella pneumoniae	ST54	TEM-1D.v1^	CTX-M-15	-	strA.v1^;strB.v1	qnrB1.v2^	tet(D)	sul2	0	1
ERR486275	Klebsiella pneumoniae	ST776	TEM-1D.v1^	CTX-M-26	-	-	-	-	sul1	0	1
ERR486290	Klebsiella pneumoniae	ST42	-	SHV-12	-	aac(3)-IId^;aac(6')-Ib'.v1	-	tet(A).v1*;tet(D)	sul1	0	1
ERR486304	Klebsiella pneumoniae	ST133	-	-	-	-	-	-	-	0	0
ERR486306	Klebsiella pneumoniae	ST1536	-	-	-	-	-	-	-	0	0
ERR486313	Klebsiella pneumoniae	ST42	OXA-1;TEM-1D.v1^	CTX-M-15	-	aac(3)-IIa.v1^;aac(6')-Ib-cr.v2;aadA2^;aph3-Ia.v1^;strA.v1^;strB.v1	-	tet(A).v1	sul1;sul2*	0	1
ERR486326	Klebsiella pneumoniae	ST1967	TEM-1D.v1^	-	-	aadA*;aadA2;aph3-Ia.v1^;strA.v1*;strB.v1*	-	tet(A).v1	sul1	0	0
ERR486335	Klebsiella pneumoniae	ST1	OXA-1;TEM-1D.v1^	CTX-M-15	-	aac(3)-IIa.v1^;aac(6')-Ib-cr.v2;strA.v1;strB.v1	-	tet(A).v1	sul2	0	1
ERR486374	Klebsiella variicola subsp. variicola	ST3716	-	SHV-12	-	-	qnrA1	-	sul1;sul1	0	1
ERR486387	Klebsiella pneumoniae	ST5	-	-	-	-	-	-	-	4	0
ERR486392	Klebsiella pneumoniae	ST70	OXA-1;TEM-1D.v1^	CTX-M-15	-	aac(3)-IIa.v1^;aac(6')-Ib-cr.v2;strA.v1^;strB.v1	qnrB1.v2^	tet(A).v1	sul2	1	1
ERR486406	Klebsiella quasipneumoniae subsp. quasipneumoniae	ST144	-	-	-	aadA2	-	tet(D)	sul1;sul2	0	0
ERR486408	Klebsiella pneumoniae	ST54	OXA-2*;TEM-1D.v1^	SHV-12	VIM-2*	aac(6')-IIc;aac(6')-Ib4^;strA.v1;strB.v1	qnrB2.v1^	tet(D)	sul1;sul2	0	3
ERR486413	Klebsiella pneumoniae	ST101	OXA-1;TEM-1D.v1^;TEM-1D.v1^	CTX-M-15	-	aac(3)-IId^;aac(6')-Ib-cr.v2;strA.v1*;strB.v1*	-	tet(D)	sul2	1	1
ERR486418	Klebsiella pneumoniae	ST15	OXA-1	CTX-M-15	VIM-4	aac(6')-Ib-cr.v2;aac(6')-Il	-	-	-	0	2
ERR486433	Klebsiella pneumoniae	ST678	OXA-4;TEM-1D.v1^	-	-	aac(3)-Ic;aac(6')-Ib'.v1;aph(3')-Ia;strA.v1;strB.v1	-	-	sul1	0	0
ERR486440	Klebsiella pneumoniae	ST874	OXA-1;TEM-1D.v1^	CTX-M-15	-	aac(3)-IIa.v1^;aac(6')-Ib-cr.v2;aadA5	-	-	sul1	0	1
ERR486441	Klebsiella pneumoniae	ST460	-	-	-	-	-	-	-	0	0
ERR486454	Klebsiella pneumoniae	ST1399	OXA-1;TEM-1D.v1^	CTX-M-15;SHV-12^	-	aac(6')-Ib-cr.v2;aph3-Ia.v1^;strA.v1^;strB.v1	-	tet(A).v1	sul2*	4	1
ERR486457	Klebsiella pneumoniae	ST405	OXA-1;TEM-1D.v1^	CTX-M-15	-	aac(3)-IIa.v1^;aac(6')-Ib-cr.v2;strA.v1^;strB.v1	qnrB1.v2^	tet(A).v1	sul2	1	1
ERR486461	Klebsiella pneumoniae	ST874	OXA-1;TEM-1D.v1^	CTX-M-15	-	aac(3)-IIa.v1*;aac(6')-Ib-cr.v2;aadA5;aph3-Ia.v1^	-	-	sul1	0	1
ERR486462	Klebsiella pneumoniae	ST874	OXA-1;TEM-1D.v1^	-	-	aac(3)-IIa.v1^;aac(6')-Ib-cr.v2;aadA5;strA.v1;strB.v1	-	-	sul1	0	0
ERR486506	Klebsiella pneumoniae	ST42	OXA-9.v1;TEM-1D.v1^	SHV-12	-	aac(6')-Ib'.v1*;aadA*	-	-	sul1	0	1
ERR486517	Klebsiella pneumoniae	ST3164	TEM-1D.v1^	-	-	aadA5	-	-	sul1	0	0
ERR486750	Klebsiella pneumoniae	ST423	-	SHV-2A^	-	-	-	-	-	0	1
ERR486760	Klebsiella pneumoniae	ST3697	OXA-1;TEM-1D.v1^	CTX-M-15	-	aac(6')-Ib-cr.v2;aadA2^;aph3-Ia.v1^;strA.v1;strB.v1	-	tet(A).v1	sul1;sul2	0	1
ERR486768	Klebsiella pneumoniae	ST317	ACC-1;TEM-1D.v1^	-	-	aac(3)-IIa.v1	-	-	-	0	0
ERR486775	Klebsiella pneumoniae	ST336	OXA-1;TEM-2	CTX-M-15	-	aac(6')-Ib-cr.v2;aph3-Ia.v1^;strA.v1^;strB.v1	qnrB1.v2^	-	sul2*	1	1
ERR486794	Klebsiella quasipneumoniae subsp. similipneumoniae	ST1318	-	-	-	-	-	-	-	0	0
ERR4920355	Klebsiella quasipneumoniae subsp. similipneumoniae	ST4405	-	-	-	-	-	-	-	0	0
ERR4920356	Klebsiella quasipneumoniae subsp. similipneumoniae	ST334	OXA-1	CTX-M-15;SHV-12	KPC-2	aac(6')-Ib;rmtF	qnrB1.v1	tet(A).v1	-	0	2
ERR4920358	Klebsiella quasipneumoniae subsp. similipneumoniae	ST4406	CMY-2.v2	VEB-5*	-	ant(2'')-Ia;armA;strA.v1^;strB.v1	-	tet(A).v2	sul1;sul2	0	1
ERR4920360	Klebsiella quasipneumoniae subsp. similipneumoniae	ST4409	TEM-1D.v1^	CTX-M-15	-	aac(3)-IIa.v1;aadA^;strA.v1*;strB.v1*	qnrS1	tet(A).v1	sul1^;sul2	0	1
ERR4920367	Klebsiella variicola subsp. variicola	ST4412-1LV	-	-	-	-	-	-	-	0	0
ERR4920427	Klebsiella pneumoniae	ST35	TEM-1D.v1^	CTX-M-15	-	aac(3)-IId^;aac(6')-Ib-cr.v2;aadA16*;strA.v1*;strB.v1*	-	tet(D)	sul1;sul2	0	1
ERR4920443	Klebsiella pneumoniae	ST218	OXA-1;OXA-10;TEM-1D.v1^	CTX-M-15	-	aac(3)-IIa.v1^;aac(6')-Ib-cr.v2;aadA*;strA.v1^;strB.v1	-	tet(A).v1	sul2	4	1
ERR4920450	Klebsiella pneumoniae	ST218	OXA-1;OXA-10;TEM-1D.v1^	CTX-M-15	-	aac(3)-IIa.v1^;aac(6')-Ib-cr.v2;aadA*;strA.v1;strB.v1	-	tet(A).v1	sul2	4	1
ERR4920507	Klebsiella pneumoniae	ST464	OXA-1;TEM-1D.v1^	CTX-M-15	NDM-7	aac(3)-IIa.v1^;aac(6')-Ib-cr.v2	qnrB2.v1^	tet(A).v1	sul1^	1	2
ERR4920508	Klebsiella pneumoniae	ST464	TEM-1D.v1^	CTX-M-15	NDM-7	aadA^	-	tet(A).v1	sul1^	1	2
ERR4920509	Klebsiella pneumoniae	ST464-2LV	OXA-1;TEM-1D.v1^	CTX-M-15;SHV-38* +167S	NDM-7*	aac(3)-IIa.v1^;aac(6')-Ib-cr.v2	qnrB2.v1^	tet(A).v1*	sul1*	1	2
ERR4920510	Klebsiella pneumoniae	ST464	TEM-1D.v1^	CTX-M-15	NDM-7	aac(3)-IIa.v1^	qnrB2.v1^	tet(A).v1	sul1*	1	2
ERR4920524	Klebsiella pneumoniae	ST4410	OXA-1	CTX-M-15	NDM-1	aac(3)-IId^;aac(6')-Ib-cr.v2;aadA2^;aph(3')-VI;strA.v1*;strB.v1*	qnrB1.v1	-	sul1;sul2^	1	2
ERR4920528	Klebsiella pneumoniae	ST985	OXA-1;TEM-1D.v1^	CTX-M-15	-	aac(3)-IIa.v1^;aac(6')-Ib-cr.v2;strA.v1^;strB.v1	qnrB1.v2^	tet(A).v1	sul2	1	1
ERR4920534	Klebsiella pneumoniae	ST442	-	CTX-M-15	NDM-1	aac(3)-IIa.v1^;aadA2^;aph(3')-VI;armA	-	-	sul1	0	2
ERR4920541	Klebsiella pneumoniae	ST442	-	CTX-M-15	NDM-1	aac(3)-IIa.v1^;aadA2^;armA	-	-	sul1	0	2
ERR4920545	Klebsiella pneumoniae	ST170	-	-	-	-	-	-	-	0	0
ERR4920573	Klebsiella pneumoniae	ST611	OXA-1*;TEM-1D.v1^	CTX-M-15*	NDM-1	aac(3)-IId^;aac(6')-Ib-cr.v2;aadA*;aadA16*;strB.v1	qnrB1.v2^	tet(A).v1;tet(B).v2*	sul1;sul2	0	2
ERR4920576	Klebsiella pneumoniae	ST76	TEM-1D.v1^	CTX-M-15	-	strA.v1^;strB.v1	qnrS1	tet(A).v1	sul2	0	1
ERR4920588	Klebsiella pneumoniae	ST1877	TEM-1D.v1^	CTX-M-15	-	strA.v1^;strB.v1	qnrB1.v2^	tet(A).v1	sul2	0	1
ERR4920599	Klebsiella pneumoniae	ST17	SCO-1;TEM-1D.v1^	CTX-M-15	-	aac(3)-IIa.v1;aadA1.v1^	-	tet(A).v1	sul1	0	1
ERR4920610	Klebsiella pneumoniae	ST2986	OXA-10	-	-	ant(2'')-Ia	-	tet(C)	sul2	0	0
ERR4920627	Klebsiella pneumoniae	ST1414	TEM-1D.v1^	CTX-M-15	-	aac(3)-IId^;aac(6')-Ib-cr.v2*;aadA5;strA.v1;strB.v1	qnrB1.v2^	-	sul1;sul2	0	1
ERR4968614	Klebsiella quasipneumoniae subsp. quasipneumoniae	ST1400-4LV	-	-	KPC-2	aac(6')-Ib-cr.v2;aadA16*;strA.v1;strB.v1	qnrB6^	-	sul1	0	2
ERR4968617	Klebsiella quasipneumoniae subsp. similipneumoniae	ST1584-1LV	-	-	KPC-3	-	-	-	-	0	2
ERR4968625	Klebsiella quasipneumoniae subsp. quasipneumoniae	ST2010	-	-	KPC-2	-	qnrE2	-	-	0	2
ERR4968627	Klebsiella quasipneumoniae subsp. quasipneumoniae	ST1681	-	-	KPC-2	aac(6')-Ib-cr.v2;aadA16*;strA.v1;strB.v1	-	-	sul1	0	2
ERR4968637	Klebsiella quasipneumoniae subsp. similipneumoniae	ST1887	-	-	KPC-2	aac(3)-IIa.v1;strA.v1^	qnrB19^	-	-	0	2
ERR4968655	Klebsiella quasipneumoniae subsp. similipneumoniae	ST3121	OXA-1	-	KPC-2;NDM-1	aac(6')-Ib-cr.v2	qnrB1.v2^	tet(A).v1	-	0	2
ERR4968661	Klebsiella quasipneumoniae subsp. similipneumoniae	ST1887	OXA-1	-	KPC-2	aac(6')-Ib-cr.v2^	-	-	sul1	0	2
ERR4968666	Klebsiella quasipneumoniae subsp. quasipneumoniae	ST3866	-	-	KPC-2	aac(6')-Ib-cr.v2;aadA16*	qnrB6^	-	sul1;sul1	0	2
ERR4981893	Klebsiella pneumoniae	ST39	SCO-1;TEM-1D.v1^	-	VIM-1	aac(3)-IIa.v1;aac(6')-Ib'.v1;strA.v1*;strB.v1*	qnrA1^	tet(D)	sul1;sul2	0	2
ERR4981905	Klebsiella variicola subsp. variicola	ST3195	LAP-2	CTX-M-14	-	aac(3)-IId^	qnrS1	tet(A).v1	sul1	0	1
ERR4993050	Klebsiella pneumoniae	ST252	DHA-1	-	-	-	qnrB4	-	sul1^	0	0
ERR4993062	Klebsiella pneumoniae	ST11-1LV	AmpC1*;CMY-4.v1;OXA-1;OXA-10	CTX-M-15	NDM-7	aac(6')-Ib3^;ant(2'')-Ia*;aph3-Ia.v1^;armA*;rmtF;strA.v1^;strB.v1	qnrS1	tet(A).v2	sul1;sul2	4	2
ERR4993063	Klebsiella pneumoniae	ST48	AmpC1*;TEM-1D.v1^	CTX-M-15	-	aadA*;aadA5;sat-2;strA.v1^;strB.v1	qnrB1.v2^;qnrS1	tet(B).v2*	sul1;sul2	4	1
ERR4993080	Klebsiella pneumoniae	ST268	-	-	-	-	-	-	sul1	0	0
ERR4993100	Klebsiella pneumoniae	ST237-1LV	OXA-486*;PDC-7*;TEM-135.v1^	CTX-M-15	-	aph(3')-IIb*	qnrS1	tet(A).v1*	-	0	1
ERR4993113	Klebsiella pneumoniae	ST464	AmpC1;DHA-1;TEM-1D.v1^	CTX-M-15	-	strA.v1;strB.v1	qnrB4;qnrS1	tet(A).v1	sul1;sul2	0	1
ERR5037496	Klebsiella pneumoniae	ST2502	OXA-1;OXA-9.v1;TEM-1D.v1^	CTX-M-14^;CTX-M-15	OXA-48	aac(3)-IIa.v1^;aac(6')-Ib'.v1;aadA*;aadA2;aadA2^;aph(3')-VI*;armA*;strA.v1	-	tet(D)	sul1;sul3	4	3
ERR5037505	Klebsiella pneumoniae	ST101	OXA-1;OXA-9.v1;TEM-1D.v1^	CTX-M-15	OXA-48	aac(6')-Ib'.v1;aadA*;strA.v1^;strB.v1	-	tet(D)	sul2	1	3
ERR5037608	Klebsiella pneumoniae	ST320	-	-	OXA-181	-	qnrS1	-	-	1	2
ERR5037612	Klebsiella pneumoniae	ST45	-	-	OXA-48	-	-	tet(D)	-	1	2
ERR5037615	Klebsiella pneumoniae	ST2096	OXA-1;TEM-1D.v1^	CTX-M-15	OXA-232	aac(6')-Ib-cr.v2;aadA2^;armA*;sat-2	-	tet(D)	sul1	4	3
ERR5037626	Klebsiella pneumoniae	ST377	OXA-1	CTX-M-15	OXA-48	aac(6')-Ib-cr.v2	-	-	-	1	2
ERR5056271	Klebsiella pneumoniae	ST129	-	-	-	-	-	-	-	0	0
ERR5056273	Klebsiella pneumoniae	ST26	-	-	-	-	-	-	-	0	0
ERR5056295	Klebsiella variicola subsp. variicola	ST1562	-	-	-	-	-	-	-	0	0
ERR5056297	Klebsiella pneumoniae	ST551	-	-	-	-	-	-	-	0	0
ERR5056299	Klebsiella pneumoniae	ST416	-	-	-	-	-	-	-	0	0
ERR5056303	Klebsiella pneumoniae	ST296-2LV	-	-	-	-	-	-	-	0	0
ERR5056323	Klebsiella pneumoniae	ST187-1LV	-	-	-	-	-	-	-	0	0
ERR5056327	Klebsiella pneumoniae	ST461	-	-	-	-	-	-	-	0	0
ERR5056328	Klebsiella pneumoniae	ST1114	-	-	-	-	-	-	-	0	0
ERR5056350	Klebsiella pneumoniae	ST2791	-	-	-	-	-	-	-	0	0
ERR5056358	Klebsiella variicola subsp. variicola	ST4199-1LV	-	-	-	-	-	-	-	0	0
ERR5056360	Klebsiella pneumoniae	ST76	-	-	-	-	-	-	-	0	0
ERR5056385	Klebsiella pneumoniae	ST2447	-	-	-	-	-	-	-	1	0
ERR5056411	Klebsiella pneumoniae	ST3176-1LV	-	-	-	-	-	-	-	0	0
ERR5056416	Klebsiella pneumoniae	ST505	-	-	-	-	-	tet(D)	-	0	0
ERR5056419	Klebsiella pneumoniae	ST10	-	-	-	-	-	-	-	0	0
ERR5056438	Klebsiella pneumoniae	ST499-1LV	TEM-1D.v1^	-	-	strB.v1	-	tet(A).v1	sul2	0	0
ERR5056455	Klebsiella variicola subsp. variicola	ST1023-1LV	-	-	-	-	-	-	-	0	0
ERR5056489	Klebsiella variicola subsp. variicola	ST2386	-	-	-	-	-	-	-	0	0
ERR5056492	Klebsiella pneumoniae	ST76	-	-	-	-	-	-	-	0	0
ERR5056496	Klebsiella pneumoniae	ST187	-	-	-	-	-	-	-	0	0
ERR5056498	Klebsiella pneumoniae	ST461-1LV	-	-	-	-	-	-	-	0	0
ERR5056499	Klebsiella pneumoniae	ST629	-	-	-	-	-	-	-	0	0
ERR5056502	Klebsiella pneumoniae	ST2	-	-	-	-	-	-	-	0	0
ERR5056509	Klebsiella pneumoniae	ST253	-	-	-	-	-	-	-	0	0
ERR5056520	Klebsiella variicola subsp. variicola	ST1994	-	-	-	-	-	-	-	0	0
ERR5056526	Klebsiella pneumoniae	ST515	-	-	-	-	-	-	-	0	0
ERR5056544	Klebsiella pneumoniae	ST466	-	-	-	-	-	-	-	1	0
ERR5056569	Klebsiella variicola subsp. variicola	ST4167	-	-	-	-	-	-	-	0	0
ERR5056585	Klebsiella pneumoniae	ST2004	-	-	-	-	-	-	-	0	0
ERR5056589	Klebsiella pneumoniae	ST1243	-	-	-	-	-	-	-	0	0
ERR5056604	Klebsiella variicola subsp. variicola	ST581	-	-	-	-	-	-	-	0	0
ERR5056609	Klebsiella pneumoniae	ST277	-	-	-	-	-	-	-	0	0
ERR5056615	Klebsiella pneumoniae	ST20	-	-	-	-	-	-	-	0	0
ERR5056624	Klebsiella pneumoniae	ST359	-	-	-	-	-	-	-	0	0
ERR5056625	Klebsiella quasipneumoniae subsp. quasipneumoniae	ST2421-2LV	-	-	-	-	-	-	-	0	0
ERR5056636	Klebsiella pneumoniae	ST2004	-	-	-	-	-	-	-	0	0
ERR5056637	Klebsiella pneumoniae	ST1873-1LV	-	-	-	-	-	-	-	0	0
ERR5056640	Klebsiella variicola subsp. variicola	ST1848	-	-	-	-	-	-	-	0	0
ERR5056666	Klebsiella pneumoniae	ST327	-	-	-	-	-	-	-	0	0
ERR5056688	Klebsiella pneumoniae	ST704	-	-	-	-	-	-	-	1	0
ERR5056691	Klebsiella pneumoniae	ST296-2LV	-	-	-	-	-	-	-	0	0
ERR5056692	Klebsiella pneumoniae	ST1145	-	-	-	-	-	-	-	0	0
ERR5056695	Klebsiella variicola subsp. variicola	ST527	-	-	-	-	-	-	-	0	0
ERR5056705	Klebsiella pneumoniae	ST628	-	-	-	-	-	-	-	0	0
ERR5056708	Klebsiella pneumoniae	ST129	-	-	-	-	-	-	-	0	0
ERR5060374	Klebsiella pneumoniae	ST231	TEM-1D.v1^	-	OXA-232	aac(6')-Ib;aadA2^	-	-	sul1	4	2
ERR5104043	Klebsiella pneumoniae	ST2390	-	-	-	aadA1.v1^	-	tet(A).v1	sul1	0	0
ERR5104044	Klebsiella pneumoniae	ST152	-	-	-	aph3-Ia.v1^	-	-	-	1	0
ERR5104051	Klebsiella pneumoniae	ST307	TEM-1D.v1^	CTX-M-15	-	aac(3)-IIa.v1^;aac(6')-Ib-cr.v2;strA.v1^;strB.v1	qnrB1.v2^	tet(A).v1	sul2	0	1
ERR5104065	Klebsiella pneumoniae	ST26-1LV	OXA-1;TEM-1D.v1^	CTX-M-15	-	aac(6')-Ib-cr.v2;strA.v1^;strB.v1	-	-	sul2	1	1
ERR5104073	Klebsiella pneumoniae	ST234	-	-	-	-	-	-	-	2	0
ERR5104082	Klebsiella variicola subsp. variicola	ST209-1LV	-	-	-	-	-	-	-	0	0
ERR5104088	Klebsiella pneumoniae	ST60	-	-	-	-	-	-	-	1	0
ERR5104089	Klebsiella pneumoniae	ST13	-	-	-	aadA1.v1^	-	tet(D)	sul1	1	0
ERR5162368	Klebsiella quasipneumoniae subsp. similipneumoniae	ST356	DHA-1	-	-	strA.v1;strB.v1	qnrB4	-	sul1	0	0
ERR5233938	Klebsiella pneumoniae	ST1271	MIR-9;TEM-1D.v1^	CTX-M-15	-	strA.v1^;strB.v1	qnrB1.v2^;qnrS1	tet(A).v1	sul2	0	1
ERR5234024	Klebsiella pneumoniae	ST231	TEM-1D.v1^	CTX-M-15	-	aac(3)-IId^;strA.v1*;strB.v1	-	tet(B).v2*;tet(D)	sul2	0	1
ERR5234035	Klebsiella pneumoniae	ST17-1LV	LAP-2;TEM-1D.v1^	CTX-M-14;CTX-M-15	-	aac(3)-IId^;strA.v1^;strB.v1	qnrS1	tet(A).v1	sul1;sul2	0	1
ERR5234050	Klebsiella pneumoniae	ST231	TEM-1D.v1^	CTX-M-15	-	aac(3)-IId^;aadA2^;aadA^;strA.v1*;strB.v1	-	tet(D)	sul1;sul2	0	1
ERR5234078	Klebsiella pneumoniae	ST607	OXA-1	CTX-M-15	-	aac(3)-IIa.v1;aac(6')-Ib-cr.v2	-	-	-	0	1
ERR5386364	Klebsiella pneumoniae	ST1774	-	CTX-M-15	-	aadA2^;aph3-Ia.v1^;strA.v1*;strB.v1*	qnrS1	tet(A).v1	sul1;sul2	0	1
ERR5386410	Klebsiella pneumoniae	ST557	-	-	-	-	-	-	-	0	0
ERR5386415	Klebsiella pneumoniae	ST412	-	-	-	-	-	-	-	0	0
ERR5386432	Klebsiella pneumoniae	ST78	OXA-1;TEM-1D.v1^	CTX-M-15	NDM-1	aac(3)-IId^;aac(6')-Ib-cr.v2;aadA2^;aph(3')-VI;armA;sat-2	qnrB1.v2^	tet(D)	sul1	1	2
ERR5386433	Klebsiella variicola subsp. variicola	ST1456-1LV	-	-	-	-	-	-	-	0	0
ERR5386436	Klebsiella pneumoniae	ST78	OXA-1;TEM-1D.v1^	CTX-M-15	NDM-1	aac(3)-IId^;aac(6')-Ib-cr.v2;aadA2^;aph(3')-VI;armA;sat-2	qnrB1.v2^	tet(D)	sul1	1	2
ERR5386439	Klebsiella pneumoniae	ST2599	-	-	-	strA.v1;strB.v1	-	-	-	0	0
ERR5386464	Klebsiella pneumoniae	ST78	OXA-1;TEM-1D.v1^	CTX-M-15	NDM-1	aac(3)-IId^;aac(6')-Ib-cr.v2;aadA2^;aph(3')-VI;armA;sat-2	qnrB1.v2^	tet(D)	sul1	1	2
ERR5386468	Klebsiella pneumoniae	ST78	OXA-1;TEM-1D.v1^	CTX-M-15	NDM-1	aac(3)-IId^;aac(6')-Ib'.v1;aac(6')-Ie-aph(2'')-Ia*;aac(6')-Ii*;aadA2^;ant6-Ia.v1;aph(3')-IIIa;aph(3')-VI;armA;sat-2	qnrB1.v2^	tet(D);tetM.v1*	sul1	1	2
ERR5432297	Klebsiella pneumoniae	ST985	OXA-1;TEM-1D.v1^	CTX-M-15	-	aac(3)-IIa.v1^;aac(6')-Ib-cr.v2;strA.v1^;strB.v1	qnrB1.v2^	-	sul2	1	1
ERR5432313	Klebsiella quasipneumoniae subsp. similipneumoniae	ST736	-	CTX-M-1	-	-	-	-	-	0	1
ERR5432350	Klebsiella pneumoniae	ST258-1LV	-	SHV-12	KPC-2	aac(6')-Ib'.v1;aadA2^;aph3-Ia.v1^	-	-	sul1	1	3
ERR5432396	Klebsiella pneumoniae	ST383	TEM-1	CTX-M-14^;CTX-M-15	NDM-5	aac(6')-Ib'.v1;aadA*;aph(3')-VI;aph3-Ia.v1^;armA;strA.v1;strB.v1	qnrS1	-	sul1;sul2	3	2
ERR5432541	Klebsiella pneumoniae	ST253	-	-	-	-	-	-	-	0	0
ERR5442448	Klebsiella variicola subsp. variicola	ST1423	-	-	-	-	-	-	-	0	0
ERR5442449	Klebsiella pneumoniae	ST353	TEM-1D.v1^	CTX-M-15	-	aac(3)-IIa.v1^;aph3-Ia.v1^;strA.v1^;strB.v1	qnrB1.v2^	-	sul2	1	1
ERR5442453	Klebsiella pneumoniae	ST628-1LV	OXA-1;TEM-1D.v1^	CTX-M-15	-	aac(3)-IIa.v1^;aac(6')-Ib-cr.v2;strA.v1^;strB.v1	qnrB1.v2^	tet(A).v1	sul2	0	1
ERR5456480	Klebsiella pneumoniae	ST101	OXA-1	CTX-M-15	-	aac(3)-IId^;aac(6')-Ib-cr.v2;strA.v1*;strB.v1*	-	-	sul2	1	1
ERR5530322	Klebsiella pneumoniae	ST290-1LV	-	-	-	-	-	-	-	4	0
ERR5530329	Klebsiella pneumoniae	ST3069	-	-	-	-	-	tet(B).v2*	-	0	0
ERR5530367	Klebsiella pneumoniae	ST2467	-	-	-	-	-	-	-	0	0
ERR5530368	Klebsiella pneumoniae	ST2441	-	-	-	-	-	-	-	0	0
ERR5530384	Klebsiella pneumoniae	ST3020	-	-	-	-	-	-	-	0	0
ERR5530394	Klebsiella pneumoniae	ST636	-	-	-	-	-	-	-	1	0
ERR5530399	Klebsiella pneumoniae	ST528-1LV	-	-	-	-	-	-	-	0	0
ERR5530401	Klebsiella pneumoniae	ST1877	-	-	-	-	-	-	-	0	0
ERR5530409	Klebsiella pneumoniae	ST1229	-	-	-	-	-	-	-	1	0
ERR5530419	Klebsiella pneumoniae	ST113	-	-	-	-	-	-	-	1	0
ERR5530421	Klebsiella pneumoniae	ST1198	-	-	-	-	-	-	-	0	0
ERR5530422	Klebsiella pneumoniae	ST1026-1LV	-	-	-	-	-	-	-	0	0
ERR5530428	Klebsiella pneumoniae	ST2441	-	-	-	-	-	-	-	0	0
ERR5530450	Klebsiella pneumoniae	ST4106	-	-	-	-	-	-	-	0	0
ERR5530454	Klebsiella pneumoniae	ST1630	-	-	-	-	-	-	-	1	0
ERR5530458	Klebsiella pneumoniae	ST2118	-	-	-	-	-	-	-	0	0
ERR5530493	Klebsiella pneumoniae	ST290	-	-	-	-	-	-	-	1	0
ERR5530501	Klebsiella pneumoniae	ST515	-	-	-	-	-	-	-	0	0
ERR5530507	Klebsiella pneumoniae	ST22-2LV	-	-	-	-	-	-	-	0	0
ERR5530508	Klebsiella pneumoniae	ST3069	-	-	-	-	-	tet(B).v2*	-	0	0
ERR5530511	Klebsiella pneumoniae	ST1229	-	-	-	-	-	-	-	1	0
ERR559463	Klebsiella quasipneumoniae subsp. quasipneumoniae	ST625	LAP-2;OXA-1	CTX-M-15;SHV-12	NDM-1	aac(3)-IIa.v1^;aac(6')-Ib-cr.v2;aadA2*;rmtB*;strA.v1^;strB.v1	qnrB7^;qnrS1	tet(G).v1	sul1;sul2	0	3
ERR560510	Klebsiella pneumoniae	ST23	-	-	-	-	-	-	-	3	0
ERR560524	Klebsiella pneumoniae	ST12	-	-	-	-	-	-	-	0	0
ERR564140	Klebsiella pneumoniae	ST375	-	-	-	-	-	-	-	3	0
ERR564152	Klebsiella pneumoniae	ST375	-	-	-	-	-	-	-	3	0
ERR564176	Klebsiella pneumoniae	ST375	-	-	-	-	-	-	-	3	0
ERR564179	Klebsiella pneumoniae	ST375	-	-	-	-	-	-	-	3	0
ERR564188	Klebsiella pneumoniae	ST1303-1LV	-	-	KPC-2	-	-	-	-	0	2
ERR564190	Klebsiella pneumoniae	ST1	CMY-4.v1;TEM-1D.v1^	CTX-M-15	NDM-1	aac(6')-Ib3^;armA	-	-	sul1	0	2
ERR5685104	Klebsiella pneumoniae	ST24	TEM-1D.v1^	-	NDM-5	aadA2^;rmtB	-	-	sul1	0	2
ERR5685172	Klebsiella pneumoniae	ST244	TEM-1D.v1^	CTX-M-15	NDM-1	aac(3)-IIa.v1^;aac(6')-Ib;rmtF;strA.v1^;strB.v1	qnrB1.v1	-	sul2	1	2
ERR5685177	Klebsiella pneumoniae	ST244	OXA-1;TEM-1D.v1^	CTX-M-15	NDM-1	aac(3)-IIa.v1^;aac(6')-Ib;rmtF;strA.v1^;strB.v1	qnrB1.v2	-	sul2	1	2
ERR5685185	Klebsiella pneumoniae	ST244	OXA-1;TEM-1D.v1^	CTX-M-15	NDM-1	aac(3)-IIa.v1^;aac(6')-Ib;rmtF;strA.v1^;strB.v1	qnrB1.v2	-	sul2	1	2
ERR5685211	Klebsiella pneumoniae	ST42	OXA-1;OXA-9.v1;TEM-1D.v1^	CTX-M-15	NDM-1*	aac(3)-IIa.v1^;aac(6')-Ib;aadA*;aph3-Ia.v1^;rmtF	qnrB1.v1	-	-	0	2
ERR5685230	Klebsiella pneumoniae	ST244	OXA-1;TEM-1D.v1^	CTX-M-15	NDM-1	aac(3)-IIa.v1^;aac(6')-Ib;rmtF;strA.v1^;strB.v1	qnrB1.v2	-	sul2	1	2
ERR5685305	Klebsiella pneumoniae	ST22	TEM-1D.v1^	-	NDM-7	aadA2	-	tet(D)	sul1;sul2	0	2
ERR5685308	Klebsiella pneumoniae	ST464	OXA-1;TEM-1D.v1^	CTX-M-15	NDM-7	aac(3)-IIa.v1^;aac(6')-Ib-cr.v2	-	tet(A).v1	-	1	2
ERR5685323	Klebsiella pneumoniae	ST70	OXA-1;TEM-1D.v1^	CTX-M-15	NDM-1	aac(3)-IId^;aac(6')-Ib-cr.v2;aadA*;aadA16*;aph(3')-VI*	qnrB1.v2^;qnrS1	tet(A).v1;tet(B).v2*	sul1;sul1;sul2	1	2
ERR5685332	Klebsiella pneumoniae	ST20	TEM-1D.v1^	-	NDM-1	aac(6')-Ib-cr.v2;aadA*;aadA16*;strB.v1	qnrB1.v2^	tet(B).v2*	sul1;sul2	0	2
ERR5685454	Klebsiella pneumoniae	ST70-2LV	OXA-1;TEM-1D.v1^	CTX-M-15	NDM-1	aac(3)-IId^;aac(6')-Ib-cr.v2;aadA*;aadA16*	qnrB1.v2^	tet(A).v1;tet(B).v2*	sul1;sul2	1	3
ERR5685467	Klebsiella pneumoniae	ST20	TEM-1D.v1^	-	NDM-1	aac(6')-Ib-cr.v2;aadA*;aadA16*;aph(3')-VI*	qnrB1.v2^	tet(B).v2*	sul1;sul1;sul2	0	2
ERR5685488	Klebsiella pneumoniae	ST15	CMY-6;TEM-1D.v1^	CTX-M-15	NDM-1;OXA-181	aac(6')-Ib3^;rmtC;strA.v1^;strB.v1	qnrS1	-	sul1;sul2	1	2
ERR5751862	Klebsiella quasipneumoniae subsp. similipneumoniae	ST705	TEM-105*	-	-	aac(6')-Ib-cr.v2^;aadA16*;strA.v1;strB.v1*	-	-	sul1*;sul2	0	0
ERR5751892	Klebsiella pneumoniae	ST985	OXA-1;TEM-1D.v1^	CTX-M-15	-	aac(3)-IIa.v1^;aac(6')-Ib-cr.v2;strA.v1^;strB.v1	qnrB1.v2^	tet(A).v1	sul2	1	1
ERR5751929	Klebsiella pneumoniae	ST231	TEM-1D.v1^	-	OXA-232	aac(6')-Ib	-	-	-	1	2
ERR5752106	Klebsiella pneumoniae	ST2108	OXA-1;TEM-1D.v1^	-	NDM-1	aac(3)-IId^;aac(6')-Ib-cr.v2;aadA*;aadA16*;aph(3')-VI*	qnrB1.v2^	tet(A).v1	sul1;sul2	0	2
ERR5752141	Klebsiella pneumoniae	ST2680	TEM-1D.v1^	CTX-M-15	-	-	qnrB1.v2^	tet(A).v1	-	0	1
ERR5752143	Klebsiella pneumoniae	ST234	-	-	-	-	qnrS1	-	-	0	0
ERR5752161	Klebsiella pneumoniae	ST22	-	CTX-M-15	-	-	qnrB1.v2^	-	-	1	1
ERR5752167	Klebsiella pneumoniae	ST234	TEM-1D.v1^	CTX-M-15	-	strA.v1^;strB.v1	qnrS1	tet(A).v1	sul2	0	1
ERR5752187	Klebsiella quasipneumoniae subsp. similipneumoniae	ST2354	OXA-1	CTX-M-15	NDM-1	aac(3)-IIa.v1^;aac(6')-Ib-cr.v2;aadA*;aph3-Ia.v1^;strA.v1^;strB.v1	qnrB1.v2^	tet(A).v1;tet(C)*	sul1;sul1	0	2
ERR5928252	Klebsiella pneumoniae	ST405	OXA-1;TEM-1D.v1^	CTX-M-15	OXA-48	aac(3)-IIa.v1^;aac(6')-Ib-cr.v2;strA.v1^;strB.v1	qnrB1.v2^	tet(A).v1	sul2	1	2
ERR6057884	Klebsiella pneumoniae	ST1193	OXA-1;TEM-1D.v1^	CTX-M-15	-	aac(3)-IIa.v1^;aac(6')-Ib-cr.v2;aadA2^;strA.v1*;strB.v1*	qnrS1	tet(A).v1	sul1;sul2	0	1
ERR6057896	Klebsiella pneumoniae	ST14	TEM-1D.v1^	CTX-M-15	-	aac(3)-IId^	-	-	sul2	0	1
ERR6057900	Klebsiella quasipneumoniae subsp. quasipneumoniae	ST1040-1LV	OXA-1;OXA-10;SCO-1;TEM-1D.v1^	CTX-M-15	-	aac(3)-IIa.v1;aac(6')-Ib-cr.v2;aadA*;strA.v1;strB.v1	qnrS1	-	sul1^;sul2	0	1
ERR6057913	Klebsiella pneumoniae	ST2176	LAP-2	-	-	aac(3)-IId^;strA.v1;strB.v1	qnrS1	-	sul2	0	0
ERR6057915	Klebsiella pneumoniae	ST607	TEM-1D.v1^	CTX-M-15	-	aac(3)-IIa.v1;aac(6')-Ib-cr.v2;aadA16*	qnrB6^	-	sul1;sul1;sul2	1	1
ERR6057938	Klebsiella pneumoniae	ST231	TEM-1D.v1^	CTX-M-15	-	aac(3)-IId^;aac(6')-Ib-cr.v2;aadA16*;strA.v1*;strB.v1*	-	tet(D)	sul1;sul2*	0	1
ERR6057946	Klebsiella pneumoniae	ST2601	TEM-1D.v1^	-	-	strA.v1^;strB.v1	-	-	sul2	0	0
ERR6057969	Klebsiella quasipneumoniae subsp. similipneumoniae	ST15	-	CTX-M-15	-	aac(3)-IId^;aadA^;strA.v1^	qnrB1.v1	tet(A).v1;tet(D)*	sul2	1	1
ERR6057971	Klebsiella pneumoniae	ST152	OXA-1;TEM-1D.v1^	CTX-M-15	-	aac(3)-IIa.v1^;aac(6')-Ib-cr.v2;aadA16*;strA.v1^;strB.v1	qnrB6^	tet(D)	sul1;sul1;sul2	1	1
ERR6057992	Klebsiella pneumoniae	ST392	OXA-1;TEM-1D.v1^	CTX-M-15	-	aac(3)-IIa.v1^;aac(6')-Ib-cr.v2;strA.v1^;strB.v1	qnrB1.v2^	tet(A).v1	sul2	0	1
ERR6058047	Klebsiella pneumoniae	ST1414	TEM-1D.v1^	CTX-M-15	-	aac(3)-IId^;aac(6')-Ib-cr.v2*;aadA5;strB.v1	qnrB1.v2^	-	sul1;sul2	1	1
ERR6058075	Klebsiella pneumoniae	ST15	OXA-1*;TEM-1D.v1^	CTX-M-15	-	aac(3)-IIa.v1^;aac(6')-Ib-cr.v2;strA.v1^;strB.v1	qnrB1.v2^	tet(A).v1	sul2	1	1
ERR6058081	Klebsiella pneumoniae	ST391	OXA-1;TEM-1D.v1^	CTX-M-15	-	aac(3)-IIa.v1^;aac(6')-Ib-cr.v2;strA.v1^;strB.v1	-	-	sul2	1	1
ERR6058093	Klebsiella pneumoniae	ST14	TEM-1D.v1^	CTX-M-15	-	aac(3)-IId^	-	-	sul2	0	1
ERR6058106	Klebsiella pneumoniae	ST3717	TEM-1D.v1^	CTX-M-15	-	aac(6')-Ib-cr.v2;aadA16*;strA.v1*;strB.v1*	qnrB6^	-	sul1;sul1;sul2	0	1
ERR6058114	Klebsiella pneumoniae	ST307	TEM-1D.v1^	CTX-M-15	-	aac(3)-IIa.v1;aac(6')-Ib-cr.v2;aadA16*;strA.v1*;strB.v1*	-	-	sul1;sul2	1	1
ERR6058133	Klebsiella pneumoniae	ST273	-	CTX-M-15	-	aac(3)-IId^;aadA5;strA.v1;strB.v1	-	tet(D)	sul1;sul2	0	1
ERR6058134	Klebsiella pneumoniae	ST551	TEM-1D.v1^	CTX-M-15	-	aac(3)-IIa.v1^;strA.v1^;strB.v1	qnrB1.v2^	tet(A).v1	sul2	0	1
ERR6058137	Klebsiella pneumoniae	ST307	OXA-1;TEM-1D.v1^	CTX-M-15	-	aac(3)-IIa.v1^;aac(6')-Ib-cr.v2;strA.v1^;strB.v1	qnrB1.v2^	-	sul2	1	1
ERR6096179	Klebsiella pneumoniae	ST299-1LV	-	-	-	-	-	-	-	0	0
ERR6096181	Klebsiella pneumoniae	ST299-1LV	-	-	-	-	-	-	-	0	0
ERR6096188	Klebsiella pneumoniae	ST178-2LV	-	-	-	-	-	-	-	0	0
ERR6096195	Klebsiella pneumoniae	ST63-3LV	-	-	-	-	-	-	-	0	0
ERR6140642	Klebsiella pneumoniae	ST105	-	-	-	-	-	-	-	1	0
ERR6293453	Klebsiella pneumoniae	ST437	OXA-1	SHV-12	-	aac(3)-IId^;aac(6')-Ib-cr.v2	qnrS1	-	sul1	0	1
ERR6293454	Klebsiella pneumoniae	ST437	OXA-1	-	OXA-48	aac(3)-IId^;aac(6')-Ib-cr.v2	qnrS1	-	sul1	0	3
ERR6293455	Klebsiella pneumoniae	ST437	OXA-1	SHV-12	OXA-48	aac(6')-Ib-cr.v2;aph3-Ia.v1^	qnrS1	-	sul1	0	3
ERR6293459	Klebsiella pneumoniae	ST437	OXA-1;TEM-1D.v1^	CTX-M-15	NDM-23	aac(3)-IIa.v1^;aac(6')-Ib-cr.v2;aadA*;aadA16*;strA.v1*;strB.v1	qnrB1.v2^	tet(A).v1	sul1;sul2	1	2
ERR6293479	Klebsiella pneumoniae	ST416	-	-	-	-	-	-	-	0	0
ERR6293493	Klebsiella pneumoniae	ST515	-	-	-	-	-	-	-	0	0
ERR6293494	Klebsiella pneumoniae	ST2850	-	-	-	-	-	-	-	1	0
ERR6293499	Klebsiella variicola subsp. variicola	ST925	-	-	-	-	-	-	-	0	0
ERR6293512	Klebsiella pneumoniae	ST643	-	-	-	-	-	-	-	0	0
ERR6293521	Klebsiella pneumoniae	ST33	-	-	-	-	-	-	-	0	0
ERR6293530	Klebsiella pneumoniae	ST4331	-	-	-	-	-	-	-	0	0
ERR6293535	Klebsiella variicola subsp. variicola	ST4366-3LV	-	-	-	-	-	-	-	0	0
ERR6293538	Klebsiella pneumoniae	ST3067	-	-	-	-	-	-	-	0	0
ERR6293556	Klebsiella pneumoniae	ST2445	-	-	-	-	-	-	-	0	0
ERR6293566	Klebsiella pneumoniae	ST240	-	-	-	-	-	-	-	0	0
ERR6293573	Klebsiella pneumoniae	ST4253	-	-	-	-	-	-	-	1	0
ERR6293587	Klebsiella variicola subsp. variicola	ST475	-	-	-	-	-	-	-	0	0
ERR6293593	Klebsiella quasipneumoniae subsp. similipneumoniae	ST2558	-	-	-	-	-	-	-	0	0
ERR6293603	Klebsiella quasipneumoniae subsp. quasipneumoniae	ST4205	-	-	-	-	-	-	-	0	0
ERR6293611	Klebsiella pneumoniae	ST200	-	-	-	-	-	-	-	0	0
ERR6293621	Klebsiella variicola subsp. variicola	ST1562	-	-	-	-	-	-	-	0	0
ERR6293625	Klebsiella variicola subsp. variicola	ST360	-	-	-	-	-	-	-	0	0
ERR6293632	Klebsiella pneumoniae	ST4024	-	-	-	-	-	-	-	0	0
ERR6293642	Klebsiella pneumoniae	ST1574	-	-	-	-	-	-	-	0	0
ERR6293690	Klebsiella variicola subsp. variicola	ST1915	-	-	-	-	-	-	-	0	0
ERR6293713	Klebsiella quasipneumoniae subsp. quasipneumoniae	ST440	-	-	-	-	-	-	-	0	0
ERR6293718	Klebsiella variicola subsp. variicola	ST3570	-	-	-	-	-	-	-	0	0
ERR6293722	Klebsiella pneumoniae	ST2286	-	-	-	-	-	-	-	0	0
ERR6293755	Klebsiella pneumoniae	ST1193	-	-	-	-	-	-	-	0	0
ERR6293775	Klebsiella variicola subsp. variicola	ST4203	-	-	-	-	-	-	-	0	0
ERR6293776	Klebsiella quasipneumoniae subsp. quasipneumoniae	ST4208	-	-	-	-	-	-	-	0	0
ERR6293778	Klebsiella pneumoniae	ST234	-	-	-	-	-	-	-	0	0
ERR6293790	Klebsiella pneumoniae	ST299-1LV	-	-	-	-	-	-	-	0	0
ERR6293861	Klebsiella pneumoniae	ST2946	-	SHV-2	-	aadA^	-	tet(D)	sul1	0	1
ERR6293869	Klebsiella pneumoniae	ST277	OXA-1;TEM-1D.v1^	CTX-M-15	-	aac(3)-IIa.v1^;aac(6')-Ib-cr.v2;strA.v1^;strB.v1	qnrB1.v2^	tet(A).v1	sul2	0	1
ERR6293887	Klebsiella pneumoniae	ST2428	-	CTX-M-1	-	-	-	-	-	0	1
ERR6293907	Klebsiella pneumoniae	ST551	OXA-1;TEM-1D.v1^	CTX-M-15	-	aac(3)-IIa.v1^;aac(6')-Ib-cr.v2;strA.v1^;strB.v1	qnrB1.v2^	tet(A).v1	sul2	0	1
ERR6293909	Klebsiella pneumoniae	ST70	OXA-1;TEM-1D.v1^	CTX-M-15	-	aac(3)-IIa.v1^;aac(6')-Ib-cr.v2;strA.v1^;strB.v1	-	tet(A).v1	sul2	1	1
ERR6293917	Klebsiella pneumoniae	ST35	-	SHV-2A^	-	aadA	-	tet(A).v1	sul1	1	1
ERR6293955	Klebsiella pneumoniae	ST392	OXA-1;TEM-1D.v1^	CTX-M-15	-	aac(6')-Ib-cr.v2;strA.v1*;strB.v1*	qnrB1.v2^	tet(A).v1	sul2	0	1
ERR6293962	Klebsiella variicola subsp. variicola	ST4201	-	-	-	-	-	-	-	0	0
ERR6293963	Klebsiella pneumoniae	ST248	LAP-2	-	-	aadA2	qnrS1	-	sul1	0	0
ERR6293970	Klebsiella pneumoniae	ST76	-	-	-	-	-	-	-	0	0
ERR6293981	Klebsiella pneumoniae	ST10	-	-	-	-	-	-	-	0	0
ERR6293990	Klebsiella pneumoniae	ST1777	-	-	-	-	-	-	-	0	0
ERR6294004	Klebsiella pneumoniae	ST45	-	-	-	-	-	-	-	0	0
ERR6294014	Klebsiella pneumoniae	ST10	-	-	-	-	-	-	-	0	0
ERR6294018	Klebsiella pneumoniae	ST343	-	-	-	-	-	-	-	1	0
ERR6294034	Klebsiella pneumoniae	ST163	-	-	-	-	-	-	-	0	0
ERR6294040	Klebsiella pneumoniae	ST26	-	-	-	-	-	-	-	0	0
ERR6294044	Klebsiella variicola subsp. variicola	ST906	-	-	-	-	-	-	sul1	0	0
ERR6294053	Klebsiella variicola subsp. variicola	ST1478	-	-	-	-	-	-	-	0	0
ERR6294092	Klebsiella pneumoniae	ST461	-	-	-	-	-	-	-	0	0
ERR6294121	Klebsiella variicola subsp. variicola	ST197	-	-	-	-	-	-	-	0	0
ERR6294127	Klebsiella variicola subsp. variicola	ST1423	-	-	-	-	-	-	-	0	0
ERR6294135	Klebsiella pneumoniae	ST4261	-	-	-	-	-	-	-	0	0
ERR6294136	Klebsiella pneumoniae	ST1035	-	-	-	-	-	-	-	0	0
ERR6294161	Klebsiella pneumoniae	ST4	TEM-1D.v1^	-	-	strA.v1^;strB.v1	-	tet(A).v1	sul2*	1	0
ERR6294162	Klebsiella pneumoniae	ST432	-	-	-	-	-	-	-	0	0
ERR6294164	Klebsiella pneumoniae	ST4281	-	-	-	-	-	-	-	0	0
ERR6294165	Klebsiella pneumoniae	ST105	-	-	-	-	-	-	-	1	0
ERR6294177	Klebsiella variicola subsp. variicola	ST4371	-	-	-	-	-	-	-	0	0
ERR6294187	Klebsiella pneumoniae	ST251	-	-	-	-	-	-	-	0	0
ERR6294203	Klebsiella pneumoniae	ST422	-	-	-	-	-	-	-	0	0
ERR6294209	Klebsiella quasipneumoniae subsp. quasipneumoniae	ST1681	-	-	-	-	-	-	-	0	0
ERR6294214	Klebsiella pneumoniae	ST86	-	-	-	-	-	-	-	3	0
ERR6294220	Klebsiella variicola subsp. variicola	ST4174	-	-	-	-	-	-	-	0	0
ERR6294236	Klebsiella pneumoniae	ST4068	-	-	-	-	-	-	-	0	0
ERR6294258	Klebsiella pneumoniae	ST39	-	CTX-M-15;TEM-169^	-	strA.v1*;strB.v1*	-	tet(A).v1*	sul2	0	1
ERR6294271	Klebsiella pneumoniae	ST48	TEM-1D.v1^	CTX-M-15	-	strA.v1^;strB.v1	qnrB1.v2^	-	sul1;sul2	1	1
ERR6294272	Klebsiella pneumoniae	ST416	-	CTX-M-15	-	-	-	-	-	1	1
ERR6294286	Klebsiella pneumoniae	ST719	DHA-1	CTX-M-14	-	aadA2^;aph3-Ia.v1^	qnrB4	tet(D)	sul1	0	1
ERR6294293	Klebsiella pneumoniae	ST661	-	CTX-M-15	-	aadA2^;aph3-Ia.v1^;strA.v1*;strB.v1*	qnrS1	tet(A).v1	sul1;sul2	0	1
ERR6350154	Klebsiella pneumoniae	ST2004	OXA-1;TEM-1D.v1^	CTX-M-15	-	aac(6')-Ib-cr.v2;strA.v1^;strB.v1	-	-	sul2	0	1
ERR6350208	Klebsiella pneumoniae	ST985	OXA-1;TEM-1D.v1^	CTX-M-15	-	aac(3)-IIa.v1^;aac(6')-Ib-cr.v2;strA.v1^;strB.v1	qnrB1.v2^	tet(A).v1	sul2	1	1
ERR6350764	Klebsiella pneumoniae	ST2004-1LV	OXA-1	CTX-M-15	-	aac(3)-IIa.v1^;aac(6')-Ib-cr.v2;aadA2^;strA.v1^;strB.v1	qnrS1	-	sul1;sul2	0	1
ERR6350779	Klebsiella pneumoniae	ST1486	OXA-1;TEM-1D.v1^	CTX-M-15	-	aac(3)-IIa.v1^;aac(6')-Ib-cr.v2;aadA2^	qnrS1	-	sul1;sul2	0	1
ERR6350828	Klebsiella pneumoniae	ST1584-1LV	OXA-1	CTX-M-15	-	aac(3)-IIa.v1^;aac(6')-Ib-cr.v2;aadA2^;strB.v1	qnrB1.v2^;qnrS1	tet(A).v1	sul1;sul2	1	1
ERR6350841	Klebsiella pneumoniae	ST2004	OXA-1;TEM-1D.v1^	CTX-M-15	-	aac(6')-Ib-cr.v2;strA.v1^;strB.v1	-	-	sul2	0	1
ERR6350851	Klebsiella pneumoniae	ST2004	OXA-1;TEM-1D.v1^	CTX-M-15	-	aac(6')-Ib-cr.v2;strA.v1^;strB.v1	-	-	sul2	0	1
ERR6350872	Klebsiella pneumoniae	ST307	OXA-1;TEM-1D.v1^	CTX-M-15	-	aac(3)-IIa.v1^;aac(6')-Ib-cr.v2;strA.v1^;strB.v1	qnrB1.v2^	tet(A).v1	sul2	0	1
ERR6351020	Klebsiella pneumoniae	ST307	OXA-1	CTX-M-15	-	aac(3)-IIa.v1^;aac(6')-Ib-cr.v2;aph3-Ia.v1^;strA.v1^;strB.v1	qnrB1.v2^	tet(A).v1	sul2	0	1
ERR6384941	Klebsiella pneumoniae	ST252	OXA-1;TEM-1D.v1^	CTX-M-15	-	aac(3)-IIa.v1^;aac(6')-Ib-cr.v2;strA.v1^;strB.v1	qnrB1.v2^	tet(A).v1	sul2	1	1
ERR6384942	Klebsiella pneumoniae	ST322	OXA-1;SCO-1;TEM-1D.v1^	CTX-M-15	-	aac(3)-IIa.v1;aac(6')-Ib-cr.v2;aadA^	qnrS1	-	sul1^	0	1
ERR6384979	Klebsiella pneumoniae	ST39	-	-	-	-	-	tet(D)	sul1	0	0
ERR6384988	Klebsiella pneumoniae	ST29	TEM-1D.v1^	CTX-M-15	-	aac(3)-IId^;strA.v1*;strB.v1*	qnrB1.v1	-	sul2	0	1
ERR6415321	Klebsiella pneumoniae	ST252	OXA-1	CTX-M-15	-	aac(3)-IIa.v1^;aac(6')-Ib-cr.v2;strA.v1^;strB.v1	qnrB1.v2^	-	sul2	0	1
ERR6564998	Klebsiella pneumoniae	ST512	TEM-104*?	-	KPC-3	aac(6')-Ib'.v1	-	-	sul1	0	2
ERR6565002	Klebsiella pneumoniae	ST2502	TEM-1D.v1^	-	KPC-3	-	-	-	-	1	3
ERR6565080	Klebsiella pneumoniae	ST2982	-	CTX-M-14	-	-	-	-	-	0	1
ERR6565081	Klebsiella pneumoniae	ST1825	-	CTX-M-1	-	-	-	-	-	1	1
ERR6891039	Klebsiella quasipneumoniae subsp. similipneumoniae	ST918-4LV	-	-	-	-	-	-	-	0	0
ERR6891040	Klebsiella pneumoniae	ST420	-	-	-	-	-	-	-	4	0
ERR6891044	Klebsiella pneumoniae	ST2735	ADC-2*;DHA-1	-	OXA-120	-	qnrB4	-	sul1	0	2
ERR6891152	Klebsiella pneumoniae	ST437	TEM-1D.v1^	CTX-M-15	NDM-5;OXA-232	rmtB	-	-	sul1	1	2
ERR6891338	Klebsiella pneumoniae	ST29	-	-	-	-	-	-	-	0	0
ERR6891387	Klebsiella pneumoniae	ST2096	OXA-1	-	OXA-232	aac(6')-Ib-cr.v2;sat-2	-	-	-	1	3
ERR6891451	Klebsiella pneumoniae	ST395	OXA-1;TEM-1D.v1^	CTX-M-15	OXA-232	aac(3)-IId^;aac(6')-Ib-cr.v2;aadA2^	qnrB1.v1;qnrS1	-	sul1	4	2
ERR6891479	Klebsiella pneumoniae	ST2096	OXA-1;TEM-1D.v1^	CTX-M-15	OXA-232	aac(6')-Ib-cr.v2;aadA2^;armA;sat-2	-	tet(D)	sul1	4	2
ERR6891672	Klebsiella pneumoniae	ST3392	TEM-1D.v1^	CTX-M-15	NDM-1;OXA-232	aac(6')-Ib'.v1;aac(6')-Ib*;aadA*;aph3-Ia.v1^;armA;rmtF;sat-2	qnrS1	tet(A).v1	sul1	3	2
ERR6938073	Klebsiella quasipneumoniae subsp. similipneumoniae	ST138	OXA-1;TEM-1D.v1^	CTX-M-15	-	aac(3)-IIa.v1^;aac(6')-Ib-cr.v2;strA.v1^;strB.v1	qnrB1.v2^	-	sul2^	0	1
ERR6938146	Klebsiella pneumoniae	ST1557	-	-	-	-	-	tet(D)	-	0	0
ERR6938349	Klebsiella pneumoniae	ST23-1LV	-	-	-	-	-	-	-	4	0
ERR6938367	Klebsiella variicola subsp. variicola	ST1899-1LV	-	-	-	-	-	-	-	0	0
ERR6938389	Klebsiella pneumoniae	ST309	-	-	-	-	-	-	-	0	0
ERR6938393	Klebsiella pneumoniae	ST133	OXA-1;TEM-1D.v1^	CTX-M-15	-	aac(3)-IIa.v1^;aac(6')-Ib-cr.v2;strA.v1^;strB.v1	qnrB1.v2^	tet(A).v1	sul2	1	1
ERR6938402	Klebsiella pneumoniae	ST503-2LV	LAP-2;TEM-1D.v1^	CTX-M-14	-	aac(3)-IId^;aadA^;aph(3')-IIa^;aph3-Ia.v1^;armA;sph.v1;strA.v1^;strB.v1	qnrS1	tet(A).v1;tet(D);tetM.v2*	sul2;sul3	0	1
ERR6938520	Klebsiella pneumoniae	ST86	-	-	-	-	-	-	-	3	0
ERR6938525	Klebsiella pneumoniae	ST276-2LV	-	-	-	-	-	-	-	0	0
ERR6938541	Klebsiella pneumoniae	ST17-1LV	-	-	-	-	-	-	-	0	0
ERR6938547	Klebsiella pneumoniae	ST133	-	-	-	-	-	-	-	0	0
ERR6938566	Klebsiella pneumoniae	ST471	OXA-1;TEM-1D.v1^	CTX-M-15	-	aac(3)-IIa.v1^;aac(6')-Ib-cr.v2;strA.v1^;strB.v1	qnrB1.v2^	tet(A).v1	sul2	0	1
ERR6938610	Klebsiella pneumoniae	ST65	-	-	-	-	-	-	-	3	0
ERR6938618	Klebsiella pneumoniae	ST133	TEM-1D.v1^	CTX-M-15	-	aac(3)-IIa.v1;aac(6')-Ib-cr.v2;aadA16*;aadA^	qnrB6^	tet(A).v1	sul1;sul1;sul2	0	1
ERR6938642	Klebsiella pneumoniae	ST570	-	-	-	-	-	-	-	0	0
ERR6938684	Klebsiella pneumoniae	ST397	SCO-1;TEM-1D.v1^	CTX-M-15	-	aac(3)-IIa.v1;aadA^;strB.v1	qnrB1.v2^	tet(A).v1	sul1^;sul2	1	1
ERR6938690	Klebsiella pneumoniae	ST530	TEM-1D.v1^	CTX-M-15	-	aac(3)-IIa.v1;aac(6')-Ib-cr.v2;aadA16*;strA.v1*;strB.v1*	qnrB2.v1^	tet(D)	sul1;sul1;sul2	1	1
ERR6938708	Klebsiella pneumoniae	ST37	-	-	-	-	-	-	-	0	0
ERR6938714	Klebsiella quasipneumoniae subsp. similipneumoniae	ST2673	DHA-1	-	-	-	qnrB4	-	-	0	0
ERR6938879	Klebsiella pneumoniae	ST15	TEM-1D.v1^	CTX-M-15	-	aac(3)-IIa.v1;ant(2'')-Ia;strA.v1*;strB.v1*	-	tet(D)	sul2	1	1
ERR6938935	Klebsiella pneumoniae	ST323	OXA-1;TEM-1D.v1^	CTX-M-15	NDM-1	aac(3)-IIa.v1^;aac(6')-Ib-cr.v2;aadA2^;aph(3')-VI;armA;strA.v1^;strB.v1	-	-	sul1;sul2	1	2
ERR699266	Klebsiella pneumoniae	ST23	-	-	-	-	-	-	-	5	0
ERR712624	Klebsiella pneumoniae	ST23	-	-	-	-	-	-	-	5	0
ERR713648	Klebsiella pneumoniae	ST249	-	-	-	-	-	-	-	2	0
ERR7224943	Klebsiella pneumoniae	0	OXA-1;OXA-10	CTX-M-15	KPC-2;NDM-7	aac(3)-IIa.v1^;aac(6')-Ib-cr.v2;aadA*;aadA16*;aph(3')-Ia	qnrS1	tet(A).v1	sul1;sul2	0	3
ERR7224957	Klebsiella pneumoniae	ST36	OXA-1	-	NDM-1	aac(6')-Ib;aadA5;aph(3')-Ia;rmtF;strA.v1;strB.v1	-	tet(D)	sul1;sul2	0	2
ERR7224958	Klebsiella quasipneumoniae subsp. similipneumoniae	ST4216	OXA-10	-	NDM-1	aadA*;aph(3')-Ia;aph(3')-VI	qnrS1	-	sul1;sul2	0	2
ERR7224975	Klebsiella quasipneumoniae subsp. similipneumoniae	ST3512	TEM-1D.v1^	CTX-M-15	-	strA.v1^;strB.v1	qnrB1.v2^	-	sul2	0	1
ERR7225015	Klebsiella pneumoniae	ST294	OXA-10;TEM-1D.v1^	CTX-M-15	NDM-1	aac(3)-IId^;aac(6')-Ib-cr.v2;aadA*;aadA16*;aph(3')-Ia;aph(3')-VI;strA.v1^;strB.v1	qnrB6^;qnrS1	-	sul1;sul2;sul2*	0	2
ERR7225071	Klebsiella pneumoniae	ST22	TEM-1D.v1^	CTX-M-15	NDM-7	aac(3)-IIa.v1^;strA.v1^;strB.v1	-	-	sul2	1	2
ERR7225107	Klebsiella pneumoniae	ST36-1LV	DHA-1	-	-	-	qnrB4	-	sul1	1	0
ERR7225112	Klebsiella pneumoniae	ST273	OXA-1	CTX-M-15	NDM-7	aac(3)-IIa.v1^;aac(6')-Ib-cr.v2;aadA2^;aph3-Ia.v1^;strA.v1*;strB.v1*	qnrB2.v1^;qnrS1	-	sul1;sul1;sul2	0	2
ERR7225179	Klebsiella pneumoniae	ST1825	OXA-1	CTX-M-15	NDM-1	aac(6')-Ib*;aadA16*;aph(3')-Ia;rmtF	-	-	sul1;sul2	1	2
ERR7225197	Klebsiella pneumoniae	ST1107	OXA-1;TEM-1D.v1^	CTX-M-15	NDM-1	aac(6')-Ib;aadA5;aph(3')-Ia;rmtF	qnrS1	-	sul1?;sul2	0	2
ERR7225346	Klebsiella pneumoniae	ST30	OXA-1	CTX-M-15	NDM-1	aac(6')-Ib-cr.v2	qnrB1.v2^	-	-	0	2
ERR7225575	Klebsiella quasipneumoniae subsp. quasipneumoniae	ST196	OXA-1	-	NDM-1	aac(3)-IId^;aac(6')-Ib-cr.v2;aadA5	qnrB1.v2^	-	sul1	0	2
ERR7225630	Klebsiella quasipneumoniae subsp. quasipneumoniae	ST3890-3LV	OXA-1;TEM-1D.v1^	CTX-M-15	NDM-1	aac(3)-IIa.v1;aac(6')-Ib-cr.v2;aadA2^;aph3-Ia.v1^;strA.v1*;strB.v1*	qnrB1.v2^;qnrS1	-	sul2	0	2
ERR7225679	Klebsiella pneumoniae	ST65	-	-	-	-	-	-	-	5	0
ERR7225683	Klebsiella pneumoniae	ST252	OXA-1;TEM-1D.v1^	CTX-M-15	-	aac(3)-IIa.v1^;aac(6')-Ib-cr.v2;aadA5;aph(3')-Ia	qnrS1	-	sul1;sul2	0	1
ERR7225691	Klebsiella quasipneumoniae subsp. similipneumoniae	ST138-4LV	-	-	-	-	-	-	-	0	0
ERR7225752	Klebsiella quasipneumoniae subsp. quasipneumoniae	ST3866	TEM-1D.v1^	CTX-M-15	-	aac(6')-Ib-cr.v2;aadA16*	qnrB6^	tet(A).v1	sul1;sul1	0	1
ERR7225754	Klebsiella pneumoniae	ST515	TEM-1D.v1^	CTX-M-15	-	strA.v1^;strB.v1	qnrS1	-	sul2	1	1
ERR7225778	Klebsiella pneumoniae	ST23	-	-	-	-	-	-	-	5	0
ERR7225862	Klebsiella pneumoniae	ST309	DHA-1^;TEM-1D.v1^	CTX-M-15	NDM-7	aac(3)-IId^;aac(6')-Ib-cr.v2;aadA16*	qnrB4	tet(A).v1;tet(D)	sul1	0	2
ERR7225869	Klebsiella pneumoniae	ST25	TEM-1D.v1^	CTX-M-15	-	strA.v1^;strB.v1	-	tet(D)	sul2	1	1
ERR7225883	Klebsiella pneumoniae	ST20	-	-	-	aadA^	-	-	sul1	0	0
ERR7225892	Klebsiella pneumoniae	ST70	OXA-1;TEM-1D.v1^	CTX-M-3	NDM-7	aac(3)-IId^;aac(6')-Ib-cr.v2;aadA2^;armA;strA.v1^;strB.v1	qnrB1.v2^	tet(A).v1	sul1;sul2	1	2
ERR7225928	Klebsiella pneumoniae	ST327	-	-	NDM-1	aadA5;aph(3')-Ia	qnrS1	-	sul1;sul2	0	2
ERR7225929	Klebsiella pneumoniae	ST520	LAP-2	CTX-M-15	NDM-1	aac(3)-IId^;aac(6')-Ib-cr.v2;aadA16*;rmtC	qnrB6^;qnrS1	tet(A).v1	sul1?;sul2	0	2
ERR7225930	Klebsiella pneumoniae	ST101	TEM-1D.v1^	CTX-M-15	-	strA.v1^;strB.v1	qnrS1	tet(A).v1	sul2	1	1
ERR7226090	Klebsiella pneumoniae	ST495	OXA-1;OXA-10;TEM-1D.v1^	CTX-M-15	KPC-2	aac(3)-IIa.v1^;aac(6')-Ib-cr.v2;aadA*	qnrS1	-	sul1;sul2	0	2
ERR7226098	Klebsiella pneumoniae	0	OXA-1;TEM-1D.v1^	CTX-M-15	-	aac(3)-IId?;aac(6')-Ib-cr.v2;aadA2^;aadA5;aph3-Ia.v1^	qnrB2.v1^;qnrS1	-	sul1;sul1;sul2	3	1
ERR7226114	Klebsiella quasipneumoniae subsp. quasipneumoniae	ST571	DHA-1;OXA-1;OXA-10;TEM-1D.v1^	CTX-M-15	-	aac(3)-IIa.v1^;aac(6')-Ib-cr.v2;aadA*;aph(3')-Ia	qnrS1	-	sul1;sul1^;sul2	0	1
ERR7226218	Klebsiella pneumoniae	ST161-1LV	-	-	-	-	-	-	-	0	0
ERR7226238	Klebsiella pneumoniae	ST2459	-	-	-	-	-	-	-	0	0
ERR7226267	Klebsiella pneumoniae	ST1401	TEM-1D.v1^	CTX-M-15	-	strA.v1^;strB.v1	qnrS1	tet(A).v1	sul2	0	1
ERR7226276	Klebsiella pneumoniae	ST530	OXA-1	CTX-M-15	-	aac(3)-IIa.v1^;aac(6')-Ib-cr.v2	qnrB1.v2^	-	-	1	1
ERR7226282	Klebsiella pneumoniae	ST107	-	-	-	-	-	-	-	0	0
ERR7226343	Klebsiella pneumoniae	ST3157	DHA-1;OXA-1;SCO-1;TEM-1D.v1^	CTX-M-15	-	aac(3)-IIa.v1;aac(6')-Ib-cr.v2;aadA*;strB.v1	qnrB4;qnrS1	tet(A).v1	sul2	0	1
ERR7226373	Klebsiella pneumoniae	ST340	-	CTX-M-15	NDM-7	aac(3)-IId^;strA.v1*;strB.v1*	-	tet(D)	sul1;sul2	1	2
ERR7226381	Klebsiella pneumoniae	ST1537	-	-	-	-	-	-	-	0	0
ERR7226475	Klebsiella pneumoniae	ST2674	DHA-1;TEM-1D.v1^	CTX-M-15	-	aac(3)-IIa.v1;aadA^	qnrB4	tet(A).v1	sul1^	0	1
ERR7226483	Klebsiella pneumoniae	ST592	-	-	-	-	-	-	-	3	0
ERR7226605	Klebsiella pneumoniae	ST3567	-	-	-	-	-	-	-	0	0
ERR7226760	Klebsiella variicola subsp. variicola	ST3090-1LV	-	-	-	-	-	-	-	0	0
ERR7337667	Klebsiella pneumoniae	ST48	OXA-1;TEM-1D.v1^	CTX-M-15	-	aac(3)-IIa.v1^;aac(6')-Ib-cr.v2;aadA^;strA.v1^;strB.v1	qnrA1^;qnrB2.v2^	tet(A).v1	sul2*	1	1
ERR7448897	Klebsiella pneumoniae	ST1805	-	-	OXA-48	-	-	tet(D)	-	0	2
ERR7448987	Klebsiella pneumoniae	ST327-1LV	-	-	-	-	-	-	-	0	0
ERR7449011	Klebsiella pneumoniae	ST3003	-	-	-	-	-	-	-	0	0
ERR7449023	Klebsiella pneumoniae	ST432	-	-	-	-	-	-	-	0	0
ERR7449044	Klebsiella pneumoniae	ST3386	-	-	-	-	-	-	-	0	0
ERR7449063	Klebsiella pneumoniae	ST34	-	-	-	strA.v1;strB.v1	-	tet(C)	-	0	0
ERR7449066	Klebsiella pneumoniae	ST1540	-	-	-	-	-	-	-	0	0
ERR7449067	Klebsiella pneumoniae	ST18	-	-	-	-	-	tet(D)	-	0	0
ERR7449069	Klebsiella quasipneumoniae subsp. similipneumoniae	ST705-2LV	-	-	-	-	-	-	-	0	0
ERR7449083	Klebsiella pneumoniae	ST161-2LV	-	-	-	-	-	-	-	0	0
ERR7449091	Klebsiella pneumoniae	ST39	TEM-1D.v1^	CTX-M-15	-	aac(3)-IIa.v1;strA.v1*;strB.v1*	-	tet(A).v1	sul1;sul2	1	1
ERR7449106	Klebsiella pneumoniae	ST2636-1LV	-	-	-	-	-	-	-	0	0
ERR7449126	Klebsiella pneumoniae	ST1506	-	-	-	-	-	-	-	0	0
ERR7449141	Klebsiella pneumoniae	ST497-1LV	-	-	-	-	-	-	-	0	0
ERR7449152	Klebsiella pneumoniae	ST200	-	-	-	-	-	-	-	0	0
ERR7449164	Klebsiella quasipneumoniae subsp. similipneumoniae	ST1369-1LV	-	-	-	-	-	-	-	0	0
ERR7449185	Klebsiella quasipneumoniae subsp. similipneumoniae	ST283-2LV	-	-	-	-	-	-	-	0	0
ERR7449205	Klebsiella pneumoniae	ST2136	-	-	-	strA.v1;strB.v1	-	tet(D)	-	0	0
ERR7449211	Klebsiella pneumoniae	ST3157	-	-	-	-	-	tet(A).v1	-	0	0
ERR7449242	Klebsiella pneumoniae	ST874	OXA-1;TEM-1D.v1^	CTX-M-15	OXA-48	aac(6')-Ib-cr.v2;aadA2^;aph3-Ia.v1^;strA.v1;strB.v1	-	tet(A).v1	sul1;sul2	0	2
ERR7449244	Klebsiella quasipneumoniae subsp. similipneumoniae	ST2562-1LV	-	-	-	-	-	-	-	0	0
ERR7449248	Klebsiella pneumoniae	ST1447	TEM-1D.v1^	-	-	strB.v1	-	tet(A).v1	sul2	0	0
ERR7472173	Klebsiella variicola subsp. variicola	ST355	-	-	-	-	-	-	-	0	0
ERR7472183	Klebsiella variicola subsp. variicola	ST355	-	-	-	-	-	-	-	0	0
ERR7472203	Klebsiella variicola subsp. variicola	ST347	-	-	-	-	-	-	-	0	0
ERR7472289	Klebsiella pneumoniae	ST15	OXA-1;TEM-1D.v1^	CTX-M-15	VIM-4	aac(3)-IId^;aac(6')-Ib-cr.v2;aac(6')-Il;strA.v1^;strB.v1	-	tet(A).v1	sul1;sul2	0	2
ERR7472310	Klebsiella quasipneumoniae subsp. similipneumoniae	ST841-1LV	-	-	-	-	-	-	-	0	0
ERR7472345	Klebsiella pneumoniae	ST289-1LV	-	-	-	aadA^;sat-2	-	tet(A).v1	sul1	0	0
ERR7472349	Klebsiella pneumoniae	ST628-1LV	OXA-1;TEM-1D.v1^	CTX-M-15	-	aac(3)-IIa.v1^;aac(6')-Ib-cr.v2;strA.v1^;strB.v1	qnrB1.v2^	tet(A).v1	sul2	0	1
ERR7472355	Klebsiella quasipneumoniae subsp. similipneumoniae	ST257-4LV	-	-	OXA-48	-	-	-	-	0	2
ERR7472380	Klebsiella pneumoniae	ST392	OXA-1;TEM-1D.v1^	CTX-M-15	OXA-48	aac(3)-IIa.v1^;aac(6')-Ib-cr.v2;strA.v1^;strB.v1	qnrB1.v2^	tet(A).v1	sul2	0	2
ERR7472385	Klebsiella pneumoniae	ST37-1LV	OXA-1;OXA-10;TEM-1D.v1^	CTX-M-55	KPC-2	aac(3)-IIa.v1^;aac(6')-Ib-cr.v2;aadA*;aph(3')-Ia	qnrS1	-	sul1;sul2	0	2
ERR7472386	Klebsiella pneumoniae	ST1124	OXA-1*;TEM-1D.v1^	-	KPC-2	aac(3)-IIa.v1^;aac(6')-Ib-cr.v2	-	tet(A).v1	-	0	2
ERR7472387	Klebsiella quasipneumoniae subsp. similipneumoniae	ST3256-1LV	TEM-1D.v1^	-	KPC-2	strA.v1;strB.v1	qnrS1	-	-	0	2
ERR7472396	Klebsiella pneumoniae	ST2414	LAP-2;LAP-2	CTX-M-14	NDM-4	aac(3)-IId^;aac(6')-Ib'.v1;aadA*	qnrS1;qnrS1	-	-	0	2
ERR7472501	Klebsiella pneumoniae	ST353	-	-	OXA-244	-	-	-	-	1	2
ERR7472543	Klebsiella pneumoniae	ST485	OXA-1;TEM-1D.v1^	CTX-M-15	-	aac(3)-IIa.v1^;aac(6')-Ib-cr.v2;strA.v1^;strB.v1	qnrB1.v2^	tet(A).v1	sul2	0	1
ERR7472587	Klebsiella pneumoniae	ST26	-	-	-	-	-	-	-	0	0
ERR7472607	Klebsiella pneumoniae	ST1788	OXA-1;TEM-1D.v1^	CTX-M-15	-	aac(3)-IIa.v1^;aac(6')-Ib-cr.v2;strA.v1^;strB.v1	qnrB1.v2^	tet(A).v1	sul2	1	1
ERR7472635	Klebsiella pneumoniae	ST16	TEM-1D.v1^	-	OXA-181	aadA2^;rmtB;strA.v1^;strB.v1	qnrB1.v2^;qnrS1	tet(A).v1	sul1;sul2	0	2
ERR7472670	Klebsiella pneumoniae	ST39	-	-	-	strA.v1;strB.v1	-	-	sul1;sul2	1	0
ERR7472673	Klebsiella pneumoniae	ST13	-	-	-	-	-	-	-	1	0
ERR7472692	Klebsiella pneumoniae	ST1788	OXA-1;TEM-1D.v1^	CTX-M-15	-	aac(3)-IIa.v1^;aac(6')-Ib-cr.v2;strA.v1^;strB.v1	qnrB1.v2^	tet(A).v1	sul2	1	1
ERR7472699	Klebsiella variicola subsp. variicola	ST641	-	-	-	-	-	-	-	0	0
ERR7472701	Klebsiella pneumoniae	ST1788	OXA-1;TEM-1D.v1^	CTX-M-15	-	aac(3)-IIa.v1^;aac(6')-Ib-cr.v2;strA.v1^;strB.v1	qnrB1.v2^	tet(A).v1	sul2	1	1
ERR7568137	Klebsiella quasipneumoniae subsp. similipneumoniae	ST2653-1LV	-	-	-	-	-	-	-	0	0
ERR7568152	Klebsiella pneumoniae	ST2356	-	-	-	-	-	-	-	0	0
ERR7568172	Klebsiella pneumoniae	ST2177	-	-	-	-	-	-	-	0	0
ERR7568174	Klebsiella pneumoniae	ST1569-2LV	-	-	-	-	-	-	-	0	0
ERR7568176	Klebsiella quasipneumoniae subsp. similipneumoniae	ST488-4LV	-	-	-	-	-	-	-	0	0
ERR7568184	Klebsiella pneumoniae	ST25-1LV	TEM-1D.v1^	-	-	aadA1.v1^	-	tet(A).v1	sul1	0	0
ERR7568196	Klebsiella pneumoniae	ST2453	-	-	-	-	-	-	-	0	0
ERR7568228	Klebsiella quasipneumoniae subsp. similipneumoniae	ST283-3LV	-	-	-	-	-	-	-	0	0
ERR7568285	Klebsiella pneumoniae	ST13-2LV	-	-	-	-	-	-	-	0	0
ERR7568295	Klebsiella quasipneumoniae subsp. similipneumoniae	ST1803-1LV	-	-	-	-	-	-	-	0	0
ERR7568298	Klebsiella pneumoniae	ST3546-1LV	-	-	-	-	-	-	-	0	0
ERR7568336	Klebsiella pneumoniae	ST2938	-	-	-	-	-	-	-	0	0
ERR7568345	Klebsiella pneumoniae	ST515	-	-	-	-	-	-	-	0	0
ERR7568348	Klebsiella pneumoniae	ST24-2LV	-	-	-	-	-	-	-	0	0
ERR7568350	Klebsiella pneumoniae	ST514	-	-	-	-	-	-	-	0	0
ERR7568352	Klebsiella quasipneumoniae subsp. similipneumoniae	ST1484	TEM-1D.v1^	-	-	aadA2	-	tet(D)	sul1	0	0
ERR757655	Klebsiella pneumoniae	ST375	-	-	-	-	-	-	-	3	0
ERR757673	Klebsiella pneumoniae	ST375	-	-	-	-	-	-	-	3	0
ERR7672080	Klebsiella quasipneumoniae subsp. similipneumoniae	ST1032-3LV	DHA-1;TEM-1D.v1^	CTX-M-9	-	aac(3)-IId^;aadA2^;aadA5	qnrB4	tet(B).v2*	sul1	0	1
ERR7672086	Klebsiella pneumoniae	ST985	OXA-1;TEM-1D.v1^	CTX-M-15	-	aac(3)-IIa.v1^;aac(6')-Ib-cr.v2;strA.v1^;strB.v1	qnrB1.v2^	tet(A).v1	sul2	0	1
ERR7672096	Klebsiella pneumoniae	ST219	-	CTX-M-15	-	aadA2^;aph3-Ia.v1^;strA.v1*;strB.v1*	qnrS1	tet(A).v1	sul1;sul2	0	1
ERR7672101	Klebsiella pneumoniae	ST513	TEM-1D.v1^	CTX-M-15	-	strA.v1^;strB.v1	qnrB1.v2^	tet(A).v1	sul2	1	1
ERR7672102	Klebsiella pneumoniae	ST2459	OXA-1;TEM-1D.v1^	CTX-M-15	-	aac(6')-Ib-cr.v2;strA.v1^;strB.v1	qnrB1.v2^	tet(A).v1	sul2	0	1
ERR7672117	Klebsiella pneumoniae	ST397	-	CTX-M-15	-	-	qnrS1	-	-	1	1
ERR7672126	Klebsiella pneumoniae	ST441	-	CTX-M-15	-	-	-	-	-	1	1
ERR7672134	Klebsiella pneumoniae	ST2459	OXA-1*;TEM-1D.v1^	CTX-M-15	-	aac(6')-Ib-cr.v2;strA.v1^;strB.v1	qnrB1.v2^	tet(A).v1	sul2	0	1
ERR7672150	Klebsiella variicola subsp. variicola	ST2006	TEM-104?	CTX-M-15	-	aadA2;strA.v1^;strB.v1	qnrS1	tet(D)	sul1;sul2	0	1
ERR7672153	Klebsiella pneumoniae	ST1322	-	SHV-12	-	aac(6')-Ib-cr.v2;aadA16*	qnrB1.v1	tet(D)	sul1	0	1
ERR7734661	Klebsiella pneumoniae	ST530	-	-	OXA-48	strA.v1*;strB.v1	-	-	sul2*	0	2
ERR7734704	Klebsiella pneumoniae	ST152	OXA-1	-	-	aac(6')-Ib-cr.v2	-	-	-	1	0
ERR7734720	Klebsiella pneumoniae	ST4123	-	-	OXA-48	-	-	-	-	0	2
ERR7734724	Klebsiella pneumoniae	ST4123	-	-	OXA-48	-	-	-	-	0	2
ERR7734760	Klebsiella pneumoniae	ST11-1LV	TEM-1D.v1^	CTX-M-15	OXA-48	aac(3)-IIa.v1^;aadA2^;strA.v1^;strB.v1	qnrB1.v1	-	sul1;sul2	1	2
ERR7734771	Klebsiella pneumoniae	ST416	-	-	-	-	-	-	-	0	0
ERR7734780	Klebsiella pneumoniae	ST11-2LV	-	CTX-M-15	OXA-48	aadA2^	-	-	sul1	1	2
ERR7734790	Klebsiella pneumoniae	ST225	-	-	-	-	-	-	-	0	0
ERR7734812	Klebsiella pneumoniae	ST35	-	-	-	-	-	-	-	1	0
ERR7734832	Klebsiella pneumoniae	ST60	-	-	-	-	-	-	-	1	0
ERR7734859	Klebsiella pneumoniae	ST3369	-	-	-	-	-	-	-	1	0
ERR7734875	Klebsiella pneumoniae	ST1927	OXA-1;TEM-1D.v1^	CTX-M-15	-	aac(3)-IIa.v1^;aac(6')-Ib-cr.v2;aadA2^;aph3-Ia.v1^	qnrS1	tet(D)^	sul1;sul2	1	1
ERR7734887	Klebsiella pneumoniae	ST716	TEM-1D.v1^	CTX-M-15	-	strA.v1^;strB.v1	qnrS1	tet(A).v1	sul2	0	1
ERR7734921	Klebsiella pneumoniae	ST636	-	-	-	-	-	-	-	1	0
ERR7734975	Klebsiella pneumoniae	ST2552	-	SHV-2A^	-	aadA	-	tet(A).v1	sul1	0	1
ERR7734991	Klebsiella pneumoniae	ST870	-	-	-	-	-	-	-	0	0
ERR7735009	Klebsiella pneumoniae	ST337	OXA-1	CTX-M-15	KPC-3	aac(6')-Ib-cr.v2;strA.v1^;strB.v1	-	-	sul2	0	2
ERR7735044	Klebsiella variicola subsp. variicola	ST1250-1LV	-	-	-	-	-	-	-	0	0
ERR7735045	Klebsiella pneumoniae	ST340	TEM-1D.v1^	CTX-M-15	NDM-5	aadA2^;aph3-Ia.v1^;rmtB	qnrB1.v2^	tet(A).v1	sul1	0	2
ERR7735058	Klebsiella pneumoniae	ST163	-	-	-	-	-	-	-	0	0
ERR7735060	Klebsiella quasipneumoniae subsp. similipneumoniae	ST477	-	-	-	-	-	-	-	0	0
ERR7735097	Klebsiella pneumoniae	ST348	TEM-1D.v1^	-	KPC-3	-	-	-	-	0	2
ERR7735162	Klebsiella pneumoniae	ST147	TEM-1D.v1^	CTX-M-15	-	aac(6')-Ib-cr.v2;strA.v1;strB.v1	qnrS1	tet(A).v1	sul1	1	1
ERR7735177	Klebsiella pneumoniae	ST584	OXA-1	-	KPC-2	aac(6')-Ib-cr.v2	qnrB1.v2^	tet(A).v1	-	0	2
ERR7735202	Klebsiella pneumoniae	ST392	OXA-1;TEM-1D.v1^	CTX-M-15	OXA-48	aac(6')-Ib-cr.v2;strA.v1^;strB.v1	qnrB1.v2^	tet(A).v1	sul2	0	2
ERR7735212	Klebsiella pneumoniae	ST866	-	-	-	-	-	-	-	1	0
ERR7735234	Klebsiella pneumoniae	ST392	OXA-1;TEM-1D.v1^	CTX-M-15	KPC-2	aac(3)-IId^;aac(6')-Ib-cr.v2^;strA.v1^;strB.v1	-	-	sul1;sul2	1	2
ERR7735239	Klebsiella pneumoniae	ST37	-	-	-	-	-	-	-	0	0
ERR7735299	Klebsiella variicola subsp. variicola	ST712	-	-	-	-	-	-	-	0	0
ERR7735311	Klebsiella pneumoniae	ST377	CMY-2.v2;OXA-1;TEM-1D.v1^	CTX-M-15	OXA-48	aac(3)-IIa.v1^;aac(6')-Ib-cr.v2;strA.v1;strB.v1	-	tet(A).v2	sul2	1	2
ERR7735321	Klebsiella pneumoniae	ST792	-	CTX-M-14	-	aac(6')-Ib-cr.v2;aadA16*	qnrB6^	-	-	2	1
ERR7735335	Klebsiella pneumoniae	ST834	-	-	-	-	-	-	-	1	0
ERR7735336	Klebsiella pneumoniae	ST3640	TEM-1D.v1^	-	KPC-3	-	-	-	-	0	2
ERR7735343	Klebsiella pneumoniae	ST513	-	-	-	-	-	-	-	1	0
ERR776078	Klebsiella pneumoniae	ST1193	-	-	-	aadA2^;strA.v1*;strB.v1*	qnrS1	-	sul1;sul2	0	0
ERR7813765	Klebsiella pneumoniae	ST512	-	-	-	aac(6')-Ib'.v1;aph3-Ia.v1^	-	-	sul1	0	0
ERR7813813	Klebsiella pneumoniae	ST4	OXA-1;TEM-1D.v1^	CTX-M-15	VIM-1	aac(6')-Ib4^;aadA1.v1^;aphA15;strA.v1^;strB.v1	qnrS1	-	sul1;sul2*	1	2
ERR7850205	Klebsiella pneumoniae	ST395	OXA-1;TEM-1D.v1^	CTX-M-15	NDM-1	aac(6')-Ib*;rmtF	qnrB1.v1;qnrS1	tet(A).v1	sul1	1	2
ERR7850220	Klebsiella pneumoniae	ST395	OXA-1;TEM-1D.v1^	CTX-M-15	NDM-1	aac(3)-IIa.v1^;aac(6')-Ib-cr.v2;aph(3')-VI;armA	qnrS1	tet(A).v1	sul1;sul2	4	2
ERR7850238	Klebsiella pneumoniae	ST395	OXA-1;TEM-105*	CTX-M-15	OXA-244	aac(6')-Ib-cr.v2;armA	-	tet(A).v1	sul1	1	2
ERR7850257	Klebsiella pneumoniae	ST395	OXA-1;TEM-1D.v1^	CTX-M-15	OXA-48	rmtF	qnrS1	tet(A).v1	sul1	3	2
ERR7850279	Klebsiella pneumoniae	ST395	OXA-1	-	NDM-16	aac(6')-Ib-cr.v2;aph(3')-VIa*	-	tet(A).v1	sul1	4	2
ERR8084880	Klebsiella pneumoniae	ST43	-	CTX-M-32	-	aadA1.v1^	-	tet(A).v1	sul1*	0	1
ERR8084889	Klebsiella pneumoniae	ST340	OXA-1;TEM-1D.v1^	CTX-M-15	-	aac(3)-IIa.v1^;aac(6')-Ib-cr.v2;aadA2;strA.v1^;strB.v1	qnrB1.v2^	tet(A).v1	sul1;sul2	0	1
ERR8084949	Klebsiella pneumoniae	ST405	OXA-1;TEM-1D.v1^	CTX-M-15	-	aac(3)-IIa.v1^;aac(6')-Ib-cr.v2;strA.v1^;strB.v1	qnrB1.v2^	-	sul2	1	1
ERR8098210	Klebsiella quasipneumoniae subsp. similipneumoniae	ST1473	TEM-1D.v1^	CTX-M-15;SHV-2A^	-	aac(3)-IIa.v1^;aac(6')-Ib-cr.v2;strA.v1^;strB.v1	qnrB1.v2^	-	sul2	0	1
ERR8098230	Klebsiella quasipneumoniae subsp. similipneumoniae	ST3387-4LV	-	-	-	aadA2*	qnrS1	tet(A).v1*	-	0	0
ERR8098236	Klebsiella pneumoniae	0	-	-	-	-	-	-	-	0	0
ERR8098349	Klebsiella pneumoniae	ST307-1LV	OXA-1;TEM-1D.v1^	CTX-M-15	NDM-1	aac(6')-Ib;aph3-Ia.v1*;rmtF;strA.v1	qnrB1.v1	-	-	1	2
ERR8098350	Klebsiella pneumoniae	ST32-1LV	OXA-1;TEM-1D.v1^	CTX-M-15;VEB-5	NDM-7	aac(3)-IIa.v1^	qnrS1	-	sul1	0	2
ERR8098352	Klebsiella variicola subsp. variicola	ST981	-	-	-	-	-	-	-	0	0
ERR8098476	Klebsiella pneumoniae	ST48	TEM-1D.v1^	CTX-M-15	NDM-5	aac(3)-IIa.v1^;aadA2^;rmtB;strA.v1^;strB.v1	qnrS1	tet(A).v1	sul1;sul2	1	2
ERR8098498	Klebsiella pneumoniae	ST273	TEM-1D.v1^	CTX-M-15	NDM-1	aac(3)-IId^;aac(6')-Ib;aadA2^;rmtF	qnrB1.v1	tet(D)	sul1	0	2
ERR8138492	Klebsiella pneumoniae	ST14	OXA-1	CTX-M-15	OXA-232	aadA*;aadA2^;armA;sat-2	qnrS1	-	sul1	1	2
ERR829938	Klebsiella variicola subsp. variicola	ST1562	TEM-1D.v1^	CTX-M-15	-	aac(3)-IId^	-	-	sul2	0	1
ERR829944	Klebsiella pneumoniae	ST14	SCO-1;TEM-1D.v1^	CTX-M-15	-	aac(3)-IIa.v1;strA.v1^;strB.v1	-	-	sul2	0	1
ERR8527745	Klebsiella pneumoniae	ST392	CMY-6;OXA-1;TEM-1D.v1^	CTX-M-15	NDM-1	aac(3)-IIa.v1^;aac(6')-Ib-cr.v2;rmtC;strA.v1^;strB.v1	qnrB1.v2^	tet(A).v1	sul1^;sul2	0	2
ERR8574786	Klebsiella pneumoniae	ST607	TEM-1D.v1^	CTX-M-15	-	aac(3)-IIa.v1;aac(6')-Ib-cr.v2;aadA16*	qnrB6^	tet(D)	sul1;sul1;sul2	1	1
ERR8574869	Klebsiella pneumoniae	ST1552	TEM-1D.v1^	CTX-M-15	-	aac(3)-IIa.v1;aadA1.v1^;strA.v1^;strB.v1	qnrB1.v2^	tet(A).v1	sul1;sul2	0	1
ERR8574964	Klebsiella quasipneumoniae subsp. similipneumoniae	ST138-2LV	TEM-1D.v1^	-	-	strA.v1^;strB.v1	-	tet(39)*	sul2	0	0
ERR8574965	Klebsiella quasipneumoniae subsp. quasipneumoniae	ST3557-4LV	-	-	-	-	-	-	-	0	0
ERR8574975	Klebsiella pneumoniae	ST607	TEM-1D.v1^	CTX-M-15	-	aac(3)-IIa.v1;aac(6')-Ib-cr.v2;aadA16*;strB.v1*	-	-	sul1;sul2	1	1
ERR8574977	Klebsiella pneumoniae	ST15	OXA-1;TEM-1D.v1^	CTX-M-15	-	aac(3)-IIa.v1^;aac(6')-Ib-cr.v2;strA.v1^;strB.v1	-	-	sul2	1	1
ERR8604142	Klebsiella quasipneumoniae subsp. similipneumoniae	ST2355	TEM-1D.v1^	-	KPC-2	aac(6')-Ib-cr.v2;aadA16*;strA.v1^;strB.v1	qnrB6^	-	sul1;sul1;sul2	0	2
ERR8604148	Klebsiella pneumoniae	ST307	OXA-1	CTX-M-15	OXA-48	aac(3)-IIa.v1^;aac(6')-Ib-cr.v2	qnrB1.v2^	-	-	0	2
ERR8604169	Klebsiella pneumoniae	ST392	OXA-1;TEM-1D.v1^	CTX-M-15	OXA-48	aac(3)-IIa.v1^;aac(6')-Ib-cr.v2;strA.v1^;strB.v1	-	-	sul2	0	2
ERR8604179	Klebsiella pneumoniae	ST11-3LV	OXA-1;TEM-1D.v1^	CTX-M-15	OXA-48	aac(3)-IIa.v1^;aac(6')-Ib-cr.v2;strA.v1^;strB.v1	qnrB1.v2^	tet(A).v1	sul2	0	2
ERR8604210	Klebsiella pneumoniae	ST4123	-	-	OXA-48	-	-	-	-	0	2
ERR8604212	Klebsiella pneumoniae	ST253	-	-	OXA-48	-	-	-	-	0	2
ERR8604213	Klebsiella pneumoniae	ST4123	-	-	OXA-48	-	-	-	-	0	2
ERR8604283	Klebsiella pneumoniae	ST37	-	-	OXA-48	-	-	-	-	1	2
ERR8604294	Klebsiella pneumoniae	ST29	TEM-1D.v1^	CTX-M-15	OXA-48	strA.v1^;strB.v1	qnrB1.v2^	-	sul2	0	2
ERR8604314	Klebsiella pneumoniae	ST111	OXA-1	CTX-M-15	OXA-48	aadA^;ant(2'')-Ia	-	-	sul1	1	2
ERR8604360	Klebsiella pneumoniae	ST17	TEM-1D.v1^	CTX-M-15	OXA-48	aac(3)-IIa.v1;aac(6')-Ib-cr.v2;aadA16*;strA.v1*;strB.v1	qnrB6^	tet(D)	sul1;sul1;sul2	1	2
ERR8604364	Klebsiella pneumoniae	ST405	OXA-1;TEM-1D.v1^	CTX-M-15	OXA-48	aac(3)-IIa.v1^;aac(6')-Ib-cr.v2;strA.v1^;strB.v1	qnrB1.v2^	-	sul2	1	2
ERR8604378	Klebsiella pneumoniae	ST35	OXA-1;TEM-1D.v1^	CTX-M-15	OXA-48	aac(3)-IIa.v1^;aac(6')-Ib-cr.v2;strA.v1^;strB.v1	qnrB1.v2^	tet(A).v1	sul2	1	2
ERR8604389	Klebsiella pneumoniae	ST512	TEM-1D.v1^	-	KPC-23	aac(6')-Ib'.v1;aadA2^;aph3-Ia.v1^	-	-	sul1	0	3
ERR8604441	Klebsiella variicola subsp. variicola	ST1582	LAP-2	-	OXA-48	-	qnrS1	-	-	0	2
ERR8604464	Klebsiella pneumoniae	ST11-1LV	OXA-1	CTX-M-15	OXA-48	aac(3)-IIa.v1^;aac(6')-Ib-cr.v2;aadA2^	-	-	sul1	1	2
ERR8651828	Klebsiella pneumoniae	ST1927	TEM-1D.v1^	CTX-M-15	-	aac(3)-IIa.v1^;aac(6')-Ib-cr.v2;strA.v1;strB.v1	qnrS1	-	sul1;sul2	1	1
ERR8683697	Klebsiella pneumoniae	ST420	TEM-1D.v1^	CTX-M-15	-	aadA2;strA.v1^;strB.v1	qnrB1.v2^	tet(A).v1	sul1;sul2	0	1
ERR8684669	Klebsiella pneumoniae	ST462	LAP-2	CTX-M-14	-	aac(3)-IId^	qnrS1	tet(A).v1	sul1	1	1
ERR8684722	Klebsiella pneumoniae	ST1537	-	CTX-M-15	-	aadA2^;aph3-Ia.v1^;strA.v1*;strB.v1*	qnrS1	tet(A).v1	sul1;sul2	0	1
ERR8703307	Klebsiella pneumoniae	ST502	-	CTX-M-9	-	aadA2;strA.v1;strB.v1	-	-	sul1	0	1
ERR875949	Klebsiella pneumoniae	ST514	OXA-1;TEM-1D.v1^	CTX-M-15	-	aac(3)-IIa.v1^;aac(6')-Ib-cr.v2;sat-2;strA.v1^;strB.v1	-	tet(A).v1	sul2*	0	1
ERR875957	Klebsiella pneumoniae	ST514	OXA-1;TEM-1D.v1^	CTX-M-15	-	aac(3)-IIa.v1^;aac(6')-Ib-cr.v2;sat-2;strA.v1^;strB.v1	-	tet(A).v1	sul2*	0	1
ERR875971	Klebsiella pneumoniae	ST514	OXA-1	CTX-M-15	-	aac(3)-IIa.v1^;aac(6')-Ib-cr.v2	-	-	-	0	1
ERR875981	Klebsiella pneumoniae	ST514	OXA-1;TEM-1D.v1^	CTX-M-15	-	aac(3)-IIa.v1^;aac(6')-Ib-cr.v2;sat-2;strA.v1^;strB.v1	-	tet(A).v1	sul2*	0	1
ERR875994	Klebsiella pneumoniae	ST514-1LV	OXA-1;TEM-1D.v1^	CTX-M-15	-	aac(6')-Ib-cr.v2;sat-2;strA.v1^;strB.v1	-	-	-	0	1
ERR8771264	Klebsiella pneumoniae	ST1564	OXA-1;TEM-1D.v1^	CTX-M-15	-	aac(3)-IIa.v1^;aac(6')-Ib-cr.v2;strA.v1^;strB.v1	qnrB1.v2^	-	sul2	0	1
ERR8771272	Klebsiella pneumoniae	ST253	-	-	-	strA.v1;strB.v1	-	-	-	0	0
ERR8771274	Klebsiella pneumoniae	ST449	-	-	OXA-48	-	qnrS1	-	-	1	2
ERR8771304	Klebsiella pneumoniae	ST33	-	-	-	-	-	-	-	0	0
ERR8771310	Klebsiella quasipneumoniae subsp. similipneumoniae	ST1793-3LV	-	-	-	-	-	-	-	0	0
ERR8771319	Klebsiella pneumoniae	ST4266	-	-	-	-	-	-	-	0	0
ERR8771343	Klebsiella pneumoniae	ST2167	-	-	-	-	-	tet(D)	sul2	0	0
ERR8771350	Klebsiella pneumoniae	ST133	-	-	-	-	-	tet(D)	-	1	0
ERR8771366	Klebsiella pneumoniae	ST13	-	-	OXA-48	aadA5	-	-	sul1	0	2
ERR8771392	Klebsiella pneumoniae	ST463	TEM-1D.v1^	CTX-M-15	NDM-1	aac(3)-IId^;strA.v1*;strB.v1*	qnrB1.v1	-	sul2	0	2
ERR8771407	Klebsiella pneumoniae	ST423	-	-	-	strA.v1;strB.v1	-	-	-	0	0
ERR8771454	Klebsiella pneumoniae	ST1213	CMY-4.v1;DHA-1;OXA-1;TEM-1D.v1^	-	NDM-1;OXA-48	aac(3)-IId^;aac(6')-Ib-cr.v2^;aph(3')-VI;strA.v1^;strB.v1	qnrB4;qnrB9.2^	tet(A).v2	sul1;sul2	0	2
ERR8771458	Klebsiella pneumoniae	ST1948	CMY-4.v1;OXA-1;TEM-1D.v1^	-	NDM-1	aac(3)-IId^;aac(6')-Ib-cr.v2^;aph(3')-VI;strA.v1^;strB.v1	qnrB9.2^	tet(A).v1?	sul1;sul2	0	2
ERR8771466	Klebsiella pneumoniae	ST215	-	-	-	-	-	-	-	1	0
ERR8771494	Klebsiella pneumoniae	ST268	-	-	KPC-2	-	-	-	-	1	2
ERR8771511	Klebsiella pneumoniae	ST1454	OXA-1	CTX-M-15	-	aac(3)-IIa.v1^;aac(6')-Ib-cr.v2	qnrB1.v2^	-	-	0	1
ERR8771513	Klebsiella pneumoniae	ST129	-	-	-	-	-	-	-	0	0
ERR8771562	Klebsiella pneumoniae	ST4075	-	-	-	aadA^	-	tet(D)*	sul1	0	0
ERR8771613	Klebsiella pneumoniae	ST2760	-	-	-	-	-	-	-	0	0
ERR8771671	Klebsiella pneumoniae	ST198	-	-	-	-	-	-	-	1	0
ERR8771710	Klebsiella pneumoniae	ST443	-	-	KPC-2	-	-	-	-	1	2
ERR8771734	Klebsiella pneumoniae	ST449	OXA-9.v1;TEM-1D.v1^	-	KPC-3	strA.v1^;strB.v1	qnrB1.v2^	tet(A).v1	sul2	1	2
ERR8771745	Klebsiella pneumoniae	ST985	OXA-1;TEM-1D.v1^	CTX-M-15	OXA-48	aac(3)-IIa.v1^;aac(6')-Ib-cr.v2;strA.v1^;strB.v1	qnrB19^	-	sul2	1	2
ERR8771748	Klebsiella pneumoniae	ST252	-	-	-	-	-	-	-	0	0
ERR8771781	Klebsiella quasipneumoniae subsp. quasipneumoniae	ST3895	-	-	-	-	-	-	-	0	0
ERR8771789	Klebsiella pneumoniae	ST3600	-	-	-	-	-	-	-	1	0
ERR8771843	Klebsiella pneumoniae	ST377	CMY-2.v2;TEM-1D.v1^	-	OXA-48	strA.v1;strB.v1	-	tet(A).v2	sul2	1	2
ERR8771844	Klebsiella pneumoniae	ST252	-	-	OXA-48	-	-	-	-	0	2
ERR8771887	Klebsiella pneumoniae	ST200	-	-	-	-	-	-	-	0	0
ERR8771892	Klebsiella quasipneumoniae subsp. quasipneumoniae	ST2676	-	-	-	-	-	-	-	0	0
ERR8771914	Klebsiella pneumoniae	ST1604	-	-	-	-	-	-	-	0	0
ERR8771960	Klebsiella pneumoniae	ST2393	-	-	-	-	-	-	-	1	0
ERR8771964	Klebsiella pneumoniae	ST340	-	CTX-M-3	KPC-2	aadA2^;aph(3')-Ia*?;armA	qnrB1.v2^	tet(A).v1	sul1	0	3
ERR8771970	Klebsiella pneumoniae	ST37	OXA-1;TEM-1D.v1^	CTX-M-15	KPC-2	aac(3)-IIa.v1^;aac(6')-Ib-cr.v2;strB.v1	-	-	sul2	0	2
ERR8771971	Klebsiella pneumoniae	ST20	TEM-1	CTX-M-15	NDM-1	aac(6')-Ib'.v1;aadA*;aph(3')-VI	qnrS1	-	-	0	2
ERR8771972	Klebsiella pneumoniae	ST1527	-	-	-	aph3-Ia.v1*?	-	-	-	1	0
ERR8771978	Klebsiella pneumoniae	ST37	OXA-1;TEM-1D.v1^	CTX-M-15	KPC-2	aac(3)-IIa.v1^;aac(6')-Ib-cr.v2	-	-	-	0	2
ERR8771980	Klebsiella pneumoniae	ST39	-	-	KPC-2	aac(3)-IId^;aac(6')-Ib'.v1;aadA2^;aadA^;aph3-Ia.v1^	-	tetM.v1*	sul2;sul3	1	3
ERR8771982	Klebsiella pneumoniae	ST405	TEM-1D.v1^	CTX-M-15	-	aac(3)-IIa.v1^;aac(6')-Ib-cr.v2;strA.v1^;strB.v1	-	-	sul2	1	1
ERR8772003	Klebsiella quasipneumoniae subsp. quasipneumoniae	ST196-2LV	DHA-1;OXA-1	-	OXA-48	aac(6')-Ib-cr.v2^;aph3-Ia.v1^	qnrB4	-	sul1;sul1	3	2
ERR8772022	Klebsiella pneumoniae	ST380	-	-	OXA-48	-	-	-	-	5	2
ERR8772063	Klebsiella pneumoniae	ST200	-	-	-	-	-	-	-	0	0
ERR8772085	Klebsiella pneumoniae	ST636	-	-	-	-	-	-	-	0	0
ERR8772112	Klebsiella pneumoniae	ST3155	-	-	-	-	-	-	-	0	0
ERR8772127	Klebsiella pneumoniae	ST405	-	-	-	-	-	-	-	0	0
ERR8772162	Klebsiella variicola subsp. variicola	ST596	-	-	-	-	-	-	-	0	0
ERR8772178	Klebsiella pneumoniae	ST1916	-	-	-	-	-	-	-	0	0
ERR8772309	Klebsiella pneumoniae	ST13	-	-	KPC-3	-	-	-	-	2	2
ERR8772328	Klebsiella pneumoniae	ST17	OXA-1	CTX-M-15	-	aac(6')-Ib-cr.v2	-	-	-	0	1
ERR8772339	Klebsiella pneumoniae	ST13	OXA-9.v1;TEM-1D.v1^	-	KPC-3	aac(6')-Ib'.v1*;aadA*;strA.v1^;strB.v1	-	-	sul2	2	2
ERR8772367	Klebsiella pneumoniae	ST556	-	-	-	-	-	tet(D)	-	0	0
ERR8772387	Klebsiella pneumoniae	ST814-3LV	-	CTX-M-15	-	aadA2^;aph3-Ia.v1^;strA.v1*;strB.v1*	qnrS1	tet(A).v1	sul1;sul2	0	1
ERR8772404	Klebsiella pneumoniae	ST15-1LV	OXA-1;TEM-1D.v1^	CTX-M-15	-	aac(6')-Ib-cr.v2;aadA2^;aph3-Ia.v1^	-	tet(A).v1	sul1	1	1
ERR8772477	Klebsiella pneumoniae	ST16-1LV	OXA-1;TEM-1D.v1^	CTX-M-15	NDM-5;OXA-181	aac(3)-IIa.v1^;aac(6')-Ib-cr.v2;aadA2^;rmtB;strA.v1^;strB.v1	qnrB1.v2^;qnrS1	-	sul1;sul2	0	2
ERR8772510	Klebsiella variicola subsp. variicola	ST208	-	-	-	-	-	-	-	0	0
ERR8772532	Klebsiella pneumoniae	ST364	-	-	-	aadA5;aph3-Ia.v1^	-	tet(D)	sul1	0	0
ERR8772538	Klebsiella pneumoniae	ST340	OXA-1	-	-	aac(6')-Ib-cr.v2;aadA2	-	-	sul1	0	0
ERR8772557	Klebsiella pneumoniae	ST4261	-	-	-	-	-	-	-	0	0
ERR8772576	Klebsiella pneumoniae	ST1090-1LV	-	-	-	-	-	-	-	0	0
ERR8772629	Klebsiella pneumoniae	ST39	-	-	KPC-2	aac(3)-IId^;aac(6')-Ib'.v1	-	-	-	1	3
ERR8772632	Klebsiella pneumoniae	ST449	-	-	-	-	-	-	-	1	0
ERR8772659	Klebsiella pneumoniae	ST16	OXA-1;TEM-1D.v1^	CTX-M-15	KPC-3	aac(6')-Ib-cr.v2;aadA2^;aph3-Ia.v1^	-	tet(A).v1	sul1	1	2
ERR8772696	Klebsiella pneumoniae	ST170	TEM-135.v2	-	-	aadA2;aadA^;aph3-Ia.v1^	qnrS1^	tet(A).v1*	sul3	0	0
ERR8772703	Klebsiella pneumoniae	ST33	-	-	-	-	-	-	-	0	0
ERR8772714	Klebsiella pneumoniae	ST392	OXA-1;TEM-1D.v1^	CTX-M-15	-	aac(3)-IIa.v1^;aac(6')-Ib-cr.v2;strA.v1^;strB.v1	qnrB1.v2^	tet(A).v1	sul2	0	1
ERR8772727	Klebsiella pneumoniae	ST111	-	-	-	-	-	-	-	0	0
ERR8772736	Klebsiella pneumoniae	ST39	TEM-1D.v1^	-	KPC-2	aac(3)-IId^;aac(6')-Ib'.v1;aadA2^;aadA^	-	tetM.v1*	sul2;sul3	1	3
ERR8772738	Klebsiella quasipneumoniae subsp. quasipneumoniae	ST3520	-	-	-	aac(6')-Ib-cr.v2;aadA16*	qnrS1	-	sul1	0	0
ERR8772741	Klebsiella variicola subsp. variicola	ST347-1LV	-	-	-	-	-	-	-	0	0
ERR8772753	Klebsiella pneumoniae	ST2304	-	-	-	-	-	-	-	1	0
ERR8772903	Klebsiella variicola subsp. variicola	ST2331-1LV	-	-	-	-	-	-	-	0	0
ERR8772909	Klebsiella pneumoniae	ST3068	-	-	-	-	-	-	-	0	0
ERR8772917	Klebsiella pneumoniae	ST2096	OXA-1;TEM-1D.v1^	CTX-M-15	-	aac(6')-Ib-cr.v2;aadA2^;armA*;sat-2	-	tet(D)	sul1	4	1
ERR8773000	Klebsiella pneumoniae	ST496-1LV	-	-	-	-	-	-	-	0	0
ERR8773039	Klebsiella pneumoniae	ST34	-	SHV-12	VIM-1	aac(6')-Ib4^	qnrS1	-	-	0	2
ERR8773054	Klebsiella pneumoniae	ST34	-	-	-	-	-	-	-	0	0
ERR8773060	Klebsiella pneumoniae	ST3661	-	-	-	-	-	-	-	1	0
ERR8773062	Klebsiella pneumoniae	ST1128	-	-	-	-	-	-	-	0	0
ERR8773066	Klebsiella pneumoniae	ST628	LAP-2	CTX-M-14	-	aac(3)-IId^	qnrS1	tet(A).v1	sul1	0	1
ERR8773069	Klebsiella pneumoniae	ST147	OXA-9.v1;TEM-1D.v1^	CTX-M-15	-	aac(6')-Ib'.v1;aadA*;armA	-	-	sul1;sul2	1	1
ERR8773090	Klebsiella pneumoniae	ST101	OXA-1;TEM-1D.v1^	CTX-M-15	OXA-48	aac(6')-Ib-cr.v2*	-	-	-	1	2
ERR8773132	Klebsiella quasipneumoniae subsp. similipneumoniae	ST138	-	-	-	-	-	-	-	0	0
ERR8773163	Klebsiella pneumoniae	ST395	-	-	KPC-3	aadA*;ant(2'')-Ia	-	-	sul1	4	2
ERR8773165	Klebsiella pneumoniae	ST307-1LV	OXA-1;TEM-1D.v1^	CTX-M-15	OXA-48	aac(6')-Ib-cr.v2;strA.v1*;strB.v1	qnrB1.v2^	tet(A).v1	sul2	0	2
ERR8773196	Klebsiella pneumoniae	ST2096	OXA-1;TEM-1D.v1^	CTX-M-15	OXA-232	aac(6')-Ib-cr.v2;aadA2^;armA;sat-2	-	tet(D)	sul1	4	3
ERR8773200	Klebsiella pneumoniae	ST34	-	-	-	-	-	-	-	0	0
ERR8773210	Klebsiella pneumoniae	ST187	OXA-1	-	-	aadA*	-	-	sul1	1	0
ERR8773238	Klebsiella pneumoniae	ST307	OXA-1	CTX-M-15	KPC-3	aac(3)-IIa.v1^;aac(6')-Ib-cr.v2;strA.v1^;strB.v1	qnrB1.v2^	-	sul2	1	2
ERR8773274	Klebsiella pneumoniae	ST437	-	CTX-M-15	-	aadA2;armA	-	-	sul1	0	1
ERR8773333	Klebsiella pneumoniae	ST307	OXA-1	CTX-M-15	KPC-3	aac(3)-IIa.v1^;aac(6')-Ib-cr.v2;strA.v1^;strB.v1	qnrB1.v2^	-	sul2	1	2
ERR8773342	Klebsiella pneumoniae	ST101	-	-	KPC-2	aac(3)-IId^;aadA2^;aadA^;aph3-Ia.v1^;armA	-	tet(A).v1*;tetM.v1*	sul2;sul3	1	2
ERR8773425	Klebsiella pneumoniae	ST528	-	-	-	-	-	-	-	0	0
ERR8773464	Klebsiella pneumoniae	ST307	OXA-1;TEM-1D.v1^	CTX-M-15	KPC-3	aac(3)-IIa.v1^;aac(6')-Ib-cr.v2	qnrB1.v2^	tet(A).v1	-	1	2
ERR8773512	Klebsiella pneumoniae	ST1243	-	-	-	-	-	-	-	0	0
ERR8773514	Klebsiella pneumoniae	ST2900	OXA-1;TEM-1D.v1^	CTX-M-15	-	aac(3)-IIa.v1^;aac(6')-Ib-cr.v2;strA.v1^;strB.v1	qnrB1.v2^	tet(A).v1	sul2	0	1
ERR8773602	Klebsiella pneumoniae	ST792	-	-	-	-	-	-	-	2	0
ERR8773719	Klebsiella pneumoniae	ST1261	-	-	-	-	-	-	-	0	0
ERR8773736	Klebsiella pneumoniae	ST133	-	-	-	-	-	-	-	2	0
ERR8773785	Klebsiella pneumoniae	ST20	-	-	-	strA.v1;strB.v1	-	-	-	1	0
ERR8773792	Klebsiella pneumoniae	ST557-1LV	-	-	-	-	-	-	-	0	0
ERR8773822	Klebsiella pneumoniae	ST383	TEM-1	CTX-M-14^;CTX-M-15	NDM-5	aac(6')-Ib'.v1;aadA*;aph(3')-VI;aph3-Ia.v1^;armA;strA.v1;strB.v1	qnrS1	-	sul1;sul2	3	2
ERR8773877	Klebsiella pneumoniae	ST25	-	-	-	-	-	-	-	0	0
ERR8773957	Klebsiella pneumoniae	ST29	OXA-1;TEM-1D.v1^	CTX-M-15	-	aac(3)-IIa.v1^;aac(6')-Ib-cr.v2;strA.v1^;strB.v1	qnrB1.v2^	tet(A).v1	sul2	1	1
ERR8774159	Klebsiella pneumoniae	ST502	OXA-1;TEM-1D.v1^	CTX-M-15	-	aac(3)-IIa.v1^;aac(6')-Ib-cr.v2;strB.v1	qnrB1.v2^	-	sul2	1	1
ERR8774208	Klebsiella pneumoniae	ST164-2LV	-	-	-	-	-	-	-	0	0
ERR8774210	Klebsiella variicola subsp. variicola	ST2006	-	-	-	-	-	-	-	0	0
ERR8774225	Klebsiella pneumoniae	ST412	-	-	-	-	-	-	-	3	0
ERR8774227	Klebsiella pneumoniae	ST661	OXA-1	CTX-M-15	-	aac(3)-IIa.v1^;aac(6')-Ib-cr.v2;aadA2^;aph3-Ia.v1^;strA.v1*;strB.v1*	qnrS1	tet(A).v1	sul1;sul2	0	1
ERR8774246	Klebsiella quasipneumoniae subsp. quasipneumoniae	ST1466	TEM-1D.v1^	CTX-M-15	-	strA.v1^;strB.v1	qnrB1.v2^	-	sul2	0	1
ERR8774248	Klebsiella pneumoniae	ST437	OXA-1;TEM-1D.v1^;TEM-1D.v1^	CTX-M-15	OXA-48	aac(3)-IId^;aac(6')-Ib-cr.v2;aph3-Ia.v1^	-	tet(D)	sul1	1	2
ERR8774250	Klebsiella pneumoniae	ST1536	-	-	-	-	-	-	-	0	0
ERR8774286	Klebsiella pneumoniae	ST215	-	-	-	-	-	tet(D)	-	0	0
ERR8774314	Klebsiella pneumoniae	ST2310	-	-	-	-	-	-	-	1	0
ERR8774446	Klebsiella pneumoniae	ST219	-	CTX-M-15	-	aadA2^;aph3-Ia.v1^;strA.v1*;strB.v1*	qnrS1	-	sul1;sul2	0	1
ERR8774486	Klebsiella pneumoniae	ST1583	-	-	-	-	-	-	-	0	0
ERR8774489	Klebsiella pneumoniae	ST1920-2LV	-	-	-	-	-	-	-	0	0
ERR8774554	Klebsiella pneumoniae	ST26	OXA-9.v1;TEM-1D.v1^	-	-	aac(3)-Ia*;aac(6')-Ib'.v1*;aac(6')-Im;aadA2;aph(2'')-IIa*	-	-	sul1	0	0
ERR8774601	Klebsiella pneumoniae	ST4306	-	-	-	-	-	-	-	0	0
ERR8774620	Klebsiella pneumoniae	ST307-1LV	TEM-1D.v1^	-	KPC-3	-	-	-	-	0	2
ERR8774626	Klebsiella pneumoniae	ST104	-	-	-	-	-	-	-	0	0
ERR8774673	Klebsiella pneumoniae	ST870	-	-	-	-	-	-	-	0	0
ERR8774675	Klebsiella quasipneumoniae subsp. similipneumoniae	ST4345	OXA-1;TEM-1D.v1^	CTX-M-15	-	aac(3)-IIa.v1*;aac(6')-Ib-cr.v2;aadA2^	qnrS1	-	sul1;sul2	0	1
ERR8774790	Klebsiella pneumoniae	ST111	CMY-6;LAP-2	-	NDM-1	aac(6')-Ib3^;aadA2^;aph3-Ia.v1^	qnrS1	-	sul1;sul2	1	2
ERR8774829	Klebsiella pneumoniae	ST101	OXA-1;OXA-9.v1;TEM-1D.v1^	CTX-M-15	OXA-48	aac(6')-Ib'.v1;aadA*;strA.v1^;strB.v1	-	tet(D)	sul2	1	3
ERR8774840	Klebsiella pneumoniae	ST25	-	-	-	-	-	-	-	1	0
ERR8774894	Klebsiella pneumoniae	ST29	TEM-1D.v1^	-	-	aac(3)-IIa.v1^;strA.v1^;strB.v1	-	-	sul2	0	0
ERR8774902	Klebsiella pneumoniae	ST35	OXA-9.v1;TEM-1D.v1^	CTX-M-15	NDM-1	aac(6')-Ib'.v1;aadA*;aph(3')-VI;aph3-Ia.v1^;strA.v1^;strB.v1	qnrS1	tet(D)	sul1;sul2*	1	2
ERR8774922	Klebsiella pneumoniae	ST950	OXA-1;TEM-1D.v1^	CTX-M-15	-	aac(3)-IIa.v1^;aac(6')-Ib-cr.v2;strA.v1^;strB.v1	-	-	sul2	0	1
ERR8774939	Klebsiella quasipneumoniae subsp. quasipneumoniae	ST1466-1LV	-	-	-	-	-	-	-	0	0
ERR8774940	Klebsiella pneumoniae	ST1271	-	-	-	ant(2'')-Ia	-	-	sul1	1	0
ERR8774945	Klebsiella variicola subsp. variicola	ST2488	-	-	-	-	-	-	-	0	0
ERR8774946	Klebsiella pneumoniae	ST309	-	-	-	-	-	-	-	0	0
ERR8774965	Klebsiella pneumoniae	ST1198	-	-	-	-	-	-	-	0	0
ERR8774967	Klebsiella pneumoniae	ST2108	-	-	-	-	-	-	-	1	0
ERR8775003	Klebsiella pneumoniae	ST1271	-	-	-	-	-	-	-	0	0
ERR8775006	Klebsiella pneumoniae	ST461	-	-	NDM-4	-	-	-	-	0	2
ERR8775016	Klebsiella pneumoniae	ST485	OXA-1^;TEM-1D.v1^	CTX-M-15	-	aac(3)-IIa.v1^;aac(6')-Ib-cr.v2;strA.v1^;strB.v1	-	tet(D)	sul2	1	1
ERR9034643	Klebsiella pneumoniae	ST1788	OXA-1;TEM-1D.v1^	CTX-M-15	-	aac(3)-IIa.v1^;aac(6')-Ib-cr.v2;strA.v1^;strB.v1	qnrB1.v2^	tet(A).v1	sul2	1	1
ERR9034648	Klebsiella pneumoniae	ST1788	OXA-1;TEM-1D.v1^	CTX-M-15	-	aac(3)-IIa.v1^;aac(6')-Ib-cr.v2;strA.v1^;strB.v1	qnrB1.v2^	tet(A).v1	sul2	1	1
ERR9034657	Klebsiella pneumoniae	ST1788	OXA-1;TEM-1D.v1^	CTX-M-15	-	aac(3)-IIa.v1^;aac(6')-Ib-cr.v2;strA.v1^;strB.v1	qnrB1.v2^	tet(A).v1	sul2	1	1
ERR9034670	Klebsiella pneumoniae	ST1788	OXA-1;TEM-1D.v1^	CTX-M-15	-	aac(3)-IIa.v1^;aac(6')-Ib-cr.v2;strA.v1^;strB.v1	qnrB1.v2^	tet(A).v1	sul2	1	1
ERR9034675	Klebsiella pneumoniae	ST1788	OXA-1;TEM-1D.v1^	CTX-M-15	-	aac(3)-IIa.v1^;aac(6')-Ib-cr.v2;strA.v1^;strB.v1	qnrB1.v2^	tet(A).v1	sul2	1	1
ERR9034676	Klebsiella pneumoniae	ST1788	OXA-1;TEM-1D.v1^	CTX-M-15	-	aac(3)-IIa.v1^;aac(6')-Ib-cr.v2;strA.v1^;strB.v1	qnrB1.v2^	tet(A).v1	sul2	1	1
ERR9035515	Klebsiella pneumoniae	ST2497	OXA-1	CTX-M-15	NDM-1;OXA-232	aac(6')-Ib-cr.v2;aadA*;armA	qnrB1.v2^	-	sul1*	1	2
ERR9035523	Klebsiella pneumoniae	ST902	TEM-1D.v1^	-	OXA-48	strA.v1^;strB.v1	qnrB1.v2^	-	sul2	0	2
ERR9035545	Klebsiella variicola subsp. variicola	ST3477	-	-	-	-	-	-	-	0	0
ERR9035548	Klebsiella pneumoniae	ST147	OXA-1;OXA-9.v1;TEM-1D.v1^	CTX-M-15	NDM-1	aac(6')-Ib'.v1;aadA*;aph(3')-VI;aph3-Ia.v1^;armA	qnrS1	-	sul1;sul2	4	2
ERR9126963	Klebsiella pneumoniae	ST231	TEM-1D.v1^	CTX-M-15	-	aac(6')-Ib;aadA2^;rmtF	qnrS1	-	sul1	4	1
ERR926443	Klebsiella pneumoniae	ST106-1LV	-	SHV-1* +165R	-	-	-	-	-	0	1
ERR9301342	Klebsiella pneumoniae	ST628-1LV	OXA-1;TEM-1D.v1^	CTX-M-15	-	aac(3)-IIa.v1^;aac(6')-Ib-cr.v2;strA.v1^;strB.v1	qnrB1.v2^	tet(A).v1	sul2	0	1
ERR9301348	Klebsiella pneumoniae	ST392	OXA-1;TEM-1D.v1^	CTX-M-15	-	aac(3)-IIa.v1^;aac(6')-Ib-cr.v2;strA.v1^;strB.v1	qnrB1.v2^	tet(A).v1	sul2	0	1
ERR9301363	Klebsiella pneumoniae	ST392	OXA-1;TEM-1D.v1^	CTX-M-15	-	aac(3)-IIa.v1^;aac(6')-Ib-cr.v2;strA.v1^;strB.v1	qnrB1.v2^	tet(A).v1	sul2	0	1
ERR9301379	Klebsiella pneumoniae	ST2703	OXA-1;TEM-1D.v1^	CTX-M-15	-	aac(3)-IIa.v1^;aac(6')-Ib-cr.v2;strA.v1^;strB.v1	qnrB1.v2^	tet(A).v1	sul2	0	1
ERR9361084	Klebsiella pneumoniae	ST13	LAP-2;OXA-1	CTX-M-15	OXA-181	aac(3)-IId^;aac(6')-Ib-cr.v2;aph3-Ia.v1*?;strA.v1^;strB.v1	qnrS1	-	sul2	2	2
ERR9410340	Klebsiella pneumoniae	ST353	-	CTX-M-15	-	aadA2^;strA.v1*;strB.v1*	qnrS1	-	sul1;sul2	1	1
ERR9410370	Klebsiella pneumoniae	ST383	TEM-1	CTX-M-14^;CTX-M-15	NDM-5;OXA-48	aac(6')-Ib'.v1;aadA*;aph(3')-VI;aph3-Ia.v1^;armA;strA.v1	qnrS1	tet(A).v1	sul1;sul2	3	2
ERR9538946	Klebsiella pneumoniae	ST23	-	-	-	-	-	-	-	3	0
ERR9538956	Klebsiella variicola subsp. variicola	ST1773	-	-	-	-	-	-	-	0	0
ERR9538962	Klebsiella variicola subsp. variicola	ST1139-2LV	-	-	-	-	-	-	-	0	0
ERR9538963	Klebsiella variicola subsp. variicola	ST1139-2LV	-	-	-	-	-	-	-	0	0
ERR9538993	Klebsiella pneumoniae	ST65	-	-	-	-	-	-	-	2	0
ERR9539001	Klebsiella pneumoniae	ST187	-	-	-	-	-	tet(A).v1	sul2	0	0
ERR968235	Klebsiella pneumoniae	ST375	-	-	-	-	-	-	-	3	0
ERR9709593	Klebsiella pneumoniae	ST218	TEM-1D.v1^	CTX-M-15	NDM-1	aac(6')-Ib'.v1;aadA*;aph(3')-VI	qnrS1	-	-	4	2
ERR9709619	Klebsiella pneumoniae	ST218	OXA-1;TEM-1D.v1^	CTX-M-15	NDM-1	aac(6')-Ib'.v1;aadA*;aph(3')-VI;strA.v1^;strB.v1	qnrB1.v2^;qnrS1	tet(A).v1	sul2	4	2
ERR971954	Klebsiella pneumoniae	ST372	TEM-1D.v1^	CTX-M-15	-	aac(3)-IId^	-	-	sul2	0	1
ERR971969	Klebsiella pneumoniae	ST198	TEM-1D.v1^	CTX-M-15	-	aac(3)-IId^;strA.v1^;strB.v1	-	tet(A).v1	sul2*?	0	1
ERR972001	Klebsiella pneumoniae	ST3132	-	-	-	strA.v1;strB.v1	-	-	-	0	0
ERR972009	Klebsiella pneumoniae	ST14	TEM-1D.v1^	CTX-M-15	-	aac(3)-IId^;strA.v1^;strB.v1	-	-	sul2	0	1
ERR972060	Klebsiella quasipneumoniae subsp. quasipneumoniae	ST526	-	-	OXA-361*	-	-	-	-	0	2
ERR972066	Klebsiella pneumoniae	ST26	-	-	OXA-361*	-	-	-	-	0	2
ERR972074	Klebsiella quasipneumoniae subsp. similipneumoniae	ST3013	-	-	OXA-361*	-	-	-	-	0	2
ERR972076	Klebsiella pneumoniae	ST3014	-	-	OXA-361*	-	-	-	-	0	2
ERR972077	Klebsiella pneumoniae	ST322	-	-	OXA-361*	-	-	-	-	0	2
ERR985162	Klebsiella pneumoniae	ST101	TEM-1D.v1^	CTX-M-15	-	strA.v1^;strB.v1	qnrB1.v2^	-	sul2	0	1
SRR10006025	Klebsiella pneumoniae	ST497-1LV	-	CTX-M-40	-	aac(3)-IId^;aadA2^;aadA^	qnrS1	tet(A).v1*	sul2;sul3	0	1
SRR10006076	Klebsiella pneumoniae	ST2176	LAP-2	-	-	aac(3)-IId^;strA.v1;strB.v1	qnrS1	tet(D)	sul2	0	0
SRR10006080	Klebsiella quasipneumoniae subsp. similipneumoniae	ST1504	-	SHV-2A^	-	strA.v1;strB.v1	-	tet(D)	sul2	0	1
SRR10006150	Klebsiella quasipneumoniae subsp. similipneumoniae	ST2352	-	SHV-2A^	-	strA.v1;strB.v1	-	tet(D)	sul2	0	1
SRR10028162	Klebsiella variicola subsp. variicola	ST1875	-	-	-	-	-	-	-	0	0
SRR10028219	Klebsiella quasipneumoniae subsp. quasipneumoniae	ST1681-2LV	-	-	-	-	-	-	-	0	0
SRR10028251	Klebsiella pneumoniae	ST485	CMY-16^;OXA-1;TEM-1D.v1^	CTX-M-15	NDM-1	aac(3)-IIa.v1^;aac(6')-Ib-cr.v2;aph3-Ia.v1^;strA.v1^;strB.v1	qnrB1.v2^	tet(A).v2;tet(D)	sul1	1	2
SRR10028295	Klebsiella pneumoniae	ST48	OXA-1	CTX-M-15	OXA-48	aac(3)-IIa.v1^;aac(6')-Ib-cr.v2;aadA*;ant(2'')-Ia	-	-	sul1	4	2
SRR10028393	Klebsiella pneumoniae	ST35	TEM-1D.v1^	CTX-M-14	OXA-181	aac(3)-IId^;strA.v1^;strB.v1	qnrS1	tet(A).v1	sul1;sul2	0	2
SRR10028414	Klebsiella pneumoniae	ST1427	OXA-1;TEM-1D.v1^	CTX-M-15	-	aac(3)-IIa.v1^;aac(6')-Ib-cr.v2;aadA16*;strA.v1^;strB.v1	qnrB1.v2^	tet(A).v1	sul1;sul2	0	1
SRR10094530	Klebsiella pneumoniae	ST584	TEM-1D.v1^	CTX-M-15	-	strA.v1^;strB.v1	qnrB1.v2^	-	sul2	0	1
SRR10094543	Klebsiella pneumoniae	ST147	TEM-1D.v1^	CTX-M-15	NDM-5;OXA-181	aac(6')-Ib;aadA2^;rmtB;rmtF	qnrB1.v2^	-	sul1	1	2
SRR1010918	Klebsiella variicola subsp. variicola	ST641	-	-	-	-	-	-	-	0	0
SRR10116385	Klebsiella pneumoniae	ST258	TEM-104*?	-	KPC-2	aac(6')-Ib'.v1	-	-	-	0	2
SRR10116667	Klebsiella pneumoniae	ST258	OXA-9.v1	-	KPC-3	aac(6')-Ib'.v1*;aadA*	-	-	-	0	2
SRR10116813	Klebsiella pneumoniae	ST258	-	-	KPC-3	aac(6')-Ib'.v1	-	-	-	2	3
SRR10116814	Klebsiella pneumoniae	ST258	TEM-104*?	-	KPC-2	aac(6')-Ib'.v1	-	-	-	0	2
SRR10160925	Klebsiella pneumoniae	ST86	OXA-1*;TEM-1D.v1^	-	KPC-2	aac(6')-Ib-cr.v2	qnrB1.v2^	tet(A).v1	-	4	2
SRR10223863	Klebsiella pneumoniae	ST23	TEM-1D.v1^	CTX-M-3	-	strA.v1^;strB.v1	qnrS1	tet(A).v2	sul2*	5	1
SRR10223869	Klebsiella pneumoniae	ST11	-	CTX-M-27	-	aac(6')-Ib-cr.v2;aadA16*;aadA2	qnrB2.v2^	tet(D)	sul1;sul1	0	1
SRR10269951	Klebsiella pneumoniae	ST327	TEM-1D.v1^	SHV-12^	-	aadA2;strA.v1;strB.v1	-	tet(D)	sul1;sul2	0	1
SRR10294883	Klebsiella pneumoniae	ST73	OXA-1;TEM-1D.v1^	CTX-M-15	-	aac(3)-IIa.v1^;aac(6')-Ib-cr.v2;strA.v1^;strB.v1	-	-	sul2	2	1
SRR10294892	Klebsiella pneumoniae	ST236	OXA-9.v1	-	OXA-48	aac(6')-Ib'.v1;aadA*;strA.v1;strB.v1	-	-	-	0	2
SRR10294894	Klebsiella pneumoniae	ST2202	-	-	OXA-48	-	-	-	-	0	2
SRR10294901	Klebsiella pneumoniae	ST231	TEM-1D.v1^	CTX-M-15	-	aac(6')-Ib;rmtF	qnrS1	-	-	1	1
SRR10294917	Klebsiella pneumoniae	ST231	TEM-1D.v1^	CTX-M-15	-	aac(6')-Ib;aadA2^;rmtF	qnrS1	-	sul1	4	1
SRR10294993	Klebsiella pneumoniae	ST661	-	-	OXA-48	-	-	-	-	1	2
SRR10295055	Klebsiella pneumoniae	ST11	CMY-6;TEM-1D.v1^	CTX-M-15	NDM-1	aac(3)-IId^;aadA*;aph(3')-VI;rmtC	-	-	sul1	0	2
SRR10377059	Klebsiella quasipneumoniae subsp. similipneumoniae	ST3506	TEM-1D.v1^	-	KPC-3	-	qnrS1	-	-	0	2
SRR10377080	Klebsiella pneumoniae	ST25	OXA-1	CTX-M-15	-	aac(3)-IIa.v1^;aac(6')-Ib-cr.v2	qnrB1.v2^	tet(A).v1	-	1	1
SRR10377085	Klebsiella pneumoniae	ST158-2LV	-	-	-	-	-	-	-	0	0
SRR10377165	Klebsiella pneumoniae	ST39	-	-	-	aadA2^	-	tet(D)	sul1	1	0
SRR10484693	Klebsiella pneumoniae	ST38	CARB-2.v1^;FOX-5;OXA-2	-	-	aac(6')-Ib'.v1;aadA*?;aadA1.v1^;aadA2	qnrA1	-	-	0	0
SRR10491528	Klebsiella pneumoniae	ST14	OXA-1;OXA-9.v1;TEM-1D.v1^	CTX-M-15	-	aac(3)-IId^;aac(6')-Ib'.v1*;aadA*;sat-2;strA.v1*;strB.v1*	-	-	sul1*;sul2	1	1
SRR10500275	Klebsiella pneumoniae	ST391	OXA-1;TEM-1D.v1^	CTX-M-15	-	aac(3)-IIa.v1^;aac(6')-Ib-cr.v2;strA.v1^;strB.v1	qnrB1.v2^	tet(A).v1	sul2	1	1
SRR10506886	Klebsiella pneumoniae	ST395	TEM-1D.v1^	CTX-M-14	-	aac(6')-Ib-cr.v2;aadA16*;strA.v1*;strB.v1*	qnrB6^;qnrS1	-	sul1;sul1;sul2	0	1
SRR10541773	Klebsiella pneumoniae	ST348	OXA-1	CTX-M-15;TEM-26^	NDM-1	aac(3)-IIa.v1*;aac(6')-Ib-cr.v2;strA.v1^;strB.v1	qnrB1.v2^;qnrE2	tet(A).v1	sul1;sul2	1	2
SRR10541774	Klebsiella pneumoniae	ST348	OXA-1;TEM-1D.v1^	CTX-M-15	KPC-2	aac(6')-Ib-cr.v2;strA.v1^;strB.v1	qnrB1.v2^	tet(A).v1	sul2	1	3
SRR10541782	Klebsiella pneumoniae	ST709	OXA-1;TEM-1D.v1^	CTX-M-15	-	aac(6')-Ib-cr.v2;aadA2^;aph3-Ia.v1^;strA.v1^;strB.v1	-	tet(A).v1	sul1;sul2	0	1
SRR10541789	Klebsiella pneumoniae	ST42	-	-	-	-	-	-	-	0	0
SRR10541795	Klebsiella pneumoniae	ST348	OXA-1	CTX-M-15;TEM-26^	NDM-1	aac(3)-IIa.v1*;aac(6')-Ib-cr.v2;strA.v1^;strB.v1	qnrB1.v2^;qnrE2	tet(A).v1	sul1;sul2	1	2
SRR10541816	Klebsiella pneumoniae	ST23	-	-	-	-	-	-	-	5	0
SRR10541828	Klebsiella pneumoniae	ST348	OXA-1	CTX-M-15;TEM-26^	NDM-1	aac(3)-IIa.v1*;aac(6')-Ib-cr.v2;strA.v1^;strB.v1	qnrB1.v2^;qnrE2	tet(A).v1	sul1;sul2	1	2
SRR10694487	Klebsiella pneumoniae	ST219	-	-	-	strA.v1;strB.v1	-	tet(B).v2*	-	0	0
SRR10694522	Klebsiella pneumoniae	ST107	-	-	-	strA.v1;strB.v1	-	-	-	0	0
SRR10694545	Klebsiella pneumoniae	ST3645-1LV	-	-	-	-	-	-	-	0	0
SRR10694548	Klebsiella pneumoniae	ST846	-	-	-	-	-	-	-	0	0
SRR10694554	Klebsiella quasipneumoniae subsp. quasipneumoniae	ST1955-4LV	-	-	-	-	-	-	-	0	0
SRR10694565	Klebsiella pneumoniae	ST111	-	-	-	-	-	-	-	1	0
SRR10694569	Klebsiella pneumoniae	ST190-1LV	-	-	-	strA.v1;strB.v1	-	-	-	0	0
SRR10694584	Klebsiella pneumoniae	ST111	-	-	-	-	-	-	-	0	0
SRR10694585	Klebsiella quasipneumoniae subsp. quasipneumoniae	ST2660	-	-	-	-	-	-	-	0	0
SRR10694592	Klebsiella quasipneumoniae subsp. quasipneumoniae	ST2660	-	-	-	-	-	-	-	0	0
SRR10694597	Klebsiella pneumoniae	ST107	-	-	-	-	-	-	-	0	0
SRR10694601	Klebsiella pneumoniae	ST485	-	-	-	-	-	-	-	0	0
SRR10694609	Klebsiella pneumoniae	ST107	-	-	-	-	-	-	-	0	0
SRR10694619	Klebsiella pneumoniae	ST44	-	-	-	-	-	-	-	0	0
SRR10694626	Klebsiella pneumoniae	ST107	-	-	-	-	-	-	-	0	0
SRR10694635	Klebsiella pneumoniae	ST107	-	-	-	strA.v1;strB.v1	-	tet(B).v2*	-	0	0
SRR10694656	Klebsiella pneumoniae	ST485	-	-	-	-	-	-	-	0	0
SRR10905619	Klebsiella pneumoniae	ST412	-	-	-	-	-	-	-	0	0
SRR10905808	Klebsiella pneumoniae	ST628	OXA-1;TEM-1D.v1^	CTX-M-15	-	aac(3)-IIa.v1^;aac(6')-Ib-cr.v2;strA.v1^;strB.v1	qnrB1.v2^	-	sul2	0	1
SRR10905976	Klebsiella pneumoniae	ST628	-	-	-	-	-	-	-	0	0
SRR10991643	Klebsiella pneumoniae	ST588	TEM-1D.v1^	-	KPC-2	-	-	-	-	0	2
SRR10991660	Klebsiella pneumoniae	ST478	OXA-1	-	KPC-2	aac(3)-IIa.v1^;aac(6')-Ib-cr.v2;aadA5	qnrB1.v2^	tet(A).v1	sul1	0	2
SRR10991667	Klebsiella pneumoniae	ST321	OXA-1;TEM-1D.v1^	-	KPC-2	aac(3)-IIa.v1^;aac(6')-Ib-cr.v2;aadA5	qnrB1.v2^	tet(A).v1	sul1	0	2
SRR10991669	Klebsiella pneumoniae	ST2938	-	-	KPC-2	-	-	-	-	0	2
SRR10991671	Klebsiella pneumoniae	ST54	TEM-1D.v1^	-	KPC-2	strA.v1;strB.v1	-	-	-	0	2
SRR10991673	Klebsiella pneumoniae	ST25	OXA-1	CTX-M-15	KPC-2	aac(3)-IIa.v1^;aac(6')-Ib-cr.v2;strA.v1^;strB.v1	qnrB1.v2^	tet(A).v1	sul2	1	2
SRR10991674	Klebsiella pneumoniae	ST321	TEM-1D.v1^	-	KPC-2	-	-	-	-	0	2
SRR10991675	Klebsiella pneumoniae	ST54	TEM-1D.v1^	-	KPC-2	-	-	-	-	0	2
SRR10991683	Klebsiella pneumoniae	ST661	OXA-1;TEM-1D.v1^	-	KPC-2	aac(3)-IIa.v1^;aac(6')-Ib-cr.v2;aadA5	qnrB1.v2^	tet(A).v1	sul1	0	2
SRR10991697	Klebsiella variicola subsp. variicola	ST468	TEM-1D.v1^	-	KPC-2	-	-	-	-	0	2
SRR10991720	Klebsiella pneumoniae	ST54	TEM-1D.v1^	CTX-M-9	KPC-2	aadA2;ant(2'')-Ia;strA.v1;strB.v1	qnrA1^	-	sul1	0	3
SRR10991763	Klebsiella pneumoniae	ST491	TEM-1D.v1^	-	KPC-2	-	-	-	-	0	2
SRR10991765	Klebsiella pneumoniae	ST200	TEM-1D.v1^	-	KPC-2	-	-	-	-	0	2
SRR10991777	Klebsiella pneumoniae	ST252	-	-	KPC-2	aadA5	qnrB1.v2^	tet(A).v1	sul1	0	2
SRR10991780	Klebsiella pneumoniae	ST107	OXA-1;TEM-1D.v1^	-	KPC-2	aac(3)-IIa.v1^;aac(6')-Ib-cr.v2;strA.v1*;strB.v1*	-	tet(A).v1	sul2	0	2
SRR10991781	Klebsiella pneumoniae	ST48	TEM-1D.v1^	-	KPC-2	aadA2^;aph3-Ia.v1^;strA.v1^;strB.v1	-	tet(D)	sul1;sul2^	1	2
SRR10991782	Klebsiella pneumoniae	ST12	TEM-1D.v1^	-	KPC-2	aadA5	qnrB1.v2^	tet(A).v1	sul1	0	2
SRR10991786	Klebsiella pneumoniae	ST883	OXA-1;TEM-1D.v1^	-	KPC-2	aac(3)-IIa.v1^;aac(6')-Ib-cr.v2	-	-	-	0	2
SRR10991792	Klebsiella pneumoniae	ST588	TEM-1D.v1^	-	KPC-2	-	-	-	-	0	2
SRR10991815	Klebsiella pneumoniae	ST34	TEM-1D.v1^	-	KPC-2	-	-	-	-	0	2
SRR10991836	Klebsiella pneumoniae	ST588	TEM-1D.v1^	-	KPC-2	-	-	-	-	0	2
SRR10991843	Klebsiella pneumoniae	ST478	OXA-1	-	KPC-2	aac(3)-IIa.v1^;aac(6')-Ib-cr.v2;aadA5	qnrB1.v2^	tet(A).v1	sul1	0	2
SRR10991844	Klebsiella pneumoniae	ST252	OXA-1	-	KPC-2	aac(6')-Ib-cr.v2;aadA5	qnrB1.v2^	tet(A).v1	sul1	0	2
SRR10991848	Klebsiella pneumoniae	ST1162	-	-	KPC-2	-	-	-	-	0	2
SRR10991854	Klebsiella pneumoniae	ST107	OXA-1;TEM-1D.v1^	-	KPC-2	aac(3)-IIa.v1^;aac(6')-Ib-cr.v2;strA.v1*;strB.v1*	-	tet(A).v1	sul2	0	2
SRR10991864	Klebsiella pneumoniae	ST491	-	-	KPC-2	-	-	-	-	0	2
SRR10991871	Klebsiella pneumoniae	ST492	-	-	KPC-2	aac(6')-IIc;strA.v1;strB.v1	qnrA1^	-	sul1	0	3
SRR10991874	Klebsiella pneumoniae	ST240-2LV	TEM-1D.v1^	-	KPC-2	-	-	-	-	0	2
SRR10991887	Klebsiella pneumoniae	ST1162	TEM-1D.v1^	-	KPC-2	-	-	-	-	0	2
SRR10991890	Klebsiella pneumoniae	ST34	TEM-1D.v1^	-	KPC-2	-	-	-	-	0	2
SRR10991892	Klebsiella pneumoniae	ST54	TEM-1D.v1^	-	KPC-2	strA.v1;strB.v1	-	-	-	0	2
SRR10991894	Klebsiella pneumoniae	ST240-1LV	-	-	KPC-2	-	-	-	-	0	2
SRR10991918	Klebsiella pneumoniae	ST1162	-	-	KPC-2	-	-	-	-	0	2
SRR10991941	Klebsiella variicola subsp. variicola	ST468	TEM-1D.v1^	-	KPC-2	-	-	-	-	0	2
SRR10991942	Klebsiella pneumoniae	ST588	TEM-1D.v1^	-	KPC-2	-	-	-	-	0	2
SRR10991961	Klebsiella pneumoniae	ST317	-	-	KPC-2	aac(3)-IId^	-	-	-	0	2
SRR10991967	Klebsiella pneumoniae	ST252	OXA-1	-	KPC-2	aac(3)-IIa.v1^;aac(6')-Ib-cr.v2	qnrB1.v2^	tet(A).v1	sul1	0	2
SRR10991970	Klebsiella pneumoniae	ST1183-1LV	TEM-1D.v1^	-	KPC-2	aac(3)-IIa.v1^	-	-	-	0	2
SRR10991971	Klebsiella pneumoniae	ST107	OXA-1;TEM-1D.v1^	-	KPC-2	aac(3)-IIa.v1^;aac(6')-Ib-cr.v2;strA.v1*;strB.v1*	-	tet(A).v1	sul2	0	2
SRR10991978	Klebsiella pneumoniae	ST252	OXA-1	-	KPC-2	aac(3)-IIa.v1^;aac(6')-Ib-cr.v2;aadA5	qnrB1.v2^	tet(A).v1	sul1	0	2
SRR10991981	Klebsiella pneumoniae	ST1162	-	-	KPC-2	-	-	-	-	0	2
SRR10991985	Klebsiella pneumoniae	ST1162	-	-	KPC-2	-	-	-	-	0	2
SRR10991999	Klebsiella pneumoniae	ST25	OXA-1	-	KPC-2	aac(6')-Ib-cr.v2	qnrB1.v2^	tet(A).v1	-	1	2
SRR10992002	Klebsiella variicola subsp. variicola	ST837-1LV	TEM-1D.v1^	-	KPC-2	-	-	-	-	0	2
SRR10992004	Klebsiella variicola subsp. variicola	ST1163	TEM-1D.v1^	-	KPC-2	-	-	-	-	0	2
SRR10992013	Klebsiella pneumoniae	ST1162	OXA-1;TEM-1D.v1^	CTX-M-15	KPC-2	aac(3)-IIa.v1^;aac(6')-Ib-cr.v2;aadA5;strA.v1^;strB.v1	qnrB1.v2^	tet(A).v1	sul1;sul2	0	2
SRR10992017	Klebsiella pneumoniae	ST37	TEM-1D.v1^	-	KPC-2	-	-	-	-	0	2
SRR10992019	Klebsiella pneumoniae	ST491	TEM-1D.v1^	-	KPC-2	-	-	-	-	0	2
SRR10992026	Klebsiella variicola subsp. variicola	ST468	TEM-1D.v1^	-	KPC-2	-	-	-	-	0	2
SRR10992027	Klebsiella pneumoniae	ST1162	-	-	KPC-2	-	-	-	-	0	2
SRR10992040	Klebsiella pneumoniae	ST588	TEM-1D.v1^	-	KPC-2	-	-	-	-	0	2
SRR10992043	Klebsiella pneumoniae	ST661	OXA-1;TEM-1D.v1^	-	KPC-2	aac(3)-IIa.v1^;aac(6')-Ib-cr.v2;aadA5	qnrB1.v2^	tet(A).v1	sul1	0	2
SRR10992049	Klebsiella pneumoniae	0	TEM-1D.v1^	-	KPC-2	aadA2;strA.v1;strB.v1	-	-	sul1	0	3
SRR10992065	Klebsiella pneumoniae	ST54	TEM-1D.v1^	-	KPC-2	strA.v1;strB.v1	-	-	-	0	2
SRR10992068	Klebsiella pneumoniae	ST1838	TEM-1D.v1^	-	KPC-2	aac(2')-IIa*;strA.v1;strB.v1	qnrB2.v1^	-	-	0	2
SRR10992085	Klebsiella pneumoniae	ST1162	-	-	KPC-2	-	-	-	-	0	2
SRR10992115	Klebsiella pneumoniae	ST588	TEM-1D.v1^	-	KPC-2	-	-	-	-	0	2
SRR10992116	Klebsiella pneumoniae	ST491	OXA-1	CTX-M-15	KPC-2	aac(3)-IIa.v1^;aac(6')-Ib-cr.v2;aadA5;strA.v1^;strB.v1	qnrB1.v2^	tet(A).v1	sul1;sul2	0	2
SRR10992119	Klebsiella pneumoniae	ST491	TEM-1D.v1^	-	KPC-2	-	-	-	-	0	2
SRR10992126	Klebsiella pneumoniae	ST198	TEM-1D.v1^	-	KPC-2	-	-	-	-	0	2
SRR10992142	Klebsiella pneumoniae	ST2938	OXA-1	-	KPC-2	aac(3)-IIa.v1^;aac(6')-Ib-cr.v2;aadA5	qnrB1.v2^	tet(A).v1	sul1	0	2
SRR10992161	Klebsiella pneumoniae	ST37	OXA-1;TEM-1D.v1^	-	KPC-2	aac(3)-IIa.v1^;aac(6')-Ib-cr.v2;aadA5	qnrB1.v2^	tet(A).v1	sul1	0	2
SRR10992167	Klebsiella pneumoniae	ST534	TEM-1D.v1^	-	KPC-2	-	-	-	-	0	2
SRR10992168	Klebsiella pneumoniae	ST1162	-	-	KPC-2	-	-	-	-	0	2
SRR10992185	Klebsiella pneumoniae	ST34	TEM-1D.v1^	-	KPC-2	-	-	-	-	0	2
SRR10992190	Klebsiella pneumoniae	ST491	-	-	KPC-2	-	-	-	-	0	2
SRR11046436	Klebsiella pneumoniae	ST462	LAP-2	CTX-M-14	-	aac(3)-IId^	qnrS1	tet(A).v1	sul1	0	1
SRR11046448	Klebsiella pneumoniae	ST872	-	-	-	-	-	-	-	0	0
SRR11046528	Klebsiella pneumoniae	ST12	OXA-1;TEM-1D.v1^	CTX-M-15	-	aac(3)-IIa.v1^;aac(6')-Ib-cr.v2;strA.v1^;strB.v1	-	tet(A).v1	sul2	0	1
SRR11046567	Klebsiella pneumoniae	ST34	-	-	-	-	-	-	-	0	0
SRR11046602	Klebsiella pneumoniae	ST253	-	-	-	-	-	-	-	0	0
SRR11046659	Klebsiella pneumoniae	ST1714	-	-	-	-	-	-	-	0	0
SRR11046722	Klebsiella pneumoniae	ST941	-	-	-	-	-	-	-	0	0
SRR11094193	Klebsiella pneumoniae	ST395-1LV	OXA-1;TEM-1D.v1^	CTX-M-15	OXA-232	aac(3)-IId^;aac(6')-Ib-cr.v2;armA	qnrB1.v1;qnrS1	tet(A).v1	sul1	1	2
SRR11094200	Klebsiella pneumoniae	ST969	OXA-1;TEM-1D.v1^	CTX-M-15	-	aac(6')-Ib-cr.v2;strA.v1^;strB.v1	qnrB1.v2^	tet(A).v1	sul2	0	1
SRR11267920	Klebsiella pneumoniae	ST48	-	CTX-M-15	-	strA.v1^;strB.v1	-	tet(A).v1	sul2^	1	1
SRR11267921	Klebsiella pneumoniae	ST268	-	CTX-M-15	-	aadA2^;strA.v1*;strB.v1*	qnrS1	-	sul2	1	1
SRR11267940	Klebsiella pneumoniae	ST496-1LV	OXA-1;TEM-1D.v1^	CTX-M-15	-	aac(3)-IIa.v1^;aac(6')-Ib-cr.v2;strA.v1^;strB.v1	qnrB1.v2^	tet(A).v1^	sul2	1	1
SRR11267941	Klebsiella pneumoniae	ST309	-	CTX-M-15	-	strA.v1^;strB.v1	-	-	sul2	0	1
SRR11281510	Klebsiella pneumoniae	ST490	OXA-1;TEM-1D.v1^	CTX-M-15	-	aac(3)-IIa.v1^;aac(6')-Ib-cr.v2;strA.v1^;strB.v1	qnrB1.v2^	tet(A).v1	sul2	0	1
SRR11362718	Klebsiella pneumoniae	ST107	LAP-2;TEM-1D.v1^	-	OXA-48	aac(3)-IId^;strA.v1*;strB.v1*	qnrS1	tet(A).v1	sul2	0	2
SRR11402685	Klebsiella pneumoniae	ST37-1LV	-	-	KPC-2	-	-	-	-	0	2
SRR11455642	Klebsiella variicola subsp. variicola	ST355-1LV	AmpC1*	-	-	-	-	-	-	0	0
SRR11476415	Klebsiella variicola subsp. variicola	ST1783-1LV	-	-	-	-	-	-	-	0	0
SRR11585075	Klebsiella variicola subsp. variicola	ST388	-	-	OXA-48	-	-	-	-	0	2
SRR11585078	Klebsiella variicola subsp. variicola	ST971	-	-	OXA-48	-	-	-	-	0	2
SRR11585079	Klebsiella variicola subsp. variicola	ST971	-	-	OXA-48	-	-	-	-	0	2
SRR11585114	Klebsiella pneumoniae	ST405	-	CTX-M-15	OXA-48	-	qnrB1.v2^	-	-	1	2
SRR11585161	Klebsiella pneumoniae	ST11	OXA-1	CTX-M-15	OXA-48	aac(3)-IIa.v1^;aac(6')-Ib-cr.v2;aadA2^	qnrB1.v1	-	sul1	1	2
SRR11585192	Klebsiella pneumoniae	ST322	-	-	VIM-1	aac(6')-Ib4^;aadA1.v1^	-	-	sul1	0	2
SRR11622455	Klebsiella pneumoniae	ST104-2LV	TEM-1D.v1^	-	KPC-2	-	-	-	-	0	2
SRR11622466	Klebsiella pneumoniae	ST70-1LV	OXA-1	CTX-M-15	KPC-2	aac(3)-IIa.v1^;aac(6')-Ib-cr.v2;strA.v1^;strB.v1	qnrB1.v2^	tet(A).v1	sul2	0	2
SRR11622468	Klebsiella pneumoniae	ST133	LAP-2;TEM-1D.v1^	CTX-M-14	NDM-1	aac(3)-IId^;armA	qnrS1	tet(A).v1;tet(D)	sul1	2	2
SRR11622475	Klebsiella pneumoniae	ST626	-	-	KPC-2	aac(3)-IId^;aadA2^	-	tet(A).v1	sul1;sul2	0	3
SRR11622504	Klebsiella pneumoniae	ST273	OXA-1	-	OXA-48	aac(6')-Ib-cr.v2	-	-	-	1	2
SRR11622506	Klebsiella pneumoniae	ST273	LAP-2;TEM-1D.v1^	CTX-M-3	-	aac(6')-Ib-cr.v2;aadA16*;aadA2^;strA.v1^;strB.v1	qnrS1	tet(A).v1?	sul1^;sul2	0	1
SRR11622524	Klebsiella pneumoniae	ST4	-	CTX-M-15	-	aac(6')-Ib-cr.v2;aadA16*;strA.v1^;strB.v1	qnrB6^	tet(A).v1	sul1;sul1;sul2	0	1
SRR11622526	Klebsiella pneumoniae	ST378-1LV	DHA-1;OXA-1	-	-	aac(6')-Ib-cr.v2^;aadA2^;aph3-Ia.v1^	qnrB4	tet(A).v1	sul1;sul2	0	0
SRR11622551	Klebsiella pneumoniae	ST24-2LV	TEM-1D.v1^	-	KPC-2	-	-	-	-	0	2
SRR11622553	Klebsiella pneumoniae	ST70-2LV	TEM-1D.v1^	-	KPC-2	-	-	-	-	0	2
SRR11622596	Klebsiella pneumoniae	ST14	OXA-1;OXA-9.v1;TEM-1D.v1^	CTX-M-15	NDM-1	aac(3)-IId^;aac(6')-Ib-cr.v2;aadA*;aadA2^;aph(3')-VI;armA;strA.v1*;strB.v1*	qnrB1.v2^	-	sul1;sul2	1	2
SRR11622599	Klebsiella pneumoniae	ST16	TEM-1D.v1^	CTX-M-15	OXA-48	aadA2^;aph3-Ia.v1^	-	-	sul1	1	2
SRR11622603	Klebsiella pneumoniae	ST534	OXA-1	CTX-M-15	KPC-2	aac(3)-IIa.v1^;aac(6')-Ib-cr.v2;strA.v1^;strB.v1	qnrB1.v2^	tet(A).v1	sul2	0	2
SRR11700214	Klebsiella pneumoniae	ST17	TEM-1D.v1^	CTX-M-15	-	strA.v1^;strB.v1	qnrS1	tet(A).v1	sul2	1	1
SRR11725275	Klebsiella pneumoniae	ST258-2LV	-	CTX-M-15	KPC-2	-	-	-	-	2	2
SRR11725279	Klebsiella pneumoniae	ST462	-	-	KPC-3	-	-	-	-	0	2
SRR11746260	Klebsiella pneumoniae	ST515	OXA-1;TEM-1D.v1^	CTX-M-15	-	aac(3)-IIa.v1^;aac(6')-Ib-cr.v2;aph(3')-Ia	qnrS1	-	sul2	1	1
SRR11780123	Klebsiella pneumoniae	ST834	TEM-1D.v1^	-	KPC-2	aac(6')-IIc	qnrS1	-	sul1;sul2	0	3
SRR11816110	Klebsiella pneumoniae	ST2856	-	-	-	-	-	-	-	0	0
SRR11816111	Klebsiella variicola subsp. variicola	ST347	-	-	-	-	-	-	-	0	0
SRR11816123	Klebsiella pneumoniae	ST45-1LV	-	-	-	-	-	-	-	1	0
SRR11816127	Klebsiella variicola subsp. variicola	ST347	-	-	-	-	-	-	-	0	0
SRR11816128	Klebsiella variicola subsp. variicola	ST347	-	-	-	-	-	-	-	0	0
SRR11816138	Klebsiella pneumoniae	ST462	LAP-2	-	-	-	qnrS1	tet(A).v1	sul1	0	0
SRR11816149	Klebsiella pneumoniae	ST870	-	-	-	-	-	-	-	0	0
SRR11816152	Klebsiella variicola subsp. variicola	ST197	-	-	-	-	-	-	-	0	0
SRR11816162	Klebsiella pneumoniae	ST187	-	-	-	-	-	-	-	1	0
SRR11816168	Klebsiella variicola subsp. variicola	ST250	-	-	-	-	-	-	-	0	0
SRR11816184	Klebsiella quasipneumoniae subsp. similipneumoniae	ST1887-1LV	-	-	-	-	-	-	-	0	0
SRR11819282	Klebsiella pneumoniae	ST299	OXA-9.v1;TEM-1D.v1^	-	KPC-3	aac(6')-Ib'.v1*;aadA*;strA.v1^;strB.v1	-	-	sul2	2	2
SRR11819293	Klebsiella pneumoniae	ST3727	TEM-1D.v1^	CTX-M-15	KPC-3	aac(3)-IIa.v1^;strA.v1^;strB.v1	-	-	sul2	0	2
SRR11819295	Klebsiella pneumoniae	ST464	OXA-1;TEM-1D.v1^	CTX-M-15	-	aac(3)-IIa.v1;aac(6')-Ib-cr.v2;aadA^;strB.v1	qnrB2.v1^	tet(A).v1	sul1^;sul1^;sul2	0	1
SRR11819316	Klebsiella pneumoniae	ST48	TEM-1D.v1^	-	KPC-3	-	qnrS1	tet(D)	-	2	2
SRR11819326	Klebsiella pneumoniae	ST551	OXA-1;TEM-1D.v1^	CTX-M-15	-	aac(3)-IIa.v1^;aac(6')-Ib-cr.v2;strA.v1^;strB.v1	qnrB1.v2^	-	sul2	0	1
SRR11819334	Klebsiella pneumoniae	ST48	TEM-1D.v1^	-	KPC-3	-	qnrS1	tet(D)	-	2	2
SRR11819337	Klebsiella pneumoniae	ST3626	TEM-1D.v1^	-	KPC-3	-	qnrS1	-	-	0	2
SRR11819393	Klebsiella pneumoniae	ST15	TEM-1D.v1^	CTX-M-15	-	strA.v1^;strB.v1	-	tet(A).v1	sul2	1	1
SRR11819394	Klebsiella pneumoniae	ST133	OXA-9.v1;TEM-1D.v1^	-	KPC-3	aac(6')-Ib'.v1*;aadA*;strA.v1^;strB.v1	-	-	sul2	2	2
SRR11819416	Klebsiella pneumoniae	ST2543	OXA-1;TEM-1D.v1^	-	KPC-3	aac(3)-IId^;aac(6')-Ib-cr.v2;strA.v1^;strB.v1	qnrB1.v2^	tet(B).v2*	sul2	0	2
SRR11819425	Klebsiella pneumoniae	ST273-1LV	OXA-9.v1;TEM-1D.v1^	-	KPC-3	aadA*	qnrS1	-	-	1	2
SRR11841810	Klebsiella pneumoniae	ST3392	TEM-1D.v1^	CTX-M-15	NDM-1	aac(6')-Ib;aac(6')-Ib'.v1;aadA*;aph3-Ia.v1^;armA;rmtF;sat-2	qnrS1	tet(A).v1	sul1	3	2
SRR11841826	Klebsiella pneumoniae	ST1640	-	CTX-M-15	NDM-1	aadA2;rmtC	qnrB1.v2^	-	sul1	1	2
SRR11841837	Klebsiella pneumoniae	ST915	-	-	KPC-2	strA.v1;strB.v1	-	-	-	0	2
SRR11841839	Klebsiella pneumoniae	ST560	OXA-1	CTX-M-15	KPC-2	aac(3)-IIa.v1^;aac(6')-Ib-cr.v2;strA.v1^;strB.v1	qnrB1.v2^	tet(A).v1	sul2	1	2
SRR11841853	Klebsiella pneumoniae	ST35	-	-	OXA-48	-	-	-	-	0	2
SRR11841860	Klebsiella pneumoniae	ST560	OXA-1	CTX-M-15	KPC-2	aac(3)-IIa.v1^;aac(6')-Ib-cr.v2	qnrB1.v2^	tet(A).v1	-	1	2
SRR11841862	Klebsiella pneumoniae	ST560	OXA-1	CTX-M-15	KPC-2	aac(3)-IIa.v1^;aac(6')-Ib-cr.v2;strA.v1^;strB.v1	qnrB1.v2^	tet(A).v1	sul2	1	2
SRR11841866	Klebsiella pneumoniae	ST405	OXA-1;TEM-1D.v1^	CTX-M-15	OXA-48	aac(3)-IIa.v1^;aac(6')-Ib-cr.v2;strA.v1^;strB.v1	qnrB1.v2^	tet(A).v1	sul2	1	2
SRR11841870	Klebsiella pneumoniae	ST2500	-	-	OXA-48	-	-	-	-	0	2
SRR11841894	Klebsiella pneumoniae	ST2493	CMY-13	-	VIM-1	aac(6')-Il;aadA1.v1^;aadA2;ant(2'')-Ia	qnrA1^	-	sul1;sul1	0	2
SRR11841896	Klebsiella quasipneumoniae subsp. similipneumoniae	ST638-1LV	OXA-1;TEM-1D.v1^	CTX-M-15	NDM-7	aac(3)-IIa.v1^;aac(6')-Ib-cr.v2;strA.v1^;strB.v1	qnrB1.v2^	tet(A).v1	sul2	0	2
SRR11907332	Klebsiella pneumoniae	ST101	TEM-1D.v1^	CTX-M-15	-	strA.v1^;strB.v1	qnrS1	tet(A).v1	sul2	0	1
SRR11948674	Klebsiella pneumoniae	ST3705	-	-	-	-	-	-	-	0	0
SRR11992851	Klebsiella pneumoniae	ST70-1LV	TEM-1D.v1^	-	KPC-2	-	-	-	-	0	2
SRR11992862	Klebsiella pneumoniae	ST65	TEM-1D.v1^	-	KPC-2	-	-	-	-	5	2
SRR11992896	Klebsiella pneumoniae	ST134	TEM-1D.v1^	-	KPC-2	-	-	-	-	0	2
SRR11992897	Klebsiella pneumoniae	ST327	OXA-1;TEM-1D.v1^	-	KPC-2	aac(3)-IIa.v1^;aac(6')-Ib-cr.v2	qnrB1.v2^	tet(A).v1;tet(D)	sul2	0	2
SRR11992912	Klebsiella quasipneumoniae subsp. similipneumoniae	ST841	OXA-1;TEM-1D.v1^	-	KPC-2	aac(6')-Ib-cr.v2;aadA*	qnrB1.v2^	tet(A).v1	sul1*	0	2
SRR11992926	Klebsiella quasipneumoniae subsp. similipneumoniae	ST1304	OXA-1	-	KPC-2	aac(3)-IIa.v1^;aac(6')-Ib-cr.v2;strA.v1^;strB.v1	qnrB1.v2^	tet(A).v1	sul2	0	2
SRR11992952	Klebsiella pneumoniae	ST231	TEM-1D.v1^	CTX-M-15;SHV-12	NDM-1	aac(6')-Ib;rmtF	qnrS1	-	-	1	2
SRR11992973	Klebsiella pneumoniae	ST30	-	-	KPC-2	-	-	-	-	0	2
SRR11992978	Klebsiella pneumoniae	ST502-2LV	-	-	KPC-2	-	-	-	-	0	2
SRR11992997	Klebsiella pneumoniae	ST2816-1LV	-	-	NDM-1	-	-	-	-	0	2
SRR11993012	Klebsiella pneumoniae	ST1	-	-	NDM-1	aac(6')-Ib-cr.v2;aadA16*;strA.v1^;strB.v1	qnrS1	tet(A).v1?	sul1;sul2	0	2
SRR11993023	Klebsiella pneumoniae	ST323	OXA-1;TEM-1D.v1^	CTX-M-15	KPC-2	aac(3)-IIa.v1^;aac(6')-Ib-cr.v2;strA.v1^;strB.v1	qnrB1.v2^	tet(A).v1	sul2	0	2
SRR11993053	Klebsiella quasipneumoniae subsp. similipneumoniae	ST841	OXA-1;TEM-1D.v1^	-	KPC-2	aac(6')-Ib-cr.v2;aadA*	qnrB1.v2^	tet(A).v1	sul1*	0	2
SRR11993062	Klebsiella pneumoniae	ST502-2LV	-	SHV-12	KPC-2	-	-	-	-	0	2
SRR11993063	Klebsiella pneumoniae	ST502-2LV	-	SHV-12	KPC-2	-	-	-	-	0	2
SRR11993064	Klebsiella pneumoniae	ST2253-1LV	TEM-1D.v1^	-	KPC-2	-	-	-	-	0	2
SRR12056270	Klebsiella pneumoniae	ST34	CARB-2.v1^;FOX-5	-	-	aadA2;ant(2'')-Ia	qnrA1	-	sul1	0	0
SRR12071762	Klebsiella pneumoniae	ST432	-	CTX-M-15	OXA-48	aadA2^;strA.v1*;strB.v1*	qnrS1	tet(A).v1	sul1;sul2	0	2
SRR12071771	Klebsiella quasipneumoniae subsp. quasipneumoniae	ST2604	-	CTX-M-10?	OXA-48	strA.v1^;strB.v1	-	tet(A).v2	sul2	0	2
SRR12071773	Klebsiella pneumoniae	ST377	OXA-1	CTX-M-15	OXA-48	aac(3)-IIa.v1^;aac(6')-Ib-cr.v2;aadA^;aph3-Ia.v1*?	-	tet(A).v1	sul1^	0	2
SRR12071777	Klebsiella pneumoniae	ST1427	TEM-1D.v1^	CTX-M-15	-	strA.v1^;strB.v1	qnrB1.v2^	-	sul2	0	1
SRR12072641	Klebsiella pneumoniae	ST437	TEM-1D.v1^	CTX-M-15	NDM-1	aac(6')-Ib;aadA*;aph3-Ia.v1^;rmtF	qnrS1	-	sul1	0	2
SRR12149865	Klebsiella pneumoniae	ST3228	LAP-2;TEM-1D.v1^	CTX-M-14;CTX-M-15	NDM-1	aac(3)-IId^;aadA2^;armA;strB.v1	qnrS1^	tet(A).v2;tet(C)	sul2	0	2
SRR12204420	Klebsiella pneumoniae	ST231-1LV	TEM-1D.v1^	-	OXA-232	aac(6')-Ib;rmtF	qnrS1	-	-	1	2
SRR12233387	Klebsiella pneumoniae	ST193	-	-	-	aac(3)-IV^;aadA2^;aph(4)-Ia;aph3-Ia.v1^	-	tet(A).v1	sul2	3	0
SRR12233458	Klebsiella pneumoniae	ST86	-	-	-	-	-	-	-	4	0
SRR12233477	Klebsiella pneumoniae	ST65	-	-	-	-	-	-	-	5	0
SRR12233510	Klebsiella pneumoniae	ST4081	-	-	-	aac(6')-Ib-cr.v2;aadA16*	qnrB6^	tet(D)*	sul1;sul1	0	0
SRR12233546	Klebsiella pneumoniae	ST592	-	-	-	-	-	-	-	3	0
SRR12233556	Klebsiella pneumoniae	ST375	-	-	-	-	-	-	-	3	0
SRR12233557	Klebsiella pneumoniae	ST23	-	-	-	-	-	-	-	5	0
SRR12233558	Klebsiella pneumoniae	ST65	-	-	-	-	-	-	-	3	0
SRR12233576	Klebsiella africana	0	-	-	-	-	-	-	-	0	0
SRR12233580	Klebsiella africana	ST2831-2LV	-	-	-	-	-	-	-	1	0
SRR12233583	Klebsiella africana	ST2831-2LV	-	-	-	-	-	-	-	1	0
SRR12233594	Klebsiella pneumoniae	ST654-2LV	-	-	-	-	-	-	-	0	0
SRR12267772	Klebsiella pneumoniae	ST134	-	-	-	-	-	-	-	0	0
SRR12267791	Klebsiella pneumoniae	ST788	-	-	-	-	-	-	-	0	0
SRR12267792	Klebsiella pneumoniae	ST788	-	-	-	-	-	-	-	0	0
SRR12267798	Klebsiella pneumoniae	ST485	-	-	-	-	-	-	-	0	0
SRR12329568	Klebsiella pneumoniae	ST111	TEM-1D.v1^	-	KPC-3*	-	-	-	-	1	2
SRR12352145	Klebsiella pneumoniae	ST20	-	-	NDM-7	-	-	-	-	0	2
SRR12462374	Klebsiella pneumoniae	ST556	OXA-1;OXA-9.v1;TEM-1D.v1^	CTX-M-15	NDM-1	aac(6')-Ib'.v1;aadA*;aph(3')-VI;strA.v1^;strB.v1	qnrB1.v2^;qnrS1	tet(A).v1;tet(D)	sul2	0	2
SRR12508583	Klebsiella pneumoniae	ST16	OXA-1	CTX-M-15	-	aac(6')-Ib-cr.v2;aadA2^;aph3-Ia.v1^	-	tet(A).v1	sul1	1	1
SRR12508644	Klebsiella pneumoniae	ST883	-	-	-	-	-	-	-	0	0
SRR12508858	Klebsiella pneumoniae	ST252	OXA-2	-	-	ant(2'')-Ia	qnrB3^	-	sul1*	0	0
SRR12508886	Klebsiella quasipneumoniae subsp. similipneumoniae	ST384	-	SHV-7^	KPC-2	ant(2'')-Ia	qnrS1	-	-	0	2
SRR12508910	Klebsiella quasipneumoniae subsp. similipneumoniae	ST1330-1LV	OXA-1	CTX-M-15	KPC-2*	aac(6')-Ib-cr.v2	qnrB1.v2^	-	-	0	3
SRR12508938	Klebsiella pneumoniae	ST466	TEM-1D.v1^	-	-	aadA5	-	-	sul1	1	0
SRR12509344	Klebsiella pneumoniae	ST1496	LAP-2	-	KPC-3	aac(6')-Ib'.v1	qnrS1	-	-	1	2
SRR12509360	Klebsiella pneumoniae	ST13-1LV	TEM-1D.v1^	CTX-M-15	-	aac(6')-Ib'.v1;strA.v1^;strB.v1	qnrB1.v2^	-	sul2	1	1
SRR12509411	Klebsiella pneumoniae	ST111	TEM-1D.v1^	-	KPC-2	-	-	tet(D)	-	0	2
SRR12509448	Klebsiella pneumoniae	ST340	TEM-1D.v1^	-	KPC-3	aac(3)-IV;aadA2^;aph(4)-Ia	-	-	sul1	0	2
SRR12509532	Klebsiella pneumoniae	ST392	OXA-1	CTX-M-15	-	aac(3)-IIa.v1^;strB.v1	-	-	-	0	1
SRR12517511	Klebsiella quasipneumoniae subsp. similipneumoniae	ST1308	-	-	-	-	qnrS1	-	-	0	0
SRR12569230	Klebsiella quasipneumoniae subsp. quasipneumoniae	ST1416	OXA-9.v1;TEM-1D.v1^	CTX-M-15	NDM-1	aac(6')-Ib'.v1;aadA*;aph(3')-VI	qnrS1	-	-	0	2
SRR12569238	Klebsiella pneumoniae	ST584	TEM-1D.v1^	CTX-M-15	-	strA.v1^;strB.v1	qnrB1.v2^	tet(A).v1	sul2	0	1
SRR12569239	Klebsiella pneumoniae	ST376	-	CTX-M-14^	OXA-48	aac(3)-IIa.v1;aac(6')-Ib;aph(3')-Ia;aph(3')-VI*;rmtF;strA.v1;strB.v1	qnrB1.v1	tet(A).v1*;tet(B).v2*	sul1	3	2
SRR12569949	Klebsiella pneumoniae	ST39	TEM-1D.v1^	CTX-M-15	NDM-1	aac(3)-IIa.v1;aph(3')-VI;strA.v1*;strB.v1*	qnrS1	tet(D)	sul2	1	2
SRR12569970	Klebsiella pneumoniae	ST323	TEM-1D.v1^	CTX-M-15	OXA-48	strA.v1^;strB.v1	-	tet(A).v1	sul2	0	2
SRR12569971	Klebsiella pneumoniae	ST147-1LV	OXA-1;OXA-9.v1;TEM-1D.v1^	CTX-M-15	NDM-1	aadA*;aadA2^;aph(3')-VI	qnrS1	-	sul1	1	2
SRR12569979	Klebsiella pneumoniae	ST38-1LV	OXA-1;TEM-1D.v1^	CTX-M-15	OXA-232	aac(3)-IIa.v1^;aac(6')-Ib-cr.v2;strA.v1^;strB.v1	qnrB1.v2^	tet(A).v1*	sul2^	1	3
SRR12569990	Klebsiella pneumoniae	ST231	TEM-104?	CTX-M-15	OXA-232	aac(6')-Ib;aadA2^;rmtF	qnrS1	-	sul1	4	2
SRR12570029	Klebsiella pneumoniae	ST340	OXA-1;TEM-1D.v1^	CTX-M-15	NDM-1	aac(3)-IIa.v1^;aac(6')-Ib-cr.v2;aadA^;strA.v1^;strB.v1	qnrB1.v2^	tet(A).v1	sul1;sul2;sul3	0	2
SRR12570048	Klebsiella pneumoniae	ST983	OXA-1;TEM-1D.v1^	CTX-M-15	OXA-48	aac(3)-IIa.v1^;strA.v1^;strB.v1	qnrB1.v2^	-	sul2	0	2
SRR12570049	Klebsiella pneumoniae	ST420	-	CTX-M-14^	OXA-48	strA.v1;strB.v1	-	-	-	4	2
SRR12627522	Klebsiella pneumoniae	ST17	OXA-10;TEM-1D.v1^	CTX-M-14^	NDM-1	aac(6')-Il;aph(3')-VI	qnrS1	-	sul1;sul2	1	2
SRR12653694	Klebsiella pneumoniae	ST105	-	-	-	-	-	-	-	1	0
SRR12653696	Klebsiella pneumoniae	ST4123	-	-	-	-	-	-	-	0	0
SRR12653713	Klebsiella pneumoniae	ST192	-	-	-	-	-	-	-	1	0
SRR12653715	Klebsiella pneumoniae	ST192	-	-	-	-	-	-	-	1	0
SRR12653727	Klebsiella pneumoniae	ST4090	-	-	-	-	-	-	-	0	0
SRR12653732	Klebsiella pneumoniae	ST200	-	-	-	-	-	-	-	0	0
SRR12653737	Klebsiella pneumoniae	ST1758	-	-	-	-	-	-	-	0	0
SRR12653739	Klebsiella pneumoniae	ST1728	-	-	-	-	-	-	-	0	0
SRR12653741	Klebsiella pneumoniae	ST306	-	-	-	-	-	-	-	0	0
SRR12653758	Klebsiella pneumoniae	ST632	-	-	-	-	-	-	-	0	0
SRR12653764	Klebsiella pneumoniae	ST611	-	-	-	-	-	-	-	0	0
SRR12707162	Klebsiella variicola subsp. variicola	ST1980	-	-	KPC-3	ant(2'')-Ia	qnrA1	-	sul1;sul1	0	2
SRR12707171	Klebsiella pneumoniae	ST788	-	-	KPC-3	strA.v1;strB.v1	-	-	-	0	2
SRR12707231	Klebsiella variicola subsp. variicola	ST1980	OXA-9.v1;TEM-1D.v1^	SHV-7^	KPC-3	aac(6')-Ib'.v1*;aadA*;ant(2'')-Ia	qnrA1	-	sul1;sul1	0	2
SRR12761593	Klebsiella variicola subsp. variicola	ST250	-	-	-	-	-	-	-	0	0
SRR12763993	Klebsiella pneumoniae	ST629	OXA-9.v1;TEM-1D.v1^	-	-	aac(6')-Ib'.v1*;aadA*;ant(2'')-Ia	qnrA1	-	sul1;sul1	0	0
SRR12763996	Klebsiella pneumoniae	ST37	TEM-1D.v1^	CTX-M-15	-	aac(6')-Ib-cr.v2;aadA16*	qnrB6^	tet(A).v1	sul1;sul1	0	1
SRR12764012	Klebsiella pneumoniae	ST405	OXA-1;TEM-1D.v1^	CTX-M-15	-	aac(6')-Ib-cr.v2;strA.v1^;strB.v1	qnrB1.v2^	-	sul2	1	1
SRR12764041	Klebsiella pneumoniae	ST2623	-	-	-	-	-	-	-	0	0
SRR12783033	Klebsiella pneumoniae	ST218	OXA-1;TEM-1D.v1^	CTX-M-15	OXA-244	aac(6')-Ib-cr.v2;strA.v1^;strB.v1	qnrB1.v2^	tet(A).v1	sul2	4	2
SRR12783042	Klebsiella pneumoniae	ST218	OXA-1;TEM-1D.v1^	CTX-M-15	OXA-244	aac(6')-Ib-cr.v2;strA.v1^;strB.v1	qnrB1.v2^	tet(A).v1	sul2	4	2
SRR12783044	Klebsiella pneumoniae	ST218-1LV	OXA-1;TEM-1D.v1^	CTX-M-15	OXA-244	aac(6')-Ib-cr.v2;strA.v1^;strB.v1	qnrB1.v2^	tet(A).v1	sul2	4	2
SRR12795826	Klebsiella pneumoniae	ST943	-	-	-	-	-	-	-	0	0
SRR12898951	Klebsiella pneumoniae	ST399-1LV	TEM-1D.v1^	CTX-M-15	NDM-1	aac(3)-IIa.v1^	qnrB1.v1	-	-	0	2
SRR12898968	Klebsiella pneumoniae	ST73	TEM-1	CTX-M-15	NDM-5	aac(6')-Ib'.v1;aadA*;aph(3')-VI	qnrS1	-	-	1	2
SRR12902487	Klebsiella pneumoniae	ST258-1LV	TEM-104*?	-	KPC-2	aac(6')-Ib'.v1;aadA2^	-	-	sul1	0	2
SRR12902517	Klebsiella pneumoniae	ST258	OXA-9.v1;TEM-1D.v1^	-	KPC-3	aac(3)-IV;aph(4)-Ia;strA.v1^;strB.v1	-	-	sul1;sul2;sul3	0	2
SRR12902594	Klebsiella pneumoniae	ST273-1LV	OXA-9.v1;TEM-1D.v1^	-	KPC-3	aac(3)-IId^;aac(6')-Ib'.v1;aadA*	qnrS1	-	-	1	2
SRR12902598	Klebsiella pneumoniae	ST48-1LV	TEM-1D.v1^	-	KPC-3	-	qnrS1	tet(D)	-	2	2
SRR12902600	Klebsiella pneumoniae	ST273-1LV	OXA-9.v1;TEM-1D.v1^	-	KPC-3	aac(3)-IId^;aac(6')-Ib'.v1;aadA*	qnrS1	-	-	1	2
SRR12902690	Klebsiella pneumoniae	ST299-1LV	TEM-1D.v1^	-	KPC-2;VIM-4	aac(6')-Ib7*	qnrA1	-	sul1;sul1	2	2
SRR12902738	Klebsiella pneumoniae	ST392	TEM-1D.v1^	CTX-M-15	-	strA.v1^;strB.v1	qnrB1.v2^	-	sul2	1	1
SRR12902743	Klebsiella pneumoniae	ST105	-	-	-	-	-	-	-	0	0
SRR12903830	Klebsiella quasipneumoniae subsp. quasipneumoniae	ST3537	-	-	NDM-5	-	-	-	-	0	2
SRR12903841	Klebsiella quasipneumoniae subsp. quasipneumoniae	ST3537	-	-	NDM-5	-	-	-	-	0	2
SRR12921199	Klebsiella pneumoniae	ST147	TEM-1D.v1^	CTX-M-15	-	aac(3)-IId^	qnrB1.v1	-	sul1	0	1
SRR12921210	Klebsiella pneumoniae	ST2108	OXA-1;TEM-1D.v1^	CTX-M-15	-	aac(3)-IIa.v1^;aac(6')-Ib-cr.v2;strA.v1^;strB.v1	qnrB1.v2^	tet(A).v1	sul2	1	1
SRR12956287	Klebsiella pneumoniae	ST16	OXA-1;OXA-9.v1;TEM-1D.v1^	SHV-12	KPC-3	aac(3)-IId^;aac(6')-Ib'.v1;aadA*;aadA5;strA.v1^;strB.v1	-	tet(A).v1	sul1;sul2	5	2
SRR12956299	Klebsiella pneumoniae	ST327	OXA-10	-	-	aadA*	qnrB4	-	sul1;sul2	1	0
SRR12956355	Klebsiella pneumoniae	ST327	OXA-10	SHV-12	KPC-3	aadA*	qnrB4	-	sul1;sul2	1	3
SRR12956356	Klebsiella pneumoniae	ST327	OXA-10	-	KPC-3	aadA*	qnrB4	-	sul1;sul2	1	3
SRR12956363	Klebsiella pneumoniae	ST13	OXA-9.v1;TEM-1D.v1^	-	KPC-3	aac(6')-Ib'.v1;aadA*;strA.v1^;strB.v1	-	-	sul2	2	2
SRR12956411	Klebsiella pneumoniae	ST13	OXA-9.v1	-	KPC-3	aac(6')-Ib'.v1;aadA*	-	-	sul2	2	2
SRR12956461	Klebsiella pneumoniae	ST13-1LV	OXA-9.v1	-	KPC-3	aac(6')-Ib'.v1;aadA*	-	-	sul2	2	2
SRR12956482	Klebsiella pneumoniae	ST13	OXA-9.v1;TEM-1D.v1^	-	KPC-3	aac(6')-Ib'.v1;aadA*;strA.v1^;strB.v1	-	-	sul2	2	2
SRR12956503	Klebsiella pneumoniae	ST874	OXA-9.v1;TEM-1D.v1^	CTX-M-15	KPC-3	aac(6')-Ib'.v1;aph3-Ia.v1^;strA.v1^;strB.v1	-	-	sul1;sul2	0	2
SRR12956567	Klebsiella pneumoniae	ST327	OXA-10;TEM-1D.v1^	SHV-12	KPC-3	aac(3)-IV*;aph(4)-Ia*;strA.v1^;strB.v1	qnrB4	-	sul1;sul2;sul3	1	3
SRR12956582	Klebsiella pneumoniae	ST14	TEM-1D.v1^	-	KPC-3	aac(6')-Ib'.v1;aadA*;strA.v1^;strB.v1	-	-	sul2	1	2
SRR12956584	Klebsiella pneumoniae	ST13-1LV	OXA-9.v1	-	KPC-3	aac(6')-Ib'.v1;aadA*	-	-	sul2	2	2
SRR12956610	Klebsiella pneumoniae	ST327	OXA-10	SHV-12	-	aadA*	qnrB4	-	sul1;sul2	1	1
SRR12956689	Klebsiella pneumoniae	ST13-1LV	OXA-9.v1	-	KPC-3	aac(6')-Ib'.v1;aadA*	-	-	sul2	2	2
SRR12998294	Klebsiella variicola subsp. variicola	ST347	OXA-1;TEM-1D.v1^	CTX-M-15	-	aac(6')-Ib-cr.v2;strA.v1^;strB.v1	qnrB1.v2^	tet(A).v1	sul2	0	1
SRR12998301	Klebsiella variicola subsp. variicola	ST347	OXA-1;TEM-1D.v1^	CTX-M-15	-	aac(6')-Ib-cr.v2;strA.v1^;strB.v1	qnrB1.v2^	tet(A).v1	sul2	0	1
SRR12998327	Klebsiella variicola subsp. variicola	ST347	OXA-1;TEM-1D.v1^	CTX-M-15	-	aac(6')-Ib-cr.v2;strA.v1^;strB.v1	qnrB1.v2^	tet(A).v1	sul2	0	1
SRR13057512	Klebsiella pneumoniae	ST231	TEM-1D.v1^	CTX-M-15	OXA-232	aac(6')-Ib;aadA2^	qnrS1	-	sul1	4	2
SRR13065936	Klebsiella pneumoniae	ST66	-	-	-	-	-	-	-	5	0
SRR13077250	Klebsiella pneumoniae	ST76	DHA-1;OXA-1	-	-	aac(6')-Ib-cr.v2^;aadA2^	qnrB1.v2^;qnrB4	tet(D)	sul1;sul2	0	0
SRR13077298	Klebsiella quasipneumoniae subsp. similipneumoniae	ST1490	DHA-1	CTX-M-9	-	aadA5	qnrB4	-	sul1	0	1
SRR13077312	Klebsiella pneumoniae	ST1449	-	-	NDM-1	-	-	-	-	0	2
SRR13077370	Klebsiella pneumoniae	ST661	DHA-1	-	-	aadA2^;aadA^;aph3-Ia.v1^	qnrB4	-	sul1;sul3	0	0
SRR13077385	Klebsiella pneumoniae	ST3627	DHA-1;OXA-1	CTX-M-15	-	aac(6')-Ib-cr.v2;aadA2^	qnrB4	tet(A).v1	sul1;sul1	1	1
SRR13077437	Klebsiella quasipneumoniae subsp. similipneumoniae	ST4226-3LV	OXA-1	-	NDM-1;OXA-48	aac(6')-Ib;rmtF^	qnrS2	-	-	0	2
SRR13077456	Klebsiella pneumoniae	ST273	DHA-1;LAP-2;OXA-1	-	-	aph3-Ia.v1^;strA.v1;strB.v1	qnrB4;qnrS1	-	sul1;sul1;sul2	0	0
SRR13081098	Klebsiella pneumoniae	ST219	-	CTX-M-15	NDM-1	aadA2^;aph(3')-VI;aph3-Ia.v1^;strA.v1*;strB.v1*	qnrS1	-	sul1;sul2	0	2
SRR13081101	Klebsiella pneumoniae	ST219	-	CTX-M-15	NDM-1	aadA2^;aph(3')-VI;aph3-Ia.v1^;strA.v1*;strB.v1*	qnrS1	-	sul1;sul2	0	2
SRR13081113	Klebsiella pneumoniae	ST35	TEM-1D.v1^	CTX-M-15	NDM-5	aadA2^;rmtB	-	-	sul1	1	2
SRR13085638	Klebsiella pneumoniae	ST258	OXA-9.v1;TEM-1D.v1^	-	KPC-3	aac(6')-Ib'.v1;aadA*;strA.v1^;strB.v1	-	-	sul2	2	2
SRR13085689	Klebsiella pneumoniae	ST258	OXA-9.v1	-	-	aac(6')-Ib'.v1*;aadA*;aadA2^;strA.v1^;strB.v1^	-	-	sul1;sul2	2	0
SRR13085690	Klebsiella pneumoniae	ST258	-	SHV-12	-	aac(6')-Ib'.v1;aph3-Ia.v1^	-	-	sul1	0	1
SRR13087647	Klebsiella pneumoniae	ST3359	OXA-9.v1;TEM-1D.v1^	-	KPC-3	aac(6')-Ib'.v1;strA.v1^;strB.v1	-	-	sul1;sul2	0	3
SRR13087648	Klebsiella pneumoniae	ST258-1LV	OXA-9.v1;TEM-1D.v1^	-	KPC-3	aac(6')-Ib'.v1*;aadA*;strA.v1^;strB.v1	-	-	sul2	2	2
SRR13087653	Klebsiella pneumoniae	ST2096	OXA-1;TEM-1D.v1^	CTX-M-15	OXA-232	aac(6')-Ib-cr.v2;aadA2^;armA*;sat-2	-	tet(D)	sul1	4	2
SRR13088640	Klebsiella pneumoniae	ST147-1LV	OXA-1;OXA-9.v1;TEM-1D.v1^	CTX-M-15	NDM-1	aac(6')-Ib'.v1;aac(6')-Ib-cr.v2;aadA*;aph(3')-VI	qnrS1	-	sul1	1	2
SRR13118766	Klebsiella pneumoniae	ST219	TEM-1	CTX-M-15^	NDM-1	aac(6')-Ib'.v1;aadA*;aadA2^;aph(3')-VI;aph3-Ia.v1^;strA.v1*;strB.v1*	qnrS1	-	sul1;sul2	1	2
SRR13119854	Klebsiella pneumoniae	ST258	TEM-1D.v1^	-	KPC-3	aac(6')-Ib'.v1;aadA5;strA.v1^;strB.v1*	-	tet(A).v1	sul1;sul2	0	2
SRR13119955	Klebsiella pneumoniae	ST134	CARB-2.v1^;FOX-5;OXA-9.v1;TEM-1D.v1^	-	KPC-3	aac(6')-Ib'.v1*;aadA*;aadA2	qnrA1	-	sul1;sul1	0	2
SRR13119965	Klebsiella pneumoniae	ST134	CARB-2.v1^;OXA-9.v1;TEM-1D.v1^	-	KPC-3	aac(6')-Ib'.v1*;aadA*;aadA2	qnrA1	-	sul1;sul1	0	2
SRR13119970	Klebsiella pneumoniae	ST134	CARB-2.v1^;FOX-5;OXA-9.v1;TEM-1D.v1^	-	KPC-3	aac(6')-Ib'.v1*;aadA*;aadA2	-	-	sul1	0	2
SRR13119973	Klebsiella pneumoniae	ST134	CARB-2.v1^;FOX-5;OXA-9.v1;TEM-1D.v1^	-	KPC-3	aac(6')-Ib'.v1*;aadA*;aadA2	qnrA1	-	sul1;sul1	0	2
SRR13119982	Klebsiella pneumoniae	ST134	CARB-2.v1^;FOX-5;OXA-9.v1;TEM-1D.v1^	-	KPC-3	aac(6')-Ib'.v1*;aadA*;aadA2	-	-	sul1	0	2
SRR13119984	Klebsiella pneumoniae	ST134	CARB-2.v1^;FOX-5;OXA-9.v1;TEM-1D.v1^	-	KPC-3	aac(6')-Ib'.v1*;aadA*;aadA2	qnrA1	-	sul1;sul1	0	2
SRR13129370	Klebsiella pneumoniae	ST3359	OXA-9.v1;TEM-1D.v1^	-	KPC-3	aac(6')-Ib'.v1*;strA.v1^;strB.v1	-	-	sul1;sul2	0	2
SRR13130470	Klebsiella pneumoniae	ST3359	OXA-9.v1;TEM-1D.v1^	-	KPC-3	aac(6')-Ib'.v1*;aadA2^;strA.v1^;strB.v1	-	-	sul1;sul2	2	3
SRR13130547	Klebsiella pneumoniae	ST1481	OXA-10	SHV-12	KPC-2	aac(6')-IIc;aac(6')-Ib'.v1?;aadA*;aadA2	qnrB4	-	sul1;sul2	0	2
SRR13130552	Klebsiella pneumoniae	ST1481	OXA-10	SHV-12	KPC-2	aac(6')-IIc;aac(6')-Ib'.v1?;aadA2	qnrB4	-	sul1;sul2	0	2
SRR13130557	Klebsiella pneumoniae	ST45	-	-	KPC-3	-	-	tet(D)	sul1	1	2
SRR13156868	Klebsiella pneumoniae	ST163	-	-	KPC-3	-	qnrS1	-	-	0	2
SRR13156872	Klebsiella pneumoniae	ST17	OXA-9.v1;TEM-1D.v1^	-	KPC-3	aac(3)-IIa.v1^;aac(6')-Ib'.v1*;aadA*;aadA2^;strA.v1^;strB.v1	qnrB2.v1^	-	sul1;sul1;sul2	1	2
SRR13158538	Klebsiella pneumoniae	ST252	-	-	-	-	-	-	-	0	0
SRR13158549	Klebsiella pneumoniae	ST3392-1LV	TEM-1D.v1^	CTX-M-15	NDM-1;OXA-232	aac(6')-Ib;aadA*;aph3-Ia.v1^;armA;rmtF;sat-2	qnrS1	tet(A).v1	sul1	4	2
SRR13181752	Klebsiella pneumoniae	ST133	-	SHV-12	KPC-3	aac(6')-IIc*;aadA2^	qnrB4	-	sul1;sul2	0	2
SRR13181755	Klebsiella pneumoniae	ST659	TEM-1D.v1^	-	KPC-2	-	-	-	-	0	2
SRR13181873	Klebsiella pneumoniae	ST1923	-	-	-	-	-	-	-	0	0
SRR13182850	Klebsiella pneumoniae	ST45	OXA-9.v1	-	KPC-3	aac(6')-Ib'.v1*;aadA*	-	tet(D)	-	1	2
SRR13182946	Klebsiella pneumoniae	ST983	OXA-1	CTX-M-15	NDM-5	aac(3)-IIa.v1^;aac(6')-Ib'.v1;aadA*;aph(3')-VI;strA.v1^;strB.v1	qnrB1.v2^;qnrS1	-	sul2	3	2
SRR13227854	Klebsiella pneumoniae	ST587	-	-	-	-	-	-	-	0	0
SRR13227871	Klebsiella pneumoniae	ST587	-	-	-	-	-	-	-	0	0
SRR13227877	Klebsiella pneumoniae	ST587	-	-	-	-	-	-	-	0	0
SRR13227923	Klebsiella pneumoniae	ST983	OXA-1;TEM-1D.v1^	CTX-M-15	-	aac(6')-Ib-cr.v2;strA.v1^;strB.v1	qnrB1.v2^	tet(A).v1	sul2	0	1
SRR13227930	Klebsiella pneumoniae	ST327	-	-	-	-	-	-	-	0	0
SRR13228272	Klebsiella pneumoniae	ST950-1LV	-	-	-	-	-	-	-	0	0
SRR13228296	Klebsiella pneumoniae	ST1102	-	-	-	-	-	-	-	0	0
SRR13237631	Klebsiella pneumoniae	ST11	LAP-2;TEM-1D.v1^	CTX-M-15	NDM-1	aac(6')-Ib'.v1;aadA*;armA	qnrS1	tet(A).v1	sul1*	4	2
SRR13246645	Klebsiella pneumoniae	ST397	-	CTX-M-15	NDM-1	rmtB^	qnrS1	-	-	0	2
SRR13246761	Klebsiella pneumoniae	ST3003	-	-	NDM-5	-	-	-	-	0	2
SRR13254197	Klebsiella pneumoniae	ST23	TEM-1D.v1^	CTX-M-3	-	-	-	-	-	5	1
SRR13301954	Klebsiella pneumoniae	ST881	LAP-2	CTX-M-14	-	aac(3)-IId^;strA.v1^;strB.v1	qnrS1	tet(A).v1;tet(D)*	sul1;sul2	0	1
SRR13302145	Klebsiella pneumoniae	ST37	TEM-1D.v1^	CTX-M-15;SHV-12	NDM-1	aac(3)-IIa.v1^;aac(6')-Ian;strB.v1	qnrB1.v2^	-	sul2	0	2
SRR13338362	Klebsiella pneumoniae	ST337	-	SHV-12	KPC-2	-	-	-	-	0	2
SRR13355054	Klebsiella variicola subsp. variicola	ST360-3LV	TEM-1D.v1^	CTX-M-14	NDM-1	aac(3)-IId^;aadA16*;strA.v1^;strB.v1^	qnrB6^	tet(D)	sul1;sul2*	0	2
SRR13356568	Klebsiella pneumoniae	ST11-1LV	DHA-1	-	-	aadA2	qnrB4	-	sul1;sul1	1	0
SRR13356582	Klebsiella pneumoniae	ST11-1LV	DHA-1;OXA-1	-	-	aac(6')-Ib-cr.v2^;aadA2	qnrB4	tet(A).v1	sul1;sul1	1	0
SRR13356594	Klebsiella pneumoniae	ST48	-	CTX-M-15	OXA-48	strA.v1^;strB.v1	qnrB1.v2^	-	sul1;sul2	1	2
SRR13356629	Klebsiella pneumoniae	ST147	DHA-1;LAP-2;OXA-1	-	-	aac(3)-IId^;aac(6')-Ib-cr.v2^;aph3-Ia.v1^;strA.v1*;strB.v1*	qnrB4;qnrS1	tet(D)	sul1;sul2	0	0
SRR13356644	Klebsiella pneumoniae	ST15	TEM-1D.v1^	-	-	aac(3)-IId^;aac(6')-Ib-cr.v2;aadA16*;strA.v1*;strB.v1*	qnrB6^	tet(D)	sul1;sul1;sul2	0	0
SRR13358226	Klebsiella variicola subsp. variicola	ST3523	-	CTX-M-14	-	-	-	-	-	0	1
SRR13429542	Klebsiella pneumoniae	ST219	-	CTX-M-15	NDM-1	aadA2^;aph(3')-VI;aph3-Ia.v1^;strA.v1*;strB.v1*	qnrS1	-	sul1;sul2	0	2
SRR13429558	Klebsiella pneumoniae	ST219	-	CTX-M-15	NDM-1	aadA2^;aph(3')-VI;aph3-Ia.v1^;strA.v1*;strB.v1*	qnrS1	-	sul1;sul2	0	2
SRR13435332	Klebsiella pneumoniae	ST2249	-	CTX-M-24	-	aac(6')-Ib-cr.v2;aadA16*	-	tet(A).v2	sul1;sul1	0	1
SRR13447672	Klebsiella pneumoniae	ST1537	-	-	-	-	-	-	-	0	0
SRR13563379	Klebsiella pneumoniae	ST219	-	CTX-M-15	NDM-1	aadA2^;aph(3')-VI;aph3-Ia.v1^;strA.v1*;strB.v1*	qnrS1	-	sul1;sul2	0	2
SRR13668390	Klebsiella pneumoniae	ST392-1LV	OXA-1	CTX-M-15	-	aac(3)-IIa.v1^;aac(6')-Ib-cr.v2	qnrB1.v2^	tet(A).v1	-	0	1
SRR13673924	Klebsiella pneumoniae	ST437	OXA-1;TEM-105*	CTX-M-15	-	aac(6')-Ib-cr.v2;aph3-Ia.v1^	-	tet(D)	sul1	0	1
SRR13673930	Klebsiella pneumoniae	ST3072	TEM-1D.v1^	CTX-M-3	-	aph3-Ia.v1^;strA.v1^;strB.v1	qnrS1	tet(D)	sul1;sul2*	0	1
SRR13673935	Klebsiella pneumoniae	ST437	OXA-1;TEM-1D.v1^	CTX-M-15	-	aac(6')-Ib-cr.v2;aph3-Ia.v1^	-	tet(D)	sul1	0	1
SRR13673945	Klebsiella pneumoniae	ST872	-	-	-	-	-	-	-	0	0
SRR13673947	Klebsiella pneumoniae	ST437	OXA-1;TEM-1D.v1^	CTX-M-15	-	aac(6')-Ib-cr.v2;aph3-Ia.v1^	-	tet(D)	sul1	0	1
SRR13673948	Klebsiella pneumoniae	ST711	OXA-1;TEM-1D.v1^	CTX-M-15	-	aac(3)-IIa.v1^;aac(6')-Ib-cr.v2;strA.v1^;strB.v1	qnrB1.v2^	tet(A).v1	sul2	1	1
SRR13674231	Klebsiella pneumoniae	ST37	-	-	-	-	-	-	-	0	0
SRR13708364	Klebsiella pneumoniae	ST4296	-	-	OXA-181	-	qnrS1	-	-	0	2
SRR13823673	Klebsiella pneumoniae	ST405-3LV	OXA-1;TEM-1D.v1^	CTX-M-15	-	aac(3)-IIa.v1^;aac(6')-Ib-cr.v2;aph3-Ia.v1^;strA.v1^;strB.v1	qnrB1.v2^	-	sul2	0	1
SRR13825424	Klebsiella pneumoniae	ST307	OXA-1;TEM-1D.v1^	CTX-M-15	-	aac(3)-IIa.v1^;aac(6')-Ib-cr.v2;strA.v1^;strB.v1	qnrB1.v2^;qnrS1	tet(A).v1	-	0	1
SRR13825476	Klebsiella pneumoniae	ST323	OXA-1;TEM-1D.v1^	CTX-M-15	-	aac(6')-Ib-cr.v2;strA.v1^;strB.v1	qnrB1.v2^	tet(A).v1	sul2	0	1
SRR13870321	Klebsiella pneumoniae	ST3623	-	-	-	-	-	tet(A).v1*	-	0	0
SRR13870915	Klebsiella pneumoniae	ST1661	TEM-1D.v1^	CTX-M-14	-	aac(3)-IId^;strB.v1	qnrS1	tet(A).v1	sul2	3	1
SRR13873168	Klebsiella pneumoniae	ST12	-	CTX-M-15	KPC-2	strA.v1^;strB.v1	qnrB1.v2^	-	sul2	0	2
SRR13873174	Klebsiella quasipneumoniae subsp. similipneumoniae	ST477	OXA-1;TEM-1D.v1^	SHV-5^	KPC-2	aac(6')-Ib-cr.v2	qnrB7^	-	-	0	2
SRR13873240	Klebsiella pneumoniae	ST340	TEM-1D.v1^	CTX-M-55	-	aadA2^;strA.v1*;strB.v1*	qnrS1	tet(A).v1*	sul1;sul2	0	1
SRR13873244	Klebsiella pneumoniae	ST234	TEM-1D.v1^	-	KPC-2	-	-	-	-	0	2
SRR13873318	Klebsiella pneumoniae	ST281	TEM-1D.v1^	CTX-M-15	KPC-2	strA.v1^;strB.v1	-	-	sul2	0	2
SRR13873335	Klebsiella pneumoniae	ST12	OXA-1	CTX-M-15	KPC-2	aac(3)-IIa.v1^;aac(6')-Ib-cr.v2;strA.v1^;strB.v1	qnrB1.v2^	tet(A).v1	sul2	0	2
SRR13873369	Klebsiella pneumoniae	ST17	TEM-1D.v1^	-	KPC-2	strB.v1	qnrB1.v2^	tet(D)	sul2	1	2
SRR13873375	Klebsiella quasipneumoniae subsp. similipneumoniae	ST736	-	CTX-M-3	KPC-2	aac(6')-Ib-cr.v2;aadA16*;aadA2	qnrB6^	tet(A).v1	sul1^;sul1^	0	2
SRR13873381	Klebsiella pneumoniae	ST502-2LV	OXA-1	CTX-M-15	KPC-2	aac(6')-Ib-cr.v2;strA.v1^;strB.v1	qnrB1.v2^	tet(A).v1*	sul2	0	2
SRR13873393	Klebsiella quasipneumoniae subsp. similipneumoniae	ST1136-1LV	TEM-1D.v1^	-	KPC-2	-	-	-	-	0	2
SRR13873394	Klebsiella quasipneumoniae subsp. similipneumoniae	ST477	OXA-1;TEM-1D.v1^	-	KPC-2	aac(6')-Ib-cr.v2	-	-	-	0	2
SRR13873401	Klebsiella pneumoniae	ST4423	OXA-1;TEM-1D.v1^	CTX-M-15	OXA-48	aac(6')-Ib-cr.v2;strA.v1^;strB.v1	qnrB1.v2^	tet(A).v1	sul2	0	2
SRR13873405	Klebsiella pneumoniae	ST15	LAP-2	CTX-M-14	NDM-4	aac(3)-IId^;aac(6')-Ib'.v1;aadA*	qnrS1	-	-	1	2
SRR13873408	Klebsiella quasipneumoniae subsp. similipneumoniae	ST477	OXA-1;TEM-1D.v1^	-	KPC-2	aac(6')-Ib-cr.v2	-	-	-	0	2
SRR13873415	Klebsiella pneumoniae	ST12	OXA-1	CTX-M-15	KPC-2	aac(3)-IIa.v1^;aac(6')-Ib-cr.v2;strA.v1^;strB.v1	qnrB1.v2^	tet(A).v1	sul2	0	2
SRR13893451	Klebsiella pneumoniae	ST1639-1LV	CMY-2.v2;LAP-2;TEM-1D.v1^	CTX-M-14	-	aac(3)-IId^;strA.v1^;strB.v1	qnrS1	tet(A).v1	sul1;sul2	0	1
SRR13893523	Klebsiella pneumoniae	ST30	TEM-1D.v1^	-	KPC-3	-	qnrS1	-	-	0	2
SRR13893529	Klebsiella pneumoniae	ST1440	TEM-1D.v1^	-	KPC-3	aadA16*	qnrS1	-	sul1	0	2
SRR14018333	Klebsiella quasipneumoniae subsp. quasipneumoniae	ST2787	OXA-9.v1;TEM-1D.v1^	-	KPC-2	aac(6')-Ib'.v1*;aadA*	-	-	-	0	2
SRR14084003	Klebsiella pneumoniae	ST1426	OXA-9.v1;TEM-1D.v1^	-	KPC-3	aac(3)-IIa.v1^;aac(6')-Ib'.v1;aadA*;strA.v1^;strB.v1	qnrB1.v2^	tet(A).v1	sul2	0	2
SRR14085672	Klebsiella pneumoniae	ST268	TEM-1D.v1^	CTX-M-3	KPC-2	aac(6')-Ib-cr.v2;aadA16*;aadA^;aph3-Ia.v1;armA*	qnrS1	tet(A).v2	sul1	5	2
SRR14131172	Klebsiella pneumoniae	ST551	OXA-1;TEM-1D.v1^	CTX-M-15	-	aac(3)-IIa.v1^;aac(6')-Ib-cr.v2;strA.v1^;strB.v1	qnrB1.v2^	tet(A).v1	sul2	0	1
SRR14131355	Klebsiella pneumoniae	ST219	-	CTX-M-15	NDM-1	aadA2^;aph(3')-VI;aph3-Ia.v1^;strA.v1*;strB.v1*	qnrS1	-	sul1;sul2	0	2
SRR14194271	Klebsiella variicola subsp. variicola	ST250	-	-	-	-	-	-	-	0	0
SRR14197423	Klebsiella pneumoniae	ST219	-	CTX-M-15	NDM-1	aadA2^;aph(3')-VI;aph3-Ia.v1^;strA.v1*;strB.v1*	qnrS1	-	sul1;sul2	0	2
SRR14197427	Klebsiella pneumoniae	ST219	-	CTX-M-15	NDM-1	aadA2^;aph(3')-VI;strA.v1*;strB.v1*	qnrS1	-	sul1;sul2	0	2
SRR14197429	Klebsiella pneumoniae	ST219	-	CTX-M-15	NDM-1	aadA2^;aph(3')-VI;aph3-Ia.v1^;strA.v1*;strB.v1*	qnrS1	-	sul1;sul2	0	2
SRR14319625	Klebsiella quasipneumoniae subsp. similipneumoniae	ST2689-2LV	-	SHV-30	KPC-3	aadA2^	qnrB2.v1^	-	sul1;sul1	0	2
SRR14338899	Klebsiella pneumoniae	ST39	OXA-1;OXA-10;TEM-1D.v1^	CTX-M-15	KPC-2;NDM-1;OXA-48	aac(3)-IIa.v1^;aac(6')-Ib-cr.v2;aadA2^;ant(2'')-Ia;armA	qnrS1	-	sul1	4	2
SRR14402344	Klebsiella pneumoniae	ST15-2LV	OXA-1;OXA-9.v1;TEM-1D.v1^	-	-	aac(6')-Ib-cr.v2;aadA*;strA.v1^;strB.v1*	-	-	sul2	2	0
SRR14402371	Klebsiella pneumoniae	ST258-1LV	-	-	KPC-3	aac(6')-Ib'.v1;strA.v1^;strB.v1	qnrB1.v2^	tet(A).v1	sul2	0	2
SRR14402387	Klebsiella variicola subsp. variicola	ST3206-1LV	OXA-9.v1;TEM-1D.v1^	-	KPC-3	aac(6')-Ib'.v1;aadA*;strA.v1^;strB.v1	-	-	sul2	0	2
SRR14402397	Klebsiella pneumoniae	ST37-1LV	OXA-1;OXA-10	CTX-M-55	KPC-2	aac(3)-IIa.v1^;aac(6')-Ib-cr.v2^;aadA*;aph3-Ia.v1^	qnrS1	-	sul1;sul2	0	2
SRR14402404	Klebsiella pneumoniae	ST13	-	-	KPC-3	strA.v1^;strB.v1	-	-	sul2	2	2
SRR14402478	Klebsiella pneumoniae	ST258	OXA-9.v1	-	KPC-3	aac(3)-IId^;aadA*;aadA5;strA.v1^	-	tet(A).v1	sul1;sul2	2	2
SRR14402482	Klebsiella pneumoniae	ST874	OXA-1;TEM-1D.v1^	CTX-M-15	KPC-3	aac(6')-Ib-cr.v2;aadA5;aadA^;aph3-Ia.v1^	-	-	-	0	2
SRR14402531	Klebsiella pneumoniae	ST37-1LV	OXA-1;OXA-10	CTX-M-55	KPC-2	aac(3)-IIa.v1^;aac(6')-Ib-cr.v2^;aadA*	qnrS1	-	sul1;sul2	0	2
SRR14402547	Klebsiella pneumoniae	ST874	OXA-9.v1;TEM-1D.v1^	CTX-M-15	KPC-3	aac(6')-Ib'.v1;aadA*;strA.v1^;strB.v1	-	-	sul2	0	2
SRR14402603	Klebsiella pneumoniae	ST2603	-	-	KPC-2*	-	-	-	-	0	2
SRR14402620	Klebsiella pneumoniae	ST268	-	-	KPC-3	aac(6')-Ib'.v1?;strA.v1;strB.v1	-	tet(B).v2*	-	1	2
SRR14402624	Klebsiella pneumoniae	ST147	-	-	NDM-1	aac(3)-IId^;aadA2^;aph(3')-VI;armA	-	-	sul1	0	2
SRR14449320	Klebsiella pneumoniae	ST340	TEM-1D.v1^	-	KPC-3	aac(3)-IV;aadA2^;aph(4)-Ia	-	-	sul1	0	2
SRR14449361	Klebsiella pneumoniae	ST258	OXA-9.v1	-	KPC-3	aac(6')-Ib'.v1;aadA*;strA.v1^;strB.v1	-	-	sul2	2	2
SRR14449366	Klebsiella pneumoniae	ST11	LAP-2;TEM-1D.v1^	CTX-M-65	-	aadA2;rmtB	qnrS1	tet(A).v1	sul2	4	1
SRR14449458	Klebsiella pneumoniae	ST258-1LV	-	-	KPC-2	aac(6')-Ib'.v1;aadA2^;aph3-Ia.v1*?	-	-	sul1	0	2
SRR14449491	Klebsiella pneumoniae	ST592	-	-	OXA-181	-	qnrS1	-	-	3	2
SRR14449511	Klebsiella pneumoniae	ST11-1LV	LAP-2;TEM-1D.v1^	CTX-M-65	KPC-2	rmtB	qnrS1	tet(A).v1	sul2	4	2
SRR14449513	Klebsiella pneumoniae	ST392	OXA-1;TEM-1D.v1^	CTX-M-15	-	aac(6')-Ib-cr.v2;strA.v1^;strB.v1	-	-	sul2	0	1
SRR14449563	Klebsiella pneumoniae	ST15	LAP-2;OXA-1;TEM-1D.v1^	CTX-M-15^	KPC-2	aac(3)-IId^;aac(6')-Ib-cr.v2	qnrS1	tet(A).v1	sul2	1	2
SRR14449566	Klebsiella pneumoniae	ST11	LAP-2;TEM-1D.v1^	-	KPC-2	aac(3)-IId^;aadA2;rmtB;strA.v1^;strB.v1	qnrS1	tet(A).v1	sul2	1	2
SRR14449572	Klebsiella pneumoniae	ST15	LAP-2;OXA-1;TEM-1D.v1^	CTX-M-15^	KPC-2	aac(3)-IId^;aac(6')-Ib-cr.v2	qnrS1	tet(A).v1	sul2	1	2
SRR14449582	Klebsiella pneumoniae	ST1412	TEM-1D.v1^	-	NDM-1	aac(3)-IId^;armA	-	-	sul1	1	2
SRR14449614	Klebsiella pneumoniae	ST1691	OXA-9.v1;TEM-1D.v1^	-	KPC-3	aac(6')-Ib'.v1*;aadA*	-	-	-	0	2
SRR14449652	Klebsiella pneumoniae	ST15	OXA-1;TEM-1D.v1^	CTX-M-15^	-	aac(3)-IId^;aac(6')-Ib-cr.v2	-	tet(A).v1	-	1	1
SRR14449695	Klebsiella pneumoniae	ST560	-	CTX-M-15	KPC-2	aac(3)-IIa.v1^;aac(6')-Ib-cr.v2	qnrB1.v2^	tet(A).v1	-	0	2
SRR14449787	Klebsiella pneumoniae	ST15	LAP-2;OXA-1;TEM-1D.v1^	CTX-M-15^	KPC-2	aac(3)-IId^;aac(6')-Ib-cr.v2	qnrS1	tet(A).v1	sul2	1	2
SRR14449803	Klebsiella pneumoniae	ST3410	-	CTX-M-55	-	aac(3)-IId^;aac(6')-Ib-cr.v2^;aph3-Ia.v1^;rmtB	-	tet(D)	sul1	0	1
SRR14449819	Klebsiella pneumoniae	ST11	TEM-1D.v1^	CTX-M-15	-	aac(3)-IId^;aac(6')-Ib-cr.v2;aadA5	-	-	sul1	1	1
SRR14449836	Klebsiella pneumoniae	ST25-1LV	OXA-1;OXA-10;TEM-1D.v1^	CTX-M-15;CTX-M-2	-	aac(3)-IIa.v1^;aac(6')-Ib-cr.v2;aadA*;strA.v1^;strB.v1	qnrB1.v2^;qnrB19^	tet(A).v1	sul1;sul2	1	1
SRR14449859	Klebsiella pneumoniae	ST983	TEM-1D.v1^	CTX-M-15	-	aac(3)-IIa.v1^;aac(6')-Ib-cr.v2;strA.v1^;strB.v1	qnrB1.v2^	tet(A).v1	sul2	0	1
SRR14449874	Klebsiella pneumoniae	ST307	OXA-1	CTX-M-15	KPC-2	aac(3)-IIa.v1^;aac(6')-Ib-cr.v2;aadA16*;strA.v1^;strB.v1	qnrB1.v2^	tet(A).v1	sul1;sul2	0	2
SRR14449878	Klebsiella pneumoniae	ST12	-	-	KPC-2	strA.v1;strB.v1	-	-	-	0	2
SRR14449916	Klebsiella pneumoniae	ST1235	CARB-2.v1^	-	KPC-2	aadA2;ant(2'')-Ia	-	-	-	0	2
SRR14449947	Klebsiella pneumoniae	ST2237	DHA-1	-	KPC-2	aac(3)-IId^;aadA2^;armA	qnrB4	-	sul1	4	2
SRR14449969	Klebsiella pneumoniae	ST340	TEM-1D.v1^	-	KPC-3	aac(3)-IV;aadA2^;aph(4)-Ia	-	-	sul1	0	2
SRR14449999	Klebsiella pneumoniae	ST11-1LV	OXA-1;TEM-1D.v1^	CTX-M-15	KPC-3	aac(3)-IId^;strA.v1*;strB.v1*	qnrB1.v2^	tet(B).v2*;tet(D)	sul1*	1	2
SRR14450011	Klebsiella pneumoniae	ST111	-	-	KPC-2	aac(6')-Ib-cr.v2;aadA16*	qnrB6^	-	sul1;sul1	1	2
SRR14450023	Klebsiella pneumoniae	ST11-1LV	OXA-1	-	KPC-3	aac(6')-Ian;strA.v1*;strB.v1*	qnrB1.v2^;qnrS1	-	sul2	1	2
SRR14450059	Klebsiella pneumoniae	ST1326	LAP-2;TEM-1D.v1^	CTX-M-15^	KPC-2	aac(6')-Ib-cr.v2^;aph3-Ia.v1^;strA.v1^;strB.v1	qnrS1	tet(A).v1	sul1;sul2	1	2
SRR14450080	Klebsiella pneumoniae	ST692-1LV	-	-	OXA-48	-	-	-	-	0	2
SRR14450242	Klebsiella pneumoniae	ST1198	-	-	KPC-2	-	qnrD1	-	-	0	2
SRR14450251	Klebsiella pneumoniae	ST14	OXA-1;TEM-1D.v1^	CTX-M-15	-	aac(6')-Ib-cr.v2;aadA2^;armA;sat-2	-	tet(D)	sul1	1	1
SRR14450254	Klebsiella pneumoniae	ST327	OXA-9.v1;TEM-1D.v1^	-	KPC-3	aac(6')-Ib'.v1*;aadA*;aadA2^;strA.v1^;strB.v1	qnrB2.v1^	-	sul1;sul1;sul2	0	2
SRR14450276	Klebsiella pneumoniae	ST348	OXA-1;TEM-1D.v1^	CTX-M-15	-	aac(3)-IIa.v1^;aac(6')-Ib-cr.v2;strA.v1^;strB.v1	-	-	sul2	1	1
SRR14450285	Klebsiella pneumoniae	ST76	DHA-1	-	-	aadA2^	qnrB4	-	sul1;sul1	0	0
SRR14532113	Klebsiella pneumoniae	ST13	-	-	KPC-3	aac(6')-Ib'.v1	-	-	sul2	2	2
SRR14532126	Klebsiella pneumoniae	ST258	OXA-9.v1	-	KPC-3	aadA*;aadA2^;strA.v1^;strB.v1	-	-	sul1;sul2	2	2
SRR14537207	Klebsiella pneumoniae	ST893	OXA-1;TEM-1D.v1^	CTX-M-15	OXA-48	aac(6')-Ib-cr.v2;strA.v1^;strB.v1	qnrB1.v2^	tet(A).v1	sul2	4	3
SRR14584974	Klebsiella pneumoniae	ST105-1LV	-	-	-	-	-	-	-	0	0
SRR14673410	Klebsiella pneumoniae	ST405	OXA-1;TEM-1D.v1^	CTX-M-15	-	aac(3)-IIa.v1^;aac(6')-Ib-cr.v2?;strA.v1^;strB.v1	-	tet(A).v1	sul2	1	1
SRR14673424	Klebsiella pneumoniae	ST336	TEM-1D.v1^	CTX-M-15	-	aph3-Ia.v1^;strA.v1^;strB.v1	-	-	sul2*	1	1
SRR14673430	Klebsiella pneumoniae	ST3343	OXA-1;TEM-1D.v1^	CTX-M-15	-	aac(6')-Ib-cr.v2;strA.v1^;strB.v1	qnrB1.v2^	tet(A).v1	sul2	0	1
SRR14673449	Klebsiella pneumoniae	ST2407	DHA-1	CTX-M-14	-	-	qnrB4	-	sul1	1	1
SRR14673462	Klebsiella pneumoniae	ST1613	-	CTX-M-14	-	-	-	-	-	0	1
SRR14673490	Klebsiella pneumoniae	ST5-1LV	DHA-1	-	-	strB.v1	qnrB4	tet(A).v1	sul1	4	0
SRR14673491	Klebsiella pneumoniae	ST5-1LV	DHA-1	-	-	strB.v1	qnrB4	tet(A).v1	sul1	4	0
SRR14681382	Klebsiella pneumoniae	ST607	SCO-1;TEM-1D.v1^	CTX-M-15	-	aac(3)-IIa.v1;aac(6')-Ib-cr.v2;aadA16*	qnrB6^	tet(D)	sul1;sul1;sul2	1	1
SRR14681383	Klebsiella pneumoniae	ST65-1LV	LAP-2	-	-	aadA2^;aph3-Ia.v1^;strA.v1;strB.v1	qnrS1	tet(A).v1;tet(D)	sul1;sul2*	0	0
SRR14683078	Klebsiella pneumoniae	ST667-1LV	-	CTX-M-15	-	aac(6')-Ib'.v1	-	-	-	0	1
SRR14707622	Klebsiella pneumoniae	ST218	-	CTX-M-15;CTX-M-24	KPC-2	aac(6')-Ib-cr.v2	-	tet(A).v1;tet(A).v2	-	4	2
SRR14820318	Klebsiella pneumoniae	ST307	OXA-50.v2;PDC-3*	CTX-M-15	NDM-5	aac(3)-IIa.v1^;aadA2^;ant(2'')-Ia;aph(3')-IIb*;strA.v1;strB.v1	crpP*	tet(A).v1	sul1	3	2
SRR14831717	Klebsiella pneumoniae	ST441-1LV	-	-	OXA-181	-	qnrS1	-	-	0	2
SRR14861788	Klebsiella pneumoniae	ST161	TEM-1D.v1^	CTX-M-15;SHV-2	NDM-1	aac(3)-IId^;aac(6')-Ib-cr.v2;aadA16*;aph(3')-VI;strA.v1*;strB.v1*	qnrB6^;qnrS1	tet(D)	sul1;sul1;sul2	0	2
SRR14935839	Klebsiella quasipneumoniae subsp. similipneumoniae	0	-	-	-	-	-	-	-	0	0
SRR14935969	Klebsiella pneumoniae	ST54	-	-	-	ant(2'')-Ia	qnrS1	-	-	0	0
SRR14936237	Klebsiella pneumoniae	ST20	LAP-2	-	-	strA.v1;strB.v1	qnrB7^;qnrS1	tet(A).v1	sul2	0	0
SRR14975319	Klebsiella variicola subsp. variicola	ST2511	-	-	-	-	-	-	-	0	0
SRR14982109	Klebsiella pneumoniae	ST628	-	-	-	-	-	-	-	1	0
SRR14986327	Klebsiella quasipneumoniae subsp. similipneumoniae	ST1834-1LV	-	-	-	-	-	-	-	0	0
SRR14986329	Klebsiella pneumoniae	ST3839	-	-	-	-	-	-	-	0	0
SRR14999717	Klebsiella pneumoniae	ST20	-	-	-	-	-	-	-	0	0
SRR15047234	Klebsiella pneumoniae	ST437	-	CTX-M-15	NDM-1	aac(3)-IId^;aph(3')-VI	qnrS1	-	-	1	2
SRR15047250	Klebsiella pneumoniae	ST247	OXA-1*	-	NDM-1	aac(6')-Ib-cr.v2;aadA2^	-	-	sul1	0	2
SRR15097902	Klebsiella pneumoniae	ST2096	OXA-1;TEM-1D.v1^	CTX-M-15	OXA-232	aac(6')-Ib-cr.v2;aadA2^;armA;sat-2	-	tet(D)	sul1	4	2
SRR15097922	Klebsiella pneumoniae	ST628	TEM-1D.v1^	CTX-M-15	-	aac(3)-IIa.v1^;strA.v1^;strB.v1	qnrB1.v2^	tet(A).v1	sul2	0	1
SRR15097977	Klebsiella pneumoniae	ST37	TEM-1D.v1^	CTX-M-15	-	strA.v1^;strB.v1	qnrS1	-	sul2	0	1
SRR15098028	Klebsiella pneumoniae	ST49	CMY-2.v2	-	-	-	-	-	-	0	0
SRR15098052	Klebsiella pneumoniae	ST258	TEM-1D.v1^	-	KPC-2	aac(6')-Ib'.v1;aadA2^;aph3-Ia.v1^	-	-	sul1	0	2
SRR15098054	Klebsiella pneumoniae	ST1966	-	-	-	aadA^	-	-	sul1	0	0
SRR15098075	Klebsiella pneumoniae	ST661	LAP-2;TEM-1D.v1^	-	IMP-4	aac(6')-Ib4;strA.v1^;strB.v1	qnrB2.v1^;qnrS1	tet(A).v1	sul1;sul1;sul2	0	2
SRR15098098	Klebsiella pneumoniae	ST273	TEM-1D.v1^	CTX-M-3	-	aac(3)-IId^;aadA5;strB.v1	qnrS1	tet(D)	sul1;sul2	1	1
SRR15098127	Klebsiella variicola subsp. variicola	ST2388	TEM-1D.v1^	-	IMP-4	aac(3)-IId^;aac(6')-Ib4	qnrB2.v1^	-	sul1;sul1	0	2
SRR15098140	Klebsiella pneumoniae	ST273	TEM-1D.v1^	CTX-M-3	-	aac(3)-IId^;aac(6')-Ib-cr.v2;aadA16*;aadA5;strB.v1	-	tet(D)	sul1;sul1;sul2	1	1
SRR15098142	Klebsiella variicola subsp. variicola	ST347	OXA-1;TEM-1D.v1^	CTX-M-15	-	aac(6')-Ib-cr.v2;strA.v1^;strB.v1	qnrB1.v2^	-	sul2	0	1
SRR15167070	Klebsiella variicola subsp. variicola	ST3953	-	-	KPC-2	-	-	-	-	0	2
SRR15215613	Klebsiella pneumoniae	ST834	TEM-1D.v1^	-	KPC-2	aadA2;strA.v1;strB.v1	qnrS1	tet(D)	sul1;sul2	0	3
SRR15254030	Klebsiella pneumoniae	ST16	CMY-2.v2;OXA-1;TEM-1D.v1^	CTX-M-15	NDM-4;OXA-181	aac(6')-Ib-cr.v2;rmtB	qnrS1	-	-	0	2
SRR15340828	Klebsiella pneumoniae	ST86-1LV	-	-	-	-	-	-	-	4	0
SRR15342705	Klebsiella pneumoniae	ST1037	OXA-1	-	OXA-48	aac(6')-Ib-cr.v2;strA.v1^;strB.v1*	qnrS1	tet(A).v1	sul2	0	2
SRR15348076	Klebsiella pneumoniae	ST392	OXA-1;TEM-1D.v1^	CTX-M-15	-	aac(3)-IId^;aac(6')-Ib4;strA.v1*;strB.v1*	qnrB1.v2^	tet(A).v1	sul1;sul2	0	1
SRR15348078	Klebsiella pneumoniae	ST893	TEM-1D.v1^	CTX-M-3	-	aac(3)-IId^;aadA16*;aph3-Ia.v1;strA.v1^;strB.v1	qnrS1	tet(A).v2	sul1;sul2*	0	1
SRR15348081	Klebsiella pneumoniae	ST628	TEM-1D.v1^	CTX-M-15	-	aac(3)-IId^;aac(6')-Ib4;strA.v1^;strB.v1	qnrB1.v2^	tet(A).v1	sul1;sul2	0	1
SRR15348082	Klebsiella pneumoniae	ST307	OXA-1;TEM-1D.v1^	CTX-M-15	-	aac(3)-IId^;aac(6')-Ib4;strA.v1^;strB.v1	qnrB1.v2^	tet(A).v1	sul1;sul2	0	1
SRR15362812	Klebsiella variicola subsp. variicola	ST347-1LV	OXA-9.v1;TEM-1D.v1^	CTX-M-15	NDM-1	aac(6')-Ib'.v1;aadA*;aph(3')-VI	qnrS1	-	-	0	2
SRR15569525	Klebsiella variicola subsp. variicola	ST641	-	-	-	-	-	-	-	0	0
SRR15569528	Klebsiella variicola subsp. variicola	ST1456	-	-	-	-	-	-	-	0	0
SRR15569537	Klebsiella variicola subsp. variicola	ST2609	-	-	-	-	-	-	-	0	0
SRR15569538	Klebsiella variicola subsp. variicola	ST3573	-	-	-	-	-	-	-	0	0
SRR15569543	Klebsiella pneumoniae	ST252	-	-	-	-	-	-	-	0	0
SRR15569544	Klebsiella variicola subsp. variicola	ST2317	-	-	-	-	-	-	-	1	0
SRR15569546	Klebsiella variicola subsp. variicola	ST3968	-	-	-	-	-	-	-	0	0
SRR15569547	Klebsiella variicola subsp. variicola	ST1144	-	-	-	-	-	-	-	0	0
SRR15569583	Klebsiella pneumoniae	ST664	-	-	-	strA.v1;strB.v1	-	-	-	0	0
SRR15569611	Klebsiella variicola subsp. variicola	ST1148	-	-	-	-	-	-	-	0	0
SRR15569616	Klebsiella variicola subsp. variicola	ST1562	-	-	-	-	-	-	-	0	0
SRR15569617	Klebsiella variicola subsp. variicola	ST925	-	-	-	-	-	-	-	0	0
SRR1561209	Klebsiella pneumoniae	ST855	TEM-1D.v1^	CTX-M-2;SHV-2A^	KPC-2	aac(6')-Iq^;aadA;aph(3')-VIa*	qnrB12^;qnrB19^	tet(A).v1	-	0	2
SRR1561213	Klebsiella pneumoniae	ST152	-	-	KPC-3	-	-	-	-	0	2
SRR1561291	Klebsiella pneumoniae	ST340	OXA-1;TEM-1D.v1^;TEM-1D.v1^	CTX-M-15;SHV-12	-	aac(3)-IId^;aac(6')-Ib-cr.v2;aadA2	-	tet(D)	sul1	0	1
SRR1561297	Klebsiella pneumoniae	ST833	OXA-1;TEM-1D.v1^	CTX-M-15	-	aac(6')-Ib-cr.v2;aadA2;aadA5	-	tet(A).v1	sul1;sul2	3	1
SRR15695256	Klebsiella quasipneumoniae subsp. similipneumoniae	ST2329	LAP-2;OXA-1;TEM-1D.v1^	-	KPC-2	aac(6')-Ib-cr.v2	qnrS1	-	-	0	2
SRR15695262	Klebsiella pneumoniae	ST12	TEM-1D.v1^	CTX-M-15*	-	aac(3)-IIa.v1^;aac(6')-Ib-cr.v2*;strA.v1^;strB.v1	-	tet(A).v1	sul2	0	1
SRR15695263	Klebsiella pneumoniae	ST327	OXA-1;TEM-1D.v1^	-	KPC-2	aac(3)-IIa.v1^;aac(6')-Ib-cr.v2	qnrB1.v2^	tet(A).v1	sul2	0	2
SRR15695264	Klebsiella pneumoniae	ST65	-	-	KPC-2	-	-	-	-	5	2
SRR15695290	Klebsiella pneumoniae	ST323	OXA-1;TEM-1D.v1^	-	KPC-2	aac(6')-Ib-cr.v2	qnrB1.v2^	tet(A).v1	-	0	2
SRR15695293	Klebsiella pneumoniae	ST742	TEM-1D.v1^	-	KPC-2	-	-	-	-	0	2
SRR15695322	Klebsiella quasipneumoniae subsp. quasipneumoniae	ST526	TEM-1D.v1^	-	KPC-2	-	-	-	-	0	2
SRR15695350	Klebsiella pneumoniae	ST715	-	-	KPC-2	-	-	-	-	0	2
SRR15695384	Klebsiella quasipneumoniae subsp. quasipneumoniae	ST526	TEM-1D.v1^	-	KPC-2	-	-	-	-	0	2
SRR15695455	Klebsiella quasipneumoniae subsp. similipneumoniae	ST1308	TEM-1D.v1^	-	KPC-2	-	-	-	-	0	2
SRR15695462	Klebsiella quasipneumoniae subsp. similipneumoniae	ST841	OXA-1;TEM-1D.v1^	-	KPC-2	aac(3)-IIa.v1^;aac(6')-Ib-cr.v2	qnrB1.v2^	tet(A).v1	-	0	2
SRR15695539	Klebsiella pneumoniae	ST20	OXA-1	-	KPC-2	aac(3)-IIa.v1^;aac(6')-Ib-cr.v2;aadA16*	qnrB6^	tet(A).v1	sul1^;sul1^	0	3
SRR15695544	Klebsiella quasipneumoniae subsp. similipneumoniae	ST841	OXA-1	-	KPC-2	aac(3)-IIa.v1^;aac(6')-Ib-cr.v2;aadA*	qnrB1.v2^	tet(A).v1	sul1*	0	2
SRR15695550	Klebsiella pneumoniae	ST2615	OXA-1;TEM-1D.v1^	CTX-M-15	OXA-232	aac(3)-IIa.v1^;aac(6')-Ib-cr.v2;strA.v1^;strB.v1	qnrB1.v2^	-	sul2	1	2
SRR15695575	Klebsiella quasipneumoniae subsp. similipneumoniae	ST1191	OXA-1	CTX-M-15	KPC-2	aac(3)-IIa.v1^;aac(6')-Ib-cr.v2;strA.v1^;strB.v1	qnrB1.v2^	tet(A).v1*	sul2	0	2
SRR15695589	Klebsiella quasipneumoniae subsp. similipneumoniae	ST1308	-	-	KPC-2	-	-	-	-	0	2
SRR15695616	Klebsiella quasipneumoniae subsp. similipneumoniae	ST841	OXA-1;TEM-1D.v1^	-	KPC-2	aac(6')-Ib-cr.v2;aadA*	qnrB1.v2^	tet(A).v1	sul1*	0	2
SRR15695630	Klebsiella pneumoniae	ST65	TEM-1D.v1^	-	KPC-2	-	-	-	-	5	2
SRR15695652	Klebsiella pneumoniae	ST792	DHA-1;TEM-1D.v1^	CTX-M-14	KPC-2	-	qnrB4	-	-	2	2
SRR15695681	Klebsiella pneumoniae	ST134	-	-	KPC-2	-	-	-	-	0	2
SRR15695687	Klebsiella quasipneumoniae subsp. similipneumoniae	ST929-3LV	-	-	KPC-2	-	-	-	-	0	2
SRR15695765	Klebsiella pneumoniae	ST496	-	-	NDM-1	aph3-Ia.v1^	qnrS1	tet(A).v2	sul1	0	2
SRR15695770	Klebsiella pneumoniae	ST399	-	-	NDM-1	-	-	-	-	0	2
SRR15695773	Klebsiella pneumoniae	ST133	TEM-1D.v1^	CTX-M-15	NDM-1	aac(6')-Ib'.v1;aadA*;aph(3')-VI	qnrS1	-	-	0	2
SRR15695788	Klebsiella pneumoniae	ST323	OXA-1;TEM-1D.v1^	CTX-M-15	KPC-2	aac(3)-IIa.v1^;aac(6')-Ib-cr.v2;strA.v1^;strB.v1	qnrB1.v2^	tet(A).v1	sul2	0	2
SRR15695804	Klebsiella pneumoniae	ST1876	TEM-1D.v1^	-	KPC-2	-	qnrS1	tet(A).v1	-	0	2
SRR15695849	Klebsiella pneumoniae	ST24-1LV	TEM-1D.v1^	-	KPC-2	-	-	-	-	0	2
SRR15695866	Klebsiella quasipneumoniae subsp. similipneumoniae	ST841	OXA-1;TEM-1D.v1^	-	KPC-2	aac(3)-IIa.v1^;aac(6')-Ib-cr.v2	qnrB1.v2^	tet(A).v1	-	0	2
SRR15695881	Klebsiella quasipneumoniae subsp. similipneumoniae	ST356	OXA-1;TEM-1D.v1^	-	KPC-2	aac(6')-Ib-cr.v2;strA.v1^;strB.v1	qnrB1.v2^	tet(A).v1	sul2	0	2
SRR15695965	Klebsiella pneumoniae	ST273	-	-	OXA-48	aac(6')-Ib'.v1	-	-	-	1	2
SRR15827846	Klebsiella pneumoniae	ST20	LAP-2	CTX-M-14	NDM-1	strA.v1*;strB.v1*	qnrS1	tet(D)	sul2	0	2
SRR15827918	Klebsiella pneumoniae	ST2938	-	CTX-M-14	NDM-1	aadA2^	-	tet(D)	sul1	0	2
SRR1582871	Klebsiella pneumoniae	ST340	-	CTX-M-15	KPC-4	aac(3)-IV;aadA2;aadA^;aph(4)-Ia*;aph3-Ia.v1^	-	-	sul1;sul3	0	2
SRR1582872	Klebsiella pneumoniae	ST463	-	-	KPC-3	-	-	-	-	0	2
SRR1582874	Klebsiella pneumoniae	ST873	OXA-2;TEM-1D.v1^	-	KPC-3	aadA2^;ant(2'')-Ia;aph3-Ia.v1^;strA.v1^;strB.v1	qnrS1	-	sul1*;sul2	0	2
SRR1582879	Klebsiella pneumoniae	ST941	OXA-1;OXA-9.v1;TEM-1D.v1^	-	KPC-2	aac(6')-Ib'.v1*;aadA*;ant(2'')-Ia	qnrA1	-	sul1;sul1;sul2*	0	2
SRR1582887	Klebsiella pneumoniae	ST941	OXA-9.v1;TEM-1D.v1^	-	KPC-2	aac(6')-Ib'.v1*;aadA*;ant(2'')-Ia	qnrA1	-	sul1;sul1	0	2
SRR1582890	Klebsiella pneumoniae	ST1117	TEM-1D.v1^	-	KPC-2	-	-	-	-	1	2
SRR16078917	Klebsiella pneumoniae	ST231	CMY-4.v1;TEM-1D.v1^	CTX-M-15;SHV-12	NDM-1;OXA-181	aac(6')-Ib;aadA2^;armA;rmtF	qnrS1	-	sul1	4	2
SRR16078930	Klebsiella pneumoniae	ST1161	CMY-4.v1;OXA-1;TEM-1D.v1^	CTX-M-15	NDM-1;OXA-181	aac(3)-IId^;aac(6')-Ib-cr.v2;aadA2^;armA;rmtF;strA.v1;strB.v1	-	tet(B).v2*;tet(D)	sul1;sul2	0	2
SRR16078938	Klebsiella pneumoniae	ST534	TEM-1D.v1^	CTX-M-15	NDM-1	aac(6')-Ib'.v1;aadA*;aph(3')-VI	qnrS1	-	-	0	2
SRR16078953	Klebsiella pneumoniae	ST273	OXA-1;TEM-1D.v1^	-	NDM-1	aac(3)-IId^;aac(6')-Ib-cr.v2;armA	-	-	sul1	1	2
SRR16078954	Klebsiella pneumoniae	ST273	OXA-1;TEM-1D.v1^	-	NDM-1	aac(3)-IId^;aac(6')-Ib-cr.v2;aadA2	qnrB1.v2^	tet(A).v1	sul1	1	2
SRR16079024	Klebsiella pneumoniae	ST273	OXA-1;TEM-1D.v1^	CTX-M-15	NDM-1	aac(6')-Ib-cr.v2;aadA2^;aph3-Ia.v1^;rmtC	qnrS1	tet(D)	sul2	0	2
SRR16079086	Klebsiella quasipneumoniae subsp. similipneumoniae	ST1998	CMY-6;OXA-1;TEM-1D.v1^	-	NDM-1	aac(3)-IIa.v1^;aac(6')-Ib-cr.v2;aph3-Ia.v1^;strA.v1^;strB.v1	qnrS1	-	sul2*	0	2
SRR16079094	Klebsiella pneumoniae	ST48	LAP-2;OXA-1;TEM-1D.v1^	CTX-M-15;CTX-M-27	NDM-1	aac(3)-IId^;aac(6')-Ib-cr.v2;aadA2^;strB.v1	qnrB1.v2^;qnrS1	tet(B).v2*	sul1;sul2	1	2
SRR16079112	Klebsiella quasipneumoniae subsp. similipneumoniae	ST1998	CMY-6;OXA-1;TEM-1D.v1^	-	NDM-1	aac(3)-IIa.v1^;aac(6')-Ib-cr.v2;aph3-Ia.v1^;strA.v1^;strB.v1	qnrS1	-	sul2*	0	2
SRR16079135	Klebsiella pneumoniae	ST34	OXA-1;TEM-1D.v1^	CTX-M-15;SHV-5^	NDM-1	aac(3)-IIa.v1^;aac(6')-Ib-cr.v2;strA.v1^;strB.v1	qnrB1.v2^;qnrB32.v1*?	tet(A).v1	sul2	0	2
SRR16079152	Klebsiella pneumoniae	ST133	TEM-1D.v1^	CTX-M-15	NDM-1	aac(6')-Ib'.v1;aadA*;aph(3')-VI	qnrS1	-	-	0	2
SRR16079272	Klebsiella pneumoniae	ST1296	-	TEM-116	NDM-1	aadA^	-	tet(D)	sul1	0	2
SRR16079291	Klebsiella pneumoniae	ST34	OXA-1;TEM-1D.v1^	CTX-M-15;SHV-5^	NDM-1	aac(3)-IIa.v1^;aac(6')-Ib-cr.v2;strA.v1^;strB.v1	qnrB1.v2^;qnrB32.v1*?	tet(A).v1	sul2	0	2
SRR16079369	Klebsiella pneumoniae	ST34	OXA-1;TEM-1D.v1^	CTX-M-15	NDM-1	aac(3)-IIa.v1^;aac(6')-Ib-cr.v2;strA.v1^;strB.v1	qnrB1.v2^;qnrB32.v1*?	tet(A).v1	sul2	0	2
SRR16108315	Klebsiella variicola subsp. variicola	ST1615-1LV	-	-	IMP-1	aac(6')-Ib4*;aadA5	-	-	-	0	2
SRR16108352	Klebsiella pneumoniae	ST896	LAP-2	CTX-M-14	IMP-1	aac(6')-IIc;strA.v1^	qnrB6^;qnrS1	tet(A).v1;tet(B).v2*;tet(D)	sul2	0	2
SRR16108355	Klebsiella pneumoniae	ST517	-	-	IMP-1	aac(6')-Ib4*;aadA5	-	-	-	0	2
SRR16133935	Klebsiella pneumoniae	ST219	-	CTX-M-15	NDM-1	aadA2^;aph(3')-VI;aph3-Ia.v1^;strA.v1*;strB.v1*	qnrS1	-	sul1;sul2	0	2
SRR16133936	Klebsiella pneumoniae	ST2990	-	-	NDM-1	aph(3')-VI	-	-	-	1	2
SRR16202839	Klebsiella pneumoniae	ST375	-	-	-	-	-	-	-	4	0
SRR16204195	Klebsiella pneumoniae	ST1-2LV	TEM-1D.v1^	CTX-M-3	-	aac(3)-IId^;aac(6')-Ib-cr.v2;aadA16*;aph3-Ia.v1;strA.v1^;strB.v1	qnrS1	tet(A).v2	sul1;sul2*	0	1
SRR16204259	Klebsiella pneumoniae	ST11	TEM-1D.v1^	CTX-M-65	KPC-2	aac(3)-IId^;aadA2;aadA5;strA.v1^;strB.v1*	-	tet(A).v1	sul2	4	2
SRR16204272	Klebsiella pneumoniae	ST11	LAP-2;TEM-1D.v1^	CTX-M-65	KPC-2	aadA2;rmtB	qnrS1	tet(A).v1	sul2	4	2
SRR16242773	Klebsiella pneumoniae	ST24	CMY-6;LAP-2;TEM-1D.v1^	CTX-M-3	NDM-1	aac(3)-IId^;aadA16*;aph3-Ia.v1;rmtC;strA.v1^;strB.v1	qnrS1	tet(A).v1	sul1;sul2*	4	2
SRR16308450	Klebsiella pneumoniae	ST551	OXA-1*;TEM-1D.v1^	CTX-M-15	-	aac(3)-IIa.v1^;aac(6')-Ib-cr.v2;strA.v1^;strB.v1	qnrB1.v2^	tet(A).v1	sul2	0	1
SRR16308458	Klebsiella pneumoniae	ST551	TEM-1D.v1^	CTX-M-15	-	strA.v1^;strB.v1	-	-	sul2	0	1
SRR16308462	Klebsiella pneumoniae	ST551	OXA-1*;TEM-1D.v1^	CTX-M-15	-	aac(3)-IIa.v1^;aac(6')-Ib-cr.v2;strA.v1^;strB.v1	qnrB1.v2^	tet(A).v1	sul2	0	1
SRR16308469	Klebsiella pneumoniae	ST551	OXA-1*;TEM-1D.v1^	CTX-M-15	-	aac(3)-IIa.v1^;aac(6')-Ib-cr.v2;strA.v1^;strB.v1	-	tet(A).v1	sul2	0	1
SRR16479856	Klebsiella pneumoniae	ST54	-	CTX-M-15	NDM-5	aph(3')-VI*	qnrS1	-	sul2	3	2
SRR16479878	Klebsiella pneumoniae	ST54	-	CTX-M-15	NDM-5	-	qnrS1	-	sul2	3	2
SRR16479885	Klebsiella pneumoniae	ST941	-	-	KPC-2	-	qnrS1	-	-	0	2
SRR16492513	Klebsiella pneumoniae	ST359	TEM-1D.v1^	-	NDM-1	aac(3)-IId^	qnrB4	-	-	0	2
SRR16506214	Klebsiella quasipneumoniae subsp. similipneumoniae	ST1535	CMY-4.v1	-	OXA-181	-	qnrS1	tet(D)	-	0	2
SRR16520593	Klebsiella pneumoniae	ST462	OXA-1;TEM-1D.v1^	CTX-M-15	KPC-3	aac(3)-IIa.v1^;aac(6')-Ib-cr.v2;strA.v1^;strB.v1	qnrB1.v2^	tet(A).v1	sul2	0	2
SRR1655437	Klebsiella variicola subsp. variicola	ST3913	-	-	-	-	-	-	-	0	0
SRR1656087	Klebsiella variicola subsp. variicola	ST2790	-	-	-	-	-	-	-	0	0
SRR1656179	Klebsiella pneumoniae	ST234	-	-	-	-	-	-	-	2	0
SRR1656354	Klebsiella pneumoniae	ST380	-	-	-	-	-	-	-	4	0
SRR1656381	Klebsiella pneumoniae	ST380	-	-	-	-	-	-	-	4	0
SRR16610120	Klebsiella pneumoniae	ST152	OXA-1;TEM-1D.v1^	CTX-M-15	NDM-1	aac(3)-IIa.v1^;aac(6')-Ian;aac(6')-Ib-cr.v2;aadA16*;aph3-Ia.v1^;strA.v1^;strB.v1	qnrB6^	tet(D)	sul1;sul1;sul2	1	2
SRR16617671	Klebsiella pneumoniae	ST1426	OXA-9.v1;TEM-1D.v1^	-	KPC-3	aac(3)-IIa.v1^;aac(6')-Ib'.v1;aadA*;strA.v1^;strB.v1	-	-	sul2	0	2
SRR16617672	Klebsiella pneumoniae	ST1426	OXA-9.v1;TEM-1D.v1^	-	KPC-3	aac(6')-Ib'.v1;aadA*;strA.v1^;strB.v1	-	-	sul2	0	2
SRR16617701	Klebsiella pneumoniae	ST1426	OXA-9.v1;TEM-1D.v1^	-	KPC-3	aac(6')-Ib'.v1;aadA*;strA.v1^;strB.v1	-	-	sul2	0	2
SRR16634630	Klebsiella pneumoniae	ST16-1LV	TEM-1D.v1^	CTX-M-15	NDM-5;OXA-181	aac(3)-IId^;aadA*;aadA2^;rmtB	qnrS1	-	sul1?	1	3
SRR16694235	Klebsiella pneumoniae	ST37	OXA-9.v1;TEM-1D.v1^	-	KPC-3	aac(3)-IV;aac(6')-Ib'.v1*;aadA2^;ant(2'')-Ia;aph(4)-Ia	-	-	sul1;sul3	1	3
SRR16768448	Klebsiella quasipneumoniae subsp. similipneumoniae	ST2909	-	-	KPC-3	-	-	-	-	0	2
SRR16847943	Klebsiella pneumoniae	ST461-1LV	-	-	-	-	-	-	-	0	0
SRR16847946	Klebsiella pneumoniae	ST45-1LV	-	-	-	-	-	-	-	0	0
SRR16847985	Klebsiella pneumoniae	ST268	-	-	-	-	-	tet(D)	-	1	0
SRR16952083	Klebsiella pneumoniae	ST1087-1LV	-	-	NDM-5	-	-	-	-	0	2
SRR16958992	Klebsiella pneumoniae	ST380	-	-	-	-	-	-	-	4	0
SRR16968807	Klebsiella pneumoniae	ST340	OXA-1	CTX-M-15	KPC-2	aac(3)-IId^;aac(6')-Ib-cr.v2^;aph3-Ia.v1^	-	-	sul1	1	2
SRR16977013	Klebsiella pneumoniae	ST2856	OXA-1;TEM-1D.v1^	CTX-M-15	-	aac(6')-Ib-cr.v2;strA.v1^;strB.v1	qnrB1.v2^	tet(A).v1	sul2	0	1
SRR16977016	Klebsiella pneumoniae	ST2856	OXA-1;TEM-1D.v1^	CTX-M-15	-	aac(6')-Ib-cr.v2;strA.v1^;strB.v1	qnrB1.v2^	tet(A).v1	sul2	0	1
SRR16977030	Klebsiella pneumoniae	ST2856	OXA-1;TEM-1D.v1^	CTX-M-15	-	aac(6')-Ib-cr.v2;strA.v1^;strB.v1	qnrB1.v2^	tet(A).v1	sul2	0	1
SRR16977052	Klebsiella pneumoniae	ST2856	OXA-1;TEM-1D.v1^	CTX-M-15	-	aac(6')-Ib-cr.v2;strA.v1^;strB.v1	qnrB1.v2^	tet(A).v1	sul2	0	1
SRR17084749	Klebsiella pneumoniae	ST11	CMY-4.v1;OXA-1	CTX-M-15	NDM-1	aadA1.v1;rmtC;sat-2	qnrB1.v2^	-	sul1;sul2	1	2
SRR17084771	Klebsiella variicola subsp. variicola	ST919-2LV	-	-	NDM-7	aac(6')-Ib7*	qnrS1	-	sul2	0	2
SRR17095226	Klebsiella quasipneumoniae subsp. quasipneumoniae	ST3865-2LV	-	-	-	-	-	-	-	0	0
SRR17125450	Klebsiella pneumoniae	ST113	-	CTX-M-15	NDM-5	aph(3')-VI	qnrS1	-	sul1	3	2
SRR17125454	Klebsiella pneumoniae	ST111	-	-	NDM-5	-	-	-	sul1	1	2
SRR17179107	Klebsiella pneumoniae	ST883-1LV	CMY-6;OXA-1;TEM-1D.v1^	CTX-M-15	NDM-1	aac(3)-IIa.v1^;aac(6')-Ib3^;strA.v1^;strB.v1	qnrB1.v2^	tet(A).v1	sul1;sul2	0	2
SRR17179136	Klebsiella variicola subsp. variicola	ST973-1LV	OXA-1;TEM-1D.v1^	CTX-M-15	-	aac(3)-IIa.v1^;aac(6')-Ib-cr.v2;strA.v1^;strB.v1	qnrB1.v2^	tet(A).v1	sul2	0	1
SRR17179141	Klebsiella variicola subsp. variicola	ST973-1LV	OXA-1;TEM-1D.v1^	CTX-M-15	-	aac(3)-IIa.v1^;aac(6')-Ib-cr.v2;strA.v1^;strB.v1	qnrB1.v2^	tet(A).v1	sul2	0	1
SRR17179152	Klebsiella variicola subsp. variicola	ST973-1LV	OXA-1;TEM-1D.v1^	CTX-M-15	-	aac(3)-IIa.v1^;aac(6')-Ib-cr.v2;strA.v1^;strB.v1	qnrB1.v2^	tet(A).v1	sul2	0	1
SRR17179168	Klebsiella pneumoniae	ST391	OXA-1;TEM-1D.v1^	CTX-M-15	-	aac(3)-IIa.v1^;aac(6')-Ib-cr.v2;strA.v1^;strB.v1	qnrB1.v2^	tet(A).v1	sul2	0	1
SRR17179176	Klebsiella pneumoniae	ST397	TEM-1D.v1^	CTX-M-15	-	aac(3)-IIa.v1;aac(6')-Ib-cr.v2;aadA16*;aadA^;strB.v1	-	tet(A).v1	sul2	1	1
SRR17179215	Klebsiella variicola subsp. variicola	ST3924	-	-	-	-	-	-	-	0	0
SRR17179221	Klebsiella pneumoniae	ST397	OXA-1;TEM-1D.v1^	CTX-M-15	-	aac(3)-IIa.v1^;aac(6')-Ib-cr.v2;aadA^;strA.v1^;strB.v1	qnrB1.v2^	tet(A).v1	sul1^;sul2	1	1
SRR17179246	Klebsiella variicola subsp. variicola	ST3924	-	-	-	-	-	-	-	0	0
SRR17179258	Klebsiella variicola subsp. variicola	ST3924	SCO-1;TEM-1D.v1^	CTX-M-15	-	aac(3)-IIa.v1	-	-	-	0	1
SRR17179266	Klebsiella variicola subsp. variicola	ST3924	SCO-1;TEM-1D.v1^	CTX-M-15	-	aac(3)-IIa.v1	-	-	-	0	1
SRR17179268	Klebsiella pneumoniae	ST268	TEM-1D.v1^	CTX-M-15	-	strA.v1^;strB.v1	qnrB1.v2^	tet(A).v1	sul2	0	1
SRR17179304	Klebsiella pneumoniae	ST17	OXA-1;TEM-1D.v1^	CTX-M-15	-	aac(3)-IIa.v1^;aac(6')-Ib-cr.v2;strA.v1^;strB.v1	qnrB1.v2^	tet(A).v1	sul2	0	1
SRR17179312	Klebsiella pneumoniae	ST391	OXA-1;TEM-1D.v1^	CTX-M-15	-	aac(3)-IIa.v1^;aac(6')-Ib-cr.v2;strA.v1^;strB.v1	qnrB1.v2^	tet(A).v1	sul2	0	1
SRR17179343	Klebsiella variicola subsp. variicola	ST3924	-	-	-	-	-	-	-	0	0
SRR17179350	Klebsiella pneumoniae	ST3177-1LV	TEM-1D.v1^	CTX-M-15	-	aac(3)-IId^;aac(6')-Ib-cr.v2;aadA16*	qnrB6^	-	sul1	0	1
SRR17179389	Klebsiella pneumoniae	ST391	OXA-1;TEM-1D.v1^	CTX-M-15	-	aac(3)-IIa.v1^;aac(6')-Ib-cr.v2;strA.v1^;strB.v1	qnrB1.v2^	tet(A).v1	sul2	0	1
SRR17179519	Klebsiella pneumoniae	ST383	TEM-1	CTX-M-14^;CTX-M-15	NDM-5;OXA-48	aac(6')-Ib'.v1;aadA*;aph(3')-VI;aph3-Ia.v1^;armA;strA.v1	qnrS1	tet(A).v1	sul1;sul2	3	2
SRR17250552	Klebsiella pneumoniae	ST111	-	CTX-M-15	NDM-5	aph(3')-VI	qnrS1	-	sul1	4	2
SRR17250553	Klebsiella pneumoniae	ST111	-	CTX-M-15	NDM-5	aph(3')-VI	qnrS1	-	sul1	4	2
SRR17250649	Klebsiella pneumoniae	ST993	-	-	KPC-3	-	qnrS1	-	-	0	2
SRR17273905	Klebsiella pneumoniae	ST252	-	-	-	-	-	-	-	0	0
SRR17273909	Klebsiella pneumoniae	ST252	-	-	-	-	-	-	-	0	0
SRR17273923	Klebsiella pneumoniae	ST252	-	-	-	-	-	-	-	0	0
SRR17301909	Klebsiella pneumoniae	ST405	OXA-1;TEM-1D.v1^	CTX-M-15	OXA-48	aac(3)-IIa.v1^;aac(6')-Ib-cr.v2;strA.v1^;strB.v1	qnrB1.v2^	-	sul2	1	2
SRR17301930	Klebsiella pneumoniae	ST12	TEM-1D.v1^	-	KPC-2	aadA5	qnrB1.v2^	tet(A).v1	sul1	0	2
SRR17301938	Klebsiella pneumoniae	ST25	-	-	OXA-181	aph3-Ia.v1^	qnrB1.v2^;qnrS1	tet(A).v1	-	1	2
SRR17301994	Klebsiella pneumoniae	ST101	OXA-9.v1	CTX-M-14^	OXA-48	aac(3)-IIa.v1^;aac(6')-Ib'.v1;aadA2;aph(3')-VI*;strA.v1;strA.v1	-	tet(D)	sul3	1	2
SRR17302019	Klebsiella pneumoniae	ST268	OXA-1	-	KPC-2	aac(3)-IIa.v1^;aac(6')-Ib-cr.v2;aadA5	qnrB1.v2^	tet(A).v1	sul1	1	2
SRR17302078	Klebsiella pneumoniae	ST15	OXA-1;TEM-1D.v1^	CTX-M-15	NDM-1	aac(3)-IIa.v1^;aac(6')-Ib;strA.v1^;strB.v1	qnrB1.v1	tet(A).v1	sul2	0	2
SRR17302115	Klebsiella quasipneumoniae subsp. similipneumoniae	ST1490	OXA-1;TEM-1D.v1^	CTX-M-15	NDM-1	aac(3)-IIa.v1^;aac(6')-Ib-cr.v2;strA.v1^;strB.v1	qnrB1.v2^	tet(A).v1	sul2	0	2
SRR17302128	Klebsiella pneumoniae	ST48	TEM-1D.v1^	-	KPC-2	aadA2^;aph3-Ia.v1^;strA.v1^;strB.v1	-	tet(D)	sul1;sul2^	1	2
SRR17302146	Klebsiella pneumoniae	ST1074	-	-	KPC-2	aadA5	-	-	sul1	0	2
SRR17302156	Klebsiella pneumoniae	ST23	OXA-1;TEM-1D.v1^	CTX-M-15;SHV-12	NDM-1	aac(6')-Ib-cr.v2;aadA2^;armA	qnrS1	-	sul1	5	2
SRR17302179	Klebsiella pneumoniae	ST294	-	-	OXA-48	strA.v1*	qnrS1	-	sul2	2	2
SRR17302197	Klebsiella pneumoniae	ST1583	-	-	OXA-48	aac(3)-IIa.v1;aadA2^;aph3-Ia.v1^	-	-	sul1	0	2
SRR17302207	Klebsiella pneumoniae	ST252	OXA-1	-	KPC-2	aac(3)-IIa.v1^;aac(6')-Ib-cr.v2	-	tet(A).v1	-	0	2
SRR17302211	Klebsiella pneumoniae	ST834	-	-	OXA-48	-	-	tet(D)	sul1	1	2
SRR17302223	Klebsiella pneumoniae	ST392	OXA-1;TEM-1D.v1^	CTX-M-15	NDM-1	aac(3)-IId^;aac(6')-Ib-cr.v2;armA;strA.v1^;strB.v1	-	-	sul1;sul2	0	2
SRR17302274	Klebsiella pneumoniae	ST515-1LV	OXA-1;TEM-1D.v1^	CTX-M-15	NDM-1	aac(3)-IIa.v1^;aac(6')-Ib-cr.v2;aadA2^;aph(3')-VI;armA;strA.v1^;strB.v1	qnrB1.v2^	-	sul1;sul2	0	2
SRR17302326	Klebsiella pneumoniae	ST359	-	-	OXA-48	-	-	-	-	0	2
SRR17302330	Klebsiella pneumoniae	ST253	OXA-1;TEM-1D.v1^	CTX-M-15	IMP-1^	aac(3)-IIa.v1^;aac(6')-Ib4;strA.v1^;strB.v1	qnrA1^;qnrB1.v2^	tet(A).v1	sul1;sul2	0	2
SRR17302338	Klebsiella pneumoniae	ST336	OXA-1	-	OXA-48	aac(6')-Ib-cr.v2	qnrB1.v2^	-	-	1	2
SRR17302382	Klebsiella pneumoniae	ST383	OXA-9.v1	CTX-M-27^	NDM-1;OXA-48	aac(6')-Ib'.v1*;aadA*;rmtC;strA.v1;strB.v1	-	tet(B).v2*	sul1*	3	2
SRR17302398	Klebsiella pneumoniae	ST3321	-	-	OXA-48	-	qnrS1	-	-	0	2
SRR17302458	Klebsiella pneumoniae	ST515-1LV	OXA-1;TEM-1D.v1^	CTX-M-15	NDM-1	aac(3)-IIa.v1^;aac(6')-Ib-cr.v2;aadA2^;aph(3')-VI;armA;strA.v1^;strB.v1	qnrB1.v2^	tet(A).v1	sul1;sul2	0	2
SRR17302483	Klebsiella pneumoniae	ST1380	-	-	OXA-48	-	-	-	-	0	2
SRR17302488	Klebsiella pneumoniae	ST353	-	-	KPC-2	aadA1.v1^;aadA5;aph3-Ia.v1^	qnrB1.v2^	tet(D)	sul1	1	2
SRR17302495	Klebsiella pneumoniae	ST395	OXA-1;TEM-1D.v1^	CTX-M-15	OXA-232	aac(6')-Ib;strA.v1*;strB.v1	qnrB1.v2^	tet(A).v1	sul1;sul2	1	2
SRR17302534	Klebsiella quasipneumoniae subsp. similipneumoniae	ST1840	-	-	OXA-48	-	-	-	-	1	2
SRR17302569	Klebsiella pneumoniae	ST34	TEM-1D.v1^	-	KPC-2	-	-	-	-	0	2
SRR17302578	Klebsiella quasipneumoniae subsp. similipneumoniae	ST1605-1LV	-	-	OXA-48	-	-	-	-	0	2
SRR17302606	Klebsiella quasipneumoniae subsp. similipneumoniae	ST1473	OXA-1;TEM-1D.v1^	CTX-M-15	OXA-48	aac(3)-IIa.v1^;aac(6')-Ib-cr.v2;strA.v1^;strB.v1	qnrB1.v2^	tet(A).v1	sul2	0	2
SRR17302625	Klebsiella pneumoniae	ST530	-	CTX-M-15	OXA-48	-	-	-	-	1	2
SRR17302658	Klebsiella pneumoniae	ST48	TEM-1D.v1^	-	KPC-2	aadA2^;aph3-Ia.v1^;strA.v1^;strB.v1	-	tet(D)	sul1;sul2^	1	2
SRR17302661	Klebsiella pneumoniae	ST25	TEM-1D.v1^	-	OXA-48	strA.v1^;strB.v1	-	tet(D)	sul2	1	2
SRR17302666	Klebsiella pneumoniae	ST416	TEM-1D.v1^	-	NDM-1	aac(6')-IIc;aac(6')-Ib-cr.v2;strA.v1;strB.v1	qnrA1^	-	sul1	0	3
SRR17302679	Klebsiella pneumoniae	ST2217	TEM-1D.v1^	-	KPC-2	aac(6')-Ib-cr.v2;aph(3')-VIa	-	tet(D)	sul1	0	2
SRR17302693	Klebsiella pneumoniae	ST247	TEM-1D.v1^	-	VIM-4	aac(3)-IIa.v1;aac(6')-Il	-	tet(B).v2*	sul1	0	2
SRR17302698	Klebsiella pneumoniae	ST437	TEM-1D.v1^	CTX-M-15	NDM-1*;OXA-232	aac(6')-Ib;aadA*;aph3-Ia.v1^;rmtF	qnrS1	-	sul1	0	2
SRR17302702	Klebsiella pneumoniae	ST231	CMY-4.v1;TEM-1D.v1^	CTX-M-15	NDM-1;OXA-181	aac(6')-Ib;aadA2^;armA;strA.v1^;strB.v1	qnrB1.v1	-	sul1;sul2	4	2
SRR17302709	Klebsiella pneumoniae	ST2201	-	-	OXA-48	-	-	-	-	1	2
SRR17302714	Klebsiella pneumoniae	ST25	-	-	KPC-2	aph3-Ia.v1^;strA.v1^;strB.v1	-	-	sul2*	0	2
SRR17302718	Klebsiella pneumoniae	ST2791	TEM-1D.v1^;TEM-1D.v1^	-	KPC-2	-	-	-	-	0	2
SRR17302761	Klebsiella pneumoniae	ST252	TEM-1D.v1^	CTX-M-9	KPC-2	aadA2;ant(2'')-Ia	-	-	sul1	0	2
SRR17302781	Klebsiella pneumoniae	ST321	OXA-1	-	KPC-2	aac(3)-IIa.v1^;aac(6')-Ib-cr.v2;aadA5	qnrB1.v2^	tet(A).v1	sul1	0	2
SRR17302795	Klebsiella pneumoniae	ST276-2LV	-	-	OXA-48	-	-	-	-	0	2
SRR17302816	Klebsiella pneumoniae	ST1842	-	-	OXA-48	-	-	-	-	0	2
SRR17302846	Klebsiella pneumoniae	ST107	OXA-9.v1;TEM-1D.v1^	CTX-M-15	NDM-1	aac(6')-Ib'.v1;aadA*;aph(3')-VI	qnrS1	-	-	0	2
SRR17302875	Klebsiella pneumoniae	ST34	-	CTX-M-15	OXA-232	-	qnrS1	-	-	0	2
SRR17302885	Klebsiella pneumoniae	ST478	-	-	KPC-2	-	-	-	-	0	2
SRR17302892	Klebsiella variicola subsp. variicola	ST1737-1LV	-	-	OXA-48	-	-	-	-	0	2
SRR17303547	Klebsiella pneumoniae	ST29	CMY-6	CTX-M-15	NDM-5	aac(6')-Ib3^;rmtC	-	-	sul1	4	2
SRR17303564	Klebsiella pneumoniae	ST983	OXA-1;TEM-1D.v1^	CTX-M-15	KPC-2	aac(3)-IIa.v1^;aac(6')-Ib-cr.v2;strA.v1^;strB.v1	qnrB1.v2^	tet(A).v1	sul1;sul2	0	2
SRR17303580	Klebsiella quasipneumoniae subsp. quasipneumoniae	ST2251	TEM-1D.v1^	-	KPC-2	strA.v1;strB.v1	qnrB2.v1^	-	sul1	0	2
SRR17303621	Klebsiella pneumoniae	ST478	-	-	KPC-2	-	-	-	-	0	2
SRR17303732	Klebsiella quasipneumoniae subsp. similipneumoniae	ST1473	OXA-1;TEM-1D.v1^	CTX-M-15	OXA-48	aac(3)-IIa.v1^;aac(6')-Ib-cr.v2;strA.v1^;strB.v1	qnrB1.v2^	tet(A).v1	sul2	0	2
SRR17303733	Klebsiella pneumoniae	ST461	-	-	OXA-48	-	-	-	-	0	2
SRR17303743	Klebsiella pneumoniae	ST18-2LV	OXA-1	-	KPC-2	aac(3)-IIa.v1^;aac(6')-Ib-cr.v2;aadA5	qnrB1.v2^	tet(A).v1	sul1	0	2
SRR17303752	Klebsiella pneumoniae	ST35	OXA-1	-	KPC-2	aac(3)-IIa.v1^;aac(6')-Ib-cr.v2;aadA5;strA.v1;strB.v1	qnrB1.v2^	tet(A).v1;tet(D)	sul1	0	2
SRR17303770	Klebsiella pneumoniae	ST943	SCO-1;TEM-1D.v1^	-	KPC-2	aac(3)-IIa.v1	-	tet(B).v2*	-	0	2
SRR17303807	Klebsiella pneumoniae	ST327	-	-	OXA-48	-	-	-	-	0	2
SRR17303814	Klebsiella pneumoniae	ST915	OXA-1	-	KPC-2	aac(3)-IIa.v1^;aac(6')-Ib-cr.v2	-	tet(A).v1	-	0	2
SRR17303846	Klebsiella quasipneumoniae subsp. similipneumoniae	ST1473	OXA-1;TEM-1D.v1^	CTX-M-15	OXA-48	aac(3)-IIa.v1^;aac(6')-Ib-cr.v2;strA.v1^;strB.v1	qnrB1.v2^	tet(A).v1	sul2	0	2
SRR17303852	Klebsiella pneumoniae	ST1829	TEM-1D.v1^	-	KPC-2	-	-	-	-	0	2
SRR17303894	Klebsiella pneumoniae	ST34	-	-	KPC-2	-	qnrS1*	-	-	0	2
SRR17303897	Klebsiella pneumoniae	ST34	TEM-1D.v1^	-	KPC-2	-	-	-	-	0	2
SRR17303958	Klebsiella pneumoniae	ST11	-	-	KPC-2	aadA2	-	-	sul1	0	2
SRR17303982	Klebsiella pneumoniae	ST1823	OXA-9.v1;TEM-1D.v1^	CTX-M-15	NDM-1	aac(6')-Ib'.v1;aadA*;aph(3')-VI	qnrS1	tet(D)	-	0	3
SRR17304081	Klebsiella pneumoniae	ST323	OXA-1;TEM-1D.v1^	-	KPC-2	aac(3)-IIa.v1^;aac(6')-Ib-cr.v2	qnrB1.v2^	tet(A).v1	-	0	2
SRR17304111	Klebsiella pneumoniae	ST252	OXA-1	-	KPC-2	aac(3)-IIa.v1^;aac(6')-Ib-cr.v2	-	tet(A).v1	-	0	2
SRR17304127	Klebsiella pneumoniae	ST392	OXA-1;TEM-1D.v1^	CTX-M-15	NDM-1	aac(3)-IId^;aac(6')-Ib-cr.v2;armA;strA.v1^;strB.v1	qnrB1.v2^	-	sul1;sul2	0	2
SRR17304172	Klebsiella pneumoniae	ST23	-	-	OXA-48	-	-	-	-	5	2
SRR17304174	Klebsiella pneumoniae	ST432	-	-	OXA-48	-	-	-	-	0	2
SRR17304175	Klebsiella pneumoniae	ST187	OXA-1	-	OXA-48	aadA*	-	-	sul1	1	2
SRR17304185	Klebsiella pneumoniae	ST1198	-	-	OXA-48	-	-	-	-	0	2
SRR17304289	Klebsiella pneumoniae	ST11	TEM-1D.v1^	CTX-M-15	KPC-2	aac(6')-Ib-cr.v2;aadA2;strA.v1^;strB.v1	-	-	sul1	0	2
SRR17304291	Klebsiella pneumoniae	ST107	OXA-1;TEM-1D.v1^	-	KPC-2	aac(3)-IIa.v1^;aac(6')-Ib-cr.v2;strA.v1*;strB.v1*	-	tet(A).v1	sul2	0	2
SRR17304297	Klebsiella pneumoniae	ST253	-	-	OXA-48	-	-	-	-	0	2
SRR17304309	Klebsiella pneumoniae	ST915	OXA-1	-	KPC-2	aac(6')-Ib-cr.v2;aadA2^	qnrB1.v2^	tet(A).v1	sul1	0	2
SRR17304386	Klebsiella pneumoniae	ST14-1LV	OXA-1;OXA-9.v1;TEM-1D.v1^	CTX-M-15	NDM-1	aac(3)-IId^;aadA2^;aph(3')-VI;armA;sat-2;strA.v1*;strB.v1*	-	-	sul1?;sul2	1	2
SRR17304440	Klebsiella pneumoniae	ST321	-	-	KPC-2	-	-	-	-	0	2
SRR17304495	Klebsiella pneumoniae	ST14-2LV	OXA-1	-	NDM-1	aac(6')-Ib-cr.v2;aadA2^;aph(3')-VI;armA;sat-2	qnrB1.v2^	-	sul1^	1	3
SRR17304502	Klebsiella pneumoniae	ST1306	TEM-1D.v1^	-	OXA-181	strB.v1	qnrS1	tet(A).v1	sul2	0	2
SRR17304539	Klebsiella pneumoniae	ST147	TEM-1D.v1^	-	OXA-181	aac(6')-Ib;strA.v1;strB.v1	qnrB1.v2^	-	-	1	2
SRR17308425	Klebsiella pneumoniae	ST133	OXA-1;TEM-1D.v1^	CTX-M-15	OXA-48	aac(3)-IIa.v1^;aac(6')-Ib-cr.v2;strA.v1^;strB.v1	qnrB1.v2^	tet(A).v1	sul2	0	2
SRR17308501	Klebsiella pneumoniae	ST252	OXA-1	-	KPC-2	aac(3)-IIa.v1^;aac(6')-Ib-cr.v2;aadA5	qnrB1.v2^	tet(A).v1	sul1	0	2
SRR17308542	Klebsiella pneumoniae	ST336	-	-	OXA-48	-	-	-	-	1	2
SRR17308579	Klebsiella pneumoniae	ST273	OXA-1;OXA-9.v1;TEM-1D.v1^	CTX-M-15	NDM-1	aac(3)-IId^;aac(6')-Ib-cr.v2;aadA*;aadA5;aph(3')-VI;strA.v1;strB.v1	qnrS1	tet(D)	sul1;sul2	0	2
SRR17308603	Klebsiella pneumoniae	ST34	-	-	KPC-2	aac(3)-IIa.v1	-	tet(B).v2*	-	0	2
SRR17308616	Klebsiella pneumoniae	ST791	-	-	KPC-2	-	-	tet(D)	sul1;sul2	1	2
SRR17308623	Klebsiella pneumoniae	ST383	CMY-2.v2;TEM-104?	-	NDM-1	aac(3)-IId^;aph(3')-VI;aph3-Ia.v1*?	-	tet(A).v1?	sul2	0	2
SRR17308642	Klebsiella quasipneumoniae subsp. similipneumoniae	ST841-1LV	-	-	OXA-48	-	-	-	-	0	2
SRR17308651	Klebsiella pneumoniae	ST12	TEM-1D.v1^	-	KPC-2	aadA5	qnrB1.v2^	tet(A).v1	sul1	0	2
SRR17308655	Klebsiella pneumoniae	ST941	-	-	OXA-48	-	-	-	-	0	2
SRR17308666	Klebsiella pneumoniae	ST321	TEM-1D.v1^	-	KPC-2	-	-	-	-	0	2
SRR17308692	Klebsiella pneumoniae	ST48	TEM-1D.v1^	-	KPC-2	aadA2^;aph3-Ia.v1^;strA.v1^;strB.v1	-	tet(D)	sul1;sul2^	1	2
SRR17308701	Klebsiella pneumoniae	ST1839	-	-	OXA-48	-	-	-	-	0	2
SRR17308773	Klebsiella pneumoniae	ST831	OXA-1;TEM-1D.v1^	CTX-M-15	OXA-48	aac(6')-Ib-cr.v2;strA.v1^;strB.v1	-	-	sul2*	1	2
SRR17308784	Klebsiella pneumoniae	ST35	TEM-1D.v1^	-	KPC-2	-	-	-	-	0	2
SRR17308795	Klebsiella pneumoniae	ST48	OXA-1;TEM-1D.v1^	CTX-M-15	KPC-2*	aac(3)-IIa.v1^;aac(6')-Ib-cr.v2	-	-	-	1	2
SRR17308874	Klebsiella pneumoniae	ST716	-	-	OXA-48	-	-	-	-	1	2
SRR17308891	Klebsiella variicola subsp. variicola	ST938	OXA-1	-	KPC-2	aac(3)-IIa.v1^;aac(6')-Ib-cr.v2;aadA5	qnrB1.v2^	tet(A).v1	sul1	0	2
SRR17308912	Klebsiella pneumoniae	ST231	TEM-1D.v1^	CTX-M-15	OXA-232?	aac(6')-Ib;aadA2^;rmtF	qepA2*;qnrS1	tet(B).v2*	sul1	1	2
SRR17308917	Klebsiella variicola subsp. variicola	ST4181	TEM-1D.v1^	-	KPC-2	-	-	-	-	0	2
SRR17308937	Klebsiella pneumoniae	ST105	-	-	OXA-48	-	-	-	-	1	2
SRR17308965	Klebsiella pneumoniae	ST25	DHA-1;OXA-1;TEM-1D.v1^	-	KPC-2	aac(3)-IIa.v1^;aac(6')-Ib-cr.v2	qnrB1.v2^;qnrB4	tet(A).v1	sul1	1	2
SRR17309011	Klebsiella pneumoniae	ST34	-	-	KPC-2	aac(3)-IIa.v1	-	tet(B).v2*	-	0	2
SRR17311737	Klebsiella pneumoniae	ST268	-	-	KPC-2	-	-	-	-	5	2
SRR17383790	Klebsiella pneumoniae	ST133	-	CTX-M-15	NDM-1	aac(6')-Ib'.v1;aadA*;aph(3')-VI	qnrS1	-	-	2	2
SRR17431344	Klebsiella pneumoniae	ST234	-	-	-	-	-	-	-	2	0
SRR17563014	Klebsiella pneumoniae	ST1662-1LV	OXA-1	CTX-M-15	NDM-1	aac(6')-Ib-cr.v2;aph(3')-VI;strA.v1^;strB.v1	qnrB1.v2^	tet(A).v1	sul2	0	2
SRR17593974	Klebsiella pneumoniae	ST36	-	-	-	-	-	-	-	0	0
SRR17594006	Klebsiella pneumoniae	ST590	-	-	-	-	-	-	-	0	0
SRR17594008	Klebsiella variicola subsp. variicola	ST4025	-	-	-	-	-	-	-	0	0
SRR17594016	Klebsiella pneumoniae	ST111	-	-	-	-	-	-	-	1	0
SRR17594027	Klebsiella pneumoniae	ST14	-	-	-	-	-	tet(D)	sul1	0	0
SRR17611317	Klebsiella pneumoniae	ST111	-	CTX-M-15	NDM-5	aph(3')-VI	qnrS1	-	sul1	4	2
SRR17621145	Klebsiella pneumoniae	ST219	FOX-5	CTX-M-15	NDM-1	aadA2^;ant(2'')-Ia;aph(3')-VI;aph3-Ia.v1^;strA.v1*;strB.v1*	qnrS1	-	sul2	0	3
SRR17637303	Klebsiella pneumoniae	ST1235	OXA-1	CTX-M-15	NDM-1	aac(3)-IIa.v1^;aac(6')-Ib-cr.v2;aadA5;aph(3')-VI	qnrS1	-	sul1	0	2
SRR17640806	Klebsiella pneumoniae	ST231	TEM-1D.v1^	CTX-M-15	NDM-5;OXA-181	aac(6')-Ib;aadA2^;rmtB;rmtF	qnrS1	-	sul1	1	2
SRR17640807	Klebsiella pneumoniae	ST43	TEM-1D.v1^	CTX-M-15	NDM-5;OXA-181	aac(6')-Ib;aadA2^;rmtF	-	-	sul1	4	2
SRR17640809	Klebsiella pneumoniae	ST15-1LV	CMY-6;FONA-5*;TEM-1D.v1^	CTX-M-15;SFO-1.v1	-	rmtB	qnrB1.v1	-	-	4	1
SRR17644149	Klebsiella pneumoniae	ST1049-1LV	-	-	-	-	-	-	-	0	0
SRR17644153	Klebsiella pneumoniae	ST290	-	-	-	-	-	-	-	0	0
SRR17644247	Klebsiella pneumoniae	ST66	-	-	-	-	-	-	-	3	0
SRR17644269	Klebsiella pneumoniae	ST152	-	CTX-M-15	-	aac(6')-Ib-cr.v2;aadA16*	-	-	sul1	1	1
SRR17644290	Klebsiella pneumoniae	ST3321	-	-	-	-	-	-	-	0	0
SRR17644299	Klebsiella pneumoniae	ST766	-	-	-	-	-	-	-	0	0
SRR17644304	Klebsiella pneumoniae	ST1373-1LV	-	-	-	-	-	-	-	0	0
SRR17644308	Klebsiella pneumoniae	ST101	TEM-1D.v1^	CTX-M-15	-	-	-	-	-	1	1
SRR17644355	Klebsiella pneumoniae	ST18	-	-	-	-	-	-	-	0	0
SRR17644357	Klebsiella pneumoniae	ST17	OXA-1;TEM-1D.v1^	CTX-M-15	-	aac(6')-Ib-cr.v2;strA.v1^;strB.v1	qnrB1.v2^	tet(A).v1;tet(D)	sul2	1	1
SRR17644359	Klebsiella pneumoniae	ST1832	-	-	-	-	-	-	-	0	0
SRR17709943	Klebsiella pneumoniae	ST133	-	SHV-2	-	strA.v1*;strB.v1*	qnrS1	tet(D)	sul2	2	1
SRR17709948	Klebsiella pneumoniae	ST375	-	-	-	-	-	-	-	3	0
SRR17709950	Klebsiella quasipneumoniae subsp. similipneumoniae	ST1308	DHA-1	-	-	strA.v1;strB.v1	qnrB4	-	sul1	0	0
SRR17721444	Klebsiella pneumoniae	ST38	-	-	KPC-2	aadA2^	qnrB2.v1^	tet(A).v1	sul1	0	2
SRR17721459	Klebsiella pneumoniae	ST15	TEM-1D.v1^	CTX-M-15	NDM-1	aac(6')-Ib;aadA2^;rmtB	-	tet(B).v2*	sul1	1	2
SRR17721513	Klebsiella pneumoniae	ST101-1LV	OXA-9.v1;TEM-1D.v1^	-	NDM-5	aac(6')-Ib'.v1;aadA*;aadA2^;rmtB	-	-	sul1	1	2
SRR17779304	Klebsiella pneumoniae	ST846	-	-	VIM-1	aac(6')-Il;aadA1.v1^	qnrA1	-	sul1	0	2
SRR17867825	Klebsiella pneumoniae	ST23	TEM-1D.v1^	-	KPC-2	aph(3')-IIa	-	-	-	5	2
SRR17883345	Klebsiella pneumoniae	ST2668	-	SHV-33* +173F	-	-	-	-	-	0	1
SRR17883349	Klebsiella pneumoniae	ST152	LAP-2	-	-	aac(3)-IV^;aadA2^;aph(4)-Ia	qnrS1	tet(A).v1	-	0	0
SRR17907742	Klebsiella pneumoniae	ST383	-	CTX-M-14^;CTX-M-15	NDM-5;OXA-48	aac(6')-Ib'.v1;aadA*;aph(3')-VI;aph3-Ia.v1^;armA;strA.v1;strB.v1	qnrS1	tet(A).v1	sul1;sul2	3	3
SRR17931059	Klebsiella variicola subsp. variicola	ST386-1LV	TEM-1D.v1^	CTX-M-15	-	aac(3)-IId^;strA.v1^;strB.v1	-	tet(B).v2*	sul2	0	1
SRR17931060	Klebsiella pneumoniae	ST26-1LV	SCO-1;TEM-1D.v1^	CTX-M-15	-	aac(3)-IIa.v1;aadA^;strB.v1	-	tet(A).v1	sul1^;sul2	0	1
SRR17931069	Klebsiella pneumoniae	ST3164-1LV	OXA-1;OXA-10;TEM-1D.v1^	CTX-M-15	-	aac(3)-IIa.v1;aac(6')-Ib-cr.v2;aadA*;strA.v1^;strB.v1	qnrB1.v2^	tet(A).v1	sul1;sul2*	0	1
SRR17931075	Klebsiella pneumoniae	ST54	CARB-2.v1^;OXA-1;TEM-1D.v1^	CTX-M-15	NDM-1	aac(3)-IIa.v1^;aac(6')-Ib-cr.v2;aadA2^;ant(2'')-Ia*;aph(3')-VI	qnrB1.v2^	tet(A).v2;tet(B).v2*	sul1;sul2	0	2
SRR17931076	Klebsiella pneumoniae	ST54	CARB-2.v1^;OXA-1;TEM-1D.v1^	CTX-M-15	NDM-1	aac(3)-IIa.v1^;aac(6')-Ib-cr.v2;aadA2^;ant(2'')-Ia*;aph(3')-VI	qnrB1.v2^	tet(A).v2;tet(B).v2*	sul1;sul2	0	2
SRR17931077	Klebsiella pneumoniae	ST54	CARB-2.v1^;OXA-1;TEM-1D.v1^	CTX-M-15	NDM-1	aac(6')-Ib-cr.v2;aadA2^;ant(2'')-Ia*;aph(3')-VI	qnrB1.v2^	tet(A).v2	sul1;sul2	0	2
SRR17931083	Klebsiella pneumoniae	ST48	OXA-10;TEM-1D.v1^	CTX-M-15	-	aac(3)-IIa.v1;aadA*;aadA2^;aph3-Ia.v1^;sat-2;strA.v1^;strB.v1	qnrA1^	tet(A).v1	sul1;sul2^	1	1
SRR17931101	Klebsiella pneumoniae	ST1540	OXA-1;TEM-1D.v1^	CTX-M-15	-	aac(3)-IIa.v1^;aac(6')-Ib-cr.v2;aadA2^;strA.v1*;strB.v1*	qnrS1	tet(A).v1	sul1;sul2	1	1
SRR17931130	Klebsiella pneumoniae	ST348	OXA-1;TEM-1D.v1^	CTX-M-15	-	aac(3)-IIa.v1^;aac(6')-Ib-cr.v2;strA.v1^;strB.v1	qnrB1.v2^	tet(A).v1	sul2	1	1
SRR17931131	Klebsiella pneumoniae	ST348	OXA-1;TEM-1D.v1^	CTX-M-15	-	aac(3)-IIa.v1^;aac(6')-Ib-cr.v2;strA.v1^;strB.v1	qnrB1.v2^	tet(A).v1	sul2	1	1
SRR17944015	Klebsiella pneumoniae	ST147-1LV	OXA-9.v1;TEM-1D.v1^	-	NDM-5	aac(6')-Ib'.v1;aadA*;aph(3')-VI	-	-	sul1	4	2
SRR18030093	Klebsiella pneumoniae	ST14	CMY-4.v1*;OXA-1;OXA-9.v1	CTX-M-15	OXA-181	aac(6')-Ib-cr.v2;aadA2^;sat-2;strA.v1*;strB.v1*	-	-	sul1?;sul2	1	2
SRR18030366	Klebsiella pneumoniae	ST11	DHA-1;OXA-1	-	-	aac(6')-Ib-cr.v2^;aadA2;aph3-Ia.v1^	qnrB4	-	sul1;sul1	1	0
SRR18175535	Klebsiella pneumoniae	ST34	-	-	-	-	-	-	-	0	0
SRR18175558	Klebsiella quasipneumoniae subsp. similipneumoniae	ST3011-1LV	DHA-1;OXA-1	-	-	aac(6')-Ib-cr.v2^	qnrB4	tet(A).v1	sul1;sul1	0	0
SRR18175561	Klebsiella pneumoniae	ST60	-	SHV-40* +166G	-	-	-	-	-	1	1
SRR18175580	Klebsiella pneumoniae	ST60	-	-	-	strB.v1	-	-	sul2	1	0
SRR18175585	Klebsiella pneumoniae	ST1419	-	-	-	-	-	-	-	0	0
SRR18175609	Klebsiella quasipneumoniae subsp. quasipneumoniae	ST2507-1LV	-	-	-	-	-	-	-	1	0
SRR18175610	Klebsiella pneumoniae	ST2159	-	-	-	-	-	-	-	0	0
SRR18175645	Klebsiella pneumoniae	ST163	-	-	-	-	-	-	-	0	0
SRR18175679	Klebsiella pneumoniae	ST659	-	-	-	-	-	-	-	0	0
SRR18175701	Klebsiella variicola subsp. variicola	ST2594-1LV	-	-	-	-	-	-	-	0	0
SRR18175705	Klebsiella quasipneumoniae subsp. quasipneumoniae	ST571	-	-	-	strB.v1	-	tet(A).v1*	sul1;sul2	0	0
SRR18175716	Klebsiella pneumoniae	ST1537	-	-	-	-	-	-	-	0	0
SRR18175718	Klebsiella pneumoniae	ST35	-	-	-	-	-	-	-	0	0
SRR18175723	Klebsiella quasipneumoniae subsp. similipneumoniae	ST1490-3LV	-	-	-	-	-	-	-	0	0
SRR18178371	Klebsiella pneumoniae	ST491	OXA-1	-	KPC-2	aac(3)-IIa.v1^;aac(6')-Ib-cr.v2;aadA5	qnrB1.v2^	tet(A).v1	sul1	0	2
SRR18190600	Klebsiella quasipneumoniae subsp. quasipneumoniae	ST571	-	SHV-12	IMP-4	aac(6')-Ib-cr.v2*;aadA1.v1^;aadA2^;armA;strA.v1*;strB.v1*	qnrS1	-	sul1;sul2	0	2
SRR18190602	Klebsiella quasipneumoniae subsp. quasipneumoniae	ST571	-	SHV-12	IMP-4	aac(6')-Ib-cr.v2*;aadA1.v1^;aadA2^;armA;strA.v1*;strB.v1*	qnrS1	-	sul1;sul2	0	2
SRR18207172	Klebsiella pneumoniae	ST1007-2LV	-	-	-	-	-	-	-	0	0
SRR18207187	Klebsiella pneumoniae	ST1109	-	-	-	-	-	-	-	0	0
SRR18207192	Klebsiella pneumoniae	ST405-1LV	-	-	-	strA.v1^;strB.v1	-	-	sul2	0	0
SRR18207200	Klebsiella pneumoniae	ST26-3LV	-	-	-	-	-	-	-	0	0
SRR18207253	Klebsiella pneumoniae	ST1109	-	-	-	-	-	-	-	0	0
SRR18207255	Klebsiella pneumoniae	ST1109	-	-	-	-	-	-	-	0	0
SRR18207277	Klebsiella pneumoniae	ST1109	-	-	-	-	-	-	-	0	0
SRR18207288	Klebsiella pneumoniae	ST35-1LV	TEM-1D.v1^	-	IMP-4	aac(3)-IId^;aac(6')-Ib4	-	tet(A).v1	sul1	1	2
SRR18207297	Klebsiella pneumoniae	ST1779	TEM-1D.v1^	-	-	-	-	tet(D)	-	0	0
SRR18207315	Klebsiella pneumoniae	ST36	DHA-1^	-	-	-	-	-	-	0	0
SRR18207339	Klebsiella pneumoniae	ST1109	-	-	-	-	-	-	-	0	0
SRR18207343	Klebsiella pneumoniae	ST1307-1LV	-	-	-	-	-	-	-	0	0
SRR18207347	Klebsiella pneumoniae	ST322	DHA-1^	-	-	-	-	-	-	0	0
SRR18208091	Klebsiella pneumoniae	ST147-1LV	OXA-1;OXA-9.v1;TEM-1D.v1^	CTX-M-15	NDM-1	aac(3)-IIa.v1^;aac(6')-Ib-cr.v2*;aadA*;aph(3')-VI	qnrS1	-	sul1	1	2
SRR18208865	Klebsiella pneumoniae	ST309	-	-	-	-	-	-	-	0	0
SRR18208883	Klebsiella pneumoniae	ST941	-	-	-	-	-	-	-	0	0
SRR18208896	Klebsiella pneumoniae	ST220	-	-	-	-	-	-	-	0	0
SRR18208902	Klebsiella pneumoniae	ST993	-	-	-	-	-	-	-	0	0
SRR18208907	Klebsiella pneumoniae	ST557	-	-	-	-	-	-	-	0	0
SRR18208914	Klebsiella pneumoniae	ST65	-	-	-	-	-	-	-	3	0
SRR18208927	Klebsiella pneumoniae	ST150	-	-	-	-	-	-	-	0	0
SRR18208939	Klebsiella pneumoniae	ST273	TEM-1D.v1^	CTX-M-3	-	aadA5;strB.v1	qnrS1	tet(D)	sul1;sul2	1	1
SRR18208963	Klebsiella pneumoniae	ST2856	-	-	-	-	-	-	-	0	0
SRR18208979	Klebsiella pneumoniae	ST245	-	-	-	-	-	-	-	0	0
SRR18208987	Klebsiella pneumoniae	ST37-1LV	-	-	-	-	-	-	-	0	0
SRR18208992	Klebsiella pneumoniae	ST34	-	-	-	-	-	-	-	0	0
SRR18208996	Klebsiella pneumoniae	ST220	-	-	-	-	-	-	-	1	0
SRR18209009	Klebsiella pneumoniae	ST105	-	CTX-M-15	-	aadA2^;aph3-Ia.v1^;strA.v1*;strB.v1*	qnrS1	-	sul1;sul2	1	1
SRR18209014	Klebsiella pneumoniae	ST792	-	-	-	-	-	-	-	2	0
SRR18209024	Klebsiella pneumoniae	ST2524	-	-	-	-	-	-	-	0	0
SRR18209057	Klebsiella pneumoniae	ST496	-	-	-	-	-	-	-	0	0
SRR18209064	Klebsiella pneumoniae	ST643	-	-	-	-	-	-	sul1	0	0
SRR18209068	Klebsiella pneumoniae	ST1189-1LV	TEM-1D.v1^	CTX-M-27	-	aac(3)-IId^;aadA5;strA.v1^;strB.v1*	-	tet(A).v1	sul1;sul2	1	1
SRR18209070	Klebsiella pneumoniae	ST3043	-	-	-	-	-	-	-	0	0
SRR18209071	Klebsiella pneumoniae	ST215	-	-	-	-	-	-	-	0	0
SRR18209087	Klebsiella pneumoniae	ST412	-	-	-	-	-	-	-	4	0
SRR18209102	Klebsiella pneumoniae	ST2856	-	-	-	-	-	-	-	0	0
SRR18209128	Klebsiella pneumoniae	ST643	-	-	-	-	-	-	-	0	0
SRR18209139	Klebsiella pneumoniae	ST1189-1LV	TEM-1D.v1^	CTX-M-27	-	aac(3)-IId^;aadA5;strA.v1^;strB.v1*	-	tet(A).v1	sul1;sul2	1	1
SRR18209173	Klebsiella pneumoniae	ST221	-	-	-	strA.v1*;strB.v1*	qnrS1	-	sul2	1	0
SRR18209175	Klebsiella pneumoniae	ST896	-	-	-	-	-	-	-	1	0
SRR18209181	Klebsiella pneumoniae	ST1079	-	-	-	-	-	-	-	0	0
SRR18209200	Klebsiella pneumoniae	ST866	-	-	-	-	-	-	-	0	0
SRR18209207	Klebsiella pneumoniae	ST997	-	-	-	aac(3)-IId^	qnrB2.v1^	-	sul1	0	0
SRR18209220	Klebsiella pneumoniae	ST485	TEM-1D.v1^	-	-	strA.v1^;strB.v1	-	-	sul2	0	0
SRR18209229	Klebsiella pneumoniae	ST2029-1LV	-	-	-	-	-	-	-	0	0
SRR18209230	Klebsiella pneumoniae	ST592	-	-	-	-	-	-	-	3	0
SRR18209234	Klebsiella pneumoniae	ST661	-	-	-	-	-	-	-	1	0
SRR18212565	Klebsiella pneumoniae	ST17	OXA-9.v1	-	KPC-3	aac(6')-Ib'.v1*;aadA*;strA.v1^;strB.v1	-	-	sul2	0	2
SRR18212567	Klebsiella pneumoniae	ST147-1LV	OXA-1;OXA-9.v1;TEM-1D.v1^	CTX-M-15;CTX-M-27	NDM-1	aac(6')-Ib-cr.v2;aadA*;aadA5;aph(3')-VI;strA.v1^;strB.v1*	qnrS1	tet(A).v1	sul1;sul2	1	2
SRR18217134	Klebsiella pneumoniae	ST405	OXA-1;TEM-1D.v1^	CTX-M-15	OXA-48	aac(6')-Ib-cr.v2;strA.v1^;strB.v1	qnrB1.v2^	tet(A).v1	sul2	1	2
SRR18217135	Klebsiella pneumoniae	ST2096	OXA-1	-	OXA-232	aac(6')-Ib-cr.v2;sat-2	-	-	-	1	3
SRR18217138	Klebsiella pneumoniae	ST16	OXA-1	CTX-M-15	-	aac(6')-Ib-cr.v2	-	-	-	0	1
SRR18217147	Klebsiella pneumoniae	ST2096	OXA-1;TEM-1D.v1^	CTX-M-15	OXA-232	aac(3)-IIa.v1^;aac(6')-Ib-cr.v2;sat-2;strA.v1^;strB.v1	qnrB1.v2^	tet(A).v1	sul2	0	2
SRR18217148	Klebsiella pneumoniae	ST1626	OXA-1;TEM-1D.v1^	CTX-M-15	-	aac(3)-IIa.v1^;aac(6')-Ib-cr.v2;strA.v1^;strB.v1	qnrB1.v2^	tet(A).v1	sul2	0	1
SRR18217168	Klebsiella pneumoniae	ST16	OXA-1;TEM-1D.v1^	CTX-M-15	-	aac(6')-Ib-cr.v2;aadA2^;aph3-Ia.v1^	-	tet(A).v1	sul1	1	1
SRR18217190	Klebsiella variicola subsp. variicola	ST981	-	-	OXA-48	aac(2')-IIa*	qnrS1	-	-	1	2
SRR18217222	Klebsiella pneumoniae	ST2096	OXA-1;TEM-1D.v1^	CTX-M-15	OXA-232	aac(6')-Ib-cr.v2;aadA2^;armA*;sat-2	-	-	sul1	4	2
SRR18217230	Klebsiella pneumoniae	ST187	OXA-1	CTX-M-15	-	aac(6')-Ib-cr.v2^;aadA2^;aph3-Ia.v1^;strA.v1*;strB.v1*	qnrS1	tet(A).v1	sul1;sul2	0	1
SRR18217267	Klebsiella pneumoniae	ST101	OXA-1;TEM-1D.v1^	CTX-M-15	OXA-244	aac(3)-IIa.v1^;aac(6')-Ib-cr.v2	-	tet(D)	-	1	3
SRR18217284	Klebsiella pneumoniae	ST2096	OXA-1;TEM-1D.v1^	CTX-M-15	OXA-232	aac(6')-Ib-cr.v2;aadA2^;armA*;sat-2	qnrS1	tet(D)	sul1	4	2
SRR18217302	Klebsiella pneumoniae	ST2096	OXA-1;TEM-1D.v1^	CTX-M-15	OXA-232	aac(3)-IIa.v1^;aac(6')-Ib-cr.v2;aadA2^;armA*;sat-2	-	tet(A).v1*	sul1	4	2
SRR18217316	Klebsiella pneumoniae	ST187	-	CTX-M-15	-	aadA2^;aph3-Ia.v1^;strA.v1*;strB.v1*	qnrS1	tet(A).v1	sul1;sul2	0	1
SRR18217322	Klebsiella variicola subsp. variicola	ST1599	-	-	OXA-181	-	qnrS1	-	-	0	2
SRR18217331	Klebsiella pneumoniae	ST187	-	CTX-M-15	-	aadA2^;aph3-Ia.v1^;strA.v1*;strB.v1*	qnrS1	tet(A).v1	sul1;sul2	0	1
SRR18217361	Klebsiella pneumoniae	ST16	OXA-1;TEM-1D.v1^	CTX-M-15	OXA-232?	aac(3)-IIa.v1^;aac(6')-Ib-cr.v2;aadA2^;armA*;rmtC*;sat-2	-	-	sul1	4	2
SRR18217362	Klebsiella pneumoniae	0	OXA-1;TEM-1D.v1^	CTX-M-15	OXA-48	aac(3)-IId^;aac(6')-Ib-cr.v2;aadA2^;armA*;sat-2	-	tet(A).v1	sul1	4	3
SRR18297524	Klebsiella pneumoniae	ST517	TEM-1D.v1^	CTX-M-3	IMP-1	aac(6')-Ib4*;aadA5;strA.v1*;strB.v1*	qnrS1	-	sul2	0	2
SRR18297553	Klebsiella pneumoniae	ST65	-	-	-	-	-	-	-	5	0
SRR18346078	Klebsiella pneumoniae	ST111	-	CTX-M-15	NDM-5	aph(3')-VI	qnrS1	-	sul1	4	2
SRR18370224	Klebsiella variicola subsp. variicola	ST641	-	SHV-12	KPC-2	aac(6')-Ib4;aadA2	qnrB19^	-	sul1	0	2
SRR18396901	Klebsiella variicola subsp. variicola	ST681	TEM-1D.v1^	-	KPC-3	-	qnrS1	-	-	0	2
SRR18440449	Klebsiella pneumoniae	ST273	OXA-1	-	NDM-1	aac(3)-IIa.v1^;aac(6')-Ib-cr.v2;aadA2^;aph3-Ia.v1^	qnrB1.v2^	tet(A).v1	sul1	0	3
SRR18440470	Klebsiella pneumoniae	ST1	OXA-1;OXA-9.v1;TEM-1D.v1^	CTX-M-15	NDM-1	aac(3)-IIa.v1^;aac(6')-Ib'.v1;aadA*;aph(3')-VI	qnrS1	tet(A).v1	sul1	0	2
SRR18440482	Klebsiella pneumoniae	ST133-2LV	OXA-1	CTX-M-15	KPC-2	aac(3)-IIa.v1^;aac(6')-Ib-cr.v2;strA.v1^;strB.v1	qnrB1.v2^	tet(A).v1	sul2	0	2
SRR18440558	Klebsiella pneumoniae	ST101	OXA-1;TEM-1D.v1^	-	OXA-232	aac(3)-IIa.v1^;aac(6')-Ib-cr.v2;aadA2^;aadA^;aph3-Ia.v1^	qnrB1.v2^	tet(A).v1	sul1	1	2
SRR18486033	Klebsiella pneumoniae	ST188-1LV	-	-	-	-	-	-	-	0	0
SRR18486036	Klebsiella pneumoniae	ST922	-	-	-	-	-	-	-	0	0
SRR18486043	Klebsiella pneumoniae	ST22	-	-	-	-	-	-	-	0	0
SRR18495709	Klebsiella pneumoniae	ST11-2LV	TEM-1D.v1^	-	KPC-2	aadA2;rmtB	-	-	-	1	2
SRR18503550	Klebsiella pneumoniae	ST42	-	CTX-M-15	OXA-181	aac(6')-Ib;aph3-Ia.v1^;rmtF	-	tet(A).v1*	-	0	2
SRR18543813	Klebsiella pneumoniae	ST10	-	-	-	-	-	-	-	0	0
SRR18543820	Klebsiella pneumoniae	ST643	-	-	-	-	-	-	-	0	0
SRR18543846	Klebsiella pneumoniae	ST337	-	-	-	-	-	-	-	0	0
SRR18543874	Klebsiella pneumoniae	ST110	-	-	-	-	-	-	-	0	0
SRR18543878	Klebsiella pneumoniae	ST240	-	-	-	-	-	-	-	0	0
SRR18543883	Klebsiella pneumoniae	ST26	-	-	-	-	-	-	-	0	0
SRR18543884	Klebsiella pneumoniae	ST1966	-	-	-	-	-	-	-	0	0
SRR18543896	Klebsiella pneumoniae	ST556	-	-	-	-	-	tet(D)	-	0	0
SRR18543897	Klebsiella pneumoniae	ST22	-	-	-	-	-	-	-	0	0
SRR18645353	Klebsiella pneumoniae	ST340	OXA-1;TEM-1D.v1^;TEM-1D.v1^	CTX-M-15	KPC-2	aac(3)-IId^;aac(6')-Ib-cr.v2;aadA2^;aph3-Ia.v1^	qnrB2.v1^	tet(D)	sul1	0	2
SRR18649223	Klebsiella pneumoniae	ST418	TEM-150*?	-	KPC-3	aac(6')-Ib'.v1;strA.v1^;strB.v1	-	-	sul2	0	2
SRR18649244	Klebsiella pneumoniae	ST300	TEM-1D.v1^	-	KPC-3	aadA1.v1^	qnrS1	-	sul1	0	2
SRR18686648	Klebsiella pneumoniae	ST1401	OXA-9.v1;TEM-1D.v1^	-	KPC-3	aac(3)-Ib;aac(6')-Ib'.v1*;aadA*;aph3-Ia.v1*?	-	-	sul1	0	2
SRR18687183	Klebsiella pneumoniae	ST101-1LV	OXA-9.v1;TEM-1D.v1^	-	NDM-5	aac(6')-Ib'.v1;aadA*;aadA2^;rmtB	-	-	sul1	1	2
SRR18729507	Klebsiella pneumoniae	ST70	-	-	-	-	-	-	-	0	0
SRR18729508	Klebsiella pneumoniae	ST4041	-	-	-	-	-	-	-	0	0
SRR18729531	Klebsiella pneumoniae	ST340	-	-	KPC-3	aac(3)-IV;aadA2;aadA^;aph(4)-Ia*	-	-	-	0	2
SRR18729546	Klebsiella pneumoniae	ST147	DHA-1	-	-	-	qnrB4	-	sul1	0	0
SRR18729616	Klebsiella pneumoniae	ST299	-	-	-	-	-	-	-	2	0
SRR18729625	Klebsiella pneumoniae	ST462	TEM-1D.v1^	CTX-M-15	-	strA.v1^;strB.v1	qnrB1.v2^	-	sul2	0	1
SRR18729652	Klebsiella pneumoniae	ST442	OXA-1;TEM-1D.v1^	CTX-M-15	KPC-3	aac(3)-IIa.v1;aac(6')-Ib-cr.v2;aadA^	-	-	sul1^	0	2
SRR18729655	Klebsiella pneumoniae	ST258	OXA-2*	SHV-7^	-	aadA2^	-	-	sul1	1	1
SRR18729697	Klebsiella quasipneumoniae subsp. similipneumoniae	ST1308	TEM-1D.v1^	-	-	-	-	tet(D)	sul2	0	0
SRR18729701	Klebsiella pneumoniae	ST104	-	-	-	-	-	-	-	1	0
SRR18729706	Klebsiella pneumoniae	ST551	OXA-1;TEM-1D.v1^	CTX-M-15	-	aac(6')-Ib-cr.v2;strA.v1^;strB.v1	qnrB1.v2^	tet(A).v1	sul2	0	1
SRR18729708	Klebsiella pneumoniae	ST2096	OXA-1;TEM-1D.v1^	CTX-M-15	OXA-232	aac(6')-Ib-cr.v2;aadA2^;armA*;sat-2	-	tet(D)	sul1	1	2
SRR18729711	Klebsiella pneumoniae	ST231-1LV	CMY-4.v1;TEM-1D.v1^	CTX-M-15	NDM-1;OXA-181	aac(6')-Ib;aph(3')-VI;strA.v1^;strB.v1	qnrB1.v1	-	sul2	1	2
SRR18729718	Klebsiella pneumoniae	ST340	OXA-2;TEM-1D.v1^	-	KPC-3	aac(3)-IIa.v1;aadA^;aph3-Ia.v1^	qnrS1	-	sul1;sul3	0	2
SRR18729719	Klebsiella pneumoniae	ST268	-	-	-	-	-	-	-	2	0
SRR18733106	Klebsiella pneumoniae	ST187	-	-	VIM-1	aac(6')-Il;aadA1.v1^;aadA2^	qnrA1	-	sul1;sul1	0	2
SRR18747000	Klebsiella pneumoniae	ST258	TEM-1D.v1^	-	-	aac(6')-33;aac(6')-Ib'.v1;aadA2^;ant(2'')-Ia;aph(3')-Ia	-	tet(D)	sul1;sul2	2	0
SRR18774230	Klebsiella pneumoniae	ST474	TEM-1D.v1^	CTX-M-15	-	strA.v1^;strB.v1	qnrB1.v2^	-	sul2	0	1
SRR18837625	Klebsiella pneumoniae	ST1380-1LV	-	-	NDM-7	-	-	-	-	0	2
SRR18850307	Klebsiella pneumoniae	ST215	OXA-1;TEM-1D.v1^	CTX-M-15	-	aac(3)-IIa.v1^;aac(6')-Ib-cr.v2;strA.v1^;strB.v1	qnrB1.v2^	tet(A).v1	sul2	0	1
SRR18893686	Klebsiella pneumoniae	ST147	-	-	NDM-1	aac(3)-IId^;aadA2^;aph(3')-VI*;armA	-	-	sul1	0	2
SRR18893687	Klebsiella pneumoniae	ST3476	TEM-1D.v1^	CTX-M-3	-	aac(6')-Ib-cr.v2;aadA16*	qnrS1	tet(A).v2	sul1	0	1
SRR18934830	Klebsiella pneumoniae	ST66-1LV	-	-	-	-	-	-	-	5	0
SRR18982267	Klebsiella pneumoniae	ST1574	-	-	-	-	-	-	-	0	0
SRR18982268	Klebsiella pneumoniae	ST499	-	-	-	-	-	-	-	0	0
SRR18982298	Klebsiella pneumoniae	ST2086	-	-	-	-	-	-	-	1	0
SRR18982323	Klebsiella variicola subsp. variicola	ST596	-	-	-	-	-	-	-	0	0
SRR18982331	Klebsiella pneumoniae	ST502	-	-	-	-	-	-	-	0	0
SRR18982339	Klebsiella pneumoniae	ST846	-	-	-	-	-	-	-	0	0
SRR18982342	Klebsiella pneumoniae	ST36	-	-	-	-	-	-	-	0	0
SRR18982351	Klebsiella pneumoniae	ST4075	-	-	-	-	-	-	-	0	0
SRR19034560	Klebsiella pneumoniae	ST866	-	-	VIM-1	aac(6')-Il;aadA1.v1^	qnrA1	tet(D)	sul1;sul1	0	2
SRR19090174	Klebsiella pneumoniae	ST391	OXA-1;TEM-1D.v1^	CTX-M-15	-	aac(6')-Ib-cr.v2;strA.v1^;strB.v1	qnrB1.v2^	tet(A).v1	sul2	1	1
SRR19090179	Klebsiella pneumoniae	ST188	-	-	-	-	-	-	-	0	0
SRR19090180	Klebsiella pneumoniae	ST584	-	-	-	-	-	-	-	0	0
SRR19090181	Klebsiella pneumoniae	ST528	-	-	KPC-2	-	-	-	-	0	2
SRR19090194	Klebsiella pneumoniae	ST23	-	-	KPC-2	-	-	-	-	5	2
SRR19090196	Klebsiella pneumoniae	ST147	TEM-1D.v1^	CTX-M-15	-	aadA2^	-	-	sul1	1	1
SRR19090203	Klebsiella pneumoniae	ST1411	-	-	-	-	-	-	-	0	0
SRR19090208	Klebsiella pneumoniae	ST152	-	-	-	-	-	-	-	0	0
SRR19090210	Klebsiella quasipneumoniae subsp. quasipneumoniae	ST571	-	-	-	aadA^	-	-	sul1	0	0
SRR19090221	Klebsiella variicola subsp. variicola	ST1562	-	-	-	-	-	-	-	1	0
SRR19090223	Klebsiella pneumoniae	ST2449-1LV	-	-	-	-	-	-	-	0	0
SRR19090228	Klebsiella variicola subsp. variicola	ST368	-	-	-	-	-	-	-	0	0
SRR19090229	Klebsiella pneumoniae	ST528	TEM-1D.v1^	-	-	-	-	-	-	0	0
SRR19090246	Klebsiella pneumoniae	ST466	-	-	-	-	-	-	-	1	0
SRR19090265	Klebsiella variicola subsp. variicola	ST595	-	-	-	-	-	-	-	1	0
SRR19095570	Klebsiella pneumoniae	ST253	-	-	-	-	-	-	-	0	0
SRR19095594	Klebsiella quasipneumoniae subsp. similipneumoniae	ST384	-	-	-	-	-	-	-	0	0
SRR19095596	Klebsiella pneumoniae	ST3480-1LV	-	-	-	-	-	-	-	0	0
SRR19095606	Klebsiella pneumoniae	ST3480-1LV	-	-	-	-	-	-	-	0	0
SRR19095610	Klebsiella pneumoniae	ST628	-	-	-	-	-	-	-	0	0
SRR19095618	Klebsiella pneumoniae	ST629	-	-	-	-	-	-	-	0	0
SRR19095625	Klebsiella pneumoniae	ST29-1LV	-	-	-	-	-	-	-	0	0
SRR19095626	Klebsiella pneumoniae	ST13	-	-	-	-	-	-	-	0	0
SRR19095632	Klebsiella pneumoniae	ST307	OXA-1;TEM-1D.v1^	CTX-M-15	-	aac(3)-IIa.v1^;aac(6')-Ib-cr.v2;strA.v1^;strB.v1	qnrB1.v2^	tet(A).v1	sul2	0	1
SRR19095640	Klebsiella variicola subsp. variicola	ST1433-2LV	-	-	-	-	-	-	-	0	0
SRR19165484	Klebsiella pneumoniae	ST29	OXA-1;TEM-1D.v1^	CTX-M-15	-	aac(3)-IIa.v1^;aac(6')-Ib-cr.v2;strA.v1^;strB.v1	qnrB1.v2^	tet(A).v1	sul2	1	1
SRR19165541	Klebsiella pneumoniae	ST45	-	SHV-105*	-	ant(2'')-Ia	qnrS1	tet(D)	-	1	1
SRR19165558	Klebsiella pneumoniae	ST2004	OXA-1;TEM-1D.v1^	CTX-M-15	-	aac(3)-IIa.v1^;aac(6')-Ib-cr.v2;strA.v1^;strB.v1	qnrB1.v2^	tet(A).v1	sul2	0	1
SRR19165578	Klebsiella pneumoniae	ST4060	-	CTX-M-15	-	strA.v1*;strB.v1*	qnrS1	-	sul2	0	1
SRR19221570	Klebsiella pneumoniae	ST3379	AmpC1*;TEM-1D.v1^	-	-	strA.v1^;strB.v1	-	tet(A).v1	sul2	0	0
SRR19309822	Klebsiella pneumoniae	ST11	LAP-2;TEM-1D.v1^	CTX-M-65	KPC-2	aadA2;rmtB	qnrS1	tet(A).v1	sul2	4	2
SRR19309846	Klebsiella pneumoniae	ST723	LAP-2	CTX-M-14	-	aac(3)-IId^	qnrS1	tet(A).v1	sul1	0	1
SRR19309850	Klebsiella pneumoniae	ST11-1LV	TEM-1D.v1^	CTX-M-65	KPC-2	rmtB	-	-	-	1	2
SRR19309852	Klebsiella pneumoniae	ST11-1LV	TEM-1D.v1^	CTX-M-65	KPC-2	rmtB	-	-	-	1	2
SRR19309891	Klebsiella pneumoniae	ST11	TEM-1D.v1^	CTX-M-14	KPC-2	aadA2;rmtB	-	tet(A).v1	-	1	2
SRR19369851	Klebsiella pneumoniae	ST16	OXA-9.v1;TEM-1D.v1^	CTX-M-15	NDM-1;OXA-232	aac(6')-Ib'.v1;aadA*;aadA2^	-	tet(B).v2*	sul1	1	2
SRR19370171	Klebsiella pneumoniae	ST16	-	CTX-M-15	-	aac(6')-Ib-cr.v2	qnrB6^	tet(A).v1	sul1	1	1
SRR19370191	Klebsiella pneumoniae	ST16	-	CTX-M-15	OXA-232	-	-	tet(B).v2*	-	1	2
SRR19370249	Klebsiella pneumoniae	ST16	CMY-2.v2	CTX-M-15	NDM-1	aadA2^	-	tet(B).v2*	sul1	1	2
SRR19370562	Klebsiella pneumoniae	ST16	OXA-9.v1;TEM-1D.v1^	CTX-M-15	NDM-1;OXA-232	aac(6')-Ib'.v1;aadA*;aadA2^	-	tet(B).v2*	sul1	1	2
SRR19372356	Klebsiella pneumoniae	ST43	-	-	-	-	-	-	-	3	0
SRR19372372	Klebsiella pneumoniae	ST2411	-	-	-	-	-	-	-	3	0
SRR19372376	Klebsiella pneumoniae	ST776	-	-	-	-	-	-	-	3	0
SRR19372381	Klebsiella pneumoniae	ST279	-	-	-	-	-	-	-	0	0
SRR19372399	Klebsiella pneumoniae	ST3369	-	-	-	-	-	-	-	3	0
SRR19372465	Klebsiella pneumoniae	ST219	-	-	-	-	-	-	-	3	0
SRR19409806	Klebsiella pneumoniae	ST111	-	CTX-M-15	NDM-5	aph(3')-VI	qnrS1	-	sul1	4	2
SRR19433156	Klebsiella variicola subsp. variicola	ST697	-	-	-	-	-	-	-	0	0
SRR19433164	Klebsiella pneumoniae	ST1917	-	-	-	-	-	-	-	0	0
SRR19441481	Klebsiella pneumoniae	ST643	-	CTX-M-14	-	-	-	-	-	0	1
SRR19442151	Klebsiella pneumoniae	ST661	DHA-1	-	-	aadA^;aph3-Ia.v1^	qnrB4;qnrS1	tet(A).v1	sul1;sul3	0	0
SRR19442204	Klebsiella pneumoniae	ST1997	-	CTX-M-14	-	aac(3)-IIa.v1^;strB.v1	-	-	sul2	0	1
SRR19442207	Klebsiella pneumoniae	ST429	OXA-1;TEM-1D.v1^	CTX-M-15	-	aac(6')-Ib-cr.v2;strA.v1^;strB.v1	qnrB1.v2^	tet(A).v1	sul2	0	1
SRR19442305	Klebsiella pneumoniae	ST133	OXA-1;TEM-1D.v1^	CTX-M-15	-	aac(6')-Ib-cr.v2;strA.v1^;strB.v1	qnrB1.v2^	tet(A).v1	sul2	1	1
SRR19442424	Klebsiella pneumoniae	ST133	OXA-1;TEM-1D.v1^	CTX-M-15	-	aac(6')-Ib-cr.v2;strA.v1^;strB.v1	qnrB1.v2^	tet(A).v1	sul2	1	1
SRR19442441	Klebsiella pneumoniae	ST215	OXA-1;TEM-1D.v1^	CTX-M-15	-	aac(3)-IIa.v1^;aac(6')-Ib-cr.v2;strA.v1^;strB.v1	qnrB1.v2^	tet(A).v1	sul2	0	1
SRR19442463	Klebsiella pneumoniae	ST54	TEM-1D.v1^	CTX-M-15	-	strA.v1^;strB.v1	qnrB1.v2^	-	sul2	0	1
SRR19442529	Klebsiella pneumoniae	ST133	TEM-1D.v1^	CTX-M-15	-	aac(6')-Ib-cr.v2;strA.v1^;strB.v1	qnrB1.v2^	tet(A).v1	sul2	1	1
SRR19442721	Klebsiella pneumoniae	ST2498	-	-	-	-	-	-	-	0	0
SRR19442796	Klebsiella pneumoniae	ST163	TEM-1D.v1^	-	IMP-4	aac(3)-IId^;aac(6')-Ib4	-	-	sul1	0	2
SRR19442876	Klebsiella pneumoniae	ST948	-	-	OXA-181	-	qnrS1	-	-	0	2
SRR19442989	Klebsiella pneumoniae	ST719	-	CTX-M-15	-	-	-	-	-	0	1
SRR19442990	Klebsiella pneumoniae	ST13	OXA-1;TEM-1D.v1^	CTX-M-15	-	aac(3)-IIa.v1^;aac(6')-Ib-cr.v2;strA.v1^;strB.v1	qnrB1.v2^	tet(A).v1	sul2	1	1
SRR19462078	Klebsiella pneumoniae	ST1496	-	-	KPC-2	-	-	-	-	0	2
SRR19537818	Klebsiella pneumoniae	ST78	OXA-1^	CTX-M-15	NDM-1;OXA-48	aac(3)-IId^;aac(6')-Ib-cr.v2;aadA2^;aph(3')-VI?;armA;sat-2	-	-	sul1	1	2
SRR19560995	Klebsiella pneumoniae	ST13	OXA-1	CTX-M-15	-	aac(3)-IIa.v1^;aac(6')-Ib-cr.v2;aadA1.v1^	qnrS1	tet(D)	sul1;sul2	1	1
SRR19560998	Klebsiella pneumoniae	ST13	OXA-1	CTX-M-15	-	aac(3)-IIa.v1^;aac(6')-Ib-cr.v2;aadA1.v1^	qnrS1	tet(D)	sul1;sul2	1	1
SRR19561036	Klebsiella pneumoniae	ST13	OXA-1	CTX-M-15	-	aac(3)-IIa.v1^;aac(6')-Ib-cr.v2;aadA1.v1^	qnrS1	tet(D)	sul1;sul2	1	1
SRR19561075	Klebsiella pneumoniae	ST711	OXA-1	CTX-M-15	-	aac(3)-IIa.v1^;aac(6')-Ib-cr.v2	qnrB1.v2^	tet(A).v1	-	0	1
SRR19561131	Klebsiella pneumoniae	ST22	DHA-1;LAP-2	CTX-M-14	-	aac(3)-IId^	qnrS1	tet(A).v1	sul1;sul1	0	1
SRR19561324	Klebsiella pneumoniae	ST711	OXA-1	CTX-M-15	-	aac(3)-IIa.v1^;aac(6')-Ib-cr.v2	qnrB1.v2^	tet(A).v1	-	0	1
SRR19561443	Klebsiella pneumoniae	ST36	TEM-1D.v1^	CTX-M-15	-	aac(3)-IIa.v1^;aac(6')-Ib-cr.v2;strA.v1^;strB.v1	qnrB1.v2^	-	sul2	0	1
SRR19561546	Klebsiella variicola subsp. variicola	ST1563	-	-	-	-	-	tet(D)	-	0	0
SRR19561629	Klebsiella pneumoniae	ST13	OXA-1	CTX-M-15	-	aac(3)-IIa.v1^;aac(6')-Ib-cr.v2;aadA1.v1^	qnrS1	tet(D)	sul1;sul2	1	1
SRR19561750	Klebsiella pneumoniae	ST753	OXA-1;TEM-1D.v1^	CTX-M-15	-	aac(6')-Ib-cr.v2;aadA2^;aph3-Ia.v1^;strA.v1*;strB.v1*	qnrS1	-	sul1;sul2	0	1
SRR19561773	Klebsiella pneumoniae	ST133	OXA-1;TEM-1D.v1^	CTX-M-15	-	aac(6')-Ib-cr.v2;strA.v1^;strB.v1	qnrB1.v2^	tet(A).v1	sul2	1	1
SRR19561867	Klebsiella quasipneumoniae subsp. similipneumoniae	ST1308	TEM-1D.v1^	CTX-M-15	-	strA.v1^;strB.v1^	qnrS1	-	sul2*	1	1
SRR19561924	Klebsiella pneumoniae	ST846	OXA-1;TEM-1D.v1^	-	IMP-4	aac(6')-Ib4;strA.v1;strB.v1	qnrB2.v1^	tet(D)	sul1	0	3
SRR19577395	Klebsiella quasipneumoniae subsp. quasipneumoniae	ST2941	OXA-1;TEM-1D.v1^	CTX-M-15	-	aac(3)-IIa.v1^;aac(6')-Ib-cr.v2;strA.v1^;strB.v1	qnrB1.v2^	-	sul2	0	1
SRR19577404	Klebsiella quasipneumoniae subsp. similipneumoniae	ST1998	OXA-1;OXA-9.v1	CTX-M-15	NDM-7	aac(3)-IIa.v1^;aac(6')-Ib'.v1*;aadA*;aadA2;armA;strA.v1^;strB.v1	qepA2*;qnrB1.v2^	tet(A).v1	sul1;sul2	0	2
SRR19577479	Klebsiella quasipneumoniae subsp. similipneumoniae	ST334	OXA-1	CTX-M-15;SHV-12	KPC-2	aac(6')-Ib;rmtF	qnrB1.v1	tet(A).v1	-	0	2
SRR19577488	Klebsiella quasipneumoniae subsp. similipneumoniae	ST1998	OXA-1;TEM-1D.v1^	CTX-M-15	KPC-2;NDM-1	aac(3)-IId^;aac(6')-Ib-cr.v2;aadA2^;aph(3')-VI;armA;strA.v1^;strB.v1	-	-	sul1;sul2	0	2
SRR19577489	Klebsiella quasipneumoniae subsp. similipneumoniae	ST3871	-	-	-	-	-	-	-	0	0
SRR19592996	Klebsiella pneumoniae	ST789	TEM-1D.v1^	CTX-M-15	NDM-5	-	-	tet(D)	-	0	2
SRR19593000	Klebsiella pneumoniae	ST789	TEM-1D.v1^	CTX-M-15	NDM-5	-	-	-	-	0	2
SRR19593017	Klebsiella pneumoniae	ST789	TEM-1D.v1^	CTX-M-15	NDM-5	-	-	tet(D)	-	0	2
SRR19593020	Klebsiella pneumoniae	ST29	TEM-1D.v1^	CTX-M-15	IMP-4	aac(6')-Ib4	-	-	sul1	0	2
SRR19593021	Klebsiella pneumoniae	ST789	TEM-1D.v1^	CTX-M-15	NDM-5	-	-	tet(D)	-	0	2
SRR19593022	Klebsiella pneumoniae	ST789	TEM-1D.v1^	CTX-M-15	NDM-5	-	-	tet(D)	-	0	2
SRR19593029	Klebsiella pneumoniae	ST2407	DHA-1	CTX-M-14	NDM-5	-	qnrB4	-	sul1	1	2
SRR19631951	Klebsiella quasipneumoniae subsp. similipneumoniae	ST477	TEM-1D.v1^	CTX-M-15	-	-	qnrS1	tet(A).v1	sul1	0	1
SRR19631955	Klebsiella quasipneumoniae subsp. similipneumoniae	ST1490	OXA-1;TEM-1D.v1^	CTX-M-15	NDM-1	aac(3)-IIa.v1^;aac(6')-Ib-cr.v2;aadA2^;armA;strA.v1^;strB.v1	qnrB1.v2^	tet(A).v1	sul1;sul2	0	2
SRR19647871	Klebsiella pneumoniae	ST152	-	CTX-M-15	NDM-1	aac(3)-IId^;aadA2^;armA	-	-	sul1	1	2
SRR19743671	Klebsiella pneumoniae	ST441-1LV	TEM-1D.v1^	CTX-M-15	-	-	qnrS1	tet(A).v1	sul1	1	1
SRR19743682	Klebsiella pneumoniae	ST441-1LV	TEM-1D.v1^	CTX-M-15	-	-	qnrS1	tet(A).v1	sul1	1	1
SRR19743689	Klebsiella pneumoniae	ST2482-1LV	OXA-1;OXA-9.v1	CTX-M-15	NDM-5	aadA*;aadA2^;rmtB	qnrS1	-	sul1	0	2
SRR19743698	Klebsiella pneumoniae	ST540	OXA-1;TEM-1D.v1^	CTX-M-15	-	aac(3)-IIa.v1^;aac(6')-Ib-cr.v2	qnrS1	tet(A).v1	sul1	0	1
SRR19743724	Klebsiella pneumoniae	ST48	CMY-6;OXA-1;TEM-1D.v1^	CTX-M-15;VEB-5	-	aac(6')-Ib7*;armA;sat-2;strA.v1^;strB.v1	-	-	sul1;sul1;sul2^	1	1
SRR19743742	Klebsiella pneumoniae	ST490	OXA-1;TEM-1D.v1^	CTX-M-15	NDM-1	aac(3)-IIa.v1^;aac(6')-Ib-cr.v2;strA.v1^;strB.v1	qnrB1.v2^	tet(A).v1	sul2	1	2
SRR19743751	Klebsiella pneumoniae	ST1991-1LV	OXA-1;TEM-1D.v1^	CTX-M-15	-	aac(3)-IIa.v1^;aac(6')-Ib-cr.v2;strA.v1^;strB.v1	qnrB1.v2^	-	sul2	1	1
SRR19743765	Klebsiella pneumoniae	ST340	CMY-2.v2;TEM-1D.v1^	CTX-M-15;VEB-5	-	aac(6')-Ib3^;aadA2;ant(2'')-Ia;armA;strA.v1^;strB.v1	qnrB1.v1	-	sul1;sul2	0	1
SRR19743768	Klebsiella pneumoniae	ST48	OXA-1	CTX-M-15	-	aac(3)-IIa.v1^;aac(6')-Ib-cr.v2	-	tet(A).v1	-	1	1
SRR19743773	Klebsiella pneumoniae	ST626	LAP-2;OXA-1;TEM-1D.v1^	CTX-M-15	NDM-1	aac(3)-IIa.v1*;aac(6')-Ib'.v1;rmtF;strA.v1^;strB.v1	qnrB9.2^;qnrS1	tet(A).v1	sul2	1	2
SRR19743782	Klebsiella pneumoniae	ST336	OXA-1;TEM-1D.v1^	CTX-M-15	NDM-1	aac(6')-Ib;rmtF	qnrS1	tet(A).v1	sul1	1	2
SRR19743787	Klebsiella pneumoniae	ST2482-1LV	OXA-1;OXA-9.v1	CTX-M-15	NDM-5	aac(6')-Ib-cr.v2;aadA*;aadA2^;rmtB	qnrS1	-	sul1	0	2
SRR19743834	Klebsiella pneumoniae	ST48	OXA-1;TEM-1D.v1^	CTX-M-15	-	aac(3)-IIa.v1^;aac(6')-Ib-cr.v2;strA.v1^;strB.v1	-	tet(A).v1	sul1;sul2^	4	1
SRR19743849	Klebsiella pneumoniae	ST70	TEM-1D.v1^	CTX-M-15;VEB-5	-	aac(3)-IIa.v1^;aac(6')-Ib3^;armA;strA.v1^;strB.v1	qnrS1	-	sul1;sul2	1	1
SRR19743881	Klebsiella pneumoniae	ST43	-	CTX-M-15;SHV-12	OXA-181	aac(6')-Ib;rmtF	-	-	-	4	2
SRR19743883	Klebsiella pneumoniae	ST101	TEM-1D.v1^	CTX-M-15	-	strA.v1^;strB.v1	qnrS1	-	sul2	0	1
SRR19743887	Klebsiella pneumoniae	ST48	TEM-1D.v1^	CTX-M-15	NDM-5	aac(3)-IIa.v1^;aadA2^;rmtB	qnrS1	tet(A).v1	sul1	1	2
SRR19743889	Klebsiella pneumoniae	ST437	TEM-1D.v1^	CTX-M-15	NDM-5;OXA-232	rmtB	-	-	sul1	1	2
SRR19743910	Klebsiella pneumoniae	ST502	DHA-1;OXA-1	-	NDM-1	aac(6')-Ib-cr.v2;aadA2^	qnrB1.v2^;qnrB4	-	sul1	0	2
SRR19743917	Klebsiella pneumoniae	ST2482-1LV	OXA-1;OXA-9.v1	CTX-M-15	NDM-5	aadA*;aadA2^;rmtB	qnrS1	-	sul1	0	2
SRR19743932	Klebsiella pneumoniae	ST32-1LV	OXA-1;TEM-1D.v1^	CTX-M-15;VEB-5	NDM-7	aac(3)-IIa.v1^;aac(6')-Ib3^;armA	qnrS1	-	sul1	0	2
SRR19743936	Klebsiella pneumoniae	ST48	OXA-1;TEM-1D.v1^	CTX-M-15	-	aac(6')-Ib-cr.v2;strA.v1^;strB.v1	qnrB1.v2^	tet(A).v1	sul2	0	1
SRR19743955	Klebsiella pneumoniae	ST16	TEM-1D.v1^	CTX-M-15	NDM-5;OXA-181	aac(3)-IId^;aadA*;aadA2^;rmtB	qnrS1	-	sul1?	0	2
SRR19743972	Klebsiella pneumoniae	ST48	TEM-1D.v1^	CTX-M-15	NDM-5	aac(3)-IIa.v1^;aadA2^;rmtB	qnrS1	tet(A).v1	sul1	1	2
SRR19743975	Klebsiella pneumoniae	ST48	TEM-1D.v1^	CTX-M-15	NDM-5	aac(3)-IIa.v1^;aadA2^;rmtB	qnrS1	tet(A).v1	sul1	1	2
SRR19743994	Klebsiella pneumoniae	ST336	-	CTX-M-15	NDM-1	aac(6')-Ib;rmtF	-	-	-	1	2
SRR19744008	Klebsiella pneumoniae	ST873	OXA-1;TEM-1D.v1^	CTX-M-15	-	aac(6')-Ib-cr.v2;strA.v1^;strB.v1	qnrB1.v2^	tet(A).v1	sul2	0	1
SRR19744019	Klebsiella pneumoniae	ST39	OXA-1;TEM-1D.v1^	CTX-M-15	NDM-1	aac(3)-IId^;aadA2^;armA;rmtF	qnrB1.v1	tet(A).v1	sul1*	0	2
SRR19744024	Klebsiella pneumoniae	ST37	OXA-1;TEM-1D.v1^	CTX-M-15	NDM-1	aac(3)-IId^;aac(6')-Ib-cr.v2;aadA2^;aph(3')-VI;armA;strA.v1^;strB.v1	qnrB1.v2^	tet(B).v2*	sul1;sul2	0	2
SRR19744380	Klebsiella quasipneumoniae subsp. similipneumoniae	ST1998	OXA-1	CTX-M-15	NDM-1	aac(3)-IIa.v1^;aac(6')-Ib-cr.v2	-	-	-	0	2
SRR19750722	Klebsiella pneumoniae	ST48	OXA-1;TEM-1D.v1^	CTX-M-15	-	aac(3)-IIa.v1^;aac(6')-Ib-cr.v2;strA.v1^;strB.v1	-	tet(A).v1	sul1;sul2^	4	1
SRR19750723	Klebsiella pneumoniae	ST564	OXA-1;TEM-1D.v1^	CTX-M-15	-	aac(3)-IIa.v1^;aac(6')-Ib-cr.v2;strA.v1;strB.v1	qnrS1	tet(A).v1	sul1	0	1
SRR19750733	Klebsiella pneumoniae	ST1933	OXA-1	CTX-M-15	-	aac(3)-IIa.v1^;aac(6')-Ib-cr.v2	qnrB1.v1	tet(A).v1	sul1	0	1
SRR19750744	Klebsiella pneumoniae	ST530	OXA-1;TEM-1D.v1^	CTX-M-15	-	aac(3)-IIa.v1^;aac(6')-Ib-cr.v2	qnrS1	tet(A).v1	sul1?	1	1
SRR19750747	Klebsiella pneumoniae	ST530	OXA-1;TEM-1D.v1^	CTX-M-15	-	aac(3)-IIa.v1^;aac(6')-Ib-cr.v2	qnrS1	tet(A).v1	sul1?	1	1
SRR19750754	Klebsiella pneumoniae	ST48	OXA-1;TEM-1D.v1^	CTX-M-15	-	aac(3)-IIa.v1^;aac(6')-Ib-cr.v2;strA.v1^;strB.v1	-	tet(A).v1	sul1;sul2^	4	1
SRR19910110	Klebsiella pneumoniae	ST719	-	-	NDM-5	-	-	-	-	0	2
SRR19932172	Klebsiella pneumoniae	ST1083	-	-	-	-	-	-	-	0	0
SRR19952168	Klebsiella pneumoniae	ST48	OXA-1;TEM-1D.v1^	CTX-M-15	-	aac(3)-IIa.v1^;aac(6')-Ib-cr.v2;strA.v1^;strB.v1	-	tet(A).v1	sul1;sul2^	4	1
SRR19952172	Klebsiella pneumoniae	ST490	OXA-1;TEM-1D.v1^	CTX-M-15	NDM-1	aac(3)-IIa.v1^;aac(6')-Ib-cr.v2;strA.v1^;strB.v1	qnrB1.v2^	tet(A).v1	sul2	1	2
SRR19952201	Klebsiella pneumoniae	ST152	OXA-1;TEM-1D.v1^	CTX-M-15	NDM-5^	aac(6')-Ib-cr.v2;armA;rmtB;rmtF;strA.v1;strB.v1	qnrB1.v1	-	sul1	0	2
SRR19952206	Klebsiella pneumoniae	ST502	DHA-1;OXA-1	-	NDM-1	aac(6')-Ib-cr.v2;aadA2^	qnrB1.v2^;qnrB4	-	sul1	0	2
SRR19977207	Klebsiella pneumoniae	ST2053	-	-	-	-	qnrS1	-	-	0	0
SRR19986936	Klebsiella pneumoniae	ST3430	-	CTX-M-15	NDM-1	aph3-Ia.v1^;strA.v1*;strB.v1*	qnrS1	tet(D)	sul2	0	2
SRR20017246	Klebsiella pneumoniae	ST219	-	CTX-M-15	NDM-1	aadA2^;aph(3')-VI;aph3-Ia.v1^;strA.v1*;strB.v1*	qnrS1	-	sul1;sul2	0	2
SRR20048919	Klebsiella pneumoniae	ST280	OXA-1;TEM-1D.v1^	CTX-M-15	-	aac(3)-IIa.v1^;aac(6')-Ib-cr.v2;strA.v1^;strB.v1	qnrB1.v2^	tet(A).v1	sul2	0	1
SRR20082564	Klebsiella pneumoniae	ST766	LAP-2	-	NDM-5	-	qnrS1	tet(A).v1	-	0	2
SRR20082569	Klebsiella pneumoniae	ST495	DHA-1;OXA-1;TEM-1D.v1^	CTX-M-3	NDM-5	aac(3)-IId^;aac(6')-Ib-cr.v2;aadA2^;aph3-Ia.v1^;armA;strB.v1	qnrB4	tet(A).v1^	-	0	3
SRR20227897	Klebsiella pneumoniae	ST34	OXA-1;TEM-1D.v1^	CTX-M-15	KPC-2	aac(6')-Ib-cr.v2;strA.v1^;strB.v1	qnrB1.v2^	tet(A).v1	sul2	0	2
SRR20227898	Klebsiella pneumoniae	ST2108-1LV	-	SHV-7^	NDM-1	aac(3)-IId^;aac(6')-Ib-cr.v2;aadA16*;aph3-Ia.v1;strA.v1^;strB.v1	qnrS1	tet(A).v2	sul1;sul2	0	2
SRR20278409	Klebsiella pneumoniae	ST310	DHA-1^	-	-	-	-	tet(B).v2*	-	0	0
SRR20278414	Klebsiella pneumoniae	ST1779	DHA-1^;TEM-1D.v1^	-	-	-	-	tet(D)	-	0	0
SRR20278416	Klebsiella pneumoniae	ST1109	DHA-1^	-	-	-	-	-	-	0	0
SRR20336601	Klebsiella pneumoniae	ST443	-	-	KPC-2	-	qnrS1	-	-	1	2
SRR20340952	Klebsiella pneumoniae	ST785-1LV	TEM-1D.v1^	-	KPC-2	-	-	-	-	0	2
SRR20423114	Klebsiella pneumoniae	ST101-1LV	OXA-9.v1;TEM-1D.v1^	-	NDM-5	aac(6')-Ib'.v1;aadA*;aadA2^;rmtB	-	-	sul1	1	3
SRR20423118	Klebsiella pneumoniae	ST3712-1LV	DHA-1	-	OXA-181	strA.v1^;strB.v1	qnrB4;qnrS1	tet(D)	sul1;sul2*	0	2
SRR20423121	Klebsiella pneumoniae	ST54	TEM-1	CTX-M-15	NDM-5	aac(6')-Ib'.v1;aadA*;aph(3')-VI	qnrS1	-	sul2	3	2
SRR2048085	Klebsiella variicola subsp. variicola	ST208	OXA-9.v1;TEM-1D.v1^	SHV-7^	KPC-3	aac(6')-Ib'.v1*;aadA*;ant(2'')-Ia	-	-	sul1	0	2
SRR2048106	Klebsiella variicola subsp. variicola	ST208	OXA-9.v1;TEM-1D.v1^	SHV-7^	KPC-3	aac(6')-Ib'.v1*;aadA*;ant(2'')-Ia	-	-	sul1	0	2
SRR20755280	Klebsiella pneumoniae	ST37	-	-	KPC-3	-	-	-	-	0	2
SRR20755281	Klebsiella quasipneumoniae subsp. quasipneumoniae	ST526	OXA-10;TEM-1D.v1^	CTX-M-15	NDM-1	aadA*;aph(3')-Ia	qnrS1	-	sul1;sul2	0	2
SRR2098694	Klebsiella pneumoniae	ST1780	-	-	-	-	-	-	-	0	0
SRR2098755	Klebsiella pneumoniae	ST896	-	-	-	-	-	-	-	0	0
SRR2098763	Klebsiella pneumoniae	ST1777	-	SHV-2A^	-	aac(3)-VIa*;aadA^	-	tet(D)	sul1	1	1
SRR2098778	Klebsiella pneumoniae	ST1695	-	-	-	-	-	-	-	0	0
SRR2098787	Klebsiella pneumoniae	ST134	-	-	-	-	-	-	-	0	0
SRR2098799	Klebsiella pneumoniae	ST17	-	-	-	-	-	-	-	0	0
SRR2098814	Klebsiella pneumoniae	ST220	-	-	-	-	-	-	-	0	0
SRR2098816	Klebsiella variicola subsp. variicola	ST1687	-	-	-	-	-	-	-	0	0
SRR20994644	Klebsiella pneumoniae	ST661	CMY-4.v1;DHA-1	-	OXA-181	aadA2^;armA;strA.v1^;strB.v1	qnrB4	tet(A).v1	sul1;sul2	0	2
SRR20994679	Klebsiella pneumoniae	ST219	-	CTX-M-15	NDM-5	aadA2^;aph3-Ia.v1^;strA.v1*;strB.v1*	qnrS1	-	sul1;sul2	1	2
SRR20994688	Klebsiella pneumoniae	ST1779	TEM-1D.v1^	-	KPC-2	strA.v1^;strB.v1	-	tet(D)	sul2*	0	2
SRR20994785	Klebsiella pneumoniae	ST1	DHA-1;OXA-1;OXA-10;TEM-1D.v1^	CTX-M-15	NDM-7	aac(3)-IIa.v1^;aac(6')-Ib-cr.v2;aadA*;aph(3')-Ia	qnrS1	-	sul1;sul1;sul2	0	2
SRR20994839	Klebsiella pneumoniae	ST185-1LV	LAP-2	-	NDM-1	aac(3)-IId^;aac(6')-Ib-cr.v2;aadA16*;aph3-Ia.v1;strA.v1^;strB.v1	qnrS1	tet(A).v1	sul1;sul2	0	2
SRR20994864	Klebsiella pneumoniae	ST219	-	CTX-M-15	NDM-5	aadA2^;aph3-Ia.v1^;strA.v1*;strB.v1*	qnrS1	tet(A).v1	sul1;sul2	1	2
SRR20994875	Klebsiella pneumoniae	ST359	OXA-2;TEM-1D.v1^	-	KPC-3	aadA5*;ant(2'')-Ia*	-	-	sul1	0	2
SRR20994906	Klebsiella pneumoniae	ST16-1LV	OXA-1;TEM-1D.v1^	CTX-M-15	NDM-5;OXA-181	aac(3)-IIa.v1^;aac(6')-Ib-cr.v2;aadA2^;rmtB;strA.v1^;strB.v1	qnrS1	-	sul1;sul2	0	2
SRR20994945	Klebsiella pneumoniae	ST377	OXA-1	CTX-M-15	OXA-48	aac(3)-IIa.v1^;aac(6')-Ib-cr.v2;aadA^	-	-	sul1^	1	2
SRR20994958	Klebsiella quasipneumoniae subsp. similipneumoniae	ST1308	-	-	KPC-3	-	-	-	-	0	2
SRR21091488	Klebsiella pneumoniae	ST1399	OXA-9.v1;TEM-1D.v1^	CTX-M-15	NDM-1	aac(6')-Ib'.v1;aadA*;aph(3')-VI;aph3-Ia.v1^;armA	qnrS1	tet(A).v1	sul1;sul2	4	2
SRR21091660	Klebsiella quasipneumoniae subsp. similipneumoniae	ST2558	OXA-1;TEM-1D.v1^	CTX-M-15	NDM-1	aac(3)-IId^;aac(6')-Ib-cr.v2;aadA2^;armA;strA.v1^;strB.v1	qnrB1.v2^	tet(B).v2*	sul1;sul2	0	2
SRR21091666	Klebsiella pneumoniae	ST34	-	-	NDM-1	aadA^;aph(3')-Ia	qnrS1	-	sul2	0	2
SRR21119050	Klebsiella pneumoniae	ST70-1LV	LAP-1;TEM-1D.v1^	-	KPC-3	-	qnrS1	-	-	0	2
SRR21201065	Klebsiella pneumoniae	ST628	TEM-1D.v1^	CTX-M-15	NDM-1	aadA2*;strA.v1^;strB.v1	qnrB1.v2^	tet(A).v1;tet(D)	sul1;sul2	0	2
SRR21201083	Klebsiella pneumoniae	ST628	TEM-1D.v1^	CTX-M-15	NDM-1	aadA2*;strA.v1^;strB.v1	qnrB1.v2^	tet(A).v1;tet(D)	sul2	0	2
SRR21201085	Klebsiella pneumoniae	ST628	TEM-1D.v1^	CTX-M-15	NDM-1	aadA2*;strA.v1^;strB.v1	qnrB1.v2^	tet(A).v1;tet(D)	sul1;sul2	0	2
SRR21229854	Klebsiella pneumoniae	ST45	TEM-1D.v1^	CTX-M-15	-	aac(3)-IIa.v1;strA.v1*;strB.v1*	-	tet(D)	sul2	1	1
SRR2127363	Klebsiella pneumoniae	ST628	LAP-2	CTX-M-14	-	aac(3)-IId^	qnrS1	tet(A).v1	sul1	0	1
SRR2127400	Klebsiella pneumoniae	ST3754	-	-	-	-	-	-	-	0	0
SRR2127617	Klebsiella pneumoniae	ST392	OXA-1;TEM-1D.v1^	CTX-M-15	-	aac(3)-IIa.v1^;aac(6')-Ib-cr.v2;strA.v1^;strB.v1	qnrB1.v2^	tet(A).v1	sul2	0	1
SRR2127693	Klebsiella pneumoniae	ST3626	-	-	KPC-3	-	-	-	-	0	2
SRR21288957	Klebsiella pneumoniae	ST147-1LV	OXA-9.v1;TEM-1D.v1^	CTX-M-15	NDM-5	aac(6')-Ib'.v1;aadA*;aph(3')-VI	qnrS1	-	sul1	4	2
SRR21288992	Klebsiella pneumoniae	ST551	TEM-1D.v1^	CTX-M-15	-	strA.v1^;strB.v1	qnrB1.v2^	tet(A).v1	sul2	0	1
SRR2134674	Klebsiella pneumoniae	ST258-1LV	TEM-1D.v1^	-	-	aac(6')-Ib'.v1	-	-	sul1	0	0
SRR21386374	Klebsiella pneumoniae	ST716	TEM-1D.v1^	CTX-M-3	NDM-5	aac(3)-IId^;aac(6')-Ib-cr.v2;aadA16*;aph3-Ia.v1;strA.v1^;strB.v1	qnrS1	tet(A).v2	sul1;sul2*	0	2
SRR21388539	Klebsiella variicola subsp. variicola	ST1433-1LV	OXA-9.v1;TEM-1D.v1^	-	KPC-3;NDM-5	aac(6')-Ib'.v1*;aadA*;strA.v1^;strB.v1	-	-	sul2	0	2
SRR21408305	Klebsiella pneumoniae	ST443	OXA-1;TEM-1D.v1^	CTX-M-15	OXA-181	aac(6')-Ib-cr.v2;aadA2^;strA.v1^;strB.v1	qnrB2.v1^;qnrS1	-	sul1;sul1;sul2	1	2
SRR21473057	Klebsiella pneumoniae	ST37	OXA-1	CTX-M-15	NDM-1	aac(6')-Ib-cr.v2;aadA*;aadA16*;aadA2^;armA*;strA.v1^;strB.v1	qnrB1.v2^	tet(D)	sul1;sul2	3	2
SRR21535407	Klebsiella pneumoniae	ST17	TEM-1D.v1^	-	NDM-5	aadA2;strA.v1^;strB.v1	qnrS1	tet(D)	sul2*	1	2
SRR21554138	Klebsiella quasipneumoniae subsp. quasipneumoniae	ST3890	CMY-6	-	NDM-4	aac(6')-Ib-cr.v2;aadA16*	qnrB6^	-	sul1;sul1	0	2
SRR21595994	Klebsiella pneumoniae	ST14	OXA-1	CTX-M-15	KPC-3	aac(3)-IIa.v1^	qnrB1.v2^	-	-	1	2
SRR21660900	Klebsiella pneumoniae	ST279	LAP-1;TEM-1D.v1^	-	KPC-3	-	qnrS1	-	-	0	2
SRR21660901	Klebsiella pneumoniae	ST846	-	-	KPC-2	-	-	-	-	0	2
SRR21679071	Klebsiella pneumoniae	ST111	-	CTX-M-15	NDM-5	aph(3')-VI	qnrS1	-	sul1	4	2
SRR21822776	Klebsiella pneumoniae	ST3991	-	-	-	-	-	-	-	0	0
SRR21853696	Klebsiella pneumoniae	ST1015-1LV	OXA-1;OXA-2	CTX-M-15	KPC-2;NDM-1	aac(6')-Ib-cr.v2;aadA*;aph(3')-VI;strA.v1^;strB.v1	qnrB1.v2^;qnrS1	tet(A).v1	sul1*;sul2	0	2
SRR21884217	Klebsiella variicola subsp. variicola	ST3206	TEM-1D.v1^	-	IMP-4	aac(3)-IId^;aac(6')-Ib4	qnrB2.v1^	-	sul1;sul1	0	2
SRR21884218	Klebsiella variicola subsp. variicola	ST347	TEM-1D.v1^	-	IMP-4	aac(3)-IId^;aac(6')-Ib4	qnrB2.v1^	-	sul1;sul1	0	2
SRR21884272	Klebsiella pneumoniae	ST416	TEM-1D.v1^	-	IMP-4	aac(3)-IId^;aac(6')-Ib4;aadA2;aph(3')-Ia*?;strA.v1;strB.v1	qnrB2.v1^	-	sul1	0	3
SRR21884275	Klebsiella pneumoniae	ST15	OXA-1;TEM-1D.v1^	CTX-M-15	-	strA.v1^;strB.v1	qnrB1.v2^	tet(A).v1	sul2	0	1
SRR21884287	Klebsiella pneumoniae	ST27	-	-	-	-	-	-	-	0	0
SRR21884300	Klebsiella pneumoniae	ST258	-	-	KPC-2	aac(6')-Ib'.v1;aadA2^;aph3-Ia.v1^	-	-	sul1	1	2
SRR21890681	Klebsiella pneumoniae	ST23	TEM-1D.v1^	CTX-M-15	OXA-48	strA.v1^;strB.v1	qnrB1.v2^	-	sul2	5	3
SRR21901337	Klebsiella pneumoniae	ST152	TEM-1D.v1^	CTX-M-15	NDM-1	aac(6')-Ib-cr.v2;aadA16*;rmtC;strA.v1^;strB.v1	qnrB6^	-	sul1*?;sul2	1	2
SRR21901350	Klebsiella pneumoniae	ST152	TEM-1D.v1^	CTX-M-15	NDM-1	aac(6')-Ib-cr.v2;aadA16*;rmtC;strA.v1^;strB.v1	qnrB6^	-	sul2	1	2
SRR21901366	Klebsiella pneumoniae	ST231-1LV	-	CTX-M-15	OXA-181;VIM-1	aac(6')-Ib4;aadA1.v1^;aadA16*;strA.v1*;strB.v1*	qnrS1	-	sul1;sul2*	0	2
SRR21922644	Klebsiella pneumoniae	ST1962	-	-	-	-	-	-	-	0	0
SRR21922786	Klebsiella pneumoniae	ST1962	-	-	-	-	-	-	-	0	0
SRR21922796	Klebsiella pneumoniae	ST1962	-	-	-	-	-	-	-	0	0
SRR21939664	Klebsiella pneumoniae	ST412	-	-	-	-	-	-	-	1	0
SRR21943032	Klebsiella pneumoniae	ST412	-	-	-	-	-	-	-	1	0
SRR21985583	Klebsiella quasipneumoniae subsp. quasipneumoniae	ST526	OXA-10;TEM-1D.v1^	CTX-M-15	NDM-1	aadA*;aph(3')-Ia	qnrS1	-	sul1;sul2	0	2
SRR21986342	Klebsiella variicola subsp. variicola	ST1737	CMY-6	-	NDM-4	aac(6')-Ib'.v2*?;aadA16*	qnrB6^	-	sul1;sul1	0	2
SRR22024957	Klebsiella pneumoniae	ST152	-	CTX-M-15	NDM-1	aac(3)-IId^;aac(6')-Ib-cr.v2;aadA16*;aadA2^;armA	qnrB6^	tet(D)	sul1	1	2
SRR22047283	Klebsiella quasipneumoniae subsp. similipneumoniae	ST929-1LV	TEM-1D.v1^	CTX-M-15	NDM-1	aac(6')-Ib'.v1;aadA2^;aph(3')-VI	qnrB1.v2^	tet(D)	-	0	2
SRR22164155	Klebsiella pneumoniae	ST34	TEM-1D.v1^	-	KPC-2	aph3-Ia.v1^	qnrB19^	-	-	0	2
SRR22222877	Klebsiella pneumoniae	ST719	-	-	NDM-5	-	-	-	-	0	2
SRR22225350	Klebsiella pneumoniae	ST13	OXA-1	CTX-M-15	NDM-5	aac(3)-IIa.v1^;aac(6')-Ib-cr.v2;aph(3')-VI	qnrB1.v2^;qnrS1	tet(A).v1	-	3	2
SRR22246789	Klebsiella quasipneumoniae subsp. quasipneumoniae	ST2787-2LV	-	-	-	-	-	-	-	0	0
SRR22246791	Klebsiella pneumoniae	ST469	-	-	-	-	-	-	-	0	0
SRR22324424	Klebsiella pneumoniae	ST3155	-	-	NDM-7	aac(6')-Ib7*	qnrS1	-	sul2	0	2
SRR22324425	Klebsiella pneumoniae	ST268	-	-	NDM-7*	aac(6')-Ib7*	-	-	sul2	1	2
SRR22329351	Klebsiella pneumoniae	ST219	-	CTX-M-15	NDM-5	aph(3')-VI	qnrS1	-	-	4	2
SRR22341328	Klebsiella pneumoniae	ST16	OXA-1	CTX-M-15	NDM-5;OXA-181	aac(3)-IId^;aac(6')-Ib-cr.v2;aadA*;aadA2^;rmtB;strA.v1^;strB.v1	qnrS1	tet(A).v1	sul1;sul2	0	2
SRR22341512	Klebsiella pneumoniae	ST147	CMY-6;OXA-1	-	NDM-1	aac(3)-IIa.v1^;aac(6')-Ib-cr.v2;rmtC	-	tet(A).v1;tet(D)	sul1	0	2
SRR22352316	Klebsiella pneumoniae	ST2497-1LV	OXA-1	CTX-M-15	NDM-1;OXA-232	aac(6')-Ib-cr.v2;aph(3')-VI	qnrS1	-	sul1;sul2	0	2
SRR22387050	Klebsiella pneumoniae	ST16	OXA-1;TEM-1D.v1^	CTX-M-15	-	aac(6')-Ib-cr.v2;aadA2^	-	tet(A).v1	sul1	1	1
SRR22398233	Klebsiella variicola subsp. variicola	ST454	OXA-1	CTX-M-15	NDM-5	aac(6')-Ib-cr.v2;aadA2^	-	tet(A).v1	sul1	3	2
SRR2244268	Klebsiella variicola subsp. variicola	ST1478	-	CTX-M-15	-	aac(6')-Ib-cr.v2*	qnrB1.v2^	-	-	0	1
SRR22456066	Klebsiella pneumoniae	ST985	CMY-13;OXA-1	CTX-M-15	VIM-1	aac(3)-IIa.v1^;aac(6')-Ib-cr.v2;aac(6')-Il;aadA1.v1^;aadA2;ant(2'')-Ia	qnrA1^	tet(A).v1	sul1;sul1	1	2
SRR22456068	Klebsiella pneumoniae	ST985	CMY-13;OXA-1	CTX-M-15	VIM-1	aac(3)-IIa.v1^;aac(6')-Ib-cr.v2;aac(6')-Il;aadA1.v1^;aadA2;ant(2'')-Ia	qnrA1^	tet(A).v1	sul1;sul1	1	2
SRR22512154	Klebsiella quasipneumoniae subsp. quasipneumoniae	ST3895	TEM-1D.v1^	-	KPC-3	-	-	-	-	0	2
SRR22557983	Klebsiella pneumoniae	ST111	-	CTX-M-15	NDM-5	aph(3')-VI	qnrS1	-	sul1	4	2
SRR22582516	Klebsiella pneumoniae	ST2123	TEM-1D.v1^	CTX-M-15	-	strA.v1^;strB.v1	qnrS1	-	sul2	0	1
SRR22582547	Klebsiella pneumoniae	ST2617	-	CTX-M-15	-	-	qnrS1	-	-	0	1
SRR22582562	Klebsiella pneumoniae	ST1156-2LV	-	CTX-M-15	-	-	-	-	-	0	1
SRR22582630	Klebsiella pneumoniae	ST3113	-	CTX-M-15	-	-	qnrS1	-	-	0	1
SRR22582632	Klebsiella pneumoniae	ST643-1LV	-	CTX-M-27	-	aph(3'')-Ib*;strB.v1^	qnrS1	tet(A).v1;tet(C)	sul1	0	1
SRR22582731	Klebsiella pneumoniae	ST1106	TEM-1D.v1^	CTX-M-55	-	aac(6')-Ib-cr.v2;aadA16*;aph3-Ia.v1	qnrB2.v2^;qnrS1	tet(A).v1	sul1;sul1	0	1
SRR22582763	Klebsiella pneumoniae	ST534-1LV	LAP-2;TEM-1D.v1^	CTX-M-55	-	aac(3)-IId^;aadA22^;strB.v1	qnrS1	tet(A).v1	sul3	0	1
SRR22582837	Klebsiella pneumoniae	ST15-1LV	OXA-1;TEM-1D.v1^	CTX-M-15	-	aac(3)-IIa.v1^;aac(6')-Ib-cr.v2;strA.v1^;strB.v1	qnrB1.v2^	tet(A).v1	sul2	1	1
SRR22582869	Klebsiella pneumoniae	ST1059-1LV	TEM-1D.v1^	CTX-M-55	-	aadA	qnrS1	tet(A).v1^	sul1	0	1
SRR22684189	Klebsiella pneumoniae	ST45	OXA-1;TEM-1D.v1^	-	-	aac(3)-IIa.v1^;aac(6')-Ib-cr.v2;strA.v1^;strB.v1	qnrB1.v2^	tet(A).v1	sul2	1	0
SRR22684263	Klebsiella pneumoniae	ST394	LAP-2;TEM-1D.v1^	CTX-M-14	-	aac(3)-IId^;strA.v1^;strB.v1	qnrS1	tet(A).v1;tet(D)	sul1;sul2	0	1
SRR22684268	Klebsiella variicola subsp. variicola	ST366-3LV	TEM-1D.v1^	CTX-M-15	-	aac(3)-IId^;aac(6')-Ib-cr.v2;aadA16*;strA.v1^;strB.v1	qnrB6^	tet(A).v1^	sul1;sul1;sul2*	0	1
SRR22684275	Klebsiella pneumoniae	ST2459	OXA-1;TEM-1D.v1^	CTX-M-15	-	aac(6')-Ib-cr.v2;strA.v1^;strB.v1	-	tet(A).v1	sul2	0	1
SRR22684288	Klebsiella pneumoniae	ST464	LAP-2;OXA-1;TEM-1D.v1^	CTX-M-15	-	aac(6')-Ib-cr.v2;aadA^	qnrS1	tet(A).v1	sul1	0	1
SRR22684294	Klebsiella pneumoniae	ST1825	-	CTX-M-1	-	-	-	-	-	1	1
SRR22684297	Klebsiella pneumoniae	ST985	OXA-1;TEM-1D.v1^	CTX-M-15	-	aac(3)-IIa.v1^;aac(6')-Ib-cr.v2;strA.v1^;strB.v1	qnrB1.v2^	tet(A).v1	sul2	0	1
SRR22710444	Klebsiella pneumoniae	ST111	-	CTX-M-15	NDM-5	aph(3')-VI	qnrS1	-	sul1	4	3
SRR22710457	Klebsiella pneumoniae	ST147	OXA-9.v1;TEM-1D.v1^	CTX-M-15	NDM-5	aac(6')-Ib'.v1;aadA*;aph(3')-VI	qnrS1	-	sul1	4	2
SRR22822906	Klebsiella pneumoniae	ST4232	-	CTX-M-55	-	aadA2;aadA^;aph3-Ia.v1^	qnrS1	tet(A).v1*	sul3	0	1
SRR22868678	Klebsiella pneumoniae	ST466	TEM-1D.v1^	CTX-M-15	NDM-5	-	qnrB2.v2^	tet(A).v1	sul1;sul1	1	2
SRR22868719	Klebsiella pneumoniae	ST147-1LV	OXA-1	CTX-M-15	NDM-1	aac(6')-Ib-cr.v2;aph(3')-VI	qnrS1	-	sul1	0	2
SRR22902196	Klebsiella pneumoniae	ST309	-	-	KPC-3	-	qnrS1	-	-	0	2
SRR22906566	Klebsiella pneumoniae	ST45	TEM-1D.v1^	CTX-M-15	NDM-5	aac(3)-IIa.v1^;aph(3')-VI;strA.v1^;strB.v1	qnrB1.v2^;qnrS1	tet(A).v1	sul1;sul2	4	2
SRR22944084	Klebsiella variicola subsp. variicola	ST357	DHA-1;FONA-5*;TEM-1D.v1^	SFO-1.v1	NDM-1	aac(3)-IId^;aadA5	qnrB4;qnrS1	-	sul1	0	2
SRR22944093	Klebsiella pneumoniae	ST70	-	CTX-M-15	-	-	qnrS1	-	-	1	1
SRR22955768	Klebsiella pneumoniae	ST1427	OXA-1	CTX-M-15	OXA-48	aac(6')-Ib-cr.v2;aph3-Ia.v1*;strA.v1^;strB.v1	qnrB1.v2^	-	sul2	0	3
SRR22955770	Klebsiella pneumoniae	ST1427	OXA-1;TEM-1D.v1^	CTX-M-15	OXA-48	aac(3)-IIa.v1^;aac(6')-Ib-cr.v2;strA.v1^;strB.v1	qnrB1.v2^	tet(A).v1	sul2	0	2
SRR22955772	Klebsiella pneumoniae	ST1427	OXA-1;TEM-1D.v1^	CTX-M-15	-	aac(3)-IIa.v1^;aac(6')-Ib-cr.v2;strA.v1^;strB.v1	qnrB1.v2^	tet(A).v1	sul2	0	1
SRR22955924	Klebsiella pneumoniae	ST493	TEM-1D.v1^	CTX-M-15	NDM-1	aac(6')-Ib'.v1;aadA*;aph(3')-VI;aph(4)-Ia	qnrS1	-	-	1	2
SRR22955928	Klebsiella pneumoniae	ST493	-	-	-	aph(4)-Ia	-	-	-	1	0
SRR22996229	Klebsiella pneumoniae	ST405	OXA-1;TEM-1D.v1^	CTX-M-15	OXA-48	aac(3)-IIa.v1^;aac(6')-Ib-cr.v2;strA.v1^;strB.v1	-	tet(A).v1	sul2	1	2
SRR22996233	Klebsiella pneumoniae	ST15-1LV	-	-	OXA-48	aac(6')-Ib-cr.v2	-	-	-	1	2
SRR22996263	Klebsiella pneumoniae	ST45	-	-	OXA-48	-	-	tet(D)	-	1	3
SRR22996279	Klebsiella pneumoniae	ST323	OXA-1;TEM-1D.v1^	CTX-M-15	OXA-48	aac(3)-IIa.v1^;aac(6')-Ib-cr.v2;strA.v1^;strB.v1	qnrB1.v2^	tet(A).v1	sul2	0	2
SRR23027800	Klebsiella pneumoniae	ST327	-	-	-	-	-	-	-	0	0
SRR23029176	Klebsiella pneumoniae	ST1876	OXA-1	CTX-M-15	NDM-1	aac(3)-IId^;aac(6')-Ib-cr.v2;aadA16*;aph(3')-Ia;aph(3')-VIa*	qnrB1.v2^	tet(A).v1	sul1;sul1	0	2
SRR23029909	Klebsiella pneumoniae	ST26	OXA-9.v1;TEM-1D.v1^	-	KPC-3	aac(6')-Ib'.v1*;aadA*	-	-	-	0	2
SRR23030556	Klebsiella pneumoniae	ST36	TEM-1D.v1^	-	KPC-3	-	-	-	-	1	2
SRR23031788	Klebsiella pneumoniae	ST493	-	-	-	-	-	-	-	1	0
SRR23031801	Klebsiella pneumoniae	ST493	-	-	-	-	-	-	-	1	0
SRR23031823	Klebsiella pneumoniae	ST493	-	-	-	-	-	-	-	1	0
SRR23031824	Klebsiella pneumoniae	ST493	-	-	-	-	-	-	-	1	0
SRR23031826	Klebsiella pneumoniae	ST493	-	-	-	-	-	-	-	1	0
SRR23048576	Klebsiella pneumoniae	ST1198	-	-	-	-	-	-	-	0	0
SRR23048582	Klebsiella pneumoniae	ST290-1LV	-	-	-	-	-	-	-	4	0
SRR23048583	Klebsiella pneumoniae	ST49	-	-	-	-	-	-	-	0	0
SRR23048621	Klebsiella pneumoniae	ST1189-1LV	-	-	-	-	-	-	-	0	0
SRR23048624	Klebsiella pneumoniae	ST590	-	-	-	-	-	-	-	0	0
SRR23048637	Klebsiella pneumoniae	ST1779	TEM-1D.v1^	-	-	-	-	tet(D)	-	0	0
SRR23048654	Klebsiella pneumoniae	ST187	-	-	-	-	-	-	-	0	0
SRR23048677	Klebsiella pneumoniae	ST200	-	-	-	-	-	-	-	0	0
SRR23049141	Klebsiella pneumoniae	ST231	TEM-1D.v1^	-	-	aac(6')-Ib-cr.v2;aadA16*;aadA2^;aadA^;aph3-Ia.v1^	qnrB6^	tet(A).v1^	sul1;sul1	0	0
SRR23078141	Klebsiella pneumoniae	ST36	-	-	KPC-3	-	-	-	-	0	2
SRR23106261	Klebsiella pneumoniae	ST22	-	-	NDM-1	aac(3)-IId^;rmtC	qnrB1.v2^	-	sul1	0	2
SRR23106358	Klebsiella pneumoniae	ST24	-	-	-	-	-	-	-	1	0
SRR23133749	Klebsiella pneumoniae	ST151	TEM-1D.v1^	CTX-M-15	OXA-48	strA.v1^;strB.v1	qnrB1.v2^	tet(A).v1	sul2	1	2
SRR23134833	Klebsiella pneumoniae	ST661	-	CTX-M-15	OXA-48	aadA2^;aph3-Ia.v1^;strA.v1*;strB.v1*	qnrB1.v1;qnrS1	-	sul1;sul2	1	2
SRR23163016	Klebsiella pneumoniae	ST219	-	CTX-M-15	NDM-1	aadA2^;aph(3')-VI;aph3-Ia.v1^;strA.v1*;strB.v1*	qnrS1	-	sul1;sul2	0	2
SRR23163026	Klebsiella pneumoniae	ST1662-1LV	-	-	NDM-1	aph(3')-VI	-	-	-	0	2
SRR23178143	Klebsiella variicola subsp. variicola	ST4200	-	-	-	-	-	-	-	0	0
SRR23178148	Klebsiella quasipneumoniae subsp. quasipneumoniae	ST735-2LV	-	-	-	-	-	-	-	0	0
SRR23193504	Klebsiella variicola subsp. variicola	ST368-1LV	-	-	NDM-7	aac(6')-Ib7*	qnrS1	-	sul2	0	2
SRR23217120	Klebsiella pneumoniae	ST985	CMY-6;LAP-2	CTX-M-15	NDM-1	aac(6')-Ib3^;aph(3')-VI;rmtC	qnrS1	-	sul1	1	2
SRR23237946	Klebsiella pneumoniae	ST280	OXA-1;TEM-1D.v1^	CTX-M-15*	IMP-1^	aac(3)-IIa.v1^;aac(6')-Ib-cr.v2;sat-2;strA.v1^;strB.v1	qnrA1^;qnrB1.v2^	tet(A).v1	sul1;sul1;sul2	0	3
SRR23237964	Klebsiella pneumoniae	ST27	-	-	-	-	-	-	-	0	0
SRR23237975	Klebsiella pneumoniae	ST45-1LV	-	-	-	-	-	tet(D)	-	1	0
SRR23384541	Klebsiella pneumoniae	ST1905	OXA-1;TEM-1D.v1^;TEM-1D.v1^	-	IMP-4	aac(3)-IId^;aac(6')-Ib4;strA.v1;strB.v1	qnrB2.v1^	tet(D)	sul1;sul1	0	3
SRR23384719	Klebsiella pneumoniae	ST240-1LV	TEM-1D.v1^	CTX-M-62.v2	IMP-4	aac(3)-IId^;aac(6')-Ib4;aadA2^	qnrB2.v1^	tet(A).v1	sul1	0	2
SRR23384833	Klebsiella variicola subsp. variicola	ST1582	TEM-1D.v1^	-	IMP-4	aac(3)-IId^;aac(6')-Ib4	qnrB2.v1^	-	sul1;sul1	0	2
SRR23384841	Klebsiella pneumoniae	ST661	LAP-2;TEM-1D.v1^	-	IMP-4	aac(6')-Ib4;strA.v1^;strB.v1	qnrB2.v1^;qnrS1	tet(A).v1	sul1;sul1;sul2	0	2
SRR23498753	Klebsiella pneumoniae	ST116	TEM-1D.v1^	-	KPC-3	aac(6')-Ib'.v1*;aadA*	qnrB19^	-	-	1	2
SRR23513660	Klebsiella quasipneumoniae subsp. similipneumoniae	ST334	OXA-9.v1;TEM-1D.v1^	CTX-M-15	NDM-1	aac(6')-Ib'.v1;aadA*;aph(3')-VI	qnrS1	-	-	0	2
SRR23609130	Klebsiella pneumoniae	ST17	OXA-1	-	KPC-2;NDM-1;VIM-24	aac(6')-Ib-cr.v2^;aac(6')-Il;ant(2'')-Ia;aph(3')-VIa	-	tet(A).v2	sul1;sul2	0	2
SRR23609131	Klebsiella pneumoniae	ST236	OXA-1	CTX-M-15	KPC-2	aac(3)-IIa.v1^;aac(6')-Ib-cr.v2;strA.v1^;strB.v1	qnrB1.v2^	tet(A).v1	sul2	0	2
SRR23609167	Klebsiella pneumoniae	ST22	OXA-1;TEM-1D.v1^	CTX-M-15	KPC-2	aac(3)-IIa.v1^;aac(6')-Ib-cr.v2;strA.v1^;strB.v1	qnrB1.v2^	tet(A).v1	sul2	0	2
SRR23609193	Klebsiella pneumoniae	ST348	OXA-1;TEM-1D.v1^	CTX-M-15	KPC-3	aac(6')-Ib-cr.v2	qnrB1.v2^	tet(A).v1	-	0	2
SRR23609235	Klebsiella pneumoniae	ST12	-	-	KPC-2	aac(6')-Ib-cr.v2;aadA16*	-	-	sul1	0	2
SRR23609240	Klebsiella pneumoniae	ST219	TEM-1D.v1^	CTX-M-15	KPC-3	aadA2^;strA.v1*;strB.v1*	qnrS1	-	sul1;sul2	0	2
SRR23609249	Klebsiella pneumoniae	ST433	-	-	KPC-2;NDM-1	aac(6')-Ib-cr.v2^	-	-	-	0	2
SRR23609266	Klebsiella pneumoniae	ST433	-	-	KPC-2;NDM-1	aac(6')-Ib-cr.v2^	-	-	-	0	2
SRR23609275	Klebsiella pneumoniae	ST36	CARB-2.v1^	-	NDM-1	aadA2;aph(3')-VI	-	-	sul1*	0	2
SRR23609281	Klebsiella pneumoniae	ST1082	TEM-1D.v1^	-	KPC-3	-	-	tet(D)	-	0	2
SRR23609358	Klebsiella pneumoniae	ST1082	TEM-1D.v1^	-	KPC-3	-	-	tet(D)	-	0	2
SRR23629340	Klebsiella pneumoniae	ST2867	-	-	KPC-3	-	qnrS1	-	-	0	2
SRR23629363	Klebsiella pneumoniae	ST1447	TEM-1D.v1^	SHV-7^	KPC-3	aac(6')-Ib'.v1*;aadA*;ant(2'')-Ia	qnrB19^;qnrS1	-	-	0	2
SRR23629368	Klebsiella pneumoniae	ST25	OXA-1	CTX-M-15	KPC-2	aac(3)-IIa.v1^;aac(6')-Ib-cr.v2;aadA16*	-	tet(A).v1*	sul1	1	2
SRR23629369	Klebsiella pneumoniae	ST268	-	-	KPC-2	aac(6')-Ib-cr.v2;aadA16*	qnrB6^	tet(A).v1*	sul1;sul1	0	2
SRR23652576	Klebsiella pneumoniae	ST268	OXA-10;TEM-1D.v1^	CTX-M-15	NDM-1	aadA*;aph(3')-Ia	qnrS1	-	sul1;sul2	1	2
SRR23675361	Klebsiella pneumoniae	ST13	OXA-1;TEM-1D.v1^	CTX-M-15	NDM-5	aac(3)-IIa.v1^;aac(6')-Ib-cr.v2;aph(3')-VI;strA.v1^;strB.v1	qnrB1.v2^;qnrS1	-	sul2	3	2
SRR23684253	Klebsiella pneumoniae	ST200	CMY-6	-	NDM-4	aac(2')-Ia^;aadA16*	qnrB6^	tet(B).v2*	sul1;sul1	0	2
SRR23702285	Klebsiella pneumoniae	ST857	-	-	-	-	-	tet(J)*	-	0	0
SRR23782980	Klebsiella pneumoniae	ST147	OXA-9.v1;TEM-1D.v1^	CTX-M-15	NDM-5	aac(6')-Ib'.v1;aadA*;aph(3')-VI	qnrS1	-	sul1	4	2
SRR23782981	Klebsiella pneumoniae	ST307	-	CTX-M-15	KPC-2	-	-	-	-	0	3
SRR23784456	Klebsiella pneumoniae	ST20	-	-	IMP-4	strA.v1;strB.v1	-	-	sul2	0	2
SRR23784460	Klebsiella pneumoniae	ST20	-	SHV-12	IMP-4;NDM-1	strA.v1;strB.v1	-	-	sul2	0	2
SRR23798228	Klebsiella pneumoniae	ST294	-	-	-	-	-	-	-	0	0
SRR23798236	Klebsiella pneumoniae	ST3618	-	-	-	-	-	-	-	0	0
SRR23854154	Klebsiella variicola subsp. variicola	ST697	LAP-1;TEM-1D.v1^	-	KPC-3	-	qnrS1	-	-	0	2
SRR23868017	Klebsiella pneumoniae	ST152	-	CTX-M-15	NDM-1	aac(3)-IId^;aadA2^;armA	-	-	sul1	1	2
SRR23873884	Klebsiella variicola subsp. variicola	ST925	-	SHV-12	VIM-1	aac(6')-Ib4^;aadA1.v1^;aphA15	-	-	sul1	0	2
SRR23890263	Klebsiella pneumoniae	ST1449	-	-	-	-	-	-	-	0	0
SRR23901960	Klebsiella pneumoniae	ST1310	OXA-1;TEM-1D.v1^	CTX-M-15	NDM-7	aac(3)-IId^;aac(6')-Ib-cr.v2;strB.v1	qnrB1.v2^	tet(B).v2*	sul2	0	2
SRR23919791	Klebsiella pneumoniae	ST3553-1LV	-	CTX-M-14^;CTX-M-15	OXA-48	aadA2^	qnrS1	tet(A).v1	sul1;sul2	0	2
SRR23927919	Klebsiella pneumoniae	ST147-1LV	OXA-1;OXA-9.v1;TEM-1D.v1^	CTX-M-15	NDM-6	aadA*;aph(3')-VI	qnrS1	-	sul1	1	2
SRR23989464	Klebsiella pneumoniae	ST405	OXA-1;TEM-1D.v1^	CTX-M-15	KPC-3	aac(6')-Ib-cr.v2	qnrB1.v2^	-	-	1	2
SRR23989476	Klebsiella pneumoniae	ST323	TEM-1D.v1^	CTX-M-15	KPC-3	strA.v1^;strB.v1^	qnrB1.v2^	tet(A).v1	sul2	0	2
SRR24016457	Klebsiella pneumoniae	ST147-1LV	OXA-1;OXA-9.v1;TEM-1D.v1^	CTX-M-15	NDM-1	aac(6')-Ib-cr.v2;aadA*;aph(3')-VI;armA	qnrS1	-	sul1;sul2	3	2
SRR24035482	Klebsiella pneumoniae	ST43	LAP-2;OXA-10	CTX-M-15	KPC-2	aac(3)-IIa.v1;aadA*;strA.v1^;strB.v1	qnrB19^;qnrS1	tet(A).v2	sul2	4	2
SRR24043339	Klebsiella pneumoniae	ST776	-	-	-	-	-	-	-	0	0
SRR24046075	Klebsiella pneumoniae	ST607	TEM-1D.v1^	CTX-M-15	-	aac(3)-IIa.v1;aac(6')-Ib-cr.v2;aadA16*	qnrB6^	tet(D)	sul1;sul1;sul2	1	1
SRR24046087	Klebsiella pneumoniae	ST491	TEM-1D.v1^	CTX-M-15	-	strB.v1	qnrS1	tet(A).v1	sul2	0	1
SRR24046092	Klebsiella quasipneumoniae subsp. similipneumoniae	ST489	OXA-2	SHV-18	-	ant(2'')-Ia	-	-	sul1*	0	1
SRR24060751	Klebsiella pneumoniae	ST70-1LV	FOX-5;TEM-1D.v1^	-	KPC-3	aadA2;ant(2'')-Ia	qnrS1	-	sul1?	0	2
SRR24075702	Klebsiella pneumoniae	ST220	-	-	-	-	-	-	-	0	0
SRR24075707	Klebsiella pneumoniae	ST220	-	-	-	-	-	-	-	0	0
SRR24076104	Klebsiella pneumoniae	ST35-1LV	TEM-1D.v1^	-	OXA-181	rmtB	qnrS1	-	-	1	2
SRR24081821	Klebsiella pneumoniae	ST348	TEM-1D.v1^	CTX-M-15	KPC-2	aac(3)-IIa.v1^;strA.v1^;strB.v1	qnrB1.v2^;qnrS1	-	sul2	0	2
SRR24083119	Klebsiella pneumoniae	ST831	OXA-1	CTX-M-15	-	aac(3)-IId^;aac(6')-Ib-cr.v2;aadA2^	-	tet(D)	sul1;sul2	1	1
SRR24127289	Klebsiella pneumoniae	ST23-1LV	-	-	KPC-3	ant(2'')-Ia	qnrB2.v1^	tet(A).v1	sul1;sul1	1	2
SRR24127516	Klebsiella pneumoniae	ST1846	-	-	KPC-3	-	qnrB19^	tet(D)	-	0	2
SRR24127534	Klebsiella pneumoniae	ST1471	TEM-1D.v1^	-	KPC-3	aac(6')-Ib-cr.v2;aadA16*;aadA^	qnrB6^	-	sul1;sul1	0	2
SRR24127566	Klebsiella pneumoniae	ST495	-	-	KPC-3	-	-	-	-	0	2
SRR24127591	Klebsiella pneumoniae	ST1107	-	-	KPC-3	-	qnrB19^	-	-	0	2
SRR24127592	Klebsiella pneumoniae	ST1107	-	-	KPC-3	-	qnrB19^	-	-	0	2
SRR24127614	Klebsiella pneumoniae	ST776	TEM-1D.v1^	-	KPC-3	strA.v1^;strB.v1	qnrB19	tet(D)	sul2	0	2
SRR24127776	Klebsiella pneumoniae	ST534-2LV	-	-	KPC-3	strA.v1^;strB.v1	-	tet(D)	sul2	0	2
SRR24127796	Klebsiella pneumoniae	ST498	-	-	KPC-3	strA.v1^;strB.v1	-	tet(D)	sul2	0	2
SRR24127807	Klebsiella pneumoniae	ST268	-	-	KPC-3	ant(2'')-Ia;strA.v1;strB.v1	qnrB2.v1^	tet(A).v1;tet(B).v2*	sul1;sul1	1	2
SRR24127833	Klebsiella pneumoniae	ST512	-	-	KPC-3	aac(6')-Ib'.v1;aph3-Ia.v1^	-	-	sul1	0	2
SRR24127839	Klebsiella pneumoniae	ST512	-	-	KPC-3	aac(6')-Ib'.v1;aph3-Ia.v1^	-	-	sul1	0	2
SRR24127849	Klebsiella pneumoniae	ST392	OXA-1;TEM-1D.v1^	CTX-M-15	KPC-3	aac(3)-IIa.v1^;aac(6')-Ib-cr.v2;strA.v1^;strB.v1	qnrB1.v2^	tet(A).v1	sul2	0	2
SRR24127855	Klebsiella pneumoniae	ST788	-	-	KPC-3	-	-	tet(D)	-	1	2
SRR24127885	Klebsiella pneumoniae	ST1779	CARB-2.v1^;TEM-1D.v1^	-	KPC-2	aadA2;ant(2'')-Ia	-	-	-	0	2
SRR24146734	Klebsiella pneumoniae	ST42	TEM-1D.v1^	-	NDM-5	aac(6')-Ib;aadA2^;aph3-Ia.v1^;rmtB;rmtF*?	-	tet(A).v1*	sul1;sul2	0	2
SRR24200517	Klebsiella pneumoniae	ST709	DHA-1	-	-	aac(3)-IId^;aac(6')-Ib-cr.v2;aadA*;aadA16*;strA.v1^;strB.v1	qnrB4	tetM.v1*	sul1;sul2	0	0
SRR24204284	Klebsiella pneumoniae	ST2617	LAP-2	CTX-M-14	NDM-4	aac(3)-IId^;aac(6')-Ib'.v1;aadA*	qnrS1	-	-	0	2
SRR24204292	Klebsiella pneumoniae	ST1658-2LV	DHA-1	-	-	-	qnrS1	tet(A).v1	sul1;sul1	0	0
SRR24204317	Klebsiella pneumoniae	ST1546-2LV	ACT-28*;LAP-2;TEM-1D.v1^	-	-	aadA2^;strA.v1*	qnrB19^;qnrS1	tet(A).v2	sul1*;sul2*	0	0
SRR24204369	Klebsiella pneumoniae	ST11-1LV	LAP-2	CTX-M-14	KPC-2	aac(3)-IId^;aac(6')-Ib'.v1;aadA*	qnrS1	-	-	1	2
SRR24299487	Klebsiella pneumoniae	ST359	-	-	GES-5^	aac(6')-Ib4	-	-	-	0	3
SRR24299714	Klebsiella pneumoniae	ST152	-	CTX-M-15	NDM-1	aac(3)-IId^;aadA2^;armA	-	-	sul1	1	2
SRR24326339	Klebsiella pneumoniae	ST941	OXA-9.v1;TEM-1D.v1^	-	KPC-2	aac(6')-Ib'.v1*;aadA*;strA.v1^;strB.v1	-	-	sul2	0	2
SRR24332813	Klebsiella pneumoniae	ST661	-	-	-	strA.v1^;strB.v1	-	tet(A).v1	sul2	0	0
SRR24332835	Klebsiella quasipneumoniae subsp. similipneumoniae	ST852	LAP-2	CTX-M-15;CTX-M-27	-	aac(3)-IId^;aac(6')-Ib-cr.v2;aadA16*;strA.v1^;strB.v1	qnrB6^;qnrS1	tet(A).v1	sul1;sul1;sul2*	0	1
SRR24337909	Klebsiella pneumoniae	ST76	OXA-1;TEM-1D.v1^	-	KPC-4*	aac(6')-Ib-cr.v2^;aadA17*;ant(2'')-Ia;aph3-Ia.v1*?	-	-	sul1	0	2
SRR24337993	Klebsiella pneumoniae	ST3329-1LV	-	-	-	-	-	-	-	0	0
SRR24338195	Klebsiella pneumoniae	ST43	-	-	-	-	-	-	-	0	0
SRR24338421	Klebsiella pneumoniae	ST2118	-	-	-	-	-	-	-	0	0
SRR24377313	Klebsiella pneumoniae	ST16	-	CTX-M-15	KPC-2	aac(6')-Ib'.v1;aadA2^;aph3-Ia.v1^	-	-	sul1	1	2
SRR24420771	Klebsiella variicola subsp. variicola	ST3920-2LV	-	-	OXA-181	-	qnrS1	-	-	0	2
SRR24437901	Klebsiella pneumoniae	ST427	OXA-1;TEM-1D.v1^	CTX-M-15	-	aac(6')-Ib-cr.v2;strA.v1^;strB.v1	qnrB1.v2^	tet(A).v1	sul2	0	1
SRR24459540	Klebsiella quasipneumoniae subsp. similipneumoniae	ST384-3LV	-	-	NDM-7	-	-	-	-	0	2
SRR24465908	Klebsiella pneumoniae	ST2121	TEM-1D.v1^	-	KPC-3	-	-	tet(D)	-	0	2
SRR24465923	Klebsiella pneumoniae	ST20	TEM-1D.v1^	-	KPC-3	-	qnrS1	-	-	0	2
SRR24466068	Klebsiella pneumoniae	ST299	TEM-1D.v1^	-	KPC-3	-	qnrS1	-	-	2	2
SRR24466099	Klebsiella pneumoniae	ST2975	TEM-1D.v1^	-	KPC-3	aac(3)-IIa.v1^;aac(6')-Ib-cr.v2;aadA16*;strA.v1^;strB.v1	qnrB1.v2^	tet(A).v1*	sul1;sul2	1	2
SRR24466128	Klebsiella pneumoniae	ST300	TEM-1D.v1^	-	KPC-3	aac(6')-Ib'.v1*	qnrB19^	-	sul1	0	2
SRR24466137	Klebsiella pneumoniae	ST834	TEM-1D.v1^	-	KPC-3	-	qnrS1	tet(D)	-	0	3
SRR24466142	Klebsiella pneumoniae	ST418	OXA-9.v1	-	KPC-3	aac(6')-Ib'.v1;strA.v1^;strB.v1	-	-	sul2	0	2
SRR24466195	Klebsiella pneumoniae	ST35	TEM-1D.v1^	-	KPC-3	ant(2'')-Ia	qnrS1	-	-	1	2
SRR24466206	Klebsiella pneumoniae	ST101	OXA-1	CTX-M-15	KPC-2	aac(3)-IIa.v1^;aac(6')-Ib-cr.v2;aph(3')-VIa*	-	-	-	1	2
SRR24466221	Klebsiella pneumoniae	ST418	TEM-1D.v1^	-	KPC-3	aac(6')-Ib'.v1	-	-	-	0	2
SRR24474962	Klebsiella pneumoniae	ST656	-	CTX-M-14	NDM-4	aac(3)-IId^;aac(6')-Ib-cr.v2;aadA*;aadA16*	qnrB6^	-	sul1;sul1	1	2
SRR24490433	Klebsiella pneumoniae	ST268	-	SHV-7^	NDM-7*	aac(6')-Ib7*	qnrS1	-	sul2	1	2
SRR24490655	Klebsiella pneumoniae	ST3660-1LV	OXA-9.v1;TEM-1D.v1^	CTX-M-8	-	aac(6')-Ib'.v1*;aadA*	qnrE1	-	-	0	1
SRR24660993	Klebsiella pneumoniae	ST277	LAP-1;TEM-1D.v1^	SHV-12*	KPC-2	-	qnrS1	-	-	0	2
SRR24667969	Klebsiella pneumoniae	ST517	TEM-1D.v1^	CTX-M-3	-	-	-	-	-	0	1
SRR24673234	Klebsiella pneumoniae	ST268	-	CTX-M-15	-	aadA2^;aph3-Ia.v1^;strA.v1*;strB.v1*	qnrS1	tet(A).v1	sul1;sul2	1	1
SRR24673250	Klebsiella pneumoniae	ST25	OXA-1;TEM-1D.v1^	CTX-M-15	-	aac(3)-IIa.v1^;aac(6')-Ib-cr.v2;strA.v1^;strB.v1	qnrB1.v2^	tet(A).v1*	sul2	1	1
SRR24673281	Klebsiella pneumoniae	ST551	OXA-1;TEM-1D.v1^	CTX-M-15	-	aac(6')-Ib-cr.v2;strA.v1^;strB.v1	qnrB1.v2^	tet(A).v1	sul2	0	1
SRR24673314	Klebsiella pneumoniae	ST45	OXA-1;TEM-1D.v1^	CTX-M-15	-	aac(3)-IIa.v1^;aac(6')-Ib-cr.v2;aadA2;aadA^;strA.v1^;strB.v1	qnrB1.v2^	tet(A).v1	sul2;sul3	1	1
SRR24673318	Klebsiella pneumoniae	ST661	TEM-1D.v1^	CTX-M-15	-	aac(3)-IIa.v1^;strA.v1^;strB.v1	qnrB1.v2^	tet(A).v1	sul2	1	1
SRR24749087	Klebsiella pneumoniae	ST111	-	CTX-M-15	NDM-5	aph(3')-VI	qnrS1	-	sul1	4	2
SRR24768598	Klebsiella pneumoniae	ST383-1LV	TEM-1	CTX-M-14^;CTX-M-15	NDM-5;OXA-48	aac(6')-Ib'.v1*;aadA*;aph(3')-VI*?;aph3-Ia.v1^;armA;strA.v1	qnrS1	tet(A).v1	sul1;sul2	4	2
SRR24799375	Klebsiella pneumoniae	ST134	-	-	-	-	-	-	-	0	0
SRR24799394	Klebsiella pneumoniae	ST3660	-	-	-	-	-	-	-	0	0
SRR24799405	Klebsiella pneumoniae	ST34	-	-	-	-	-	-	-	0	0
SRR24799417	Klebsiella pneumoniae	ST29-1LV	-	-	-	-	-	-	-	0	0
SRR24799435	Klebsiella pneumoniae	ST22	-	-	-	-	-	-	-	0	0
SRR24799445	Klebsiella pneumoniae	ST3712	DHA-1	-	-	strA.v1;strB.v1	qnrB4	-	sul1	0	0
SRR24799451	Klebsiella pneumoniae	ST353	-	CTX-M-15	-	aadA2^;strA.v1*;strB.v1*	qnrS1	tet(A).v1	sul1;sul2	1	1
SRR24799461	Klebsiella pneumoniae	ST14	-	-	-	strA.v1*;strB.v1*?	qnrS1	-	sul2	0	0
SRR24848360	Klebsiella pneumoniae	ST12	-	CTX-M-2	IMP-6	aadA2	-	tet(A).v1*	sul1	0	2
SRR24848380	Klebsiella pneumoniae	ST13	-	CTX-M-9	-	aadA2;aadA^;ant(2'')-Ia	-	-	sul1	2	1
SRR24848391	Klebsiella pneumoniae	ST34	-	CTX-M-2	IMP-1	-	-	tet(A).v1*	sul1	0	2
SRR24951901	Klebsiella pneumoniae	ST2603	-	CTX-M-2	IMP-1	-	-	tet(A).v1*	sul1	0	2
SRR24951910	Klebsiella pneumoniae	ST1917	-	CTX-M-9	-	aadA2;ant(2'')-Ia	-	-	sul1	0	1
SRR24973986	Klebsiella pneumoniae	ST37	-	-	KPC-3	-	qnrS1	-	-	0	2
SRR24973992	Klebsiella pneumoniae	ST2426	LAP-2	-	KPC-2	aadA2^;strA.v1;strB.v1	qnrS1	tet(A).v1	sul1;sul2	0	2
SRR24994401	Klebsiella pneumoniae	ST493	-	-	-	aph(3')-IIa	-	-	-	1	0
SRR24999010	Klebsiella pneumoniae	ST2497	OXA-1;TEM-1D.v1^	CTX-M-15	NDM-1;OXA-232	aac(6')-Ib-cr.v2;aadA*;aph(3')-VI;armA	qnrB1.v2^	tet(D)	sul1*	1	2
SRR24999013	Klebsiella pneumoniae	ST2497	OXA-1;TEM-1D.v1^	CTX-M-15	NDM-1;OXA-232	aac(6')-Ib-cr.v2;aadA*;aph(3')-VI;armA	qnrB1.v2^	tet(D)	sul1*	1	2
SRR25028185	Klebsiella variicola subsp. variicola	ST2006	-	-	OXA-181	-	qnrS1	-	-	0	2
SRR25030790	Klebsiella pneumoniae	ST16	TEM-1D.v1^	CTX-M-15	NDM-5;OXA-181	aac(3)-IId^;aadA*;aadA2^;rmtB	qnrS1	-	sul1?	0	2
SRR25030835	Klebsiella pneumoniae	ST200	-	-	-	-	-	-	-	1	0
SRR25030840	Klebsiella pneumoniae	ST43	OXA-9.v1	CTX-M-15	OXA-181	aadA*	-	-	-	4	3
SRR25030844	Klebsiella pneumoniae	ST968	-	-	-	-	-	-	-	0	0
SRR25030851	Klebsiella pneumoniae	ST43	OXA-9.v1	CTX-M-15	OXA-181	aac(6')-Ib*;aadA*;rmtF	-	-	-	4	3
SRR25030859	Klebsiella pneumoniae	ST29	OXA-1;TEM-1D.v1^	CTX-M-15	NDM-1	aac(6')-Ib;aph3-Ia.v1*;rmtF;strA.v1^;strB.v1	qnrB1.v2^	-	sul2*	1	2
SRR25145652	Klebsiella quasipneumoniae subsp. similipneumoniae	ST1226-1LV	-	-	-	-	-	tet(J)*;tetM.v2*	-	0	0
SRR25146547	Klebsiella pneumoniae	ST628	OXA-1;TEM-1D.v1^	CTX-M-15	KPC-2	aac(3)-IIa.v1^;aac(6')-Ib-cr.v2;strA.v1^;strB.v1	qnrB1.v2^	tet(A).v1	sul1;sul2	0	2
SRR25146550	Klebsiella pneumoniae	ST2670-1LV	-	-	-	strA.v1;strB.v1	qnrB19^	tet(D)	sul1	0	0
SRR25161732	Klebsiella variicola subsp. variicola	ST2078-2LV	-	-	-	-	-	-	-	0	0
SRR25176831	Klebsiella pneumoniae	ST25	-	-	OXA-181	-	qnrS1	-	-	1	2
SRR25176837	Klebsiella pneumoniae	ST784	-	-	KPC-2	-	qnrS1	-	-	0	2
SRR25176839	Klebsiella pneumoniae	ST784	-	-	KPC-2	-	qnrS1	-	-	0	2
SRR25176845	Klebsiella pneumoniae	ST3712	DHA-1	-	OXA-181	strA.v1;strB.v1	qnrB4;qnrS1	-	sul1	0	2
SRR25186279	Klebsiella pneumoniae	ST152	-	CTX-M-15	NDM-1	aac(3)-IId^;aac(6')-Ib-cr.v2;aadA16*;aadA2^;armA	-	-	sul1	1	2
SRR25223450	Klebsiella pneumoniae	ST348	OXA-1;TEM-1D.v1^	CTX-M-15	KPC-3	aac(6')-Ib-cr.v2;strA.v1^;strB.v1	qnrB1.v2^	-	sul2	2	2
SRR25259645	Klebsiella pneumoniae	ST219	-	CTX-M-15	NDM-7	aac(6')-Ib7*;aadA2^;strA.v1*;strB.v1*	qnrS1	-	sul1;sul2	0	3
SRR25288068	Klebsiella pneumoniae	ST437	-	-	NDM-5	-	-	-	sul1	1	2
SRR25321743	Klebsiella pneumoniae	ST629	OXA-1;TEM-1D.v1^	-	KPC-2*	aac(3)-IId^;aac(6')-Ib-cr.v2*	-	tet(D)*	sul1	0	3
SRR25337776	Klebsiella pneumoniae	ST34	OXA-1;TEM-1D.v1^	CTX-M-15	NDM-1	aac(3)-IIa.v1^;aac(6')-Ib-cr.v2;strA.v1^;strB.v1	qnrB1.v2^;qnrB32.v1*?	tet(A).v1	sul2	0	2
SRR25337806	Klebsiella pneumoniae	ST34	ACT-25*;OXA-1;TEM-1D.v1^	CTX-M-15;SHV-5^	NDM-1	aac(3)-IIa.v1^;aac(6')-Ib-cr.v2;aph(3')-VI;strA.v1^;strB.v1	qnrB1.v2^;qnrB32.v1*?	tet(A).v1	sul1*;sul2	0	2
SRR25337813	Klebsiella quasipneumoniae subsp. similipneumoniae	ST3880	TEM-1D.v1^	CTX-M-15	NDM-1	aph(3')-VI	qnrS1	-	sul2	0	2
SRR25382876	Klebsiella pneumoniae	ST38	TEM-1D.v1^	CTX-M-3	NDM-1	aac(6')-Ib-cr.v2*;aph(3')-VI	qnrS1	-	-	0	2
SRR25388596	Klebsiella pneumoniae	ST65	-	-	NDM-5	-	-	-	-	5	2
SRR25390770	Klebsiella pneumoniae	ST11-1LV	-	CTX-M-65	KPC-2	aadA2;ant(2'')-Ia	-	-	sul1*	1	2
SRR25391621	Klebsiella pneumoniae	ST65	-	-	NDM-5	-	-	-	-	5	2
SRR25391632	Klebsiella pneumoniae	ST315	TEM-1D.v1^	CTX-M-3	-	aac(3)-IId^;aac(6')-Ib-cr.v2;aadA16*;aph3-Ia.v1;strA.v1^;strB.v1	qnrS1	tet(A).v2	sul1;sul2*	0	1
SRR25391678	Klebsiella pneumoniae	ST11-1LV	TEM-1D.v1^	-	KPC-2	aadA2;aadA5;ant(2'')-Ia	-	-	-	1	3
SRR25391701	Klebsiella pneumoniae	ST11	LAP-2;TEM-1D.v1^	CTX-M-65	KPC-2	rmtB	qnrS1	tet(A).v1	sul1	1	2
SRR25391707	Klebsiella pneumoniae	ST656	DHA-1	CTX-M-55	NDM-5	aac(3)-IId^;aac(3)-IV;aac(6')-Ib-cr.v2;aadA16*;aadA2;aadA^;aph(3')-IIa;aph(3')-Ia;aph(4)-Ia;armA;strB.v1	qnrB4;qnrB6^	tet(A).v2	sul1;sul2*;sul3	0	3
SRR25391719	Klebsiella pneumoniae	ST11	-	CTX-M-65	KPC-2	aac(3)-IId^	-	tet(A).v1	sul1	1	2
SRR25393429	Klebsiella quasipneumoniae subsp. similipneumoniae	ST334	-	CTX-M-14;SHV-12	NDM-1	-	-	-	-	0	2
SRR25393431	Klebsiella quasipneumoniae subsp. similipneumoniae	ST852	OXA-1	OXY-2-8*	NDM-1	aac(6')-Ib-cr.v2;aadA16*	-	-	sul1	0	2
SRR25393447	Klebsiella pneumoniae	ST35	LAP-2;TEM-1D.v1^	CTX-M-14	NDM-1	aac(3)-IId^;aadA2^;aph3-Ia.v1^;strA.v1^;strB.v1	qnrS1	tet(A).v1	sul1;sul2	1	2
SRR25393468	Klebsiella quasipneumoniae subsp. similipneumoniae	ST852	OXA-1	OXY-2-8*	NDM-1	aac(6')-Ib-cr.v2;aadA16*	-	-	sul1	0	2
SRR25393474	Klebsiella pneumoniae	ST35	-	CTX-M-24;CTX-M-3	NDM-1	aac(3)-IId^;strA.v1^;strB.v1	qnrS1	-	sul2*	3	2
SRR25393477	Klebsiella quasipneumoniae subsp. quasipneumoniae	ST571	FONA-5*	SFO-1.v1	NDM-1	aac(3)-IId^;aac(6')-Ib;rmtC?	-	tet(D)	sul1*	0	3
SRR25393478	Klebsiella quasipneumoniae subsp. quasipneumoniae	ST144-1LV	TEM-1D.v1^	OXY-2-8*	NDM-1	aadA16*;strA.v1*;strB.v1*	qnrS1	tet(D)	sul1;sul2	0	2
SRR25393479	Klebsiella pneumoniae	ST11-1LV	-	CTX-M-65;SHV-12	KPC-2	aadA2;ant(2'')-Ia	-	-	sul1*	1	2
SRR25393489	Klebsiella pneumoniae	ST2237	DHA-1	-	KPC-2	aac(3)-IId^;armA	qnrB4	-	sul1	4	2
SRR25399657	Klebsiella pneumoniae	ST20	-	-	NDM-1	aac(3)-IId^;aac(6')-Ib-cr.v2;aadA16*;aph3-Ia.v1;strA.v1^;strB.v1	-	-	sul1;sul2	0	2
SRR25434773	Klebsiella pneumoniae	ST17	OXA-1;SCO-1;TEM-1D.v1^	CTX-M-15	NDM-1	aac(6')-Ib-cr.v2;aadA^;strB.v1	qnrB1.v1	tet(A).v1	sul1^;sul2	0	3
SRR25437917	Klebsiella pneumoniae	ST307-1LV	-	CTX-M-15*	KPC-2	strA.v1^;strB.v1	-	-	sul2	0	2
SRR25473688	Klebsiella quasipneumoniae subsp. quasipneumoniae	ST526	TEM-1D.v1^	-	KPC-2	-	-	-	-	0	2
SRR25473697	Klebsiella pneumoniae	ST273	OXA-1;TEM-1D.v1^	-	KPC-2	aac(6')-Ib-cr.v2;strA.v1*;strB.v1*	-	tet(A).v1*	sul2	1	2
SRR25508348	Klebsiella pneumoniae	ST11-1LV	TEM-1D.v1^	-	KPC-2	aac(3)-IIa.v1	-	-	sul1	0	3
SRR25565296	Klebsiella pneumoniae	ST280	OXA-1;TEM-1D.v1^	CTX-M-15	-	aac(6')-Ib-cr.v2;strA.v1^;strB.v1	qnrB1.v2^	tet(A).v1	sul2	0	1
SRR25565301	Klebsiella quasipneumoniae subsp. similipneumoniae	ST2073-2LV	OXA-1	CTX-M-15	-	aac(3)-IIa.v1^;aac(6')-Ib-cr.v2	qnrB2.v1^	tet(A).v1	-	0	1
SRR25565302	Klebsiella pneumoniae	ST15	LAP-2;OXA-1	CTX-M-15	-	aac(3)-IIa.v1^;aac(6')-Ib-cr.v2;aadA^;strA.v1;strB.v1	qnrS1	tet(D)	sul1^	0	1
SRR25569093	Klebsiella pneumoniae	ST231-1LV	TEM-1D.v1^	CTX-M-15	OXA-232	aac(6')-Ib;aadA2^	qnrS1	-	sul1	4	2
SRR25582015	Klebsiella pneumoniae	ST383	TEM-1	CTX-M-14^;CTX-M-15	NDM-5;OXA-48	aac(6')-Ib'.v1;aadA*;aph(3')-VI;aph3-Ia.v1^;armA;strA.v1;strB.v1	qnrS1	tet(A).v1	sul1;sul2	3	3
SRR25627860	Klebsiella pneumoniae	ST193-1LV	TEM-1D.v1^	-	KPC-3	-	-	-	-	1	2
SRR25756486	Klebsiella pneumoniae	ST147-1LV	OXA-1;OXA-9.v1;TEM-1D.v1^	CTX-M-15	NDM-1	aac(6')-Ib'.v1;aadA*;aph(3')-VI	qnrS1	-	sul1	0	2
SRR25758665	Klebsiella pneumoniae	ST11	TEM-1D.v1^	CTX-M-65	KPC-2;NDM-1	aph(3')-VI;aph3-Ia.v1^;armA^;rmtB	qnrS1	-	sul1;sul2	4	2
SRR25758675	Klebsiella pneumoniae	ST13	OXA-1	-	OXA-48	aac(6')-Ib-cr.v2	qnrB1.v2^	tet(A).v1	-	3	2
SRR25759568	Klebsiella pneumoniae	ST629	OXA-1;TEM-1D.v1^	CTX-M-12^	KPC-2	aac(3)-IIa.v1^;aac(6')-Ib-cr.v2;rmtG;strB.v1	qnrB1.v2^	tet(A).v1	sul2	0	3
SRR25759570	Klebsiella pneumoniae	ST45	TEM-1D.v1^	CTX-M-15	-	aac(3)-IIa.v1^;strA.v1^;strB.v1	qnrB1.v2^	-	sul2	1	1
SRR25828943	Klebsiella pneumoniae	ST460-2LV	ADC-5*;LAP-2	CTX-M-27	OXA-441	-	qnrS1	tet(A).v1	-	0	3
SRR25837769	Klebsiella variicola subsp. variicola	ST919	-	-	NDM-7	-	qnrS1	-	sul2	0	2
SRR25917616	Klebsiella pneumoniae	ST129	TEM-1D.v1^	-	KPC-4	aac(3)-Ib;aph3-Ia.v1*?	-	tet(D)	sul1	0	2
SRR25931805	Klebsiella pneumoniae	ST45	TEM-1D.v1^	CTX-M-15	NDM-5	aac(3)-IIa.v1^;aph(3')-VI;strA.v1^;strB.v1	qnrB1.v2^;qnrS1	tet(A).v1	sul1;sul2	4	2
SRR25931819	Klebsiella pneumoniae	ST111	-	CTX-M-15	NDM-5	aph(3')-VI	qnrS1	-	sul1	4	2
SRR25931856	Klebsiella pneumoniae	ST45	-	CTX-M-15	NDM-5	aph(3')-VI	qnrS1	tet(D)	sul1	4	2
SRR25931868	Klebsiella pneumoniae	ST13	-	SHV-12	VIM-1	aac(6')-Ib4^;aadA1.v1^;aphA15;strA.v1*;strB.v1*	qnrS1	tet(B).v2*	sul1;sul2	0	2
SRR25931908	Klebsiella pneumoniae	ST147	OXA-9.v1;TEM-1D.v1^	CTX-M-15	NDM-5	aac(6')-Ib'.v1;aadA*;aph(3')-VI	qnrS1	-	sul1	4	2
SRR25931927	Klebsiella pneumoniae	ST45	TEM-1D.v1^	CTX-M-15	NDM-5	aac(3)-IIa.v1^;aph(3')-VI;strA.v1^;strB.v1	qnrB1.v2^;qnrS1	tet(A).v1	sul1;sul2	4	2
SRR25931941	Klebsiella pneumoniae	ST111	-	CTX-M-15	NDM-5	aph(3')-VI	qnrS1	-	sul1	4	2
SRR25931952	Klebsiella pneumoniae	ST44	TEM-1D.v1^	CTX-M-15	NDM-5	-	qnrS1	tet(A).v1;tet(D)	sul1	3	2
SRR25932024	Klebsiella pneumoniae	ST45	OXA-1;TEM-1D.v1^	CTX-M-15	NDM-5	aac(6')-Ib-cr.v2;aph(3')-VI;strA.v1^;strB.v1	qnrS1	-	sul2	4	2
SRR25932083	Klebsiella pneumoniae	ST111	-	CTX-M-15	NDM-5	aph(3')-VI	qnrS1	-	sul1	3	2
SRR25940350	Klebsiella pneumoniae	ST490	OXA-1;TEM-1D.v1^	CTX-M-15	NDM-1	aac(3)-IIa.v1^;aac(6')-Ib-cr.v2;aadA2*;strA.v1^;strB.v1	qnrB1.v2^	tet(A).v1;tet(D)	sul2	0	2
SRR26050704	Klebsiella pneumoniae	ST111	-	CTX-M-15	NDM-5	aph(3')-VI	qnrS1	-	sul1	1	2
SRR26090790	Klebsiella pneumoniae	ST2074-2LV	TEM-1D.v1^	-	KPC-2	-	-	-	-	0	2
SRR26141170	Klebsiella pneumoniae	ST1049	-	-	-	-	-	-	-	1	0
SRR26150975	Klebsiella pneumoniae	ST941	-	-	KPC-2	-	-	-	-	0	2
SRR26151503	Klebsiella pneumoniae	ST17	OXA-1	CTX-M-15	KPC-3	aac(3)-IIa.v1^	qnrS1	-	-	1	2
SRR26176537	Klebsiella pneumoniae	ST35	OXA-1;TEM-1D.v1^	CTX-M-15;SHV-33* +173F	-	aac(3)-IIa.v1^;aac(6')-Ib-cr.v2;strA.v1^;strB.v1	-	-	sul2	1	1
SRR26196505	Klebsiella pneumoniae	ST147-1LV	OXA-1;OXA-9.v1;TEM-1D.v1^	CTX-M-15	NDM-1	aac(6')-Ib-cr.v2;aadA*;aph(3')-VI	qnrS1	-	sul1	1	2
SRR26208930	Klebsiella quasipneumoniae subsp. similipneumoniae	ST2639-1LV	TEM-1D.v1^	-	KPC-3	-	-	-	-	0	2
SRR26221880	Klebsiella pneumoniae	ST383	TEM-1	CTX-M-14^;CTX-M-15	NDM-5;OXA-48	aac(6')-Ib'.v1;aadA*;aph(3')-VI;aph3-Ia.v1^;armA;strA.v1;strB.v1	qnrB19^;qnrS1	tet(A).v1	sul1;sul2	3	2
SRR26221887	Klebsiella pneumoniae	ST1537	-	-	NDM-5	-	-	-	-	0	2
SRR26281837	Klebsiella pneumoniae	ST348	TEM-1D.v1^	CTX-M-15	OXA-181	aac(3)-IIa.v1^;strA.v1^;strB.v1	qnrB1.v2^;qnrS1	-	sul2	0	2
SRR26291034	Klebsiella pneumoniae	ST45	OXA-1	CTX-M-15	NDM-1	aac(3)-IIa.v1*;aac(6')-Ib-cr.v2;aadA2^	qnrB19^;qnrE2	-	sul1	1	2
SRR26291039	Klebsiella pneumoniae	ST1728	OXA-1	TEM-26^	NDM-1	aac(3)-IIa.v1*;aac(6')-Ib-cr.v2	qnrE2	-	sul1	0	2
SRR26291072	Klebsiella pneumoniae	ST152	OXA-2	-	IMP-16*	aac(6')-IIc	-	-	sul1	0	2
SRR26291074	Klebsiella quasipneumoniae subsp. quasipneumoniae	ST696-2LV	TEM-1D.v1^	-	KPC-2	aac(3)-IIa.v1^;aac(6')-Ib-cr.v2;strA.v1^;strB.v1	qnrB1.v2^	tet(A).v1	sul2	0	2
SRR26324304	Klebsiella pneumoniae	ST35-1LV	-	SHV-12	-	-	qnrS1	-	-	1	1
SRR26324308	Klebsiella pneumoniae	ST307-1LV	-	CTX-M-15	-	aac(3)-IIa.v1^;aac(6')-Ib-cr.v2;strA.v1^;strB.v1	-	-	sul2	1	1
SRR26324324	Klebsiella pneumoniae	ST15	CMY-6	CTX-M-15	NDM-1;OXA-48	aac(6')-Ib3^;rmtC	-	-	sul1	1	3
SRR26324339	Klebsiella pneumoniae	ST104	-	-	KPC-3	-	-	-	-	1	2
SRR26324353	Klebsiella pneumoniae	ST258-1LV	-	-	KPC-2	aac(6')-Ib'.v1;aadA2^;aph3-Ia.v1^	-	-	sul1	1	2
SRR26337005	Klebsiella pneumoniae	ST35	CARB-2.v1^;TEM-1D.v1^	CTX-M-15;CTX-M-39	KPC-2	aadA2;ant(2'')-Ia	-	-	sul1?	1	2
SRR26338079	Klebsiella pneumoniae	ST353	OXA-1;TEM-1D.v1^	-	KPC-3	aac(3)-IIa.v1^;aac(6')-Ib-cr.v2;strA.v1^;strB.v1	qnrB1.v2^;qnrS1	tet(A).v1	sul2	1	2
SRR26339403	Klebsiella variicola subsp. variicola	ST641	FOX-5;OXA-1	-	VIM-1	aac(6')-Ib-cr.v2^;aac(6')-Il;aadA*;ant(2'')-Ia	-	-	-	0	2
SRR26342638	Klebsiella pneumoniae	ST195-3LV	-	-	-	-	-	-	sul2	0	0
SRR26371302	Klebsiella pneumoniae	ST4239	-	-	KPC-3	aadA1.v1^	qnrB2.v1^	-	sul1;sul1	0	2
SRR26374498	Klebsiella variicola subsp. variicola	ST919-1LV	DHA-1	-	-	aac(3)-IV;aadA2;aadA^;aph(3')-Ia;aph(4)-Ia;armA;strB.v1	qnrB4	-	sul1;sul3	0	0
SRR26401938	Klebsiella pneumoniae	ST3546-1LV	TEM-1D.v1^	-	CTX-M-33*	strA.v1^;strB.v1	qnrS1	tet(A).v2	sul1;sul2*	0	2
SRR26402375	Klebsiella pneumoniae	ST11	LAP-2;TEM-1D.v1^	-	KPC-2	rmtB	qnrS1	tet(A).v1	sul2	4	2
SRR26402421	Klebsiella pneumoniae	ST11-1LV	TEM-1D.v1^	CTX-M-65;SHV-12	KPC-2	aac(6')-Ib-cr.v2;aadA16*;aadA2;rmtB	-	tet(A).v1	-	1	2
SRR26412211	Klebsiella pneumoniae	ST461	-	-	-	-	-	-	-	0	0
SRR26412212	Klebsiella pneumoniae	ST34	-	-	-	-	-	-	-	0	0
SRR26412220	Klebsiella pneumoniae	ST485	TEM-1D.v1^	-	-	strA.v1^;strB.v1	-	tet(D)^	sul2*	1	0
SRR26412228	Klebsiella pneumoniae	ST200	-	-	-	-	-	-	-	0	0
SRR26412230	Klebsiella pneumoniae	ST309	CARB-2.v1	-	-	aadA2	qnrA1	tet(A).v2	sul1;sul1	0	0
SRR26412234	Klebsiella pneumoniae	ST231	-	CTX-M-15	-	aadA*;aph3-Ia.v1^;armA	-	-	sul1	0	1
SRR26412249	Klebsiella pneumoniae	ST3050	TEM-1D.v1^	CTX-M-14	KPC-2	aac(3)-IId*;aac(6')-Ib-cr.v2	-	tet(A).v1*;tet(D)	sul1	0	2
SRR26412254	Klebsiella pneumoniae	ST2071	TEM-1D.v1^	CTX-M-15	NDM-1	aac(6')-Ib;aadA2^;rmtF	qnrB1.v1	-	sul1	3	2
SRR26412269	Klebsiella pneumoniae	ST1583	-	-	-	aac(3)-IV;aadA^;aph(4)-Ia;aph3-Ia.v1^	qnrB19^	-	sul1;sul3	0	0
SRR26412278	Klebsiella pneumoniae	ST788	OXA-1;TEM-1D.v1^	CTX-M-15	-	aac(3)-IIa.v1^;aac(6')-Ib-cr.v2;strA.v1^;strB.v1	qnrB1.v2^	tet(A).v1	sul2	0	1
SRR26412303	Klebsiella pneumoniae	ST4270	LAP-2	-	-	-	qnrS1	tet(A).v2	sul1	0	0
SRR26412306	Klebsiella pneumoniae	ST686	LAP-2;TEM-1D.v1^	CTX-M-14	-	strA.v1^;strB.v1	qnrS1	tet(A).v1	sul1;sul2	1	1
SRR26412308	Klebsiella pneumoniae	ST107	LAP-2;TEM-1D.v1^	CTX-M-14	OXA-48	aac(3)-IId^;strA.v1^;strB.v1	qnrS1	tet(A).v1;tet(D)	sul1;sul2	1	2
SRR26418174	Klebsiella variicola subsp. variicola	ST4368	-	-	OXA-181*	-	qnrS1	-	-	0	2
SRR26424146	Klebsiella pneumoniae	ST629	OXA-1;TEM-1D.v1^	CTX-M-15	KPC-2	aac(3)-IIa.v1^;aac(6')-Ib-cr.v2;strA.v1^;strB.v1	-	-	sul2	0	2
SRR26459857	Klebsiella pneumoniae	ST25	LAP-2;OXA-10	CTX-M-55	NDM-5	aac(3)-IId^;aadA*;aph3-Ia.v1;strA.v1^;strB.v1	qnrS1	tet(A).v1	sul1	3	3
SRR26459878	Klebsiella pneumoniae	ST14	OXA-1	CTX-M-15	NDM-1;OXA-232	aadA*;aadA2^;aph(3')-VI;armA;sat-2	qnrS1	-	sul1	1	2
SRR26459894	Klebsiella pneumoniae	ST33	OXA-1	CTX-M-15	NDM-6	aac(3)-IId^;aac(6')-Ib-cr.v2;aph3-Ia.v1^	qnrB1.v2^	tet(D)	-	0	2
SRR26459896	Klebsiella pneumoniae	ST101	CMY-16^;OXA-10;SCO-1;TEM-1D.v1^	CTX-M-15	NDM-1;OXA-48	aac(3)-IIa.v1;aph(3')-VI;armA;strA.v1^;strB.v1	-	tet(A).v2	sul1;sul2	1	2
SRR26459909	Klebsiella pneumoniae	ST273	DHA-1;LAP-2	CTX-M-14	NDM-4	aac(3)-IId^;aadA2^	qnrB4;qnrS1	tet(D)	sul1;sul1;sul2	0	2
SRR26459921	Klebsiella pneumoniae	ST3369-1LV	TEM-1D.v1^	-	NDM-1	strA.v1^;strB.v1	qnrS1	tet(A).v1*?	sul2	0	2
SRR26459927	Klebsiella pneumoniae	ST307	OXA-1;TEM-1D.v1^	CTX-M-15	VIM-1	aac(3)-IIa.v1^;aac(6')-Ib4^;aadA1.v1^;strA.v1^;strB.v1	-	tet(D)	sul1;sul2	0	2
SRR26459932	Klebsiella pneumoniae	ST39	OXA-9.v1	-	NDM-1	aac(3)-IId^;aadA*;aph(3')-VI	qnrS1	-	sul2	1	2
SRR26499468	Klebsiella pneumoniae	ST281	TEM-1D.v1^	SHV-7^	NDM-1	aac(3)-IId^;ant(2'')-Ia;strA.v1^;strB.v1	qnrS1	-	sul1;sul2	0	2
SRR26510918	Klebsiella pneumoniae	ST86	-	-	-	-	-	-	-	1	0
SRR26537928	Klebsiella pneumoniae	ST4295	-	-	-	aadA^;aph3-Ia.v1^	-	tet(D)*	sul1	0	0
SRR26537942	Klebsiella pneumoniae	ST29	OXA-1;TEM-1D.v1^	CTX-M-15	-	aac(3)-IIa.v1^;aac(6')-Ib-cr.v2;strA.v1^;strB.v1	qnrB1.v2^	-	sul2	1	1
SRR26537949	Klebsiella pneumoniae	ST15	CARB-2.v1^;FOX-5;TEM-1D.v1^	CTX-M-15	-	aac(6')-Ib-cr.v2;ant(2'')-Ia;strA.v1^;strB.v1	qnrA1	-	sul2	2	1
SRR26537984	Klebsiella pneumoniae	ST273	OXA-1;TEM-1D.v1^	CTX-M-15	-	aac(3)-IIa.v1^;aac(6')-Ib-cr.v2;strA.v1^;strB.v1	qnrB1.v2^	tet(A).v1	sul2	0	1
SRR26538007	Klebsiella pneumoniae	ST29	OXA-1	CTX-M-15	-	aac(3)-IIa.v1^;aac(6')-Ib-cr.v2	qnrB1.v2^	tet(A).v1	-	1	1
SRR26538035	Klebsiella pneumoniae	ST152	OXA-1;TEM-1D.v1^	CTX-M-15	-	aac(3)-IIa.v1^;aac(6')-Ib-cr.v2;strA.v1^;strB.v1	qnrB1.v1;qnrS1	-	sul2	1	1
SRR26542242	Klebsiella pneumoniae	ST1634	-	-	-	-	-	-	-	1	0
SRR26542852	Klebsiella pneumoniae	ST25	OXA-1	CTX-M-15	KPC-2	aac(3)-IIa.v1^;aac(6')-Ib-cr.v2;strA.v1^;strB.v1	qnrB1.v2^	tet(A).v1	sul2	1	2
SRR26545513	Klebsiella pneumoniae	ST147	OXA-1;TEM-1D.v1^	CTX-M-15;SHV-12	NDM-1	aac(3)-IIa.v1^;aac(6')-Ib-cr.v2;strA.v1^;strB.v1	qnrB1.v2^	tet(A).v1	sul2	0	2
SRR26562436	Klebsiella pneumoniae	ST147-2LV	OXA-1;OXA-9.v1;TEM-1D.v1^	CTX-M-15	NDM-1	aac(3)-IIa.v1^;aac(6')-Ib'.v1;aadA*;aadA2^;aph(3')-VI	qnrS1	-	sul1	1	2
SRR26562463	Klebsiella pneumoniae	ST391	-	-	NDM-7	aac(6')-Ib7*	qnrB1.v2^;qnrS1	-	sul2	1	2
SRR26562483	Klebsiella quasipneumoniae subsp. similipneumoniae	ST705	TEM-1D.v1^	SHV-7^	NDM-1	aac(3)-IId^;aac(6')-Ib-cr.v2;aadA16*;ant(2'')-Ia;strA.v1^;strB.v1	qnrS1	-	sul1;sul2	0	2
SRR26629071	Klebsiella variicola subsp. variicola	ST641	-	-	NDM-1	aac(3)-IId^;aac(6')-Ib-cr.v2;aph3-Ia.v1;strA.v1^;strB.v1	-	tet(A).v2	sul1;sul1;sul2	0	2
SRR26630972	Klebsiella pneumoniae	ST3359	OXA-9.v1;TEM-1D.v1^	-	KPC-3	aac(6')-Ib'.v1;aadA2;strA.v1^;strB.v1	-	-	sul1;sul2	2	2
SRR26754956	Klebsiella pneumoniae	ST33	-	-	KPC-3	-	-	-	-	0	2
SRR26803406	Klebsiella pneumoniae	ST2418-1LV	-	-	OXA-48	-	-	-	-	0	2
SRR26809128	Klebsiella pneumoniae	ST348	OXA-1	CTX-M-15	-	aac(3)-IIa.v1^;aac(6')-Ib-cr.v2	qnrB1.v2^	tet(A).v1	-	1	1
SRR26809245	Klebsiella pneumoniae	ST569-1LV	LAP-2	-	NDM-5	-	qnrS1	-	-	0	2
SRR26831028	Klebsiella pneumoniae	ST17-2LV	-	-	-	-	-	-	-	0	0
SRR26858729	Klebsiella pneumoniae	ST690	OXA-1	CTX-M-15	-	aac(3)-IIa.v1^;aac(6')-Ib-cr.v2;aadA5;strA.v1^;strB.v1*	-	-	sul1;sul2	0	1
SRR26858734	Klebsiella pneumoniae	ST4023	-	CTX-M-15	-	aadA2^;aph3-Ia.v1^;strA.v1*;strB.v1*	qnrS1	tet(A).v1	sul1;sul2	0	1
SRR26858893	Klebsiella pneumoniae	ST987	-	-	NDM-7	aac(6')-Ib7*	qnrS1	-	sul2	0	2
SRR26887349	Klebsiella variicola subsp. variicola	ST360	-	-	-	-	-	-	-	0	0
SRR26887394	Klebsiella pneumoniae	ST3691	-	-	-	-	-	-	-	1	0
SRR26887415	Klebsiella pneumoniae	ST1043-1LV	-	-	-	-	-	-	-	0	0
SRR26887419	Klebsiella pneumoniae	ST220	-	-	-	-	-	-	-	0	0
SRR26887498	Klebsiella pneumoniae	ST218	-	-	-	-	-	-	-	1	0
SRR26887548	Klebsiella pneumoniae	ST380	-	-	-	-	-	-	-	4	0
SRR26887551	Klebsiella pneumoniae	ST15-1LV	-	-	-	-	-	-	-	0	0
SRR26893499	Klebsiella pneumoniae	ST76	-	-	NDM-5	aac(6')-Ib-cr.v2;aadA16*	qnrB6^	tet(A).v1*	sul1	0	2
SRR26896775	Klebsiella pneumoniae	ST2943	TEM-1D.v1^	CTX-M-15	-	aac(3)-IIa.v1	qnrS1	-	-	0	1
SRR26997407	Klebsiella pneumoniae	ST133	-	CTX-M-15	-	aac(3)-IIa.v1;aac(6')-Ib-cr.v2;aadA16*	qnrB6^	tet(D)	sul1;sul1;sul2	1	1
SRR26997414	Klebsiella pneumoniae	ST49-3LV	-	CTX-M-15	-	aac(3)-IIa.v1;aac(6')-Ib-cr.v2;aadA16*	qnrB6^	tet(D)	sul1;sul1;sul2	0	1
SRR26997422	Klebsiella pneumoniae	ST15-2LV	CMY-2.v2;OXA-1*;TEM-1D.v1^	CTX-M-15	OXA-181	aac(6')-Ib-cr.v2;aadA16*;aph3-Ia.v1^;strB.v1	qnrS1	tet(A).v1;tet(D)	sul1;sul2	1	3
SRR26997426	Klebsiella pneumoniae	ST133	OXA-1	CTX-M-15	OXA-181	aac(3)-IIa.v1;aac(6')-Ib-cr.v2;aadA16*;aph3-Ia.v1^	qnrB6^	tet(D)	sul1;sul2	1	2
SRR26997429	Klebsiella pneumoniae	ST133	-	CTX-M-15	-	aac(3)-IIa.v1;aac(6')-Ib-cr.v2;aadA16*	qnrB6^	tet(D)	sul1;sul1;sul2	1	1
SRR26997430	Klebsiella pneumoniae	ST133-1LV	-	CTX-M-15	-	aac(3)-IIa.v1;aac(6')-Ib-cr.v2;aadA16*	qnrB6^	tet(D)	sul1;sul1;sul2	1	1
SRR26997434	Klebsiella pneumoniae	ST2706	-	-	-	-	-	-	-	0	0
SRR26997437	Klebsiella pneumoniae	ST2791	-	CTX-M-15	-	aadA2^;aph3-Ia.v1^;strB.v1	qnrS1	tet(A).v1*	sul1;sul2	0	1
SRR26997446	Klebsiella pneumoniae	ST25	-	-	-	-	-	-	sul1	3	0
SRR26997473	Klebsiella pneumoniae	ST530	-	CTX-M-15	-	aac(3)-IIa.v1;strA.v1*;strB.v1*	-	tet(D)	sul2	1	1
SRR26997476	Klebsiella pneumoniae	ST133	-	CTX-M-15	-	aac(3)-IIa.v1;aac(6')-Ib-cr.v2;aadA16*	qnrB6^	tet(D)	sul1;sul1;sul2	1	1
SRR26997481	Klebsiella pneumoniae	ST14-1LV	OXA-1*;TEM-1D.v1^	CTX-M-15	-	aac(6')-Ib-cr.v2;strA.v1^;strB.v1	qnrB1.v2^	tet(A).v1	sul2	1	1
SRR26997482	Klebsiella pneumoniae	ST469	-	CTX-M-15	-	aadA2^;aph3-Ia.v1^;strA.v1*;strB.v1*	qnrS1	tet(A).v1	sul1;sul2	0	1
SRR26997488	Klebsiella pneumoniae	ST147	OXA-1;TEM-1D.v1^	CTX-M-15	-	aac(3)-IIa.v1^;aac(6')-Ib-cr.v2	qnrS1	tet(A).v1*	sul2	0	1
SRR26997491	Klebsiella pneumoniae	ST1070	-	CTX-M-15	-	aac(6')-Ib-cr.v2;aadA16*;aadA2^;aph3-Ia.v1^;strA.v1*;strB.v1*	qnrB6^;qnrS1	tet(A).v1;tet(D)	sul1;sul2	0	1
SRR27018830	Klebsiella pneumoniae	ST2026-1LV	-	-	NDM-7	ant(2'')-Ia	qnrS1	-	-	1	3
SRR27041800	Klebsiella pneumoniae	ST299	-	-	NDM-1	aph(3')-VI	-	-	-	0	2
SRR27041806	Klebsiella pneumoniae	ST14	OXA-1;OXA-9.v1;TEM-1D.v1^	CTX-M-15	NDM-5	aac(3)-IId^;aac(6')-Ib-cr.v2;aadA*;aadA2^;rmtB;strA.v1*;strB.v1*	-	-	sul1;sul2	1	2
SRR27041808	Klebsiella pneumoniae	ST48	-	-	NDM-5	aph(3')-IIa	-	tet(D)	-	2	2
SRR27049211	Klebsiella pneumoniae	ST1436	OXA-1;TEM-1D.v1^	CTX-M-15	-	aac(3)-IIa.v1^;aac(6')-Ib-cr.v2;strA.v1^;strB.v1	qnrB1.v2^	tet(A).v1	sul2	0	1
SRR27049233	Klebsiella pneumoniae	ST1486	-	-	-	-	-	-	-	0	0
SRR27049243	Klebsiella pneumoniae	ST348	TEM-1D.v1^	CTX-M-15	-	aac(3)-IIa.v1^;strA.v1^;strB.v1	qnrB1.v2^	-	sul2	0	1
SRR27049467	Klebsiella pneumoniae	ST76	OXA-9.v1;TEM-1D.v1^	-	KPC-3	aac(6')-Ib'.v1*;aadA*;strA.v1^;strB.v1^	qnrB2.v1^	-	sul1;sul1;sul2	0	2
SRR27049482	Klebsiella pneumoniae	ST4277	-	-	-	-	-	-	-	0	0
SRR27049630	Klebsiella pneumoniae	ST219	-	CTX-M-15	-	aadA2^;strA.v1*;strB.v1*	qnrS1	-	sul1;sul2	0	1
SRR27049645	Klebsiella pneumoniae	ST392-1LV	OXA-1;TEM-1D.v1^	CTX-M-15	-	aac(3)-IIa.v1^;aac(6')-Ib-cr.v2;strA.v1^;strB.v1	qnrB1.v2^	tet(A).v1	sul2	0	1
SRR27049671	Klebsiella pneumoniae	ST1271	OXA-1	CTX-M-15	-	aac(3)-IIa.v1^;aac(6')-Ib-cr.v2;aadA^;strA.v1;strB.v1	qnrB5*	tet(D)	sul3	0	1
SRR27049689	Klebsiella pneumoniae	ST1271	OXA-1	CTX-M-15;SHV-2	-	aac(3)-IIa.v1^;aac(6')-Ib-cr.v2;aadA2;aadA^;strA.v1;strB.v1	qnrB5*	tet(D)	sul3	0	1
SRR27049849	Klebsiella pneumoniae	ST280	OXA-1;TEM-1D.v1^	CTX-M-15	-	aac(3)-IIa.v1^;aac(6')-Ib-cr.v2;strA.v1^;strB.v1	qnrB1.v2^	tet(A).v1	sul2	0	1
SRR27050007	Klebsiella pneumoniae	ST364	-	-	-	aadA5;aph3-Ia.v1^	-	tet(D)	sul1	0	0
SRR27050066	Klebsiella pneumoniae	ST22	TEM-1D.v1^	CTX-M-15	-	strA.v1^;strB.v1	qnrB1.v2^	tet(A).v1	sul2	1	1
SRR27062431	Klebsiella pneumoniae	ST512	TEM-104*?	-	KPC-3	aac(6')-Ib'.v1;aph3-Ia.v1^	-	-	-	0	3
SRR27062441	Klebsiella pneumoniae	ST512	TEM-1D.v1^	-	KPC-3	aac(6')-Ib'.v1;aadA2^;aph3-Ia.v1^	-	-	sul1	0	3
SRR27073171	Klebsiella pneumoniae	ST105	-	-	-	-	-	-	-	0	0
SRR27129773	Klebsiella pneumoniae	ST37	TEM-1D.v1^	-	KPC-3	aac(6')-Ib'.v1*;aadA*	qnrB19^	tet(D)	sul2	0	2
SRR27131770	Klebsiella pneumoniae	ST219	TEM-1D.v1^	CTX-M-15	KPC-2	aadA2^;strA.v1*;strB.v1*	qnrS1	-	sul1;sul2	1	2
SRR27150534	Klebsiella pneumoniae	ST16	TEM-1D.v1^	CTX-M-15	NDM-5	aadA2^	-	-	sul1	0	2
SRR27158794	Klebsiella pneumoniae	ST11	TEM-1D.v1^	ADC-30;CTX-M-65	KPC-2;OXA-23;OXA-66	rmtB;strA.v1;strB.v1	-	tet(B).v2*?	sul2	4	2
SRR27158808	Klebsiella pneumoniae	ST412	-	-	-	-	-	-	-	3	0
SRR27158809	Klebsiella pneumoniae	ST39	DHA-1;TEM-1D.v1^	CTX-M-14	KPC-2	aac(3)-IId^;aac(6')-Ib-cr.v2;aadA16*;armA	qnrB4;qnrB6^	tet(D)*	sul1	4	2
SRR27158817	Klebsiella pneumoniae	ST23	-	-	-	-	-	-	-	5	0
SRR27158825	Klebsiella pneumoniae	ST36	DHA-1;TEM-1D.v1^	CTX-M-14	-	aac(6')-Ib-cr.v2;aadA16*;armA;strB.v1	qnrB4	-	sul1	5	1
SRR27158836	Klebsiella pneumoniae	ST412	-	-	-	-	-	-	-	3	0
SRR27158842	Klebsiella pneumoniae	ST1764	-	-	-	-	-	-	-	3	0
SRR27177927	Klebsiella pneumoniae	ST1440	TEM-1D.v1^	CTX-M-12	KPC-2	aadA^;rmtG	qnrB19^	tet(D)	sul1;sul2	0	2
SRR27178437	Klebsiella pneumoniae	ST17	-	-	NDM-7	-	-	-	-	0	2
SRR27195163	Klebsiella pneumoniae	ST268	-	-	-	-	-	-	-	5	0
SRR27195174	Klebsiella pneumoniae	ST218	-	-	-	-	-	-	-	4	0
SRR27195178	Klebsiella quasipneumoniae subsp. similipneumoniae	ST3857	-	-	-	-	-	-	-	4	0
SRR27195192	Klebsiella pneumoniae	ST231	TEM-1D.v1^	CTX-M-15	OXA-232	aac(6')-Ib;aadA2^;rmtF	qnrS1	-	sul1	4	2
SRR27198944	Klebsiella pneumoniae	ST2854	TEM-1D.v1^	-	-	aac(3)-IId^;aadA2^;aph3-Ia.v1;strA.v1^;strB.v1	-	tet(B).v2*	sul2*	0	0
SRR27198945	Klebsiella pneumoniae	ST294	-	-	-	aadA13	-	-	sul1	0	0
SRR27198946	Klebsiella pneumoniae	ST1622-2LV	-	-	-	-	-	-	-	0	0
SRR27198961	Klebsiella pneumoniae	ST2640	-	-	-	strA.v1;strB.v1	-	tet(B).v2*	-	0	0
SRR27198963	Klebsiella pneumoniae	ST2640	-	-	-	aadA2;strA.v1;strB.v1	-	tet(B).v2*;tet(C)	sul1	0	0
SRR27198969	Klebsiella pneumoniae	ST2640	-	-	-	-	-	-	-	0	0
SRR27198978	Klebsiella pneumoniae	ST65	-	-	-	-	-	-	-	3	0
SRR27198980	Klebsiella pneumoniae	ST2623	-	-	-	-	-	-	sul2	0	0
SRR27199010	Klebsiella pneumoniae	ST2640	-	-	-	strA.v1;strB.v1	-	tet(B).v2*	-	0	0
SRR27199051	Klebsiella pneumoniae	ST314	-	-	-	-	-	-	-	0	0
SRR27199055	Klebsiella pneumoniae	ST643	-	-	-	-	-	-	-	0	0
SRR27199057	Klebsiella pneumoniae	ST14	-	-	KPC-3	aac(6')-Ib-cr.v2;aadA16*;aadA5;strA.v1^;strB.v1*	-	-	sul1;sul2	0	2
SRR2724092	Klebsiella pneumoniae	ST405	TEM-1D.v1^	CTX-M-15	OXA-48	aac(3)-IIa.v1^;aac(6')-Ib-cr.v2;strA.v1^;strB.v1	qnrB1.v2^	tet(A).v1	sul2	1	2
SRR2724135	Klebsiella pneumoniae	ST37	CMY-6	-	NDM-1	aac(6')-Ib3^;rmtC	-	-	sul1	0	2
SRR27253532	Klebsiella pneumoniae	ST1554	-	-	-	-	-	-	-	1	0
SRR27253582	Klebsiella pneumoniae	ST20-1LV	-	-	-	-	-	-	-	0	0
SRR27253601	Klebsiella pneumoniae	ST4427	-	-	-	-	-	-	-	0	0
SRR27253611	Klebsiella pneumoniae	ST253	-	-	-	-	-	-	-	0	0
SRR27253619	Klebsiella pneumoniae	ST1380	-	-	-	-	-	-	-	0	0
SRR27253631	Klebsiella pneumoniae	ST872	-	-	-	-	-	-	-	0	0
SRR27327034	Klebsiella pneumoniae	ST147-1LV	OXA-1;TEM-1D.v1^	CTX-M-15	NDM-1	aac(6')-Ib-cr.v2;aph(3')-VI	qnrS1	-	sul1;sul2	3	2
SRR27372511	Klebsiella pneumoniae	ST405	OXA-1;TEM-1D.v1^	CTX-M-15;SHV-76* +238S	VIM-1	aac(3)-IIa.v1^;aac(6')-Ib-cr.v2;aac(6')-Il;aadA1.v1^;ant(2'')-Ia;strA.v1^;strB.v1	qnrS1	-	sul2	1	2
SRR27375605	Klebsiella pneumoniae	ST3155	TEM-1D.v1^	-	KPC-2	-	-	tet(D)	-	0	2
SRR27383043	Klebsiella pneumoniae	ST564	-	-	-	strA.v1;strB.v1	-	tet(A).v1*	sul2	0	0
SRR27411009	Klebsiella pneumoniae	ST268	OXA-10;TEM-1D.v1^	CTX-M-15	NDM-1	aadA*;aph(3')-Ia	qnrS1	-	sul1;sul2	1	2
SRR27411020	Klebsiella pneumoniae	ST105	-	-	KPC-3	-	-	-	-	0	2
SRR27411042	Klebsiella variicola subsp. variicola	ST4368	-	-	OXA-181*	-	qnrS1	-	-	0	2
SRR27420916	Klebsiella variicola subsp. variicola	ST3201-1LV	TEM-1D.v1^	-	KPC-3	-	qnrS1	-	-	0	2
SRR27488095	Klebsiella pneumoniae	ST16-1LV	TEM-1D.v1^	-	NDM-5;OXA-181	aadA2^;strA.v1^;strB.v1	qnrS1	tet(A).v1	sul1;sul2	0	2
SRR27492051	Klebsiella pneumoniae	ST48	TEM-1D.v1^	-	KPC-3	aac(6')-Ib'.v1*;aadA*;aadA*;sat-2	qnrB19^	-	-	2	2
SRR27604520	Klebsiella pneumoniae	ST220	-	-	-	-	-	-	-	0	0
SRR27680181	Klebsiella pneumoniae	ST70	TEM-1D.v1^	-	KPC-3	aac(6')-Ib'.v1*;aadA*	qnrB19^	-	-	1	2
SRR27695923	Klebsiella pneumoniae	ST20	-	-	NDM-7	aac(6')-Ib7*	qnrS1	-	sul2	1	2
SRR27710328	Klebsiella pneumoniae	ST133	-	CTX-M-15	NDM-1	aac(6')-Ib'.v1;aadA*;ant(2'')-Ia;aph(3')-VI;strA.v1^;strB.v1	qnrS1	tet(A).v2	sul2	2	2
SRR27733050	Klebsiella pneumoniae	ST1779	TEM-1D.v1^	-	-	-	-	-	-	1	0
SRR27763386	Klebsiella pneumoniae	ST45	OXA-1;TEM-1D.v1^	CTX-M-15	NDM-5	aac(6')-Ib-cr.v2;aph(3')-VI;strA.v1^;strB.v1	qnrS1	-	sul2	4	2
SRR27763429	Klebsiella pneumoniae	ST111	-	CTX-M-15	NDM-5	aph(3')-VI	qnrS1*	-	sul1	4	2
SRR27763465	Klebsiella pneumoniae	ST198	OXA-9.v1;TEM-1D.v1^	CTX-M-15	NDM-1	aac(6')-Ib'.v1;aadA*;aph(3')-VI	qnrS1	-	-	1	2
SRR27763489	Klebsiella pneumoniae	ST45	TEM-1D.v1^	CTX-M-15	NDM-5	aac(3)-IIa.v1^;aph(3')-VI;strA.v1^;strB.v1	qnrB1.v2^;qnrS1	tet(A).v1	sul1;sul2	4	2
SRR27763491	Klebsiella pneumoniae	ST556	-	CTX-M-15	NDM-5	aph(3')-VI	qnrB1.v2^;qnrS1	tet(D)	sul1	3	2
SRR27763512	Klebsiella pneumoniae	ST111	-	CTX-M-15	NDM-5	aph(3')-VI	qnrS1	-	sul1	4	2
SRR27763544	Klebsiella pneumoniae	ST45	TEM-1D.v1^	CTX-M-15	NDM-5	aac(3)-IIa.v1^;aph(3')-VI;strA.v1^;strB.v1	qnrB1.v2^;qnrS1	tet(A).v1	sul1;sul2	4	2
SRR27763611	Klebsiella pneumoniae	ST45	TEM-1D.v1^	CTX-M-15	NDM-5	aac(3)-IIa.v1^;aph(3')-VI;strA.v1^;strB.v1	qnrB1.v2^;qnrS1	tet(A).v1	sul1;sul2	4	2
SRR27763629	Klebsiella pneumoniae	ST323	OXA-1;TEM-1D.v1^	CTX-M-15	KPC-3	aac(3)-IIa.v1^;aac(6')-Ib-cr.v2;strA.v1^;strB.v1	qnrB1.v2^	tet(A).v1	sul2	0	2
SRR27763630	Klebsiella pneumoniae	ST45	-	CTX-M-15	NDM-5	aph(3')-VI	qnrS1	-	sul1	4	2
SRR27763680	Klebsiella pneumoniae	ST45	TEM-1D.v1^	CTX-M-15	NDM-5	aac(3)-IIa.v1^;aph(3')-VI;strA.v1^;strB.v1	qnrB1.v2^;qnrS1	tet(A).v1	sul1;sul2	4	2
SRR27797839	Klebsiella variicola subsp. variicola	ST3199	-	-	-	aadA*;sat-2	-	-	-	0	0
SRR27797860	Klebsiella variicola subsp. variicola	ST347	-	SHV-30	KPC-2	aadA11.v2*;strA.v1;strB.v1	qnrS1	tet(B).v2*	sul1	0	2
SRR27830833	Klebsiella pneumoniae	ST231	TEM-1D.v1^	-	OXA-232	aac(6')-Ib;aadA2^;rmtF	qnrS1	-	sul1	4	2
SRR27836859	Klebsiella pneumoniae	ST37	LAP-1;TEM-1D.v1^	-	KPC-3	-	qnrS1	-	-	0	2
SRR27847175	Klebsiella pneumoniae	ST101	OXA-1;TEM-1D.v1^	CTX-M-15	-	aac(6')-Ib-cr.v2	-	tet(D)	-	1	1
SRR27847180	Klebsiella pneumoniae	ST751	-	-	KPC-2	aph(3')-VI;aph3-Ia.v1^;armA^	qnrS1	-	sul1;sul2	4	2
SRR27847186	Klebsiella pneumoniae	ST383	-	-	NDM-1	aac(6')-Ib;aph(3')-VI;aph3-Ia.v1^;rmtF	qnrB1.v1	tet(A).v1	sul1;sul2*	3	2
SRR27875348	Klebsiella pneumoniae	ST383	TEM-1	CTX-M-14^;CTX-M-15	NDM-5;OXA-48	aac(6')-Ib'.v1;aadA*;aph(3')-VI;aph3-Ia.v1^;armA;strA.v1;strB.v1	qnrS1	tet(A).v1	sul1;sul2	4	2
SRR27886084	Klebsiella pneumoniae	ST152	OXA-1;TEM-1D.v1^	CTX-M-15	OXA-48	aac(3)-IIa.v1^;aac(6')-Ib-cr.v2;aadA16*;aph3-Ia.v1^;strA.v1^;strB.v1	qnrB6^	-	sul1;sul1;sul2	1	2
SRR27886167	Klebsiella pneumoniae	ST1527	OXA-1	CTX-M-15	OXA-48	aac(3)-IIa.v1^;aac(6')-Ib-cr.v2	-	-	-	1	2
SRR27886187	Klebsiella pneumoniae	ST42	TEM-1D.v1^	CTX-M-15	OXA-181	aac(6')-Ib;aph3-Ia.v1^;rmtB;rmtF	-	tet(A).v1*	sul2	0	2
SRR27920390	Klebsiella variicola subsp. variicola	ST3200	DHA-1;OXA-1	SHV-12	NDM-1	aac(6')-Ib-cr.v2;aadA16*	qnrB4;qnrS1	-	sul1	0	2
SRR27966584	Klebsiella pneumoniae	ST35	-	-	OXA-181	-	qnrS1	-	-	1	2
SRR27977133	Klebsiella pneumoniae	ST39	OXA-1;TEM-1D.v1^	CTX-M-15	KPC-2	aac(6')-Ib-cr.v2;aadA*;ant(2'')-Ia	qnrS1	-	sul1	4	2
SRR27977190	Klebsiella pneumoniae	ST924	-	-	OXA-181	-	qnrS1	-	-	0	2
SRR27977335	Klebsiella pneumoniae	ST410-2LV	OXA-1;TEM-1D.v1^	CTX-M-15	NDM-5	aac(3)-IIa.v1^;aac(6')-Ib-cr.v2;aadA2^;aph3-Ia.v1^	qnrB1.v2^;qnrS1	tet(A).v1	sul1;sul2	0	2
SRR27977370	Klebsiella pneumoniae	ST152	-	CTX-M-15	NDM-1	aac(3)-IId^;aac(6')-Ib-cr.v2;aadA16*;aadA2^;armA	qnrB6^	tet(D)	sul1	1	2
SRR27977372	Klebsiella pneumoniae	ST1662-1LV	OXA-1	CTX-M-15	NDM-1	aac(6')-Ib-cr.v2;strA.v1^;strB.v1	qnrB1.v2^	tet(A).v1	sul2	0	2
SRR27984554	Klebsiella variicola subsp. variicola	ST1456	-	-	-	-	-	-	-	0	0
SRR27991338	Klebsiella pneumoniae	ST44	TEM-1D.v1^	CTX-M-15	NDM-5	-	qnrS1	tet(A).v1;tet(D)	sul1	3	2
SRR27991361	Klebsiella pneumoniae	ST556	TEM-1D.v1^	CTX-M-15	NDM-5	aph(3')-VI;strA.v1^;strB.v1	qnrB1.v2^;qnrS1	tet(D)	sul1;sul2	3	2
SRR28009809	Klebsiella pneumoniae	ST2502	-	-	KPC-3	armA	-	-	-	1	3
SRR28034904	Klebsiella pneumoniae	ST258	TEM-1D.v1^	-	KPC-2	aac(6')-Ib'.v1;aadA2^;aph3-Ia.v1^	-	-	sul1	0	2
SRR28034984	Klebsiella pneumoniae	ST17	-	-	KPC-3	aac(3)-IIa.v1^;aac(6')-Ib'.v1	qnrS1	-	-	1	2
SRR28040606	Klebsiella pneumoniae	ST17-1LV	-	-	-	-	-	-	-	1	0
SRR28040614	Klebsiella pneumoniae	ST719	-	-	-	-	-	-	-	0	0
SRR28040630	Klebsiella pneumoniae	ST34-1LV	-	-	-	-	-	-	-	0	0
SRR28040634	Klebsiella pneumoniae	ST420	-	-	-	-	-	-	-	4	0
SRR28040635	Klebsiella pneumoniae	ST1537	-	-	-	-	-	-	-	0	0
SRR28040641	Klebsiella pneumoniae	ST14-1LV	-	-	-	aadA^	-	-	sul1?	0	0
SRR28121858	Klebsiella pneumoniae	ST1026-1LV	CMY-6	-	NDM-1	aac(6')-Ib3^;rmtC	-	-	sul1	0	2
SRR28121859	Klebsiella pneumoniae	ST147-1LV	OXA-1;TEM-1D.v1^	CTX-M-15	NDM-1	aac(6')-Ib-cr.v2;aph(3')-VI;armA	qnrS1	-	sul1;sul2	3	2
SRR28124134	Klebsiella pneumoniae	ST348	TEM-1D.v1^	-	KPC-3	strA.v1^;strB.v1	qnrB1.v2^;qnrS1	tet(A).v1	sul2	1	2
SRR28124937	Klebsiella pneumoniae	ST29	-	-	KPC-3	aadA2	qnrB19^	tet(A).v2	sul1	0	2
SRR28198049	Klebsiella variicola subsp. variicola	ST3201-1LV	TEM-1D.v1^	-	KPC-3	-	qnrS1	-	-	0	2
SRR28291777	Klebsiella pneumoniae	ST11	LAP-2;TEM-1D.v1^	CTX-M-65;SHV-12	KPC-2	aadA2;rmtB	qnrS1	tet(A).v1	sul2	4	2
SRR28295093	Klebsiella pneumoniae	ST66	-	-	-	-	-	-	-	5	0
SRR28295096	Klebsiella pneumoniae	ST66	-	-	-	-	-	-	-	5	0
SRR28295097	Klebsiella pneumoniae	ST66	-	-	-	-	-	-	-	5	0
SRR28295099	Klebsiella pneumoniae	ST66	-	-	-	-	-	-	-	5	0
SRR28299548	Klebsiella pneumoniae	ST1026	-	-	-	strA.v1;strB.v1	-	-	-	0	0
SRR28313070	Klebsiella pneumoniae	ST107	TEM-1D.v1^	-	NDM-5	-	-	tet(D)	-	0	2
SRR28334390	Klebsiella pneumoniae	ST188	DHA-1	-	-	-	qnrB4	-	sul1	0	0
SRR28334403	Klebsiella pneumoniae	ST1741	TEM-1D.v1^	CTX-M-15	-	aac(3)-IIa.v1	qnrS1	-	-	1	1
SRR28334406	Klebsiella pneumoniae	ST2163	MOX-2;OXA-1	-	-	aac(6')-Ib-cr.v2^;aadA1.v1^;ant(2'')-Ia;aph(3')-VIa	-	-	sul1	0	0
SRR28334483	Klebsiella pneumoniae	ST789	-	-	-	strA.v1;strB.v1	-	tet(D)	sul2	0	0
SRR28334492	Klebsiella pneumoniae	ST73	SCO-1;TEM-1D.v1^	CTX-M-15	-	aac(3)-IIa.v1;aadA^	-	tet(C)	sul1	1	1
SRR28334496	Klebsiella pneumoniae	ST14	OXA-1	CTX-M-15;SHV-2	-	aac(3)-IIa.v1;aac(6')-Ib-cr.v2	-	-	sul2	1	1
SRR28334500	Klebsiella pneumoniae	ST26	OXA-1	CTX-M-15	NDM-1	aac(3)-IIa.v1;aac(6')-Ib-cr.v2;rmtC	-	-	sul1*;sul2	0	2
SRR28334502	Klebsiella pneumoniae	ST36	-	-	-	strA.v1;strB.v1	-	-	-	0	0
SRR28334547	Klebsiella pneumoniae	ST502	OXA-1;SCO-1;TEM-1D.v1^	CTX-M-15	-	aac(3)-IIa.v1;aac(6')-Ib-cr.v2;aadA^	-	-	sul1^	0	1
SRR28334551	Klebsiella pneumoniae	ST441	OXA-1;TEM-1D.v1^	CTX-M-15	-	aac(3)-IIa.v1^;aac(6')-Ib-cr.v2;strA.v1^;strB.v1	-	-	sul2	1	1
SRR28334627	Klebsiella pneumoniae	ST22-2LV	LAP-2	CTX-M-14	NDM-4	aac(3)-IId^;aac(6')-Ib'.v1;aadA*;strA.v1^;strB.v1	qnrS1	tet(A).v1	sul2	3	2
SRR28334679	Klebsiella pneumoniae	ST2136	-	-	-	-	-	-	-	0	0
SRR28357606	Klebsiella pneumoniae	ST3712	DHA-1	-	OXA-181	strA.v1;strB.v1	qnrB4;qnrS1	-	sul1*	0	2
SRR28361179	Klebsiella quasipneumoniae subsp. similipneumoniae	ST3396-1LV	TEM-1D.v1^	SHV-7^	NDM-1	aac(3)-IId^;aac(6')-Ib-cr.v2;aadA16*;ant(2'')-Ia	qnrS1	-	sul1	0	2
SRR28462988	Klebsiella pneumoniae	ST982-2LV	-	-	NDM-7	aac(6')-Ib7*	qnrS1	-	sul2	0	2
SRR28465230	Klebsiella pneumoniae	ST43	-	-	KPC-3	-	-	-	-	0	2
SRR28465242	Klebsiella pneumoniae	ST70	TEM-1D.v1^	-	KPC-3	-	-	-	-	0	2
SRR28465253	Klebsiella quasipneumoniae subsp. quasipneumoniae	ST196	OXA-2;OXA-9.v1;TEM-1D.v1^	SHV-30*	KPC-3	aac(6')-Ib'.v1*;aadA*;ant(2'')-Ia;strA.v1*;strB.v1*	qnrA1	-	sul1;sul1	0	2
SRR28465261	Klebsiella pneumoniae	ST244	TEM-1D.v1^	-	KPC-2	aadA2^	qnrB2.v1^	-	sul1	0	2
SRR28516783	Klebsiella pneumoniae	ST2096	OXA-1;TEM-1D.v1^	CTX-M-15	OXA-232	aac(6')-Ib-cr.v2;aadA2^;armA*	-	tet(D)	sul1	4	2
SRR28530526	Klebsiella variicola subsp. variicola	ST3336	CARB-2.v1^;OXA-1;OXA-9.v1;TEM-1D.v1^	-	KPC-2*;VIM-1	aac(6')-Ib-cr.v2^;aac(6')-Il;aadA*;aadA2;ant(2'')-Ia	qnrA1	-	-	0	2
SRR28558443	Klebsiella pneumoniae	ST45	-	-	-	-	-	tet(D)	-	1	0
SRR28558448	Klebsiella quasipneumoniae subsp. similipneumoniae	ST1859	-	-	-	-	-	-	-	0	0
SRR28562465	Klebsiella pneumoniae	ST86	-	-	-	-	-	-	-	4	0
SRR28616999	Klebsiella pneumoniae	ST13	OXA-9.v1	-	KPC-3	aadA*;strA.v1^;strB.v1	-	-	sul2	2	2
SRR28617003	Klebsiella pneumoniae	ST874	OXA-9.v1;TEM-1D.v1^	CTX-M-15	KPC-3	aac(6')-Ib'.v1;aph3-Ia.v1^;strA.v1^;strB.v1	-	-	sul1;sul2	0	2
SRR28617020	Klebsiella pneumoniae	ST258	OXA-9.v1;TEM-1D.v1^	-	KPC-3	aac(6')-Ib'.v1*;aadA*;aadA2^;strA.v1^;strB.v1	-	-	sul1;sul2	2	2
SRR28617028	Klebsiella pneumoniae	ST485	-	-	-	-	-	-	-	0	0
SRR28617060	Klebsiella pneumoniae	ST437	-	CTX-M-15	OXA-48	aadA2^;armA	-	-	sul1	0	2
SRR28618911	Klebsiella variicola subsp. variicola	ST3201-1LV	TEM-1D.v1^	-	KPC-3	-	qnrS1	-	-	0	2
SRR28637706	Klebsiella pneumoniae	ST2096	OXA-1;TEM-1D.v1^	CTX-M-15	OXA-232	aac(6')-Ib-cr.v2;aadA2^;armA*;sat-2	-	tet(D)	sul1	3	2
SRR28741928	Klebsiella pneumoniae	ST16	OXA-1;TEM-1D.v1^	CTX-M-15	KPC-2	aac(6')-Ib-cr.v2;aadA2^;aph3-Ia.v1^	-	tet(A).v1	sul1	1	2
SRR28743699	Klebsiella pneumoniae	ST485	-	-	-	-	-	-	-	1	0
SRR28743713	Klebsiella pneumoniae	ST65	-	-	-	-	-	-	-	5	0
SRR28763220	Klebsiella pneumoniae	ST38	-	-	NDM-7	aac(6')-Ib7*	qnrS1	-	sul2	0	2
SRR28777941	Klebsiella variicola subsp. variicola	ST641	-	-	-	-	-	-	-	0	0
SRR28777988	Klebsiella variicola subsp. variicola	ST641	-	-	-	-	-	-	-	0	0
SRR28813028	Klebsiella pneumoniae	ST941	OXA-9.v1;TEM-1D.v1^	-	KPC-3	aac(6')-Ib'.v1*;aadA*	-	-	-	0	2
SRR28845735	Klebsiella pneumoniae	ST17	TEM-1D.v1^	CTX-M-15	NDM-7	aac(6')-Ib7*;strA.v1^;strB.v1	qnrB1.v2^;qnrS1	-	sul2	0	2
SRR28867060	Klebsiella pneumoniae	ST147-1LV	OXA-1;OXA-9.v1;TEM-1D.v1^	CTX-M-15	NDM-1	aadA*;aph(3')-VI	qnrS1	-	sul1	1	2
SRR29007818	Klebsiella pneumoniae	ST211	-	CTX-M-9	NDM-1	aadA2;ant(2'')-Ia	qnrA1^	-	sul1	0	3
SRR29012780	Klebsiella pneumoniae	ST377	-	CTX-M-15	OXA-48	-	-	-	-	1	2
SRR29042546	Klebsiella variicola subsp. variicola	ST3517-1LV	-	CTX-M-9	NDM-1	aac(3)-IId^;aac(6')-Ib-cr.v2;aadA16*;aadA2	qnrA1^	tet(A).v2	sul1	0	3
SRR29042783	Klebsiella pneumoniae	ST661	-	-	KPC-2	-	-	-	-	0	2
SRR29061810	Klebsiella pneumoniae	ST2407	TEM-1D.v1^	CTX-M-15	-	aac(3)-IId^;strA.v1*;strB.v1*	qnrB1.v1	-	sul2	0	1
SRR29061864	Klebsiella pneumoniae	ST405	OXA-1;TEM-1D.v1^	CTX-M-15	-	aac(3)-IIa.v1^;aac(6')-Ib-cr.v2;strA.v1^;strB.v1	-	-	sul2	1	1
SRR29061880	Klebsiella pneumoniae	ST225	OXA-2	CTX-M-2	-	aac(3)-IIa.v1	-	-	sul1;sul1;sul2	0	1
SRR29061919	Klebsiella pneumoniae	ST716	OXA-1;TEM-1D.v1^	CTX-M-15	-	aac(3)-IIa.v1^;aac(6')-Ib-cr.v2;strA.v1^;strB.v1*	qnrB1.v2^	tet(A).v1	sul2	1	1
SRR29067409	Klebsiella pneumoniae	ST147	OXA-9.v1;TEM-1D.v1^	CTX-M-15	NDM-1	aac(6')-Ib'.v1;aadA*;aph(3')-VI	qnrB1.v2^;qnrS1	-	sul1*	0	2
SRR29067414	Klebsiella pneumoniae	ST244	TEM-1D.v1^	-	KPC-2	aac(6')-IIc;aac(6')-Ib'.v1;aadA2;strA.v1;strB.v1	-	tet(D)	sul1;sul2	0	3
SRR29090418	Klebsiella variicola subsp. variicola	ST3531	OXA-10;TEM-1D.v1^	CTX-M-15	NDM-7	aac(3)-IIa.v1^;aadA*	qnrS1	-	sul1;sul2	0	2
SRR29149371	Klebsiella pneumoniae	ST54	TEM-1	CTX-M-15	NDM-5	aac(6')-Ib'.v1;aadA*;aph(3')-VI	qnrS1	-	sul2	3	2
SRR29152334	Klebsiella quasipneumoniae subsp. similipneumoniae	ST384-2LV	OXA-1;TEM-1D.v1^	CTX-M-15	NDM-7	aac(3)-IIa.v1^;aac(6')-Ib-cr.v2;aadA2;strA.v1^;strB.v1	qnrB1.v2^	-	sul1;sul2	0	2
SRR29202154	Klebsiella pneumoniae	ST3157	DHA-1	CTX-M-15	-	strA.v1;strB.v1	qnrB4	-	sul1	0	1
SRR29202173	Klebsiella pneumoniae	ST40	OXA-1;TEM-1D.v1^	CTX-M-15	-	aac(3)-IIa.v1^;aac(6')-Ib-cr.v2;strA.v1^;strB.v1	qnrB1.v2^	tet(A).v1	sul2	0	1
SRR29218855	Klebsiella pneumoniae	ST253	OXA-1;TEM-1D.v1^	-	KPC-4	aac(3)-Ib;aac(6')-Ib-cr.v2^;aph3-Ia.v1*?	-	-	sul1	0	2
SRR29245606	Klebsiella variicola subsp. variicola	ST3201-1LV	TEM-1D.v1^	-	KPC-3	-	qnrS1	-	-	0	2
SRR29248895	Klebsiella pneumoniae	ST383	TEM-1	CTX-M-14^;CTX-M-15	NDM-5;OXA-48	aac(6')-Ib'.v1;aadA*;aph(3')-VI;aph3-Ia.v1^;armA;strA.v1;strB.v1	qnrB19^;qnrS1	tet(A).v1	sul1;sul2	3	2
SRR29263582	Klebsiella variicola subsp. variicola	ST926	-	-	VIM-1	aac(6')-Il;aadA1.v1^;ant(2'')-Ia	qnrA1	-	sul1;sul1	0	2
SRR29284755	Klebsiella pneumoniae	ST1015-1LV	OXA-1	CTX-M-15	KPC-2	aac(6')-Ib-cr.v2;strA.v1^;strB.v1	qnrB1.v2^	tet(A).v1	sul2	0	2
SRR29313537	Klebsiella pneumoniae	ST35	-	-	-	aadA*;strB.v1	-	tet(D)*	sul1;sul2	4	0
SRR29313552	Klebsiella pneumoniae	ST76	TEM-1D.v1^	-	-	aac(3)-IV;aph3-Ia.v1^	-	tet(A).v1	-	4	0
SRR29327171	Klebsiella pneumoniae	ST348	OXA-1	SHV-12	NDM-5	aac(3)-IIa.v1^;aac(6')-IIc;aac(6')-Ib-cr.v2;aph(3')-Ia*?	qnrB1.v2^	tet(A).v1	sul1;sul2	1	3
SRR29342735	Klebsiella variicola subsp. variicola	ST204-3LV	TEM-1D.v1^	-	KPC-3;VIM-1	aac(6')-Ib4^;aadA1.v1^;aphA15	qnrS1	-	-	0	3
SRR29375050	Klebsiella pneumoniae	ST133-1LV	-	-	-	aadA^;strA.v1;strB.v1	-	-	sul1^	0	0
SRR29468030	Klebsiella pneumoniae	ST258-1LV	OXA-9.v1	-	KPC-3	aac(6')-Ib'.v1;aac(6')-Ib'.v1;aadA*;strA.v1*;strB.v1	-	-	sul2	2	3
SRR29501340	Klebsiella pneumoniae	ST25	-	-	KPC-2	-	qnrS1	-	-	0	2
SRR29534064	Klebsiella pneumoniae	ST17	-	-	-	-	-	-	-	0	0
SRR29534096	Klebsiella variicola subsp. variicola	ST2388	-	-	-	-	-	-	-	0	0
SRR29553176	Klebsiella pneumoniae	ST505	-	CTX-M-15	-	-	-	-	-	0	1
SRR29553178	Klebsiella pneumoniae	ST505	-	-	OXA-48	-	-	-	-	0	2
SRR29553182	Klebsiella pneumoniae	ST505	-	-	KPC-2	-	-	-	-	0	2
SRR29592459	Klebsiella pneumoniae	ST193-1LV	LAP-2;OXA-10	-	NDM-5	aadA*;strA.v1^;strB.v1	qnrS1	tet(A).v2	sul2	3	2
SRR29598583	Klebsiella pneumoniae	ST65	-	-	-	-	-	-	-	5	0
SRR29645119	Klebsiella pneumoniae	ST1380	-	-	-	-	-	-	-	0	0
SRR29648669	Klebsiella pneumoniae	ST17	TEM-1D.v1^	CTX-M-15	-	strA.v1^;strB.v1	qnrS1*	-	-	1	1
SRR2965674	Klebsiella pneumoniae	ST941	OXA-1;OXA-9.v1;TEM-1D.v1^	-	KPC-2	aac(6')-Ib'.v1*;aadA*;ant(2'')-Ia	qnrA1	-	sul1;sul1;sul2*	0	2
SRR2965688	Klebsiella pneumoniae	ST941	OXA-9.v1;TEM-1D.v1^	-	KPC-2	aac(6')-IIc;aac(6')-Ib'.v1*;aadA*;aadA2;strA.v1;strB.v1	qnrB2.v1^	-	sul1;sul2	0	3
SRR2965696	Klebsiella pneumoniae	ST941	OXA-1;OXA-9.v1;TEM-1D.v1^	-	KPC-2	aadA*;ant(2'')-Ia	qnrA1	-	sul1;sul1;sul2*	0	2
SRR2965700	Klebsiella pneumoniae	ST941	OXA-1;OXA-9.v1;TEM-1D.v1^	-	KPC-2	aac(6')-Ib'.v1*;aadA*;ant(2'')-Ia	qnrA1	-	sul1;sul1;sul2*	0	2
SRR2965712	Klebsiella pneumoniae	ST941	OXA-9.v1	-	KPC-2	aac(6')-Ib'.v1*;aadA*;ant(2'')-Ia	qnrA1	-	sul1;sul1	0	2
SRR29674632	Klebsiella pneumoniae	ST449	-	SHV-8	-	-	-	tet(D)	-	1	1
SRR29674646	Klebsiella pneumoniae	ST792	TEM-1D.v1^	CTX-M-15	-	aac(3)-IId^;aac(6')-Ib-cr.v2;aadA16*;strA.v1^;strB.v1	-	tet(A).v1	sul1;sul2*	2	1
SRR29674648	Klebsiella pneumoniae	ST607	-	-	-	aadA^	-	-	sul1	0	0
SRR29674651	Klebsiella pneumoniae	ST792	TEM-1D.v1^	CTX-M-15	-	aac(3)-IId^;aac(6')-Ib-cr.v2;aadA16*;strA.v1^;strB.v1	-	tet(A).v1	sul1;sul2*	2	1
SRR29674652	Klebsiella pneumoniae	ST14	TEM-1D.v1^	CTX-M-15	-	strA.v1^;strB.v1	-	-	sul2	1	1
SRR29674670	Klebsiella pneumoniae	ST25	OXA-1;TEM-1D.v1^	CTX-M-15	-	aac(6')-Ib-cr.v2;strA.v1^;strB.v1	qnrB1.v2^	tet(D)	sul2	1	1
SRR29674700	Klebsiella pneumoniae	ST23	OXA-1;TEM-1D.v1^	CTX-M-15	-	aac(6')-Ib-cr.v2;strA.v1^;strB.v1	qnrB1.v2^	tet(A).v1	sul2	5	1
SRR29674714	Klebsiella pneumoniae	ST23	OXA-1;TEM-1D.v1^	CTX-M-15	-	aac(3)-IIa.v1^;aac(6')-Ib-cr.v2;strA.v1^;strB.v1	qnrB1.v2^	tet(A).v1	sul2	5	1
SRR29674716	Klebsiella pneumoniae	ST2039	-	-	-	-	-	-	-	5	0
SRR29714889	Klebsiella pneumoniae	ST20	-	-	OXA-181	-	qnrS1	-	-	0	2
SRR29716654	Klebsiella pneumoniae	ST54	TEM-1D.v1^	-	KPC-3	strA.v1^;strB.v1	-	-	sul2	0	2
SRR29728209	Klebsiella pneumoniae	ST101-1LV	FONA-5*;OXA-9.v1;TEM-1D.v1^	SFO-1.v1	NDM-5	aadA*;aadA2^;rmtB	-	-	sul1	1	2
SRR29728244	Klebsiella pneumoniae	0	LAP-2	-	-	aac(3)-IId^;aadA2^;armA	qnrS1	-	sul1	0	0
SRR29728245	Klebsiella pneumoniae	ST16	LAP-2	CTX-M-3	-	aac(3)-IId^;aadA2^;armA	qnrS1	-	sul1	0	1
SRR29730946	Klebsiella pneumoniae	ST2237	DHA-1	-	KPC-2	aac(3)-IId^;aph3-Ia.v1^;armA	qnrB4	-	sul1	4	2
SRR29733096	Klebsiella pneumoniae	ST442	OXA-1;TEM-1D.v1^	CTX-M-15	-	aac(3)-IIa.v1;aac(6')-Ib-cr.v1^;aadA^	-	tet(A).v1	sul1^	0	1
SRR29735270	Klebsiella pneumoniae	ST39	-	-	NDM-5	aadA2^	-	tet(D)	sul1^	1	2
SRR29748541	Klebsiella pneumoniae	ST2632	-	-	OXA-48	-	-	-	-	1	2
SRR29748561	Klebsiella pneumoniae	ST17-1LV	OXA-1;TEM-1D.v1^	CTX-M-15	-	aac(3)-IIa.v1^;aac(6')-Ib-cr.v2;strA.v1^;strB.v1	qnrB1.v2^	-	sul2	0	1
SRR29748698	Klebsiella pneumoniae	ST449	-	-	OXA-48	-	-	tet(D)	-	1	2
SRR29748874	Klebsiella pneumoniae	ST147	-	CTX-M-15	-	aac(6')-Ib;rmtF	-	-	sul1	1	1
SRR29748886	Klebsiella pneumoniae	ST307-1LV	OXA-1;TEM-1D.v1^	-	-	aac(3)-IIa.v1^;aac(6')-Ib-cr.v2;strA.v1^;strB.v1	qnrB1.v2^	tet(A).v1	sul2	1	0
SRR29750931	Klebsiella pneumoniae	ST258	OXA-9.v1;TEM-1D.v1^	-	KPC-3	aac(6')-Ib'.v1;aadA*;aadA2^;strA.v1^;strB.v1	-	-	sul1;sul2	2	3
SRR29750956	Klebsiella pneumoniae	ST1481	TEM-1D.v1^	-	KPC-2	aac(3)-IV;aac(6')-Ib'.v1;aadA2;aadA^;aph(4)-Ia	-	-	sul1	0	2
SRR29751009	Klebsiella pneumoniae	ST158	OXA-9.v1;TEM-1D.v1^	-	KPC-3	aac(6')-Ib'.v1*;aadA*;aadA2;strA.v1^;strB.v1	-	-	sul1;sul2	0	2
SRR29751022	Klebsiella pneumoniae	ST3359	OXA-9.v1;TEM-1D.v1^	-	KPC-3	aac(6')-Ib'.v1;aph3-Ia.v1^;strA.v1^;strB.v1	-	-	sul1;sul2	2	2
SRR29751032	Klebsiella pneumoniae	ST340	TEM-1D.v1^	-	KPC-3	aac(3)-IV;aadA^;aph(4)-Ia;aph3-Ia.v1^	-	-	sul1;sul3	0	2
SRR29751117	Klebsiella pneumoniae	ST1495	OXA-9.v1	-	KPC-2	aac(6')-Ib'.v1*;aadA*	-	-	-	0	2
SRR29751311	Klebsiella pneumoniae	ST392	OXA-1	-	KPC-2	aac(3)-IIa.v1^;aac(6')-Ib-cr.v2;strB.v1	qnrB1.v2^	-	sul2	0	2
SRR29751350	Klebsiella pneumoniae	ST258	TEM-1D.v1^	-	KPC-2	aac(3)-IV;aac(6')-Ib'.v1;aadA2;aadA^;aph(4)-Ia;aph3-Ia.v1^	-	-	sul1	0	2
SRR29764712	Klebsiella pneumoniae	ST13	OXA-1	CTX-M-15	-	aac(3)-IIa.v1^;aac(6')-Ib-cr.v2;aadA2^;strA.v1*;strB.v1*	qnrB1.v2^;qnrS1	tet(A).v1	sul1;sul2	1	1
SRR29816698	Klebsiella pneumoniae	ST309	TEM-1D.v1^	-	-	-	-	-	sul1;sul2	1	0
SRR29834563	Klebsiella pneumoniae	ST219	CMY-2.v2	CTX-M-15	KPC-2	aadA2^;aph3-Ia.v1^	qnrS1	tet(A).v2	sul1;sul2	0	2
SRR29881442	Klebsiella pneumoniae	ST29	-	-	VIM-1	aac(6')-Il;aadA1.v1^	qnrA1	-	sul1;sul1	0	2
SRR29895555	Klebsiella pneumoniae	ST273	-	CTX-M-24	NDM-5	aac(3)-IId^;aac(6')-Ib-cr.v2;aadA16*	-	tet(A).v2	sul1;sul1	0	2
SRR29962942	Klebsiella pneumoniae	ST147-1LV	OXA-1;OXA-9.v1;TEM-1D.v1^	CTX-M-15	NDM-1	aac(6')-Ib'.v1;aadA*;aph(3')-VI;armA	qnrS1	-	sul1;sul2	3	2
SRR29988168	Klebsiella pneumoniae	ST13	-	TEM-26^	-	aadA1.v1^	-	tet(D)	sul1	1	1
SRR29996199	Klebsiella pneumoniae	ST3359	OXA-9.v1;TEM-1D.v1^	-	KPC-3	aac(6')-Ib'.v1*;aadA2;strA.v1^;strB.v1	-	-	sul1;sul2	2	2
SRR30006723	Klebsiella pneumoniae	ST38	TEM-1D.v1^	CTX-M-3	NDM-1	aac(6')-Ib-cr.v2*;aph(3')-VI	qnrS1	-	-	0	2
SRR30017591	Klebsiella variicola subsp. variicola	ST3201-1LV	TEM-1D.v1^	-	KPC-3	-	qnrS1	-	-	0	2
SRR30066232	Klebsiella pneumoniae	ST392	TEM-1D.v1^	CTX-M-15	-	aac(6')-Ib'.v1;aadA5	-	tet(A).v1	sul1;sul2	0	1
SRR30131354	Klebsiella variicola subsp. variicola	ST3201-1LV	TEM-1D.v1^	-	KPC-3	-	qnrS1	-	-	0	2
SRR30148241	Klebsiella pneumoniae	ST2943	OXA-1	-	KPC-3	aac(6')-Ib-cr.v2	qnrB1.v2^	-	-	0	2
SRR30162180	Klebsiella pneumoniae	ST2108	-	-	KPC-3;NDM-7	aac(6')-Ib7*;aadA1.v1^;aph3-Ia.v1^	qnrS1	-	sul1;sul2	2	3
SRR30172077	Klebsiella pneumoniae	ST941	-	-	KPC-3	-	-	-	-	0	2
SRR30178732	Klebsiella pneumoniae	ST792	-	-	-	-	-	-	-	2	0
SRR30178734	Klebsiella variicola subsp. variicola	ST1339	-	-	-	-	-	-	-	0	0
SRR30178763	Klebsiella pneumoniae	ST605	-	-	-	-	-	-	-	0	0
SRR30178810	Klebsiella pneumoniae	ST258-2LV	-	-	KPC-5	aac(3)-IId^;aac(6')-Ib'.v1;aadA2^;aadA5;ant(2'')-Ia;aph3-Ia.v1^;strA.v1^;strB.v1*	-	tet(A).v1;tet(D)	sul1;sul2	4	3
SRR30178825	Klebsiella pneumoniae	ST1838	-	-	KPC-2	aac(2')-IIa*;strA.v1;strB.v1	qnrB2.v1^	-	-	0	2
SRR30178828	Klebsiella pneumoniae	ST3067-1LV	-	-	KPC-2	-	qnrB2.v1^	-	sul1;sul1	0	2
SRR30178875	Klebsiella pneumoniae	ST1198	-	-	-	-	-	-	-	0	0
SRR30178928	Klebsiella pneumoniae	ST1838	-	-	KPC-2	aac(2')-IIa*;strA.v1;strB.v1	qnrB2.v1^	-	sul1;sul1	0	2
SRR30179137	Klebsiella pneumoniae	ST258-1LV	-	-	KPC-3	aadA2^	-	-	sul1	1	2
SRR30179139	Klebsiella pneumoniae	ST258	OXA-9.v1	-	KPC-3	aac(6')-Ib'.v1	-	-	sul1	0	2
SRR30179216	Klebsiella pneumoniae	ST45	OXA-1;TEM-1D.v1^	CTX-M-15	-	aac(3)-IIa.v1^;aac(6')-Ib-cr.v2;strA.v1^;strB.v1	qnrB1.v2^	tet(A).v1	sul2	1	1
SRR30179297	Klebsiella pneumoniae	ST65	-	-	-	-	-	-	-	3	0
SRR30179312	Klebsiella pneumoniae	ST198	OXA-1	CTX-M-15	KPC-3	aac(3)-IIa.v1^;aac(6')-Ib-cr.v2	qnrS1	tet(A).v1	-	1	2
SRR30179320	Klebsiella pneumoniae	ST30	-	-	-	-	-	-	-	0	0
SRR30179335	Klebsiella pneumoniae	ST11-2LV	ACT-16^;OXA-1*	CTX-M-15	-	aac(3)-IIa.v1^;aadA2^	qnrB5*;qnrS1	-	sul1	0	1
SRR30189065	Klebsiella pneumoniae	ST17	TEM-1D.v1^	CTX-M-15	NDM-1	aac(6')-Ib-cr.v2	qnrS1	tet(D)	sul1;sul2	1	2
SRR30200661	Klebsiella pneumoniae	ST874	OXA-1	CTX-M-15	NDM-1	aac(6')-Ib-cr.v2;aadA5;aph(3')-VI;aph3-Ia.v1^;armA	qnrS1	-	sul1;sul2	3	2
SRR30220784	Klebsiella pneumoniae	ST45	TEM-1D.v1^	CTX-M-15	NDM-5	aac(3)-IIa.v1^;aph(3')-VI;strA.v1^;strB.v1	qnrB1.v2^;qnrS1	tet(A).v1	sul1;sul2	4	2
SRR30224332	Klebsiella pneumoniae	ST116	TEM-1D.v1^	-	KPC-3	aac(6')-Ib'.v1*;aadA*	qnrB19^	-	-	0	2
SRR30234717	Klebsiella pneumoniae	ST46	TEM-1D.v1^	-	KPC-2	-	-	-	-	0	2
SRR30252325	Klebsiella pneumoniae	ST2629	-	-	-	-	-	-	-	0	0
SRR30252333	Klebsiella pneumoniae	ST4	TEM-1D.v1^	CTX-M-15	-	strA.v1^;strB.v1	qnrB1.v2^	tet(A).v1	sul2	1	1
SRR30271410	Klebsiella pneumoniae	ST8	-	-	-	aadA2	-	-	sul1	0	0
SRR30271411	Klebsiella pneumoniae	ST8	-	-	-	aadA2	-	-	sul1	0	0
SRR30271412	Klebsiella pneumoniae	ST8	-	-	-	aadA2	-	-	sul1	0	0
SRR30276107	Klebsiella pneumoniae	ST383	TEM-1	CTX-M-15	NDM-5;OXA-48	aac(6')-Ib'.v1;aadA*;aph(3')-VI;aph3-Ia.v1^;armA	qnrS1	tet(A).v1	sul1;sul2	4	2
SRR30298482	Klebsiella variicola subsp. variicola	ST3201-1LV	TEM-1D.v1^	-	KPC-3	-	qnrS1	-	-	0	2
SRR30340037	Klebsiella quasipneumoniae subsp. quasipneumoniae	ST668	TEM-1D.v1^	SHV-7^	KPC-10*	ant(2'')-Ia	qnrS1	-	-	0	2
SRR30401413	Klebsiella pneumoniae	ST107	OXA-9.v1;TEM-1D.v1^	-	KPC-3	aac(6')-Ib'.v1*;aadA*;strA.v1^;strB.v1	-	-	sul2	0	2
SRR30485888	Klebsiella pneumoniae	ST239	-	-	-	ant(2'')-Ia	qnrS1	-	-	0	0
SRR3051094	Klebsiella variicola subsp. variicola	ST850-2LV	TEM-1D.v1^	-	-	-	-	-	-	0	0
SRR3051101	Klebsiella pneumoniae	ST490	OXA-1;TEM-1D.v1^	CTX-M-15	-	aac(3)-IIa.v1^;aac(6')-Ib-cr.v2;strA.v1^;strB.v1	qnrB1.v2^	tet(A).v1	sul2	0	1
SRR3051108	Klebsiella quasipneumoniae subsp. quasipneumoniae	ST526	TEM-1D.v1^	-	-	strA.v1;strB.v1	-	tet(D)	sul2	0	0
SRR3051123	Klebsiella pneumoniae	ST485	TEM-1D.v1^	-	-	aadA1.v1^;strA.v1;strB.v1	-	tet(A).v1	sul1;sul2*	3	0
SRR3051129	Klebsiella pneumoniae	ST1138	-	-	-	-	-	-	-	0	0
SRR3051160	Klebsiella pneumoniae	ST2451-1LV	-	-	-	-	-	-	-	0	0
SRR3051183	Klebsiella quasipneumoniae subsp. similipneumoniae	ST3234	-	-	-	-	-	-	-	0	0
SRR3051187	Klebsiella pneumoniae	ST473-3LV	-	-	-	-	-	-	-	1	0
SRR3051205	Klebsiella pneumoniae	ST1314-1LV	-	-	-	-	-	-	-	0	0
SRR3051223	Klebsiella variicola subsp. variicola	ST3931	-	-	-	-	-	-	-	0	0
SRR3051234	Klebsiella pneumoniae	ST370	-	-	-	-	-	-	-	0	0
SRR3051240	Klebsiella quasipneumoniae subsp. quasipneumoniae	ST761-2LV	-	-	-	-	-	-	-	0	0
SRR3051258	Klebsiella pneumoniae	ST65	-	-	-	-	-	-	-	3	0
SRR30546866	Klebsiella pneumoniae	ST116	TEM-1D.v1^	CTX-M-15	NDM-7	strA.v1^;strB.v1	-	-	sul2	1	2
SRR30547021	Klebsiella pneumoniae	ST147-1LV	OXA-1;OXA-9.v1;TEM-1D.v1^	CTX-M-15;CTX-M-27	NDM-1	aac(6')-Ib-cr.v2*;aadA*;aadA5;aph(3')-VI;strA.v1^;strB.v1*	qnrS1	tet(A).v1	sul1;sul2	1	2
SRR30547024	Klebsiella pneumoniae	ST147-1LV	OXA-1;OXA-9.v1;TEM-1D.v1^	CTX-M-15	NDM-1	aac(3)-IIa.v1^;aac(6')-Ib'.v1*;aadA*;aph(3')-VI	qnrS1	-	sul1	1	2
SRR30565944	Klebsiella pneumoniae	ST34	TEM-1D.v1^	-	KPC-3;NDM-5	aac(6')-Ib'.v1*;aadA*	qnrB19^	-	-	0	2
SRR30573910	Klebsiella pneumoniae	ST422-1LV	TEM-1D.v1^	-	KPC-3	aadA2	qnrB2.v1^;qnrS1	-	sul1	0	2
SRR30578388	Klebsiella pneumoniae	ST219	-	CTX-M-15	NDM-1	aac(3)-IId^;aac(6')-Ib-cr.v2;aadA16*;aadA2^	qnrS1	-	sul1;sul2	0	2
SRR30602942	Klebsiella pneumoniae	ST45-1LV	TEM-1D.v1^	CTX-M-15	NDM-5	aac(3)-IIa.v1^;aph(3')-VI;strA.v1^;strB.v1	qnrB1.v2^;qnrS1	tet(A).v1^	sul1;sul2	4	2
SRR30603477	Klebsiella pneumoniae	ST244	TEM-1D.v1^	-	KPC-2;NDM-1	aac(3)-IId^;aac(6')-IIc;aac(6')-Ib-cr.v2;aadA16*;aadA2;strB.v1	qnrB2.v1^	tet(A).v2	sul1;sul2	0	3
SRR30674851	Klebsiella pneumoniae	ST147-1LV	OXA-1;TEM-1D.v1^	CTX-M-15	NDM-1	aac(6')-Ib-cr.v2;aph(3')-VI;armA	qnrS1	-	sul1;sul2	3	2
SRR30677188	Klebsiella pneumoniae	ST301	-	-	KPC-3	-	qnrS1	-	-	2	2
SRR30691443	Klebsiella pneumoniae	ST133	-	-	-	-	-	-	-	2	0
SRR30762165	Klebsiella pneumoniae	ST29	OXA-1	CTX-M-15	NDM-5	aac(6')-Ib-cr.v2;aadA*;armA;strA.v1^;strB.v1	qnrB1.v2^;qnrS1	tet(A).v1	sul1;sul2	4	2
SRR30762174	Klebsiella pneumoniae	ST383	TEM-1	CTX-M-14^;CTX-M-15	NDM-5;OXA-48	aac(6')-Ib'.v1;aadA*;aph(3')-VI;armA;strA.v1;strB.v1	qnrS1	tet(A).v1	sul2	4	2
SRR30762221	Klebsiella pneumoniae	ST218	CMY-4.v1;OXA-10	-	OXA-204	aac(6')-Ib4;aadA*;aph(3')-Ia;strA.v1^;strB.v1	qnrA6^	tet(A).v2	sul1;sul1;sul2	4	2
SRR30762232	Klebsiella pneumoniae	ST86	CMY-4.v1;OXA-10	-	OXA-204	aac(6')-Ib4;aadA*;aph(3')-Ia;strA.v1^;strB.v1	qnrA6^	tet(A).v2	sul1;sul1;sul2	3	2
SRR30762234	Klebsiella pneumoniae	ST395	OXA-9.v1	CTX-M-15	NDM-1	aadA*;aadA16*;aph(3')-VI	qnrS1	tet(D)	sul1	1	2
SRR30762249	Klebsiella pneumoniae	ST101	OXA-9.v1;TEM-1D.v1^	CTX-M-15	OXA-48	aac(6')-Ib'.v1;aadA*	-	-	-	1	3
SRR30767442	Klebsiella pneumoniae	ST151	-	-	NDM-7	aac(6')-Ib7*	qnrB1.v2^;qnrS1	-	sul2	1	2
SRR30768646	Klebsiella pneumoniae	ST134	-	-	-	-	-	-	-	0	0
SRR30782604	Klebsiella quasipneumoniae subsp. similipneumoniae	ST1793-3LV	-	-	-	-	-	-	-	0	0
SRR30785660	Klebsiella pneumoniae	ST441	-	-	VIM-1	aac(6')-Il;aadA1.v1^;aadA2^	qnrA1	-	sul1;sul1	0	2
SRR30799283	Klebsiella pneumoniae	ST111	-	CTX-M-15	NDM-5	aph(3')-VI	qnrS1	-	sul1	4	2
SRR30820135	Klebsiella pneumoniae	ST43	TEM-1D.v1^	CTX-M-15	OXA-181	aac(6')-Ib	-	-	-	4	2
SRR30840012	Klebsiella pneumoniae	ST219	-	CTX-M-15	NDM-7	aac(6')-Ib7*;aadA2^;strA.v1*;strB.v1*	qnrS1	-	sul1;sul2	0	2
SRR30849529	Klebsiella pneumoniae	ST220	-	-	-	-	-	-	-	0	0
SRR30854454	Klebsiella pneumoniae	ST36	TEM-1D.v1^	-	KPC-3	-	-	-	-	1	2
SRR30874274	Klebsiella pneumoniae	ST1362	CARB-2.v1	-	NDM-5	ant(2'')-Ia	qnrA1;qnrS1	-	-	0	2
SRR30874277	Klebsiella pneumoniae	ST2108	-	-	KPC-3;NDM-7	aac(6')-Ib7*	qnrS1	-	sul2	2	3
SRR30929058	Klebsiella pneumoniae	ST239	-	-	-	ant(2'')-Ia	qnrS1	-	-	0	0
SRR30945827	Klebsiella pneumoniae	ST259-1LV	OXA-9.v1;TEM-1D.v1^	CTX-M-15	NDM-1	aac(6')-Ib-cr.v2;aadA*;aadA16*;aph(3')-VI	qnrB6^;qnrS1	-	sul1;sul1	0	2
SRR30947087	Klebsiella quasipneumoniae subsp. similipneumoniae	ST2059	-	CTX-M-15	OXA-181	aadA2^;strA.v1*;strB.v1*	qnrS1	tet(A).v1	sul1;sul2	0	2
SRR30953030	Klebsiella pneumoniae	ST147-1LV	OXA-1;OXA-9.v1^;TEM-1D.v1^	-	-	aadA*;aadA2*	-	-	sul1	1	0
SRR30953034	Klebsiella pneumoniae	ST147-1LV	OXA-1;OXA-9.v1*	CTX-M-15	NDM-1*	aac(3)-IIa.v1^;aac(6')-Ib-cr.v2;aadA*;aadA2^;aph(3')-VI	qnrS1	-	sul1	1	2
SRR30971624	Klebsiella pneumoniae	ST101-1LV	FONA-5*;OXA-9.v1	SFO-1.v1	NDM-5	aac(6')-Ib'.v1;aadA*;aadA2^;rmtB	-	-	sul1	1	2
SRR30971631	Klebsiella pneumoniae	ST101-1LV	FONA-5*;OXA-9.v1;TEM-1D.v1^	SFO-1.v1	NDM-5	aac(6')-Ib'.v1;aadA*;aadA2^	-	-	sul1	1	2
SRR30971636	Klebsiella pneumoniae	ST101-1LV	FONA-5*;OXA-9.v1	SFO-1.v1	NDM-5	aac(6')-Ib'.v1;aadA*;aadA2^;rmtB	-	-	sul1	1	2
SRR30971646	Klebsiella pneumoniae	ST101-1LV	TEM-1D.v1^	-	NDM-5	aadA2^	-	-	sul1	1	2
SRR30971649	Klebsiella pneumoniae	ST101-1LV	FONA-5*;OXA-9.v1	SFO-1.v1	NDM-5	aac(6')-Ib'.v1;aadA*;aadA2^;rmtB	-	-	sul1	1	2
SRR30971653	Klebsiella pneumoniae	ST101-2LV	OXA-9.v1	SFO-1.v1	NDM-5	aac(6')-Ib'.v1;aadA*;aadA2^	-	tet(A).v1	sul1	1	3
SRR30971663	Klebsiella pneumoniae	ST101-1LV	FONA-5*;OXA-9.v1	SFO-1.v1	NDM-5	aac(6')-Ib'.v1;aadA*;aadA2^;rmtB	-	-	sul1	1	2
SRR30971665	Klebsiella pneumoniae	ST101-2LV	OXA-9.v1;TEM-1D.v1^	-	NDM-5	aac(6')-Ib'.v1;aadA2^	-	-	sul1	1	2
SRR30971677	Klebsiella pneumoniae	ST101-1LV	FONA-5*;OXA-9.v1	SFO-1.v1	NDM-5	aac(6')-Ib'.v1;aadA*;aadA2^;rmtB	-	-	sul1	1	2
SRR30971684	Klebsiella pneumoniae	ST101-1LV	FONA-5*;OXA-9.v1	SFO-1.v1	NDM-5;OXA-232	aac(6')-Ib'.v1;aadA*;aadA2^;rmtB	-	-	sul1	1	2
SRR30971692	Klebsiella pneumoniae	ST101-1LV	FONA-5*;OXA-9.v1;TEM-1D.v1^	SFO-1.v1	NDM-5	aac(6')-Ib'.v1;aadA*;aadA2^;rmtB	-	-	sul1	1	2
SRR30971702	Klebsiella pneumoniae	ST101-1LV	OXA-9.v1	-	NDM-5	aadA*;aadA2^;rmtB	-	-	sul1	1	2
SRR30971710	Klebsiella pneumoniae	ST101-1LV	FONA-5*;TEM-1D.v1^	SFO-1.v1	NDM-5;OXA-232	aac(6')-Ib;aadA2^;rmtB;rmtF	-	-	sul1	1	3
SRR30971712	Klebsiella pneumoniae	ST101-1LV	FONA-5*;OXA-9.v1?	SFO-1.v1	NDM-5	aac(6')-Ib'.v1;aadA2^;rmtB?	-	-	-	0	3
SRR31003287	Klebsiella pneumoniae	ST297	-	CTX-M-15	-	-	qnrS1	-	-	0	1
SRR31015116	Klebsiella pneumoniae	ST348	OXA-1	-	KPC-3	aac(6')-Ib-cr.v2	qnrB1.v2^	tet(A).v1	-	0	2
SRR31025468	Klebsiella pneumoniae	ST493	-	-	-	-	-	-	-	1	0
SRR31028633	Klebsiella pneumoniae	ST280	OXA-1;TEM-1D.v1^	CTX-M-15	-	strA.v1^;strB.v1	qnrB1.v2^	tet(A).v1	sul2	0	1
SRR31030468	Klebsiella pneumoniae	ST437	TEM-1D.v1^	CTX-M-15	NDM-5;OXA-232	rmtB	-	-	sul1	1	2
SRR31032194	Klebsiella pneumoniae	ST37	TEM-1D.v1^	-	KPC-3	-	-	-	-	0	2
SRR31032196	Klebsiella pneumoniae	ST30	LAP-1;TEM-1D.v1^	-	-	-	qnrS1	-	-	0	0
SRR31032226	Klebsiella pneumoniae	ST342	-	CTX-M-15	-	aac(3)-IIa.v1^;aac(6')-Ib-cr.v2;strA.v1^;strB.v1?	qnrB1.v2^	tet(A).v1	sul2	1	1
SRR31032321	Klebsiella pneumoniae	ST2457	TEM-1D.v1^	-	KPC-3	aac(6')-Ib'.v1*;aadA*	qnrB19^	-	-	0	2
SRR31032328	Klebsiella pneumoniae	ST2096	OXA-1;TEM-1D.v1^	CTX-M-15	OXA-232*	aac(6')-Ib-cr.v2;aadA2^;armA;sat-2	-	tet(D)	sul1	4	2
SRR31032339	Klebsiella pneumoniae	ST234	-	SHV-27* +170D	KPC-3	-	qnrS1	-	-	2	2
SRR31032380	Klebsiella pneumoniae	ST327	-	-	KPC-3	aadA2	qnrS1	-	sul1	0	2
SRR31032456	Klebsiella quasipneumoniae subsp. similipneumoniae	ST414	-	CTX-M-15	-	aac(6')-Ib-cr.v2;aadA16*;strA.v1*;strB.v1*	-	-	sul1;sul2	0	1
SRR31033463	Klebsiella pneumoniae	ST152	-	CTX-M-15	NDM-1	aac(3)-IId^;aadA2^;armA	-	-	sul1	1	2
SRR31038551	Klebsiella pneumoniae	ST132-1LV	-	-	OXA-181	-	qnrS1	-	-	0	2
SRR31041271	Klebsiella pneumoniae	ST882	-	-	-	-	qnrB19^	tet(A).v1	-	0	0
SRR31041295	Klebsiella pneumoniae	ST667	-	CTX-M-55	-	aph(3')-IIa	-	-	-	0	1
SRR31041323	Klebsiella pneumoniae	ST1401	-	-	-	-	-	-	-	0	0
SRR31059846	Klebsiella pneumoniae	ST462	OXA-1;TEM-1D.v1^	CTX-M-15	-	aac(3)-IIa.v1^;aac(6')-Ib-cr.v2;strA.v1^;strB.v1	qnrB1.v2^	tet(A).v1	sul2	1	1
SRR31075349	Klebsiella pneumoniae	ST418	TEM-1D.v1^	-	KPC-3	aac(6')-Ib'.v1;strA.v1^;strB.v1	-	-	sul2	0	2
SRR31107717	Klebsiella pneumoniae	ST147-1LV	OXA-1;OXA-9.v1	CTX-M-15	NDM-1	aac(3)-IIa.v1^;aadA*;aadA2^;aph(3')-VI	qnrS1	-	sul1	1	2
SRR31107721	Klebsiella pneumoniae	ST391-1LV	OXA-1;TEM-1D.v1^	CTX-M-15	-	aac(3)-IIa.v1^;aac(6')-Ib-cr.v2;strA.v1^;strB.v1	qnrB1.v2^	tet(A).v1	sul2	1	1
SRR31107722	Klebsiella pneumoniae	ST147-1LV	OXA-9.v1;TEM-1D.v1^	CTX-M-27	-	aac(6')-Ib'.v1;aadA*;aadA5;strA.v1^;strB.v1*	-	tet(A).v1	sul1;sul2	1	1
SRR31107730	Klebsiella pneumoniae	ST147-1LV	OXA-1;OXA-9.v1;TEM-1D.v1^	CTX-M-15	NDM-1	aac(3)-IIa.v1^;aac(6')-Ib-cr.v2;aadA*;aph(3')-VI	qnrS1	-	sul1	1	2
SRR31113605	Klebsiella pneumoniae	ST776-1LV	-	-	KPC-2	aph3-Ia.v1*?	-	-	-	0	2
SRR3112294	Klebsiella pneumoniae	ST34	-	CTX-M-15	OXA-181	aac(3)-IId^;aac(6')-Ib-cr.v2;aadA2^;aadA^;armA	-	tet(A).v1	sul1;sul2*	0	2
SRR3112295	Klebsiella pneumoniae	ST34	-	CTX-M-15	OXA-181	aac(3)-IId^;aac(6')-Ib-cr.v2;aadA2^;armA	-	tet(A).v1	sul1;sul2	0	2
SRR3112325	Klebsiella pneumoniae	ST2938	-	SHV-30	VIM-1	aac(6')-Il;aadA1.v1^;aadA2^;ant(2'')-Ia	qnrA1	-	sul1;sul1	0	2
SRR3112338	Klebsiella pneumoniae	ST3603	OXA-9.v1;TEM-1D.v1^	-	KPC-3	aac(6')-Ib'.v1;aadA*;aadA2^;strA.v1^;strB.v1	-	-	sul1;sul2	0	2
SRR31151211	Klebsiella pneumoniae	ST3252	-	-	-	-	-	-	-	5	0
SRR31176832	Klebsiella pneumoniae	ST412	-	-	-	-	-	-	-	0	0
SRR31176834	Klebsiella pneumoniae	ST65	-	-	-	-	-	-	-	3	0
SRR31176836	Klebsiella pneumoniae	ST1049	-	TEM-116	-	-	-	-	-	4	1
SRR31176841	Klebsiella pneumoniae	ST592	-	-	-	-	-	-	-	3	0
SRR31176848	Klebsiella pneumoniae	ST700	-	-	-	-	-	-	-	1	0
SRR31176860	Klebsiella pneumoniae	ST218	-	TEM-116	-	-	-	-	-	4	1
SRR31176874	Klebsiella pneumoniae	ST1049	-	-	-	-	-	-	-	1	0
SRR31184649	Klebsiella variicola subsp. variicola	ST2008-2LV	-	-	-	-	-	-	-	0	0
SRR31185125	Klebsiella pneumoniae	ST307	OXA-1;TEM-1D.v1^	CTX-M-15	NDM-5	aac(6')-Ib-cr.v2;strA.v1^;strB.v1	qnrB1.v2^	tet(A).v1*	sul2	0	2
SRR31195504	Klebsiella pneumoniae	ST1805	OXA-9.v1;TEM-1D.v1^	-	KPC-3	aac(6')-Ib'.v1*;aadA*;strA.v1^;strB.v1	-	tet(D)	sul2	0	2
SRR31195520	Klebsiella pneumoniae	ST147-1LV	OXA-1;OXA-10;OXA-9.v1;TEM-1D.v1^	-	NDM-1	aadA*;aph(3')-VI	qnrB4;qnrS1	tet(D)	sul1;sul2	0	2
SRR31202912	Klebsiella pneumoniae	ST1263	-	-	-	-	-	-	-	0	0
SRR31202937	Klebsiella pneumoniae	ST1999	-	-	-	-	-	-	-	1	0
SRR31216700	Klebsiella pneumoniae	ST502	-	-	KPC-3	-	-	-	-	0	2
SRR31220585	Klebsiella pneumoniae	ST25	OXA-1;TEM-1D.v1^	CTX-M-15	NDM-7	aac(3)-IIa.v1^;aac(6')-Ib-cr.v2;strA.v1^;strB.v1	qnrB1.v2^	tet(A).v1	sul2	1	2
SRR31264420	Klebsiella pneumoniae	ST15	LAP-2;OXA-1;TEM-1D.v1^	CTX-M-15^	KPC-2	aac(3)-IId^;aac(6')-Ib-cr.v2	qnrS1	tet(A).v1	-	1	2
SRR31264424	Klebsiella pneumoniae	ST3393	DHA-1	-	-	aac(3)-IId^;aadA2^	qnrB4	tet(A).v1	sul1	0	0
SRR31264456	Klebsiella pneumoniae	ST617	OXA-1;TEM-1D.v1^	CTX-M-15	KPC-2	aac(3)-IIa.v1^;aac(6')-Ib-cr.v2;strA.v1^;strB.v1	qnrB1.v2^	tet(A).v1	sul2	0	2
SRR31326803	Klebsiella pneumoniae	ST17	OXA-1	CTX-M-15	NDM-7	aac(3)-IIa.v1^;aac(6')-Ib-cr.v2;aadA2^;aph3-Ia.v1^;strA.v1*;strB.v1*	qnrS1	-	sul1;sul2	1	2
SRR31340103	Klebsiella pneumoniae	ST231	-	CTX-M-15	OXA-181	aadA2^;rmtF	qnrS1	-	sul1	4	2
SRR31340946	Klebsiella quasipneumoniae subsp. quasipneumoniae	ST526	-	-	-	-	-	-	-	0	0
SRR31348747	Klebsiella quasipneumoniae subsp. similipneumoniae	ST414-2LV	LAP-2;TEM-1D.v1^	-	NDM-1	-	qnrS1	-	-	0	2
SRR31370044	Klebsiella pneumoniae	ST258-1LV	-	CTX-M-14	KPC-2*	aadA2^;aph3-Ia.v1^;rmtB;strA.v1^;strB.v1	-	tet(G).v1	sul2	1	2
SRR31370067	Klebsiella pneumoniae	ST16-1LV	OXA-1	CTX-M-15	KPC-2	aac(6')-Ib-cr.v2;aadA2^;aph3-Ia.v1^	-	tet(A).v1	sul2	0	2
SRR31370080	Klebsiella pneumoniae	ST16	-	CTX-M-15	KPC-2	aadA2^	-	-	sul2	0	2
SRR31370081	Klebsiella pneumoniae	ST16-1LV	OXA-1	CTX-M-15	KPC-2	aac(6')-Ib-cr.v2;aadA2^;aph3-Ia.v1^	-	tet(A).v1	sul2	0	2
SRR31394810	Klebsiella pneumoniae	ST43	TEM-1D.v1^	CTX-M-15	OXA-181	aac(6')-Ib	-	-	-	4	2
SRR31395876	Klebsiella pneumoniae	ST395	OXA-1;TEM-1D.v1^	CTX-M-15	OXA-232	aac(3)-IId^;aac(6')-Ib-cr.v2;aadA2^;strA.v1^;strB.v1	qnrB1.v1	tet(B).v2*	-	1	2
SRR31396010	Klebsiella pneumoniae	ST60	-	-	-	-	-	-	-	1	0
SRR31396126	Klebsiella pneumoniae	ST585	OXA-1;OXA-10;TEM-1D.v1^	CTX-M-15	-	aac(3)-IIa.v1^;aac(6')-Ib-cr.v2;aadA*	qnrS1	tet(D)	sul1;sul2	1	1
SRR31396195	Klebsiella pneumoniae	ST1692	TEM-1D.v1^	CTX-M-15	-	aac(3)-IIa.v1^	qnrS1	tet(A).v1	sul1	1	1
SRR31396228	Klebsiella pneumoniae	ST2791	-	-	-	-	-	-	-	0	0
SRR31396329	Klebsiella pneumoniae	ST405-1LV	TEM-1D.v1^	CTX-M-15	-	aac(3)-IIa.v1^	qnrS1	tet(A).v1	sul1	0	1
SRR31396369	Klebsiella pneumoniae	ST60	-	-	-	-	-	-	-	1	0
SRR31396477	Klebsiella quasipneumoniae subsp. quasipneumoniae	ST446-4LV	-	-	-	-	-	-	-	0	0
SRR31396603	Klebsiella pneumoniae	ST1662	OXA-1;TEM-1D.v1^	CTX-M-15	-	aac(3)-IIa.v1^;aac(6')-Ib-cr.v2;strA.v1^;strB.v1	qnrB1.v2^	tet(A).v1	sul2	0	1
SRR31396604	Klebsiella pneumoniae	ST420	-	-	-	-	-	-	-	4	0
SRR31401614	Klebsiella pneumoniae	ST3712	-	-	OXA-181	aadA2^	qnrB4;qnrS1	tet(A).v1*	sul1	0	2
SRR31417681	Klebsiella pneumoniae	ST397	TEM-1D.v1^	CTX-M-15	-	strA.v1^;strB.v1	qnrB1.v2^	tet(A).v1	sul2	1	1
SRR31417734	Klebsiella pneumoniae	ST258	OXA-1	CTX-M-15	-	aac(6')-Ib-cr.v2;aadA5	-	tet(A).v1	sul1	0	1
SRR31417747	Klebsiella pneumoniae	ST534	TEM-1D.v1^	CTX-M-3	-	aac(6')-Ib-cr.v2;aadA16*	qnrS1	tet(A).v2	sul1	0	1
SRR31443179	Klebsiella pneumoniae	ST377	OXA-1	CTX-M-15	-	aac(3)-IIa.v1^;aac(6')-Ib-cr.v2;aadA^	-	-	sul1^	1	1
SRR31480395	Klebsiella pneumoniae	ST16	OXA-9.v1;TEM-1D.v1^	CTX-M-15	NDM-1;OXA-232	aac(6')-Ib'.v1;aadA*;aadA2^	-	tet(B).v2*	sul1	1	2
SRR31486171	Klebsiella pneumoniae	ST29	-	-	NDM-5	-	-	-	-	4	2
SRR31486176	Klebsiella pneumoniae	ST29	-	-	NDM-5	-	-	-	-	4	2
SRR31486185	Klebsiella pneumoniae	ST29	-	-	NDM-5	-	-	-	-	4	2
SRR31486189	Klebsiella pneumoniae	ST29	-	-	NDM-5	-	-	-	-	4	2
SRR31486193	Klebsiella pneumoniae	ST29	-	-	NDM-5	-	-	-	-	4	2
SRR31486195	Klebsiella pneumoniae	ST29	-	-	NDM-5	-	-	-	-	4	2
SRR31486196	Klebsiella pneumoniae	ST29	-	-	NDM-5	-	-	-	-	4	2
SRR31486199	Klebsiella pneumoniae	ST29	-	-	NDM-5	-	-	-	-	4	2
SRR31486200	Klebsiella pneumoniae	ST29	-	-	NDM-5	-	-	-	-	4	2
SRR31505794	Klebsiella variicola subsp. tropica	ST2466-4LV	-	-	-	-	-	-	-	0	0
SRR31505795	Klebsiella pneumoniae	ST872	-	-	-	-	-	-	-	0	0
SRR31519578	Klebsiella pneumoniae	ST1805	-	CTX-M-15	NDM-5	aph(3')-VI	qnrS1	tet(D)	sul1	3	2
SRR31519708	Klebsiella pneumoniae	ST111	TEM-1D.v1^	CTX-M-15	KPC-3;NDM-5	aph(3')-VI	qnrS1	-	sul1	4	2
SRR31519741	Klebsiella pneumoniae	ST111	-	CTX-M-15	NDM-5	aph(3')-VI	qnrS1	-	sul1	4	2
SRR31519766	Klebsiella pneumoniae	ST45	TEM-1D.v1^	CTX-M-15	NDM-5	aac(3)-IIa.v1^;aph(3')-VI;strA.v1^;strB.v1	qnrB1.v2^;qnrS1	tet(A).v1	sul1;sul2	4	2
SRR31547390	Klebsiella pneumoniae	ST273	OXA-1;TEM-1D.v1^	CTX-M-15	NDM-1	aac(3)-IIa.v1^;aac(6')-Ib-cr.v2;rmtC;strA.v1^;strB.v1	qnrB1.v2^	tet(A).v1	sul1*;sul2	0	2
SRR31585790	Klebsiella pneumoniae	ST2497	OXA-1;TEM-1D.v1^	CTX-M-15	NDM-1;OXA-232	aac(6')-Ib'.v1;aadA*;armA	qnrB1.v2^	tet(D)	sul1*	1	2
SRR31585798	Klebsiella pneumoniae	ST2975	OXA-1	CTX-M-15	OXA-181	aac(6')-Ib-cr.v2;aadA2^;strA.v1^;strB.v1	qnrB1.v2^;qnrS1	tet(A).v1	sul1;sul2	0	2
SRR31585799	Klebsiella pneumoniae	ST353	OXA-1;OXA-10	CTX-M-15	KPC-2	aac(6')-Ib-cr.v2;aadA*;strA.v1^;strB.v1	-	tet(A).v2	sul1;sul2	1	2
SRR31585803	Klebsiella pneumoniae	ST2497	OXA-1;TEM-1D.v1^	CTX-M-15	NDM-1;OXA-232	aadA*;armA	qnrB1.v2^	tet(D)	sul1*	1	2
SRR31589055	Klebsiella pneumoniae	ST45	TEM-1D.v1^	CTX-M-15	NDM-5	aac(3)-IIa.v1^;aph(3')-VI;strA.v1^;strB.v1	qnrB1.v2^;qnrS1	tet(A).v1	sul1;sul2	4	2
SRR31589071	Klebsiella pneumoniae	ST17	OXA-1;TEM-1D.v1^	CTX-M-15	NDM-5	aac(6')-Ib-cr.v2;aph(3')-VI;strA.v1^;strB.v1	qnrB1.v2^;qnrS1	tet(A).v1;tet(D)	sul1;sul2	4	2
SRR31589081	Klebsiella pneumoniae	ST14	-	-	NDM-5	aph(3')-VI	qnrS1	-	-	3	2
SRR31589549	Klebsiella pneumoniae	ST45	-	CTX-M-15	NDM-5	aac(3)-IIa.v1^;aph(3')-VI	qnrB1.v2^;qnrS1	tet(A).v1	sul1	4	2
SRR31591520	Klebsiella pneumoniae	ST45	-	CTX-M-15	NDM-5	aph(3')-VI	qnrS1	-	sul1	4	2
SRR31591587	Klebsiella pneumoniae	ST147	OXA-9.v1;TEM-1D.v1^	CTX-M-15	NDM-5	aac(6')-Ib'.v1;aadA*;aph(3')-VI	qnrS1	-	sul1	4	2
SRR31593093	Klebsiella pneumoniae	ST551	-	CTX-M-15	NDM-5	aadA2;aph(3')-VI	qnrS1	tet(D)	sul1	3	2
SRR31595383	Klebsiella pneumoniae	ST147-1LV	-	CTX-M-15	NDM-1;OXA-48	aadA2^;armA	-	tet(A).v1	sul1	1	2
SRR31595393	Klebsiella pneumoniae	ST147-2LV	-	CTX-M-15	NDM-1;OXA-48	aadA2^;aph(3')-VI;armA	-	tet(A).v1	sul1	1	2
SRR31605421	Klebsiella pneumoniae	ST437	TEM-1D.v1^	CTX-M-15	NDM-5;OXA-232	aac(6')-Ib;aac(6')-Ib'.v1;aadA*;aadA2^;rmtF	qnrS1	-	sul1	1	2
SRR31611815	Klebsiella pneumoniae	ST17	OXA-1;TEM-1D.v1^	CTX-M-15	NDM-5	aac(6')-Ib-cr.v2;aph(3')-VI;strA.v1^;strB.v1	qnrB1.v2^;qnrS1	tet(A).v1;tet(D)	sul1;sul2	4	2
SRR31611820	Klebsiella pneumoniae	ST111	-	CTX-M-15	NDM-5	aph(3')-VI	qnrS1	-	sul1	4	2
SRR31611822	Klebsiella pneumoniae	ST158-2LV	-	CTX-M-15	NDM-5	aph(3')-VI	qnrS1	-	sul1	3	2
SRR31611934	Klebsiella pneumoniae	ST13	-	CTX-M-15	NDM-5	aadA1.v1^;aph(3')-VI	qnrS1	tet(D)	sul1	4	2
SRR31611964	Klebsiella pneumoniae	ST13	OXA-1;TEM-1D.v1^	CTX-M-15	NDM-5	aac(3)-IIa.v1^;aac(6')-Ib-cr.v2;aph(3')-VI;strA.v1^;strB.v1	qnrB1.v2^;qnrS1	-	sul1;sul2	5	2
SRR31612423	Klebsiella pneumoniae	ST405	OXA-1;TEM-1D.v1^	CTX-M-15	-	aac(3)-IIa.v1^;aac(6')-Ib-cr.v2;strA.v1^	qnrB1.v2^	tet(A).v1	sul2	1	1
SRR31612432	Klebsiella quasipneumoniae subsp. similipneumoniae	ST414	-	CTX-M-15	-	strA.v1*;strB.v1*	qnrS1	tet(A).v1	sul2	0	1
SRR31612433	Klebsiella pneumoniae	ST280	OXA-1;TEM-1D.v1^	CTX-M-15	-	aac(3)-IIa.v1^;aac(6')-Ib-cr.v2;strA.v1^;strB.v1	qnrB1.v2^	tet(A).v1	sul2	0	1
SRR31612632	Klebsiella pneumoniae	ST1774	-	CTX-M-15	-	aadA2^;aph3-Ia.v1^;strA.v1*;strB.v1*	qnrS1	tet(A).v1	sul1;sul2	0	1
SRR31613002	Klebsiella pneumoniae	ST219	-	CTX-M-15	-	aadA2^;strA.v1*;strB.v1*	qnrS1	tet(A).v1	sul1;sul2	1	1
SRR31613023	Klebsiella pneumoniae	ST391	OXA-1;TEM-1D.v1^	CTX-M-15	-	aac(3)-IIa.v1^;aac(6')-Ib-cr.v2;strA.v1^;strB.v1	qnrB1.v2^	tet(A).v1	sul2	0	1
SRR31613025	Klebsiella quasipneumoniae subsp. quasipneumoniae	ST440	-	-	-	aadA2^;strA.v1*;strB.v1*	qnrS1	-	sul1;sul2	0	0
SRR31626692	Klebsiella quasipneumoniae subsp. similipneumoniae	ST138	-	-	OXA-181	-	qnrS1	-	-	0	2
SRR31631702	Klebsiella pneumoniae	ST43	TEM-1D.v1^	CTX-M-15	OXA-181	aac(6')-Ib	-	-	-	4	2
SRR31649514	Klebsiella pneumoniae	ST219	-	CTX-M-15	NDM-1	aadA2^;aph(3')-VI;aph3-Ia.v1^;strA.v1*;strB.v1*	qnrS1	-	sul1;sul2	0	2
SRR31682137	Klebsiella pneumoniae	ST941	OXA-9.v1;TEM-1D.v1^	-	KPC-3	aac(6')-Ib'.v1*;aadA*	-	-	-	0	2
SRR31682147	Klebsiella pneumoniae	ST17	TEM-1D.v1^	CTX-M-15	KPC-3	strA.v1^;strB.v1	qnrS1	-	sul2	0	2
SRR31685368	Klebsiella pneumoniae	ST4023	-	CTX-M-15	-	aadA2^;strA.v1*;strB.v1*	qnrS1	tet(A).v1	sul1;sul2	0	1
SRR31698794	Klebsiella pneumoniae	ST442	SCO-1	-	-	strA.v1*;strB.v1*	qnrS1	-	sul2	0	0
SRR31699437	Klebsiella pneumoniae	ST914	TEM-1D.v1^	CTX-M-15	-	-	-	-	-	0	1
SRR3170531	Klebsiella pneumoniae	ST313	TEM-135.v1^	CTX-M-78*;SHV-111* +174S	-	aac(3)-IV^;aadA2^;aph(4)-Ia;aph3-Ia.v1^	-	tet(A).v1	sul2	0	1
SRR31742274	Klebsiella pneumoniae	ST23	OXA-1	-	OXA-48	aac(3)-IIa.v1^;aac(6')-Ib-cr.v2	qnrB1.v2^	tet(A).v1	-	5	2
SRR31742278	Klebsiella pneumoniae	ST23	-	-	OXA-48	-	-	-	-	5	2
SRR31742279	Klebsiella pneumoniae	ST23	-	-	OXA-48	-	-	-	-	5	2
SRR31742283	Klebsiella pneumoniae	ST23	-	-	OXA-48	-	-	-	-	5	2
SRR31742287	Klebsiella pneumoniae	ST23	-	-	OXA-48	-	-	-	-	5	2
SRR31742294	Klebsiella pneumoniae	ST23	OXA-1	-	OXA-48	aac(3)-IIa.v1^;aac(6')-Ib-cr.v2	qnrB1.v2^	tet(A).v1	-	5	2
SRR31742301	Klebsiella pneumoniae	ST23	LAP-2;OXA-1	CTX-M-55	NDM-1	aac(6')-Ib-cr.v2;aph(3')-VI;armA	qnrS1	tet(A).v1	sul1;sul2	4	2
SRR31742303	Klebsiella pneumoniae	ST23	OXA-1	-	OXA-48	aac(3)-IIa.v1^;aac(6')-Ib-cr.v2	qnrB1.v2^	tet(A).v1	-	5	2
SRR31742312	Klebsiella pneumoniae	ST23	-	-	OXA-48	-	-	-	-	5	2
SRR31742316	Klebsiella pneumoniae	ST23	-	-	OXA-48	-	-	-	-	5	2
SRR31742333	Klebsiella pneumoniae	ST23	-	-	OXA-48	-	-	-	-	5	2
SRR31742343	Klebsiella pneumoniae	ST23	ACC-1	-	OXA-48	-	-	-	-	5	2
SRR31742354	Klebsiella pneumoniae	ST23	OXA-1;TEM-1D.v1^	CTX-M-15	OXA-48	aac(6')-Ib-cr.v2;strA.v1^;strB.v1	qnrB1.v2^	tet(A).v1	sul2	5	2
SRR31742363	Klebsiella pneumoniae	ST23	-	-	OXA-48	-	-	-	-	5	2
SRR31768963	Klebsiella pneumoniae	ST86	-	-	NDM-1	-	-	-	-	3	2
SRR31795597	Klebsiella pneumoniae	ST219	OXA-1;TEM-1	CTX-M-15	NDM-5	aac(6')-Ib-cr.v2;aadA2^;aph(3')-VI;aph3-Ia.v1^;strA.v1*;strB.v1*	qnrB1.v2^;qnrS1	tet(A).v1	sul1;sul2	4	2
SRR31821523	Klebsiella pneumoniae	ST3155	TEM-1D.v1^	-	NDM-1	aac(6')-Ib-cr.v2;aadA*;strA.v1;strB.v1	-	tet(D)	sul1	0	2
SRR31827998	Klebsiella pneumoniae	ST23	-	-	NDM-1	-	-	-	-	5	2
SRR31897981	Klebsiella quasipneumoniae subsp. quasipneumoniae	ST4351-3LV	TEM-1D.v1^	-	GES-5	aac(3)-IId^;aph3-Ia.v1;strA.v1^;strB.v1	-	-	sul1	0	2
SRR31899128	Klebsiella pneumoniae	ST403	-	-	NDM-7	-	-	-	-	0	2
SRR31916370	Klebsiella pneumoniae	ST111	OXA-10;TEM-1D.v1^	-	NDM-1	aadA*;aph(3')-Ia	qnrS1	-	sul1;sul2	1	2
SRR31916491	Klebsiella pneumoniae	ST20	-	-	NDM-7	-	-	-	-	0	2
SRR31940702	Klebsiella pneumoniae	ST46	TEM-1D.v1^	-	KPC-2	-	-	-	-	0	2
SRR31948943	Klebsiella pneumoniae	ST2494	-	-	-	-	-	-	-	1	0
SRR31948947	Klebsiella pneumoniae	ST152	-	-	-	-	-	-	-	1	0
SRR31948959	Klebsiella pneumoniae	ST3640	-	-	-	-	-	-	-	0	0
SRR31948976	Klebsiella pneumoniae	ST133	-	-	-	-	-	-	-	2	0
SRR31948984	Klebsiella pneumoniae	ST4113	-	-	-	-	-	-	-	1	0
SRR31948985	Klebsiella pneumoniae	ST6	-	-	-	-	-	-	-	1	0
SRR31948988	Klebsiella pneumoniae	ST76	-	-	-	-	-	-	-	1	0
SRR32003891	Klebsiella pneumoniae	ST987	-	-	-	-	-	-	-	0	0
SRR32003892	Klebsiella pneumoniae	ST336	TEM-1D.v1^	CTX-M-15	-	aac(3)-IId^;strA.v1^;strB.v1	-	-	sul2*	1	1
SRR32003925	Klebsiella pneumoniae	ST4291	OXA-1;SCO-1;TEM-1D.v1^	CTX-M-15	VIM-1	aac(3)-IIa.v1;aac(6')-Ib4^	qnrS1	-	-	0	2
SRR32037272	Klebsiella pneumoniae	ST13-1LV	OXA-9.v1;TEM-1D.v1^	CTX-M-15	KPC-3	aac(6')-Ib'.v1*;aadA*;strA.v1^;strB.v1*	qnrB1.v2^;qnrS1	-	sul2	1	2
SRR32037949	Klebsiella pneumoniae	ST896	-	-	KPC-2*	aadA2^	-	tet(D)	sul1;sul2	0	2
SRR32037976	Klebsiella pneumoniae	ST567	-	-	NDM-7	-	-	-	-	0	2
SRR32037984	Klebsiella pneumoniae	ST395	OXA-1;TEM-1D.v1^	CTX-M-15	OXA-48	aac(6')-Ib-cr.v2	qnrS1	tet(A).v1	sul1	4	2
SRR3204555	Klebsiella pneumoniae	ST23	-	-	-	-	-	-	-	2	0
SRR32059682	Klebsiella pneumoniae	ST151	-	-	NDM-7	aac(6')-Ib7*	qnrB1.v2^;qnrS1	-	sul2	1	2
SRR32059688	Klebsiella pneumoniae	ST18	TEM-1D.v1^	-	KPC-3;NDM-7	-	-	tet(D)*	sul2	0	2
SRR32063800	Klebsiella pneumoniae	ST321	-	-	KPC-2	strA.v1^;strB.v1*	-	tet(B).v2*	-	0	2
SRR32083332	Klebsiella pneumoniae	ST147-1LV	TEM-1D.v1^	-	-	-	-	-	sul1	0	0
SRR32083342	Klebsiella pneumoniae	ST147-1LV	OXA-1;OXA-9.v1;TEM-1D.v1^	CTX-M-15	NDM-1	aac(6')-Ib'.v1*;aadA*;aph(3')-VI;armA	qnrS1	-	sul1;sul2	3	2
SRR32083352	Klebsiella pneumoniae	ST37	OXA-1;TEM-1D.v1^	-	KPC-3	aac(6')-Ib-cr.v2;strA.v1^;strB.v1	qnrB1.v2^	-	sul2	1	2
SRR32099771	Klebsiella pneumoniae	ST872	-	-	-	aac(3)-IId^;aac(6')-Ib-cr.v2;aadA16*;strA.v1^;strB.v1	-	tet(A).v2	sul1;sul2	0	0
SRR32133088	Klebsiella pneumoniae	ST11-1LV	LAP-2	-	KPC-2	aac(3)-IId^;aac(6')-Ib'.v1;aadA*	qnrS1	-	-	1	2
SRR32133097	Klebsiella pneumoniae	ST11-1LV	-	CTX-M-14	KPC-2	aac(3)-IId^;aac(6')-Ib'.v1;aadA*	-	-	-	1	2
SRR32133109	Klebsiella pneumoniae	ST2693	-	CTX-M-14	NDM-4	aac(3)-IId^;aac(6')-Ib'.v1;aadA*	-	-	-	0	2
SRR32133126	Klebsiella pneumoniae	ST11-1LV	LAP-2	-	KPC-2	aac(3)-IId^;aac(6')-Ib'.v1;aadA*	qnrS1	-	-	1	2
SRR32133136	Klebsiella pneumoniae	ST656	LAP-2	CTX-M-14	NDM-4;OXA-181	aac(3)-IId*;aadA*;aadA16*	-	tet(D)	sul1	1	2
SRR32133141	Klebsiella pneumoniae	ST656	-	CTX-M-14	NDM-4	aac(3)-IId^;aadA*;aadA16*	qnrB6^;qnrS1	-	sul1;sul1	1	2
SRR32133165	Klebsiella pneumoniae	ST656	TEM-1D.v1^	-	KPC-2;NDM-5;OXA-181	aac(6')-Ib-cr.v2;aadA16*;aadA2^;rmtB	qnrS1	tet(D)	sul1	1	2
SRR32133178	Klebsiella pneumoniae	ST16	-	CTX-M-15	NDM-4	aac(6')-Ib-cr.v2;aadA16*;rmtB	qnrS1	tet(A).v1	sul1	1	3
SRR32133238	Klebsiella pneumoniae	ST11-1LV	LAP-2	-	KPC-2	aac(3)-IId^;aac(6')-Ib'.v1;aadA*	qnrS1	-	-	1	2
SRR32133249	Klebsiella pneumoniae	ST65	-	CTX-M-14	NDM-4	aac(3)-IId^;aac(6')-Ib'.v1;aadA*	qnrS1	-	-	5	2
SRR32137989	Klebsiella pneumoniae	ST147-1LV	OXA-1;TEM-1D.v1^	CTX-M-15	NDM-1	aac(6')-Ib-cr.v2;aph(3')-VI	qnrS1	-	sul1	0	2
SRR32141877	Klebsiella pneumoniae	ST111	-	CTX-M-15	NDM-5	aph(3')-VI	qnrS1	tet(D)	sul1	3	2
SRR32146173	Klebsiella pneumoniae	ST1106	-	CTX-M-14	-	aadA2^	-	-	sul1	0	1
SRR32146218	Klebsiella pneumoniae	ST1537	TEM-1D.v1^	CTX-M-3	-	aac(3)-IId^;aac(6')-Ib-cr.v2;aadA16*;aph3-Ia.v1;strA.v1^;strB.v1	qnrS1	tet(A).v2	sul1;sul1;sul2*	0	1
SRR32146228	Klebsiella pneumoniae	ST515-1LV	TEM-1D.v1^	-	-	aac(6')-Ib-cr.v2;aadA16*;strA.v1^;strB.v1	-	tet(A).v1?	sul1;sul2	3	0
SRR32146236	Klebsiella pneumoniae	ST15-1LV	LAP-2;TEM-1D.v1^	CTX-M-14;CTX-M-15	NDM-4	aac(3)-IId^;aadA*;aadA16*;strA.v1^;strB.v1	qnrB6^;qnrS1	tet(D)*	sul1;sul1;sul2	0	3
SRR32146317	Klebsiella pneumoniae	ST873	OXA-1;TEM-1D.v1^	CTX-M-15	-	aac(3)-IIa.v1^;aac(6')-Ib-cr.v2;strA.v1^;strB.v1	qnrB1.v2^	tet(A).v1	sul2	1	1
SRR32146322	Klebsiella pneumoniae	ST1106	-	CTX-M-14	-	aadA2^	-	-	sul1	0	1
SRR32146323	Klebsiella pneumoniae	ST1905	TEM-1D.v1^	-	IMP-4	aac(6')-Ib4;strA.v1;strB.v1	-	tet(D)	sul1	0	3
SRR32146325	Klebsiella pneumoniae	ST133	-	CTX-M-15	-	-	qnrB1.v2^	-	-	1	1
SRR32146327	Klebsiella pneumoniae	ST231	TEM-1D.v1^	CTX-M-15	OXA-232	aac(6')-Ib;aadA2^	qnrS1	-	sul1	4	2
SRR32146386	Klebsiella pneumoniae	ST147	OXA-1;TEM-1D.v1^	CTX-M-15	-	aac(3)-IIa.v1^;aac(6')-Ib-cr.v2;strA.v1^;strB.v1	qnrB1.v2^	tet(A).v1*	sul2	1	1
SRR32146454	Klebsiella pneumoniae	ST340	OXA-1;TEM-1D.v1^	CTX-M-15	-	aac(3)-IIa.v1^;aac(6')-Ib-cr.v2	-	-	-	0	1
SRR32146462	Klebsiella pneumoniae	ST323	OXA-1;TEM-1D.v1^	CTX-M-15	-	aac(6')-Ib-cr.v2;strA.v1^;strB.v1	qnrB1.v2^	tet(A).v1	sul2	0	1
SRR32146473	Klebsiella pneumoniae	ST1106	-	CTX-M-14	-	aadA2^	-	-	sul1	0	1
SRR32146486	Klebsiella pneumoniae	ST29	OXA-1;TEM-1D.v1^	CTX-M-15	-	aac(6')-Ib-cr.v2;strA.v1^;strB.v1	qnrB1.v2^	tet(A).v1	sul2	0	1
SRR32146490	Klebsiella pneumoniae	ST2856	OXA-1;TEM-1D.v1^	CTX-M-15	-	aac(6')-Ib-cr.v2;strA.v1^;strB.v1	qnrB1.v2^	tet(A).v1	sul2	0	1
SRR32146552	Klebsiella pneumoniae	ST268	TEM-1D.v1^	CTX-M-15	-	aac(3)-IId^;strA.v1*;strB.v1*	qnrB1.v1	-	sul2	1	1
SRR32157684	Klebsiella pneumoniae	ST147	OXA-9.v1;TEM-1D.v1^	-	NDM-5	aac(6')-Ib'.v1;aadA*;aph(3')-VI	-	-	sul1	4	2
SRR32157697	Klebsiella pneumoniae	ST13	-	CTX-M-15	NDM-5	aadA1.v1^;aph(3')-VI	qnrS1	tet(D)	sul1	4	2
SRR32160393	Klebsiella pneumoniae	ST14	-	CTX-M-15	NDM-5	aph(3')-VI	qnrS1	-	-	3	2
SRR32190122	Klebsiella pneumoniae	ST2058	-	-	-	-	-	-	-	5	0
SRR3219835	Klebsiella pneumoniae	ST43	OXA-9.v1;TEM-1D.v1^	CTX-M-15	OXA-181	aac(3)-IId^;aac(6')-Ib'.v1;aadA*	-	-	-	4	2
SRR3221782	Klebsiella pneumoniae	ST16	TEM-1D.v1^	CTX-M-15	OXA-232	aac(6')-Ib;rmtF	-	-	sul1	1	2
SRR32222523	Klebsiella pneumoniae	ST422	-	-	NDM-7	ant(2'')-Ia	qnrS1	tet(D)	-	0	2
SRR32223183	Klebsiella pneumoniae	ST219	CARB-2.v1^;FOX-5	CTX-M-15	KPC-2	ant(2'')-Ia;strA.v1*;strB.v1*	qnrS1	-	sul2	1	2
SRR32231120	Klebsiella pneumoniae	ST133	-	CTX-M-15	NDM-1	aac(6')-Ib'.v1;aadA*;aph(3')-VI	qnrS1	-	-	2	2
SRR32256561	Klebsiella pneumoniae	ST101-1LV	FONA-5*;TEM-1D.v1^	SFO-1.v1	NDM-5;OXA-232	aac(6')-Ib;aadA2^;rmtB;rmtF	-	-	sul1	1	2
SRR32256645	Klebsiella quasipneumoniae subsp. similipneumoniae	ST283-3LV	-	-	KPC-3	-	-	-	-	0	2
SRR32264942	Klebsiella pneumoniae	ST25-1LV	OXA-10;TEM-1D.v1^	CTX-M-2;CTX-M-3	-	aac(6')-Ib-cr.v2;aadA*;aadA2^;armA;strA.v1^;strB.v1	qnrB19^	-	sul2	1	1
SRR32265065	Klebsiella pneumoniae	ST219	-	CTX-M-15	-	aadA2^;strA.v1*;strB.v1*	qnrS1	tet(A).v1	sul1;sul2	0	1
SRR32265087	Klebsiella pneumoniae	ST219	-	CTX-M-15	-	aadA2^;strA.v1*;strB.v1*	qnrS1	tet(A).v1	sul1;sul2	0	1
SRR32265112	Klebsiella pneumoniae	ST11-1LV	OXA-1	CTX-M-15;CTX-M-27	-	aac(3)-IIa.v1^;aac(6')-Ib-cr.v2;strA.v1^;strB.v1*	-	tet(A).v1	sul2	1	1
SRR32265220	Klebsiella pneumoniae	ST1906	OXA-1	CTX-M-15	-	aac(3)-IIa.v1^;aac(6')-Ib-cr.v2	-	tet(A).v1	-	0	1
SRR32265403	Klebsiella pneumoniae	ST1393	-	-	-	-	-	-	-	1	0
SRR32265532	Klebsiella pneumoniae	ST11	OXA-1;TEM-1D.v1^	CTX-M-15	-	aac(3)-IId^;aac(6')-Ib-cr.v2;aadA5	-	-	sul1	1	1
SRR32265538	Klebsiella pneumoniae	ST25	OXA-1;OXA-10;TEM-1D.v1^	CTX-M-15	-	aac(3)-IId^;aac(6')-Ib-cr.v2;aadA*;aadA5;strA.v1^;strB.v1	qnrB19^	-	sul2	1	1
SRR32266589	Klebsiella pneumoniae	ST528	CMY-6	-	NDM-4	aac(6')-Ib-cr.v2;aadA16*	qnrB6^	-	sul1;sul1	0	2
SRR32267544	Klebsiella pneumoniae	ST1805	-	-	NDM-5	-	-	tet(D)	sul1	3	2
SRR32267645	Klebsiella pneumoniae	ST22	-	-	OXA-181	-	qnrS1	-	-	0	2
SRR32268474	Klebsiella pneumoniae	ST359	-	-	-	aadA^	-	-	sul1	0	0
SRR3226936	Klebsiella pneumoniae	ST37	-	-	KPC-3	-	-	-	-	0	2
SRR32297293	Klebsiella pneumoniae	ST45	TEM-1D.v1^	CTX-M-15	NDM-5	aac(3)-IIa.v1^;aph(3')-VI;strA.v1^;strB.v1	qnrB1.v2^;qnrS1	tet(A).v1^	sul1;sul2	4	2
SRR32321451	Klebsiella pneumoniae	ST252	-	-	OXA-48	aadA5;aadA^;strA.v1^;strB.v1*	-	tet(A).v1;tet(C)	sul1;sul2	0	2
SRR32342204	Klebsiella pneumoniae	ST348	TEM-1D.v1^	-	KPC-3;NDM-1	-	qnrB4	-	-	0	2
SRR32344924	Klebsiella pneumoniae	ST65	-	-	-	-	-	-	-	5	0
SRR32344925	Klebsiella pneumoniae	ST65	-	-	-	-	-	-	-	3	0
SRR32344930	Klebsiella pneumoniae	ST268	LAP-2	CTX-M-14	-	-	qnrS1	-	-	5	1
SRR32344940	Klebsiella pneumoniae	ST65	-	-	-	-	-	-	-	3	0
SRR32344941	Klebsiella pneumoniae	ST893	-	-	-	-	-	-	-	4	0
SRR32345005	Klebsiella pneumoniae	ST1228	-	-	-	strA.v1;strB.v1	-	tet(A).v1	-	1	0
SRR32345029	Klebsiella pneumoniae	ST132-1LV	-	CTX-M-14	-	aac(6')-Ib-cr.v2	qnrS1	tet(A).v1	-	0	1
SRR32345040	Klebsiella pneumoniae	ST261	LAP-2	CTX-M-14	-	aac(3)-IId^;strA.v1^;strB.v1	qnrS1	tet(A).v1;tet(D)	sul1;sul2	1	1
SRR32345069	Klebsiella pneumoniae	ST268	-	-	-	-	-	-	-	5	0
SRR32345070	Klebsiella pneumoniae	ST65	-	-	-	-	-	-	-	5	0
SRR32345077	Klebsiella pneumoniae	ST218	-	-	-	-	-	-	-	3	0
SRR32345098	Klebsiella pneumoniae	ST375	-	-	-	-	-	-	-	3	0
SRR32345105	Klebsiella pneumoniae	ST1764	-	-	-	-	-	-	-	3	0
SRR32345111	Klebsiella pneumoniae	ST412	-	-	-	-	-	-	-	3	0
SRR32345126	Klebsiella pneumoniae	ST65	-	-	-	-	-	-	-	5	0
SRR32345130	Klebsiella pneumoniae	ST1764	-	-	-	-	-	-	-	4	0
SRR32345161	Klebsiella pneumoniae	ST1401	TEM-1D.v1^	CTX-M-3	-	aac(6')-Ib-cr.v2;aadA16*;aph3-Ia.v1	qnrS1	tet(A).v2	sul1;sul1	0	1
SRR32345163	Klebsiella pneumoniae	ST189	-	-	-	-	-	-	-	0	0
SRR32345210	Klebsiella pneumoniae	ST273	-	CTX-M-3	-	-	qnrS1	-	-	1	1
SRR32345222	Klebsiella pneumoniae	ST36	-	-	-	-	-	-	-	0	0
SRR32345227	Klebsiella pneumoniae	ST876	-	-	-	strA.v1^;strB.v1	-	tet(A).v1*	-	0	0
SRR32345235	Klebsiella pneumoniae	ST65	-	-	-	-	-	-	-	3	0
SRR32345236	Klebsiella pneumoniae	ST23	-	-	-	-	-	-	-	5	0
SRR32345242	Klebsiella pneumoniae	ST950	-	-	-	-	-	-	-	0	0
SRR32345244	Klebsiella pneumoniae	ST2856	-	-	-	-	-	-	-	1	0
SRR32345260	Klebsiella pneumoniae	ST1213	-	-	-	-	-	-	-	0	0
SRR32345268	Klebsiella pneumoniae	ST889-2LV	TEM-1D.v1^	-	-	aac(3)-IId^	-	tet(D)	-	0	0
SRR32345270	Klebsiella pneumoniae	ST412	-	-	-	-	-	-	-	3	0
SRR32345275	Klebsiella pneumoniae	ST218	-	-	-	-	-	-	-	4	0
SRR32345277	Klebsiella pneumoniae	ST375	-	-	-	-	-	-	-	3	0
SRR32345292	Klebsiella pneumoniae	ST592	-	-	-	-	-	-	-	3	0
SRR32345293	Klebsiella pneumoniae	ST25	-	-	-	-	-	-	-	3	0
SRR32345307	Klebsiella pneumoniae	ST2237	DHA-1	-	KPC-2	aac(3)-IId^;armA	qnrB4	-	sul1	4	2
SRR32345348	Klebsiella pneumoniae	ST380	-	-	-	-	-	-	-	4	0
SRR32345352	Klebsiella pneumoniae	ST23	-	-	-	-	-	-	-	5	0
SRR32345354	Klebsiella pneumoniae	ST375	-	-	-	-	-	-	-	3	0
SRR32345379	Klebsiella pneumoniae	ST65	-	-	-	-	-	-	-	2	0
SRR32345439	Klebsiella pneumoniae	ST485	-	-	-	aadA2^;aadA^	qnrS1	tet(A).v1*	sul3	3	0
SRR32345443	Klebsiella pneumoniae	ST3409	TEM-1D.v1^	CTX-M-3	-	aac(6')-Ib-cr.v2;aadA16*;aph3-Ia.v1	qnrS1	tet(A).v2	sul1	0	1
SRR32345444	Klebsiella pneumoniae	ST944	-	-	-	-	-	-	-	0	0
SRR32345472	Klebsiella pneumoniae	ST268	-	CTX-M-55;CTX-M-55	-	-	-	-	-	1	1
SRR32345477	Klebsiella pneumoniae	ST342	-	-	-	-	-	-	-	0	0
SRR32345484	Klebsiella pneumoniae	ST311	-	-	-	-	-	-	-	0	0
SRR32345505	Klebsiella pneumoniae	ST35-1LV	OXA-10	-	-	aadA*	qnrS1	-	-	3	0
SRR32345509	Klebsiella pneumoniae	ST3687	-	-	-	-	-	-	-	0	0
SRR32345522	Klebsiella pneumoniae	ST111	-	-	-	-	-	-	-	1	0
SRR32345536	Klebsiella pneumoniae	ST3623	-	-	-	strA.v1;strB.v1	-	-	-	0	0
SRR32345542	Klebsiella pneumoniae	ST485	LAP-2;OXA-10	-	-	aadA*;strA.v1^;strB.v1	qnrS1	tet(A).v2	sul2	0	0
SRR32345544	Klebsiella pneumoniae	ST592	-	-	-	-	-	-	-	0	0
SRR32345557	Klebsiella pneumoniae	ST218	-	-	-	-	-	tet(A).v1*	-	3	0
SRR32345570	Klebsiella pneumoniae	ST412	-	-	-	-	-	-	-	3	0
SRR32345581	Klebsiella pneumoniae	ST23	-	-	-	-	-	-	-	5	0
SRR32345639	Klebsiella pneumoniae	ST1764	-	CTX-M-14	-	aac(3)-IId^	-	-	-	3	1
SRR32364227	Klebsiella pneumoniae	ST380	-	ADC-79*	OXA-64	-	-	-	-	4	2
SRR32364230	Klebsiella pneumoniae	ST37	LAP-2	CTX-M-14	-	aac(3)-IId^	qnrS1	-	-	0	1
SRR32364234	Klebsiella pneumoniae	ST278	-	-	-	-	-	-	-	1	0
SRR32364272	Klebsiella pneumoniae	ST611	LAP-2;TEM-1D.v1^	CTX-M-14	-	aac(3)-IId^;strA.v1^;strB.v1	qnrS1	tet(A).v1	sul1;sul2	0	1
SRR32364291	Klebsiella pneumoniae	ST3311-1LV	DHA-1;TEM-1D.v1^	-	-	aac(3)-IId^;aadA2^;aph3-Ia.v1^;strB.v1	qnrB4	-	sul1;sul2	0	0
SRR32364302	Klebsiella pneumoniae	ST1109	-	-	-	-	-	-	-	0	0
SRR32364320	Klebsiella pneumoniae	ST380	-	-	-	-	-	-	-	4	0
SRR32364327	Klebsiella pneumoniae	ST636	-	-	-	-	-	-	-	0	0
SRR32364361	Klebsiella pneumoniae	ST23	-	-	-	-	-	-	-	5	0
SRR32364369	Klebsiella pneumoniae	ST2441	LAP-2	CTX-M-14	-	aac(3)-IId^	qnrS1	tet(A).v1	sul1	0	1
SRR32364383	Klebsiella pneumoniae	ST875	-	-	-	-	-	-	-	1	0
SRR32364387	Klebsiella pneumoniae	ST881	-	-	-	-	-	-	-	1	0
SRR32364454	Klebsiella pneumoniae	ST998-1LV	TEM-1D.v1^	CTX-M-3	-	aac(6')-Ib-cr.v2;aadA16*;aph3-Ia.v1	qnrS1	tet(A).v2	sul1;sul1	0	1
SRR32364474	Klebsiella pneumoniae	ST34	-	-	-	-	-	-	-	0	0
SRR32364490	Klebsiella pneumoniae	ST309	-	-	-	-	-	-	-	0	0
SRR32364521	Klebsiella pneumoniae	ST263-2LV	-	-	-	-	-	-	-	0	0
SRR32364528	Klebsiella pneumoniae	ST896	-	-	-	strA.v1;strB.v1	-	-	-	0	0
SRR32364605	Klebsiella pneumoniae	ST86	-	-	-	-	-	-	-	4	0
SRR32364614	Klebsiella pneumoniae	ST814-3LV	-	CTX-M-15	-	aph3-Ia.v1^;strA.v1*;strB.v1*	qnrS1	tet(A).v1	sul2	0	1
SRR32366666	Klebsiella pneumoniae	ST22-2LV	-	-	-	-	-	-	-	0	0
SRR32366674	Klebsiella pneumoniae	ST151	OXA-1;TEM-1D.v1^	CTX-M-15	-	aac(6')-Ib-cr.v2;strA.v1^;strB.v1	qnrB1.v2^	-	sul2	1	1
SRR32366753	Klebsiella pneumoniae	ST528	-	-	-	-	qnrB1.v1	-	-	0	0
SRR32366755	Klebsiella pneumoniae	ST1026-2LV	TEM-1D.v1^	-	-	strA.v1;strB.v1	qnrS1	tet(A).v1	sul2	3	0
SRR32418941	Klebsiella pneumoniae	ST147-1LV	OXA-1;OXA-9.v1;TEM-1D.v1^	CTX-M-15	NDM-1	aac(6')-Ib'.v1;aadA*;aph(3')-VI	qnrS1	-	sul1	0	2
SRR32418953	Klebsiella pneumoniae	ST277	-	-	KPC-3	-	-	-	-	0	2
SRR32418954	Klebsiella pneumoniae	ST27	TEM-1D.v1^	-	KPC-2	-	-	-	-	0	3
SRR32455722	Klebsiella pneumoniae	ST1493	-	-	NDM-1	-	-	-	-	0	2
SRR32455724	Klebsiella pneumoniae	ST1493	-	-	NDM-1	-	-	-	-	0	2
SRR32455726	Klebsiella pneumoniae	ST1493	-	-	NDM-1	-	-	-	-	0	2
SRR32455731	Klebsiella pneumoniae	ST1493	-	-	NDM-1	-	-	-	-	0	2
SRR32455746	Klebsiella pneumoniae	ST1493	-	-	NDM-1	-	-	-	-	0	2
SRR32465435	Klebsiella pneumoniae	ST23	LAP-2;OXA-1	CTX-M-55	OXA-48	aac(3)-IIa.v1*;aac(6')-Ib-cr.v2	qnrS1	tet(A).v1	sul2	4	2
SRR32466218	Klebsiella pneumoniae	ST785	OXA-1;TEM-1D.v1^	CTX-M-15	OXA-48	aac(3)-IIa.v1^;aac(6')-Ib-cr.v2;strA.v1^;strB.v1	qnrB1.v2^	-	sul2	1	2
SRR32466390	Klebsiella pneumoniae	ST268	OXA-1;TEM-1D.v1^	CTX-M-15	OXA-48	aadA*	-	-	sul1	1	2
SRR32466416	Klebsiella pneumoniae	ST17	-	-	OXA-48	-	-	-	-	0	2
SRR32466445	Klebsiella quasipneumoniae subsp. quasipneumoniae	ST526	-	CTX-M-15	OXA-48	strA.v1;strB.v1	-	-	sul2	0	2
SRR32466538	Klebsiella variicola subsp. variicola	ST767	OXA-1	-	NDM-1	aac(6')-Ib-cr.v2^;aph(3')-VI;strB.v1	-	-	sul1;sul1	0	2
SRR32466653	Klebsiella pneumoniae	ST54	-	-	OXA-48	-	qnrB19^	-	-	0	2
SRR32466747	Klebsiella pneumoniae	ST628	-	SHV-12	VIM-1	aac(6')-Ib4^;aadA1.v1^;aphA15;strA.v1*;strB.v1*	qnrS1	-	sul1;sul2	0	2
SRR32466871	Klebsiella pneumoniae	ST661	TEM-135.v2*	CTX-M-14^	OXA-48	-	-	tet(D)	-	0	2
SRR32466914	Klebsiella pneumoniae	ST17	-	-	VIM-1	aac(6')-Ib4^;aadA1.v1^;aphA15;strA.v1*;strB.v1*	qnrS1	-	sul1;sul2	0	2
SRR32480345	Klebsiella pneumoniae	ST70	-	-	KPC-3	-	-	-	-	0	2
SRR32484838	Klebsiella variicola subsp. variicola	ST1563	-	-	NDM-5	aadA2^	qnrB7^	tet(D)	sul1	0	2
SRR32535531	Klebsiella pneumoniae	ST551	-	-	OXA-181	aadA2	qnrS1	tet(D)	sul1	0	2
SRR32535532	Klebsiella pneumoniae	ST193	OXA-9.v1;TEM-1D.v1^	CTX-M-15	NDM-5	aac(6')-Ib'.v1;aadA*;aph(3')-VI	qnrS1	-	-	3	2
SRR32535789	Klebsiella pneumoniae	ST392	OXA-1;TEM-1D.v1^	CTX-M-14;CTX-M-15	KPC-2	aac(3)-IId*;aac(6')-Ib-cr.v2;aadA2^;rmtB;strA.v1^;strB.v1	qnrB1.v2^	tet(G).v1	sul2	1	2
SRR32535793	Klebsiella quasipneumoniae subsp. similipneumoniae	ST367	-	-	KPC-2	-	-	-	-	0	2
SRR32554108	Klebsiella quasipneumoniae subsp. quasipneumoniae	ST622	OXA-1;TEM-1D.v1^	CTX-M-15;SHV-12	NDM-1	aac(3)-IIa.v1^;aac(6')-Ian;aac(6')-Ib-cr.v2;strB.v1	qnrB1.v2^	tet(A).v1	sul2	0	2
SRR32568800	Klebsiella pneumoniae	ST45	TEM-1D.v1^	CTX-M-15	NDM-5	aac(3)-IIa.v1^;aph(3')-VI;strA.v1^;strB.v1	qnrB1.v2^;qnrS1	tet(A).v1	sul1;sul2	4	2
SRR32579359	Klebsiella pneumoniae	ST443	OXA-1;TEM-1D.v1^	CTX-M-15	NDM-1	aadA*;aph(3')-VI;armA	qnrB1.v2^	tet(D)	sul1*	0	2
SRR32641178	Klebsiella pneumoniae	ST395	OXA-1;TEM-1D.v1^	CTX-M-15	NDM-5;OXA-232	aac(3)-IId^;aac(6')-Ib-cr.v2;aadA2^;rmtB	qnrB1.v1	-	sul1	1	2
SRR32649884	Klebsiella quasipneumoniae subsp. quasipneumoniae	ST196	-	-	NDM-7	-	-	-	-	0	2
SRR32673094	Klebsiella pneumoniae	ST11-1LV	OXA-1	-	KPC-2	aac(3)-IId^;rmtB;strA.v1^;strB.v1	qnrS1	tet(G).v1	sul2	2	3
SRR32673098	Klebsiella pneumoniae	ST11-1LV	OXA-2;TEM-1D.v1^	CTX-M-2	KPC-2	aac(3)-IId^;rmtB;strA.v1^;strB.v1	-	tet(G).v1	sul1;sul2	2	3
SRR32687831	Klebsiella pneumoniae	ST219	OXA-1;TEM-1	CTX-M-15	NDM-5	aac(6')-Ib-cr.v2;aadA2^;aph(3')-VI;aph3-Ia.v1^;strA.v1*;strB.v1*	qnrB1.v2^;qnrS1	tet(A).v1	sul1;sul2	4	2
SRR32687836	Klebsiella pneumoniae	ST383	TEM-1	CTX-M-14^;CTX-M-15	NDM-5;OXA-48	aac(6')-Ib'.v1;aadA*;aph(3')-VI;armA;strA.v1;strB.v1	qnrB19^;qnrS1	tet(A).v1	sul1;sul2	3	2
SRR32699223	Klebsiella quasipneumoniae subsp. similipneumoniae	ST1584	-	-	-	-	-	-	-	0	0
SRR32699232	Klebsiella variicola subsp. variicola	ST1209-3LV	-	-	-	-	-	-	-	0	0
SRR32699239	Klebsiella pneumoniae	ST3248	OXA-1;TEM-1D.v1^	CTX-M-15	-	aac(3)-IIa.v1^;aac(6')-Ib-cr.v2;strA.v1^;strB.v1	qnrB1.v2^	tet(A).v1	sul2	0	1
SRR32699242	Klebsiella pneumoniae	ST15	OXA-1;SCO-1;TEM-1D.v1^	CTX-M-15	-	aac(3)-IIa.v1;aac(6')-Ib-cr.v2;aadA^;strA.v1*;strB.v1*	qnrB2.v1^	tet(D)	sul2	1	1
SRR32699246	Klebsiella pneumoniae	ST399	-	-	-	-	-	-	-	0	0
SRR32699254	Klebsiella pneumoniae	ST223-1LV	-	-	-	-	-	-	-	0	0
SRR32699262	Klebsiella pneumoniae	ST395	-	CTX-M-15	NDM-5;OXA-232	aac(6')-Ib;aadA2^;rmtF	-	-	sul1	4	2
SRR32756570	Klebsiella pneumoniae	ST1569	-	-	NDM-7	-	-	-	-	0	2
SRR32858292	Klebsiella pneumoniae	ST14	-	CTX-M-15	KPC-3	aac(6')-Ib'.v1	qnrB1.v2^	-	-	1	2
SRR32870847	Klebsiella pneumoniae	ST101	OXA-1;TEM-1D.v1^	CTX-M-15	OXA-48	aac(3)-IId^;aac(6')-Ib-cr.v2;aph3-Ia.v1^;strA.v1*;strB.v1*	qnrS1	tet(D)	sul2	1	2
SRR32952283	Klebsiella pneumoniae	ST2237	DHA-1	-	KPC-2	aac(3)-IId^;armA	qnrB4	-	sul1	4	2
SRR33017200	Klebsiella pneumoniae	ST25-1LV	TEM-1D.v1^	CTX-M-15	-	aac(3)-IIa.v1^;aac(6')-Ib-cr.v2;strA.v1^;strB.v1	qnrB19^	-	sul2	1	1
SRR33017950	Klebsiella pneumoniae	ST15-1LV	-	CTX-M-15	-	aadA2^	-	-	-	1	1
SRR33018470	Klebsiella variicola subsp. variicola	ST616	SCO-1	OXA-15*;TEM-71^	IMP-28*	aac(3)-IIa.v1;aac(6')-Ib4;aadA*;aph(3')-Ia;sat-2;strA.v1;strB.v1	-	tet(D)	sul1;sul2	0	2
SRR33018566	Klebsiella pneumoniae	ST11	DHA-1;OXA-1;OXA-9.v1;TEM-1D.v1^	CTX-M-15	NDM-1	aac(6')-Ib-cr.v2^;aadA*;aadA2;aph(3')-VI	qnrB4;qnrS1	-	sul1;sul1	1	2
SRR33018599	Klebsiella pneumoniae	ST3181	OXA-1;OXA-10	CTX-M-15	NDM-5	aac(6')-Ib-cr.v2;aac(6')-Il;aadA5;aph3-Ia.v1^	qnrS1	-	sul1	0	2
SRR33018760	Klebsiella pneumoniae	ST383	TEM-1	CTX-M-14^;CTX-M-15	NDM-5;OXA-48	aac(6')-Ib'.v1;aadA*;aph(3')-VI;aph3-Ia.v1^;armA;strA.v1;strB.v1	qnrS1	tet(A).v1	sul1;sul2	4	2
SRR33047842	Klebsiella pneumoniae	ST20	TEM-1D.v1^	-	NDM-1	aac(3)-IId^;armA	-	-	sul1	0	2
SRR3305477	Klebsiella pneumoniae	ST422	TEM-1D.v1^	-	VIM-1	aac(6')-Il;aadA1.v1^;ant(2'')-Ia	qnrA1	tet(D)	sul1;sul1	0	2
SRR33066119	Klebsiella pneumoniae	ST152	-	CTX-M-15	NDM-1	aac(3)-IId^;aadA2^;armA	-	-	sul1	1	3
SRR33092427	Klebsiella pneumoniae	ST258-1LV	OXA-9.v1;TEM-1D.v1^	-	KPC-3	aac(6')-Ib'.v1;strA.v1*;strB.v1	-	-	sul2	2	3
SRR33121884	Klebsiella pneumoniae	ST45	TEM-1D.v1^	CTX-M-15	NDM-5	aac(3)-IIa.v1^;aph(3')-VI;strA.v1^;strB.v1	qnrB1.v2^;qnrS1	tet(A).v1^	sul1;sul2	4	2
SRR33123725	Klebsiella pneumoniae	ST661	-	CTX-M-15	NDM-1	aac(3)-IId^;aac(6')-Ib-cr.v2;aadA16*;aph3-Ia.v1;strA.v1^;strB.v1	-	-	sul1;sul2	1	2
SRR33141640	Klebsiella pneumoniae	ST25-1LV	OXA-10;TEM-1D.v1^	CTX-M-15;CTX-M-2	-	aac(6')-Ib-cr.v2;aadA*;aadA2^;armA;strA.v1^;strB.v1	qnrB19^	-	sul2	1	1
SRR33141679	Klebsiella pneumoniae	ST25	OXA-1;OXA-10;TEM-1D.v1^	CTX-M-2	-	aac(3)-IIa.v1^;aac(6')-Ib-cr.v2;aadA*;strB.v1	qnrB1.v2^;qnrB19^	tet(A).v1	sul1;sul2	1	1
SRR33141694	Klebsiella pneumoniae	ST25-1LV	OXA-10;TEM-1D.v1^	CTX-M-15;CTX-M-2	-	aac(3)-IIa.v1^;aadA*;strA.v1^;strB.v1	qnrB19^	-	sul2	1	1
SRR33141794	Klebsiella pneumoniae	ST25-1LV	OXA-10;TEM-1D.v1^	CTX-M-15;CTX-M-2	-	aac(3)-IIa.v1^;aac(6')-Ib-cr.v2;aadA*;strA.v1^;strB.v1	qnrB19^	-	sul2	1	1
SRR33150704	Klebsiella pneumoniae	ST1189	TEM-1D.v1^	-	KPC-3;NDM-5	aac(6')-Ib'.v1*;aadA*	qnrB19^	-	-	0	2
SRR33212864	Klebsiella pneumoniae	ST383	TEM-1	CTX-M-14^;CTX-M-15	NDM-5;OXA-48	aac(6')-Ib'.v1;aadA*;aph(3')-VI;aph3-Ia.v1^;armA;strA.v1	qnrS1	tet(A).v1	sul1;sul2	4	2
SRR33212875	Klebsiella pneumoniae	ST147-1LV	OXA-1;OXA-9.v1;TEM-1D.v1^	CTX-M-15	NDM-1	aac(6')-Ib-cr.v2;aadA*;aph(3')-VI	qnrS1	-	-	1	2
SRR33212883	Klebsiella pneumoniae	ST54	OXA-9.v1;TEM-1D.v1^	-	KPC-3	aac(6')-Ib'.v1*;aadA*;strA.v1^;strB.v1	-	-	sul2	0	2
SRR33212894	Klebsiella pneumoniae	ST299	OXA-9.v1;TEM-1D.v1^	-	KPC-3^	aac(6')-Ib'.v1*;aadA*;strA.v1^;strB.v1	-	-	sul2	0	2
SRR33214709	Klebsiella pneumoniae	ST219	TEM-1	CTX-M-15	NDM-5	aadA2^;aph(3')-VI;aph3-Ia.v1^;strA.v1*;strB.v1*	qnrB1.v2^;qnrS1	tet(A).v1	sul1;sul2	4	2
SRR33233306	Klebsiella pneumoniae	ST499	TEM-1D.v1^	-	KPC-3	-	qnrS1	-	-	0	2
SRR3465532	Klebsiella pneumoniae	ST505	-	-	-	-	-	-	-	0	0
SRR4140126	Klebsiella quasipneumoniae subsp. quasipneumoniae	ST3909	-	-	-	-	-	-	-	0	0
SRR4140161	Klebsiella quasipneumoniae subsp. quasipneumoniae	ST3910	-	-	-	-	-	-	-	0	0
SRR4140238	Klebsiella quasipneumoniae subsp. quasipneumoniae	ST3910	-	-	-	-	-	-	-	0	0
SRR4191410	Klebsiella pneumoniae	ST1043	CARB-2.v1^	-	NDM-1	aadA2;ant(2'')-Ia;strA.v1;strB.v1	qnrA1	-	sul1?	0	2
SRR4198691	Klebsiella pneumoniae	ST868	-	-	KPC-3	aac(6')-Ib'.v1;aadA2^;aph3-Ia.v1^	-	-	sul1	0	2
SRR4198718	Klebsiella pneumoniae	ST258	OXA-2;TEM-1D.v1^	CTX-M-2	-	aac(3)-IIa.v1;aadA2^	-	-	sul1;sul1;sul2	0	1
SRR4198750	Klebsiella pneumoniae	ST512	-	-	KPC-3	aac(6')-Ib'.v1;aadA2^;aph3-Ia.v1^	-	-	sul1	0	2
SRR4245474	Klebsiella pneumoniae	ST38	OXA-10	SHV-12	-	aadA*	qnrB4	-	sul1;sul2	0	1
SRR4302095	Klebsiella pneumoniae	ST323	OXA-1	CTX-M-15	KPC-2	aac(3)-IIa.v1^;aac(6')-Ib-cr.v2;strA.v1^;strB.v1	qnrB1.v2^	tet(A).v1	sul2	0	2
SRR4302118	Klebsiella quasipneumoniae subsp. similipneumoniae	ST841-1LV	OXA-1	CTX-M-15	KPC-2	aac(3)-IIa.v1*;aac(6')-Ib-cr.v2;aadA*	qnrB1.v2^	tet(A).v1	sul1*	0	2
SRR4302152	Klebsiella quasipneumoniae subsp. similipneumoniae	ST929-3LV	-	-	KPC-2	-	-	-	-	0	2
SRR4302193	Klebsiella pneumoniae	ST34	OXA-1;TEM-1D.v1^	CTX-M-15	NDM-1	aac(3)-IIa.v1^;aac(6')-Ib-cr.v2;strA.v1^;strB.v1	qnrB1.v2^;qnrB32.v1*?	tet(A).v1	sul2	0	2
SRR4302218	Klebsiella pneumoniae	ST3072	-	-	NDM-1	-	-	-	-	0	2
SRR4414011	Klebsiella pneumoniae	ST340	-	-	KPC-3	aac(3)-IV;aadA2;aadA^;aph(4)-Ia*;aph3-Ia.v1^	qnrS1	-	sul1;sul3	0	2
SRR4414021	Klebsiella variicola subsp. variicola	ST3528	-	-	-	-	-	-	-	1	0
SRR5047014	Klebsiella pneumoniae	ST321	-	-	KPC-2	-	-	-	-	0	2
SRR5082335	Klebsiella pneumoniae	ST1345-2LV	-	-	-	-	-	-	-	0	0
SRR5082341	Klebsiella pneumoniae	ST661	-	-	-	-	-	-	-	0	0
SRR5082363	Klebsiella pneumoniae	ST60	-	-	-	-	-	-	-	1	0
SRR5082381	Klebsiella pneumoniae	ST828	-	-	-	-	-	-	-	4	0
SRR5082446	Klebsiella pneumoniae	ST323	OXA-1;TEM-1D.v1^	CTX-M-15	-	aac(6')-Ib-cr.v2;strA.v1^;strB.v1	qnrB1.v2^	tet(A).v1	sul2	0	1
SRR5082448	Klebsiella variicola subsp. variicola	ST641	-	-	-	-	-	-	-	0	0
SRR5082454	Klebsiella pneumoniae	ST323	OXA-1;TEM-1D.v1^	CTX-M-15	-	aac(6')-Ib-cr.v2;strA.v1^;strB.v1	qnrB1.v2^	tet(A).v1	sul2	0	1
SRR5082465	Klebsiella pneumoniae	ST792	-	-	-	-	-	-	-	2	0
SRR5082471	Klebsiella pneumoniae	ST792	-	-	-	-	-	-	-	2	0
SRR5082489	Klebsiella pneumoniae	ST1464	-	-	-	-	-	-	-	0	0
SRR5132451	Klebsiella pneumoniae	ST493	-	-	-	-	-	-	-	1	0
SRR5270314	Klebsiella pneumoniae	ST370	-	SHV-12	-	-	-	-	-	0	1
SRR5385409	Klebsiella pneumoniae	ST258	OXA-1	CTX-M-15	-	aadA2^	-	tet(A).v1	sul1	2	1
SRR5385416	Klebsiella pneumoniae	ST258	OXA-1	CTX-M-15;SHV-12^	-	aadA2^	-	tet(A).v1	sul1	2	1
SRR5385456	Klebsiella pneumoniae	ST392	OXA-1;TEM-1D.v1^	CTX-M-15	-	aac(3)-IIa.v1^;aac(6')-Ib-cr.v2;strA.v1^;strB.v1	qnrB1.v2^	-	sul2	0	1
SRR5385498	Klebsiella pneumoniae	ST16	OXA-1	CTX-M-15	-	aac(6')-Ib-cr.v2;aadA2^;aph3-Ia.v1^	-	tet(A).v1	sul1	0	1
SRR5385634	Klebsiella pneumoniae	ST307-2LV	-	CTX-M-15	-	strA.v1*;strB.v1*	-	-	sul2	0	1
SRR5385644	Klebsiella pneumoniae	ST13-3LV	OXA-1;TEM-1D.v1^	CTX-M-15;SHV-5	-	aac(6')-Ib-cr.v2;aadA*;aadA2^;aph3-Ia.v1^;sat-2	-	tet(A).v1	sul1	2	1
SRR5385670	Klebsiella pneumoniae	ST462	OXA-1;TEM-1D.v1^	CTX-M-15	-	aac(6')-Ib-cr.v2;strA.v1^;strB.v1	qnrB1.v2^	tet(A).v1	sul2	0	1
SRR5385708	Klebsiella pneumoniae	ST14-2LV	TEM-1D.v1^	CTX-M-15	-	aac(3)-IId^;strA.v1;strB.v1	qnrB1.v1	-	sul2	0	1
SRR5385709	Klebsiella pneumoniae	ST462	LAP-2	CTX-M-14	-	aac(3)-IId^;strA.v1^;strB.v1	qnrS1	tet(A).v1;tet(D)	sul1;sul2	0	1
SRR5385743	Klebsiella pneumoniae	ST1440	OXA-1	CTX-M-15	-	aac(6')-Ib-cr.v2;aadA^	-	tet(D)	sul1	0	1
SRR5385745	Klebsiella pneumoniae	ST1440	OXA-1	CTX-M-15	-	aac(6')-Ib-cr.v2;aadA^	-	tet(D)	sul1	0	1
SRR5385755	Klebsiella pneumoniae	ST307-2LV	-	CTX-M-15	-	-	-	-	-	0	1
SRR5385798	Klebsiella pneumoniae	ST1427	-	SHV-7^	-	ant(2'')-Ia	qnrS1	-	-	0	1
SRR5385806	Klebsiella pneumoniae	ST429	TEM-1D.v1^	-	KPC-2	-	-	-	-	0	2
SRR5385823	Klebsiella pneumoniae	ST280	OXA-1;TEM-1D.v1^	CTX-M-15	-	aac(3)-IIa.v1^;aac(6')-Ib-cr.v2;strA.v1^;strB.v1	qnrB1.v2^	tet(A).v1	sul2	0	1
SRR5385845	Klebsiella pneumoniae	ST280	OXA-1;TEM-1D.v1^	CTX-M-15	-	aac(3)-IIa.v1^;aac(6')-Ib-cr.v2;strA.v1^;strB.v1	qnrB1.v2^	tet(A).v1;tet(J)*	sul2	0	1
SRR5385878	Klebsiella pneumoniae	ST3578	-	-	-	-	-	-	-	0	0
SRR5385889	Klebsiella pneumoniae	ST258	-	-	-	aac(6')-Ib'.v1;aadA2^;aph3-Ia.v1^	-	-	sul1*	2	0
SRR5385895	Klebsiella pneumoniae	ST258	OXA-1	CTX-M-15	-	aac(6')-Ib'.v1;aadA2^	-	tet(A).v1	sul1	2	1
SRR5385933	Klebsiella pneumoniae	ST307	-	CTX-M-15	KPC-2	aac(3)-IIa.v1	-	-	-	0	2
SRR5385937	Klebsiella pneumoniae	ST16	OXA-1	CTX-M-15	-	aac(6')-Ib-cr.v2;aadA2^;aph3-Ia.v1^	-	tet(A).v1	sul1	0	1
SRR5385948	Klebsiella pneumoniae	ST307-1LV	-	CTX-M-15	KPC-2	aac(3)-IIa.v1	-	-	-	0	3
SRR5385997	Klebsiella pneumoniae	ST323	DHA-9*;OXA-1;TEM-1D.v1^	CTX-M-15	KPC-2	aac(3)-IIa.v1^;aac(6')-Ib-cr.v2;aadA5;strA.v1^;strB.v1	qnrB1.v2^;qnrD1	tet(A).v1	sul1;sul2	0	2
SRR5386122	Klebsiella pneumoniae	ST258	-	SHV-12	-	aac(6')-Ib'.v1;aadA2^;aph3-Ia.v1^	-	-	sul1	0	1
SRR5386143	Klebsiella pneumoniae	ST29	OXA-1;TEM-1D.v1^	CTX-M-15	-	aac(6')-Ib-cr.v2;strA.v1^;strB.v1	qnrB1.v2^	tet(A).v1	sul2	0	1
SRR5386146	Klebsiella pneumoniae	ST13	OXA-1	CTX-M-15;SHV-5	-	aac(6')-Ib-cr.v2;aadA2^;aph3-Ia.v1^	-	tet(D)	sul1	2	1
SRR5386155	Klebsiella pneumoniae	ST1694	-	SHV-12	-	-	-	-	sul1?	0	1
SRR5386187	Klebsiella pneumoniae	ST258	-	SHV-12	KPC-2	aac(6')-Ib'.v1;aadA2^;aph3-Ia.v1^	-	-	sul1	0	2
SRR5386230	Klebsiella pneumoniae	ST884	LAP-2;TEM-1D.v1^	CTX-M-14	-	strA.v1^;strB.v1	qnrS1	tet(A).v1	sul1;sul2	0	1
SRR5386297	Klebsiella pneumoniae	ST884	LAP-2;TEM-1D.v1^	CTX-M-14	-	strA.v1^;strB.v1	qnrS1	tet(A).v1	sul1;sul2	0	1
SRR5386347	Klebsiella pneumoniae	ST321	-	CTX-M-15	-	-	-	-	-	0	1
SRR5386421	Klebsiella pneumoniae	ST258	-	SHV-12	KPC-2	aadA2^;aph3-Ia.v1^	-	-	sul1	0	2
SRR5386422	Klebsiella pneumoniae	ST258	-	SHV-12	-	aac(3)-IV;aadA2^;aadA^;aph(4)-Ia;aph3-Ia.v1^	-	-	sul1;sul3	2	1
SRR5386486	Klebsiella pneumoniae	ST307	TEM-1D.v1^	CTX-M-15	-	strA.v1*;strB.v1*	-	-	sul2	0	1
SRR5386496	Klebsiella pneumoniae	ST429	TEM-1D.v1^	-	KPC-2	-	-	-	-	0	2
SRR5386518	Klebsiella pneumoniae	ST307-1LV	-	CTX-M-15	-	aadA2^	-	-	sul1	0	1
SRR5386529	Klebsiella pneumoniae	ST258	-	-	-	aadA2^	-	-	sul1	0	0
SRR5386535	Klebsiella pneumoniae	ST16	OXA-1;TEM-1D.v1^	CTX-M-15	-	aac(3)-IIa.v1;aac(6')-Ib-cr.v2	qnrB1.v2^	tet(A).v1	-	0	1
SRR5386574	Klebsiella pneumoniae	ST280	OXA-1;TEM-1D.v1^	CTX-M-15	-	aac(3)-IIa.v1^;aac(6')-Ib-cr.v2;strA.v1^;strB.v1	qnrB1.v2^	tet(A).v1	sul2	0	1
SRR5386580	Klebsiella pneumoniae	ST307	-	CTX-M-15	-	aac(3)-IIa.v1;aac(6')-Ib'.v1;strA.v1*;strB.v1*	-	tet(D)	sul2	0	1
SRR5386634	Klebsiella pneumoniae	ST280	OXA-1;TEM-1D.v1^	CTX-M-15	-	aac(3)-IIa.v1^;aac(6')-Ib-cr.v2;strA.v1^;strB.v1	qnrB1.v2^	tet(A).v1	sul2	0	1
SRR5386647	Klebsiella pneumoniae	ST551	OXA-1;TEM-1D.v1^	CTX-M-15	-	aac(3)-IIa.v1^;aac(6')-Ib-cr.v2;strA.v1^;strB.v1	qnrB1.v2^	tet(A).v1	sul2	0	1
SRR5386655	Klebsiella pneumoniae	ST307	-	CTX-M-15	-	-	-	-	-	0	1
SRR5386689	Klebsiella pneumoniae	ST37	CMY-4.v1;OXA-1	CTX-M-15	OXA-48	aac(6')-IIa.v2;aadA2*;armA;rmtF;strA.v1^;strB.v1	qnrB1.v1	tet(A).v2^	sul1;sul2^	0	2
SRR5386690	Klebsiella variicola subsp. variicola	ST906	OXA-1;OXA-9.v1;TEM-1D.v1^	CTX-M-15	NDM-1	aadA*;strA.v1;strB.v1	qnrB1.v2^	-	-	0	2
SRR5386708	Klebsiella pneumoniae	ST412	TEM-1D.v1^	-	KPC-2	-	-	-	-	0	2
SRR5386724	Klebsiella pneumoniae	ST874	-	CTX-M-15	-	aadA^	-	tet(D)	sul1	0	1
SRR5386766	Klebsiella pneumoniae	ST134	-	SHV-12	-	-	qnrB17^	-	sul1;sul1	0	1
SRR5386767	Klebsiella variicola subsp. variicola	ST355-3LV	TEM-1D.v1^	-	KPC-2	-	-	-	-	0	2
SRR5386814	Klebsiella pneumoniae	ST280	OXA-1;TEM-1D.v1^	CTX-M-15	-	aac(3)-IIa.v1^;aac(6')-Ib-cr.v2;strA.v1^;strB.v1	qnrB1.v2^	tet(A).v1	sul2	0	1
SRR5386850	Klebsiella pneumoniae	ST307	TEM-1D.v1^	CTX-M-15	-	aac(3)-IIa.v1	-	-	-	0	1
SRR5387203	Klebsiella pneumoniae	ST307-1LV	-	CTX-M-15	KPC-2	aac(3)-IIa.v1	-	-	-	0	2
SRR5387222	Klebsiella pneumoniae	ST307-1LV	-	CTX-M-15	KPC-2	aac(3)-IIa.v1	-	-	-	0	2
SRR5387240	Klebsiella pneumoniae	ST17	-	-	-	-	qnrB17^	-	sul1	0	0
SRR5387251	Klebsiella pneumoniae	ST147	OXA-1;TEM-1D.v1^	CTX-M-15	-	aac(3)-IIa.v1^;aac(6')-Ib-cr.v2;aph3-Ia.v1^;strA.v1^;strB.v1	qnrB1.v2^	tet(A).v1	sul2	0	1
SRR5387267	Klebsiella pneumoniae	ST106-1LV	-	-	-	-	-	-	-	1	0
SRR5387322	Klebsiella pneumoniae	ST405	OXA-1;TEM-1D.v1^	CTX-M-15	-	aac(6')-Ib-cr.v2;strA.v1^;strB.v1	qnrB1.v2^	tet(A).v1	sul2	1	1
SRR5387369	Klebsiella pneumoniae	ST1758	-	-	-	aadA2^	-	tet(A).v1	sul1	0	0
SRR5387417	Klebsiella pneumoniae	ST437	TEM-1D.v1^;TEM-1D.v1^	-	-	aac(3)-IId^;strA.v1^;strB.v1	qnrB1.v1	tet(D)	sul1;sul2	0	0
SRR5467436	Klebsiella pneumoniae	ST258	-	-	-	aac(3)-IV;aac(6')-Ib'.v1;aadA2;aadA^;aph(4)-Ia;strA.v1;strB.v1	qnrS1	tet(A).v1*	sul3	0	0
SRR5513570	Klebsiella pneumoniae	ST420	TEM-1D.v1^	CTX-M-15	-	aac(3)-IIa.v1	-	-	-	0	1
SRR5513573	Klebsiella pneumoniae	ST12	OXA-1	CTX-M-15	-	aac(3)-IIa.v1^;aac(6')-Ib-cr.v2;aadA^;strB.v1	qnrS1	tet(A).v1	sul1;sul2	0	1
SRR5513575	Klebsiella pneumoniae	ST1373	-	-	-	-	-	-	-	0	0
SRR5632266	Klebsiella pneumoniae	ST2174	TEM-1D.v1^	-	-	aph3-Ia.v1^;strA.v1^;strB.v1	-	tet(A).v1	sul2*	3	0
SRR5632320	Klebsiella pneumoniae	ST377	OXA-1	CTX-M-15	OXA-244	aac(3)-IIa.v1^;aac(6')-Ib-cr.v2;aph(3')-VIa*	-	-	-	3	2
SRR5757708	Klebsiella pneumoniae	ST405-3LV	-	-	-	strA.v1^	-	-	sul2*	0	0
SRR5799721	Klebsiella quasipneumoniae subsp. similipneumoniae	ST477	-	-	-	-	-	-	-	0	0
SRR5810503	Klebsiella pneumoniae	ST2158	TEM-1D.v1^	CTX-M-3	-	aac(6')-Ib-cr.v2*;aadA5	qnrS1	-	sul1	0	1
SRR5862477	Klebsiella pneumoniae	ST30	TEM-1D.v1^	CTX-M-15	-	strA.v1;strB.v1	qnrS1	tet(D)	sul2	0	1
SRR5884866	Klebsiella pneumoniae	ST152	CARB-2.v1^;OXA-1;TEM-1D.v1	CTX-M-15	KPC-2	aac(3)-IIa.v1^;aac(6')-33;aac(6')-Ib-cr.v2;aadA1.v1^;aadA16*;ant(2'')-Ia;aph3-Ia.v1^;strA.v1^;strB.v1	qnrB6^	tet(D)	sul1;sul1;sul2	1	2
SRR5893958	Klebsiella pneumoniae	ST2358	LAP-2	SHV-2	-	aac(3)-IId^;aadA2^;aph3-Ia.v1^;strA.v1;strB.v1	qnrS1	-	sul1	0	1
SRR5893979	Klebsiella pneumoniae	ST37	DHA-1;OXA-1	CTX-M-15	-	aac(3)-IId^;aac(3)-IV;aac(6')-Ib-cr.v2^;aadA^;aph(3')-Ia;aph(4)-Ia;armA;strA.v1^;strB.v1	qnrB4	tet(A).v1	sul1;sul2;sul3	0	1
SRR5931353	Klebsiella pneumoniae	ST258	-	-	-	-	-	-	-	0	0
SRR5951456	Klebsiella quasipneumoniae subsp. similipneumoniae	ST2542	-	SHV-12	VIM-1	aac(6')-Ib4^;aadA1.v1^;aphA15	qnrS1	-	sul1	0	3
SRR5973241	Klebsiella pneumoniae	ST393	-	-	-	ant(2'')-Ia	qnrS1	-	-	1	0
SRR5973243	Klebsiella pneumoniae	ST1662-1LV	OXA-1;TEM-1D.v1^	CTX-M-15	-	aac(3)-IIa.v1^;aac(6')-Ib-cr.v2;strA.v1^;strB.v1	qnrB1.v2^	tet(A).v1	sul2	0	1
SRR5973251	Klebsiella pneumoniae	ST1426	OXA-1;TEM-1D.v1^	CTX-M-15	-	aac(3)-IIa.v1^;aac(6')-Ib-cr.v2;strA.v1^;strB.v1	qnrB1.v2^	tet(A).v1	sul2	0	1
SRR5973290	Klebsiella pneumoniae	ST1017	OXA-1;TEM-1D.v1^	CTX-M-15	-	aac(3)-IIa.v1^;aac(6')-Ib-cr.v2;strA.v1^;strB.v1	qnrB1.v2^	tet(A).v1	sul2	0	1
SRR5973293	Klebsiella pneumoniae	ST418	OXA-1	CTX-M-15	-	aadA2^	-	-	sul1	2	1
SRR5973335	Klebsiella pneumoniae	ST70	OXA-1	CTX-M-15	-	aac(6')-Ib-cr.v2;aadA2^	-	-	sul1	0	1
SRR5973393	Klebsiella pneumoniae	ST405	OXA-1;TEM-1D.v1^	CTX-M-15	-	aac(3)-IIa.v1^;aac(6')-Ib-cr.v2;strA.v1^;strB.v1	qnrB1.v2^	tet(A).v1	sul2	1	1
SRR5973398	Klebsiella pneumoniae	ST1662-1LV	OXA-1;TEM-1D.v1^	CTX-M-15	-	aac(3)-IIa.v1^;aac(6')-Ib-cr.v2;strA.v1^;strB.v1	qnrB1.v2^	-	sul2	0	1
SRR5973403	Klebsiella pneumoniae	ST37	-	-	-	aadA2	-	tet(D)	sul1;sul2	0	0
SRR5973407	Klebsiella pneumoniae	ST466	-	-	-	-	-	-	-	1	0
SRR5973409	Klebsiella pneumoniae	ST36	-	-	-	strA.v1;strB.v1	-	tet(B).v2*	-	0	0
SRR5973410	Klebsiella pneumoniae	ST200	-	-	-	-	-	-	-	0	0
SRR6037659	Klebsiella pneumoniae	ST17	TEM-1D.v1^	-	KPC-2;VIM-1	aac(6')-Il;aadA1.v1^;aph(3')-Ia	-	-	sul1	1	2
SRR6061974	Klebsiella quasipneumoniae subsp. similipneumoniae	ST138	OXA-9.v1;TEM-1D.v1^	-	KPC-2	aac(6')-Ib'.v1*;aadA*	-	-	sul1	0	2
SRR6061984	Klebsiella pneumoniae	ST295-1LV	-	-	KPC-3	ant(2'')-Ia	qnrA1	-	sul1;sul1	1	2
SRR6061988	Klebsiella pneumoniae	ST27	-	-	KPC-3	-	-	-	-	0	2
SRR6128496	Klebsiella quasipneumoniae subsp. quasipneumoniae	ST196	OXA-9.v1;TEM-1D.v1^	-	KPC-2	aac(6')-Ib'.v1*;aadA*;ant(2'')-Ia	qnrA1	-	sul1;sul1	0	2
SRR6128572	Klebsiella quasipneumoniae subsp. quasipneumoniae	ST196	-	-	KPC-3	ant(2'')-Ia	qnrA1	-	sul1	0	2
SRR6164076	Klebsiella pneumoniae	ST327	TEM-1D.v1^	CTX-M-15	KPC-2	aac(3)-IIa.v1;aac(6')-Ib-cr.v2;aadA16*	qnrB6^	tet(A).v1;tet(D)	sul1;sul2	0	2
SRR6474853	Klebsiella pneumoniae	ST86	TEM-1D.v1^	CTX-M-27	KPC-2	rmtB	-	tet(A).v1;tet(G).v1	-	1	2
SRR6474864	Klebsiella pneumoniae	ST86	TEM-1D.v1^	CTX-M-27	KPC-2	rmtB	-	tet(A).v1;tet(G).v1	-	4	2
SRR6478756	Klebsiella pneumoniae	ST1303	-	-	-	aadA4.v1*?	-	-	-	0	0
SRR6478763	Klebsiella pneumoniae	ST101	OXA-9.v1;TEM-1D.v1^	CTX-M-14^	OXA-48	aac(3)-IIa.v1;aac(6')-Ib'.v1*;aadA*;aph(3')-VI*;strA.v1;strA.v1;strB.v1	-	-	-	1	2
SRR6505371	Klebsiella pneumoniae	ST66-1LV	-	-	-	-	-	-	-	5	0
SRR6505387	Klebsiella pneumoniae	ST273	OXA-1;TEM-1D.v1^	CTX-M-15	-	aac(3)-IIa.v1^;aac(6')-Ib-cr.v2;strA.v1^;strB.v1	qnrB1.v2^	tet(A).v1	sul2	1	1
SRR6514140	Klebsiella pneumoniae	ST252	-	-	KPC-2	strA.v1^;strB.v1	-	-	sul2	0	3
SRR6656630	Klebsiella pneumoniae	ST15-1LV	-	-	KPC-2*;NDM-1	aac(6')-Ib'.v1;aadA*	-	-	-	0	2
SRR6686521	Klebsiella pneumoniae	ST16	OXA-1	-	KPC-3	aac(6')-Ib-cr.v2	-	-	-	0	2
SRR6686523	Klebsiella pneumoniae	ST309	-	-	-	-	-	-	-	0	0
SRR6701900	Klebsiella pneumoniae	ST1805	-	-	-	-	-	-	-	0	0
SRR6702192	Klebsiella pneumoniae	ST3753	-	-	-	-	-	-	-	0	0
SRR6793845	Klebsiella pneumoniae	ST48	DHA-1;OXA-1;TEM-1D.v1^	CTX-M-15	IMP-26	aac(3)-IIa.v1^	qnrB4	tet(A).v1	sul1	1	2
SRR6845000	Klebsiella pneumoniae	ST3359	OXA-9.v1;TEM-1D.v1^	-	KPC-3	aac(6')-Ib'.v1;aadA*;aadA2^;strA.v1^;strB.v1	-	-	sul1;sul2	0	2
SRR6852561	Klebsiella pneumoniae	ST485	-	CTX-M-14	-	aac(3)-IId^	-	-	-	0	1
SRR6892711	Klebsiella pneumoniae	ST340	OXA-1;TEM-1D.v1^	CTX-M-15	-	aac(3)-IV;aac(6')-Ib-cr.v2;aadA2^;aadA^;aph(4)-Ia	-	tet(A).v1^	sul1;sul3	0	1
SRR6892783	Klebsiella pneumoniae	ST17	-	-	KPC-3	-	qnrS1	-	-	0	2
SRR6892796	Klebsiella pneumoniae	ST258-1LV	ACT-27*;CMY-2.v2*?	CTX-M-15	KPC-2	aac(3)-IV;aac(6')-Ib'.v1;aadA2;aadA5;aadA^;aph(3')-Ia*?;aph(4)-Ia;strA.v1;strB.v1	qnrB2.v1^	-	sul1;sul2	0	3
SRR6958739	Klebsiella pneumoniae	ST2867	-	-	NDM-5	aac(3)-IId^;aac(6')-Ib-cr.v2^;aadA2*;aadA5;strA.v1;strB.v1	-	tet(A).v1;tetM.v1*	sul1;sul2	0	2
SRR6958751	Klebsiella pneumoniae	ST1	-	-	NDM-1	-	-	-	-	0	2
SRR6958753	Klebsiella pneumoniae	ST54	DHA-1	CTX-M-14	IMP-4	aadA5	qnrB4	-	sul1	0	2
SRR6958756	Klebsiella pneumoniae	ST490	TEM-1D.v1^	CTX-M-3	IMP-4	aac(3)-IId^;aac(6')-Ib-cr.v2*;armA;strA.v1*;strB.v1*	qnrS1	-	sul1;sul2	0	2
SRR6958786	Klebsiella variicola subsp. variicola	ST1142	-	CTX-M-15	KPC-2	aac(6')-Ib-cr.v2;aadA16*	qnrS1	-	sul1	0	2
SRR6958794	Klebsiella pneumoniae	ST36	-	-	KPC-2	aac(3)-IId^;aac(6')-Ib-cr.v2;aadA16*;aph3-Ia.v1;strA.v1^;strB.v1	qnrS1	tet(A).v2	sul1;sul2*	5	2
SRR6958798	Klebsiella pneumoniae	ST1	DHA-1;LAP-2;OXA-1;TEM-1D.v1^	-	NDM-1	aac(3)-IId^;aac(6')-Ib-cr.v2^;aph3-Ia.v1^;strA.v1^;strB.v1	qnrS1	tet(A).v1?	sul1;sul1;sul2	0	2
SRR6958822	Klebsiella pneumoniae	ST1	TEM-1D.v1^	-	NDM-1	aac(3)-IId^;aac(6')-Ib-cr.v2;aadA16*;aph3-Ia.v1;strA.v1^;strB.v1	-	tet(A).v1	sul1;sul2	0	3
SRR6985677	Klebsiella pneumoniae	ST512	-	-	KPC-3	aac(6')-Ib'.v1;aadA2;aph3-Ia.v1^	-	-	sul1	0	2
SRR7012042	Klebsiella pneumoniae	ST292	TEM-1D.v1^	CTX-M-3	-	aac(3)-IId^;aac(6')-Ib-cr.v2;aadA16*;aph3-Ia.v1;strA.v1^;strB.v1	qnrS1	tet(A).v2	sul1;sul2*	0	1
SRR7042838	Klebsiella pneumoniae	ST65	-	-	-	-	-	-	-	5	0
SRR7049922	Klebsiella pneumoniae	ST101	-	CTX-M-15	OXA-48	aac(3)-IIa.v1^;aac(6')-Ib-cr.v2	-	tet(D)	-	1	2
SRR7152497	Klebsiella pneumoniae	ST395	OXA-1;TEM-1D.v1^	CTX-M-15	OXA-48	aac(6')-Ib-cr.v2	qnrS1	tet(A).v1	sul1	1	2
SRR7160681	Klebsiella quasipneumoniae subsp. similipneumoniae	ST138	TEM-1D.v1^	-	KPC-2	-	-	-	sul1	0	2
SRR7160684	Klebsiella pneumoniae	ST37	TEM-1D.v1^	SHV-12	KPC-3	aac(6')-Ib'.v1;aadA*;aadA2^;ant(2'')-Ia	-	-	sul1	1	2
SRR7160687	Klebsiella quasipneumoniae subsp. quasipneumoniae	ST196	OXA-2*;OXA-9.v1;TEM-1D.v1^	SHV-30*	KPC-3	aac(6')-Ib'.v1*;aadA*;ant(2'')-Ia;strA.v1^;strB.v1*	qnrA1	-	sul1;sul1	0	2
SRR7160689	Klebsiella pneumoniae	ST1640	OXA-9.v1;TEM-1D.v1^	-	KPC-2	aac(6')-Ib'.v1*;aadA*	-	-	sul1	0	2
SRR7160700	Klebsiella quasipneumoniae subsp. quasipneumoniae	ST196	TEM-1D.v1^	-	KPC-3	ant(2'')-Ia	qnrA1	-	sul1;sul1	0	2
SRR7540323	Klebsiella pneumoniae	ST11	LAP-2;TEM-1D.v1^	CTX-M-65	KPC-2	aac(3)-IId^;aadA2;rmtB	qnrS1	tet(A).v1	-	1	2
SRR7588831	Klebsiella pneumoniae	ST2763	-	-	-	-	-	-	-	0	0
SRR7588833	Klebsiella quasipneumoniae subsp. quasipneumoniae	ST2782	-	-	-	-	-	-	-	0	0
SRR7588834	Klebsiella quasipneumoniae subsp. quasipneumoniae	ST2218	-	-	-	-	-	-	-	0	0
SRR7588842	Klebsiella pneumoniae	ST2777-1LV	TEM-1D.v1^	-	-	strA.v1;strB.v1	-	tet(B).v2*	-	0	0
SRR7588845	Klebsiella quasipneumoniae subsp. quasipneumoniae	ST526	-	-	-	-	-	-	-	0	0
SRR7828649	Klebsiella pneumoniae	ST219	-	CTX-M-15	-	aadA2^;aph3-Ia.v1^;strA.v1*;strB.v1*	qnrS1	tet(A).v1	sul1;sul2	1	1
SRR7828734	Klebsiella pneumoniae	ST8-2LV	TEM-1D.v1^	CTX-M-3	-	aac(6')-Ib-cr.v2;aadA16*	qnrB6^	tet(A).v1	sul1^;sul1^	1	1
SRR7828804	Klebsiella pneumoniae	ST218	TEM-1D.v1^	CTX-M-15	-	strA.v1^;strB.v1	qnrB1.v2^	-	sul2	4	1
SRR7867325	Klebsiella pneumoniae	ST76	OXA-1;TEM-1D.v1^	CTX-M-15	KPC-2	aac(3)-IIa.v1^;aac(6')-Ib-cr.v2;strA.v1^;strB.v1	qnrB1.v2^	-	sul2	1	2
SRR7867327	Klebsiella pneumoniae	ST76	OXA-1;TEM-1D.v1^	CTX-M-15	KPC-2	aac(3)-IIa.v1^;aac(6')-Ib-cr.v2;strA.v1^;strB.v1	qnrB1.v2^	-	sul2	1	2
SRR7899104	Klebsiella pneumoniae	ST152	-	-	-	-	-	-	-	0	0
SRR7899105	Klebsiella pneumoniae	ST152	-	-	-	-	-	-	-	0	0
SRR7899106	Klebsiella pneumoniae	ST152	-	-	-	-	-	-	-	0	0
SRR8054601	Klebsiella pneumoniae	ST273-1LV	OXA-9.v1;TEM-1D.v1^	-	KPC-3	aac(6')-Ib'.v1;aadA*	qnrS1	-	-	1	2
SRR8054604	Klebsiella quasipneumoniae subsp. similipneumoniae	ST1308	TEM-1D.v1^	-	-	-	-	tet(D)	sul2	0	0
SRR8071938	Klebsiella pneumoniae	ST299	OXA-2^;OXA-9.v1;TEM-1D.v1^	-	KPC-3	aac(6')-Ib'.v1*;aadA*;aadA5*;ant(2'')-Ia*;strA.v1^;strB.v1	-	-	sul1;sul2	0	3
SRR8071940	Klebsiella pneumoniae	ST327	OXA-1;TEM-1D.v1^	CTX-M-15	-	aac(3)-IId^;aadA*	-	-	sul2	1	1
SRR8071964	Klebsiella pneumoniae	ST17	OXA-1	-	KPC-2	aac(3)-IIa.v1^;aac(6')-Ib-cr.v2	qnrB1.v2^	tet(A).v1	-	1	3
SRR8072004	Klebsiella pneumoniae	ST392	OXA-1	CTX-M-15	KPC-2	aac(3)-IIa.v1^	qnrB1.v2^	tet(A).v1	-	0	3
SRR8174920	Klebsiella pneumoniae	ST661	TEM-1D.v1^	CTX-M-15	-	aac(3)-IId^	-	-	sul2	0	1
SRR8174928	Klebsiella pneumoniae	ST313	TEM-1D.v1^	CTX-M-15;SHV-111* +174S	-	aac(3)-IId^	-	-	sul2	0	1
SRR8174945	Klebsiella pneumoniae	ST3437	TEM-1D.v1^	CTX-M-15	-	aac(3)-IId^	-	-	sul2	0	1
SRR8174965	Klebsiella pneumoniae	ST2940	TEM-1D.v1^	CTX-M-15	-	aac(3)-IId^	-	-	sul2	0	1
SRR8174985	Klebsiella pneumoniae	ST1552	-	CTX-M-15	-	-	-	-	sul2	0	1
SRR8175016	Klebsiella pneumoniae	ST1726	TEM-1D.v1^	CTX-M-15	-	aac(3)-IId^	-	-	sul2	1	1
SRR8199270	Klebsiella pneumoniae	ST405	OXA-1;TEM-1D.v1^	CTX-M-15	-	aac(3)-IIa.v1^;aac(6')-Ib-cr.v2;strA.v1^;strB.v1	qnrB1.v2^	tet(A).v1	sul2	1	1
SRR8199272	Klebsiella pneumoniae	ST1438	OXA-1;TEM-1D.v1^	CTX-M-15	-	aac(3)-IIa.v1^;aac(6')-Ib-cr.v2;strA.v1^;strB.v1	qnrB1.v2^	-	sul2	0	1
SRR8199305	Klebsiella pneumoniae	ST716	LAP-2	CTX-M-14	-	-	qnrS1	tet(A).v1	sul1	1	1
SRR8199530	Klebsiella pneumoniae	ST299-1LV	-	-	-	-	-	-	-	2	0
SRR8241387	Klebsiella pneumoniae	ST2632	-	CTX-M-3	-	aac(3)-IId^;aadA5	-	tet(D)	sul1	0	1
SRR8268431	Klebsiella pneumoniae	ST307	-	CTX-M-15	OXA-181	aac(3)-IIa.v1^;aac(6')-Ib-cr.v2;strA.v1^;strB.v1	qnrB1.v2^;qnrS1	tet(A).v1	sul2	0	2
SRR8268486	Klebsiella pneumoniae	ST307	OXA-1;TEM-1D.v1^	CTX-M-15	OXA-181	aac(3)-IIa.v1^;aac(6')-Ib-cr.v2;strA.v1^;strB.v1	qnrB1.v2^;qnrS1	tet(A).v1	sul2	0	2
SRR8286486	Klebsiella pneumoniae	ST21-3LV	TEM-1D.v1^	CTX-M-14	IMP-26;KPC-2	aac(3)-IId^;aadA2;rmtB;strA.v1;strB.v1	qnrS1	tet(A).v1	sul2	1	3
SRR8286506	Klebsiella pneumoniae	ST182	LAP-2;TEM-1D.v1^	-	NDM-1	aac(3)-IId^;aadA2^;strA.v1*;strB.v1*	qnrS1	tet(A).v1	sul1;sul2	0	2
SRR8286511	Klebsiella pneumoniae	ST34	-	-	NDM-1	-	qnrS1	-	-	0	2
SRR8286531	Klebsiella pneumoniae	ST161-1LV	-	CTX-M-3	KPC-2;NDM-9	aac(3)-IId^;aac(6')-Ib-cr.v2;aadA*;aadA16*;aph(3')-IIa*;rmtB;strA.v1^;strB.v1	qnrS1	tet(A).v1?	sul1;sul2*	0	3
SRR8452414	Klebsiella pneumoniae	ST323	OXA-1	CTX-M-15	-	aac(3)-IIa.v1^;aac(6')-Ib-cr.v2;aadA^;sat-2	qnrB1.v2^	tet(A).v1	sul2	0	1
SRR8452420	Klebsiella pneumoniae	ST433	OXA-1*;TEM-1D.v1^	CTX-M-15	-	aac(3)-IIa.v1^;aac(6')-Ib-cr.v2;strA.v1^;strB.v1	qnrB1.v2^	tet(A).v1	sul2	0	1
SRR8452436	Klebsiella pneumoniae	ST433	OXA-1*;TEM-1D.v1^	CTX-M-15	-	aac(3)-IIa.v1^;aac(6')-Ib-cr.v2;strA.v1^;strB.v1	qnrB1.v2^	tet(A).v1	sul2	0	1
SRR8452452	Klebsiella pneumoniae	ST323	OXA-1;TEM-1D.v1^	CTX-M-15	-	aac(3)-IIa.v1^;aac(6')-Ib-cr.v2;strA.v1^;strB.v1	-	tet(A).v1	sul2	0	1
SRR8476222	Klebsiella pneumoniae	ST512	-	-	KPC-3	aac(6')-Ib'.v1;aadA2^;aph3-Ia.v1^	-	-	sul1	0	2
SRR8581239	Klebsiella pneumoniae	ST874	OXA-1	CTX-M-15	NDM-1	aac(6')-Ib-cr.v2;aph(3')-VI;aph3-Ia.v1^;armA	qnrS1	-	sul2	3	2
SRR8603247	Klebsiella pneumoniae	ST11	DHA-1	SHV-12	-	aadA2;armA;strA.v1;strB.v1	-	-	sul1	2	1
SRR8610356	Klebsiella pneumoniae	ST1741	-	CTX-M-15	-	-	qnrS1	-	-	1	1
SRR8613919	Klebsiella pneumoniae	ST2570	LAP-2;TEM-1D.v1^	CTX-M-14	-	strA.v1^;strB.v1	qnrS1	tet(A).v1	sul1;sul2	0	1
SRR8651545	Klebsiella pneumoniae	ST3559	OXA-1;TEM-1D.v1^	CTX-M-15	OXA-48	aac(3)-IIa.v1^;aac(6')-Ib-cr.v2;aadA*;strA.v1^;strB.v1	qnrB1.v2^;qnrS1	tet(A).v1;tet(D)	sul1^;sul2	0	2
SRR8668707	Klebsiella pneumoniae	ST23	TEM-1D.v1^	-	KPC-2	-	-	-	-	5	2
SRR8738404	Klebsiella pneumoniae	ST242-1LV	-	-	-	-	-	-	-	0	0
SRR8738476	Klebsiella pneumoniae	ST629	-	-	-	-	-	-	-	0	0
SRR8738483	Klebsiella pneumoniae	ST3580-3LV	-	-	-	-	-	-	-	0	0
SRR8767495	Klebsiella pneumoniae	ST678	TEM-1D.v1^	-	IMP-4	aac(3)-IId^;aac(6')-Ib4	qnrB2.v1^	-	sul1	0	2
SRR8767525	Klebsiella pneumoniae	ST636	TEM-1D.v1^	-	IMP-4	aac(3)-IId^;aac(6')-Ib4	qnrB2.v1^	-	sul1;sul1	1	2
SRR8916461	Klebsiella pneumoniae	ST16	OXA-9.v1;TEM-1D.v1^	CTX-M-15	NDM-1;OXA-232	aac(6')-Ib'.v1;aadA*;aadA2^	-	tet(B).v2*	sul1	1	2
SRR8984901	Klebsiella variicola subsp. variicola	ST208	-	-	-	-	-	-	-	1	0
SRR9062549	Klebsiella pneumoniae	ST258	TEM-1D.v1^	-	KPC-2	aac(6')-Ib'.v1;aadA2^;aph3-Ia.v1^	-	-	sul1	1	2
SRR9122678	Klebsiella pneumoniae	ST231	TEM-1D.v1^	CTX-M-15	-	aac(6')-Ib;aadA2^;rmtF	qnrS1	-	sul1	4	1
SRR9122681	Klebsiella pneumoniae	ST101	-	CTX-M-14^;CTX-M-15	OXA-48	aac(3)-IIa.v1^;aadA2;aadA^;aph(3')-VI*;strA.v1;strA.v1	-	-	sul3	1	3
SRR9140926	Klebsiella pneumoniae	ST709	OXA-1	-	OXA-48	aac(6')-Ib-cr.v2;armA	-	-	sul1	3	3
SRR9208902	Klebsiella pneumoniae	ST23	OXA-1;TEM-1D.v1^	CTX-M-15	OXA-48	aac(6')-Ib-cr.v2^;armA;strA.v1^;strB.v1	qnrB1.v2^	tet(A).v1	sul1;sul2	5	2
SRR9209164	Klebsiella pneumoniae	ST1165	-	-	-	aadA2	-	-	sul1;sul2	0	0
SRR9209175	Klebsiella pneumoniae	ST1165	-	-	-	aadA2	-	-	sul1;sul2	0	0
SRR9217758	Klebsiella pneumoniae	ST323	OXA-1;TEM-1D.v1^	CTX-M-15	KPC-2	aac(3)-IIa.v1^;aac(6')-Ib-cr.v2;strA.v1^;strB.v1	qnrB1.v2^	tet(A).v1	sul2	0	2
SRR9217766	Klebsiella pneumoniae	ST17	TEM-1D.v1^	-	KPC-2	aadA2^	-	-	-	0	2
SRR9217770	Klebsiella pneumoniae	ST20	OXA-1;TEM-1D.v1^	-	KPC-2	aac(3)-IIa.v1^;aac(6')-Ib-cr.v2;aadA16*	qnrB6^	tet(A).v1	sul1^;sul1^	0	3
SRR9217774	Klebsiella pneumoniae	ST76-2LV	TEM-1D.v1^	-	KPC-2	-	-	-	-	0	2
SRR9217781	Klebsiella pneumoniae	ST323	OXA-1;TEM-1D.v1^	-	KPC-2	aac(6')-Ib-cr.v2	qnrB1.v2^	tet(A).v1	-	0	2
SRR9217801	Klebsiella pneumoniae	ST742	TEM-1D.v1^	-	KPC-2	-	-	-	-	0	2
SRR9217805	Klebsiella pneumoniae	ST323	TEM-1D.v1^	CTX-M-15	KPC-2	strA.v1^;strB.v1	qnrB1.v2^	tet(A).v1	sul2	0	2
SRR9217807	Klebsiella pneumoniae	ST23	OXA-1;TEM-1D.v1^	-	KPC-2	aac(6')-Ib-cr.v2	-	-	-	5	2
SRR9217852	Klebsiella pneumoniae	ST273	OXA-1;TEM-1D.v1^	CTX-M-15	KPC-2	aac(3)-IIa.v1^;aac(6')-Ib-cr.v2;strA.v1^;strB.v1	qnrB1.v2^;qnrS1	tet(A).v1	sul2	0	2
SRR9217855	Klebsiella pneumoniae	ST231	OXA-1;TEM-1D.v1^	CTX-M-15	KPC-2	aac(3)-IIa.v1^;aac(6')-Ib-cr.v2	qnrS1	-	-	1	2
SRR9217871	Klebsiella pneumoniae	ST893	-	CTX-M-15	KPC-2	aac(6')-Ib-cr.v2;aadA16*	qnrB6^	tet(A).v1	sul1	4	2
SRR9217883	Klebsiella pneumoniae	ST134	-	-	KPC-2	-	-	-	-	0	2
SRR9217884	Klebsiella pneumoniae	ST65	-	-	KPC-2	-	-	-	-	5	2
SRR9218215	Klebsiella pneumoniae	ST23	CMY-4.v1;TEM-1D.v1^	CTX-M-15	OXA-232	armA;rmtF;strA.v1^;strB.v1	qnrB1.v1	-	sul1;sul2	4	2
SRR9333752	Klebsiella quasipneumoniae subsp. similipneumoniae	ST2275	-	-	OXA-204	-	-	-	-	0	2
SRR9620539	Klebsiella pneumoniae	ST3	-	-	-	-	-	-	-	2	0
SRR9620544	Klebsiella pneumoniae	ST3	-	-	-	-	-	-	-	2	0
SRR9620551	Klebsiella pneumoniae	ST3	-	-	-	-	-	-	-	2	0
SRR9620559	Klebsiella pneumoniae	ST3	-	-	-	-	-	-	-	2	0
SRR9620562	Klebsiella pneumoniae	ST3	-	-	-	-	-	-	-	2	0
SRR9620570	Klebsiella pneumoniae	ST3	-	-	-	-	-	-	-	2	0
SRR9620573	Klebsiella pneumoniae	ST3	-	-	-	-	-	-	-	2	0
SRR9620574	Klebsiella pneumoniae	ST3	-	-	-	-	-	-	-	2	0
SRR9620576	Klebsiella pneumoniae	ST3	-	-	-	-	-	-	-	2	0
SRR9620581	Klebsiella pneumoniae	ST3	-	-	-	-	-	-	-	2	0
SRR9637612	Klebsiella pneumoniae	ST3586	-	-	-	-	-	-	-	0	0
SRR9637626	Klebsiella pneumoniae	ST3586	-	-	-	-	-	-	sul1	0	0
SRR9647558	Klebsiella pneumoniae	ST515	OXA-1;TEM-1D.v1^	CTX-M-15	-	aac(3)-IIa.v1^;aac(6')-Ib-cr.v2;strA.v1^;strB.v1	qnrB1.v2^	tet(A).v1	sul2	0	1
SRR9647687	Klebsiella pneumoniae	ST1207	OXA-1	CTX-M-15	-	aac(3)-IIa.v1^;aac(6')-Ib-cr.v2;strA.v1^;strB.v1	qnrB1.v2^	tet(A).v1	sul2	1	1
SRR9734532	Klebsiella pneumoniae	ST39	-	-	KPC-2	-	-	tet(D)	-	1	2
SRR9734549	Klebsiella pneumoniae	ST340	OXA-1;OXA-2^	CTX-M-15	VIM-5	aac(6')-Ib-cr.v2^;aadA2^;aph3-Ia.v1^	qnrA1^	-	sul1?	0	2
SRR9734552	Klebsiella pneumoniae	ST147	TEM-1D.v1^	-	KPC-3	-	-	-	-	0	2
SRR9734617	Klebsiella pneumoniae	ST359	TEM-1D.v1^	-	IMP-4	aac(6')-Ib4;aph(3')-Ia;strA.v1^;strB.v1	qnrA1^	-	sul1;sul1;sul2	0	2
SRR9734733	Klebsiella pneumoniae	ST323	-	-	IMP-4	aac(3)-IId^;aac(6')-Ib4;aph(3')-Ia	qnrA1^	-	sul1;sul2	0	2
SRR9734762	Klebsiella pneumoniae	ST258	TEM-104*?	SHV-12	KPC-2	aac(6')-Ib'.v1;aadA2^;aph3-Ia.v1^	-	-	sul1	1	2
SRR9734799	Klebsiella pneumoniae	ST478	OXA-1;TEM-1D.v1^	CTX-M-15	IMP-4	aac(3)-IId^;aac(6')-Ib4;strA.v1^;strB.v1	qnrB1.v2^	-	sul1;sul2	0	2
SRR9734841	Klebsiella variicola subsp. variicola	ST1478-1LV	-	CTX-M-15	OXA-48	aac(3)-IIa.v1^;aadA5	-	-	sul1	0	2
SRR9734858	Klebsiella pneumoniae	ST231	TEM-1D.v1^	-	OXA-232	aac(6')-Ib;aadA2^	qnrS1	-	sul1	4	2
SRR9734863	Klebsiella pneumoniae	ST16	OXA-1;TEM-1D.v1^	CTX-M-15	NDM-5;OXA-232	aac(6')-Ib;aadA2^;aadA5;rmtB	-	tet(B).v2*	sul1	1	2
SRR9858674	Klebsiella pneumoniae	ST258-1LV	-	SHV-7^	KPC-2	aac(6')-Ib'.v1	-	-	sul1	0	2
SRR9858715	Klebsiella pneumoniae	ST392	OXA-1	CTX-M-15	KPC-2	aac(3)-IIa.v1^	qnrB1.v2^	tet(A).v1	-	0	2
SRR9858758	Klebsiella pneumoniae	ST36	TEM-1D.v1^	-	KPC-3	-	-	-	sul1*	0	2
SRR9858841	Klebsiella pneumoniae	ST3359	OXA-9.v1;TEM-1D.v1^	-	KPC-3	aac(6')-Ib'.v1;aadA*;aph3-Ia.v1^;strA.v1^;strB.v1	-	-	sul1;sul2	2	2
SRR9858855	Klebsiella pneumoniae	ST35	TEM-1D.v1^	-	KPC-2	aac(6')-Ib'.v1	-	-	-	0	2
SRR9858860	Klebsiella pneumoniae	ST502-1LV	OXA-9.v1;TEM-1D.v1^	-	KPC-3	aac(6')-Ib'.v1;aadA*;strB.v1	-	-	sul2	1	2
SRR9858866	Klebsiella pneumoniae	ST1481	-	-	KPC-2	aac(3)-IV;aac(6')-Ib'.v1;aadA2;aadA^;aph(4)-Ia	-	-	sul1;sul3	0	2
SRR9858901	Klebsiella pneumoniae	ST502-1LV	OXA-9.v1;TEM-1D.v1^	-	KPC-3	aac(6')-Ib'.v1;aadA*;strB.v1	-	-	sul2	1	2
SRR9858905	Klebsiella pneumoniae	ST3359	OXA-9.v1;TEM-150*?	-	KPC-3	aac(6')-Ib'.v1;aadA*;strA.v1^;strB.v1	-	-	sul1;sul2	0	2
SRR9858910	Klebsiella pneumoniae	ST258-1LV	-	SHV-7^	KPC-2	aac(6')-Ib'.v1	-	-	sul1	0	2
SRR9858919	Klebsiella pneumoniae	ST17	OXA-1;TEM-1D.v1^	CTX-M-15	-	aac(3)-IIa.v1^;aac(6')-Ib-cr.v2;strA.v1^;strB.v1	qnrB1.v2^	tet(A).v1	sul2	1	1
SRR9858926	Klebsiella pneumoniae	ST3359	OXA-9.v1;TEM-150*?	-	KPC-3	aac(6')-Ib'.v1;strA.v1^;strB.v1	-	-	sul1;sul2	0	3
SRR9858949	Klebsiella pneumoniae	ST1481	-	-	KPC-2	aac(3)-IV;aac(6')-Ib'.v1;aadA^;aph(4)-Ia	-	-	sul1;sul3	0	2
