accession	layout	r1_url	r2_url	biosample	read_count	stratum
DRR170691	PAIRED	https://ftp.sra.ebi.ac.uk/vol1/fastq/DRR170/DRR170691/DRR170691_1.fastq.gz	https://ftp.sra.ebi.ac.uk/vol1/fastq/DRR170/DRR170691/DRR170691_2.fastq.gz	SAMD00164374	3087273	u
DRR170699	PAIRED	https://ftp.sra.ebi.ac.uk/vol1/fastq/DRR170/DRR170699/DRR170699_1.fastq.gz	https://ftp.sra.ebi.ac.uk/vol1/fastq/DRR170/DRR170699/DRR170699_2.fastq.gz	SAMD00164378	2512379	u
ERR017169	PAIRED	https://ftp.sra.ebi.ac.uk/vol1/fastq/ERR017/ERR017169/ERR017169_1.fastq.gz	https://ftp.sra.ebi.ac.uk/vol1/fastq/ERR017/ERR017169/ERR017169_2.fastq.gz	SAMEA734677	1061720	r
ERR017171	PAIRED	https://ftp.sra.ebi.ac.uk/vol1/fastq/ERR017/ERR017171/ERR017171_1.fastq.gz	https://ftp.sra.ebi.ac.uk/vol1/fastq/ERR017/ERR017171/ERR017171_2.fastq.gz	SAMEA734757	1041497	r
ERR017173	PAIRED	https://ftp.sra.ebi.ac.uk/vol1/fastq/ERR017/ERR017173/ERR017173_1.fastq.gz	https://ftp.sra.ebi.ac.uk/vol1/fastq/ERR017/ERR017173/ERR017173_2.fastq.gz	SAMEA734681	992769	r
ERR017178	PAIRED	https://ftp.sra.ebi.ac.uk/vol1/fastq/ERR017/ERR017178/ERR017178_1.fastq.gz	https://ftp.sra.ebi.ac.uk/vol1/fastq/ERR017/ERR017178/ERR017178_2.fastq.gz	SAMEA734678	1403108	r
ERR017181	PAIRED	https://ftp.sra.ebi.ac.uk/vol1/fastq/ERR017/ERR017181/ERR017181_1.fastq.gz	https://ftp.sra.ebi.ac.uk/vol1/fastq/ERR017/ERR017181/ERR017181_2.fastq.gz	SAMEA734758	782684	r
ERR017187	PAIRED	https://ftp.sra.ebi.ac.uk/vol1/fastq/ERR017/ERR017187/ERR017187_1.fastq.gz	https://ftp.sra.ebi.ac.uk/vol1/fastq/ERR017/ERR017187/ERR017187_2.fastq.gz	SAMEA734756	601951	r
ERR017190	PAIRED	https://ftp.sra.ebi.ac.uk/vol1/fastq/ERR017/ERR017190/ERR017190_1.fastq.gz	https://ftp.sra.ebi.ac.uk/vol1/fastq/ERR017/ERR017190/ERR017190_2.fastq.gz	SAMEA734753	927332	s
ERR017193	PAIRED	https://ftp.sra.ebi.ac.uk/vol1/fastq/ERR017/ERR017193/ERR017193_1.fastq.gz	https://ftp.sra.ebi.ac.uk/vol1/fastq/ERR017/ERR017193/ERR017193_2.fastq.gz	SAMEA734730	751776	r
ERR017197	PAIRED	https://ftp.sra.ebi.ac.uk/vol1/fastq/ERR017/ERR017197/ERR017197_1.fastq.gz	https://ftp.sra.ebi.ac.uk/vol1/fastq/ERR017/ERR017197/ERR017197_2.fastq.gz	SAMEA734793	709157	r
ERR017199	PAIRED	https://ftp.sra.ebi.ac.uk/vol1/fastq/ERR017/ERR017199/ERR017199_1.fastq.gz	https://ftp.sra.ebi.ac.uk/vol1/fastq/ERR017/ERR017199/ERR017199_2.fastq.gz	SAMEA734724	1644343	r
ERR017200	PAIRED	https://ftp.sra.ebi.ac.uk/vol1/fastq/ERR017/ERR017200/ERR017200_1.fastq.gz	https://ftp.sra.ebi.ac.uk/vol1/fastq/ERR017/ERR017200/ERR017200_2.fastq.gz	SAMEA734733	1264178	r
ERR017201	PAIRED	https://ftp.sra.ebi.ac.uk/vol1/fastq/ERR017/ERR017201/ERR017201_1.fastq.gz	https://ftp.sra.ebi.ac.uk/vol1/fastq/ERR017/ERR017201/ERR017201_2.fastq.gz	SAMEA734734	1319027	r
ERR017207	PAIRED	https://ftp.sra.ebi.ac.uk/vol1/fastq/ERR017/ERR017207/ERR017207_1.fastq.gz	https://ftp.sra.ebi.ac.uk/vol1/fastq/ERR017/ERR017207/ERR017207_2.fastq.gz	SAMEA734773	1092176	r
ERR017208	PAIRED	https://ftp.sra.ebi.ac.uk/vol1/fastq/ERR017/ERR017208/ERR017208_1.fastq.gz	https://ftp.sra.ebi.ac.uk/vol1/fastq/ERR017/ERR017208/ERR017208_2.fastq.gz	SAMEA734774	725740	r
ERR017209	PAIRED	https://ftp.sra.ebi.ac.uk/vol1/fastq/ERR017/ERR017209/ERR017209_1.fastq.gz	https://ftp.sra.ebi.ac.uk/vol1/fastq/ERR017/ERR017209/ERR017209_2.fastq.gz	SAMEA734771	754864	r
ERR017210	PAIRED	https://ftp.sra.ebi.ac.uk/vol1/fastq/ERR017/ERR017210/ERR017210_1.fastq.gz	https://ftp.sra.ebi.ac.uk/vol1/fastq/ERR017/ERR017210/ERR017210_2.fastq.gz	SAMEA734772	963441	r
ERR017211	PAIRED	https://ftp.sra.ebi.ac.uk/vol1/fastq/ERR017/ERR017211/ERR017211_1.fastq.gz	https://ftp.sra.ebi.ac.uk/vol1/fastq/ERR017/ERR017211/ERR017211_2.fastq.gz	SAMEA734800	1138992	r
ERR017214	PAIRED	https://ftp.sra.ebi.ac.uk/vol1/fastq/ERR017/ERR017214/ERR017214_1.fastq.gz	https://ftp.sra.ebi.ac.uk/vol1/fastq/ERR017/ERR017214/ERR017214_2.fastq.gz	SAMEA734795	1390321	r
ERR017217	PAIRED	https://ftp.sra.ebi.ac.uk/vol1/fastq/ERR017/ERR017217/ERR017217_1.fastq.gz	https://ftp.sra.ebi.ac.uk/vol1/fastq/ERR017/ERR017217/ERR017217_2.fastq.gz	SAMEA734776	660740	r
ERR017219	PAIRED	https://ftp.sra.ebi.ac.uk/vol1/fastq/ERR017/ERR017219/ERR017219_1.fastq.gz	https://ftp.sra.ebi.ac.uk/vol1/fastq/ERR017/ERR017219/ERR017219_2.fastq.gz	SAMEA734743	1642687	r
ERR017223	PAIRED	https://ftp.sra.ebi.ac.uk/vol1/fastq/ERR017/ERR017223/ERR017223_1.fastq.gz	https://ftp.sra.ebi.ac.uk/vol1/fastq/ERR017/ERR017223/ERR017223_2.fastq.gz	SAMEA734739	942645	s
ERR017225	PAIRED	https://ftp.sra.ebi.ac.uk/vol1/fastq/ERR017/ERR017225/ERR017225_1.fastq.gz	https://ftp.sra.ebi.ac.uk/vol1/fastq/ERR017/ERR017225/ERR017225_2.fastq.gz	SAMEA734780	1795431	r
ERR017226	PAIRED	https://ftp.sra.ebi.ac.uk/vol1/fastq/ERR017/ERR017226/ERR017226_1.fastq.gz	https://ftp.sra.ebi.ac.uk/vol1/fastq/ERR017/ERR017226/ERR017226_2.fastq.gz	SAMEA734777	1581825	r
ERR017231	PAIRED	https://ftp.sra.ebi.ac.uk/vol1/fastq/ERR017/ERR017231/ERR017231_1.fastq.gz	https://ftp.sra.ebi.ac.uk/vol1/fastq/ERR017/ERR017231/ERR017231_2.fastq.gz	SAMEA734768	695605	s
ERR017232	PAIRED	https://ftp.sra.ebi.ac.uk/vol1/fastq/ERR017/ERR017232/ERR017232_1.fastq.gz	https://ftp.sra.ebi.ac.uk/vol1/fastq/ERR017/ERR017232/ERR017232_2.fastq.gz	SAMEA734767	888576	r
ERR017241	PAIRED	https://ftp.sra.ebi.ac.uk/vol1/fastq/ERR017/ERR017241/ERR017241_1.fastq.gz	https://ftp.sra.ebi.ac.uk/vol1/fastq/ERR017/ERR017241/ERR017241_2.fastq.gz	SAMEA734765	979703	r
ERR017243	PAIRED	https://ftp.sra.ebi.ac.uk/vol1/fastq/ERR017/ERR017243/ERR017243_1.fastq.gz	https://ftp.sra.ebi.ac.uk/vol1/fastq/ERR017/ERR017243/ERR017243_2.fastq.gz	SAMEA734782	839642	r
ERR017244	PAIRED	https://ftp.sra.ebi.ac.uk/vol1/fastq/ERR017/ERR017244/ERR017244_1.fastq.gz	https://ftp.sra.ebi.ac.uk/vol1/fastq/ERR017/ERR017244/ERR017244_2.fastq.gz	SAMEA734783	776410	r
ERR017245	PAIRED	https://ftp.sra.ebi.ac.uk/vol1/fastq/ERR017/ERR017245/ERR017245_1.fastq.gz	https://ftp.sra.ebi.ac.uk/vol1/fastq/ERR017/ERR017245/ERR017245_2.fastq.gz	SAMEA734784	827775	r
ERR017247	PAIRED	https://ftp.sra.ebi.ac.uk/vol1/fastq/ERR017/ERR017247/ERR017247_1.fastq.gz	https://ftp.sra.ebi.ac.uk/vol1/fastq/ERR017/ERR017247/ERR017247_2.fastq.gz	SAMEA734786	1801309	r
ERR017249	PAIRED	https://ftp.sra.ebi.ac.uk/vol1/fastq/ERR017/ERR017249/ERR017249_1.fastq.gz	https://ftp.sra.ebi.ac.uk/vol1/fastq/ERR017/ERR017249/ERR017249_2.fastq.gz	SAMEA734788	5028109	r
ERR017250	PAIRED	https://ftp.sra.ebi.ac.uk/vol1/fastq/ERR017/ERR017250/ERR017250_1.fastq.gz	https://ftp.sra.ebi.ac.uk/vol1/fastq/ERR017/ERR017250/ERR017250_2.fastq.gz	SAMEA734770	1204476	r
ERR017253	PAIRED	https://ftp.sra.ebi.ac.uk/vol1/fastq/ERR017/ERR017253/ERR017253_1.fastq.gz	https://ftp.sra.ebi.ac.uk/vol1/fastq/ERR017/ERR017253/ERR017253_2.fastq.gz	SAMEA734781	4525482	r
ERR017260	PAIRED	https://ftp.sra.ebi.ac.uk/vol1/fastq/ERR017/ERR017260/ERR017260_1.fastq.gz	https://ftp.sra.ebi.ac.uk/vol1/fastq/ERR017/ERR017260/ERR017260_2.fastq.gz	SAMEA734688	1734448	s
ERR017261	PAIRED	https://ftp.sra.ebi.ac.uk/vol1/fastq/ERR017/ERR017261/ERR017261_1.fastq.gz	https://ftp.sra.ebi.ac.uk/vol1/fastq/ERR017/ERR017261/ERR017261_2.fastq.gz	SAMEA734687	1954964	r
ERR017262	PAIRED	https://ftp.sra.ebi.ac.uk/vol1/fastq/ERR017/ERR017262/ERR017262_1.fastq.gz	https://ftp.sra.ebi.ac.uk/vol1/fastq/ERR017/ERR017262/ERR017262_2.fastq.gz	SAMEA734686	1773888	r
ERR017263	PAIRED	https://ftp.sra.ebi.ac.uk/vol1/fastq/ERR017/ERR017263/ERR017263_1.fastq.gz	https://ftp.sra.ebi.ac.uk/vol1/fastq/ERR017/ERR017263/ERR017263_2.fastq.gz	SAMEA734789	942525	r
ERR017267	PAIRED	https://ftp.sra.ebi.ac.uk/vol1/fastq/ERR017/ERR017267/ERR017267_1.fastq.gz	https://ftp.sra.ebi.ac.uk/vol1/fastq/ERR017/ERR017267/ERR017267_2.fastq.gz	SAMEA734696	1564177	r
ERR017268	PAIRED	https://ftp.sra.ebi.ac.uk/vol1/fastq/ERR017/ERR017268/ERR017268_1.fastq.gz	https://ftp.sra.ebi.ac.uk/vol1/fastq/ERR017/ERR017268/ERR017268_2.fastq.gz	SAMEA734699	2892489	r
ERR017269	PAIRED	https://ftp.sra.ebi.ac.uk/vol1/fastq/ERR017/ERR017269/ERR017269_1.fastq.gz	https://ftp.sra.ebi.ac.uk/vol1/fastq/ERR017/ERR017269/ERR017269_2.fastq.gz	SAMEA734700	2113467	r
ERR017270	PAIRED	https://ftp.sra.ebi.ac.uk/vol1/fastq/ERR017/ERR017270/ERR017270_1.fastq.gz	https://ftp.sra.ebi.ac.uk/vol1/fastq/ERR017/ERR017270/ERR017270_2.fastq.gz	SAMEA734697	2788545	r
ERR017271	PAIRED	https://ftp.sra.ebi.ac.uk/vol1/fastq/ERR017/ERR017271/ERR017271_1.fastq.gz	https://ftp.sra.ebi.ac.uk/vol1/fastq/ERR017/ERR017271/ERR017271_2.fastq.gz	SAMEA734698	2707484	r
ERR017274	PAIRED	https://ftp.sra.ebi.ac.uk/vol1/fastq/ERR017/ERR017274/ERR017274_1.fastq.gz	https://ftp.sra.ebi.ac.uk/vol1/fastq/ERR017/ERR017274/ERR017274_2.fastq.gz	SAMEA734701	2281350	r
ERR017275	PAIRED	https://ftp.sra.ebi.ac.uk/vol1/fastq/ERR017/ERR017275/ERR017275_1.fastq.gz	https://ftp.sra.ebi.ac.uk/vol1/fastq/ERR017/ERR017275/ERR017275_2.fastq.gz	SAMEA734702	2171440	r
ERR017278	PAIRED	https://ftp.sra.ebi.ac.uk/vol1/fastq/ERR017/ERR017278/ERR017278_1.fastq.gz	https://ftp.sra.ebi.ac.uk/vol1/fastq/ERR017/ERR017278/ERR017278_2.fastq.gz	SAMEA734719	1105652	r
ERR017279	PAIRED	https://ftp.sra.ebi.ac.uk/vol1/fastq/ERR017/ERR017279/ERR017279_1.fastq.gz	https://ftp.sra.ebi.ac.uk/vol1/fastq/ERR017/ERR017279/ERR017279_2.fastq.gz	SAMEA734718	1048704	r
ERR017284	PAIRED	https://ftp.sra.ebi.ac.uk/vol1/fastq/ERR017/ERR017284/ERR017284_1.fastq.gz	https://ftp.sra.ebi.ac.uk/vol1/fastq/ERR017/ERR017284/ERR017284_2.fastq.gz	SAMEA734711	2389707	r
ERR017285	PAIRED	https://ftp.sra.ebi.ac.uk/vol1/fastq/ERR017/ERR017285/ERR017285_1.fastq.gz	https://ftp.sra.ebi.ac.uk/vol1/fastq/ERR017/ERR017285/ERR017285_2.fastq.gz	SAMEA734715	1566034	r
ERR017287	PAIRED	https://ftp.sra.ebi.ac.uk/vol1/fastq/ERR017/ERR017287/ERR017287_1.fastq.gz	https://ftp.sra.ebi.ac.uk/vol1/fastq/ERR017/ERR017287/ERR017287_2.fastq.gz	SAMEA734717	1183885	r
ERR017290	PAIRED	https://ftp.sra.ebi.ac.uk/vol1/fastq/ERR017/ERR017290/ERR017290_1.fastq.gz	https://ftp.sra.ebi.ac.uk/vol1/fastq/ERR017/ERR017290/ERR017290_2.fastq.gz	SAMEA734720	2393277	r
ERR017292	PAIRED	https://ftp.sra.ebi.ac.uk/vol1/fastq/ERR017/ERR017292/ERR017292_1.fastq.gz	https://ftp.sra.ebi.ac.uk/vol1/fastq/ERR017/ERR017292/ERR017292_2.fastq.gz	SAMEA734722	1668834	r
ERR017293	PAIRED	https://ftp.sra.ebi.ac.uk/vol1/fastq/ERR017/ERR017293/ERR017293_1.fastq.gz	https://ftp.sra.ebi.ac.uk/vol1/fastq/ERR017/ERR017293/ERR017293_2.fastq.gz	SAMEA734752	1949607	s
ERR017297	PAIRED	https://ftp.sra.ebi.ac.uk/vol1/fastq/ERR017/ERR017297/ERR017297_1.fastq.gz	https://ftp.sra.ebi.ac.uk/vol1/fastq/ERR017/ERR017297/ERR017297_2.fastq.gz	SAMEA734749	2538650	r
ERR017301	PAIRED	https://ftp.sra.ebi.ac.uk/vol1/fastq/ERR017/ERR017301/ERR017301_1.fastq.gz	https://ftp.sra.ebi.ac.uk/vol1/fastq/ERR017/ERR017301/ERR017301_2.fastq.gz	SAMEA734728	1004178	s
ERR024671	PAIRED	https://ftp.sra.ebi.ac.uk/vol1/fastq/ERR024/ERR024671/ERR024671_1.fastq.gz	https://ftp.sra.ebi.ac.uk/vol1/fastq/ERR024/ERR024671/ERR024671_2.fastq.gz	SAMEA862644	3124108	r
ERR024672	PAIRED	https://ftp.sra.ebi.ac.uk/vol1/fastq/ERR024/ERR024672/ERR024672_1.fastq.gz	https://ftp.sra.ebi.ac.uk/vol1/fastq/ERR024/ERR024672/ERR024672_2.fastq.gz	SAMEA862637	3011227	r
ERR024674	PAIRED	https://ftp.sra.ebi.ac.uk/vol1/fastq/ERR024/ERR024674/ERR024674_1.fastq.gz	https://ftp.sra.ebi.ac.uk/vol1/fastq/ERR024/ERR024674/ERR024674_2.fastq.gz	SAMEA862631	4281179	r
ERR024684	PAIRED	https://ftp.sra.ebi.ac.uk/vol1/fastq/ERR024/ERR024684/ERR024684_1.fastq.gz	https://ftp.sra.ebi.ac.uk/vol1/fastq/ERR024/ERR024684/ERR024684_2.fastq.gz	SAMEA862659	2829604	r
ERR024687	PAIRED	https://ftp.sra.ebi.ac.uk/vol1/fastq/ERR024/ERR024687/ERR024687_1.fastq.gz	https://ftp.sra.ebi.ac.uk/vol1/fastq/ERR024/ERR024687/ERR024687_2.fastq.gz	SAMEA862648	4150039	r
ERR024691	PAIRED	https://ftp.sra.ebi.ac.uk/vol1/fastq/ERR024/ERR024691/ERR024691_1.fastq.gz	https://ftp.sra.ebi.ac.uk/vol1/fastq/ERR024/ERR024691/ERR024691_2.fastq.gz	SAMEA862617	4802171	r
ERR024974	PAIRED	https://ftp.sra.ebi.ac.uk/vol1/fastq/ERR024/ERR024974/ERR024974_1.fastq.gz	https://ftp.sra.ebi.ac.uk/vol1/fastq/ERR024/ERR024974/ERR024974_2.fastq.gz	SAMEA862657	4054626	r
ERR024977	PAIRED	https://ftp.sra.ebi.ac.uk/vol1/fastq/ERR024/ERR024977/ERR024977_1.fastq.gz	https://ftp.sra.ebi.ac.uk/vol1/fastq/ERR024/ERR024977/ERR024977_2.fastq.gz	SAMEA862534	2208961	r
ERR026007	PAIRED	https://ftp.sra.ebi.ac.uk/vol1/fastq/ERR026/ERR026007/ERR026007_1.fastq.gz	https://ftp.sra.ebi.ac.uk/vol1/fastq/ERR026/ERR026007/ERR026007_2.fastq.gz	SAMEA862564	3346021	r
ERR026008	PAIRED	https://ftp.sra.ebi.ac.uk/vol1/fastq/ERR026/ERR026008/ERR026008_1.fastq.gz	https://ftp.sra.ebi.ac.uk/vol1/fastq/ERR026/ERR026008/ERR026008_2.fastq.gz	SAMEA862604	3014379	r
ERR026009	PAIRED	https://ftp.sra.ebi.ac.uk/vol1/fastq/ERR026/ERR026009/ERR026009_1.fastq.gz	https://ftp.sra.ebi.ac.uk/vol1/fastq/ERR026/ERR026009/ERR026009_2.fastq.gz	SAMEA862605	3034866	r
ERR026010	PAIRED	https://ftp.sra.ebi.ac.uk/vol1/fastq/ERR026/ERR026010/ERR026010_1.fastq.gz	https://ftp.sra.ebi.ac.uk/vol1/fastq/ERR026/ERR026010/ERR026010_2.fastq.gz	SAMEA862602	2653237	r
ERR026011	PAIRED	https://ftp.sra.ebi.ac.uk/vol1/fastq/ERR026/ERR026011/ERR026011_1.fastq.gz	https://ftp.sra.ebi.ac.uk/vol1/fastq/ERR026/ERR026011/ERR026011_2.fastq.gz	SAMEA862603	834380	r
ERR026649	PAIRED	https://ftp.sra.ebi.ac.uk/vol1/fastq/ERR026/ERR026649/ERR026649_1.fastq.gz	https://ftp.sra.ebi.ac.uk/vol1/fastq/ERR026/ERR026649/ERR026649_2.fastq.gz	SAMEA862583	5068400	r
ERR026652	PAIRED	https://ftp.sra.ebi.ac.uk/vol1/fastq/ERR026/ERR026652/ERR026652_1.fastq.gz	https://ftp.sra.ebi.ac.uk/vol1/fastq/ERR026/ERR026652/ERR026652_2.fastq.gz	SAMEA862577	3216273	r
ERR026662	PAIRED	https://ftp.sra.ebi.ac.uk/vol1/fastq/ERR026/ERR026662/ERR026662_1.fastq.gz	https://ftp.sra.ebi.ac.uk/vol1/fastq/ERR026/ERR026662/ERR026662_2.fastq.gz	SAMEA862541	2085934	r
ERR026665	PAIRED	https://ftp.sra.ebi.ac.uk/vol1/fastq/ERR026/ERR026665/ERR026665_1.fastq.gz	https://ftp.sra.ebi.ac.uk/vol1/fastq/ERR026/ERR026665/ERR026665_2.fastq.gz	SAMEA862558	1273469	r
ERR026667	PAIRED	https://ftp.sra.ebi.ac.uk/vol1/fastq/ERR026/ERR026667/ERR026667_1.fastq.gz	https://ftp.sra.ebi.ac.uk/vol1/fastq/ERR026/ERR026667/ERR026667_2.fastq.gz	SAMEA862559	1621613	r
ERR026688	PAIRED	https://ftp.sra.ebi.ac.uk/vol1/fastq/ERR026/ERR026688/ERR026688_1.fastq.gz	https://ftp.sra.ebi.ac.uk/vol1/fastq/ERR026/ERR026688/ERR026688_2.fastq.gz	SAMEA862569	3777483	r
ERR026705	PAIRED	https://ftp.sra.ebi.ac.uk/vol1/fastq/ERR026/ERR026705/ERR026705_1.fastq.gz	https://ftp.sra.ebi.ac.uk/vol1/fastq/ERR026/ERR026705/ERR026705_2.fastq.gz	SAMEA862618	2965834	r
ERR026707	PAIRED	https://ftp.sra.ebi.ac.uk/vol1/fastq/ERR026/ERR026707/ERR026707_1.fastq.gz	https://ftp.sra.ebi.ac.uk/vol1/fastq/ERR026/ERR026707/ERR026707_2.fastq.gz	SAMEA862624	2093505	r
ERR026709	PAIRED	https://ftp.sra.ebi.ac.uk/vol1/fastq/ERR026/ERR026709/ERR026709_1.fastq.gz	https://ftp.sra.ebi.ac.uk/vol1/fastq/ERR026/ERR026709/ERR026709_2.fastq.gz	SAMEA862622	2450885	r
ERR026710	PAIRED	https://ftp.sra.ebi.ac.uk/vol1/fastq/ERR026/ERR026710/ERR026710_1.fastq.gz	https://ftp.sra.ebi.ac.uk/vol1/fastq/ERR026/ERR026710/ERR026710_2.fastq.gz	SAMEA862627	2370458	r
ERR029342	PAIRED	https://ftp.sra.ebi.ac.uk/vol1/fastq/ERR029/ERR029342/ERR029342_1.fastq.gz	https://ftp.sra.ebi.ac.uk/vol1/fastq/ERR029/ERR029342/ERR029342_2.fastq.gz	SAMEA800387	3437820	u
ERR029343	PAIRED	https://ftp.sra.ebi.ac.uk/vol1/fastq/ERR029/ERR029343/ERR029343_1.fastq.gz	https://ftp.sra.ebi.ac.uk/vol1/fastq/ERR029/ERR029343/ERR029343_2.fastq.gz	SAMEA800313	3590564	u
ERR029344	PAIRED	https://ftp.sra.ebi.ac.uk/vol1/fastq/ERR029/ERR029344/ERR029344_1.fastq.gz	https://ftp.sra.ebi.ac.uk/vol1/fastq/ERR029/ERR029344/ERR029344_2.fastq.gz	SAMEA800312	4311872	u
ERR029348	PAIRED	https://ftp.sra.ebi.ac.uk/vol1/fastq/ERR029/ERR029348/ERR029348_1.fastq.gz	https://ftp.sra.ebi.ac.uk/vol1/fastq/ERR029/ERR029348/ERR029348_2.fastq.gz	SAMEA800348	4022078	u
ERR029349	PAIRED	https://ftp.sra.ebi.ac.uk/vol1/fastq/ERR029/ERR029349/ERR029349_1.fastq.gz	https://ftp.sra.ebi.ac.uk/vol1/fastq/ERR029/ERR029349/ERR029349_2.fastq.gz	SAMEA800310	3179680	u
ERR029350	PAIRED	https://ftp.sra.ebi.ac.uk/vol1/fastq/ERR029/ERR029350/ERR029350_1.fastq.gz	https://ftp.sra.ebi.ac.uk/vol1/fastq/ERR029/ERR029350/ERR029350_2.fastq.gz	SAMEA800309	3417270	u
ERR029351	PAIRED	https://ftp.sra.ebi.ac.uk/vol1/fastq/ERR029/ERR029351/ERR029351_1.fastq.gz	https://ftp.sra.ebi.ac.uk/vol1/fastq/ERR029/ERR029351/ERR029351_2.fastq.gz	SAMEA800308	3061165	u
ERR029352	PAIRED	https://ftp.sra.ebi.ac.uk/vol1/fastq/ERR029/ERR029352/ERR029352_1.fastq.gz	https://ftp.sra.ebi.ac.uk/vol1/fastq/ERR029/ERR029352/ERR029352_2.fastq.gz	SAMEA800307	4214047	u
ERR029355	PAIRED	https://ftp.sra.ebi.ac.uk/vol1/fastq/ERR029/ERR029355/ERR029355_1.fastq.gz	https://ftp.sra.ebi.ac.uk/vol1/fastq/ERR029/ERR029355/ERR029355_2.fastq.gz	SAMEA800193	1164261	u
ERR029357	PAIRED	https://ftp.sra.ebi.ac.uk/vol1/fastq/ERR029/ERR029357/ERR029357_1.fastq.gz	https://ftp.sra.ebi.ac.uk/vol1/fastq/ERR029/ERR029357/ERR029357_2.fastq.gz	SAMEA800198	2911333	u
ERR029358	PAIRED	https://ftp.sra.ebi.ac.uk/vol1/fastq/ERR029/ERR029358/ERR029358_1.fastq.gz	https://ftp.sra.ebi.ac.uk/vol1/fastq/ERR029/ERR029358/ERR029358_2.fastq.gz	SAMEA800366	3620371	u
ERR029359	PAIRED	https://ftp.sra.ebi.ac.uk/vol1/fastq/ERR029/ERR029359/ERR029359_1.fastq.gz	https://ftp.sra.ebi.ac.uk/vol1/fastq/ERR029/ERR029359/ERR029359_2.fastq.gz	SAMEA800243	5921461	u
ERR029362	PAIRED	https://ftp.sra.ebi.ac.uk/vol1/fastq/ERR029/ERR029362/ERR029362_1.fastq.gz	https://ftp.sra.ebi.ac.uk/vol1/fastq/ERR029/ERR029362/ERR029362_2.fastq.gz	SAMEA800306	3682638	u
ERR029363	PAIRED	https://ftp.sra.ebi.ac.uk/vol1/fastq/ERR029/ERR029363/ERR029363_1.fastq.gz	https://ftp.sra.ebi.ac.uk/vol1/fastq/ERR029/ERR029363/ERR029363_2.fastq.gz	SAMEA800315	3742041	u
ERR029364	PAIRED	https://ftp.sra.ebi.ac.uk/vol1/fastq/ERR029/ERR029364/ERR029364_1.fastq.gz	https://ftp.sra.ebi.ac.uk/vol1/fastq/ERR029/ERR029364/ERR029364_2.fastq.gz	SAMEA800314	3949776	u
ERR029368	PAIRED	https://ftp.sra.ebi.ac.uk/vol1/fastq/ERR029/ERR029368/ERR029368_1.fastq.gz	https://ftp.sra.ebi.ac.uk/vol1/fastq/ERR029/ERR029368/ERR029368_2.fastq.gz	SAMEA800189	4465337	u
ERR029373	PAIRED	https://ftp.sra.ebi.ac.uk/vol1/fastq/ERR029/ERR029373/ERR029373_1.fastq.gz	https://ftp.sra.ebi.ac.uk/vol1/fastq/ERR029/ERR029373/ERR029373_2.fastq.gz	SAMEA800368	4217514	u
ERR029374	PAIRED	https://ftp.sra.ebi.ac.uk/vol1/fastq/ERR029/ERR029374/ERR029374_1.fastq.gz	https://ftp.sra.ebi.ac.uk/vol1/fastq/ERR029/ERR029374/ERR029374_2.fastq.gz	SAMEA800367	3583257	u
ERR029376	PAIRED	https://ftp.sra.ebi.ac.uk/vol1/fastq/ERR029/ERR029376/ERR029376_1.fastq.gz	https://ftp.sra.ebi.ac.uk/vol1/fastq/ERR029/ERR029376/ERR029376_2.fastq.gz	SAMEA800361	3658024	u
ERR029377	PAIRED	https://ftp.sra.ebi.ac.uk/vol1/fastq/ERR029/ERR029377/ERR029377_1.fastq.gz	https://ftp.sra.ebi.ac.uk/vol1/fastq/ERR029/ERR029377/ERR029377_2.fastq.gz	SAMEA800364	3450402	u
ERR029379	PAIRED	https://ftp.sra.ebi.ac.uk/vol1/fastq/ERR029/ERR029379/ERR029379_1.fastq.gz	https://ftp.sra.ebi.ac.uk/vol1/fastq/ERR029/ERR029379/ERR029379_2.fastq.gz	SAMEA800365	3737617	u
ERR029383	PAIRED	https://ftp.sra.ebi.ac.uk/vol1/fastq/ERR029/ERR029383/ERR029383_1.fastq.gz	https://ftp.sra.ebi.ac.uk/vol1/fastq/ERR029/ERR029383/ERR029383_2.fastq.gz	SAMEA800300	3223590	u
ERR029385	PAIRED	https://ftp.sra.ebi.ac.uk/vol1/fastq/ERR029/ERR029385/ERR029385_1.fastq.gz	https://ftp.sra.ebi.ac.uk/vol1/fastq/ERR029/ERR029385/ERR029385_2.fastq.gz	SAMEA800239	3505793	u
ERR029387	PAIRED	https://ftp.sra.ebi.ac.uk/vol1/fastq/ERR029/ERR029387/ERR029387_1.fastq.gz	https://ftp.sra.ebi.ac.uk/vol1/fastq/ERR029/ERR029387/ERR029387_2.fastq.gz	SAMEA800237	4766106	u
ERR029389	PAIRED	https://ftp.sra.ebi.ac.uk/vol1/fastq/ERR029/ERR029389/ERR029389_1.fastq.gz	https://ftp.sra.ebi.ac.uk/vol1/fastq/ERR029/ERR029389/ERR029389_2.fastq.gz	SAMEA800235	4643509	u
ERR029391	PAIRED	https://ftp.sra.ebi.ac.uk/vol1/fastq/ERR029/ERR029391/ERR029391_1.fastq.gz	https://ftp.sra.ebi.ac.uk/vol1/fastq/ERR029/ERR029391/ERR029391_2.fastq.gz	SAMEA800244	4619814	u
ERR029392	PAIRED	https://ftp.sra.ebi.ac.uk/vol1/fastq/ERR029/ERR029392/ERR029392_1.fastq.gz	https://ftp.sra.ebi.ac.uk/vol1/fastq/ERR029/ERR029392/ERR029392_2.fastq.gz	SAMEA800298	3663215	u
ERR029458	PAIRED	https://ftp.sra.ebi.ac.uk/vol1/fastq/ERR029/ERR029458/ERR029458_1.fastq.gz	https://ftp.sra.ebi.ac.uk/vol1/fastq/ERR029/ERR029458/ERR029458_2.fastq.gz	SAMEA800274	5140392	u
ERR029459	PAIRED	https://ftp.sra.ebi.ac.uk/vol1/fastq/ERR029/ERR029459/ERR029459_1.fastq.gz	https://ftp.sra.ebi.ac.uk/vol1/fastq/ERR029/ERR029459/ERR029459_2.fastq.gz	SAMEA800275	3882674	u
ERR029460	PAIRED	https://ftp.sra.ebi.ac.uk/vol1/fastq/ERR029/ERR029460/ERR029460_1.fastq.gz	https://ftp.sra.ebi.ac.uk/vol1/fastq/ERR029/ERR029460/ERR029460_2.fastq.gz	SAMEA800257	2901578	u
ERR029462	PAIRED	https://ftp.sra.ebi.ac.uk/vol1/fastq/ERR029/ERR029462/ERR029462_1.fastq.gz	https://ftp.sra.ebi.ac.uk/vol1/fastq/ERR029/ERR029462/ERR029462_2.fastq.gz	SAMEA800255	2699067	u
ERR029463	PAIRED	https://ftp.sra.ebi.ac.uk/vol1/fastq/ERR029/ERR029463/ERR029463_1.fastq.gz	https://ftp.sra.ebi.ac.uk/vol1/fastq/ERR029/ERR029463/ERR029463_2.fastq.gz	SAMEA800254	2502448	u
ERR029464	PAIRED	https://ftp.sra.ebi.ac.uk/vol1/fastq/ERR029/ERR029464/ERR029464_1.fastq.gz	https://ftp.sra.ebi.ac.uk/vol1/fastq/ERR029/ERR029464/ERR029464_2.fastq.gz	SAMEA800253	3459326	u
ERR029465	PAIRED	https://ftp.sra.ebi.ac.uk/vol1/fastq/ERR029/ERR029465/ERR029465_1.fastq.gz	https://ftp.sra.ebi.ac.uk/vol1/fastq/ERR029/ERR029465/ERR029465_2.fastq.gz	SAMEA800252	4077592	u
ERR029469	PAIRED	https://ftp.sra.ebi.ac.uk/vol1/fastq/ERR029/ERR029469/ERR029469_1.fastq.gz	https://ftp.sra.ebi.ac.uk/vol1/fastq/ERR029/ERR029469/ERR029469_2.fastq.gz	SAMEA800276	2602301	u
ERR029471	PAIRED	https://ftp.sra.ebi.ac.uk/vol1/fastq/ERR029/ERR029471/ERR029471_1.fastq.gz	https://ftp.sra.ebi.ac.uk/vol1/fastq/ERR029/ERR029471/ERR029471_2.fastq.gz	SAMEA800288	4543266	u
ERR029472	PAIRED	https://ftp.sra.ebi.ac.uk/vol1/fastq/ERR029/ERR029472/ERR029472_1.fastq.gz	https://ftp.sra.ebi.ac.uk/vol1/fastq/ERR029/ERR029472/ERR029472_2.fastq.gz	SAMEA800277	2811026	u
ERR029475	PAIRED	https://ftp.sra.ebi.ac.uk/vol1/fastq/ERR029/ERR029475/ERR029475_1.fastq.gz	https://ftp.sra.ebi.ac.uk/vol1/fastq/ERR029/ERR029475/ERR029475_2.fastq.gz	SAMEA800291	2216932	u
ERR029477	PAIRED	https://ftp.sra.ebi.ac.uk/vol1/fastq/ERR029/ERR029477/ERR029477_1.fastq.gz	https://ftp.sra.ebi.ac.uk/vol1/fastq/ERR029/ERR029477/ERR029477_2.fastq.gz	SAMEA800281	1088293	u
ERR029478	PAIRED	https://ftp.sra.ebi.ac.uk/vol1/fastq/ERR029/ERR029478/ERR029478_1.fastq.gz	https://ftp.sra.ebi.ac.uk/vol1/fastq/ERR029/ERR029478/ERR029478_2.fastq.gz	SAMEA800282	2187510	u
ERR030148	PAIRED	https://ftp.sra.ebi.ac.uk/vol1/fastq/ERR030/ERR030148/ERR030148_1.fastq.gz	https://ftp.sra.ebi.ac.uk/vol1/fastq/ERR030/ERR030148/ERR030148_2.fastq.gz	SAMEA800179	2990664	u
ERR030152	PAIRED	https://ftp.sra.ebi.ac.uk/vol1/fastq/ERR030/ERR030152/ERR030152_1.fastq.gz	https://ftp.sra.ebi.ac.uk/vol1/fastq/ERR030/ERR030152/ERR030152_2.fastq.gz	SAMEA800304	3070671	u
ERR030154	PAIRED	https://ftp.sra.ebi.ac.uk/vol1/fastq/ERR030/ERR030154/ERR030154_1.fastq.gz	https://ftp.sra.ebi.ac.uk/vol1/fastq/ERR030/ERR030154/ERR030154_2.fastq.gz	SAMEA800296	3152583	u
ERR030155	PAIRED	https://ftp.sra.ebi.ac.uk/vol1/fastq/ERR030/ERR030155/ERR030155_1.fastq.gz	https://ftp.sra.ebi.ac.uk/vol1/fastq/ERR030/ERR030155/ERR030155_2.fastq.gz	SAMEA800297	2971599	u
ERR030157	PAIRED	https://ftp.sra.ebi.ac.uk/vol1/fastq/ERR030/ERR030157/ERR030157_1.fastq.gz	https://ftp.sra.ebi.ac.uk/vol1/fastq/ERR030/ERR030157/ERR030157_2.fastq.gz	SAMEA800177	3261785	u
ERR030160	PAIRED	https://ftp.sra.ebi.ac.uk/vol1/fastq/ERR030/ERR030160/ERR030160_1.fastq.gz	https://ftp.sra.ebi.ac.uk/vol1/fastq/ERR030/ERR030160/ERR030160_2.fastq.gz	SAMEA800214	2809292	u
ERR030161	PAIRED	https://ftp.sra.ebi.ac.uk/vol1/fastq/ERR030/ERR030161/ERR030161_1.fastq.gz	https://ftp.sra.ebi.ac.uk/vol1/fastq/ERR030/ERR030161/ERR030161_2.fastq.gz	SAMEA800217	2329139	u
ERR030166	PAIRED	https://ftp.sra.ebi.ac.uk/vol1/fastq/ERR030/ERR030166/ERR030166_1.fastq.gz	https://ftp.sra.ebi.ac.uk/vol1/fastq/ERR030/ERR030166/ERR030166_2.fastq.gz	SAMEA800183	3013128	u
ERR030167	PAIRED	https://ftp.sra.ebi.ac.uk/vol1/fastq/ERR030/ERR030167/ERR030167_1.fastq.gz	https://ftp.sra.ebi.ac.uk/vol1/fastq/ERR030/ERR030167/ERR030167_2.fastq.gz	SAMEA800186	3150205	u
ERR030173	PAIRED	https://ftp.sra.ebi.ac.uk/vol1/fastq/ERR030/ERR030173/ERR030173_1.fastq.gz	https://ftp.sra.ebi.ac.uk/vol1/fastq/ERR030/ERR030173/ERR030173_2.fastq.gz	SAMEA800382	3334909	u
ERR030180	PAIRED	https://ftp.sra.ebi.ac.uk/vol1/fastq/ERR030/ERR030180/ERR030180_1.fastq.gz	https://ftp.sra.ebi.ac.uk/vol1/fastq/ERR030/ERR030180/ERR030180_2.fastq.gz	SAMEA800377	2985605	u
ERR030181	PAIRED	https://ftp.sra.ebi.ac.uk/vol1/fastq/ERR030/ERR030181/ERR030181_1.fastq.gz	https://ftp.sra.ebi.ac.uk/vol1/fastq/ERR030/ERR030181/ERR030181_2.fastq.gz	SAMEA800384	2873355	u
ERR030182	PAIRED	https://ftp.sra.ebi.ac.uk/vol1/fastq/ERR030/ERR030182/ERR030182_1.fastq.gz	https://ftp.sra.ebi.ac.uk/vol1/fastq/ERR030/ERR030182/ERR030182_2.fastq.gz	SAMEA800383	3028747	u
ERR030189	PAIRED	https://ftp.sra.ebi.ac.uk/vol1/fastq/ERR030/ERR030189/ERR030189_1.fastq.gz	https://ftp.sra.ebi.ac.uk/vol1/fastq/ERR030/ERR030189/ERR030189_2.fastq.gz	SAMEA800203	3806757	u
ERR030190	PAIRED	https://ftp.sra.ebi.ac.uk/vol1/fastq/ERR030/ERR030190/ERR030190_1.fastq.gz	https://ftp.sra.ebi.ac.uk/vol1/fastq/ERR030/ERR030190/ERR030190_2.fastq.gz	SAMEA800204	3330560	u
ERR030191	PAIRED	https://ftp.sra.ebi.ac.uk/vol1/fastq/ERR030/ERR030191/ERR030191_1.fastq.gz	https://ftp.sra.ebi.ac.uk/vol1/fastq/ERR030/ERR030191/ERR030191_2.fastq.gz	SAMEA800205	2853439	u
ERR030192	PAIRED	https://ftp.sra.ebi.ac.uk/vol1/fastq/ERR030/ERR030192/ERR030192_1.fastq.gz	https://ftp.sra.ebi.ac.uk/vol1/fastq/ERR030/ERR030192/ERR030192_2.fastq.gz	SAMEA800206	2780426	u
ERR030195	PAIRED	https://ftp.sra.ebi.ac.uk/vol1/fastq/ERR030/ERR030195/ERR030195_1.fastq.gz	https://ftp.sra.ebi.ac.uk/vol1/fastq/ERR030/ERR030195/ERR030195_2.fastq.gz	SAMEA800201	3824346	u
ERR030196	PAIRED	https://ftp.sra.ebi.ac.uk/vol1/fastq/ERR030/ERR030196/ERR030196_1.fastq.gz	https://ftp.sra.ebi.ac.uk/vol1/fastq/ERR030/ERR030196/ERR030196_2.fastq.gz	SAMEA800202	3232623	u
ERR030199	PAIRED	https://ftp.sra.ebi.ac.uk/vol1/fastq/ERR030/ERR030199/ERR030199_1.fastq.gz	https://ftp.sra.ebi.ac.uk/vol1/fastq/ERR030/ERR030199/ERR030199_2.fastq.gz	SAMEA800325	3390675	u
ERR030200	PAIRED	https://ftp.sra.ebi.ac.uk/vol1/fastq/ERR030/ERR030200/ERR030200_1.fastq.gz	https://ftp.sra.ebi.ac.uk/vol1/fastq/ERR030/ERR030200/ERR030200_2.fastq.gz	SAMEA800360	3370366	u
ERR030201	PAIRED	https://ftp.sra.ebi.ac.uk/vol1/fastq/ERR030/ERR030201/ERR030201_1.fastq.gz	https://ftp.sra.ebi.ac.uk/vol1/fastq/ERR030/ERR030201/ERR030201_2.fastq.gz	SAMEA800357	2956091	u
ERR030202	PAIRED	https://ftp.sra.ebi.ac.uk/vol1/fastq/ERR030/ERR030202/ERR030202_1.fastq.gz	https://ftp.sra.ebi.ac.uk/vol1/fastq/ERR030/ERR030202/ERR030202_2.fastq.gz	SAMEA800333	2996262	u
ERR030204	PAIRED	https://ftp.sra.ebi.ac.uk/vol1/fastq/ERR030/ERR030204/ERR030204_1.fastq.gz	https://ftp.sra.ebi.ac.uk/vol1/fastq/ERR030/ERR030204/ERR030204_2.fastq.gz	SAMEA800331	3337238	u
ERR030205	PAIRED	https://ftp.sra.ebi.ac.uk/vol1/fastq/ERR030/ERR030205/ERR030205_1.fastq.gz	https://ftp.sra.ebi.ac.uk/vol1/fastq/ERR030/ERR030205/ERR030205_2.fastq.gz	SAMEA800329	2848958	u
ERR030208	PAIRED	https://ftp.sra.ebi.ac.uk/vol1/fastq/ERR030/ERR030208/ERR030208_1.fastq.gz	https://ftp.sra.ebi.ac.uk/vol1/fastq/ERR030/ERR030208/ERR030208_2.fastq.gz	SAMEA800359	2983306	u
ERR030212	PAIRED	https://ftp.sra.ebi.ac.uk/vol1/fastq/ERR030/ERR030212/ERR030212_1.fastq.gz	https://ftp.sra.ebi.ac.uk/vol1/fastq/ERR030/ERR030212/ERR030212_2.fastq.gz	SAMEA800259	3173763	u
ERR030214	PAIRED	https://ftp.sra.ebi.ac.uk/vol1/fastq/ERR030/ERR030214/ERR030214_1.fastq.gz	https://ftp.sra.ebi.ac.uk/vol1/fastq/ERR030/ERR030214/ERR030214_2.fastq.gz	SAMEA800355	3749029	u
ERR030215	PAIRED	https://ftp.sra.ebi.ac.uk/vol1/fastq/ERR030/ERR030215/ERR030215_1.fastq.gz	https://ftp.sra.ebi.ac.uk/vol1/fastq/ERR030/ERR030215/ERR030215_2.fastq.gz	SAMEA800356	3942869	u
ERR030217	PAIRED	https://ftp.sra.ebi.ac.uk/vol1/fastq/ERR030/ERR030217/ERR030217_1.fastq.gz	https://ftp.sra.ebi.ac.uk/vol1/fastq/ERR030/ERR030217/ERR030217_2.fastq.gz	SAMEA800354	3117725	u
ERR030219	PAIRED	https://ftp.sra.ebi.ac.uk/vol1/fastq/ERR030/ERR030219/ERR030219_1.fastq.gz	https://ftp.sra.ebi.ac.uk/vol1/fastq/ERR030/ERR030219/ERR030219_2.fastq.gz	SAMEA800352	2990236	u
ERR030223	PAIRED	https://ftp.sra.ebi.ac.uk/vol1/fastq/ERR030/ERR030223/ERR030223_1.fastq.gz	https://ftp.sra.ebi.ac.uk/vol1/fastq/ERR030/ERR030223/ERR030223_2.fastq.gz	SAMEA800283	2989112	u
ERR030225	PAIRED	https://ftp.sra.ebi.ac.uk/vol1/fastq/ERR030/ERR030225/ERR030225_1.fastq.gz	https://ftp.sra.ebi.ac.uk/vol1/fastq/ERR030/ERR030225/ERR030225_2.fastq.gz	SAMEA800270	3215552	u
ERR030226	PAIRED	https://ftp.sra.ebi.ac.uk/vol1/fastq/ERR030/ERR030226/ERR030226_1.fastq.gz	https://ftp.sra.ebi.ac.uk/vol1/fastq/ERR030/ERR030226/ERR030226_2.fastq.gz	SAMEA800284	2927640	u
ERR030227	PAIRED	https://ftp.sra.ebi.ac.uk/vol1/fastq/ERR030/ERR030227/ERR030227_1.fastq.gz	https://ftp.sra.ebi.ac.uk/vol1/fastq/ERR030/ERR030227/ERR030227_2.fastq.gz	SAMEA800268	3000277	u
ERR030228	PAIRED	https://ftp.sra.ebi.ac.uk/vol1/fastq/ERR030/ERR030228/ERR030228_1.fastq.gz	https://ftp.sra.ebi.ac.uk/vol1/fastq/ERR030/ERR030228/ERR030228_2.fastq.gz	SAMEA800285	2990877	u
ERR030230	PAIRED	https://ftp.sra.ebi.ac.uk/vol1/fastq/ERR030/ERR030230/ERR030230_1.fastq.gz	https://ftp.sra.ebi.ac.uk/vol1/fastq/ERR030/ERR030230/ERR030230_2.fastq.gz	SAMEA800267	2924393	u
ERR030235	PAIRED	https://ftp.sra.ebi.ac.uk/vol1/fastq/ERR030/ERR030235/ERR030235_1.fastq.gz	https://ftp.sra.ebi.ac.uk/vol1/fastq/ERR030/ERR030235/ERR030235_2.fastq.gz	SAMEA800269	2319454	u
ERR030238	PAIRED	https://ftp.sra.ebi.ac.uk/vol1/fastq/ERR030/ERR030238/ERR030238_1.fastq.gz	https://ftp.sra.ebi.ac.uk/vol1/fastq/ERR030/ERR030238/ERR030238_2.fastq.gz	SAMEA800264	2311673	u
ERR030240	PAIRED	https://ftp.sra.ebi.ac.uk/vol1/fastq/ERR030/ERR030240/ERR030240_1.fastq.gz	https://ftp.sra.ebi.ac.uk/vol1/fastq/ERR030/ERR030240/ERR030240_2.fastq.gz	SAMEA800336	2177686	u
ERR030241	PAIRED	https://ftp.sra.ebi.ac.uk/vol1/fastq/ERR030/ERR030241/ERR030241_1.fastq.gz	https://ftp.sra.ebi.ac.uk/vol1/fastq/ERR030/ERR030241/ERR030241_2.fastq.gz	SAMEA800250	2208769	u
ERR030242	PAIRED	https://ftp.sra.ebi.ac.uk/vol1/fastq/ERR030/ERR030242/ERR030242_1.fastq.gz	https://ftp.sra.ebi.ac.uk/vol1/fastq/ERR030/ERR030242/ERR030242_2.fastq.gz	SAMEA800251	2395658	u
ERR030243	PAIRED	https://ftp.sra.ebi.ac.uk/vol1/fastq/ERR030/ERR030243/ERR030243_1.fastq.gz	https://ftp.sra.ebi.ac.uk/vol1/fastq/ERR030/ERR030243/ERR030243_2.fastq.gz	SAMEA800248	2063218	u
ERR030245	PAIRED	https://ftp.sra.ebi.ac.uk/vol1/fastq/ERR030/ERR030245/ERR030245_1.fastq.gz	https://ftp.sra.ebi.ac.uk/vol1/fastq/ERR030/ERR030245/ERR030245_2.fastq.gz	SAMEA800249	1858014	u
ERR030248	PAIRED	https://ftp.sra.ebi.ac.uk/vol1/fastq/ERR030/ERR030248/ERR030248_1.fastq.gz	https://ftp.sra.ebi.ac.uk/vol1/fastq/ERR030/ERR030248/ERR030248_2.fastq.gz	SAMEA800227	2671745	u
ERR030250	PAIRED	https://ftp.sra.ebi.ac.uk/vol1/fastq/ERR030/ERR030250/ERR030250_1.fastq.gz	https://ftp.sra.ebi.ac.uk/vol1/fastq/ERR030/ERR030250/ERR030250_2.fastq.gz	SAMEA800320	2891390	u
ERR030254	PAIRED	https://ftp.sra.ebi.ac.uk/vol1/fastq/ERR030/ERR030254/ERR030254_1.fastq.gz	https://ftp.sra.ebi.ac.uk/vol1/fastq/ERR030/ERR030254/ERR030254_2.fastq.gz	SAMEA800223	3013278	u
ERR030257	PAIRED	https://ftp.sra.ebi.ac.uk/vol1/fastq/ERR030/ERR030257/ERR030257_1.fastq.gz	https://ftp.sra.ebi.ac.uk/vol1/fastq/ERR030/ERR030257/ERR030257_2.fastq.gz	SAMEA800225	2747952	u
ERR030259	PAIRED	https://ftp.sra.ebi.ac.uk/vol1/fastq/ERR030/ERR030259/ERR030259_1.fastq.gz	https://ftp.sra.ebi.ac.uk/vol1/fastq/ERR030/ERR030259/ERR030259_2.fastq.gz	SAMEA800230	3654914	u
ERR030260	PAIRED	https://ftp.sra.ebi.ac.uk/vol1/fastq/ERR030/ERR030260/ERR030260_1.fastq.gz	https://ftp.sra.ebi.ac.uk/vol1/fastq/ERR030/ERR030260/ERR030260_2.fastq.gz	SAMEA800196	3490966	u
ERR030261	PAIRED	https://ftp.sra.ebi.ac.uk/vol1/fastq/ERR030/ERR030261/ERR030261_1.fastq.gz	https://ftp.sra.ebi.ac.uk/vol1/fastq/ERR030/ERR030261/ERR030261_2.fastq.gz	SAMEA800232	3720561	u
ERR030266	PAIRED	https://ftp.sra.ebi.ac.uk/vol1/fastq/ERR030/ERR030266/ERR030266_1.fastq.gz	https://ftp.sra.ebi.ac.uk/vol1/fastq/ERR030/ERR030266/ERR030266_2.fastq.gz	SAMEA800234	3310734	u
ERR030267	PAIRED	https://ftp.sra.ebi.ac.uk/vol1/fastq/ERR030/ERR030267/ERR030267_1.fastq.gz	https://ftp.sra.ebi.ac.uk/vol1/fastq/ERR030/ERR030267/ERR030267_2.fastq.gz	SAMEA800294	3242896	u
ERR030269	PAIRED	https://ftp.sra.ebi.ac.uk/vol1/fastq/ERR030/ERR030269/ERR030269_1.fastq.gz	https://ftp.sra.ebi.ac.uk/vol1/fastq/ERR030/ERR030269/ERR030269_2.fastq.gz	SAMEA800195	3889143	u
ERR030271	PAIRED	https://ftp.sra.ebi.ac.uk/vol1/fastq/ERR030/ERR030271/ERR030271_1.fastq.gz	https://ftp.sra.ebi.ac.uk/vol1/fastq/ERR030/ERR030271/ERR030271_2.fastq.gz	SAMEA800376	3705836	u
ERR030272	PAIRED	https://ftp.sra.ebi.ac.uk/vol1/fastq/ERR030/ERR030272/ERR030272_1.fastq.gz	https://ftp.sra.ebi.ac.uk/vol1/fastq/ERR030/ERR030272/ERR030272_2.fastq.gz	SAMEA800316	4013405	u
ERR030274	PAIRED	https://ftp.sra.ebi.ac.uk/vol1/fastq/ERR030/ERR030274/ERR030274_1.fastq.gz	https://ftp.sra.ebi.ac.uk/vol1/fastq/ERR030/ERR030274/ERR030274_2.fastq.gz	SAMEA800375	4096043	u
ERR030276	PAIRED	https://ftp.sra.ebi.ac.uk/vol1/fastq/ERR030/ERR030276/ERR030276_1.fastq.gz	https://ftp.sra.ebi.ac.uk/vol1/fastq/ERR030/ERR030276/ERR030276_2.fastq.gz	SAMEA800293	3712632	u
ERR030280	PAIRED	https://ftp.sra.ebi.ac.uk/vol1/fastq/ERR030/ERR030280/ERR030280_1.fastq.gz	https://ftp.sra.ebi.ac.uk/vol1/fastq/ERR030/ERR030280/ERR030280_2.fastq.gz	SAMEA800370	4161057	u
ERR030281	PAIRED	https://ftp.sra.ebi.ac.uk/vol1/fastq/ERR030/ERR030281/ERR030281_1.fastq.gz	https://ftp.sra.ebi.ac.uk/vol1/fastq/ERR030/ERR030281/ERR030281_2.fastq.gz	SAMEA800369	3742362	u
ERR031666	PAIRED	https://ftp.sra.ebi.ac.uk/vol1/fastq/ERR031/ERR031666/ERR031666_1.fastq.gz	https://ftp.sra.ebi.ac.uk/vol1/fastq/ERR031/ERR031666/ERR031666_2.fastq.gz	SAMEA800345	4072872	u
ERR031667	PAIRED	https://ftp.sra.ebi.ac.uk/vol1/fastq/ERR031/ERR031667/ERR031667_1.fastq.gz	https://ftp.sra.ebi.ac.uk/vol1/fastq/ERR031/ERR031667/ERR031667_2.fastq.gz	SAMEA800338	3532780	u
ERR031672	PAIRED	https://ftp.sra.ebi.ac.uk/vol1/fastq/ERR031/ERR031672/ERR031672_1.fastq.gz	https://ftp.sra.ebi.ac.uk/vol1/fastq/ERR031/ERR031672/ERR031672_2.fastq.gz	SAMEA800339	3045111	u
ERR033239	PAIRED	https://ftp.sra.ebi.ac.uk/vol1/fastq/ERR033/ERR033239/ERR033239_1.fastq.gz	https://ftp.sra.ebi.ac.uk/vol1/fastq/ERR033/ERR033239/ERR033239_2.fastq.gz	SAMEA698513	1012665	u
ERR033245	PAIRED	https://ftp.sra.ebi.ac.uk/vol1/fastq/ERR033/ERR033245/ERR033245_1.fastq.gz	https://ftp.sra.ebi.ac.uk/vol1/fastq/ERR033/ERR033245/ERR033245_2.fastq.gz	SAMEA698592	1172954	u
ERR033246	PAIRED	https://ftp.sra.ebi.ac.uk/vol1/fastq/ERR033/ERR033246/ERR033246_1.fastq.gz	https://ftp.sra.ebi.ac.uk/vol1/fastq/ERR033/ERR033246/ERR033246_2.fastq.gz	SAMEA698630	1901488	u
ERR033247	PAIRED	https://ftp.sra.ebi.ac.uk/vol1/fastq/ERR033/ERR033247/ERR033247_1.fastq.gz	https://ftp.sra.ebi.ac.uk/vol1/fastq/ERR033/ERR033247/ERR033247_2.fastq.gz	SAMEA698590	1241355	u
ERR033291	PAIRED	https://ftp.sra.ebi.ac.uk/vol1/fastq/ERR033/ERR033291/ERR033291_1.fastq.gz	https://ftp.sra.ebi.ac.uk/vol1/fastq/ERR033/ERR033291/ERR033291_2.fastq.gz	SAMEA698299	3419643	u
ERR033293	PAIRED	https://ftp.sra.ebi.ac.uk/vol1/fastq/ERR033/ERR033293/ERR033293_1.fastq.gz	https://ftp.sra.ebi.ac.uk/vol1/fastq/ERR033/ERR033293/ERR033293_2.fastq.gz	SAMEA698300	4515385	u
ERR033295	PAIRED	https://ftp.sra.ebi.ac.uk/vol1/fastq/ERR033/ERR033295/ERR033295_1.fastq.gz	https://ftp.sra.ebi.ac.uk/vol1/fastq/ERR033/ERR033295/ERR033295_2.fastq.gz	SAMEA698697	3987184	u
ERR033296	PAIRED	https://ftp.sra.ebi.ac.uk/vol1/fastq/ERR033/ERR033296/ERR033296_1.fastq.gz	https://ftp.sra.ebi.ac.uk/vol1/fastq/ERR033/ERR033296/ERR033296_2.fastq.gz	SAMEA698692	3042413	u
ERR033297	PAIRED	https://ftp.sra.ebi.ac.uk/vol1/fastq/ERR033/ERR033297/ERR033297_1.fastq.gz	https://ftp.sra.ebi.ac.uk/vol1/fastq/ERR033/ERR033297/ERR033297_2.fastq.gz	SAMEA698694	5131354	u
ERR033299	PAIRED	https://ftp.sra.ebi.ac.uk/vol1/fastq/ERR033/ERR033299/ERR033299_1.fastq.gz	https://ftp.sra.ebi.ac.uk/vol1/fastq/ERR033/ERR033299/ERR033299_2.fastq.gz	SAMEA698690	2181995	u
ERR033300	PAIRED	https://ftp.sra.ebi.ac.uk/vol1/fastq/ERR033/ERR033300/ERR033300_1.fastq.gz	https://ftp.sra.ebi.ac.uk/vol1/fastq/ERR033/ERR033300/ERR033300_2.fastq.gz	SAMEA698685	2266919	u
ERR033301	PAIRED	https://ftp.sra.ebi.ac.uk/vol1/fastq/ERR033/ERR033301/ERR033301_1.fastq.gz	https://ftp.sra.ebi.ac.uk/vol1/fastq/ERR033/ERR033301/ERR033301_2.fastq.gz	SAMEA698687	2521169	u
ERR033304	PAIRED	https://ftp.sra.ebi.ac.uk/vol1/fastq/ERR033/ERR033304/ERR033304_1.fastq.gz	https://ftp.sra.ebi.ac.uk/vol1/fastq/ERR033/ERR033304/ERR033304_2.fastq.gz	SAMEA698368	4517232	u
ERR033309	PAIRED	https://ftp.sra.ebi.ac.uk/vol1/fastq/ERR033/ERR033309/ERR033309_1.fastq.gz	https://ftp.sra.ebi.ac.uk/vol1/fastq/ERR033/ERR033309/ERR033309_2.fastq.gz	SAMEA698366	3307211	u
ERR033310	PAIRED	https://ftp.sra.ebi.ac.uk/vol1/fastq/ERR033/ERR033310/ERR033310_1.fastq.gz	https://ftp.sra.ebi.ac.uk/vol1/fastq/ERR033/ERR033310/ERR033310_2.fastq.gz	SAMEA698365	3001416	u
ERR033315	PAIRED	https://ftp.sra.ebi.ac.uk/vol1/fastq/ERR033/ERR033315/ERR033315_1.fastq.gz	https://ftp.sra.ebi.ac.uk/vol1/fastq/ERR033/ERR033315/ERR033315_2.fastq.gz	SAMEA698509	2616674	u
ERR033331	PAIRED	https://ftp.sra.ebi.ac.uk/vol1/fastq/ERR033/ERR033331/ERR033331_1.fastq.gz	https://ftp.sra.ebi.ac.uk/vol1/fastq/ERR033/ERR033331/ERR033331_2.fastq.gz	SAMEA698456	2982563	u
ERR033332	PAIRED	https://ftp.sra.ebi.ac.uk/vol1/fastq/ERR033/ERR033332/ERR033332_1.fastq.gz	https://ftp.sra.ebi.ac.uk/vol1/fastq/ERR033/ERR033332/ERR033332_2.fastq.gz	SAMEA698463	1929061	u
ERR033336	PAIRED	https://ftp.sra.ebi.ac.uk/vol1/fastq/ERR033/ERR033336/ERR033336_1.fastq.gz	https://ftp.sra.ebi.ac.uk/vol1/fastq/ERR033/ERR033336/ERR033336_2.fastq.gz	SAMEA698255	2507482	u
ERR033337	PAIRED	https://ftp.sra.ebi.ac.uk/vol1/fastq/ERR033/ERR033337/ERR033337_1.fastq.gz	https://ftp.sra.ebi.ac.uk/vol1/fastq/ERR033/ERR033337/ERR033337_2.fastq.gz	SAMEA698455	3064466	u
ERR033338	PAIRED	https://ftp.sra.ebi.ac.uk/vol1/fastq/ERR033/ERR033338/ERR033338_1.fastq.gz	https://ftp.sra.ebi.ac.uk/vol1/fastq/ERR033/ERR033338/ERR033338_2.fastq.gz	SAMEA698454	2045089	u
ERR033340	PAIRED	https://ftp.sra.ebi.ac.uk/vol1/fastq/ERR033/ERR033340/ERR033340_1.fastq.gz	https://ftp.sra.ebi.ac.uk/vol1/fastq/ERR033/ERR033340/ERR033340_2.fastq.gz	SAMEA698458	1486123	u
ERR033347	PAIRED	https://ftp.sra.ebi.ac.uk/vol1/fastq/ERR033/ERR033347/ERR033347_1.fastq.gz	https://ftp.sra.ebi.ac.uk/vol1/fastq/ERR033/ERR033347/ERR033347_2.fastq.gz	SAMEA698460	1490268	u
ERR033353	PAIRED	https://ftp.sra.ebi.ac.uk/vol1/fastq/ERR033/ERR033353/ERR033353_1.fastq.gz	https://ftp.sra.ebi.ac.uk/vol1/fastq/ERR033/ERR033353/ERR033353_2.fastq.gz	SAMEA698487	1308109	u
ERR033356	PAIRED	https://ftp.sra.ebi.ac.uk/vol1/fastq/ERR033/ERR033356/ERR033356_1.fastq.gz	https://ftp.sra.ebi.ac.uk/vol1/fastq/ERR033/ERR033356/ERR033356_2.fastq.gz	SAMEA698617	3066239	u
ERR033358	PAIRED	https://ftp.sra.ebi.ac.uk/vol1/fastq/ERR033/ERR033358/ERR033358_1.fastq.gz	https://ftp.sra.ebi.ac.uk/vol1/fastq/ERR033/ERR033358/ERR033358_2.fastq.gz	SAMEA698616	2088996	u
ERR033359	PAIRED	https://ftp.sra.ebi.ac.uk/vol1/fastq/ERR033/ERR033359/ERR033359_1.fastq.gz	https://ftp.sra.ebi.ac.uk/vol1/fastq/ERR033/ERR033359/ERR033359_2.fastq.gz	SAMEA698544	1489962	u
ERR033360	PAIRED	https://ftp.sra.ebi.ac.uk/vol1/fastq/ERR033/ERR033360/ERR033360_1.fastq.gz	https://ftp.sra.ebi.ac.uk/vol1/fastq/ERR033/ERR033360/ERR033360_2.fastq.gz	SAMEA698543	3514719	u
ERR033361	PAIRED	https://ftp.sra.ebi.ac.uk/vol1/fastq/ERR033/ERR033361/ERR033361_1.fastq.gz	https://ftp.sra.ebi.ac.uk/vol1/fastq/ERR033/ERR033361/ERR033361_2.fastq.gz	SAMEA698542	3949050	u
ERR033370	PAIRED	https://ftp.sra.ebi.ac.uk/vol1/fastq/ERR033/ERR033370/ERR033370_1.fastq.gz	https://ftp.sra.ebi.ac.uk/vol1/fastq/ERR033/ERR033370/ERR033370_2.fastq.gz	SAMEA698412	3111010	u
ERR033371	PAIRED	https://ftp.sra.ebi.ac.uk/vol1/fastq/ERR033/ERR033371/ERR033371_1.fastq.gz	https://ftp.sra.ebi.ac.uk/vol1/fastq/ERR033/ERR033371/ERR033371_2.fastq.gz	SAMEA698546	2453333	u
ERR033373	PAIRED	https://ftp.sra.ebi.ac.uk/vol1/fastq/ERR033/ERR033373/ERR033373_1.fastq.gz	https://ftp.sra.ebi.ac.uk/vol1/fastq/ERR033/ERR033373/ERR033373_2.fastq.gz	SAMEA698404	2801192	u
ERR033376	PAIRED	https://ftp.sra.ebi.ac.uk/vol1/fastq/ERR033/ERR033376/ERR033376_1.fastq.gz	https://ftp.sra.ebi.ac.uk/vol1/fastq/ERR033/ERR033376/ERR033376_2.fastq.gz	SAMEA698407	3699454	u
ERR033389	PAIRED	https://ftp.sra.ebi.ac.uk/vol1/fastq/ERR033/ERR033389/ERR033389_1.fastq.gz	https://ftp.sra.ebi.ac.uk/vol1/fastq/ERR033/ERR033389/ERR033389_2.fastq.gz	SAMEA698292	1383149	u
ERR033390	PAIRED	https://ftp.sra.ebi.ac.uk/vol1/fastq/ERR033/ERR033390/ERR033390_1.fastq.gz	https://ftp.sra.ebi.ac.uk/vol1/fastq/ERR033/ERR033390/ERR033390_2.fastq.gz	SAMEA698291	1391066	u
ERR033408	PAIRED	https://ftp.sra.ebi.ac.uk/vol1/fastq/ERR033/ERR033408/ERR033408_1.fastq.gz	https://ftp.sra.ebi.ac.uk/vol1/fastq/ERR033/ERR033408/ERR033408_2.fastq.gz	SAMEA698259	2440136	u
ERR033409	PAIRED	https://ftp.sra.ebi.ac.uk/vol1/fastq/ERR033/ERR033409/ERR033409_1.fastq.gz	https://ftp.sra.ebi.ac.uk/vol1/fastq/ERR033/ERR033409/ERR033409_2.fastq.gz	SAMEA698257	4601025	u
ERR033424	PAIRED	https://ftp.sra.ebi.ac.uk/vol1/fastq/ERR033/ERR033424/ERR033424_1.fastq.gz	https://ftp.sra.ebi.ac.uk/vol1/fastq/ERR033/ERR033424/ERR033424_2.fastq.gz	SAMEA698168	697468	u
ERR033426	PAIRED	https://ftp.sra.ebi.ac.uk/vol1/fastq/ERR033/ERR033426/ERR033426_1.fastq.gz	https://ftp.sra.ebi.ac.uk/vol1/fastq/ERR033/ERR033426/ERR033426_2.fastq.gz	SAMEA698330	917766	u
ERR033448	PAIRED	https://ftp.sra.ebi.ac.uk/vol1/fastq/ERR033/ERR033448/ERR033448_1.fastq.gz	https://ftp.sra.ebi.ac.uk/vol1/fastq/ERR033/ERR033448/ERR033448_2.fastq.gz	SAMEA698467	852665	u
ERR033454	PAIRED	https://ftp.sra.ebi.ac.uk/vol1/fastq/ERR033/ERR033454/ERR033454_1.fastq.gz	https://ftp.sra.ebi.ac.uk/vol1/fastq/ERR033/ERR033454/ERR033454_2.fastq.gz	SAMEA698392	899370	u
ERR033456	PAIRED	https://ftp.sra.ebi.ac.uk/vol1/fastq/ERR033/ERR033456/ERR033456_1.fastq.gz	https://ftp.sra.ebi.ac.uk/vol1/fastq/ERR033/ERR033456/ERR033456_2.fastq.gz	SAMEA698394	1031352	u
ERR033463	PAIRED	https://ftp.sra.ebi.ac.uk/vol1/fastq/ERR033/ERR033463/ERR033463_1.fastq.gz	https://ftp.sra.ebi.ac.uk/vol1/fastq/ERR033/ERR033463/ERR033463_2.fastq.gz	SAMEA698249	664567	u
ERR033464	PAIRED	https://ftp.sra.ebi.ac.uk/vol1/fastq/ERR033/ERR033464/ERR033464_1.fastq.gz	https://ftp.sra.ebi.ac.uk/vol1/fastq/ERR033/ERR033464/ERR033464_2.fastq.gz	SAMEA698250	1931513	u
ERR033465	PAIRED	https://ftp.sra.ebi.ac.uk/vol1/fastq/ERR033/ERR033465/ERR033465_1.fastq.gz	https://ftp.sra.ebi.ac.uk/vol1/fastq/ERR033/ERR033465/ERR033465_2.fastq.gz	SAMEA698247	1092935	u
ERR033469	PAIRED	https://ftp.sra.ebi.ac.uk/vol1/fastq/ERR033/ERR033469/ERR033469_1.fastq.gz	https://ftp.sra.ebi.ac.uk/vol1/fastq/ERR033/ERR033469/ERR033469_2.fastq.gz	SAMEA698243	1795087	u
ERR033471	PAIRED	https://ftp.sra.ebi.ac.uk/vol1/fastq/ERR033/ERR033471/ERR033471_1.fastq.gz	https://ftp.sra.ebi.ac.uk/vol1/fastq/ERR033/ERR033471/ERR033471_2.fastq.gz	SAMEA698241	1903120	u
ERR033475	PAIRED	https://ftp.sra.ebi.ac.uk/vol1/fastq/ERR033/ERR033475/ERR033475_1.fastq.gz	https://ftp.sra.ebi.ac.uk/vol1/fastq/ERR033/ERR033475/ERR033475_2.fastq.gz	SAMEA698287	810706	u
ERR033477	PAIRED	https://ftp.sra.ebi.ac.uk/vol1/fastq/ERR033/ERR033477/ERR033477_1.fastq.gz	https://ftp.sra.ebi.ac.uk/vol1/fastq/ERR033/ERR033477/ERR033477_2.fastq.gz	SAMEA698442	910112	u
ERR033478	PAIRED	https://ftp.sra.ebi.ac.uk/vol1/fastq/ERR033/ERR033478/ERR033478_1.fastq.gz	https://ftp.sra.ebi.ac.uk/vol1/fastq/ERR033/ERR033478/ERR033478_2.fastq.gz	SAMEA698281	868326	u
ERR033480	PAIRED	https://ftp.sra.ebi.ac.uk/vol1/fastq/ERR033/ERR033480/ERR033480_1.fastq.gz	https://ftp.sra.ebi.ac.uk/vol1/fastq/ERR033/ERR033480/ERR033480_2.fastq.gz	SAMEA698285	883613	u
ERR033482	PAIRED	https://ftp.sra.ebi.ac.uk/vol1/fastq/ERR033/ERR033482/ERR033482_1.fastq.gz	https://ftp.sra.ebi.ac.uk/vol1/fastq/ERR033/ERR033482/ERR033482_2.fastq.gz	SAMEA698283	995352	u
ERR033487	PAIRED	https://ftp.sra.ebi.ac.uk/vol1/fastq/ERR033/ERR033487/ERR033487_1.fastq.gz	https://ftp.sra.ebi.ac.uk/vol1/fastq/ERR033/ERR033487/ERR033487_2.fastq.gz	SAMEA698441	781722	u
ERR033488	PAIRED	https://ftp.sra.ebi.ac.uk/vol1/fastq/ERR033/ERR033488/ERR033488_1.fastq.gz	https://ftp.sra.ebi.ac.uk/vol1/fastq/ERR033/ERR033488/ERR033488_2.fastq.gz	SAMEA698571	742579	u
ERR033491	PAIRED	https://ftp.sra.ebi.ac.uk/vol1/fastq/ERR033/ERR033491/ERR033491_1.fastq.gz	https://ftp.sra.ebi.ac.uk/vol1/fastq/ERR033/ERR033491/ERR033491_2.fastq.gz	SAMEA698574	1001170	u
ERR033511	PAIRED	https://ftp.sra.ebi.ac.uk/vol1/fastq/ERR033/ERR033511/ERR033511_1.fastq.gz	https://ftp.sra.ebi.ac.uk/vol1/fastq/ERR033/ERR033511/ERR033511_2.fastq.gz	SAMEA698583	1734389	u
ERR033514	PAIRED	https://ftp.sra.ebi.ac.uk/vol1/fastq/ERR033/ERR033514/ERR033514_1.fastq.gz	https://ftp.sra.ebi.ac.uk/vol1/fastq/ERR033/ERR033514/ERR033514_2.fastq.gz	SAMEA698446	1966195	u
ERR033516	PAIRED	https://ftp.sra.ebi.ac.uk/vol1/fastq/ERR033/ERR033516/ERR033516_1.fastq.gz	https://ftp.sra.ebi.ac.uk/vol1/fastq/ERR033/ERR033516/ERR033516_2.fastq.gz	SAMEA698448	2567714	u
ERR033517	PAIRED	https://ftp.sra.ebi.ac.uk/vol1/fastq/ERR033/ERR033517/ERR033517_1.fastq.gz	https://ftp.sra.ebi.ac.uk/vol1/fastq/ERR033/ERR033517/ERR033517_2.fastq.gz	SAMEA698449	2683299	u
ERR033518	PAIRED	https://ftp.sra.ebi.ac.uk/vol1/fastq/ERR033/ERR033518/ERR033518_1.fastq.gz	https://ftp.sra.ebi.ac.uk/vol1/fastq/ERR033/ERR033518/ERR033518_2.fastq.gz	SAMEA698450	2261065	u
ERR033524	PAIRED	https://ftp.sra.ebi.ac.uk/vol1/fastq/ERR033/ERR033524/ERR033524_1.fastq.gz	https://ftp.sra.ebi.ac.uk/vol1/fastq/ERR033/ERR033524/ERR033524_2.fastq.gz	SAMEA698530	1805709	u
ERR033525	PAIRED	https://ftp.sra.ebi.ac.uk/vol1/fastq/ERR033/ERR033525/ERR033525_1.fastq.gz	https://ftp.sra.ebi.ac.uk/vol1/fastq/ERR033/ERR033525/ERR033525_2.fastq.gz	SAMEA698515	1920857	u
ERR033527	PAIRED	https://ftp.sra.ebi.ac.uk/vol1/fastq/ERR033/ERR033527/ERR033527_1.fastq.gz	https://ftp.sra.ebi.ac.uk/vol1/fastq/ERR033/ERR033527/ERR033527_2.fastq.gz	SAMEA698363	1914325	u
ERR033529	PAIRED	https://ftp.sra.ebi.ac.uk/vol1/fastq/ERR033/ERR033529/ERR033529_1.fastq.gz	https://ftp.sra.ebi.ac.uk/vol1/fastq/ERR033/ERR033529/ERR033529_2.fastq.gz	SAMEA698185	2796270	u
ERR033534	PAIRED	https://ftp.sra.ebi.ac.uk/vol1/fastq/ERR033/ERR033534/ERR033534_1.fastq.gz	https://ftp.sra.ebi.ac.uk/vol1/fastq/ERR033/ERR033534/ERR033534_2.fastq.gz	SAMEA698526	1726927	u
ERR033541	PAIRED	https://ftp.sra.ebi.ac.uk/vol1/fastq/ERR033/ERR033541/ERR033541_1.fastq.gz	https://ftp.sra.ebi.ac.uk/vol1/fastq/ERR033/ERR033541/ERR033541_2.fastq.gz	SAMEA698729	3443669	u
ERR033544	PAIRED	https://ftp.sra.ebi.ac.uk/vol1/fastq/ERR033/ERR033544/ERR033544_1.fastq.gz	https://ftp.sra.ebi.ac.uk/vol1/fastq/ERR033/ERR033544/ERR033544_2.fastq.gz	SAMEA698667	3722928	u
ERR033545	PAIRED	https://ftp.sra.ebi.ac.uk/vol1/fastq/ERR033/ERR033545/ERR033545_1.fastq.gz	https://ftp.sra.ebi.ac.uk/vol1/fastq/ERR033/ERR033545/ERR033545_2.fastq.gz	SAMEA698665	2496995	u
ERR033547	PAIRED	https://ftp.sra.ebi.ac.uk/vol1/fastq/ERR033/ERR033547/ERR033547_1.fastq.gz	https://ftp.sra.ebi.ac.uk/vol1/fastq/ERR033/ERR033547/ERR033547_2.fastq.gz	SAMEA698679	1208960	u
ERR033550	PAIRED	https://ftp.sra.ebi.ac.uk/vol1/fastq/ERR033/ERR033550/ERR033550_1.fastq.gz	https://ftp.sra.ebi.ac.uk/vol1/fastq/ERR033/ERR033550/ERR033550_2.fastq.gz	SAMEA698211	2490463	u
ERR033551	PAIRED	https://ftp.sra.ebi.ac.uk/vol1/fastq/ERR033/ERR033551/ERR033551_1.fastq.gz	https://ftp.sra.ebi.ac.uk/vol1/fastq/ERR033/ERR033551/ERR033551_2.fastq.gz	SAMEA698204	1754259	u
ERR033556	PAIRED	https://ftp.sra.ebi.ac.uk/vol1/fastq/ERR033/ERR033556/ERR033556_1.fastq.gz	https://ftp.sra.ebi.ac.uk/vol1/fastq/ERR033/ERR033556/ERR033556_2.fastq.gz	SAMEA698579	4619303	u
ERR033557	PAIRED	https://ftp.sra.ebi.ac.uk/vol1/fastq/ERR033/ERR033557/ERR033557_1.fastq.gz	https://ftp.sra.ebi.ac.uk/vol1/fastq/ERR033/ERR033557/ERR033557_2.fastq.gz	SAMEA698401	5267795	u
ERR033571	PAIRED	https://ftp.sra.ebi.ac.uk/vol1/fastq/ERR033/ERR033571/ERR033571_1.fastq.gz	https://ftp.sra.ebi.ac.uk/vol1/fastq/ERR033/ERR033571/ERR033571_2.fastq.gz	SAMEA698268	1313870	u
ERR033572	PAIRED	https://ftp.sra.ebi.ac.uk/vol1/fastq/ERR033/ERR033572/ERR033572_1.fastq.gz	https://ftp.sra.ebi.ac.uk/vol1/fastq/ERR033/ERR033572/ERR033572_2.fastq.gz	SAMEA698416	1296205	u
ERR033573	PAIRED	https://ftp.sra.ebi.ac.uk/vol1/fastq/ERR033/ERR033573/ERR033573_1.fastq.gz	https://ftp.sra.ebi.ac.uk/vol1/fastq/ERR033/ERR033573/ERR033573_2.fastq.gz	SAMEA698415	1322079	u
ERR033579	PAIRED	https://ftp.sra.ebi.ac.uk/vol1/fastq/ERR033/ERR033579/ERR033579_1.fastq.gz	https://ftp.sra.ebi.ac.uk/vol1/fastq/ERR033/ERR033579/ERR033579_2.fastq.gz	SAMEA698189	1811506	u
ERR033580	PAIRED	https://ftp.sra.ebi.ac.uk/vol1/fastq/ERR033/ERR033580/ERR033580_1.fastq.gz	https://ftp.sra.ebi.ac.uk/vol1/fastq/ERR033/ERR033580/ERR033580_2.fastq.gz	SAMEA698188	2165363	u
ERR033581	PAIRED	https://ftp.sra.ebi.ac.uk/vol1/fastq/ERR033/ERR033581/ERR033581_1.fastq.gz	https://ftp.sra.ebi.ac.uk/vol1/fastq/ERR033/ERR033581/ERR033581_2.fastq.gz	SAMEA698187	2779505	u
ERR033583	PAIRED	https://ftp.sra.ebi.ac.uk/vol1/fastq/ERR033/ERR033583/ERR033583_1.fastq.gz	https://ftp.sra.ebi.ac.uk/vol1/fastq/ERR033/ERR033583/ERR033583_2.fastq.gz	SAMEA698193	2263021	u
ERR033584	PAIRED	https://ftp.sra.ebi.ac.uk/vol1/fastq/ERR033/ERR033584/ERR033584_1.fastq.gz	https://ftp.sra.ebi.ac.uk/vol1/fastq/ERR033/ERR033584/ERR033584_2.fastq.gz	SAMEA698192	1685987	u
ERR033593	PAIRED	https://ftp.sra.ebi.ac.uk/vol1/fastq/ERR033/ERR033593/ERR033593_1.fastq.gz	https://ftp.sra.ebi.ac.uk/vol1/fastq/ERR033/ERR033593/ERR033593_2.fastq.gz	SAMEA698560	2661694	u
ERR033596	PAIRED	https://ftp.sra.ebi.ac.uk/vol1/fastq/ERR033/ERR033596/ERR033596_1.fastq.gz	https://ftp.sra.ebi.ac.uk/vol1/fastq/ERR033/ERR033596/ERR033596_2.fastq.gz	SAMEA698557	2681432	u
ERR033635	PAIRED	https://ftp.sra.ebi.ac.uk/vol1/fastq/ERR033/ERR033635/ERR033635_1.fastq.gz	https://ftp.sra.ebi.ac.uk/vol1/fastq/ERR033/ERR033635/ERR033635_2.fastq.gz	SAMEA698172	1031094	u
ERR033636	PAIRED	https://ftp.sra.ebi.ac.uk/vol1/fastq/ERR033/ERR033636/ERR033636_1.fastq.gz	https://ftp.sra.ebi.ac.uk/vol1/fastq/ERR033/ERR033636/ERR033636_2.fastq.gz	SAMEA698173	1167000	u
ERR033637	PAIRED	https://ftp.sra.ebi.ac.uk/vol1/fastq/ERR033/ERR033637/ERR033637_1.fastq.gz	https://ftp.sra.ebi.ac.uk/vol1/fastq/ERR033/ERR033637/ERR033637_2.fastq.gz	SAMEA698166	547409	u
ERR033644	PAIRED	https://ftp.sra.ebi.ac.uk/vol1/fastq/ERR033/ERR033644/ERR033644_1.fastq.gz	https://ftp.sra.ebi.ac.uk/vol1/fastq/ERR033/ERR033644/ERR033644_2.fastq.gz	SAMEA698197	1306136	u
ERR033645	PAIRED	https://ftp.sra.ebi.ac.uk/vol1/fastq/ERR033/ERR033645/ERR033645_1.fastq.gz	https://ftp.sra.ebi.ac.uk/vol1/fastq/ERR033/ERR033645/ERR033645_2.fastq.gz	SAMEA698196	1123840	u
ERR033652	PAIRED	https://ftp.sra.ebi.ac.uk/vol1/fastq/ERR033/ERR033652/ERR033652_1.fastq.gz	https://ftp.sra.ebi.ac.uk/vol1/fastq/ERR033/ERR033652/ERR033652_2.fastq.gz	SAMEA698575	835433	u
ERR033693	PAIRED	https://ftp.sra.ebi.ac.uk/vol1/fastq/ERR033/ERR033693/ERR033693_1.fastq.gz	https://ftp.sra.ebi.ac.uk/vol1/fastq/ERR033/ERR033693/ERR033693_2.fastq.gz	SAMEA698719	1735591	u
ERR033694	PAIRED	https://ftp.sra.ebi.ac.uk/vol1/fastq/ERR033/ERR033694/ERR033694_1.fastq.gz	https://ftp.sra.ebi.ac.uk/vol1/fastq/ERR033/ERR033694/ERR033694_2.fastq.gz	SAMEA698722	3516529	u
ERR033697	PAIRED	https://ftp.sra.ebi.ac.uk/vol1/fastq/ERR033/ERR033697/ERR033697_1.fastq.gz	https://ftp.sra.ebi.ac.uk/vol1/fastq/ERR033/ERR033697/ERR033697_2.fastq.gz	SAMEA698313	3940203	u
ERR033699	PAIRED	https://ftp.sra.ebi.ac.uk/vol1/fastq/ERR033/ERR033699/ERR033699_1.fastq.gz	https://ftp.sra.ebi.ac.uk/vol1/fastq/ERR033/ERR033699/ERR033699_2.fastq.gz	SAMEA698315	3012201	u
ERR033700	PAIRED	https://ftp.sra.ebi.ac.uk/vol1/fastq/ERR033/ERR033700/ERR033700_1.fastq.gz	https://ftp.sra.ebi.ac.uk/vol1/fastq/ERR033/ERR033700/ERR033700_2.fastq.gz	SAMEA698318	1900110	u
ERR033702	PAIRED	https://ftp.sra.ebi.ac.uk/vol1/fastq/ERR033/ERR033702/ERR033702_1.fastq.gz	https://ftp.sra.ebi.ac.uk/vol1/fastq/ERR033/ERR033702/ERR033702_2.fastq.gz	SAMEA698730	2592658	u
ERR038660	PAIRED	https://ftp.sra.ebi.ac.uk/vol1/fastq/ERR038/ERR038660/ERR038660_1.fastq.gz	https://ftp.sra.ebi.ac.uk/vol1/fastq/ERR038/ERR038660/ERR038660_2.fastq.gz	SAMEA698468	2681946	u
ERR038661	PAIRED	https://ftp.sra.ebi.ac.uk/vol1/fastq/ERR038/ERR038661/ERR038661_1.fastq.gz	https://ftp.sra.ebi.ac.uk/vol1/fastq/ERR038/ERR038661/ERR038661_2.fastq.gz	SAMEA698469	2607618	u
ERR038662	PAIRED	https://ftp.sra.ebi.ac.uk/vol1/fastq/ERR038/ERR038662/ERR038662_1.fastq.gz	https://ftp.sra.ebi.ac.uk/vol1/fastq/ERR038/ERR038662/ERR038662_2.fastq.gz	SAMEA698470	23563280	u
ERR038663	PAIRED	https://ftp.sra.ebi.ac.uk/vol1/fastq/ERR038/ERR038663/ERR038663_1.fastq.gz	https://ftp.sra.ebi.ac.uk/vol1/fastq/ERR038/ERR038663/ERR038663_2.fastq.gz	SAMEA698471	2764934	u
ERR038664	PAIRED	https://ftp.sra.ebi.ac.uk/vol1/fastq/ERR038/ERR038664/ERR038664_1.fastq.gz	https://ftp.sra.ebi.ac.uk/vol1/fastq/ERR038/ERR038664/ERR038664_2.fastq.gz	SAMEA698598	3515670	u
ERR038665	PAIRED	https://ftp.sra.ebi.ac.uk/vol1/fastq/ERR038/ERR038665/ERR038665_1.fastq.gz	https://ftp.sra.ebi.ac.uk/vol1/fastq/ERR038/ERR038665/ERR038665_2.fastq.gz	SAMEA698597	2614207	u
ERR038669	PAIRED	https://ftp.sra.ebi.ac.uk/vol1/fastq/ERR038/ERR038669/ERR038669_1.fastq.gz	https://ftp.sra.ebi.ac.uk/vol1/fastq/ERR038/ERR038669/ERR038669_2.fastq.gz	SAMEA698474	1720933	u
ERR038671	PAIRED	https://ftp.sra.ebi.ac.uk/vol1/fastq/ERR038/ERR038671/ERR038671_1.fastq.gz	https://ftp.sra.ebi.ac.uk/vol1/fastq/ERR038/ERR038671/ERR038671_2.fastq.gz	SAMEA698504	3314593	u
ERR038673	PAIRED	https://ftp.sra.ebi.ac.uk/vol1/fastq/ERR038/ERR038673/ERR038673_1.fastq.gz	https://ftp.sra.ebi.ac.uk/vol1/fastq/ERR038/ERR038673/ERR038673_2.fastq.gz	SAMEA698500	6825806	u
ERR038675	PAIRED	https://ftp.sra.ebi.ac.uk/vol1/fastq/ERR038/ERR038675/ERR038675_1.fastq.gz	https://ftp.sra.ebi.ac.uk/vol1/fastq/ERR038/ERR038675/ERR038675_2.fastq.gz	SAMEA698502	3632116	u
ERR038678	PAIRED	https://ftp.sra.ebi.ac.uk/vol1/fastq/ERR038/ERR038678/ERR038678_1.fastq.gz	https://ftp.sra.ebi.ac.uk/vol1/fastq/ERR038/ERR038678/ERR038678_2.fastq.gz	SAMEA698497	5513009	u
ERR038682	PAIRED	https://ftp.sra.ebi.ac.uk/vol1/fastq/ERR038/ERR038682/ERR038682_1.fastq.gz	https://ftp.sra.ebi.ac.uk/vol1/fastq/ERR038/ERR038682/ERR038682_2.fastq.gz	SAMEA698361	4704878	u
ERR038691	PAIRED	https://ftp.sra.ebi.ac.uk/vol1/fastq/ERR038/ERR038691/ERR038691_1.fastq.gz	https://ftp.sra.ebi.ac.uk/vol1/fastq/ERR038/ERR038691/ERR038691_2.fastq.gz	SAMEA698359	6892032	u
ERR039389	PAIRED	https://ftp.sra.ebi.ac.uk/vol1/fastq/ERR039/ERR039389/ERR039389_1.fastq.gz	https://ftp.sra.ebi.ac.uk/vol1/fastq/ERR039/ERR039389/ERR039389_2.fastq.gz	SAMEA698279	8624596	u
ERR039393	PAIRED	https://ftp.sra.ebi.ac.uk/vol1/fastq/ERR039/ERR039393/ERR039393_1.fastq.gz	https://ftp.sra.ebi.ac.uk/vol1/fastq/ERR039/ERR039393/ERR039393_2.fastq.gz	SAMEA698657	8314386	u
ERR044563	PAIRED	https://ftp.sra.ebi.ac.uk/vol1/fastq/ERR044/ERR044563/ERR044563_1.fastq.gz	https://ftp.sra.ebi.ac.uk/vol1/fastq/ERR044/ERR044563/ERR044563_2.fastq.gz	SAMEA1030187	5406096	r
ERR044564	PAIRED	https://ftp.sra.ebi.ac.uk/vol1/fastq/ERR044/ERR044564/ERR044564_1.fastq.gz	https://ftp.sra.ebi.ac.uk/vol1/fastq/ERR044/ERR044564/ERR044564_2.fastq.gz	SAMEA1030181	4019196	r
ERR044565	PAIRED	https://ftp.sra.ebi.ac.uk/vol1/fastq/ERR044/ERR044565/ERR044565_1.fastq.gz	https://ftp.sra.ebi.ac.uk/vol1/fastq/ERR044/ERR044565/ERR044565_2.fastq.gz	SAMEA1030330	6924129	r
ERR044566	PAIRED	https://ftp.sra.ebi.ac.uk/vol1/fastq/ERR044/ERR044566/ERR044566_1.fastq.gz	https://ftp.sra.ebi.ac.uk/vol1/fastq/ERR044/ERR044566/ERR044566_2.fastq.gz	SAMEA1030313	5254151	r
ERR044569	PAIRED	https://ftp.sra.ebi.ac.uk/vol1/fastq/ERR044/ERR044569/ERR044569_1.fastq.gz	https://ftp.sra.ebi.ac.uk/vol1/fastq/ERR044/ERR044569/ERR044569_2.fastq.gz	SAMEA1030252	4427501	r
ERR044572	PAIRED	https://ftp.sra.ebi.ac.uk/vol1/fastq/ERR044/ERR044572/ERR044572_1.fastq.gz	https://ftp.sra.ebi.ac.uk/vol1/fastq/ERR044/ERR044572/ERR044572_2.fastq.gz	SAMEA1030227	6357842	r
ERR044573	PAIRED	https://ftp.sra.ebi.ac.uk/vol1/fastq/ERR044/ERR044573/ERR044573_1.fastq.gz	https://ftp.sra.ebi.ac.uk/vol1/fastq/ERR044/ERR044573/ERR044573_2.fastq.gz	SAMEA1030245	4310845	r
ERR044576	PAIRED	https://ftp.sra.ebi.ac.uk/vol1/fastq/ERR044/ERR044576/ERR044576_1.fastq.gz	https://ftp.sra.ebi.ac.uk/vol1/fastq/ERR044/ERR044576/ERR044576_2.fastq.gz	SAMEA1030176	3943553	r
ERR044578	PAIRED	https://ftp.sra.ebi.ac.uk/vol1/fastq/ERR044/ERR044578/ERR044578_1.fastq.gz	https://ftp.sra.ebi.ac.uk/vol1/fastq/ERR044/ERR044578/ERR044578_2.fastq.gz	SAMEA1030146	5218681	r
ERR044579	PAIRED	https://ftp.sra.ebi.ac.uk/vol1/fastq/ERR044/ERR044579/ERR044579_1.fastq.gz	https://ftp.sra.ebi.ac.uk/vol1/fastq/ERR044/ERR044579/ERR044579_2.fastq.gz	SAMEA1030331	3114384	r
ERR044582	PAIRED	https://ftp.sra.ebi.ac.uk/vol1/fastq/ERR044/ERR044582/ERR044582_1.fastq.gz	https://ftp.sra.ebi.ac.uk/vol1/fastq/ERR044/ERR044582/ERR044582_2.fastq.gz	SAMEA1030309	7477075	r
ERR044585	PAIRED	https://ftp.sra.ebi.ac.uk/vol1/fastq/ERR044/ERR044585/ERR044585_1.fastq.gz	https://ftp.sra.ebi.ac.uk/vol1/fastq/ERR044/ERR044585/ERR044585_2.fastq.gz	SAMEA1030207	4687320	r
ERR044586	PAIRED	https://ftp.sra.ebi.ac.uk/vol1/fastq/ERR044/ERR044586/ERR044586_1.fastq.gz	https://ftp.sra.ebi.ac.uk/vol1/fastq/ERR044/ERR044586/ERR044586_2.fastq.gz	SAMEA1030192	2732878	r
ERR044587	PAIRED	https://ftp.sra.ebi.ac.uk/vol1/fastq/ERR044/ERR044587/ERR044587_1.fastq.gz	https://ftp.sra.ebi.ac.uk/vol1/fastq/ERR044/ERR044587/ERR044587_2.fastq.gz	SAMEA1030267	2978816	r
ERR044588	PAIRED	https://ftp.sra.ebi.ac.uk/vol1/fastq/ERR044/ERR044588/ERR044588_1.fastq.gz	https://ftp.sra.ebi.ac.uk/vol1/fastq/ERR044/ERR044588/ERR044588_2.fastq.gz	SAMEA1030282	3171145	r
ERR044590	PAIRED	https://ftp.sra.ebi.ac.uk/vol1/fastq/ERR044/ERR044590/ERR044590_1.fastq.gz	https://ftp.sra.ebi.ac.uk/vol1/fastq/ERR044/ERR044590/ERR044590_2.fastq.gz	SAMEA1030255	6147871	r
ERR044592	PAIRED	https://ftp.sra.ebi.ac.uk/vol1/fastq/ERR044/ERR044592/ERR044592_1.fastq.gz	https://ftp.sra.ebi.ac.uk/vol1/fastq/ERR044/ERR044592/ERR044592_2.fastq.gz	SAMEA1030323	3783967	r
ERR044593	PAIRED	https://ftp.sra.ebi.ac.uk/vol1/fastq/ERR044/ERR044593/ERR044593_1.fastq.gz	https://ftp.sra.ebi.ac.uk/vol1/fastq/ERR044/ERR044593/ERR044593_2.fastq.gz	SAMEA1030338	7707244	r
ERR044594	PAIRED	https://ftp.sra.ebi.ac.uk/vol1/fastq/ERR044/ERR044594/ERR044594_1.fastq.gz	https://ftp.sra.ebi.ac.uk/vol1/fastq/ERR044/ERR044594/ERR044594_2.fastq.gz	SAMEA1030292	4919310	r
ERR044596	PAIRED	https://ftp.sra.ebi.ac.uk/vol1/fastq/ERR044/ERR044596/ERR044596_1.fastq.gz	https://ftp.sra.ebi.ac.uk/vol1/fastq/ERR044/ERR044596/ERR044596_2.fastq.gz	SAMEA1030141	2532031	r
ERR044597	PAIRED	https://ftp.sra.ebi.ac.uk/vol1/fastq/ERR044/ERR044597/ERR044597_1.fastq.gz	https://ftp.sra.ebi.ac.uk/vol1/fastq/ERR044/ERR044597/ERR044597_2.fastq.gz	SAMEA1030182	2909745	r
ERR044598	PAIRED	https://ftp.sra.ebi.ac.uk/vol1/fastq/ERR044/ERR044598/ERR044598_1.fastq.gz	https://ftp.sra.ebi.ac.uk/vol1/fastq/ERR044/ERR044598/ERR044598_2.fastq.gz	SAMEA1030169	2885880	r
ERR044601	PAIRED	https://ftp.sra.ebi.ac.uk/vol1/fastq/ERR044/ERR044601/ERR044601_1.fastq.gz	https://ftp.sra.ebi.ac.uk/vol1/fastq/ERR044/ERR044601/ERR044601_2.fastq.gz	SAMEA1030240	2437060	r
ERR044602	PAIRED	https://ftp.sra.ebi.ac.uk/vol1/fastq/ERR044/ERR044602/ERR044602_1.fastq.gz	https://ftp.sra.ebi.ac.uk/vol1/fastq/ERR044/ERR044602/ERR044602_2.fastq.gz	SAMEA1030237	4464074	r
ERR045052	PAIRED	https://ftp.sra.ebi.ac.uk/vol1/fastq/ERR045/ERR045052/ERR045052_1.fastq.gz	https://ftp.sra.ebi.ac.uk/vol1/fastq/ERR045/ERR045052/ERR045052_2.fastq.gz	SAMEA1030316	4234265	r
ERR045056	PAIRED	https://ftp.sra.ebi.ac.uk/vol1/fastq/ERR045/ERR045056/ERR045056_1.fastq.gz	https://ftp.sra.ebi.ac.uk/vol1/fastq/ERR045/ERR045056/ERR045056_2.fastq.gz	SAMEA1030150	6561150	r
ERR045059	PAIRED	https://ftp.sra.ebi.ac.uk/vol1/fastq/ERR045/ERR045059/ERR045059_1.fastq.gz	https://ftp.sra.ebi.ac.uk/vol1/fastq/ERR045/ERR045059/ERR045059_2.fastq.gz	SAMEA1030188	4871085	r
ERR045063	PAIRED	https://ftp.sra.ebi.ac.uk/vol1/fastq/ERR045/ERR045063/ERR045063_1.fastq.gz	https://ftp.sra.ebi.ac.uk/vol1/fastq/ERR045/ERR045063/ERR045063_2.fastq.gz	SAMEA1030281	3969960	s
ERR045064	PAIRED	https://ftp.sra.ebi.ac.uk/vol1/fastq/ERR045/ERR045064/ERR045064_1.fastq.gz	https://ftp.sra.ebi.ac.uk/vol1/fastq/ERR045/ERR045064/ERR045064_2.fastq.gz	SAMEA1030251	8804331	s
ERR045067	PAIRED	https://ftp.sra.ebi.ac.uk/vol1/fastq/ERR045/ERR045067/ERR045067_1.fastq.gz	https://ftp.sra.ebi.ac.uk/vol1/fastq/ERR045/ERR045067/ERR045067_2.fastq.gz	SAMEA1030317	3867543	r
ERR045069	PAIRED	https://ftp.sra.ebi.ac.uk/vol1/fastq/ERR045/ERR045069/ERR045069_1.fastq.gz	https://ftp.sra.ebi.ac.uk/vol1/fastq/ERR045/ERR045069/ERR045069_2.fastq.gz	SAMEA1030202	4604207	r
ERR045070	PAIRED	https://ftp.sra.ebi.ac.uk/vol1/fastq/ERR045/ERR045070/ERR045070_1.fastq.gz	https://ftp.sra.ebi.ac.uk/vol1/fastq/ERR045/ERR045070/ERR045070_2.fastq.gz	SAMEA1030213	5541663	r
ERR045071	PAIRED	https://ftp.sra.ebi.ac.uk/vol1/fastq/ERR045/ERR045071/ERR045071_1.fastq.gz	https://ftp.sra.ebi.ac.uk/vol1/fastq/ERR045/ERR045071/ERR045071_2.fastq.gz	SAMEA1030228	5396475	r
ERR045073	PAIRED	https://ftp.sra.ebi.ac.uk/vol1/fastq/ERR045/ERR045073/ERR045073_1.fastq.gz	https://ftp.sra.ebi.ac.uk/vol1/fastq/ERR045/ERR045073/ERR045073_2.fastq.gz	SAMEA1030234	10735919	r
ERR045843	PAIRED	https://ftp.sra.ebi.ac.uk/vol1/fastq/ERR045/ERR045843/ERR045843_1.fastq.gz	https://ftp.sra.ebi.ac.uk/vol1/fastq/ERR045/ERR045843/ERR045843_2.fastq.gz	SAMEA1028326	2170254	u
ERR053009	PAIRED	https://ftp.sra.ebi.ac.uk/vol1/fastq/ERR053/ERR053009/ERR053009_1.fastq.gz	https://ftp.sra.ebi.ac.uk/vol1/fastq/ERR053/ERR053009/ERR053009_2.fastq.gz	SAMEA1021981	9533059	u
ERR053012	PAIRED	https://ftp.sra.ebi.ac.uk/vol1/fastq/ERR053/ERR053012/ERR053012_1.fastq.gz	https://ftp.sra.ebi.ac.uk/vol1/fastq/ERR053/ERR053012/ERR053012_2.fastq.gz	SAMEA1022020	9456929	u
ERR053016	PAIRED	https://ftp.sra.ebi.ac.uk/vol1/fastq/ERR053/ERR053016/ERR053016_1.fastq.gz	https://ftp.sra.ebi.ac.uk/vol1/fastq/ERR053/ERR053016/ERR053016_2.fastq.gz	SAMEA1021856	6405525	u
ERR053018	PAIRED	https://ftp.sra.ebi.ac.uk/vol1/fastq/ERR053/ERR053018/ERR053018_1.fastq.gz	https://ftp.sra.ebi.ac.uk/vol1/fastq/ERR053/ERR053018/ERR053018_2.fastq.gz	SAMEA1021900	5753610	u
ERR053019	PAIRED	https://ftp.sra.ebi.ac.uk/vol1/fastq/ERR053/ERR053019/ERR053019_1.fastq.gz	https://ftp.sra.ebi.ac.uk/vol1/fastq/ERR053/ERR053019/ERR053019_2.fastq.gz	SAMEA1021881	3277309	u
ERR053021	PAIRED	https://ftp.sra.ebi.ac.uk/vol1/fastq/ERR053/ERR053021/ERR053021_1.fastq.gz	https://ftp.sra.ebi.ac.uk/vol1/fastq/ERR053/ERR053021/ERR053021_2.fastq.gz	SAMEA1021999	14634655	u
ERR053032	PAIRED	https://ftp.sra.ebi.ac.uk/vol1/fastq/ERR053/ERR053032/ERR053032_1.fastq.gz	https://ftp.sra.ebi.ac.uk/vol1/fastq/ERR053/ERR053032/ERR053032_2.fastq.gz	SAMEA1021849	7628973	u
ERR053034	PAIRED	https://ftp.sra.ebi.ac.uk/vol1/fastq/ERR053/ERR053034/ERR053034_1.fastq.gz	https://ftp.sra.ebi.ac.uk/vol1/fastq/ERR053/ERR053034/ERR053034_2.fastq.gz	SAMEA1021821	7721909	u
ERR053037	PAIRED	https://ftp.sra.ebi.ac.uk/vol1/fastq/ERR053/ERR053037/ERR053037_1.fastq.gz	https://ftp.sra.ebi.ac.uk/vol1/fastq/ERR053/ERR053037/ERR053037_2.fastq.gz	SAMEA1021970	14587028	u
ERR053039	PAIRED	https://ftp.sra.ebi.ac.uk/vol1/fastq/ERR053/ERR053039/ERR053039_1.fastq.gz	https://ftp.sra.ebi.ac.uk/vol1/fastq/ERR053/ERR053039/ERR053039_2.fastq.gz	SAMEA1022005	9596956	u
ERR053040	PAIRED	https://ftp.sra.ebi.ac.uk/vol1/fastq/ERR053/ERR053040/ERR053040_1.fastq.gz	https://ftp.sra.ebi.ac.uk/vol1/fastq/ERR053/ERR053040/ERR053040_2.fastq.gz	SAMEA1021933	13857046	u
ERR053046	PAIRED	https://ftp.sra.ebi.ac.uk/vol1/fastq/ERR053/ERR053046/ERR053046_1.fastq.gz	https://ftp.sra.ebi.ac.uk/vol1/fastq/ERR053/ERR053046/ERR053046_2.fastq.gz	SAMEA1021915	11061821	u
ERR085402	PAIRED	https://ftp.sra.ebi.ac.uk/vol1/fastq/ERR085/ERR085402/ERR085402_1.fastq.gz	https://ftp.sra.ebi.ac.uk/vol1/fastq/ERR085/ERR085402/ERR085402_2.fastq.gz	SAMEA1094535	3277267	u
ERR085403	PAIRED	https://ftp.sra.ebi.ac.uk/vol1/fastq/ERR085/ERR085403/ERR085403_1.fastq.gz	https://ftp.sra.ebi.ac.uk/vol1/fastq/ERR085/ERR085403/ERR085403_2.fastq.gz	SAMEA1094532	4683381	u
ERR085404	PAIRED	https://ftp.sra.ebi.ac.uk/vol1/fastq/ERR085/ERR085404/ERR085404_1.fastq.gz	https://ftp.sra.ebi.ac.uk/vol1/fastq/ERR085/ERR085404/ERR085404_2.fastq.gz	SAMEA1094534	3826885	u
ERR085406	PAIRED	https://ftp.sra.ebi.ac.uk/vol1/fastq/ERR085/ERR085406/ERR085406_1.fastq.gz	https://ftp.sra.ebi.ac.uk/vol1/fastq/ERR085/ERR085406/ERR085406_2.fastq.gz	SAMEA1094541	3401121	u
ERR085407	PAIRED	https://ftp.sra.ebi.ac.uk/vol1/fastq/ERR085/ERR085407/ERR085407_1.fastq.gz	https://ftp.sra.ebi.ac.uk/vol1/fastq/ERR085/ERR085407/ERR085407_2.fastq.gz	SAMEA1094536	4421132	u
ERR085408	PAIRED	https://ftp.sra.ebi.ac.uk/vol1/fastq/ERR085/ERR085408/ERR085408_1.fastq.gz	https://ftp.sra.ebi.ac.uk/vol1/fastq/ERR085/ERR085408/ERR085408_2.fastq.gz	SAMEA1094544	4060035	u
ERR085409	PAIRED	https://ftp.sra.ebi.ac.uk/vol1/fastq/ERR085/ERR085409/ERR085409_1.fastq.gz	https://ftp.sra.ebi.ac.uk/vol1/fastq/ERR085/ERR085409/ERR085409_2.fastq.gz	SAMEA1094525	3858125	u
ERR085413	PAIRED	https://ftp.sra.ebi.ac.uk/vol1/fastq/ERR085/ERR085413/ERR085413_1.fastq.gz	https://ftp.sra.ebi.ac.uk/vol1/fastq/ERR085/ERR085413/ERR085413_2.fastq.gz	SAMEA1094545	4042817	u
ERR085415	PAIRED	https://ftp.sra.ebi.ac.uk/vol1/fastq/ERR085/ERR085415/ERR085415_1.fastq.gz	https://ftp.sra.ebi.ac.uk/vol1/fastq/ERR085/ERR085415/ERR085415_2.fastq.gz	SAMEA1094529	4377477	u
ERR085416	PAIRED	https://ftp.sra.ebi.ac.uk/vol1/fastq/ERR085/ERR085416/ERR085416_1.fastq.gz	https://ftp.sra.ebi.ac.uk/vol1/fastq/ERR085/ERR085416/ERR085416_2.fastq.gz	SAMEA1094526	4342366	u
ERR085417	PAIRED	https://ftp.sra.ebi.ac.uk/vol1/fastq/ERR085/ERR085417/ERR085417_1.fastq.gz	https://ftp.sra.ebi.ac.uk/vol1/fastq/ERR085/ERR085417/ERR085417_2.fastq.gz	SAMEA1094542	4284868	u
ERR1069823	PAIRED	https://ftp.sra.ebi.ac.uk/vol1/fastq/ERR106/003/ERR1069823/ERR1069823_1.fastq.gz	https://ftp.sra.ebi.ac.uk/vol1/fastq/ERR106/003/ERR1069823/ERR1069823_2.fastq.gz	SAMEA3448970	6222092	s
ERR1069824	PAIRED	https://ftp.sra.ebi.ac.uk/vol1/fastq/ERR106/004/ERR1069824/ERR1069824_1.fastq.gz	https://ftp.sra.ebi.ac.uk/vol1/fastq/ERR106/004/ERR1069824/ERR1069824_2.fastq.gz	SAMEA3448971	6101824	s
ERR1069825	PAIRED	https://ftp.sra.ebi.ac.uk/vol1/fastq/ERR106/005/ERR1069825/ERR1069825_1.fastq.gz	https://ftp.sra.ebi.ac.uk/vol1/fastq/ERR106/005/ERR1069825/ERR1069825_2.fastq.gz	SAMEA3448972	6415482	s
ERR1069826	PAIRED	https://ftp.sra.ebi.ac.uk/vol1/fastq/ERR106/006/ERR1069826/ERR1069826_1.fastq.gz	https://ftp.sra.ebi.ac.uk/vol1/fastq/ERR106/006/ERR1069826/ERR1069826_2.fastq.gz	SAMEA3448973	6321780	s
ERR1069827	PAIRED	https://ftp.sra.ebi.ac.uk/vol1/fastq/ERR106/007/ERR1069827/ERR1069827_1.fastq.gz	https://ftp.sra.ebi.ac.uk/vol1/fastq/ERR106/007/ERR1069827/ERR1069827_2.fastq.gz	SAMEA3448974	6629406	s
ERR1069830	PAIRED	https://ftp.sra.ebi.ac.uk/vol1/fastq/ERR106/000/ERR1069830/ERR1069830_1.fastq.gz	https://ftp.sra.ebi.ac.uk/vol1/fastq/ERR106/000/ERR1069830/ERR1069830_2.fastq.gz	SAMEA3448977	6343112	s
ERR1069831	PAIRED	https://ftp.sra.ebi.ac.uk/vol1/fastq/ERR106/001/ERR1069831/ERR1069831_1.fastq.gz	https://ftp.sra.ebi.ac.uk/vol1/fastq/ERR106/001/ERR1069831/ERR1069831_2.fastq.gz	SAMEA3448978	6057688	s
ERR1069832	PAIRED	https://ftp.sra.ebi.ac.uk/vol1/fastq/ERR106/002/ERR1069832/ERR1069832_1.fastq.gz	https://ftp.sra.ebi.ac.uk/vol1/fastq/ERR106/002/ERR1069832/ERR1069832_2.fastq.gz	SAMEA3448979	6025374	s
ERR1069833	PAIRED	https://ftp.sra.ebi.ac.uk/vol1/fastq/ERR106/003/ERR1069833/ERR1069833_1.fastq.gz	https://ftp.sra.ebi.ac.uk/vol1/fastq/ERR106/003/ERR1069833/ERR1069833_2.fastq.gz	SAMEA3448980	6282814	s
ERR1069834	PAIRED	https://ftp.sra.ebi.ac.uk/vol1/fastq/ERR106/004/ERR1069834/ERR1069834_1.fastq.gz	https://ftp.sra.ebi.ac.uk/vol1/fastq/ERR106/004/ERR1069834/ERR1069834_2.fastq.gz	SAMEA3448981	6176624	s
ERR1069839	PAIRED	https://ftp.sra.ebi.ac.uk/vol1/fastq/ERR106/009/ERR1069839/ERR1069839_1.fastq.gz	https://ftp.sra.ebi.ac.uk/vol1/fastq/ERR106/009/ERR1069839/ERR1069839_2.fastq.gz	SAMEA3448986	6127878	s
ERR1069842	PAIRED	https://ftp.sra.ebi.ac.uk/vol1/fastq/ERR106/002/ERR1069842/ERR1069842_1.fastq.gz	https://ftp.sra.ebi.ac.uk/vol1/fastq/ERR106/002/ERR1069842/ERR1069842_2.fastq.gz	SAMEA3448989	6181084	s
ERR1069845	PAIRED	https://ftp.sra.ebi.ac.uk/vol1/fastq/ERR106/005/ERR1069845/ERR1069845_1.fastq.gz	https://ftp.sra.ebi.ac.uk/vol1/fastq/ERR106/005/ERR1069845/ERR1069845_2.fastq.gz	SAMEA3448992	5944114	s
ERR1069847	PAIRED	https://ftp.sra.ebi.ac.uk/vol1/fastq/ERR106/007/ERR1069847/ERR1069847_1.fastq.gz	https://ftp.sra.ebi.ac.uk/vol1/fastq/ERR106/007/ERR1069847/ERR1069847_2.fastq.gz	SAMEA3448994	5796906	s
ERR1069848	PAIRED	https://ftp.sra.ebi.ac.uk/vol1/fastq/ERR106/008/ERR1069848/ERR1069848_1.fastq.gz	https://ftp.sra.ebi.ac.uk/vol1/fastq/ERR106/008/ERR1069848/ERR1069848_2.fastq.gz	SAMEA3448995	5507534	s
ERR1069850	PAIRED	https://ftp.sra.ebi.ac.uk/vol1/fastq/ERR106/000/ERR1069850/ERR1069850_1.fastq.gz	https://ftp.sra.ebi.ac.uk/vol1/fastq/ERR106/000/ERR1069850/ERR1069850_2.fastq.gz	SAMEA3448997	5977824	s
ERR1069852	PAIRED	https://ftp.sra.ebi.ac.uk/vol1/fastq/ERR106/002/ERR1069852/ERR1069852_1.fastq.gz	https://ftp.sra.ebi.ac.uk/vol1/fastq/ERR106/002/ERR1069852/ERR1069852_2.fastq.gz	SAMEA3448999	5970050	s
ERR1069854	PAIRED	https://ftp.sra.ebi.ac.uk/vol1/fastq/ERR106/004/ERR1069854/ERR1069854_1.fastq.gz	https://ftp.sra.ebi.ac.uk/vol1/fastq/ERR106/004/ERR1069854/ERR1069854_2.fastq.gz	SAMEA3449001	6247032	s
ERR1069855	PAIRED	https://ftp.sra.ebi.ac.uk/vol1/fastq/ERR106/005/ERR1069855/ERR1069855_1.fastq.gz	https://ftp.sra.ebi.ac.uk/vol1/fastq/ERR106/005/ERR1069855/ERR1069855_2.fastq.gz	SAMEA3449002	5717904	s
ERR1069857	PAIRED	https://ftp.sra.ebi.ac.uk/vol1/fastq/ERR106/007/ERR1069857/ERR1069857_1.fastq.gz	https://ftp.sra.ebi.ac.uk/vol1/fastq/ERR106/007/ERR1069857/ERR1069857_2.fastq.gz	SAMEA3449004	5763356	s
ERR1069858	PAIRED	https://ftp.sra.ebi.ac.uk/vol1/fastq/ERR106/008/ERR1069858/ERR1069858_1.fastq.gz	https://ftp.sra.ebi.ac.uk/vol1/fastq/ERR106/008/ERR1069858/ERR1069858_2.fastq.gz	SAMEA3449005	5779864	s
ERR1069860	PAIRED	https://ftp.sra.ebi.ac.uk/vol1/fastq/ERR106/000/ERR1069860/ERR1069860_1.fastq.gz	https://ftp.sra.ebi.ac.uk/vol1/fastq/ERR106/000/ERR1069860/ERR1069860_2.fastq.gz	SAMEA3449007	6074062	s
ERR1069862	PAIRED	https://ftp.sra.ebi.ac.uk/vol1/fastq/ERR106/002/ERR1069862/ERR1069862_1.fastq.gz	https://ftp.sra.ebi.ac.uk/vol1/fastq/ERR106/002/ERR1069862/ERR1069862_2.fastq.gz	SAMEA3449009	5478258	s
ERR1069863	PAIRED	https://ftp.sra.ebi.ac.uk/vol1/fastq/ERR106/003/ERR1069863/ERR1069863_1.fastq.gz	https://ftp.sra.ebi.ac.uk/vol1/fastq/ERR106/003/ERR1069863/ERR1069863_2.fastq.gz	SAMEA3449010	5921148	s
ERR1069864	PAIRED	https://ftp.sra.ebi.ac.uk/vol1/fastq/ERR106/004/ERR1069864/ERR1069864_1.fastq.gz	https://ftp.sra.ebi.ac.uk/vol1/fastq/ERR106/004/ERR1069864/ERR1069864_2.fastq.gz	SAMEA3449011	5597774	s
ERR1069867	PAIRED	https://ftp.sra.ebi.ac.uk/vol1/fastq/ERR106/007/ERR1069867/ERR1069867_1.fastq.gz	https://ftp.sra.ebi.ac.uk/vol1/fastq/ERR106/007/ERR1069867/ERR1069867_2.fastq.gz	SAMEA3449014	6032784	s
ERR1069870	PAIRED	https://ftp.sra.ebi.ac.uk/vol1/fastq/ERR106/000/ERR1069870/ERR1069870_1.fastq.gz	https://ftp.sra.ebi.ac.uk/vol1/fastq/ERR106/000/ERR1069870/ERR1069870_2.fastq.gz	SAMEA3449017	5668800	s
ERR1069872	PAIRED	https://ftp.sra.ebi.ac.uk/vol1/fastq/ERR106/002/ERR1069872/ERR1069872_1.fastq.gz	https://ftp.sra.ebi.ac.uk/vol1/fastq/ERR106/002/ERR1069872/ERR1069872_2.fastq.gz	SAMEA3449019	5288670	s
ERR1069873	PAIRED	https://ftp.sra.ebi.ac.uk/vol1/fastq/ERR106/003/ERR1069873/ERR1069873_1.fastq.gz	https://ftp.sra.ebi.ac.uk/vol1/fastq/ERR106/003/ERR1069873/ERR1069873_2.fastq.gz	SAMEA3449020	5571638	s
ERR1069875	PAIRED	https://ftp.sra.ebi.ac.uk/vol1/fastq/ERR106/005/ERR1069875/ERR1069875_1.fastq.gz	https://ftp.sra.ebi.ac.uk/vol1/fastq/ERR106/005/ERR1069875/ERR1069875_2.fastq.gz	SAMEA3449022	5417666	s
ERR1069877	PAIRED	https://ftp.sra.ebi.ac.uk/vol1/fastq/ERR106/007/ERR1069877/ERR1069877_1.fastq.gz	https://ftp.sra.ebi.ac.uk/vol1/fastq/ERR106/007/ERR1069877/ERR1069877_2.fastq.gz	SAMEA3449024	6058048	s
ERR1069878	PAIRED	https://ftp.sra.ebi.ac.uk/vol1/fastq/ERR106/008/ERR1069878/ERR1069878_1.fastq.gz	https://ftp.sra.ebi.ac.uk/vol1/fastq/ERR106/008/ERR1069878/ERR1069878_2.fastq.gz	SAMEA3449025	5853946	s
ERR1069880	PAIRED	https://ftp.sra.ebi.ac.uk/vol1/fastq/ERR106/000/ERR1069880/ERR1069880_1.fastq.gz	https://ftp.sra.ebi.ac.uk/vol1/fastq/ERR106/000/ERR1069880/ERR1069880_2.fastq.gz	SAMEA3449027	5755572	s
ERR1069886	PAIRED	https://ftp.sra.ebi.ac.uk/vol1/fastq/ERR106/006/ERR1069886/ERR1069886_1.fastq.gz	https://ftp.sra.ebi.ac.uk/vol1/fastq/ERR106/006/ERR1069886/ERR1069886_2.fastq.gz	SAMEA3449033	5686538	s
ERR1069887	PAIRED	https://ftp.sra.ebi.ac.uk/vol1/fastq/ERR106/007/ERR1069887/ERR1069887_1.fastq.gz	https://ftp.sra.ebi.ac.uk/vol1/fastq/ERR106/007/ERR1069887/ERR1069887_2.fastq.gz	SAMEA3449034	5373282	s
ERR1069889	PAIRED	https://ftp.sra.ebi.ac.uk/vol1/fastq/ERR106/009/ERR1069889/ERR1069889_1.fastq.gz	https://ftp.sra.ebi.ac.uk/vol1/fastq/ERR106/009/ERR1069889/ERR1069889_2.fastq.gz	SAMEA3449036	5283508	s
ERR1069891	PAIRED	https://ftp.sra.ebi.ac.uk/vol1/fastq/ERR106/001/ERR1069891/ERR1069891_1.fastq.gz	https://ftp.sra.ebi.ac.uk/vol1/fastq/ERR106/001/ERR1069891/ERR1069891_2.fastq.gz	SAMEA3449038	5284148	s
ERR1069895	PAIRED	https://ftp.sra.ebi.ac.uk/vol1/fastq/ERR106/005/ERR1069895/ERR1069895_1.fastq.gz	https://ftp.sra.ebi.ac.uk/vol1/fastq/ERR106/005/ERR1069895/ERR1069895_2.fastq.gz	SAMEA3449042	5855688	s
ERR1069896	PAIRED	https://ftp.sra.ebi.ac.uk/vol1/fastq/ERR106/006/ERR1069896/ERR1069896_1.fastq.gz	https://ftp.sra.ebi.ac.uk/vol1/fastq/ERR106/006/ERR1069896/ERR1069896_2.fastq.gz	SAMEA3449043	5319508	s
ERR1069900	PAIRED	https://ftp.sra.ebi.ac.uk/vol1/fastq/ERR106/000/ERR1069900/ERR1069900_1.fastq.gz	https://ftp.sra.ebi.ac.uk/vol1/fastq/ERR106/000/ERR1069900/ERR1069900_2.fastq.gz	SAMEA3449047	5481204	s
ERR1069902	PAIRED	https://ftp.sra.ebi.ac.uk/vol1/fastq/ERR106/002/ERR1069902/ERR1069902_1.fastq.gz	https://ftp.sra.ebi.ac.uk/vol1/fastq/ERR106/002/ERR1069902/ERR1069902_2.fastq.gz	SAMEA3449049	6111572	s
ERR1069903	PAIRED	https://ftp.sra.ebi.ac.uk/vol1/fastq/ERR106/003/ERR1069903/ERR1069903_1.fastq.gz	https://ftp.sra.ebi.ac.uk/vol1/fastq/ERR106/003/ERR1069903/ERR1069903_2.fastq.gz	SAMEA3449050	7042816	s
ERR1069904	PAIRED	https://ftp.sra.ebi.ac.uk/vol1/fastq/ERR106/004/ERR1069904/ERR1069904_1.fastq.gz	https://ftp.sra.ebi.ac.uk/vol1/fastq/ERR106/004/ERR1069904/ERR1069904_2.fastq.gz	SAMEA3449051	6776176	s
ERR1069906	PAIRED	https://ftp.sra.ebi.ac.uk/vol1/fastq/ERR106/006/ERR1069906/ERR1069906_1.fastq.gz	https://ftp.sra.ebi.ac.uk/vol1/fastq/ERR106/006/ERR1069906/ERR1069906_2.fastq.gz	SAMEA3449053	5798556	s
ERR1069907	PAIRED	https://ftp.sra.ebi.ac.uk/vol1/fastq/ERR106/007/ERR1069907/ERR1069907_1.fastq.gz	https://ftp.sra.ebi.ac.uk/vol1/fastq/ERR106/007/ERR1069907/ERR1069907_2.fastq.gz	SAMEA3449054	5956436	s
ERR1069908	PAIRED	https://ftp.sra.ebi.ac.uk/vol1/fastq/ERR106/008/ERR1069908/ERR1069908_1.fastq.gz	https://ftp.sra.ebi.ac.uk/vol1/fastq/ERR106/008/ERR1069908/ERR1069908_2.fastq.gz	SAMEA3449055	6063086	s
ERR1069909	PAIRED	https://ftp.sra.ebi.ac.uk/vol1/fastq/ERR106/009/ERR1069909/ERR1069909_1.fastq.gz	https://ftp.sra.ebi.ac.uk/vol1/fastq/ERR106/009/ERR1069909/ERR1069909_2.fastq.gz	SAMEA3449056	6349888	s
ERR1069910	PAIRED	https://ftp.sra.ebi.ac.uk/vol1/fastq/ERR106/000/ERR1069910/ERR1069910_1.fastq.gz	https://ftp.sra.ebi.ac.uk/vol1/fastq/ERR106/000/ERR1069910/ERR1069910_2.fastq.gz	SAMEA3448833	6014800	s
ERR1069916	PAIRED	https://ftp.sra.ebi.ac.uk/vol1/fastq/ERR106/006/ERR1069916/ERR1069916_1.fastq.gz	https://ftp.sra.ebi.ac.uk/vol1/fastq/ERR106/006/ERR1069916/ERR1069916_2.fastq.gz	SAMEA3448839	5864026	s
ERR1069917	PAIRED	https://ftp.sra.ebi.ac.uk/vol1/fastq/ERR106/007/ERR1069917/ERR1069917_1.fastq.gz	https://ftp.sra.ebi.ac.uk/vol1/fastq/ERR106/007/ERR1069917/ERR1069917_2.fastq.gz	SAMEA3448840	6185654	s
ERR1069919	PAIRED	https://ftp.sra.ebi.ac.uk/vol1/fastq/ERR106/009/ERR1069919/ERR1069919_1.fastq.gz	https://ftp.sra.ebi.ac.uk/vol1/fastq/ERR106/009/ERR1069919/ERR1069919_2.fastq.gz	SAMEA3448842	5968796	u
ERR1069921	PAIRED	https://ftp.sra.ebi.ac.uk/vol1/fastq/ERR106/001/ERR1069921/ERR1069921_1.fastq.gz	https://ftp.sra.ebi.ac.uk/vol1/fastq/ERR106/001/ERR1069921/ERR1069921_2.fastq.gz	SAMEA3448844	5836840	s
ERR1069922	PAIRED	https://ftp.sra.ebi.ac.uk/vol1/fastq/ERR106/002/ERR1069922/ERR1069922_1.fastq.gz	https://ftp.sra.ebi.ac.uk/vol1/fastq/ERR106/002/ERR1069922/ERR1069922_2.fastq.gz	SAMEA3448845	6358424	s
ERR1069926	PAIRED	https://ftp.sra.ebi.ac.uk/vol1/fastq/ERR106/006/ERR1069926/ERR1069926_1.fastq.gz	https://ftp.sra.ebi.ac.uk/vol1/fastq/ERR106/006/ERR1069926/ERR1069926_2.fastq.gz	SAMEA3448849	5672540	s
ERR1069927	PAIRED	https://ftp.sra.ebi.ac.uk/vol1/fastq/ERR106/007/ERR1069927/ERR1069927_1.fastq.gz	https://ftp.sra.ebi.ac.uk/vol1/fastq/ERR106/007/ERR1069927/ERR1069927_2.fastq.gz	SAMEA3448850	5823262	s
ERR1069930	PAIRED	https://ftp.sra.ebi.ac.uk/vol1/fastq/ERR106/000/ERR1069930/ERR1069930_1.fastq.gz	https://ftp.sra.ebi.ac.uk/vol1/fastq/ERR106/000/ERR1069930/ERR1069930_2.fastq.gz	SAMEA3448853	6089300	s
ERR1069931	PAIRED	https://ftp.sra.ebi.ac.uk/vol1/fastq/ERR106/001/ERR1069931/ERR1069931_1.fastq.gz	https://ftp.sra.ebi.ac.uk/vol1/fastq/ERR106/001/ERR1069931/ERR1069931_2.fastq.gz	SAMEA3448854	7553446	s
ERR1069933	PAIRED	https://ftp.sra.ebi.ac.uk/vol1/fastq/ERR106/003/ERR1069933/ERR1069933_1.fastq.gz	https://ftp.sra.ebi.ac.uk/vol1/fastq/ERR106/003/ERR1069933/ERR1069933_2.fastq.gz	SAMEA3448856	6493108	s
ERR1069934	PAIRED	https://ftp.sra.ebi.ac.uk/vol1/fastq/ERR106/004/ERR1069934/ERR1069934_1.fastq.gz	https://ftp.sra.ebi.ac.uk/vol1/fastq/ERR106/004/ERR1069934/ERR1069934_2.fastq.gz	SAMEA3448857	5859448	s
ERR1069935	PAIRED	https://ftp.sra.ebi.ac.uk/vol1/fastq/ERR106/005/ERR1069935/ERR1069935_1.fastq.gz	https://ftp.sra.ebi.ac.uk/vol1/fastq/ERR106/005/ERR1069935/ERR1069935_2.fastq.gz	SAMEA3448858	6150248	s
ERR1069938	PAIRED	https://ftp.sra.ebi.ac.uk/vol1/fastq/ERR106/008/ERR1069938/ERR1069938_1.fastq.gz	https://ftp.sra.ebi.ac.uk/vol1/fastq/ERR106/008/ERR1069938/ERR1069938_2.fastq.gz	SAMEA3448861	6274900	s
ERR1069941	PAIRED	https://ftp.sra.ebi.ac.uk/vol1/fastq/ERR106/001/ERR1069941/ERR1069941_1.fastq.gz	https://ftp.sra.ebi.ac.uk/vol1/fastq/ERR106/001/ERR1069941/ERR1069941_2.fastq.gz	SAMEA3448864	5993076	s
ERR1069943	PAIRED	https://ftp.sra.ebi.ac.uk/vol1/fastq/ERR106/003/ERR1069943/ERR1069943_1.fastq.gz	https://ftp.sra.ebi.ac.uk/vol1/fastq/ERR106/003/ERR1069943/ERR1069943_2.fastq.gz	SAMEA3448866	6585930	s
ERR1069945	PAIRED	https://ftp.sra.ebi.ac.uk/vol1/fastq/ERR106/005/ERR1069945/ERR1069945_1.fastq.gz	https://ftp.sra.ebi.ac.uk/vol1/fastq/ERR106/005/ERR1069945/ERR1069945_2.fastq.gz	SAMEA3448868	6317684	s
ERR1069946	PAIRED	https://ftp.sra.ebi.ac.uk/vol1/fastq/ERR106/006/ERR1069946/ERR1069946_1.fastq.gz	https://ftp.sra.ebi.ac.uk/vol1/fastq/ERR106/006/ERR1069946/ERR1069946_2.fastq.gz	SAMEA3448869	6186862	s
ERR1069948	PAIRED	https://ftp.sra.ebi.ac.uk/vol1/fastq/ERR106/008/ERR1069948/ERR1069948_1.fastq.gz	https://ftp.sra.ebi.ac.uk/vol1/fastq/ERR106/008/ERR1069948/ERR1069948_2.fastq.gz	SAMEA3448871	7389722	s
ERR1069949	PAIRED	https://ftp.sra.ebi.ac.uk/vol1/fastq/ERR106/009/ERR1069949/ERR1069949_1.fastq.gz	https://ftp.sra.ebi.ac.uk/vol1/fastq/ERR106/009/ERR1069949/ERR1069949_2.fastq.gz	SAMEA3448872	7213042	s
ERR1069951	PAIRED	https://ftp.sra.ebi.ac.uk/vol1/fastq/ERR106/001/ERR1069951/ERR1069951_1.fastq.gz	https://ftp.sra.ebi.ac.uk/vol1/fastq/ERR106/001/ERR1069951/ERR1069951_2.fastq.gz	SAMEA3448874	6440984	s
ERR1069952	PAIRED	https://ftp.sra.ebi.ac.uk/vol1/fastq/ERR106/002/ERR1069952/ERR1069952_1.fastq.gz	https://ftp.sra.ebi.ac.uk/vol1/fastq/ERR106/002/ERR1069952/ERR1069952_2.fastq.gz	SAMEA3448875	6119224	s
ERR1069956	PAIRED	https://ftp.sra.ebi.ac.uk/vol1/fastq/ERR106/006/ERR1069956/ERR1069956_1.fastq.gz	https://ftp.sra.ebi.ac.uk/vol1/fastq/ERR106/006/ERR1069956/ERR1069956_2.fastq.gz	SAMEA3448879	7047512	s
ERR1069959	PAIRED	https://ftp.sra.ebi.ac.uk/vol1/fastq/ERR106/009/ERR1069959/ERR1069959_1.fastq.gz	https://ftp.sra.ebi.ac.uk/vol1/fastq/ERR106/009/ERR1069959/ERR1069959_2.fastq.gz	SAMEA3449396	5909380	s
ERR1069966	PAIRED	https://ftp.sra.ebi.ac.uk/vol1/fastq/ERR106/006/ERR1069966/ERR1069966_1.fastq.gz	https://ftp.sra.ebi.ac.uk/vol1/fastq/ERR106/006/ERR1069966/ERR1069966_2.fastq.gz	SAMEA3449403	6307248	s
ERR1069967	PAIRED	https://ftp.sra.ebi.ac.uk/vol1/fastq/ERR106/007/ERR1069967/ERR1069967_1.fastq.gz	https://ftp.sra.ebi.ac.uk/vol1/fastq/ERR106/007/ERR1069967/ERR1069967_2.fastq.gz	SAMEA3449404	7209782	s
ERR1069969	PAIRED	https://ftp.sra.ebi.ac.uk/vol1/fastq/ERR106/009/ERR1069969/ERR1069969_1.fastq.gz	https://ftp.sra.ebi.ac.uk/vol1/fastq/ERR106/009/ERR1069969/ERR1069969_2.fastq.gz	SAMEA3448882	6657794	s
ERR1069972	PAIRED	https://ftp.sra.ebi.ac.uk/vol1/fastq/ERR106/002/ERR1069972/ERR1069972_1.fastq.gz	https://ftp.sra.ebi.ac.uk/vol1/fastq/ERR106/002/ERR1069972/ERR1069972_2.fastq.gz	SAMEA3448885	6299334	s
ERR1069973	PAIRED	https://ftp.sra.ebi.ac.uk/vol1/fastq/ERR106/003/ERR1069973/ERR1069973_1.fastq.gz	https://ftp.sra.ebi.ac.uk/vol1/fastq/ERR106/003/ERR1069973/ERR1069973_2.fastq.gz	SAMEA3448886	6607400	s
ERR1069975	PAIRED	https://ftp.sra.ebi.ac.uk/vol1/fastq/ERR106/005/ERR1069975/ERR1069975_1.fastq.gz	https://ftp.sra.ebi.ac.uk/vol1/fastq/ERR106/005/ERR1069975/ERR1069975_2.fastq.gz	SAMEA3448888	7664124	s
ERR1069976	PAIRED	https://ftp.sra.ebi.ac.uk/vol1/fastq/ERR106/006/ERR1069976/ERR1069976_1.fastq.gz	https://ftp.sra.ebi.ac.uk/vol1/fastq/ERR106/006/ERR1069976/ERR1069976_2.fastq.gz	SAMEA3448889	7793316	s
ERR1069978	PAIRED	https://ftp.sra.ebi.ac.uk/vol1/fastq/ERR106/008/ERR1069978/ERR1069978_1.fastq.gz	https://ftp.sra.ebi.ac.uk/vol1/fastq/ERR106/008/ERR1069978/ERR1069978_2.fastq.gz	SAMEA3448891	5538332	s
ERR1069980	PAIRED	https://ftp.sra.ebi.ac.uk/vol1/fastq/ERR106/000/ERR1069980/ERR1069980_1.fastq.gz	https://ftp.sra.ebi.ac.uk/vol1/fastq/ERR106/000/ERR1069980/ERR1069980_2.fastq.gz	SAMEA3448893	6106882	s
ERR1069981	PAIRED	https://ftp.sra.ebi.ac.uk/vol1/fastq/ERR106/001/ERR1069981/ERR1069981_1.fastq.gz	https://ftp.sra.ebi.ac.uk/vol1/fastq/ERR106/001/ERR1069981/ERR1069981_2.fastq.gz	SAMEA3448894	6153634	s
ERR1069982	PAIRED	https://ftp.sra.ebi.ac.uk/vol1/fastq/ERR106/002/ERR1069982/ERR1069982_1.fastq.gz	https://ftp.sra.ebi.ac.uk/vol1/fastq/ERR106/002/ERR1069982/ERR1069982_2.fastq.gz	SAMEA3448895	7039964	s
ERR1069984	PAIRED	https://ftp.sra.ebi.ac.uk/vol1/fastq/ERR106/004/ERR1069984/ERR1069984_1.fastq.gz	https://ftp.sra.ebi.ac.uk/vol1/fastq/ERR106/004/ERR1069984/ERR1069984_2.fastq.gz	SAMEA3448897	7233232	s
ERR1069992	PAIRED	https://ftp.sra.ebi.ac.uk/vol1/fastq/ERR106/002/ERR1069992/ERR1069992_1.fastq.gz	https://ftp.sra.ebi.ac.uk/vol1/fastq/ERR106/002/ERR1069992/ERR1069992_2.fastq.gz	SAMEA3448905	6848754	s
ERR1069993	PAIRED	https://ftp.sra.ebi.ac.uk/vol1/fastq/ERR106/003/ERR1069993/ERR1069993_1.fastq.gz	https://ftp.sra.ebi.ac.uk/vol1/fastq/ERR106/003/ERR1069993/ERR1069993_2.fastq.gz	SAMEA3448906	6739954	s
ERR1069995	PAIRED	https://ftp.sra.ebi.ac.uk/vol1/fastq/ERR106/005/ERR1069995/ERR1069995_1.fastq.gz	https://ftp.sra.ebi.ac.uk/vol1/fastq/ERR106/005/ERR1069995/ERR1069995_2.fastq.gz	SAMEA3448908	5490724	s
ERR1069999	PAIRED	https://ftp.sra.ebi.ac.uk/vol1/fastq/ERR106/009/ERR1069999/ERR1069999_1.fastq.gz	https://ftp.sra.ebi.ac.uk/vol1/fastq/ERR106/009/ERR1069999/ERR1069999_2.fastq.gz	SAMEA3448912	5810170	s
ERR1070001	PAIRED	https://ftp.sra.ebi.ac.uk/vol1/fastq/ERR107/001/ERR1070001/ERR1070001_1.fastq.gz	https://ftp.sra.ebi.ac.uk/vol1/fastq/ERR107/001/ERR1070001/ERR1070001_2.fastq.gz	SAMEA3448914	6085148	s
ERR1070002	PAIRED	https://ftp.sra.ebi.ac.uk/vol1/fastq/ERR107/002/ERR1070002/ERR1070002_1.fastq.gz	https://ftp.sra.ebi.ac.uk/vol1/fastq/ERR107/002/ERR1070002/ERR1070002_2.fastq.gz	SAMEA3448915	5329060	s
ERR1070005	PAIRED	https://ftp.sra.ebi.ac.uk/vol1/fastq/ERR107/005/ERR1070005/ERR1070005_1.fastq.gz	https://ftp.sra.ebi.ac.uk/vol1/fastq/ERR107/005/ERR1070005/ERR1070005_2.fastq.gz	SAMEA3448918	5407730	s
ERR1070007	PAIRED	https://ftp.sra.ebi.ac.uk/vol1/fastq/ERR107/007/ERR1070007/ERR1070007_1.fastq.gz	https://ftp.sra.ebi.ac.uk/vol1/fastq/ERR107/007/ERR1070007/ERR1070007_2.fastq.gz	SAMEA3448920	5928734	s
ERR1070008	PAIRED	https://ftp.sra.ebi.ac.uk/vol1/fastq/ERR107/008/ERR1070008/ERR1070008_1.fastq.gz	https://ftp.sra.ebi.ac.uk/vol1/fastq/ERR107/008/ERR1070008/ERR1070008_2.fastq.gz	SAMEA3448921	5668354	s
ERR1070010	PAIRED	https://ftp.sra.ebi.ac.uk/vol1/fastq/ERR107/000/ERR1070010/ERR1070010_1.fastq.gz	https://ftp.sra.ebi.ac.uk/vol1/fastq/ERR107/000/ERR1070010/ERR1070010_2.fastq.gz	SAMEA3448923	5289558	s
ERR1070011	PAIRED	https://ftp.sra.ebi.ac.uk/vol1/fastq/ERR107/001/ERR1070011/ERR1070011_1.fastq.gz	https://ftp.sra.ebi.ac.uk/vol1/fastq/ERR107/001/ERR1070011/ERR1070011_2.fastq.gz	SAMEA3448924	5321128	s
ERR1070012	PAIRED	https://ftp.sra.ebi.ac.uk/vol1/fastq/ERR107/002/ERR1070012/ERR1070012_1.fastq.gz	https://ftp.sra.ebi.ac.uk/vol1/fastq/ERR107/002/ERR1070012/ERR1070012_2.fastq.gz	SAMEA3448925	5424858	s
ERR1070015	PAIRED	https://ftp.sra.ebi.ac.uk/vol1/fastq/ERR107/005/ERR1070015/ERR1070015_1.fastq.gz	https://ftp.sra.ebi.ac.uk/vol1/fastq/ERR107/005/ERR1070015/ERR1070015_2.fastq.gz	SAMEA3448928	5450728	s
ERR1070016	PAIRED	https://ftp.sra.ebi.ac.uk/vol1/fastq/ERR107/006/ERR1070016/ERR1070016_1.fastq.gz	https://ftp.sra.ebi.ac.uk/vol1/fastq/ERR107/006/ERR1070016/ERR1070016_2.fastq.gz	SAMEA3448929	5565190	s
ERR1070017	PAIRED	https://ftp.sra.ebi.ac.uk/vol1/fastq/ERR107/007/ERR1070017/ERR1070017_1.fastq.gz	https://ftp.sra.ebi.ac.uk/vol1/fastq/ERR107/007/ERR1070017/ERR1070017_2.fastq.gz	SAMEA3448930	5701202	s
ERR1070018	PAIRED	https://ftp.sra.ebi.ac.uk/vol1/fastq/ERR107/008/ERR1070018/ERR1070018_1.fastq.gz	https://ftp.sra.ebi.ac.uk/vol1/fastq/ERR107/008/ERR1070018/ERR1070018_2.fastq.gz	SAMEA3448931	5269476	s
ERR1070020	PAIRED	https://ftp.sra.ebi.ac.uk/vol1/fastq/ERR107/000/ERR1070020/ERR1070020_1.fastq.gz	https://ftp.sra.ebi.ac.uk/vol1/fastq/ERR107/000/ERR1070020/ERR1070020_2.fastq.gz	SAMEA3448933	5229582	s
ERR1070025	PAIRED	https://ftp.sra.ebi.ac.uk/vol1/fastq/ERR107/005/ERR1070025/ERR1070025_1.fastq.gz	https://ftp.sra.ebi.ac.uk/vol1/fastq/ERR107/005/ERR1070025/ERR1070025_2.fastq.gz	SAMEA3448938	5847702	s
ERR1070026	PAIRED	https://ftp.sra.ebi.ac.uk/vol1/fastq/ERR107/006/ERR1070026/ERR1070026_1.fastq.gz	https://ftp.sra.ebi.ac.uk/vol1/fastq/ERR107/006/ERR1070026/ERR1070026_2.fastq.gz	SAMEA3448939	5263758	s
ERR1070027	PAIRED	https://ftp.sra.ebi.ac.uk/vol1/fastq/ERR107/007/ERR1070027/ERR1070027_1.fastq.gz	https://ftp.sra.ebi.ac.uk/vol1/fastq/ERR107/007/ERR1070027/ERR1070027_2.fastq.gz	SAMEA3448940	5011674	s
ERR1070029	PAIRED	https://ftp.sra.ebi.ac.uk/vol1/fastq/ERR107/009/ERR1070029/ERR1070029_1.fastq.gz	https://ftp.sra.ebi.ac.uk/vol1/fastq/ERR107/009/ERR1070029/ERR1070029_2.fastq.gz	SAMEA3448942	4823966	s
ERR1070035	PAIRED	https://ftp.sra.ebi.ac.uk/vol1/fastq/ERR107/005/ERR1070035/ERR1070035_1.fastq.gz	https://ftp.sra.ebi.ac.uk/vol1/fastq/ERR107/005/ERR1070035/ERR1070035_2.fastq.gz	SAMEA3448948	5082280	r
ERR1070036	PAIRED	https://ftp.sra.ebi.ac.uk/vol1/fastq/ERR107/006/ERR1070036/ERR1070036_1.fastq.gz	https://ftp.sra.ebi.ac.uk/vol1/fastq/ERR107/006/ERR1070036/ERR1070036_2.fastq.gz	SAMEA3448949	5012950	s
ERR1070037	PAIRED	https://ftp.sra.ebi.ac.uk/vol1/fastq/ERR107/007/ERR1070037/ERR1070037_1.fastq.gz	https://ftp.sra.ebi.ac.uk/vol1/fastq/ERR107/007/ERR1070037/ERR1070037_2.fastq.gz	SAMEA3448950	4853806	s
ERR1070039	PAIRED	https://ftp.sra.ebi.ac.uk/vol1/fastq/ERR107/009/ERR1070039/ERR1070039_1.fastq.gz	https://ftp.sra.ebi.ac.uk/vol1/fastq/ERR107/009/ERR1070039/ERR1070039_2.fastq.gz	SAMEA3448952	5256666	s
ERR1070041	PAIRED	https://ftp.sra.ebi.ac.uk/vol1/fastq/ERR107/001/ERR1070041/ERR1070041_1.fastq.gz	https://ftp.sra.ebi.ac.uk/vol1/fastq/ERR107/001/ERR1070041/ERR1070041_2.fastq.gz	SAMEA3448954	5074356	s
ERR1070042	PAIRED	https://ftp.sra.ebi.ac.uk/vol1/fastq/ERR107/002/ERR1070042/ERR1070042_1.fastq.gz	https://ftp.sra.ebi.ac.uk/vol1/fastq/ERR107/002/ERR1070042/ERR1070042_2.fastq.gz	SAMEA3448955	5106550	r
ERR1070044	PAIRED	https://ftp.sra.ebi.ac.uk/vol1/fastq/ERR107/004/ERR1070044/ERR1070044_1.fastq.gz	https://ftp.sra.ebi.ac.uk/vol1/fastq/ERR107/004/ERR1070044/ERR1070044_2.fastq.gz	SAMEA3448957	5301428	s
ERR1070047	PAIRED	https://ftp.sra.ebi.ac.uk/vol1/fastq/ERR107/007/ERR1070047/ERR1070047_1.fastq.gz	https://ftp.sra.ebi.ac.uk/vol1/fastq/ERR107/007/ERR1070047/ERR1070047_2.fastq.gz	SAMEA3448960	5273818	s
ERR1070049	PAIRED	https://ftp.sra.ebi.ac.uk/vol1/fastq/ERR107/009/ERR1070049/ERR1070049_1.fastq.gz	https://ftp.sra.ebi.ac.uk/vol1/fastq/ERR107/009/ERR1070049/ERR1070049_2.fastq.gz	SAMEA3448962	6169502	s
ERR1070052	PAIRED	https://ftp.sra.ebi.ac.uk/vol1/fastq/ERR107/002/ERR1070052/ERR1070052_1.fastq.gz	https://ftp.sra.ebi.ac.uk/vol1/fastq/ERR107/002/ERR1070052/ERR1070052_2.fastq.gz	SAMEA3448965	5872360	r
ERR1070053	PAIRED	https://ftp.sra.ebi.ac.uk/vol1/fastq/ERR107/003/ERR1070053/ERR1070053_1.fastq.gz	https://ftp.sra.ebi.ac.uk/vol1/fastq/ERR107/003/ERR1070053/ERR1070053_2.fastq.gz	SAMEA3448966	5932618	s
ERR1070054	PAIRED	https://ftp.sra.ebi.ac.uk/vol1/fastq/ERR107/004/ERR1070054/ERR1070054_1.fastq.gz	https://ftp.sra.ebi.ac.uk/vol1/fastq/ERR107/004/ERR1070054/ERR1070054_2.fastq.gz	SAMEA3448967	5594364	s
ERR1070055	PAIRED	https://ftp.sra.ebi.ac.uk/vol1/fastq/ERR107/005/ERR1070055/ERR1070055_1.fastq.gz	https://ftp.sra.ebi.ac.uk/vol1/fastq/ERR107/005/ERR1070055/ERR1070055_2.fastq.gz	SAMEA3448968	6000486	s
ERR1070059	PAIRED	https://ftp.sra.ebi.ac.uk/vol1/fastq/ERR107/009/ERR1070059/ERR1070059_1.fastq.gz	https://ftp.sra.ebi.ac.uk/vol1/fastq/ERR107/009/ERR1070059/ERR1070059_2.fastq.gz	SAMEA3449059	6832258	s
ERR1070061	PAIRED	https://ftp.sra.ebi.ac.uk/vol1/fastq/ERR107/001/ERR1070061/ERR1070061_1.fastq.gz	https://ftp.sra.ebi.ac.uk/vol1/fastq/ERR107/001/ERR1070061/ERR1070061_2.fastq.gz	SAMEA3449061	6446964	s
ERR1070062	PAIRED	https://ftp.sra.ebi.ac.uk/vol1/fastq/ERR107/002/ERR1070062/ERR1070062_1.fastq.gz	https://ftp.sra.ebi.ac.uk/vol1/fastq/ERR107/002/ERR1070062/ERR1070062_2.fastq.gz	SAMEA3449062	6304032	s
ERR1070066	PAIRED	https://ftp.sra.ebi.ac.uk/vol1/fastq/ERR107/006/ERR1070066/ERR1070066_1.fastq.gz	https://ftp.sra.ebi.ac.uk/vol1/fastq/ERR107/006/ERR1070066/ERR1070066_2.fastq.gz	SAMEA3449066	5054050	s
ERR1070068	PAIRED	https://ftp.sra.ebi.ac.uk/vol1/fastq/ERR107/008/ERR1070068/ERR1070068_1.fastq.gz	https://ftp.sra.ebi.ac.uk/vol1/fastq/ERR107/008/ERR1070068/ERR1070068_2.fastq.gz	SAMEA3449068	5394084	s
ERR1070103	PAIRED	https://ftp.sra.ebi.ac.uk/vol1/fastq/ERR107/003/ERR1070103/ERR1070103_1.fastq.gz	https://ftp.sra.ebi.ac.uk/vol1/fastq/ERR107/003/ERR1070103/ERR1070103_2.fastq.gz	SAMEA3449103	5666942	s
ERR1070104	PAIRED	https://ftp.sra.ebi.ac.uk/vol1/fastq/ERR107/004/ERR1070104/ERR1070104_1.fastq.gz	https://ftp.sra.ebi.ac.uk/vol1/fastq/ERR107/004/ERR1070104/ERR1070104_2.fastq.gz	SAMEA3449104	5690134	s
ERR1070105	PAIRED	https://ftp.sra.ebi.ac.uk/vol1/fastq/ERR107/005/ERR1070105/ERR1070105_1.fastq.gz	https://ftp.sra.ebi.ac.uk/vol1/fastq/ERR107/005/ERR1070105/ERR1070105_2.fastq.gz	SAMEA3449105	6159480	s
ERR1070143	PAIRED	https://ftp.sra.ebi.ac.uk/vol1/fastq/ERR107/003/ERR1070143/ERR1070143_1.fastq.gz	https://ftp.sra.ebi.ac.uk/vol1/fastq/ERR107/003/ERR1070143/ERR1070143_2.fastq.gz	SAMEA3449143	5954258	s
ERR1197981	PAIRED	https://ftp.sra.ebi.ac.uk/vol1/fastq/ERR119/001/ERR1197981/ERR1197981_1.fastq.gz	https://ftp.sra.ebi.ac.uk/vol1/fastq/ERR119/001/ERR1197981/ERR1197981_2.fastq.gz	SAMEA3719314	1717536	u
ERR124429	PAIRED	https://ftp.sra.ebi.ac.uk/vol1/fastq/ERR124/ERR124429/ERR124429_1.fastq.gz	https://ftp.sra.ebi.ac.uk/vol1/fastq/ERR124/ERR124429/ERR124429_2.fastq.gz	SAMEA1464023	817583	u
ERR124430	PAIRED	https://ftp.sra.ebi.ac.uk/vol1/fastq/ERR124/ERR124430/ERR124430_1.fastq.gz	https://ftp.sra.ebi.ac.uk/vol1/fastq/ERR124/ERR124430/ERR124430_2.fastq.gz	SAMEA1464014	789960	u
ERR124431	PAIRED	https://ftp.sra.ebi.ac.uk/vol1/fastq/ERR124/ERR124431/ERR124431_1.fastq.gz	https://ftp.sra.ebi.ac.uk/vol1/fastq/ERR124/ERR124431/ERR124431_2.fastq.gz	SAMEA1464000	553403	u
ERR124432	PAIRED	https://ftp.sra.ebi.ac.uk/vol1/fastq/ERR124/ERR124432/ERR124432_1.fastq.gz	https://ftp.sra.ebi.ac.uk/vol1/fastq/ERR124/ERR124432/ERR124432_2.fastq.gz	SAMEA1464017	715929	u
ERR128709	PAIRED	https://ftp.sra.ebi.ac.uk/vol1/fastq/ERR128/ERR128709/ERR128709_1.fastq.gz	https://ftp.sra.ebi.ac.uk/vol1/fastq/ERR128/ERR128709/ERR128709_2.fastq.gz	SAMEA1464011	948874	u
ERR128711	PAIRED	https://ftp.sra.ebi.ac.uk/vol1/fastq/ERR128/ERR128711/ERR128711_1.fastq.gz	https://ftp.sra.ebi.ac.uk/vol1/fastq/ERR128/ERR128711/ERR128711_2.fastq.gz	SAMEA1464033	719106	u
ERR128713	PAIRED	https://ftp.sra.ebi.ac.uk/vol1/fastq/ERR128/ERR128713/ERR128713_1.fastq.gz	https://ftp.sra.ebi.ac.uk/vol1/fastq/ERR128/ERR128713/ERR128713_2.fastq.gz	SAMEA1464006	590152	u
ERR128715	PAIRED	https://ftp.sra.ebi.ac.uk/vol1/fastq/ERR128/ERR128715/ERR128715_1.fastq.gz	https://ftp.sra.ebi.ac.uk/vol1/fastq/ERR128/ERR128715/ERR128715_2.fastq.gz	SAMEA1464028	653578	u
ERR128716	PAIRED	https://ftp.sra.ebi.ac.uk/vol1/fastq/ERR128/ERR128716/ERR128716_1.fastq.gz	https://ftp.sra.ebi.ac.uk/vol1/fastq/ERR128/ERR128716/ERR128716_2.fastq.gz	SAMEA1464016	1182809	u
ERR128720	PAIRED	https://ftp.sra.ebi.ac.uk/vol1/fastq/ERR128/ERR128720/ERR128720_1.fastq.gz	https://ftp.sra.ebi.ac.uk/vol1/fastq/ERR128/ERR128720/ERR128720_2.fastq.gz	SAMEA1464027	601001	u
ERR131810	PAIRED	https://ftp.sra.ebi.ac.uk/vol1/fastq/ERR131/ERR131810/ERR131810_1.fastq.gz	https://ftp.sra.ebi.ac.uk/vol1/fastq/ERR131/ERR131810/ERR131810_2.fastq.gz	SAMEA1464029	690145	u
ERR131811	PAIRED	https://ftp.sra.ebi.ac.uk/vol1/fastq/ERR131/ERR131811/ERR131811_1.fastq.gz	https://ftp.sra.ebi.ac.uk/vol1/fastq/ERR131/ERR131811/ERR131811_2.fastq.gz	SAMEA1464034	727035	u
ERR131814	PAIRED	https://ftp.sra.ebi.ac.uk/vol1/fastq/ERR131/ERR131814/ERR131814_1.fastq.gz	https://ftp.sra.ebi.ac.uk/vol1/fastq/ERR131/ERR131814/ERR131814_2.fastq.gz	SAMEA1464024	777009	u
ERR134620	PAIRED	https://ftp.sra.ebi.ac.uk/vol1/fastq/ERR134/ERR134620/ERR134620_1.fastq.gz	https://ftp.sra.ebi.ac.uk/vol1/fastq/ERR134/ERR134620/ERR134620_2.fastq.gz	SAMEA1324760	2465623	u
ERR134634	PAIRED	https://ftp.sra.ebi.ac.uk/vol1/fastq/ERR134/ERR134634/ERR134634_1.fastq.gz	https://ftp.sra.ebi.ac.uk/vol1/fastq/ERR134/ERR134634/ERR134634_2.fastq.gz	SAMEA1324679	2798096	u
ERR134676	PAIRED	https://ftp.sra.ebi.ac.uk/vol1/fastq/ERR134/ERR134676/ERR134676_1.fastq.gz	https://ftp.sra.ebi.ac.uk/vol1/fastq/ERR134/ERR134676/ERR134676_2.fastq.gz	SAMEA1324628	2668674	u
ERR134712	PAIRED	https://ftp.sra.ebi.ac.uk/vol1/fastq/ERR134/ERR134712/ERR134712_1.fastq.gz	https://ftp.sra.ebi.ac.uk/vol1/fastq/ERR134/ERR134712/ERR134712_2.fastq.gz	SAMEA1324555	3206397	u
ERR134744	PAIRED	https://ftp.sra.ebi.ac.uk/vol1/fastq/ERR134/ERR134744/ERR134744_1.fastq.gz	https://ftp.sra.ebi.ac.uk/vol1/fastq/ERR134/ERR134744/ERR134744_2.fastq.gz	SAMEA1324746	4392865	u
ERR134806	PAIRED	https://ftp.sra.ebi.ac.uk/vol1/fastq/ERR134/ERR134806/ERR134806_1.fastq.gz	https://ftp.sra.ebi.ac.uk/vol1/fastq/ERR134/ERR134806/ERR134806_2.fastq.gz	SAMEA1324572	1539138	u
ERR134818	PAIRED	https://ftp.sra.ebi.ac.uk/vol1/fastq/ERR134/ERR134818/ERR134818_1.fastq.gz	https://ftp.sra.ebi.ac.uk/vol1/fastq/ERR134/ERR134818/ERR134818_2.fastq.gz	SAMEA1324666	1619951	u
ERR134823	PAIRED	https://ftp.sra.ebi.ac.uk/vol1/fastq/ERR134/ERR134823/ERR134823_1.fastq.gz	https://ftp.sra.ebi.ac.uk/vol1/fastq/ERR134/ERR134823/ERR134823_2.fastq.gz	SAMEA1324752	2052198	u
ERR134848	PAIRED	https://ftp.sra.ebi.ac.uk/vol1/fastq/ERR134/ERR134848/ERR134848_1.fastq.gz	https://ftp.sra.ebi.ac.uk/vol1/fastq/ERR134/ERR134848/ERR134848_2.fastq.gz	SAMEA1324700	2038534	u
ERR156333	PAIRED	https://ftp.sra.ebi.ac.uk/vol1/fastq/ERR156/ERR156333/ERR156333_1.fastq.gz	https://ftp.sra.ebi.ac.uk/vol1/fastq/ERR156/ERR156333/ERR156333_2.fastq.gz	SAMEA1463394	815077	u
ERR156340	PAIRED	https://ftp.sra.ebi.ac.uk/vol1/fastq/ERR156/ERR156340/ERR156340_1.fastq.gz	https://ftp.sra.ebi.ac.uk/vol1/fastq/ERR156/ERR156340/ERR156340_2.fastq.gz	SAMEA1463361	2555678	u
ERR171845	PAIRED	https://ftp.sra.ebi.ac.uk/vol1/fastq/ERR171/ERR171845/ERR171845_1.fastq.gz	https://ftp.sra.ebi.ac.uk/vol1/fastq/ERR171/ERR171845/ERR171845_2.fastq.gz	SAMEA1522623	3096316	u
ERR190210	PAIRED	https://ftp.sra.ebi.ac.uk/vol1/fastq/ERR190/ERR190210/ERR190210_1.fastq.gz	https://ftp.sra.ebi.ac.uk/vol1/fastq/ERR190/ERR190210/ERR190210_2.fastq.gz	SAMEA1565121	2874219	u
ERR204139	PAIRED	https://ftp.sra.ebi.ac.uk/vol1/fastq/ERR204/ERR204139/ERR204139_1.fastq.gz	https://ftp.sra.ebi.ac.uk/vol1/fastq/ERR204/ERR204139/ERR204139_2.fastq.gz	SAMEA1572484	1683017	u
ERR204155	PAIRED	https://ftp.sra.ebi.ac.uk/vol1/fastq/ERR204/ERR204155/ERR204155_1.fastq.gz	https://ftp.sra.ebi.ac.uk/vol1/fastq/ERR204/ERR204155/ERR204155_2.fastq.gz	SAMEA1572450	1329754	u
ERR204180	PAIRED	https://ftp.sra.ebi.ac.uk/vol1/fastq/ERR204/ERR204180/ERR204180_1.fastq.gz	https://ftp.sra.ebi.ac.uk/vol1/fastq/ERR204/ERR204180/ERR204180_2.fastq.gz	SAMEA1572482	1476683	u
ERR204182	PAIRED	https://ftp.sra.ebi.ac.uk/vol1/fastq/ERR204/ERR204182/ERR204182_1.fastq.gz	https://ftp.sra.ebi.ac.uk/vol1/fastq/ERR204/ERR204182/ERR204182_2.fastq.gz	SAMEA1572433	1496041	u
ERR204205	PAIRED	https://ftp.sra.ebi.ac.uk/vol1/fastq/ERR204/ERR204205/ERR204205_1.fastq.gz	https://ftp.sra.ebi.ac.uk/vol1/fastq/ERR204/ERR204205/ERR204205_2.fastq.gz	SAMEA1572354	1765857	u
ERR204229	PAIRED	https://ftp.sra.ebi.ac.uk/vol1/fastq/ERR204/ERR204229/ERR204229_1.fastq.gz	https://ftp.sra.ebi.ac.uk/vol1/fastq/ERR204/ERR204229/ERR204229_2.fastq.gz	SAMEA1572272	1584727	u
ERR211938	PAIRED	https://ftp.sra.ebi.ac.uk/vol1/fastq/ERR211/ERR211938/ERR211938_1.fastq.gz	https://ftp.sra.ebi.ac.uk/vol1/fastq/ERR211/ERR211938/ERR211938_2.fastq.gz	SAMEA1568590	2766956	u
ERR211950	PAIRED	https://ftp.sra.ebi.ac.uk/vol1/fastq/ERR211/ERR211950/ERR211950_1.fastq.gz	https://ftp.sra.ebi.ac.uk/vol1/fastq/ERR211/ERR211950/ERR211950_2.fastq.gz	SAMEA1568618	1797496	u
ERR211953	PAIRED	https://ftp.sra.ebi.ac.uk/vol1/fastq/ERR211/ERR211953/ERR211953_1.fastq.gz	https://ftp.sra.ebi.ac.uk/vol1/fastq/ERR211/ERR211953/ERR211953_2.fastq.gz	SAMEA1568663	1720029	u
ERR211954	PAIRED	https://ftp.sra.ebi.ac.uk/vol1/fastq/ERR211/ERR211954/ERR211954_1.fastq.gz	https://ftp.sra.ebi.ac.uk/vol1/fastq/ERR211/ERR211954/ERR211954_2.fastq.gz	SAMEA1568655	1726692	u
ERR211968	PAIRED	https://ftp.sra.ebi.ac.uk/vol1/fastq/ERR211/ERR211968/ERR211968_1.fastq.gz	https://ftp.sra.ebi.ac.uk/vol1/fastq/ERR211/ERR211968/ERR211968_2.fastq.gz	SAMEA1568639	2460276	u
ERR212780	PAIRED	https://ftp.sra.ebi.ac.uk/vol1/fastq/ERR212/ERR212780/ERR212780_1.fastq.gz	https://ftp.sra.ebi.ac.uk/vol1/fastq/ERR212/ERR212780/ERR212780_2.fastq.gz	SAMEA1572255	1354682	u
ERR212783	PAIRED	https://ftp.sra.ebi.ac.uk/vol1/fastq/ERR212/ERR212783/ERR212783_1.fastq.gz	https://ftp.sra.ebi.ac.uk/vol1/fastq/ERR212/ERR212783/ERR212783_2.fastq.gz	SAMEA1572500	2019793	u
ERR212793	PAIRED	https://ftp.sra.ebi.ac.uk/vol1/fastq/ERR212/ERR212793/ERR212793_1.fastq.gz	https://ftp.sra.ebi.ac.uk/vol1/fastq/ERR212/ERR212793/ERR212793_2.fastq.gz	SAMEA1572216	1736960	u
ERR212816	PAIRED	https://ftp.sra.ebi.ac.uk/vol1/fastq/ERR212/ERR212816/ERR212816_1.fastq.gz	https://ftp.sra.ebi.ac.uk/vol1/fastq/ERR212/ERR212816/ERR212816_2.fastq.gz	SAMEA1572437	2234314	u
ERR212833	PAIRED	https://ftp.sra.ebi.ac.uk/vol1/fastq/ERR212/ERR212833/ERR212833_1.fastq.gz	https://ftp.sra.ebi.ac.uk/vol1/fastq/ERR212/ERR212833/ERR212833_2.fastq.gz	SAMEA1572388	2730448	u
ERR212847	PAIRED	https://ftp.sra.ebi.ac.uk/vol1/fastq/ERR212/ERR212847/ERR212847_1.fastq.gz	https://ftp.sra.ebi.ac.uk/vol1/fastq/ERR212/ERR212847/ERR212847_2.fastq.gz	SAMEA1572359	1491109	u
ERR212879	PAIRED	https://ftp.sra.ebi.ac.uk/vol1/fastq/ERR212/ERR212879/ERR212879_1.fastq.gz	https://ftp.sra.ebi.ac.uk/vol1/fastq/ERR212/ERR212879/ERR212879_2.fastq.gz	SAMEA1572552	2042690	u
ERR212899	PAIRED	https://ftp.sra.ebi.ac.uk/vol1/fastq/ERR212/ERR212899/ERR212899_1.fastq.gz	https://ftp.sra.ebi.ac.uk/vol1/fastq/ERR212/ERR212899/ERR212899_2.fastq.gz	SAMEA1572481	1688533	u
ERR212901	PAIRED	https://ftp.sra.ebi.ac.uk/vol1/fastq/ERR212/ERR212901/ERR212901_1.fastq.gz	https://ftp.sra.ebi.ac.uk/vol1/fastq/ERR212/ERR212901/ERR212901_2.fastq.gz	SAMEA1572517	1613105	u
ERR212927	PAIRED	https://ftp.sra.ebi.ac.uk/vol1/fastq/ERR212/ERR212927/ERR212927_1.fastq.gz	https://ftp.sra.ebi.ac.uk/vol1/fastq/ERR212/ERR212927/ERR212927_2.fastq.gz	SAMEA1572285	1815097	u
ERR212947	PAIRED	https://ftp.sra.ebi.ac.uk/vol1/fastq/ERR212/ERR212947/ERR212947_1.fastq.gz	https://ftp.sra.ebi.ac.uk/vol1/fastq/ERR212/ERR212947/ERR212947_2.fastq.gz	SAMEA1572527	1120091	u
ERR213001	PAIRED	https://ftp.sra.ebi.ac.uk/vol1/fastq/ERR213/ERR213001/ERR213001_1.fastq.gz	https://ftp.sra.ebi.ac.uk/vol1/fastq/ERR213/ERR213001/ERR213001_2.fastq.gz	SAMEA1572496	1662910	u
ERR213014	PAIRED	https://ftp.sra.ebi.ac.uk/vol1/fastq/ERR213/ERR213014/ERR213014_1.fastq.gz	https://ftp.sra.ebi.ac.uk/vol1/fastq/ERR213/ERR213014/ERR213014_2.fastq.gz	SAMEA1572258	2060496	u
ERR2309517	PAIRED	https://ftp.sra.ebi.ac.uk/vol1/fastq/ERR230/007/ERR2309517/ERR2309517_1.fastq.gz	https://ftp.sra.ebi.ac.uk/vol1/fastq/ERR230/007/ERR2309517/ERR2309517_2.fastq.gz	SAMEA104602089	727017	s
ERR2309518	PAIRED	https://ftp.sra.ebi.ac.uk/vol1/fastq/ERR230/008/ERR2309518/ERR2309518_1.fastq.gz	https://ftp.sra.ebi.ac.uk/vol1/fastq/ERR230/008/ERR2309518/ERR2309518_2.fastq.gz	SAMEA104602090	311245	s
ERR2309519	PAIRED	https://ftp.sra.ebi.ac.uk/vol1/fastq/ERR230/009/ERR2309519/ERR2309519_1.fastq.gz	https://ftp.sra.ebi.ac.uk/vol1/fastq/ERR230/009/ERR2309519/ERR2309519_2.fastq.gz	SAMEA104602091	728762	s
ERR2309521	PAIRED	https://ftp.sra.ebi.ac.uk/vol1/fastq/ERR230/001/ERR2309521/ERR2309521_1.fastq.gz	https://ftp.sra.ebi.ac.uk/vol1/fastq/ERR230/001/ERR2309521/ERR2309521_2.fastq.gz	SAMEA104602093	344053	s
ERR2309525	PAIRED	https://ftp.sra.ebi.ac.uk/vol1/fastq/ERR230/005/ERR2309525/ERR2309525_1.fastq.gz	https://ftp.sra.ebi.ac.uk/vol1/fastq/ERR230/005/ERR2309525/ERR2309525_2.fastq.gz	SAMEA104602097	668047	s
ERR2309526	PAIRED	https://ftp.sra.ebi.ac.uk/vol1/fastq/ERR230/006/ERR2309526/ERR2309526_1.fastq.gz	https://ftp.sra.ebi.ac.uk/vol1/fastq/ERR230/006/ERR2309526/ERR2309526_2.fastq.gz	SAMEA104602098	581799	s
ERR2309528	PAIRED	https://ftp.sra.ebi.ac.uk/vol1/fastq/ERR230/008/ERR2309528/ERR2309528_1.fastq.gz	https://ftp.sra.ebi.ac.uk/vol1/fastq/ERR230/008/ERR2309528/ERR2309528_2.fastq.gz	SAMEA104602100	787748	s
ERR2309529	PAIRED	https://ftp.sra.ebi.ac.uk/vol1/fastq/ERR230/009/ERR2309529/ERR2309529_1.fastq.gz	https://ftp.sra.ebi.ac.uk/vol1/fastq/ERR230/009/ERR2309529/ERR2309529_2.fastq.gz	SAMEA104602039	462889	s
ERR2309531	PAIRED	https://ftp.sra.ebi.ac.uk/vol1/fastq/ERR230/001/ERR2309531/ERR2309531_1.fastq.gz	https://ftp.sra.ebi.ac.uk/vol1/fastq/ERR230/001/ERR2309531/ERR2309531_2.fastq.gz	SAMEA104602102	347016	s
ERR2309532	PAIRED	https://ftp.sra.ebi.ac.uk/vol1/fastq/ERR230/002/ERR2309532/ERR2309532_1.fastq.gz	https://ftp.sra.ebi.ac.uk/vol1/fastq/ERR230/002/ERR2309532/ERR2309532_2.fastq.gz	SAMEA104602103	652870	s
ERR2309533	PAIRED	https://ftp.sra.ebi.ac.uk/vol1/fastq/ERR230/003/ERR2309533/ERR2309533_1.fastq.gz	https://ftp.sra.ebi.ac.uk/vol1/fastq/ERR230/003/ERR2309533/ERR2309533_2.fastq.gz	SAMEA104602104	525908	s
ERR2309538	PAIRED	https://ftp.sra.ebi.ac.uk/vol1/fastq/ERR230/008/ERR2309538/ERR2309538_1.fastq.gz	https://ftp.sra.ebi.ac.uk/vol1/fastq/ERR230/008/ERR2309538/ERR2309538_2.fastq.gz	SAMEA104602109	253893	s
ERR2309541	PAIRED	https://ftp.sra.ebi.ac.uk/vol1/fastq/ERR230/001/ERR2309541/ERR2309541_1.fastq.gz	https://ftp.sra.ebi.ac.uk/vol1/fastq/ERR230/001/ERR2309541/ERR2309541_2.fastq.gz	SAMEA104602112	912484	s
ERR2309543	PAIRED	https://ftp.sra.ebi.ac.uk/vol1/fastq/ERR230/003/ERR2309543/ERR2309543_1.fastq.gz	https://ftp.sra.ebi.ac.uk/vol1/fastq/ERR230/003/ERR2309543/ERR2309543_2.fastq.gz	SAMEA104602114	593547	s
ERR2309545	PAIRED	https://ftp.sra.ebi.ac.uk/vol1/fastq/ERR230/005/ERR2309545/ERR2309545_1.fastq.gz	https://ftp.sra.ebi.ac.uk/vol1/fastq/ERR230/005/ERR2309545/ERR2309545_2.fastq.gz	SAMEA104602116	1102142	s
ERR2309549	PAIRED	https://ftp.sra.ebi.ac.uk/vol1/fastq/ERR230/009/ERR2309549/ERR2309549_1.fastq.gz	https://ftp.sra.ebi.ac.uk/vol1/fastq/ERR230/009/ERR2309549/ERR2309549_2.fastq.gz	SAMEA104602119	484047	s
ERR2309551	PAIRED	https://ftp.sra.ebi.ac.uk/vol1/fastq/ERR230/001/ERR2309551/ERR2309551_1.fastq.gz	https://ftp.sra.ebi.ac.uk/vol1/fastq/ERR230/001/ERR2309551/ERR2309551_2.fastq.gz	SAMEA104602121	820750	s
ERR2309552	PAIRED	https://ftp.sra.ebi.ac.uk/vol1/fastq/ERR230/002/ERR2309552/ERR2309552_1.fastq.gz	https://ftp.sra.ebi.ac.uk/vol1/fastq/ERR230/002/ERR2309552/ERR2309552_2.fastq.gz	SAMEA104602122	373056	s
ERR2309555	PAIRED	https://ftp.sra.ebi.ac.uk/vol1/fastq/ERR230/005/ERR2309555/ERR2309555_1.fastq.gz	https://ftp.sra.ebi.ac.uk/vol1/fastq/ERR230/005/ERR2309555/ERR2309555_2.fastq.gz	SAMEA104602125	432520	s
ERR2309556	PAIRED	https://ftp.sra.ebi.ac.uk/vol1/fastq/ERR230/006/ERR2309556/ERR2309556_1.fastq.gz	https://ftp.sra.ebi.ac.uk/vol1/fastq/ERR230/006/ERR2309556/ERR2309556_2.fastq.gz	SAMEA104602126	359787	s
ERR2309557	PAIRED	https://ftp.sra.ebi.ac.uk/vol1/fastq/ERR230/007/ERR2309557/ERR2309557_1.fastq.gz	https://ftp.sra.ebi.ac.uk/vol1/fastq/ERR230/007/ERR2309557/ERR2309557_2.fastq.gz	SAMEA104602127	253198	s
ERR2309561	PAIRED	https://ftp.sra.ebi.ac.uk/vol1/fastq/ERR230/001/ERR2309561/ERR2309561_1.fastq.gz	https://ftp.sra.ebi.ac.uk/vol1/fastq/ERR230/001/ERR2309561/ERR2309561_2.fastq.gz	SAMEA104602131	423305	s
ERR2309562	PAIRED	https://ftp.sra.ebi.ac.uk/vol1/fastq/ERR230/002/ERR2309562/ERR2309562_1.fastq.gz	https://ftp.sra.ebi.ac.uk/vol1/fastq/ERR230/002/ERR2309562/ERR2309562_2.fastq.gz	SAMEA104602041	323769	s
ERR2309563	PAIRED	https://ftp.sra.ebi.ac.uk/vol1/fastq/ERR230/003/ERR2309563/ERR2309563_1.fastq.gz	https://ftp.sra.ebi.ac.uk/vol1/fastq/ERR230/003/ERR2309563/ERR2309563_2.fastq.gz	SAMEA104602042	594969	s
ERR2309564	PAIRED	https://ftp.sra.ebi.ac.uk/vol1/fastq/ERR230/004/ERR2309564/ERR2309564_1.fastq.gz	https://ftp.sra.ebi.ac.uk/vol1/fastq/ERR230/004/ERR2309564/ERR2309564_2.fastq.gz	SAMEA104602043	627382	s
ERR2309569	PAIRED	https://ftp.sra.ebi.ac.uk/vol1/fastq/ERR230/009/ERR2309569/ERR2309569_1.fastq.gz	https://ftp.sra.ebi.ac.uk/vol1/fastq/ERR230/009/ERR2309569/ERR2309569_2.fastq.gz	SAMEA104602047	679395	s
ERR2309574	PAIRED	https://ftp.sra.ebi.ac.uk/vol1/fastq/ERR230/004/ERR2309574/ERR2309574_1.fastq.gz	https://ftp.sra.ebi.ac.uk/vol1/fastq/ERR230/004/ERR2309574/ERR2309574_2.fastq.gz	SAMEA104602052	1469251	s
ERR2309575	PAIRED	https://ftp.sra.ebi.ac.uk/vol1/fastq/ERR230/005/ERR2309575/ERR2309575_1.fastq.gz	https://ftp.sra.ebi.ac.uk/vol1/fastq/ERR230/005/ERR2309575/ERR2309575_2.fastq.gz	SAMEA104602053	797732	s
ERR2309576	PAIRED	https://ftp.sra.ebi.ac.uk/vol1/fastq/ERR230/006/ERR2309576/ERR2309576_1.fastq.gz	https://ftp.sra.ebi.ac.uk/vol1/fastq/ERR230/006/ERR2309576/ERR2309576_2.fastq.gz	SAMEA104602054	536487	s
ERR2309581	PAIRED	https://ftp.sra.ebi.ac.uk/vol1/fastq/ERR230/001/ERR2309581/ERR2309581_1.fastq.gz	https://ftp.sra.ebi.ac.uk/vol1/fastq/ERR230/001/ERR2309581/ERR2309581_2.fastq.gz	SAMEA104602136	406595	s
ERR2309583	PAIRED	https://ftp.sra.ebi.ac.uk/vol1/fastq/ERR230/003/ERR2309583/ERR2309583_1.fastq.gz	https://ftp.sra.ebi.ac.uk/vol1/fastq/ERR230/003/ERR2309583/ERR2309583_2.fastq.gz	SAMEA104602057	409560	s
ERR2309584	PAIRED	https://ftp.sra.ebi.ac.uk/vol1/fastq/ERR230/004/ERR2309584/ERR2309584_1.fastq.gz	https://ftp.sra.ebi.ac.uk/vol1/fastq/ERR230/004/ERR2309584/ERR2309584_2.fastq.gz	SAMEA104602058	449106	s
ERR2309586	PAIRED	https://ftp.sra.ebi.ac.uk/vol1/fastq/ERR230/006/ERR2309586/ERR2309586_1.fastq.gz	https://ftp.sra.ebi.ac.uk/vol1/fastq/ERR230/006/ERR2309586/ERR2309586_2.fastq.gz	SAMEA104602060	2082100	s
ERR2309588	PAIRED	https://ftp.sra.ebi.ac.uk/vol1/fastq/ERR230/008/ERR2309588/ERR2309588_1.fastq.gz	https://ftp.sra.ebi.ac.uk/vol1/fastq/ERR230/008/ERR2309588/ERR2309588_2.fastq.gz	SAMEA104602062	470848	s
ERR2309589	PAIRED	https://ftp.sra.ebi.ac.uk/vol1/fastq/ERR230/009/ERR2309589/ERR2309589_1.fastq.gz	https://ftp.sra.ebi.ac.uk/vol1/fastq/ERR230/009/ERR2309589/ERR2309589_2.fastq.gz	SAMEA104602063	351806	r
ERR2309590	PAIRED	https://ftp.sra.ebi.ac.uk/vol1/fastq/ERR230/000/ERR2309590/ERR2309590_1.fastq.gz	https://ftp.sra.ebi.ac.uk/vol1/fastq/ERR230/000/ERR2309590/ERR2309590_2.fastq.gz	SAMEA104602064	505542	s
ERR2309595	PAIRED	https://ftp.sra.ebi.ac.uk/vol1/fastq/ERR230/005/ERR2309595/ERR2309595_1.fastq.gz	https://ftp.sra.ebi.ac.uk/vol1/fastq/ERR230/005/ERR2309595/ERR2309595_2.fastq.gz	SAMEA104602068	500956	s
ERR2309597	PAIRED	https://ftp.sra.ebi.ac.uk/vol1/fastq/ERR230/007/ERR2309597/ERR2309597_1.fastq.gz	https://ftp.sra.ebi.ac.uk/vol1/fastq/ERR230/007/ERR2309597/ERR2309597_2.fastq.gz	SAMEA104602070	368923	s
ERR2309598	PAIRED	https://ftp.sra.ebi.ac.uk/vol1/fastq/ERR230/008/ERR2309598/ERR2309598_1.fastq.gz	https://ftp.sra.ebi.ac.uk/vol1/fastq/ERR230/008/ERR2309598/ERR2309598_2.fastq.gz	SAMEA104602071	507382	s
ERR2309602	PAIRED	https://ftp.sra.ebi.ac.uk/vol1/fastq/ERR230/002/ERR2309602/ERR2309602_1.fastq.gz	https://ftp.sra.ebi.ac.uk/vol1/fastq/ERR230/002/ERR2309602/ERR2309602_2.fastq.gz	SAMEA104602075	516425	s
ERR2309605	PAIRED	https://ftp.sra.ebi.ac.uk/vol1/fastq/ERR230/005/ERR2309605/ERR2309605_1.fastq.gz	https://ftp.sra.ebi.ac.uk/vol1/fastq/ERR230/005/ERR2309605/ERR2309605_2.fastq.gz	SAMEA104602078	860896	s
ERR2309606	PAIRED	https://ftp.sra.ebi.ac.uk/vol1/fastq/ERR230/006/ERR2309606/ERR2309606_1.fastq.gz	https://ftp.sra.ebi.ac.uk/vol1/fastq/ERR230/006/ERR2309606/ERR2309606_2.fastq.gz	SAMEA104602079	324234	s
ERR2309607	PAIRED	https://ftp.sra.ebi.ac.uk/vol1/fastq/ERR230/007/ERR2309607/ERR2309607_1.fastq.gz	https://ftp.sra.ebi.ac.uk/vol1/fastq/ERR230/007/ERR2309607/ERR2309607_2.fastq.gz	SAMEA104602080	685770	s
ERR2309612	PAIRED	https://ftp.sra.ebi.ac.uk/vol1/fastq/ERR230/002/ERR2309612/ERR2309612_1.fastq.gz	https://ftp.sra.ebi.ac.uk/vol1/fastq/ERR230/002/ERR2309612/ERR2309612_2.fastq.gz	SAMEA104602085	427593	s
ERR2309613	PAIRED	https://ftp.sra.ebi.ac.uk/vol1/fastq/ERR230/003/ERR2309613/ERR2309613_1.fastq.gz	https://ftp.sra.ebi.ac.uk/vol1/fastq/ERR230/003/ERR2309613/ERR2309613_2.fastq.gz	SAMEA104602086	383614	s
ERR234887	PAIRED	https://ftp.sra.ebi.ac.uk/vol1/fastq/ERR234/ERR234887/ERR234887_1.fastq.gz	https://ftp.sra.ebi.ac.uk/vol1/fastq/ERR234/ERR234887/ERR234887_2.fastq.gz	SAMEA1709024	1697894	u
ERR237621	PAIRED	https://ftp.sra.ebi.ac.uk/vol1/fastq/ERR237/ERR237621/ERR237621_1.fastq.gz	https://ftp.sra.ebi.ac.uk/vol1/fastq/ERR237/ERR237621/ERR237621_2.fastq.gz	SAMEA1708667	1930801	u
ERR246614	PAIRED	https://ftp.sra.ebi.ac.uk/vol1/fastq/ERR246/ERR246614/ERR246614_1.fastq.gz	https://ftp.sra.ebi.ac.uk/vol1/fastq/ERR246/ERR246614/ERR246614_2.fastq.gz	SAMEA1708781	1832218	u
ERR249315	PAIRED	https://ftp.sra.ebi.ac.uk/vol1/fastq/ERR249/ERR249315/ERR249315_1.fastq.gz	https://ftp.sra.ebi.ac.uk/vol1/fastq/ERR249/ERR249315/ERR249315_2.fastq.gz	SAMEA1710092	300587	u
ERR249323	PAIRED	https://ftp.sra.ebi.ac.uk/vol1/fastq/ERR249/ERR249323/ERR249323_1.fastq.gz	https://ftp.sra.ebi.ac.uk/vol1/fastq/ERR249/ERR249323/ERR249323_2.fastq.gz	SAMEA1710103	350324	u
ERR256883	PAIRED	https://ftp.sra.ebi.ac.uk/vol1/fastq/ERR256/ERR256883/ERR256883_1.fastq.gz	https://ftp.sra.ebi.ac.uk/vol1/fastq/ERR256/ERR256883/ERR256883_2.fastq.gz	SAMEA1710114	327510	u
ERR294307	PAIRED	https://ftp.sra.ebi.ac.uk/vol1/fastq/ERR294/ERR294307/ERR294307_1.fastq.gz	https://ftp.sra.ebi.ac.uk/vol1/fastq/ERR294/ERR294307/ERR294307_2.fastq.gz	SAMEA1904138	2179715	u
ERR302763	PAIRED	https://ftp.sra.ebi.ac.uk/vol1/fastq/ERR302/ERR302763/ERR302763_1.fastq.gz	https://ftp.sra.ebi.ac.uk/vol1/fastq/ERR302/ERR302763/ERR302763_2.fastq.gz	SAMEA1466507	2502039	u
ERR302839	PAIRED	https://ftp.sra.ebi.ac.uk/vol1/fastq/ERR302/ERR302839/ERR302839_1.fastq.gz	https://ftp.sra.ebi.ac.uk/vol1/fastq/ERR302/ERR302839/ERR302839_2.fastq.gz	SAMEA1466448	2629514	u
ERR3148086	PAIRED	https://ftp.sra.ebi.ac.uk/vol1/fastq/ERR314/006/ERR3148086/ERR3148086_1.fastq.gz	https://ftp.sra.ebi.ac.uk/vol1/fastq/ERR314/006/ERR3148086/ERR3148086_2.fastq.gz	SAMEA5330273	1269427	u
ERR3148087	PAIRED	https://ftp.sra.ebi.ac.uk/vol1/fastq/ERR314/007/ERR3148087/ERR3148087_1.fastq.gz	https://ftp.sra.ebi.ac.uk/vol1/fastq/ERR314/007/ERR3148087/ERR3148087_2.fastq.gz	SAMEA5330274	1546632	u
ERR3148090	PAIRED	https://ftp.sra.ebi.ac.uk/vol1/fastq/ERR314/000/ERR3148090/ERR3148090_1.fastq.gz	https://ftp.sra.ebi.ac.uk/vol1/fastq/ERR314/000/ERR3148090/ERR3148090_2.fastq.gz	SAMEA5330277	1060816	u
ERR3148097	PAIRED	https://ftp.sra.ebi.ac.uk/vol1/fastq/ERR314/007/ERR3148097/ERR3148097_1.fastq.gz	https://ftp.sra.ebi.ac.uk/vol1/fastq/ERR314/007/ERR3148097/ERR3148097_2.fastq.gz	SAMEA5330284	1556760	u
ERR3148099	PAIRED	https://ftp.sra.ebi.ac.uk/vol1/fastq/ERR314/009/ERR3148099/ERR3148099_1.fastq.gz	https://ftp.sra.ebi.ac.uk/vol1/fastq/ERR314/009/ERR3148099/ERR3148099_2.fastq.gz	SAMEA5330286	909841	u
ERR3148102	PAIRED	https://ftp.sra.ebi.ac.uk/vol1/fastq/ERR314/002/ERR3148102/ERR3148102_1.fastq.gz	https://ftp.sra.ebi.ac.uk/vol1/fastq/ERR314/002/ERR3148102/ERR3148102_2.fastq.gz	SAMEA5330289	999820	u
ERR3148104	PAIRED	https://ftp.sra.ebi.ac.uk/vol1/fastq/ERR314/004/ERR3148104/ERR3148104_1.fastq.gz	https://ftp.sra.ebi.ac.uk/vol1/fastq/ERR314/004/ERR3148104/ERR3148104_2.fastq.gz	SAMEA5330291	1151953	u
ERR3148106	PAIRED	https://ftp.sra.ebi.ac.uk/vol1/fastq/ERR314/006/ERR3148106/ERR3148106_1.fastq.gz	https://ftp.sra.ebi.ac.uk/vol1/fastq/ERR314/006/ERR3148106/ERR3148106_2.fastq.gz	SAMEA5330293	1629877	u
ERR3148112	PAIRED	https://ftp.sra.ebi.ac.uk/vol1/fastq/ERR314/002/ERR3148112/ERR3148112_1.fastq.gz	https://ftp.sra.ebi.ac.uk/vol1/fastq/ERR314/002/ERR3148112/ERR3148112_2.fastq.gz	SAMEA5330299	1623855	u
ERR3148113	PAIRED	https://ftp.sra.ebi.ac.uk/vol1/fastq/ERR314/003/ERR3148113/ERR3148113_1.fastq.gz	https://ftp.sra.ebi.ac.uk/vol1/fastq/ERR314/003/ERR3148113/ERR3148113_2.fastq.gz	SAMEA5330300	1112844	u
ERR3148115	PAIRED	https://ftp.sra.ebi.ac.uk/vol1/fastq/ERR314/005/ERR3148115/ERR3148115_1.fastq.gz	https://ftp.sra.ebi.ac.uk/vol1/fastq/ERR314/005/ERR3148115/ERR3148115_2.fastq.gz	SAMEA5330302	1619268	u
ERR3148117	PAIRED	https://ftp.sra.ebi.ac.uk/vol1/fastq/ERR314/007/ERR3148117/ERR3148117_1.fastq.gz	https://ftp.sra.ebi.ac.uk/vol1/fastq/ERR314/007/ERR3148117/ERR3148117_2.fastq.gz	SAMEA5330304	1233244	u
ERR3148118	PAIRED	https://ftp.sra.ebi.ac.uk/vol1/fastq/ERR314/008/ERR3148118/ERR3148118_1.fastq.gz	https://ftp.sra.ebi.ac.uk/vol1/fastq/ERR314/008/ERR3148118/ERR3148118_2.fastq.gz	SAMEA5330305	1126374	u
ERR3148119	PAIRED	https://ftp.sra.ebi.ac.uk/vol1/fastq/ERR314/009/ERR3148119/ERR3148119_1.fastq.gz	https://ftp.sra.ebi.ac.uk/vol1/fastq/ERR314/009/ERR3148119/ERR3148119_2.fastq.gz	SAMEA5330306	1616385	u
ERR3148120	PAIRED	https://ftp.sra.ebi.ac.uk/vol1/fastq/ERR314/000/ERR3148120/ERR3148120_1.fastq.gz	https://ftp.sra.ebi.ac.uk/vol1/fastq/ERR314/000/ERR3148120/ERR3148120_2.fastq.gz	SAMEA5330307	1591515	u
ERR3148121	PAIRED	https://ftp.sra.ebi.ac.uk/vol1/fastq/ERR314/001/ERR3148121/ERR3148121_1.fastq.gz	https://ftp.sra.ebi.ac.uk/vol1/fastq/ERR314/001/ERR3148121/ERR3148121_2.fastq.gz	SAMEA5330308	1209176	u
ERR3148125	PAIRED	https://ftp.sra.ebi.ac.uk/vol1/fastq/ERR314/005/ERR3148125/ERR3148125_1.fastq.gz	https://ftp.sra.ebi.ac.uk/vol1/fastq/ERR314/005/ERR3148125/ERR3148125_2.fastq.gz	SAMEA5330312	1357784	u
ERR3148127	PAIRED	https://ftp.sra.ebi.ac.uk/vol1/fastq/ERR314/007/ERR3148127/ERR3148127_1.fastq.gz	https://ftp.sra.ebi.ac.uk/vol1/fastq/ERR314/007/ERR3148127/ERR3148127_2.fastq.gz	SAMEA5330314	1111757	u
ERR3148128	PAIRED	https://ftp.sra.ebi.ac.uk/vol1/fastq/ERR314/008/ERR3148128/ERR3148128_1.fastq.gz	https://ftp.sra.ebi.ac.uk/vol1/fastq/ERR314/008/ERR3148128/ERR3148128_2.fastq.gz	SAMEA5330315	1032308	u
ERR3148130	PAIRED	https://ftp.sra.ebi.ac.uk/vol1/fastq/ERR314/000/ERR3148130/ERR3148130_1.fastq.gz	https://ftp.sra.ebi.ac.uk/vol1/fastq/ERR314/000/ERR3148130/ERR3148130_2.fastq.gz	SAMEA5330317	1170958	u
ERR3148131	PAIRED	https://ftp.sra.ebi.ac.uk/vol1/fastq/ERR314/001/ERR3148131/ERR3148131_1.fastq.gz	https://ftp.sra.ebi.ac.uk/vol1/fastq/ERR314/001/ERR3148131/ERR3148131_2.fastq.gz	SAMEA5330318	1509923	u
ERR3148133	PAIRED	https://ftp.sra.ebi.ac.uk/vol1/fastq/ERR314/003/ERR3148133/ERR3148133_1.fastq.gz	https://ftp.sra.ebi.ac.uk/vol1/fastq/ERR314/003/ERR3148133/ERR3148133_2.fastq.gz	SAMEA5330320	1686092	u
ERR3148134	PAIRED	https://ftp.sra.ebi.ac.uk/vol1/fastq/ERR314/004/ERR3148134/ERR3148134_1.fastq.gz	https://ftp.sra.ebi.ac.uk/vol1/fastq/ERR314/004/ERR3148134/ERR3148134_2.fastq.gz	SAMEA5330321	1548179	u
ERR3148137	PAIRED	https://ftp.sra.ebi.ac.uk/vol1/fastq/ERR314/007/ERR3148137/ERR3148137_1.fastq.gz	https://ftp.sra.ebi.ac.uk/vol1/fastq/ERR314/007/ERR3148137/ERR3148137_2.fastq.gz	SAMEA5330324	1535355	u
ERR3148139	PAIRED	https://ftp.sra.ebi.ac.uk/vol1/fastq/ERR314/009/ERR3148139/ERR3148139_1.fastq.gz	https://ftp.sra.ebi.ac.uk/vol1/fastq/ERR314/009/ERR3148139/ERR3148139_2.fastq.gz	SAMEA5330326	1245127	u
ERR3148140	PAIRED	https://ftp.sra.ebi.ac.uk/vol1/fastq/ERR314/000/ERR3148140/ERR3148140_1.fastq.gz	https://ftp.sra.ebi.ac.uk/vol1/fastq/ERR314/000/ERR3148140/ERR3148140_2.fastq.gz	SAMEA5330327	1095347	u
ERR3148142	PAIRED	https://ftp.sra.ebi.ac.uk/vol1/fastq/ERR314/002/ERR3148142/ERR3148142_1.fastq.gz	https://ftp.sra.ebi.ac.uk/vol1/fastq/ERR314/002/ERR3148142/ERR3148142_2.fastq.gz	SAMEA5330329	1153891	u
ERR3148144	PAIRED	https://ftp.sra.ebi.ac.uk/vol1/fastq/ERR314/004/ERR3148144/ERR3148144_1.fastq.gz	https://ftp.sra.ebi.ac.uk/vol1/fastq/ERR314/004/ERR3148144/ERR3148144_2.fastq.gz	SAMEA5330331	1330741	u
ERR355928	PAIRED	https://ftp.sra.ebi.ac.uk/vol1/fastq/ERR355/ERR355928/ERR355928_1.fastq.gz	https://ftp.sra.ebi.ac.uk/vol1/fastq/ERR355/ERR355928/ERR355928_2.fastq.gz	SAMEA1572280	2045829	u
ERR355931	PAIRED	https://ftp.sra.ebi.ac.uk/vol1/fastq/ERR355/ERR355931/ERR355931_1.fastq.gz	https://ftp.sra.ebi.ac.uk/vol1/fastq/ERR355/ERR355931/ERR355931_2.fastq.gz	SAMEA1568646	2771282	u
ERR355935	PAIRED	https://ftp.sra.ebi.ac.uk/vol1/fastq/ERR355/ERR355935/ERR355935_1.fastq.gz	https://ftp.sra.ebi.ac.uk/vol1/fastq/ERR355/ERR355935/ERR355935_2.fastq.gz	SAMEA1572478	2049423	u
ERR3826070	PAIRED	https://ftp.sra.ebi.ac.uk/vol1/fastq/ERR382/000/ERR3826070/ERR3826070_1.fastq.gz	https://ftp.sra.ebi.ac.uk/vol1/fastq/ERR382/000/ERR3826070/ERR3826070_2.fastq.gz	SAMEA5672311	1573950	u
ERR3826072	PAIRED	https://ftp.sra.ebi.ac.uk/vol1/fastq/ERR382/002/ERR3826072/ERR3826072_1.fastq.gz	https://ftp.sra.ebi.ac.uk/vol1/fastq/ERR382/002/ERR3826072/ERR3826072_2.fastq.gz	SAMEA5672313	1345868	u
ERR3826073	PAIRED	https://ftp.sra.ebi.ac.uk/vol1/fastq/ERR382/003/ERR3826073/ERR3826073_1.fastq.gz	https://ftp.sra.ebi.ac.uk/vol1/fastq/ERR382/003/ERR3826073/ERR3826073_2.fastq.gz	SAMEA5672314	1401627	u
ERR3826076	PAIRED	https://ftp.sra.ebi.ac.uk/vol1/fastq/ERR382/006/ERR3826076/ERR3826076_1.fastq.gz	https://ftp.sra.ebi.ac.uk/vol1/fastq/ERR382/006/ERR3826076/ERR3826076_2.fastq.gz	SAMEA5672317	1627830	u
ERR3826079	PAIRED	https://ftp.sra.ebi.ac.uk/vol1/fastq/ERR382/009/ERR3826079/ERR3826079_1.fastq.gz	https://ftp.sra.ebi.ac.uk/vol1/fastq/ERR382/009/ERR3826079/ERR3826079_2.fastq.gz	SAMEA5672304	1392816	u
ERR3826080	PAIRED	https://ftp.sra.ebi.ac.uk/vol1/fastq/ERR382/000/ERR3826080/ERR3826080_1.fastq.gz	https://ftp.sra.ebi.ac.uk/vol1/fastq/ERR382/000/ERR3826080/ERR3826080_2.fastq.gz	SAMEA5672305	1328402	u
ERR3826084	PAIRED	https://ftp.sra.ebi.ac.uk/vol1/fastq/ERR382/004/ERR3826084/ERR3826084_1.fastq.gz	https://ftp.sra.ebi.ac.uk/vol1/fastq/ERR382/004/ERR3826084/ERR3826084_2.fastq.gz	SAMEA5672335	1581552	u
ERR3826086	PAIRED	https://ftp.sra.ebi.ac.uk/vol1/fastq/ERR382/006/ERR3826086/ERR3826086_1.fastq.gz	https://ftp.sra.ebi.ac.uk/vol1/fastq/ERR382/006/ERR3826086/ERR3826086_2.fastq.gz	SAMEA5672341	963636	u
ERR3826087	PAIRED	https://ftp.sra.ebi.ac.uk/vol1/fastq/ERR382/007/ERR3826087/ERR3826087_1.fastq.gz	https://ftp.sra.ebi.ac.uk/vol1/fastq/ERR382/007/ERR3826087/ERR3826087_2.fastq.gz	SAMEA5672344	1450201	u
ERR3826088	PAIRED	https://ftp.sra.ebi.ac.uk/vol1/fastq/ERR382/008/ERR3826088/ERR3826088_1.fastq.gz	https://ftp.sra.ebi.ac.uk/vol1/fastq/ERR382/008/ERR3826088/ERR3826088_2.fastq.gz	SAMEA5672415	1362531	u
ERR3826089	PAIRED	https://ftp.sra.ebi.ac.uk/vol1/fastq/ERR382/009/ERR3826089/ERR3826089_1.fastq.gz	https://ftp.sra.ebi.ac.uk/vol1/fastq/ERR382/009/ERR3826089/ERR3826089_2.fastq.gz	SAMEA5672416	1501854	u
ERR3826090	PAIRED	https://ftp.sra.ebi.ac.uk/vol1/fastq/ERR382/000/ERR3826090/ERR3826090_1.fastq.gz	https://ftp.sra.ebi.ac.uk/vol1/fastq/ERR382/000/ERR3826090/ERR3826090_2.fastq.gz	SAMEA5672445	953279	u
ERR3826091	PAIRED	https://ftp.sra.ebi.ac.uk/vol1/fastq/ERR382/001/ERR3826091/ERR3826091_1.fastq.gz	https://ftp.sra.ebi.ac.uk/vol1/fastq/ERR382/001/ERR3826091/ERR3826091_2.fastq.gz	SAMEA5672446	840711	u
ERR3826094	PAIRED	https://ftp.sra.ebi.ac.uk/vol1/fastq/ERR382/004/ERR3826094/ERR3826094_1.fastq.gz	https://ftp.sra.ebi.ac.uk/vol1/fastq/ERR382/004/ERR3826094/ERR3826094_2.fastq.gz	SAMEA5672449	1126132	u
ERR3826095	PAIRED	https://ftp.sra.ebi.ac.uk/vol1/fastq/ERR382/005/ERR3826095/ERR3826095_1.fastq.gz	https://ftp.sra.ebi.ac.uk/vol1/fastq/ERR382/005/ERR3826095/ERR3826095_2.fastq.gz	SAMEA5672450	1297186	u
ERR3826096	PAIRED	https://ftp.sra.ebi.ac.uk/vol1/fastq/ERR382/006/ERR3826096/ERR3826096_1.fastq.gz	https://ftp.sra.ebi.ac.uk/vol1/fastq/ERR382/006/ERR3826096/ERR3826096_2.fastq.gz	SAMEA5672451	1326178	u
ERR3826098	PAIRED	https://ftp.sra.ebi.ac.uk/vol1/fastq/ERR382/008/ERR3826098/ERR3826098_1.fastq.gz	https://ftp.sra.ebi.ac.uk/vol1/fastq/ERR382/008/ERR3826098/ERR3826098_2.fastq.gz	SAMEA5672453	1365150	u
ERR3826100	PAIRED	https://ftp.sra.ebi.ac.uk/vol1/fastq/ERR382/000/ERR3826100/ERR3826100_1.fastq.gz	https://ftp.sra.ebi.ac.uk/vol1/fastq/ERR382/000/ERR3826100/ERR3826100_2.fastq.gz	SAMEA5672455	1431193	u
ERR3826101	PAIRED	https://ftp.sra.ebi.ac.uk/vol1/fastq/ERR382/001/ERR3826101/ERR3826101_1.fastq.gz	https://ftp.sra.ebi.ac.uk/vol1/fastq/ERR382/001/ERR3826101/ERR3826101_2.fastq.gz	SAMEA5672456	1455656	u
ERR3826106	PAIRED	https://ftp.sra.ebi.ac.uk/vol1/fastq/ERR382/006/ERR3826106/ERR3826106_1.fastq.gz	https://ftp.sra.ebi.ac.uk/vol1/fastq/ERR382/006/ERR3826106/ERR3826106_2.fastq.gz	SAMEA5672461	1357405	u
ERR3826110	PAIRED	https://ftp.sra.ebi.ac.uk/vol1/fastq/ERR382/000/ERR3826110/ERR3826110_1.fastq.gz	https://ftp.sra.ebi.ac.uk/vol1/fastq/ERR382/000/ERR3826110/ERR3826110_2.fastq.gz	SAMEA5672465	1234676	u
ERR3826111	PAIRED	https://ftp.sra.ebi.ac.uk/vol1/fastq/ERR382/001/ERR3826111/ERR3826111_1.fastq.gz	https://ftp.sra.ebi.ac.uk/vol1/fastq/ERR382/001/ERR3826111/ERR3826111_2.fastq.gz	SAMEA5672466	1409739	u
ERR3826117	PAIRED	https://ftp.sra.ebi.ac.uk/vol1/fastq/ERR382/007/ERR3826117/ERR3826117_1.fastq.gz	https://ftp.sra.ebi.ac.uk/vol1/fastq/ERR382/007/ERR3826117/ERR3826117_2.fastq.gz	SAMEA5672473	1316849	u
ERR3826120	PAIRED	https://ftp.sra.ebi.ac.uk/vol1/fastq/ERR382/000/ERR3826120/ERR3826120_1.fastq.gz	https://ftp.sra.ebi.ac.uk/vol1/fastq/ERR382/000/ERR3826120/ERR3826120_2.fastq.gz	SAMEA5672477	1396126	u
ERR3826122	PAIRED	https://ftp.sra.ebi.ac.uk/vol1/fastq/ERR382/002/ERR3826122/ERR3826122_1.fastq.gz	https://ftp.sra.ebi.ac.uk/vol1/fastq/ERR382/002/ERR3826122/ERR3826122_2.fastq.gz	SAMEA5672483	783639	u
ERR3826124	PAIRED	https://ftp.sra.ebi.ac.uk/vol1/fastq/ERR382/004/ERR3826124/ERR3826124_1.fastq.gz	https://ftp.sra.ebi.ac.uk/vol1/fastq/ERR382/004/ERR3826124/ERR3826124_2.fastq.gz	SAMEA5672485	711206	u
ERR3826128	PAIRED	https://ftp.sra.ebi.ac.uk/vol1/fastq/ERR382/008/ERR3826128/ERR3826128_1.fastq.gz	https://ftp.sra.ebi.ac.uk/vol1/fastq/ERR382/008/ERR3826128/ERR3826128_2.fastq.gz	SAMEA5672489	1086075	u
ERR3826132	PAIRED	https://ftp.sra.ebi.ac.uk/vol1/fastq/ERR382/002/ERR3826132/ERR3826132_1.fastq.gz	https://ftp.sra.ebi.ac.uk/vol1/fastq/ERR382/002/ERR3826132/ERR3826132_2.fastq.gz	SAMEA5672493	1291230	u
ERR3826135	PAIRED	https://ftp.sra.ebi.ac.uk/vol1/fastq/ERR382/005/ERR3826135/ERR3826135_1.fastq.gz	https://ftp.sra.ebi.ac.uk/vol1/fastq/ERR382/005/ERR3826135/ERR3826135_2.fastq.gz	SAMEA5672496	1555076	u
ERR3826136	PAIRED	https://ftp.sra.ebi.ac.uk/vol1/fastq/ERR382/006/ERR3826136/ERR3826136_1.fastq.gz	https://ftp.sra.ebi.ac.uk/vol1/fastq/ERR382/006/ERR3826136/ERR3826136_2.fastq.gz	SAMEA5672497	1075326	u
ERR3826139	PAIRED	https://ftp.sra.ebi.ac.uk/vol1/fastq/ERR382/009/ERR3826139/ERR3826139_1.fastq.gz	https://ftp.sra.ebi.ac.uk/vol1/fastq/ERR382/009/ERR3826139/ERR3826139_2.fastq.gz	SAMEA5672500	1450427	u
ERR3826140	PAIRED	https://ftp.sra.ebi.ac.uk/vol1/fastq/ERR382/000/ERR3826140/ERR3826140_1.fastq.gz	https://ftp.sra.ebi.ac.uk/vol1/fastq/ERR382/000/ERR3826140/ERR3826140_2.fastq.gz	SAMEA5672501	1399619	u
ERR3826141	PAIRED	https://ftp.sra.ebi.ac.uk/vol1/fastq/ERR382/001/ERR3826141/ERR3826141_1.fastq.gz	https://ftp.sra.ebi.ac.uk/vol1/fastq/ERR382/001/ERR3826141/ERR3826141_2.fastq.gz	SAMEA5672502	1141627	u
ERR3826142	PAIRED	https://ftp.sra.ebi.ac.uk/vol1/fastq/ERR382/002/ERR3826142/ERR3826142_1.fastq.gz	https://ftp.sra.ebi.ac.uk/vol1/fastq/ERR382/002/ERR3826142/ERR3826142_2.fastq.gz	SAMEA5672503	829653	u
ERR3826143	PAIRED	https://ftp.sra.ebi.ac.uk/vol1/fastq/ERR382/003/ERR3826143/ERR3826143_1.fastq.gz	https://ftp.sra.ebi.ac.uk/vol1/fastq/ERR382/003/ERR3826143/ERR3826143_2.fastq.gz	SAMEA5672504	998201	u
ERR3826145	PAIRED	https://ftp.sra.ebi.ac.uk/vol1/fastq/ERR382/005/ERR3826145/ERR3826145_1.fastq.gz	https://ftp.sra.ebi.ac.uk/vol1/fastq/ERR382/005/ERR3826145/ERR3826145_2.fastq.gz	SAMEA5672506	1141345	u
ERR3826147	PAIRED	https://ftp.sra.ebi.ac.uk/vol1/fastq/ERR382/007/ERR3826147/ERR3826147_1.fastq.gz	https://ftp.sra.ebi.ac.uk/vol1/fastq/ERR382/007/ERR3826147/ERR3826147_2.fastq.gz	SAMEA5672508	1142909	u
ERR3826148	PAIRED	https://ftp.sra.ebi.ac.uk/vol1/fastq/ERR382/008/ERR3826148/ERR3826148_1.fastq.gz	https://ftp.sra.ebi.ac.uk/vol1/fastq/ERR382/008/ERR3826148/ERR3826148_2.fastq.gz	SAMEA5672509	1180356	u
ERR3826151	PAIRED	https://ftp.sra.ebi.ac.uk/vol1/fastq/ERR382/001/ERR3826151/ERR3826151_1.fastq.gz	https://ftp.sra.ebi.ac.uk/vol1/fastq/ERR382/001/ERR3826151/ERR3826151_2.fastq.gz	SAMEA5672512	1232563	u
ERR3826152	PAIRED	https://ftp.sra.ebi.ac.uk/vol1/fastq/ERR382/002/ERR3826152/ERR3826152_1.fastq.gz	https://ftp.sra.ebi.ac.uk/vol1/fastq/ERR382/002/ERR3826152/ERR3826152_2.fastq.gz	SAMEA5672513	1249083	u
ERR3826153	PAIRED	https://ftp.sra.ebi.ac.uk/vol1/fastq/ERR382/003/ERR3826153/ERR3826153_1.fastq.gz	https://ftp.sra.ebi.ac.uk/vol1/fastq/ERR382/003/ERR3826153/ERR3826153_2.fastq.gz	SAMEA5672514	1332018	u
ERR3826154	PAIRED	https://ftp.sra.ebi.ac.uk/vol1/fastq/ERR382/004/ERR3826154/ERR3826154_1.fastq.gz	https://ftp.sra.ebi.ac.uk/vol1/fastq/ERR382/004/ERR3826154/ERR3826154_2.fastq.gz	SAMEA5672515	1317100	u
ERR3826155	PAIRED	https://ftp.sra.ebi.ac.uk/vol1/fastq/ERR382/005/ERR3826155/ERR3826155_1.fastq.gz	https://ftp.sra.ebi.ac.uk/vol1/fastq/ERR382/005/ERR3826155/ERR3826155_2.fastq.gz	SAMEA5672516	1053834	u
ERR3826158	PAIRED	https://ftp.sra.ebi.ac.uk/vol1/fastq/ERR382/008/ERR3826158/ERR3826158_1.fastq.gz	https://ftp.sra.ebi.ac.uk/vol1/fastq/ERR382/008/ERR3826158/ERR3826158_2.fastq.gz	SAMEA5672519	1117411	u
ERR3826168	PAIRED	https://ftp.sra.ebi.ac.uk/vol1/fastq/ERR382/008/ERR3826168/ERR3826168_1.fastq.gz	https://ftp.sra.ebi.ac.uk/vol1/fastq/ERR382/008/ERR3826168/ERR3826168_2.fastq.gz	SAMEA5672529	1233106	u
ERR3826169	PAIRED	https://ftp.sra.ebi.ac.uk/vol1/fastq/ERR382/009/ERR3826169/ERR3826169_1.fastq.gz	https://ftp.sra.ebi.ac.uk/vol1/fastq/ERR382/009/ERR3826169/ERR3826169_2.fastq.gz	SAMEA5672530	1266870	u
ERR3826170	PAIRED	https://ftp.sra.ebi.ac.uk/vol1/fastq/ERR382/000/ERR3826170/ERR3826170_1.fastq.gz	https://ftp.sra.ebi.ac.uk/vol1/fastq/ERR382/000/ERR3826170/ERR3826170_2.fastq.gz	SAMEA5672531	1118029	u
ERR3826173	PAIRED	https://ftp.sra.ebi.ac.uk/vol1/fastq/ERR382/003/ERR3826173/ERR3826173_1.fastq.gz	https://ftp.sra.ebi.ac.uk/vol1/fastq/ERR382/003/ERR3826173/ERR3826173_2.fastq.gz	SAMEA5672534	1136835	u
ERR3826174	PAIRED	https://ftp.sra.ebi.ac.uk/vol1/fastq/ERR382/004/ERR3826174/ERR3826174_1.fastq.gz	https://ftp.sra.ebi.ac.uk/vol1/fastq/ERR382/004/ERR3826174/ERR3826174_2.fastq.gz	SAMEA5672535	1186868	u
ERR3826175	PAIRED	https://ftp.sra.ebi.ac.uk/vol1/fastq/ERR382/005/ERR3826175/ERR3826175_1.fastq.gz	https://ftp.sra.ebi.ac.uk/vol1/fastq/ERR382/005/ERR3826175/ERR3826175_2.fastq.gz	SAMEA5672536	1162909	u
ERR3826176	PAIRED	https://ftp.sra.ebi.ac.uk/vol1/fastq/ERR382/006/ERR3826176/ERR3826176_1.fastq.gz	https://ftp.sra.ebi.ac.uk/vol1/fastq/ERR382/006/ERR3826176/ERR3826176_2.fastq.gz	SAMEA5672537	1163758	u
ERR3826177	PAIRED	https://ftp.sra.ebi.ac.uk/vol1/fastq/ERR382/007/ERR3826177/ERR3826177_1.fastq.gz	https://ftp.sra.ebi.ac.uk/vol1/fastq/ERR382/007/ERR3826177/ERR3826177_2.fastq.gz	SAMEA5672538	1115500	u
ERR3826178	PAIRED	https://ftp.sra.ebi.ac.uk/vol1/fastq/ERR382/008/ERR3826178/ERR3826178_1.fastq.gz	https://ftp.sra.ebi.ac.uk/vol1/fastq/ERR382/008/ERR3826178/ERR3826178_2.fastq.gz	SAMEA5672539	877102	u
ERR3826179	PAIRED	https://ftp.sra.ebi.ac.uk/vol1/fastq/ERR382/009/ERR3826179/ERR3826179_1.fastq.gz	https://ftp.sra.ebi.ac.uk/vol1/fastq/ERR382/009/ERR3826179/ERR3826179_2.fastq.gz	SAMEA5672540	1101018	u
ERR3826187	PAIRED	https://ftp.sra.ebi.ac.uk/vol1/fastq/ERR382/007/ERR3826187/ERR3826187_1.fastq.gz	https://ftp.sra.ebi.ac.uk/vol1/fastq/ERR382/007/ERR3826187/ERR3826187_2.fastq.gz	SAMEA5672548	698666	u
ERR3826189	PAIRED	https://ftp.sra.ebi.ac.uk/vol1/fastq/ERR382/009/ERR3826189/ERR3826189_1.fastq.gz	https://ftp.sra.ebi.ac.uk/vol1/fastq/ERR382/009/ERR3826189/ERR3826189_2.fastq.gz	SAMEA5672550	1520971	u
ERR3826190	PAIRED	https://ftp.sra.ebi.ac.uk/vol1/fastq/ERR382/000/ERR3826190/ERR3826190_1.fastq.gz	https://ftp.sra.ebi.ac.uk/vol1/fastq/ERR382/000/ERR3826190/ERR3826190_2.fastq.gz	SAMEA5672551	782074	u
ERR3826195	PAIRED	https://ftp.sra.ebi.ac.uk/vol1/fastq/ERR382/005/ERR3826195/ERR3826195_1.fastq.gz	https://ftp.sra.ebi.ac.uk/vol1/fastq/ERR382/005/ERR3826195/ERR3826195_2.fastq.gz	SAMEA5672556	1126706	u
ERR3826197	PAIRED	https://ftp.sra.ebi.ac.uk/vol1/fastq/ERR382/007/ERR3826197/ERR3826197_1.fastq.gz	https://ftp.sra.ebi.ac.uk/vol1/fastq/ERR382/007/ERR3826197/ERR3826197_2.fastq.gz	SAMEA5672558	1112908	u
ERR3826199	PAIRED	https://ftp.sra.ebi.ac.uk/vol1/fastq/ERR382/009/ERR3826199/ERR3826199_1.fastq.gz	https://ftp.sra.ebi.ac.uk/vol1/fastq/ERR382/009/ERR3826199/ERR3826199_2.fastq.gz	SAMEA5672560	1164727	u
ERR3826200	PAIRED	https://ftp.sra.ebi.ac.uk/vol1/fastq/ERR382/000/ERR3826200/ERR3826200_1.fastq.gz	https://ftp.sra.ebi.ac.uk/vol1/fastq/ERR382/000/ERR3826200/ERR3826200_2.fastq.gz	SAMEA5672561	1823775	u
ERR3826203	PAIRED	https://ftp.sra.ebi.ac.uk/vol1/fastq/ERR382/003/ERR3826203/ERR3826203_1.fastq.gz	https://ftp.sra.ebi.ac.uk/vol1/fastq/ERR382/003/ERR3826203/ERR3826203_2.fastq.gz	SAMEA5672577	1743805	u
ERR3826206	PAIRED	https://ftp.sra.ebi.ac.uk/vol1/fastq/ERR382/006/ERR3826206/ERR3826206_1.fastq.gz	https://ftp.sra.ebi.ac.uk/vol1/fastq/ERR382/006/ERR3826206/ERR3826206_2.fastq.gz	SAMEA5672580	2336845	u
ERR3826207	PAIRED	https://ftp.sra.ebi.ac.uk/vol1/fastq/ERR382/007/ERR3826207/ERR3826207_1.fastq.gz	https://ftp.sra.ebi.ac.uk/vol1/fastq/ERR382/007/ERR3826207/ERR3826207_2.fastq.gz	SAMEA5672581	962360	u
ERR3826210	PAIRED	https://ftp.sra.ebi.ac.uk/vol1/fastq/ERR382/000/ERR3826210/ERR3826210_1.fastq.gz	https://ftp.sra.ebi.ac.uk/vol1/fastq/ERR382/000/ERR3826210/ERR3826210_2.fastq.gz	SAMEA5672564	1493291	u
ERR3826212	PAIRED	https://ftp.sra.ebi.ac.uk/vol1/fastq/ERR382/002/ERR3826212/ERR3826212_1.fastq.gz	https://ftp.sra.ebi.ac.uk/vol1/fastq/ERR382/002/ERR3826212/ERR3826212_2.fastq.gz	SAMEA5672566	2009927	u
ERR3826217	PAIRED	https://ftp.sra.ebi.ac.uk/vol1/fastq/ERR382/007/ERR3826217/ERR3826217_1.fastq.gz	https://ftp.sra.ebi.ac.uk/vol1/fastq/ERR382/007/ERR3826217/ERR3826217_2.fastq.gz	SAMEA5672571	1947497	u
ERR3826223	PAIRED	https://ftp.sra.ebi.ac.uk/vol1/fastq/ERR382/003/ERR3826223/ERR3826223_1.fastq.gz	https://ftp.sra.ebi.ac.uk/vol1/fastq/ERR382/003/ERR3826223/ERR3826223_2.fastq.gz	SAMEA5672584	886336	u
ERR3826224	PAIRED	https://ftp.sra.ebi.ac.uk/vol1/fastq/ERR382/004/ERR3826224/ERR3826224_1.fastq.gz	https://ftp.sra.ebi.ac.uk/vol1/fastq/ERR382/004/ERR3826224/ERR3826224_2.fastq.gz	SAMEA5672585	1577000	u
ERR3826229	PAIRED	https://ftp.sra.ebi.ac.uk/vol1/fastq/ERR382/009/ERR3826229/ERR3826229_1.fastq.gz	https://ftp.sra.ebi.ac.uk/vol1/fastq/ERR382/009/ERR3826229/ERR3826229_2.fastq.gz	SAMEA5672590	1257576	u
ERR3826232	PAIRED	https://ftp.sra.ebi.ac.uk/vol1/fastq/ERR382/002/ERR3826232/ERR3826232_1.fastq.gz	https://ftp.sra.ebi.ac.uk/vol1/fastq/ERR382/002/ERR3826232/ERR3826232_2.fastq.gz	SAMEA5672593	1602777	u
ERR3826236	PAIRED	https://ftp.sra.ebi.ac.uk/vol1/fastq/ERR382/006/ERR3826236/ERR3826236_1.fastq.gz	https://ftp.sra.ebi.ac.uk/vol1/fastq/ERR382/006/ERR3826236/ERR3826236_2.fastq.gz	SAMEA5672597	1530668	u
ERR3826237	PAIRED	https://ftp.sra.ebi.ac.uk/vol1/fastq/ERR382/007/ERR3826237/ERR3826237_1.fastq.gz	https://ftp.sra.ebi.ac.uk/vol1/fastq/ERR382/007/ERR3826237/ERR3826237_2.fastq.gz	SAMEA5672598	1558690	u
ERR3826239	PAIRED	https://ftp.sra.ebi.ac.uk/vol1/fastq/ERR382/009/ERR3826239/ERR3826239_1.fastq.gz	https://ftp.sra.ebi.ac.uk/vol1/fastq/ERR382/009/ERR3826239/ERR3826239_2.fastq.gz	SAMEA5672600	1393210	u
ERR3826243	PAIRED	https://ftp.sra.ebi.ac.uk/vol1/fastq/ERR382/003/ERR3826243/ERR3826243_1.fastq.gz	https://ftp.sra.ebi.ac.uk/vol1/fastq/ERR382/003/ERR3826243/ERR3826243_2.fastq.gz	SAMEA5672604	970268	u
ERR3826245	PAIRED	https://ftp.sra.ebi.ac.uk/vol1/fastq/ERR382/005/ERR3826245/ERR3826245_1.fastq.gz	https://ftp.sra.ebi.ac.uk/vol1/fastq/ERR382/005/ERR3826245/ERR3826245_2.fastq.gz	SAMEA5672606	1347936	u
ERR3826249	PAIRED	https://ftp.sra.ebi.ac.uk/vol1/fastq/ERR382/009/ERR3826249/ERR3826249_1.fastq.gz	https://ftp.sra.ebi.ac.uk/vol1/fastq/ERR382/009/ERR3826249/ERR3826249_2.fastq.gz	SAMEA5672610	1285960	u
ERR3826250	PAIRED	https://ftp.sra.ebi.ac.uk/vol1/fastq/ERR382/000/ERR3826250/ERR3826250_1.fastq.gz	https://ftp.sra.ebi.ac.uk/vol1/fastq/ERR382/000/ERR3826250/ERR3826250_2.fastq.gz	SAMEA5672611	653640	u
ERR3826251	PAIRED	https://ftp.sra.ebi.ac.uk/vol1/fastq/ERR382/001/ERR3826251/ERR3826251_1.fastq.gz	https://ftp.sra.ebi.ac.uk/vol1/fastq/ERR382/001/ERR3826251/ERR3826251_2.fastq.gz	SAMEA5672612	1163214	u
ERR3826254	PAIRED	https://ftp.sra.ebi.ac.uk/vol1/fastq/ERR382/004/ERR3826254/ERR3826254_1.fastq.gz	https://ftp.sra.ebi.ac.uk/vol1/fastq/ERR382/004/ERR3826254/ERR3826254_2.fastq.gz	SAMEA5672615	1170251	u
ERR3826256	PAIRED	https://ftp.sra.ebi.ac.uk/vol1/fastq/ERR382/006/ERR3826256/ERR3826256_1.fastq.gz	https://ftp.sra.ebi.ac.uk/vol1/fastq/ERR382/006/ERR3826256/ERR3826256_2.fastq.gz	SAMEA5672617	1147399	u
ERR3826258	PAIRED	https://ftp.sra.ebi.ac.uk/vol1/fastq/ERR382/008/ERR3826258/ERR3826258_1.fastq.gz	https://ftp.sra.ebi.ac.uk/vol1/fastq/ERR382/008/ERR3826258/ERR3826258_2.fastq.gz	SAMEA5672619	1250497	u
ERR3826259	PAIRED	https://ftp.sra.ebi.ac.uk/vol1/fastq/ERR382/009/ERR3826259/ERR3826259_1.fastq.gz	https://ftp.sra.ebi.ac.uk/vol1/fastq/ERR382/009/ERR3826259/ERR3826259_2.fastq.gz	SAMEA5672620	1314893	u
ERR3826261	PAIRED	https://ftp.sra.ebi.ac.uk/vol1/fastq/ERR382/001/ERR3826261/ERR3826261_1.fastq.gz	https://ftp.sra.ebi.ac.uk/vol1/fastq/ERR382/001/ERR3826261/ERR3826261_2.fastq.gz	SAMEA5672622	1366810	u
ERR3826262	PAIRED	https://ftp.sra.ebi.ac.uk/vol1/fastq/ERR382/002/ERR3826262/ERR3826262_1.fastq.gz	https://ftp.sra.ebi.ac.uk/vol1/fastq/ERR382/002/ERR3826262/ERR3826262_2.fastq.gz	SAMEA5672623	1174476	u
ERR3826263	PAIRED	https://ftp.sra.ebi.ac.uk/vol1/fastq/ERR382/003/ERR3826263/ERR3826263_1.fastq.gz	https://ftp.sra.ebi.ac.uk/vol1/fastq/ERR382/003/ERR3826263/ERR3826263_2.fastq.gz	SAMEA5672624	1232396	u
ERR3826265	PAIRED	https://ftp.sra.ebi.ac.uk/vol1/fastq/ERR382/005/ERR3826265/ERR3826265_1.fastq.gz	https://ftp.sra.ebi.ac.uk/vol1/fastq/ERR382/005/ERR3826265/ERR3826265_2.fastq.gz	SAMEA5672626	1298801	u
ERR3826266	PAIRED	https://ftp.sra.ebi.ac.uk/vol1/fastq/ERR382/006/ERR3826266/ERR3826266_1.fastq.gz	https://ftp.sra.ebi.ac.uk/vol1/fastq/ERR382/006/ERR3826266/ERR3826266_2.fastq.gz	SAMEA5672627	1436667	u
ERR3826267	PAIRED	https://ftp.sra.ebi.ac.uk/vol1/fastq/ERR382/007/ERR3826267/ERR3826267_1.fastq.gz	https://ftp.sra.ebi.ac.uk/vol1/fastq/ERR382/007/ERR3826267/ERR3826267_2.fastq.gz	SAMEA5672628	1012687	u
ERR3826271	PAIRED	https://ftp.sra.ebi.ac.uk/vol1/fastq/ERR382/001/ERR3826271/ERR3826271_1.fastq.gz	https://ftp.sra.ebi.ac.uk/vol1/fastq/ERR382/001/ERR3826271/ERR3826271_2.fastq.gz	SAMEA5672632	869559	u
ERR3826274	PAIRED	https://ftp.sra.ebi.ac.uk/vol1/fastq/ERR382/004/ERR3826274/ERR3826274_1.fastq.gz	https://ftp.sra.ebi.ac.uk/vol1/fastq/ERR382/004/ERR3826274/ERR3826274_2.fastq.gz	SAMEA5672635	1104844	u
ERR3826275	PAIRED	https://ftp.sra.ebi.ac.uk/vol1/fastq/ERR382/005/ERR3826275/ERR3826275_1.fastq.gz	https://ftp.sra.ebi.ac.uk/vol1/fastq/ERR382/005/ERR3826275/ERR3826275_2.fastq.gz	SAMEA5672636	1319031	u
ERR3826277	PAIRED	https://ftp.sra.ebi.ac.uk/vol1/fastq/ERR382/007/ERR3826277/ERR3826277_1.fastq.gz	https://ftp.sra.ebi.ac.uk/vol1/fastq/ERR382/007/ERR3826277/ERR3826277_2.fastq.gz	SAMEA5672638	1075924	u
ERR3826278	PAIRED	https://ftp.sra.ebi.ac.uk/vol1/fastq/ERR382/008/ERR3826278/ERR3826278_1.fastq.gz	https://ftp.sra.ebi.ac.uk/vol1/fastq/ERR382/008/ERR3826278/ERR3826278_2.fastq.gz	SAMEA5672639	1669670	u
ERR3826279	PAIRED	https://ftp.sra.ebi.ac.uk/vol1/fastq/ERR382/009/ERR3826279/ERR3826279_1.fastq.gz	https://ftp.sra.ebi.ac.uk/vol1/fastq/ERR382/009/ERR3826279/ERR3826279_2.fastq.gz	SAMEA5672640	1287914	u
ERR3826282	PAIRED	https://ftp.sra.ebi.ac.uk/vol1/fastq/ERR382/002/ERR3826282/ERR3826282_1.fastq.gz	https://ftp.sra.ebi.ac.uk/vol1/fastq/ERR382/002/ERR3826282/ERR3826282_2.fastq.gz	SAMEA5672643	1374240	u
ERR3826283	PAIRED	https://ftp.sra.ebi.ac.uk/vol1/fastq/ERR382/003/ERR3826283/ERR3826283_1.fastq.gz	https://ftp.sra.ebi.ac.uk/vol1/fastq/ERR382/003/ERR3826283/ERR3826283_2.fastq.gz	SAMEA5672644	1540960	u
ERR3826287	PAIRED	https://ftp.sra.ebi.ac.uk/vol1/fastq/ERR382/007/ERR3826287/ERR3826287_1.fastq.gz	https://ftp.sra.ebi.ac.uk/vol1/fastq/ERR382/007/ERR3826287/ERR3826287_2.fastq.gz	SAMEA5672648	1588734	u
ERR3826289	PAIRED	https://ftp.sra.ebi.ac.uk/vol1/fastq/ERR382/009/ERR3826289/ERR3826289_1.fastq.gz	https://ftp.sra.ebi.ac.uk/vol1/fastq/ERR382/009/ERR3826289/ERR3826289_2.fastq.gz	SAMEA5672650	1508953	u
ERR3826290	PAIRED	https://ftp.sra.ebi.ac.uk/vol1/fastq/ERR382/000/ERR3826290/ERR3826290_1.fastq.gz	https://ftp.sra.ebi.ac.uk/vol1/fastq/ERR382/000/ERR3826290/ERR3826290_2.fastq.gz	SAMEA5672651	1331386	u
ERR3826291	PAIRED	https://ftp.sra.ebi.ac.uk/vol1/fastq/ERR382/001/ERR3826291/ERR3826291_1.fastq.gz	https://ftp.sra.ebi.ac.uk/vol1/fastq/ERR382/001/ERR3826291/ERR3826291_2.fastq.gz	SAMEA5672652	1164696	u
ERR3826292	PAIRED	https://ftp.sra.ebi.ac.uk/vol1/fastq/ERR382/002/ERR3826292/ERR3826292_1.fastq.gz	https://ftp.sra.ebi.ac.uk/vol1/fastq/ERR382/002/ERR3826292/ERR3826292_2.fastq.gz	SAMEA5672653	1268984	u
ERR3826295	PAIRED	https://ftp.sra.ebi.ac.uk/vol1/fastq/ERR382/005/ERR3826295/ERR3826295_1.fastq.gz	https://ftp.sra.ebi.ac.uk/vol1/fastq/ERR382/005/ERR3826295/ERR3826295_2.fastq.gz	SAMEA5672656	2446268	u
ERR3826298	PAIRED	https://ftp.sra.ebi.ac.uk/vol1/fastq/ERR382/008/ERR3826298/ERR3826298_1.fastq.gz	https://ftp.sra.ebi.ac.uk/vol1/fastq/ERR382/008/ERR3826298/ERR3826298_2.fastq.gz	SAMEA5672659	1291341	u
ERR3826302	PAIRED	https://ftp.sra.ebi.ac.uk/vol1/fastq/ERR382/002/ERR3826302/ERR3826302_1.fastq.gz	https://ftp.sra.ebi.ac.uk/vol1/fastq/ERR382/002/ERR3826302/ERR3826302_2.fastq.gz	SAMEA5672663	1240384	u
ERR3826304	PAIRED	https://ftp.sra.ebi.ac.uk/vol1/fastq/ERR382/004/ERR3826304/ERR3826304_1.fastq.gz	https://ftp.sra.ebi.ac.uk/vol1/fastq/ERR382/004/ERR3826304/ERR3826304_2.fastq.gz	SAMEA5672665	1250372	u
ERR3826306	PAIRED	https://ftp.sra.ebi.ac.uk/vol1/fastq/ERR382/006/ERR3826306/ERR3826306_1.fastq.gz	https://ftp.sra.ebi.ac.uk/vol1/fastq/ERR382/006/ERR3826306/ERR3826306_2.fastq.gz	SAMEA5672667	1290742	u
ERR3826309	PAIRED	https://ftp.sra.ebi.ac.uk/vol1/fastq/ERR382/009/ERR3826309/ERR3826309_1.fastq.gz	https://ftp.sra.ebi.ac.uk/vol1/fastq/ERR382/009/ERR3826309/ERR3826309_2.fastq.gz	SAMEA5672671	1341071	u
ERR3826313	PAIRED	https://ftp.sra.ebi.ac.uk/vol1/fastq/ERR382/003/ERR3826313/ERR3826313_1.fastq.gz	https://ftp.sra.ebi.ac.uk/vol1/fastq/ERR382/003/ERR3826313/ERR3826313_2.fastq.gz	SAMEA5672675	1411000	u
ERR3826314	PAIRED	https://ftp.sra.ebi.ac.uk/vol1/fastq/ERR382/004/ERR3826314/ERR3826314_1.fastq.gz	https://ftp.sra.ebi.ac.uk/vol1/fastq/ERR382/004/ERR3826314/ERR3826314_2.fastq.gz	SAMEA5672676	1285702	u
ERR3826317	PAIRED	https://ftp.sra.ebi.ac.uk/vol1/fastq/ERR382/007/ERR3826317/ERR3826317_1.fastq.gz	https://ftp.sra.ebi.ac.uk/vol1/fastq/ERR382/007/ERR3826317/ERR3826317_2.fastq.gz	SAMEA5672679	918582	u
ERR3826318	PAIRED	https://ftp.sra.ebi.ac.uk/vol1/fastq/ERR382/008/ERR3826318/ERR3826318_1.fastq.gz	https://ftp.sra.ebi.ac.uk/vol1/fastq/ERR382/008/ERR3826318/ERR3826318_2.fastq.gz	SAMEA5672680	987662	u
ERR3826319	PAIRED	https://ftp.sra.ebi.ac.uk/vol1/fastq/ERR382/009/ERR3826319/ERR3826319_1.fastq.gz	https://ftp.sra.ebi.ac.uk/vol1/fastq/ERR382/009/ERR3826319/ERR3826319_2.fastq.gz	SAMEA5672681	1201427	u
ERR3826320	PAIRED	https://ftp.sra.ebi.ac.uk/vol1/fastq/ERR382/000/ERR3826320/ERR3826320_1.fastq.gz	https://ftp.sra.ebi.ac.uk/vol1/fastq/ERR382/000/ERR3826320/ERR3826320_2.fastq.gz	SAMEA5672682	1560015	u
ERR3826321	PAIRED	https://ftp.sra.ebi.ac.uk/vol1/fastq/ERR382/001/ERR3826321/ERR3826321_1.fastq.gz	https://ftp.sra.ebi.ac.uk/vol1/fastq/ERR382/001/ERR3826321/ERR3826321_2.fastq.gz	SAMEA5672683	1842310	u
ERR3826322	PAIRED	https://ftp.sra.ebi.ac.uk/vol1/fastq/ERR382/002/ERR3826322/ERR3826322_1.fastq.gz	https://ftp.sra.ebi.ac.uk/vol1/fastq/ERR382/002/ERR3826322/ERR3826322_2.fastq.gz	SAMEA5672684	1160124	u
ERR3826323	PAIRED	https://ftp.sra.ebi.ac.uk/vol1/fastq/ERR382/003/ERR3826323/ERR3826323_1.fastq.gz	https://ftp.sra.ebi.ac.uk/vol1/fastq/ERR382/003/ERR3826323/ERR3826323_2.fastq.gz	SAMEA5672685	1584888	u
ERR3826324	PAIRED	https://ftp.sra.ebi.ac.uk/vol1/fastq/ERR382/004/ERR3826324/ERR3826324_1.fastq.gz	https://ftp.sra.ebi.ac.uk/vol1/fastq/ERR382/004/ERR3826324/ERR3826324_2.fastq.gz	SAMEA5672686	1724161	u
ERR3826326	PAIRED	https://ftp.sra.ebi.ac.uk/vol1/fastq/ERR382/006/ERR3826326/ERR3826326_1.fastq.gz	https://ftp.sra.ebi.ac.uk/vol1/fastq/ERR382/006/ERR3826326/ERR3826326_2.fastq.gz	SAMEA5672688	1572784	u
ERR3826330	PAIRED	https://ftp.sra.ebi.ac.uk/vol1/fastq/ERR382/000/ERR3826330/ERR3826330_1.fastq.gz	https://ftp.sra.ebi.ac.uk/vol1/fastq/ERR382/000/ERR3826330/ERR3826330_2.fastq.gz	SAMEA5672692	1279242	u
ERR3826332	PAIRED	https://ftp.sra.ebi.ac.uk/vol1/fastq/ERR382/002/ERR3826332/ERR3826332_1.fastq.gz	https://ftp.sra.ebi.ac.uk/vol1/fastq/ERR382/002/ERR3826332/ERR3826332_2.fastq.gz	SAMEA5672694	740010	u
ERR3826333	PAIRED	https://ftp.sra.ebi.ac.uk/vol1/fastq/ERR382/003/ERR3826333/ERR3826333_1.fastq.gz	https://ftp.sra.ebi.ac.uk/vol1/fastq/ERR382/003/ERR3826333/ERR3826333_2.fastq.gz	SAMEA5672695	1283582	u
ERR3826335	PAIRED	https://ftp.sra.ebi.ac.uk/vol1/fastq/ERR382/005/ERR3826335/ERR3826335_1.fastq.gz	https://ftp.sra.ebi.ac.uk/vol1/fastq/ERR382/005/ERR3826335/ERR3826335_2.fastq.gz	SAMEA5672697	740563	u
ERR3826336	PAIRED	https://ftp.sra.ebi.ac.uk/vol1/fastq/ERR382/006/ERR3826336/ERR3826336_1.fastq.gz	https://ftp.sra.ebi.ac.uk/vol1/fastq/ERR382/006/ERR3826336/ERR3826336_2.fastq.gz	SAMEA5672698	1044914	u
ERR3826337	PAIRED	https://ftp.sra.ebi.ac.uk/vol1/fastq/ERR382/007/ERR3826337/ERR3826337_1.fastq.gz	https://ftp.sra.ebi.ac.uk/vol1/fastq/ERR382/007/ERR3826337/ERR3826337_2.fastq.gz	SAMEA5672699	1611613	u
ERR3826338	PAIRED	https://ftp.sra.ebi.ac.uk/vol1/fastq/ERR382/008/ERR3826338/ERR3826338_1.fastq.gz	https://ftp.sra.ebi.ac.uk/vol1/fastq/ERR382/008/ERR3826338/ERR3826338_2.fastq.gz	SAMEA5672700	1399379	u
ERR3826341	PAIRED	https://ftp.sra.ebi.ac.uk/vol1/fastq/ERR382/001/ERR3826341/ERR3826341_1.fastq.gz	https://ftp.sra.ebi.ac.uk/vol1/fastq/ERR382/001/ERR3826341/ERR3826341_2.fastq.gz	SAMEA5672703	1226778	u
ERR3826344	PAIRED	https://ftp.sra.ebi.ac.uk/vol1/fastq/ERR382/004/ERR3826344/ERR3826344_1.fastq.gz	https://ftp.sra.ebi.ac.uk/vol1/fastq/ERR382/004/ERR3826344/ERR3826344_2.fastq.gz	SAMEA5672706	1240339	u
ERR3826345	PAIRED	https://ftp.sra.ebi.ac.uk/vol1/fastq/ERR382/005/ERR3826345/ERR3826345_1.fastq.gz	https://ftp.sra.ebi.ac.uk/vol1/fastq/ERR382/005/ERR3826345/ERR3826345_2.fastq.gz	SAMEA5672707	1009071	u
ERR3826348	PAIRED	https://ftp.sra.ebi.ac.uk/vol1/fastq/ERR382/008/ERR3826348/ERR3826348_1.fastq.gz	https://ftp.sra.ebi.ac.uk/vol1/fastq/ERR382/008/ERR3826348/ERR3826348_2.fastq.gz	SAMEA5672710	1246098	u
ERR3826352	PAIRED	https://ftp.sra.ebi.ac.uk/vol1/fastq/ERR382/002/ERR3826352/ERR3826352_1.fastq.gz	https://ftp.sra.ebi.ac.uk/vol1/fastq/ERR382/002/ERR3826352/ERR3826352_2.fastq.gz	SAMEA5672714	1116441	u
ERR3826359	PAIRED	https://ftp.sra.ebi.ac.uk/vol1/fastq/ERR382/009/ERR3826359/ERR3826359_1.fastq.gz	https://ftp.sra.ebi.ac.uk/vol1/fastq/ERR382/009/ERR3826359/ERR3826359_2.fastq.gz	SAMEA5672721	786829	u
ERR3826360	PAIRED	https://ftp.sra.ebi.ac.uk/vol1/fastq/ERR382/000/ERR3826360/ERR3826360_1.fastq.gz	https://ftp.sra.ebi.ac.uk/vol1/fastq/ERR382/000/ERR3826360/ERR3826360_2.fastq.gz	SAMEA5672722	1121426	u
ERR3826361	PAIRED	https://ftp.sra.ebi.ac.uk/vol1/fastq/ERR382/001/ERR3826361/ERR3826361_1.fastq.gz	https://ftp.sra.ebi.ac.uk/vol1/fastq/ERR382/001/ERR3826361/ERR3826361_2.fastq.gz	SAMEA5672723	901775	u
ERR3826362	PAIRED	https://ftp.sra.ebi.ac.uk/vol1/fastq/ERR382/002/ERR3826362/ERR3826362_1.fastq.gz	https://ftp.sra.ebi.ac.uk/vol1/fastq/ERR382/002/ERR3826362/ERR3826362_2.fastq.gz	SAMEA5672724	668387	u
ERR3826363	PAIRED	https://ftp.sra.ebi.ac.uk/vol1/fastq/ERR382/003/ERR3826363/ERR3826363_1.fastq.gz	https://ftp.sra.ebi.ac.uk/vol1/fastq/ERR382/003/ERR3826363/ERR3826363_2.fastq.gz	SAMEA5672725	792322	u
ERR3826364	PAIRED	https://ftp.sra.ebi.ac.uk/vol1/fastq/ERR382/004/ERR3826364/ERR3826364_1.fastq.gz	https://ftp.sra.ebi.ac.uk/vol1/fastq/ERR382/004/ERR3826364/ERR3826364_2.fastq.gz	SAMEA5672726	870408	u
ERR3826370	PAIRED	https://ftp.sra.ebi.ac.uk/vol1/fastq/ERR382/000/ERR3826370/ERR3826370_1.fastq.gz	https://ftp.sra.ebi.ac.uk/vol1/fastq/ERR382/000/ERR3826370/ERR3826370_2.fastq.gz	SAMEA5672732	867771	u
ERR3826371	PAIRED	https://ftp.sra.ebi.ac.uk/vol1/fastq/ERR382/001/ERR3826371/ERR3826371_1.fastq.gz	https://ftp.sra.ebi.ac.uk/vol1/fastq/ERR382/001/ERR3826371/ERR3826371_2.fastq.gz	SAMEA5672733	716325	u
ERR3826373	PAIRED	https://ftp.sra.ebi.ac.uk/vol1/fastq/ERR382/003/ERR3826373/ERR3826373_1.fastq.gz	https://ftp.sra.ebi.ac.uk/vol1/fastq/ERR382/003/ERR3826373/ERR3826373_2.fastq.gz	SAMEA5672735	812338	u
ERR3826374	PAIRED	https://ftp.sra.ebi.ac.uk/vol1/fastq/ERR382/004/ERR3826374/ERR3826374_1.fastq.gz	https://ftp.sra.ebi.ac.uk/vol1/fastq/ERR382/004/ERR3826374/ERR3826374_2.fastq.gz	SAMEA5672736	1948491	u
ERR3826375	PAIRED	https://ftp.sra.ebi.ac.uk/vol1/fastq/ERR382/005/ERR3826375/ERR3826375_1.fastq.gz	https://ftp.sra.ebi.ac.uk/vol1/fastq/ERR382/005/ERR3826375/ERR3826375_2.fastq.gz	SAMEA5672737	1935294	u
ERR3826376	PAIRED	https://ftp.sra.ebi.ac.uk/vol1/fastq/ERR382/006/ERR3826376/ERR3826376_1.fastq.gz	https://ftp.sra.ebi.ac.uk/vol1/fastq/ERR382/006/ERR3826376/ERR3826376_2.fastq.gz	SAMEA5672738	1986893	u
ERR3826377	PAIRED	https://ftp.sra.ebi.ac.uk/vol1/fastq/ERR382/007/ERR3826377/ERR3826377_1.fastq.gz	https://ftp.sra.ebi.ac.uk/vol1/fastq/ERR382/007/ERR3826377/ERR3826377_2.fastq.gz	SAMEA5672739	1624305	u
ERR3826378	PAIRED	https://ftp.sra.ebi.ac.uk/vol1/fastq/ERR382/008/ERR3826378/ERR3826378_1.fastq.gz	https://ftp.sra.ebi.ac.uk/vol1/fastq/ERR382/008/ERR3826378/ERR3826378_2.fastq.gz	SAMEA5672740	1969476	u
ERR3826379	PAIRED	https://ftp.sra.ebi.ac.uk/vol1/fastq/ERR382/009/ERR3826379/ERR3826379_1.fastq.gz	https://ftp.sra.ebi.ac.uk/vol1/fastq/ERR382/009/ERR3826379/ERR3826379_2.fastq.gz	SAMEA5672741	2325699	u
ERR3826380	PAIRED	https://ftp.sra.ebi.ac.uk/vol1/fastq/ERR382/000/ERR3826380/ERR3826380_1.fastq.gz	https://ftp.sra.ebi.ac.uk/vol1/fastq/ERR382/000/ERR3826380/ERR3826380_2.fastq.gz	SAMEA5672742	2204812	u
ERR3826383	PAIRED	https://ftp.sra.ebi.ac.uk/vol1/fastq/ERR382/003/ERR3826383/ERR3826383_1.fastq.gz	https://ftp.sra.ebi.ac.uk/vol1/fastq/ERR382/003/ERR3826383/ERR3826383_2.fastq.gz	SAMEA5672745	1238657	u
ERR3826384	PAIRED	https://ftp.sra.ebi.ac.uk/vol1/fastq/ERR382/004/ERR3826384/ERR3826384_1.fastq.gz	https://ftp.sra.ebi.ac.uk/vol1/fastq/ERR382/004/ERR3826384/ERR3826384_2.fastq.gz	SAMEA5672746	1029629	u
ERR3826386	PAIRED	https://ftp.sra.ebi.ac.uk/vol1/fastq/ERR382/006/ERR3826386/ERR3826386_1.fastq.gz	https://ftp.sra.ebi.ac.uk/vol1/fastq/ERR382/006/ERR3826386/ERR3826386_2.fastq.gz	SAMEA5672748	860262	u
ERR3826387	PAIRED	https://ftp.sra.ebi.ac.uk/vol1/fastq/ERR382/007/ERR3826387/ERR3826387_1.fastq.gz	https://ftp.sra.ebi.ac.uk/vol1/fastq/ERR382/007/ERR3826387/ERR3826387_2.fastq.gz	SAMEA5672749	1412543	u
ERR3826388	PAIRED	https://ftp.sra.ebi.ac.uk/vol1/fastq/ERR382/008/ERR3826388/ERR3826388_1.fastq.gz	https://ftp.sra.ebi.ac.uk/vol1/fastq/ERR382/008/ERR3826388/ERR3826388_2.fastq.gz	SAMEA5672750	1219811	u
ERR3826390	PAIRED	https://ftp.sra.ebi.ac.uk/vol1/fastq/ERR382/000/ERR3826390/ERR3826390_1.fastq.gz	https://ftp.sra.ebi.ac.uk/vol1/fastq/ERR382/000/ERR3826390/ERR3826390_2.fastq.gz	SAMEA5672752	1358770	u
ERR3826392	PAIRED	https://ftp.sra.ebi.ac.uk/vol1/fastq/ERR382/002/ERR3826392/ERR3826392_1.fastq.gz	https://ftp.sra.ebi.ac.uk/vol1/fastq/ERR382/002/ERR3826392/ERR3826392_2.fastq.gz	SAMEA5672754	2289743	u
ERR3826394	PAIRED	https://ftp.sra.ebi.ac.uk/vol1/fastq/ERR382/004/ERR3826394/ERR3826394_1.fastq.gz	https://ftp.sra.ebi.ac.uk/vol1/fastq/ERR382/004/ERR3826394/ERR3826394_2.fastq.gz	SAMEA5672756	2259077	u
ERR3826395	PAIRED	https://ftp.sra.ebi.ac.uk/vol1/fastq/ERR382/005/ERR3826395/ERR3826395_1.fastq.gz	https://ftp.sra.ebi.ac.uk/vol1/fastq/ERR382/005/ERR3826395/ERR3826395_2.fastq.gz	SAMEA5672757	1097727	u
ERR3826396	PAIRED	https://ftp.sra.ebi.ac.uk/vol1/fastq/ERR382/006/ERR3826396/ERR3826396_1.fastq.gz	https://ftp.sra.ebi.ac.uk/vol1/fastq/ERR382/006/ERR3826396/ERR3826396_2.fastq.gz	SAMEA5672758	1404864	u
ERR3826399	PAIRED	https://ftp.sra.ebi.ac.uk/vol1/fastq/ERR382/009/ERR3826399/ERR3826399_1.fastq.gz	https://ftp.sra.ebi.ac.uk/vol1/fastq/ERR382/009/ERR3826399/ERR3826399_2.fastq.gz	SAMEA5672761	1083950	u
ERR3826401	PAIRED	https://ftp.sra.ebi.ac.uk/vol1/fastq/ERR382/001/ERR3826401/ERR3826401_1.fastq.gz	https://ftp.sra.ebi.ac.uk/vol1/fastq/ERR382/001/ERR3826401/ERR3826401_2.fastq.gz	SAMEA5672763	1252539	u
ERR3826404	PAIRED	https://ftp.sra.ebi.ac.uk/vol1/fastq/ERR382/004/ERR3826404/ERR3826404_1.fastq.gz	https://ftp.sra.ebi.ac.uk/vol1/fastq/ERR382/004/ERR3826404/ERR3826404_2.fastq.gz	SAMEA5672766	1217003	u
ERR3826405	PAIRED	https://ftp.sra.ebi.ac.uk/vol1/fastq/ERR382/005/ERR3826405/ERR3826405_1.fastq.gz	https://ftp.sra.ebi.ac.uk/vol1/fastq/ERR382/005/ERR3826405/ERR3826405_2.fastq.gz	SAMEA5672767	1278871	u
ERR3826407	PAIRED	https://ftp.sra.ebi.ac.uk/vol1/fastq/ERR382/007/ERR3826407/ERR3826407_1.fastq.gz	https://ftp.sra.ebi.ac.uk/vol1/fastq/ERR382/007/ERR3826407/ERR3826407_2.fastq.gz	SAMEA5672769	998259	u
ERR3826410	PAIRED	https://ftp.sra.ebi.ac.uk/vol1/fastq/ERR382/000/ERR3826410/ERR3826410_1.fastq.gz	https://ftp.sra.ebi.ac.uk/vol1/fastq/ERR382/000/ERR3826410/ERR3826410_2.fastq.gz	SAMEA5672772	1214971	u
ERR3826411	PAIRED	https://ftp.sra.ebi.ac.uk/vol1/fastq/ERR382/001/ERR3826411/ERR3826411_1.fastq.gz	https://ftp.sra.ebi.ac.uk/vol1/fastq/ERR382/001/ERR3826411/ERR3826411_2.fastq.gz	SAMEA5672773	1114281	u
ERR3826413	PAIRED	https://ftp.sra.ebi.ac.uk/vol1/fastq/ERR382/003/ERR3826413/ERR3826413_1.fastq.gz	https://ftp.sra.ebi.ac.uk/vol1/fastq/ERR382/003/ERR3826413/ERR3826413_2.fastq.gz	SAMEA5672775	1183867	u
ERR3826417	PAIRED	https://ftp.sra.ebi.ac.uk/vol1/fastq/ERR382/007/ERR3826417/ERR3826417_1.fastq.gz	https://ftp.sra.ebi.ac.uk/vol1/fastq/ERR382/007/ERR3826417/ERR3826417_2.fastq.gz	SAMEA5672779	1093521	u
ERR3826418	PAIRED	https://ftp.sra.ebi.ac.uk/vol1/fastq/ERR382/008/ERR3826418/ERR3826418_1.fastq.gz	https://ftp.sra.ebi.ac.uk/vol1/fastq/ERR382/008/ERR3826418/ERR3826418_2.fastq.gz	SAMEA5672780	865385	u
ERR3826420	PAIRED	https://ftp.sra.ebi.ac.uk/vol1/fastq/ERR382/000/ERR3826420/ERR3826420_1.fastq.gz	https://ftp.sra.ebi.ac.uk/vol1/fastq/ERR382/000/ERR3826420/ERR3826420_2.fastq.gz	SAMEA5672782	1332274	u
ERR3826422	PAIRED	https://ftp.sra.ebi.ac.uk/vol1/fastq/ERR382/002/ERR3826422/ERR3826422_1.fastq.gz	https://ftp.sra.ebi.ac.uk/vol1/fastq/ERR382/002/ERR3826422/ERR3826422_2.fastq.gz	SAMEA5672784	1018580	u
ERR3826424	PAIRED	https://ftp.sra.ebi.ac.uk/vol1/fastq/ERR382/004/ERR3826424/ERR3826424_1.fastq.gz	https://ftp.sra.ebi.ac.uk/vol1/fastq/ERR382/004/ERR3826424/ERR3826424_2.fastq.gz	SAMEA5672786	793205	u
ERR3826425	PAIRED	https://ftp.sra.ebi.ac.uk/vol1/fastq/ERR382/005/ERR3826425/ERR3826425_1.fastq.gz	https://ftp.sra.ebi.ac.uk/vol1/fastq/ERR382/005/ERR3826425/ERR3826425_2.fastq.gz	SAMEA5672787	1027514	u
ERR3826426	PAIRED	https://ftp.sra.ebi.ac.uk/vol1/fastq/ERR382/006/ERR3826426/ERR3826426_1.fastq.gz	https://ftp.sra.ebi.ac.uk/vol1/fastq/ERR382/006/ERR3826426/ERR3826426_2.fastq.gz	SAMEA5672788	1072151	u
ERR3826427	PAIRED	https://ftp.sra.ebi.ac.uk/vol1/fastq/ERR382/007/ERR3826427/ERR3826427_1.fastq.gz	https://ftp.sra.ebi.ac.uk/vol1/fastq/ERR382/007/ERR3826427/ERR3826427_2.fastq.gz	SAMEA5672789	1130179	u
ERR3826429	PAIRED	https://ftp.sra.ebi.ac.uk/vol1/fastq/ERR382/009/ERR3826429/ERR3826429_1.fastq.gz	https://ftp.sra.ebi.ac.uk/vol1/fastq/ERR382/009/ERR3826429/ERR3826429_2.fastq.gz	SAMEA5672791	1036834	u
ERR3826433	PAIRED	https://ftp.sra.ebi.ac.uk/vol1/fastq/ERR382/003/ERR3826433/ERR3826433_1.fastq.gz	https://ftp.sra.ebi.ac.uk/vol1/fastq/ERR382/003/ERR3826433/ERR3826433_2.fastq.gz	SAMEA5672795	850733	u
ERR3826435	PAIRED	https://ftp.sra.ebi.ac.uk/vol1/fastq/ERR382/005/ERR3826435/ERR3826435_1.fastq.gz	https://ftp.sra.ebi.ac.uk/vol1/fastq/ERR382/005/ERR3826435/ERR3826435_2.fastq.gz	SAMEA5672797	678325	u
ERR3826436	PAIRED	https://ftp.sra.ebi.ac.uk/vol1/fastq/ERR382/006/ERR3826436/ERR3826436_1.fastq.gz	https://ftp.sra.ebi.ac.uk/vol1/fastq/ERR382/006/ERR3826436/ERR3826436_2.fastq.gz	SAMEA5672798	1134749	u
ERR3826441	PAIRED	https://ftp.sra.ebi.ac.uk/vol1/fastq/ERR382/001/ERR3826441/ERR3826441_1.fastq.gz	https://ftp.sra.ebi.ac.uk/vol1/fastq/ERR382/001/ERR3826441/ERR3826441_2.fastq.gz	SAMEA5672804	906332	u
ERR3826442	PAIRED	https://ftp.sra.ebi.ac.uk/vol1/fastq/ERR382/002/ERR3826442/ERR3826442_1.fastq.gz	https://ftp.sra.ebi.ac.uk/vol1/fastq/ERR382/002/ERR3826442/ERR3826442_2.fastq.gz	SAMEA5672805	822560	u
ERR3826449	PAIRED	https://ftp.sra.ebi.ac.uk/vol1/fastq/ERR382/009/ERR3826449/ERR3826449_1.fastq.gz	https://ftp.sra.ebi.ac.uk/vol1/fastq/ERR382/009/ERR3826449/ERR3826449_2.fastq.gz	SAMEA5672812	1013053	u
ERR3826453	PAIRED	https://ftp.sra.ebi.ac.uk/vol1/fastq/ERR382/003/ERR3826453/ERR3826453_1.fastq.gz	https://ftp.sra.ebi.ac.uk/vol1/fastq/ERR382/003/ERR3826453/ERR3826453_2.fastq.gz	SAMEA5672819	967283	u
ERR3826456	PAIRED	https://ftp.sra.ebi.ac.uk/vol1/fastq/ERR382/006/ERR3826456/ERR3826456_1.fastq.gz	https://ftp.sra.ebi.ac.uk/vol1/fastq/ERR382/006/ERR3826456/ERR3826456_2.fastq.gz	SAMEA5672822	749677	u
ERR3826457	PAIRED	https://ftp.sra.ebi.ac.uk/vol1/fastq/ERR382/007/ERR3826457/ERR3826457_1.fastq.gz	https://ftp.sra.ebi.ac.uk/vol1/fastq/ERR382/007/ERR3826457/ERR3826457_2.fastq.gz	SAMEA5672823	919741	u
ERR3826459	PAIRED	https://ftp.sra.ebi.ac.uk/vol1/fastq/ERR382/009/ERR3826459/ERR3826459_1.fastq.gz	https://ftp.sra.ebi.ac.uk/vol1/fastq/ERR382/009/ERR3826459/ERR3826459_2.fastq.gz	SAMEA5672825	883684	u
ERR3826462	PAIRED	https://ftp.sra.ebi.ac.uk/vol1/fastq/ERR382/002/ERR3826462/ERR3826462_1.fastq.gz	https://ftp.sra.ebi.ac.uk/vol1/fastq/ERR382/002/ERR3826462/ERR3826462_2.fastq.gz	SAMEA5672828	882245	u
ERR3826464	PAIRED	https://ftp.sra.ebi.ac.uk/vol1/fastq/ERR382/004/ERR3826464/ERR3826464_1.fastq.gz	https://ftp.sra.ebi.ac.uk/vol1/fastq/ERR382/004/ERR3826464/ERR3826464_2.fastq.gz	SAMEA5672813	784093	u
ERR3826471	PAIRED	https://ftp.sra.ebi.ac.uk/vol1/fastq/ERR382/001/ERR3826471/ERR3826471_1.fastq.gz	https://ftp.sra.ebi.ac.uk/vol1/fastq/ERR382/001/ERR3826471/ERR3826471_2.fastq.gz	SAMEA5672834	936293	u
ERR3826476	PAIRED	https://ftp.sra.ebi.ac.uk/vol1/fastq/ERR382/006/ERR3826476/ERR3826476_1.fastq.gz	https://ftp.sra.ebi.ac.uk/vol1/fastq/ERR382/006/ERR3826476/ERR3826476_2.fastq.gz	SAMEA5672839	902804	u
ERR3826477	PAIRED	https://ftp.sra.ebi.ac.uk/vol1/fastq/ERR382/007/ERR3826477/ERR3826477_1.fastq.gz	https://ftp.sra.ebi.ac.uk/vol1/fastq/ERR382/007/ERR3826477/ERR3826477_2.fastq.gz	SAMEA5672840	923689	u
ERR3826478	PAIRED	https://ftp.sra.ebi.ac.uk/vol1/fastq/ERR382/008/ERR3826478/ERR3826478_1.fastq.gz	https://ftp.sra.ebi.ac.uk/vol1/fastq/ERR382/008/ERR3826478/ERR3826478_2.fastq.gz	SAMEA5672841	1004276	u
ERR3826480	PAIRED	https://ftp.sra.ebi.ac.uk/vol1/fastq/ERR382/000/ERR3826480/ERR3826480_1.fastq.gz	https://ftp.sra.ebi.ac.uk/vol1/fastq/ERR382/000/ERR3826480/ERR3826480_2.fastq.gz	SAMEA5672843	948871	u
ERR3826481	PAIRED	https://ftp.sra.ebi.ac.uk/vol1/fastq/ERR382/001/ERR3826481/ERR3826481_1.fastq.gz	https://ftp.sra.ebi.ac.uk/vol1/fastq/ERR382/001/ERR3826481/ERR3826481_2.fastq.gz	SAMEA5672844	880509	u
ERR3826484	PAIRED	https://ftp.sra.ebi.ac.uk/vol1/fastq/ERR382/004/ERR3826484/ERR3826484_1.fastq.gz	https://ftp.sra.ebi.ac.uk/vol1/fastq/ERR382/004/ERR3826484/ERR3826484_2.fastq.gz	SAMEA5672847	968387	u
ERR3826485	PAIRED	https://ftp.sra.ebi.ac.uk/vol1/fastq/ERR382/005/ERR3826485/ERR3826485_1.fastq.gz	https://ftp.sra.ebi.ac.uk/vol1/fastq/ERR382/005/ERR3826485/ERR3826485_2.fastq.gz	SAMEA5672848	891184	u
ERR3826486	PAIRED	https://ftp.sra.ebi.ac.uk/vol1/fastq/ERR382/006/ERR3826486/ERR3826486_1.fastq.gz	https://ftp.sra.ebi.ac.uk/vol1/fastq/ERR382/006/ERR3826486/ERR3826486_2.fastq.gz	SAMEA5672849	736366	u
ERR3826488	PAIRED	https://ftp.sra.ebi.ac.uk/vol1/fastq/ERR382/008/ERR3826488/ERR3826488_1.fastq.gz	https://ftp.sra.ebi.ac.uk/vol1/fastq/ERR382/008/ERR3826488/ERR3826488_2.fastq.gz	SAMEA5672851	972009	u
ERR3826491	PAIRED	https://ftp.sra.ebi.ac.uk/vol1/fastq/ERR382/001/ERR3826491/ERR3826491_1.fastq.gz	https://ftp.sra.ebi.ac.uk/vol1/fastq/ERR382/001/ERR3826491/ERR3826491_2.fastq.gz	SAMEA5672854	1157343	u
ERR3826492	PAIRED	https://ftp.sra.ebi.ac.uk/vol1/fastq/ERR382/002/ERR3826492/ERR3826492_1.fastq.gz	https://ftp.sra.ebi.ac.uk/vol1/fastq/ERR382/002/ERR3826492/ERR3826492_2.fastq.gz	SAMEA5672855	596421	u
ERR3826495	PAIRED	https://ftp.sra.ebi.ac.uk/vol1/fastq/ERR382/005/ERR3826495/ERR3826495_1.fastq.gz	https://ftp.sra.ebi.ac.uk/vol1/fastq/ERR382/005/ERR3826495/ERR3826495_2.fastq.gz	SAMEA5672858	914080	u
ERR3826498	PAIRED	https://ftp.sra.ebi.ac.uk/vol1/fastq/ERR382/008/ERR3826498/ERR3826498_1.fastq.gz	https://ftp.sra.ebi.ac.uk/vol1/fastq/ERR382/008/ERR3826498/ERR3826498_2.fastq.gz	SAMEA5672861	545796	u
ERR3826499	PAIRED	https://ftp.sra.ebi.ac.uk/vol1/fastq/ERR382/009/ERR3826499/ERR3826499_1.fastq.gz	https://ftp.sra.ebi.ac.uk/vol1/fastq/ERR382/009/ERR3826499/ERR3826499_2.fastq.gz	SAMEA5672862	792037	u
ERR3826501	PAIRED	https://ftp.sra.ebi.ac.uk/vol1/fastq/ERR382/001/ERR3826501/ERR3826501_1.fastq.gz	https://ftp.sra.ebi.ac.uk/vol1/fastq/ERR382/001/ERR3826501/ERR3826501_2.fastq.gz	SAMEA5672864	919332	u
ERR3826502	PAIRED	https://ftp.sra.ebi.ac.uk/vol1/fastq/ERR382/002/ERR3826502/ERR3826502_1.fastq.gz	https://ftp.sra.ebi.ac.uk/vol1/fastq/ERR382/002/ERR3826502/ERR3826502_2.fastq.gz	SAMEA5672865	983530	u
ERR3826503	PAIRED	https://ftp.sra.ebi.ac.uk/vol1/fastq/ERR382/003/ERR3826503/ERR3826503_1.fastq.gz	https://ftp.sra.ebi.ac.uk/vol1/fastq/ERR382/003/ERR3826503/ERR3826503_2.fastq.gz	SAMEA5672866	753177	u
ERR3826504	PAIRED	https://ftp.sra.ebi.ac.uk/vol1/fastq/ERR382/004/ERR3826504/ERR3826504_1.fastq.gz	https://ftp.sra.ebi.ac.uk/vol1/fastq/ERR382/004/ERR3826504/ERR3826504_2.fastq.gz	SAMEA5672867	1089924	u
ERR3826505	PAIRED	https://ftp.sra.ebi.ac.uk/vol1/fastq/ERR382/005/ERR3826505/ERR3826505_1.fastq.gz	https://ftp.sra.ebi.ac.uk/vol1/fastq/ERR382/005/ERR3826505/ERR3826505_2.fastq.gz	SAMEA5672868	969222	u
ERR3826506	PAIRED	https://ftp.sra.ebi.ac.uk/vol1/fastq/ERR382/006/ERR3826506/ERR3826506_1.fastq.gz	https://ftp.sra.ebi.ac.uk/vol1/fastq/ERR382/006/ERR3826506/ERR3826506_2.fastq.gz	SAMEA5672869	932709	u
ERR3826507	PAIRED	https://ftp.sra.ebi.ac.uk/vol1/fastq/ERR382/007/ERR3826507/ERR3826507_1.fastq.gz	https://ftp.sra.ebi.ac.uk/vol1/fastq/ERR382/007/ERR3826507/ERR3826507_2.fastq.gz	SAMEA5672870	914868	u
ERR3826508	PAIRED	https://ftp.sra.ebi.ac.uk/vol1/fastq/ERR382/008/ERR3826508/ERR3826508_1.fastq.gz	https://ftp.sra.ebi.ac.uk/vol1/fastq/ERR382/008/ERR3826508/ERR3826508_2.fastq.gz	SAMEA5672871	898771	u
ERR3826512	PAIRED	https://ftp.sra.ebi.ac.uk/vol1/fastq/ERR382/002/ERR3826512/ERR3826512_1.fastq.gz	https://ftp.sra.ebi.ac.uk/vol1/fastq/ERR382/002/ERR3826512/ERR3826512_2.fastq.gz	SAMEA5672875	982764	u
ERR3826513	PAIRED	https://ftp.sra.ebi.ac.uk/vol1/fastq/ERR382/003/ERR3826513/ERR3826513_1.fastq.gz	https://ftp.sra.ebi.ac.uk/vol1/fastq/ERR382/003/ERR3826513/ERR3826513_2.fastq.gz	SAMEA5672876	754702	u
ERR3826514	PAIRED	https://ftp.sra.ebi.ac.uk/vol1/fastq/ERR382/004/ERR3826514/ERR3826514_1.fastq.gz	https://ftp.sra.ebi.ac.uk/vol1/fastq/ERR382/004/ERR3826514/ERR3826514_2.fastq.gz	SAMEA5672877	749006	u
ERR3826515	PAIRED	https://ftp.sra.ebi.ac.uk/vol1/fastq/ERR382/005/ERR3826515/ERR3826515_1.fastq.gz	https://ftp.sra.ebi.ac.uk/vol1/fastq/ERR382/005/ERR3826515/ERR3826515_2.fastq.gz	SAMEA5672878	866822	u
ERR3826516	PAIRED	https://ftp.sra.ebi.ac.uk/vol1/fastq/ERR382/006/ERR3826516/ERR3826516_1.fastq.gz	https://ftp.sra.ebi.ac.uk/vol1/fastq/ERR382/006/ERR3826516/ERR3826516_2.fastq.gz	SAMEA5672879	895948	u
ERR3826519	PAIRED	https://ftp.sra.ebi.ac.uk/vol1/fastq/ERR382/009/ERR3826519/ERR3826519_1.fastq.gz	https://ftp.sra.ebi.ac.uk/vol1/fastq/ERR382/009/ERR3826519/ERR3826519_2.fastq.gz	SAMEA5672882	1075547	u
ERR3826520	PAIRED	https://ftp.sra.ebi.ac.uk/vol1/fastq/ERR382/000/ERR3826520/ERR3826520_1.fastq.gz	https://ftp.sra.ebi.ac.uk/vol1/fastq/ERR382/000/ERR3826520/ERR3826520_2.fastq.gz	SAMEA5672883	995048	u
ERR3826523	PAIRED	https://ftp.sra.ebi.ac.uk/vol1/fastq/ERR382/003/ERR3826523/ERR3826523_1.fastq.gz	https://ftp.sra.ebi.ac.uk/vol1/fastq/ERR382/003/ERR3826523/ERR3826523_2.fastq.gz	SAMEA5672886	903529	u
ERR3826524	PAIRED	https://ftp.sra.ebi.ac.uk/vol1/fastq/ERR382/004/ERR3826524/ERR3826524_1.fastq.gz	https://ftp.sra.ebi.ac.uk/vol1/fastq/ERR382/004/ERR3826524/ERR3826524_2.fastq.gz	SAMEA5672887	820199	u
ERR3826526	PAIRED	https://ftp.sra.ebi.ac.uk/vol1/fastq/ERR382/006/ERR3826526/ERR3826526_1.fastq.gz	https://ftp.sra.ebi.ac.uk/vol1/fastq/ERR382/006/ERR3826526/ERR3826526_2.fastq.gz	SAMEA5672889	1228113	u
ERR3826528	PAIRED	https://ftp.sra.ebi.ac.uk/vol1/fastq/ERR382/008/ERR3826528/ERR3826528_1.fastq.gz	https://ftp.sra.ebi.ac.uk/vol1/fastq/ERR382/008/ERR3826528/ERR3826528_2.fastq.gz	SAMEA5672891	1066386	u
ERR3826531	PAIRED	https://ftp.sra.ebi.ac.uk/vol1/fastq/ERR382/001/ERR3826531/ERR3826531_1.fastq.gz	https://ftp.sra.ebi.ac.uk/vol1/fastq/ERR382/001/ERR3826531/ERR3826531_2.fastq.gz	SAMEA5672894	876756	u
ERR3826537	PAIRED	https://ftp.sra.ebi.ac.uk/vol1/fastq/ERR382/007/ERR3826537/ERR3826537_1.fastq.gz	https://ftp.sra.ebi.ac.uk/vol1/fastq/ERR382/007/ERR3826537/ERR3826537_2.fastq.gz	SAMEA5672900	970496	u
ERR3826538	PAIRED	https://ftp.sra.ebi.ac.uk/vol1/fastq/ERR382/008/ERR3826538/ERR3826538_1.fastq.gz	https://ftp.sra.ebi.ac.uk/vol1/fastq/ERR382/008/ERR3826538/ERR3826538_2.fastq.gz	SAMEA5672901	969888	u
ERR3826539	PAIRED	https://ftp.sra.ebi.ac.uk/vol1/fastq/ERR382/009/ERR3826539/ERR3826539_1.fastq.gz	https://ftp.sra.ebi.ac.uk/vol1/fastq/ERR382/009/ERR3826539/ERR3826539_2.fastq.gz	SAMEA5672902	1072644	u
ERR3826542	PAIRED	https://ftp.sra.ebi.ac.uk/vol1/fastq/ERR382/002/ERR3826542/ERR3826542_1.fastq.gz	https://ftp.sra.ebi.ac.uk/vol1/fastq/ERR382/002/ERR3826542/ERR3826542_2.fastq.gz	SAMEA5672905	864442	u
ERR3826543	PAIRED	https://ftp.sra.ebi.ac.uk/vol1/fastq/ERR382/003/ERR3826543/ERR3826543_1.fastq.gz	https://ftp.sra.ebi.ac.uk/vol1/fastq/ERR382/003/ERR3826543/ERR3826543_2.fastq.gz	SAMEA5672906	1031633	u
ERR3826545	PAIRED	https://ftp.sra.ebi.ac.uk/vol1/fastq/ERR382/005/ERR3826545/ERR3826545_1.fastq.gz	https://ftp.sra.ebi.ac.uk/vol1/fastq/ERR382/005/ERR3826545/ERR3826545_2.fastq.gz	SAMEA5672908	1146129	u
ERR3826550	PAIRED	https://ftp.sra.ebi.ac.uk/vol1/fastq/ERR382/000/ERR3826550/ERR3826550_1.fastq.gz	https://ftp.sra.ebi.ac.uk/vol1/fastq/ERR382/000/ERR3826550/ERR3826550_2.fastq.gz	SAMEA5672913	1162513	u
ERR3826551	PAIRED	https://ftp.sra.ebi.ac.uk/vol1/fastq/ERR382/001/ERR3826551/ERR3826551_1.fastq.gz	https://ftp.sra.ebi.ac.uk/vol1/fastq/ERR382/001/ERR3826551/ERR3826551_2.fastq.gz	SAMEA5672914	1827453	u
ERR3826552	PAIRED	https://ftp.sra.ebi.ac.uk/vol1/fastq/ERR382/002/ERR3826552/ERR3826552_1.fastq.gz	https://ftp.sra.ebi.ac.uk/vol1/fastq/ERR382/002/ERR3826552/ERR3826552_2.fastq.gz	SAMEA5672915	1532803	u
ERR3826553	PAIRED	https://ftp.sra.ebi.ac.uk/vol1/fastq/ERR382/003/ERR3826553/ERR3826553_1.fastq.gz	https://ftp.sra.ebi.ac.uk/vol1/fastq/ERR382/003/ERR3826553/ERR3826553_2.fastq.gz	SAMEA5672916	1817047	u
ERR3826554	PAIRED	https://ftp.sra.ebi.ac.uk/vol1/fastq/ERR382/004/ERR3826554/ERR3826554_1.fastq.gz	https://ftp.sra.ebi.ac.uk/vol1/fastq/ERR382/004/ERR3826554/ERR3826554_2.fastq.gz	SAMEA5672917	962867	u
ERR3826559	PAIRED	https://ftp.sra.ebi.ac.uk/vol1/fastq/ERR382/009/ERR3826559/ERR3826559_1.fastq.gz	https://ftp.sra.ebi.ac.uk/vol1/fastq/ERR382/009/ERR3826559/ERR3826559_2.fastq.gz	SAMEA5672922	1266269	u
ERR3826560	PAIRED	https://ftp.sra.ebi.ac.uk/vol1/fastq/ERR382/000/ERR3826560/ERR3826560_1.fastq.gz	https://ftp.sra.ebi.ac.uk/vol1/fastq/ERR382/000/ERR3826560/ERR3826560_2.fastq.gz	SAMEA5672923	724025	u
ERR3826561	PAIRED	https://ftp.sra.ebi.ac.uk/vol1/fastq/ERR382/001/ERR3826561/ERR3826561_1.fastq.gz	https://ftp.sra.ebi.ac.uk/vol1/fastq/ERR382/001/ERR3826561/ERR3826561_2.fastq.gz	SAMEA5672924	2140990	u
ERR3826563	PAIRED	https://ftp.sra.ebi.ac.uk/vol1/fastq/ERR382/003/ERR3826563/ERR3826563_1.fastq.gz	https://ftp.sra.ebi.ac.uk/vol1/fastq/ERR382/003/ERR3826563/ERR3826563_2.fastq.gz	SAMEA5672926	845609	u
ERR3826564	PAIRED	https://ftp.sra.ebi.ac.uk/vol1/fastq/ERR382/004/ERR3826564/ERR3826564_1.fastq.gz	https://ftp.sra.ebi.ac.uk/vol1/fastq/ERR382/004/ERR3826564/ERR3826564_2.fastq.gz	SAMEA5672927	1111477	u
ERR3826565	PAIRED	https://ftp.sra.ebi.ac.uk/vol1/fastq/ERR382/005/ERR3826565/ERR3826565_1.fastq.gz	https://ftp.sra.ebi.ac.uk/vol1/fastq/ERR382/005/ERR3826565/ERR3826565_2.fastq.gz	SAMEA5672928	892583	u
ERR3826566	PAIRED	https://ftp.sra.ebi.ac.uk/vol1/fastq/ERR382/006/ERR3826566/ERR3826566_1.fastq.gz	https://ftp.sra.ebi.ac.uk/vol1/fastq/ERR382/006/ERR3826566/ERR3826566_2.fastq.gz	SAMEA5672929	976900	u
ERR3826569	PAIRED	https://ftp.sra.ebi.ac.uk/vol1/fastq/ERR382/009/ERR3826569/ERR3826569_1.fastq.gz	https://ftp.sra.ebi.ac.uk/vol1/fastq/ERR382/009/ERR3826569/ERR3826569_2.fastq.gz	SAMEA5672932	1782033	u
ERR3826571	PAIRED	https://ftp.sra.ebi.ac.uk/vol1/fastq/ERR382/001/ERR3826571/ERR3826571_1.fastq.gz	https://ftp.sra.ebi.ac.uk/vol1/fastq/ERR382/001/ERR3826571/ERR3826571_2.fastq.gz	SAMEA5672934	1604470	u
ERR3826572	PAIRED	https://ftp.sra.ebi.ac.uk/vol1/fastq/ERR382/002/ERR3826572/ERR3826572_1.fastq.gz	https://ftp.sra.ebi.ac.uk/vol1/fastq/ERR382/002/ERR3826572/ERR3826572_2.fastq.gz	SAMEA5672935	1592056	u
ERR3826573	PAIRED	https://ftp.sra.ebi.ac.uk/vol1/fastq/ERR382/003/ERR3826573/ERR3826573_1.fastq.gz	https://ftp.sra.ebi.ac.uk/vol1/fastq/ERR382/003/ERR3826573/ERR3826573_2.fastq.gz	SAMEA5672936	1006775	u
ERR3826574	PAIRED	https://ftp.sra.ebi.ac.uk/vol1/fastq/ERR382/004/ERR3826574/ERR3826574_1.fastq.gz	https://ftp.sra.ebi.ac.uk/vol1/fastq/ERR382/004/ERR3826574/ERR3826574_2.fastq.gz	SAMEA5672937	1926029	u
ERR3826577	PAIRED	https://ftp.sra.ebi.ac.uk/vol1/fastq/ERR382/007/ERR3826577/ERR3826577_1.fastq.gz	https://ftp.sra.ebi.ac.uk/vol1/fastq/ERR382/007/ERR3826577/ERR3826577_2.fastq.gz	SAMEA5672940	1716006	u
ERR3826579	PAIRED	https://ftp.sra.ebi.ac.uk/vol1/fastq/ERR382/009/ERR3826579/ERR3826579_1.fastq.gz	https://ftp.sra.ebi.ac.uk/vol1/fastq/ERR382/009/ERR3826579/ERR3826579_2.fastq.gz	SAMEA5672942	942438	u
ERR3826582	PAIRED	https://ftp.sra.ebi.ac.uk/vol1/fastq/ERR382/002/ERR3826582/ERR3826582_1.fastq.gz	https://ftp.sra.ebi.ac.uk/vol1/fastq/ERR382/002/ERR3826582/ERR3826582_2.fastq.gz	SAMEA5672945	913334	u
ERR3826584	PAIRED	https://ftp.sra.ebi.ac.uk/vol1/fastq/ERR382/004/ERR3826584/ERR3826584_1.fastq.gz	https://ftp.sra.ebi.ac.uk/vol1/fastq/ERR382/004/ERR3826584/ERR3826584_2.fastq.gz	SAMEA5672947	1284948	u
ERR3826585	PAIRED	https://ftp.sra.ebi.ac.uk/vol1/fastq/ERR382/005/ERR3826585/ERR3826585_1.fastq.gz	https://ftp.sra.ebi.ac.uk/vol1/fastq/ERR382/005/ERR3826585/ERR3826585_2.fastq.gz	SAMEA5672948	1011997	u
ERR3826590	PAIRED	https://ftp.sra.ebi.ac.uk/vol1/fastq/ERR382/000/ERR3826590/ERR3826590_1.fastq.gz	https://ftp.sra.ebi.ac.uk/vol1/fastq/ERR382/000/ERR3826590/ERR3826590_2.fastq.gz	SAMEA5672953	1387072	u
ERR3826591	PAIRED	https://ftp.sra.ebi.ac.uk/vol1/fastq/ERR382/001/ERR3826591/ERR3826591_1.fastq.gz	https://ftp.sra.ebi.ac.uk/vol1/fastq/ERR382/001/ERR3826591/ERR3826591_2.fastq.gz	SAMEA5672954	1301428	u
ERR3826592	PAIRED	https://ftp.sra.ebi.ac.uk/vol1/fastq/ERR382/002/ERR3826592/ERR3826592_1.fastq.gz	https://ftp.sra.ebi.ac.uk/vol1/fastq/ERR382/002/ERR3826592/ERR3826592_2.fastq.gz	SAMEA5672955	1344031	u
ERR3826593	PAIRED	https://ftp.sra.ebi.ac.uk/vol1/fastq/ERR382/003/ERR3826593/ERR3826593_1.fastq.gz	https://ftp.sra.ebi.ac.uk/vol1/fastq/ERR382/003/ERR3826593/ERR3826593_2.fastq.gz	SAMEA5672956	1269115	u
ERR3826595	PAIRED	https://ftp.sra.ebi.ac.uk/vol1/fastq/ERR382/005/ERR3826595/ERR3826595_1.fastq.gz	https://ftp.sra.ebi.ac.uk/vol1/fastq/ERR382/005/ERR3826595/ERR3826595_2.fastq.gz	SAMEA5672958	1181368	u
ERR3826596	PAIRED	https://ftp.sra.ebi.ac.uk/vol1/fastq/ERR382/006/ERR3826596/ERR3826596_1.fastq.gz	https://ftp.sra.ebi.ac.uk/vol1/fastq/ERR382/006/ERR3826596/ERR3826596_2.fastq.gz	SAMEA5672959	1159184	u
ERR3826597	PAIRED	https://ftp.sra.ebi.ac.uk/vol1/fastq/ERR382/007/ERR3826597/ERR3826597_1.fastq.gz	https://ftp.sra.ebi.ac.uk/vol1/fastq/ERR382/007/ERR3826597/ERR3826597_2.fastq.gz	SAMEA5672960	1089185	u
ERR3826599	PAIRED	https://ftp.sra.ebi.ac.uk/vol1/fastq/ERR382/009/ERR3826599/ERR3826599_1.fastq.gz	https://ftp.sra.ebi.ac.uk/vol1/fastq/ERR382/009/ERR3826599/ERR3826599_2.fastq.gz	SAMEA5672962	1213997	u
ERR3826605	PAIRED	https://ftp.sra.ebi.ac.uk/vol1/fastq/ERR382/005/ERR3826605/ERR3826605_1.fastq.gz	https://ftp.sra.ebi.ac.uk/vol1/fastq/ERR382/005/ERR3826605/ERR3826605_2.fastq.gz	SAMEA5672968	640545	u
ERR3826606	PAIRED	https://ftp.sra.ebi.ac.uk/vol1/fastq/ERR382/006/ERR3826606/ERR3826606_1.fastq.gz	https://ftp.sra.ebi.ac.uk/vol1/fastq/ERR382/006/ERR3826606/ERR3826606_2.fastq.gz	SAMEA5672969	781220	u
ERR3826607	PAIRED	https://ftp.sra.ebi.ac.uk/vol1/fastq/ERR382/007/ERR3826607/ERR3826607_1.fastq.gz	https://ftp.sra.ebi.ac.uk/vol1/fastq/ERR382/007/ERR3826607/ERR3826607_2.fastq.gz	SAMEA5672970	823188	u
ERR3826609	PAIRED	https://ftp.sra.ebi.ac.uk/vol1/fastq/ERR382/009/ERR3826609/ERR3826609_1.fastq.gz	https://ftp.sra.ebi.ac.uk/vol1/fastq/ERR382/009/ERR3826609/ERR3826609_2.fastq.gz	SAMEA5672972	579245	u
ERR3826612	PAIRED	https://ftp.sra.ebi.ac.uk/vol1/fastq/ERR382/002/ERR3826612/ERR3826612_1.fastq.gz	https://ftp.sra.ebi.ac.uk/vol1/fastq/ERR382/002/ERR3826612/ERR3826612_2.fastq.gz	SAMEA5672975	734256	u
ERR3826614	PAIRED	https://ftp.sra.ebi.ac.uk/vol1/fastq/ERR382/004/ERR3826614/ERR3826614_1.fastq.gz	https://ftp.sra.ebi.ac.uk/vol1/fastq/ERR382/004/ERR3826614/ERR3826614_2.fastq.gz	SAMEA5672977	617739	u
ERR3826615	PAIRED	https://ftp.sra.ebi.ac.uk/vol1/fastq/ERR382/005/ERR3826615/ERR3826615_1.fastq.gz	https://ftp.sra.ebi.ac.uk/vol1/fastq/ERR382/005/ERR3826615/ERR3826615_2.fastq.gz	SAMEA5672978	671095	u
ERR3826619	PAIRED	https://ftp.sra.ebi.ac.uk/vol1/fastq/ERR382/009/ERR3826619/ERR3826619_1.fastq.gz	https://ftp.sra.ebi.ac.uk/vol1/fastq/ERR382/009/ERR3826619/ERR3826619_2.fastq.gz	SAMEA5672982	733002	u
ERR3826621	PAIRED	https://ftp.sra.ebi.ac.uk/vol1/fastq/ERR382/001/ERR3826621/ERR3826621_1.fastq.gz	https://ftp.sra.ebi.ac.uk/vol1/fastq/ERR382/001/ERR3826621/ERR3826621_2.fastq.gz	SAMEA5672984	1140834	u
ERR3826622	PAIRED	https://ftp.sra.ebi.ac.uk/vol1/fastq/ERR382/002/ERR3826622/ERR3826622_1.fastq.gz	https://ftp.sra.ebi.ac.uk/vol1/fastq/ERR382/002/ERR3826622/ERR3826622_2.fastq.gz	SAMEA5672985	1252085	u
ERR3826623	PAIRED	https://ftp.sra.ebi.ac.uk/vol1/fastq/ERR382/003/ERR3826623/ERR3826623_1.fastq.gz	https://ftp.sra.ebi.ac.uk/vol1/fastq/ERR382/003/ERR3826623/ERR3826623_2.fastq.gz	SAMEA5672986	1206419	u
ERR3826627	PAIRED	https://ftp.sra.ebi.ac.uk/vol1/fastq/ERR382/007/ERR3826627/ERR3826627_1.fastq.gz	https://ftp.sra.ebi.ac.uk/vol1/fastq/ERR382/007/ERR3826627/ERR3826627_2.fastq.gz	SAMEA5672990	1540666	u
ERR3826632	PAIRED	https://ftp.sra.ebi.ac.uk/vol1/fastq/ERR382/002/ERR3826632/ERR3826632_1.fastq.gz	https://ftp.sra.ebi.ac.uk/vol1/fastq/ERR382/002/ERR3826632/ERR3826632_2.fastq.gz	SAMEA5672995	1220745	u
ERR3826635	PAIRED	https://ftp.sra.ebi.ac.uk/vol1/fastq/ERR382/005/ERR3826635/ERR3826635_1.fastq.gz	https://ftp.sra.ebi.ac.uk/vol1/fastq/ERR382/005/ERR3826635/ERR3826635_2.fastq.gz	SAMEA5672998	996791	u
ERR3826637	PAIRED	https://ftp.sra.ebi.ac.uk/vol1/fastq/ERR382/007/ERR3826637/ERR3826637_1.fastq.gz	https://ftp.sra.ebi.ac.uk/vol1/fastq/ERR382/007/ERR3826637/ERR3826637_2.fastq.gz	SAMEA5673000	1030583	u
ERR3826638	PAIRED	https://ftp.sra.ebi.ac.uk/vol1/fastq/ERR382/008/ERR3826638/ERR3826638_1.fastq.gz	https://ftp.sra.ebi.ac.uk/vol1/fastq/ERR382/008/ERR3826638/ERR3826638_2.fastq.gz	SAMEA5673001	1431146	u
ERR3826639	PAIRED	https://ftp.sra.ebi.ac.uk/vol1/fastq/ERR382/009/ERR3826639/ERR3826639_1.fastq.gz	https://ftp.sra.ebi.ac.uk/vol1/fastq/ERR382/009/ERR3826639/ERR3826639_2.fastq.gz	SAMEA5673002	990214	u
ERR3826641	PAIRED	https://ftp.sra.ebi.ac.uk/vol1/fastq/ERR382/001/ERR3826641/ERR3826641_1.fastq.gz	https://ftp.sra.ebi.ac.uk/vol1/fastq/ERR382/001/ERR3826641/ERR3826641_2.fastq.gz	SAMEA5673004	1302900	u
ERR3826647	PAIRED	https://ftp.sra.ebi.ac.uk/vol1/fastq/ERR382/007/ERR3826647/ERR3826647_1.fastq.gz	https://ftp.sra.ebi.ac.uk/vol1/fastq/ERR382/007/ERR3826647/ERR3826647_2.fastq.gz	SAMEA5673010	1046441	u
ERR3826648	PAIRED	https://ftp.sra.ebi.ac.uk/vol1/fastq/ERR382/008/ERR3826648/ERR3826648_1.fastq.gz	https://ftp.sra.ebi.ac.uk/vol1/fastq/ERR382/008/ERR3826648/ERR3826648_2.fastq.gz	SAMEA5673011	1162682	u
ERR3826649	PAIRED	https://ftp.sra.ebi.ac.uk/vol1/fastq/ERR382/009/ERR3826649/ERR3826649_1.fastq.gz	https://ftp.sra.ebi.ac.uk/vol1/fastq/ERR382/009/ERR3826649/ERR3826649_2.fastq.gz	SAMEA5673012	1207289	u
ERR3826650	PAIRED	https://ftp.sra.ebi.ac.uk/vol1/fastq/ERR382/000/ERR3826650/ERR3826650_1.fastq.gz	https://ftp.sra.ebi.ac.uk/vol1/fastq/ERR382/000/ERR3826650/ERR3826650_2.fastq.gz	SAMEA5673013	1165888	u
ERR3826653	PAIRED	https://ftp.sra.ebi.ac.uk/vol1/fastq/ERR382/003/ERR3826653/ERR3826653_1.fastq.gz	https://ftp.sra.ebi.ac.uk/vol1/fastq/ERR382/003/ERR3826653/ERR3826653_2.fastq.gz	SAMEA5673016	1114663	u
ERR3826654	PAIRED	https://ftp.sra.ebi.ac.uk/vol1/fastq/ERR382/004/ERR3826654/ERR3826654_1.fastq.gz	https://ftp.sra.ebi.ac.uk/vol1/fastq/ERR382/004/ERR3826654/ERR3826654_2.fastq.gz	SAMEA5673017	1393480	u
ERR3826656	PAIRED	https://ftp.sra.ebi.ac.uk/vol1/fastq/ERR382/006/ERR3826656/ERR3826656_1.fastq.gz	https://ftp.sra.ebi.ac.uk/vol1/fastq/ERR382/006/ERR3826656/ERR3826656_2.fastq.gz	SAMEA5673019	641725	u
ERR3826657	PAIRED	https://ftp.sra.ebi.ac.uk/vol1/fastq/ERR382/007/ERR3826657/ERR3826657_1.fastq.gz	https://ftp.sra.ebi.ac.uk/vol1/fastq/ERR382/007/ERR3826657/ERR3826657_2.fastq.gz	SAMEA5673020	1070798	u
ERR3826659	PAIRED	https://ftp.sra.ebi.ac.uk/vol1/fastq/ERR382/009/ERR3826659/ERR3826659_1.fastq.gz	https://ftp.sra.ebi.ac.uk/vol1/fastq/ERR382/009/ERR3826659/ERR3826659_2.fastq.gz	SAMEA5673022	1115952	u
ERR3826662	PAIRED	https://ftp.sra.ebi.ac.uk/vol1/fastq/ERR382/002/ERR3826662/ERR3826662_1.fastq.gz	https://ftp.sra.ebi.ac.uk/vol1/fastq/ERR382/002/ERR3826662/ERR3826662_2.fastq.gz	SAMEA5673025	967478	u
ERR3826663	PAIRED	https://ftp.sra.ebi.ac.uk/vol1/fastq/ERR382/003/ERR3826663/ERR3826663_1.fastq.gz	https://ftp.sra.ebi.ac.uk/vol1/fastq/ERR382/003/ERR3826663/ERR3826663_2.fastq.gz	SAMEA5673026	1680879	u
ERR3826666	PAIRED	https://ftp.sra.ebi.ac.uk/vol1/fastq/ERR382/006/ERR3826666/ERR3826666_1.fastq.gz	https://ftp.sra.ebi.ac.uk/vol1/fastq/ERR382/006/ERR3826666/ERR3826666_2.fastq.gz	SAMEA5673029	997582	u
ERR3826668	PAIRED	https://ftp.sra.ebi.ac.uk/vol1/fastq/ERR382/008/ERR3826668/ERR3826668_1.fastq.gz	https://ftp.sra.ebi.ac.uk/vol1/fastq/ERR382/008/ERR3826668/ERR3826668_2.fastq.gz	SAMEA5673031	1039245	u
ERR3826670	PAIRED	https://ftp.sra.ebi.ac.uk/vol1/fastq/ERR382/000/ERR3826670/ERR3826670_1.fastq.gz	https://ftp.sra.ebi.ac.uk/vol1/fastq/ERR382/000/ERR3826670/ERR3826670_2.fastq.gz	SAMEA5673033	779618	u
ERR3826671	PAIRED	https://ftp.sra.ebi.ac.uk/vol1/fastq/ERR382/001/ERR3826671/ERR3826671_1.fastq.gz	https://ftp.sra.ebi.ac.uk/vol1/fastq/ERR382/001/ERR3826671/ERR3826671_2.fastq.gz	SAMEA5673034	1878482	u
ERR3826673	PAIRED	https://ftp.sra.ebi.ac.uk/vol1/fastq/ERR382/003/ERR3826673/ERR3826673_1.fastq.gz	https://ftp.sra.ebi.ac.uk/vol1/fastq/ERR382/003/ERR3826673/ERR3826673_2.fastq.gz	SAMEA5673036	1173951	u
ERR3826674	PAIRED	https://ftp.sra.ebi.ac.uk/vol1/fastq/ERR382/004/ERR3826674/ERR3826674_1.fastq.gz	https://ftp.sra.ebi.ac.uk/vol1/fastq/ERR382/004/ERR3826674/ERR3826674_2.fastq.gz	SAMEA5673037	862156	u
ERR3826681	PAIRED	https://ftp.sra.ebi.ac.uk/vol1/fastq/ERR382/001/ERR3826681/ERR3826681_1.fastq.gz	https://ftp.sra.ebi.ac.uk/vol1/fastq/ERR382/001/ERR3826681/ERR3826681_2.fastq.gz	SAMEA5673044	744413	u
ERR3826683	PAIRED	https://ftp.sra.ebi.ac.uk/vol1/fastq/ERR382/003/ERR3826683/ERR3826683_1.fastq.gz	https://ftp.sra.ebi.ac.uk/vol1/fastq/ERR382/003/ERR3826683/ERR3826683_2.fastq.gz	SAMEA5673046	729730	u
ERR3826685	PAIRED	https://ftp.sra.ebi.ac.uk/vol1/fastq/ERR382/005/ERR3826685/ERR3826685_1.fastq.gz	https://ftp.sra.ebi.ac.uk/vol1/fastq/ERR382/005/ERR3826685/ERR3826685_2.fastq.gz	SAMEA5673048	932310	u
ERR3826686	PAIRED	https://ftp.sra.ebi.ac.uk/vol1/fastq/ERR382/006/ERR3826686/ERR3826686_1.fastq.gz	https://ftp.sra.ebi.ac.uk/vol1/fastq/ERR382/006/ERR3826686/ERR3826686_2.fastq.gz	SAMEA5673049	786198	u
ERR3826687	PAIRED	https://ftp.sra.ebi.ac.uk/vol1/fastq/ERR382/007/ERR3826687/ERR3826687_1.fastq.gz	https://ftp.sra.ebi.ac.uk/vol1/fastq/ERR382/007/ERR3826687/ERR3826687_2.fastq.gz	SAMEA5673050	843741	u
ERR3826690	PAIRED	https://ftp.sra.ebi.ac.uk/vol1/fastq/ERR382/000/ERR3826690/ERR3826690_1.fastq.gz	https://ftp.sra.ebi.ac.uk/vol1/fastq/ERR382/000/ERR3826690/ERR3826690_2.fastq.gz	SAMEA5673053	1031447	u
ERR3826691	PAIRED	https://ftp.sra.ebi.ac.uk/vol1/fastq/ERR382/001/ERR3826691/ERR3826691_1.fastq.gz	https://ftp.sra.ebi.ac.uk/vol1/fastq/ERR382/001/ERR3826691/ERR3826691_2.fastq.gz	SAMEA5673054	1197490	u
ERR3826693	PAIRED	https://ftp.sra.ebi.ac.uk/vol1/fastq/ERR382/003/ERR3826693/ERR3826693_1.fastq.gz	https://ftp.sra.ebi.ac.uk/vol1/fastq/ERR382/003/ERR3826693/ERR3826693_2.fastq.gz	SAMEA5673056	1010362	u
ERR3826694	PAIRED	https://ftp.sra.ebi.ac.uk/vol1/fastq/ERR382/004/ERR3826694/ERR3826694_1.fastq.gz	https://ftp.sra.ebi.ac.uk/vol1/fastq/ERR382/004/ERR3826694/ERR3826694_2.fastq.gz	SAMEA5673057	1163534	u
ERR3826696	PAIRED	https://ftp.sra.ebi.ac.uk/vol1/fastq/ERR382/006/ERR3826696/ERR3826696_1.fastq.gz	https://ftp.sra.ebi.ac.uk/vol1/fastq/ERR382/006/ERR3826696/ERR3826696_2.fastq.gz	SAMEA5673059	888480	u
ERR3826697	PAIRED	https://ftp.sra.ebi.ac.uk/vol1/fastq/ERR382/007/ERR3826697/ERR3826697_1.fastq.gz	https://ftp.sra.ebi.ac.uk/vol1/fastq/ERR382/007/ERR3826697/ERR3826697_2.fastq.gz	SAMEA5673060	973710	u
ERR3826698	PAIRED	https://ftp.sra.ebi.ac.uk/vol1/fastq/ERR382/008/ERR3826698/ERR3826698_1.fastq.gz	https://ftp.sra.ebi.ac.uk/vol1/fastq/ERR382/008/ERR3826698/ERR3826698_2.fastq.gz	SAMEA5673061	1094868	u
ERR3826699	PAIRED	https://ftp.sra.ebi.ac.uk/vol1/fastq/ERR382/009/ERR3826699/ERR3826699_1.fastq.gz	https://ftp.sra.ebi.ac.uk/vol1/fastq/ERR382/009/ERR3826699/ERR3826699_2.fastq.gz	SAMEA5673062	1087982	u
ERR3826701	PAIRED	https://ftp.sra.ebi.ac.uk/vol1/fastq/ERR382/001/ERR3826701/ERR3826701_1.fastq.gz	https://ftp.sra.ebi.ac.uk/vol1/fastq/ERR382/001/ERR3826701/ERR3826701_2.fastq.gz	SAMEA5673064	1161418	u
ERR3826702	PAIRED	https://ftp.sra.ebi.ac.uk/vol1/fastq/ERR382/002/ERR3826702/ERR3826702_1.fastq.gz	https://ftp.sra.ebi.ac.uk/vol1/fastq/ERR382/002/ERR3826702/ERR3826702_2.fastq.gz	SAMEA5673065	1180595	u
ERR3826704	PAIRED	https://ftp.sra.ebi.ac.uk/vol1/fastq/ERR382/004/ERR3826704/ERR3826704_1.fastq.gz	https://ftp.sra.ebi.ac.uk/vol1/fastq/ERR382/004/ERR3826704/ERR3826704_2.fastq.gz	SAMEA5673067	1028931	u
ERR3826707	PAIRED	https://ftp.sra.ebi.ac.uk/vol1/fastq/ERR382/007/ERR3826707/ERR3826707_1.fastq.gz	https://ftp.sra.ebi.ac.uk/vol1/fastq/ERR382/007/ERR3826707/ERR3826707_2.fastq.gz	SAMEA5673070	750936	u
ERR3826714	PAIRED	https://ftp.sra.ebi.ac.uk/vol1/fastq/ERR382/004/ERR3826714/ERR3826714_1.fastq.gz	https://ftp.sra.ebi.ac.uk/vol1/fastq/ERR382/004/ERR3826714/ERR3826714_2.fastq.gz	SAMEA5673077	766923	u
ERR3826716	PAIRED	https://ftp.sra.ebi.ac.uk/vol1/fastq/ERR382/006/ERR3826716/ERR3826716_1.fastq.gz	https://ftp.sra.ebi.ac.uk/vol1/fastq/ERR382/006/ERR3826716/ERR3826716_2.fastq.gz	SAMEA5673087	971349	u
ERR3826718	PAIRED	https://ftp.sra.ebi.ac.uk/vol1/fastq/ERR382/008/ERR3826718/ERR3826718_1.fastq.gz	https://ftp.sra.ebi.ac.uk/vol1/fastq/ERR382/008/ERR3826718/ERR3826718_2.fastq.gz	SAMEA5673089	936691	u
ERR3826720	PAIRED	https://ftp.sra.ebi.ac.uk/vol1/fastq/ERR382/000/ERR3826720/ERR3826720_1.fastq.gz	https://ftp.sra.ebi.ac.uk/vol1/fastq/ERR382/000/ERR3826720/ERR3826720_2.fastq.gz	SAMEA5673079	739100	u
ERR3826722	PAIRED	https://ftp.sra.ebi.ac.uk/vol1/fastq/ERR382/002/ERR3826722/ERR3826722_1.fastq.gz	https://ftp.sra.ebi.ac.uk/vol1/fastq/ERR382/002/ERR3826722/ERR3826722_2.fastq.gz	SAMEA5673081	759713	u
ERR3826726	PAIRED	https://ftp.sra.ebi.ac.uk/vol1/fastq/ERR382/006/ERR3826726/ERR3826726_1.fastq.gz	https://ftp.sra.ebi.ac.uk/vol1/fastq/ERR382/006/ERR3826726/ERR3826726_2.fastq.gz	SAMEA5673085	873988	u
ERR3826727	PAIRED	https://ftp.sra.ebi.ac.uk/vol1/fastq/ERR382/007/ERR3826727/ERR3826727_1.fastq.gz	https://ftp.sra.ebi.ac.uk/vol1/fastq/ERR382/007/ERR3826727/ERR3826727_2.fastq.gz	SAMEA5673086	887731	u
ERR3826730	PAIRED	https://ftp.sra.ebi.ac.uk/vol1/fastq/ERR382/000/ERR3826730/ERR3826730_1.fastq.gz	https://ftp.sra.ebi.ac.uk/vol1/fastq/ERR382/000/ERR3826730/ERR3826730_2.fastq.gz	SAMEA5672321	1069386	u
ERR3826731	PAIRED	https://ftp.sra.ebi.ac.uk/vol1/fastq/ERR382/001/ERR3826731/ERR3826731_1.fastq.gz	https://ftp.sra.ebi.ac.uk/vol1/fastq/ERR382/001/ERR3826731/ERR3826731_2.fastq.gz	SAMEA5672322	1392319	u
ERR3826732	PAIRED	https://ftp.sra.ebi.ac.uk/vol1/fastq/ERR382/002/ERR3826732/ERR3826732_1.fastq.gz	https://ftp.sra.ebi.ac.uk/vol1/fastq/ERR382/002/ERR3826732/ERR3826732_2.fastq.gz	SAMEA5672323	1644639	u
ERR3826734	PAIRED	https://ftp.sra.ebi.ac.uk/vol1/fastq/ERR382/004/ERR3826734/ERR3826734_1.fastq.gz	https://ftp.sra.ebi.ac.uk/vol1/fastq/ERR382/004/ERR3826734/ERR3826734_2.fastq.gz	SAMEA5672325	1791175	u
ERR3826737	PAIRED	https://ftp.sra.ebi.ac.uk/vol1/fastq/ERR382/007/ERR3826737/ERR3826737_1.fastq.gz	https://ftp.sra.ebi.ac.uk/vol1/fastq/ERR382/007/ERR3826737/ERR3826737_2.fastq.gz	SAMEA5672328	1929540	u
ERR3826740	PAIRED	https://ftp.sra.ebi.ac.uk/vol1/fastq/ERR382/000/ERR3826740/ERR3826740_1.fastq.gz	https://ftp.sra.ebi.ac.uk/vol1/fastq/ERR382/000/ERR3826740/ERR3826740_2.fastq.gz	SAMEA5672331	1170229	u
ERR3826742	PAIRED	https://ftp.sra.ebi.ac.uk/vol1/fastq/ERR382/002/ERR3826742/ERR3826742_1.fastq.gz	https://ftp.sra.ebi.ac.uk/vol1/fastq/ERR382/002/ERR3826742/ERR3826742_2.fastq.gz	SAMEA5672333	1467241	u
ERR3826743	PAIRED	https://ftp.sra.ebi.ac.uk/vol1/fastq/ERR382/003/ERR3826743/ERR3826743_1.fastq.gz	https://ftp.sra.ebi.ac.uk/vol1/fastq/ERR382/003/ERR3826743/ERR3826743_2.fastq.gz	SAMEA5672334	1603195	u
ERR3826744	PAIRED	https://ftp.sra.ebi.ac.uk/vol1/fastq/ERR382/004/ERR3826744/ERR3826744_1.fastq.gz	https://ftp.sra.ebi.ac.uk/vol1/fastq/ERR382/004/ERR3826744/ERR3826744_2.fastq.gz	SAMEA5672343	1137124	u
ERR3826745	PAIRED	https://ftp.sra.ebi.ac.uk/vol1/fastq/ERR382/005/ERR3826745/ERR3826745_1.fastq.gz	https://ftp.sra.ebi.ac.uk/vol1/fastq/ERR382/005/ERR3826745/ERR3826745_2.fastq.gz	SAMEA5672336	1052706	u
ERR3826747	PAIRED	https://ftp.sra.ebi.ac.uk/vol1/fastq/ERR382/007/ERR3826747/ERR3826747_1.fastq.gz	https://ftp.sra.ebi.ac.uk/vol1/fastq/ERR382/007/ERR3826747/ERR3826747_2.fastq.gz	SAMEA5672339	1162283	u
ERR3826748	PAIRED	https://ftp.sra.ebi.ac.uk/vol1/fastq/ERR382/008/ERR3826748/ERR3826748_1.fastq.gz	https://ftp.sra.ebi.ac.uk/vol1/fastq/ERR382/008/ERR3826748/ERR3826748_2.fastq.gz	SAMEA5672340	1169949	u
ERR3826749	PAIRED	https://ftp.sra.ebi.ac.uk/vol1/fastq/ERR382/009/ERR3826749/ERR3826749_1.fastq.gz	https://ftp.sra.ebi.ac.uk/vol1/fastq/ERR382/009/ERR3826749/ERR3826749_2.fastq.gz	SAMEA5672342	1248229	u
ERR3826754	PAIRED	https://ftp.sra.ebi.ac.uk/vol1/fastq/ERR382/004/ERR3826754/ERR3826754_1.fastq.gz	https://ftp.sra.ebi.ac.uk/vol1/fastq/ERR382/004/ERR3826754/ERR3826754_2.fastq.gz	SAMEA5672349	1521449	u
ERR3826755	PAIRED	https://ftp.sra.ebi.ac.uk/vol1/fastq/ERR382/005/ERR3826755/ERR3826755_1.fastq.gz	https://ftp.sra.ebi.ac.uk/vol1/fastq/ERR382/005/ERR3826755/ERR3826755_2.fastq.gz	SAMEA5672350	1429146	u
ERR3826756	PAIRED	https://ftp.sra.ebi.ac.uk/vol1/fastq/ERR382/006/ERR3826756/ERR3826756_1.fastq.gz	https://ftp.sra.ebi.ac.uk/vol1/fastq/ERR382/006/ERR3826756/ERR3826756_2.fastq.gz	SAMEA5672351	1441721	u
ERR3826757	PAIRED	https://ftp.sra.ebi.ac.uk/vol1/fastq/ERR382/007/ERR3826757/ERR3826757_1.fastq.gz	https://ftp.sra.ebi.ac.uk/vol1/fastq/ERR382/007/ERR3826757/ERR3826757_2.fastq.gz	SAMEA5672352	1444030	u
ERR3826759	PAIRED	https://ftp.sra.ebi.ac.uk/vol1/fastq/ERR382/009/ERR3826759/ERR3826759_1.fastq.gz	https://ftp.sra.ebi.ac.uk/vol1/fastq/ERR382/009/ERR3826759/ERR3826759_2.fastq.gz	SAMEA5672354	1154444	u
ERR3826761	PAIRED	https://ftp.sra.ebi.ac.uk/vol1/fastq/ERR382/001/ERR3826761/ERR3826761_1.fastq.gz	https://ftp.sra.ebi.ac.uk/vol1/fastq/ERR382/001/ERR3826761/ERR3826761_2.fastq.gz	SAMEA5672356	1450168	u
ERR3826764	PAIRED	https://ftp.sra.ebi.ac.uk/vol1/fastq/ERR382/004/ERR3826764/ERR3826764_1.fastq.gz	https://ftp.sra.ebi.ac.uk/vol1/fastq/ERR382/004/ERR3826764/ERR3826764_2.fastq.gz	SAMEA5672359	1557997	u
ERR3826765	PAIRED	https://ftp.sra.ebi.ac.uk/vol1/fastq/ERR382/005/ERR3826765/ERR3826765_1.fastq.gz	https://ftp.sra.ebi.ac.uk/vol1/fastq/ERR382/005/ERR3826765/ERR3826765_2.fastq.gz	SAMEA5672360	1350815	u
ERR3826766	PAIRED	https://ftp.sra.ebi.ac.uk/vol1/fastq/ERR382/006/ERR3826766/ERR3826766_1.fastq.gz	https://ftp.sra.ebi.ac.uk/vol1/fastq/ERR382/006/ERR3826766/ERR3826766_2.fastq.gz	SAMEA5672361	857125	u
ERR3826771	PAIRED	https://ftp.sra.ebi.ac.uk/vol1/fastq/ERR382/001/ERR3826771/ERR3826771_1.fastq.gz	https://ftp.sra.ebi.ac.uk/vol1/fastq/ERR382/001/ERR3826771/ERR3826771_2.fastq.gz	SAMEA5672366	1037224	u
ERR3826772	PAIRED	https://ftp.sra.ebi.ac.uk/vol1/fastq/ERR382/002/ERR3826772/ERR3826772_1.fastq.gz	https://ftp.sra.ebi.ac.uk/vol1/fastq/ERR382/002/ERR3826772/ERR3826772_2.fastq.gz	SAMEA5672367	1137737	u
ERR3826775	PAIRED	https://ftp.sra.ebi.ac.uk/vol1/fastq/ERR382/005/ERR3826775/ERR3826775_1.fastq.gz	https://ftp.sra.ebi.ac.uk/vol1/fastq/ERR382/005/ERR3826775/ERR3826775_2.fastq.gz	SAMEA5672370	1133650	u
ERR3826776	PAIRED	https://ftp.sra.ebi.ac.uk/vol1/fastq/ERR382/006/ERR3826776/ERR3826776_1.fastq.gz	https://ftp.sra.ebi.ac.uk/vol1/fastq/ERR382/006/ERR3826776/ERR3826776_2.fastq.gz	SAMEA5672371	1029535	u
ERR3826778	PAIRED	https://ftp.sra.ebi.ac.uk/vol1/fastq/ERR382/008/ERR3826778/ERR3826778_1.fastq.gz	https://ftp.sra.ebi.ac.uk/vol1/fastq/ERR382/008/ERR3826778/ERR3826778_2.fastq.gz	SAMEA5672373	1889039	u
ERR3826782	PAIRED	https://ftp.sra.ebi.ac.uk/vol1/fastq/ERR382/002/ERR3826782/ERR3826782_1.fastq.gz	https://ftp.sra.ebi.ac.uk/vol1/fastq/ERR382/002/ERR3826782/ERR3826782_2.fastq.gz	SAMEA5672377	1837161	u
ERR3826783	PAIRED	https://ftp.sra.ebi.ac.uk/vol1/fastq/ERR382/003/ERR3826783/ERR3826783_1.fastq.gz	https://ftp.sra.ebi.ac.uk/vol1/fastq/ERR382/003/ERR3826783/ERR3826783_2.fastq.gz	SAMEA5672378	1817918	u
ERR3826786	PAIRED	https://ftp.sra.ebi.ac.uk/vol1/fastq/ERR382/006/ERR3826786/ERR3826786_1.fastq.gz	https://ftp.sra.ebi.ac.uk/vol1/fastq/ERR382/006/ERR3826786/ERR3826786_2.fastq.gz	SAMEA5672381	1648651	u
ERR3826787	PAIRED	https://ftp.sra.ebi.ac.uk/vol1/fastq/ERR382/007/ERR3826787/ERR3826787_1.fastq.gz	https://ftp.sra.ebi.ac.uk/vol1/fastq/ERR382/007/ERR3826787/ERR3826787_2.fastq.gz	SAMEA5672382	1636539	u
ERR3826789	PAIRED	https://ftp.sra.ebi.ac.uk/vol1/fastq/ERR382/009/ERR3826789/ERR3826789_1.fastq.gz	https://ftp.sra.ebi.ac.uk/vol1/fastq/ERR382/009/ERR3826789/ERR3826789_2.fastq.gz	SAMEA5672384	1774737	u
ERR3826792	PAIRED	https://ftp.sra.ebi.ac.uk/vol1/fastq/ERR382/002/ERR3826792/ERR3826792_1.fastq.gz	https://ftp.sra.ebi.ac.uk/vol1/fastq/ERR382/002/ERR3826792/ERR3826792_2.fastq.gz	SAMEA5672387	1726633	u
ERR3826793	PAIRED	https://ftp.sra.ebi.ac.uk/vol1/fastq/ERR382/003/ERR3826793/ERR3826793_1.fastq.gz	https://ftp.sra.ebi.ac.uk/vol1/fastq/ERR382/003/ERR3826793/ERR3826793_2.fastq.gz	SAMEA5672388	1666319	u
ERR3826794	PAIRED	https://ftp.sra.ebi.ac.uk/vol1/fastq/ERR382/004/ERR3826794/ERR3826794_1.fastq.gz	https://ftp.sra.ebi.ac.uk/vol1/fastq/ERR382/004/ERR3826794/ERR3826794_2.fastq.gz	SAMEA5672389	1595489	u
ERR3826796	PAIRED	https://ftp.sra.ebi.ac.uk/vol1/fastq/ERR382/006/ERR3826796/ERR3826796_1.fastq.gz	https://ftp.sra.ebi.ac.uk/vol1/fastq/ERR382/006/ERR3826796/ERR3826796_2.fastq.gz	SAMEA5672391	1670592	u
ERR3826797	PAIRED	https://ftp.sra.ebi.ac.uk/vol1/fastq/ERR382/007/ERR3826797/ERR3826797_1.fastq.gz	https://ftp.sra.ebi.ac.uk/vol1/fastq/ERR382/007/ERR3826797/ERR3826797_2.fastq.gz	SAMEA5672392	1712465	u
ERR3826800	PAIRED	https://ftp.sra.ebi.ac.uk/vol1/fastq/ERR382/000/ERR3826800/ERR3826800_1.fastq.gz	https://ftp.sra.ebi.ac.uk/vol1/fastq/ERR382/000/ERR3826800/ERR3826800_2.fastq.gz	SAMEA5672395	1346952	u
ERR3826803	PAIRED	https://ftp.sra.ebi.ac.uk/vol1/fastq/ERR382/003/ERR3826803/ERR3826803_1.fastq.gz	https://ftp.sra.ebi.ac.uk/vol1/fastq/ERR382/003/ERR3826803/ERR3826803_2.fastq.gz	SAMEA5672398	1160602	u
ERR3826805	PAIRED	https://ftp.sra.ebi.ac.uk/vol1/fastq/ERR382/005/ERR3826805/ERR3826805_1.fastq.gz	https://ftp.sra.ebi.ac.uk/vol1/fastq/ERR382/005/ERR3826805/ERR3826805_2.fastq.gz	SAMEA5672400	1418355	u
ERR3826806	PAIRED	https://ftp.sra.ebi.ac.uk/vol1/fastq/ERR382/006/ERR3826806/ERR3826806_1.fastq.gz	https://ftp.sra.ebi.ac.uk/vol1/fastq/ERR382/006/ERR3826806/ERR3826806_2.fastq.gz	SAMEA5672401	1046412	u
ERR3826809	PAIRED	https://ftp.sra.ebi.ac.uk/vol1/fastq/ERR382/009/ERR3826809/ERR3826809_1.fastq.gz	https://ftp.sra.ebi.ac.uk/vol1/fastq/ERR382/009/ERR3826809/ERR3826809_2.fastq.gz	SAMEA5672404	1456451	u
ERR3826810	PAIRED	https://ftp.sra.ebi.ac.uk/vol1/fastq/ERR382/000/ERR3826810/ERR3826810_1.fastq.gz	https://ftp.sra.ebi.ac.uk/vol1/fastq/ERR382/000/ERR3826810/ERR3826810_2.fastq.gz	SAMEA5672405	1366513	u
ERR3826816	PAIRED	https://ftp.sra.ebi.ac.uk/vol1/fastq/ERR382/006/ERR3826816/ERR3826816_1.fastq.gz	https://ftp.sra.ebi.ac.uk/vol1/fastq/ERR382/006/ERR3826816/ERR3826816_2.fastq.gz	SAMEA5672411	1552524	u
ERR3826820	PAIRED	https://ftp.sra.ebi.ac.uk/vol1/fastq/ERR382/000/ERR3826820/ERR3826820_1.fastq.gz	https://ftp.sra.ebi.ac.uk/vol1/fastq/ERR382/000/ERR3826820/ERR3826820_2.fastq.gz	SAMEA5672417	1304617	u
ERR3826822	PAIRED	https://ftp.sra.ebi.ac.uk/vol1/fastq/ERR382/002/ERR3826822/ERR3826822_1.fastq.gz	https://ftp.sra.ebi.ac.uk/vol1/fastq/ERR382/002/ERR3826822/ERR3826822_2.fastq.gz	SAMEA5672419	1205195	u
ERR3826828	PAIRED	https://ftp.sra.ebi.ac.uk/vol1/fastq/ERR382/008/ERR3826828/ERR3826828_1.fastq.gz	https://ftp.sra.ebi.ac.uk/vol1/fastq/ERR382/008/ERR3826828/ERR3826828_2.fastq.gz	SAMEA5672425	1360911	u
ERR3826829	PAIRED	https://ftp.sra.ebi.ac.uk/vol1/fastq/ERR382/009/ERR3826829/ERR3826829_1.fastq.gz	https://ftp.sra.ebi.ac.uk/vol1/fastq/ERR382/009/ERR3826829/ERR3826829_2.fastq.gz	SAMEA5672426	1496157	u
ERR3826831	PAIRED	https://ftp.sra.ebi.ac.uk/vol1/fastq/ERR382/001/ERR3826831/ERR3826831_1.fastq.gz	https://ftp.sra.ebi.ac.uk/vol1/fastq/ERR382/001/ERR3826831/ERR3826831_2.fastq.gz	SAMEA5672428	1864170	u
ERR3826832	PAIRED	https://ftp.sra.ebi.ac.uk/vol1/fastq/ERR382/002/ERR3826832/ERR3826832_1.fastq.gz	https://ftp.sra.ebi.ac.uk/vol1/fastq/ERR382/002/ERR3826832/ERR3826832_2.fastq.gz	SAMEA5672429	1412820	u
ERR3826834	PAIRED	https://ftp.sra.ebi.ac.uk/vol1/fastq/ERR382/004/ERR3826834/ERR3826834_1.fastq.gz	https://ftp.sra.ebi.ac.uk/vol1/fastq/ERR382/004/ERR3826834/ERR3826834_2.fastq.gz	SAMEA5672431	1565567	u
ERR3826838	PAIRED	https://ftp.sra.ebi.ac.uk/vol1/fastq/ERR382/008/ERR3826838/ERR3826838_1.fastq.gz	https://ftp.sra.ebi.ac.uk/vol1/fastq/ERR382/008/ERR3826838/ERR3826838_2.fastq.gz	SAMEA5672435	1929849	u
ERR3826840	PAIRED	https://ftp.sra.ebi.ac.uk/vol1/fastq/ERR382/000/ERR3826840/ERR3826840_1.fastq.gz	https://ftp.sra.ebi.ac.uk/vol1/fastq/ERR382/000/ERR3826840/ERR3826840_2.fastq.gz	SAMEA5672437	1270877	u
ERR3826842	PAIRED	https://ftp.sra.ebi.ac.uk/vol1/fastq/ERR382/002/ERR3826842/ERR3826842_1.fastq.gz	https://ftp.sra.ebi.ac.uk/vol1/fastq/ERR382/002/ERR3826842/ERR3826842_2.fastq.gz	SAMEA5672439	1047430	u
ERR3826843	PAIRED	https://ftp.sra.ebi.ac.uk/vol1/fastq/ERR382/003/ERR3826843/ERR3826843_1.fastq.gz	https://ftp.sra.ebi.ac.uk/vol1/fastq/ERR382/003/ERR3826843/ERR3826843_2.fastq.gz	SAMEA5672440	1309644	u
ERR3826844	PAIRED	https://ftp.sra.ebi.ac.uk/vol1/fastq/ERR382/004/ERR3826844/ERR3826844_1.fastq.gz	https://ftp.sra.ebi.ac.uk/vol1/fastq/ERR382/004/ERR3826844/ERR3826844_2.fastq.gz	SAMEA5672441	1009101	u
ERR3826846	PAIRED	https://ftp.sra.ebi.ac.uk/vol1/fastq/ERR382/006/ERR3826846/ERR3826846_1.fastq.gz	https://ftp.sra.ebi.ac.uk/vol1/fastq/ERR382/006/ERR3826846/ERR3826846_2.fastq.gz	SAMEA5672443	1266508	u
ERR3826848	PAIRED	https://ftp.sra.ebi.ac.uk/vol1/fastq/ERR382/008/ERR3826848/ERR3826848_1.fastq.gz	https://ftp.sra.ebi.ac.uk/vol1/fastq/ERR382/008/ERR3826848/ERR3826848_2.fastq.gz	SAMEA5672469	1522328	u
ERR3826850	PAIRED	https://ftp.sra.ebi.ac.uk/vol1/fastq/ERR382/000/ERR3826850/ERR3826850_1.fastq.gz	https://ftp.sra.ebi.ac.uk/vol1/fastq/ERR382/000/ERR3826850/ERR3826850_2.fastq.gz	SAMEA5672478	1132970	u
ERR3826851	PAIRED	https://ftp.sra.ebi.ac.uk/vol1/fastq/ERR382/001/ERR3826851/ERR3826851_1.fastq.gz	https://ftp.sra.ebi.ac.uk/vol1/fastq/ERR382/001/ERR3826851/ERR3826851_2.fastq.gz	SAMEA5672479	1266915	u
ERR3826852	PAIRED	https://ftp.sra.ebi.ac.uk/vol1/fastq/ERR382/002/ERR3826852/ERR3826852_1.fastq.gz	https://ftp.sra.ebi.ac.uk/vol1/fastq/ERR382/002/ERR3826852/ERR3826852_2.fastq.gz	SAMEA5672481	1150105	u
ERR3826853	PAIRED	https://ftp.sra.ebi.ac.uk/vol1/fastq/ERR382/003/ERR3826853/ERR3826853_1.fastq.gz	https://ftp.sra.ebi.ac.uk/vol1/fastq/ERR382/003/ERR3826853/ERR3826853_2.fastq.gz	SAMEA5672482	1060658	u
ERR3829616	PAIRED	https://ftp.sra.ebi.ac.uk/vol1/fastq/ERR382/006/ERR3829616/ERR3829616_1.fastq.gz	https://ftp.sra.ebi.ac.uk/vol1/fastq/ERR382/006/ERR3829616/ERR3829616_2.fastq.gz	SAMEA5672803	998334	u
ERR4013645	PAIRED	https://ftp.sra.ebi.ac.uk/vol1/fastq/ERR401/005/ERR4013645/ERR4013645_1.fastq.gz	https://ftp.sra.ebi.ac.uk/vol1/fastq/ERR401/005/ERR4013645/ERR4013645_2.fastq.gz	SAMEA6656585	2008793	u
ERR4013648	PAIRED	https://ftp.sra.ebi.ac.uk/vol1/fastq/ERR401/008/ERR4013648/ERR4013648_1.fastq.gz	https://ftp.sra.ebi.ac.uk/vol1/fastq/ERR401/008/ERR4013648/ERR4013648_2.fastq.gz	SAMEA6656588	1312490	u
ERR4013649	PAIRED	https://ftp.sra.ebi.ac.uk/vol1/fastq/ERR401/009/ERR4013649/ERR4013649_1.fastq.gz	https://ftp.sra.ebi.ac.uk/vol1/fastq/ERR401/009/ERR4013649/ERR4013649_2.fastq.gz	SAMEA6656589	3059245	u
ERR4013650	PAIRED	https://ftp.sra.ebi.ac.uk/vol1/fastq/ERR401/000/ERR4013650/ERR4013650_1.fastq.gz	https://ftp.sra.ebi.ac.uk/vol1/fastq/ERR401/000/ERR4013650/ERR4013650_2.fastq.gz	SAMEA6656590	1562291	u
ERR4013651	PAIRED	https://ftp.sra.ebi.ac.uk/vol1/fastq/ERR401/001/ERR4013651/ERR4013651_1.fastq.gz	https://ftp.sra.ebi.ac.uk/vol1/fastq/ERR401/001/ERR4013651/ERR4013651_2.fastq.gz	SAMEA6656591	1070370	u
ERR4013653	PAIRED	https://ftp.sra.ebi.ac.uk/vol1/fastq/ERR401/003/ERR4013653/ERR4013653_1.fastq.gz	https://ftp.sra.ebi.ac.uk/vol1/fastq/ERR401/003/ERR4013653/ERR4013653_2.fastq.gz	SAMEA6656593	1555836	u
ERR4013654	PAIRED	https://ftp.sra.ebi.ac.uk/vol1/fastq/ERR401/004/ERR4013654/ERR4013654_1.fastq.gz	https://ftp.sra.ebi.ac.uk/vol1/fastq/ERR401/004/ERR4013654/ERR4013654_2.fastq.gz	SAMEA6656594	1007454	u
ERR4013656	PAIRED	https://ftp.sra.ebi.ac.uk/vol1/fastq/ERR401/006/ERR4013656/ERR4013656_1.fastq.gz	https://ftp.sra.ebi.ac.uk/vol1/fastq/ERR401/006/ERR4013656/ERR4013656_2.fastq.gz	SAMEA6656596	1829773	u
ERR4013659	PAIRED	https://ftp.sra.ebi.ac.uk/vol1/fastq/ERR401/009/ERR4013659/ERR4013659_1.fastq.gz	https://ftp.sra.ebi.ac.uk/vol1/fastq/ERR401/009/ERR4013659/ERR4013659_2.fastq.gz	SAMEA6656599	1921841	u
ERR4013660	PAIRED	https://ftp.sra.ebi.ac.uk/vol1/fastq/ERR401/000/ERR4013660/ERR4013660_1.fastq.gz	https://ftp.sra.ebi.ac.uk/vol1/fastq/ERR401/000/ERR4013660/ERR4013660_2.fastq.gz	SAMEA6656600	1168006	u
ERR4013661	PAIRED	https://ftp.sra.ebi.ac.uk/vol1/fastq/ERR401/001/ERR4013661/ERR4013661_1.fastq.gz	https://ftp.sra.ebi.ac.uk/vol1/fastq/ERR401/001/ERR4013661/ERR4013661_2.fastq.gz	SAMEA6656601	3246574	u
ERR4013662	PAIRED	https://ftp.sra.ebi.ac.uk/vol1/fastq/ERR401/002/ERR4013662/ERR4013662_1.fastq.gz	https://ftp.sra.ebi.ac.uk/vol1/fastq/ERR401/002/ERR4013662/ERR4013662_2.fastq.gz	SAMEA6656602	939310	u
ERR4013663	PAIRED	https://ftp.sra.ebi.ac.uk/vol1/fastq/ERR401/003/ERR4013663/ERR4013663_1.fastq.gz	https://ftp.sra.ebi.ac.uk/vol1/fastq/ERR401/003/ERR4013663/ERR4013663_2.fastq.gz	SAMEA6656603	1529021	u
ERR4013665	PAIRED	https://ftp.sra.ebi.ac.uk/vol1/fastq/ERR401/005/ERR4013665/ERR4013665_1.fastq.gz	https://ftp.sra.ebi.ac.uk/vol1/fastq/ERR401/005/ERR4013665/ERR4013665_2.fastq.gz	SAMEA6656605	1025045	u
ERR4013667	PAIRED	https://ftp.sra.ebi.ac.uk/vol1/fastq/ERR401/007/ERR4013667/ERR4013667_1.fastq.gz	https://ftp.sra.ebi.ac.uk/vol1/fastq/ERR401/007/ERR4013667/ERR4013667_2.fastq.gz	SAMEA6656607	1169381	u
ERR4013668	PAIRED	https://ftp.sra.ebi.ac.uk/vol1/fastq/ERR401/008/ERR4013668/ERR4013668_1.fastq.gz	https://ftp.sra.ebi.ac.uk/vol1/fastq/ERR401/008/ERR4013668/ERR4013668_2.fastq.gz	SAMEA6656608	1877494	u
ERR4013670	PAIRED	https://ftp.sra.ebi.ac.uk/vol1/fastq/ERR401/000/ERR4013670/ERR4013670_1.fastq.gz	https://ftp.sra.ebi.ac.uk/vol1/fastq/ERR401/000/ERR4013670/ERR4013670_2.fastq.gz	SAMEA6656610	725065	u
ERR4013671	PAIRED	https://ftp.sra.ebi.ac.uk/vol1/fastq/ERR401/001/ERR4013671/ERR4013671_1.fastq.gz	https://ftp.sra.ebi.ac.uk/vol1/fastq/ERR401/001/ERR4013671/ERR4013671_2.fastq.gz	SAMEA6656611	756908	u
ERR4013673	PAIRED	https://ftp.sra.ebi.ac.uk/vol1/fastq/ERR401/003/ERR4013673/ERR4013673_1.fastq.gz	https://ftp.sra.ebi.ac.uk/vol1/fastq/ERR401/003/ERR4013673/ERR4013673_2.fastq.gz	SAMEA6656613	1175169	u
ERR4013675	PAIRED	https://ftp.sra.ebi.ac.uk/vol1/fastq/ERR401/005/ERR4013675/ERR4013675_1.fastq.gz	https://ftp.sra.ebi.ac.uk/vol1/fastq/ERR401/005/ERR4013675/ERR4013675_2.fastq.gz	SAMEA6656615	1400720	u
ERR4013682	PAIRED	https://ftp.sra.ebi.ac.uk/vol1/fastq/ERR401/002/ERR4013682/ERR4013682_1.fastq.gz	https://ftp.sra.ebi.ac.uk/vol1/fastq/ERR401/002/ERR4013682/ERR4013682_2.fastq.gz	SAMEA6656622	912225	u
ERR4013686	PAIRED	https://ftp.sra.ebi.ac.uk/vol1/fastq/ERR401/006/ERR4013686/ERR4013686_1.fastq.gz	https://ftp.sra.ebi.ac.uk/vol1/fastq/ERR401/006/ERR4013686/ERR4013686_2.fastq.gz	SAMEA6656626	894217	u
ERR4013689	PAIRED	https://ftp.sra.ebi.ac.uk/vol1/fastq/ERR401/009/ERR4013689/ERR4013689_1.fastq.gz	https://ftp.sra.ebi.ac.uk/vol1/fastq/ERR401/009/ERR4013689/ERR4013689_2.fastq.gz	SAMEA6656629	716635	u
ERR4013691	PAIRED	https://ftp.sra.ebi.ac.uk/vol1/fastq/ERR401/001/ERR4013691/ERR4013691_1.fastq.gz	https://ftp.sra.ebi.ac.uk/vol1/fastq/ERR401/001/ERR4013691/ERR4013691_2.fastq.gz	SAMEA6656631	690193	u
ERR4013693	PAIRED	https://ftp.sra.ebi.ac.uk/vol1/fastq/ERR401/003/ERR4013693/ERR4013693_1.fastq.gz	https://ftp.sra.ebi.ac.uk/vol1/fastq/ERR401/003/ERR4013693/ERR4013693_2.fastq.gz	SAMEA6656633	640772	u
ERR4013694	PAIRED	https://ftp.sra.ebi.ac.uk/vol1/fastq/ERR401/004/ERR4013694/ERR4013694_1.fastq.gz	https://ftp.sra.ebi.ac.uk/vol1/fastq/ERR401/004/ERR4013694/ERR4013694_2.fastq.gz	SAMEA6656634	1444305	u
ERR4013696	PAIRED	https://ftp.sra.ebi.ac.uk/vol1/fastq/ERR401/006/ERR4013696/ERR4013696_1.fastq.gz	https://ftp.sra.ebi.ac.uk/vol1/fastq/ERR401/006/ERR4013696/ERR4013696_2.fastq.gz	SAMEA6656636	724459	u
ERR4013697	PAIRED	https://ftp.sra.ebi.ac.uk/vol1/fastq/ERR401/007/ERR4013697/ERR4013697_1.fastq.gz	https://ftp.sra.ebi.ac.uk/vol1/fastq/ERR401/007/ERR4013697/ERR4013697_2.fastq.gz	SAMEA6656637	720844	u
ERR4013698	PAIRED	https://ftp.sra.ebi.ac.uk/vol1/fastq/ERR401/008/ERR4013698/ERR4013698_1.fastq.gz	https://ftp.sra.ebi.ac.uk/vol1/fastq/ERR401/008/ERR4013698/ERR4013698_2.fastq.gz	SAMEA6656638	1696088	u
ERR4013700	PAIRED	https://ftp.sra.ebi.ac.uk/vol1/fastq/ERR401/000/ERR4013700/ERR4013700_1.fastq.gz	https://ftp.sra.ebi.ac.uk/vol1/fastq/ERR401/000/ERR4013700/ERR4013700_2.fastq.gz	SAMEA6656640	784784	u
ERR4013701	PAIRED	https://ftp.sra.ebi.ac.uk/vol1/fastq/ERR401/001/ERR4013701/ERR4013701_1.fastq.gz	https://ftp.sra.ebi.ac.uk/vol1/fastq/ERR401/001/ERR4013701/ERR4013701_2.fastq.gz	SAMEA6656641	733567	u
ERR4013703	PAIRED	https://ftp.sra.ebi.ac.uk/vol1/fastq/ERR401/003/ERR4013703/ERR4013703_1.fastq.gz	https://ftp.sra.ebi.ac.uk/vol1/fastq/ERR401/003/ERR4013703/ERR4013703_2.fastq.gz	SAMEA6656643	1775285	u
ERR4013705	PAIRED	https://ftp.sra.ebi.ac.uk/vol1/fastq/ERR401/005/ERR4013705/ERR4013705_1.fastq.gz	https://ftp.sra.ebi.ac.uk/vol1/fastq/ERR401/005/ERR4013705/ERR4013705_2.fastq.gz	SAMEA6656645	878856	u
ERR4013706	PAIRED	https://ftp.sra.ebi.ac.uk/vol1/fastq/ERR401/006/ERR4013706/ERR4013706_1.fastq.gz	https://ftp.sra.ebi.ac.uk/vol1/fastq/ERR401/006/ERR4013706/ERR4013706_2.fastq.gz	SAMEA6656646	802316	u
ERR4013711	PAIRED	https://ftp.sra.ebi.ac.uk/vol1/fastq/ERR401/001/ERR4013711/ERR4013711_1.fastq.gz	https://ftp.sra.ebi.ac.uk/vol1/fastq/ERR401/001/ERR4013711/ERR4013711_2.fastq.gz	SAMEA6656651	1915481	u
ERR4013713	PAIRED	https://ftp.sra.ebi.ac.uk/vol1/fastq/ERR401/003/ERR4013713/ERR4013713_1.fastq.gz	https://ftp.sra.ebi.ac.uk/vol1/fastq/ERR401/003/ERR4013713/ERR4013713_2.fastq.gz	SAMEA6656653	798553	u
ERR4013714	PAIRED	https://ftp.sra.ebi.ac.uk/vol1/fastq/ERR401/004/ERR4013714/ERR4013714_1.fastq.gz	https://ftp.sra.ebi.ac.uk/vol1/fastq/ERR401/004/ERR4013714/ERR4013714_2.fastq.gz	SAMEA6656654	1045689	u
ERR4013716	PAIRED	https://ftp.sra.ebi.ac.uk/vol1/fastq/ERR401/006/ERR4013716/ERR4013716_1.fastq.gz	https://ftp.sra.ebi.ac.uk/vol1/fastq/ERR401/006/ERR4013716/ERR4013716_2.fastq.gz	SAMEA6656656	836922	u
ERR4013717	PAIRED	https://ftp.sra.ebi.ac.uk/vol1/fastq/ERR401/007/ERR4013717/ERR4013717_1.fastq.gz	https://ftp.sra.ebi.ac.uk/vol1/fastq/ERR401/007/ERR4013717/ERR4013717_2.fastq.gz	SAMEA6656657	795103	u
ERR4013718	PAIRED	https://ftp.sra.ebi.ac.uk/vol1/fastq/ERR401/008/ERR4013718/ERR4013718_1.fastq.gz	https://ftp.sra.ebi.ac.uk/vol1/fastq/ERR401/008/ERR4013718/ERR4013718_2.fastq.gz	SAMEA6656658	1279730	u
ERR4013721	PAIRED	https://ftp.sra.ebi.ac.uk/vol1/fastq/ERR401/001/ERR4013721/ERR4013721_1.fastq.gz	https://ftp.sra.ebi.ac.uk/vol1/fastq/ERR401/001/ERR4013721/ERR4013721_2.fastq.gz	SAMEA6656661	851684	u
ERR4013724	PAIRED	https://ftp.sra.ebi.ac.uk/vol1/fastq/ERR401/004/ERR4013724/ERR4013724_1.fastq.gz	https://ftp.sra.ebi.ac.uk/vol1/fastq/ERR401/004/ERR4013724/ERR4013724_2.fastq.gz	SAMEA6656664	925430	u
ERR4013726	PAIRED	https://ftp.sra.ebi.ac.uk/vol1/fastq/ERR401/006/ERR4013726/ERR4013726_1.fastq.gz	https://ftp.sra.ebi.ac.uk/vol1/fastq/ERR401/006/ERR4013726/ERR4013726_2.fastq.gz	SAMEA6656666	648549	u
ERR4013727	PAIRED	https://ftp.sra.ebi.ac.uk/vol1/fastq/ERR401/007/ERR4013727/ERR4013727_1.fastq.gz	https://ftp.sra.ebi.ac.uk/vol1/fastq/ERR401/007/ERR4013727/ERR4013727_2.fastq.gz	SAMEA6656667	1090143	u
ERR4013729	PAIRED	https://ftp.sra.ebi.ac.uk/vol1/fastq/ERR401/009/ERR4013729/ERR4013729_1.fastq.gz	https://ftp.sra.ebi.ac.uk/vol1/fastq/ERR401/009/ERR4013729/ERR4013729_2.fastq.gz	SAMEA6656670	1089503	u
ERR4013749	PAIRED	https://ftp.sra.ebi.ac.uk/vol1/fastq/ERR401/009/ERR4013749/ERR4013749_1.fastq.gz	https://ftp.sra.ebi.ac.uk/vol1/fastq/ERR401/009/ERR4013749/ERR4013749_2.fastq.gz	SAMEA6656690	896756	u
ERR4013800	PAIRED	https://ftp.sra.ebi.ac.uk/vol1/fastq/ERR401/000/ERR4013800/ERR4013800_1.fastq.gz	https://ftp.sra.ebi.ac.uk/vol1/fastq/ERR401/000/ERR4013800/ERR4013800_2.fastq.gz	SAMEA6656741	966437	u
ERR410035	PAIRED	https://ftp.sra.ebi.ac.uk/vol1/fastq/ERR410/ERR410035/ERR410035_1.fastq.gz	https://ftp.sra.ebi.ac.uk/vol1/fastq/ERR410/ERR410035/ERR410035_2.fastq.gz	SAMEA2335070	2788583	u
ERR410038	PAIRED	https://ftp.sra.ebi.ac.uk/vol1/fastq/ERR410/ERR410038/ERR410038_1.fastq.gz	https://ftp.sra.ebi.ac.uk/vol1/fastq/ERR410/ERR410038/ERR410038_2.fastq.gz	SAMEA2335073	3304734	u
ERR410040	PAIRED	https://ftp.sra.ebi.ac.uk/vol1/fastq/ERR410/ERR410040/ERR410040_1.fastq.gz	https://ftp.sra.ebi.ac.uk/vol1/fastq/ERR410/ERR410040/ERR410040_2.fastq.gz	SAMEA2335075	2594672	u
ERR410041	PAIRED	https://ftp.sra.ebi.ac.uk/vol1/fastq/ERR410/ERR410041/ERR410041_1.fastq.gz	https://ftp.sra.ebi.ac.uk/vol1/fastq/ERR410/ERR410041/ERR410041_2.fastq.gz	SAMEA2335076	2720750	u
ERR410043	PAIRED	https://ftp.sra.ebi.ac.uk/vol1/fastq/ERR410/ERR410043/ERR410043_1.fastq.gz	https://ftp.sra.ebi.ac.uk/vol1/fastq/ERR410/ERR410043/ERR410043_2.fastq.gz	SAMEA2335078	2539613	u
ERR410046	PAIRED	https://ftp.sra.ebi.ac.uk/vol1/fastq/ERR410/ERR410046/ERR410046_1.fastq.gz	https://ftp.sra.ebi.ac.uk/vol1/fastq/ERR410/ERR410046/ERR410046_2.fastq.gz	SAMEA2335081	2883356	u
ERR410047	PAIRED	https://ftp.sra.ebi.ac.uk/vol1/fastq/ERR410/ERR410047/ERR410047_1.fastq.gz	https://ftp.sra.ebi.ac.uk/vol1/fastq/ERR410/ERR410047/ERR410047_2.fastq.gz	SAMEA2335082	3265575	u
ERR410048	PAIRED	https://ftp.sra.ebi.ac.uk/vol1/fastq/ERR410/ERR410048/ERR410048_1.fastq.gz	https://ftp.sra.ebi.ac.uk/vol1/fastq/ERR410/ERR410048/ERR410048_2.fastq.gz	SAMEA2335083	3167972	u
ERR410049	PAIRED	https://ftp.sra.ebi.ac.uk/vol1/fastq/ERR410/ERR410049/ERR410049_1.fastq.gz	https://ftp.sra.ebi.ac.uk/vol1/fastq/ERR410/ERR410049/ERR410049_2.fastq.gz	SAMEA2335084	3351879	u
ERR410050	PAIRED	https://ftp.sra.ebi.ac.uk/vol1/fastq/ERR410/ERR410050/ERR410050_1.fastq.gz	https://ftp.sra.ebi.ac.uk/vol1/fastq/ERR410/ERR410050/ERR410050_2.fastq.gz	SAMEA2335085	3869462	u
ERR410051	PAIRED	https://ftp.sra.ebi.ac.uk/vol1/fastq/ERR410/ERR410051/ERR410051_1.fastq.gz	https://ftp.sra.ebi.ac.uk/vol1/fastq/ERR410/ERR410051/ERR410051_2.fastq.gz	SAMEA2335086	3634238	u
ERR410052	PAIRED	https://ftp.sra.ebi.ac.uk/vol1/fastq/ERR410/ERR410052/ERR410052_1.fastq.gz	https://ftp.sra.ebi.ac.uk/vol1/fastq/ERR410/ERR410052/ERR410052_2.fastq.gz	SAMEA2335087	2934159	u
ERR410053	PAIRED	https://ftp.sra.ebi.ac.uk/vol1/fastq/ERR410/ERR410053/ERR410053_1.fastq.gz	https://ftp.sra.ebi.ac.uk/vol1/fastq/ERR410/ERR410053/ERR410053_2.fastq.gz	SAMEA2335088	2959180	u
ERR410055	PAIRED	https://ftp.sra.ebi.ac.uk/vol1/fastq/ERR410/ERR410055/ERR410055_1.fastq.gz	https://ftp.sra.ebi.ac.uk/vol1/fastq/ERR410/ERR410055/ERR410055_2.fastq.gz	SAMEA2335090	2681786	u
ERR410056	PAIRED	https://ftp.sra.ebi.ac.uk/vol1/fastq/ERR410/ERR410056/ERR410056_1.fastq.gz	https://ftp.sra.ebi.ac.uk/vol1/fastq/ERR410/ERR410056/ERR410056_2.fastq.gz	SAMEA2335091	2664743	u
ERR410057	PAIRED	https://ftp.sra.ebi.ac.uk/vol1/fastq/ERR410/ERR410057/ERR410057_1.fastq.gz	https://ftp.sra.ebi.ac.uk/vol1/fastq/ERR410/ERR410057/ERR410057_2.fastq.gz	SAMEA2335092	1130562	u
ERR410058	PAIRED	https://ftp.sra.ebi.ac.uk/vol1/fastq/ERR410/ERR410058/ERR410058_1.fastq.gz	https://ftp.sra.ebi.ac.uk/vol1/fastq/ERR410/ERR410058/ERR410058_2.fastq.gz	SAMEA2335093	1295194	u
ERR410066	PAIRED	https://ftp.sra.ebi.ac.uk/vol1/fastq/ERR410/ERR410066/ERR410066_1.fastq.gz	https://ftp.sra.ebi.ac.uk/vol1/fastq/ERR410/ERR410066/ERR410066_2.fastq.gz	SAMEA2335101	1435094	u
ERR410067	PAIRED	https://ftp.sra.ebi.ac.uk/vol1/fastq/ERR410/ERR410067/ERR410067_1.fastq.gz	https://ftp.sra.ebi.ac.uk/vol1/fastq/ERR410/ERR410067/ERR410067_2.fastq.gz	SAMEA2335102	1397326	u
ERR410068	PAIRED	https://ftp.sra.ebi.ac.uk/vol1/fastq/ERR410/ERR410068/ERR410068_1.fastq.gz	https://ftp.sra.ebi.ac.uk/vol1/fastq/ERR410/ERR410068/ERR410068_2.fastq.gz	SAMEA2335103	1601464	u
ERR410070	PAIRED	https://ftp.sra.ebi.ac.uk/vol1/fastq/ERR410/ERR410070/ERR410070_1.fastq.gz	https://ftp.sra.ebi.ac.uk/vol1/fastq/ERR410/ERR410070/ERR410070_2.fastq.gz	SAMEA2335105	2048576	u
ERR410071	PAIRED	https://ftp.sra.ebi.ac.uk/vol1/fastq/ERR410/ERR410071/ERR410071_1.fastq.gz	https://ftp.sra.ebi.ac.uk/vol1/fastq/ERR410/ERR410071/ERR410071_2.fastq.gz	SAMEA2335106	3148391	u
ERR410075	PAIRED	https://ftp.sra.ebi.ac.uk/vol1/fastq/ERR410/ERR410075/ERR410075_1.fastq.gz	https://ftp.sra.ebi.ac.uk/vol1/fastq/ERR410/ERR410075/ERR410075_2.fastq.gz	SAMEA2335110	2309112	u
ERR410077	PAIRED	https://ftp.sra.ebi.ac.uk/vol1/fastq/ERR410/ERR410077/ERR410077_1.fastq.gz	https://ftp.sra.ebi.ac.uk/vol1/fastq/ERR410/ERR410077/ERR410077_2.fastq.gz	SAMEA2335112	2693251	u
ERR410078	PAIRED	https://ftp.sra.ebi.ac.uk/vol1/fastq/ERR410/ERR410078/ERR410078_1.fastq.gz	https://ftp.sra.ebi.ac.uk/vol1/fastq/ERR410/ERR410078/ERR410078_2.fastq.gz	SAMEA2335113	2640619	u
ERR410079	PAIRED	https://ftp.sra.ebi.ac.uk/vol1/fastq/ERR410/ERR410079/ERR410079_1.fastq.gz	https://ftp.sra.ebi.ac.uk/vol1/fastq/ERR410/ERR410079/ERR410079_2.fastq.gz	SAMEA2335114	2725007	u
ERR410081	PAIRED	https://ftp.sra.ebi.ac.uk/vol1/fastq/ERR410/ERR410081/ERR410081_1.fastq.gz	https://ftp.sra.ebi.ac.uk/vol1/fastq/ERR410/ERR410081/ERR410081_2.fastq.gz	SAMEA2335116	1882365	u
ERR410083	PAIRED	https://ftp.sra.ebi.ac.uk/vol1/fastq/ERR410/ERR410083/ERR410083_1.fastq.gz	https://ftp.sra.ebi.ac.uk/vol1/fastq/ERR410/ERR410083/ERR410083_2.fastq.gz	SAMEA2335118	2532922	u
ERR410085	PAIRED	https://ftp.sra.ebi.ac.uk/vol1/fastq/ERR410/ERR410085/ERR410085_1.fastq.gz	https://ftp.sra.ebi.ac.uk/vol1/fastq/ERR410/ERR410085/ERR410085_2.fastq.gz	SAMEA2335120	3184919	u
ERR410090	PAIRED	https://ftp.sra.ebi.ac.uk/vol1/fastq/ERR410/ERR410090/ERR410090_1.fastq.gz	https://ftp.sra.ebi.ac.uk/vol1/fastq/ERR410/ERR410090/ERR410090_2.fastq.gz	SAMEA2335125	2574500	u
ERR410092	PAIRED	https://ftp.sra.ebi.ac.uk/vol1/fastq/ERR410/ERR410092/ERR410092_1.fastq.gz	https://ftp.sra.ebi.ac.uk/vol1/fastq/ERR410/ERR410092/ERR410092_2.fastq.gz	SAMEA2335127	2155800	u
ERR410095	PAIRED	https://ftp.sra.ebi.ac.uk/vol1/fastq/ERR410/ERR410095/ERR410095_1.fastq.gz	https://ftp.sra.ebi.ac.uk/vol1/fastq/ERR410/ERR410095/ERR410095_2.fastq.gz	SAMEA2335130	2771014	u
ERR410096	PAIRED	https://ftp.sra.ebi.ac.uk/vol1/fastq/ERR410/ERR410096/ERR410096_1.fastq.gz	https://ftp.sra.ebi.ac.uk/vol1/fastq/ERR410/ERR410096/ERR410096_2.fastq.gz	SAMEA2335131	3100257	u
ERR410097	PAIRED	https://ftp.sra.ebi.ac.uk/vol1/fastq/ERR410/ERR410097/ERR410097_1.fastq.gz	https://ftp.sra.ebi.ac.uk/vol1/fastq/ERR410/ERR410097/ERR410097_2.fastq.gz	SAMEA2335132	2551388	u
ERR410099	PAIRED	https://ftp.sra.ebi.ac.uk/vol1/fastq/ERR410/ERR410099/ERR410099_1.fastq.gz	https://ftp.sra.ebi.ac.uk/vol1/fastq/ERR410/ERR410099/ERR410099_2.fastq.gz	SAMEA2335134	1620437	u
ERR410101	PAIRED	https://ftp.sra.ebi.ac.uk/vol1/fastq/ERR410/ERR410101/ERR410101_1.fastq.gz	https://ftp.sra.ebi.ac.uk/vol1/fastq/ERR410/ERR410101/ERR410101_2.fastq.gz	SAMEA2335136	2715549	u
ERR410102	PAIRED	https://ftp.sra.ebi.ac.uk/vol1/fastq/ERR410/ERR410102/ERR410102_1.fastq.gz	https://ftp.sra.ebi.ac.uk/vol1/fastq/ERR410/ERR410102/ERR410102_2.fastq.gz	SAMEA2335137	2569355	u
ERR410108	PAIRED	https://ftp.sra.ebi.ac.uk/vol1/fastq/ERR410/ERR410108/ERR410108_1.fastq.gz	https://ftp.sra.ebi.ac.uk/vol1/fastq/ERR410/ERR410108/ERR410108_2.fastq.gz	SAMEA2335143	1557438	u
ERR410109	PAIRED	https://ftp.sra.ebi.ac.uk/vol1/fastq/ERR410/ERR410109/ERR410109_1.fastq.gz	https://ftp.sra.ebi.ac.uk/vol1/fastq/ERR410/ERR410109/ERR410109_2.fastq.gz	SAMEA2335144	851085	u
ERR410111	PAIRED	https://ftp.sra.ebi.ac.uk/vol1/fastq/ERR410/ERR410111/ERR410111_1.fastq.gz	https://ftp.sra.ebi.ac.uk/vol1/fastq/ERR410/ERR410111/ERR410111_2.fastq.gz	SAMEA2335146	1038167	u
ERR410113	PAIRED	https://ftp.sra.ebi.ac.uk/vol1/fastq/ERR410/ERR410113/ERR410113_1.fastq.gz	https://ftp.sra.ebi.ac.uk/vol1/fastq/ERR410/ERR410113/ERR410113_2.fastq.gz	SAMEA2335148	16942705	u
ERR410115	PAIRED	https://ftp.sra.ebi.ac.uk/vol1/fastq/ERR410/ERR410115/ERR410115_1.fastq.gz	https://ftp.sra.ebi.ac.uk/vol1/fastq/ERR410/ERR410115/ERR410115_2.fastq.gz	SAMEA2335150	2451894	u
ERR410118	PAIRED	https://ftp.sra.ebi.ac.uk/vol1/fastq/ERR410/ERR410118/ERR410118_1.fastq.gz	https://ftp.sra.ebi.ac.uk/vol1/fastq/ERR410/ERR410118/ERR410118_2.fastq.gz	SAMEA2335153	2686316	u
ERR410126	PAIRED	https://ftp.sra.ebi.ac.uk/vol1/fastq/ERR410/ERR410126/ERR410126_1.fastq.gz	https://ftp.sra.ebi.ac.uk/vol1/fastq/ERR410/ERR410126/ERR410126_2.fastq.gz	SAMEA2335161	2680925	u
ERR410128	PAIRED	https://ftp.sra.ebi.ac.uk/vol1/fastq/ERR410/ERR410128/ERR410128_1.fastq.gz	https://ftp.sra.ebi.ac.uk/vol1/fastq/ERR410/ERR410128/ERR410128_2.fastq.gz	SAMEA2335163	1732465	u
ERR410129	PAIRED	https://ftp.sra.ebi.ac.uk/vol1/fastq/ERR410/ERR410129/ERR410129_1.fastq.gz	https://ftp.sra.ebi.ac.uk/vol1/fastq/ERR410/ERR410129/ERR410129_2.fastq.gz	SAMEA2335164	1900566	u
ERR410135	PAIRED	https://ftp.sra.ebi.ac.uk/vol1/fastq/ERR410/ERR410135/ERR410135_1.fastq.gz	https://ftp.sra.ebi.ac.uk/vol1/fastq/ERR410/ERR410135/ERR410135_2.fastq.gz	SAMEA2335170	1839975	u
ERR410136	PAIRED	https://ftp.sra.ebi.ac.uk/vol1/fastq/ERR410/ERR410136/ERR410136_1.fastq.gz	https://ftp.sra.ebi.ac.uk/vol1/fastq/ERR410/ERR410136/ERR410136_2.fastq.gz	SAMEA2335171	2284764	u
ERR418318	PAIRED	https://ftp.sra.ebi.ac.uk/vol1/fastq/ERR418/ERR418318/ERR418318_1.fastq.gz	https://ftp.sra.ebi.ac.uk/vol1/fastq/ERR418/ERR418318/ERR418318_2.fastq.gz	SAMEA2339835	3652963	u
ERR418319	PAIRED	https://ftp.sra.ebi.ac.uk/vol1/fastq/ERR418/ERR418319/ERR418319_1.fastq.gz	https://ftp.sra.ebi.ac.uk/vol1/fastq/ERR418/ERR418319/ERR418319_2.fastq.gz	SAMEA2339836	1786622	u
ERR418320	PAIRED	https://ftp.sra.ebi.ac.uk/vol1/fastq/ERR418/ERR418320/ERR418320_1.fastq.gz	https://ftp.sra.ebi.ac.uk/vol1/fastq/ERR418/ERR418320/ERR418320_2.fastq.gz	SAMEA2339837	2945196	u
ERR418322	PAIRED	https://ftp.sra.ebi.ac.uk/vol1/fastq/ERR418/ERR418322/ERR418322_1.fastq.gz	https://ftp.sra.ebi.ac.uk/vol1/fastq/ERR418/ERR418322/ERR418322_2.fastq.gz	SAMEA2339839	2436914	u
ERR418323	PAIRED	https://ftp.sra.ebi.ac.uk/vol1/fastq/ERR418/ERR418323/ERR418323_1.fastq.gz	https://ftp.sra.ebi.ac.uk/vol1/fastq/ERR418/ERR418323/ERR418323_2.fastq.gz	SAMEA2339840	2486894	u
ERR418325	PAIRED	https://ftp.sra.ebi.ac.uk/vol1/fastq/ERR418/ERR418325/ERR418325_1.fastq.gz	https://ftp.sra.ebi.ac.uk/vol1/fastq/ERR418/ERR418325/ERR418325_2.fastq.gz	SAMEA2339842	3062547	u
ERR418326	PAIRED	https://ftp.sra.ebi.ac.uk/vol1/fastq/ERR418/ERR418326/ERR418326_1.fastq.gz	https://ftp.sra.ebi.ac.uk/vol1/fastq/ERR418/ERR418326/ERR418326_2.fastq.gz	SAMEA2339843	2721450	u
ERR418327	PAIRED	https://ftp.sra.ebi.ac.uk/vol1/fastq/ERR418/ERR418327/ERR418327_1.fastq.gz	https://ftp.sra.ebi.ac.uk/vol1/fastq/ERR418/ERR418327/ERR418327_2.fastq.gz	SAMEA2339844	2631042	u
ERR418328	PAIRED	https://ftp.sra.ebi.ac.uk/vol1/fastq/ERR418/ERR418328/ERR418328_1.fastq.gz	https://ftp.sra.ebi.ac.uk/vol1/fastq/ERR418/ERR418328/ERR418328_2.fastq.gz	SAMEA2339845	3873395	u
ERR418329	PAIRED	https://ftp.sra.ebi.ac.uk/vol1/fastq/ERR418/ERR418329/ERR418329_1.fastq.gz	https://ftp.sra.ebi.ac.uk/vol1/fastq/ERR418/ERR418329/ERR418329_2.fastq.gz	SAMEA2339846	2896438	u
ERR418331	PAIRED	https://ftp.sra.ebi.ac.uk/vol1/fastq/ERR418/ERR418331/ERR418331_1.fastq.gz	https://ftp.sra.ebi.ac.uk/vol1/fastq/ERR418/ERR418331/ERR418331_2.fastq.gz	SAMEA2339848	3450589	u
ERR418332	PAIRED	https://ftp.sra.ebi.ac.uk/vol1/fastq/ERR418/ERR418332/ERR418332_1.fastq.gz	https://ftp.sra.ebi.ac.uk/vol1/fastq/ERR418/ERR418332/ERR418332_2.fastq.gz	SAMEA2339849	3991848	u
ERR418334	PAIRED	https://ftp.sra.ebi.ac.uk/vol1/fastq/ERR418/ERR418334/ERR418334_1.fastq.gz	https://ftp.sra.ebi.ac.uk/vol1/fastq/ERR418/ERR418334/ERR418334_2.fastq.gz	SAMEA2339851	3186743	u
ERR418337	PAIRED	https://ftp.sra.ebi.ac.uk/vol1/fastq/ERR418/ERR418337/ERR418337_1.fastq.gz	https://ftp.sra.ebi.ac.uk/vol1/fastq/ERR418/ERR418337/ERR418337_2.fastq.gz	SAMEA2339854	6468603	u
ERR418339	PAIRED	https://ftp.sra.ebi.ac.uk/vol1/fastq/ERR418/ERR418339/ERR418339_1.fastq.gz	https://ftp.sra.ebi.ac.uk/vol1/fastq/ERR418/ERR418339/ERR418339_2.fastq.gz	SAMEA2339856	7095901	u
ERR418340	PAIRED	https://ftp.sra.ebi.ac.uk/vol1/fastq/ERR418/ERR418340/ERR418340_1.fastq.gz	https://ftp.sra.ebi.ac.uk/vol1/fastq/ERR418/ERR418340/ERR418340_2.fastq.gz	SAMEA2339857	3559081	u
ERR418342	PAIRED	https://ftp.sra.ebi.ac.uk/vol1/fastq/ERR418/ERR418342/ERR418342_1.fastq.gz	https://ftp.sra.ebi.ac.uk/vol1/fastq/ERR418/ERR418342/ERR418342_2.fastq.gz	SAMEA2339859	2381693	u
ERR418343	PAIRED	https://ftp.sra.ebi.ac.uk/vol1/fastq/ERR418/ERR418343/ERR418343_1.fastq.gz	https://ftp.sra.ebi.ac.uk/vol1/fastq/ERR418/ERR418343/ERR418343_2.fastq.gz	SAMEA2339860	3919301	u
ERR418345	PAIRED	https://ftp.sra.ebi.ac.uk/vol1/fastq/ERR418/ERR418345/ERR418345_1.fastq.gz	https://ftp.sra.ebi.ac.uk/vol1/fastq/ERR418/ERR418345/ERR418345_2.fastq.gz	SAMEA2339862	5082969	u
ERR418346	PAIRED	https://ftp.sra.ebi.ac.uk/vol1/fastq/ERR418/ERR418346/ERR418346_1.fastq.gz	https://ftp.sra.ebi.ac.uk/vol1/fastq/ERR418/ERR418346/ERR418346_2.fastq.gz	SAMEA2339863	4574193	u
ERR418347	PAIRED	https://ftp.sra.ebi.ac.uk/vol1/fastq/ERR418/ERR418347/ERR418347_1.fastq.gz	https://ftp.sra.ebi.ac.uk/vol1/fastq/ERR418/ERR418347/ERR418347_2.fastq.gz	SAMEA2339864	2746443	u
ERR418350	PAIRED	https://ftp.sra.ebi.ac.uk/vol1/fastq/ERR418/ERR418350/ERR418350_1.fastq.gz	https://ftp.sra.ebi.ac.uk/vol1/fastq/ERR418/ERR418350/ERR418350_2.fastq.gz	SAMEA2339867	2939184	u
ERR418352	PAIRED	https://ftp.sra.ebi.ac.uk/vol1/fastq/ERR418/ERR418352/ERR418352_1.fastq.gz	https://ftp.sra.ebi.ac.uk/vol1/fastq/ERR418/ERR418352/ERR418352_2.fastq.gz	SAMEA2339869	5263185	u
ERR418356	PAIRED	https://ftp.sra.ebi.ac.uk/vol1/fastq/ERR418/ERR418356/ERR418356_1.fastq.gz	https://ftp.sra.ebi.ac.uk/vol1/fastq/ERR418/ERR418356/ERR418356_2.fastq.gz	SAMEA2339873	3444581	u
ERR418357	PAIRED	https://ftp.sra.ebi.ac.uk/vol1/fastq/ERR418/ERR418357/ERR418357_1.fastq.gz	https://ftp.sra.ebi.ac.uk/vol1/fastq/ERR418/ERR418357/ERR418357_2.fastq.gz	SAMEA2339874	3374399	u
ERR418359	PAIRED	https://ftp.sra.ebi.ac.uk/vol1/fastq/ERR418/ERR418359/ERR418359_1.fastq.gz	https://ftp.sra.ebi.ac.uk/vol1/fastq/ERR418/ERR418359/ERR418359_2.fastq.gz	SAMEA2339876	1261058	u
ERR418361	PAIRED	https://ftp.sra.ebi.ac.uk/vol1/fastq/ERR418/ERR418361/ERR418361_1.fastq.gz	https://ftp.sra.ebi.ac.uk/vol1/fastq/ERR418/ERR418361/ERR418361_2.fastq.gz	SAMEA2339878	3555015	u
ERR418363	PAIRED	https://ftp.sra.ebi.ac.uk/vol1/fastq/ERR418/ERR418363/ERR418363_1.fastq.gz	https://ftp.sra.ebi.ac.uk/vol1/fastq/ERR418/ERR418363/ERR418363_2.fastq.gz	SAMEA2339880	2497270	u
ERR418364	PAIRED	https://ftp.sra.ebi.ac.uk/vol1/fastq/ERR418/ERR418364/ERR418364_1.fastq.gz	https://ftp.sra.ebi.ac.uk/vol1/fastq/ERR418/ERR418364/ERR418364_2.fastq.gz	SAMEA2339881	3489099	u
ERR418365	PAIRED	https://ftp.sra.ebi.ac.uk/vol1/fastq/ERR418/ERR418365/ERR418365_1.fastq.gz	https://ftp.sra.ebi.ac.uk/vol1/fastq/ERR418/ERR418365/ERR418365_2.fastq.gz	SAMEA2339882	2004193	u
ERR418367	PAIRED	https://ftp.sra.ebi.ac.uk/vol1/fastq/ERR418/ERR418367/ERR418367_1.fastq.gz	https://ftp.sra.ebi.ac.uk/vol1/fastq/ERR418/ERR418367/ERR418367_2.fastq.gz	SAMEA2339884	3079725	u
ERR418375	PAIRED	https://ftp.sra.ebi.ac.uk/vol1/fastq/ERR418/ERR418375/ERR418375_1.fastq.gz	https://ftp.sra.ebi.ac.uk/vol1/fastq/ERR418/ERR418375/ERR418375_2.fastq.gz	SAMEA2339892	1407225	u
ERR418377	PAIRED	https://ftp.sra.ebi.ac.uk/vol1/fastq/ERR418/ERR418377/ERR418377_1.fastq.gz	https://ftp.sra.ebi.ac.uk/vol1/fastq/ERR418/ERR418377/ERR418377_2.fastq.gz	SAMEA2339894	1440655	u
ERR418381	PAIRED	https://ftp.sra.ebi.ac.uk/vol1/fastq/ERR418/ERR418381/ERR418381_1.fastq.gz	https://ftp.sra.ebi.ac.uk/vol1/fastq/ERR418/ERR418381/ERR418381_2.fastq.gz	SAMEA2339898	1876762	u
ERR418382	PAIRED	https://ftp.sra.ebi.ac.uk/vol1/fastq/ERR418/ERR418382/ERR418382_1.fastq.gz	https://ftp.sra.ebi.ac.uk/vol1/fastq/ERR418/ERR418382/ERR418382_2.fastq.gz	SAMEA2339899	2040750	u
ERR418383	PAIRED	https://ftp.sra.ebi.ac.uk/vol1/fastq/ERR418/ERR418383/ERR418383_1.fastq.gz	https://ftp.sra.ebi.ac.uk/vol1/fastq/ERR418/ERR418383/ERR418383_2.fastq.gz	SAMEA2339900	1452955	u
ERR418384	PAIRED	https://ftp.sra.ebi.ac.uk/vol1/fastq/ERR418/ERR418384/ERR418384_1.fastq.gz	https://ftp.sra.ebi.ac.uk/vol1/fastq/ERR418/ERR418384/ERR418384_2.fastq.gz	SAMEA2339901	1627954	u
ERR418386	PAIRED	https://ftp.sra.ebi.ac.uk/vol1/fastq/ERR418/ERR418386/ERR418386_1.fastq.gz	https://ftp.sra.ebi.ac.uk/vol1/fastq/ERR418/ERR418386/ERR418386_2.fastq.gz	SAMEA2339903	1336253	u
ERR418390	PAIRED	https://ftp.sra.ebi.ac.uk/vol1/fastq/ERR418/ERR418390/ERR418390_1.fastq.gz	https://ftp.sra.ebi.ac.uk/vol1/fastq/ERR418/ERR418390/ERR418390_2.fastq.gz	SAMEA2339907	1783061	u
ERR418391	PAIRED	https://ftp.sra.ebi.ac.uk/vol1/fastq/ERR418/ERR418391/ERR418391_1.fastq.gz	https://ftp.sra.ebi.ac.uk/vol1/fastq/ERR418/ERR418391/ERR418391_2.fastq.gz	SAMEA2339908	2114585	u
ERR418392	PAIRED	https://ftp.sra.ebi.ac.uk/vol1/fastq/ERR418/ERR418392/ERR418392_1.fastq.gz	https://ftp.sra.ebi.ac.uk/vol1/fastq/ERR418/ERR418392/ERR418392_2.fastq.gz	SAMEA2339909	1868175	u
ERR418393	PAIRED	https://ftp.sra.ebi.ac.uk/vol1/fastq/ERR418/ERR418393/ERR418393_1.fastq.gz	https://ftp.sra.ebi.ac.uk/vol1/fastq/ERR418/ERR418393/ERR418393_2.fastq.gz	SAMEA2339910	2145089	u
ERR418394	PAIRED	https://ftp.sra.ebi.ac.uk/vol1/fastq/ERR418/ERR418394/ERR418394_1.fastq.gz	https://ftp.sra.ebi.ac.uk/vol1/fastq/ERR418/ERR418394/ERR418394_2.fastq.gz	SAMEA2339911	1773691	u
ERR418395	PAIRED	https://ftp.sra.ebi.ac.uk/vol1/fastq/ERR418/ERR418395/ERR418395_1.fastq.gz	https://ftp.sra.ebi.ac.uk/vol1/fastq/ERR418/ERR418395/ERR418395_2.fastq.gz	SAMEA2339912	1836031	u
ERR418397	PAIRED	https://ftp.sra.ebi.ac.uk/vol1/fastq/ERR418/ERR418397/ERR418397_1.fastq.gz	https://ftp.sra.ebi.ac.uk/vol1/fastq/ERR418/ERR418397/ERR418397_2.fastq.gz	SAMEA2339914	4550753	u
ERR418398	PAIRED	https://ftp.sra.ebi.ac.uk/vol1/fastq/ERR418/ERR418398/ERR418398_1.fastq.gz	https://ftp.sra.ebi.ac.uk/vol1/fastq/ERR418/ERR418398/ERR418398_2.fastq.gz	SAMEA2339915	3162633	u
ERR418400	PAIRED	https://ftp.sra.ebi.ac.uk/vol1/fastq/ERR418/ERR418400/ERR418400_1.fastq.gz	https://ftp.sra.ebi.ac.uk/vol1/fastq/ERR418/ERR418400/ERR418400_2.fastq.gz	SAMEA2339917	5198650	u
ERR418402	PAIRED	https://ftp.sra.ebi.ac.uk/vol1/fastq/ERR418/ERR418402/ERR418402_1.fastq.gz	https://ftp.sra.ebi.ac.uk/vol1/fastq/ERR418/ERR418402/ERR418402_2.fastq.gz	SAMEA2339919	3685457	u
ERR418404	PAIRED	https://ftp.sra.ebi.ac.uk/vol1/fastq/ERR418/ERR418404/ERR418404_1.fastq.gz	https://ftp.sra.ebi.ac.uk/vol1/fastq/ERR418/ERR418404/ERR418404_2.fastq.gz	SAMEA2339921	8298918	u
ERR418405	PAIRED	https://ftp.sra.ebi.ac.uk/vol1/fastq/ERR418/ERR418405/ERR418405_1.fastq.gz	https://ftp.sra.ebi.ac.uk/vol1/fastq/ERR418/ERR418405/ERR418405_2.fastq.gz	SAMEA2339922	4951569	u
ERR418415	PAIRED	https://ftp.sra.ebi.ac.uk/vol1/fastq/ERR418/ERR418415/ERR418415_1.fastq.gz	https://ftp.sra.ebi.ac.uk/vol1/fastq/ERR418/ERR418415/ERR418415_2.fastq.gz	SAMEA2339932	695656	u
ERR418416	PAIRED	https://ftp.sra.ebi.ac.uk/vol1/fastq/ERR418/ERR418416/ERR418416_1.fastq.gz	https://ftp.sra.ebi.ac.uk/vol1/fastq/ERR418/ERR418416/ERR418416_2.fastq.gz	SAMEA2339933	842640	u
ERR418417	PAIRED	https://ftp.sra.ebi.ac.uk/vol1/fastq/ERR418/ERR418417/ERR418417_1.fastq.gz	https://ftp.sra.ebi.ac.uk/vol1/fastq/ERR418/ERR418417/ERR418417_2.fastq.gz	SAMEA2339934	790177	u
ERR418420	PAIRED	https://ftp.sra.ebi.ac.uk/vol1/fastq/ERR418/ERR418420/ERR418420_1.fastq.gz	https://ftp.sra.ebi.ac.uk/vol1/fastq/ERR418/ERR418420/ERR418420_2.fastq.gz	SAMEA2339937	827560	u
ERR418421	PAIRED	https://ftp.sra.ebi.ac.uk/vol1/fastq/ERR418/ERR418421/ERR418421_1.fastq.gz	https://ftp.sra.ebi.ac.uk/vol1/fastq/ERR418/ERR418421/ERR418421_2.fastq.gz	SAMEA2339938	778753	u
ERR418422	PAIRED	https://ftp.sra.ebi.ac.uk/vol1/fastq/ERR418/ERR418422/ERR418422_1.fastq.gz	https://ftp.sra.ebi.ac.uk/vol1/fastq/ERR418/ERR418422/ERR418422_2.fastq.gz	SAMEA2339939	859395	u
ERR418423	PAIRED	https://ftp.sra.ebi.ac.uk/vol1/fastq/ERR418/ERR418423/ERR418423_1.fastq.gz	https://ftp.sra.ebi.ac.uk/vol1/fastq/ERR418/ERR418423/ERR418423_2.fastq.gz	SAMEA2339940	853852	u
ERR418426	PAIRED	https://ftp.sra.ebi.ac.uk/vol1/fastq/ERR418/ERR418426/ERR418426_1.fastq.gz	https://ftp.sra.ebi.ac.uk/vol1/fastq/ERR418/ERR418426/ERR418426_2.fastq.gz	SAMEA2339943	881672	u
ERR418429	PAIRED	https://ftp.sra.ebi.ac.uk/vol1/fastq/ERR418/ERR418429/ERR418429_1.fastq.gz	https://ftp.sra.ebi.ac.uk/vol1/fastq/ERR418/ERR418429/ERR418429_2.fastq.gz	SAMEA2339946	775735	u
ERR418431	PAIRED	https://ftp.sra.ebi.ac.uk/vol1/fastq/ERR418/ERR418431/ERR418431_1.fastq.gz	https://ftp.sra.ebi.ac.uk/vol1/fastq/ERR418/ERR418431/ERR418431_2.fastq.gz	SAMEA2339948	931253	u
ERR418432	PAIRED	https://ftp.sra.ebi.ac.uk/vol1/fastq/ERR418/ERR418432/ERR418432_1.fastq.gz	https://ftp.sra.ebi.ac.uk/vol1/fastq/ERR418/ERR418432/ERR418432_2.fastq.gz	SAMEA2339949	799672	u
ERR418434	PAIRED	https://ftp.sra.ebi.ac.uk/vol1/fastq/ERR418/ERR418434/ERR418434_1.fastq.gz	https://ftp.sra.ebi.ac.uk/vol1/fastq/ERR418/ERR418434/ERR418434_2.fastq.gz	SAMEA2339951	807905	u
ERR418435	PAIRED	https://ftp.sra.ebi.ac.uk/vol1/fastq/ERR418/ERR418435/ERR418435_1.fastq.gz	https://ftp.sra.ebi.ac.uk/vol1/fastq/ERR418/ERR418435/ERR418435_2.fastq.gz	SAMEA2339952	871337	u
ERR418436	PAIRED	https://ftp.sra.ebi.ac.uk/vol1/fastq/ERR418/ERR418436/ERR418436_1.fastq.gz	https://ftp.sra.ebi.ac.uk/vol1/fastq/ERR418/ERR418436/ERR418436_2.fastq.gz	SAMEA2339953	835001	u
ERR418437	PAIRED	https://ftp.sra.ebi.ac.uk/vol1/fastq/ERR418/ERR418437/ERR418437_1.fastq.gz	https://ftp.sra.ebi.ac.uk/vol1/fastq/ERR418/ERR418437/ERR418437_2.fastq.gz	SAMEA2339954	796845	u
ERR418439	PAIRED	https://ftp.sra.ebi.ac.uk/vol1/fastq/ERR418/ERR418439/ERR418439_1.fastq.gz	https://ftp.sra.ebi.ac.uk/vol1/fastq/ERR418/ERR418439/ERR418439_2.fastq.gz	SAMEA2339956	889552	u
ERR418441	PAIRED	https://ftp.sra.ebi.ac.uk/vol1/fastq/ERR418/ERR418441/ERR418441_1.fastq.gz	https://ftp.sra.ebi.ac.uk/vol1/fastq/ERR418/ERR418441/ERR418441_2.fastq.gz	SAMEA2339958	779165	u
ERR418443	PAIRED	https://ftp.sra.ebi.ac.uk/vol1/fastq/ERR418/ERR418443/ERR418443_1.fastq.gz	https://ftp.sra.ebi.ac.uk/vol1/fastq/ERR418/ERR418443/ERR418443_2.fastq.gz	SAMEA2339960	1031520	u
ERR418445	PAIRED	https://ftp.sra.ebi.ac.uk/vol1/fastq/ERR418/ERR418445/ERR418445_1.fastq.gz	https://ftp.sra.ebi.ac.uk/vol1/fastq/ERR418/ERR418445/ERR418445_2.fastq.gz	SAMEA2339962	696240	u
ERR418446	PAIRED	https://ftp.sra.ebi.ac.uk/vol1/fastq/ERR418/ERR418446/ERR418446_1.fastq.gz	https://ftp.sra.ebi.ac.uk/vol1/fastq/ERR418/ERR418446/ERR418446_2.fastq.gz	SAMEA2339963	753999	u
ERR418447	PAIRED	https://ftp.sra.ebi.ac.uk/vol1/fastq/ERR418/ERR418447/ERR418447_1.fastq.gz	https://ftp.sra.ebi.ac.uk/vol1/fastq/ERR418/ERR418447/ERR418447_2.fastq.gz	SAMEA2339964	820913	u
ERR418448	PAIRED	https://ftp.sra.ebi.ac.uk/vol1/fastq/ERR418/ERR418448/ERR418448_1.fastq.gz	https://ftp.sra.ebi.ac.uk/vol1/fastq/ERR418/ERR418448/ERR418448_2.fastq.gz	SAMEA2339965	822873	u
ERR418452	PAIRED	https://ftp.sra.ebi.ac.uk/vol1/fastq/ERR418/ERR418452/ERR418452_1.fastq.gz	https://ftp.sra.ebi.ac.uk/vol1/fastq/ERR418/ERR418452/ERR418452_2.fastq.gz	SAMEA2339969	908300	u
ERR418453	PAIRED	https://ftp.sra.ebi.ac.uk/vol1/fastq/ERR418/ERR418453/ERR418453_1.fastq.gz	https://ftp.sra.ebi.ac.uk/vol1/fastq/ERR418/ERR418453/ERR418453_2.fastq.gz	SAMEA2339970	924330	u
ERR418455	PAIRED	https://ftp.sra.ebi.ac.uk/vol1/fastq/ERR418/ERR418455/ERR418455_1.fastq.gz	https://ftp.sra.ebi.ac.uk/vol1/fastq/ERR418/ERR418455/ERR418455_2.fastq.gz	SAMEA2339972	763710	u
ERR418456	PAIRED	https://ftp.sra.ebi.ac.uk/vol1/fastq/ERR418/ERR418456/ERR418456_1.fastq.gz	https://ftp.sra.ebi.ac.uk/vol1/fastq/ERR418/ERR418456/ERR418456_2.fastq.gz	SAMEA2339973	926353	u
ERR418458	PAIRED	https://ftp.sra.ebi.ac.uk/vol1/fastq/ERR418/ERR418458/ERR418458_1.fastq.gz	https://ftp.sra.ebi.ac.uk/vol1/fastq/ERR418/ERR418458/ERR418458_2.fastq.gz	SAMEA2339975	802600	u
ERR418459	PAIRED	https://ftp.sra.ebi.ac.uk/vol1/fastq/ERR418/ERR418459/ERR418459_1.fastq.gz	https://ftp.sra.ebi.ac.uk/vol1/fastq/ERR418/ERR418459/ERR418459_2.fastq.gz	SAMEA2339976	884013	u
ERR418463	PAIRED	https://ftp.sra.ebi.ac.uk/vol1/fastq/ERR418/ERR418463/ERR418463_1.fastq.gz	https://ftp.sra.ebi.ac.uk/vol1/fastq/ERR418/ERR418463/ERR418463_2.fastq.gz	SAMEA2339980	783728	u
ERR418464	PAIRED	https://ftp.sra.ebi.ac.uk/vol1/fastq/ERR418/ERR418464/ERR418464_1.fastq.gz	https://ftp.sra.ebi.ac.uk/vol1/fastq/ERR418/ERR418464/ERR418464_2.fastq.gz	SAMEA2339981	862048	u
ERR418465	PAIRED	https://ftp.sra.ebi.ac.uk/vol1/fastq/ERR418/ERR418465/ERR418465_1.fastq.gz	https://ftp.sra.ebi.ac.uk/vol1/fastq/ERR418/ERR418465/ERR418465_2.fastq.gz	SAMEA2339982	696666	u
ERR418467	PAIRED	https://ftp.sra.ebi.ac.uk/vol1/fastq/ERR418/ERR418467/ERR418467_1.fastq.gz	https://ftp.sra.ebi.ac.uk/vol1/fastq/ERR418/ERR418467/ERR418467_2.fastq.gz	SAMEA2339984	730176	u
ERR418468	PAIRED	https://ftp.sra.ebi.ac.uk/vol1/fastq/ERR418/ERR418468/ERR418468_1.fastq.gz	https://ftp.sra.ebi.ac.uk/vol1/fastq/ERR418/ERR418468/ERR418468_2.fastq.gz	SAMEA2339985	959556	u
ERR418469	PAIRED	https://ftp.sra.ebi.ac.uk/vol1/fastq/ERR418/ERR418469/ERR418469_1.fastq.gz	https://ftp.sra.ebi.ac.uk/vol1/fastq/ERR418/ERR418469/ERR418469_2.fastq.gz	SAMEA2339986	894656	u
ERR418474	PAIRED	https://ftp.sra.ebi.ac.uk/vol1/fastq/ERR418/ERR418474/ERR418474_1.fastq.gz	https://ftp.sra.ebi.ac.uk/vol1/fastq/ERR418/ERR418474/ERR418474_2.fastq.gz	SAMEA2339991	858819	u
ERR418477	PAIRED	https://ftp.sra.ebi.ac.uk/vol1/fastq/ERR418/ERR418477/ERR418477_1.fastq.gz	https://ftp.sra.ebi.ac.uk/vol1/fastq/ERR418/ERR418477/ERR418477_2.fastq.gz	SAMEA2339994	753368	u
ERR418482	PAIRED	https://ftp.sra.ebi.ac.uk/vol1/fastq/ERR418/ERR418482/ERR418482_1.fastq.gz	https://ftp.sra.ebi.ac.uk/vol1/fastq/ERR418/ERR418482/ERR418482_2.fastq.gz	SAMEA2339999	736043	u
ERR418486	PAIRED	https://ftp.sra.ebi.ac.uk/vol1/fastq/ERR418/ERR418486/ERR418486_1.fastq.gz	https://ftp.sra.ebi.ac.uk/vol1/fastq/ERR418/ERR418486/ERR418486_2.fastq.gz	SAMEA2340003	893222	u
ERR418489	PAIRED	https://ftp.sra.ebi.ac.uk/vol1/fastq/ERR418/ERR418489/ERR418489_1.fastq.gz	https://ftp.sra.ebi.ac.uk/vol1/fastq/ERR418/ERR418489/ERR418489_2.fastq.gz	SAMEA2340006	819168	u
ERR418493	PAIRED	https://ftp.sra.ebi.ac.uk/vol1/fastq/ERR418/ERR418493/ERR418493_1.fastq.gz	https://ftp.sra.ebi.ac.uk/vol1/fastq/ERR418/ERR418493/ERR418493_2.fastq.gz	SAMEA2340010	792196	u
ERR418495	PAIRED	https://ftp.sra.ebi.ac.uk/vol1/fastq/ERR418/ERR418495/ERR418495_1.fastq.gz	https://ftp.sra.ebi.ac.uk/vol1/fastq/ERR418/ERR418495/ERR418495_2.fastq.gz	SAMEA2340012	3145244	u
ERR418496	PAIRED	https://ftp.sra.ebi.ac.uk/vol1/fastq/ERR418/ERR418496/ERR418496_1.fastq.gz	https://ftp.sra.ebi.ac.uk/vol1/fastq/ERR418/ERR418496/ERR418496_2.fastq.gz	SAMEA2340013	650962	u
ERR418497	PAIRED	https://ftp.sra.ebi.ac.uk/vol1/fastq/ERR418/ERR418497/ERR418497_1.fastq.gz	https://ftp.sra.ebi.ac.uk/vol1/fastq/ERR418/ERR418497/ERR418497_2.fastq.gz	SAMEA2340014	894315	u
ERR418500	PAIRED	https://ftp.sra.ebi.ac.uk/vol1/fastq/ERR418/ERR418500/ERR418500_1.fastq.gz	https://ftp.sra.ebi.ac.uk/vol1/fastq/ERR418/ERR418500/ERR418500_2.fastq.gz	SAMEA2340017	911829	u
ERR418507	PAIRED	https://ftp.sra.ebi.ac.uk/vol1/fastq/ERR418/ERR418507/ERR418507_1.fastq.gz	https://ftp.sra.ebi.ac.uk/vol1/fastq/ERR418/ERR418507/ERR418507_2.fastq.gz	SAMEA2340024	856604	u
ERR418508	PAIRED	https://ftp.sra.ebi.ac.uk/vol1/fastq/ERR418/ERR418508/ERR418508_1.fastq.gz	https://ftp.sra.ebi.ac.uk/vol1/fastq/ERR418/ERR418508/ERR418508_2.fastq.gz	SAMEA2340025	676674	u
ERR418511	PAIRED	https://ftp.sra.ebi.ac.uk/vol1/fastq/ERR418/ERR418511/ERR418511_1.fastq.gz	https://ftp.sra.ebi.ac.uk/vol1/fastq/ERR418/ERR418511/ERR418511_2.fastq.gz	SAMEA2340028	813806	u
ERR418513	PAIRED	https://ftp.sra.ebi.ac.uk/vol1/fastq/ERR418/ERR418513/ERR418513_1.fastq.gz	https://ftp.sra.ebi.ac.uk/vol1/fastq/ERR418/ERR418513/ERR418513_2.fastq.gz	SAMEA2340030	880387	u
ERR418514	PAIRED	https://ftp.sra.ebi.ac.uk/vol1/fastq/ERR418/ERR418514/ERR418514_1.fastq.gz	https://ftp.sra.ebi.ac.uk/vol1/fastq/ERR418/ERR418514/ERR418514_2.fastq.gz	SAMEA2340031	1048800	u
ERR418515	PAIRED	https://ftp.sra.ebi.ac.uk/vol1/fastq/ERR418/ERR418515/ERR418515_1.fastq.gz	https://ftp.sra.ebi.ac.uk/vol1/fastq/ERR418/ERR418515/ERR418515_2.fastq.gz	SAMEA2340032	970221	u
ERR418516	PAIRED	https://ftp.sra.ebi.ac.uk/vol1/fastq/ERR418/ERR418516/ERR418516_1.fastq.gz	https://ftp.sra.ebi.ac.uk/vol1/fastq/ERR418/ERR418516/ERR418516_2.fastq.gz	SAMEA2340033	892112	u
ERR418519	PAIRED	https://ftp.sra.ebi.ac.uk/vol1/fastq/ERR418/ERR418519/ERR418519_1.fastq.gz	https://ftp.sra.ebi.ac.uk/vol1/fastq/ERR418/ERR418519/ERR418519_2.fastq.gz	SAMEA2340036	851519	u
ERR418520	PAIRED	https://ftp.sra.ebi.ac.uk/vol1/fastq/ERR418/ERR418520/ERR418520_1.fastq.gz	https://ftp.sra.ebi.ac.uk/vol1/fastq/ERR418/ERR418520/ERR418520_2.fastq.gz	SAMEA2340037	843913	u
ERR418522	PAIRED	https://ftp.sra.ebi.ac.uk/vol1/fastq/ERR418/ERR418522/ERR418522_1.fastq.gz	https://ftp.sra.ebi.ac.uk/vol1/fastq/ERR418/ERR418522/ERR418522_2.fastq.gz	SAMEA2340039	853356	u
ERR418523	PAIRED	https://ftp.sra.ebi.ac.uk/vol1/fastq/ERR418/ERR418523/ERR418523_1.fastq.gz	https://ftp.sra.ebi.ac.uk/vol1/fastq/ERR418/ERR418523/ERR418523_2.fastq.gz	SAMEA2340040	758403	u
ERR418525	PAIRED	https://ftp.sra.ebi.ac.uk/vol1/fastq/ERR418/ERR418525/ERR418525_1.fastq.gz	https://ftp.sra.ebi.ac.uk/vol1/fastq/ERR418/ERR418525/ERR418525_2.fastq.gz	SAMEA2340042	738785	u
ERR418528	PAIRED	https://ftp.sra.ebi.ac.uk/vol1/fastq/ERR418/ERR418528/ERR418528_1.fastq.gz	https://ftp.sra.ebi.ac.uk/vol1/fastq/ERR418/ERR418528/ERR418528_2.fastq.gz	SAMEA2340045	761208	u
ERR418531	PAIRED	https://ftp.sra.ebi.ac.uk/vol1/fastq/ERR418/ERR418531/ERR418531_1.fastq.gz	https://ftp.sra.ebi.ac.uk/vol1/fastq/ERR418/ERR418531/ERR418531_2.fastq.gz	SAMEA2340048	819155	u
ERR418533	PAIRED	https://ftp.sra.ebi.ac.uk/vol1/fastq/ERR418/ERR418533/ERR418533_1.fastq.gz	https://ftp.sra.ebi.ac.uk/vol1/fastq/ERR418/ERR418533/ERR418533_2.fastq.gz	SAMEA2340050	826881	u
ERR418540	PAIRED	https://ftp.sra.ebi.ac.uk/vol1/fastq/ERR418/ERR418540/ERR418540_1.fastq.gz	https://ftp.sra.ebi.ac.uk/vol1/fastq/ERR418/ERR418540/ERR418540_2.fastq.gz	SAMEA2340057	787782	u
ERR418541	PAIRED	https://ftp.sra.ebi.ac.uk/vol1/fastq/ERR418/ERR418541/ERR418541_1.fastq.gz	https://ftp.sra.ebi.ac.uk/vol1/fastq/ERR418/ERR418541/ERR418541_2.fastq.gz	SAMEA2340058	847750	u
ERR418542	PAIRED	https://ftp.sra.ebi.ac.uk/vol1/fastq/ERR418/ERR418542/ERR418542_1.fastq.gz	https://ftp.sra.ebi.ac.uk/vol1/fastq/ERR418/ERR418542/ERR418542_2.fastq.gz	SAMEA2340059	706539	u
ERR418543	PAIRED	https://ftp.sra.ebi.ac.uk/vol1/fastq/ERR418/ERR418543/ERR418543_1.fastq.gz	https://ftp.sra.ebi.ac.uk/vol1/fastq/ERR418/ERR418543/ERR418543_2.fastq.gz	SAMEA2340060	656691	u
ERR418544	PAIRED	https://ftp.sra.ebi.ac.uk/vol1/fastq/ERR418/ERR418544/ERR418544_1.fastq.gz	https://ftp.sra.ebi.ac.uk/vol1/fastq/ERR418/ERR418544/ERR418544_2.fastq.gz	SAMEA2340061	719342	u
ERR418545	PAIRED	https://ftp.sra.ebi.ac.uk/vol1/fastq/ERR418/ERR418545/ERR418545_1.fastq.gz	https://ftp.sra.ebi.ac.uk/vol1/fastq/ERR418/ERR418545/ERR418545_2.fastq.gz	SAMEA2340062	819122	u
ERR418551	PAIRED	https://ftp.sra.ebi.ac.uk/vol1/fastq/ERR418/ERR418551/ERR418551_1.fastq.gz	https://ftp.sra.ebi.ac.uk/vol1/fastq/ERR418/ERR418551/ERR418551_2.fastq.gz	SAMEA2340068	892544	u
ERR418555	PAIRED	https://ftp.sra.ebi.ac.uk/vol1/fastq/ERR418/ERR418555/ERR418555_1.fastq.gz	https://ftp.sra.ebi.ac.uk/vol1/fastq/ERR418/ERR418555/ERR418555_2.fastq.gz	SAMEA2340072	836122	u
ERR418556	PAIRED	https://ftp.sra.ebi.ac.uk/vol1/fastq/ERR418/ERR418556/ERR418556_1.fastq.gz	https://ftp.sra.ebi.ac.uk/vol1/fastq/ERR418/ERR418556/ERR418556_2.fastq.gz	SAMEA2340073	682513	u
ERR418557	PAIRED	https://ftp.sra.ebi.ac.uk/vol1/fastq/ERR418/ERR418557/ERR418557_1.fastq.gz	https://ftp.sra.ebi.ac.uk/vol1/fastq/ERR418/ERR418557/ERR418557_2.fastq.gz	SAMEA2340074	727285	u
ERR418559	PAIRED	https://ftp.sra.ebi.ac.uk/vol1/fastq/ERR418/ERR418559/ERR418559_1.fastq.gz	https://ftp.sra.ebi.ac.uk/vol1/fastq/ERR418/ERR418559/ERR418559_2.fastq.gz	SAMEA2340076	798584	u
ERR418563	PAIRED	https://ftp.sra.ebi.ac.uk/vol1/fastq/ERR418/ERR418563/ERR418563_1.fastq.gz	https://ftp.sra.ebi.ac.uk/vol1/fastq/ERR418/ERR418563/ERR418563_2.fastq.gz	SAMEA2340080	817993	u
ERR418564	PAIRED	https://ftp.sra.ebi.ac.uk/vol1/fastq/ERR418/ERR418564/ERR418564_1.fastq.gz	https://ftp.sra.ebi.ac.uk/vol1/fastq/ERR418/ERR418564/ERR418564_2.fastq.gz	SAMEA2340081	988112	u
ERR418567	PAIRED	https://ftp.sra.ebi.ac.uk/vol1/fastq/ERR418/ERR418567/ERR418567_1.fastq.gz	https://ftp.sra.ebi.ac.uk/vol1/fastq/ERR418/ERR418567/ERR418567_2.fastq.gz	SAMEA2340084	719573	u
ERR418569	PAIRED	https://ftp.sra.ebi.ac.uk/vol1/fastq/ERR418/ERR418569/ERR418569_1.fastq.gz	https://ftp.sra.ebi.ac.uk/vol1/fastq/ERR418/ERR418569/ERR418569_2.fastq.gz	SAMEA2340086	717322	u
ERR418570	PAIRED	https://ftp.sra.ebi.ac.uk/vol1/fastq/ERR418/ERR418570/ERR418570_1.fastq.gz	https://ftp.sra.ebi.ac.uk/vol1/fastq/ERR418/ERR418570/ERR418570_2.fastq.gz	SAMEA2340087	837865	u
ERR418572	PAIRED	https://ftp.sra.ebi.ac.uk/vol1/fastq/ERR418/ERR418572/ERR418572_1.fastq.gz	https://ftp.sra.ebi.ac.uk/vol1/fastq/ERR418/ERR418572/ERR418572_2.fastq.gz	SAMEA2340089	677935	u
ERR418575	PAIRED	https://ftp.sra.ebi.ac.uk/vol1/fastq/ERR418/ERR418575/ERR418575_1.fastq.gz	https://ftp.sra.ebi.ac.uk/vol1/fastq/ERR418/ERR418575/ERR418575_2.fastq.gz	SAMEA2340092	726245	u
ERR418576	PAIRED	https://ftp.sra.ebi.ac.uk/vol1/fastq/ERR418/ERR418576/ERR418576_1.fastq.gz	https://ftp.sra.ebi.ac.uk/vol1/fastq/ERR418/ERR418576/ERR418576_2.fastq.gz	SAMEA2340093	784018	u
ERR418579	PAIRED	https://ftp.sra.ebi.ac.uk/vol1/fastq/ERR418/ERR418579/ERR418579_1.fastq.gz	https://ftp.sra.ebi.ac.uk/vol1/fastq/ERR418/ERR418579/ERR418579_2.fastq.gz	SAMEA2340096	782136	u
ERR418580	PAIRED	https://ftp.sra.ebi.ac.uk/vol1/fastq/ERR418/ERR418580/ERR418580_1.fastq.gz	https://ftp.sra.ebi.ac.uk/vol1/fastq/ERR418/ERR418580/ERR418580_2.fastq.gz	SAMEA2340097	1112534	u
ERR418584	PAIRED	https://ftp.sra.ebi.ac.uk/vol1/fastq/ERR418/ERR418584/ERR418584_1.fastq.gz	https://ftp.sra.ebi.ac.uk/vol1/fastq/ERR418/ERR418584/ERR418584_2.fastq.gz	SAMEA2340101	841008	u
ERR418586	PAIRED	https://ftp.sra.ebi.ac.uk/vol1/fastq/ERR418/ERR418586/ERR418586_1.fastq.gz	https://ftp.sra.ebi.ac.uk/vol1/fastq/ERR418/ERR418586/ERR418586_2.fastq.gz	SAMEA2340103	996629	u
ERR418589	PAIRED	https://ftp.sra.ebi.ac.uk/vol1/fastq/ERR418/ERR418589/ERR418589_1.fastq.gz	https://ftp.sra.ebi.ac.uk/vol1/fastq/ERR418/ERR418589/ERR418589_2.fastq.gz	SAMEA2340106	756780	u
ERR418592	PAIRED	https://ftp.sra.ebi.ac.uk/vol1/fastq/ERR418/ERR418592/ERR418592_1.fastq.gz	https://ftp.sra.ebi.ac.uk/vol1/fastq/ERR418/ERR418592/ERR418592_2.fastq.gz	SAMEA2340109	682772	u
ERR418594	PAIRED	https://ftp.sra.ebi.ac.uk/vol1/fastq/ERR418/ERR418594/ERR418594_1.fastq.gz	https://ftp.sra.ebi.ac.uk/vol1/fastq/ERR418/ERR418594/ERR418594_2.fastq.gz	SAMEA2340111	738481	u
ERR418595	PAIRED	https://ftp.sra.ebi.ac.uk/vol1/fastq/ERR418/ERR418595/ERR418595_1.fastq.gz	https://ftp.sra.ebi.ac.uk/vol1/fastq/ERR418/ERR418595/ERR418595_2.fastq.gz	SAMEA2340112	700365	u
ERR418598	PAIRED	https://ftp.sra.ebi.ac.uk/vol1/fastq/ERR418/ERR418598/ERR418598_1.fastq.gz	https://ftp.sra.ebi.ac.uk/vol1/fastq/ERR418/ERR418598/ERR418598_2.fastq.gz	SAMEA2340115	805899	u
ERR418599	PAIRED	https://ftp.sra.ebi.ac.uk/vol1/fastq/ERR418/ERR418599/ERR418599_1.fastq.gz	https://ftp.sra.ebi.ac.uk/vol1/fastq/ERR418/ERR418599/ERR418599_2.fastq.gz	SAMEA2340116	1025882	u
ERR418600	PAIRED	https://ftp.sra.ebi.ac.uk/vol1/fastq/ERR418/ERR418600/ERR418600_1.fastq.gz	https://ftp.sra.ebi.ac.uk/vol1/fastq/ERR418/ERR418600/ERR418600_2.fastq.gz	SAMEA2340117	733813	u
ERR418601	PAIRED	https://ftp.sra.ebi.ac.uk/vol1/fastq/ERR418/ERR418601/ERR418601_1.fastq.gz	https://ftp.sra.ebi.ac.uk/vol1/fastq/ERR418/ERR418601/ERR418601_2.fastq.gz	SAMEA2340118	691521	u
ERR418604	PAIRED	https://ftp.sra.ebi.ac.uk/vol1/fastq/ERR418/ERR418604/ERR418604_1.fastq.gz	https://ftp.sra.ebi.ac.uk/vol1/fastq/ERR418/ERR418604/ERR418604_2.fastq.gz	SAMEA2340121	835684	u
ERR418611	PAIRED	https://ftp.sra.ebi.ac.uk/vol1/fastq/ERR418/ERR418611/ERR418611_1.fastq.gz	https://ftp.sra.ebi.ac.uk/vol1/fastq/ERR418/ERR418611/ERR418611_2.fastq.gz	SAMEA2340128	706967	u
ERR418613	PAIRED	https://ftp.sra.ebi.ac.uk/vol1/fastq/ERR418/ERR418613/ERR418613_1.fastq.gz	https://ftp.sra.ebi.ac.uk/vol1/fastq/ERR418/ERR418613/ERR418613_2.fastq.gz	SAMEA2340130	1330644	u
ERR418614	PAIRED	https://ftp.sra.ebi.ac.uk/vol1/fastq/ERR418/ERR418614/ERR418614_1.fastq.gz	https://ftp.sra.ebi.ac.uk/vol1/fastq/ERR418/ERR418614/ERR418614_2.fastq.gz	SAMEA2340131	691186	u
ERR418616	PAIRED	https://ftp.sra.ebi.ac.uk/vol1/fastq/ERR418/ERR418616/ERR418616_1.fastq.gz	https://ftp.sra.ebi.ac.uk/vol1/fastq/ERR418/ERR418616/ERR418616_2.fastq.gz	SAMEA2340133	657588	u
ERR418618	PAIRED	https://ftp.sra.ebi.ac.uk/vol1/fastq/ERR418/ERR418618/ERR418618_1.fastq.gz	https://ftp.sra.ebi.ac.uk/vol1/fastq/ERR418/ERR418618/ERR418618_2.fastq.gz	SAMEA2340135	797973	u
ERR418619	PAIRED	https://ftp.sra.ebi.ac.uk/vol1/fastq/ERR418/ERR418619/ERR418619_1.fastq.gz	https://ftp.sra.ebi.ac.uk/vol1/fastq/ERR418/ERR418619/ERR418619_2.fastq.gz	SAMEA2340136	859916	u
ERR418621	PAIRED	https://ftp.sra.ebi.ac.uk/vol1/fastq/ERR418/ERR418621/ERR418621_1.fastq.gz	https://ftp.sra.ebi.ac.uk/vol1/fastq/ERR418/ERR418621/ERR418621_2.fastq.gz	SAMEA2340138	761488	u
ERR418622	PAIRED	https://ftp.sra.ebi.ac.uk/vol1/fastq/ERR418/ERR418622/ERR418622_1.fastq.gz	https://ftp.sra.ebi.ac.uk/vol1/fastq/ERR418/ERR418622/ERR418622_2.fastq.gz	SAMEA2340139	794243	u
ERR418623	PAIRED	https://ftp.sra.ebi.ac.uk/vol1/fastq/ERR418/ERR418623/ERR418623_1.fastq.gz	https://ftp.sra.ebi.ac.uk/vol1/fastq/ERR418/ERR418623/ERR418623_2.fastq.gz	SAMEA2340140	789847	u
ERR418627	PAIRED	https://ftp.sra.ebi.ac.uk/vol1/fastq/ERR418/ERR418627/ERR418627_1.fastq.gz	https://ftp.sra.ebi.ac.uk/vol1/fastq/ERR418/ERR418627/ERR418627_2.fastq.gz	SAMEA2340144	599759	u
ERR418628	PAIRED	https://ftp.sra.ebi.ac.uk/vol1/fastq/ERR418/ERR418628/ERR418628_1.fastq.gz	https://ftp.sra.ebi.ac.uk/vol1/fastq/ERR418/ERR418628/ERR418628_2.fastq.gz	SAMEA2340145	754283	u
ERR418629	PAIRED	https://ftp.sra.ebi.ac.uk/vol1/fastq/ERR418/ERR418629/ERR418629_1.fastq.gz	https://ftp.sra.ebi.ac.uk/vol1/fastq/ERR418/ERR418629/ERR418629_2.fastq.gz	SAMEA2340146	738748	u
ERR418631	PAIRED	https://ftp.sra.ebi.ac.uk/vol1/fastq/ERR418/ERR418631/ERR418631_1.fastq.gz	https://ftp.sra.ebi.ac.uk/vol1/fastq/ERR418/ERR418631/ERR418631_2.fastq.gz	SAMEA2340148	760098	u
ERR418633	PAIRED	https://ftp.sra.ebi.ac.uk/vol1/fastq/ERR418/ERR418633/ERR418633_1.fastq.gz	https://ftp.sra.ebi.ac.uk/vol1/fastq/ERR418/ERR418633/ERR418633_2.fastq.gz	SAMEA2340150	1069561	u
ERR418634	PAIRED	https://ftp.sra.ebi.ac.uk/vol1/fastq/ERR418/ERR418634/ERR418634_1.fastq.gz	https://ftp.sra.ebi.ac.uk/vol1/fastq/ERR418/ERR418634/ERR418634_2.fastq.gz	SAMEA2340151	645661	u
ERR418635	PAIRED	https://ftp.sra.ebi.ac.uk/vol1/fastq/ERR418/ERR418635/ERR418635_1.fastq.gz	https://ftp.sra.ebi.ac.uk/vol1/fastq/ERR418/ERR418635/ERR418635_2.fastq.gz	SAMEA2340152	693866	u
ERR418636	PAIRED	https://ftp.sra.ebi.ac.uk/vol1/fastq/ERR418/ERR418636/ERR418636_1.fastq.gz	https://ftp.sra.ebi.ac.uk/vol1/fastq/ERR418/ERR418636/ERR418636_2.fastq.gz	SAMEA2340153	875927	u
ERR418637	PAIRED	https://ftp.sra.ebi.ac.uk/vol1/fastq/ERR418/ERR418637/ERR418637_1.fastq.gz	https://ftp.sra.ebi.ac.uk/vol1/fastq/ERR418/ERR418637/ERR418637_2.fastq.gz	SAMEA2340154	860984	u
ERR418638	PAIRED	https://ftp.sra.ebi.ac.uk/vol1/fastq/ERR418/ERR418638/ERR418638_1.fastq.gz	https://ftp.sra.ebi.ac.uk/vol1/fastq/ERR418/ERR418638/ERR418638_2.fastq.gz	SAMEA2340155	726508	u
ERR418639	PAIRED	https://ftp.sra.ebi.ac.uk/vol1/fastq/ERR418/ERR418639/ERR418639_1.fastq.gz	https://ftp.sra.ebi.ac.uk/vol1/fastq/ERR418/ERR418639/ERR418639_2.fastq.gz	SAMEA2340156	777508	u
ERR418642	PAIRED	https://ftp.sra.ebi.ac.uk/vol1/fastq/ERR418/ERR418642/ERR418642_1.fastq.gz	https://ftp.sra.ebi.ac.uk/vol1/fastq/ERR418/ERR418642/ERR418642_2.fastq.gz	SAMEA2340159	691173	u
ERR418643	PAIRED	https://ftp.sra.ebi.ac.uk/vol1/fastq/ERR418/ERR418643/ERR418643_1.fastq.gz	https://ftp.sra.ebi.ac.uk/vol1/fastq/ERR418/ERR418643/ERR418643_2.fastq.gz	SAMEA2340160	660140	u
ERR418644	PAIRED	https://ftp.sra.ebi.ac.uk/vol1/fastq/ERR418/ERR418644/ERR418644_1.fastq.gz	https://ftp.sra.ebi.ac.uk/vol1/fastq/ERR418/ERR418644/ERR418644_2.fastq.gz	SAMEA2340161	552228	u
ERR418647	PAIRED	https://ftp.sra.ebi.ac.uk/vol1/fastq/ERR418/ERR418647/ERR418647_1.fastq.gz	https://ftp.sra.ebi.ac.uk/vol1/fastq/ERR418/ERR418647/ERR418647_2.fastq.gz	SAMEA2340164	752574	u
ERR418649	PAIRED	https://ftp.sra.ebi.ac.uk/vol1/fastq/ERR418/ERR418649/ERR418649_1.fastq.gz	https://ftp.sra.ebi.ac.uk/vol1/fastq/ERR418/ERR418649/ERR418649_2.fastq.gz	SAMEA2340166	1232746	u
ERR418650	PAIRED	https://ftp.sra.ebi.ac.uk/vol1/fastq/ERR418/ERR418650/ERR418650_1.fastq.gz	https://ftp.sra.ebi.ac.uk/vol1/fastq/ERR418/ERR418650/ERR418650_2.fastq.gz	SAMEA2340167	996160	u
ERR418651	PAIRED	https://ftp.sra.ebi.ac.uk/vol1/fastq/ERR418/ERR418651/ERR418651_1.fastq.gz	https://ftp.sra.ebi.ac.uk/vol1/fastq/ERR418/ERR418651/ERR418651_2.fastq.gz	SAMEA2340168	737100	u
ERR418653	PAIRED	https://ftp.sra.ebi.ac.uk/vol1/fastq/ERR418/ERR418653/ERR418653_1.fastq.gz	https://ftp.sra.ebi.ac.uk/vol1/fastq/ERR418/ERR418653/ERR418653_2.fastq.gz	SAMEA2340170	606294	u
ERR418654	PAIRED	https://ftp.sra.ebi.ac.uk/vol1/fastq/ERR418/ERR418654/ERR418654_1.fastq.gz	https://ftp.sra.ebi.ac.uk/vol1/fastq/ERR418/ERR418654/ERR418654_2.fastq.gz	SAMEA2340171	644180	u
ERR418656	PAIRED	https://ftp.sra.ebi.ac.uk/vol1/fastq/ERR418/ERR418656/ERR418656_1.fastq.gz	https://ftp.sra.ebi.ac.uk/vol1/fastq/ERR418/ERR418656/ERR418656_2.fastq.gz	SAMEA2340173	620503	u
ERR418657	PAIRED	https://ftp.sra.ebi.ac.uk/vol1/fastq/ERR418/ERR418657/ERR418657_1.fastq.gz	https://ftp.sra.ebi.ac.uk/vol1/fastq/ERR418/ERR418657/ERR418657_2.fastq.gz	SAMEA2340174	680535	u
ERR418659	PAIRED	https://ftp.sra.ebi.ac.uk/vol1/fastq/ERR418/ERR418659/ERR418659_1.fastq.gz	https://ftp.sra.ebi.ac.uk/vol1/fastq/ERR418/ERR418659/ERR418659_2.fastq.gz	SAMEA2340176	790208	u
ERR418661	PAIRED	https://ftp.sra.ebi.ac.uk/vol1/fastq/ERR418/ERR418661/ERR418661_1.fastq.gz	https://ftp.sra.ebi.ac.uk/vol1/fastq/ERR418/ERR418661/ERR418661_2.fastq.gz	SAMEA2340178	958330	u
ERR418663	PAIRED	https://ftp.sra.ebi.ac.uk/vol1/fastq/ERR418/ERR418663/ERR418663_1.fastq.gz	https://ftp.sra.ebi.ac.uk/vol1/fastq/ERR418/ERR418663/ERR418663_2.fastq.gz	SAMEA2340180	862284	u
ERR418664	PAIRED	https://ftp.sra.ebi.ac.uk/vol1/fastq/ERR418/ERR418664/ERR418664_1.fastq.gz	https://ftp.sra.ebi.ac.uk/vol1/fastq/ERR418/ERR418664/ERR418664_2.fastq.gz	SAMEA2340181	734213	u
ERR418666	PAIRED	https://ftp.sra.ebi.ac.uk/vol1/fastq/ERR418/ERR418666/ERR418666_1.fastq.gz	https://ftp.sra.ebi.ac.uk/vol1/fastq/ERR418/ERR418666/ERR418666_2.fastq.gz	SAMEA2340183	794533	u
ERR418667	PAIRED	https://ftp.sra.ebi.ac.uk/vol1/fastq/ERR418/ERR418667/ERR418667_1.fastq.gz	https://ftp.sra.ebi.ac.uk/vol1/fastq/ERR418/ERR418667/ERR418667_2.fastq.gz	SAMEA2340184	803061	u
ERR418668	PAIRED	https://ftp.sra.ebi.ac.uk/vol1/fastq/ERR418/ERR418668/ERR418668_1.fastq.gz	https://ftp.sra.ebi.ac.uk/vol1/fastq/ERR418/ERR418668/ERR418668_2.fastq.gz	SAMEA2340185	753099	u
ERR418669	PAIRED	https://ftp.sra.ebi.ac.uk/vol1/fastq/ERR418/ERR418669/ERR418669_1.fastq.gz	https://ftp.sra.ebi.ac.uk/vol1/fastq/ERR418/ERR418669/ERR418669_2.fastq.gz	SAMEA2340186	989749	u
ERR418670	PAIRED	https://ftp.sra.ebi.ac.uk/vol1/fastq/ERR418/ERR418670/ERR418670_1.fastq.gz	https://ftp.sra.ebi.ac.uk/vol1/fastq/ERR418/ERR418670/ERR418670_2.fastq.gz	SAMEA2340187	693635	u
ERR418671	PAIRED	https://ftp.sra.ebi.ac.uk/vol1/fastq/ERR418/ERR418671/ERR418671_1.fastq.gz	https://ftp.sra.ebi.ac.uk/vol1/fastq/ERR418/ERR418671/ERR418671_2.fastq.gz	SAMEA2340188	886050	u
ERR418672	PAIRED	https://ftp.sra.ebi.ac.uk/vol1/fastq/ERR418/ERR418672/ERR418672_1.fastq.gz	https://ftp.sra.ebi.ac.uk/vol1/fastq/ERR418/ERR418672/ERR418672_2.fastq.gz	SAMEA2340189	905360	u
ERR418673	PAIRED	https://ftp.sra.ebi.ac.uk/vol1/fastq/ERR418/ERR418673/ERR418673_1.fastq.gz	https://ftp.sra.ebi.ac.uk/vol1/fastq/ERR418/ERR418673/ERR418673_2.fastq.gz	SAMEA2340190	791942	u
ERR418674	PAIRED	https://ftp.sra.ebi.ac.uk/vol1/fastq/ERR418/ERR418674/ERR418674_1.fastq.gz	https://ftp.sra.ebi.ac.uk/vol1/fastq/ERR418/ERR418674/ERR418674_2.fastq.gz	SAMEA2340191	622482	u
ERR418675	PAIRED	https://ftp.sra.ebi.ac.uk/vol1/fastq/ERR418/ERR418675/ERR418675_1.fastq.gz	https://ftp.sra.ebi.ac.uk/vol1/fastq/ERR418/ERR418675/ERR418675_2.fastq.gz	SAMEA2340192	718378	u
ERR418679	PAIRED	https://ftp.sra.ebi.ac.uk/vol1/fastq/ERR418/ERR418679/ERR418679_1.fastq.gz	https://ftp.sra.ebi.ac.uk/vol1/fastq/ERR418/ERR418679/ERR418679_2.fastq.gz	SAMEA2340196	688063	u
ERR418680	PAIRED	https://ftp.sra.ebi.ac.uk/vol1/fastq/ERR418/ERR418680/ERR418680_1.fastq.gz	https://ftp.sra.ebi.ac.uk/vol1/fastq/ERR418/ERR418680/ERR418680_2.fastq.gz	SAMEA2340197	735247	u
ERR418682	PAIRED	https://ftp.sra.ebi.ac.uk/vol1/fastq/ERR418/ERR418682/ERR418682_1.fastq.gz	https://ftp.sra.ebi.ac.uk/vol1/fastq/ERR418/ERR418682/ERR418682_2.fastq.gz	SAMEA2340199	710214	u
ERR418683	PAIRED	https://ftp.sra.ebi.ac.uk/vol1/fastq/ERR418/ERR418683/ERR418683_1.fastq.gz	https://ftp.sra.ebi.ac.uk/vol1/fastq/ERR418/ERR418683/ERR418683_2.fastq.gz	SAMEA2340200	771115	u
ERR418685	PAIRED	https://ftp.sra.ebi.ac.uk/vol1/fastq/ERR418/ERR418685/ERR418685_1.fastq.gz	https://ftp.sra.ebi.ac.uk/vol1/fastq/ERR418/ERR418685/ERR418685_2.fastq.gz	SAMEA2340202	693065	u
ERR418687	PAIRED	https://ftp.sra.ebi.ac.uk/vol1/fastq/ERR418/ERR418687/ERR418687_1.fastq.gz	https://ftp.sra.ebi.ac.uk/vol1/fastq/ERR418/ERR418687/ERR418687_2.fastq.gz	SAMEA2340204	758684	u
ERR418688	PAIRED	https://ftp.sra.ebi.ac.uk/vol1/fastq/ERR418/ERR418688/ERR418688_1.fastq.gz	https://ftp.sra.ebi.ac.uk/vol1/fastq/ERR418/ERR418688/ERR418688_2.fastq.gz	SAMEA2340205	665325	u
ERR418689	PAIRED	https://ftp.sra.ebi.ac.uk/vol1/fastq/ERR418/ERR418689/ERR418689_1.fastq.gz	https://ftp.sra.ebi.ac.uk/vol1/fastq/ERR418/ERR418689/ERR418689_2.fastq.gz	SAMEA2340206	784321	u
ERR418690	PAIRED	https://ftp.sra.ebi.ac.uk/vol1/fastq/ERR418/ERR418690/ERR418690_1.fastq.gz	https://ftp.sra.ebi.ac.uk/vol1/fastq/ERR418/ERR418690/ERR418690_2.fastq.gz	SAMEA2340207	1013021	u
ERR418691	PAIRED	https://ftp.sra.ebi.ac.uk/vol1/fastq/ERR418/ERR418691/ERR418691_1.fastq.gz	https://ftp.sra.ebi.ac.uk/vol1/fastq/ERR418/ERR418691/ERR418691_2.fastq.gz	SAMEA2340208	858125	u
ERR418692	PAIRED	https://ftp.sra.ebi.ac.uk/vol1/fastq/ERR418/ERR418692/ERR418692_1.fastq.gz	https://ftp.sra.ebi.ac.uk/vol1/fastq/ERR418/ERR418692/ERR418692_2.fastq.gz	SAMEA2340209	681366	u
ERR418693	PAIRED	https://ftp.sra.ebi.ac.uk/vol1/fastq/ERR418/ERR418693/ERR418693_1.fastq.gz	https://ftp.sra.ebi.ac.uk/vol1/fastq/ERR418/ERR418693/ERR418693_2.fastq.gz	SAMEA2340210	702040	u
ERR418694	PAIRED	https://ftp.sra.ebi.ac.uk/vol1/fastq/ERR418/ERR418694/ERR418694_1.fastq.gz	https://ftp.sra.ebi.ac.uk/vol1/fastq/ERR418/ERR418694/ERR418694_2.fastq.gz	SAMEA2340211	794751	u
ERR418695	PAIRED	https://ftp.sra.ebi.ac.uk/vol1/fastq/ERR418/ERR418695/ERR418695_1.fastq.gz	https://ftp.sra.ebi.ac.uk/vol1/fastq/ERR418/ERR418695/ERR418695_2.fastq.gz	SAMEA2340212	649509	u
ERR418697	PAIRED	https://ftp.sra.ebi.ac.uk/vol1/fastq/ERR418/ERR418697/ERR418697_1.fastq.gz	https://ftp.sra.ebi.ac.uk/vol1/fastq/ERR418/ERR418697/ERR418697_2.fastq.gz	SAMEA2340214	671900	u
ERR418700	PAIRED	https://ftp.sra.ebi.ac.uk/vol1/fastq/ERR418/ERR418700/ERR418700_1.fastq.gz	https://ftp.sra.ebi.ac.uk/vol1/fastq/ERR418/ERR418700/ERR418700_2.fastq.gz	SAMEA2340217	896237	u
ERR418701	PAIRED	https://ftp.sra.ebi.ac.uk/vol1/fastq/ERR418/ERR418701/ERR418701_1.fastq.gz	https://ftp.sra.ebi.ac.uk/vol1/fastq/ERR418/ERR418701/ERR418701_2.fastq.gz	SAMEA2340218	784899	u
ERR418702	PAIRED	https://ftp.sra.ebi.ac.uk/vol1/fastq/ERR418/ERR418702/ERR418702_1.fastq.gz	https://ftp.sra.ebi.ac.uk/vol1/fastq/ERR418/ERR418702/ERR418702_2.fastq.gz	SAMEA2340219	678328	u
ERR418709	PAIRED	https://ftp.sra.ebi.ac.uk/vol1/fastq/ERR418/ERR418709/ERR418709_1.fastq.gz	https://ftp.sra.ebi.ac.uk/vol1/fastq/ERR418/ERR418709/ERR418709_2.fastq.gz	SAMEA2340226	750411	u
ERR418710	PAIRED	https://ftp.sra.ebi.ac.uk/vol1/fastq/ERR418/ERR418710/ERR418710_1.fastq.gz	https://ftp.sra.ebi.ac.uk/vol1/fastq/ERR418/ERR418710/ERR418710_2.fastq.gz	SAMEA2340227	812113	u
ERR418713	PAIRED	https://ftp.sra.ebi.ac.uk/vol1/fastq/ERR418/ERR418713/ERR418713_1.fastq.gz	https://ftp.sra.ebi.ac.uk/vol1/fastq/ERR418/ERR418713/ERR418713_2.fastq.gz	SAMEA2340230	982426	u
ERR418714	PAIRED	https://ftp.sra.ebi.ac.uk/vol1/fastq/ERR418/ERR418714/ERR418714_1.fastq.gz	https://ftp.sra.ebi.ac.uk/vol1/fastq/ERR418/ERR418714/ERR418714_2.fastq.gz	SAMEA2340231	705734	u
ERR418716	PAIRED	https://ftp.sra.ebi.ac.uk/vol1/fastq/ERR418/ERR418716/ERR418716_1.fastq.gz	https://ftp.sra.ebi.ac.uk/vol1/fastq/ERR418/ERR418716/ERR418716_2.fastq.gz	SAMEA2340233	669908	u
ERR418717	PAIRED	https://ftp.sra.ebi.ac.uk/vol1/fastq/ERR418/ERR418717/ERR418717_1.fastq.gz	https://ftp.sra.ebi.ac.uk/vol1/fastq/ERR418/ERR418717/ERR418717_2.fastq.gz	SAMEA2340234	1553171	u
ERR418718	PAIRED	https://ftp.sra.ebi.ac.uk/vol1/fastq/ERR418/ERR418718/ERR418718_1.fastq.gz	https://ftp.sra.ebi.ac.uk/vol1/fastq/ERR418/ERR418718/ERR418718_2.fastq.gz	SAMEA2340235	705384	u
ERR418720	PAIRED	https://ftp.sra.ebi.ac.uk/vol1/fastq/ERR418/ERR418720/ERR418720_1.fastq.gz	https://ftp.sra.ebi.ac.uk/vol1/fastq/ERR418/ERR418720/ERR418720_2.fastq.gz	SAMEA2340237	762952	u
ERR418722	PAIRED	https://ftp.sra.ebi.ac.uk/vol1/fastq/ERR418/ERR418722/ERR418722_1.fastq.gz	https://ftp.sra.ebi.ac.uk/vol1/fastq/ERR418/ERR418722/ERR418722_2.fastq.gz	SAMEA2340239	645006	u
ERR418723	PAIRED	https://ftp.sra.ebi.ac.uk/vol1/fastq/ERR418/ERR418723/ERR418723_1.fastq.gz	https://ftp.sra.ebi.ac.uk/vol1/fastq/ERR418/ERR418723/ERR418723_2.fastq.gz	SAMEA2340240	1325016	u
ERR418724	PAIRED	https://ftp.sra.ebi.ac.uk/vol1/fastq/ERR418/ERR418724/ERR418724_1.fastq.gz	https://ftp.sra.ebi.ac.uk/vol1/fastq/ERR418/ERR418724/ERR418724_2.fastq.gz	SAMEA2340241	878411	u
ERR418729	PAIRED	https://ftp.sra.ebi.ac.uk/vol1/fastq/ERR418/ERR418729/ERR418729_1.fastq.gz	https://ftp.sra.ebi.ac.uk/vol1/fastq/ERR418/ERR418729/ERR418729_2.fastq.gz	SAMEA2340246	1881319	u
ERR418730	PAIRED	https://ftp.sra.ebi.ac.uk/vol1/fastq/ERR418/ERR418730/ERR418730_1.fastq.gz	https://ftp.sra.ebi.ac.uk/vol1/fastq/ERR418/ERR418730/ERR418730_2.fastq.gz	SAMEA2340247	1844915	u
ERR418731	PAIRED	https://ftp.sra.ebi.ac.uk/vol1/fastq/ERR418/ERR418731/ERR418731_1.fastq.gz	https://ftp.sra.ebi.ac.uk/vol1/fastq/ERR418/ERR418731/ERR418731_2.fastq.gz	SAMEA2340248	2727500	u
ERR418732	PAIRED	https://ftp.sra.ebi.ac.uk/vol1/fastq/ERR418/ERR418732/ERR418732_1.fastq.gz	https://ftp.sra.ebi.ac.uk/vol1/fastq/ERR418/ERR418732/ERR418732_2.fastq.gz	SAMEA2340249	2681224	u
ERR418733	PAIRED	https://ftp.sra.ebi.ac.uk/vol1/fastq/ERR418/ERR418733/ERR418733_1.fastq.gz	https://ftp.sra.ebi.ac.uk/vol1/fastq/ERR418/ERR418733/ERR418733_2.fastq.gz	SAMEA2340250	2429719	u
ERR418734	PAIRED	https://ftp.sra.ebi.ac.uk/vol1/fastq/ERR418/ERR418734/ERR418734_1.fastq.gz	https://ftp.sra.ebi.ac.uk/vol1/fastq/ERR418/ERR418734/ERR418734_2.fastq.gz	SAMEA2340251	2185401	u
ERR418738	PAIRED	https://ftp.sra.ebi.ac.uk/vol1/fastq/ERR418/ERR418738/ERR418738_1.fastq.gz	https://ftp.sra.ebi.ac.uk/vol1/fastq/ERR418/ERR418738/ERR418738_2.fastq.gz	SAMEA2340255	2033032	u
ERR418739	PAIRED	https://ftp.sra.ebi.ac.uk/vol1/fastq/ERR418/ERR418739/ERR418739_1.fastq.gz	https://ftp.sra.ebi.ac.uk/vol1/fastq/ERR418/ERR418739/ERR418739_2.fastq.gz	SAMEA2340256	2256746	u
ERR418740	PAIRED	https://ftp.sra.ebi.ac.uk/vol1/fastq/ERR418/ERR418740/ERR418740_1.fastq.gz	https://ftp.sra.ebi.ac.uk/vol1/fastq/ERR418/ERR418740/ERR418740_2.fastq.gz	SAMEA2340257	1871472	u
ERR418742	PAIRED	https://ftp.sra.ebi.ac.uk/vol1/fastq/ERR418/ERR418742/ERR418742_1.fastq.gz	https://ftp.sra.ebi.ac.uk/vol1/fastq/ERR418/ERR418742/ERR418742_2.fastq.gz	SAMEA2340259	1533639	u
ERR418744	PAIRED	https://ftp.sra.ebi.ac.uk/vol1/fastq/ERR418/ERR418744/ERR418744_1.fastq.gz	https://ftp.sra.ebi.ac.uk/vol1/fastq/ERR418/ERR418744/ERR418744_2.fastq.gz	SAMEA2340261	2946037	u
ERR418746	PAIRED	https://ftp.sra.ebi.ac.uk/vol1/fastq/ERR418/ERR418746/ERR418746_1.fastq.gz	https://ftp.sra.ebi.ac.uk/vol1/fastq/ERR418/ERR418746/ERR418746_2.fastq.gz	SAMEA2340263	2378187	u
ERR418747	PAIRED	https://ftp.sra.ebi.ac.uk/vol1/fastq/ERR418/ERR418747/ERR418747_1.fastq.gz	https://ftp.sra.ebi.ac.uk/vol1/fastq/ERR418/ERR418747/ERR418747_2.fastq.gz	SAMEA2340264	2152873	u
ERR418752	PAIRED	https://ftp.sra.ebi.ac.uk/vol1/fastq/ERR418/ERR418752/ERR418752_1.fastq.gz	https://ftp.sra.ebi.ac.uk/vol1/fastq/ERR418/ERR418752/ERR418752_2.fastq.gz	SAMEA2340269	1687935	u
ERR418753	PAIRED	https://ftp.sra.ebi.ac.uk/vol1/fastq/ERR418/ERR418753/ERR418753_1.fastq.gz	https://ftp.sra.ebi.ac.uk/vol1/fastq/ERR418/ERR418753/ERR418753_2.fastq.gz	SAMEA2340270	1777180	u
ERR418756	PAIRED	https://ftp.sra.ebi.ac.uk/vol1/fastq/ERR418/ERR418756/ERR418756_1.fastq.gz	https://ftp.sra.ebi.ac.uk/vol1/fastq/ERR418/ERR418756/ERR418756_2.fastq.gz	SAMEA2340273	2049600	u
ERR418757	PAIRED	https://ftp.sra.ebi.ac.uk/vol1/fastq/ERR418/ERR418757/ERR418757_1.fastq.gz	https://ftp.sra.ebi.ac.uk/vol1/fastq/ERR418/ERR418757/ERR418757_2.fastq.gz	SAMEA2340274	2943476	u
ERR418760	PAIRED	https://ftp.sra.ebi.ac.uk/vol1/fastq/ERR418/ERR418760/ERR418760_1.fastq.gz	https://ftp.sra.ebi.ac.uk/vol1/fastq/ERR418/ERR418760/ERR418760_2.fastq.gz	SAMEA2340277	1696090	u
ERR418762	PAIRED	https://ftp.sra.ebi.ac.uk/vol1/fastq/ERR418/ERR418762/ERR418762_1.fastq.gz	https://ftp.sra.ebi.ac.uk/vol1/fastq/ERR418/ERR418762/ERR418762_2.fastq.gz	SAMEA2340279	2014957	u
ERR418763	PAIRED	https://ftp.sra.ebi.ac.uk/vol1/fastq/ERR418/ERR418763/ERR418763_1.fastq.gz	https://ftp.sra.ebi.ac.uk/vol1/fastq/ERR418/ERR418763/ERR418763_2.fastq.gz	SAMEA2340280	1588845	u
ERR418765	PAIRED	https://ftp.sra.ebi.ac.uk/vol1/fastq/ERR418/ERR418765/ERR418765_1.fastq.gz	https://ftp.sra.ebi.ac.uk/vol1/fastq/ERR418/ERR418765/ERR418765_2.fastq.gz	SAMEA2340282	1712339	u
ERR418766	PAIRED	https://ftp.sra.ebi.ac.uk/vol1/fastq/ERR418/ERR418766/ERR418766_1.fastq.gz	https://ftp.sra.ebi.ac.uk/vol1/fastq/ERR418/ERR418766/ERR418766_2.fastq.gz	SAMEA2340283	2846770	u
ERR418771	PAIRED	https://ftp.sra.ebi.ac.uk/vol1/fastq/ERR418/ERR418771/ERR418771_1.fastq.gz	https://ftp.sra.ebi.ac.uk/vol1/fastq/ERR418/ERR418771/ERR418771_2.fastq.gz	SAMEA2340288	1969592	u
ERR418773	PAIRED	https://ftp.sra.ebi.ac.uk/vol1/fastq/ERR418/ERR418773/ERR418773_1.fastq.gz	https://ftp.sra.ebi.ac.uk/vol1/fastq/ERR418/ERR418773/ERR418773_2.fastq.gz	SAMEA2340290	2037257	u
ERR418774	PAIRED	https://ftp.sra.ebi.ac.uk/vol1/fastq/ERR418/ERR418774/ERR418774_1.fastq.gz	https://ftp.sra.ebi.ac.uk/vol1/fastq/ERR418/ERR418774/ERR418774_2.fastq.gz	SAMEA2340291	2442470	u
ERR418778	PAIRED	https://ftp.sra.ebi.ac.uk/vol1/fastq/ERR418/ERR418778/ERR418778_1.fastq.gz	https://ftp.sra.ebi.ac.uk/vol1/fastq/ERR418/ERR418778/ERR418778_2.fastq.gz	SAMEA2340295	2072550	u
ERR418780	PAIRED	https://ftp.sra.ebi.ac.uk/vol1/fastq/ERR418/ERR418780/ERR418780_1.fastq.gz	https://ftp.sra.ebi.ac.uk/vol1/fastq/ERR418/ERR418780/ERR418780_2.fastq.gz	SAMEA2340297	2976309	u
ERR418782	PAIRED	https://ftp.sra.ebi.ac.uk/vol1/fastq/ERR418/ERR418782/ERR418782_1.fastq.gz	https://ftp.sra.ebi.ac.uk/vol1/fastq/ERR418/ERR418782/ERR418782_2.fastq.gz	SAMEA2340299	1866118	u
ERR418785	PAIRED	https://ftp.sra.ebi.ac.uk/vol1/fastq/ERR418/ERR418785/ERR418785_1.fastq.gz	https://ftp.sra.ebi.ac.uk/vol1/fastq/ERR418/ERR418785/ERR418785_2.fastq.gz	SAMEA2340302	1907576	u
ERR418786	PAIRED	https://ftp.sra.ebi.ac.uk/vol1/fastq/ERR418/ERR418786/ERR418786_1.fastq.gz	https://ftp.sra.ebi.ac.uk/vol1/fastq/ERR418/ERR418786/ERR418786_2.fastq.gz	SAMEA2340303	1991859	u
ERR418788	PAIRED	https://ftp.sra.ebi.ac.uk/vol1/fastq/ERR418/ERR418788/ERR418788_1.fastq.gz	https://ftp.sra.ebi.ac.uk/vol1/fastq/ERR418/ERR418788/ERR418788_2.fastq.gz	SAMEA2340305	2115151	u
ERR418789	PAIRED	https://ftp.sra.ebi.ac.uk/vol1/fastq/ERR418/ERR418789/ERR418789_1.fastq.gz	https://ftp.sra.ebi.ac.uk/vol1/fastq/ERR418/ERR418789/ERR418789_2.fastq.gz	SAMEA2340306	1983056	u
ERR418791	PAIRED	https://ftp.sra.ebi.ac.uk/vol1/fastq/ERR418/ERR418791/ERR418791_1.fastq.gz	https://ftp.sra.ebi.ac.uk/vol1/fastq/ERR418/ERR418791/ERR418791_2.fastq.gz	SAMEA2340308	2113901	u
ERR418793	PAIRED	https://ftp.sra.ebi.ac.uk/vol1/fastq/ERR418/ERR418793/ERR418793_1.fastq.gz	https://ftp.sra.ebi.ac.uk/vol1/fastq/ERR418/ERR418793/ERR418793_2.fastq.gz	SAMEA2340310	1626723	u
ERR418794	PAIRED	https://ftp.sra.ebi.ac.uk/vol1/fastq/ERR418/ERR418794/ERR418794_1.fastq.gz	https://ftp.sra.ebi.ac.uk/vol1/fastq/ERR418/ERR418794/ERR418794_2.fastq.gz	SAMEA2340311	1640276	u
ERR418795	PAIRED	https://ftp.sra.ebi.ac.uk/vol1/fastq/ERR418/ERR418795/ERR418795_1.fastq.gz	https://ftp.sra.ebi.ac.uk/vol1/fastq/ERR418/ERR418795/ERR418795_2.fastq.gz	SAMEA2340312	1542257	u
ERR418796	PAIRED	https://ftp.sra.ebi.ac.uk/vol1/fastq/ERR418/ERR418796/ERR418796_1.fastq.gz	https://ftp.sra.ebi.ac.uk/vol1/fastq/ERR418/ERR418796/ERR418796_2.fastq.gz	SAMEA2340313	1654200	u
ERR418797	PAIRED	https://ftp.sra.ebi.ac.uk/vol1/fastq/ERR418/ERR418797/ERR418797_1.fastq.gz	https://ftp.sra.ebi.ac.uk/vol1/fastq/ERR418/ERR418797/ERR418797_2.fastq.gz	SAMEA2340314	1610565	u
ERR418802	PAIRED	https://ftp.sra.ebi.ac.uk/vol1/fastq/ERR418/ERR418802/ERR418802_1.fastq.gz	https://ftp.sra.ebi.ac.uk/vol1/fastq/ERR418/ERR418802/ERR418802_2.fastq.gz	SAMEA2340319	1775034	u
ERR418803	PAIRED	https://ftp.sra.ebi.ac.uk/vol1/fastq/ERR418/ERR418803/ERR418803_1.fastq.gz	https://ftp.sra.ebi.ac.uk/vol1/fastq/ERR418/ERR418803/ERR418803_2.fastq.gz	SAMEA2340320	1604048	u
ERR418807	PAIRED	https://ftp.sra.ebi.ac.uk/vol1/fastq/ERR418/ERR418807/ERR418807_1.fastq.gz	https://ftp.sra.ebi.ac.uk/vol1/fastq/ERR418/ERR418807/ERR418807_2.fastq.gz	SAMEA2340324	1545833	u
ERR418808	PAIRED	https://ftp.sra.ebi.ac.uk/vol1/fastq/ERR418/ERR418808/ERR418808_1.fastq.gz	https://ftp.sra.ebi.ac.uk/vol1/fastq/ERR418/ERR418808/ERR418808_2.fastq.gz	SAMEA2340325	1617841	u
ERR418809	PAIRED	https://ftp.sra.ebi.ac.uk/vol1/fastq/ERR418/ERR418809/ERR418809_1.fastq.gz	https://ftp.sra.ebi.ac.uk/vol1/fastq/ERR418/ERR418809/ERR418809_2.fastq.gz	SAMEA2340326	1473747	u
ERR418810	PAIRED	https://ftp.sra.ebi.ac.uk/vol1/fastq/ERR418/ERR418810/ERR418810_1.fastq.gz	https://ftp.sra.ebi.ac.uk/vol1/fastq/ERR418/ERR418810/ERR418810_2.fastq.gz	SAMEA2340327	1605626	u
ERR418811	PAIRED	https://ftp.sra.ebi.ac.uk/vol1/fastq/ERR418/ERR418811/ERR418811_1.fastq.gz	https://ftp.sra.ebi.ac.uk/vol1/fastq/ERR418/ERR418811/ERR418811_2.fastq.gz	SAMEA2340328	1686983	u
ERR418813	PAIRED	https://ftp.sra.ebi.ac.uk/vol1/fastq/ERR418/ERR418813/ERR418813_1.fastq.gz	https://ftp.sra.ebi.ac.uk/vol1/fastq/ERR418/ERR418813/ERR418813_2.fastq.gz	SAMEA2340330	1713764	u
ERR418817	PAIRED	https://ftp.sra.ebi.ac.uk/vol1/fastq/ERR418/ERR418817/ERR418817_1.fastq.gz	https://ftp.sra.ebi.ac.uk/vol1/fastq/ERR418/ERR418817/ERR418817_2.fastq.gz	SAMEA2340334	1572587	u
ERR418849	PAIRED	https://ftp.sra.ebi.ac.uk/vol1/fastq/ERR418/ERR418849/ERR418849_1.fastq.gz	https://ftp.sra.ebi.ac.uk/vol1/fastq/ERR418/ERR418849/ERR418849_2.fastq.gz	SAMEA2340366	1916893	u
ERR418850	PAIRED	https://ftp.sra.ebi.ac.uk/vol1/fastq/ERR418/ERR418850/ERR418850_1.fastq.gz	https://ftp.sra.ebi.ac.uk/vol1/fastq/ERR418/ERR418850/ERR418850_2.fastq.gz	SAMEA2340367	3626759	u
ERR418853	PAIRED	https://ftp.sra.ebi.ac.uk/vol1/fastq/ERR418/ERR418853/ERR418853_1.fastq.gz	https://ftp.sra.ebi.ac.uk/vol1/fastq/ERR418/ERR418853/ERR418853_2.fastq.gz	SAMEA2340370	1302096	u
ERR418854	PAIRED	https://ftp.sra.ebi.ac.uk/vol1/fastq/ERR418/ERR418854/ERR418854_1.fastq.gz	https://ftp.sra.ebi.ac.uk/vol1/fastq/ERR418/ERR418854/ERR418854_2.fastq.gz	SAMEA2340371	4468222	u
ERR418856	PAIRED	https://ftp.sra.ebi.ac.uk/vol1/fastq/ERR418/ERR418856/ERR418856_1.fastq.gz	https://ftp.sra.ebi.ac.uk/vol1/fastq/ERR418/ERR418856/ERR418856_2.fastq.gz	SAMEA2340373	1978889	u
ERR418860	PAIRED	https://ftp.sra.ebi.ac.uk/vol1/fastq/ERR418/ERR418860/ERR418860_1.fastq.gz	https://ftp.sra.ebi.ac.uk/vol1/fastq/ERR418/ERR418860/ERR418860_2.fastq.gz	SAMEA2340377	4413311	u
ERR418861	PAIRED	https://ftp.sra.ebi.ac.uk/vol1/fastq/ERR418/ERR418861/ERR418861_1.fastq.gz	https://ftp.sra.ebi.ac.uk/vol1/fastq/ERR418/ERR418861/ERR418861_2.fastq.gz	SAMEA2340378	3670075	u
ERR418863	PAIRED	https://ftp.sra.ebi.ac.uk/vol1/fastq/ERR418/ERR418863/ERR418863_1.fastq.gz	https://ftp.sra.ebi.ac.uk/vol1/fastq/ERR418/ERR418863/ERR418863_2.fastq.gz	SAMEA2340380	5345376	u
ERR418868	PAIRED	https://ftp.sra.ebi.ac.uk/vol1/fastq/ERR418/ERR418868/ERR418868_1.fastq.gz	https://ftp.sra.ebi.ac.uk/vol1/fastq/ERR418/ERR418868/ERR418868_2.fastq.gz	SAMEA2340385	1834740	u
ERR418869	PAIRED	https://ftp.sra.ebi.ac.uk/vol1/fastq/ERR418/ERR418869/ERR418869_1.fastq.gz	https://ftp.sra.ebi.ac.uk/vol1/fastq/ERR418/ERR418869/ERR418869_2.fastq.gz	SAMEA2340386	2133287	u
ERR418872	PAIRED	https://ftp.sra.ebi.ac.uk/vol1/fastq/ERR418/ERR418872/ERR418872_1.fastq.gz	https://ftp.sra.ebi.ac.uk/vol1/fastq/ERR418/ERR418872/ERR418872_2.fastq.gz	SAMEA2340389	2914230	u
ERR418874	PAIRED	https://ftp.sra.ebi.ac.uk/vol1/fastq/ERR418/ERR418874/ERR418874_1.fastq.gz	https://ftp.sra.ebi.ac.uk/vol1/fastq/ERR418/ERR418874/ERR418874_2.fastq.gz	SAMEA2340391	3497863	u
ERR418879	PAIRED	https://ftp.sra.ebi.ac.uk/vol1/fastq/ERR418/ERR418879/ERR418879_1.fastq.gz	https://ftp.sra.ebi.ac.uk/vol1/fastq/ERR418/ERR418879/ERR418879_2.fastq.gz	SAMEA2340396	1887153	u
ERR418880	PAIRED	https://ftp.sra.ebi.ac.uk/vol1/fastq/ERR418/ERR418880/ERR418880_1.fastq.gz	https://ftp.sra.ebi.ac.uk/vol1/fastq/ERR418/ERR418880/ERR418880_2.fastq.gz	SAMEA2340397	2685268	u
ERR418884	PAIRED	https://ftp.sra.ebi.ac.uk/vol1/fastq/ERR418/ERR418884/ERR418884_1.fastq.gz	https://ftp.sra.ebi.ac.uk/vol1/fastq/ERR418/ERR418884/ERR418884_2.fastq.gz	SAMEA2340401	3250113	u
ERR418889	PAIRED	https://ftp.sra.ebi.ac.uk/vol1/fastq/ERR418/ERR418889/ERR418889_1.fastq.gz	https://ftp.sra.ebi.ac.uk/vol1/fastq/ERR418/ERR418889/ERR418889_2.fastq.gz	SAMEA2340406	4875394	u
ERR418890	PAIRED	https://ftp.sra.ebi.ac.uk/vol1/fastq/ERR418/ERR418890/ERR418890_1.fastq.gz	https://ftp.sra.ebi.ac.uk/vol1/fastq/ERR418/ERR418890/ERR418890_2.fastq.gz	SAMEA2340407	2730428	u
ERR418891	PAIRED	https://ftp.sra.ebi.ac.uk/vol1/fastq/ERR418/ERR418891/ERR418891_1.fastq.gz	https://ftp.sra.ebi.ac.uk/vol1/fastq/ERR418/ERR418891/ERR418891_2.fastq.gz	SAMEA2340408	1579976	u
ERR418894	PAIRED	https://ftp.sra.ebi.ac.uk/vol1/fastq/ERR418/ERR418894/ERR418894_1.fastq.gz	https://ftp.sra.ebi.ac.uk/vol1/fastq/ERR418/ERR418894/ERR418894_2.fastq.gz	SAMEA2340411	3835907	u
ERR418897	PAIRED	https://ftp.sra.ebi.ac.uk/vol1/fastq/ERR418/ERR418897/ERR418897_1.fastq.gz	https://ftp.sra.ebi.ac.uk/vol1/fastq/ERR418/ERR418897/ERR418897_2.fastq.gz	SAMEA2340414	2170546	u
ERR418899	PAIRED	https://ftp.sra.ebi.ac.uk/vol1/fastq/ERR418/ERR418899/ERR418899_1.fastq.gz	https://ftp.sra.ebi.ac.uk/vol1/fastq/ERR418/ERR418899/ERR418899_2.fastq.gz	SAMEA2340416	3681095	u
ERR418902	PAIRED	https://ftp.sra.ebi.ac.uk/vol1/fastq/ERR418/ERR418902/ERR418902_1.fastq.gz	https://ftp.sra.ebi.ac.uk/vol1/fastq/ERR418/ERR418902/ERR418902_2.fastq.gz	SAMEA2340419	3169864	u
ERR418903	PAIRED	https://ftp.sra.ebi.ac.uk/vol1/fastq/ERR418/ERR418903/ERR418903_1.fastq.gz	https://ftp.sra.ebi.ac.uk/vol1/fastq/ERR418/ERR418903/ERR418903_2.fastq.gz	SAMEA2340420	2207712	u
ERR418905	PAIRED	https://ftp.sra.ebi.ac.uk/vol1/fastq/ERR418/ERR418905/ERR418905_1.fastq.gz	https://ftp.sra.ebi.ac.uk/vol1/fastq/ERR418/ERR418905/ERR418905_2.fastq.gz	SAMEA2340422	2616628	u
ERR418908	PAIRED	https://ftp.sra.ebi.ac.uk/vol1/fastq/ERR418/ERR418908/ERR418908_1.fastq.gz	https://ftp.sra.ebi.ac.uk/vol1/fastq/ERR418/ERR418908/ERR418908_2.fastq.gz	SAMEA2340425	2001627	u
ERR418913	PAIRED	https://ftp.sra.ebi.ac.uk/vol1/fastq/ERR418/ERR418913/ERR418913_1.fastq.gz	https://ftp.sra.ebi.ac.uk/vol1/fastq/ERR418/ERR418913/ERR418913_2.fastq.gz	SAMEA2340430	1712604	u
ERR418914	PAIRED	https://ftp.sra.ebi.ac.uk/vol1/fastq/ERR418/ERR418914/ERR418914_1.fastq.gz	https://ftp.sra.ebi.ac.uk/vol1/fastq/ERR418/ERR418914/ERR418914_2.fastq.gz	SAMEA2340431	1801140	u
ERR418915	PAIRED	https://ftp.sra.ebi.ac.uk/vol1/fastq/ERR418/ERR418915/ERR418915_1.fastq.gz	https://ftp.sra.ebi.ac.uk/vol1/fastq/ERR418/ERR418915/ERR418915_2.fastq.gz	SAMEA2340432	1744548	u
ERR418920	PAIRED	https://ftp.sra.ebi.ac.uk/vol1/fastq/ERR418/ERR418920/ERR418920_1.fastq.gz	https://ftp.sra.ebi.ac.uk/vol1/fastq/ERR418/ERR418920/ERR418920_2.fastq.gz	SAMEA2340437	3765491	u
ERR418922	PAIRED	https://ftp.sra.ebi.ac.uk/vol1/fastq/ERR418/ERR418922/ERR418922_1.fastq.gz	https://ftp.sra.ebi.ac.uk/vol1/fastq/ERR418/ERR418922/ERR418922_2.fastq.gz	SAMEA2340439	3499726	u
ERR418923	PAIRED	https://ftp.sra.ebi.ac.uk/vol1/fastq/ERR418/ERR418923/ERR418923_1.fastq.gz	https://ftp.sra.ebi.ac.uk/vol1/fastq/ERR418/ERR418923/ERR418923_2.fastq.gz	SAMEA2340440	4667499	u
ERR418926	PAIRED	https://ftp.sra.ebi.ac.uk/vol1/fastq/ERR418/ERR418926/ERR418926_1.fastq.gz	https://ftp.sra.ebi.ac.uk/vol1/fastq/ERR418/ERR418926/ERR418926_2.fastq.gz	SAMEA2340443	2167573	u
ERR418929	PAIRED	https://ftp.sra.ebi.ac.uk/vol1/fastq/ERR418/ERR418929/ERR418929_1.fastq.gz	https://ftp.sra.ebi.ac.uk/vol1/fastq/ERR418/ERR418929/ERR418929_2.fastq.gz	SAMEA2340446	2544149	u
ERR418930	PAIRED	https://ftp.sra.ebi.ac.uk/vol1/fastq/ERR418/ERR418930/ERR418930_1.fastq.gz	https://ftp.sra.ebi.ac.uk/vol1/fastq/ERR418/ERR418930/ERR418930_2.fastq.gz	SAMEA2340447	2265182	u
ERR418931	PAIRED	https://ftp.sra.ebi.ac.uk/vol1/fastq/ERR418/ERR418931/ERR418931_1.fastq.gz	https://ftp.sra.ebi.ac.uk/vol1/fastq/ERR418/ERR418931/ERR418931_2.fastq.gz	SAMEA2340448	3110966	u
ERR418932	PAIRED	https://ftp.sra.ebi.ac.uk/vol1/fastq/ERR418/ERR418932/ERR418932_1.fastq.gz	https://ftp.sra.ebi.ac.uk/vol1/fastq/ERR418/ERR418932/ERR418932_2.fastq.gz	SAMEA2340449	2193288	u
ERR418933	PAIRED	https://ftp.sra.ebi.ac.uk/vol1/fastq/ERR418/ERR418933/ERR418933_1.fastq.gz	https://ftp.sra.ebi.ac.uk/vol1/fastq/ERR418/ERR418933/ERR418933_2.fastq.gz	SAMEA2340450	3294656	u
ERR418934	PAIRED	https://ftp.sra.ebi.ac.uk/vol1/fastq/ERR418/ERR418934/ERR418934_1.fastq.gz	https://ftp.sra.ebi.ac.uk/vol1/fastq/ERR418/ERR418934/ERR418934_2.fastq.gz	SAMEA2340451	2627900	u
ERR418937	PAIRED	https://ftp.sra.ebi.ac.uk/vol1/fastq/ERR418/ERR418937/ERR418937_1.fastq.gz	https://ftp.sra.ebi.ac.uk/vol1/fastq/ERR418/ERR418937/ERR418937_2.fastq.gz	SAMEA2340454	1911949	u
ERR418940	PAIRED	https://ftp.sra.ebi.ac.uk/vol1/fastq/ERR418/ERR418940/ERR418940_1.fastq.gz	https://ftp.sra.ebi.ac.uk/vol1/fastq/ERR418/ERR418940/ERR418940_2.fastq.gz	SAMEA2340457	3382626	u
ERR418941	PAIRED	https://ftp.sra.ebi.ac.uk/vol1/fastq/ERR418/ERR418941/ERR418941_1.fastq.gz	https://ftp.sra.ebi.ac.uk/vol1/fastq/ERR418/ERR418941/ERR418941_2.fastq.gz	SAMEA2340458	2157836	u
ERR418942	PAIRED	https://ftp.sra.ebi.ac.uk/vol1/fastq/ERR418/ERR418942/ERR418942_1.fastq.gz	https://ftp.sra.ebi.ac.uk/vol1/fastq/ERR418/ERR418942/ERR418942_2.fastq.gz	SAMEA2340459	2416584	u
ERR418943	PAIRED	https://ftp.sra.ebi.ac.uk/vol1/fastq/ERR418/ERR418943/ERR418943_1.fastq.gz	https://ftp.sra.ebi.ac.uk/vol1/fastq/ERR418/ERR418943/ERR418943_2.fastq.gz	SAMEA2340460	3616849	u
ERR418944	PAIRED	https://ftp.sra.ebi.ac.uk/vol1/fastq/ERR418/ERR418944/ERR418944_1.fastq.gz	https://ftp.sra.ebi.ac.uk/vol1/fastq/ERR418/ERR418944/ERR418944_2.fastq.gz	SAMEA2340461	4250178	u
ERR418945	PAIRED	https://ftp.sra.ebi.ac.uk/vol1/fastq/ERR418/ERR418945/ERR418945_1.fastq.gz	https://ftp.sra.ebi.ac.uk/vol1/fastq/ERR418/ERR418945/ERR418945_2.fastq.gz	SAMEA2340462	3348472	u
ERR418949	PAIRED	https://ftp.sra.ebi.ac.uk/vol1/fastq/ERR418/ERR418949/ERR418949_1.fastq.gz	https://ftp.sra.ebi.ac.uk/vol1/fastq/ERR418/ERR418949/ERR418949_2.fastq.gz	SAMEA2340466	4657370	u
ERR418952	PAIRED	https://ftp.sra.ebi.ac.uk/vol1/fastq/ERR418/ERR418952/ERR418952_1.fastq.gz	https://ftp.sra.ebi.ac.uk/vol1/fastq/ERR418/ERR418952/ERR418952_2.fastq.gz	SAMEA2340469	1651504	u
ERR418953	PAIRED	https://ftp.sra.ebi.ac.uk/vol1/fastq/ERR418/ERR418953/ERR418953_1.fastq.gz	https://ftp.sra.ebi.ac.uk/vol1/fastq/ERR418/ERR418953/ERR418953_2.fastq.gz	SAMEA2340470	1505009	u
ERR418954	PAIRED	https://ftp.sra.ebi.ac.uk/vol1/fastq/ERR418/ERR418954/ERR418954_1.fastq.gz	https://ftp.sra.ebi.ac.uk/vol1/fastq/ERR418/ERR418954/ERR418954_2.fastq.gz	SAMEA2340471	1625312	u
ERR418955	PAIRED	https://ftp.sra.ebi.ac.uk/vol1/fastq/ERR418/ERR418955/ERR418955_1.fastq.gz	https://ftp.sra.ebi.ac.uk/vol1/fastq/ERR418/ERR418955/ERR418955_2.fastq.gz	SAMEA2340472	1488450	u
ERR418957	PAIRED	https://ftp.sra.ebi.ac.uk/vol1/fastq/ERR418/ERR418957/ERR418957_1.fastq.gz	https://ftp.sra.ebi.ac.uk/vol1/fastq/ERR418/ERR418957/ERR418957_2.fastq.gz	SAMEA2340474	1414015	u
ERR418962	PAIRED	https://ftp.sra.ebi.ac.uk/vol1/fastq/ERR418/ERR418962/ERR418962_1.fastq.gz	https://ftp.sra.ebi.ac.uk/vol1/fastq/ERR418/ERR418962/ERR418962_2.fastq.gz	SAMEA2340479	2255692	u
ERR418963	PAIRED	https://ftp.sra.ebi.ac.uk/vol1/fastq/ERR418/ERR418963/ERR418963_1.fastq.gz	https://ftp.sra.ebi.ac.uk/vol1/fastq/ERR418/ERR418963/ERR418963_2.fastq.gz	SAMEA2340480	1944839	u
ERR418964	PAIRED	https://ftp.sra.ebi.ac.uk/vol1/fastq/ERR418/ERR418964/ERR418964_1.fastq.gz	https://ftp.sra.ebi.ac.uk/vol1/fastq/ERR418/ERR418964/ERR418964_2.fastq.gz	SAMEA2340481	1871836	u
ERR418966	PAIRED	https://ftp.sra.ebi.ac.uk/vol1/fastq/ERR418/ERR418966/ERR418966_1.fastq.gz	https://ftp.sra.ebi.ac.uk/vol1/fastq/ERR418/ERR418966/ERR418966_2.fastq.gz	SAMEA2340483	1616192	u
ERR418968	PAIRED	https://ftp.sra.ebi.ac.uk/vol1/fastq/ERR418/ERR418968/ERR418968_1.fastq.gz	https://ftp.sra.ebi.ac.uk/vol1/fastq/ERR418/ERR418968/ERR418968_2.fastq.gz	SAMEA2340485	1797515	u
ERR418970	PAIRED	https://ftp.sra.ebi.ac.uk/vol1/fastq/ERR418/ERR418970/ERR418970_1.fastq.gz	https://ftp.sra.ebi.ac.uk/vol1/fastq/ERR418/ERR418970/ERR418970_2.fastq.gz	SAMEA2340487	2059768	u
ERR418971	PAIRED	https://ftp.sra.ebi.ac.uk/vol1/fastq/ERR418/ERR418971/ERR418971_1.fastq.gz	https://ftp.sra.ebi.ac.uk/vol1/fastq/ERR418/ERR418971/ERR418971_2.fastq.gz	SAMEA2340488	1881427	u
ERR418973	PAIRED	https://ftp.sra.ebi.ac.uk/vol1/fastq/ERR418/ERR418973/ERR418973_1.fastq.gz	https://ftp.sra.ebi.ac.uk/vol1/fastq/ERR418/ERR418973/ERR418973_2.fastq.gz	SAMEA2340490	1764470	u
ERR418974	PAIRED	https://ftp.sra.ebi.ac.uk/vol1/fastq/ERR418/ERR418974/ERR418974_1.fastq.gz	https://ftp.sra.ebi.ac.uk/vol1/fastq/ERR418/ERR418974/ERR418974_2.fastq.gz	SAMEA2340491	1727926	u
ERR418976	PAIRED	https://ftp.sra.ebi.ac.uk/vol1/fastq/ERR418/ERR418976/ERR418976_1.fastq.gz	https://ftp.sra.ebi.ac.uk/vol1/fastq/ERR418/ERR418976/ERR418976_2.fastq.gz	SAMEA2340493	1717581	u
ERR418979	PAIRED	https://ftp.sra.ebi.ac.uk/vol1/fastq/ERR418/ERR418979/ERR418979_1.fastq.gz	https://ftp.sra.ebi.ac.uk/vol1/fastq/ERR418/ERR418979/ERR418979_2.fastq.gz	SAMEA2340496	1831938	u
ERR418980	PAIRED	https://ftp.sra.ebi.ac.uk/vol1/fastq/ERR418/ERR418980/ERR418980_1.fastq.gz	https://ftp.sra.ebi.ac.uk/vol1/fastq/ERR418/ERR418980/ERR418980_2.fastq.gz	SAMEA2340497	1898687	u
ERR418984	PAIRED	https://ftp.sra.ebi.ac.uk/vol1/fastq/ERR418/ERR418984/ERR418984_1.fastq.gz	https://ftp.sra.ebi.ac.uk/vol1/fastq/ERR418/ERR418984/ERR418984_2.fastq.gz	SAMEA2340501	1927603	u
ERR418987	PAIRED	https://ftp.sra.ebi.ac.uk/vol1/fastq/ERR418/ERR418987/ERR418987_1.fastq.gz	https://ftp.sra.ebi.ac.uk/vol1/fastq/ERR418/ERR418987/ERR418987_2.fastq.gz	SAMEA2340504	1991159	u
ERR418989	PAIRED	https://ftp.sra.ebi.ac.uk/vol1/fastq/ERR418/ERR418989/ERR418989_1.fastq.gz	https://ftp.sra.ebi.ac.uk/vol1/fastq/ERR418/ERR418989/ERR418989_2.fastq.gz	SAMEA2340506	1621398	u
ERR418992	PAIRED	https://ftp.sra.ebi.ac.uk/vol1/fastq/ERR418/ERR418992/ERR418992_1.fastq.gz	https://ftp.sra.ebi.ac.uk/vol1/fastq/ERR418/ERR418992/ERR418992_2.fastq.gz	SAMEA2340509	2004795	u
ERR418994	PAIRED	https://ftp.sra.ebi.ac.uk/vol1/fastq/ERR418/ERR418994/ERR418994_1.fastq.gz	https://ftp.sra.ebi.ac.uk/vol1/fastq/ERR418/ERR418994/ERR418994_2.fastq.gz	SAMEA2340511	1871202	u
ERR418998	PAIRED	https://ftp.sra.ebi.ac.uk/vol1/fastq/ERR418/ERR418998/ERR418998_1.fastq.gz	https://ftp.sra.ebi.ac.uk/vol1/fastq/ERR418/ERR418998/ERR418998_2.fastq.gz	SAMEA2340515	1680288	u
ERR419001	PAIRED	https://ftp.sra.ebi.ac.uk/vol1/fastq/ERR419/ERR419001/ERR419001_1.fastq.gz	https://ftp.sra.ebi.ac.uk/vol1/fastq/ERR419/ERR419001/ERR419001_2.fastq.gz	SAMEA2340518	1815348	u
ERR419002	PAIRED	https://ftp.sra.ebi.ac.uk/vol1/fastq/ERR419/ERR419002/ERR419002_1.fastq.gz	https://ftp.sra.ebi.ac.uk/vol1/fastq/ERR419/ERR419002/ERR419002_2.fastq.gz	SAMEA2340519	1915530	u
ERR419004	PAIRED	https://ftp.sra.ebi.ac.uk/vol1/fastq/ERR419/ERR419004/ERR419004_1.fastq.gz	https://ftp.sra.ebi.ac.uk/vol1/fastq/ERR419/ERR419004/ERR419004_2.fastq.gz	SAMEA2340521	1849362	u
ERR419006	PAIRED	https://ftp.sra.ebi.ac.uk/vol1/fastq/ERR419/ERR419006/ERR419006_1.fastq.gz	https://ftp.sra.ebi.ac.uk/vol1/fastq/ERR419/ERR419006/ERR419006_2.fastq.gz	SAMEA2340523	1820703	u
ERR419008	PAIRED	https://ftp.sra.ebi.ac.uk/vol1/fastq/ERR419/ERR419008/ERR419008_1.fastq.gz	https://ftp.sra.ebi.ac.uk/vol1/fastq/ERR419/ERR419008/ERR419008_2.fastq.gz	SAMEA2340525	1982720	u
ERR419010	PAIRED	https://ftp.sra.ebi.ac.uk/vol1/fastq/ERR419/ERR419010/ERR419010_1.fastq.gz	https://ftp.sra.ebi.ac.uk/vol1/fastq/ERR419/ERR419010/ERR419010_2.fastq.gz	SAMEA2340527	1961030	u
ERR419011	PAIRED	https://ftp.sra.ebi.ac.uk/vol1/fastq/ERR419/ERR419011/ERR419011_1.fastq.gz	https://ftp.sra.ebi.ac.uk/vol1/fastq/ERR419/ERR419011/ERR419011_2.fastq.gz	SAMEA2340528	2279272	u
ERR419012	PAIRED	https://ftp.sra.ebi.ac.uk/vol1/fastq/ERR419/ERR419012/ERR419012_1.fastq.gz	https://ftp.sra.ebi.ac.uk/vol1/fastq/ERR419/ERR419012/ERR419012_2.fastq.gz	SAMEA2340529	2229517	u
ERR419013	PAIRED	https://ftp.sra.ebi.ac.uk/vol1/fastq/ERR419/ERR419013/ERR419013_1.fastq.gz	https://ftp.sra.ebi.ac.uk/vol1/fastq/ERR419/ERR419013/ERR419013_2.fastq.gz	SAMEA2340530	1817570	u
ERR419015	PAIRED	https://ftp.sra.ebi.ac.uk/vol1/fastq/ERR419/ERR419015/ERR419015_1.fastq.gz	https://ftp.sra.ebi.ac.uk/vol1/fastq/ERR419/ERR419015/ERR419015_2.fastq.gz	SAMEA2340532	1870653	u
ERR419019	PAIRED	https://ftp.sra.ebi.ac.uk/vol1/fastq/ERR419/ERR419019/ERR419019_1.fastq.gz	https://ftp.sra.ebi.ac.uk/vol1/fastq/ERR419/ERR419019/ERR419019_2.fastq.gz	SAMEA2340536	2076308	u
ERR419022	PAIRED	https://ftp.sra.ebi.ac.uk/vol1/fastq/ERR419/ERR419022/ERR419022_1.fastq.gz	https://ftp.sra.ebi.ac.uk/vol1/fastq/ERR419/ERR419022/ERR419022_2.fastq.gz	SAMEA2340539	1694105	u
ERR419023	PAIRED	https://ftp.sra.ebi.ac.uk/vol1/fastq/ERR419/ERR419023/ERR419023_1.fastq.gz	https://ftp.sra.ebi.ac.uk/vol1/fastq/ERR419/ERR419023/ERR419023_2.fastq.gz	SAMEA2340540	1960521	u
ERR419024	PAIRED	https://ftp.sra.ebi.ac.uk/vol1/fastq/ERR419/ERR419024/ERR419024_1.fastq.gz	https://ftp.sra.ebi.ac.uk/vol1/fastq/ERR419/ERR419024/ERR419024_2.fastq.gz	SAMEA2340541	2248454	u
ERR419025	PAIRED	https://ftp.sra.ebi.ac.uk/vol1/fastq/ERR419/ERR419025/ERR419025_1.fastq.gz	https://ftp.sra.ebi.ac.uk/vol1/fastq/ERR419/ERR419025/ERR419025_2.fastq.gz	SAMEA2340542	1858188	u
ERR419027	PAIRED	https://ftp.sra.ebi.ac.uk/vol1/fastq/ERR419/ERR419027/ERR419027_1.fastq.gz	https://ftp.sra.ebi.ac.uk/vol1/fastq/ERR419/ERR419027/ERR419027_2.fastq.gz	SAMEA2340544	2080256	u
ERR419028	PAIRED	https://ftp.sra.ebi.ac.uk/vol1/fastq/ERR419/ERR419028/ERR419028_1.fastq.gz	https://ftp.sra.ebi.ac.uk/vol1/fastq/ERR419/ERR419028/ERR419028_2.fastq.gz	SAMEA2340545	2133264	u
ERR419030	PAIRED	https://ftp.sra.ebi.ac.uk/vol1/fastq/ERR419/ERR419030/ERR419030_1.fastq.gz	https://ftp.sra.ebi.ac.uk/vol1/fastq/ERR419/ERR419030/ERR419030_2.fastq.gz	SAMEA2340547	1854101	u
ERR419035	PAIRED	https://ftp.sra.ebi.ac.uk/vol1/fastq/ERR419/ERR419035/ERR419035_1.fastq.gz	https://ftp.sra.ebi.ac.uk/vol1/fastq/ERR419/ERR419035/ERR419035_2.fastq.gz	SAMEA2340552	1831860	u
ERR419037	PAIRED	https://ftp.sra.ebi.ac.uk/vol1/fastq/ERR419/ERR419037/ERR419037_1.fastq.gz	https://ftp.sra.ebi.ac.uk/vol1/fastq/ERR419/ERR419037/ERR419037_2.fastq.gz	SAMEA2340554	2075739	u
ERR419038	PAIRED	https://ftp.sra.ebi.ac.uk/vol1/fastq/ERR419/ERR419038/ERR419038_1.fastq.gz	https://ftp.sra.ebi.ac.uk/vol1/fastq/ERR419/ERR419038/ERR419038_2.fastq.gz	SAMEA2340555	1807231	u
ERR419039	PAIRED	https://ftp.sra.ebi.ac.uk/vol1/fastq/ERR419/ERR419039/ERR419039_1.fastq.gz	https://ftp.sra.ebi.ac.uk/vol1/fastq/ERR419/ERR419039/ERR419039_2.fastq.gz	SAMEA2340556	1915521	u
ERR419040	PAIRED	https://ftp.sra.ebi.ac.uk/vol1/fastq/ERR419/ERR419040/ERR419040_1.fastq.gz	https://ftp.sra.ebi.ac.uk/vol1/fastq/ERR419/ERR419040/ERR419040_2.fastq.gz	SAMEA2340557	1856306	u
ERR419041	PAIRED	https://ftp.sra.ebi.ac.uk/vol1/fastq/ERR419/ERR419041/ERR419041_1.fastq.gz	https://ftp.sra.ebi.ac.uk/vol1/fastq/ERR419/ERR419041/ERR419041_2.fastq.gz	SAMEA2340558	1884430	u
ERR419042	PAIRED	https://ftp.sra.ebi.ac.uk/vol1/fastq/ERR419/ERR419042/ERR419042_1.fastq.gz	https://ftp.sra.ebi.ac.uk/vol1/fastq/ERR419/ERR419042/ERR419042_2.fastq.gz	SAMEA2340559	1876081	u
ERR419051	PAIRED	https://ftp.sra.ebi.ac.uk/vol1/fastq/ERR419/ERR419051/ERR419051_1.fastq.gz	https://ftp.sra.ebi.ac.uk/vol1/fastq/ERR419/ERR419051/ERR419051_2.fastq.gz	SAMEA2340568	1964390	u
ERR419052	PAIRED	https://ftp.sra.ebi.ac.uk/vol1/fastq/ERR419/ERR419052/ERR419052_1.fastq.gz	https://ftp.sra.ebi.ac.uk/vol1/fastq/ERR419/ERR419052/ERR419052_2.fastq.gz	SAMEA2340569	1566680	u
ERR419055	PAIRED	https://ftp.sra.ebi.ac.uk/vol1/fastq/ERR419/ERR419055/ERR419055_1.fastq.gz	https://ftp.sra.ebi.ac.uk/vol1/fastq/ERR419/ERR419055/ERR419055_2.fastq.gz	SAMEA2340572	1631766	u
ERR419056	PAIRED	https://ftp.sra.ebi.ac.uk/vol1/fastq/ERR419/ERR419056/ERR419056_1.fastq.gz	https://ftp.sra.ebi.ac.uk/vol1/fastq/ERR419/ERR419056/ERR419056_2.fastq.gz	SAMEA2340573	1810113	u
ERR419057	PAIRED	https://ftp.sra.ebi.ac.uk/vol1/fastq/ERR419/ERR419057/ERR419057_1.fastq.gz	https://ftp.sra.ebi.ac.uk/vol1/fastq/ERR419/ERR419057/ERR419057_2.fastq.gz	SAMEA2340574	1998708	u
ERR419059	PAIRED	https://ftp.sra.ebi.ac.uk/vol1/fastq/ERR419/ERR419059/ERR419059_1.fastq.gz	https://ftp.sra.ebi.ac.uk/vol1/fastq/ERR419/ERR419059/ERR419059_2.fastq.gz	SAMEA2340576	1527026	u
ERR419061	PAIRED	https://ftp.sra.ebi.ac.uk/vol1/fastq/ERR419/ERR419061/ERR419061_1.fastq.gz	https://ftp.sra.ebi.ac.uk/vol1/fastq/ERR419/ERR419061/ERR419061_2.fastq.gz	SAMEA2340578	1623584	u
ERR419062	PAIRED	https://ftp.sra.ebi.ac.uk/vol1/fastq/ERR419/ERR419062/ERR419062_1.fastq.gz	https://ftp.sra.ebi.ac.uk/vol1/fastq/ERR419/ERR419062/ERR419062_2.fastq.gz	SAMEA2340579	2189643	u
ERR419063	PAIRED	https://ftp.sra.ebi.ac.uk/vol1/fastq/ERR419/ERR419063/ERR419063_1.fastq.gz	https://ftp.sra.ebi.ac.uk/vol1/fastq/ERR419/ERR419063/ERR419063_2.fastq.gz	SAMEA2340580	2085309	u
ERR419065	PAIRED	https://ftp.sra.ebi.ac.uk/vol1/fastq/ERR419/ERR419065/ERR419065_1.fastq.gz	https://ftp.sra.ebi.ac.uk/vol1/fastq/ERR419/ERR419065/ERR419065_2.fastq.gz	SAMEA2340582	2019669	u
ERR419066	PAIRED	https://ftp.sra.ebi.ac.uk/vol1/fastq/ERR419/ERR419066/ERR419066_1.fastq.gz	https://ftp.sra.ebi.ac.uk/vol1/fastq/ERR419/ERR419066/ERR419066_2.fastq.gz	SAMEA2340583	1897160	u
ERR419067	PAIRED	https://ftp.sra.ebi.ac.uk/vol1/fastq/ERR419/ERR419067/ERR419067_1.fastq.gz	https://ftp.sra.ebi.ac.uk/vol1/fastq/ERR419/ERR419067/ERR419067_2.fastq.gz	SAMEA2340584	2249280	u
ERR419073	PAIRED	https://ftp.sra.ebi.ac.uk/vol1/fastq/ERR419/ERR419073/ERR419073_1.fastq.gz	https://ftp.sra.ebi.ac.uk/vol1/fastq/ERR419/ERR419073/ERR419073_2.fastq.gz	SAMEA2340590	1950491	u
ERR419076	PAIRED	https://ftp.sra.ebi.ac.uk/vol1/fastq/ERR419/ERR419076/ERR419076_1.fastq.gz	https://ftp.sra.ebi.ac.uk/vol1/fastq/ERR419/ERR419076/ERR419076_2.fastq.gz	SAMEA2340593	2077682	u
ERR419078	PAIRED	https://ftp.sra.ebi.ac.uk/vol1/fastq/ERR419/ERR419078/ERR419078_1.fastq.gz	https://ftp.sra.ebi.ac.uk/vol1/fastq/ERR419/ERR419078/ERR419078_2.fastq.gz	SAMEA2340595	2734385	u
ERR419081	PAIRED	https://ftp.sra.ebi.ac.uk/vol1/fastq/ERR419/ERR419081/ERR419081_1.fastq.gz	https://ftp.sra.ebi.ac.uk/vol1/fastq/ERR419/ERR419081/ERR419081_2.fastq.gz	SAMEA2340598	3187654	u
ERR419083	PAIRED	https://ftp.sra.ebi.ac.uk/vol1/fastq/ERR419/ERR419083/ERR419083_1.fastq.gz	https://ftp.sra.ebi.ac.uk/vol1/fastq/ERR419/ERR419083/ERR419083_2.fastq.gz	SAMEA2340600	2231468	u
ERR419087	PAIRED	https://ftp.sra.ebi.ac.uk/vol1/fastq/ERR419/ERR419087/ERR419087_1.fastq.gz	https://ftp.sra.ebi.ac.uk/vol1/fastq/ERR419/ERR419087/ERR419087_2.fastq.gz	SAMEA2340604	2231150	u
ERR419092	PAIRED	https://ftp.sra.ebi.ac.uk/vol1/fastq/ERR419/ERR419092/ERR419092_1.fastq.gz	https://ftp.sra.ebi.ac.uk/vol1/fastq/ERR419/ERR419092/ERR419092_2.fastq.gz	SAMEA2340609	1874273	u
ERR419093	PAIRED	https://ftp.sra.ebi.ac.uk/vol1/fastq/ERR419/ERR419093/ERR419093_1.fastq.gz	https://ftp.sra.ebi.ac.uk/vol1/fastq/ERR419/ERR419093/ERR419093_2.fastq.gz	SAMEA2340610	2248107	u
ERR419096	PAIRED	https://ftp.sra.ebi.ac.uk/vol1/fastq/ERR419/ERR419096/ERR419096_1.fastq.gz	https://ftp.sra.ebi.ac.uk/vol1/fastq/ERR419/ERR419096/ERR419096_2.fastq.gz	SAMEA2340613	2306306	u
ERR419100	PAIRED	https://ftp.sra.ebi.ac.uk/vol1/fastq/ERR419/ERR419100/ERR419100_1.fastq.gz	https://ftp.sra.ebi.ac.uk/vol1/fastq/ERR419/ERR419100/ERR419100_2.fastq.gz	SAMEA2340617	2338053	u
ERR419106	PAIRED	https://ftp.sra.ebi.ac.uk/vol1/fastq/ERR419/ERR419106/ERR419106_1.fastq.gz	https://ftp.sra.ebi.ac.uk/vol1/fastq/ERR419/ERR419106/ERR419106_2.fastq.gz	SAMEA2340623	1909623	u
ERR419108	PAIRED	https://ftp.sra.ebi.ac.uk/vol1/fastq/ERR419/ERR419108/ERR419108_1.fastq.gz	https://ftp.sra.ebi.ac.uk/vol1/fastq/ERR419/ERR419108/ERR419108_2.fastq.gz	SAMEA2340625	2142603	u
ERR419109	PAIRED	https://ftp.sra.ebi.ac.uk/vol1/fastq/ERR419/ERR419109/ERR419109_1.fastq.gz	https://ftp.sra.ebi.ac.uk/vol1/fastq/ERR419/ERR419109/ERR419109_2.fastq.gz	SAMEA2340626	1433558	u
ERR419110	PAIRED	https://ftp.sra.ebi.ac.uk/vol1/fastq/ERR419/ERR419110/ERR419110_1.fastq.gz	https://ftp.sra.ebi.ac.uk/vol1/fastq/ERR419/ERR419110/ERR419110_2.fastq.gz	SAMEA2340627	2501055	u
ERR419114	PAIRED	https://ftp.sra.ebi.ac.uk/vol1/fastq/ERR419/ERR419114/ERR419114_1.fastq.gz	https://ftp.sra.ebi.ac.uk/vol1/fastq/ERR419/ERR419114/ERR419114_2.fastq.gz	SAMEA2340631	1583868	u
ERR419115	PAIRED	https://ftp.sra.ebi.ac.uk/vol1/fastq/ERR419/ERR419115/ERR419115_1.fastq.gz	https://ftp.sra.ebi.ac.uk/vol1/fastq/ERR419/ERR419115/ERR419115_2.fastq.gz	SAMEA2340632	1986349	u
ERR419118	PAIRED	https://ftp.sra.ebi.ac.uk/vol1/fastq/ERR419/ERR419118/ERR419118_1.fastq.gz	https://ftp.sra.ebi.ac.uk/vol1/fastq/ERR419/ERR419118/ERR419118_2.fastq.gz	SAMEA2340635	2971915	u
ERR419119	PAIRED	https://ftp.sra.ebi.ac.uk/vol1/fastq/ERR419/ERR419119/ERR419119_1.fastq.gz	https://ftp.sra.ebi.ac.uk/vol1/fastq/ERR419/ERR419119/ERR419119_2.fastq.gz	SAMEA2340636	1278014	u
ERR419120	PAIRED	https://ftp.sra.ebi.ac.uk/vol1/fastq/ERR419/ERR419120/ERR419120_1.fastq.gz	https://ftp.sra.ebi.ac.uk/vol1/fastq/ERR419/ERR419120/ERR419120_2.fastq.gz	SAMEA2340637	1216741	u
ERR419121	PAIRED	https://ftp.sra.ebi.ac.uk/vol1/fastq/ERR419/ERR419121/ERR419121_1.fastq.gz	https://ftp.sra.ebi.ac.uk/vol1/fastq/ERR419/ERR419121/ERR419121_2.fastq.gz	SAMEA2340638	1687149	u
ERR419123	PAIRED	https://ftp.sra.ebi.ac.uk/vol1/fastq/ERR419/ERR419123/ERR419123_1.fastq.gz	https://ftp.sra.ebi.ac.uk/vol1/fastq/ERR419/ERR419123/ERR419123_2.fastq.gz	SAMEA2340640	2247973	u
ERR419125	PAIRED	https://ftp.sra.ebi.ac.uk/vol1/fastq/ERR419/ERR419125/ERR419125_1.fastq.gz	https://ftp.sra.ebi.ac.uk/vol1/fastq/ERR419/ERR419125/ERR419125_2.fastq.gz	SAMEA2340642	1589598	u
ERR419128	PAIRED	https://ftp.sra.ebi.ac.uk/vol1/fastq/ERR419/ERR419128/ERR419128_1.fastq.gz	https://ftp.sra.ebi.ac.uk/vol1/fastq/ERR419/ERR419128/ERR419128_2.fastq.gz	SAMEA2340645	786000	u
ERR419129	PAIRED	https://ftp.sra.ebi.ac.uk/vol1/fastq/ERR419/ERR419129/ERR419129_1.fastq.gz	https://ftp.sra.ebi.ac.uk/vol1/fastq/ERR419/ERR419129/ERR419129_2.fastq.gz	SAMEA2340646	1144125	u
ERR419130	PAIRED	https://ftp.sra.ebi.ac.uk/vol1/fastq/ERR419/ERR419130/ERR419130_1.fastq.gz	https://ftp.sra.ebi.ac.uk/vol1/fastq/ERR419/ERR419130/ERR419130_2.fastq.gz	SAMEA2340647	2368871	u
ERR419131	PAIRED	https://ftp.sra.ebi.ac.uk/vol1/fastq/ERR419/ERR419131/ERR419131_1.fastq.gz	https://ftp.sra.ebi.ac.uk/vol1/fastq/ERR419/ERR419131/ERR419131_2.fastq.gz	SAMEA2340648	1956879	u
ERR419132	PAIRED	https://ftp.sra.ebi.ac.uk/vol1/fastq/ERR419/ERR419132/ERR419132_1.fastq.gz	https://ftp.sra.ebi.ac.uk/vol1/fastq/ERR419/ERR419132/ERR419132_2.fastq.gz	SAMEA2340649	1744123	u
ERR419140	PAIRED	https://ftp.sra.ebi.ac.uk/vol1/fastq/ERR419/ERR419140/ERR419140_1.fastq.gz	https://ftp.sra.ebi.ac.uk/vol1/fastq/ERR419/ERR419140/ERR419140_2.fastq.gz	SAMEA2340657	1351479	u
ERR419145	PAIRED	https://ftp.sra.ebi.ac.uk/vol1/fastq/ERR419/ERR419145/ERR419145_1.fastq.gz	https://ftp.sra.ebi.ac.uk/vol1/fastq/ERR419/ERR419145/ERR419145_2.fastq.gz	SAMEA2340662	1742901	u
ERR419146	PAIRED	https://ftp.sra.ebi.ac.uk/vol1/fastq/ERR419/ERR419146/ERR419146_1.fastq.gz	https://ftp.sra.ebi.ac.uk/vol1/fastq/ERR419/ERR419146/ERR419146_2.fastq.gz	SAMEA2340663	1547406	u
ERR419148	PAIRED	https://ftp.sra.ebi.ac.uk/vol1/fastq/ERR419/ERR419148/ERR419148_1.fastq.gz	https://ftp.sra.ebi.ac.uk/vol1/fastq/ERR419/ERR419148/ERR419148_2.fastq.gz	SAMEA2340665	1752715	u
ERR419150	PAIRED	https://ftp.sra.ebi.ac.uk/vol1/fastq/ERR419/ERR419150/ERR419150_1.fastq.gz	https://ftp.sra.ebi.ac.uk/vol1/fastq/ERR419/ERR419150/ERR419150_2.fastq.gz	SAMEA2340667	1537009	u
ERR419151	PAIRED	https://ftp.sra.ebi.ac.uk/vol1/fastq/ERR419/ERR419151/ERR419151_1.fastq.gz	https://ftp.sra.ebi.ac.uk/vol1/fastq/ERR419/ERR419151/ERR419151_2.fastq.gz	SAMEA2340668	1565957	u
ERR419152	PAIRED	https://ftp.sra.ebi.ac.uk/vol1/fastq/ERR419/ERR419152/ERR419152_1.fastq.gz	https://ftp.sra.ebi.ac.uk/vol1/fastq/ERR419/ERR419152/ERR419152_2.fastq.gz	SAMEA2340669	1820444	u
ERR419153	PAIRED	https://ftp.sra.ebi.ac.uk/vol1/fastq/ERR419/ERR419153/ERR419153_1.fastq.gz	https://ftp.sra.ebi.ac.uk/vol1/fastq/ERR419/ERR419153/ERR419153_2.fastq.gz	SAMEA2340670	1571848	u
ERR419154	PAIRED	https://ftp.sra.ebi.ac.uk/vol1/fastq/ERR419/ERR419154/ERR419154_1.fastq.gz	https://ftp.sra.ebi.ac.uk/vol1/fastq/ERR419/ERR419154/ERR419154_2.fastq.gz	SAMEA2340671	1785775	u
ERR419155	PAIRED	https://ftp.sra.ebi.ac.uk/vol1/fastq/ERR419/ERR419155/ERR419155_1.fastq.gz	https://ftp.sra.ebi.ac.uk/vol1/fastq/ERR419/ERR419155/ERR419155_2.fastq.gz	SAMEA2340672	1757490	u
ERR419156	PAIRED	https://ftp.sra.ebi.ac.uk/vol1/fastq/ERR419/ERR419156/ERR419156_1.fastq.gz	https://ftp.sra.ebi.ac.uk/vol1/fastq/ERR419/ERR419156/ERR419156_2.fastq.gz	SAMEA2340673	1957429	u
ERR419157	PAIRED	https://ftp.sra.ebi.ac.uk/vol1/fastq/ERR419/ERR419157/ERR419157_1.fastq.gz	https://ftp.sra.ebi.ac.uk/vol1/fastq/ERR419/ERR419157/ERR419157_2.fastq.gz	SAMEA2340674	1883498	u
ERR419158	PAIRED	https://ftp.sra.ebi.ac.uk/vol1/fastq/ERR419/ERR419158/ERR419158_1.fastq.gz	https://ftp.sra.ebi.ac.uk/vol1/fastq/ERR419/ERR419158/ERR419158_2.fastq.gz	SAMEA2340675	1838503	u
ERR419159	PAIRED	https://ftp.sra.ebi.ac.uk/vol1/fastq/ERR419/ERR419159/ERR419159_1.fastq.gz	https://ftp.sra.ebi.ac.uk/vol1/fastq/ERR419/ERR419159/ERR419159_2.fastq.gz	SAMEA2340676	1684668	u
ERR419160	PAIRED	https://ftp.sra.ebi.ac.uk/vol1/fastq/ERR419/ERR419160/ERR419160_1.fastq.gz	https://ftp.sra.ebi.ac.uk/vol1/fastq/ERR419/ERR419160/ERR419160_2.fastq.gz	SAMEA2340677	1627040	u
ERR419163	PAIRED	https://ftp.sra.ebi.ac.uk/vol1/fastq/ERR419/ERR419163/ERR419163_1.fastq.gz	https://ftp.sra.ebi.ac.uk/vol1/fastq/ERR419/ERR419163/ERR419163_2.fastq.gz	SAMEA2340680	1391926	u
ERR419167	PAIRED	https://ftp.sra.ebi.ac.uk/vol1/fastq/ERR419/ERR419167/ERR419167_1.fastq.gz	https://ftp.sra.ebi.ac.uk/vol1/fastq/ERR419/ERR419167/ERR419167_2.fastq.gz	SAMEA2340684	1764958	u
ERR419168	PAIRED	https://ftp.sra.ebi.ac.uk/vol1/fastq/ERR419/ERR419168/ERR419168_1.fastq.gz	https://ftp.sra.ebi.ac.uk/vol1/fastq/ERR419/ERR419168/ERR419168_2.fastq.gz	SAMEA2340685	1837528	u
ERR419169	PAIRED	https://ftp.sra.ebi.ac.uk/vol1/fastq/ERR419/ERR419169/ERR419169_1.fastq.gz	https://ftp.sra.ebi.ac.uk/vol1/fastq/ERR419/ERR419169/ERR419169_2.fastq.gz	SAMEA2340686	1490767	u
ERR419171	PAIRED	https://ftp.sra.ebi.ac.uk/vol1/fastq/ERR419/ERR419171/ERR419171_1.fastq.gz	https://ftp.sra.ebi.ac.uk/vol1/fastq/ERR419/ERR419171/ERR419171_2.fastq.gz	SAMEA2340688	1402008	u
ERR419173	PAIRED	https://ftp.sra.ebi.ac.uk/vol1/fastq/ERR419/ERR419173/ERR419173_1.fastq.gz	https://ftp.sra.ebi.ac.uk/vol1/fastq/ERR419/ERR419173/ERR419173_2.fastq.gz	SAMEA2340690	1799018	u
ERR419176	PAIRED	https://ftp.sra.ebi.ac.uk/vol1/fastq/ERR419/ERR419176/ERR419176_1.fastq.gz	https://ftp.sra.ebi.ac.uk/vol1/fastq/ERR419/ERR419176/ERR419176_2.fastq.gz	SAMEA2340693	2112746	u
ERR419177	PAIRED	https://ftp.sra.ebi.ac.uk/vol1/fastq/ERR419/ERR419177/ERR419177_1.fastq.gz	https://ftp.sra.ebi.ac.uk/vol1/fastq/ERR419/ERR419177/ERR419177_2.fastq.gz	SAMEA2340694	1985219	u
ERR419178	PAIRED	https://ftp.sra.ebi.ac.uk/vol1/fastq/ERR419/ERR419178/ERR419178_1.fastq.gz	https://ftp.sra.ebi.ac.uk/vol1/fastq/ERR419/ERR419178/ERR419178_2.fastq.gz	SAMEA2340695	1794271	u
ERR419182	PAIRED	https://ftp.sra.ebi.ac.uk/vol1/fastq/ERR419/ERR419182/ERR419182_1.fastq.gz	https://ftp.sra.ebi.ac.uk/vol1/fastq/ERR419/ERR419182/ERR419182_2.fastq.gz	SAMEA2340699	1377140	u
ERR419185	PAIRED	https://ftp.sra.ebi.ac.uk/vol1/fastq/ERR419/ERR419185/ERR419185_1.fastq.gz	https://ftp.sra.ebi.ac.uk/vol1/fastq/ERR419/ERR419185/ERR419185_2.fastq.gz	SAMEA2340702	1587674	u
ERR419190	PAIRED	https://ftp.sra.ebi.ac.uk/vol1/fastq/ERR419/ERR419190/ERR419190_1.fastq.gz	https://ftp.sra.ebi.ac.uk/vol1/fastq/ERR419/ERR419190/ERR419190_2.fastq.gz	SAMEA2340707	1848613	u
ERR419192	PAIRED	https://ftp.sra.ebi.ac.uk/vol1/fastq/ERR419/ERR419192/ERR419192_1.fastq.gz	https://ftp.sra.ebi.ac.uk/vol1/fastq/ERR419/ERR419192/ERR419192_2.fastq.gz	SAMEA2340709	1939599	u
ERR419194	PAIRED	https://ftp.sra.ebi.ac.uk/vol1/fastq/ERR419/ERR419194/ERR419194_1.fastq.gz	https://ftp.sra.ebi.ac.uk/vol1/fastq/ERR419/ERR419194/ERR419194_2.fastq.gz	SAMEA2340711	1458325	u
ERR419195	PAIRED	https://ftp.sra.ebi.ac.uk/vol1/fastq/ERR419/ERR419195/ERR419195_1.fastq.gz	https://ftp.sra.ebi.ac.uk/vol1/fastq/ERR419/ERR419195/ERR419195_2.fastq.gz	SAMEA2340712	1500260	u
ERR419197	PAIRED	https://ftp.sra.ebi.ac.uk/vol1/fastq/ERR419/ERR419197/ERR419197_1.fastq.gz	https://ftp.sra.ebi.ac.uk/vol1/fastq/ERR419/ERR419197/ERR419197_2.fastq.gz	SAMEA2340714	1731873	u
ERR419200	PAIRED	https://ftp.sra.ebi.ac.uk/vol1/fastq/ERR419/ERR419200/ERR419200_1.fastq.gz	https://ftp.sra.ebi.ac.uk/vol1/fastq/ERR419/ERR419200/ERR419200_2.fastq.gz	SAMEA2340717	1685664	u
ERR419202	PAIRED	https://ftp.sra.ebi.ac.uk/vol1/fastq/ERR419/ERR419202/ERR419202_1.fastq.gz	https://ftp.sra.ebi.ac.uk/vol1/fastq/ERR419/ERR419202/ERR419202_2.fastq.gz	SAMEA2340719	1780102	u
ERR419203	PAIRED	https://ftp.sra.ebi.ac.uk/vol1/fastq/ERR419/ERR419203/ERR419203_1.fastq.gz	https://ftp.sra.ebi.ac.uk/vol1/fastq/ERR419/ERR419203/ERR419203_2.fastq.gz	SAMEA2340720	1596442	u
ERR419204	PAIRED	https://ftp.sra.ebi.ac.uk/vol1/fastq/ERR419/ERR419204/ERR419204_1.fastq.gz	https://ftp.sra.ebi.ac.uk/vol1/fastq/ERR419/ERR419204/ERR419204_2.fastq.gz	SAMEA2340721	1601046	u
ERR419205	PAIRED	https://ftp.sra.ebi.ac.uk/vol1/fastq/ERR419/ERR419205/ERR419205_1.fastq.gz	https://ftp.sra.ebi.ac.uk/vol1/fastq/ERR419/ERR419205/ERR419205_2.fastq.gz	SAMEA2340722	1704219	u
ERR419207	PAIRED	https://ftp.sra.ebi.ac.uk/vol1/fastq/ERR419/ERR419207/ERR419207_1.fastq.gz	https://ftp.sra.ebi.ac.uk/vol1/fastq/ERR419/ERR419207/ERR419207_2.fastq.gz	SAMEA2340724	1616987	u
ERR419209	PAIRED	https://ftp.sra.ebi.ac.uk/vol1/fastq/ERR419/ERR419209/ERR419209_1.fastq.gz	https://ftp.sra.ebi.ac.uk/vol1/fastq/ERR419/ERR419209/ERR419209_2.fastq.gz	SAMEA2340726	1862440	u
ERR419212	PAIRED	https://ftp.sra.ebi.ac.uk/vol1/fastq/ERR419/ERR419212/ERR419212_1.fastq.gz	https://ftp.sra.ebi.ac.uk/vol1/fastq/ERR419/ERR419212/ERR419212_2.fastq.gz	SAMEA2340729	1355140	u
ERR419218	PAIRED	https://ftp.sra.ebi.ac.uk/vol1/fastq/ERR419/ERR419218/ERR419218_1.fastq.gz	https://ftp.sra.ebi.ac.uk/vol1/fastq/ERR419/ERR419218/ERR419218_2.fastq.gz	SAMEA2340735	1832384	u
ERR419219	PAIRED	https://ftp.sra.ebi.ac.uk/vol1/fastq/ERR419/ERR419219/ERR419219_1.fastq.gz	https://ftp.sra.ebi.ac.uk/vol1/fastq/ERR419/ERR419219/ERR419219_2.fastq.gz	SAMEA2340736	1010628	u
ERR419221	PAIRED	https://ftp.sra.ebi.ac.uk/vol1/fastq/ERR419/ERR419221/ERR419221_1.fastq.gz	https://ftp.sra.ebi.ac.uk/vol1/fastq/ERR419/ERR419221/ERR419221_2.fastq.gz	SAMEA2340738	1837898	u
ERR419222	PAIRED	https://ftp.sra.ebi.ac.uk/vol1/fastq/ERR419/ERR419222/ERR419222_1.fastq.gz	https://ftp.sra.ebi.ac.uk/vol1/fastq/ERR419/ERR419222/ERR419222_2.fastq.gz	SAMEA2340739	1966507	u
ERR419224	PAIRED	https://ftp.sra.ebi.ac.uk/vol1/fastq/ERR419/ERR419224/ERR419224_1.fastq.gz	https://ftp.sra.ebi.ac.uk/vol1/fastq/ERR419/ERR419224/ERR419224_2.fastq.gz	SAMEA2340741	1741468	u
ERR419226	PAIRED	https://ftp.sra.ebi.ac.uk/vol1/fastq/ERR419/ERR419226/ERR419226_1.fastq.gz	https://ftp.sra.ebi.ac.uk/vol1/fastq/ERR419/ERR419226/ERR419226_2.fastq.gz	SAMEA2340743	1798884	u
ERR419227	PAIRED	https://ftp.sra.ebi.ac.uk/vol1/fastq/ERR419/ERR419227/ERR419227_1.fastq.gz	https://ftp.sra.ebi.ac.uk/vol1/fastq/ERR419/ERR419227/ERR419227_2.fastq.gz	SAMEA2340744	1633598	u
ERR419228	PAIRED	https://ftp.sra.ebi.ac.uk/vol1/fastq/ERR419/ERR419228/ERR419228_1.fastq.gz	https://ftp.sra.ebi.ac.uk/vol1/fastq/ERR419/ERR419228/ERR419228_2.fastq.gz	SAMEA2340745	2080726	u
ERR419229	PAIRED	https://ftp.sra.ebi.ac.uk/vol1/fastq/ERR419/ERR419229/ERR419229_1.fastq.gz	https://ftp.sra.ebi.ac.uk/vol1/fastq/ERR419/ERR419229/ERR419229_2.fastq.gz	SAMEA2340746	1808498	u
ERR419231	PAIRED	https://ftp.sra.ebi.ac.uk/vol1/fastq/ERR419/ERR419231/ERR419231_1.fastq.gz	https://ftp.sra.ebi.ac.uk/vol1/fastq/ERR419/ERR419231/ERR419231_2.fastq.gz	SAMEA2340748	1928328	u
ERR419232	PAIRED	https://ftp.sra.ebi.ac.uk/vol1/fastq/ERR419/ERR419232/ERR419232_1.fastq.gz	https://ftp.sra.ebi.ac.uk/vol1/fastq/ERR419/ERR419232/ERR419232_2.fastq.gz	SAMEA2340749	1635506	u
ERR419233	PAIRED	https://ftp.sra.ebi.ac.uk/vol1/fastq/ERR419/ERR419233/ERR419233_1.fastq.gz	https://ftp.sra.ebi.ac.uk/vol1/fastq/ERR419/ERR419233/ERR419233_2.fastq.gz	SAMEA2340750	1495814	u
ERR419235	PAIRED	https://ftp.sra.ebi.ac.uk/vol1/fastq/ERR419/ERR419235/ERR419235_1.fastq.gz	https://ftp.sra.ebi.ac.uk/vol1/fastq/ERR419/ERR419235/ERR419235_2.fastq.gz	SAMEA2340752	1825502	u
ERR419237	PAIRED	https://ftp.sra.ebi.ac.uk/vol1/fastq/ERR419/ERR419237/ERR419237_1.fastq.gz	https://ftp.sra.ebi.ac.uk/vol1/fastq/ERR419/ERR419237/ERR419237_2.fastq.gz	SAMEA2340754	1419043	u
ERR419239	PAIRED	https://ftp.sra.ebi.ac.uk/vol1/fastq/ERR419/ERR419239/ERR419239_1.fastq.gz	https://ftp.sra.ebi.ac.uk/vol1/fastq/ERR419/ERR419239/ERR419239_2.fastq.gz	SAMEA2340756	1352210	u
ERR419240	PAIRED	https://ftp.sra.ebi.ac.uk/vol1/fastq/ERR419/ERR419240/ERR419240_1.fastq.gz	https://ftp.sra.ebi.ac.uk/vol1/fastq/ERR419/ERR419240/ERR419240_2.fastq.gz	SAMEA2340757	1738477	u
ERR419241	PAIRED	https://ftp.sra.ebi.ac.uk/vol1/fastq/ERR419/ERR419241/ERR419241_1.fastq.gz	https://ftp.sra.ebi.ac.uk/vol1/fastq/ERR419/ERR419241/ERR419241_2.fastq.gz	SAMEA2340758	1840831	u
ERR4662240	PAIRED	https://ftp.sra.ebi.ac.uk/vol1/fastq/ERR466/000/ERR4662240/ERR4662240_1.fastq.gz	https://ftp.sra.ebi.ac.uk/vol1/fastq/ERR466/000/ERR4662240/ERR4662240_2.fastq.gz	SAMEA7294242	1817568	u
ERR4662243	PAIRED	https://ftp.sra.ebi.ac.uk/vol1/fastq/ERR466/003/ERR4662243/ERR4662243_1.fastq.gz	https://ftp.sra.ebi.ac.uk/vol1/fastq/ERR466/003/ERR4662243/ERR4662243_2.fastq.gz	SAMEA7294245	1232906	u
ERR4662244	PAIRED	https://ftp.sra.ebi.ac.uk/vol1/fastq/ERR466/004/ERR4662244/ERR4662244_1.fastq.gz	https://ftp.sra.ebi.ac.uk/vol1/fastq/ERR466/004/ERR4662244/ERR4662244_2.fastq.gz	SAMEA7294246	2317472	u
ERR4662245	PAIRED	https://ftp.sra.ebi.ac.uk/vol1/fastq/ERR466/005/ERR4662245/ERR4662245_1.fastq.gz	https://ftp.sra.ebi.ac.uk/vol1/fastq/ERR466/005/ERR4662245/ERR4662245_2.fastq.gz	SAMEA7294247	720214	u
ERR4662247	PAIRED	https://ftp.sra.ebi.ac.uk/vol1/fastq/ERR466/007/ERR4662247/ERR4662247_1.fastq.gz	https://ftp.sra.ebi.ac.uk/vol1/fastq/ERR466/007/ERR4662247/ERR4662247_2.fastq.gz	SAMEA7294249	570152	u
ERR4662250	PAIRED	https://ftp.sra.ebi.ac.uk/vol1/fastq/ERR466/000/ERR4662250/ERR4662250_1.fastq.gz	https://ftp.sra.ebi.ac.uk/vol1/fastq/ERR466/000/ERR4662250/ERR4662250_2.fastq.gz	SAMEA7294252	528956	u
ERR4662251	PAIRED	https://ftp.sra.ebi.ac.uk/vol1/fastq/ERR466/001/ERR4662251/ERR4662251_1.fastq.gz	https://ftp.sra.ebi.ac.uk/vol1/fastq/ERR466/001/ERR4662251/ERR4662251_2.fastq.gz	SAMEA7294253	742726	u
ERR4662255	PAIRED	https://ftp.sra.ebi.ac.uk/vol1/fastq/ERR466/005/ERR4662255/ERR4662255_1.fastq.gz	https://ftp.sra.ebi.ac.uk/vol1/fastq/ERR466/005/ERR4662255/ERR4662255_2.fastq.gz	SAMEA7294257	2478278	u
ERR4662258	PAIRED	https://ftp.sra.ebi.ac.uk/vol1/fastq/ERR466/008/ERR4662258/ERR4662258_1.fastq.gz	https://ftp.sra.ebi.ac.uk/vol1/fastq/ERR466/008/ERR4662258/ERR4662258_2.fastq.gz	SAMEA7294260	2470786	u
ERR4662259	PAIRED	https://ftp.sra.ebi.ac.uk/vol1/fastq/ERR466/009/ERR4662259/ERR4662259_1.fastq.gz	https://ftp.sra.ebi.ac.uk/vol1/fastq/ERR466/009/ERR4662259/ERR4662259_2.fastq.gz	SAMEA7294261	2757706	u
ERR4662261	PAIRED	https://ftp.sra.ebi.ac.uk/vol1/fastq/ERR466/001/ERR4662261/ERR4662261_1.fastq.gz	https://ftp.sra.ebi.ac.uk/vol1/fastq/ERR466/001/ERR4662261/ERR4662261_2.fastq.gz	SAMEA7294263	2316732	u
ERR4662264	PAIRED	https://ftp.sra.ebi.ac.uk/vol1/fastq/ERR466/004/ERR4662264/ERR4662264_1.fastq.gz	https://ftp.sra.ebi.ac.uk/vol1/fastq/ERR466/004/ERR4662264/ERR4662264_2.fastq.gz	SAMEA7294266	2961612	u
ERR4662265	PAIRED	https://ftp.sra.ebi.ac.uk/vol1/fastq/ERR466/005/ERR4662265/ERR4662265_1.fastq.gz	https://ftp.sra.ebi.ac.uk/vol1/fastq/ERR466/005/ERR4662265/ERR4662265_2.fastq.gz	SAMEA7294267	2560928	u
ERR4662266	PAIRED	https://ftp.sra.ebi.ac.uk/vol1/fastq/ERR466/006/ERR4662266/ERR4662266_1.fastq.gz	https://ftp.sra.ebi.ac.uk/vol1/fastq/ERR466/006/ERR4662266/ERR4662266_2.fastq.gz	SAMEA7294268	2705764	u
ERR4662273	PAIRED	https://ftp.sra.ebi.ac.uk/vol1/fastq/ERR466/003/ERR4662273/ERR4662273_1.fastq.gz	https://ftp.sra.ebi.ac.uk/vol1/fastq/ERR466/003/ERR4662273/ERR4662273_2.fastq.gz	SAMEA7294275	2504248	u
ERR4662278	PAIRED	https://ftp.sra.ebi.ac.uk/vol1/fastq/ERR466/008/ERR4662278/ERR4662278_1.fastq.gz	https://ftp.sra.ebi.ac.uk/vol1/fastq/ERR466/008/ERR4662278/ERR4662278_2.fastq.gz	SAMEA7294280	3455460	u
ERR4662279	PAIRED	https://ftp.sra.ebi.ac.uk/vol1/fastq/ERR466/009/ERR4662279/ERR4662279_1.fastq.gz	https://ftp.sra.ebi.ac.uk/vol1/fastq/ERR466/009/ERR4662279/ERR4662279_2.fastq.gz	SAMEA7294281	3893174	u
ERR4662280	PAIRED	https://ftp.sra.ebi.ac.uk/vol1/fastq/ERR466/000/ERR4662280/ERR4662280_1.fastq.gz	https://ftp.sra.ebi.ac.uk/vol1/fastq/ERR466/000/ERR4662280/ERR4662280_2.fastq.gz	SAMEA7294282	3484722	u
ERR4662281	PAIRED	https://ftp.sra.ebi.ac.uk/vol1/fastq/ERR466/001/ERR4662281/ERR4662281_1.fastq.gz	https://ftp.sra.ebi.ac.uk/vol1/fastq/ERR466/001/ERR4662281/ERR4662281_2.fastq.gz	SAMEA7294283	2080748	u
ERR4783596	PAIRED	https://ftp.sra.ebi.ac.uk/vol1/fastq/ERR478/006/ERR4783596/ERR4783596_1.fastq.gz	https://ftp.sra.ebi.ac.uk/vol1/fastq/ERR478/006/ERR4783596/ERR4783596_2.fastq.gz	SAMEA6422277	2004582	r
ERR4784495	PAIRED	https://ftp.sra.ebi.ac.uk/vol1/fastq/ERR478/005/ERR4784495/ERR4784495_1.fastq.gz	https://ftp.sra.ebi.ac.uk/vol1/fastq/ERR478/005/ERR4784495/ERR4784495_2.fastq.gz	SAMEA6507650	1878968	r
ERR4784520	PAIRED	https://ftp.sra.ebi.ac.uk/vol1/fastq/ERR478/000/ERR4784520/ERR4784520_1.fastq.gz	https://ftp.sra.ebi.ac.uk/vol1/fastq/ERR478/000/ERR4784520/ERR4784520_2.fastq.gz	SAMEA6507168	2746538	r
ERR4784550	PAIRED	https://ftp.sra.ebi.ac.uk/vol1/fastq/ERR478/000/ERR4784550/ERR4784550_1.fastq.gz	https://ftp.sra.ebi.ac.uk/vol1/fastq/ERR478/000/ERR4784550/ERR4784550_2.fastq.gz	SAMEA6507717	2618736	r
ERR4784695	PAIRED	https://ftp.sra.ebi.ac.uk/vol1/fastq/ERR478/005/ERR4784695/ERR4784695_1.fastq.gz	https://ftp.sra.ebi.ac.uk/vol1/fastq/ERR478/005/ERR4784695/ERR4784695_2.fastq.gz	SAMEA6507229	2286722	r
ERR4785138	PAIRED	https://ftp.sra.ebi.ac.uk/vol1/fastq/ERR478/008/ERR4785138/ERR4785138_1.fastq.gz	https://ftp.sra.ebi.ac.uk/vol1/fastq/ERR478/008/ERR4785138/ERR4785138_2.fastq.gz	SAMEA6507647	1933658	r
ERR4785734	PAIRED	https://ftp.sra.ebi.ac.uk/vol1/fastq/ERR478/004/ERR4785734/ERR4785734_1.fastq.gz	https://ftp.sra.ebi.ac.uk/vol1/fastq/ERR478/004/ERR4785734/ERR4785734_2.fastq.gz	SAMEA6627045	2501956	s
ERR4899863	PAIRED	https://ftp.sra.ebi.ac.uk/vol1/fastq/ERR489/003/ERR4899863/ERR4899863_1.fastq.gz	https://ftp.sra.ebi.ac.uk/vol1/fastq/ERR489/003/ERR4899863/ERR4899863_2.fastq.gz	SAMEA7667455	632908	u
ERR4899867	PAIRED	https://ftp.sra.ebi.ac.uk/vol1/fastq/ERR489/007/ERR4899867/ERR4899867_1.fastq.gz	https://ftp.sra.ebi.ac.uk/vol1/fastq/ERR489/007/ERR4899867/ERR4899867_2.fastq.gz	SAMEA7667459	1112894	u
ERR4899872	PAIRED	https://ftp.sra.ebi.ac.uk/vol1/fastq/ERR489/002/ERR4899872/ERR4899872_1.fastq.gz	https://ftp.sra.ebi.ac.uk/vol1/fastq/ERR489/002/ERR4899872/ERR4899872_2.fastq.gz	SAMEA7667464	1755948	u
ERR4899875	PAIRED	https://ftp.sra.ebi.ac.uk/vol1/fastq/ERR489/005/ERR4899875/ERR4899875_1.fastq.gz	https://ftp.sra.ebi.ac.uk/vol1/fastq/ERR489/005/ERR4899875/ERR4899875_2.fastq.gz	SAMEA7667467	1368606	u
ERR4899876	PAIRED	https://ftp.sra.ebi.ac.uk/vol1/fastq/ERR489/006/ERR4899876/ERR4899876_1.fastq.gz	https://ftp.sra.ebi.ac.uk/vol1/fastq/ERR489/006/ERR4899876/ERR4899876_2.fastq.gz	SAMEA7667468	1192950	u
ERR4899878	PAIRED	https://ftp.sra.ebi.ac.uk/vol1/fastq/ERR489/008/ERR4899878/ERR4899878_1.fastq.gz	https://ftp.sra.ebi.ac.uk/vol1/fastq/ERR489/008/ERR4899878/ERR4899878_2.fastq.gz	SAMEA7667470	933586	u
ERR4899881	PAIRED	https://ftp.sra.ebi.ac.uk/vol1/fastq/ERR489/001/ERR4899881/ERR4899881_1.fastq.gz	https://ftp.sra.ebi.ac.uk/vol1/fastq/ERR489/001/ERR4899881/ERR4899881_2.fastq.gz	SAMEA7667473	821434	u
ERR4899883	PAIRED	https://ftp.sra.ebi.ac.uk/vol1/fastq/ERR489/003/ERR4899883/ERR4899883_1.fastq.gz	https://ftp.sra.ebi.ac.uk/vol1/fastq/ERR489/003/ERR4899883/ERR4899883_2.fastq.gz	SAMEA7667475	540458	u
ERR4899885	PAIRED	https://ftp.sra.ebi.ac.uk/vol1/fastq/ERR489/005/ERR4899885/ERR4899885_1.fastq.gz	https://ftp.sra.ebi.ac.uk/vol1/fastq/ERR489/005/ERR4899885/ERR4899885_2.fastq.gz	SAMEA7667477	1136564	u
ERR4899886	PAIRED	https://ftp.sra.ebi.ac.uk/vol1/fastq/ERR489/006/ERR4899886/ERR4899886_1.fastq.gz	https://ftp.sra.ebi.ac.uk/vol1/fastq/ERR489/006/ERR4899886/ERR4899886_2.fastq.gz	SAMEA7667478	980094	u
ERR4899888	PAIRED	https://ftp.sra.ebi.ac.uk/vol1/fastq/ERR489/008/ERR4899888/ERR4899888_1.fastq.gz	https://ftp.sra.ebi.ac.uk/vol1/fastq/ERR489/008/ERR4899888/ERR4899888_2.fastq.gz	SAMEA7667480	1399250	u
ERR4899889	PAIRED	https://ftp.sra.ebi.ac.uk/vol1/fastq/ERR489/009/ERR4899889/ERR4899889_1.fastq.gz	https://ftp.sra.ebi.ac.uk/vol1/fastq/ERR489/009/ERR4899889/ERR4899889_2.fastq.gz	SAMEA7667481	1616890	u
ERR4899891	PAIRED	https://ftp.sra.ebi.ac.uk/vol1/fastq/ERR489/001/ERR4899891/ERR4899891_1.fastq.gz	https://ftp.sra.ebi.ac.uk/vol1/fastq/ERR489/001/ERR4899891/ERR4899891_2.fastq.gz	SAMEA7667483	939634	u
ERR4899892	PAIRED	https://ftp.sra.ebi.ac.uk/vol1/fastq/ERR489/002/ERR4899892/ERR4899892_1.fastq.gz	https://ftp.sra.ebi.ac.uk/vol1/fastq/ERR489/002/ERR4899892/ERR4899892_2.fastq.gz	SAMEA7667484	1209514	u
ERR4899895	PAIRED	https://ftp.sra.ebi.ac.uk/vol1/fastq/ERR489/005/ERR4899895/ERR4899895_1.fastq.gz	https://ftp.sra.ebi.ac.uk/vol1/fastq/ERR489/005/ERR4899895/ERR4899895_2.fastq.gz	SAMEA7667487	891756	u
ERR4899896	PAIRED	https://ftp.sra.ebi.ac.uk/vol1/fastq/ERR489/006/ERR4899896/ERR4899896_1.fastq.gz	https://ftp.sra.ebi.ac.uk/vol1/fastq/ERR489/006/ERR4899896/ERR4899896_2.fastq.gz	SAMEA7667488	1062084	u
ERR4899898	PAIRED	https://ftp.sra.ebi.ac.uk/vol1/fastq/ERR489/008/ERR4899898/ERR4899898_1.fastq.gz	https://ftp.sra.ebi.ac.uk/vol1/fastq/ERR489/008/ERR4899898/ERR4899898_2.fastq.gz	SAMEA7667490	1912052	u
ERR4899899	PAIRED	https://ftp.sra.ebi.ac.uk/vol1/fastq/ERR489/009/ERR4899899/ERR4899899_1.fastq.gz	https://ftp.sra.ebi.ac.uk/vol1/fastq/ERR489/009/ERR4899899/ERR4899899_2.fastq.gz	SAMEA7667491	2363006	u
ERR4899901	PAIRED	https://ftp.sra.ebi.ac.uk/vol1/fastq/ERR489/001/ERR4899901/ERR4899901_1.fastq.gz	https://ftp.sra.ebi.ac.uk/vol1/fastq/ERR489/001/ERR4899901/ERR4899901_2.fastq.gz	SAMEA7667493	2233484	u
ERR4899902	PAIRED	https://ftp.sra.ebi.ac.uk/vol1/fastq/ERR489/002/ERR4899902/ERR4899902_1.fastq.gz	https://ftp.sra.ebi.ac.uk/vol1/fastq/ERR489/002/ERR4899902/ERR4899902_2.fastq.gz	SAMEA7667494	2292260	u
ERR4899904	PAIRED	https://ftp.sra.ebi.ac.uk/vol1/fastq/ERR489/004/ERR4899904/ERR4899904_1.fastq.gz	https://ftp.sra.ebi.ac.uk/vol1/fastq/ERR489/004/ERR4899904/ERR4899904_2.fastq.gz	SAMEA7667496	1267506	u
ERR4899905	PAIRED	https://ftp.sra.ebi.ac.uk/vol1/fastq/ERR489/005/ERR4899905/ERR4899905_1.fastq.gz	https://ftp.sra.ebi.ac.uk/vol1/fastq/ERR489/005/ERR4899905/ERR4899905_2.fastq.gz	SAMEA7667497	1389594	u
ERR4899906	PAIRED	https://ftp.sra.ebi.ac.uk/vol1/fastq/ERR489/006/ERR4899906/ERR4899906_1.fastq.gz	https://ftp.sra.ebi.ac.uk/vol1/fastq/ERR489/006/ERR4899906/ERR4899906_2.fastq.gz	SAMEA7667498	1618456	s
ERR4899909	PAIRED	https://ftp.sra.ebi.ac.uk/vol1/fastq/ERR489/009/ERR4899909/ERR4899909_1.fastq.gz	https://ftp.sra.ebi.ac.uk/vol1/fastq/ERR489/009/ERR4899909/ERR4899909_2.fastq.gz	SAMEA7667501	1794420	r
ERR4899914	PAIRED	https://ftp.sra.ebi.ac.uk/vol1/fastq/ERR489/004/ERR4899914/ERR4899914_1.fastq.gz	https://ftp.sra.ebi.ac.uk/vol1/fastq/ERR489/004/ERR4899914/ERR4899914_2.fastq.gz	SAMEA7667506	2189562	u
ERR4899915	PAIRED	https://ftp.sra.ebi.ac.uk/vol1/fastq/ERR489/005/ERR4899915/ERR4899915_1.fastq.gz	https://ftp.sra.ebi.ac.uk/vol1/fastq/ERR489/005/ERR4899915/ERR4899915_2.fastq.gz	SAMEA7667507	1167548	u
ERR4899918	PAIRED	https://ftp.sra.ebi.ac.uk/vol1/fastq/ERR489/008/ERR4899918/ERR4899918_1.fastq.gz	https://ftp.sra.ebi.ac.uk/vol1/fastq/ERR489/008/ERR4899918/ERR4899918_2.fastq.gz	SAMEA7667510	1634710	r
ERR4899919	PAIRED	https://ftp.sra.ebi.ac.uk/vol1/fastq/ERR489/009/ERR4899919/ERR4899919_1.fastq.gz	https://ftp.sra.ebi.ac.uk/vol1/fastq/ERR489/009/ERR4899919/ERR4899919_2.fastq.gz	SAMEA7667511	2922272	s
ERR4899922	PAIRED	https://ftp.sra.ebi.ac.uk/vol1/fastq/ERR489/002/ERR4899922/ERR4899922_1.fastq.gz	https://ftp.sra.ebi.ac.uk/vol1/fastq/ERR489/002/ERR4899922/ERR4899922_2.fastq.gz	SAMEA7667514	1397062	r
ERR4899927	PAIRED	https://ftp.sra.ebi.ac.uk/vol1/fastq/ERR489/007/ERR4899927/ERR4899927_1.fastq.gz	https://ftp.sra.ebi.ac.uk/vol1/fastq/ERR489/007/ERR4899927/ERR4899927_2.fastq.gz	SAMEA7667519	1308526	s
ERR4899933	PAIRED	https://ftp.sra.ebi.ac.uk/vol1/fastq/ERR489/003/ERR4899933/ERR4899933_1.fastq.gz	https://ftp.sra.ebi.ac.uk/vol1/fastq/ERR489/003/ERR4899933/ERR4899933_2.fastq.gz	SAMEA7667525	1436694	r
ERR4899935	PAIRED	https://ftp.sra.ebi.ac.uk/vol1/fastq/ERR489/005/ERR4899935/ERR4899935_1.fastq.gz	https://ftp.sra.ebi.ac.uk/vol1/fastq/ERR489/005/ERR4899935/ERR4899935_2.fastq.gz	SAMEA7667527	1528472	s
ERR4899937	PAIRED	https://ftp.sra.ebi.ac.uk/vol1/fastq/ERR489/007/ERR4899937/ERR4899937_1.fastq.gz	https://ftp.sra.ebi.ac.uk/vol1/fastq/ERR489/007/ERR4899937/ERR4899937_2.fastq.gz	SAMEA7667529	2381490	r
ERR4899938	PAIRED	https://ftp.sra.ebi.ac.uk/vol1/fastq/ERR489/008/ERR4899938/ERR4899938_1.fastq.gz	https://ftp.sra.ebi.ac.uk/vol1/fastq/ERR489/008/ERR4899938/ERR4899938_2.fastq.gz	SAMEA7667530	1992244	r
ERR4899940	PAIRED	https://ftp.sra.ebi.ac.uk/vol1/fastq/ERR489/000/ERR4899940/ERR4899940_1.fastq.gz	https://ftp.sra.ebi.ac.uk/vol1/fastq/ERR489/000/ERR4899940/ERR4899940_2.fastq.gz	SAMEA7667532	2003064	r
ERR4899942	PAIRED	https://ftp.sra.ebi.ac.uk/vol1/fastq/ERR489/002/ERR4899942/ERR4899942_1.fastq.gz	https://ftp.sra.ebi.ac.uk/vol1/fastq/ERR489/002/ERR4899942/ERR4899942_2.fastq.gz	SAMEA7667534	1632032	u
ERR4899952	PAIRED	https://ftp.sra.ebi.ac.uk/vol1/fastq/ERR489/002/ERR4899952/ERR4899952_1.fastq.gz	https://ftp.sra.ebi.ac.uk/vol1/fastq/ERR489/002/ERR4899952/ERR4899952_2.fastq.gz	SAMEA7667544	2171648	u
ERR4899954	PAIRED	https://ftp.sra.ebi.ac.uk/vol1/fastq/ERR489/004/ERR4899954/ERR4899954_1.fastq.gz	https://ftp.sra.ebi.ac.uk/vol1/fastq/ERR489/004/ERR4899954/ERR4899954_2.fastq.gz	SAMEA7667546	2336366	r
ERR4899956	PAIRED	https://ftp.sra.ebi.ac.uk/vol1/fastq/ERR489/006/ERR4899956/ERR4899956_1.fastq.gz	https://ftp.sra.ebi.ac.uk/vol1/fastq/ERR489/006/ERR4899956/ERR4899956_2.fastq.gz	SAMEA7667548	2716122	r
ERR4899957	PAIRED	https://ftp.sra.ebi.ac.uk/vol1/fastq/ERR489/007/ERR4899957/ERR4899957_1.fastq.gz	https://ftp.sra.ebi.ac.uk/vol1/fastq/ERR489/007/ERR4899957/ERR4899957_2.fastq.gz	SAMEA7667549	1883558	r
ERR4899958	PAIRED	https://ftp.sra.ebi.ac.uk/vol1/fastq/ERR489/008/ERR4899958/ERR4899958_1.fastq.gz	https://ftp.sra.ebi.ac.uk/vol1/fastq/ERR489/008/ERR4899958/ERR4899958_2.fastq.gz	SAMEA7667550	1763120	r
ERR4899959	PAIRED	https://ftp.sra.ebi.ac.uk/vol1/fastq/ERR489/009/ERR4899959/ERR4899959_1.fastq.gz	https://ftp.sra.ebi.ac.uk/vol1/fastq/ERR489/009/ERR4899959/ERR4899959_2.fastq.gz	SAMEA7667551	1855716	r
ERR4899960	PAIRED	https://ftp.sra.ebi.ac.uk/vol1/fastq/ERR489/000/ERR4899960/ERR4899960_1.fastq.gz	https://ftp.sra.ebi.ac.uk/vol1/fastq/ERR489/000/ERR4899960/ERR4899960_2.fastq.gz	SAMEA7667552	1338554	r
ERR4899961	PAIRED	https://ftp.sra.ebi.ac.uk/vol1/fastq/ERR489/001/ERR4899961/ERR4899961_1.fastq.gz	https://ftp.sra.ebi.ac.uk/vol1/fastq/ERR489/001/ERR4899961/ERR4899961_2.fastq.gz	SAMEA7667553	2195224	r
ERR4899962	PAIRED	https://ftp.sra.ebi.ac.uk/vol1/fastq/ERR489/002/ERR4899962/ERR4899962_1.fastq.gz	https://ftp.sra.ebi.ac.uk/vol1/fastq/ERR489/002/ERR4899962/ERR4899962_2.fastq.gz	SAMEA7667554	2119976	r
ERR4899965	PAIRED	https://ftp.sra.ebi.ac.uk/vol1/fastq/ERR489/005/ERR4899965/ERR4899965_1.fastq.gz	https://ftp.sra.ebi.ac.uk/vol1/fastq/ERR489/005/ERR4899965/ERR4899965_2.fastq.gz	SAMEA7667557	2337692	r
ERR4899966	PAIRED	https://ftp.sra.ebi.ac.uk/vol1/fastq/ERR489/006/ERR4899966/ERR4899966_1.fastq.gz	https://ftp.sra.ebi.ac.uk/vol1/fastq/ERR489/006/ERR4899966/ERR4899966_2.fastq.gz	SAMEA7667558	3065766	r
ERR4899967	PAIRED	https://ftp.sra.ebi.ac.uk/vol1/fastq/ERR489/007/ERR4899967/ERR4899967_1.fastq.gz	https://ftp.sra.ebi.ac.uk/vol1/fastq/ERR489/007/ERR4899967/ERR4899967_2.fastq.gz	SAMEA7667559	1971020	r
ERR4899969	PAIRED	https://ftp.sra.ebi.ac.uk/vol1/fastq/ERR489/009/ERR4899969/ERR4899969_1.fastq.gz	https://ftp.sra.ebi.ac.uk/vol1/fastq/ERR489/009/ERR4899969/ERR4899969_2.fastq.gz	SAMEA7667561	1722454	r
ERR4899970	PAIRED	https://ftp.sra.ebi.ac.uk/vol1/fastq/ERR489/000/ERR4899970/ERR4899970_1.fastq.gz	https://ftp.sra.ebi.ac.uk/vol1/fastq/ERR489/000/ERR4899970/ERR4899970_2.fastq.gz	SAMEA7667562	1793604	r
ERR4899973	PAIRED	https://ftp.sra.ebi.ac.uk/vol1/fastq/ERR489/003/ERR4899973/ERR4899973_1.fastq.gz	https://ftp.sra.ebi.ac.uk/vol1/fastq/ERR489/003/ERR4899973/ERR4899973_2.fastq.gz	SAMEA7667565	2093140	r
ERR4899974	PAIRED	https://ftp.sra.ebi.ac.uk/vol1/fastq/ERR489/004/ERR4899974/ERR4899974_1.fastq.gz	https://ftp.sra.ebi.ac.uk/vol1/fastq/ERR489/004/ERR4899974/ERR4899974_2.fastq.gz	SAMEA7667566	2346586	r
ERR4899975	PAIRED	https://ftp.sra.ebi.ac.uk/vol1/fastq/ERR489/005/ERR4899975/ERR4899975_1.fastq.gz	https://ftp.sra.ebi.ac.uk/vol1/fastq/ERR489/005/ERR4899975/ERR4899975_2.fastq.gz	SAMEA7667567	2206250	r
ERR4899976	PAIRED	https://ftp.sra.ebi.ac.uk/vol1/fastq/ERR489/006/ERR4899976/ERR4899976_1.fastq.gz	https://ftp.sra.ebi.ac.uk/vol1/fastq/ERR489/006/ERR4899976/ERR4899976_2.fastq.gz	SAMEA7667568	1698050	r
ERR4899980	PAIRED	https://ftp.sra.ebi.ac.uk/vol1/fastq/ERR489/000/ERR4899980/ERR4899980_1.fastq.gz	https://ftp.sra.ebi.ac.uk/vol1/fastq/ERR489/000/ERR4899980/ERR4899980_2.fastq.gz	SAMEA7667572	2193464	r
ERR4899981	PAIRED	https://ftp.sra.ebi.ac.uk/vol1/fastq/ERR489/001/ERR4899981/ERR4899981_1.fastq.gz	https://ftp.sra.ebi.ac.uk/vol1/fastq/ERR489/001/ERR4899981/ERR4899981_2.fastq.gz	SAMEA7667573	2918572	r
ERR4899982	PAIRED	https://ftp.sra.ebi.ac.uk/vol1/fastq/ERR489/002/ERR4899982/ERR4899982_1.fastq.gz	https://ftp.sra.ebi.ac.uk/vol1/fastq/ERR489/002/ERR4899982/ERR4899982_2.fastq.gz	SAMEA7667574	2208612	r
ERR4899984	PAIRED	https://ftp.sra.ebi.ac.uk/vol1/fastq/ERR489/004/ERR4899984/ERR4899984_1.fastq.gz	https://ftp.sra.ebi.ac.uk/vol1/fastq/ERR489/004/ERR4899984/ERR4899984_2.fastq.gz	SAMEA7667576	2997074	r
ERR4899985	PAIRED	https://ftp.sra.ebi.ac.uk/vol1/fastq/ERR489/005/ERR4899985/ERR4899985_1.fastq.gz	https://ftp.sra.ebi.ac.uk/vol1/fastq/ERR489/005/ERR4899985/ERR4899985_2.fastq.gz	SAMEA7667577	3091644	r
ERR4899987	PAIRED	https://ftp.sra.ebi.ac.uk/vol1/fastq/ERR489/007/ERR4899987/ERR4899987_1.fastq.gz	https://ftp.sra.ebi.ac.uk/vol1/fastq/ERR489/007/ERR4899987/ERR4899987_2.fastq.gz	SAMEA7667579	2898088	r
ERR4899988	PAIRED	https://ftp.sra.ebi.ac.uk/vol1/fastq/ERR489/008/ERR4899988/ERR4899988_1.fastq.gz	https://ftp.sra.ebi.ac.uk/vol1/fastq/ERR489/008/ERR4899988/ERR4899988_2.fastq.gz	SAMEA7667580	2317240	r
ERR4899989	PAIRED	https://ftp.sra.ebi.ac.uk/vol1/fastq/ERR489/009/ERR4899989/ERR4899989_1.fastq.gz	https://ftp.sra.ebi.ac.uk/vol1/fastq/ERR489/009/ERR4899989/ERR4899989_2.fastq.gz	SAMEA7667581	2348956	r
ERR4899992	PAIRED	https://ftp.sra.ebi.ac.uk/vol1/fastq/ERR489/002/ERR4899992/ERR4899992_1.fastq.gz	https://ftp.sra.ebi.ac.uk/vol1/fastq/ERR489/002/ERR4899992/ERR4899992_2.fastq.gz	SAMEA7667584	3091338	r
ERR4899994	PAIRED	https://ftp.sra.ebi.ac.uk/vol1/fastq/ERR489/004/ERR4899994/ERR4899994_1.fastq.gz	https://ftp.sra.ebi.ac.uk/vol1/fastq/ERR489/004/ERR4899994/ERR4899994_2.fastq.gz	SAMEA7667586	2441468	r
ERR4899995	PAIRED	https://ftp.sra.ebi.ac.uk/vol1/fastq/ERR489/005/ERR4899995/ERR4899995_1.fastq.gz	https://ftp.sra.ebi.ac.uk/vol1/fastq/ERR489/005/ERR4899995/ERR4899995_2.fastq.gz	SAMEA7667587	1466842	r
ERR4899997	PAIRED	https://ftp.sra.ebi.ac.uk/vol1/fastq/ERR489/007/ERR4899997/ERR4899997_1.fastq.gz	https://ftp.sra.ebi.ac.uk/vol1/fastq/ERR489/007/ERR4899997/ERR4899997_2.fastq.gz	SAMEA7667589	3300676	r
ERR4899999	PAIRED	https://ftp.sra.ebi.ac.uk/vol1/fastq/ERR489/009/ERR4899999/ERR4899999_1.fastq.gz	https://ftp.sra.ebi.ac.uk/vol1/fastq/ERR489/009/ERR4899999/ERR4899999_2.fastq.gz	SAMEA7667591	2371874	r
ERR4900000	PAIRED	https://ftp.sra.ebi.ac.uk/vol1/fastq/ERR490/000/ERR4900000/ERR4900000_1.fastq.gz	https://ftp.sra.ebi.ac.uk/vol1/fastq/ERR490/000/ERR4900000/ERR4900000_2.fastq.gz	SAMEA7667592	2749510	r
ERR4900001	PAIRED	https://ftp.sra.ebi.ac.uk/vol1/fastq/ERR490/001/ERR4900001/ERR4900001_1.fastq.gz	https://ftp.sra.ebi.ac.uk/vol1/fastq/ERR490/001/ERR4900001/ERR4900001_2.fastq.gz	SAMEA7667593	2352824	s
ERR4900002	PAIRED	https://ftp.sra.ebi.ac.uk/vol1/fastq/ERR490/002/ERR4900002/ERR4900002_1.fastq.gz	https://ftp.sra.ebi.ac.uk/vol1/fastq/ERR490/002/ERR4900002/ERR4900002_2.fastq.gz	SAMEA7667594	2989280	s
ERR4900005	PAIRED	https://ftp.sra.ebi.ac.uk/vol1/fastq/ERR490/005/ERR4900005/ERR4900005_1.fastq.gz	https://ftp.sra.ebi.ac.uk/vol1/fastq/ERR490/005/ERR4900005/ERR4900005_2.fastq.gz	SAMEA7667597	2825430	r
ERR4900006	PAIRED	https://ftp.sra.ebi.ac.uk/vol1/fastq/ERR490/006/ERR4900006/ERR4900006_1.fastq.gz	https://ftp.sra.ebi.ac.uk/vol1/fastq/ERR490/006/ERR4900006/ERR4900006_2.fastq.gz	SAMEA7667598	2026798	r
ERR4900009	PAIRED	https://ftp.sra.ebi.ac.uk/vol1/fastq/ERR490/009/ERR4900009/ERR4900009_1.fastq.gz	https://ftp.sra.ebi.ac.uk/vol1/fastq/ERR490/009/ERR4900009/ERR4900009_2.fastq.gz	SAMEA7667601	2589572	r
ERR4900010	PAIRED	https://ftp.sra.ebi.ac.uk/vol1/fastq/ERR490/000/ERR4900010/ERR4900010_1.fastq.gz	https://ftp.sra.ebi.ac.uk/vol1/fastq/ERR490/000/ERR4900010/ERR4900010_2.fastq.gz	SAMEA7667602	1629010	r
ERR4900012	PAIRED	https://ftp.sra.ebi.ac.uk/vol1/fastq/ERR490/002/ERR4900012/ERR4900012_1.fastq.gz	https://ftp.sra.ebi.ac.uk/vol1/fastq/ERR490/002/ERR4900012/ERR4900012_2.fastq.gz	SAMEA7667604	3934164	s
ERR4900013	PAIRED	https://ftp.sra.ebi.ac.uk/vol1/fastq/ERR490/003/ERR4900013/ERR4900013_1.fastq.gz	https://ftp.sra.ebi.ac.uk/vol1/fastq/ERR490/003/ERR4900013/ERR4900013_2.fastq.gz	SAMEA7667605	3164940	r
ERR4900017	PAIRED	https://ftp.sra.ebi.ac.uk/vol1/fastq/ERR490/007/ERR4900017/ERR4900017_1.fastq.gz	https://ftp.sra.ebi.ac.uk/vol1/fastq/ERR490/007/ERR4900017/ERR4900017_2.fastq.gz	SAMEA7667609	3099986	r
ERR4900019	PAIRED	https://ftp.sra.ebi.ac.uk/vol1/fastq/ERR490/009/ERR4900019/ERR4900019_1.fastq.gz	https://ftp.sra.ebi.ac.uk/vol1/fastq/ERR490/009/ERR4900019/ERR4900019_2.fastq.gz	SAMEA7667611	2529350	r
ERR4900023	PAIRED	https://ftp.sra.ebi.ac.uk/vol1/fastq/ERR490/003/ERR4900023/ERR4900023_1.fastq.gz	https://ftp.sra.ebi.ac.uk/vol1/fastq/ERR490/003/ERR4900023/ERR4900023_2.fastq.gz	SAMEA7667615	3428592	s
ERR4900024	PAIRED	https://ftp.sra.ebi.ac.uk/vol1/fastq/ERR490/004/ERR4900024/ERR4900024_1.fastq.gz	https://ftp.sra.ebi.ac.uk/vol1/fastq/ERR490/004/ERR4900024/ERR4900024_2.fastq.gz	SAMEA7667616	3559242	s
ERR4900027	PAIRED	https://ftp.sra.ebi.ac.uk/vol1/fastq/ERR490/007/ERR4900027/ERR4900027_1.fastq.gz	https://ftp.sra.ebi.ac.uk/vol1/fastq/ERR490/007/ERR4900027/ERR4900027_2.fastq.gz	SAMEA7667619	2811744	s
ERR4900030	PAIRED	https://ftp.sra.ebi.ac.uk/vol1/fastq/ERR490/000/ERR4900030/ERR4900030_1.fastq.gz	https://ftp.sra.ebi.ac.uk/vol1/fastq/ERR490/000/ERR4900030/ERR4900030_2.fastq.gz	SAMEA7667622	3196636	s
ERR4900033	PAIRED	https://ftp.sra.ebi.ac.uk/vol1/fastq/ERR490/003/ERR4900033/ERR4900033_1.fastq.gz	https://ftp.sra.ebi.ac.uk/vol1/fastq/ERR490/003/ERR4900033/ERR4900033_2.fastq.gz	SAMEA7667625	3199680	s
ERR4900036	PAIRED	https://ftp.sra.ebi.ac.uk/vol1/fastq/ERR490/006/ERR4900036/ERR4900036_1.fastq.gz	https://ftp.sra.ebi.ac.uk/vol1/fastq/ERR490/006/ERR4900036/ERR4900036_2.fastq.gz	SAMEA7667628	3285548	s
ERR4900038	PAIRED	https://ftp.sra.ebi.ac.uk/vol1/fastq/ERR490/008/ERR4900038/ERR4900038_1.fastq.gz	https://ftp.sra.ebi.ac.uk/vol1/fastq/ERR490/008/ERR4900038/ERR4900038_2.fastq.gz	SAMEA7667630	3842554	s
ERR4900039	PAIRED	https://ftp.sra.ebi.ac.uk/vol1/fastq/ERR490/009/ERR4900039/ERR4900039_1.fastq.gz	https://ftp.sra.ebi.ac.uk/vol1/fastq/ERR490/009/ERR4900039/ERR4900039_2.fastq.gz	SAMEA7667631	3364066	s
ERR527219	PAIRED	https://ftp.sra.ebi.ac.uk/vol1/fastq/ERR527/ERR527219/ERR527219_1.fastq.gz	https://ftp.sra.ebi.ac.uk/vol1/fastq/ERR527/ERR527219/ERR527219_2.fastq.gz	SAMEA2385116	4284058	u
ERR527220	PAIRED	https://ftp.sra.ebi.ac.uk/vol1/fastq/ERR527/ERR527220/ERR527220_1.fastq.gz	https://ftp.sra.ebi.ac.uk/vol1/fastq/ERR527/ERR527220/ERR527220_2.fastq.gz	SAMEA2385117	3756932	u
ERR527221	PAIRED	https://ftp.sra.ebi.ac.uk/vol1/fastq/ERR527/ERR527221/ERR527221_1.fastq.gz	https://ftp.sra.ebi.ac.uk/vol1/fastq/ERR527/ERR527221/ERR527221_2.fastq.gz	SAMEA2385118	3891422	u
ERR527225	PAIRED	https://ftp.sra.ebi.ac.uk/vol1/fastq/ERR527/ERR527225/ERR527225_1.fastq.gz	https://ftp.sra.ebi.ac.uk/vol1/fastq/ERR527/ERR527225/ERR527225_2.fastq.gz	SAMEA2385122	4501914	u
ERR527227	PAIRED	https://ftp.sra.ebi.ac.uk/vol1/fastq/ERR527/ERR527227/ERR527227_1.fastq.gz	https://ftp.sra.ebi.ac.uk/vol1/fastq/ERR527/ERR527227/ERR527227_2.fastq.gz	SAMEA2385124	3857548	u
ERR527233	PAIRED	https://ftp.sra.ebi.ac.uk/vol1/fastq/ERR527/ERR527233/ERR527233_1.fastq.gz	https://ftp.sra.ebi.ac.uk/vol1/fastq/ERR527/ERR527233/ERR527233_2.fastq.gz	SAMEA2385130	4745356	u
ERR527234	PAIRED	https://ftp.sra.ebi.ac.uk/vol1/fastq/ERR527/ERR527234/ERR527234_1.fastq.gz	https://ftp.sra.ebi.ac.uk/vol1/fastq/ERR527/ERR527234/ERR527234_2.fastq.gz	SAMEA2385131	4565680	u
ERR527237	PAIRED	https://ftp.sra.ebi.ac.uk/vol1/fastq/ERR527/ERR527237/ERR527237_1.fastq.gz	https://ftp.sra.ebi.ac.uk/vol1/fastq/ERR527/ERR527237/ERR527237_2.fastq.gz	SAMEA2385134	4495702	u
ERR527243	PAIRED	https://ftp.sra.ebi.ac.uk/vol1/fastq/ERR527/ERR527243/ERR527243_1.fastq.gz	https://ftp.sra.ebi.ac.uk/vol1/fastq/ERR527/ERR527243/ERR527243_2.fastq.gz	SAMEA2385140	4276534	u
ERR527244	PAIRED	https://ftp.sra.ebi.ac.uk/vol1/fastq/ERR527/ERR527244/ERR527244_1.fastq.gz	https://ftp.sra.ebi.ac.uk/vol1/fastq/ERR527/ERR527244/ERR527244_2.fastq.gz	SAMEA2385141	4304888	u
ERR527246	PAIRED	https://ftp.sra.ebi.ac.uk/vol1/fastq/ERR527/ERR527246/ERR527246_1.fastq.gz	https://ftp.sra.ebi.ac.uk/vol1/fastq/ERR527/ERR527246/ERR527246_2.fastq.gz	SAMEA2385143	4600212	u
ERR527249	PAIRED	https://ftp.sra.ebi.ac.uk/vol1/fastq/ERR527/ERR527249/ERR527249_1.fastq.gz	https://ftp.sra.ebi.ac.uk/vol1/fastq/ERR527/ERR527249/ERR527249_2.fastq.gz	SAMEA2385146	4682872	u
ERR527252	PAIRED	https://ftp.sra.ebi.ac.uk/vol1/fastq/ERR527/ERR527252/ERR527252_1.fastq.gz	https://ftp.sra.ebi.ac.uk/vol1/fastq/ERR527/ERR527252/ERR527252_2.fastq.gz	SAMEA2385149	4281550	u
ERR527258	PAIRED	https://ftp.sra.ebi.ac.uk/vol1/fastq/ERR527/ERR527258/ERR527258_1.fastq.gz	https://ftp.sra.ebi.ac.uk/vol1/fastq/ERR527/ERR527258/ERR527258_2.fastq.gz	SAMEA2385156	4045006	u
ERR527264	PAIRED	https://ftp.sra.ebi.ac.uk/vol1/fastq/ERR527/ERR527264/ERR527264_1.fastq.gz	https://ftp.sra.ebi.ac.uk/vol1/fastq/ERR527/ERR527264/ERR527264_2.fastq.gz	SAMEA2385162	4862730	u
ERR527267	PAIRED	https://ftp.sra.ebi.ac.uk/vol1/fastq/ERR527/ERR527267/ERR527267_1.fastq.gz	https://ftp.sra.ebi.ac.uk/vol1/fastq/ERR527/ERR527267/ERR527267_2.fastq.gz	SAMEA2385165	4341220	u
ERR527272	PAIRED	https://ftp.sra.ebi.ac.uk/vol1/fastq/ERR527/ERR527272/ERR527272_1.fastq.gz	https://ftp.sra.ebi.ac.uk/vol1/fastq/ERR527/ERR527272/ERR527272_2.fastq.gz	SAMEA2385170	5062682	u
ERR527273	PAIRED	https://ftp.sra.ebi.ac.uk/vol1/fastq/ERR527/ERR527273/ERR527273_1.fastq.gz	https://ftp.sra.ebi.ac.uk/vol1/fastq/ERR527/ERR527273/ERR527273_2.fastq.gz	SAMEA2385171	4882606	u
ERR527275	PAIRED	https://ftp.sra.ebi.ac.uk/vol1/fastq/ERR527/ERR527275/ERR527275_1.fastq.gz	https://ftp.sra.ebi.ac.uk/vol1/fastq/ERR527/ERR527275/ERR527275_2.fastq.gz	SAMEA2385173	4670690	u
ERR527280	PAIRED	https://ftp.sra.ebi.ac.uk/vol1/fastq/ERR527/ERR527280/ERR527280_1.fastq.gz	https://ftp.sra.ebi.ac.uk/vol1/fastq/ERR527/ERR527280/ERR527280_2.fastq.gz	SAMEA2385178	4753568	u
ERR527283	PAIRED	https://ftp.sra.ebi.ac.uk/vol1/fastq/ERR527/ERR527283/ERR527283_1.fastq.gz	https://ftp.sra.ebi.ac.uk/vol1/fastq/ERR527/ERR527283/ERR527283_2.fastq.gz	SAMEA2385181	4483888	u
ERR527284	PAIRED	https://ftp.sra.ebi.ac.uk/vol1/fastq/ERR527/ERR527284/ERR527284_1.fastq.gz	https://ftp.sra.ebi.ac.uk/vol1/fastq/ERR527/ERR527284/ERR527284_2.fastq.gz	SAMEA2385182	5140038	u
ERR527285	PAIRED	https://ftp.sra.ebi.ac.uk/vol1/fastq/ERR527/ERR527285/ERR527285_1.fastq.gz	https://ftp.sra.ebi.ac.uk/vol1/fastq/ERR527/ERR527285/ERR527285_2.fastq.gz	SAMEA2385183	4698360	u
ERR527286	PAIRED	https://ftp.sra.ebi.ac.uk/vol1/fastq/ERR527/ERR527286/ERR527286_1.fastq.gz	https://ftp.sra.ebi.ac.uk/vol1/fastq/ERR527/ERR527286/ERR527286_2.fastq.gz	SAMEA2385184	4768824	u
ERR527288	PAIRED	https://ftp.sra.ebi.ac.uk/vol1/fastq/ERR527/ERR527288/ERR527288_1.fastq.gz	https://ftp.sra.ebi.ac.uk/vol1/fastq/ERR527/ERR527288/ERR527288_2.fastq.gz	SAMEA2385186	4810928	u
ERR527290	PAIRED	https://ftp.sra.ebi.ac.uk/vol1/fastq/ERR527/ERR527290/ERR527290_1.fastq.gz	https://ftp.sra.ebi.ac.uk/vol1/fastq/ERR527/ERR527290/ERR527290_2.fastq.gz	SAMEA2385188	4985672	u
ERR527292	PAIRED	https://ftp.sra.ebi.ac.uk/vol1/fastq/ERR527/ERR527292/ERR527292_1.fastq.gz	https://ftp.sra.ebi.ac.uk/vol1/fastq/ERR527/ERR527292/ERR527292_2.fastq.gz	SAMEA2385190	4488094	u
ERR527294	PAIRED	https://ftp.sra.ebi.ac.uk/vol1/fastq/ERR527/ERR527294/ERR527294_1.fastq.gz	https://ftp.sra.ebi.ac.uk/vol1/fastq/ERR527/ERR527294/ERR527294_2.fastq.gz	SAMEA2385192	4431178	u
ERR527295	PAIRED	https://ftp.sra.ebi.ac.uk/vol1/fastq/ERR527/ERR527295/ERR527295_1.fastq.gz	https://ftp.sra.ebi.ac.uk/vol1/fastq/ERR527/ERR527295/ERR527295_2.fastq.gz	SAMEA2385193	4253654	u
ERR527297	PAIRED	https://ftp.sra.ebi.ac.uk/vol1/fastq/ERR527/ERR527297/ERR527297_1.fastq.gz	https://ftp.sra.ebi.ac.uk/vol1/fastq/ERR527/ERR527297/ERR527297_2.fastq.gz	SAMEA2385195	4237688	u
ERR527299	PAIRED	https://ftp.sra.ebi.ac.uk/vol1/fastq/ERR527/ERR527299/ERR527299_1.fastq.gz	https://ftp.sra.ebi.ac.uk/vol1/fastq/ERR527/ERR527299/ERR527299_2.fastq.gz	SAMEA2385197	4659668	u
ERR527300	PAIRED	https://ftp.sra.ebi.ac.uk/vol1/fastq/ERR527/ERR527300/ERR527300_1.fastq.gz	https://ftp.sra.ebi.ac.uk/vol1/fastq/ERR527/ERR527300/ERR527300_2.fastq.gz	SAMEA2385198	4599416	u
ERR527307	PAIRED	https://ftp.sra.ebi.ac.uk/vol1/fastq/ERR527/ERR527307/ERR527307_1.fastq.gz	https://ftp.sra.ebi.ac.uk/vol1/fastq/ERR527/ERR527307/ERR527307_2.fastq.gz	SAMEA2385205	4266024	u
ERR527309	PAIRED	https://ftp.sra.ebi.ac.uk/vol1/fastq/ERR527/ERR527309/ERR527309_1.fastq.gz	https://ftp.sra.ebi.ac.uk/vol1/fastq/ERR527/ERR527309/ERR527309_2.fastq.gz	SAMEA2385207	3884920	u
ERR527310	PAIRED	https://ftp.sra.ebi.ac.uk/vol1/fastq/ERR527/ERR527310/ERR527310_1.fastq.gz	https://ftp.sra.ebi.ac.uk/vol1/fastq/ERR527/ERR527310/ERR527310_2.fastq.gz	SAMEA2385208	3753210	u
ERR527312	PAIRED	https://ftp.sra.ebi.ac.uk/vol1/fastq/ERR527/ERR527312/ERR527312_1.fastq.gz	https://ftp.sra.ebi.ac.uk/vol1/fastq/ERR527/ERR527312/ERR527312_2.fastq.gz	SAMEA2385210	3855288	u
ERR540703	PAIRED	https://ftp.sra.ebi.ac.uk/vol1/fastq/ERR540/ERR540703/ERR540703_1.fastq.gz	https://ftp.sra.ebi.ac.uk/vol1/fastq/ERR540/ERR540703/ERR540703_2.fastq.gz	SAMEA2385402	4267288	u
ERR540704	PAIRED	https://ftp.sra.ebi.ac.uk/vol1/fastq/ERR540/ERR540704/ERR540704_1.fastq.gz	https://ftp.sra.ebi.ac.uk/vol1/fastq/ERR540/ERR540704/ERR540704_2.fastq.gz	SAMEA2385403	5166512	u
ERR540705	PAIRED	https://ftp.sra.ebi.ac.uk/vol1/fastq/ERR540/ERR540705/ERR540705_1.fastq.gz	https://ftp.sra.ebi.ac.uk/vol1/fastq/ERR540/ERR540705/ERR540705_2.fastq.gz	SAMEA2385404	4638738	u
ERR540706	PAIRED	https://ftp.sra.ebi.ac.uk/vol1/fastq/ERR540/ERR540706/ERR540706_1.fastq.gz	https://ftp.sra.ebi.ac.uk/vol1/fastq/ERR540/ERR540706/ERR540706_2.fastq.gz	SAMEA2385405	4672404	u
ERR540709	PAIRED	https://ftp.sra.ebi.ac.uk/vol1/fastq/ERR540/ERR540709/ERR540709_1.fastq.gz	https://ftp.sra.ebi.ac.uk/vol1/fastq/ERR540/ERR540709/ERR540709_2.fastq.gz	SAMEA2385408	5480260	u
ERR540710	PAIRED	https://ftp.sra.ebi.ac.uk/vol1/fastq/ERR540/ERR540710/ERR540710_1.fastq.gz	https://ftp.sra.ebi.ac.uk/vol1/fastq/ERR540/ERR540710/ERR540710_2.fastq.gz	SAMEA2385409	4415846	u
ERR540712	PAIRED	https://ftp.sra.ebi.ac.uk/vol1/fastq/ERR540/ERR540712/ERR540712_1.fastq.gz	https://ftp.sra.ebi.ac.uk/vol1/fastq/ERR540/ERR540712/ERR540712_2.fastq.gz	SAMEA2385411	4149798	u
ERR540713	PAIRED	https://ftp.sra.ebi.ac.uk/vol1/fastq/ERR540/ERR540713/ERR540713_1.fastq.gz	https://ftp.sra.ebi.ac.uk/vol1/fastq/ERR540/ERR540713/ERR540713_2.fastq.gz	SAMEA2385412	4239070	u
ERR540714	PAIRED	https://ftp.sra.ebi.ac.uk/vol1/fastq/ERR540/ERR540714/ERR540714_1.fastq.gz	https://ftp.sra.ebi.ac.uk/vol1/fastq/ERR540/ERR540714/ERR540714_2.fastq.gz	SAMEA2385413	4375660	u
ERR540720	PAIRED	https://ftp.sra.ebi.ac.uk/vol1/fastq/ERR540/ERR540720/ERR540720_1.fastq.gz	https://ftp.sra.ebi.ac.uk/vol1/fastq/ERR540/ERR540720/ERR540720_2.fastq.gz	SAMEA2385419	4310044	u
ERR540722	PAIRED	https://ftp.sra.ebi.ac.uk/vol1/fastq/ERR540/ERR540722/ERR540722_1.fastq.gz	https://ftp.sra.ebi.ac.uk/vol1/fastq/ERR540/ERR540722/ERR540722_2.fastq.gz	SAMEA2385421	4350378	u
ERR540723	PAIRED	https://ftp.sra.ebi.ac.uk/vol1/fastq/ERR540/ERR540723/ERR540723_1.fastq.gz	https://ftp.sra.ebi.ac.uk/vol1/fastq/ERR540/ERR540723/ERR540723_2.fastq.gz	SAMEA2385422	4649164	u
ERR540724	PAIRED	https://ftp.sra.ebi.ac.uk/vol1/fastq/ERR540/ERR540724/ERR540724_1.fastq.gz	https://ftp.sra.ebi.ac.uk/vol1/fastq/ERR540/ERR540724/ERR540724_2.fastq.gz	SAMEA2385423	4730004	u
ERR540725	PAIRED	https://ftp.sra.ebi.ac.uk/vol1/fastq/ERR540/ERR540725/ERR540725_1.fastq.gz	https://ftp.sra.ebi.ac.uk/vol1/fastq/ERR540/ERR540725/ERR540725_2.fastq.gz	SAMEA2385424	4804080	u
ERR540729	PAIRED	https://ftp.sra.ebi.ac.uk/vol1/fastq/ERR540/ERR540729/ERR540729_1.fastq.gz	https://ftp.sra.ebi.ac.uk/vol1/fastq/ERR540/ERR540729/ERR540729_2.fastq.gz	SAMEA2385428	4720784	u
ERR540730	PAIRED	https://ftp.sra.ebi.ac.uk/vol1/fastq/ERR540/ERR540730/ERR540730_1.fastq.gz	https://ftp.sra.ebi.ac.uk/vol1/fastq/ERR540/ERR540730/ERR540730_2.fastq.gz	SAMEA2385429	4671808	u
ERR540732	PAIRED	https://ftp.sra.ebi.ac.uk/vol1/fastq/ERR540/ERR540732/ERR540732_1.fastq.gz	https://ftp.sra.ebi.ac.uk/vol1/fastq/ERR540/ERR540732/ERR540732_2.fastq.gz	SAMEA2385431	4467064	u
ERR540737	PAIRED	https://ftp.sra.ebi.ac.uk/vol1/fastq/ERR540/ERR540737/ERR540737_1.fastq.gz	https://ftp.sra.ebi.ac.uk/vol1/fastq/ERR540/ERR540737/ERR540737_2.fastq.gz	SAMEA2385436	4723740	u
ERR540739	PAIRED	https://ftp.sra.ebi.ac.uk/vol1/fastq/ERR540/ERR540739/ERR540739_1.fastq.gz	https://ftp.sra.ebi.ac.uk/vol1/fastq/ERR540/ERR540739/ERR540739_2.fastq.gz	SAMEA2385438	4805474	u
ERR540740	PAIRED	https://ftp.sra.ebi.ac.uk/vol1/fastq/ERR540/ERR540740/ERR540740_1.fastq.gz	https://ftp.sra.ebi.ac.uk/vol1/fastq/ERR540/ERR540740/ERR540740_2.fastq.gz	SAMEA2385439	4625322	u
ERR540743	PAIRED	https://ftp.sra.ebi.ac.uk/vol1/fastq/ERR540/ERR540743/ERR540743_1.fastq.gz	https://ftp.sra.ebi.ac.uk/vol1/fastq/ERR540/ERR540743/ERR540743_2.fastq.gz	SAMEA2385442	4198386	u
ERR540744	PAIRED	https://ftp.sra.ebi.ac.uk/vol1/fastq/ERR540/ERR540744/ERR540744_1.fastq.gz	https://ftp.sra.ebi.ac.uk/vol1/fastq/ERR540/ERR540744/ERR540744_2.fastq.gz	SAMEA2385443	4695488	u
ERR540745	PAIRED	https://ftp.sra.ebi.ac.uk/vol1/fastq/ERR540/ERR540745/ERR540745_1.fastq.gz	https://ftp.sra.ebi.ac.uk/vol1/fastq/ERR540/ERR540745/ERR540745_2.fastq.gz	SAMEA2385444	4532844	u
ERR540746	PAIRED	https://ftp.sra.ebi.ac.uk/vol1/fastq/ERR540/ERR540746/ERR540746_1.fastq.gz	https://ftp.sra.ebi.ac.uk/vol1/fastq/ERR540/ERR540746/ERR540746_2.fastq.gz	SAMEA2385445	4469736	u
ERR540749	PAIRED	https://ftp.sra.ebi.ac.uk/vol1/fastq/ERR540/ERR540749/ERR540749_1.fastq.gz	https://ftp.sra.ebi.ac.uk/vol1/fastq/ERR540/ERR540749/ERR540749_2.fastq.gz	SAMEA2385448	4221476	u
ERR540752	PAIRED	https://ftp.sra.ebi.ac.uk/vol1/fastq/ERR540/ERR540752/ERR540752_1.fastq.gz	https://ftp.sra.ebi.ac.uk/vol1/fastq/ERR540/ERR540752/ERR540752_2.fastq.gz	SAMEA2385451	4189064	u
ERR540754	PAIRED	https://ftp.sra.ebi.ac.uk/vol1/fastq/ERR540/ERR540754/ERR540754_1.fastq.gz	https://ftp.sra.ebi.ac.uk/vol1/fastq/ERR540/ERR540754/ERR540754_2.fastq.gz	SAMEA2385453	3955522	u
ERR540755	PAIRED	https://ftp.sra.ebi.ac.uk/vol1/fastq/ERR540/ERR540755/ERR540755_1.fastq.gz	https://ftp.sra.ebi.ac.uk/vol1/fastq/ERR540/ERR540755/ERR540755_2.fastq.gz	SAMEA2385454	4228046	u
ERR540756	PAIRED	https://ftp.sra.ebi.ac.uk/vol1/fastq/ERR540/ERR540756/ERR540756_1.fastq.gz	https://ftp.sra.ebi.ac.uk/vol1/fastq/ERR540/ERR540756/ERR540756_2.fastq.gz	SAMEA2385455	4319848	u
ERR540759	PAIRED	https://ftp.sra.ebi.ac.uk/vol1/fastq/ERR540/ERR540759/ERR540759_1.fastq.gz	https://ftp.sra.ebi.ac.uk/vol1/fastq/ERR540/ERR540759/ERR540759_2.fastq.gz	SAMEA2385458	3908628	u
ERR540761	PAIRED	https://ftp.sra.ebi.ac.uk/vol1/fastq/ERR540/ERR540761/ERR540761_1.fastq.gz	https://ftp.sra.ebi.ac.uk/vol1/fastq/ERR540/ERR540761/ERR540761_2.fastq.gz	SAMEA2385460	4340908	u
ERR540762	PAIRED	https://ftp.sra.ebi.ac.uk/vol1/fastq/ERR540/ERR540762/ERR540762_1.fastq.gz	https://ftp.sra.ebi.ac.uk/vol1/fastq/ERR540/ERR540762/ERR540762_2.fastq.gz	SAMEA2385461	3762090	u
ERR540763	PAIRED	https://ftp.sra.ebi.ac.uk/vol1/fastq/ERR540/ERR540763/ERR540763_1.fastq.gz	https://ftp.sra.ebi.ac.uk/vol1/fastq/ERR540/ERR540763/ERR540763_2.fastq.gz	SAMEA2385462	4073564	u
ERR540764	PAIRED	https://ftp.sra.ebi.ac.uk/vol1/fastq/ERR540/ERR540764/ERR540764_1.fastq.gz	https://ftp.sra.ebi.ac.uk/vol1/fastq/ERR540/ERR540764/ERR540764_2.fastq.gz	SAMEA2385463	4850924	u
ERR540766	PAIRED	https://ftp.sra.ebi.ac.uk/vol1/fastq/ERR540/ERR540766/ERR540766_1.fastq.gz	https://ftp.sra.ebi.ac.uk/vol1/fastq/ERR540/ERR540766/ERR540766_2.fastq.gz	SAMEA2385465	4014334	u
ERR540771	PAIRED	https://ftp.sra.ebi.ac.uk/vol1/fastq/ERR540/ERR540771/ERR540771_1.fastq.gz	https://ftp.sra.ebi.ac.uk/vol1/fastq/ERR540/ERR540771/ERR540771_2.fastq.gz	SAMEA2385470	3761304	u
ERR540772	PAIRED	https://ftp.sra.ebi.ac.uk/vol1/fastq/ERR540/ERR540772/ERR540772_1.fastq.gz	https://ftp.sra.ebi.ac.uk/vol1/fastq/ERR540/ERR540772/ERR540772_2.fastq.gz	SAMEA2385471	4159038	u
ERR540774	PAIRED	https://ftp.sra.ebi.ac.uk/vol1/fastq/ERR540/ERR540774/ERR540774_1.fastq.gz	https://ftp.sra.ebi.ac.uk/vol1/fastq/ERR540/ERR540774/ERR540774_2.fastq.gz	SAMEA2385473	3817478	u
ERR540776	PAIRED	https://ftp.sra.ebi.ac.uk/vol1/fastq/ERR540/ERR540776/ERR540776_1.fastq.gz	https://ftp.sra.ebi.ac.uk/vol1/fastq/ERR540/ERR540776/ERR540776_2.fastq.gz	SAMEA2385477	4332026	u
ERR540777	PAIRED	https://ftp.sra.ebi.ac.uk/vol1/fastq/ERR540/ERR540777/ERR540777_1.fastq.gz	https://ftp.sra.ebi.ac.uk/vol1/fastq/ERR540/ERR540777/ERR540777_2.fastq.gz	SAMEA2385478	4129468	u
ERR540779	PAIRED	https://ftp.sra.ebi.ac.uk/vol1/fastq/ERR540/ERR540779/ERR540779_1.fastq.gz	https://ftp.sra.ebi.ac.uk/vol1/fastq/ERR540/ERR540779/ERR540779_2.fastq.gz	SAMEA2385480	4640574	u
ERR540781	PAIRED	https://ftp.sra.ebi.ac.uk/vol1/fastq/ERR540/ERR540781/ERR540781_1.fastq.gz	https://ftp.sra.ebi.ac.uk/vol1/fastq/ERR540/ERR540781/ERR540781_2.fastq.gz	SAMEA2385482	4059370	u
ERR540782	PAIRED	https://ftp.sra.ebi.ac.uk/vol1/fastq/ERR540/ERR540782/ERR540782_1.fastq.gz	https://ftp.sra.ebi.ac.uk/vol1/fastq/ERR540/ERR540782/ERR540782_2.fastq.gz	SAMEA2385483	4225402	u
ERR540783	PAIRED	https://ftp.sra.ebi.ac.uk/vol1/fastq/ERR540/ERR540783/ERR540783_1.fastq.gz	https://ftp.sra.ebi.ac.uk/vol1/fastq/ERR540/ERR540783/ERR540783_2.fastq.gz	SAMEA2385484	3979074	u
ERR540784	PAIRED	https://ftp.sra.ebi.ac.uk/vol1/fastq/ERR540/ERR540784/ERR540784_1.fastq.gz	https://ftp.sra.ebi.ac.uk/vol1/fastq/ERR540/ERR540784/ERR540784_2.fastq.gz	SAMEA2385485	4131778	u
ERR540785	PAIRED	https://ftp.sra.ebi.ac.uk/vol1/fastq/ERR540/ERR540785/ERR540785_1.fastq.gz	https://ftp.sra.ebi.ac.uk/vol1/fastq/ERR540/ERR540785/ERR540785_2.fastq.gz	SAMEA2385486	4274786	u
ERR540787	PAIRED	https://ftp.sra.ebi.ac.uk/vol1/fastq/ERR540/ERR540787/ERR540787_1.fastq.gz	https://ftp.sra.ebi.ac.uk/vol1/fastq/ERR540/ERR540787/ERR540787_2.fastq.gz	SAMEA2385488	3826028	u
ERR540788	PAIRED	https://ftp.sra.ebi.ac.uk/vol1/fastq/ERR540/ERR540788/ERR540788_1.fastq.gz	https://ftp.sra.ebi.ac.uk/vol1/fastq/ERR540/ERR540788/ERR540788_2.fastq.gz	SAMEA2385489	4026830	u
ERR540791	PAIRED	https://ftp.sra.ebi.ac.uk/vol1/fastq/ERR540/ERR540791/ERR540791_1.fastq.gz	https://ftp.sra.ebi.ac.uk/vol1/fastq/ERR540/ERR540791/ERR540791_2.fastq.gz	SAMEA2385492	4473872	u
ERR540793	PAIRED	https://ftp.sra.ebi.ac.uk/vol1/fastq/ERR540/ERR540793/ERR540793_1.fastq.gz	https://ftp.sra.ebi.ac.uk/vol1/fastq/ERR540/ERR540793/ERR540793_2.fastq.gz	SAMEA2385494	4174848	u
ERR540795	PAIRED	https://ftp.sra.ebi.ac.uk/vol1/fastq/ERR540/ERR540795/ERR540795_1.fastq.gz	https://ftp.sra.ebi.ac.uk/vol1/fastq/ERR540/ERR540795/ERR540795_2.fastq.gz	SAMEA2385306	4486578	u
ERR540800	PAIRED	https://ftp.sra.ebi.ac.uk/vol1/fastq/ERR540/ERR540800/ERR540800_1.fastq.gz	https://ftp.sra.ebi.ac.uk/vol1/fastq/ERR540/ERR540800/ERR540800_2.fastq.gz	SAMEA2385311	4373188	u
ERR540801	PAIRED	https://ftp.sra.ebi.ac.uk/vol1/fastq/ERR540/ERR540801/ERR540801_1.fastq.gz	https://ftp.sra.ebi.ac.uk/vol1/fastq/ERR540/ERR540801/ERR540801_2.fastq.gz	SAMEA2385312	4598406	u
ERR540803	PAIRED	https://ftp.sra.ebi.ac.uk/vol1/fastq/ERR540/ERR540803/ERR540803_1.fastq.gz	https://ftp.sra.ebi.ac.uk/vol1/fastq/ERR540/ERR540803/ERR540803_2.fastq.gz	SAMEA2385314	4731806	u
ERR540804	PAIRED	https://ftp.sra.ebi.ac.uk/vol1/fastq/ERR540/ERR540804/ERR540804_1.fastq.gz	https://ftp.sra.ebi.ac.uk/vol1/fastq/ERR540/ERR540804/ERR540804_2.fastq.gz	SAMEA2385315	4386106	u
ERR540812	PAIRED	https://ftp.sra.ebi.ac.uk/vol1/fastq/ERR540/ERR540812/ERR540812_1.fastq.gz	https://ftp.sra.ebi.ac.uk/vol1/fastq/ERR540/ERR540812/ERR540812_2.fastq.gz	SAMEA2385323	4552896	u
ERR540816	PAIRED	https://ftp.sra.ebi.ac.uk/vol1/fastq/ERR540/ERR540816/ERR540816_1.fastq.gz	https://ftp.sra.ebi.ac.uk/vol1/fastq/ERR540/ERR540816/ERR540816_2.fastq.gz	SAMEA2385327	5165490	u
ERR540820	PAIRED	https://ftp.sra.ebi.ac.uk/vol1/fastq/ERR540/ERR540820/ERR540820_1.fastq.gz	https://ftp.sra.ebi.ac.uk/vol1/fastq/ERR540/ERR540820/ERR540820_2.fastq.gz	SAMEA2385331	4347872	u
ERR540821	PAIRED	https://ftp.sra.ebi.ac.uk/vol1/fastq/ERR540/ERR540821/ERR540821_1.fastq.gz	https://ftp.sra.ebi.ac.uk/vol1/fastq/ERR540/ERR540821/ERR540821_2.fastq.gz	SAMEA2385332	4474074	u
ERR540822	PAIRED	https://ftp.sra.ebi.ac.uk/vol1/fastq/ERR540/ERR540822/ERR540822_1.fastq.gz	https://ftp.sra.ebi.ac.uk/vol1/fastq/ERR540/ERR540822/ERR540822_2.fastq.gz	SAMEA2385333	4736044	u
ERR540823	PAIRED	https://ftp.sra.ebi.ac.uk/vol1/fastq/ERR540/ERR540823/ERR540823_1.fastq.gz	https://ftp.sra.ebi.ac.uk/vol1/fastq/ERR540/ERR540823/ERR540823_2.fastq.gz	SAMEA2385334	4592728	u
ERR540824	PAIRED	https://ftp.sra.ebi.ac.uk/vol1/fastq/ERR540/ERR540824/ERR540824_1.fastq.gz	https://ftp.sra.ebi.ac.uk/vol1/fastq/ERR540/ERR540824/ERR540824_2.fastq.gz	SAMEA2385335	4463784	u
ERR540827	PAIRED	https://ftp.sra.ebi.ac.uk/vol1/fastq/ERR540/ERR540827/ERR540827_1.fastq.gz	https://ftp.sra.ebi.ac.uk/vol1/fastq/ERR540/ERR540827/ERR540827_2.fastq.gz	SAMEA2385338	4163164	u
ERR540833	PAIRED	https://ftp.sra.ebi.ac.uk/vol1/fastq/ERR540/ERR540833/ERR540833_1.fastq.gz	https://ftp.sra.ebi.ac.uk/vol1/fastq/ERR540/ERR540833/ERR540833_2.fastq.gz	SAMEA2385345	4463212	u
ERR540839	PAIRED	https://ftp.sra.ebi.ac.uk/vol1/fastq/ERR540/ERR540839/ERR540839_1.fastq.gz	https://ftp.sra.ebi.ac.uk/vol1/fastq/ERR540/ERR540839/ERR540839_2.fastq.gz	SAMEA2385351	4938722	u
ERR540841	PAIRED	https://ftp.sra.ebi.ac.uk/vol1/fastq/ERR540/ERR540841/ERR540841_1.fastq.gz	https://ftp.sra.ebi.ac.uk/vol1/fastq/ERR540/ERR540841/ERR540841_2.fastq.gz	SAMEA2385353	4660004	u
ERR540842	PAIRED	https://ftp.sra.ebi.ac.uk/vol1/fastq/ERR540/ERR540842/ERR540842_1.fastq.gz	https://ftp.sra.ebi.ac.uk/vol1/fastq/ERR540/ERR540842/ERR540842_2.fastq.gz	SAMEA2385354	3939008	u
ERR540844	PAIRED	https://ftp.sra.ebi.ac.uk/vol1/fastq/ERR540/ERR540844/ERR540844_1.fastq.gz	https://ftp.sra.ebi.ac.uk/vol1/fastq/ERR540/ERR540844/ERR540844_2.fastq.gz	SAMEA2385356	4469704	u
ERR540851	PAIRED	https://ftp.sra.ebi.ac.uk/vol1/fastq/ERR540/ERR540851/ERR540851_1.fastq.gz	https://ftp.sra.ebi.ac.uk/vol1/fastq/ERR540/ERR540851/ERR540851_2.fastq.gz	SAMEA2385363	4363180	u
ERR540854	PAIRED	https://ftp.sra.ebi.ac.uk/vol1/fastq/ERR540/ERR540854/ERR540854_1.fastq.gz	https://ftp.sra.ebi.ac.uk/vol1/fastq/ERR540/ERR540854/ERR540854_2.fastq.gz	SAMEA2385366	4570306	u
ERR540856	PAIRED	https://ftp.sra.ebi.ac.uk/vol1/fastq/ERR540/ERR540856/ERR540856_1.fastq.gz	https://ftp.sra.ebi.ac.uk/vol1/fastq/ERR540/ERR540856/ERR540856_2.fastq.gz	SAMEA2385368	4735624	u
ERR540857	PAIRED	https://ftp.sra.ebi.ac.uk/vol1/fastq/ERR540/ERR540857/ERR540857_1.fastq.gz	https://ftp.sra.ebi.ac.uk/vol1/fastq/ERR540/ERR540857/ERR540857_2.fastq.gz	SAMEA2385369	4864006	u
ERR540859	PAIRED	https://ftp.sra.ebi.ac.uk/vol1/fastq/ERR540/ERR540859/ERR540859_1.fastq.gz	https://ftp.sra.ebi.ac.uk/vol1/fastq/ERR540/ERR540859/ERR540859_2.fastq.gz	SAMEA2385371	4251196	u
ERR540861	PAIRED	https://ftp.sra.ebi.ac.uk/vol1/fastq/ERR540/ERR540861/ERR540861_1.fastq.gz	https://ftp.sra.ebi.ac.uk/vol1/fastq/ERR540/ERR540861/ERR540861_2.fastq.gz	SAMEA2385373	4328676	u
ERR540862	PAIRED	https://ftp.sra.ebi.ac.uk/vol1/fastq/ERR540/ERR540862/ERR540862_1.fastq.gz	https://ftp.sra.ebi.ac.uk/vol1/fastq/ERR540/ERR540862/ERR540862_2.fastq.gz	SAMEA2385374	4225878	u
ERR540865	PAIRED	https://ftp.sra.ebi.ac.uk/vol1/fastq/ERR540/ERR540865/ERR540865_1.fastq.gz	https://ftp.sra.ebi.ac.uk/vol1/fastq/ERR540/ERR540865/ERR540865_2.fastq.gz	SAMEA2385377	4646276	u
ERR540869	PAIRED	https://ftp.sra.ebi.ac.uk/vol1/fastq/ERR540/ERR540869/ERR540869_1.fastq.gz	https://ftp.sra.ebi.ac.uk/vol1/fastq/ERR540/ERR540869/ERR540869_2.fastq.gz	SAMEA2385381	4283154	u
ERR540872	PAIRED	https://ftp.sra.ebi.ac.uk/vol1/fastq/ERR540/ERR540872/ERR540872_1.fastq.gz	https://ftp.sra.ebi.ac.uk/vol1/fastq/ERR540/ERR540872/ERR540872_2.fastq.gz	SAMEA2385384	4515128	u
ERR540873	PAIRED	https://ftp.sra.ebi.ac.uk/vol1/fastq/ERR540/ERR540873/ERR540873_1.fastq.gz	https://ftp.sra.ebi.ac.uk/vol1/fastq/ERR540/ERR540873/ERR540873_2.fastq.gz	SAMEA2385385	4272678	u
ERR540876	PAIRED	https://ftp.sra.ebi.ac.uk/vol1/fastq/ERR540/ERR540876/ERR540876_1.fastq.gz	https://ftp.sra.ebi.ac.uk/vol1/fastq/ERR540/ERR540876/ERR540876_2.fastq.gz	SAMEA2385388	4009108	u
ERR540879	PAIRED	https://ftp.sra.ebi.ac.uk/vol1/fastq/ERR540/ERR540879/ERR540879_1.fastq.gz	https://ftp.sra.ebi.ac.uk/vol1/fastq/ERR540/ERR540879/ERR540879_2.fastq.gz	SAMEA2385391	4196842	u
ERR540880	PAIRED	https://ftp.sra.ebi.ac.uk/vol1/fastq/ERR540/ERR540880/ERR540880_1.fastq.gz	https://ftp.sra.ebi.ac.uk/vol1/fastq/ERR540/ERR540880/ERR540880_2.fastq.gz	SAMEA2385392	4119768	u
ERR540883	PAIRED	https://ftp.sra.ebi.ac.uk/vol1/fastq/ERR540/ERR540883/ERR540883_1.fastq.gz	https://ftp.sra.ebi.ac.uk/vol1/fastq/ERR540/ERR540883/ERR540883_2.fastq.gz	SAMEA2385395	4192096	u
ERR540884	PAIRED	https://ftp.sra.ebi.ac.uk/vol1/fastq/ERR540/ERR540884/ERR540884_1.fastq.gz	https://ftp.sra.ebi.ac.uk/vol1/fastq/ERR540/ERR540884/ERR540884_2.fastq.gz	SAMEA2385396	4409000	u
ERR540886	PAIRED	https://ftp.sra.ebi.ac.uk/vol1/fastq/ERR540/ERR540886/ERR540886_1.fastq.gz	https://ftp.sra.ebi.ac.uk/vol1/fastq/ERR540/ERR540886/ERR540886_2.fastq.gz	SAMEA2385398	4308110	u
ERR540888	PAIRED	https://ftp.sra.ebi.ac.uk/vol1/fastq/ERR540/ERR540888/ERR540888_1.fastq.gz	https://ftp.sra.ebi.ac.uk/vol1/fastq/ERR540/ERR540888/ERR540888_2.fastq.gz	SAMEA2385400	4148350	u
ERR540896	PAIRED	https://ftp.sra.ebi.ac.uk/vol1/fastq/ERR540/ERR540896/ERR540896_1.fastq.gz	https://ftp.sra.ebi.ac.uk/vol1/fastq/ERR540/ERR540896/ERR540896_2.fastq.gz	SAMEA2385503	4348668	u
ERR540897	PAIRED	https://ftp.sra.ebi.ac.uk/vol1/fastq/ERR540/ERR540897/ERR540897_1.fastq.gz	https://ftp.sra.ebi.ac.uk/vol1/fastq/ERR540/ERR540897/ERR540897_2.fastq.gz	SAMEA2385504	3897300	u
ERR540898	PAIRED	https://ftp.sra.ebi.ac.uk/vol1/fastq/ERR540/ERR540898/ERR540898_1.fastq.gz	https://ftp.sra.ebi.ac.uk/vol1/fastq/ERR540/ERR540898/ERR540898_2.fastq.gz	SAMEA2385505	3747586	u
ERR540900	PAIRED	https://ftp.sra.ebi.ac.uk/vol1/fastq/ERR540/ERR540900/ERR540900_1.fastq.gz	https://ftp.sra.ebi.ac.uk/vol1/fastq/ERR540/ERR540900/ERR540900_2.fastq.gz	SAMEA2385507	4021088	u
ERR540903	PAIRED	https://ftp.sra.ebi.ac.uk/vol1/fastq/ERR540/ERR540903/ERR540903_1.fastq.gz	https://ftp.sra.ebi.ac.uk/vol1/fastq/ERR540/ERR540903/ERR540903_2.fastq.gz	SAMEA2385510	4802276	u
ERR540906	PAIRED	https://ftp.sra.ebi.ac.uk/vol1/fastq/ERR540/ERR540906/ERR540906_1.fastq.gz	https://ftp.sra.ebi.ac.uk/vol1/fastq/ERR540/ERR540906/ERR540906_2.fastq.gz	SAMEA2385513	5095608	u
ERR540908	PAIRED	https://ftp.sra.ebi.ac.uk/vol1/fastq/ERR540/ERR540908/ERR540908_1.fastq.gz	https://ftp.sra.ebi.ac.uk/vol1/fastq/ERR540/ERR540908/ERR540908_2.fastq.gz	SAMEA2385515	5087540	u
ERR540909	PAIRED	https://ftp.sra.ebi.ac.uk/vol1/fastq/ERR540/ERR540909/ERR540909_1.fastq.gz	https://ftp.sra.ebi.ac.uk/vol1/fastq/ERR540/ERR540909/ERR540909_2.fastq.gz	SAMEA2385516	4893782	u
ERR540910	PAIRED	https://ftp.sra.ebi.ac.uk/vol1/fastq/ERR540/ERR540910/ERR540910_1.fastq.gz	https://ftp.sra.ebi.ac.uk/vol1/fastq/ERR540/ERR540910/ERR540910_2.fastq.gz	SAMEA2385517	4884372	u
ERR540913	PAIRED	https://ftp.sra.ebi.ac.uk/vol1/fastq/ERR540/ERR540913/ERR540913_1.fastq.gz	https://ftp.sra.ebi.ac.uk/vol1/fastq/ERR540/ERR540913/ERR540913_2.fastq.gz	SAMEA2385520	4095690	u
ERR540915	PAIRED	https://ftp.sra.ebi.ac.uk/vol1/fastq/ERR540/ERR540915/ERR540915_1.fastq.gz	https://ftp.sra.ebi.ac.uk/vol1/fastq/ERR540/ERR540915/ERR540915_2.fastq.gz	SAMEA2385522	4497824	u
ERR540917	PAIRED	https://ftp.sra.ebi.ac.uk/vol1/fastq/ERR540/ERR540917/ERR540917_1.fastq.gz	https://ftp.sra.ebi.ac.uk/vol1/fastq/ERR540/ERR540917/ERR540917_2.fastq.gz	SAMEA2385524	4735452	u
ERR540918	PAIRED	https://ftp.sra.ebi.ac.uk/vol1/fastq/ERR540/ERR540918/ERR540918_1.fastq.gz	https://ftp.sra.ebi.ac.uk/vol1/fastq/ERR540/ERR540918/ERR540918_2.fastq.gz	SAMEA2385525	4850390	u
ERR540919	PAIRED	https://ftp.sra.ebi.ac.uk/vol1/fastq/ERR540/ERR540919/ERR540919_1.fastq.gz	https://ftp.sra.ebi.ac.uk/vol1/fastq/ERR540/ERR540919/ERR540919_2.fastq.gz	SAMEA2385526	4655098	u
ERR540922	PAIRED	https://ftp.sra.ebi.ac.uk/vol1/fastq/ERR540/ERR540922/ERR540922_1.fastq.gz	https://ftp.sra.ebi.ac.uk/vol1/fastq/ERR540/ERR540922/ERR540922_2.fastq.gz	SAMEA2385529	4219976	u
ERR540926	PAIRED	https://ftp.sra.ebi.ac.uk/vol1/fastq/ERR540/ERR540926/ERR540926_1.fastq.gz	https://ftp.sra.ebi.ac.uk/vol1/fastq/ERR540/ERR540926/ERR540926_2.fastq.gz	SAMEA2385533	5127128	u
ERR540927	PAIRED	https://ftp.sra.ebi.ac.uk/vol1/fastq/ERR540/ERR540927/ERR540927_1.fastq.gz	https://ftp.sra.ebi.ac.uk/vol1/fastq/ERR540/ERR540927/ERR540927_2.fastq.gz	SAMEA2385535	4814426	u
ERR540930	PAIRED	https://ftp.sra.ebi.ac.uk/vol1/fastq/ERR540/ERR540930/ERR540930_1.fastq.gz	https://ftp.sra.ebi.ac.uk/vol1/fastq/ERR540/ERR540930/ERR540930_2.fastq.gz	SAMEA2385538	4819050	u
ERR540932	PAIRED	https://ftp.sra.ebi.ac.uk/vol1/fastq/ERR540/ERR540932/ERR540932_1.fastq.gz	https://ftp.sra.ebi.ac.uk/vol1/fastq/ERR540/ERR540932/ERR540932_2.fastq.gz	SAMEA2385540	4926258	u
ERR540934	PAIRED	https://ftp.sra.ebi.ac.uk/vol1/fastq/ERR540/ERR540934/ERR540934_1.fastq.gz	https://ftp.sra.ebi.ac.uk/vol1/fastq/ERR540/ERR540934/ERR540934_2.fastq.gz	SAMEA2385542	4804762	u
ERR540935	PAIRED	https://ftp.sra.ebi.ac.uk/vol1/fastq/ERR540/ERR540935/ERR540935_1.fastq.gz	https://ftp.sra.ebi.ac.uk/vol1/fastq/ERR540/ERR540935/ERR540935_2.fastq.gz	SAMEA2385543	4989784	u
ERR540939	PAIRED	https://ftp.sra.ebi.ac.uk/vol1/fastq/ERR540/ERR540939/ERR540939_1.fastq.gz	https://ftp.sra.ebi.ac.uk/vol1/fastq/ERR540/ERR540939/ERR540939_2.fastq.gz	SAMEA2385547	4836632	u
ERR540940	PAIRED	https://ftp.sra.ebi.ac.uk/vol1/fastq/ERR540/ERR540940/ERR540940_1.fastq.gz	https://ftp.sra.ebi.ac.uk/vol1/fastq/ERR540/ERR540940/ERR540940_2.fastq.gz	SAMEA2385548	4687438	u
ERR540941	PAIRED	https://ftp.sra.ebi.ac.uk/vol1/fastq/ERR540/ERR540941/ERR540941_1.fastq.gz	https://ftp.sra.ebi.ac.uk/vol1/fastq/ERR540/ERR540941/ERR540941_2.fastq.gz	SAMEA2385549	4995188	u
ERR540943	PAIRED	https://ftp.sra.ebi.ac.uk/vol1/fastq/ERR540/ERR540943/ERR540943_1.fastq.gz	https://ftp.sra.ebi.ac.uk/vol1/fastq/ERR540/ERR540943/ERR540943_2.fastq.gz	SAMEA2385551	4502304	u
ERR540944	PAIRED	https://ftp.sra.ebi.ac.uk/vol1/fastq/ERR540/ERR540944/ERR540944_1.fastq.gz	https://ftp.sra.ebi.ac.uk/vol1/fastq/ERR540/ERR540944/ERR540944_2.fastq.gz	SAMEA2385552	4290862	u
ERR540946	PAIRED	https://ftp.sra.ebi.ac.uk/vol1/fastq/ERR540/ERR540946/ERR540946_1.fastq.gz	https://ftp.sra.ebi.ac.uk/vol1/fastq/ERR540/ERR540946/ERR540946_2.fastq.gz	SAMEA2385554	4501552	u
ERR540947	PAIRED	https://ftp.sra.ebi.ac.uk/vol1/fastq/ERR540/ERR540947/ERR540947_1.fastq.gz	https://ftp.sra.ebi.ac.uk/vol1/fastq/ERR540/ERR540947/ERR540947_2.fastq.gz	SAMEA2385555	4630996	u
ERR540951	PAIRED	https://ftp.sra.ebi.ac.uk/vol1/fastq/ERR540/ERR540951/ERR540951_1.fastq.gz	https://ftp.sra.ebi.ac.uk/vol1/fastq/ERR540/ERR540951/ERR540951_2.fastq.gz	SAMEA2385559	4463112	u
ERR540954	PAIRED	https://ftp.sra.ebi.ac.uk/vol1/fastq/ERR540/ERR540954/ERR540954_1.fastq.gz	https://ftp.sra.ebi.ac.uk/vol1/fastq/ERR540/ERR540954/ERR540954_2.fastq.gz	SAMEA2385562	4358442	u
ERR540956	PAIRED	https://ftp.sra.ebi.ac.uk/vol1/fastq/ERR540/ERR540956/ERR540956_1.fastq.gz	https://ftp.sra.ebi.ac.uk/vol1/fastq/ERR540/ERR540956/ERR540956_2.fastq.gz	SAMEA2385564	4027302	u
ERR540959	PAIRED	https://ftp.sra.ebi.ac.uk/vol1/fastq/ERR540/ERR540959/ERR540959_1.fastq.gz	https://ftp.sra.ebi.ac.uk/vol1/fastq/ERR540/ERR540959/ERR540959_2.fastq.gz	SAMEA2385567	4141306	u
ERR540964	PAIRED	https://ftp.sra.ebi.ac.uk/vol1/fastq/ERR540/ERR540964/ERR540964_1.fastq.gz	https://ftp.sra.ebi.ac.uk/vol1/fastq/ERR540/ERR540964/ERR540964_2.fastq.gz	SAMEA2385572	4121140	u
ERR540966	PAIRED	https://ftp.sra.ebi.ac.uk/vol1/fastq/ERR540/ERR540966/ERR540966_1.fastq.gz	https://ftp.sra.ebi.ac.uk/vol1/fastq/ERR540/ERR540966/ERR540966_2.fastq.gz	SAMEA2385574	4211276	u
ERR540967	PAIRED	https://ftp.sra.ebi.ac.uk/vol1/fastq/ERR540/ERR540967/ERR540967_1.fastq.gz	https://ftp.sra.ebi.ac.uk/vol1/fastq/ERR540/ERR540967/ERR540967_2.fastq.gz	SAMEA2385575	3952304	u
ERR540970	PAIRED	https://ftp.sra.ebi.ac.uk/vol1/fastq/ERR540/ERR540970/ERR540970_1.fastq.gz	https://ftp.sra.ebi.ac.uk/vol1/fastq/ERR540/ERR540970/ERR540970_2.fastq.gz	SAMEA2385578	3919790	u
ERR540972	PAIRED	https://ftp.sra.ebi.ac.uk/vol1/fastq/ERR540/ERR540972/ERR540972_1.fastq.gz	https://ftp.sra.ebi.ac.uk/vol1/fastq/ERR540/ERR540972/ERR540972_2.fastq.gz	SAMEA2385580	4256646	u
ERR540973	PAIRED	https://ftp.sra.ebi.ac.uk/vol1/fastq/ERR540/ERR540973/ERR540973_1.fastq.gz	https://ftp.sra.ebi.ac.uk/vol1/fastq/ERR540/ERR540973/ERR540973_2.fastq.gz	SAMEA2385581	4108690	u
ERR540974	PAIRED	https://ftp.sra.ebi.ac.uk/vol1/fastq/ERR540/ERR540974/ERR540974_1.fastq.gz	https://ftp.sra.ebi.ac.uk/vol1/fastq/ERR540/ERR540974/ERR540974_2.fastq.gz	SAMEA2385582	3966724	u
ERR540975	PAIRED	https://ftp.sra.ebi.ac.uk/vol1/fastq/ERR540/ERR540975/ERR540975_1.fastq.gz	https://ftp.sra.ebi.ac.uk/vol1/fastq/ERR540/ERR540975/ERR540975_2.fastq.gz	SAMEA2385583	3794560	u
ERR540976	PAIRED	https://ftp.sra.ebi.ac.uk/vol1/fastq/ERR540/ERR540976/ERR540976_1.fastq.gz	https://ftp.sra.ebi.ac.uk/vol1/fastq/ERR540/ERR540976/ERR540976_2.fastq.gz	SAMEA2385584	4578480	u
ERR540977	PAIRED	https://ftp.sra.ebi.ac.uk/vol1/fastq/ERR540/ERR540977/ERR540977_1.fastq.gz	https://ftp.sra.ebi.ac.uk/vol1/fastq/ERR540/ERR540977/ERR540977_2.fastq.gz	SAMEA2385585	4593400	u
ERR540978	PAIRED	https://ftp.sra.ebi.ac.uk/vol1/fastq/ERR540/ERR540978/ERR540978_1.fastq.gz	https://ftp.sra.ebi.ac.uk/vol1/fastq/ERR540/ERR540978/ERR540978_2.fastq.gz	SAMEA2385586	4652934	u
ERR540979	PAIRED	https://ftp.sra.ebi.ac.uk/vol1/fastq/ERR540/ERR540979/ERR540979_1.fastq.gz	https://ftp.sra.ebi.ac.uk/vol1/fastq/ERR540/ERR540979/ERR540979_2.fastq.gz	SAMEA2385587	4911218	u
ERR540982	PAIRED	https://ftp.sra.ebi.ac.uk/vol1/fastq/ERR540/ERR540982/ERR540982_1.fastq.gz	https://ftp.sra.ebi.ac.uk/vol1/fastq/ERR540/ERR540982/ERR540982_2.fastq.gz	SAMEA2385590	4629442	u
ERR540983	PAIRED	https://ftp.sra.ebi.ac.uk/vol1/fastq/ERR540/ERR540983/ERR540983_1.fastq.gz	https://ftp.sra.ebi.ac.uk/vol1/fastq/ERR540/ERR540983/ERR540983_2.fastq.gz	SAMEA2385211	5658732	u
ERR540985	PAIRED	https://ftp.sra.ebi.ac.uk/vol1/fastq/ERR540/ERR540985/ERR540985_1.fastq.gz	https://ftp.sra.ebi.ac.uk/vol1/fastq/ERR540/ERR540985/ERR540985_2.fastq.gz	SAMEA2385213	5968818	u
ERR540988	PAIRED	https://ftp.sra.ebi.ac.uk/vol1/fastq/ERR540/ERR540988/ERR540988_1.fastq.gz	https://ftp.sra.ebi.ac.uk/vol1/fastq/ERR540/ERR540988/ERR540988_2.fastq.gz	SAMEA2385216	5729370	u
ERR540989	PAIRED	https://ftp.sra.ebi.ac.uk/vol1/fastq/ERR540/ERR540989/ERR540989_1.fastq.gz	https://ftp.sra.ebi.ac.uk/vol1/fastq/ERR540/ERR540989/ERR540989_2.fastq.gz	SAMEA2385217	5569642	u
ERR540990	PAIRED	https://ftp.sra.ebi.ac.uk/vol1/fastq/ERR540/ERR540990/ERR540990_1.fastq.gz	https://ftp.sra.ebi.ac.uk/vol1/fastq/ERR540/ERR540990/ERR540990_2.fastq.gz	SAMEA2385218	6248998	u
ERR540991	PAIRED	https://ftp.sra.ebi.ac.uk/vol1/fastq/ERR540/ERR540991/ERR540991_1.fastq.gz	https://ftp.sra.ebi.ac.uk/vol1/fastq/ERR540/ERR540991/ERR540991_2.fastq.gz	SAMEA2385219	5074424	u
ERR540995	PAIRED	https://ftp.sra.ebi.ac.uk/vol1/fastq/ERR540/ERR540995/ERR540995_1.fastq.gz	https://ftp.sra.ebi.ac.uk/vol1/fastq/ERR540/ERR540995/ERR540995_2.fastq.gz	SAMEA2385223	4615144	u
ERR540996	PAIRED	https://ftp.sra.ebi.ac.uk/vol1/fastq/ERR540/ERR540996/ERR540996_1.fastq.gz	https://ftp.sra.ebi.ac.uk/vol1/fastq/ERR540/ERR540996/ERR540996_2.fastq.gz	SAMEA2385224	4747042	u
ERR540999	PAIRED	https://ftp.sra.ebi.ac.uk/vol1/fastq/ERR540/ERR540999/ERR540999_1.fastq.gz	https://ftp.sra.ebi.ac.uk/vol1/fastq/ERR540/ERR540999/ERR540999_2.fastq.gz	SAMEA2385227	5092624	u
ERR541001	PAIRED	https://ftp.sra.ebi.ac.uk/vol1/fastq/ERR541/ERR541001/ERR541001_1.fastq.gz	https://ftp.sra.ebi.ac.uk/vol1/fastq/ERR541/ERR541001/ERR541001_2.fastq.gz	SAMEA2385229	4849950	u
ERR541005	PAIRED	https://ftp.sra.ebi.ac.uk/vol1/fastq/ERR541/ERR541005/ERR541005_1.fastq.gz	https://ftp.sra.ebi.ac.uk/vol1/fastq/ERR541/ERR541005/ERR541005_2.fastq.gz	SAMEA2385233	4875972	u
ERR541006	PAIRED	https://ftp.sra.ebi.ac.uk/vol1/fastq/ERR541/ERR541006/ERR541006_1.fastq.gz	https://ftp.sra.ebi.ac.uk/vol1/fastq/ERR541/ERR541006/ERR541006_2.fastq.gz	SAMEA2385234	5134200	u
ERR541007	PAIRED	https://ftp.sra.ebi.ac.uk/vol1/fastq/ERR541/ERR541007/ERR541007_1.fastq.gz	https://ftp.sra.ebi.ac.uk/vol1/fastq/ERR541/ERR541007/ERR541007_2.fastq.gz	SAMEA2385235	4590796	u
ERR541008	PAIRED	https://ftp.sra.ebi.ac.uk/vol1/fastq/ERR541/ERR541008/ERR541008_1.fastq.gz	https://ftp.sra.ebi.ac.uk/vol1/fastq/ERR541/ERR541008/ERR541008_2.fastq.gz	SAMEA2385236	4574630	u
ERR541009	PAIRED	https://ftp.sra.ebi.ac.uk/vol1/fastq/ERR541/ERR541009/ERR541009_1.fastq.gz	https://ftp.sra.ebi.ac.uk/vol1/fastq/ERR541/ERR541009/ERR541009_2.fastq.gz	SAMEA2385237	4702882	u
ERR541011	PAIRED	https://ftp.sra.ebi.ac.uk/vol1/fastq/ERR541/ERR541011/ERR541011_1.fastq.gz	https://ftp.sra.ebi.ac.uk/vol1/fastq/ERR541/ERR541011/ERR541011_2.fastq.gz	SAMEA2385239	4923354	u
ERR541012	PAIRED	https://ftp.sra.ebi.ac.uk/vol1/fastq/ERR541/ERR541012/ERR541012_1.fastq.gz	https://ftp.sra.ebi.ac.uk/vol1/fastq/ERR541/ERR541012/ERR541012_2.fastq.gz	SAMEA2385240	4854588	u
ERR541015	PAIRED	https://ftp.sra.ebi.ac.uk/vol1/fastq/ERR541/ERR541015/ERR541015_1.fastq.gz	https://ftp.sra.ebi.ac.uk/vol1/fastq/ERR541/ERR541015/ERR541015_2.fastq.gz	SAMEA2385243	4469304	u
ERR541017	PAIRED	https://ftp.sra.ebi.ac.uk/vol1/fastq/ERR541/ERR541017/ERR541017_1.fastq.gz	https://ftp.sra.ebi.ac.uk/vol1/fastq/ERR541/ERR541017/ERR541017_2.fastq.gz	SAMEA2385245	4879638	u
ERR541018	PAIRED	https://ftp.sra.ebi.ac.uk/vol1/fastq/ERR541/ERR541018/ERR541018_1.fastq.gz	https://ftp.sra.ebi.ac.uk/vol1/fastq/ERR541/ERR541018/ERR541018_2.fastq.gz	SAMEA2385246	4929712	u
ERR541019	PAIRED	https://ftp.sra.ebi.ac.uk/vol1/fastq/ERR541/ERR541019/ERR541019_1.fastq.gz	https://ftp.sra.ebi.ac.uk/vol1/fastq/ERR541/ERR541019/ERR541019_2.fastq.gz	SAMEA2385247	5212004	u
ERR541020	PAIRED	https://ftp.sra.ebi.ac.uk/vol1/fastq/ERR541/ERR541020/ERR541020_1.fastq.gz	https://ftp.sra.ebi.ac.uk/vol1/fastq/ERR541/ERR541020/ERR541020_2.fastq.gz	SAMEA2385248	5316062	u
ERR541023	PAIRED	https://ftp.sra.ebi.ac.uk/vol1/fastq/ERR541/ERR541023/ERR541023_1.fastq.gz	https://ftp.sra.ebi.ac.uk/vol1/fastq/ERR541/ERR541023/ERR541023_2.fastq.gz	SAMEA2385252	4741982	u
ERR541024	PAIRED	https://ftp.sra.ebi.ac.uk/vol1/fastq/ERR541/ERR541024/ERR541024_1.fastq.gz	https://ftp.sra.ebi.ac.uk/vol1/fastq/ERR541/ERR541024/ERR541024_2.fastq.gz	SAMEA2385253	4997218	u
ERR541026	PAIRED	https://ftp.sra.ebi.ac.uk/vol1/fastq/ERR541/ERR541026/ERR541026_1.fastq.gz	https://ftp.sra.ebi.ac.uk/vol1/fastq/ERR541/ERR541026/ERR541026_2.fastq.gz	SAMEA2385255	5031898	u
ERR541027	PAIRED	https://ftp.sra.ebi.ac.uk/vol1/fastq/ERR541/ERR541027/ERR541027_1.fastq.gz	https://ftp.sra.ebi.ac.uk/vol1/fastq/ERR541/ERR541027/ERR541027_2.fastq.gz	SAMEA2385256	4802870	u
ERR541028	PAIRED	https://ftp.sra.ebi.ac.uk/vol1/fastq/ERR541/ERR541028/ERR541028_1.fastq.gz	https://ftp.sra.ebi.ac.uk/vol1/fastq/ERR541/ERR541028/ERR541028_2.fastq.gz	SAMEA2385257	4475766	u
ERR541029	PAIRED	https://ftp.sra.ebi.ac.uk/vol1/fastq/ERR541/ERR541029/ERR541029_1.fastq.gz	https://ftp.sra.ebi.ac.uk/vol1/fastq/ERR541/ERR541029/ERR541029_2.fastq.gz	SAMEA2385258	4436756	u
ERR541033	PAIRED	https://ftp.sra.ebi.ac.uk/vol1/fastq/ERR541/ERR541033/ERR541033_1.fastq.gz	https://ftp.sra.ebi.ac.uk/vol1/fastq/ERR541/ERR541033/ERR541033_2.fastq.gz	SAMEA2385262	5110316	u
ERR541036	PAIRED	https://ftp.sra.ebi.ac.uk/vol1/fastq/ERR541/ERR541036/ERR541036_1.fastq.gz	https://ftp.sra.ebi.ac.uk/vol1/fastq/ERR541/ERR541036/ERR541036_2.fastq.gz	SAMEA2385265	4279612	u
ERR541040	PAIRED	https://ftp.sra.ebi.ac.uk/vol1/fastq/ERR541/ERR541040/ERR541040_1.fastq.gz	https://ftp.sra.ebi.ac.uk/vol1/fastq/ERR541/ERR541040/ERR541040_2.fastq.gz	SAMEA2385269	4526258	u
ERR541043	PAIRED	https://ftp.sra.ebi.ac.uk/vol1/fastq/ERR541/ERR541043/ERR541043_1.fastq.gz	https://ftp.sra.ebi.ac.uk/vol1/fastq/ERR541/ERR541043/ERR541043_2.fastq.gz	SAMEA2385272	4423098	u
ERR541046	PAIRED	https://ftp.sra.ebi.ac.uk/vol1/fastq/ERR541/ERR541046/ERR541046_1.fastq.gz	https://ftp.sra.ebi.ac.uk/vol1/fastq/ERR541/ERR541046/ERR541046_2.fastq.gz	SAMEA2385275	5343586	u
ERR541048	PAIRED	https://ftp.sra.ebi.ac.uk/vol1/fastq/ERR541/ERR541048/ERR541048_1.fastq.gz	https://ftp.sra.ebi.ac.uk/vol1/fastq/ERR541/ERR541048/ERR541048_2.fastq.gz	SAMEA2385277	4935462	u
ERR541050	PAIRED	https://ftp.sra.ebi.ac.uk/vol1/fastq/ERR541/ERR541050/ERR541050_1.fastq.gz	https://ftp.sra.ebi.ac.uk/vol1/fastq/ERR541/ERR541050/ERR541050_2.fastq.gz	SAMEA2385279	4643936	u
ERR541055	PAIRED	https://ftp.sra.ebi.ac.uk/vol1/fastq/ERR541/ERR541055/ERR541055_1.fastq.gz	https://ftp.sra.ebi.ac.uk/vol1/fastq/ERR541/ERR541055/ERR541055_2.fastq.gz	SAMEA2385284	5203944	u
ERR541056	PAIRED	https://ftp.sra.ebi.ac.uk/vol1/fastq/ERR541/ERR541056/ERR541056_1.fastq.gz	https://ftp.sra.ebi.ac.uk/vol1/fastq/ERR541/ERR541056/ERR541056_2.fastq.gz	SAMEA2385285	5239350	u
ERR541060	PAIRED	https://ftp.sra.ebi.ac.uk/vol1/fastq/ERR541/ERR541060/ERR541060_1.fastq.gz	https://ftp.sra.ebi.ac.uk/vol1/fastq/ERR541/ERR541060/ERR541060_2.fastq.gz	SAMEA2385289	4235748	u
ERR541066	PAIRED	https://ftp.sra.ebi.ac.uk/vol1/fastq/ERR541/ERR541066/ERR541066_1.fastq.gz	https://ftp.sra.ebi.ac.uk/vol1/fastq/ERR541/ERR541066/ERR541066_2.fastq.gz	SAMEA2385295	5622900	u
ERR541070	PAIRED	https://ftp.sra.ebi.ac.uk/vol1/fastq/ERR541/ERR541070/ERR541070_1.fastq.gz	https://ftp.sra.ebi.ac.uk/vol1/fastq/ERR541/ERR541070/ERR541070_2.fastq.gz	SAMEA2385299	5144332	u
ERR541072	PAIRED	https://ftp.sra.ebi.ac.uk/vol1/fastq/ERR541/ERR541072/ERR541072_1.fastq.gz	https://ftp.sra.ebi.ac.uk/vol1/fastq/ERR541/ERR541072/ERR541072_2.fastq.gz	SAMEA2385301	5494694	u
ERR541073	PAIRED	https://ftp.sra.ebi.ac.uk/vol1/fastq/ERR541/ERR541073/ERR541073_1.fastq.gz	https://ftp.sra.ebi.ac.uk/vol1/fastq/ERR541/ERR541073/ERR541073_2.fastq.gz	SAMEA2385302	5581608	u
ERR555045	PAIRED	https://ftp.sra.ebi.ac.uk/vol1/fastq/ERR555/ERR555045/ERR555045_1.fastq.gz	https://ftp.sra.ebi.ac.uk/vol1/fastq/ERR555/ERR555045/ERR555045_2.fastq.gz	SAMEA2385593	5002156	u
ERR555047	PAIRED	https://ftp.sra.ebi.ac.uk/vol1/fastq/ERR555/ERR555047/ERR555047_1.fastq.gz	https://ftp.sra.ebi.ac.uk/vol1/fastq/ERR555/ERR555047/ERR555047_2.fastq.gz	SAMEA2385595	4924574	u
ERR555049	PAIRED	https://ftp.sra.ebi.ac.uk/vol1/fastq/ERR555/ERR555049/ERR555049_1.fastq.gz	https://ftp.sra.ebi.ac.uk/vol1/fastq/ERR555/ERR555049/ERR555049_2.fastq.gz	SAMEA2385597	5175226	u
ERR555053	PAIRED	https://ftp.sra.ebi.ac.uk/vol1/fastq/ERR555/ERR555053/ERR555053_1.fastq.gz	https://ftp.sra.ebi.ac.uk/vol1/fastq/ERR555/ERR555053/ERR555053_2.fastq.gz	SAMEA2385601	4102692	u
ERR555054	PAIRED	https://ftp.sra.ebi.ac.uk/vol1/fastq/ERR555/ERR555054/ERR555054_1.fastq.gz	https://ftp.sra.ebi.ac.uk/vol1/fastq/ERR555/ERR555054/ERR555054_2.fastq.gz	SAMEA2385602	4709666	u
ERR555057	PAIRED	https://ftp.sra.ebi.ac.uk/vol1/fastq/ERR555/ERR555057/ERR555057_1.fastq.gz	https://ftp.sra.ebi.ac.uk/vol1/fastq/ERR555/ERR555057/ERR555057_2.fastq.gz	SAMEA2385605	5364630	u
ERR555058	PAIRED	https://ftp.sra.ebi.ac.uk/vol1/fastq/ERR555/ERR555058/ERR555058_1.fastq.gz	https://ftp.sra.ebi.ac.uk/vol1/fastq/ERR555/ERR555058/ERR555058_2.fastq.gz	SAMEA2385606	5301866	u
ERR555059	PAIRED	https://ftp.sra.ebi.ac.uk/vol1/fastq/ERR555/ERR555059/ERR555059_1.fastq.gz	https://ftp.sra.ebi.ac.uk/vol1/fastq/ERR555/ERR555059/ERR555059_2.fastq.gz	SAMEA2385607	4958328	u
ERR555060	PAIRED	https://ftp.sra.ebi.ac.uk/vol1/fastq/ERR555/ERR555060/ERR555060_1.fastq.gz	https://ftp.sra.ebi.ac.uk/vol1/fastq/ERR555/ERR555060/ERR555060_2.fastq.gz	SAMEA2385608	4434028	u
ERR555065	PAIRED	https://ftp.sra.ebi.ac.uk/vol1/fastq/ERR555/ERR555065/ERR555065_1.fastq.gz	https://ftp.sra.ebi.ac.uk/vol1/fastq/ERR555/ERR555065/ERR555065_2.fastq.gz	SAMEA2385613	5541714	u
ERR555067	PAIRED	https://ftp.sra.ebi.ac.uk/vol1/fastq/ERR555/ERR555067/ERR555067_1.fastq.gz	https://ftp.sra.ebi.ac.uk/vol1/fastq/ERR555/ERR555067/ERR555067_2.fastq.gz	SAMEA2385615	4960174	u
ERR555068	PAIRED	https://ftp.sra.ebi.ac.uk/vol1/fastq/ERR555/ERR555068/ERR555068_1.fastq.gz	https://ftp.sra.ebi.ac.uk/vol1/fastq/ERR555/ERR555068/ERR555068_2.fastq.gz	SAMEA2385616	4407794	u
ERR555070	PAIRED	https://ftp.sra.ebi.ac.uk/vol1/fastq/ERR555/ERR555070/ERR555070_1.fastq.gz	https://ftp.sra.ebi.ac.uk/vol1/fastq/ERR555/ERR555070/ERR555070_2.fastq.gz	SAMEA2385618	4499576	u
ERR555072	PAIRED	https://ftp.sra.ebi.ac.uk/vol1/fastq/ERR555/ERR555072/ERR555072_1.fastq.gz	https://ftp.sra.ebi.ac.uk/vol1/fastq/ERR555/ERR555072/ERR555072_2.fastq.gz	SAMEA2385620	5014072	u
ERR555077	PAIRED	https://ftp.sra.ebi.ac.uk/vol1/fastq/ERR555/ERR555077/ERR555077_1.fastq.gz	https://ftp.sra.ebi.ac.uk/vol1/fastq/ERR555/ERR555077/ERR555077_2.fastq.gz	SAMEA2385625	4359362	u
ERR555078	PAIRED	https://ftp.sra.ebi.ac.uk/vol1/fastq/ERR555/ERR555078/ERR555078_1.fastq.gz	https://ftp.sra.ebi.ac.uk/vol1/fastq/ERR555/ERR555078/ERR555078_2.fastq.gz	SAMEA2385626	4306464	u
ERR555080	PAIRED	https://ftp.sra.ebi.ac.uk/vol1/fastq/ERR555/ERR555080/ERR555080_1.fastq.gz	https://ftp.sra.ebi.ac.uk/vol1/fastq/ERR555/ERR555080/ERR555080_2.fastq.gz	SAMEA2385628	4977582	u
ERR555085	PAIRED	https://ftp.sra.ebi.ac.uk/vol1/fastq/ERR555/ERR555085/ERR555085_1.fastq.gz	https://ftp.sra.ebi.ac.uk/vol1/fastq/ERR555/ERR555085/ERR555085_2.fastq.gz	SAMEA2385633	5624160	u
ERR555086	PAIRED	https://ftp.sra.ebi.ac.uk/vol1/fastq/ERR555/ERR555086/ERR555086_1.fastq.gz	https://ftp.sra.ebi.ac.uk/vol1/fastq/ERR555/ERR555086/ERR555086_2.fastq.gz	SAMEA2385634	5081614	u
ERR555087	PAIRED	https://ftp.sra.ebi.ac.uk/vol1/fastq/ERR555/ERR555087/ERR555087_1.fastq.gz	https://ftp.sra.ebi.ac.uk/vol1/fastq/ERR555/ERR555087/ERR555087_2.fastq.gz	SAMEA2385635	5666768	u
ERR564224	PAIRED	https://ftp.sra.ebi.ac.uk/vol1/fastq/ERR564/ERR564224/ERR564224_1.fastq.gz	https://ftp.sra.ebi.ac.uk/vol1/fastq/ERR564/ERR564224/ERR564224_2.fastq.gz	SAMEA2385154	11914896	u
ERR564227	PAIRED	https://ftp.sra.ebi.ac.uk/vol1/fastq/ERR564/ERR564227/ERR564227_1.fastq.gz	https://ftp.sra.ebi.ac.uk/vol1/fastq/ERR564/ERR564227/ERR564227_2.fastq.gz	SAMEA2385475	10289666	u
ERR564228	PAIRED	https://ftp.sra.ebi.ac.uk/vol1/fastq/ERR564/ERR564228/ERR564228_1.fastq.gz	https://ftp.sra.ebi.ac.uk/vol1/fastq/ERR564/ERR564228/ERR564228_2.fastq.gz	SAMEA2385476	10984306	u
ERR6120251	PAIRED	https://ftp.sra.ebi.ac.uk/vol1/fastq/ERR612/001/ERR6120251/ERR6120251_1.fastq.gz	https://ftp.sra.ebi.ac.uk/vol1/fastq/ERR612/001/ERR6120251/ERR6120251_2.fastq.gz	SAMEA8943038	7538490	u
ERR701907	PAIRED	https://ftp.sra.ebi.ac.uk/vol1/fastq/ERR701/ERR701907/ERR701907_1.fastq.gz	https://ftp.sra.ebi.ac.uk/vol1/fastq/ERR701/ERR701907/ERR701907_2.fastq.gz	SAMEA1967788	5232454	u
ERR701939	PAIRED	https://ftp.sra.ebi.ac.uk/vol1/fastq/ERR701/ERR701939/ERR701939_1.fastq.gz	https://ftp.sra.ebi.ac.uk/vol1/fastq/ERR701/ERR701939/ERR701939_2.fastq.gz	SAMEA2042825	5256500	u
ERR701940	PAIRED	https://ftp.sra.ebi.ac.uk/vol1/fastq/ERR701/ERR701940/ERR701940_1.fastq.gz	https://ftp.sra.ebi.ac.uk/vol1/fastq/ERR701/ERR701940/ERR701940_2.fastq.gz	SAMEA2040965	5281410	u
ERR701943	PAIRED	https://ftp.sra.ebi.ac.uk/vol1/fastq/ERR701/ERR701943/ERR701943_1.fastq.gz	https://ftp.sra.ebi.ac.uk/vol1/fastq/ERR701/ERR701943/ERR701943_2.fastq.gz	SAMEA2040967	5367944	u
ERR701951	PAIRED	https://ftp.sra.ebi.ac.uk/vol1/fastq/ERR701/ERR701951/ERR701951_1.fastq.gz	https://ftp.sra.ebi.ac.uk/vol1/fastq/ERR701/ERR701951/ERR701951_2.fastq.gz	SAMEA2042885	5509590	u
ERR701963	PAIRED	https://ftp.sra.ebi.ac.uk/vol1/fastq/ERR701/ERR701963/ERR701963_1.fastq.gz	https://ftp.sra.ebi.ac.uk/vol1/fastq/ERR701/ERR701963/ERR701963_2.fastq.gz	SAMEA2041033	5260870	u
ERR702012	PAIRED	https://ftp.sra.ebi.ac.uk/vol1/fastq/ERR702/ERR702012/ERR702012_1.fastq.gz	https://ftp.sra.ebi.ac.uk/vol1/fastq/ERR702/ERR702012/ERR702012_2.fastq.gz	SAMEA2042064	8100520	u
ERR702017	PAIRED	https://ftp.sra.ebi.ac.uk/vol1/fastq/ERR702/ERR702017/ERR702017_1.fastq.gz	https://ftp.sra.ebi.ac.uk/vol1/fastq/ERR702/ERR702017/ERR702017_2.fastq.gz	SAMEA2041841	7781576	u
ERR702042	PAIRED	https://ftp.sra.ebi.ac.uk/vol1/fastq/ERR702/ERR702042/ERR702042_1.fastq.gz	https://ftp.sra.ebi.ac.uk/vol1/fastq/ERR702/ERR702042/ERR702042_2.fastq.gz	SAMEA2040640	4597902	u
ERR702050	PAIRED	https://ftp.sra.ebi.ac.uk/vol1/fastq/ERR702/ERR702050/ERR702050_1.fastq.gz	https://ftp.sra.ebi.ac.uk/vol1/fastq/ERR702/ERR702050/ERR702050_2.fastq.gz	SAMEA1973156	4486762	u
ERR702051	PAIRED	https://ftp.sra.ebi.ac.uk/vol1/fastq/ERR702/ERR702051/ERR702051_1.fastq.gz	https://ftp.sra.ebi.ac.uk/vol1/fastq/ERR702/ERR702051/ERR702051_2.fastq.gz	SAMEA2042707	4360064	u
ERR702054	PAIRED	https://ftp.sra.ebi.ac.uk/vol1/fastq/ERR702/ERR702054/ERR702054_1.fastq.gz	https://ftp.sra.ebi.ac.uk/vol1/fastq/ERR702/ERR702054/ERR702054_2.fastq.gz	SAMEA2042708	5471852	u
ERR702056	PAIRED	https://ftp.sra.ebi.ac.uk/vol1/fastq/ERR702/ERR702056/ERR702056_1.fastq.gz	https://ftp.sra.ebi.ac.uk/vol1/fastq/ERR702/ERR702056/ERR702056_2.fastq.gz	SAMEA2040718	5854290	u
ERR702057	PAIRED	https://ftp.sra.ebi.ac.uk/vol1/fastq/ERR702/ERR702057/ERR702057_1.fastq.gz	https://ftp.sra.ebi.ac.uk/vol1/fastq/ERR702/ERR702057/ERR702057_2.fastq.gz	SAMEA2042709	5737200	u
ERR702078	PAIRED	https://ftp.sra.ebi.ac.uk/vol1/fastq/ERR702/ERR702078/ERR702078_1.fastq.gz	https://ftp.sra.ebi.ac.uk/vol1/fastq/ERR702/ERR702078/ERR702078_2.fastq.gz	SAMEA2042717	5021214	u
ERR702088	PAIRED	https://ftp.sra.ebi.ac.uk/vol1/fastq/ERR702/ERR702088/ERR702088_1.fastq.gz	https://ftp.sra.ebi.ac.uk/vol1/fastq/ERR702/ERR702088/ERR702088_2.fastq.gz	SAMEA2040740	5280804	u
ERR702102	PAIRED	https://ftp.sra.ebi.ac.uk/vol1/fastq/ERR702/ERR702102/ERR702102_1.fastq.gz	https://ftp.sra.ebi.ac.uk/vol1/fastq/ERR702/ERR702102/ERR702102_2.fastq.gz	SAMEA2042726	5419762	u
ERR702164	PAIRED	https://ftp.sra.ebi.ac.uk/vol1/fastq/ERR702/ERR702164/ERR702164_1.fastq.gz	https://ftp.sra.ebi.ac.uk/vol1/fastq/ERR702/ERR702164/ERR702164_2.fastq.gz	SAMEA2664771	5709652	u
ERR702200	PAIRED	https://ftp.sra.ebi.ac.uk/vol1/fastq/ERR702/ERR702200/ERR702200_1.fastq.gz	https://ftp.sra.ebi.ac.uk/vol1/fastq/ERR702/ERR702200/ERR702200_2.fastq.gz	SAMEA2664839	5849988	u
ERR702202	PAIRED	https://ftp.sra.ebi.ac.uk/vol1/fastq/ERR702/ERR702202/ERR702202_1.fastq.gz	https://ftp.sra.ebi.ac.uk/vol1/fastq/ERR702/ERR702202/ERR702202_2.fastq.gz	SAMEA2664846	5435986	u
ERR702216	PAIRED	https://ftp.sra.ebi.ac.uk/vol1/fastq/ERR702/ERR702216/ERR702216_1.fastq.gz	https://ftp.sra.ebi.ac.uk/vol1/fastq/ERR702/ERR702216/ERR702216_2.fastq.gz	SAMEA2664817	5242198	u
ERR714005	PAIRED	https://ftp.sra.ebi.ac.uk/vol1/fastq/ERR714/ERR714005/ERR714005_1.fastq.gz	https://ftp.sra.ebi.ac.uk/vol1/fastq/ERR714/ERR714005/ERR714005_2.fastq.gz	SAMEA2675660	6333554	u
ERR714006	PAIRED	https://ftp.sra.ebi.ac.uk/vol1/fastq/ERR714/ERR714006/ERR714006_1.fastq.gz	https://ftp.sra.ebi.ac.uk/vol1/fastq/ERR714/ERR714006/ERR714006_2.fastq.gz	SAMEA2675661	7011242	u
ERR714030	PAIRED	https://ftp.sra.ebi.ac.uk/vol1/fastq/ERR714/ERR714030/ERR714030_1.fastq.gz	https://ftp.sra.ebi.ac.uk/vol1/fastq/ERR714/ERR714030/ERR714030_2.fastq.gz	SAMEA2675685	7215176	u
ERR714046	PAIRED	https://ftp.sra.ebi.ac.uk/vol1/fastq/ERR714/ERR714046/ERR714046_1.fastq.gz	https://ftp.sra.ebi.ac.uk/vol1/fastq/ERR714/ERR714046/ERR714046_2.fastq.gz	SAMEA2675701	6295922	u
ERR714051	PAIRED	https://ftp.sra.ebi.ac.uk/vol1/fastq/ERR714/ERR714051/ERR714051_1.fastq.gz	https://ftp.sra.ebi.ac.uk/vol1/fastq/ERR714/ERR714051/ERR714051_2.fastq.gz	SAMEA2675706	7289802	u
ERR714053	PAIRED	https://ftp.sra.ebi.ac.uk/vol1/fastq/ERR714/ERR714053/ERR714053_1.fastq.gz	https://ftp.sra.ebi.ac.uk/vol1/fastq/ERR714/ERR714053/ERR714053_2.fastq.gz	SAMEA2675708	6294400	u
ERR714060	PAIRED	https://ftp.sra.ebi.ac.uk/vol1/fastq/ERR714/ERR714060/ERR714060_1.fastq.gz	https://ftp.sra.ebi.ac.uk/vol1/fastq/ERR714/ERR714060/ERR714060_2.fastq.gz	SAMEA2675715	6717080	u
ERR714061	PAIRED	https://ftp.sra.ebi.ac.uk/vol1/fastq/ERR714/ERR714061/ERR714061_1.fastq.gz	https://ftp.sra.ebi.ac.uk/vol1/fastq/ERR714/ERR714061/ERR714061_2.fastq.gz	SAMEA2675716	6635390	u
ERR714729	PAIRED	https://ftp.sra.ebi.ac.uk/vol1/fastq/ERR714/ERR714729/ERR714729_1.fastq.gz	https://ftp.sra.ebi.ac.uk/vol1/fastq/ERR714/ERR714729/ERR714729_2.fastq.gz	SAMEA2043019	6169570	u
ERR714741	PAIRED	https://ftp.sra.ebi.ac.uk/vol1/fastq/ERR714/ERR714741/ERR714741_1.fastq.gz	https://ftp.sra.ebi.ac.uk/vol1/fastq/ERR714/ERR714741/ERR714741_2.fastq.gz	SAMEA2041416	5794150	u
ERR714745	PAIRED	https://ftp.sra.ebi.ac.uk/vol1/fastq/ERR714/ERR714745/ERR714745_1.fastq.gz	https://ftp.sra.ebi.ac.uk/vol1/fastq/ERR714/ERR714745/ERR714745_2.fastq.gz	SAMEA2043025	5734370	u
ERR714747	PAIRED	https://ftp.sra.ebi.ac.uk/vol1/fastq/ERR714/ERR714747/ERR714747_1.fastq.gz	https://ftp.sra.ebi.ac.uk/vol1/fastq/ERR714/ERR714747/ERR714747_2.fastq.gz	SAMEA2041421	5904646	u
ERR714795	PAIRED	https://ftp.sra.ebi.ac.uk/vol1/fastq/ERR714/ERR714795/ERR714795_1.fastq.gz	https://ftp.sra.ebi.ac.uk/vol1/fastq/ERR714/ERR714795/ERR714795_2.fastq.gz	SAMEA2041872	4826368	u
ERR714843	PAIRED	https://ftp.sra.ebi.ac.uk/vol1/fastq/ERR714/ERR714843/ERR714843_1.fastq.gz	https://ftp.sra.ebi.ac.uk/vol1/fastq/ERR714/ERR714843/ERR714843_2.fastq.gz	SAMEA2663826	5511592	u
ERR714847	PAIRED	https://ftp.sra.ebi.ac.uk/vol1/fastq/ERR714/ERR714847/ERR714847_1.fastq.gz	https://ftp.sra.ebi.ac.uk/vol1/fastq/ERR714/ERR714847/ERR714847_2.fastq.gz	SAMEA2663839	5405642	u
ERR714853	PAIRED	https://ftp.sra.ebi.ac.uk/vol1/fastq/ERR714/ERR714853/ERR714853_1.fastq.gz	https://ftp.sra.ebi.ac.uk/vol1/fastq/ERR714/ERR714853/ERR714853_2.fastq.gz	SAMEA2663858	5718734	u
ERR714895	PAIRED	https://ftp.sra.ebi.ac.uk/vol1/fastq/ERR714/ERR714895/ERR714895_1.fastq.gz	https://ftp.sra.ebi.ac.uk/vol1/fastq/ERR714/ERR714895/ERR714895_2.fastq.gz	SAMEA2663983	5278424	u
ERR714903	PAIRED	https://ftp.sra.ebi.ac.uk/vol1/fastq/ERR714/ERR714903/ERR714903_1.fastq.gz	https://ftp.sra.ebi.ac.uk/vol1/fastq/ERR714/ERR714903/ERR714903_2.fastq.gz	SAMEA2663766	5055290	u
ERR714916	PAIRED	https://ftp.sra.ebi.ac.uk/vol1/fastq/ERR714/ERR714916/ERR714916_1.fastq.gz	https://ftp.sra.ebi.ac.uk/vol1/fastq/ERR714/ERR714916/ERR714916_2.fastq.gz	SAMEA2041118	4327582	u
ERR714930	PAIRED	https://ftp.sra.ebi.ac.uk/vol1/fastq/ERR714/ERR714930/ERR714930_1.fastq.gz	https://ftp.sra.ebi.ac.uk/vol1/fastq/ERR714/ERR714930/ERR714930_2.fastq.gz	SAMEA2042959	4299802	u
ERR714956	PAIRED	https://ftp.sra.ebi.ac.uk/vol1/fastq/ERR714/ERR714956/ERR714956_1.fastq.gz	https://ftp.sra.ebi.ac.uk/vol1/fastq/ERR714/ERR714956/ERR714956_2.fastq.gz	SAMEA2041220	4287892	u
ERR715003	PAIRED	https://ftp.sra.ebi.ac.uk/vol1/fastq/ERR715/ERR715003/ERR715003_1.fastq.gz	https://ftp.sra.ebi.ac.uk/vol1/fastq/ERR715/ERR715003/ERR715003_2.fastq.gz	SAMEA2041629	5245620	u
ERR715053	PAIRED	https://ftp.sra.ebi.ac.uk/vol1/fastq/ERR715/ERR715053/ERR715053_1.fastq.gz	https://ftp.sra.ebi.ac.uk/vol1/fastq/ERR715/ERR715053/ERR715053_2.fastq.gz	SAMEA2041955	5596628	u
ERR715072	PAIRED	https://ftp.sra.ebi.ac.uk/vol1/fastq/ERR715/ERR715072/ERR715072_1.fastq.gz	https://ftp.sra.ebi.ac.uk/vol1/fastq/ERR715/ERR715072/ERR715072_2.fastq.gz	SAMEA2041963	4405608	u
ERR715128	PAIRED	https://ftp.sra.ebi.ac.uk/vol1/fastq/ERR715/ERR715128/ERR715128_1.fastq.gz	https://ftp.sra.ebi.ac.uk/vol1/fastq/ERR715/ERR715128/ERR715128_2.fastq.gz	SAMEA2664424	5622860	u
ERR715133	PAIRED	https://ftp.sra.ebi.ac.uk/vol1/fastq/ERR715/ERR715133/ERR715133_1.fastq.gz	https://ftp.sra.ebi.ac.uk/vol1/fastq/ERR715/ERR715133/ERR715133_2.fastq.gz	SAMEA2664429	4869410	u
ERR715137	PAIRED	https://ftp.sra.ebi.ac.uk/vol1/fastq/ERR715/ERR715137/ERR715137_1.fastq.gz	https://ftp.sra.ebi.ac.uk/vol1/fastq/ERR715/ERR715137/ERR715137_2.fastq.gz	SAMEA2664433	4737310	u
ERR715146	PAIRED	https://ftp.sra.ebi.ac.uk/vol1/fastq/ERR715/ERR715146/ERR715146_1.fastq.gz	https://ftp.sra.ebi.ac.uk/vol1/fastq/ERR715/ERR715146/ERR715146_2.fastq.gz	SAMEA2664347	5033438	u
ERR715163	PAIRED	https://ftp.sra.ebi.ac.uk/vol1/fastq/ERR715/ERR715163/ERR715163_1.fastq.gz	https://ftp.sra.ebi.ac.uk/vol1/fastq/ERR715/ERR715163/ERR715163_2.fastq.gz	SAMEA2664448	4799730	u
ERR715171	PAIRED	https://ftp.sra.ebi.ac.uk/vol1/fastq/ERR715/ERR715171/ERR715171_1.fastq.gz	https://ftp.sra.ebi.ac.uk/vol1/fastq/ERR715/ERR715171/ERR715171_2.fastq.gz	SAMEA2664456	4865984	u
ERR715212	PAIRED	https://ftp.sra.ebi.ac.uk/vol1/fastq/ERR715/ERR715212/ERR715212_1.fastq.gz	https://ftp.sra.ebi.ac.uk/vol1/fastq/ERR715/ERR715212/ERR715212_2.fastq.gz	SAMEA2664648	4432508	u
ERR715239	PAIRED	https://ftp.sra.ebi.ac.uk/vol1/fastq/ERR715/ERR715239/ERR715239_1.fastq.gz	https://ftp.sra.ebi.ac.uk/vol1/fastq/ERR715/ERR715239/ERR715239_2.fastq.gz	SAMEA2664700	4392432	u
ERR715255	PAIRED	https://ftp.sra.ebi.ac.uk/vol1/fastq/ERR715/ERR715255/ERR715255_1.fastq.gz	https://ftp.sra.ebi.ac.uk/vol1/fastq/ERR715/ERR715255/ERR715255_2.fastq.gz	SAMEA2664529	3845670	u
ERR715264	PAIRED	https://ftp.sra.ebi.ac.uk/vol1/fastq/ERR715/ERR715264/ERR715264_1.fastq.gz	https://ftp.sra.ebi.ac.uk/vol1/fastq/ERR715/ERR715264/ERR715264_2.fastq.gz	SAMEA2664555	3302088	u
ERR715292	PAIRED	https://ftp.sra.ebi.ac.uk/vol1/fastq/ERR715/ERR715292/ERR715292_1.fastq.gz	https://ftp.sra.ebi.ac.uk/vol1/fastq/ERR715/ERR715292/ERR715292_2.fastq.gz	SAMEA2664878	4743490	u
ERR715294	PAIRED	https://ftp.sra.ebi.ac.uk/vol1/fastq/ERR715/ERR715294/ERR715294_1.fastq.gz	https://ftp.sra.ebi.ac.uk/vol1/fastq/ERR715/ERR715294/ERR715294_2.fastq.gz	SAMEA2664882	4645780	u
ERR715295	PAIRED	https://ftp.sra.ebi.ac.uk/vol1/fastq/ERR715/ERR715295/ERR715295_1.fastq.gz	https://ftp.sra.ebi.ac.uk/vol1/fastq/ERR715/ERR715295/ERR715295_2.fastq.gz	SAMEA2664884	4378030	u
ERR715341	PAIRED	https://ftp.sra.ebi.ac.uk/vol1/fastq/ERR715/ERR715341/ERR715341_1.fastq.gz	https://ftp.sra.ebi.ac.uk/vol1/fastq/ERR715/ERR715341/ERR715341_2.fastq.gz	SAMEA2664875	4884182	u
ERR715345	PAIRED	https://ftp.sra.ebi.ac.uk/vol1/fastq/ERR715/ERR715345/ERR715345_1.fastq.gz	https://ftp.sra.ebi.ac.uk/vol1/fastq/ERR715/ERR715345/ERR715345_2.fastq.gz	SAMEA2664883	4291094	u
ERR715353	PAIRED	https://ftp.sra.ebi.ac.uk/vol1/fastq/ERR715/ERR715353/ERR715353_1.fastq.gz	https://ftp.sra.ebi.ac.uk/vol1/fastq/ERR715/ERR715353/ERR715353_2.fastq.gz	SAMEA2664899	3361706	u
ERR715361	PAIRED	https://ftp.sra.ebi.ac.uk/vol1/fastq/ERR715/ERR715361/ERR715361_1.fastq.gz	https://ftp.sra.ebi.ac.uk/vol1/fastq/ERR715/ERR715361/ERR715361_2.fastq.gz	SAMEA2664915	3920848	u
ERR715387	PAIRED	https://ftp.sra.ebi.ac.uk/vol1/fastq/ERR715/ERR715387/ERR715387_1.fastq.gz	https://ftp.sra.ebi.ac.uk/vol1/fastq/ERR715/ERR715387/ERR715387_2.fastq.gz	SAMEA2664946	4925924	u
ERR715395	PAIRED	https://ftp.sra.ebi.ac.uk/vol1/fastq/ERR715/ERR715395/ERR715395_1.fastq.gz	https://ftp.sra.ebi.ac.uk/vol1/fastq/ERR715/ERR715395/ERR715395_2.fastq.gz	SAMEA2664954	4950036	u
ERR715403	PAIRED	https://ftp.sra.ebi.ac.uk/vol1/fastq/ERR715/ERR715403/ERR715403_1.fastq.gz	https://ftp.sra.ebi.ac.uk/vol1/fastq/ERR715/ERR715403/ERR715403_2.fastq.gz	SAMEA2664963	4678048	u
ERR730959	PAIRED	https://ftp.sra.ebi.ac.uk/vol1/fastq/ERR730/ERR730959/ERR730959_1.fastq.gz	https://ftp.sra.ebi.ac.uk/vol1/fastq/ERR730/ERR730959/ERR730959_2.fastq.gz	SAMEA2665027	3500578	u
ERR736944	PAIRED	https://ftp.sra.ebi.ac.uk/vol1/fastq/ERR736/ERR736944/ERR736944_1.fastq.gz	https://ftp.sra.ebi.ac.uk/vol1/fastq/ERR736/ERR736944/ERR736944_2.fastq.gz	SAMEA2665014	4721880	u
ERR736945	PAIRED	https://ftp.sra.ebi.ac.uk/vol1/fastq/ERR736/ERR736945/ERR736945_1.fastq.gz	https://ftp.sra.ebi.ac.uk/vol1/fastq/ERR736/ERR736945/ERR736945_2.fastq.gz	SAMEA2665015	4344156	u
ERR736955	PAIRED	https://ftp.sra.ebi.ac.uk/vol1/fastq/ERR736/ERR736955/ERR736955_1.fastq.gz	https://ftp.sra.ebi.ac.uk/vol1/fastq/ERR736/ERR736955/ERR736955_2.fastq.gz	SAMEA2665033	4325804	u
ERR736964	PAIRED	https://ftp.sra.ebi.ac.uk/vol1/fastq/ERR736/ERR736964/ERR736964_1.fastq.gz	https://ftp.sra.ebi.ac.uk/vol1/fastq/ERR736/ERR736964/ERR736964_2.fastq.gz	SAMEA2665048	5204808	u
ERR736978	PAIRED	https://ftp.sra.ebi.ac.uk/vol1/fastq/ERR736/ERR736978/ERR736978_1.fastq.gz	https://ftp.sra.ebi.ac.uk/vol1/fastq/ERR736/ERR736978/ERR736978_2.fastq.gz	SAMEA2665076	5686484	u
ERR736992	PAIRED	https://ftp.sra.ebi.ac.uk/vol1/fastq/ERR736/ERR736992/ERR736992_1.fastq.gz	https://ftp.sra.ebi.ac.uk/vol1/fastq/ERR736/ERR736992/ERR736992_2.fastq.gz	SAMEA2665062	4594250	u
ERR737010	PAIRED	https://ftp.sra.ebi.ac.uk/vol1/fastq/ERR737/ERR737010/ERR737010_1.fastq.gz	https://ftp.sra.ebi.ac.uk/vol1/fastq/ERR737/ERR737010/ERR737010_2.fastq.gz	SAMEA2665088	5195666	u
ERR737021	PAIRED	https://ftp.sra.ebi.ac.uk/vol1/fastq/ERR737/ERR737021/ERR737021_1.fastq.gz	https://ftp.sra.ebi.ac.uk/vol1/fastq/ERR737/ERR737021/ERR737021_2.fastq.gz	SAMEA2665099	4028260	u
ERR737066	PAIRED	https://ftp.sra.ebi.ac.uk/vol1/fastq/ERR737/ERR737066/ERR737066_1.fastq.gz	https://ftp.sra.ebi.ac.uk/vol1/fastq/ERR737/ERR737066/ERR737066_2.fastq.gz	SAMEA2663913	5182514	u
ERR737075	PAIRED	https://ftp.sra.ebi.ac.uk/vol1/fastq/ERR737/ERR737075/ERR737075_1.fastq.gz	https://ftp.sra.ebi.ac.uk/vol1/fastq/ERR737/ERR737075/ERR737075_2.fastq.gz	SAMEA2663939	5031606	u
ERR737079	PAIRED	https://ftp.sra.ebi.ac.uk/vol1/fastq/ERR737/ERR737079/ERR737079_1.fastq.gz	https://ftp.sra.ebi.ac.uk/vol1/fastq/ERR737/ERR737079/ERR737079_2.fastq.gz	SAMEA2663957	4651628	u
ERR737099	PAIRED	https://ftp.sra.ebi.ac.uk/vol1/fastq/ERR737/ERR737099/ERR737099_1.fastq.gz	https://ftp.sra.ebi.ac.uk/vol1/fastq/ERR737/ERR737099/ERR737099_2.fastq.gz	SAMEA2664009	4818594	u
ERR737105	PAIRED	https://ftp.sra.ebi.ac.uk/vol1/fastq/ERR737/ERR737105/ERR737105_1.fastq.gz	https://ftp.sra.ebi.ac.uk/vol1/fastq/ERR737/ERR737105/ERR737105_2.fastq.gz	SAMEA2664015	5013024	u
ERR737118	PAIRED	https://ftp.sra.ebi.ac.uk/vol1/fastq/ERR737/ERR737118/ERR737118_1.fastq.gz	https://ftp.sra.ebi.ac.uk/vol1/fastq/ERR737/ERR737118/ERR737118_2.fastq.gz	SAMEA2664028	4150836	u
ERR737141	PAIRED	https://ftp.sra.ebi.ac.uk/vol1/fastq/ERR737/ERR737141/ERR737141_1.fastq.gz	https://ftp.sra.ebi.ac.uk/vol1/fastq/ERR737/ERR737141/ERR737141_2.fastq.gz	SAMEA2664060	4787578	u
ERR737146	PAIRED	https://ftp.sra.ebi.ac.uk/vol1/fastq/ERR737/ERR737146/ERR737146_1.fastq.gz	https://ftp.sra.ebi.ac.uk/vol1/fastq/ERR737/ERR737146/ERR737146_2.fastq.gz	SAMEA2664073	4463868	u
ERR737154	PAIRED	https://ftp.sra.ebi.ac.uk/vol1/fastq/ERR737/ERR737154/ERR737154_1.fastq.gz	https://ftp.sra.ebi.ac.uk/vol1/fastq/ERR737/ERR737154/ERR737154_2.fastq.gz	SAMEA2664094	4325212	u
ERR737156	PAIRED	https://ftp.sra.ebi.ac.uk/vol1/fastq/ERR737/ERR737156/ERR737156_1.fastq.gz	https://ftp.sra.ebi.ac.uk/vol1/fastq/ERR737/ERR737156/ERR737156_2.fastq.gz	SAMEA2664099	4780356	u
ERR737185	PAIRED	https://ftp.sra.ebi.ac.uk/vol1/fastq/ERR737/ERR737185/ERR737185_1.fastq.gz	https://ftp.sra.ebi.ac.uk/vol1/fastq/ERR737/ERR737185/ERR737185_2.fastq.gz	SAMEA2664187	4284576	u
ERR737188	PAIRED	https://ftp.sra.ebi.ac.uk/vol1/fastq/ERR737/ERR737188/ERR737188_1.fastq.gz	https://ftp.sra.ebi.ac.uk/vol1/fastq/ERR737/ERR737188/ERR737188_2.fastq.gz	SAMEA2664198	3991120	u
ERR737206	PAIRED	https://ftp.sra.ebi.ac.uk/vol1/fastq/ERR737/ERR737206/ERR737206_1.fastq.gz	https://ftp.sra.ebi.ac.uk/vol1/fastq/ERR737/ERR737206/ERR737206_2.fastq.gz	SAMEA2664097	6634742	u
ERR737219	PAIRED	https://ftp.sra.ebi.ac.uk/vol1/fastq/ERR737/ERR737219/ERR737219_1.fastq.gz	https://ftp.sra.ebi.ac.uk/vol1/fastq/ERR737/ERR737219/ERR737219_2.fastq.gz	SAMEA2664136	4148474	u
ERR737221	PAIRED	https://ftp.sra.ebi.ac.uk/vol1/fastq/ERR737/ERR737221/ERR737221_1.fastq.gz	https://ftp.sra.ebi.ac.uk/vol1/fastq/ERR737/ERR737221/ERR737221_2.fastq.gz	SAMEA2664142	4821306	u
ERR737252	PAIRED	https://ftp.sra.ebi.ac.uk/vol1/fastq/ERR737/ERR737252/ERR737252_1.fastq.gz	https://ftp.sra.ebi.ac.uk/vol1/fastq/ERR737/ERR737252/ERR737252_2.fastq.gz	SAMEA2664226	3781920	u
ERR737266	PAIRED	https://ftp.sra.ebi.ac.uk/vol1/fastq/ERR737/ERR737266/ERR737266_1.fastq.gz	https://ftp.sra.ebi.ac.uk/vol1/fastq/ERR737/ERR737266/ERR737266_2.fastq.gz	SAMEA2664254	3770654	u
ERR737269	PAIRED	https://ftp.sra.ebi.ac.uk/vol1/fastq/ERR737/ERR737269/ERR737269_1.fastq.gz	https://ftp.sra.ebi.ac.uk/vol1/fastq/ERR737/ERR737269/ERR737269_2.fastq.gz	SAMEA2664258	4147584	u
ERR737273	PAIRED	https://ftp.sra.ebi.ac.uk/vol1/fastq/ERR737/ERR737273/ERR737273_1.fastq.gz	https://ftp.sra.ebi.ac.uk/vol1/fastq/ERR737/ERR737273/ERR737273_2.fastq.gz	SAMEA2664264	3960398	u
ERR737285	PAIRED	https://ftp.sra.ebi.ac.uk/vol1/fastq/ERR737/ERR737285/ERR737285_1.fastq.gz	https://ftp.sra.ebi.ac.uk/vol1/fastq/ERR737/ERR737285/ERR737285_2.fastq.gz	SAMEA2664067	4618860	u
ERR737292	PAIRED	https://ftp.sra.ebi.ac.uk/vol1/fastq/ERR737/ERR737292/ERR737292_1.fastq.gz	https://ftp.sra.ebi.ac.uk/vol1/fastq/ERR737/ERR737292/ERR737292_2.fastq.gz	SAMEA2664085	4313154	u
ERR737324	PAIRED	https://ftp.sra.ebi.ac.uk/vol1/fastq/ERR737/ERR737324/ERR737324_1.fastq.gz	https://ftp.sra.ebi.ac.uk/vol1/fastq/ERR737/ERR737324/ERR737324_2.fastq.gz	SAMEA2664180	4665524	u
ERR737332	PAIRED	https://ftp.sra.ebi.ac.uk/vol1/fastq/ERR737/ERR737332/ERR737332_1.fastq.gz	https://ftp.sra.ebi.ac.uk/vol1/fastq/ERR737/ERR737332/ERR737332_2.fastq.gz	SAMEA2664204	4311664	u
ERR737349	PAIRED	https://ftp.sra.ebi.ac.uk/vol1/fastq/ERR737/ERR737349/ERR737349_1.fastq.gz	https://ftp.sra.ebi.ac.uk/vol1/fastq/ERR737/ERR737349/ERR737349_2.fastq.gz	SAMEA2664245	4369964	u
ERR737353	PAIRED	https://ftp.sra.ebi.ac.uk/vol1/fastq/ERR737/ERR737353/ERR737353_1.fastq.gz	https://ftp.sra.ebi.ac.uk/vol1/fastq/ERR737/ERR737353/ERR737353_2.fastq.gz	SAMEA2664252	3717998	u
ERR737361	PAIRED	https://ftp.sra.ebi.ac.uk/vol1/fastq/ERR737/ERR737361/ERR737361_1.fastq.gz	https://ftp.sra.ebi.ac.uk/vol1/fastq/ERR737/ERR737361/ERR737361_2.fastq.gz	SAMEA2664272	3657010	u
ERR737368	PAIRED	https://ftp.sra.ebi.ac.uk/vol1/fastq/ERR737/ERR737368/ERR737368_1.fastq.gz	https://ftp.sra.ebi.ac.uk/vol1/fastq/ERR737/ERR737368/ERR737368_2.fastq.gz	SAMEA2664279	3928128	u
ERR737373	PAIRED	https://ftp.sra.ebi.ac.uk/vol1/fastq/ERR737/ERR737373/ERR737373_1.fastq.gz	https://ftp.sra.ebi.ac.uk/vol1/fastq/ERR737/ERR737373/ERR737373_2.fastq.gz	SAMEA2664284	3805334	u
ERR737376	PAIRED	https://ftp.sra.ebi.ac.uk/vol1/fastq/ERR737/ERR737376/ERR737376_1.fastq.gz	https://ftp.sra.ebi.ac.uk/vol1/fastq/ERR737/ERR737376/ERR737376_2.fastq.gz	SAMEA2664287	3880306	u
ERR737455	PAIRED	https://ftp.sra.ebi.ac.uk/vol1/fastq/ERR737/ERR737455/ERR737455_1.fastq.gz	https://ftp.sra.ebi.ac.uk/vol1/fastq/ERR737/ERR737455/ERR737455_2.fastq.gz	SAMEA2663973	3685502	u
ERR737483	PAIRED	https://ftp.sra.ebi.ac.uk/vol1/fastq/ERR737/ERR737483/ERR737483_1.fastq.gz	https://ftp.sra.ebi.ac.uk/vol1/fastq/ERR737/ERR737483/ERR737483_2.fastq.gz	SAMEA2664305	5215182	u
ERR737485	PAIRED	https://ftp.sra.ebi.ac.uk/vol1/fastq/ERR737/ERR737485/ERR737485_1.fastq.gz	https://ftp.sra.ebi.ac.uk/vol1/fastq/ERR737/ERR737485/ERR737485_2.fastq.gz	SAMEA2664307	4779436	u
ERR737520	PAIRED	https://ftp.sra.ebi.ac.uk/vol1/fastq/ERR737/ERR737520/ERR737520_1.fastq.gz	https://ftp.sra.ebi.ac.uk/vol1/fastq/ERR737/ERR737520/ERR737520_2.fastq.gz	SAMEA2664382	4074676	u
ERR737536	PAIRED	https://ftp.sra.ebi.ac.uk/vol1/fastq/ERR737/ERR737536/ERR737536_1.fastq.gz	https://ftp.sra.ebi.ac.uk/vol1/fastq/ERR737/ERR737536/ERR737536_2.fastq.gz	SAMEA2664325	4239672	u
ERR737537	PAIRED	https://ftp.sra.ebi.ac.uk/vol1/fastq/ERR737/ERR737537/ERR737537_1.fastq.gz	https://ftp.sra.ebi.ac.uk/vol1/fastq/ERR737/ERR737537/ERR737537_2.fastq.gz	SAMEA2664328	4438870	u
ERR737551	PAIRED	https://ftp.sra.ebi.ac.uk/vol1/fastq/ERR737/ERR737551/ERR737551_1.fastq.gz	https://ftp.sra.ebi.ac.uk/vol1/fastq/ERR737/ERR737551/ERR737551_2.fastq.gz	SAMEA2664368	5071566	u
ERR737578	PAIRED	https://ftp.sra.ebi.ac.uk/vol1/fastq/ERR737/ERR737578/ERR737578_1.fastq.gz	https://ftp.sra.ebi.ac.uk/vol1/fastq/ERR737/ERR737578/ERR737578_2.fastq.gz	SAMEA2664491	3835284	u
ERR737622	PAIRED	https://ftp.sra.ebi.ac.uk/vol1/fastq/ERR737/ERR737622/ERR737622_1.fastq.gz	https://ftp.sra.ebi.ac.uk/vol1/fastq/ERR737/ERR737622/ERR737622_2.fastq.gz	SAMEA2664527	5333844	u
ERR737644	PAIRED	https://ftp.sra.ebi.ac.uk/vol1/fastq/ERR737/ERR737644/ERR737644_1.fastq.gz	https://ftp.sra.ebi.ac.uk/vol1/fastq/ERR737/ERR737644/ERR737644_2.fastq.gz	SAMEA2664588	3763312	u
ERR742921	PAIRED	https://ftp.sra.ebi.ac.uk/vol1/fastq/ERR742/ERR742921/ERR742921_1.fastq.gz	https://ftp.sra.ebi.ac.uk/vol1/fastq/ERR742/ERR742921/ERR742921_2.fastq.gz	SAMEA2664677	4357078	u
ERR742935	PAIRED	https://ftp.sra.ebi.ac.uk/vol1/fastq/ERR742/ERR742935/ERR742935_1.fastq.gz	https://ftp.sra.ebi.ac.uk/vol1/fastq/ERR742/ERR742935/ERR742935_2.fastq.gz	SAMEA2664707	4924634	u
ERR742941	PAIRED	https://ftp.sra.ebi.ac.uk/vol1/fastq/ERR742/ERR742941/ERR742941_1.fastq.gz	https://ftp.sra.ebi.ac.uk/vol1/fastq/ERR742/ERR742941/ERR742941_2.fastq.gz	SAMEA2664717	5450452	u
ERR742963	PAIRED	https://ftp.sra.ebi.ac.uk/vol1/fastq/ERR742/ERR742963/ERR742963_1.fastq.gz	https://ftp.sra.ebi.ac.uk/vol1/fastq/ERR742/ERR742963/ERR742963_2.fastq.gz	SAMEA2664739	5157552	u
ERR769123	PAIRED	https://ftp.sra.ebi.ac.uk/vol1/fastq/ERR769/ERR769123/ERR769123_1.fastq.gz	https://ftp.sra.ebi.ac.uk/vol1/fastq/ERR769/ERR769123/ERR769123_2.fastq.gz	SAMEA3268792	723675	u
ERR769124	PAIRED	https://ftp.sra.ebi.ac.uk/vol1/fastq/ERR769/ERR769124/ERR769124_1.fastq.gz	https://ftp.sra.ebi.ac.uk/vol1/fastq/ERR769/ERR769124/ERR769124_2.fastq.gz	SAMEA3268800	910866	u
ERR769127	PAIRED	https://ftp.sra.ebi.ac.uk/vol1/fastq/ERR769/ERR769127/ERR769127_1.fastq.gz	https://ftp.sra.ebi.ac.uk/vol1/fastq/ERR769/ERR769127/ERR769127_2.fastq.gz	SAMEA3268797	1196785	u
ERR769131	PAIRED	https://ftp.sra.ebi.ac.uk/vol1/fastq/ERR769/ERR769131/ERR769131_1.fastq.gz	https://ftp.sra.ebi.ac.uk/vol1/fastq/ERR769/ERR769131/ERR769131_2.fastq.gz	SAMEA3268786	395590	u
ERR769133	PAIRED	https://ftp.sra.ebi.ac.uk/vol1/fastq/ERR769/ERR769133/ERR769133_1.fastq.gz	https://ftp.sra.ebi.ac.uk/vol1/fastq/ERR769/ERR769133/ERR769133_2.fastq.gz	SAMEA3268790	763911	u
ERR769134	PAIRED	https://ftp.sra.ebi.ac.uk/vol1/fastq/ERR769/ERR769134/ERR769134_1.fastq.gz	https://ftp.sra.ebi.ac.uk/vol1/fastq/ERR769/ERR769134/ERR769134_2.fastq.gz	SAMEA3268783	475005	u
ERR769135	PAIRED	https://ftp.sra.ebi.ac.uk/vol1/fastq/ERR769/ERR769135/ERR769135_1.fastq.gz	https://ftp.sra.ebi.ac.uk/vol1/fastq/ERR769/ERR769135/ERR769135_2.fastq.gz	SAMEA3268787	577887	u
ERR769136	PAIRED	https://ftp.sra.ebi.ac.uk/vol1/fastq/ERR769/ERR769136/ERR769136_1.fastq.gz	https://ftp.sra.ebi.ac.uk/vol1/fastq/ERR769/ERR769136/ERR769136_2.fastq.gz	SAMEA3268801	445357	u
ERR769138	PAIRED	https://ftp.sra.ebi.ac.uk/vol1/fastq/ERR769/ERR769138/ERR769138_1.fastq.gz	https://ftp.sra.ebi.ac.uk/vol1/fastq/ERR769/ERR769138/ERR769138_2.fastq.gz	SAMEA3268777	1155034	u
ERR769142	PAIRED	https://ftp.sra.ebi.ac.uk/vol1/fastq/ERR769/ERR769142/ERR769142_1.fastq.gz	https://ftp.sra.ebi.ac.uk/vol1/fastq/ERR769/ERR769142/ERR769142_2.fastq.gz	SAMEA3268802	524810	u
ERR769144	PAIRED	https://ftp.sra.ebi.ac.uk/vol1/fastq/ERR769/ERR769144/ERR769144_1.fastq.gz	https://ftp.sra.ebi.ac.uk/vol1/fastq/ERR769/ERR769144/ERR769144_2.fastq.gz	SAMEA3268778	1152668	u
ERR769145	PAIRED	https://ftp.sra.ebi.ac.uk/vol1/fastq/ERR769/ERR769145/ERR769145_1.fastq.gz	https://ftp.sra.ebi.ac.uk/vol1/fastq/ERR769/ERR769145/ERR769145_2.fastq.gz	SAMEA3268788	839141	u
ERR774758	PAIRED	https://ftp.sra.ebi.ac.uk/vol1/fastq/ERR774/ERR774758/ERR774758_1.fastq.gz	https://ftp.sra.ebi.ac.uk/vol1/fastq/ERR774/ERR774758/ERR774758_2.fastq.gz	SAMEA2664135	7916506	u
ERR774759	PAIRED	https://ftp.sra.ebi.ac.uk/vol1/fastq/ERR774/ERR774759/ERR774759_1.fastq.gz	https://ftp.sra.ebi.ac.uk/vol1/fastq/ERR774/ERR774759/ERR774759_2.fastq.gz	SAMEA2664607	7605710	u
SRR10591300	PAIRED	https://ftp.sra.ebi.ac.uk/vol1/fastq/SRR105/000/SRR10591300/SRR10591300_1.fastq.gz	https://ftp.sra.ebi.ac.uk/vol1/fastq/SRR105/000/SRR10591300/SRR10591300_2.fastq.gz	SAMN13412178	3270383	s
SRR10591304	PAIRED	https://ftp.sra.ebi.ac.uk/vol1/fastq/SRR105/004/SRR10591304/SRR10591304_1.fastq.gz	https://ftp.sra.ebi.ac.uk/vol1/fastq/SRR105/004/SRR10591304/SRR10591304_2.fastq.gz	SAMN13412174	496344	s
SRR10591307	PAIRED	https://ftp.sra.ebi.ac.uk/vol1/fastq/SRR105/007/SRR10591307/SRR10591307_1.fastq.gz	https://ftp.sra.ebi.ac.uk/vol1/fastq/SRR105/007/SRR10591307/SRR10591307_2.fastq.gz	SAMN13412198	616987	s
SRR10591309	PAIRED	https://ftp.sra.ebi.ac.uk/vol1/fastq/SRR105/009/SRR10591309/SRR10591309_1.fastq.gz	https://ftp.sra.ebi.ac.uk/vol1/fastq/SRR105/009/SRR10591309/SRR10591309_2.fastq.gz	SAMN13412196	375867	s
SRR10591310	PAIRED	https://ftp.sra.ebi.ac.uk/vol1/fastq/SRR105/010/SRR10591310/SRR10591310_1.fastq.gz	https://ftp.sra.ebi.ac.uk/vol1/fastq/SRR105/010/SRR10591310/SRR10591310_2.fastq.gz	SAMN13412195	427912	s
SRR10591313	PAIRED	https://ftp.sra.ebi.ac.uk/vol1/fastq/SRR105/013/SRR10591313/SRR10591313_1.fastq.gz	https://ftp.sra.ebi.ac.uk/vol1/fastq/SRR105/013/SRR10591313/SRR10591313_2.fastq.gz	SAMN13412192	543040	s
SRR10591317	PAIRED	https://ftp.sra.ebi.ac.uk/vol1/fastq/SRR105/017/SRR10591317/SRR10591317_1.fastq.gz	https://ftp.sra.ebi.ac.uk/vol1/fastq/SRR105/017/SRR10591317/SRR10591317_2.fastq.gz	SAMN13412189	568956	s
SRR10591318	PAIRED	https://ftp.sra.ebi.ac.uk/vol1/fastq/SRR105/018/SRR10591318/SRR10591318_1.fastq.gz	https://ftp.sra.ebi.ac.uk/vol1/fastq/SRR105/018/SRR10591318/SRR10591318_2.fastq.gz	SAMN13412188	557458	s
SRR10591319	PAIRED	https://ftp.sra.ebi.ac.uk/vol1/fastq/SRR105/019/SRR10591319/SRR10591319_1.fastq.gz	https://ftp.sra.ebi.ac.uk/vol1/fastq/SRR105/019/SRR10591319/SRR10591319_2.fastq.gz	SAMN13412187	595279	s
SRR10591320	PAIRED	https://ftp.sra.ebi.ac.uk/vol1/fastq/SRR105/020/SRR10591320/SRR10591320_1.fastq.gz	https://ftp.sra.ebi.ac.uk/vol1/fastq/SRR105/020/SRR10591320/SRR10591320_2.fastq.gz	SAMN13412186	693704	r
SRR10591323	PAIRED	https://ftp.sra.ebi.ac.uk/vol1/fastq/SRR105/023/SRR10591323/SRR10591323_1.fastq.gz	https://ftp.sra.ebi.ac.uk/vol1/fastq/SRR105/023/SRR10591323/SRR10591323_2.fastq.gz	SAMN13412183	545338	s
SRR10591325	PAIRED	https://ftp.sra.ebi.ac.uk/vol1/fastq/SRR105/025/SRR10591325/SRR10591325_1.fastq.gz	https://ftp.sra.ebi.ac.uk/vol1/fastq/SRR105/025/SRR10591325/SRR10591325_2.fastq.gz	SAMN13412181	423564	s
SRR10591326	PAIRED	https://ftp.sra.ebi.ac.uk/vol1/fastq/SRR105/026/SRR10591326/SRR10591326_1.fastq.gz	https://ftp.sra.ebi.ac.uk/vol1/fastq/SRR105/026/SRR10591326/SRR10591326_2.fastq.gz	SAMN13412180	554563	s
SRR1177879	PAIRED	https://ftp.sra.ebi.ac.uk/vol1/fastq/SRR117/009/SRR1177879/SRR1177879_1.fastq.gz	https://ftp.sra.ebi.ac.uk/vol1/fastq/SRR117/009/SRR1177879/SRR1177879_2.fastq.gz	SAMN02649746	12949850	u
SRR1177881	PAIRED	https://ftp.sra.ebi.ac.uk/vol1/fastq/SRR117/001/SRR1177881/SRR1177881_1.fastq.gz	https://ftp.sra.ebi.ac.uk/vol1/fastq/SRR117/001/SRR1177881/SRR1177881_2.fastq.gz	SAMN02649748	3598117	u
SRR1177888	PAIRED	https://ftp.sra.ebi.ac.uk/vol1/fastq/SRR117/008/SRR1177888/SRR1177888_1.fastq.gz	https://ftp.sra.ebi.ac.uk/vol1/fastq/SRR117/008/SRR1177888/SRR1177888_2.fastq.gz	SAMN02649755	21215884	u
SRR1177892	PAIRED	https://ftp.sra.ebi.ac.uk/vol1/fastq/SRR117/002/SRR1177892/SRR1177892_1.fastq.gz	https://ftp.sra.ebi.ac.uk/vol1/fastq/SRR117/002/SRR1177892/SRR1177892_2.fastq.gz	SAMN02649759	3324608	u
SRR1177894	PAIRED	https://ftp.sra.ebi.ac.uk/vol1/fastq/SRR117/004/SRR1177894/SRR1177894_1.fastq.gz	https://ftp.sra.ebi.ac.uk/vol1/fastq/SRR117/004/SRR1177894/SRR1177894_2.fastq.gz	SAMN02649761	2447586	u
SRR1177895	PAIRED	https://ftp.sra.ebi.ac.uk/vol1/fastq/SRR117/005/SRR1177895/SRR1177895_1.fastq.gz	https://ftp.sra.ebi.ac.uk/vol1/fastq/SRR117/005/SRR1177895/SRR1177895_2.fastq.gz	SAMN02649762	4110749	u
SRR1177897	PAIRED	https://ftp.sra.ebi.ac.uk/vol1/fastq/SRR117/007/SRR1177897/SRR1177897_1.fastq.gz	https://ftp.sra.ebi.ac.uk/vol1/fastq/SRR117/007/SRR1177897/SRR1177897_2.fastq.gz	SAMN02649764	6476915	u
SRR1177899	PAIRED	https://ftp.sra.ebi.ac.uk/vol1/fastq/SRR117/009/SRR1177899/SRR1177899_1.fastq.gz	https://ftp.sra.ebi.ac.uk/vol1/fastq/SRR117/009/SRR1177899/SRR1177899_2.fastq.gz	SAMN02649766	9074487	u
SRR1177900	PAIRED	https://ftp.sra.ebi.ac.uk/vol1/fastq/SRR117/000/SRR1177900/SRR1177900_1.fastq.gz	https://ftp.sra.ebi.ac.uk/vol1/fastq/SRR117/000/SRR1177900/SRR1177900_2.fastq.gz	SAMN02649767	7607116	u
SRR1177902	PAIRED	https://ftp.sra.ebi.ac.uk/vol1/fastq/SRR117/002/SRR1177902/SRR1177902_1.fastq.gz	https://ftp.sra.ebi.ac.uk/vol1/fastq/SRR117/002/SRR1177902/SRR1177902_2.fastq.gz	SAMN02649769	6617360	u
SRR1177904	PAIRED	https://ftp.sra.ebi.ac.uk/vol1/fastq/SRR117/004/SRR1177904/SRR1177904_1.fastq.gz	https://ftp.sra.ebi.ac.uk/vol1/fastq/SRR117/004/SRR1177904/SRR1177904_2.fastq.gz	SAMN02649771	15301030	u
SRR1177905	PAIRED	https://ftp.sra.ebi.ac.uk/vol1/fastq/SRR117/005/SRR1177905/SRR1177905_1.fastq.gz	https://ftp.sra.ebi.ac.uk/vol1/fastq/SRR117/005/SRR1177905/SRR1177905_2.fastq.gz	SAMN02649772	7337538	u
SRR1177912	PAIRED	https://ftp.sra.ebi.ac.uk/vol1/fastq/SRR117/002/SRR1177912/SRR1177912_1.fastq.gz	https://ftp.sra.ebi.ac.uk/vol1/fastq/SRR117/002/SRR1177912/SRR1177912_2.fastq.gz	SAMN02649779	2752422	u
SRR1177913	PAIRED	https://ftp.sra.ebi.ac.uk/vol1/fastq/SRR117/003/SRR1177913/SRR1177913_1.fastq.gz	https://ftp.sra.ebi.ac.uk/vol1/fastq/SRR117/003/SRR1177913/SRR1177913_2.fastq.gz	SAMN02649780	39328890	u
SRR1177914	PAIRED	https://ftp.sra.ebi.ac.uk/vol1/fastq/SRR117/004/SRR1177914/SRR1177914_1.fastq.gz	https://ftp.sra.ebi.ac.uk/vol1/fastq/SRR117/004/SRR1177914/SRR1177914_2.fastq.gz	SAMN02649781	16418466	u
SRR1177915	PAIRED	https://ftp.sra.ebi.ac.uk/vol1/fastq/SRR117/005/SRR1177915/SRR1177915_1.fastq.gz	https://ftp.sra.ebi.ac.uk/vol1/fastq/SRR117/005/SRR1177915/SRR1177915_2.fastq.gz	SAMN02649782	15486412	u
SRR1177916	PAIRED	https://ftp.sra.ebi.ac.uk/vol1/fastq/SRR117/006/SRR1177916/SRR1177916_1.fastq.gz	https://ftp.sra.ebi.ac.uk/vol1/fastq/SRR117/006/SRR1177916/SRR1177916_2.fastq.gz	SAMN02649783	22080032	u
SRR1177919	PAIRED	https://ftp.sra.ebi.ac.uk/vol1/fastq/SRR117/009/SRR1177919/SRR1177919_1.fastq.gz	https://ftp.sra.ebi.ac.uk/vol1/fastq/SRR117/009/SRR1177919/SRR1177919_2.fastq.gz	SAMN02649786	30763390	u
SRR1177920	PAIRED	https://ftp.sra.ebi.ac.uk/vol1/fastq/SRR117/000/SRR1177920/SRR1177920_1.fastq.gz	https://ftp.sra.ebi.ac.uk/vol1/fastq/SRR117/000/SRR1177920/SRR1177920_2.fastq.gz	SAMN02649787	15922094	u
SRR1177921	PAIRED	https://ftp.sra.ebi.ac.uk/vol1/fastq/SRR117/001/SRR1177921/SRR1177921_1.fastq.gz	https://ftp.sra.ebi.ac.uk/vol1/fastq/SRR117/001/SRR1177921/SRR1177921_2.fastq.gz	SAMN02649788	4984624	u
SRR1177927	PAIRED	https://ftp.sra.ebi.ac.uk/vol1/fastq/SRR117/007/SRR1177927/SRR1177927_1.fastq.gz	https://ftp.sra.ebi.ac.uk/vol1/fastq/SRR117/007/SRR1177927/SRR1177927_2.fastq.gz	SAMN02649794	2263595	u
SRR1177928	PAIRED	https://ftp.sra.ebi.ac.uk/vol1/fastq/SRR117/008/SRR1177928/SRR1177928_1.fastq.gz	https://ftp.sra.ebi.ac.uk/vol1/fastq/SRR117/008/SRR1177928/SRR1177928_2.fastq.gz	SAMN02649795	2102971	u
SRR1177937	PAIRED	https://ftp.sra.ebi.ac.uk/vol1/fastq/SRR117/007/SRR1177937/SRR1177937_1.fastq.gz	https://ftp.sra.ebi.ac.uk/vol1/fastq/SRR117/007/SRR1177937/SRR1177937_2.fastq.gz	SAMN02649804	2558352	u
SRR1177938	PAIRED	https://ftp.sra.ebi.ac.uk/vol1/fastq/SRR117/008/SRR1177938/SRR1177938_1.fastq.gz	https://ftp.sra.ebi.ac.uk/vol1/fastq/SRR117/008/SRR1177938/SRR1177938_2.fastq.gz	SAMN02649805	4168798	u
SRR1177943	PAIRED	https://ftp.sra.ebi.ac.uk/vol1/fastq/SRR117/003/SRR1177943/SRR1177943_1.fastq.gz	https://ftp.sra.ebi.ac.uk/vol1/fastq/SRR117/003/SRR1177943/SRR1177943_2.fastq.gz	SAMN02649810	1904493	u
SRR1177944	PAIRED	https://ftp.sra.ebi.ac.uk/vol1/fastq/SRR117/004/SRR1177944/SRR1177944_1.fastq.gz	https://ftp.sra.ebi.ac.uk/vol1/fastq/SRR117/004/SRR1177944/SRR1177944_2.fastq.gz	SAMN02649811	1845158	u
SRR1177945	PAIRED	https://ftp.sra.ebi.ac.uk/vol1/fastq/SRR117/005/SRR1177945/SRR1177945_1.fastq.gz	https://ftp.sra.ebi.ac.uk/vol1/fastq/SRR117/005/SRR1177945/SRR1177945_2.fastq.gz	SAMN02649812	2434259	u
SRR1177946	PAIRED	https://ftp.sra.ebi.ac.uk/vol1/fastq/SRR117/006/SRR1177946/SRR1177946_1.fastq.gz	https://ftp.sra.ebi.ac.uk/vol1/fastq/SRR117/006/SRR1177946/SRR1177946_2.fastq.gz	SAMN02649813	2987144	u
SRR11850346	PAIRED	https://ftp.sra.ebi.ac.uk/vol1/fastq/SRR118/046/SRR11850346/SRR11850346_1.fastq.gz	https://ftp.sra.ebi.ac.uk/vol1/fastq/SRR118/046/SRR11850346/SRR11850346_2.fastq.gz	SAMN15016684	648599	r
SRR13301919	PAIRED	https://ftp.sra.ebi.ac.uk/vol1/fastq/SRR133/019/SRR13301919/SRR13301919_1.fastq.gz	https://ftp.sra.ebi.ac.uk/vol1/fastq/SRR133/019/SRR13301919/SRR13301919_2.fastq.gz	SAMN11953839	595567	s
SRR13301920	PAIRED	https://ftp.sra.ebi.ac.uk/vol1/fastq/SRR133/020/SRR13301920/SRR13301920_1.fastq.gz	https://ftp.sra.ebi.ac.uk/vol1/fastq/SRR133/020/SRR13301920/SRR13301920_2.fastq.gz	SAMN11953840	580362	r
SRR13301939	PAIRED	https://ftp.sra.ebi.ac.uk/vol1/fastq/SRR133/039/SRR13301939/SRR13301939_1.fastq.gz	https://ftp.sra.ebi.ac.uk/vol1/fastq/SRR133/039/SRR13301939/SRR13301939_2.fastq.gz	SAMN11953834	588175	r
SRR13301940	PAIRED	https://ftp.sra.ebi.ac.uk/vol1/fastq/SRR133/040/SRR13301940/SRR13301940_1.fastq.gz	https://ftp.sra.ebi.ac.uk/vol1/fastq/SRR133/040/SRR13301940/SRR13301940_2.fastq.gz	SAMN11953835	567030	s
SRR13301941	PAIRED	https://ftp.sra.ebi.ac.uk/vol1/fastq/SRR133/041/SRR13301941/SRR13301941_1.fastq.gz	https://ftp.sra.ebi.ac.uk/vol1/fastq/SRR133/041/SRR13301941/SRR13301941_2.fastq.gz	SAMN11953842	622872	r
SRR13301942	PAIRED	https://ftp.sra.ebi.ac.uk/vol1/fastq/SRR133/042/SRR13301942/SRR13301942_1.fastq.gz	https://ftp.sra.ebi.ac.uk/vol1/fastq/SRR133/042/SRR13301942/SRR13301942_2.fastq.gz	SAMN11953843	556821	s
SRR13301944	PAIRED	https://ftp.sra.ebi.ac.uk/vol1/fastq/SRR133/044/SRR13301944/SRR13301944_1.fastq.gz	https://ftp.sra.ebi.ac.uk/vol1/fastq/SRR133/044/SRR13301944/SRR13301944_2.fastq.gz	SAMN11953845	560782	r
SRR13301945	PAIRED	https://ftp.sra.ebi.ac.uk/vol1/fastq/SRR133/045/SRR13301945/SRR13301945_1.fastq.gz	https://ftp.sra.ebi.ac.uk/vol1/fastq/SRR133/045/SRR13301945/SRR13301945_2.fastq.gz	SAMN11953846	521113	r
SRR13301971	PAIRED	https://ftp.sra.ebi.ac.uk/vol1/fastq/SRR133/071/SRR13301971/SRR13301971_1.fastq.gz	https://ftp.sra.ebi.ac.uk/vol1/fastq/SRR133/071/SRR13301971/SRR13301971_2.fastq.gz	SAMN11953831	321740	s
SRR13301973	PAIRED	https://ftp.sra.ebi.ac.uk/vol1/fastq/SRR133/073/SRR13301973/SRR13301973_1.fastq.gz	https://ftp.sra.ebi.ac.uk/vol1/fastq/SRR133/073/SRR13301973/SRR13301973_2.fastq.gz	SAMN11953837	454566	s
SRR13301974	PAIRED	https://ftp.sra.ebi.ac.uk/vol1/fastq/SRR133/074/SRR13301974/SRR13301974_1.fastq.gz	https://ftp.sra.ebi.ac.uk/vol1/fastq/SRR133/074/SRR13301974/SRR13301974_2.fastq.gz	SAMN11953838	585895	r
SRR13301982	PAIRED	https://ftp.sra.ebi.ac.uk/vol1/fastq/SRR133/082/SRR13301982/SRR13301982_1.fastq.gz	https://ftp.sra.ebi.ac.uk/vol1/fastq/SRR133/082/SRR13301982/SRR13301982_2.fastq.gz	SAMN11953857	582639	r
SRR13301983	PAIRED	https://ftp.sra.ebi.ac.uk/vol1/fastq/SRR133/083/SRR13301983/SRR13301983_1.fastq.gz	https://ftp.sra.ebi.ac.uk/vol1/fastq/SRR133/083/SRR13301983/SRR13301983_2.fastq.gz	SAMN11953856	686021	r
SRR13301984	PAIRED	https://ftp.sra.ebi.ac.uk/vol1/fastq/SRR133/084/SRR13301984/SRR13301984_1.fastq.gz	https://ftp.sra.ebi.ac.uk/vol1/fastq/SRR133/084/SRR13301984/SRR13301984_2.fastq.gz	SAMN11953855	561713	r
SRR13301992	PAIRED	https://ftp.sra.ebi.ac.uk/vol1/fastq/SRR133/092/SRR13301992/SRR13301992_1.fastq.gz	https://ftp.sra.ebi.ac.uk/vol1/fastq/SRR133/092/SRR13301992/SRR13301992_2.fastq.gz	SAMN11953874	699463	r
SRR13301995	PAIRED	https://ftp.sra.ebi.ac.uk/vol1/fastq/SRR133/095/SRR13301995/SRR13301995_1.fastq.gz	https://ftp.sra.ebi.ac.uk/vol1/fastq/SRR133/095/SRR13301995/SRR13301995_2.fastq.gz	SAMN11953871	584769	r
SRR13301996	PAIRED	https://ftp.sra.ebi.ac.uk/vol1/fastq/SRR133/096/SRR13301996/SRR13301996_1.fastq.gz	https://ftp.sra.ebi.ac.uk/vol1/fastq/SRR133/096/SRR13301996/SRR13301996_2.fastq.gz	SAMN11953853	694700	r
SRR13301997	PAIRED	https://ftp.sra.ebi.ac.uk/vol1/fastq/SRR133/097/SRR13301997/SRR13301997_1.fastq.gz	https://ftp.sra.ebi.ac.uk/vol1/fastq/SRR133/097/SRR13301997/SRR13301997_2.fastq.gz	SAMN11953870	523887	u
SRR13302004	PAIRED	https://ftp.sra.ebi.ac.uk/vol1/fastq/SRR133/004/SRR13302004/SRR13302004_1.fastq.gz	https://ftp.sra.ebi.ac.uk/vol1/fastq/SRR133/004/SRR13302004/SRR13302004_2.fastq.gz	SAMN11953863	442305	u
SRR13302006	PAIRED	https://ftp.sra.ebi.ac.uk/vol1/fastq/SRR133/006/SRR13302006/SRR13302006_1.fastq.gz	https://ftp.sra.ebi.ac.uk/vol1/fastq/SRR133/006/SRR13302006/SRR13302006_2.fastq.gz	SAMN11953861	491455	r
SRR13302008	PAIRED	https://ftp.sra.ebi.ac.uk/vol1/fastq/SRR133/008/SRR13302008/SRR13302008_1.fastq.gz	https://ftp.sra.ebi.ac.uk/vol1/fastq/SRR133/008/SRR13302008/SRR13302008_2.fastq.gz	SAMN11953851	602850	r
SRR13302100	PAIRED	https://ftp.sra.ebi.ac.uk/vol1/fastq/SRR133/000/SRR13302100/SRR13302100_1.fastq.gz	https://ftp.sra.ebi.ac.uk/vol1/fastq/SRR133/000/SRR13302100/SRR13302100_2.fastq.gz	SAMN11953994	712788	r
SRR13302119	PAIRED	https://ftp.sra.ebi.ac.uk/vol1/fastq/SRR133/019/SRR13302119/SRR13302119_1.fastq.gz	https://ftp.sra.ebi.ac.uk/vol1/fastq/SRR133/019/SRR13302119/SRR13302119_2.fastq.gz	SAMN11954001	899821	s
SRR13302121	PAIRED	https://ftp.sra.ebi.ac.uk/vol1/fastq/SRR133/021/SRR13302121/SRR13302121_1.fastq.gz	https://ftp.sra.ebi.ac.uk/vol1/fastq/SRR133/021/SRR13302121/SRR13302121_2.fastq.gz	SAMN11953999	1962718	r
SRR13302124	PAIRED	https://ftp.sra.ebi.ac.uk/vol1/fastq/SRR133/024/SRR13302124/SRR13302124_1.fastq.gz	https://ftp.sra.ebi.ac.uk/vol1/fastq/SRR133/024/SRR13302124/SRR13302124_2.fastq.gz	SAMN11953996	644173	r
SRR16971215	PAIRED	https://ftp.sra.ebi.ac.uk/vol1/fastq/SRR169/015/SRR16971215/SRR16971215_1.fastq.gz	https://ftp.sra.ebi.ac.uk/vol1/fastq/SRR169/015/SRR16971215/SRR16971215_2.fastq.gz	SAMN23247391	1531325	u
SRR17033805	PAIRED	https://ftp.sra.ebi.ac.uk/vol1/fastq/SRR170/005/SRR17033805/SRR17033805_1.fastq.gz	https://ftp.sra.ebi.ac.uk/vol1/fastq/SRR170/005/SRR17033805/SRR17033805_2.fastq.gz	SAMN23417367	1823968	u
SRR17789622	PAIRED	https://ftp.sra.ebi.ac.uk/vol1/fastq/SRR177/022/SRR17789622/SRR17789622_1.fastq.gz	https://ftp.sra.ebi.ac.uk/vol1/fastq/SRR177/022/SRR17789622/SRR17789622_2.fastq.gz	SAMN25295699	753746	s
SRR17789623	PAIRED	https://ftp.sra.ebi.ac.uk/vol1/fastq/SRR177/023/SRR17789623/SRR17789623_1.fastq.gz	https://ftp.sra.ebi.ac.uk/vol1/fastq/SRR177/023/SRR17789623/SRR17789623_2.fastq.gz	SAMN25296017	2083234	s
SRR17789625	PAIRED	https://ftp.sra.ebi.ac.uk/vol1/fastq/SRR177/025/SRR17789625/SRR17789625_1.fastq.gz	https://ftp.sra.ebi.ac.uk/vol1/fastq/SRR177/025/SRR17789625/SRR17789625_2.fastq.gz	SAMN25295697	1722465	s
SRR17789628	PAIRED	https://ftp.sra.ebi.ac.uk/vol1/fastq/SRR177/028/SRR17789628/SRR17789628_1.fastq.gz	https://ftp.sra.ebi.ac.uk/vol1/fastq/SRR177/028/SRR17789628/SRR17789628_2.fastq.gz	SAMN25295694	1130978	s
SRR17789629	PAIRED	https://ftp.sra.ebi.ac.uk/vol1/fastq/SRR177/029/SRR17789629/SRR17789629_1.fastq.gz	https://ftp.sra.ebi.ac.uk/vol1/fastq/SRR177/029/SRR17789629/SRR17789629_2.fastq.gz	SAMN25295640	1202137	s
SRR17789631	PAIRED	https://ftp.sra.ebi.ac.uk/vol1/fastq/SRR177/031/SRR17789631/SRR17789631_1.fastq.gz	https://ftp.sra.ebi.ac.uk/vol1/fastq/SRR177/031/SRR17789631/SRR17789631_2.fastq.gz	SAMN25295692	1549769	s
SRR17789632	PAIRED	https://ftp.sra.ebi.ac.uk/vol1/fastq/SRR177/032/SRR17789632/SRR17789632_1.fastq.gz	https://ftp.sra.ebi.ac.uk/vol1/fastq/SRR177/032/SRR17789632/SRR17789632_2.fastq.gz	SAMN25295691	1423357	s
SRR17789637	PAIRED	https://ftp.sra.ebi.ac.uk/vol1/fastq/SRR177/037/SRR17789637/SRR17789637_1.fastq.gz	https://ftp.sra.ebi.ac.uk/vol1/fastq/SRR177/037/SRR17789637/SRR17789637_2.fastq.gz	SAMN25295686	1616466	s
SRR17789639	PAIRED	https://ftp.sra.ebi.ac.uk/vol1/fastq/SRR177/039/SRR17789639/SRR17789639_1.fastq.gz	https://ftp.sra.ebi.ac.uk/vol1/fastq/SRR177/039/SRR17789639/SRR17789639_2.fastq.gz	SAMN25295684	1493624	s
SRR17789641	PAIRED	https://ftp.sra.ebi.ac.uk/vol1/fastq/SRR177/041/SRR17789641/SRR17789641_1.fastq.gz	https://ftp.sra.ebi.ac.uk/vol1/fastq/SRR177/041/SRR17789641/SRR17789641_2.fastq.gz	SAMN25295683	1721317	s
SRR17789642	PAIRED	https://ftp.sra.ebi.ac.uk/vol1/fastq/SRR177/042/SRR17789642/SRR17789642_1.fastq.gz	https://ftp.sra.ebi.ac.uk/vol1/fastq/SRR177/042/SRR17789642/SRR17789642_2.fastq.gz	SAMN25295682	1161711	s
SRR17789645	PAIRED	https://ftp.sra.ebi.ac.uk/vol1/fastq/SRR177/045/SRR17789645/SRR17789645_1.fastq.gz	https://ftp.sra.ebi.ac.uk/vol1/fastq/SRR177/045/SRR17789645/SRR17789645_2.fastq.gz	SAMN25295679	1680060	s
SRR17789646	PAIRED	https://ftp.sra.ebi.ac.uk/vol1/fastq/SRR177/046/SRR17789646/SRR17789646_1.fastq.gz	https://ftp.sra.ebi.ac.uk/vol1/fastq/SRR177/046/SRR17789646/SRR17789646_2.fastq.gz	SAMN25295678	1541649	s
SRR17789647	PAIRED	https://ftp.sra.ebi.ac.uk/vol1/fastq/SRR177/047/SRR17789647/SRR17789647_1.fastq.gz	https://ftp.sra.ebi.ac.uk/vol1/fastq/SRR177/047/SRR17789647/SRR17789647_2.fastq.gz	SAMN25295677	1798012	s
SRR17789648	PAIRED	https://ftp.sra.ebi.ac.uk/vol1/fastq/SRR177/048/SRR17789648/SRR17789648_1.fastq.gz	https://ftp.sra.ebi.ac.uk/vol1/fastq/SRR177/048/SRR17789648/SRR17789648_2.fastq.gz	SAMN25295676	797375	s
SRR17789650	PAIRED	https://ftp.sra.ebi.ac.uk/vol1/fastq/SRR177/050/SRR17789650/SRR17789650_1.fastq.gz	https://ftp.sra.ebi.ac.uk/vol1/fastq/SRR177/050/SRR17789650/SRR17789650_2.fastq.gz	SAMN25296034	1879799	s
SRR17789651	PAIRED	https://ftp.sra.ebi.ac.uk/vol1/fastq/SRR177/051/SRR17789651/SRR17789651_1.fastq.gz	https://ftp.sra.ebi.ac.uk/vol1/fastq/SRR177/051/SRR17789651/SRR17789651_2.fastq.gz	SAMN25295958	1438684	s
SRR17789655	PAIRED	https://ftp.sra.ebi.ac.uk/vol1/fastq/SRR177/055/SRR17789655/SRR17789655_1.fastq.gz	https://ftp.sra.ebi.ac.uk/vol1/fastq/SRR177/055/SRR17789655/SRR17789655_2.fastq.gz	SAMN25295954	795049	s
SRR17789656	PAIRED	https://ftp.sra.ebi.ac.uk/vol1/fastq/SRR177/056/SRR17789656/SRR17789656_1.fastq.gz	https://ftp.sra.ebi.ac.uk/vol1/fastq/SRR177/056/SRR17789656/SRR17789656_2.fastq.gz	SAMN25295666	974408	s
SRR17789657	PAIRED	https://ftp.sra.ebi.ac.uk/vol1/fastq/SRR177/057/SRR17789657/SRR17789657_1.fastq.gz	https://ftp.sra.ebi.ac.uk/vol1/fastq/SRR177/057/SRR17789657/SRR17789657_2.fastq.gz	SAMN25295953	1595990	s
SRR17789658	PAIRED	https://ftp.sra.ebi.ac.uk/vol1/fastq/SRR177/058/SRR17789658/SRR17789658_1.fastq.gz	https://ftp.sra.ebi.ac.uk/vol1/fastq/SRR177/058/SRR17789658/SRR17789658_2.fastq.gz	SAMN25295952	814477	r
SRR17789660	PAIRED	https://ftp.sra.ebi.ac.uk/vol1/fastq/SRR177/060/SRR17789660/SRR17789660_1.fastq.gz	https://ftp.sra.ebi.ac.uk/vol1/fastq/SRR177/060/SRR17789660/SRR17789660_2.fastq.gz	SAMN25295950	1320322	s
SRR17789661	PAIRED	https://ftp.sra.ebi.ac.uk/vol1/fastq/SRR177/061/SRR17789661/SRR17789661_1.fastq.gz	https://ftp.sra.ebi.ac.uk/vol1/fastq/SRR177/061/SRR17789661/SRR17789661_2.fastq.gz	SAMN25295949	1716916	s
SRR17789662	PAIRED	https://ftp.sra.ebi.ac.uk/vol1/fastq/SRR177/062/SRR17789662/SRR17789662_1.fastq.gz	https://ftp.sra.ebi.ac.uk/vol1/fastq/SRR177/062/SRR17789662/SRR17789662_2.fastq.gz	SAMN25295948	1659738	s
SRR17789663	PAIRED	https://ftp.sra.ebi.ac.uk/vol1/fastq/SRR177/063/SRR17789663/SRR17789663_1.fastq.gz	https://ftp.sra.ebi.ac.uk/vol1/fastq/SRR177/063/SRR17789663/SRR17789663_2.fastq.gz	SAMN25295947	1874858	s
SRR17789664	PAIRED	https://ftp.sra.ebi.ac.uk/vol1/fastq/SRR177/064/SRR17789664/SRR17789664_1.fastq.gz	https://ftp.sra.ebi.ac.uk/vol1/fastq/SRR177/064/SRR17789664/SRR17789664_2.fastq.gz	SAMN25295946	1365328	s
SRR17789668	PAIRED	https://ftp.sra.ebi.ac.uk/vol1/fastq/SRR177/068/SRR17789668/SRR17789668_1.fastq.gz	https://ftp.sra.ebi.ac.uk/vol1/fastq/SRR177/068/SRR17789668/SRR17789668_2.fastq.gz	SAMN25295943	2088497	s
SRR17789669	PAIRED	https://ftp.sra.ebi.ac.uk/vol1/fastq/SRR177/069/SRR17789669/SRR17789669_1.fastq.gz	https://ftp.sra.ebi.ac.uk/vol1/fastq/SRR177/069/SRR17789669/SRR17789669_2.fastq.gz	SAMN25295942	1844840	s
SRR17789671	PAIRED	https://ftp.sra.ebi.ac.uk/vol1/fastq/SRR177/071/SRR17789671/SRR17789671_1.fastq.gz	https://ftp.sra.ebi.ac.uk/vol1/fastq/SRR177/071/SRR17789671/SRR17789671_2.fastq.gz	SAMN25295940	1846485	s
SRR17789673	PAIRED	https://ftp.sra.ebi.ac.uk/vol1/fastq/SRR177/073/SRR17789673/SRR17789673_1.fastq.gz	https://ftp.sra.ebi.ac.uk/vol1/fastq/SRR177/073/SRR17789673/SRR17789673_2.fastq.gz	SAMN25295938	1668400	s
SRR17789674	PAIRED	https://ftp.sra.ebi.ac.uk/vol1/fastq/SRR177/074/SRR17789674/SRR17789674_1.fastq.gz	https://ftp.sra.ebi.ac.uk/vol1/fastq/SRR177/074/SRR17789674/SRR17789674_2.fastq.gz	SAMN25295937	1500412	s
SRR17789676	PAIRED	https://ftp.sra.ebi.ac.uk/vol1/fastq/SRR177/076/SRR17789676/SRR17789676_1.fastq.gz	https://ftp.sra.ebi.ac.uk/vol1/fastq/SRR177/076/SRR17789676/SRR17789676_2.fastq.gz	SAMN25295935	1648894	s
SRR17789677	PAIRED	https://ftp.sra.ebi.ac.uk/vol1/fastq/SRR177/077/SRR17789677/SRR17789677_1.fastq.gz	https://ftp.sra.ebi.ac.uk/vol1/fastq/SRR177/077/SRR17789677/SRR17789677_2.fastq.gz	SAMN25295934	1639517	s
SRR17789678	PAIRED	https://ftp.sra.ebi.ac.uk/vol1/fastq/SRR177/078/SRR17789678/SRR17789678_1.fastq.gz	https://ftp.sra.ebi.ac.uk/vol1/fastq/SRR177/078/SRR17789678/SRR17789678_2.fastq.gz	SAMN25295664	1944056	s
SRR17789681	PAIRED	https://ftp.sra.ebi.ac.uk/vol1/fastq/SRR177/081/SRR17789681/SRR17789681_1.fastq.gz	https://ftp.sra.ebi.ac.uk/vol1/fastq/SRR177/081/SRR17789681/SRR17789681_2.fastq.gz	SAMN25295855	1358401	s
SRR17789682	PAIRED	https://ftp.sra.ebi.ac.uk/vol1/fastq/SRR177/082/SRR17789682/SRR17789682_1.fastq.gz	https://ftp.sra.ebi.ac.uk/vol1/fastq/SRR177/082/SRR17789682/SRR17789682_2.fastq.gz	SAMN25295854	907303	s
SRR17789687	PAIRED	https://ftp.sra.ebi.ac.uk/vol1/fastq/SRR177/087/SRR17789687/SRR17789687_1.fastq.gz	https://ftp.sra.ebi.ac.uk/vol1/fastq/SRR177/087/SRR17789687/SRR17789687_2.fastq.gz	SAMN25295850	1161064	s
SRR17789688	PAIRED	https://ftp.sra.ebi.ac.uk/vol1/fastq/SRR177/088/SRR17789688/SRR17789688_1.fastq.gz	https://ftp.sra.ebi.ac.uk/vol1/fastq/SRR177/088/SRR17789688/SRR17789688_2.fastq.gz	SAMN25295849	1323176	s
SRR17789689	PAIRED	https://ftp.sra.ebi.ac.uk/vol1/fastq/SRR177/089/SRR17789689/SRR17789689_1.fastq.gz	https://ftp.sra.ebi.ac.uk/vol1/fastq/SRR177/089/SRR17789689/SRR17789689_2.fastq.gz	SAMN25295848	1534774	s
SRR17789690	PAIRED	https://ftp.sra.ebi.ac.uk/vol1/fastq/SRR177/090/SRR17789690/SRR17789690_1.fastq.gz	https://ftp.sra.ebi.ac.uk/vol1/fastq/SRR177/090/SRR17789690/SRR17789690_2.fastq.gz	SAMN25295847	731716	s
SRR17789692	PAIRED	https://ftp.sra.ebi.ac.uk/vol1/fastq/SRR177/092/SRR17789692/SRR17789692_1.fastq.gz	https://ftp.sra.ebi.ac.uk/vol1/fastq/SRR177/092/SRR17789692/SRR17789692_2.fastq.gz	SAMN25295845	1070780	s
SRR17789693	PAIRED	https://ftp.sra.ebi.ac.uk/vol1/fastq/SRR177/093/SRR17789693/SRR17789693_1.fastq.gz	https://ftp.sra.ebi.ac.uk/vol1/fastq/SRR177/093/SRR17789693/SRR17789693_2.fastq.gz	SAMN25295844	981325	s
SRR17789695	PAIRED	https://ftp.sra.ebi.ac.uk/vol1/fastq/SRR177/095/SRR17789695/SRR17789695_1.fastq.gz	https://ftp.sra.ebi.ac.uk/vol1/fastq/SRR177/095/SRR17789695/SRR17789695_2.fastq.gz	SAMN25295843	1329518	s
SRR17789698	PAIRED	https://ftp.sra.ebi.ac.uk/vol1/fastq/SRR177/098/SRR17789698/SRR17789698_1.fastq.gz	https://ftp.sra.ebi.ac.uk/vol1/fastq/SRR177/098/SRR17789698/SRR17789698_2.fastq.gz	SAMN25295840	1149061	s
SRR17789699	PAIRED	https://ftp.sra.ebi.ac.uk/vol1/fastq/SRR177/099/SRR17789699/SRR17789699_1.fastq.gz	https://ftp.sra.ebi.ac.uk/vol1/fastq/SRR177/099/SRR17789699/SRR17789699_2.fastq.gz	SAMN25295839	1354100	s
SRR17789701	PAIRED	https://ftp.sra.ebi.ac.uk/vol1/fastq/SRR177/001/SRR17789701/SRR17789701_1.fastq.gz	https://ftp.sra.ebi.ac.uk/vol1/fastq/SRR177/001/SRR17789701/SRR17789701_2.fastq.gz	SAMN25295837	1067852	s
SRR17789706	PAIRED	https://ftp.sra.ebi.ac.uk/vol1/fastq/SRR177/006/SRR17789706/SRR17789706_1.fastq.gz	https://ftp.sra.ebi.ac.uk/vol1/fastq/SRR177/006/SRR17789706/SRR17789706_2.fastq.gz	SAMN25295636	981544	s
SRR17789707	PAIRED	https://ftp.sra.ebi.ac.uk/vol1/fastq/SRR177/007/SRR17789707/SRR17789707_1.fastq.gz	https://ftp.sra.ebi.ac.uk/vol1/fastq/SRR177/007/SRR17789707/SRR17789707_2.fastq.gz	SAMN25295674	1387214	s
SRR17789709	PAIRED	https://ftp.sra.ebi.ac.uk/vol1/fastq/SRR177/009/SRR17789709/SRR17789709_1.fastq.gz	https://ftp.sra.ebi.ac.uk/vol1/fastq/SRR177/009/SRR17789709/SRR17789709_2.fastq.gz	SAMN25296033	2436803	s
SRR17789710	PAIRED	https://ftp.sra.ebi.ac.uk/vol1/fastq/SRR177/010/SRR17789710/SRR17789710_1.fastq.gz	https://ftp.sra.ebi.ac.uk/vol1/fastq/SRR177/010/SRR17789710/SRR17789710_2.fastq.gz	SAMN25296032	1622102	s
SRR17789712	PAIRED	https://ftp.sra.ebi.ac.uk/vol1/fastq/SRR177/012/SRR17789712/SRR17789712_1.fastq.gz	https://ftp.sra.ebi.ac.uk/vol1/fastq/SRR177/012/SRR17789712/SRR17789712_2.fastq.gz	SAMN25296030	1369149	r
SRR17789713	PAIRED	https://ftp.sra.ebi.ac.uk/vol1/fastq/SRR177/013/SRR17789713/SRR17789713_1.fastq.gz	https://ftp.sra.ebi.ac.uk/vol1/fastq/SRR177/013/SRR17789713/SRR17789713_2.fastq.gz	SAMN25296029	1417061	s
SRR17789715	PAIRED	https://ftp.sra.ebi.ac.uk/vol1/fastq/SRR177/015/SRR17789715/SRR17789715_1.fastq.gz	https://ftp.sra.ebi.ac.uk/vol1/fastq/SRR177/015/SRR17789715/SRR17789715_2.fastq.gz	SAMN25296027	1979362	s
SRR17789717	PAIRED	https://ftp.sra.ebi.ac.uk/vol1/fastq/SRR177/017/SRR17789717/SRR17789717_1.fastq.gz	https://ftp.sra.ebi.ac.uk/vol1/fastq/SRR177/017/SRR17789717/SRR17789717_2.fastq.gz	SAMN25296025	1919316	s
SRR17789719	PAIRED	https://ftp.sra.ebi.ac.uk/vol1/fastq/SRR177/019/SRR17789719/SRR17789719_1.fastq.gz	https://ftp.sra.ebi.ac.uk/vol1/fastq/SRR177/019/SRR17789719/SRR17789719_2.fastq.gz	SAMN25295673	1214034	s
SRR17789720	PAIRED	https://ftp.sra.ebi.ac.uk/vol1/fastq/SRR177/020/SRR17789720/SRR17789720_1.fastq.gz	https://ftp.sra.ebi.ac.uk/vol1/fastq/SRR177/020/SRR17789720/SRR17789720_2.fastq.gz	SAMN25296023	2173919	s
SRR17789721	PAIRED	https://ftp.sra.ebi.ac.uk/vol1/fastq/SRR177/021/SRR17789721/SRR17789721_1.fastq.gz	https://ftp.sra.ebi.ac.uk/vol1/fastq/SRR177/021/SRR17789721/SRR17789721_2.fastq.gz	SAMN25296022	1591330	s
SRR17789722	PAIRED	https://ftp.sra.ebi.ac.uk/vol1/fastq/SRR177/022/SRR17789722/SRR17789722_1.fastq.gz	https://ftp.sra.ebi.ac.uk/vol1/fastq/SRR177/022/SRR17789722/SRR17789722_2.fastq.gz	SAMN25296021	1677335	s
SRR17789723	PAIRED	https://ftp.sra.ebi.ac.uk/vol1/fastq/SRR177/023/SRR17789723/SRR17789723_1.fastq.gz	https://ftp.sra.ebi.ac.uk/vol1/fastq/SRR177/023/SRR17789723/SRR17789723_2.fastq.gz	SAMN25296020	3667864	s
SRR17789727	PAIRED	https://ftp.sra.ebi.ac.uk/vol1/fastq/SRR177/027/SRR17789727/SRR17789727_1.fastq.gz	https://ftp.sra.ebi.ac.uk/vol1/fastq/SRR177/027/SRR17789727/SRR17789727_2.fastq.gz	SAMN25296015	1787787	r
SRR17789732	PAIRED	https://ftp.sra.ebi.ac.uk/vol1/fastq/SRR177/032/SRR17789732/SRR17789732_1.fastq.gz	https://ftp.sra.ebi.ac.uk/vol1/fastq/SRR177/032/SRR17789732/SRR17789732_2.fastq.gz	SAMN25296011	1615712	s
SRR17789734	PAIRED	https://ftp.sra.ebi.ac.uk/vol1/fastq/SRR177/034/SRR17789734/SRR17789734_1.fastq.gz	https://ftp.sra.ebi.ac.uk/vol1/fastq/SRR177/034/SRR17789734/SRR17789734_2.fastq.gz	SAMN25295637	1628810	s
SRR17789737	PAIRED	https://ftp.sra.ebi.ac.uk/vol1/fastq/SRR177/037/SRR17789737/SRR17789737_1.fastq.gz	https://ftp.sra.ebi.ac.uk/vol1/fastq/SRR177/037/SRR17789737/SRR17789737_2.fastq.gz	SAMN25295931	1613376	s
SRR17789739	PAIRED	https://ftp.sra.ebi.ac.uk/vol1/fastq/SRR177/039/SRR17789739/SRR17789739_1.fastq.gz	https://ftp.sra.ebi.ac.uk/vol1/fastq/SRR177/039/SRR17789739/SRR17789739_2.fastq.gz	SAMN25295929	1590705	s
SRR17789744	PAIRED	https://ftp.sra.ebi.ac.uk/vol1/fastq/SRR177/044/SRR17789744/SRR17789744_1.fastq.gz	https://ftp.sra.ebi.ac.uk/vol1/fastq/SRR177/044/SRR17789744/SRR17789744_2.fastq.gz	SAMN25295924	1494418	s
SRR17789746	PAIRED	https://ftp.sra.ebi.ac.uk/vol1/fastq/SRR177/046/SRR17789746/SRR17789746_1.fastq.gz	https://ftp.sra.ebi.ac.uk/vol1/fastq/SRR177/046/SRR17789746/SRR17789746_2.fastq.gz	SAMN25295923	1817206	r
SRR17789747	PAIRED	https://ftp.sra.ebi.ac.uk/vol1/fastq/SRR177/047/SRR17789747/SRR17789747_1.fastq.gz	https://ftp.sra.ebi.ac.uk/vol1/fastq/SRR177/047/SRR17789747/SRR17789747_2.fastq.gz	SAMN25295922	1774100	s
SRR17789748	PAIRED	https://ftp.sra.ebi.ac.uk/vol1/fastq/SRR177/048/SRR17789748/SRR17789748_1.fastq.gz	https://ftp.sra.ebi.ac.uk/vol1/fastq/SRR177/048/SRR17789748/SRR17789748_2.fastq.gz	SAMN25295921	1809916	s
SRR17789750	PAIRED	https://ftp.sra.ebi.ac.uk/vol1/fastq/SRR177/050/SRR17789750/SRR17789750_1.fastq.gz	https://ftp.sra.ebi.ac.uk/vol1/fastq/SRR177/050/SRR17789750/SRR17789750_2.fastq.gz	SAMN25295919	1529214	s
SRR17789751	PAIRED	https://ftp.sra.ebi.ac.uk/vol1/fastq/SRR177/051/SRR17789751/SRR17789751_1.fastq.gz	https://ftp.sra.ebi.ac.uk/vol1/fastq/SRR177/051/SRR17789751/SRR17789751_2.fastq.gz	SAMN25295918	1382302	s
SRR17789752	PAIRED	https://ftp.sra.ebi.ac.uk/vol1/fastq/SRR177/052/SRR17789752/SRR17789752_1.fastq.gz	https://ftp.sra.ebi.ac.uk/vol1/fastq/SRR177/052/SRR17789752/SRR17789752_2.fastq.gz	SAMN25295917	1667985	s
SRR17789753	PAIRED	https://ftp.sra.ebi.ac.uk/vol1/fastq/SRR177/053/SRR17789753/SRR17789753_1.fastq.gz	https://ftp.sra.ebi.ac.uk/vol1/fastq/SRR177/053/SRR17789753/SRR17789753_2.fastq.gz	SAMN25295916	1655785	s
SRR17789754	PAIRED	https://ftp.sra.ebi.ac.uk/vol1/fastq/SRR177/054/SRR17789754/SRR17789754_1.fastq.gz	https://ftp.sra.ebi.ac.uk/vol1/fastq/SRR177/054/SRR17789754/SRR17789754_2.fastq.gz	SAMN25295915	1435301	s
SRR17789758	PAIRED	https://ftp.sra.ebi.ac.uk/vol1/fastq/SRR177/058/SRR17789758/SRR17789758_1.fastq.gz	https://ftp.sra.ebi.ac.uk/vol1/fastq/SRR177/058/SRR17789758/SRR17789758_2.fastq.gz	SAMN25295912	1601366	s
SRR17789759	PAIRED	https://ftp.sra.ebi.ac.uk/vol1/fastq/SRR177/059/SRR17789759/SRR17789759_1.fastq.gz	https://ftp.sra.ebi.ac.uk/vol1/fastq/SRR177/059/SRR17789759/SRR17789759_2.fastq.gz	SAMN25295911	1436817	s
SRR17789760	PAIRED	https://ftp.sra.ebi.ac.uk/vol1/fastq/SRR177/060/SRR17789760/SRR17789760_1.fastq.gz	https://ftp.sra.ebi.ac.uk/vol1/fastq/SRR177/060/SRR17789760/SRR17789760_2.fastq.gz	SAMN25295910	3428485	s
SRR17789764	PAIRED	https://ftp.sra.ebi.ac.uk/vol1/fastq/SRR177/064/SRR17789764/SRR17789764_1.fastq.gz	https://ftp.sra.ebi.ac.uk/vol1/fastq/SRR177/064/SRR17789764/SRR17789764_2.fastq.gz	SAMN25295831	1167508	s
SRR17789766	PAIRED	https://ftp.sra.ebi.ac.uk/vol1/fastq/SRR177/066/SRR17789766/SRR17789766_1.fastq.gz	https://ftp.sra.ebi.ac.uk/vol1/fastq/SRR177/066/SRR17789766/SRR17789766_2.fastq.gz	SAMN25295829	1131102	s
SRR17789771	PAIRED	https://ftp.sra.ebi.ac.uk/vol1/fastq/SRR177/071/SRR17789771/SRR17789771_1.fastq.gz	https://ftp.sra.ebi.ac.uk/vol1/fastq/SRR177/071/SRR17789771/SRR17789771_2.fastq.gz	SAMN25295824	2972933	s
SRR17789772	PAIRED	https://ftp.sra.ebi.ac.uk/vol1/fastq/SRR177/072/SRR17789772/SRR17789772_1.fastq.gz	https://ftp.sra.ebi.ac.uk/vol1/fastq/SRR177/072/SRR17789772/SRR17789772_2.fastq.gz	SAMN25295653	1143752	s
SRR17789775	PAIRED	https://ftp.sra.ebi.ac.uk/vol1/fastq/SRR177/075/SRR17789775/SRR17789775_1.fastq.gz	https://ftp.sra.ebi.ac.uk/vol1/fastq/SRR177/075/SRR17789775/SRR17789775_2.fastq.gz	SAMN25295821	1346338	s
SRR17789776	PAIRED	https://ftp.sra.ebi.ac.uk/vol1/fastq/SRR177/076/SRR17789776/SRR17789776_1.fastq.gz	https://ftp.sra.ebi.ac.uk/vol1/fastq/SRR177/076/SRR17789776/SRR17789776_2.fastq.gz	SAMN25295820	1650230	s
SRR17789777	PAIRED	https://ftp.sra.ebi.ac.uk/vol1/fastq/SRR177/077/SRR17789777/SRR17789777_1.fastq.gz	https://ftp.sra.ebi.ac.uk/vol1/fastq/SRR177/077/SRR17789777/SRR17789777_2.fastq.gz	SAMN25295819	1850613	s
SRR17789778	PAIRED	https://ftp.sra.ebi.ac.uk/vol1/fastq/SRR177/078/SRR17789778/SRR17789778_1.fastq.gz	https://ftp.sra.ebi.ac.uk/vol1/fastq/SRR177/078/SRR17789778/SRR17789778_2.fastq.gz	SAMN25295818	820544	s
SRR17789779	PAIRED	https://ftp.sra.ebi.ac.uk/vol1/fastq/SRR177/079/SRR17789779/SRR17789779_1.fastq.gz	https://ftp.sra.ebi.ac.uk/vol1/fastq/SRR177/079/SRR17789779/SRR17789779_2.fastq.gz	SAMN25295817	940463	s
SRR17789780	PAIRED	https://ftp.sra.ebi.ac.uk/vol1/fastq/SRR177/080/SRR17789780/SRR17789780_1.fastq.gz	https://ftp.sra.ebi.ac.uk/vol1/fastq/SRR177/080/SRR17789780/SRR17789780_2.fastq.gz	SAMN25295816	1313671	s
SRR17789781	PAIRED	https://ftp.sra.ebi.ac.uk/vol1/fastq/SRR177/081/SRR17789781/SRR17789781_1.fastq.gz	https://ftp.sra.ebi.ac.uk/vol1/fastq/SRR177/081/SRR17789781/SRR17789781_2.fastq.gz	SAMN25295815	1164715	s
SRR17789782	PAIRED	https://ftp.sra.ebi.ac.uk/vol1/fastq/SRR177/082/SRR17789782/SRR17789782_1.fastq.gz	https://ftp.sra.ebi.ac.uk/vol1/fastq/SRR177/082/SRR17789782/SRR17789782_2.fastq.gz	SAMN25295814	1466041	s
SRR17789783	PAIRED	https://ftp.sra.ebi.ac.uk/vol1/fastq/SRR177/083/SRR17789783/SRR17789783_1.fastq.gz	https://ftp.sra.ebi.ac.uk/vol1/fastq/SRR177/083/SRR17789783/SRR17789783_2.fastq.gz	SAMN25295652	1205271	s
SRR17789784	PAIRED	https://ftp.sra.ebi.ac.uk/vol1/fastq/SRR177/084/SRR17789784/SRR17789784_1.fastq.gz	https://ftp.sra.ebi.ac.uk/vol1/fastq/SRR177/084/SRR17789784/SRR17789784_2.fastq.gz	SAMN25295813	1797594	s
SRR17789785	PAIRED	https://ftp.sra.ebi.ac.uk/vol1/fastq/SRR177/085/SRR17789785/SRR17789785_1.fastq.gz	https://ftp.sra.ebi.ac.uk/vol1/fastq/SRR177/085/SRR17789785/SRR17789785_2.fastq.gz	SAMN25295812	1399324	s
SRR17789786	PAIRED	https://ftp.sra.ebi.ac.uk/vol1/fastq/SRR177/086/SRR17789786/SRR17789786_1.fastq.gz	https://ftp.sra.ebi.ac.uk/vol1/fastq/SRR177/086/SRR17789786/SRR17789786_2.fastq.gz	SAMN25295811	1426202	s
SRR17789787	PAIRED	https://ftp.sra.ebi.ac.uk/vol1/fastq/SRR177/087/SRR17789787/SRR17789787_1.fastq.gz	https://ftp.sra.ebi.ac.uk/vol1/fastq/SRR177/087/SRR17789787/SRR17789787_2.fastq.gz	SAMN25295810	999218	s
SRR17789788	PAIRED	https://ftp.sra.ebi.ac.uk/vol1/fastq/SRR177/088/SRR17789788/SRR17789788_1.fastq.gz	https://ftp.sra.ebi.ac.uk/vol1/fastq/SRR177/088/SRR17789788/SRR17789788_2.fastq.gz	SAMN25295809	1818984	s
SRR17789789	PAIRED	https://ftp.sra.ebi.ac.uk/vol1/fastq/SRR177/089/SRR17789789/SRR17789789_1.fastq.gz	https://ftp.sra.ebi.ac.uk/vol1/fastq/SRR177/089/SRR17789789/SRR17789789_2.fastq.gz	SAMN25295808	1896739	s
SRR17789792	PAIRED	https://ftp.sra.ebi.ac.uk/vol1/fastq/SRR177/092/SRR17789792/SRR17789792_1.fastq.gz	https://ftp.sra.ebi.ac.uk/vol1/fastq/SRR177/092/SRR17789792/SRR17789792_2.fastq.gz	SAMN25295731	970524	s
SRR17789797	PAIRED	https://ftp.sra.ebi.ac.uk/vol1/fastq/SRR177/097/SRR17789797/SRR17789797_1.fastq.gz	https://ftp.sra.ebi.ac.uk/vol1/fastq/SRR177/097/SRR17789797/SRR17789797_2.fastq.gz	SAMN25295726	1517094	s
SRR17789798	PAIRED	https://ftp.sra.ebi.ac.uk/vol1/fastq/SRR177/098/SRR17789798/SRR17789798_1.fastq.gz	https://ftp.sra.ebi.ac.uk/vol1/fastq/SRR177/098/SRR17789798/SRR17789798_2.fastq.gz	SAMN25295725	1561302	s
SRR17789801	PAIRED	https://ftp.sra.ebi.ac.uk/vol1/fastq/SRR177/001/SRR17789801/SRR17789801_1.fastq.gz	https://ftp.sra.ebi.ac.uk/vol1/fastq/SRR177/001/SRR17789801/SRR17789801_2.fastq.gz	SAMN25296007	1616289	s
SRR17789802	PAIRED	https://ftp.sra.ebi.ac.uk/vol1/fastq/SRR177/002/SRR17789802/SRR17789802_1.fastq.gz	https://ftp.sra.ebi.ac.uk/vol1/fastq/SRR177/002/SRR17789802/SRR17789802_2.fastq.gz	SAMN25296006	1512555	s
SRR17789803	PAIRED	https://ftp.sra.ebi.ac.uk/vol1/fastq/SRR177/003/SRR17789803/SRR17789803_1.fastq.gz	https://ftp.sra.ebi.ac.uk/vol1/fastq/SRR177/003/SRR17789803/SRR17789803_2.fastq.gz	SAMN25296005	1409639	s
SRR17789804	PAIRED	https://ftp.sra.ebi.ac.uk/vol1/fastq/SRR177/004/SRR17789804/SRR17789804_1.fastq.gz	https://ftp.sra.ebi.ac.uk/vol1/fastq/SRR177/004/SRR17789804/SRR17789804_2.fastq.gz	SAMN25296004	1275760	r
SRR17789805	PAIRED	https://ftp.sra.ebi.ac.uk/vol1/fastq/SRR177/005/SRR17789805/SRR17789805_1.fastq.gz	https://ftp.sra.ebi.ac.uk/vol1/fastq/SRR177/005/SRR17789805/SRR17789805_2.fastq.gz	SAMN25295671	708047	s
SRR17789806	PAIRED	https://ftp.sra.ebi.ac.uk/vol1/fastq/SRR177/006/SRR17789806/SRR17789806_1.fastq.gz	https://ftp.sra.ebi.ac.uk/vol1/fastq/SRR177/006/SRR17789806/SRR17789806_2.fastq.gz	SAMN25296003	1562891	s
SRR17789807	PAIRED	https://ftp.sra.ebi.ac.uk/vol1/fastq/SRR177/007/SRR17789807/SRR17789807_1.fastq.gz	https://ftp.sra.ebi.ac.uk/vol1/fastq/SRR177/007/SRR17789807/SRR17789807_2.fastq.gz	SAMN25296002	1350562	s
SRR17789808	PAIRED	https://ftp.sra.ebi.ac.uk/vol1/fastq/SRR177/008/SRR17789808/SRR17789808_1.fastq.gz	https://ftp.sra.ebi.ac.uk/vol1/fastq/SRR177/008/SRR17789808/SRR17789808_2.fastq.gz	SAMN25296001	1481979	s
SRR17789811	PAIRED	https://ftp.sra.ebi.ac.uk/vol1/fastq/SRR177/011/SRR17789811/SRR17789811_1.fastq.gz	https://ftp.sra.ebi.ac.uk/vol1/fastq/SRR177/011/SRR17789811/SRR17789811_2.fastq.gz	SAMN25295998	1454606	r
SRR17789812	PAIRED	https://ftp.sra.ebi.ac.uk/vol1/fastq/SRR177/012/SRR17789812/SRR17789812_1.fastq.gz	https://ftp.sra.ebi.ac.uk/vol1/fastq/SRR177/012/SRR17789812/SRR17789812_2.fastq.gz	SAMN25295997	1359208	s
SRR17789813	PAIRED	https://ftp.sra.ebi.ac.uk/vol1/fastq/SRR177/013/SRR17789813/SRR17789813_1.fastq.gz	https://ftp.sra.ebi.ac.uk/vol1/fastq/SRR177/013/SRR17789813/SRR17789813_2.fastq.gz	SAMN25295996	1801556	s
SRR17789815	PAIRED	https://ftp.sra.ebi.ac.uk/vol1/fastq/SRR177/015/SRR17789815/SRR17789815_1.fastq.gz	https://ftp.sra.ebi.ac.uk/vol1/fastq/SRR177/015/SRR17789815/SRR17789815_2.fastq.gz	SAMN25295994	1411967	r
SRR17789817	PAIRED	https://ftp.sra.ebi.ac.uk/vol1/fastq/SRR177/017/SRR17789817/SRR17789817_1.fastq.gz	https://ftp.sra.ebi.ac.uk/vol1/fastq/SRR177/017/SRR17789817/SRR17789817_2.fastq.gz	SAMN25295993	1073537	s
SRR17789818	PAIRED	https://ftp.sra.ebi.ac.uk/vol1/fastq/SRR177/018/SRR17789818/SRR17789818_1.fastq.gz	https://ftp.sra.ebi.ac.uk/vol1/fastq/SRR177/018/SRR17789818/SRR17789818_2.fastq.gz	SAMN25295992	1594843	s
SRR17789819	PAIRED	https://ftp.sra.ebi.ac.uk/vol1/fastq/SRR177/019/SRR17789819/SRR17789819_1.fastq.gz	https://ftp.sra.ebi.ac.uk/vol1/fastq/SRR177/019/SRR17789819/SRR17789819_2.fastq.gz	SAMN25295991	1062080	s
SRR17789821	PAIRED	https://ftp.sra.ebi.ac.uk/vol1/fastq/SRR177/021/SRR17789821/SRR17789821_1.fastq.gz	https://ftp.sra.ebi.ac.uk/vol1/fastq/SRR177/021/SRR17789821/SRR17789821_2.fastq.gz	SAMN25295989	1159495	s
SRR17789824	PAIRED	https://ftp.sra.ebi.ac.uk/vol1/fastq/SRR177/024/SRR17789824/SRR17789824_1.fastq.gz	https://ftp.sra.ebi.ac.uk/vol1/fastq/SRR177/024/SRR17789824/SRR17789824_2.fastq.gz	SAMN25295986	1505365	s
SRR17789825	PAIRED	https://ftp.sra.ebi.ac.uk/vol1/fastq/SRR177/025/SRR17789825/SRR17789825_1.fastq.gz	https://ftp.sra.ebi.ac.uk/vol1/fastq/SRR177/025/SRR17789825/SRR17789825_2.fastq.gz	SAMN25295985	1903718	s
SRR17789827	PAIRED	https://ftp.sra.ebi.ac.uk/vol1/fastq/SRR177/027/SRR17789827/SRR17789827_1.fastq.gz	https://ftp.sra.ebi.ac.uk/vol1/fastq/SRR177/027/SRR17789827/SRR17789827_2.fastq.gz	SAMN25295908	1932766	s
SRR17789829	PAIRED	https://ftp.sra.ebi.ac.uk/vol1/fastq/SRR177/029/SRR17789829/SRR17789829_1.fastq.gz	https://ftp.sra.ebi.ac.uk/vol1/fastq/SRR177/029/SRR17789829/SRR17789829_2.fastq.gz	SAMN25295906	1674322	s
SRR17789831	PAIRED	https://ftp.sra.ebi.ac.uk/vol1/fastq/SRR177/031/SRR17789831/SRR17789831_1.fastq.gz	https://ftp.sra.ebi.ac.uk/vol1/fastq/SRR177/031/SRR17789831/SRR17789831_2.fastq.gz	SAMN25295904	2000546	s
SRR17789836	PAIRED	https://ftp.sra.ebi.ac.uk/vol1/fastq/SRR177/036/SRR17789836/SRR17789836_1.fastq.gz	https://ftp.sra.ebi.ac.uk/vol1/fastq/SRR177/036/SRR17789836/SRR17789836_2.fastq.gz	SAMN25295900	1504177	s
SRR17789837	PAIRED	https://ftp.sra.ebi.ac.uk/vol1/fastq/SRR177/037/SRR17789837/SRR17789837_1.fastq.gz	https://ftp.sra.ebi.ac.uk/vol1/fastq/SRR177/037/SRR17789837/SRR17789837_2.fastq.gz	SAMN25295899	1416300	s
SRR17789839	PAIRED	https://ftp.sra.ebi.ac.uk/vol1/fastq/SRR177/039/SRR17789839/SRR17789839_1.fastq.gz	https://ftp.sra.ebi.ac.uk/vol1/fastq/SRR177/039/SRR17789839/SRR17789839_2.fastq.gz	SAMN25295897	1983048	s
SRR17789840	PAIRED	https://ftp.sra.ebi.ac.uk/vol1/fastq/SRR177/040/SRR17789840/SRR17789840_1.fastq.gz	https://ftp.sra.ebi.ac.uk/vol1/fastq/SRR177/040/SRR17789840/SRR17789840_2.fastq.gz	SAMN25295896	1509621	s
SRR17789841	PAIRED	https://ftp.sra.ebi.ac.uk/vol1/fastq/SRR177/041/SRR17789841/SRR17789841_1.fastq.gz	https://ftp.sra.ebi.ac.uk/vol1/fastq/SRR177/041/SRR17789841/SRR17789841_2.fastq.gz	SAMN25295895	1489768	s
SRR17789843	PAIRED	https://ftp.sra.ebi.ac.uk/vol1/fastq/SRR177/043/SRR17789843/SRR17789843_1.fastq.gz	https://ftp.sra.ebi.ac.uk/vol1/fastq/SRR177/043/SRR17789843/SRR17789843_2.fastq.gz	SAMN25295660	822089	s
SRR17789845	PAIRED	https://ftp.sra.ebi.ac.uk/vol1/fastq/SRR177/045/SRR17789845/SRR17789845_1.fastq.gz	https://ftp.sra.ebi.ac.uk/vol1/fastq/SRR177/045/SRR17789845/SRR17789845_2.fastq.gz	SAMN25295892	2105760	s
SRR17789846	PAIRED	https://ftp.sra.ebi.ac.uk/vol1/fastq/SRR177/046/SRR17789846/SRR17789846_1.fastq.gz	https://ftp.sra.ebi.ac.uk/vol1/fastq/SRR177/046/SRR17789846/SRR17789846_2.fastq.gz	SAMN25295891	1453112	s
SRR17789848	PAIRED	https://ftp.sra.ebi.ac.uk/vol1/fastq/SRR177/048/SRR17789848/SRR17789848_1.fastq.gz	https://ftp.sra.ebi.ac.uk/vol1/fastq/SRR177/048/SRR17789848/SRR17789848_2.fastq.gz	SAMN25295889	1124534	s
SRR17789854	PAIRED	https://ftp.sra.ebi.ac.uk/vol1/fastq/SRR177/054/SRR17789854/SRR17789854_1.fastq.gz	https://ftp.sra.ebi.ac.uk/vol1/fastq/SRR177/054/SRR17789854/SRR17789854_2.fastq.gz	SAMN25295659	1341464	s
SRR17789856	PAIRED	https://ftp.sra.ebi.ac.uk/vol1/fastq/SRR177/056/SRR17789856/SRR17789856_1.fastq.gz	https://ftp.sra.ebi.ac.uk/vol1/fastq/SRR177/056/SRR17789856/SRR17789856_2.fastq.gz	SAMN25295806	1007321	s
SRR17789857	PAIRED	https://ftp.sra.ebi.ac.uk/vol1/fastq/SRR177/057/SRR17789857/SRR17789857_1.fastq.gz	https://ftp.sra.ebi.ac.uk/vol1/fastq/SRR177/057/SRR17789857/SRR17789857_2.fastq.gz	SAMN25295805	1782971	s
SRR17789860	PAIRED	https://ftp.sra.ebi.ac.uk/vol1/fastq/SRR177/060/SRR17789860/SRR17789860_1.fastq.gz	https://ftp.sra.ebi.ac.uk/vol1/fastq/SRR177/060/SRR17789860/SRR17789860_2.fastq.gz	SAMN25295803	678351	s
SRR17789861	PAIRED	https://ftp.sra.ebi.ac.uk/vol1/fastq/SRR177/061/SRR17789861/SRR17789861_1.fastq.gz	https://ftp.sra.ebi.ac.uk/vol1/fastq/SRR177/061/SRR17789861/SRR17789861_2.fastq.gz	SAMN25295802	2429375	s
SRR17789864	PAIRED	https://ftp.sra.ebi.ac.uk/vol1/fastq/SRR177/064/SRR17789864/SRR17789864_1.fastq.gz	https://ftp.sra.ebi.ac.uk/vol1/fastq/SRR177/064/SRR17789864/SRR17789864_2.fastq.gz	SAMN25295799	1191289	s
SRR17789867	PAIRED	https://ftp.sra.ebi.ac.uk/vol1/fastq/SRR177/067/SRR17789867/SRR17789867_1.fastq.gz	https://ftp.sra.ebi.ac.uk/vol1/fastq/SRR177/067/SRR17789867/SRR17789867_2.fastq.gz	SAMN25295796	1114718	s
SRR17789868	PAIRED	https://ftp.sra.ebi.ac.uk/vol1/fastq/SRR177/068/SRR17789868/SRR17789868_1.fastq.gz	https://ftp.sra.ebi.ac.uk/vol1/fastq/SRR177/068/SRR17789868/SRR17789868_2.fastq.gz	SAMN25295795	1912777	s
SRR17789869	PAIRED	https://ftp.sra.ebi.ac.uk/vol1/fastq/SRR177/069/SRR17789869/SRR17789869_1.fastq.gz	https://ftp.sra.ebi.ac.uk/vol1/fastq/SRR177/069/SRR17789869/SRR17789869_2.fastq.gz	SAMN25295794	1496874	s
SRR17789874	PAIRED	https://ftp.sra.ebi.ac.uk/vol1/fastq/SRR177/074/SRR17789874/SRR17789874_1.fastq.gz	https://ftp.sra.ebi.ac.uk/vol1/fastq/SRR177/074/SRR17789874/SRR17789874_2.fastq.gz	SAMN25295790	1388644	s
SRR17789875	PAIRED	https://ftp.sra.ebi.ac.uk/vol1/fastq/SRR177/075/SRR17789875/SRR17789875_1.fastq.gz	https://ftp.sra.ebi.ac.uk/vol1/fastq/SRR177/075/SRR17789875/SRR17789875_2.fastq.gz	SAMN25295789	1697126	r
SRR17789881	PAIRED	https://ftp.sra.ebi.ac.uk/vol1/fastq/SRR177/081/SRR17789881/SRR17789881_1.fastq.gz	https://ftp.sra.ebi.ac.uk/vol1/fastq/SRR177/081/SRR17789881/SRR17789881_2.fastq.gz	SAMN25295649	1635896	s
SRR17789885	PAIRED	https://ftp.sra.ebi.ac.uk/vol1/fastq/SRR177/085/SRR17789885/SRR17789885_1.fastq.gz	https://ftp.sra.ebi.ac.uk/vol1/fastq/SRR177/085/SRR17789885/SRR17789885_2.fastq.gz	SAMN25295723	1565556	s
SRR17789886	PAIRED	https://ftp.sra.ebi.ac.uk/vol1/fastq/SRR177/086/SRR17789886/SRR17789886_1.fastq.gz	https://ftp.sra.ebi.ac.uk/vol1/fastq/SRR177/086/SRR17789886/SRR17789886_2.fastq.gz	SAMN25295722	720292	s
SRR17789889	PAIRED	https://ftp.sra.ebi.ac.uk/vol1/fastq/SRR177/089/SRR17789889/SRR17789889_1.fastq.gz	https://ftp.sra.ebi.ac.uk/vol1/fastq/SRR177/089/SRR17789889/SRR17789889_2.fastq.gz	SAMN25295719	2373138	s
SRR17789890	PAIRED	https://ftp.sra.ebi.ac.uk/vol1/fastq/SRR177/090/SRR17789890/SRR17789890_1.fastq.gz	https://ftp.sra.ebi.ac.uk/vol1/fastq/SRR177/090/SRR17789890/SRR17789890_2.fastq.gz	SAMN25295718	1708383	s
SRR17789892	PAIRED	https://ftp.sra.ebi.ac.uk/vol1/fastq/SRR177/092/SRR17789892/SRR17789892_1.fastq.gz	https://ftp.sra.ebi.ac.uk/vol1/fastq/SRR177/092/SRR17789892/SRR17789892_2.fastq.gz	SAMN25295716	1314700	s
SRR17789895	PAIRED	https://ftp.sra.ebi.ac.uk/vol1/fastq/SRR177/095/SRR17789895/SRR17789895_1.fastq.gz	https://ftp.sra.ebi.ac.uk/vol1/fastq/SRR177/095/SRR17789895/SRR17789895_2.fastq.gz	SAMN25295642	1413218	s
SRR17789897	PAIRED	https://ftp.sra.ebi.ac.uk/vol1/fastq/SRR177/097/SRR17789897/SRR17789897_1.fastq.gz	https://ftp.sra.ebi.ac.uk/vol1/fastq/SRR177/097/SRR17789897/SRR17789897_2.fastq.gz	SAMN25295712	1046724	s
SRR17789900	PAIRED	https://ftp.sra.ebi.ac.uk/vol1/fastq/SRR177/000/SRR17789900/SRR17789900_1.fastq.gz	https://ftp.sra.ebi.ac.uk/vol1/fastq/SRR177/000/SRR17789900/SRR17789900_2.fastq.gz	SAMN25295709	1501379	s
SRR17789902	PAIRED	https://ftp.sra.ebi.ac.uk/vol1/fastq/SRR177/002/SRR17789902/SRR17789902_1.fastq.gz	https://ftp.sra.ebi.ac.uk/vol1/fastq/SRR177/002/SRR17789902/SRR17789902_2.fastq.gz	SAMN25295707	1235666	s
SRR17789903	PAIRED	https://ftp.sra.ebi.ac.uk/vol1/fastq/SRR177/003/SRR17789903/SRR17789903_1.fastq.gz	https://ftp.sra.ebi.ac.uk/vol1/fastq/SRR177/003/SRR17789903/SRR17789903_2.fastq.gz	SAMN25295706	1269608	s
SRR17789905	PAIRED	https://ftp.sra.ebi.ac.uk/vol1/fastq/SRR177/005/SRR17789905/SRR17789905_1.fastq.gz	https://ftp.sra.ebi.ac.uk/vol1/fastq/SRR177/005/SRR17789905/SRR17789905_2.fastq.gz	SAMN25295704	1698713	s
SRR17789906	PAIRED	https://ftp.sra.ebi.ac.uk/vol1/fastq/SRR177/006/SRR17789906/SRR17789906_1.fastq.gz	https://ftp.sra.ebi.ac.uk/vol1/fastq/SRR177/006/SRR17789906/SRR17789906_2.fastq.gz	SAMN25295641	986585	s
SRR17789910	PAIRED	https://ftp.sra.ebi.ac.uk/vol1/fastq/SRR177/010/SRR17789910/SRR17789910_1.fastq.gz	https://ftp.sra.ebi.ac.uk/vol1/fastq/SRR177/010/SRR17789910/SRR17789910_2.fastq.gz	SAMN25295700	903368	s
SRR17789912	PAIRED	https://ftp.sra.ebi.ac.uk/vol1/fastq/SRR177/012/SRR17789912/SRR17789912_1.fastq.gz	https://ftp.sra.ebi.ac.uk/vol1/fastq/SRR177/012/SRR17789912/SRR17789912_2.fastq.gz	SAMN25295983	1468909	s
SRR17789914	PAIRED	https://ftp.sra.ebi.ac.uk/vol1/fastq/SRR177/014/SRR17789914/SRR17789914_1.fastq.gz	https://ftp.sra.ebi.ac.uk/vol1/fastq/SRR177/014/SRR17789914/SRR17789914_2.fastq.gz	SAMN25295981	1437317	s
SRR17789919	PAIRED	https://ftp.sra.ebi.ac.uk/vol1/fastq/SRR177/019/SRR17789919/SRR17789919_1.fastq.gz	https://ftp.sra.ebi.ac.uk/vol1/fastq/SRR177/019/SRR17789919/SRR17789919_2.fastq.gz	SAMN25295976	1512224	s
SRR17789922	PAIRED	https://ftp.sra.ebi.ac.uk/vol1/fastq/SRR177/022/SRR17789922/SRR17789922_1.fastq.gz	https://ftp.sra.ebi.ac.uk/vol1/fastq/SRR177/022/SRR17789922/SRR17789922_2.fastq.gz	SAMN25295668	1560835	s
SRR17789923	PAIRED	https://ftp.sra.ebi.ac.uk/vol1/fastq/SRR177/023/SRR17789923/SRR17789923_1.fastq.gz	https://ftp.sra.ebi.ac.uk/vol1/fastq/SRR177/023/SRR17789923/SRR17789923_2.fastq.gz	SAMN25295973	1294985	s
SRR17789925	PAIRED	https://ftp.sra.ebi.ac.uk/vol1/fastq/SRR177/025/SRR17789925/SRR17789925_1.fastq.gz	https://ftp.sra.ebi.ac.uk/vol1/fastq/SRR177/025/SRR17789925/SRR17789925_2.fastq.gz	SAMN25295971	2130324	s
SRR17789927	PAIRED	https://ftp.sra.ebi.ac.uk/vol1/fastq/SRR177/027/SRR17789927/SRR17789927_1.fastq.gz	https://ftp.sra.ebi.ac.uk/vol1/fastq/SRR177/027/SRR17789927/SRR17789927_2.fastq.gz	SAMN25295969	1955901	s
SRR17789928	PAIRED	https://ftp.sra.ebi.ac.uk/vol1/fastq/SRR177/028/SRR17789928/SRR17789928_1.fastq.gz	https://ftp.sra.ebi.ac.uk/vol1/fastq/SRR177/028/SRR17789928/SRR17789928_2.fastq.gz	SAMN25295968	1510418	s
SRR17789929	PAIRED	https://ftp.sra.ebi.ac.uk/vol1/fastq/SRR177/029/SRR17789929/SRR17789929_1.fastq.gz	https://ftp.sra.ebi.ac.uk/vol1/fastq/SRR177/029/SRR17789929/SRR17789929_2.fastq.gz	SAMN25295967	1451674	s
SRR17789930	PAIRED	https://ftp.sra.ebi.ac.uk/vol1/fastq/SRR177/030/SRR17789930/SRR17789930_1.fastq.gz	https://ftp.sra.ebi.ac.uk/vol1/fastq/SRR177/030/SRR17789930/SRR17789930_2.fastq.gz	SAMN25295966	2802815	s
SRR17789932	PAIRED	https://ftp.sra.ebi.ac.uk/vol1/fastq/SRR177/032/SRR17789932/SRR17789932_1.fastq.gz	https://ftp.sra.ebi.ac.uk/vol1/fastq/SRR177/032/SRR17789932/SRR17789932_2.fastq.gz	SAMN25295964	2222323	s
SRR17789933	PAIRED	https://ftp.sra.ebi.ac.uk/vol1/fastq/SRR177/033/SRR17789933/SRR17789933_1.fastq.gz	https://ftp.sra.ebi.ac.uk/vol1/fastq/SRR177/033/SRR17789933/SRR17789933_2.fastq.gz	SAMN25295667	1215068	s
SRR17789934	PAIRED	https://ftp.sra.ebi.ac.uk/vol1/fastq/SRR177/034/SRR17789934/SRR17789934_1.fastq.gz	https://ftp.sra.ebi.ac.uk/vol1/fastq/SRR177/034/SRR17789934/SRR17789934_2.fastq.gz	SAMN25295963	1635712	s
SRR17789935	PAIRED	https://ftp.sra.ebi.ac.uk/vol1/fastq/SRR177/035/SRR17789935/SRR17789935_1.fastq.gz	https://ftp.sra.ebi.ac.uk/vol1/fastq/SRR177/035/SRR17789935/SRR17789935_2.fastq.gz	SAMN25295962	2339257	s
SRR17789937	PAIRED	https://ftp.sra.ebi.ac.uk/vol1/fastq/SRR177/037/SRR17789937/SRR17789937_1.fastq.gz	https://ftp.sra.ebi.ac.uk/vol1/fastq/SRR177/037/SRR17789937/SRR17789937_2.fastq.gz	SAMN25295960	1799491	s
SRR17789938	PAIRED	https://ftp.sra.ebi.ac.uk/vol1/fastq/SRR177/038/SRR17789938/SRR17789938_1.fastq.gz	https://ftp.sra.ebi.ac.uk/vol1/fastq/SRR177/038/SRR17789938/SRR17789938_2.fastq.gz	SAMN25295959	2538860	s
SRR17789940	PAIRED	https://ftp.sra.ebi.ac.uk/vol1/fastq/SRR177/040/SRR17789940/SRR17789940_1.fastq.gz	https://ftp.sra.ebi.ac.uk/vol1/fastq/SRR177/040/SRR17789940/SRR17789940_2.fastq.gz	SAMN25295882	1515260	s
SRR17789941	PAIRED	https://ftp.sra.ebi.ac.uk/vol1/fastq/SRR177/041/SRR17789941/SRR17789941_1.fastq.gz	https://ftp.sra.ebi.ac.uk/vol1/fastq/SRR177/041/SRR17789941/SRR17789941_2.fastq.gz	SAMN25295881	921832	s
SRR17789942	PAIRED	https://ftp.sra.ebi.ac.uk/vol1/fastq/SRR177/042/SRR17789942/SRR17789942_1.fastq.gz	https://ftp.sra.ebi.ac.uk/vol1/fastq/SRR177/042/SRR17789942/SRR17789942_2.fastq.gz	SAMN25295880	877362	s
SRR17789944	PAIRED	https://ftp.sra.ebi.ac.uk/vol1/fastq/SRR177/044/SRR17789944/SRR17789944_1.fastq.gz	https://ftp.sra.ebi.ac.uk/vol1/fastq/SRR177/044/SRR17789944/SRR17789944_2.fastq.gz	SAMN25295878	908159	s
SRR17789945	PAIRED	https://ftp.sra.ebi.ac.uk/vol1/fastq/SRR177/045/SRR17789945/SRR17789945_1.fastq.gz	https://ftp.sra.ebi.ac.uk/vol1/fastq/SRR177/045/SRR17789945/SRR17789945_2.fastq.gz	SAMN25295877	1156392	s
SRR17789946	PAIRED	https://ftp.sra.ebi.ac.uk/vol1/fastq/SRR177/046/SRR17789946/SRR17789946_1.fastq.gz	https://ftp.sra.ebi.ac.uk/vol1/fastq/SRR177/046/SRR17789946/SRR17789946_2.fastq.gz	SAMN25295876	1011597	s
SRR17789947	PAIRED	https://ftp.sra.ebi.ac.uk/vol1/fastq/SRR177/047/SRR17789947/SRR17789947_1.fastq.gz	https://ftp.sra.ebi.ac.uk/vol1/fastq/SRR177/047/SRR17789947/SRR17789947_2.fastq.gz	SAMN25295875	1361548	s
SRR17789948	PAIRED	https://ftp.sra.ebi.ac.uk/vol1/fastq/SRR177/048/SRR17789948/SRR17789948_1.fastq.gz	https://ftp.sra.ebi.ac.uk/vol1/fastq/SRR177/048/SRR17789948/SRR17789948_2.fastq.gz	SAMN25295874	993846	s
SRR17789949	PAIRED	https://ftp.sra.ebi.ac.uk/vol1/fastq/SRR177/049/SRR17789949/SRR17789949_1.fastq.gz	https://ftp.sra.ebi.ac.uk/vol1/fastq/SRR177/049/SRR17789949/SRR17789949_2.fastq.gz	SAMN25295658	1019950	s
SRR17789950	PAIRED	https://ftp.sra.ebi.ac.uk/vol1/fastq/SRR177/050/SRR17789950/SRR17789950_1.fastq.gz	https://ftp.sra.ebi.ac.uk/vol1/fastq/SRR177/050/SRR17789950/SRR17789950_2.fastq.gz	SAMN25295873	1116486	s
SRR17789954	PAIRED	https://ftp.sra.ebi.ac.uk/vol1/fastq/SRR177/054/SRR17789954/SRR17789954_1.fastq.gz	https://ftp.sra.ebi.ac.uk/vol1/fastq/SRR177/054/SRR17789954/SRR17789954_2.fastq.gz	SAMN25295869	1614436	s
SRR17789956	PAIRED	https://ftp.sra.ebi.ac.uk/vol1/fastq/SRR177/056/SRR17789956/SRR17789956_1.fastq.gz	https://ftp.sra.ebi.ac.uk/vol1/fastq/SRR177/056/SRR17789956/SRR17789956_2.fastq.gz	SAMN25295867	1050044	s
SRR17789957	PAIRED	https://ftp.sra.ebi.ac.uk/vol1/fastq/SRR177/057/SRR17789957/SRR17789957_1.fastq.gz	https://ftp.sra.ebi.ac.uk/vol1/fastq/SRR177/057/SRR17789957/SRR17789957_2.fastq.gz	SAMN25295866	916888	s
SRR17789959	PAIRED	https://ftp.sra.ebi.ac.uk/vol1/fastq/SRR177/059/SRR17789959/SRR17789959_1.fastq.gz	https://ftp.sra.ebi.ac.uk/vol1/fastq/SRR177/059/SRR17789959/SRR17789959_2.fastq.gz	SAMN25295864	1782113	s
SRR17789962	PAIRED	https://ftp.sra.ebi.ac.uk/vol1/fastq/SRR177/062/SRR17789962/SRR17789962_1.fastq.gz	https://ftp.sra.ebi.ac.uk/vol1/fastq/SRR177/062/SRR17789962/SRR17789962_2.fastq.gz	SAMN25295862	1453619	s
SRR17789963	PAIRED	https://ftp.sra.ebi.ac.uk/vol1/fastq/SRR177/063/SRR17789963/SRR17789963_1.fastq.gz	https://ftp.sra.ebi.ac.uk/vol1/fastq/SRR177/063/SRR17789963/SRR17789963_2.fastq.gz	SAMN25295861	703758	s
SRR17789964	PAIRED	https://ftp.sra.ebi.ac.uk/vol1/fastq/SRR177/064/SRR17789964/SRR17789964_1.fastq.gz	https://ftp.sra.ebi.ac.uk/vol1/fastq/SRR177/064/SRR17789964/SRR17789964_2.fastq.gz	SAMN25295860	836839	s
SRR17789970	PAIRED	https://ftp.sra.ebi.ac.uk/vol1/fastq/SRR177/070/SRR17789970/SRR17789970_1.fastq.gz	https://ftp.sra.ebi.ac.uk/vol1/fastq/SRR177/070/SRR17789970/SRR17789970_2.fastq.gz	SAMN25295779	840868	s
SRR17789971	PAIRED	https://ftp.sra.ebi.ac.uk/vol1/fastq/SRR177/071/SRR17789971/SRR17789971_1.fastq.gz	https://ftp.sra.ebi.ac.uk/vol1/fastq/SRR177/071/SRR17789971/SRR17789971_2.fastq.gz	SAMN25295778	1323456	s
SRR17789972	PAIRED	https://ftp.sra.ebi.ac.uk/vol1/fastq/SRR177/072/SRR17789972/SRR17789972_1.fastq.gz	https://ftp.sra.ebi.ac.uk/vol1/fastq/SRR177/072/SRR17789972/SRR17789972_2.fastq.gz	SAMN25295777	2270567	s
SRR17789974	PAIRED	https://ftp.sra.ebi.ac.uk/vol1/fastq/SRR177/074/SRR17789974/SRR17789974_1.fastq.gz	https://ftp.sra.ebi.ac.uk/vol1/fastq/SRR177/074/SRR17789974/SRR17789974_2.fastq.gz	SAMN25295775	1637393	s
SRR17789975	PAIRED	https://ftp.sra.ebi.ac.uk/vol1/fastq/SRR177/075/SRR17789975/SRR17789975_1.fastq.gz	https://ftp.sra.ebi.ac.uk/vol1/fastq/SRR177/075/SRR17789975/SRR17789975_2.fastq.gz	SAMN25295774	904513	s
SRR17789977	PAIRED	https://ftp.sra.ebi.ac.uk/vol1/fastq/SRR177/077/SRR17789977/SRR17789977_1.fastq.gz	https://ftp.sra.ebi.ac.uk/vol1/fastq/SRR177/077/SRR17789977/SRR17789977_2.fastq.gz	SAMN25295773	1011927	s
SRR17789982	PAIRED	https://ftp.sra.ebi.ac.uk/vol1/fastq/SRR177/082/SRR17789982/SRR17789982_1.fastq.gz	https://ftp.sra.ebi.ac.uk/vol1/fastq/SRR177/082/SRR17789982/SRR17789982_2.fastq.gz	SAMN25295768	1332365	s
SRR17789983	PAIRED	https://ftp.sra.ebi.ac.uk/vol1/fastq/SRR177/083/SRR17789983/SRR17789983_1.fastq.gz	https://ftp.sra.ebi.ac.uk/vol1/fastq/SRR177/083/SRR17789983/SRR17789983_2.fastq.gz	SAMN25295767	1128531	s
SRR17789984	PAIRED	https://ftp.sra.ebi.ac.uk/vol1/fastq/SRR177/084/SRR17789984/SRR17789984_1.fastq.gz	https://ftp.sra.ebi.ac.uk/vol1/fastq/SRR177/084/SRR17789984/SRR17789984_2.fastq.gz	SAMN25295766	1099716	s
SRR17789985	PAIRED	https://ftp.sra.ebi.ac.uk/vol1/fastq/SRR177/085/SRR17789985/SRR17789985_1.fastq.gz	https://ftp.sra.ebi.ac.uk/vol1/fastq/SRR177/085/SRR17789985/SRR17789985_2.fastq.gz	SAMN25295765	1174081	s
SRR17789988	PAIRED	https://ftp.sra.ebi.ac.uk/vol1/fastq/SRR177/088/SRR17789988/SRR17789988_1.fastq.gz	https://ftp.sra.ebi.ac.uk/vol1/fastq/SRR177/088/SRR17789988/SRR17789988_2.fastq.gz	SAMN25295763	1880570	s
SRR17789990	PAIRED	https://ftp.sra.ebi.ac.uk/vol1/fastq/SRR177/090/SRR17789990/SRR17789990_1.fastq.gz	https://ftp.sra.ebi.ac.uk/vol1/fastq/SRR177/090/SRR17789990/SRR17789990_2.fastq.gz	SAMN25295761	1678212	s
SRR17789992	PAIRED	https://ftp.sra.ebi.ac.uk/vol1/fastq/SRR177/092/SRR17789992/SRR17789992_1.fastq.gz	https://ftp.sra.ebi.ac.uk/vol1/fastq/SRR177/092/SRR17789992/SRR17789992_2.fastq.gz	SAMN25295759	1299750	s
SRR17789993	PAIRED	https://ftp.sra.ebi.ac.uk/vol1/fastq/SRR177/093/SRR17789993/SRR17789993_1.fastq.gz	https://ftp.sra.ebi.ac.uk/vol1/fastq/SRR177/093/SRR17789993/SRR17789993_2.fastq.gz	SAMN25295758	848205	s
SRR17789995	PAIRED	https://ftp.sra.ebi.ac.uk/vol1/fastq/SRR177/095/SRR17789995/SRR17789995_1.fastq.gz	https://ftp.sra.ebi.ac.uk/vol1/fastq/SRR177/095/SRR17789995/SRR17789995_2.fastq.gz	SAMN25295756	1944186	s
SRR17790002	PAIRED	https://ftp.sra.ebi.ac.uk/vol1/fastq/SRR177/002/SRR17790002/SRR17790002_1.fastq.gz	https://ftp.sra.ebi.ac.uk/vol1/fastq/SRR177/002/SRR17790002/SRR17790002_2.fastq.gz	SAMN25295750	1314885	s
SRR17790004	PAIRED	https://ftp.sra.ebi.ac.uk/vol1/fastq/SRR177/004/SRR17790004/SRR17790004_1.fastq.gz	https://ftp.sra.ebi.ac.uk/vol1/fastq/SRR177/004/SRR17790004/SRR17790004_2.fastq.gz	SAMN25295748	748623	s
SRR17790006	PAIRED	https://ftp.sra.ebi.ac.uk/vol1/fastq/SRR177/006/SRR17790006/SRR17790006_1.fastq.gz	https://ftp.sra.ebi.ac.uk/vol1/fastq/SRR177/006/SRR17790006/SRR17790006_2.fastq.gz	SAMN25295746	968021	s
SRR17790007	PAIRED	https://ftp.sra.ebi.ac.uk/vol1/fastq/SRR177/007/SRR17790007/SRR17790007_1.fastq.gz	https://ftp.sra.ebi.ac.uk/vol1/fastq/SRR177/007/SRR17790007/SRR17790007_2.fastq.gz	SAMN25295745	1093047	s
SRR17790008	PAIRED	https://ftp.sra.ebi.ac.uk/vol1/fastq/SRR177/008/SRR17790008/SRR17790008_1.fastq.gz	https://ftp.sra.ebi.ac.uk/vol1/fastq/SRR177/008/SRR17790008/SRR17790008_2.fastq.gz	SAMN25295744	1294667	s
SRR17790009	PAIRED	https://ftp.sra.ebi.ac.uk/vol1/fastq/SRR177/009/SRR17790009/SRR17790009_1.fastq.gz	https://ftp.sra.ebi.ac.uk/vol1/fastq/SRR177/009/SRR17790009/SRR17790009_2.fastq.gz	SAMN25295645	1759934	s
SRR17790011	PAIRED	https://ftp.sra.ebi.ac.uk/vol1/fastq/SRR177/011/SRR17790011/SRR17790011_1.fastq.gz	https://ftp.sra.ebi.ac.uk/vol1/fastq/SRR177/011/SRR17790011/SRR17790011_2.fastq.gz	SAMN25295742	1155518	s
SRR17790016	PAIRED	https://ftp.sra.ebi.ac.uk/vol1/fastq/SRR177/016/SRR17790016/SRR17790016_1.fastq.gz	https://ftp.sra.ebi.ac.uk/vol1/fastq/SRR177/016/SRR17790016/SRR17790016_2.fastq.gz	SAMN25295737	816367	s
SRR17790017	PAIRED	https://ftp.sra.ebi.ac.uk/vol1/fastq/SRR177/017/SRR17790017/SRR17790017_1.fastq.gz	https://ftp.sra.ebi.ac.uk/vol1/fastq/SRR177/017/SRR17790017/SRR17790017_2.fastq.gz	SAMN25295736	1440584	s
SRR17790019	PAIRED	https://ftp.sra.ebi.ac.uk/vol1/fastq/SRR177/019/SRR17790019/SRR17790019_1.fastq.gz	https://ftp.sra.ebi.ac.uk/vol1/fastq/SRR177/019/SRR17790019/SRR17790019_2.fastq.gz	SAMN25295734	1454915	r
SRR17790020	PAIRED	https://ftp.sra.ebi.ac.uk/vol1/fastq/SRR177/020/SRR17790020/SRR17790020_1.fastq.gz	https://ftp.sra.ebi.ac.uk/vol1/fastq/SRR177/020/SRR17790020/SRR17790020_2.fastq.gz	SAMN25295644	849709	s
SRR17790021	PAIRED	https://ftp.sra.ebi.ac.uk/vol1/fastq/SRR177/021/SRR17790021/SRR17790021_1.fastq.gz	https://ftp.sra.ebi.ac.uk/vol1/fastq/SRR177/021/SRR17790021/SRR17790021_2.fastq.gz	SAMN25295635	868908	s
SRR17790022	PAIRED	https://ftp.sra.ebi.ac.uk/vol1/fastq/SRR177/022/SRR17790022/SRR17790022_1.fastq.gz	https://ftp.sra.ebi.ac.uk/vol1/fastq/SRR177/022/SRR17790022/SRR17790022_2.fastq.gz	SAMN25295634	840602	s
SRR18507860	PAIRED	https://ftp.sra.ebi.ac.uk/vol1/fastq/SRR185/060/SRR18507860/SRR18507860_1.fastq.gz	https://ftp.sra.ebi.ac.uk/vol1/fastq/SRR185/060/SRR18507860/SRR18507860_2.fastq.gz	SAMN26198729	692637	u
SRR18507866	PAIRED	https://ftp.sra.ebi.ac.uk/vol1/fastq/SRR185/066/SRR18507866/SRR18507866_1.fastq.gz	https://ftp.sra.ebi.ac.uk/vol1/fastq/SRR185/066/SRR18507866/SRR18507866_2.fastq.gz	SAMN26198723	1325479	u
SRR19846894	PAIRED	https://ftp.sra.ebi.ac.uk/vol1/fastq/SRR198/094/SRR19846894/SRR19846894_1.fastq.gz	https://ftp.sra.ebi.ac.uk/vol1/fastq/SRR198/094/SRR19846894/SRR19846894_2.fastq.gz	SAMN29334804	507875	s
SRR19846895	PAIRED	https://ftp.sra.ebi.ac.uk/vol1/fastq/SRR198/095/SRR19846895/SRR19846895_1.fastq.gz	https://ftp.sra.ebi.ac.uk/vol1/fastq/SRR198/095/SRR19846895/SRR19846895_2.fastq.gz	SAMN29334803	732139	s
SRR19846901	PAIRED	https://ftp.sra.ebi.ac.uk/vol1/fastq/SRR198/001/SRR19846901/SRR19846901_1.fastq.gz	https://ftp.sra.ebi.ac.uk/vol1/fastq/SRR198/001/SRR19846901/SRR19846901_2.fastq.gz	SAMN29334797	627876	s
SRR19846902	PAIRED	https://ftp.sra.ebi.ac.uk/vol1/fastq/SRR198/002/SRR19846902/SRR19846902_1.fastq.gz	https://ftp.sra.ebi.ac.uk/vol1/fastq/SRR198/002/SRR19846902/SRR19846902_2.fastq.gz	SAMN29334809	236109	s
SRR19846903	PAIRED	https://ftp.sra.ebi.ac.uk/vol1/fastq/SRR198/003/SRR19846903/SRR19846903_1.fastq.gz	https://ftp.sra.ebi.ac.uk/vol1/fastq/SRR198/003/SRR19846903/SRR19846903_2.fastq.gz	SAMN29334808	1279453	s
SRR19846905	PAIRED	https://ftp.sra.ebi.ac.uk/vol1/fastq/SRR198/005/SRR19846905/SRR19846905_1.fastq.gz	https://ftp.sra.ebi.ac.uk/vol1/fastq/SRR198/005/SRR19846905/SRR19846905_2.fastq.gz	SAMN29334806	834951	s
SRR21002223	PAIRED	https://ftp.sra.ebi.ac.uk/vol1/fastq/SRR210/023/SRR21002223/SRR21002223_1.fastq.gz	https://ftp.sra.ebi.ac.uk/vol1/fastq/SRR210/023/SRR21002223/SRR21002223_2.fastq.gz	SAMN30236597	1065198	u
SRR21002224	PAIRED	https://ftp.sra.ebi.ac.uk/vol1/fastq/SRR210/024/SRR21002224/SRR21002224_1.fastq.gz	https://ftp.sra.ebi.ac.uk/vol1/fastq/SRR210/024/SRR21002224/SRR21002224_2.fastq.gz	SAMN30236596	1261806	u
SRR21002225	PAIRED	https://ftp.sra.ebi.ac.uk/vol1/fastq/SRR210/025/SRR21002225/SRR21002225_1.fastq.gz	https://ftp.sra.ebi.ac.uk/vol1/fastq/SRR210/025/SRR21002225/SRR21002225_2.fastq.gz	SAMN30236595	1234354	u
SRR21002226	PAIRED	https://ftp.sra.ebi.ac.uk/vol1/fastq/SRR210/026/SRR21002226/SRR21002226_1.fastq.gz	https://ftp.sra.ebi.ac.uk/vol1/fastq/SRR210/026/SRR21002226/SRR21002226_2.fastq.gz	SAMN30236594	1351290	u
SRR21002228	PAIRED	https://ftp.sra.ebi.ac.uk/vol1/fastq/SRR210/028/SRR21002228/SRR21002228_1.fastq.gz	https://ftp.sra.ebi.ac.uk/vol1/fastq/SRR210/028/SRR21002228/SRR21002228_2.fastq.gz	SAMN30236623	1291260	u
SRR21002230	PAIRED	https://ftp.sra.ebi.ac.uk/vol1/fastq/SRR210/030/SRR21002230/SRR21002230_1.fastq.gz	https://ftp.sra.ebi.ac.uk/vol1/fastq/SRR210/030/SRR21002230/SRR21002230_2.fastq.gz	SAMN30236621	1443544	u
SRR21002233	PAIRED	https://ftp.sra.ebi.ac.uk/vol1/fastq/SRR210/033/SRR21002233/SRR21002233_1.fastq.gz	https://ftp.sra.ebi.ac.uk/vol1/fastq/SRR210/033/SRR21002233/SRR21002233_2.fastq.gz	SAMN30236592	1216827	u
SRR21002235	PAIRED	https://ftp.sra.ebi.ac.uk/vol1/fastq/SRR210/035/SRR21002235/SRR21002235_1.fastq.gz	https://ftp.sra.ebi.ac.uk/vol1/fastq/SRR210/035/SRR21002235/SRR21002235_2.fastq.gz	SAMN30236617	1280802	u
SRR21002236	PAIRED	https://ftp.sra.ebi.ac.uk/vol1/fastq/SRR210/036/SRR21002236/SRR21002236_1.fastq.gz	https://ftp.sra.ebi.ac.uk/vol1/fastq/SRR210/036/SRR21002236/SRR21002236_2.fastq.gz	SAMN30236616	1120289	u
SRR21002237	PAIRED	https://ftp.sra.ebi.ac.uk/vol1/fastq/SRR210/037/SRR21002237/SRR21002237_1.fastq.gz	https://ftp.sra.ebi.ac.uk/vol1/fastq/SRR210/037/SRR21002237/SRR21002237_2.fastq.gz	SAMN30236615	1178160	u
SRR21002241	PAIRED	https://ftp.sra.ebi.ac.uk/vol1/fastq/SRR210/041/SRR21002241/SRR21002241_1.fastq.gz	https://ftp.sra.ebi.ac.uk/vol1/fastq/SRR210/041/SRR21002241/SRR21002241_2.fastq.gz	SAMN30236611	1010450	u
SRR21002245	PAIRED	https://ftp.sra.ebi.ac.uk/vol1/fastq/SRR210/045/SRR21002245/SRR21002245_1.fastq.gz	https://ftp.sra.ebi.ac.uk/vol1/fastq/SRR210/045/SRR21002245/SRR21002245_2.fastq.gz	SAMN30236608	919436	u
SRR21002246	PAIRED	https://ftp.sra.ebi.ac.uk/vol1/fastq/SRR210/046/SRR21002246/SRR21002246_1.fastq.gz	https://ftp.sra.ebi.ac.uk/vol1/fastq/SRR210/046/SRR21002246/SRR21002246_2.fastq.gz	SAMN30236607	235925	u
SRR21002248	PAIRED	https://ftp.sra.ebi.ac.uk/vol1/fastq/SRR210/048/SRR21002248/SRR21002248_1.fastq.gz	https://ftp.sra.ebi.ac.uk/vol1/fastq/SRR210/048/SRR21002248/SRR21002248_2.fastq.gz	SAMN30236605	1068904	u
SRR21002249	PAIRED	https://ftp.sra.ebi.ac.uk/vol1/fastq/SRR210/049/SRR21002249/SRR21002249_1.fastq.gz	https://ftp.sra.ebi.ac.uk/vol1/fastq/SRR210/049/SRR21002249/SRR21002249_2.fastq.gz	SAMN30236604	1192527	u
SRR21002250	PAIRED	https://ftp.sra.ebi.ac.uk/vol1/fastq/SRR210/050/SRR21002250/SRR21002250_1.fastq.gz	https://ftp.sra.ebi.ac.uk/vol1/fastq/SRR210/050/SRR21002250/SRR21002250_2.fastq.gz	SAMN30236603	1108345	u
SRR21002252	PAIRED	https://ftp.sra.ebi.ac.uk/vol1/fastq/SRR210/052/SRR21002252/SRR21002252_1.fastq.gz	https://ftp.sra.ebi.ac.uk/vol1/fastq/SRR210/052/SRR21002252/SRR21002252_2.fastq.gz	SAMN30236601	1260691	u
SRR21786805	PAIRED	https://ftp.sra.ebi.ac.uk/vol1/fastq/SRR217/005/SRR21786805/SRR21786805_1.fastq.gz	https://ftp.sra.ebi.ac.uk/vol1/fastq/SRR217/005/SRR21786805/SRR21786805_2.fastq.gz	SAMN31137440	680630	u
SRR21786806	PAIRED	https://ftp.sra.ebi.ac.uk/vol1/fastq/SRR217/006/SRR21786806/SRR21786806_1.fastq.gz	https://ftp.sra.ebi.ac.uk/vol1/fastq/SRR217/006/SRR21786806/SRR21786806_2.fastq.gz	SAMN31137439	1144305	u
SRR21786807	PAIRED	https://ftp.sra.ebi.ac.uk/vol1/fastq/SRR217/007/SRR21786807/SRR21786807_1.fastq.gz	https://ftp.sra.ebi.ac.uk/vol1/fastq/SRR217/007/SRR21786807/SRR21786807_2.fastq.gz	SAMN31137438	1458913	u
SRR21786813	PAIRED	https://ftp.sra.ebi.ac.uk/vol1/fastq/SRR217/013/SRR21786813/SRR21786813_1.fastq.gz	https://ftp.sra.ebi.ac.uk/vol1/fastq/SRR217/013/SRR21786813/SRR21786813_2.fastq.gz	SAMN31137432	1305309	u
SRR21786814	PAIRED	https://ftp.sra.ebi.ac.uk/vol1/fastq/SRR217/014/SRR21786814/SRR21786814_1.fastq.gz	https://ftp.sra.ebi.ac.uk/vol1/fastq/SRR217/014/SRR21786814/SRR21786814_2.fastq.gz	SAMN31137351	558899	u
SRR21786815	PAIRED	https://ftp.sra.ebi.ac.uk/vol1/fastq/SRR217/015/SRR21786815/SRR21786815_1.fastq.gz	https://ftp.sra.ebi.ac.uk/vol1/fastq/SRR217/015/SRR21786815/SRR21786815_2.fastq.gz	SAMN31137431	502884	u
SRR21786816	PAIRED	https://ftp.sra.ebi.ac.uk/vol1/fastq/SRR217/016/SRR21786816/SRR21786816_1.fastq.gz	https://ftp.sra.ebi.ac.uk/vol1/fastq/SRR217/016/SRR21786816/SRR21786816_2.fastq.gz	SAMN31137430	1102092	u
SRR21786817	PAIRED	https://ftp.sra.ebi.ac.uk/vol1/fastq/SRR217/017/SRR21786817/SRR21786817_1.fastq.gz	https://ftp.sra.ebi.ac.uk/vol1/fastq/SRR217/017/SRR21786817/SRR21786817_2.fastq.gz	SAMN31137429	1159943	u
SRR21786818	PAIRED	https://ftp.sra.ebi.ac.uk/vol1/fastq/SRR217/018/SRR21786818/SRR21786818_1.fastq.gz	https://ftp.sra.ebi.ac.uk/vol1/fastq/SRR217/018/SRR21786818/SRR21786818_2.fastq.gz	SAMN31137428	754625	u
SRR21786828	PAIRED	https://ftp.sra.ebi.ac.uk/vol1/fastq/SRR217/028/SRR21786828/SRR21786828_1.fastq.gz	https://ftp.sra.ebi.ac.uk/vol1/fastq/SRR217/028/SRR21786828/SRR21786828_2.fastq.gz	SAMN31137419	1111472	u
SRR21786831	PAIRED	https://ftp.sra.ebi.ac.uk/vol1/fastq/SRR217/031/SRR21786831/SRR21786831_1.fastq.gz	https://ftp.sra.ebi.ac.uk/vol1/fastq/SRR217/031/SRR21786831/SRR21786831_2.fastq.gz	SAMN31137416	1257292	u
SRR21786833	PAIRED	https://ftp.sra.ebi.ac.uk/vol1/fastq/SRR217/033/SRR21786833/SRR21786833_1.fastq.gz	https://ftp.sra.ebi.ac.uk/vol1/fastq/SRR217/033/SRR21786833/SRR21786833_2.fastq.gz	SAMN31137414	755019	u
SRR21786835	PAIRED	https://ftp.sra.ebi.ac.uk/vol1/fastq/SRR217/035/SRR21786835/SRR21786835_1.fastq.gz	https://ftp.sra.ebi.ac.uk/vol1/fastq/SRR217/035/SRR21786835/SRR21786835_2.fastq.gz	SAMN31137412	1324020	u
SRR21786837	PAIRED	https://ftp.sra.ebi.ac.uk/vol1/fastq/SRR217/037/SRR21786837/SRR21786837_1.fastq.gz	https://ftp.sra.ebi.ac.uk/vol1/fastq/SRR217/037/SRR21786837/SRR21786837_2.fastq.gz	SAMN31137411	283111	u
SRR21786838	PAIRED	https://ftp.sra.ebi.ac.uk/vol1/fastq/SRR217/038/SRR21786838/SRR21786838_1.fastq.gz	https://ftp.sra.ebi.ac.uk/vol1/fastq/SRR217/038/SRR21786838/SRR21786838_2.fastq.gz	SAMN31137410	1018581	u
SRR21786840	PAIRED	https://ftp.sra.ebi.ac.uk/vol1/fastq/SRR217/040/SRR21786840/SRR21786840_1.fastq.gz	https://ftp.sra.ebi.ac.uk/vol1/fastq/SRR217/040/SRR21786840/SRR21786840_2.fastq.gz	SAMN31137408	978933	u
SRR21786843	PAIRED	https://ftp.sra.ebi.ac.uk/vol1/fastq/SRR217/043/SRR21786843/SRR21786843_1.fastq.gz	https://ftp.sra.ebi.ac.uk/vol1/fastq/SRR217/043/SRR21786843/SRR21786843_2.fastq.gz	SAMN31137405	845748	u
SRR21786848	PAIRED	https://ftp.sra.ebi.ac.uk/vol1/fastq/SRR217/048/SRR21786848/SRR21786848_1.fastq.gz	https://ftp.sra.ebi.ac.uk/vol1/fastq/SRR217/048/SRR21786848/SRR21786848_2.fastq.gz	SAMN31137401	1051122	u
SRR21786850	PAIRED	https://ftp.sra.ebi.ac.uk/vol1/fastq/SRR217/050/SRR21786850/SRR21786850_1.fastq.gz	https://ftp.sra.ebi.ac.uk/vol1/fastq/SRR217/050/SRR21786850/SRR21786850_2.fastq.gz	SAMN31137399	830784	u
SRR21786851	PAIRED	https://ftp.sra.ebi.ac.uk/vol1/fastq/SRR217/051/SRR21786851/SRR21786851_1.fastq.gz	https://ftp.sra.ebi.ac.uk/vol1/fastq/SRR217/051/SRR21786851/SRR21786851_2.fastq.gz	SAMN31137398	974705	u
SRR21786852	PAIRED	https://ftp.sra.ebi.ac.uk/vol1/fastq/SRR217/052/SRR21786852/SRR21786852_1.fastq.gz	https://ftp.sra.ebi.ac.uk/vol1/fastq/SRR217/052/SRR21786852/SRR21786852_2.fastq.gz	SAMN31137397	532588	u
SRR21786853	PAIRED	https://ftp.sra.ebi.ac.uk/vol1/fastq/SRR217/053/SRR21786853/SRR21786853_1.fastq.gz	https://ftp.sra.ebi.ac.uk/vol1/fastq/SRR217/053/SRR21786853/SRR21786853_2.fastq.gz	SAMN31137396	1161609	u
SRR21786854	PAIRED	https://ftp.sra.ebi.ac.uk/vol1/fastq/SRR217/054/SRR21786854/SRR21786854_1.fastq.gz	https://ftp.sra.ebi.ac.uk/vol1/fastq/SRR217/054/SRR21786854/SRR21786854_2.fastq.gz	SAMN31137395	1269737	u
SRR21786861	PAIRED	https://ftp.sra.ebi.ac.uk/vol1/fastq/SRR217/061/SRR21786861/SRR21786861_1.fastq.gz	https://ftp.sra.ebi.ac.uk/vol1/fastq/SRR217/061/SRR21786861/SRR21786861_2.fastq.gz	SAMN31137389	1072620	u
SRR21786865	PAIRED	https://ftp.sra.ebi.ac.uk/vol1/fastq/SRR217/065/SRR21786865/SRR21786865_1.fastq.gz	https://ftp.sra.ebi.ac.uk/vol1/fastq/SRR217/065/SRR21786865/SRR21786865_2.fastq.gz	SAMN31137385	710418	u
SRR21786868	PAIRED	https://ftp.sra.ebi.ac.uk/vol1/fastq/SRR217/068/SRR21786868/SRR21786868_1.fastq.gz	https://ftp.sra.ebi.ac.uk/vol1/fastq/SRR217/068/SRR21786868/SRR21786868_2.fastq.gz	SAMN31137382	949739	u
SRR21786869	PAIRED	https://ftp.sra.ebi.ac.uk/vol1/fastq/SRR217/069/SRR21786869/SRR21786869_1.fastq.gz	https://ftp.sra.ebi.ac.uk/vol1/fastq/SRR217/069/SRR21786869/SRR21786869_2.fastq.gz	SAMN31137346	1051186	u
SRR21786870	PAIRED	https://ftp.sra.ebi.ac.uk/vol1/fastq/SRR217/070/SRR21786870/SRR21786870_1.fastq.gz	https://ftp.sra.ebi.ac.uk/vol1/fastq/SRR217/070/SRR21786870/SRR21786870_2.fastq.gz	SAMN31137381	1053733	u
SRR21786872	PAIRED	https://ftp.sra.ebi.ac.uk/vol1/fastq/SRR217/072/SRR21786872/SRR21786872_1.fastq.gz	https://ftp.sra.ebi.ac.uk/vol1/fastq/SRR217/072/SRR21786872/SRR21786872_2.fastq.gz	SAMN31137379	1272290	u
SRR21786873	PAIRED	https://ftp.sra.ebi.ac.uk/vol1/fastq/SRR217/073/SRR21786873/SRR21786873_1.fastq.gz	https://ftp.sra.ebi.ac.uk/vol1/fastq/SRR217/073/SRR21786873/SRR21786873_2.fastq.gz	SAMN31137378	570174	u
SRR21786876	PAIRED	https://ftp.sra.ebi.ac.uk/vol1/fastq/SRR217/076/SRR21786876/SRR21786876_1.fastq.gz	https://ftp.sra.ebi.ac.uk/vol1/fastq/SRR217/076/SRR21786876/SRR21786876_2.fastq.gz	SAMN31137375	1233731	s
SRR21786879	PAIRED	https://ftp.sra.ebi.ac.uk/vol1/fastq/SRR217/079/SRR21786879/SRR21786879_1.fastq.gz	https://ftp.sra.ebi.ac.uk/vol1/fastq/SRR217/079/SRR21786879/SRR21786879_2.fastq.gz	SAMN31137372	663878	u
SRR21786884	PAIRED	https://ftp.sra.ebi.ac.uk/vol1/fastq/SRR217/084/SRR21786884/SRR21786884_1.fastq.gz	https://ftp.sra.ebi.ac.uk/vol1/fastq/SRR217/084/SRR21786884/SRR21786884_2.fastq.gz	SAMN31137368	870586	u
SRR21786885	PAIRED	https://ftp.sra.ebi.ac.uk/vol1/fastq/SRR217/085/SRR21786885/SRR21786885_1.fastq.gz	https://ftp.sra.ebi.ac.uk/vol1/fastq/SRR217/085/SRR21786885/SRR21786885_2.fastq.gz	SAMN31137367	364359	u
SRR21786886	PAIRED	https://ftp.sra.ebi.ac.uk/vol1/fastq/SRR217/086/SRR21786886/SRR21786886_1.fastq.gz	https://ftp.sra.ebi.ac.uk/vol1/fastq/SRR217/086/SRR21786886/SRR21786886_2.fastq.gz	SAMN31137366	361550	u
SRR21786887	PAIRED	https://ftp.sra.ebi.ac.uk/vol1/fastq/SRR217/087/SRR21786887/SRR21786887_1.fastq.gz	https://ftp.sra.ebi.ac.uk/vol1/fastq/SRR217/087/SRR21786887/SRR21786887_2.fastq.gz	SAMN31137365	918623	u
SRR21786888	PAIRED	https://ftp.sra.ebi.ac.uk/vol1/fastq/SRR217/088/SRR21786888/SRR21786888_1.fastq.gz	https://ftp.sra.ebi.ac.uk/vol1/fastq/SRR217/088/SRR21786888/SRR21786888_2.fastq.gz	SAMN31137364	602605	u
SRR21786890	PAIRED	https://ftp.sra.ebi.ac.uk/vol1/fastq/SRR217/090/SRR21786890/SRR21786890_1.fastq.gz	https://ftp.sra.ebi.ac.uk/vol1/fastq/SRR217/090/SRR21786890/SRR21786890_2.fastq.gz	SAMN31137362	1233560	u
SRR21786892	PAIRED	https://ftp.sra.ebi.ac.uk/vol1/fastq/SRR217/092/SRR21786892/SRR21786892_1.fastq.gz	https://ftp.sra.ebi.ac.uk/vol1/fastq/SRR217/092/SRR21786892/SRR21786892_2.fastq.gz	SAMN31137361	1037601	u
SRR21786893	PAIRED	https://ftp.sra.ebi.ac.uk/vol1/fastq/SRR217/093/SRR21786893/SRR21786893_1.fastq.gz	https://ftp.sra.ebi.ac.uk/vol1/fastq/SRR217/093/SRR21786893/SRR21786893_2.fastq.gz	SAMN31137360	539601	u
SRR21786895	PAIRED	https://ftp.sra.ebi.ac.uk/vol1/fastq/SRR217/095/SRR21786895/SRR21786895_1.fastq.gz	https://ftp.sra.ebi.ac.uk/vol1/fastq/SRR217/095/SRR21786895/SRR21786895_2.fastq.gz	SAMN31137358	1079430	u
SRR21786896	PAIRED	https://ftp.sra.ebi.ac.uk/vol1/fastq/SRR217/096/SRR21786896/SRR21786896_1.fastq.gz	https://ftp.sra.ebi.ac.uk/vol1/fastq/SRR217/096/SRR21786896/SRR21786896_2.fastq.gz	SAMN31137357	1145268	u
SRR21786900	PAIRED	https://ftp.sra.ebi.ac.uk/vol1/fastq/SRR217/000/SRR21786900/SRR21786900_1.fastq.gz	https://ftp.sra.ebi.ac.uk/vol1/fastq/SRR217/000/SRR21786900/SRR21786900_2.fastq.gz	SAMN31137353	1034702	u
SRR21786902	PAIRED	https://ftp.sra.ebi.ac.uk/vol1/fastq/SRR217/002/SRR21786902/SRR21786902_1.fastq.gz	https://ftp.sra.ebi.ac.uk/vol1/fastq/SRR217/002/SRR21786902/SRR21786902_2.fastq.gz	SAMN31137448	1029643	u
SRR21786903	PAIRED	https://ftp.sra.ebi.ac.uk/vol1/fastq/SRR217/003/SRR21786903/SRR21786903_1.fastq.gz	https://ftp.sra.ebi.ac.uk/vol1/fastq/SRR217/003/SRR21786903/SRR21786903_2.fastq.gz	SAMN31137447	1374468	u
SRR21786904	PAIRED	https://ftp.sra.ebi.ac.uk/vol1/fastq/SRR217/004/SRR21786904/SRR21786904_1.fastq.gz	https://ftp.sra.ebi.ac.uk/vol1/fastq/SRR217/004/SRR21786904/SRR21786904_2.fastq.gz	SAMN31137446	784536	u
SRR21786906	PAIRED	https://ftp.sra.ebi.ac.uk/vol1/fastq/SRR217/006/SRR21786906/SRR21786906_1.fastq.gz	https://ftp.sra.ebi.ac.uk/vol1/fastq/SRR217/006/SRR21786906/SRR21786906_2.fastq.gz	SAMN31137444	527743	u
SRR21786907	PAIRED	https://ftp.sra.ebi.ac.uk/vol1/fastq/SRR217/007/SRR21786907/SRR21786907_1.fastq.gz	https://ftp.sra.ebi.ac.uk/vol1/fastq/SRR217/007/SRR21786907/SRR21786907_2.fastq.gz	SAMN31137443	839401	u
SRR21786909	PAIRED	https://ftp.sra.ebi.ac.uk/vol1/fastq/SRR217/009/SRR21786909/SRR21786909_1.fastq.gz	https://ftp.sra.ebi.ac.uk/vol1/fastq/SRR217/009/SRR21786909/SRR21786909_2.fastq.gz	SAMN31137352	932350	u
SRR22496538	PAIRED	https://ftp.sra.ebi.ac.uk/vol1/fastq/SRR224/038/SRR22496538/SRR22496538_1.fastq.gz	https://ftp.sra.ebi.ac.uk/vol1/fastq/SRR224/038/SRR22496538/SRR22496538_2.fastq.gz	SAMN31980824	1062558	u
SRR22496540	PAIRED	https://ftp.sra.ebi.ac.uk/vol1/fastq/SRR224/040/SRR22496540/SRR22496540_1.fastq.gz	https://ftp.sra.ebi.ac.uk/vol1/fastq/SRR224/040/SRR22496540/SRR22496540_2.fastq.gz	SAMN31980769	1053703	u
SRR22496542	PAIRED	https://ftp.sra.ebi.ac.uk/vol1/fastq/SRR224/042/SRR22496542/SRR22496542_1.fastq.gz	https://ftp.sra.ebi.ac.uk/vol1/fastq/SRR224/042/SRR22496542/SRR22496542_2.fastq.gz	SAMN31980821	1240385	u
SRR22496544	PAIRED	https://ftp.sra.ebi.ac.uk/vol1/fastq/SRR224/044/SRR22496544/SRR22496544_1.fastq.gz	https://ftp.sra.ebi.ac.uk/vol1/fastq/SRR224/044/SRR22496544/SRR22496544_2.fastq.gz	SAMN31980819	912633	u
SRR22496545	PAIRED	https://ftp.sra.ebi.ac.uk/vol1/fastq/SRR224/045/SRR22496545/SRR22496545_1.fastq.gz	https://ftp.sra.ebi.ac.uk/vol1/fastq/SRR224/045/SRR22496545/SRR22496545_2.fastq.gz	SAMN31980818	1069795	u
SRR22496549	PAIRED	https://ftp.sra.ebi.ac.uk/vol1/fastq/SRR224/049/SRR22496549/SRR22496549_1.fastq.gz	https://ftp.sra.ebi.ac.uk/vol1/fastq/SRR224/049/SRR22496549/SRR22496549_2.fastq.gz	SAMN31980814	1150323	u
SRR22496552	PAIRED	https://ftp.sra.ebi.ac.uk/vol1/fastq/SRR224/052/SRR22496552/SRR22496552_1.fastq.gz	https://ftp.sra.ebi.ac.uk/vol1/fastq/SRR224/052/SRR22496552/SRR22496552_2.fastq.gz	SAMN31980812	982080	u
SRR22496553	PAIRED	https://ftp.sra.ebi.ac.uk/vol1/fastq/SRR224/053/SRR22496553/SRR22496553_1.fastq.gz	https://ftp.sra.ebi.ac.uk/vol1/fastq/SRR224/053/SRR22496553/SRR22496553_2.fastq.gz	SAMN31980811	930550	u
SRR22496554	PAIRED	https://ftp.sra.ebi.ac.uk/vol1/fastq/SRR224/054/SRR22496554/SRR22496554_1.fastq.gz	https://ftp.sra.ebi.ac.uk/vol1/fastq/SRR224/054/SRR22496554/SRR22496554_2.fastq.gz	SAMN31980810	1157648	u
SRR22496557	PAIRED	https://ftp.sra.ebi.ac.uk/vol1/fastq/SRR224/057/SRR22496557/SRR22496557_1.fastq.gz	https://ftp.sra.ebi.ac.uk/vol1/fastq/SRR224/057/SRR22496557/SRR22496557_2.fastq.gz	SAMN31980807	1012916	u
SRR22496559	PAIRED	https://ftp.sra.ebi.ac.uk/vol1/fastq/SRR224/059/SRR22496559/SRR22496559_1.fastq.gz	https://ftp.sra.ebi.ac.uk/vol1/fastq/SRR224/059/SRR22496559/SRR22496559_2.fastq.gz	SAMN31980805	1193613	u
SRR22496560	PAIRED	https://ftp.sra.ebi.ac.uk/vol1/fastq/SRR224/060/SRR22496560/SRR22496560_1.fastq.gz	https://ftp.sra.ebi.ac.uk/vol1/fastq/SRR224/060/SRR22496560/SRR22496560_2.fastq.gz	SAMN31980804	1355025	u
SRR22496565	PAIRED	https://ftp.sra.ebi.ac.uk/vol1/fastq/SRR224/065/SRR22496565/SRR22496565_1.fastq.gz	https://ftp.sra.ebi.ac.uk/vol1/fastq/SRR224/065/SRR22496565/SRR22496565_2.fastq.gz	SAMN31980800	982608	u
SRR22496567	PAIRED	https://ftp.sra.ebi.ac.uk/vol1/fastq/SRR224/067/SRR22496567/SRR22496567_1.fastq.gz	https://ftp.sra.ebi.ac.uk/vol1/fastq/SRR224/067/SRR22496567/SRR22496567_2.fastq.gz	SAMN31980798	915738	u
SRR22496569	PAIRED	https://ftp.sra.ebi.ac.uk/vol1/fastq/SRR224/069/SRR22496569/SRR22496569_1.fastq.gz	https://ftp.sra.ebi.ac.uk/vol1/fastq/SRR224/069/SRR22496569/SRR22496569_2.fastq.gz	SAMN31980796	1320292	u
SRR22496571	PAIRED	https://ftp.sra.ebi.ac.uk/vol1/fastq/SRR224/071/SRR22496571/SRR22496571_1.fastq.gz	https://ftp.sra.ebi.ac.uk/vol1/fastq/SRR224/071/SRR22496571/SRR22496571_2.fastq.gz	SAMN31980794	1127302	u
SRR22496574	PAIRED	https://ftp.sra.ebi.ac.uk/vol1/fastq/SRR224/074/SRR22496574/SRR22496574_1.fastq.gz	https://ftp.sra.ebi.ac.uk/vol1/fastq/SRR224/074/SRR22496574/SRR22496574_2.fastq.gz	SAMN31980792	1219620	u
SRR22496575	PAIRED	https://ftp.sra.ebi.ac.uk/vol1/fastq/SRR224/075/SRR22496575/SRR22496575_1.fastq.gz	https://ftp.sra.ebi.ac.uk/vol1/fastq/SRR224/075/SRR22496575/SRR22496575_2.fastq.gz	SAMN31980791	1047820	u
SRR22496578	PAIRED	https://ftp.sra.ebi.ac.uk/vol1/fastq/SRR224/078/SRR22496578/SRR22496578_1.fastq.gz	https://ftp.sra.ebi.ac.uk/vol1/fastq/SRR224/078/SRR22496578/SRR22496578_2.fastq.gz	SAMN31980788	1706698	u
SRR22496579	PAIRED	https://ftp.sra.ebi.ac.uk/vol1/fastq/SRR224/079/SRR22496579/SRR22496579_1.fastq.gz	https://ftp.sra.ebi.ac.uk/vol1/fastq/SRR224/079/SRR22496579/SRR22496579_2.fastq.gz	SAMN31980787	1086496	u
SRR22496581	PAIRED	https://ftp.sra.ebi.ac.uk/vol1/fastq/SRR224/081/SRR22496581/SRR22496581_1.fastq.gz	https://ftp.sra.ebi.ac.uk/vol1/fastq/SRR224/081/SRR22496581/SRR22496581_2.fastq.gz	SAMN31980785	1182952	u
SRR22496582	PAIRED	https://ftp.sra.ebi.ac.uk/vol1/fastq/SRR224/082/SRR22496582/SRR22496582_1.fastq.gz	https://ftp.sra.ebi.ac.uk/vol1/fastq/SRR224/082/SRR22496582/SRR22496582_2.fastq.gz	SAMN31980784	1233049	u
SRR22496586	PAIRED	https://ftp.sra.ebi.ac.uk/vol1/fastq/SRR224/086/SRR22496586/SRR22496586_1.fastq.gz	https://ftp.sra.ebi.ac.uk/vol1/fastq/SRR224/086/SRR22496586/SRR22496586_2.fastq.gz	SAMN31980781	1053564	u
SRR22496587	PAIRED	https://ftp.sra.ebi.ac.uk/vol1/fastq/SRR224/087/SRR22496587/SRR22496587_1.fastq.gz	https://ftp.sra.ebi.ac.uk/vol1/fastq/SRR224/087/SRR22496587/SRR22496587_2.fastq.gz	SAMN31980780	1137339	u
SRR22496589	PAIRED	https://ftp.sra.ebi.ac.uk/vol1/fastq/SRR224/089/SRR22496589/SRR22496589_1.fastq.gz	https://ftp.sra.ebi.ac.uk/vol1/fastq/SRR224/089/SRR22496589/SRR22496589_2.fastq.gz	SAMN31980778	1190011	u
SRR22496591	PAIRED	https://ftp.sra.ebi.ac.uk/vol1/fastq/SRR224/091/SRR22496591/SRR22496591_1.fastq.gz	https://ftp.sra.ebi.ac.uk/vol1/fastq/SRR224/091/SRR22496591/SRR22496591_2.fastq.gz	SAMN31980776	1431113	u
SRR22496594	PAIRED	https://ftp.sra.ebi.ac.uk/vol1/fastq/SRR224/094/SRR22496594/SRR22496594_1.fastq.gz	https://ftp.sra.ebi.ac.uk/vol1/fastq/SRR224/094/SRR22496594/SRR22496594_2.fastq.gz	SAMN31980774	1140115	u
SRR22496599	PAIRED	https://ftp.sra.ebi.ac.uk/vol1/fastq/SRR224/099/SRR22496599/SRR22496599_1.fastq.gz	https://ftp.sra.ebi.ac.uk/vol1/fastq/SRR224/099/SRR22496599/SRR22496599_2.fastq.gz	SAMN31980832	944775	u
SRR22496600	PAIRED	https://ftp.sra.ebi.ac.uk/vol1/fastq/SRR224/000/SRR22496600/SRR22496600_1.fastq.gz	https://ftp.sra.ebi.ac.uk/vol1/fastq/SRR224/000/SRR22496600/SRR22496600_2.fastq.gz	SAMN31980831	1170271	u
SRR22496601	PAIRED	https://ftp.sra.ebi.ac.uk/vol1/fastq/SRR224/001/SRR22496601/SRR22496601_1.fastq.gz	https://ftp.sra.ebi.ac.uk/vol1/fastq/SRR224/001/SRR22496601/SRR22496601_2.fastq.gz	SAMN31980830	1031287	u
SRR22496604	PAIRED	https://ftp.sra.ebi.ac.uk/vol1/fastq/SRR224/004/SRR22496604/SRR22496604_1.fastq.gz	https://ftp.sra.ebi.ac.uk/vol1/fastq/SRR224/004/SRR22496604/SRR22496604_2.fastq.gz	SAMN31980827	1186680	u
SRR22496606	PAIRED	https://ftp.sra.ebi.ac.uk/vol1/fastq/SRR224/006/SRR22496606/SRR22496606_1.fastq.gz	https://ftp.sra.ebi.ac.uk/vol1/fastq/SRR224/006/SRR22496606/SRR22496606_2.fastq.gz	SAMN31980825	1132658	u
SRR22496609	PAIRED	https://ftp.sra.ebi.ac.uk/vol1/fastq/SRR224/009/SRR22496609/SRR22496609_1.fastq.gz	https://ftp.sra.ebi.ac.uk/vol1/fastq/SRR224/009/SRR22496609/SRR22496609_2.fastq.gz	SAMN31980763	1183003	u
SRR25437010	PAIRED	https://ftp.sra.ebi.ac.uk/vol1/fastq/SRR254/010/SRR25437010/SRR25437010_1.fastq.gz	https://ftp.sra.ebi.ac.uk/vol1/fastq/SRR254/010/SRR25437010/SRR25437010_2.fastq.gz	SAMN36726475	1005361	s
SRR25437014	PAIRED	https://ftp.sra.ebi.ac.uk/vol1/fastq/SRR254/014/SRR25437014/SRR25437014_1.fastq.gz	https://ftp.sra.ebi.ac.uk/vol1/fastq/SRR254/014/SRR25437014/SRR25437014_2.fastq.gz	SAMN36726471	405387	s
SRR25437021	PAIRED	https://ftp.sra.ebi.ac.uk/vol1/fastq/SRR254/021/SRR25437021/SRR25437021_1.fastq.gz	https://ftp.sra.ebi.ac.uk/vol1/fastq/SRR254/021/SRR25437021/SRR25437021_2.fastq.gz	SAMN36726465	815099	s
SRR25437028	PAIRED	https://ftp.sra.ebi.ac.uk/vol1/fastq/SRR254/028/SRR25437028/SRR25437028_1.fastq.gz	https://ftp.sra.ebi.ac.uk/vol1/fastq/SRR254/028/SRR25437028/SRR25437028_2.fastq.gz	SAMN36726433	2855742	s
SRR25437076	PAIRED	https://ftp.sra.ebi.ac.uk/vol1/fastq/SRR254/076/SRR25437076/SRR25437076_1.fastq.gz	https://ftp.sra.ebi.ac.uk/vol1/fastq/SRR254/076/SRR25437076/SRR25437076_2.fastq.gz	SAMN36726440	1250744	s
SRR25437083	PAIRED	https://ftp.sra.ebi.ac.uk/vol1/fastq/SRR254/083/SRR25437083/SRR25437083_1.fastq.gz	https://ftp.sra.ebi.ac.uk/vol1/fastq/SRR254/083/SRR25437083/SRR25437083_2.fastq.gz	SAMN36726400	1237782	s
SRR25437179	PAIRED	https://ftp.sra.ebi.ac.uk/vol1/fastq/SRR254/079/SRR25437179/SRR25437179_1.fastq.gz	https://ftp.sra.ebi.ac.uk/vol1/fastq/SRR254/079/SRR25437179/SRR25437179_2.fastq.gz	SAMN36726628	1384519	s
SRR25437201	PAIRED	https://ftp.sra.ebi.ac.uk/vol1/fastq/SRR254/001/SRR25437201/SRR25437201_1.fastq.gz	https://ftp.sra.ebi.ac.uk/vol1/fastq/SRR254/001/SRR25437201/SRR25437201_2.fastq.gz	SAMN36726659	1254588	s
SRR25437206	PAIRED	https://ftp.sra.ebi.ac.uk/vol1/fastq/SRR254/006/SRR25437206/SRR25437206_1.fastq.gz	https://ftp.sra.ebi.ac.uk/vol1/fastq/SRR254/006/SRR25437206/SRR25437206_2.fastq.gz	SAMN36726619	1141740	s
SRR25437423	PAIRED	https://ftp.sra.ebi.ac.uk/vol1/fastq/SRR254/023/SRR25437423/SRR25437423_1.fastq.gz	https://ftp.sra.ebi.ac.uk/vol1/fastq/SRR254/023/SRR25437423/SRR25437423_2.fastq.gz	SAMN36727313	692645	s
SRR25437475	PAIRED	https://ftp.sra.ebi.ac.uk/vol1/fastq/SRR254/075/SRR25437475/SRR25437475_1.fastq.gz	https://ftp.sra.ebi.ac.uk/vol1/fastq/SRR254/075/SRR25437475/SRR25437475_2.fastq.gz	SAMN36727281	770938	r
SRR25438437	PAIRED	https://ftp.sra.ebi.ac.uk/vol1/fastq/SRR254/037/SRR25438437/SRR25438437_1.fastq.gz	https://ftp.sra.ebi.ac.uk/vol1/fastq/SRR254/037/SRR25438437/SRR25438437_2.fastq.gz	SAMN36729167	351527	s
SRR25438439	PAIRED	https://ftp.sra.ebi.ac.uk/vol1/fastq/SRR254/039/SRR25438439/SRR25438439_1.fastq.gz	https://ftp.sra.ebi.ac.uk/vol1/fastq/SRR254/039/SRR25438439/SRR25438439_2.fastq.gz	SAMN36729165	1097761	s
SRR25438443	PAIRED	https://ftp.sra.ebi.ac.uk/vol1/fastq/SRR254/043/SRR25438443/SRR25438443_1.fastq.gz	https://ftp.sra.ebi.ac.uk/vol1/fastq/SRR254/043/SRR25438443/SRR25438443_2.fastq.gz	SAMN36729161	1097749	s
SRR25438445	PAIRED	https://ftp.sra.ebi.ac.uk/vol1/fastq/SRR254/045/SRR25438445/SRR25438445_1.fastq.gz	https://ftp.sra.ebi.ac.uk/vol1/fastq/SRR254/045/SRR25438445/SRR25438445_2.fastq.gz	SAMN36728917	1046290	s
SRR25438462	PAIRED	https://ftp.sra.ebi.ac.uk/vol1/fastq/SRR254/062/SRR25438462/SRR25438462_1.fastq.gz	https://ftp.sra.ebi.ac.uk/vol1/fastq/SRR254/062/SRR25438462/SRR25438462_2.fastq.gz	SAMN36729144	1449660	s
SRR25438488	PAIRED	https://ftp.sra.ebi.ac.uk/vol1/fastq/SRR254/088/SRR25438488/SRR25438488_1.fastq.gz	https://ftp.sra.ebi.ac.uk/vol1/fastq/SRR254/088/SRR25438488/SRR25438488_2.fastq.gz	SAMN36728942	623598	s
SRR25438508	PAIRED	https://ftp.sra.ebi.ac.uk/vol1/fastq/SRR254/008/SRR25438508/SRR25438508_1.fastq.gz	https://ftp.sra.ebi.ac.uk/vol1/fastq/SRR254/008/SRR25438508/SRR25438508_2.fastq.gz	SAMN36728920	663548	s
SRR25438524	PAIRED	https://ftp.sra.ebi.ac.uk/vol1/fastq/SRR254/024/SRR25438524/SRR25438524_1.fastq.gz	https://ftp.sra.ebi.ac.uk/vol1/fastq/SRR254/024/SRR25438524/SRR25438524_2.fastq.gz	SAMN36729176	977932	s
SRR25438531	PAIRED	https://ftp.sra.ebi.ac.uk/vol1/fastq/SRR254/031/SRR25438531/SRR25438531_1.fastq.gz	https://ftp.sra.ebi.ac.uk/vol1/fastq/SRR254/031/SRR25438531/SRR25438531_2.fastq.gz	SAMN36728918	114925	s
SRR25438539	PAIRED	https://ftp.sra.ebi.ac.uk/vol1/fastq/SRR254/039/SRR25438539/SRR25438539_1.fastq.gz	https://ftp.sra.ebi.ac.uk/vol1/fastq/SRR254/039/SRR25438539/SRR25438539_2.fastq.gz	SAMN36729111	864781	r
SRR25438562	PAIRED	https://ftp.sra.ebi.ac.uk/vol1/fastq/SRR254/062/SRR25438562/SRR25438562_1.fastq.gz	https://ftp.sra.ebi.ac.uk/vol1/fastq/SRR254/062/SRR25438562/SRR25438562_2.fastq.gz	SAMN36729066	109768	s
SRR25438647	PAIRED	https://ftp.sra.ebi.ac.uk/vol1/fastq/SRR254/047/SRR25438647/SRR25438647_1.fastq.gz	https://ftp.sra.ebi.ac.uk/vol1/fastq/SRR254/047/SRR25438647/SRR25438647_2.fastq.gz	SAMN36728905	791726	s
SRR25438657	PAIRED	https://ftp.sra.ebi.ac.uk/vol1/fastq/SRR254/057/SRR25438657/SRR25438657_1.fastq.gz	https://ftp.sra.ebi.ac.uk/vol1/fastq/SRR254/057/SRR25438657/SRR25438657_2.fastq.gz	SAMN36729030	920411	s
SRR25438677	PAIRED	https://ftp.sra.ebi.ac.uk/vol1/fastq/SRR254/077/SRR25438677/SRR25438677_1.fastq.gz	https://ftp.sra.ebi.ac.uk/vol1/fastq/SRR254/077/SRR25438677/SRR25438677_2.fastq.gz	SAMN36729139	1283382	s
SRR25438683	PAIRED	https://ftp.sra.ebi.ac.uk/vol1/fastq/SRR254/083/SRR25438683/SRR25438683_1.fastq.gz	https://ftp.sra.ebi.ac.uk/vol1/fastq/SRR254/083/SRR25438683/SRR25438683_2.fastq.gz	SAMN36729133	719537	s
SRR25438713	PAIRED	https://ftp.sra.ebi.ac.uk/vol1/fastq/SRR254/013/SRR25438713/SRR25438713_1.fastq.gz	https://ftp.sra.ebi.ac.uk/vol1/fastq/SRR254/013/SRR25438713/SRR25438713_2.fastq.gz	SAMN36729005	1236112	s
SRR25438720	PAIRED	https://ftp.sra.ebi.ac.uk/vol1/fastq/SRR254/020/SRR25438720/SRR25438720_1.fastq.gz	https://ftp.sra.ebi.ac.uk/vol1/fastq/SRR254/020/SRR25438720/SRR25438720_2.fastq.gz	SAMN36728999	936229	s
SRR25438740	PAIRED	https://ftp.sra.ebi.ac.uk/vol1/fastq/SRR254/040/SRR25438740/SRR25438740_1.fastq.gz	https://ftp.sra.ebi.ac.uk/vol1/fastq/SRR254/040/SRR25438740/SRR25438740_2.fastq.gz	SAMN36729210	1344484	s
SRR25438757	PAIRED	https://ftp.sra.ebi.ac.uk/vol1/fastq/SRR254/057/SRR25438757/SRR25438757_1.fastq.gz	https://ftp.sra.ebi.ac.uk/vol1/fastq/SRR254/057/SRR25438757/SRR25438757_2.fastq.gz	SAMN36729195	1233612	s
SRR25573030	PAIRED	https://ftp.sra.ebi.ac.uk/vol1/fastq/SRR255/030/SRR25573030/SRR25573030_1.fastq.gz	https://ftp.sra.ebi.ac.uk/vol1/fastq/SRR255/030/SRR25573030/SRR25573030_2.fastq.gz	SAMN36892898	923956	s
SRR25573039	PAIRED	https://ftp.sra.ebi.ac.uk/vol1/fastq/SRR255/039/SRR25573039/SRR25573039_1.fastq.gz	https://ftp.sra.ebi.ac.uk/vol1/fastq/SRR255/039/SRR25573039/SRR25573039_2.fastq.gz	SAMN36892890	1069396	s
SRR25573060	PAIRED	https://ftp.sra.ebi.ac.uk/vol1/fastq/SRR255/060/SRR25573060/SRR25573060_1.fastq.gz	https://ftp.sra.ebi.ac.uk/vol1/fastq/SRR255/060/SRR25573060/SRR25573060_2.fastq.gz	SAMN36892871	506540	s
SRR25573062	PAIRED	https://ftp.sra.ebi.ac.uk/vol1/fastq/SRR255/062/SRR25573062/SRR25573062_1.fastq.gz	https://ftp.sra.ebi.ac.uk/vol1/fastq/SRR255/062/SRR25573062/SRR25573062_2.fastq.gz	SAMN36892869	1499509	s
SRR25573077	PAIRED	https://ftp.sra.ebi.ac.uk/vol1/fastq/SRR255/077/SRR25573077/SRR25573077_1.fastq.gz	https://ftp.sra.ebi.ac.uk/vol1/fastq/SRR255/077/SRR25573077/SRR25573077_2.fastq.gz	SAMN36892855	741793	s
SRR25573078	PAIRED	https://ftp.sra.ebi.ac.uk/vol1/fastq/SRR255/078/SRR25573078/SRR25573078_1.fastq.gz	https://ftp.sra.ebi.ac.uk/vol1/fastq/SRR255/078/SRR25573078/SRR25573078_2.fastq.gz	SAMN36892846	1013787	s
SRR26176493	PAIRED	https://ftp.sra.ebi.ac.uk/vol1/fastq/SRR261/093/SRR26176493/SRR26176493_1.fastq.gz	https://ftp.sra.ebi.ac.uk/vol1/fastq/SRR261/093/SRR26176493/SRR26176493_2.fastq.gz	SAMN37516950	1073707	s
SRR26176533	PAIRED	https://ftp.sra.ebi.ac.uk/vol1/fastq/SRR261/033/SRR26176533/SRR26176533_1.fastq.gz	https://ftp.sra.ebi.ac.uk/vol1/fastq/SRR261/033/SRR26176533/SRR26176533_2.fastq.gz	SAMN37516913	1313331	s
SRR26176558	PAIRED	https://ftp.sra.ebi.ac.uk/vol1/fastq/SRR261/058/SRR26176558/SRR26176558_1.fastq.gz	https://ftp.sra.ebi.ac.uk/vol1/fastq/SRR261/058/SRR26176558/SRR26176558_2.fastq.gz	SAMN37516891	1233626	s
SRR26809079	PAIRED	https://ftp.sra.ebi.ac.uk/vol1/fastq/SRR268/079/SRR26809079/SRR26809079_1.fastq.gz	https://ftp.sra.ebi.ac.uk/vol1/fastq/SRR268/079/SRR26809079/SRR26809079_2.fastq.gz	SAMN38228816	891264	s
SRR26809084	PAIRED	https://ftp.sra.ebi.ac.uk/vol1/fastq/SRR268/084/SRR26809084/SRR26809084_1.fastq.gz	https://ftp.sra.ebi.ac.uk/vol1/fastq/SRR268/084/SRR26809084/SRR26809084_2.fastq.gz	SAMN38228815	1292205	s
SRR26809093	PAIRED	https://ftp.sra.ebi.ac.uk/vol1/fastq/SRR268/093/SRR26809093/SRR26809093_1.fastq.gz	https://ftp.sra.ebi.ac.uk/vol1/fastq/SRR268/093/SRR26809093/SRR26809093_2.fastq.gz	SAMN38228869	1071824	s
SRR26809095	PAIRED	https://ftp.sra.ebi.ac.uk/vol1/fastq/SRR268/095/SRR26809095/SRR26809095_1.fastq.gz	https://ftp.sra.ebi.ac.uk/vol1/fastq/SRR268/095/SRR26809095/SRR26809095_2.fastq.gz	SAMN38228814	1075401	r
SRR26809098	PAIRED	https://ftp.sra.ebi.ac.uk/vol1/fastq/SRR268/098/SRR26809098/SRR26809098_1.fastq.gz	https://ftp.sra.ebi.ac.uk/vol1/fastq/SRR268/098/SRR26809098/SRR26809098_2.fastq.gz	SAMN38228865	1870213	s
SRR26809099	PAIRED	https://ftp.sra.ebi.ac.uk/vol1/fastq/SRR268/099/SRR26809099/SRR26809099_1.fastq.gz	https://ftp.sra.ebi.ac.uk/vol1/fastq/SRR268/099/SRR26809099/SRR26809099_2.fastq.gz	SAMN38228864	816409	s
SRR26809101	PAIRED	https://ftp.sra.ebi.ac.uk/vol1/fastq/SRR268/001/SRR26809101/SRR26809101_1.fastq.gz	https://ftp.sra.ebi.ac.uk/vol1/fastq/SRR268/001/SRR26809101/SRR26809101_2.fastq.gz	SAMN38228862	515860	s
SRR26809109	PAIRED	https://ftp.sra.ebi.ac.uk/vol1/fastq/SRR268/009/SRR26809109/SRR26809109_1.fastq.gz	https://ftp.sra.ebi.ac.uk/vol1/fastq/SRR268/009/SRR26809109/SRR26809109_2.fastq.gz	SAMN38228855	807314	s
SRR26809131	PAIRED	https://ftp.sra.ebi.ac.uk/vol1/fastq/SRR268/031/SRR26809131/SRR26809131_1.fastq.gz	https://ftp.sra.ebi.ac.uk/vol1/fastq/SRR268/031/SRR26809131/SRR26809131_2.fastq.gz	SAMN38228835	1467262	s
SRR26809132	PAIRED	https://ftp.sra.ebi.ac.uk/vol1/fastq/SRR268/032/SRR26809132/SRR26809132_1.fastq.gz	https://ftp.sra.ebi.ac.uk/vol1/fastq/SRR268/032/SRR26809132/SRR26809132_2.fastq.gz	SAMN38228834	1115405	s
SRR26809140	PAIRED	https://ftp.sra.ebi.ac.uk/vol1/fastq/SRR268/040/SRR26809140/SRR26809140_1.fastq.gz	https://ftp.sra.ebi.ac.uk/vol1/fastq/SRR268/040/SRR26809140/SRR26809140_2.fastq.gz	SAMN38228827	745789	s
SRR26809145	PAIRED	https://ftp.sra.ebi.ac.uk/vol1/fastq/SRR268/045/SRR26809145/SRR26809145_1.fastq.gz	https://ftp.sra.ebi.ac.uk/vol1/fastq/SRR268/045/SRR26809145/SRR26809145_2.fastq.gz	SAMN38228822	1804657	s
SRR27984546	PAIRED	https://ftp.sra.ebi.ac.uk/vol1/fastq/SRR279/046/SRR27984546/SRR27984546_1.fastq.gz	https://ftp.sra.ebi.ac.uk/vol1/fastq/SRR279/046/SRR27984546/SRR27984546_2.fastq.gz	SAMN39956421	881735	s
SRR27984547	PAIRED	https://ftp.sra.ebi.ac.uk/vol1/fastq/SRR279/047/SRR27984547/SRR27984547_1.fastq.gz	https://ftp.sra.ebi.ac.uk/vol1/fastq/SRR279/047/SRR27984547/SRR27984547_2.fastq.gz	SAMN39956420	1076529	s
SRR27984548	PAIRED	https://ftp.sra.ebi.ac.uk/vol1/fastq/SRR279/048/SRR27984548/SRR27984548_1.fastq.gz	https://ftp.sra.ebi.ac.uk/vol1/fastq/SRR279/048/SRR27984548/SRR27984548_2.fastq.gz	SAMN39956419	803861	s
SRR27984550	PAIRED	https://ftp.sra.ebi.ac.uk/vol1/fastq/SRR279/050/SRR27984550/SRR27984550_1.fastq.gz	https://ftp.sra.ebi.ac.uk/vol1/fastq/SRR279/050/SRR27984550/SRR27984550_2.fastq.gz	SAMN39956400	1428924	s
SRR27984561	PAIRED	https://ftp.sra.ebi.ac.uk/vol1/fastq/SRR279/061/SRR27984561/SRR27984561_1.fastq.gz	https://ftp.sra.ebi.ac.uk/vol1/fastq/SRR279/061/SRR27984561/SRR27984561_2.fastq.gz	SAMN39956399	1378154	s
SRR27984562	PAIRED	https://ftp.sra.ebi.ac.uk/vol1/fastq/SRR279/062/SRR27984562/SRR27984562_1.fastq.gz	https://ftp.sra.ebi.ac.uk/vol1/fastq/SRR279/062/SRR27984562/SRR27984562_2.fastq.gz	SAMN39956398	1541823	s
SRR27991389	PAIRED	https://ftp.sra.ebi.ac.uk/vol1/fastq/SRR279/089/SRR27991389/SRR27991389_1.fastq.gz	https://ftp.sra.ebi.ac.uk/vol1/fastq/SRR279/089/SRR27991389/SRR27991389_2.fastq.gz	SAMN35839406	6679375	r
SRR27997463	PAIRED	https://ftp.sra.ebi.ac.uk/vol1/fastq/SRR279/063/SRR27997463/SRR27997463_1.fastq.gz	https://ftp.sra.ebi.ac.uk/vol1/fastq/SRR279/063/SRR27997463/SRR27997463_2.fastq.gz	SAMN38637657	5302768	s
SRR27997464	PAIRED	https://ftp.sra.ebi.ac.uk/vol1/fastq/SRR279/064/SRR27997464/SRR27997464_1.fastq.gz	https://ftp.sra.ebi.ac.uk/vol1/fastq/SRR279/064/SRR27997464/SRR27997464_2.fastq.gz	SAMN38637656	4572396	s
SRR27997467	PAIRED	https://ftp.sra.ebi.ac.uk/vol1/fastq/SRR279/067/SRR27997467/SRR27997467_1.fastq.gz	https://ftp.sra.ebi.ac.uk/vol1/fastq/SRR279/067/SRR27997467/SRR27997467_2.fastq.gz	SAMN38637653	3609262	s
SRR27997468	PAIRED	https://ftp.sra.ebi.ac.uk/vol1/fastq/SRR279/068/SRR27997468/SRR27997468_1.fastq.gz	https://ftp.sra.ebi.ac.uk/vol1/fastq/SRR279/068/SRR27997468/SRR27997468_2.fastq.gz	SAMN38637669	4749395	s
SRR27997470	PAIRED	https://ftp.sra.ebi.ac.uk/vol1/fastq/SRR279/070/SRR27997470/SRR27997470_1.fastq.gz	https://ftp.sra.ebi.ac.uk/vol1/fastq/SRR279/070/SRR27997470/SRR27997470_2.fastq.gz	SAMN38637667	4732967	s
SRR27997473	PAIRED	https://ftp.sra.ebi.ac.uk/vol1/fastq/SRR279/073/SRR27997473/SRR27997473_1.fastq.gz	https://ftp.sra.ebi.ac.uk/vol1/fastq/SRR279/073/SRR27997473/SRR27997473_2.fastq.gz	SAMN38637664	3920106	s
SRR27997475	PAIRED	https://ftp.sra.ebi.ac.uk/vol1/fastq/SRR279/075/SRR27997475/SRR27997475_1.fastq.gz	https://ftp.sra.ebi.ac.uk/vol1/fastq/SRR279/075/SRR27997475/SRR27997475_2.fastq.gz	SAMN38637662	7752767	r
SRR27997477	PAIRED	https://ftp.sra.ebi.ac.uk/vol1/fastq/SRR279/077/SRR27997477/SRR27997477_1.fastq.gz	https://ftp.sra.ebi.ac.uk/vol1/fastq/SRR279/077/SRR27997477/SRR27997477_2.fastq.gz	SAMN38637652	4589407	r
SRR27997478	PAIRED	https://ftp.sra.ebi.ac.uk/vol1/fastq/SRR279/078/SRR27997478/SRR27997478_1.fastq.gz	https://ftp.sra.ebi.ac.uk/vol1/fastq/SRR279/078/SRR27997478/SRR27997478_2.fastq.gz	SAMN38637651	5711434	r
SRR28000017	PAIRED	https://ftp.sra.ebi.ac.uk/vol1/fastq/SRR280/017/SRR28000017/SRR28000017_1.fastq.gz	https://ftp.sra.ebi.ac.uk/vol1/fastq/SRR280/017/SRR28000017/SRR28000017_2.fastq.gz	SAMN38637677	7607539	r
SRR28000019	PAIRED	https://ftp.sra.ebi.ac.uk/vol1/fastq/SRR280/019/SRR28000019/SRR28000019_1.fastq.gz	https://ftp.sra.ebi.ac.uk/vol1/fastq/SRR280/019/SRR28000019/SRR28000019_2.fastq.gz	SAMN38637675	4304721	r
SRR28000020	PAIRED	https://ftp.sra.ebi.ac.uk/vol1/fastq/SRR280/020/SRR28000020/SRR28000020_1.fastq.gz	https://ftp.sra.ebi.ac.uk/vol1/fastq/SRR280/020/SRR28000020/SRR28000020_2.fastq.gz	SAMN38637674	3923795	r
SRR28000021	PAIRED	https://ftp.sra.ebi.ac.uk/vol1/fastq/SRR280/021/SRR28000021/SRR28000021_1.fastq.gz	https://ftp.sra.ebi.ac.uk/vol1/fastq/SRR280/021/SRR28000021/SRR28000021_2.fastq.gz	SAMN38637673	4618052	r
SRR28000022	PAIRED	https://ftp.sra.ebi.ac.uk/vol1/fastq/SRR280/022/SRR28000022/SRR28000022_1.fastq.gz	https://ftp.sra.ebi.ac.uk/vol1/fastq/SRR280/022/SRR28000022/SRR28000022_2.fastq.gz	SAMN38637672	5194942	s
SRR28000024	PAIRED	https://ftp.sra.ebi.ac.uk/vol1/fastq/SRR280/024/SRR28000024/SRR28000024_1.fastq.gz	https://ftp.sra.ebi.ac.uk/vol1/fastq/SRR280/024/SRR28000024/SRR28000024_2.fastq.gz	SAMN38637688	4331556	r
SRR28000027	PAIRED	https://ftp.sra.ebi.ac.uk/vol1/fastq/SRR280/027/SRR28000027/SRR28000027_1.fastq.gz	https://ftp.sra.ebi.ac.uk/vol1/fastq/SRR280/027/SRR28000027/SRR28000027_2.fastq.gz	SAMN38637685	5799815	r
SRR28000031	PAIRED	https://ftp.sra.ebi.ac.uk/vol1/fastq/SRR280/031/SRR28000031/SRR28000031_1.fastq.gz	https://ftp.sra.ebi.ac.uk/vol1/fastq/SRR280/031/SRR28000031/SRR28000031_2.fastq.gz	SAMN38637681	4455506	r
SRR28000032	PAIRED	https://ftp.sra.ebi.ac.uk/vol1/fastq/SRR280/032/SRR28000032/SRR28000032_1.fastq.gz	https://ftp.sra.ebi.ac.uk/vol1/fastq/SRR280/032/SRR28000032/SRR28000032_2.fastq.gz	SAMN38637680	4262513	r
SRR28000033	PAIRED	https://ftp.sra.ebi.ac.uk/vol1/fastq/SRR280/033/SRR28000033/SRR28000033_1.fastq.gz	https://ftp.sra.ebi.ac.uk/vol1/fastq/SRR280/033/SRR28000033/SRR28000033_2.fastq.gz	SAMN38637679	4094885	s
SRR28000035	PAIRED	https://ftp.sra.ebi.ac.uk/vol1/fastq/SRR280/035/SRR28000035/SRR28000035_1.fastq.gz	https://ftp.sra.ebi.ac.uk/vol1/fastq/SRR280/035/SRR28000035/SRR28000035_2.fastq.gz	SAMN38637635	5679900	r
SRR28086905	PAIRED	https://ftp.sra.ebi.ac.uk/vol1/fastq/SRR280/005/SRR28086905/SRR28086905_1.fastq.gz	https://ftp.sra.ebi.ac.uk/vol1/fastq/SRR280/005/SRR28086905/SRR28086905_2.fastq.gz	SAMN38637630	4238345	r
SRR28129117	PAIRED	https://ftp.sra.ebi.ac.uk/vol1/fastq/SRR281/017/SRR28129117/SRR28129117_1.fastq.gz	https://ftp.sra.ebi.ac.uk/vol1/fastq/SRR281/017/SRR28129117/SRR28129117_2.fastq.gz	SAMN38637694	6004152	s
SRR28129119	PAIRED	https://ftp.sra.ebi.ac.uk/vol1/fastq/SRR281/019/SRR28129119/SRR28129119_1.fastq.gz	https://ftp.sra.ebi.ac.uk/vol1/fastq/SRR281/019/SRR28129119/SRR28129119_2.fastq.gz	SAMN38637729	4466599	s
SRR28129120	PAIRED	https://ftp.sra.ebi.ac.uk/vol1/fastq/SRR281/020/SRR28129120/SRR28129120_1.fastq.gz	https://ftp.sra.ebi.ac.uk/vol1/fastq/SRR281/020/SRR28129120/SRR28129120_2.fastq.gz	SAMN38637728	3563705	r
SRR28129125	PAIRED	https://ftp.sra.ebi.ac.uk/vol1/fastq/SRR281/025/SRR28129125/SRR28129125_1.fastq.gz	https://ftp.sra.ebi.ac.uk/vol1/fastq/SRR281/025/SRR28129125/SRR28129125_2.fastq.gz	SAMN38637721	4531120	r
SRR28129127	PAIRED	https://ftp.sra.ebi.ac.uk/vol1/fastq/SRR281/027/SRR28129127/SRR28129127_1.fastq.gz	https://ftp.sra.ebi.ac.uk/vol1/fastq/SRR281/027/SRR28129127/SRR28129127_2.fastq.gz	SAMN38637692	4084795	s
SRR28129128	PAIRED	https://ftp.sra.ebi.ac.uk/vol1/fastq/SRR281/028/SRR28129128/SRR28129128_1.fastq.gz	https://ftp.sra.ebi.ac.uk/vol1/fastq/SRR281/028/SRR28129128/SRR28129128_2.fastq.gz	SAMN38637719	5500044	s
SRR28129130	PAIRED	https://ftp.sra.ebi.ac.uk/vol1/fastq/SRR281/030/SRR28129130/SRR28129130_1.fastq.gz	https://ftp.sra.ebi.ac.uk/vol1/fastq/SRR281/030/SRR28129130/SRR28129130_2.fastq.gz	SAMN38637717	3965210	r
SRR28129131	PAIRED	https://ftp.sra.ebi.ac.uk/vol1/fastq/SRR281/031/SRR28129131/SRR28129131_1.fastq.gz	https://ftp.sra.ebi.ac.uk/vol1/fastq/SRR281/031/SRR28129131/SRR28129131_2.fastq.gz	SAMN38637716	2589203	s
SRR28129133	PAIRED	https://ftp.sra.ebi.ac.uk/vol1/fastq/SRR281/033/SRR28129133/SRR28129133_1.fastq.gz	https://ftp.sra.ebi.ac.uk/vol1/fastq/SRR281/033/SRR28129133/SRR28129133_2.fastq.gz	SAMN38637714	5274233	s
SRR28129138	PAIRED	https://ftp.sra.ebi.ac.uk/vol1/fastq/SRR281/038/SRR28129138/SRR28129138_1.fastq.gz	https://ftp.sra.ebi.ac.uk/vol1/fastq/SRR281/038/SRR28129138/SRR28129138_2.fastq.gz	SAMN38637691	5904120	r
SRR28129140	PAIRED	https://ftp.sra.ebi.ac.uk/vol1/fastq/SRR281/040/SRR28129140/SRR28129140_1.fastq.gz	https://ftp.sra.ebi.ac.uk/vol1/fastq/SRR281/040/SRR28129140/SRR28129140_2.fastq.gz	SAMN38637707	4408103	s
SRR28129143	PAIRED	https://ftp.sra.ebi.ac.uk/vol1/fastq/SRR281/043/SRR28129143/SRR28129143_1.fastq.gz	https://ftp.sra.ebi.ac.uk/vol1/fastq/SRR281/043/SRR28129143/SRR28129143_2.fastq.gz	SAMN38637704	3895031	r
SRR28129145	PAIRED	https://ftp.sra.ebi.ac.uk/vol1/fastq/SRR281/045/SRR28129145/SRR28129145_1.fastq.gz	https://ftp.sra.ebi.ac.uk/vol1/fastq/SRR281/045/SRR28129145/SRR28129145_2.fastq.gz	SAMN38637702	3903210	r
SRR28129146	PAIRED	https://ftp.sra.ebi.ac.uk/vol1/fastq/SRR281/046/SRR28129146/SRR28129146_1.fastq.gz	https://ftp.sra.ebi.ac.uk/vol1/fastq/SRR281/046/SRR28129146/SRR28129146_2.fastq.gz	SAMN38637701	5111068	r
SRR28129147	PAIRED	https://ftp.sra.ebi.ac.uk/vol1/fastq/SRR281/047/SRR28129147/SRR28129147_1.fastq.gz	https://ftp.sra.ebi.ac.uk/vol1/fastq/SRR281/047/SRR28129147/SRR28129147_2.fastq.gz	SAMN38637700	4631143	s
SRR28129148	PAIRED	https://ftp.sra.ebi.ac.uk/vol1/fastq/SRR281/048/SRR28129148/SRR28129148_1.fastq.gz	https://ftp.sra.ebi.ac.uk/vol1/fastq/SRR281/048/SRR28129148/SRR28129148_2.fastq.gz	SAMN38637699	5466177	s
SRR28129149	PAIRED	https://ftp.sra.ebi.ac.uk/vol1/fastq/SRR281/049/SRR28129149/SRR28129149_1.fastq.gz	https://ftp.sra.ebi.ac.uk/vol1/fastq/SRR281/049/SRR28129149/SRR28129149_2.fastq.gz	SAMN38637690	4272291	r
SRR28320673	PAIRED	https://ftp.sra.ebi.ac.uk/vol1/fastq/SRR283/073/SRR28320673/SRR28320673_1.fastq.gz	https://ftp.sra.ebi.ac.uk/vol1/fastq/SRR283/073/SRR28320673/SRR28320673_2.fastq.gz	SAMN38637739	5527464	r
SRR28320683	PAIRED	https://ftp.sra.ebi.ac.uk/vol1/fastq/SRR283/083/SRR28320683/SRR28320683_1.fastq.gz	https://ftp.sra.ebi.ac.uk/vol1/fastq/SRR283/083/SRR28320683/SRR28320683_2.fastq.gz	SAMN38637788	4125458	r
SRR28320686	PAIRED	https://ftp.sra.ebi.ac.uk/vol1/fastq/SRR283/086/SRR28320686/SRR28320686_1.fastq.gz	https://ftp.sra.ebi.ac.uk/vol1/fastq/SRR283/086/SRR28320686/SRR28320686_2.fastq.gz	SAMN38637785	3973858	r
SRR28320688	PAIRED	https://ftp.sra.ebi.ac.uk/vol1/fastq/SRR283/088/SRR28320688/SRR28320688_1.fastq.gz	https://ftp.sra.ebi.ac.uk/vol1/fastq/SRR283/088/SRR28320688/SRR28320688_2.fastq.gz	SAMN38637783	4810818	r
SRR28320689	PAIRED	https://ftp.sra.ebi.ac.uk/vol1/fastq/SRR283/089/SRR28320689/SRR28320689_1.fastq.gz	https://ftp.sra.ebi.ac.uk/vol1/fastq/SRR283/089/SRR28320689/SRR28320689_2.fastq.gz	SAMN38637782	3684310	r
SRR28320690	PAIRED	https://ftp.sra.ebi.ac.uk/vol1/fastq/SRR283/090/SRR28320690/SRR28320690_1.fastq.gz	https://ftp.sra.ebi.ac.uk/vol1/fastq/SRR283/090/SRR28320690/SRR28320690_2.fastq.gz	SAMN38637781	3762183	r
SRR28320694	PAIRED	https://ftp.sra.ebi.ac.uk/vol1/fastq/SRR283/094/SRR28320694/SRR28320694_1.fastq.gz	https://ftp.sra.ebi.ac.uk/vol1/fastq/SRR283/094/SRR28320694/SRR28320694_2.fastq.gz	SAMN38637777	5428122	r
SRR28320696	PAIRED	https://ftp.sra.ebi.ac.uk/vol1/fastq/SRR283/096/SRR28320696/SRR28320696_1.fastq.gz	https://ftp.sra.ebi.ac.uk/vol1/fastq/SRR283/096/SRR28320696/SRR28320696_2.fastq.gz	SAMN38637775	4173729	r
SRR28320700	PAIRED	https://ftp.sra.ebi.ac.uk/vol1/fastq/SRR283/000/SRR28320700/SRR28320700_1.fastq.gz	https://ftp.sra.ebi.ac.uk/vol1/fastq/SRR283/000/SRR28320700/SRR28320700_2.fastq.gz	SAMN38637771	5265087	s
SRR28320702	PAIRED	https://ftp.sra.ebi.ac.uk/vol1/fastq/SRR283/002/SRR28320702/SRR28320702_1.fastq.gz	https://ftp.sra.ebi.ac.uk/vol1/fastq/SRR283/002/SRR28320702/SRR28320702_2.fastq.gz	SAMN38637734	3742536	r
SRR28320704	PAIRED	https://ftp.sra.ebi.ac.uk/vol1/fastq/SRR283/004/SRR28320704/SRR28320704_1.fastq.gz	https://ftp.sra.ebi.ac.uk/vol1/fastq/SRR283/004/SRR28320704/SRR28320704_2.fastq.gz	SAMN38637768	4423915	r
SRR28320705	PAIRED	https://ftp.sra.ebi.ac.uk/vol1/fastq/SRR283/005/SRR28320705/SRR28320705_1.fastq.gz	https://ftp.sra.ebi.ac.uk/vol1/fastq/SRR283/005/SRR28320705/SRR28320705_2.fastq.gz	SAMN38637767	4186367	r
SRR28320710	PAIRED	https://ftp.sra.ebi.ac.uk/vol1/fastq/SRR283/010/SRR28320710/SRR28320710_1.fastq.gz	https://ftp.sra.ebi.ac.uk/vol1/fastq/SRR283/010/SRR28320710/SRR28320710_2.fastq.gz	SAMN38637762	4745892	s
SRR28320713	PAIRED	https://ftp.sra.ebi.ac.uk/vol1/fastq/SRR283/013/SRR28320713/SRR28320713_1.fastq.gz	https://ftp.sra.ebi.ac.uk/vol1/fastq/SRR283/013/SRR28320713/SRR28320713_2.fastq.gz	SAMN38637733	3838004	r
SRR28320714	PAIRED	https://ftp.sra.ebi.ac.uk/vol1/fastq/SRR283/014/SRR28320714/SRR28320714_1.fastq.gz	https://ftp.sra.ebi.ac.uk/vol1/fastq/SRR283/014/SRR28320714/SRR28320714_2.fastq.gz	SAMN38637759	4424456	r
SRR28320715	PAIRED	https://ftp.sra.ebi.ac.uk/vol1/fastq/SRR283/015/SRR28320715/SRR28320715_1.fastq.gz	https://ftp.sra.ebi.ac.uk/vol1/fastq/SRR283/015/SRR28320715/SRR28320715_2.fastq.gz	SAMN38637758	5538981	s
SRR28320716	PAIRED	https://ftp.sra.ebi.ac.uk/vol1/fastq/SRR283/016/SRR28320716/SRR28320716_1.fastq.gz	https://ftp.sra.ebi.ac.uk/vol1/fastq/SRR283/016/SRR28320716/SRR28320716_2.fastq.gz	SAMN38637757	4443768	s
SRR28320718	PAIRED	https://ftp.sra.ebi.ac.uk/vol1/fastq/SRR283/018/SRR28320718/SRR28320718_1.fastq.gz	https://ftp.sra.ebi.ac.uk/vol1/fastq/SRR283/018/SRR28320718/SRR28320718_2.fastq.gz	SAMN38637755	3770575	s
SRR28320720	PAIRED	https://ftp.sra.ebi.ac.uk/vol1/fastq/SRR283/020/SRR28320720/SRR28320720_1.fastq.gz	https://ftp.sra.ebi.ac.uk/vol1/fastq/SRR283/020/SRR28320720/SRR28320720_2.fastq.gz	SAMN38637753	4543631	r
SRR28320721	PAIRED	https://ftp.sra.ebi.ac.uk/vol1/fastq/SRR283/021/SRR28320721/SRR28320721_1.fastq.gz	https://ftp.sra.ebi.ac.uk/vol1/fastq/SRR283/021/SRR28320721/SRR28320721_2.fastq.gz	SAMN38637752	4488804	r
SRR28320729	PAIRED	https://ftp.sra.ebi.ac.uk/vol1/fastq/SRR283/029/SRR28320729/SRR28320729_1.fastq.gz	https://ftp.sra.ebi.ac.uk/vol1/fastq/SRR283/029/SRR28320729/SRR28320729_2.fastq.gz	SAMN38637745	4014029	s
SRR28320735	PAIRED	https://ftp.sra.ebi.ac.uk/vol1/fastq/SRR283/035/SRR28320735/SRR28320735_1.fastq.gz	https://ftp.sra.ebi.ac.uk/vol1/fastq/SRR283/035/SRR28320735/SRR28320735_2.fastq.gz	SAMN38637731	6352443	r
SRR28625630	PAIRED	https://ftp.sra.ebi.ac.uk/vol1/fastq/SRR286/030/SRR28625630/SRR28625630_1.fastq.gz	https://ftp.sra.ebi.ac.uk/vol1/fastq/SRR286/030/SRR28625630/SRR28625630_2.fastq.gz	SAMN40930677	1403534	s
SRR28625631	PAIRED	https://ftp.sra.ebi.ac.uk/vol1/fastq/SRR286/031/SRR28625631/SRR28625631_1.fastq.gz	https://ftp.sra.ebi.ac.uk/vol1/fastq/SRR286/031/SRR28625631/SRR28625631_2.fastq.gz	SAMN40930676	1516693	s
SRR28625654	PAIRED	https://ftp.sra.ebi.ac.uk/vol1/fastq/SRR286/054/SRR28625654/SRR28625654_1.fastq.gz	https://ftp.sra.ebi.ac.uk/vol1/fastq/SRR286/054/SRR28625654/SRR28625654_2.fastq.gz	SAMN40930655	1138565	s
SRR28625655	PAIRED	https://ftp.sra.ebi.ac.uk/vol1/fastq/SRR286/055/SRR28625655/SRR28625655_1.fastq.gz	https://ftp.sra.ebi.ac.uk/vol1/fastq/SRR286/055/SRR28625655/SRR28625655_2.fastq.gz	SAMN40930654	1177326	s
SRR28625659	PAIRED	https://ftp.sra.ebi.ac.uk/vol1/fastq/SRR286/059/SRR28625659/SRR28625659_1.fastq.gz	https://ftp.sra.ebi.ac.uk/vol1/fastq/SRR286/059/SRR28625659/SRR28625659_2.fastq.gz	SAMN40930633	943343	s
SRR28628851	PAIRED	https://ftp.sra.ebi.ac.uk/vol1/fastq/SRR286/051/SRR28628851/SRR28628851_1.fastq.gz	https://ftp.sra.ebi.ac.uk/vol1/fastq/SRR286/051/SRR28628851/SRR28628851_2.fastq.gz	SAMN40932247	521379	s
SRR28628853	PAIRED	https://ftp.sra.ebi.ac.uk/vol1/fastq/SRR286/053/SRR28628853/SRR28628853_1.fastq.gz	https://ftp.sra.ebi.ac.uk/vol1/fastq/SRR286/053/SRR28628853/SRR28628853_2.fastq.gz	SAMN40932157	2188256	s
SRR28763365	PAIRED	https://ftp.sra.ebi.ac.uk/vol1/fastq/SRR287/065/SRR28763365/SRR28763365_1.fastq.gz	https://ftp.sra.ebi.ac.uk/vol1/fastq/SRR287/065/SRR28763365/SRR28763365_2.fastq.gz	SAMN38637643	4856576	r
SRR28793127	PAIRED	https://ftp.sra.ebi.ac.uk/vol1/fastq/SRR287/027/SRR28793127/SRR28793127_1.fastq.gz	https://ftp.sra.ebi.ac.uk/vol1/fastq/SRR287/027/SRR28793127/SRR28793127_2.fastq.gz	SAMN38334799	4085535	r
SRR28813406	PAIRED	https://ftp.sra.ebi.ac.uk/vol1/fastq/SRR288/006/SRR28813406/SRR28813406_1.fastq.gz	https://ftp.sra.ebi.ac.uk/vol1/fastq/SRR288/006/SRR28813406/SRR28813406_2.fastq.gz	SAMN41091880	1113163	s
SRR28813408	PAIRED	https://ftp.sra.ebi.ac.uk/vol1/fastq/SRR288/008/SRR28813408/SRR28813408_1.fastq.gz	https://ftp.sra.ebi.ac.uk/vol1/fastq/SRR288/008/SRR28813408/SRR28813408_2.fastq.gz	SAMN41091879	1282510	s
SRR28813409	PAIRED	https://ftp.sra.ebi.ac.uk/vol1/fastq/SRR288/009/SRR28813409/SRR28813409_1.fastq.gz	https://ftp.sra.ebi.ac.uk/vol1/fastq/SRR288/009/SRR28813409/SRR28813409_2.fastq.gz	SAMN41091878	1379938	s
SRR28813411	PAIRED	https://ftp.sra.ebi.ac.uk/vol1/fastq/SRR288/011/SRR28813411/SRR28813411_1.fastq.gz	https://ftp.sra.ebi.ac.uk/vol1/fastq/SRR288/011/SRR28813411/SRR28813411_2.fastq.gz	SAMN41091876	1025858	s
SRR28813412	PAIRED	https://ftp.sra.ebi.ac.uk/vol1/fastq/SRR288/012/SRR28813412/SRR28813412_1.fastq.gz	https://ftp.sra.ebi.ac.uk/vol1/fastq/SRR288/012/SRR28813412/SRR28813412_2.fastq.gz	SAMN41091875	1354116	s
SRR28813413	PAIRED	https://ftp.sra.ebi.ac.uk/vol1/fastq/SRR288/013/SRR28813413/SRR28813413_1.fastq.gz	https://ftp.sra.ebi.ac.uk/vol1/fastq/SRR288/013/SRR28813413/SRR28813413_2.fastq.gz	SAMN41091874	1234241	s
SRR33944733	PAIRED	https://ftp.sra.ebi.ac.uk/vol1/fastq/SRR339/033/SRR33944733/SRR33944733_1.fastq.gz	https://ftp.sra.ebi.ac.uk/vol1/fastq/SRR339/033/SRR33944733/SRR33944733_2.fastq.gz	SAMN38637646	5719807	r
SRR33944735	PAIRED	https://ftp.sra.ebi.ac.uk/vol1/fastq/SRR339/035/SRR33944735/SRR33944735_1.fastq.gz	https://ftp.sra.ebi.ac.uk/vol1/fastq/SRR339/035/SRR33944735/SRR33944735_2.fastq.gz	SAMN38637639	4676655	r
SRR33944737	PAIRED	https://ftp.sra.ebi.ac.uk/vol1/fastq/SRR339/037/SRR33944737/SRR33944737_1.fastq.gz	https://ftp.sra.ebi.ac.uk/vol1/fastq/SRR339/037/SRR33944737/SRR33944737_2.fastq.gz	SAMN38637637	5033099	r
SRR33944738	PAIRED	https://ftp.sra.ebi.ac.uk/vol1/fastq/SRR339/038/SRR33944738/SRR33944738_1.fastq.gz	https://ftp.sra.ebi.ac.uk/vol1/fastq/SRR339/038/SRR33944738/SRR33944738_2.fastq.gz	SAMN38637636	4148745	r
SRR35091549	PAIRED	https://ftp.sra.ebi.ac.uk/vol1/fastq/SRR350/049/SRR35091549/SRR35091549_1.fastq.gz	https://ftp.sra.ebi.ac.uk/vol1/fastq/SRR350/049/SRR35091549/SRR35091549_2.fastq.gz	SAMN38637627	3579597	r
SRR4417445	PAIRED	https://ftp.sra.ebi.ac.uk/vol1/fastq/SRR441/005/SRR4417445/SRR4417445_1.fastq.gz	https://ftp.sra.ebi.ac.uk/vol1/fastq/SRR441/005/SRR4417445/SRR4417445_2.fastq.gz	SAMN04901607	423229	r
SRR521633	PAIRED	https://ftp.sra.ebi.ac.uk/vol1/fastq/SRR521/SRR521633/SRR521633_1.fastq.gz	https://ftp.sra.ebi.ac.uk/vol1/fastq/SRR521/SRR521633/SRR521633_2.fastq.gz	SAMN01091293	4191015	r
SRR521636	PAIRED	https://ftp.sra.ebi.ac.uk/vol1/fastq/SRR521/SRR521636/SRR521636_1.fastq.gz	https://ftp.sra.ebi.ac.uk/vol1/fastq/SRR521/SRR521636/SRR521636_2.fastq.gz	SAMN01091296	2831585	r
SRR521637	PAIRED	https://ftp.sra.ebi.ac.uk/vol1/fastq/SRR521/SRR521637/SRR521637_1.fastq.gz	https://ftp.sra.ebi.ac.uk/vol1/fastq/SRR521/SRR521637/SRR521637_2.fastq.gz	SAMN01091297	4438861	r
SRR521638	PAIRED	https://ftp.sra.ebi.ac.uk/vol1/fastq/SRR521/SRR521638/SRR521638_1.fastq.gz	https://ftp.sra.ebi.ac.uk/vol1/fastq/SRR521/SRR521638/SRR521638_2.fastq.gz	SAMN01091298	3673365	r
SRR521641	PAIRED	https://ftp.sra.ebi.ac.uk/vol1/fastq/SRR521/SRR521641/SRR521641_1.fastq.gz	https://ftp.sra.ebi.ac.uk/vol1/fastq/SRR521/SRR521641/SRR521641_2.fastq.gz	SAMN01091990	2666977	s
SRR521642	PAIRED	https://ftp.sra.ebi.ac.uk/vol1/fastq/SRR521/SRR521642/SRR521642_1.fastq.gz	https://ftp.sra.ebi.ac.uk/vol1/fastq/SRR521/SRR521642/SRR521642_2.fastq.gz	SAMN01091991	4965756	r
SRR521643	PAIRED	https://ftp.sra.ebi.ac.uk/vol1/fastq/SRR521/SRR521643/SRR521643_1.fastq.gz	https://ftp.sra.ebi.ac.uk/vol1/fastq/SRR521/SRR521643/SRR521643_2.fastq.gz	SAMN01091992	2928468	r
SRR521645	PAIRED	https://ftp.sra.ebi.ac.uk/vol1/fastq/SRR521/SRR521645/SRR521645_1.fastq.gz	https://ftp.sra.ebi.ac.uk/vol1/fastq/SRR521/SRR521645/SRR521645_2.fastq.gz	SAMN01091994	4437928	r
SRR521647	PAIRED	https://ftp.sra.ebi.ac.uk/vol1/fastq/SRR521/SRR521647/SRR521647_1.fastq.gz	https://ftp.sra.ebi.ac.uk/vol1/fastq/SRR521/SRR521647/SRR521647_2.fastq.gz	SAMN01091996	3024103	r
SRR521648	PAIRED	https://ftp.sra.ebi.ac.uk/vol1/fastq/SRR521/SRR521648/SRR521648_1.fastq.gz	https://ftp.sra.ebi.ac.uk/vol1/fastq/SRR521/SRR521648/SRR521648_2.fastq.gz	SAMN01091997	4069499	r
SRR521649	PAIRED	https://ftp.sra.ebi.ac.uk/vol1/fastq/SRR521/SRR521649/SRR521649_1.fastq.gz	https://ftp.sra.ebi.ac.uk/vol1/fastq/SRR521/SRR521649/SRR521649_2.fastq.gz	SAMN01091998	4076105	r
SRR5237408	PAIRED	https://ftp.sra.ebi.ac.uk/vol1/fastq/SRR523/008/SRR5237408/SRR5237408_1.fastq.gz	https://ftp.sra.ebi.ac.uk/vol1/fastq/SRR523/008/SRR5237408/SRR5237408_2.fastq.gz	SAMN06311511	1076660	u
SRR5415156	PAIRED	https://ftp.sra.ebi.ac.uk/vol1/fastq/SRR541/006/SRR5415156/SRR5415156_1.fastq.gz	https://ftp.sra.ebi.ac.uk/vol1/fastq/SRR541/006/SRR5415156/SRR5415156_2.fastq.gz	SAMN04868311	900905	u
SRR5415158	PAIRED	https://ftp.sra.ebi.ac.uk/vol1/fastq/SRR541/008/SRR5415158/SRR5415158_1.fastq.gz	https://ftp.sra.ebi.ac.uk/vol1/fastq/SRR541/008/SRR5415158/SRR5415158_2.fastq.gz	SAMN04868309	775741	u
SRR5415162	PAIRED	https://ftp.sra.ebi.ac.uk/vol1/fastq/SRR541/002/SRR5415162/SRR5415162_1.fastq.gz	https://ftp.sra.ebi.ac.uk/vol1/fastq/SRR541/002/SRR5415162/SRR5415162_2.fastq.gz	SAMN04868305	826867	u
SRR5415167	PAIRED	https://ftp.sra.ebi.ac.uk/vol1/fastq/SRR541/007/SRR5415167/SRR5415167_1.fastq.gz	https://ftp.sra.ebi.ac.uk/vol1/fastq/SRR541/007/SRR5415167/SRR5415167_2.fastq.gz	SAMN04868300	818895	u
SRR5415168	PAIRED	https://ftp.sra.ebi.ac.uk/vol1/fastq/SRR541/008/SRR5415168/SRR5415168_1.fastq.gz	https://ftp.sra.ebi.ac.uk/vol1/fastq/SRR541/008/SRR5415168/SRR5415168_2.fastq.gz	SAMN04868299	615448	u
SRR5415169	PAIRED	https://ftp.sra.ebi.ac.uk/vol1/fastq/SRR541/009/SRR5415169/SRR5415169_1.fastq.gz	https://ftp.sra.ebi.ac.uk/vol1/fastq/SRR541/009/SRR5415169/SRR5415169_2.fastq.gz	SAMN04868298	638041	u
SRR5415171	PAIRED	https://ftp.sra.ebi.ac.uk/vol1/fastq/SRR541/001/SRR5415171/SRR5415171_1.fastq.gz	https://ftp.sra.ebi.ac.uk/vol1/fastq/SRR541/001/SRR5415171/SRR5415171_2.fastq.gz	SAMN04868296	678156	u
SRR5415172	PAIRED	https://ftp.sra.ebi.ac.uk/vol1/fastq/SRR541/002/SRR5415172/SRR5415172_1.fastq.gz	https://ftp.sra.ebi.ac.uk/vol1/fastq/SRR541/002/SRR5415172/SRR5415172_2.fastq.gz	SAMN04868295	619774	u
SRR5415175	PAIRED	https://ftp.sra.ebi.ac.uk/vol1/fastq/SRR541/005/SRR5415175/SRR5415175_1.fastq.gz	https://ftp.sra.ebi.ac.uk/vol1/fastq/SRR541/005/SRR5415175/SRR5415175_2.fastq.gz	SAMN04868292	664980	u
SRR5415177	PAIRED	https://ftp.sra.ebi.ac.uk/vol1/fastq/SRR541/007/SRR5415177/SRR5415177_1.fastq.gz	https://ftp.sra.ebi.ac.uk/vol1/fastq/SRR541/007/SRR5415177/SRR5415177_2.fastq.gz	SAMN04868290	652404	u
SRR5415179	PAIRED	https://ftp.sra.ebi.ac.uk/vol1/fastq/SRR541/009/SRR5415179/SRR5415179_1.fastq.gz	https://ftp.sra.ebi.ac.uk/vol1/fastq/SRR541/009/SRR5415179/SRR5415179_2.fastq.gz	SAMN04868288	531715	u
SRR5415180	PAIRED	https://ftp.sra.ebi.ac.uk/vol1/fastq/SRR541/000/SRR5415180/SRR5415180_1.fastq.gz	https://ftp.sra.ebi.ac.uk/vol1/fastq/SRR541/000/SRR5415180/SRR5415180_2.fastq.gz	SAMN04868287	794832	u
SRR5415182	PAIRED	https://ftp.sra.ebi.ac.uk/vol1/fastq/SRR541/002/SRR5415182/SRR5415182_1.fastq.gz	https://ftp.sra.ebi.ac.uk/vol1/fastq/SRR541/002/SRR5415182/SRR5415182_2.fastq.gz	SAMN04868285	582871	u
SRR5415183	PAIRED	https://ftp.sra.ebi.ac.uk/vol1/fastq/SRR541/003/SRR5415183/SRR5415183_1.fastq.gz	https://ftp.sra.ebi.ac.uk/vol1/fastq/SRR541/003/SRR5415183/SRR5415183_2.fastq.gz	SAMN04868284	738457	u
SRR5415185	PAIRED	https://ftp.sra.ebi.ac.uk/vol1/fastq/SRR541/005/SRR5415185/SRR5415185_1.fastq.gz	https://ftp.sra.ebi.ac.uk/vol1/fastq/SRR541/005/SRR5415185/SRR5415185_2.fastq.gz	SAMN04868282	659808	u
SRR5415190	PAIRED	https://ftp.sra.ebi.ac.uk/vol1/fastq/SRR541/000/SRR5415190/SRR5415190_1.fastq.gz	https://ftp.sra.ebi.ac.uk/vol1/fastq/SRR541/000/SRR5415190/SRR5415190_2.fastq.gz	SAMN04868277	749846	u
SRR5415191	PAIRED	https://ftp.sra.ebi.ac.uk/vol1/fastq/SRR541/001/SRR5415191/SRR5415191_1.fastq.gz	https://ftp.sra.ebi.ac.uk/vol1/fastq/SRR541/001/SRR5415191/SRR5415191_2.fastq.gz	SAMN04868276	672242	u
SRR5415192	PAIRED	https://ftp.sra.ebi.ac.uk/vol1/fastq/SRR541/002/SRR5415192/SRR5415192_1.fastq.gz	https://ftp.sra.ebi.ac.uk/vol1/fastq/SRR541/002/SRR5415192/SRR5415192_2.fastq.gz	SAMN04868275	817428	u
SRR5415194	PAIRED	https://ftp.sra.ebi.ac.uk/vol1/fastq/SRR541/004/SRR5415194/SRR5415194_1.fastq.gz	https://ftp.sra.ebi.ac.uk/vol1/fastq/SRR541/004/SRR5415194/SRR5415194_2.fastq.gz	SAMN04868273	782394	u
SRR5415196	PAIRED	https://ftp.sra.ebi.ac.uk/vol1/fastq/SRR541/006/SRR5415196/SRR5415196_1.fastq.gz	https://ftp.sra.ebi.ac.uk/vol1/fastq/SRR541/006/SRR5415196/SRR5415196_2.fastq.gz	SAMN04868271	602103	u
SRR5415200	PAIRED	https://ftp.sra.ebi.ac.uk/vol1/fastq/SRR541/000/SRR5415200/SRR5415200_1.fastq.gz	https://ftp.sra.ebi.ac.uk/vol1/fastq/SRR541/000/SRR5415200/SRR5415200_2.fastq.gz	SAMN04868267	843560	u
SRR5415202	PAIRED	https://ftp.sra.ebi.ac.uk/vol1/fastq/SRR541/002/SRR5415202/SRR5415202_1.fastq.gz	https://ftp.sra.ebi.ac.uk/vol1/fastq/SRR541/002/SRR5415202/SRR5415202_2.fastq.gz	SAMN04868265	585128	u
SRR5415203	PAIRED	https://ftp.sra.ebi.ac.uk/vol1/fastq/SRR541/003/SRR5415203/SRR5415203_1.fastq.gz	https://ftp.sra.ebi.ac.uk/vol1/fastq/SRR541/003/SRR5415203/SRR5415203_2.fastq.gz	SAMN04868264	554933	u
SRR5415205	PAIRED	https://ftp.sra.ebi.ac.uk/vol1/fastq/SRR541/005/SRR5415205/SRR5415205_1.fastq.gz	https://ftp.sra.ebi.ac.uk/vol1/fastq/SRR541/005/SRR5415205/SRR5415205_2.fastq.gz	SAMN04868262	701412	u
SRR5415206	PAIRED	https://ftp.sra.ebi.ac.uk/vol1/fastq/SRR541/006/SRR5415206/SRR5415206_1.fastq.gz	https://ftp.sra.ebi.ac.uk/vol1/fastq/SRR541/006/SRR5415206/SRR5415206_2.fastq.gz	SAMN04868261	766172	u
SRR5415207	PAIRED	https://ftp.sra.ebi.ac.uk/vol1/fastq/SRR541/007/SRR5415207/SRR5415207_1.fastq.gz	https://ftp.sra.ebi.ac.uk/vol1/fastq/SRR541/007/SRR5415207/SRR5415207_2.fastq.gz	SAMN04868260	773483	u
SRR5415210	PAIRED	https://ftp.sra.ebi.ac.uk/vol1/fastq/SRR541/000/SRR5415210/SRR5415210_1.fastq.gz	https://ftp.sra.ebi.ac.uk/vol1/fastq/SRR541/000/SRR5415210/SRR5415210_2.fastq.gz	SAMN04868257	650431	u
SRR5415212	PAIRED	https://ftp.sra.ebi.ac.uk/vol1/fastq/SRR541/002/SRR5415212/SRR5415212_1.fastq.gz	https://ftp.sra.ebi.ac.uk/vol1/fastq/SRR541/002/SRR5415212/SRR5415212_2.fastq.gz	SAMN04868255	1151845	u
SRR5415213	PAIRED	https://ftp.sra.ebi.ac.uk/vol1/fastq/SRR541/003/SRR5415213/SRR5415213_1.fastq.gz	https://ftp.sra.ebi.ac.uk/vol1/fastq/SRR541/003/SRR5415213/SRR5415213_2.fastq.gz	SAMN04868254	609856	u
SRR5415215	PAIRED	https://ftp.sra.ebi.ac.uk/vol1/fastq/SRR541/005/SRR5415215/SRR5415215_1.fastq.gz	https://ftp.sra.ebi.ac.uk/vol1/fastq/SRR541/005/SRR5415215/SRR5415215_2.fastq.gz	SAMN04868252	595900	u
SRR5415216	PAIRED	https://ftp.sra.ebi.ac.uk/vol1/fastq/SRR541/006/SRR5415216/SRR5415216_1.fastq.gz	https://ftp.sra.ebi.ac.uk/vol1/fastq/SRR541/006/SRR5415216/SRR5415216_2.fastq.gz	SAMN04868251	605280	u
SRR5415219	PAIRED	https://ftp.sra.ebi.ac.uk/vol1/fastq/SRR541/009/SRR5415219/SRR5415219_1.fastq.gz	https://ftp.sra.ebi.ac.uk/vol1/fastq/SRR541/009/SRR5415219/SRR5415219_2.fastq.gz	SAMN04868248	535523	u
SRR5415221	PAIRED	https://ftp.sra.ebi.ac.uk/vol1/fastq/SRR541/001/SRR5415221/SRR5415221_1.fastq.gz	https://ftp.sra.ebi.ac.uk/vol1/fastq/SRR541/001/SRR5415221/SRR5415221_2.fastq.gz	SAMN04868246	467397	u
SRR5415222	PAIRED	https://ftp.sra.ebi.ac.uk/vol1/fastq/SRR541/002/SRR5415222/SRR5415222_1.fastq.gz	https://ftp.sra.ebi.ac.uk/vol1/fastq/SRR541/002/SRR5415222/SRR5415222_2.fastq.gz	SAMN04868245	620154	u
SRR5415226	PAIRED	https://ftp.sra.ebi.ac.uk/vol1/fastq/SRR541/006/SRR5415226/SRR5415226_1.fastq.gz	https://ftp.sra.ebi.ac.uk/vol1/fastq/SRR541/006/SRR5415226/SRR5415226_2.fastq.gz	SAMN04868241	992751	u
SRR5415227	PAIRED	https://ftp.sra.ebi.ac.uk/vol1/fastq/SRR541/007/SRR5415227/SRR5415227_1.fastq.gz	https://ftp.sra.ebi.ac.uk/vol1/fastq/SRR541/007/SRR5415227/SRR5415227_2.fastq.gz	SAMN04868240	778803	u
SRR5415230	PAIRED	https://ftp.sra.ebi.ac.uk/vol1/fastq/SRR541/000/SRR5415230/SRR5415230_1.fastq.gz	https://ftp.sra.ebi.ac.uk/vol1/fastq/SRR541/000/SRR5415230/SRR5415230_2.fastq.gz	SAMN04868237	874556	u
SRR5415233	PAIRED	https://ftp.sra.ebi.ac.uk/vol1/fastq/SRR541/003/SRR5415233/SRR5415233_1.fastq.gz	https://ftp.sra.ebi.ac.uk/vol1/fastq/SRR541/003/SRR5415233/SRR5415233_2.fastq.gz	SAMN04868234	803302	u
SRR5415234	PAIRED	https://ftp.sra.ebi.ac.uk/vol1/fastq/SRR541/004/SRR5415234/SRR5415234_1.fastq.gz	https://ftp.sra.ebi.ac.uk/vol1/fastq/SRR541/004/SRR5415234/SRR5415234_2.fastq.gz	SAMN04868233	912972	u
SRR5415235	PAIRED	https://ftp.sra.ebi.ac.uk/vol1/fastq/SRR541/005/SRR5415235/SRR5415235_1.fastq.gz	https://ftp.sra.ebi.ac.uk/vol1/fastq/SRR541/005/SRR5415235/SRR5415235_2.fastq.gz	SAMN04868232	1018573	u
SRR5415237	PAIRED	https://ftp.sra.ebi.ac.uk/vol1/fastq/SRR541/007/SRR5415237/SRR5415237_1.fastq.gz	https://ftp.sra.ebi.ac.uk/vol1/fastq/SRR541/007/SRR5415237/SRR5415237_2.fastq.gz	SAMN04868230	415308	u
SRR5415238	PAIRED	https://ftp.sra.ebi.ac.uk/vol1/fastq/SRR541/008/SRR5415238/SRR5415238_1.fastq.gz	https://ftp.sra.ebi.ac.uk/vol1/fastq/SRR541/008/SRR5415238/SRR5415238_2.fastq.gz	SAMN04868229	786418	u
SRR5415240	PAIRED	https://ftp.sra.ebi.ac.uk/vol1/fastq/SRR541/000/SRR5415240/SRR5415240_1.fastq.gz	https://ftp.sra.ebi.ac.uk/vol1/fastq/SRR541/000/SRR5415240/SRR5415240_2.fastq.gz	SAMN04868227	592057	u
SRR5415241	PAIRED	https://ftp.sra.ebi.ac.uk/vol1/fastq/SRR541/001/SRR5415241/SRR5415241_1.fastq.gz	https://ftp.sra.ebi.ac.uk/vol1/fastq/SRR541/001/SRR5415241/SRR5415241_2.fastq.gz	SAMN04868226	1103624	u
SRR5415242	PAIRED	https://ftp.sra.ebi.ac.uk/vol1/fastq/SRR541/002/SRR5415242/SRR5415242_1.fastq.gz	https://ftp.sra.ebi.ac.uk/vol1/fastq/SRR541/002/SRR5415242/SRR5415242_2.fastq.gz	SAMN04868225	635894	u
SRR5415248	PAIRED	https://ftp.sra.ebi.ac.uk/vol1/fastq/SRR541/008/SRR5415248/SRR5415248_1.fastq.gz	https://ftp.sra.ebi.ac.uk/vol1/fastq/SRR541/008/SRR5415248/SRR5415248_2.fastq.gz	SAMN04868219	720628	u
SRR5415249	PAIRED	https://ftp.sra.ebi.ac.uk/vol1/fastq/SRR541/009/SRR5415249/SRR5415249_1.fastq.gz	https://ftp.sra.ebi.ac.uk/vol1/fastq/SRR541/009/SRR5415249/SRR5415249_2.fastq.gz	SAMN04868218	632932	u
SRR5415250	PAIRED	https://ftp.sra.ebi.ac.uk/vol1/fastq/SRR541/000/SRR5415250/SRR5415250_1.fastq.gz	https://ftp.sra.ebi.ac.uk/vol1/fastq/SRR541/000/SRR5415250/SRR5415250_2.fastq.gz	SAMN04868217	751671	u
SRR5415252	PAIRED	https://ftp.sra.ebi.ac.uk/vol1/fastq/SRR541/002/SRR5415252/SRR5415252_1.fastq.gz	https://ftp.sra.ebi.ac.uk/vol1/fastq/SRR541/002/SRR5415252/SRR5415252_2.fastq.gz	SAMN04868215	649395	u
SRR5415255	PAIRED	https://ftp.sra.ebi.ac.uk/vol1/fastq/SRR541/005/SRR5415255/SRR5415255_1.fastq.gz	https://ftp.sra.ebi.ac.uk/vol1/fastq/SRR541/005/SRR5415255/SRR5415255_2.fastq.gz	SAMN04868212	735659	u
SRR5415256	PAIRED	https://ftp.sra.ebi.ac.uk/vol1/fastq/SRR541/006/SRR5415256/SRR5415256_1.fastq.gz	https://ftp.sra.ebi.ac.uk/vol1/fastq/SRR541/006/SRR5415256/SRR5415256_2.fastq.gz	SAMN04868211	542657	u
SRR5415258	PAIRED	https://ftp.sra.ebi.ac.uk/vol1/fastq/SRR541/008/SRR5415258/SRR5415258_1.fastq.gz	https://ftp.sra.ebi.ac.uk/vol1/fastq/SRR541/008/SRR5415258/SRR5415258_2.fastq.gz	SAMN04868209	687295	u
SRR5415259	PAIRED	https://ftp.sra.ebi.ac.uk/vol1/fastq/SRR541/009/SRR5415259/SRR5415259_1.fastq.gz	https://ftp.sra.ebi.ac.uk/vol1/fastq/SRR541/009/SRR5415259/SRR5415259_2.fastq.gz	SAMN04868208	648130	u
SRR5415260	PAIRED	https://ftp.sra.ebi.ac.uk/vol1/fastq/SRR541/000/SRR5415260/SRR5415260_1.fastq.gz	https://ftp.sra.ebi.ac.uk/vol1/fastq/SRR541/000/SRR5415260/SRR5415260_2.fastq.gz	SAMN04868207	600317	u
SRR5415264	PAIRED	https://ftp.sra.ebi.ac.uk/vol1/fastq/SRR541/004/SRR5415264/SRR5415264_1.fastq.gz	https://ftp.sra.ebi.ac.uk/vol1/fastq/SRR541/004/SRR5415264/SRR5415264_2.fastq.gz	SAMN04868203	595177	u
SRR5415267	PAIRED	https://ftp.sra.ebi.ac.uk/vol1/fastq/SRR541/007/SRR5415267/SRR5415267_1.fastq.gz	https://ftp.sra.ebi.ac.uk/vol1/fastq/SRR541/007/SRR5415267/SRR5415267_2.fastq.gz	SAMN04868200	747554	u
SRR5415268	PAIRED	https://ftp.sra.ebi.ac.uk/vol1/fastq/SRR541/008/SRR5415268/SRR5415268_1.fastq.gz	https://ftp.sra.ebi.ac.uk/vol1/fastq/SRR541/008/SRR5415268/SRR5415268_2.fastq.gz	SAMN04868199	584167	u
SRR5415270	PAIRED	https://ftp.sra.ebi.ac.uk/vol1/fastq/SRR541/000/SRR5415270/SRR5415270_1.fastq.gz	https://ftp.sra.ebi.ac.uk/vol1/fastq/SRR541/000/SRR5415270/SRR5415270_2.fastq.gz	SAMN04868197	821914	u
SRR5415272	PAIRED	https://ftp.sra.ebi.ac.uk/vol1/fastq/SRR541/002/SRR5415272/SRR5415272_1.fastq.gz	https://ftp.sra.ebi.ac.uk/vol1/fastq/SRR541/002/SRR5415272/SRR5415272_2.fastq.gz	SAMN04868195	961932	u
SRR5415275	PAIRED	https://ftp.sra.ebi.ac.uk/vol1/fastq/SRR541/005/SRR5415275/SRR5415275_1.fastq.gz	https://ftp.sra.ebi.ac.uk/vol1/fastq/SRR541/005/SRR5415275/SRR5415275_2.fastq.gz	SAMN04868192	680567	u
SRR5415276	PAIRED	https://ftp.sra.ebi.ac.uk/vol1/fastq/SRR541/006/SRR5415276/SRR5415276_1.fastq.gz	https://ftp.sra.ebi.ac.uk/vol1/fastq/SRR541/006/SRR5415276/SRR5415276_2.fastq.gz	SAMN04868191	866805	u
SRR5415277	PAIRED	https://ftp.sra.ebi.ac.uk/vol1/fastq/SRR541/007/SRR5415277/SRR5415277_1.fastq.gz	https://ftp.sra.ebi.ac.uk/vol1/fastq/SRR541/007/SRR5415277/SRR5415277_2.fastq.gz	SAMN04868190	562106	u
SRR5415282	PAIRED	https://ftp.sra.ebi.ac.uk/vol1/fastq/SRR541/002/SRR5415282/SRR5415282_1.fastq.gz	https://ftp.sra.ebi.ac.uk/vol1/fastq/SRR541/002/SRR5415282/SRR5415282_2.fastq.gz	SAMN04868185	677160	u
SRR5415283	PAIRED	https://ftp.sra.ebi.ac.uk/vol1/fastq/SRR541/003/SRR5415283/SRR5415283_1.fastq.gz	https://ftp.sra.ebi.ac.uk/vol1/fastq/SRR541/003/SRR5415283/SRR5415283_2.fastq.gz	SAMN04868184	544642	u
SRR5415285	PAIRED	https://ftp.sra.ebi.ac.uk/vol1/fastq/SRR541/005/SRR5415285/SRR5415285_1.fastq.gz	https://ftp.sra.ebi.ac.uk/vol1/fastq/SRR541/005/SRR5415285/SRR5415285_2.fastq.gz	SAMN04868182	936959	u
SRR5415287	PAIRED	https://ftp.sra.ebi.ac.uk/vol1/fastq/SRR541/007/SRR5415287/SRR5415287_1.fastq.gz	https://ftp.sra.ebi.ac.uk/vol1/fastq/SRR541/007/SRR5415287/SRR5415287_2.fastq.gz	SAMN04868180	1061795	u
SRR5415288	PAIRED	https://ftp.sra.ebi.ac.uk/vol1/fastq/SRR541/008/SRR5415288/SRR5415288_1.fastq.gz	https://ftp.sra.ebi.ac.uk/vol1/fastq/SRR541/008/SRR5415288/SRR5415288_2.fastq.gz	SAMN04868179	778771	u
SRR5415290	PAIRED	https://ftp.sra.ebi.ac.uk/vol1/fastq/SRR541/000/SRR5415290/SRR5415290_1.fastq.gz	https://ftp.sra.ebi.ac.uk/vol1/fastq/SRR541/000/SRR5415290/SRR5415290_2.fastq.gz	SAMN04868177	754024	u
SRR5415291	PAIRED	https://ftp.sra.ebi.ac.uk/vol1/fastq/SRR541/001/SRR5415291/SRR5415291_1.fastq.gz	https://ftp.sra.ebi.ac.uk/vol1/fastq/SRR541/001/SRR5415291/SRR5415291_2.fastq.gz	SAMN04868176	428166	u
SRR5415293	PAIRED	https://ftp.sra.ebi.ac.uk/vol1/fastq/SRR541/003/SRR5415293/SRR5415293_1.fastq.gz	https://ftp.sra.ebi.ac.uk/vol1/fastq/SRR541/003/SRR5415293/SRR5415293_2.fastq.gz	SAMN04868174	1339524	u
SRR5415294	PAIRED	https://ftp.sra.ebi.ac.uk/vol1/fastq/SRR541/004/SRR5415294/SRR5415294_1.fastq.gz	https://ftp.sra.ebi.ac.uk/vol1/fastq/SRR541/004/SRR5415294/SRR5415294_2.fastq.gz	SAMN04868173	647125	u
SRR5415295	PAIRED	https://ftp.sra.ebi.ac.uk/vol1/fastq/SRR541/005/SRR5415295/SRR5415295_1.fastq.gz	https://ftp.sra.ebi.ac.uk/vol1/fastq/SRR541/005/SRR5415295/SRR5415295_2.fastq.gz	SAMN04868172	472327	u
SRR5415297	PAIRED	https://ftp.sra.ebi.ac.uk/vol1/fastq/SRR541/007/SRR5415297/SRR5415297_1.fastq.gz	https://ftp.sra.ebi.ac.uk/vol1/fastq/SRR541/007/SRR5415297/SRR5415297_2.fastq.gz	SAMN04868170	709939	u
SRR5415299	PAIRED	https://ftp.sra.ebi.ac.uk/vol1/fastq/SRR541/009/SRR5415299/SRR5415299_1.fastq.gz	https://ftp.sra.ebi.ac.uk/vol1/fastq/SRR541/009/SRR5415299/SRR5415299_2.fastq.gz	SAMN04868168	553105	u
SRR5415300	PAIRED	https://ftp.sra.ebi.ac.uk/vol1/fastq/SRR541/000/SRR5415300/SRR5415300_1.fastq.gz	https://ftp.sra.ebi.ac.uk/vol1/fastq/SRR541/000/SRR5415300/SRR5415300_2.fastq.gz	SAMN04868167	858507	u
SRR5415313	PAIRED	https://ftp.sra.ebi.ac.uk/vol1/fastq/SRR541/003/SRR5415313/SRR5415313_1.fastq.gz	https://ftp.sra.ebi.ac.uk/vol1/fastq/SRR541/003/SRR5415313/SRR5415313_2.fastq.gz	SAMN04868154	974585	u
SRR5415315	PAIRED	https://ftp.sra.ebi.ac.uk/vol1/fastq/SRR541/005/SRR5415315/SRR5415315_1.fastq.gz	https://ftp.sra.ebi.ac.uk/vol1/fastq/SRR541/005/SRR5415315/SRR5415315_2.fastq.gz	SAMN04868152	1008132	u
SRR5415317	PAIRED	https://ftp.sra.ebi.ac.uk/vol1/fastq/SRR541/007/SRR5415317/SRR5415317_1.fastq.gz	https://ftp.sra.ebi.ac.uk/vol1/fastq/SRR541/007/SRR5415317/SRR5415317_2.fastq.gz	SAMN04868150	870475	u
SRR5415320	PAIRED	https://ftp.sra.ebi.ac.uk/vol1/fastq/SRR541/000/SRR5415320/SRR5415320_1.fastq.gz	https://ftp.sra.ebi.ac.uk/vol1/fastq/SRR541/000/SRR5415320/SRR5415320_2.fastq.gz	SAMN04868147	1017954	u
SRR5415321	PAIRED	https://ftp.sra.ebi.ac.uk/vol1/fastq/SRR541/001/SRR5415321/SRR5415321_1.fastq.gz	https://ftp.sra.ebi.ac.uk/vol1/fastq/SRR541/001/SRR5415321/SRR5415321_2.fastq.gz	SAMN04868146	889599	u
SRR5415326	PAIRED	https://ftp.sra.ebi.ac.uk/vol1/fastq/SRR541/006/SRR5415326/SRR5415326_1.fastq.gz	https://ftp.sra.ebi.ac.uk/vol1/fastq/SRR541/006/SRR5415326/SRR5415326_2.fastq.gz	SAMN04868141	915890	u
SRR5415328	PAIRED	https://ftp.sra.ebi.ac.uk/vol1/fastq/SRR541/008/SRR5415328/SRR5415328_1.fastq.gz	https://ftp.sra.ebi.ac.uk/vol1/fastq/SRR541/008/SRR5415328/SRR5415328_2.fastq.gz	SAMN04868139	954497	u
SRR5415330	PAIRED	https://ftp.sra.ebi.ac.uk/vol1/fastq/SRR541/000/SRR5415330/SRR5415330_1.fastq.gz	https://ftp.sra.ebi.ac.uk/vol1/fastq/SRR541/000/SRR5415330/SRR5415330_2.fastq.gz	SAMN04868137	983620	u
SRR5415331	PAIRED	https://ftp.sra.ebi.ac.uk/vol1/fastq/SRR541/001/SRR5415331/SRR5415331_1.fastq.gz	https://ftp.sra.ebi.ac.uk/vol1/fastq/SRR541/001/SRR5415331/SRR5415331_2.fastq.gz	SAMN04868136	1280185	u
SRR5415332	PAIRED	https://ftp.sra.ebi.ac.uk/vol1/fastq/SRR541/002/SRR5415332/SRR5415332_1.fastq.gz	https://ftp.sra.ebi.ac.uk/vol1/fastq/SRR541/002/SRR5415332/SRR5415332_2.fastq.gz	SAMN04868135	537032	u
SRR5415333	PAIRED	https://ftp.sra.ebi.ac.uk/vol1/fastq/SRR541/003/SRR5415333/SRR5415333_1.fastq.gz	https://ftp.sra.ebi.ac.uk/vol1/fastq/SRR541/003/SRR5415333/SRR5415333_2.fastq.gz	SAMN04868134	712558	u
SRR5415340	PAIRED	https://ftp.sra.ebi.ac.uk/vol1/fastq/SRR541/000/SRR5415340/SRR5415340_1.fastq.gz	https://ftp.sra.ebi.ac.uk/vol1/fastq/SRR541/000/SRR5415340/SRR5415340_2.fastq.gz	SAMN04868127	768136	u
SRR5415342	PAIRED	https://ftp.sra.ebi.ac.uk/vol1/fastq/SRR541/002/SRR5415342/SRR5415342_1.fastq.gz	https://ftp.sra.ebi.ac.uk/vol1/fastq/SRR541/002/SRR5415342/SRR5415342_2.fastq.gz	SAMN04868125	576508	u
SRR5415343	PAIRED	https://ftp.sra.ebi.ac.uk/vol1/fastq/SRR541/003/SRR5415343/SRR5415343_1.fastq.gz	https://ftp.sra.ebi.ac.uk/vol1/fastq/SRR541/003/SRR5415343/SRR5415343_2.fastq.gz	SAMN04868124	898953	u
SRR5415344	PAIRED	https://ftp.sra.ebi.ac.uk/vol1/fastq/SRR541/004/SRR5415344/SRR5415344_1.fastq.gz	https://ftp.sra.ebi.ac.uk/vol1/fastq/SRR541/004/SRR5415344/SRR5415344_2.fastq.gz	SAMN04868123	523628	u
SRR5415348	PAIRED	https://ftp.sra.ebi.ac.uk/vol1/fastq/SRR541/008/SRR5415348/SRR5415348_1.fastq.gz	https://ftp.sra.ebi.ac.uk/vol1/fastq/SRR541/008/SRR5415348/SRR5415348_2.fastq.gz	SAMN04868119	717060	u
SRR5415350	PAIRED	https://ftp.sra.ebi.ac.uk/vol1/fastq/SRR541/000/SRR5415350/SRR5415350_1.fastq.gz	https://ftp.sra.ebi.ac.uk/vol1/fastq/SRR541/000/SRR5415350/SRR5415350_2.fastq.gz	SAMN04868117	613730	u
SRR5415351	PAIRED	https://ftp.sra.ebi.ac.uk/vol1/fastq/SRR541/001/SRR5415351/SRR5415351_1.fastq.gz	https://ftp.sra.ebi.ac.uk/vol1/fastq/SRR541/001/SRR5415351/SRR5415351_2.fastq.gz	SAMN04868116	491590	u
SRR5415352	PAIRED	https://ftp.sra.ebi.ac.uk/vol1/fastq/SRR541/002/SRR5415352/SRR5415352_1.fastq.gz	https://ftp.sra.ebi.ac.uk/vol1/fastq/SRR541/002/SRR5415352/SRR5415352_2.fastq.gz	SAMN04868115	473533	u
SRR5415354	PAIRED	https://ftp.sra.ebi.ac.uk/vol1/fastq/SRR541/004/SRR5415354/SRR5415354_1.fastq.gz	https://ftp.sra.ebi.ac.uk/vol1/fastq/SRR541/004/SRR5415354/SRR5415354_2.fastq.gz	SAMN04868113	409895	u
SRR5415355	PAIRED	https://ftp.sra.ebi.ac.uk/vol1/fastq/SRR541/005/SRR5415355/SRR5415355_1.fastq.gz	https://ftp.sra.ebi.ac.uk/vol1/fastq/SRR541/005/SRR5415355/SRR5415355_2.fastq.gz	SAMN04868112	553589	u
SRR5415357	PAIRED	https://ftp.sra.ebi.ac.uk/vol1/fastq/SRR541/007/SRR5415357/SRR5415357_1.fastq.gz	https://ftp.sra.ebi.ac.uk/vol1/fastq/SRR541/007/SRR5415357/SRR5415357_2.fastq.gz	SAMN04868110	644709	u
SRR5415359	PAIRED	https://ftp.sra.ebi.ac.uk/vol1/fastq/SRR541/009/SRR5415359/SRR5415359_1.fastq.gz	https://ftp.sra.ebi.ac.uk/vol1/fastq/SRR541/009/SRR5415359/SRR5415359_2.fastq.gz	SAMN04868108	939856	u
SRR5415360	PAIRED	https://ftp.sra.ebi.ac.uk/vol1/fastq/SRR541/000/SRR5415360/SRR5415360_1.fastq.gz	https://ftp.sra.ebi.ac.uk/vol1/fastq/SRR541/000/SRR5415360/SRR5415360_2.fastq.gz	SAMN04868107	445873	u
SRR5415364	PAIRED	https://ftp.sra.ebi.ac.uk/vol1/fastq/SRR541/004/SRR5415364/SRR5415364_1.fastq.gz	https://ftp.sra.ebi.ac.uk/vol1/fastq/SRR541/004/SRR5415364/SRR5415364_2.fastq.gz	SAMN04868103	834830	u
SRR5415366	PAIRED	https://ftp.sra.ebi.ac.uk/vol1/fastq/SRR541/006/SRR5415366/SRR5415366_1.fastq.gz	https://ftp.sra.ebi.ac.uk/vol1/fastq/SRR541/006/SRR5415366/SRR5415366_2.fastq.gz	SAMN04868101	671519	u
SRR5415373	PAIRED	https://ftp.sra.ebi.ac.uk/vol1/fastq/SRR541/003/SRR5415373/SRR5415373_1.fastq.gz	https://ftp.sra.ebi.ac.uk/vol1/fastq/SRR541/003/SRR5415373/SRR5415373_2.fastq.gz	SAMN04868094	1023276	u
SRR5415374	PAIRED	https://ftp.sra.ebi.ac.uk/vol1/fastq/SRR541/004/SRR5415374/SRR5415374_1.fastq.gz	https://ftp.sra.ebi.ac.uk/vol1/fastq/SRR541/004/SRR5415374/SRR5415374_2.fastq.gz	SAMN04868093	826358	u
SRR5415375	PAIRED	https://ftp.sra.ebi.ac.uk/vol1/fastq/SRR541/005/SRR5415375/SRR5415375_1.fastq.gz	https://ftp.sra.ebi.ac.uk/vol1/fastq/SRR541/005/SRR5415375/SRR5415375_2.fastq.gz	SAMN04868092	622500	u
SRR5415376	PAIRED	https://ftp.sra.ebi.ac.uk/vol1/fastq/SRR541/006/SRR5415376/SRR5415376_1.fastq.gz	https://ftp.sra.ebi.ac.uk/vol1/fastq/SRR541/006/SRR5415376/SRR5415376_2.fastq.gz	SAMN04868091	744573	u
SRR5415377	PAIRED	https://ftp.sra.ebi.ac.uk/vol1/fastq/SRR541/007/SRR5415377/SRR5415377_1.fastq.gz	https://ftp.sra.ebi.ac.uk/vol1/fastq/SRR541/007/SRR5415377/SRR5415377_2.fastq.gz	SAMN04868090	526638	u
SRR5415378	PAIRED	https://ftp.sra.ebi.ac.uk/vol1/fastq/SRR541/008/SRR5415378/SRR5415378_1.fastq.gz	https://ftp.sra.ebi.ac.uk/vol1/fastq/SRR541/008/SRR5415378/SRR5415378_2.fastq.gz	SAMN04868089	484511	u
SRR5415379	PAIRED	https://ftp.sra.ebi.ac.uk/vol1/fastq/SRR541/009/SRR5415379/SRR5415379_1.fastq.gz	https://ftp.sra.ebi.ac.uk/vol1/fastq/SRR541/009/SRR5415379/SRR5415379_2.fastq.gz	SAMN04868088	894872	u
SRR5415381	PAIRED	https://ftp.sra.ebi.ac.uk/vol1/fastq/SRR541/001/SRR5415381/SRR5415381_1.fastq.gz	https://ftp.sra.ebi.ac.uk/vol1/fastq/SRR541/001/SRR5415381/SRR5415381_2.fastq.gz	SAMN04868086	1214717	u
SRR5415383	PAIRED	https://ftp.sra.ebi.ac.uk/vol1/fastq/SRR541/003/SRR5415383/SRR5415383_1.fastq.gz	https://ftp.sra.ebi.ac.uk/vol1/fastq/SRR541/003/SRR5415383/SRR5415383_2.fastq.gz	SAMN04868084	942442	u
SRR5415385	PAIRED	https://ftp.sra.ebi.ac.uk/vol1/fastq/SRR541/005/SRR5415385/SRR5415385_1.fastq.gz	https://ftp.sra.ebi.ac.uk/vol1/fastq/SRR541/005/SRR5415385/SRR5415385_2.fastq.gz	SAMN04868082	495455	u
SRR5415387	PAIRED	https://ftp.sra.ebi.ac.uk/vol1/fastq/SRR541/007/SRR5415387/SRR5415387_1.fastq.gz	https://ftp.sra.ebi.ac.uk/vol1/fastq/SRR541/007/SRR5415387/SRR5415387_2.fastq.gz	SAMN04868080	457484	u
SRR5415388	PAIRED	https://ftp.sra.ebi.ac.uk/vol1/fastq/SRR541/008/SRR5415388/SRR5415388_1.fastq.gz	https://ftp.sra.ebi.ac.uk/vol1/fastq/SRR541/008/SRR5415388/SRR5415388_2.fastq.gz	SAMN04868079	776949	u
SRR5415389	PAIRED	https://ftp.sra.ebi.ac.uk/vol1/fastq/SRR541/009/SRR5415389/SRR5415389_1.fastq.gz	https://ftp.sra.ebi.ac.uk/vol1/fastq/SRR541/009/SRR5415389/SRR5415389_2.fastq.gz	SAMN04868078	908755	u
SRR5415392	PAIRED	https://ftp.sra.ebi.ac.uk/vol1/fastq/SRR541/002/SRR5415392/SRR5415392_1.fastq.gz	https://ftp.sra.ebi.ac.uk/vol1/fastq/SRR541/002/SRR5415392/SRR5415392_2.fastq.gz	SAMN04868075	468032	u
SRR5415393	PAIRED	https://ftp.sra.ebi.ac.uk/vol1/fastq/SRR541/003/SRR5415393/SRR5415393_1.fastq.gz	https://ftp.sra.ebi.ac.uk/vol1/fastq/SRR541/003/SRR5415393/SRR5415393_2.fastq.gz	SAMN04868074	808159	u
SRR5415394	PAIRED	https://ftp.sra.ebi.ac.uk/vol1/fastq/SRR541/004/SRR5415394/SRR5415394_1.fastq.gz	https://ftp.sra.ebi.ac.uk/vol1/fastq/SRR541/004/SRR5415394/SRR5415394_2.fastq.gz	SAMN04868073	664314	u
SRR5415398	PAIRED	https://ftp.sra.ebi.ac.uk/vol1/fastq/SRR541/008/SRR5415398/SRR5415398_1.fastq.gz	https://ftp.sra.ebi.ac.uk/vol1/fastq/SRR541/008/SRR5415398/SRR5415398_2.fastq.gz	SAMN04868069	657700	u
SRR5415399	PAIRED	https://ftp.sra.ebi.ac.uk/vol1/fastq/SRR541/009/SRR5415399/SRR5415399_1.fastq.gz	https://ftp.sra.ebi.ac.uk/vol1/fastq/SRR541/009/SRR5415399/SRR5415399_2.fastq.gz	SAMN04868068	513810	u
SRR5415403	PAIRED	https://ftp.sra.ebi.ac.uk/vol1/fastq/SRR541/003/SRR5415403/SRR5415403_1.fastq.gz	https://ftp.sra.ebi.ac.uk/vol1/fastq/SRR541/003/SRR5415403/SRR5415403_2.fastq.gz	SAMN04868064	1032310	u
SRR5415408	PAIRED	https://ftp.sra.ebi.ac.uk/vol1/fastq/SRR541/008/SRR5415408/SRR5415408_1.fastq.gz	https://ftp.sra.ebi.ac.uk/vol1/fastq/SRR541/008/SRR5415408/SRR5415408_2.fastq.gz	SAMN04868059	595983	u
SRR5415409	PAIRED	https://ftp.sra.ebi.ac.uk/vol1/fastq/SRR541/009/SRR5415409/SRR5415409_1.fastq.gz	https://ftp.sra.ebi.ac.uk/vol1/fastq/SRR541/009/SRR5415409/SRR5415409_2.fastq.gz	SAMN04868058	544382	u
SRR5415411	PAIRED	https://ftp.sra.ebi.ac.uk/vol1/fastq/SRR541/001/SRR5415411/SRR5415411_1.fastq.gz	https://ftp.sra.ebi.ac.uk/vol1/fastq/SRR541/001/SRR5415411/SRR5415411_2.fastq.gz	SAMN04868056	490526	u
SRR5415417	PAIRED	https://ftp.sra.ebi.ac.uk/vol1/fastq/SRR541/007/SRR5415417/SRR5415417_1.fastq.gz	https://ftp.sra.ebi.ac.uk/vol1/fastq/SRR541/007/SRR5415417/SRR5415417_2.fastq.gz	SAMN04868050	839576	u
SRR5415419	PAIRED	https://ftp.sra.ebi.ac.uk/vol1/fastq/SRR541/009/SRR5415419/SRR5415419_1.fastq.gz	https://ftp.sra.ebi.ac.uk/vol1/fastq/SRR541/009/SRR5415419/SRR5415419_2.fastq.gz	SAMN04868048	508488	u
SRR5415421	PAIRED	https://ftp.sra.ebi.ac.uk/vol1/fastq/SRR541/001/SRR5415421/SRR5415421_1.fastq.gz	https://ftp.sra.ebi.ac.uk/vol1/fastq/SRR541/001/SRR5415421/SRR5415421_2.fastq.gz	SAMN04868046	732492	u
SRR5415427	PAIRED	https://ftp.sra.ebi.ac.uk/vol1/fastq/SRR541/007/SRR5415427/SRR5415427_1.fastq.gz	https://ftp.sra.ebi.ac.uk/vol1/fastq/SRR541/007/SRR5415427/SRR5415427_2.fastq.gz	SAMN04868040	541445	u
SRR5415428	PAIRED	https://ftp.sra.ebi.ac.uk/vol1/fastq/SRR541/008/SRR5415428/SRR5415428_1.fastq.gz	https://ftp.sra.ebi.ac.uk/vol1/fastq/SRR541/008/SRR5415428/SRR5415428_2.fastq.gz	SAMN04868039	1072305	u
SRR5415431	PAIRED	https://ftp.sra.ebi.ac.uk/vol1/fastq/SRR541/001/SRR5415431/SRR5415431_1.fastq.gz	https://ftp.sra.ebi.ac.uk/vol1/fastq/SRR541/001/SRR5415431/SRR5415431_2.fastq.gz	SAMN04868036	914528	u
SRR5415432	PAIRED	https://ftp.sra.ebi.ac.uk/vol1/fastq/SRR541/002/SRR5415432/SRR5415432_1.fastq.gz	https://ftp.sra.ebi.ac.uk/vol1/fastq/SRR541/002/SRR5415432/SRR5415432_2.fastq.gz	SAMN04868035	440096	u
SRR5415437	PAIRED	https://ftp.sra.ebi.ac.uk/vol1/fastq/SRR541/007/SRR5415437/SRR5415437_1.fastq.gz	https://ftp.sra.ebi.ac.uk/vol1/fastq/SRR541/007/SRR5415437/SRR5415437_2.fastq.gz	SAMN04868030	772347	u
SRR5415438	PAIRED	https://ftp.sra.ebi.ac.uk/vol1/fastq/SRR541/008/SRR5415438/SRR5415438_1.fastq.gz	https://ftp.sra.ebi.ac.uk/vol1/fastq/SRR541/008/SRR5415438/SRR5415438_2.fastq.gz	SAMN04868029	738471	u
SRR5415439	PAIRED	https://ftp.sra.ebi.ac.uk/vol1/fastq/SRR541/009/SRR5415439/SRR5415439_1.fastq.gz	https://ftp.sra.ebi.ac.uk/vol1/fastq/SRR541/009/SRR5415439/SRR5415439_2.fastq.gz	SAMN04868028	671068	u
SRR5415441	PAIRED	https://ftp.sra.ebi.ac.uk/vol1/fastq/SRR541/001/SRR5415441/SRR5415441_1.fastq.gz	https://ftp.sra.ebi.ac.uk/vol1/fastq/SRR541/001/SRR5415441/SRR5415441_2.fastq.gz	SAMN04868026	706625	u
SRR5415442	PAIRED	https://ftp.sra.ebi.ac.uk/vol1/fastq/SRR541/002/SRR5415442/SRR5415442_1.fastq.gz	https://ftp.sra.ebi.ac.uk/vol1/fastq/SRR541/002/SRR5415442/SRR5415442_2.fastq.gz	SAMN04868025	677405	u
SRR5415443	PAIRED	https://ftp.sra.ebi.ac.uk/vol1/fastq/SRR541/003/SRR5415443/SRR5415443_1.fastq.gz	https://ftp.sra.ebi.ac.uk/vol1/fastq/SRR541/003/SRR5415443/SRR5415443_2.fastq.gz	SAMN04868024	489080	u
SRR5415445	PAIRED	https://ftp.sra.ebi.ac.uk/vol1/fastq/SRR541/005/SRR5415445/SRR5415445_1.fastq.gz	https://ftp.sra.ebi.ac.uk/vol1/fastq/SRR541/005/SRR5415445/SRR5415445_2.fastq.gz	SAMN04868022	957809	u
SRR5415449	PAIRED	https://ftp.sra.ebi.ac.uk/vol1/fastq/SRR541/009/SRR5415449/SRR5415449_1.fastq.gz	https://ftp.sra.ebi.ac.uk/vol1/fastq/SRR541/009/SRR5415449/SRR5415449_2.fastq.gz	SAMN04868018	486819	u
SRR5415450	PAIRED	https://ftp.sra.ebi.ac.uk/vol1/fastq/SRR541/000/SRR5415450/SRR5415450_1.fastq.gz	https://ftp.sra.ebi.ac.uk/vol1/fastq/SRR541/000/SRR5415450/SRR5415450_2.fastq.gz	SAMN04868017	662280	u
SRR5415453	PAIRED	https://ftp.sra.ebi.ac.uk/vol1/fastq/SRR541/003/SRR5415453/SRR5415453_1.fastq.gz	https://ftp.sra.ebi.ac.uk/vol1/fastq/SRR541/003/SRR5415453/SRR5415453_2.fastq.gz	SAMN04868014	468869	u
SRR5415454	PAIRED	https://ftp.sra.ebi.ac.uk/vol1/fastq/SRR541/004/SRR5415454/SRR5415454_1.fastq.gz	https://ftp.sra.ebi.ac.uk/vol1/fastq/SRR541/004/SRR5415454/SRR5415454_2.fastq.gz	SAMN04868013	1001768	u
SRR5415455	PAIRED	https://ftp.sra.ebi.ac.uk/vol1/fastq/SRR541/005/SRR5415455/SRR5415455_1.fastq.gz	https://ftp.sra.ebi.ac.uk/vol1/fastq/SRR541/005/SRR5415455/SRR5415455_2.fastq.gz	SAMN04868012	1294400	u
SRR5415456	PAIRED	https://ftp.sra.ebi.ac.uk/vol1/fastq/SRR541/006/SRR5415456/SRR5415456_1.fastq.gz	https://ftp.sra.ebi.ac.uk/vol1/fastq/SRR541/006/SRR5415456/SRR5415456_2.fastq.gz	SAMN04868011	1084150	u
SRR5415458	PAIRED	https://ftp.sra.ebi.ac.uk/vol1/fastq/SRR541/008/SRR5415458/SRR5415458_1.fastq.gz	https://ftp.sra.ebi.ac.uk/vol1/fastq/SRR541/008/SRR5415458/SRR5415458_2.fastq.gz	SAMN04868009	1053017	u
SRR5415459	PAIRED	https://ftp.sra.ebi.ac.uk/vol1/fastq/SRR541/009/SRR5415459/SRR5415459_1.fastq.gz	https://ftp.sra.ebi.ac.uk/vol1/fastq/SRR541/009/SRR5415459/SRR5415459_2.fastq.gz	SAMN04868008	1588508	u
SRR5415460	PAIRED	https://ftp.sra.ebi.ac.uk/vol1/fastq/SRR541/000/SRR5415460/SRR5415460_1.fastq.gz	https://ftp.sra.ebi.ac.uk/vol1/fastq/SRR541/000/SRR5415460/SRR5415460_2.fastq.gz	SAMN04868007	943954	u
SRR5415467	PAIRED	https://ftp.sra.ebi.ac.uk/vol1/fastq/SRR541/007/SRR5415467/SRR5415467_1.fastq.gz	https://ftp.sra.ebi.ac.uk/vol1/fastq/SRR541/007/SRR5415467/SRR5415467_2.fastq.gz	SAMN04868000	1093067	u
SRR5415468	PAIRED	https://ftp.sra.ebi.ac.uk/vol1/fastq/SRR541/008/SRR5415468/SRR5415468_1.fastq.gz	https://ftp.sra.ebi.ac.uk/vol1/fastq/SRR541/008/SRR5415468/SRR5415468_2.fastq.gz	SAMN04867999	1111405	u
SRR5415469	PAIRED	https://ftp.sra.ebi.ac.uk/vol1/fastq/SRR541/009/SRR5415469/SRR5415469_1.fastq.gz	https://ftp.sra.ebi.ac.uk/vol1/fastq/SRR541/009/SRR5415469/SRR5415469_2.fastq.gz	SAMN04867998	545079	u
SRR5415471	PAIRED	https://ftp.sra.ebi.ac.uk/vol1/fastq/SRR541/001/SRR5415471/SRR5415471_1.fastq.gz	https://ftp.sra.ebi.ac.uk/vol1/fastq/SRR541/001/SRR5415471/SRR5415471_2.fastq.gz	SAMN04867996	1338465	u
SRR5415472	PAIRED	https://ftp.sra.ebi.ac.uk/vol1/fastq/SRR541/002/SRR5415472/SRR5415472_1.fastq.gz	https://ftp.sra.ebi.ac.uk/vol1/fastq/SRR541/002/SRR5415472/SRR5415472_2.fastq.gz	SAMN04867995	675195	u
SRR5415473	PAIRED	https://ftp.sra.ebi.ac.uk/vol1/fastq/SRR541/003/SRR5415473/SRR5415473_1.fastq.gz	https://ftp.sra.ebi.ac.uk/vol1/fastq/SRR541/003/SRR5415473/SRR5415473_2.fastq.gz	SAMN04867994	884704	u
SRR5415474	PAIRED	https://ftp.sra.ebi.ac.uk/vol1/fastq/SRR541/004/SRR5415474/SRR5415474_1.fastq.gz	https://ftp.sra.ebi.ac.uk/vol1/fastq/SRR541/004/SRR5415474/SRR5415474_2.fastq.gz	SAMN04867993	524743	u
SRR5415476	PAIRED	https://ftp.sra.ebi.ac.uk/vol1/fastq/SRR541/006/SRR5415476/SRR5415476_1.fastq.gz	https://ftp.sra.ebi.ac.uk/vol1/fastq/SRR541/006/SRR5415476/SRR5415476_2.fastq.gz	SAMN04867991	1046892	u
SRR5415480	PAIRED	https://ftp.sra.ebi.ac.uk/vol1/fastq/SRR541/000/SRR5415480/SRR5415480_1.fastq.gz	https://ftp.sra.ebi.ac.uk/vol1/fastq/SRR541/000/SRR5415480/SRR5415480_2.fastq.gz	SAMN04867987	1009910	u
SRR5415481	PAIRED	https://ftp.sra.ebi.ac.uk/vol1/fastq/SRR541/001/SRR5415481/SRR5415481_1.fastq.gz	https://ftp.sra.ebi.ac.uk/vol1/fastq/SRR541/001/SRR5415481/SRR5415481_2.fastq.gz	SAMN04867986	1549544	u
SRR5415482	PAIRED	https://ftp.sra.ebi.ac.uk/vol1/fastq/SRR541/002/SRR5415482/SRR5415482_1.fastq.gz	https://ftp.sra.ebi.ac.uk/vol1/fastq/SRR541/002/SRR5415482/SRR5415482_2.fastq.gz	SAMN04867985	1189643	u
SRR5415483	PAIRED	https://ftp.sra.ebi.ac.uk/vol1/fastq/SRR541/003/SRR5415483/SRR5415483_1.fastq.gz	https://ftp.sra.ebi.ac.uk/vol1/fastq/SRR541/003/SRR5415483/SRR5415483_2.fastq.gz	SAMN04867984	1042640	u
SRR5415485	PAIRED	https://ftp.sra.ebi.ac.uk/vol1/fastq/SRR541/005/SRR5415485/SRR5415485_1.fastq.gz	https://ftp.sra.ebi.ac.uk/vol1/fastq/SRR541/005/SRR5415485/SRR5415485_2.fastq.gz	SAMN04867982	1114089	u
SRR5415487	PAIRED	https://ftp.sra.ebi.ac.uk/vol1/fastq/SRR541/007/SRR5415487/SRR5415487_1.fastq.gz	https://ftp.sra.ebi.ac.uk/vol1/fastq/SRR541/007/SRR5415487/SRR5415487_2.fastq.gz	SAMN04867980	1020172	u
SRR5415490	PAIRED	https://ftp.sra.ebi.ac.uk/vol1/fastq/SRR541/000/SRR5415490/SRR5415490_1.fastq.gz	https://ftp.sra.ebi.ac.uk/vol1/fastq/SRR541/000/SRR5415490/SRR5415490_2.fastq.gz	SAMN04867977	966079	u
SRR5415492	PAIRED	https://ftp.sra.ebi.ac.uk/vol1/fastq/SRR541/002/SRR5415492/SRR5415492_1.fastq.gz	https://ftp.sra.ebi.ac.uk/vol1/fastq/SRR541/002/SRR5415492/SRR5415492_2.fastq.gz	SAMN04867975	1444446	u
SRR5415493	PAIRED	https://ftp.sra.ebi.ac.uk/vol1/fastq/SRR541/003/SRR5415493/SRR5415493_1.fastq.gz	https://ftp.sra.ebi.ac.uk/vol1/fastq/SRR541/003/SRR5415493/SRR5415493_2.fastq.gz	SAMN04867974	808015	u
SRR5415494	PAIRED	https://ftp.sra.ebi.ac.uk/vol1/fastq/SRR541/004/SRR5415494/SRR5415494_1.fastq.gz	https://ftp.sra.ebi.ac.uk/vol1/fastq/SRR541/004/SRR5415494/SRR5415494_2.fastq.gz	SAMN04867973	548950	u
SRR5415496	PAIRED	https://ftp.sra.ebi.ac.uk/vol1/fastq/SRR541/006/SRR5415496/SRR5415496_1.fastq.gz	https://ftp.sra.ebi.ac.uk/vol1/fastq/SRR541/006/SRR5415496/SRR5415496_2.fastq.gz	SAMN04867971	1440545	u
SRR5486247	PAIRED	https://ftp.sra.ebi.ac.uk/vol1/fastq/SRR548/007/SRR5486247/SRR5486247_1.fastq.gz	https://ftp.sra.ebi.ac.uk/vol1/fastq/SRR548/007/SRR5486247/SRR5486247_2.fastq.gz	SAMN06847534	2098181	s
SRR5486248	PAIRED	https://ftp.sra.ebi.ac.uk/vol1/fastq/SRR548/008/SRR5486248/SRR5486248_1.fastq.gz	https://ftp.sra.ebi.ac.uk/vol1/fastq/SRR548/008/SRR5486248/SRR5486248_2.fastq.gz	SAMN06847533	1382622	r
SRR5486249	PAIRED	https://ftp.sra.ebi.ac.uk/vol1/fastq/SRR548/009/SRR5486249/SRR5486249_1.fastq.gz	https://ftp.sra.ebi.ac.uk/vol1/fastq/SRR548/009/SRR5486249/SRR5486249_2.fastq.gz	SAMN06847532	1304335	s
SRR5486250	PAIRED	https://ftp.sra.ebi.ac.uk/vol1/fastq/SRR548/000/SRR5486250/SRR5486250_1.fastq.gz	https://ftp.sra.ebi.ac.uk/vol1/fastq/SRR548/000/SRR5486250/SRR5486250_2.fastq.gz	SAMN06847531	2519505	s
SRR5486252	PAIRED	https://ftp.sra.ebi.ac.uk/vol1/fastq/SRR548/002/SRR5486252/SRR5486252_1.fastq.gz	https://ftp.sra.ebi.ac.uk/vol1/fastq/SRR548/002/SRR5486252/SRR5486252_2.fastq.gz	SAMN06847529	1667006	s
SRR5486256	PAIRED	https://ftp.sra.ebi.ac.uk/vol1/fastq/SRR548/006/SRR5486256/SRR5486256_1.fastq.gz	https://ftp.sra.ebi.ac.uk/vol1/fastq/SRR548/006/SRR5486256/SRR5486256_2.fastq.gz	SAMN06847525	2123598	s
SRR5486258	PAIRED	https://ftp.sra.ebi.ac.uk/vol1/fastq/SRR548/008/SRR5486258/SRR5486258_1.fastq.gz	https://ftp.sra.ebi.ac.uk/vol1/fastq/SRR548/008/SRR5486258/SRR5486258_2.fastq.gz	SAMN06847523	1579060	s
SRR5486261	PAIRED	https://ftp.sra.ebi.ac.uk/vol1/fastq/SRR548/001/SRR5486261/SRR5486261_1.fastq.gz	https://ftp.sra.ebi.ac.uk/vol1/fastq/SRR548/001/SRR5486261/SRR5486261_2.fastq.gz	SAMN06847520	1609785	s
SRR5486263	PAIRED	https://ftp.sra.ebi.ac.uk/vol1/fastq/SRR548/003/SRR5486263/SRR5486263_1.fastq.gz	https://ftp.sra.ebi.ac.uk/vol1/fastq/SRR548/003/SRR5486263/SRR5486263_2.fastq.gz	SAMN06847518	1687406	s
SRR5486265	PAIRED	https://ftp.sra.ebi.ac.uk/vol1/fastq/SRR548/005/SRR5486265/SRR5486265_1.fastq.gz	https://ftp.sra.ebi.ac.uk/vol1/fastq/SRR548/005/SRR5486265/SRR5486265_2.fastq.gz	SAMN06847516	1519426	r
SRR5486268	PAIRED	https://ftp.sra.ebi.ac.uk/vol1/fastq/SRR548/008/SRR5486268/SRR5486268_1.fastq.gz	https://ftp.sra.ebi.ac.uk/vol1/fastq/SRR548/008/SRR5486268/SRR5486268_2.fastq.gz	SAMN06847513	1396514	r
SRR5486271	PAIRED	https://ftp.sra.ebi.ac.uk/vol1/fastq/SRR548/001/SRR5486271/SRR5486271_1.fastq.gz	https://ftp.sra.ebi.ac.uk/vol1/fastq/SRR548/001/SRR5486271/SRR5486271_2.fastq.gz	SAMN06847510	2287547	s
SRR5486272	PAIRED	https://ftp.sra.ebi.ac.uk/vol1/fastq/SRR548/002/SRR5486272/SRR5486272_1.fastq.gz	https://ftp.sra.ebi.ac.uk/vol1/fastq/SRR548/002/SRR5486272/SRR5486272_2.fastq.gz	SAMN06847509	3185321	s
SRR5486273	PAIRED	https://ftp.sra.ebi.ac.uk/vol1/fastq/SRR548/003/SRR5486273/SRR5486273_1.fastq.gz	https://ftp.sra.ebi.ac.uk/vol1/fastq/SRR548/003/SRR5486273/SRR5486273_2.fastq.gz	SAMN06847508	2810040	s
SRR5486277	PAIRED	https://ftp.sra.ebi.ac.uk/vol1/fastq/SRR548/007/SRR5486277/SRR5486277_1.fastq.gz	https://ftp.sra.ebi.ac.uk/vol1/fastq/SRR548/007/SRR5486277/SRR5486277_2.fastq.gz	SAMN06847504	1551192	s
SRR5486279	PAIRED	https://ftp.sra.ebi.ac.uk/vol1/fastq/SRR548/009/SRR5486279/SRR5486279_1.fastq.gz	https://ftp.sra.ebi.ac.uk/vol1/fastq/SRR548/009/SRR5486279/SRR5486279_2.fastq.gz	SAMN06847502	2513853	s
SRR5486283	PAIRED	https://ftp.sra.ebi.ac.uk/vol1/fastq/SRR548/003/SRR5486283/SRR5486283_1.fastq.gz	https://ftp.sra.ebi.ac.uk/vol1/fastq/SRR548/003/SRR5486283/SRR5486283_2.fastq.gz	SAMN06847498	2344514	r
SRR5486289	PAIRED	https://ftp.sra.ebi.ac.uk/vol1/fastq/SRR548/009/SRR5486289/SRR5486289_1.fastq.gz	https://ftp.sra.ebi.ac.uk/vol1/fastq/SRR548/009/SRR5486289/SRR5486289_2.fastq.gz	SAMN06847492	2376372	s
SRR5486291	PAIRED	https://ftp.sra.ebi.ac.uk/vol1/fastq/SRR548/001/SRR5486291/SRR5486291_1.fastq.gz	https://ftp.sra.ebi.ac.uk/vol1/fastq/SRR548/001/SRR5486291/SRR5486291_2.fastq.gz	SAMN06847490	2516170	r
SRR5486292	PAIRED	https://ftp.sra.ebi.ac.uk/vol1/fastq/SRR548/002/SRR5486292/SRR5486292_1.fastq.gz	https://ftp.sra.ebi.ac.uk/vol1/fastq/SRR548/002/SRR5486292/SRR5486292_2.fastq.gz	SAMN06847489	716635	s
SRR5486293	PAIRED	https://ftp.sra.ebi.ac.uk/vol1/fastq/SRR548/003/SRR5486293/SRR5486293_1.fastq.gz	https://ftp.sra.ebi.ac.uk/vol1/fastq/SRR548/003/SRR5486293/SRR5486293_2.fastq.gz	SAMN06847488	887098	s
SRR5486295	PAIRED	https://ftp.sra.ebi.ac.uk/vol1/fastq/SRR548/005/SRR5486295/SRR5486295_1.fastq.gz	https://ftp.sra.ebi.ac.uk/vol1/fastq/SRR548/005/SRR5486295/SRR5486295_2.fastq.gz	SAMN06847486	1864264	r
SRR5486298	PAIRED	https://ftp.sra.ebi.ac.uk/vol1/fastq/SRR548/008/SRR5486298/SRR5486298_1.fastq.gz	https://ftp.sra.ebi.ac.uk/vol1/fastq/SRR548/008/SRR5486298/SRR5486298_2.fastq.gz	SAMN06847483	1703343	s
SRR5486299	PAIRED	https://ftp.sra.ebi.ac.uk/vol1/fastq/SRR548/009/SRR5486299/SRR5486299_1.fastq.gz	https://ftp.sra.ebi.ac.uk/vol1/fastq/SRR548/009/SRR5486299/SRR5486299_2.fastq.gz	SAMN06847482	1258398	r
SRR5486301	PAIRED	https://ftp.sra.ebi.ac.uk/vol1/fastq/SRR548/001/SRR5486301/SRR5486301_1.fastq.gz	https://ftp.sra.ebi.ac.uk/vol1/fastq/SRR548/001/SRR5486301/SRR5486301_2.fastq.gz	SAMN06847480	1554787	r
SRR5486306	PAIRED	https://ftp.sra.ebi.ac.uk/vol1/fastq/SRR548/006/SRR5486306/SRR5486306_1.fastq.gz	https://ftp.sra.ebi.ac.uk/vol1/fastq/SRR548/006/SRR5486306/SRR5486306_2.fastq.gz	SAMN06847476	3665127	r
SRR5486307	PAIRED	https://ftp.sra.ebi.ac.uk/vol1/fastq/SRR548/007/SRR5486307/SRR5486307_1.fastq.gz	https://ftp.sra.ebi.ac.uk/vol1/fastq/SRR548/007/SRR5486307/SRR5486307_2.fastq.gz	SAMN06847475	3481001	s
SRR5486308	PAIRED	https://ftp.sra.ebi.ac.uk/vol1/fastq/SRR548/008/SRR5486308/SRR5486308_1.fastq.gz	https://ftp.sra.ebi.ac.uk/vol1/fastq/SRR548/008/SRR5486308/SRR5486308_2.fastq.gz	SAMN06847474	754519	s
SRR5486310	PAIRED	https://ftp.sra.ebi.ac.uk/vol1/fastq/SRR548/000/SRR5486310/SRR5486310_1.fastq.gz	https://ftp.sra.ebi.ac.uk/vol1/fastq/SRR548/000/SRR5486310/SRR5486310_2.fastq.gz	SAMN06847472	701641	s
SRR5486311	PAIRED	https://ftp.sra.ebi.ac.uk/vol1/fastq/SRR548/001/SRR5486311/SRR5486311_1.fastq.gz	https://ftp.sra.ebi.ac.uk/vol1/fastq/SRR548/001/SRR5486311/SRR5486311_2.fastq.gz	SAMN06847471	3342618	s
SRR5486312	PAIRED	https://ftp.sra.ebi.ac.uk/vol1/fastq/SRR548/002/SRR5486312/SRR5486312_1.fastq.gz	https://ftp.sra.ebi.ac.uk/vol1/fastq/SRR548/002/SRR5486312/SRR5486312_2.fastq.gz	SAMN06847470	3736817	r
SRR5486313	PAIRED	https://ftp.sra.ebi.ac.uk/vol1/fastq/SRR548/003/SRR5486313/SRR5486313_1.fastq.gz	https://ftp.sra.ebi.ac.uk/vol1/fastq/SRR548/003/SRR5486313/SRR5486313_2.fastq.gz	SAMN06847469	3843470	s
SRR5486314	PAIRED	https://ftp.sra.ebi.ac.uk/vol1/fastq/SRR548/004/SRR5486314/SRR5486314_1.fastq.gz	https://ftp.sra.ebi.ac.uk/vol1/fastq/SRR548/004/SRR5486314/SRR5486314_2.fastq.gz	SAMN06847468	340549	r
SRR5486319	PAIRED	https://ftp.sra.ebi.ac.uk/vol1/fastq/SRR548/009/SRR5486319/SRR5486319_1.fastq.gz	https://ftp.sra.ebi.ac.uk/vol1/fastq/SRR548/009/SRR5486319/SRR5486319_2.fastq.gz	SAMN06847463	373103	s
SRR5486325	PAIRED	https://ftp.sra.ebi.ac.uk/vol1/fastq/SRR548/005/SRR5486325/SRR5486325_1.fastq.gz	https://ftp.sra.ebi.ac.uk/vol1/fastq/SRR548/005/SRR5486325/SRR5486325_2.fastq.gz	SAMN06847457	404107	s
SRR5486331	PAIRED	https://ftp.sra.ebi.ac.uk/vol1/fastq/SRR548/001/SRR5486331/SRR5486331_1.fastq.gz	https://ftp.sra.ebi.ac.uk/vol1/fastq/SRR548/001/SRR5486331/SRR5486331_2.fastq.gz	SAMN06847451	989327	r
SRR5486333	PAIRED	https://ftp.sra.ebi.ac.uk/vol1/fastq/SRR548/003/SRR5486333/SRR5486333_1.fastq.gz	https://ftp.sra.ebi.ac.uk/vol1/fastq/SRR548/003/SRR5486333/SRR5486333_2.fastq.gz	SAMN06847449	1562369	s
SRR5486338	PAIRED	https://ftp.sra.ebi.ac.uk/vol1/fastq/SRR548/008/SRR5486338/SRR5486338_1.fastq.gz	https://ftp.sra.ebi.ac.uk/vol1/fastq/SRR548/008/SRR5486338/SRR5486338_2.fastq.gz	SAMN06847444	672131	s
SRR5486341	PAIRED	https://ftp.sra.ebi.ac.uk/vol1/fastq/SRR548/001/SRR5486341/SRR5486341_1.fastq.gz	https://ftp.sra.ebi.ac.uk/vol1/fastq/SRR548/001/SRR5486341/SRR5486341_2.fastq.gz	SAMN06847441	1494390	r
SRR5486342	PAIRED	https://ftp.sra.ebi.ac.uk/vol1/fastq/SRR548/002/SRR5486342/SRR5486342_1.fastq.gz	https://ftp.sra.ebi.ac.uk/vol1/fastq/SRR548/002/SRR5486342/SRR5486342_2.fastq.gz	SAMN06847440	1401061	s
SRR5486348	PAIRED	https://ftp.sra.ebi.ac.uk/vol1/fastq/SRR548/008/SRR5486348/SRR5486348_1.fastq.gz	https://ftp.sra.ebi.ac.uk/vol1/fastq/SRR548/008/SRR5486348/SRR5486348_2.fastq.gz	SAMN06847434	729261	s
SRR5926160	PAIRED	https://ftp.sra.ebi.ac.uk/vol1/fastq/SRR592/000/SRR5926160/SRR5926160_1.fastq.gz	https://ftp.sra.ebi.ac.uk/vol1/fastq/SRR592/000/SRR5926160/SRR5926160_2.fastq.gz	SAMN07460113	1411215	u
SRR5926163	PAIRED	https://ftp.sra.ebi.ac.uk/vol1/fastq/SRR592/003/SRR5926163/SRR5926163_1.fastq.gz	https://ftp.sra.ebi.ac.uk/vol1/fastq/SRR592/003/SRR5926163/SRR5926163_2.fastq.gz	SAMN07460116	1403232	u
SRR5926165	PAIRED	https://ftp.sra.ebi.ac.uk/vol1/fastq/SRR592/005/SRR5926165/SRR5926165_1.fastq.gz	https://ftp.sra.ebi.ac.uk/vol1/fastq/SRR592/005/SRR5926165/SRR5926165_2.fastq.gz	SAMN07460114	1448144	u
SRR5926166	PAIRED	https://ftp.sra.ebi.ac.uk/vol1/fastq/SRR592/006/SRR5926166/SRR5926166_1.fastq.gz	https://ftp.sra.ebi.ac.uk/vol1/fastq/SRR592/006/SRR5926166/SRR5926166_2.fastq.gz	SAMN07460115	1416930	u
SRR5926167	PAIRED	https://ftp.sra.ebi.ac.uk/vol1/fastq/SRR592/007/SRR5926167/SRR5926167_1.fastq.gz	https://ftp.sra.ebi.ac.uk/vol1/fastq/SRR592/007/SRR5926167/SRR5926167_2.fastq.gz	SAMN07460118	1335167	u
SRR5926168	PAIRED	https://ftp.sra.ebi.ac.uk/vol1/fastq/SRR592/008/SRR5926168/SRR5926168_1.fastq.gz	https://ftp.sra.ebi.ac.uk/vol1/fastq/SRR592/008/SRR5926168/SRR5926168_2.fastq.gz	SAMN07460119	1289609	u
SRR5926177	PAIRED	https://ftp.sra.ebi.ac.uk/vol1/fastq/SRR592/007/SRR5926177/SRR5926177_1.fastq.gz	https://ftp.sra.ebi.ac.uk/vol1/fastq/SRR592/007/SRR5926177/SRR5926177_2.fastq.gz	SAMN07460123	1554815	u
SRR5926181	PAIRED	https://ftp.sra.ebi.ac.uk/vol1/fastq/SRR592/001/SRR5926181/SRR5926181_1.fastq.gz	https://ftp.sra.ebi.ac.uk/vol1/fastq/SRR592/001/SRR5926181/SRR5926181_2.fastq.gz	SAMN07460124	1457581	u
SRR6332088	PAIRED	https://ftp.sra.ebi.ac.uk/vol1/fastq/SRR633/008/SRR6332088/SRR6332088_1.fastq.gz	https://ftp.sra.ebi.ac.uk/vol1/fastq/SRR633/008/SRR6332088/SRR6332088_2.fastq.gz	SAMN08111862	1075051	u
SRR6332090	PAIRED	https://ftp.sra.ebi.ac.uk/vol1/fastq/SRR633/000/SRR6332090/SRR6332090_1.fastq.gz	https://ftp.sra.ebi.ac.uk/vol1/fastq/SRR633/000/SRR6332090/SRR6332090_2.fastq.gz	SAMN08111864	1356097	u
SRR6332095	PAIRED	https://ftp.sra.ebi.ac.uk/vol1/fastq/SRR633/005/SRR6332095/SRR6332095_1.fastq.gz	https://ftp.sra.ebi.ac.uk/vol1/fastq/SRR633/005/SRR6332095/SRR6332095_2.fastq.gz	SAMN08111861	899344	u
SRR6332096	PAIRED	https://ftp.sra.ebi.ac.uk/vol1/fastq/SRR633/006/SRR6332096/SRR6332096_1.fastq.gz	https://ftp.sra.ebi.ac.uk/vol1/fastq/SRR633/006/SRR6332096/SRR6332096_2.fastq.gz	SAMN08111866	1265747	u
SRR6332097	PAIRED	https://ftp.sra.ebi.ac.uk/vol1/fastq/SRR633/007/SRR6332097/SRR6332097_1.fastq.gz	https://ftp.sra.ebi.ac.uk/vol1/fastq/SRR633/007/SRR6332097/SRR6332097_2.fastq.gz	SAMN08111867	1235706	u
SRR6332100	PAIRED	https://ftp.sra.ebi.ac.uk/vol1/fastq/SRR633/000/SRR6332100/SRR6332100_1.fastq.gz	https://ftp.sra.ebi.ac.uk/vol1/fastq/SRR633/000/SRR6332100/SRR6332100_2.fastq.gz	SAMN08111914	1259153	u
SRR6332101	PAIRED	https://ftp.sra.ebi.ac.uk/vol1/fastq/SRR633/001/SRR6332101/SRR6332101_1.fastq.gz	https://ftp.sra.ebi.ac.uk/vol1/fastq/SRR633/001/SRR6332101/SRR6332101_2.fastq.gz	SAMN08111915	1468845	u
SRR6332103	PAIRED	https://ftp.sra.ebi.ac.uk/vol1/fastq/SRR633/003/SRR6332103/SRR6332103_1.fastq.gz	https://ftp.sra.ebi.ac.uk/vol1/fastq/SRR633/003/SRR6332103/SRR6332103_2.fastq.gz	SAMN08111909	1201460	u
SRR6332105	PAIRED	https://ftp.sra.ebi.ac.uk/vol1/fastq/SRR633/005/SRR6332105/SRR6332105_1.fastq.gz	https://ftp.sra.ebi.ac.uk/vol1/fastq/SRR633/005/SRR6332105/SRR6332105_2.fastq.gz	SAMN08111911	1297249	u
SRR6332106	PAIRED	https://ftp.sra.ebi.ac.uk/vol1/fastq/SRR633/006/SRR6332106/SRR6332106_1.fastq.gz	https://ftp.sra.ebi.ac.uk/vol1/fastq/SRR633/006/SRR6332106/SRR6332106_2.fastq.gz	SAMN08111916	1271910	u
SRR6332111	PAIRED	https://ftp.sra.ebi.ac.uk/vol1/fastq/SRR633/001/SRR6332111/SRR6332111_1.fastq.gz	https://ftp.sra.ebi.ac.uk/vol1/fastq/SRR633/001/SRR6332111/SRR6332111_2.fastq.gz	SAMN08111920	1302185	u
SRR6332112	PAIRED	https://ftp.sra.ebi.ac.uk/vol1/fastq/SRR633/002/SRR6332112/SRR6332112_1.fastq.gz	https://ftp.sra.ebi.ac.uk/vol1/fastq/SRR633/002/SRR6332112/SRR6332112_2.fastq.gz	SAMN08111923	1346559	u
SRR6332115	PAIRED	https://ftp.sra.ebi.ac.uk/vol1/fastq/SRR633/005/SRR6332115/SRR6332115_1.fastq.gz	https://ftp.sra.ebi.ac.uk/vol1/fastq/SRR633/005/SRR6332115/SRR6332115_2.fastq.gz	SAMN08111924	1088602	u
SRR6332120	PAIRED	https://ftp.sra.ebi.ac.uk/vol1/fastq/SRR633/000/SRR6332120/SRR6332120_1.fastq.gz	https://ftp.sra.ebi.ac.uk/vol1/fastq/SRR633/000/SRR6332120/SRR6332120_2.fastq.gz	SAMN08111945	1221190	u
SRR6332124	PAIRED	https://ftp.sra.ebi.ac.uk/vol1/fastq/SRR633/004/SRR6332124/SRR6332124_1.fastq.gz	https://ftp.sra.ebi.ac.uk/vol1/fastq/SRR633/004/SRR6332124/SRR6332124_2.fastq.gz	SAMN08111941	1133931	u
SRR6332125	PAIRED	https://ftp.sra.ebi.ac.uk/vol1/fastq/SRR633/005/SRR6332125/SRR6332125_1.fastq.gz	https://ftp.sra.ebi.ac.uk/vol1/fastq/SRR633/005/SRR6332125/SRR6332125_2.fastq.gz	SAMN08111940	1156890	u
SRR6332126	PAIRED	https://ftp.sra.ebi.ac.uk/vol1/fastq/SRR633/006/SRR6332126/SRR6332126_1.fastq.gz	https://ftp.sra.ebi.ac.uk/vol1/fastq/SRR633/006/SRR6332126/SRR6332126_2.fastq.gz	SAMN08111939	1252165	u
SRR6332127	PAIRED	https://ftp.sra.ebi.ac.uk/vol1/fastq/SRR633/007/SRR6332127/SRR6332127_1.fastq.gz	https://ftp.sra.ebi.ac.uk/vol1/fastq/SRR633/007/SRR6332127/SRR6332127_2.fastq.gz	SAMN08111938	1372367	u
SRR6332128	PAIRED	https://ftp.sra.ebi.ac.uk/vol1/fastq/SRR633/008/SRR6332128/SRR6332128_1.fastq.gz	https://ftp.sra.ebi.ac.uk/vol1/fastq/SRR633/008/SRR6332128/SRR6332128_2.fastq.gz	SAMN08111930	1065786	u
SRR6332131	PAIRED	https://ftp.sra.ebi.ac.uk/vol1/fastq/SRR633/001/SRR6332131/SRR6332131_1.fastq.gz	https://ftp.sra.ebi.ac.uk/vol1/fastq/SRR633/001/SRR6332131/SRR6332131_2.fastq.gz	SAMN08111929	1173140	u
SRR6332134	PAIRED	https://ftp.sra.ebi.ac.uk/vol1/fastq/SRR633/004/SRR6332134/SRR6332134_1.fastq.gz	https://ftp.sra.ebi.ac.uk/vol1/fastq/SRR633/004/SRR6332134/SRR6332134_2.fastq.gz	SAMN08111932	1315926	u
SRR6332136	PAIRED	https://ftp.sra.ebi.ac.uk/vol1/fastq/SRR633/006/SRR6332136/SRR6332136_1.fastq.gz	https://ftp.sra.ebi.ac.uk/vol1/fastq/SRR633/006/SRR6332136/SRR6332136_2.fastq.gz	SAMN08111936	1399938	u
SRR6332137	PAIRED	https://ftp.sra.ebi.ac.uk/vol1/fastq/SRR633/007/SRR6332137/SRR6332137_1.fastq.gz	https://ftp.sra.ebi.ac.uk/vol1/fastq/SRR633/007/SRR6332137/SRR6332137_2.fastq.gz	SAMN08111937	956182	u
SRR6332139	PAIRED	https://ftp.sra.ebi.ac.uk/vol1/fastq/SRR633/009/SRR6332139/SRR6332139_1.fastq.gz	https://ftp.sra.ebi.ac.uk/vol1/fastq/SRR633/009/SRR6332139/SRR6332139_2.fastq.gz	SAMN08111869	789673	u
SRR6332141	PAIRED	https://ftp.sra.ebi.ac.uk/vol1/fastq/SRR633/001/SRR6332141/SRR6332141_1.fastq.gz	https://ftp.sra.ebi.ac.uk/vol1/fastq/SRR633/001/SRR6332141/SRR6332141_2.fastq.gz	SAMN08111871	979450	u
SRR6332142	PAIRED	https://ftp.sra.ebi.ac.uk/vol1/fastq/SRR633/002/SRR6332142/SRR6332142_1.fastq.gz	https://ftp.sra.ebi.ac.uk/vol1/fastq/SRR633/002/SRR6332142/SRR6332142_2.fastq.gz	SAMN08111872	1221780	u
SRR6332143	PAIRED	https://ftp.sra.ebi.ac.uk/vol1/fastq/SRR633/003/SRR6332143/SRR6332143_1.fastq.gz	https://ftp.sra.ebi.ac.uk/vol1/fastq/SRR633/003/SRR6332143/SRR6332143_2.fastq.gz	SAMN08111873	961572	u
SRR6332145	PAIRED	https://ftp.sra.ebi.ac.uk/vol1/fastq/SRR633/005/SRR6332145/SRR6332145_1.fastq.gz	https://ftp.sra.ebi.ac.uk/vol1/fastq/SRR633/005/SRR6332145/SRR6332145_2.fastq.gz	SAMN08111875	1551906	u
SRR6332146	PAIRED	https://ftp.sra.ebi.ac.uk/vol1/fastq/SRR633/006/SRR6332146/SRR6332146_1.fastq.gz	https://ftp.sra.ebi.ac.uk/vol1/fastq/SRR633/006/SRR6332146/SRR6332146_2.fastq.gz	SAMN08111876	1388512	u
SRR6332151	PAIRED	https://ftp.sra.ebi.ac.uk/vol1/fastq/SRR633/001/SRR6332151/SRR6332151_1.fastq.gz	https://ftp.sra.ebi.ac.uk/vol1/fastq/SRR633/001/SRR6332151/SRR6332151_2.fastq.gz	SAMN08111949	1406065	u
SRR6332152	PAIRED	https://ftp.sra.ebi.ac.uk/vol1/fastq/SRR633/002/SRR6332152/SRR6332152_1.fastq.gz	https://ftp.sra.ebi.ac.uk/vol1/fastq/SRR633/002/SRR6332152/SRR6332152_2.fastq.gz	SAMN08111950	1402204	u
SRR6332154	PAIRED	https://ftp.sra.ebi.ac.uk/vol1/fastq/SRR633/004/SRR6332154/SRR6332154_1.fastq.gz	https://ftp.sra.ebi.ac.uk/vol1/fastq/SRR633/004/SRR6332154/SRR6332154_2.fastq.gz	SAMN08111952	1364282	u
SRR6332156	PAIRED	https://ftp.sra.ebi.ac.uk/vol1/fastq/SRR633/006/SRR6332156/SRR6332156_1.fastq.gz	https://ftp.sra.ebi.ac.uk/vol1/fastq/SRR633/006/SRR6332156/SRR6332156_2.fastq.gz	SAMN08111954	1299816	u
SRR6332157	PAIRED	https://ftp.sra.ebi.ac.uk/vol1/fastq/SRR633/007/SRR6332157/SRR6332157_1.fastq.gz	https://ftp.sra.ebi.ac.uk/vol1/fastq/SRR633/007/SRR6332157/SRR6332157_2.fastq.gz	SAMN08111955	1098209	u
SRR6332159	PAIRED	https://ftp.sra.ebi.ac.uk/vol1/fastq/SRR633/009/SRR6332159/SRR6332159_1.fastq.gz	https://ftp.sra.ebi.ac.uk/vol1/fastq/SRR633/009/SRR6332159/SRR6332159_2.fastq.gz	SAMN08111886	1477263	u
SRR6332163	PAIRED	https://ftp.sra.ebi.ac.uk/vol1/fastq/SRR633/003/SRR6332163/SRR6332163_1.fastq.gz	https://ftp.sra.ebi.ac.uk/vol1/fastq/SRR633/003/SRR6332163/SRR6332163_2.fastq.gz	SAMN08111884	1463701	u
SRR6332169	PAIRED	https://ftp.sra.ebi.ac.uk/vol1/fastq/SRR633/009/SRR6332169/SRR6332169_1.fastq.gz	https://ftp.sra.ebi.ac.uk/vol1/fastq/SRR633/009/SRR6332169/SRR6332169_2.fastq.gz	SAMN08111969	993253	u
SRR6332171	PAIRED	https://ftp.sra.ebi.ac.uk/vol1/fastq/SRR633/001/SRR6332171/SRR6332171_1.fastq.gz	https://ftp.sra.ebi.ac.uk/vol1/fastq/SRR633/001/SRR6332171/SRR6332171_2.fastq.gz	SAMN08111897	999143	u
SRR6332172	PAIRED	https://ftp.sra.ebi.ac.uk/vol1/fastq/SRR633/002/SRR6332172/SRR6332172_1.fastq.gz	https://ftp.sra.ebi.ac.uk/vol1/fastq/SRR633/002/SRR6332172/SRR6332172_2.fastq.gz	SAMN08111894	1329323	u
SRR6332173	PAIRED	https://ftp.sra.ebi.ac.uk/vol1/fastq/SRR633/003/SRR6332173/SRR6332173_1.fastq.gz	https://ftp.sra.ebi.ac.uk/vol1/fastq/SRR633/003/SRR6332173/SRR6332173_2.fastq.gz	SAMN08111895	1036725	u
SRR6332181	PAIRED	https://ftp.sra.ebi.ac.uk/vol1/fastq/SRR633/001/SRR6332181/SRR6332181_1.fastq.gz	https://ftp.sra.ebi.ac.uk/vol1/fastq/SRR633/001/SRR6332181/SRR6332181_2.fastq.gz	SAMN08111964	1311162	u
SRR6332182	PAIRED	https://ftp.sra.ebi.ac.uk/vol1/fastq/SRR633/002/SRR6332182/SRR6332182_1.fastq.gz	https://ftp.sra.ebi.ac.uk/vol1/fastq/SRR633/002/SRR6332182/SRR6332182_2.fastq.gz	SAMN08111963	777282	u
SRR6332183	PAIRED	https://ftp.sra.ebi.ac.uk/vol1/fastq/SRR633/003/SRR6332183/SRR6332183_1.fastq.gz	https://ftp.sra.ebi.ac.uk/vol1/fastq/SRR633/003/SRR6332183/SRR6332183_2.fastq.gz	SAMN08111962	1151026	u
SRR6332186	PAIRED	https://ftp.sra.ebi.ac.uk/vol1/fastq/SRR633/006/SRR6332186/SRR6332186_1.fastq.gz	https://ftp.sra.ebi.ac.uk/vol1/fastq/SRR633/006/SRR6332186/SRR6332186_2.fastq.gz	SAMN08111959	891365	u
SRR6332191	PAIRED	https://ftp.sra.ebi.ac.uk/vol1/fastq/SRR633/001/SRR6332191/SRR6332191_1.fastq.gz	https://ftp.sra.ebi.ac.uk/vol1/fastq/SRR633/001/SRR6332191/SRR6332191_2.fastq.gz	SAMN08111906	946444	u
SRR6332192	PAIRED	https://ftp.sra.ebi.ac.uk/vol1/fastq/SRR633/002/SRR6332192/SRR6332192_1.fastq.gz	https://ftp.sra.ebi.ac.uk/vol1/fastq/SRR633/002/SRR6332192/SRR6332192_2.fastq.gz	SAMN08111901	1093120	u
SRR6332194	PAIRED	https://ftp.sra.ebi.ac.uk/vol1/fastq/SRR633/004/SRR6332194/SRR6332194_1.fastq.gz	https://ftp.sra.ebi.ac.uk/vol1/fastq/SRR633/004/SRR6332194/SRR6332194_2.fastq.gz	SAMN08111899	1219097	u
SRR6332195	PAIRED	https://ftp.sra.ebi.ac.uk/vol1/fastq/SRR633/005/SRR6332195/SRR6332195_1.fastq.gz	https://ftp.sra.ebi.ac.uk/vol1/fastq/SRR633/005/SRR6332195/SRR6332195_2.fastq.gz	SAMN08111898	1310065	u
SRR6332198	PAIRED	https://ftp.sra.ebi.ac.uk/vol1/fastq/SRR633/008/SRR6332198/SRR6332198_1.fastq.gz	https://ftp.sra.ebi.ac.uk/vol1/fastq/SRR633/008/SRR6332198/SRR6332198_2.fastq.gz	SAMN08111903	1299286	u
SRR6985637	PAIRED	https://ftp.sra.ebi.ac.uk/vol1/fastq/SRR698/007/SRR6985637/SRR6985637_1.fastq.gz	https://ftp.sra.ebi.ac.uk/vol1/fastq/SRR698/007/SRR6985637/SRR6985637_2.fastq.gz	SAMN04901606	4772502	u
SRR6985639	PAIRED	https://ftp.sra.ebi.ac.uk/vol1/fastq/SRR698/009/SRR6985639/SRR6985639_1.fastq.gz	https://ftp.sra.ebi.ac.uk/vol1/fastq/SRR698/009/SRR6985639/SRR6985639_2.fastq.gz	SAMN04901609	5064731	r
SRR6985644	PAIRED	https://ftp.sra.ebi.ac.uk/vol1/fastq/SRR698/004/SRR6985644/SRR6985644_1.fastq.gz	https://ftp.sra.ebi.ac.uk/vol1/fastq/SRR698/004/SRR6985644/SRR6985644_2.fastq.gz	SAMN04901612	5238790	s
SRR6985646	PAIRED	https://ftp.sra.ebi.ac.uk/vol1/fastq/SRR698/006/SRR6985646/SRR6985646_1.fastq.gz	https://ftp.sra.ebi.ac.uk/vol1/fastq/SRR698/006/SRR6985646/SRR6985646_2.fastq.gz	SAMN04901608	5801658	r
SRR6985651	PAIRED	https://ftp.sra.ebi.ac.uk/vol1/fastq/SRR698/001/SRR6985651/SRR6985651_1.fastq.gz	https://ftp.sra.ebi.ac.uk/vol1/fastq/SRR698/001/SRR6985651/SRR6985651_2.fastq.gz	SAMN04901613	5357907	r
SRR6985655	PAIRED	https://ftp.sra.ebi.ac.uk/vol1/fastq/SRR698/005/SRR6985655/SRR6985655_1.fastq.gz	https://ftp.sra.ebi.ac.uk/vol1/fastq/SRR698/005/SRR6985655/SRR6985655_2.fastq.gz	SAMN04901616	5158508	r
SRR6985700	PAIRED	https://ftp.sra.ebi.ac.uk/vol1/fastq/SRR698/000/SRR6985700/SRR6985700_1.fastq.gz	https://ftp.sra.ebi.ac.uk/vol1/fastq/SRR698/000/SRR6985700/SRR6985700_2.fastq.gz	SAMN07291554	7880467	s
SRR6985703	PAIRED	https://ftp.sra.ebi.ac.uk/vol1/fastq/SRR698/003/SRR6985703/SRR6985703_1.fastq.gz	https://ftp.sra.ebi.ac.uk/vol1/fastq/SRR698/003/SRR6985703/SRR6985703_2.fastq.gz	SAMN07291558	8534755	s
SRR6985715	PAIRED	https://ftp.sra.ebi.ac.uk/vol1/fastq/SRR698/005/SRR6985715/SRR6985715_1.fastq.gz	https://ftp.sra.ebi.ac.uk/vol1/fastq/SRR698/005/SRR6985715/SRR6985715_2.fastq.gz	SAMN07291566	5659315	r
SRR6985717	PAIRED	https://ftp.sra.ebi.ac.uk/vol1/fastq/SRR698/007/SRR6985717/SRR6985717_1.fastq.gz	https://ftp.sra.ebi.ac.uk/vol1/fastq/SRR698/007/SRR6985717/SRR6985717_2.fastq.gz	SAMN07291567	6470223	r
SRR6985721	PAIRED	https://ftp.sra.ebi.ac.uk/vol1/fastq/SRR698/001/SRR6985721/SRR6985721_1.fastq.gz	https://ftp.sra.ebi.ac.uk/vol1/fastq/SRR698/001/SRR6985721/SRR6985721_2.fastq.gz	SAMN04901614	3592681	r
SRR6985724	PAIRED	https://ftp.sra.ebi.ac.uk/vol1/fastq/SRR698/004/SRR6985724/SRR6985724_1.fastq.gz	https://ftp.sra.ebi.ac.uk/vol1/fastq/SRR698/004/SRR6985724/SRR6985724_2.fastq.gz	SAMN04901615	5756926	r
SRR6985725	PAIRED	https://ftp.sra.ebi.ac.uk/vol1/fastq/SRR698/005/SRR6985725/SRR6985725_1.fastq.gz	https://ftp.sra.ebi.ac.uk/vol1/fastq/SRR698/005/SRR6985725/SRR6985725_2.fastq.gz	SAMN04901618	4710197	r
SRR6994982	PAIRED	https://ftp.sra.ebi.ac.uk/vol1/fastq/SRR699/002/SRR6994982/SRR6994982_1.fastq.gz	https://ftp.sra.ebi.ac.uk/vol1/fastq/SRR699/002/SRR6994982/SRR6994982_2.fastq.gz	SAMN04901611	4791911	r
SRR7296768	PAIRED	https://ftp.sra.ebi.ac.uk/vol1/fastq/SRR729/008/SRR7296768/SRR7296768_1.fastq.gz	https://ftp.sra.ebi.ac.uk/vol1/fastq/SRR729/008/SRR7296768/SRR7296768_2.fastq.gz	SAMN09401041	1855275	u
SRR7296769	PAIRED	https://ftp.sra.ebi.ac.uk/vol1/fastq/SRR729/009/SRR7296769/SRR7296769_1.fastq.gz	https://ftp.sra.ebi.ac.uk/vol1/fastq/SRR729/009/SRR7296769/SRR7296769_2.fastq.gz	SAMN09401064	1751044	u
SRR7296772	PAIRED	https://ftp.sra.ebi.ac.uk/vol1/fastq/SRR729/002/SRR7296772/SRR7296772_1.fastq.gz	https://ftp.sra.ebi.ac.uk/vol1/fastq/SRR729/002/SRR7296772/SRR7296772_2.fastq.gz	SAMN09401075	1116648	u
SRR7296809	PAIRED	https://ftp.sra.ebi.ac.uk/vol1/fastq/SRR729/009/SRR7296809/SRR7296809_1.fastq.gz	https://ftp.sra.ebi.ac.uk/vol1/fastq/SRR729/009/SRR7296809/SRR7296809_2.fastq.gz	SAMN09401068	1385941	u
SRR7296836	PAIRED	https://ftp.sra.ebi.ac.uk/vol1/fastq/SRR729/006/SRR7296836/SRR7296836_1.fastq.gz	https://ftp.sra.ebi.ac.uk/vol1/fastq/SRR729/006/SRR7296836/SRR7296836_2.fastq.gz	SAMN09401107	1931420	u
SRR7296841	PAIRED	https://ftp.sra.ebi.ac.uk/vol1/fastq/SRR729/001/SRR7296841/SRR7296841_1.fastq.gz	https://ftp.sra.ebi.ac.uk/vol1/fastq/SRR729/001/SRR7296841/SRR7296841_2.fastq.gz	SAMN09400901	1177478	u
SRR7296843	PAIRED	https://ftp.sra.ebi.ac.uk/vol1/fastq/SRR729/003/SRR7296843/SRR7296843_1.fastq.gz	https://ftp.sra.ebi.ac.uk/vol1/fastq/SRR729/003/SRR7296843/SRR7296843_2.fastq.gz	SAMN09400903	1152400	u
SRR7296844	PAIRED	https://ftp.sra.ebi.ac.uk/vol1/fastq/SRR729/004/SRR7296844/SRR7296844_1.fastq.gz	https://ftp.sra.ebi.ac.uk/vol1/fastq/SRR729/004/SRR7296844/SRR7296844_2.fastq.gz	SAMN09400906	1033484	u
SRR7296845	PAIRED	https://ftp.sra.ebi.ac.uk/vol1/fastq/SRR729/005/SRR7296845/SRR7296845_1.fastq.gz	https://ftp.sra.ebi.ac.uk/vol1/fastq/SRR729/005/SRR7296845/SRR7296845_2.fastq.gz	SAMN09400905	1711251	u
SRR7296865	PAIRED	https://ftp.sra.ebi.ac.uk/vol1/fastq/SRR729/005/SRR7296865/SRR7296865_1.fastq.gz	https://ftp.sra.ebi.ac.uk/vol1/fastq/SRR729/005/SRR7296865/SRR7296865_2.fastq.gz	SAMN09401066	1673186	u
SRR7296868	PAIRED	https://ftp.sra.ebi.ac.uk/vol1/fastq/SRR729/008/SRR7296868/SRR7296868_1.fastq.gz	https://ftp.sra.ebi.ac.uk/vol1/fastq/SRR729/008/SRR7296868/SRR7296868_2.fastq.gz	SAMN09401063	1650158	u
SRR7296870	PAIRED	https://ftp.sra.ebi.ac.uk/vol1/fastq/SRR729/000/SRR7296870/SRR7296870_1.fastq.gz	https://ftp.sra.ebi.ac.uk/vol1/fastq/SRR729/000/SRR7296870/SRR7296870_2.fastq.gz	SAMN09401061	1931493	u
SRR7296872	PAIRED	https://ftp.sra.ebi.ac.uk/vol1/fastq/SRR729/002/SRR7296872/SRR7296872_1.fastq.gz	https://ftp.sra.ebi.ac.uk/vol1/fastq/SRR729/002/SRR7296872/SRR7296872_2.fastq.gz	SAMN09401008	1422687	u
SRR7296873	PAIRED	https://ftp.sra.ebi.ac.uk/vol1/fastq/SRR729/003/SRR7296873/SRR7296873_1.fastq.gz	https://ftp.sra.ebi.ac.uk/vol1/fastq/SRR729/003/SRR7296873/SRR7296873_2.fastq.gz	SAMN09401005	2599471	u
SRR7296874	PAIRED	https://ftp.sra.ebi.ac.uk/vol1/fastq/SRR729/004/SRR7296874/SRR7296874_1.fastq.gz	https://ftp.sra.ebi.ac.uk/vol1/fastq/SRR729/004/SRR7296874/SRR7296874_2.fastq.gz	SAMN09401006	3293509	u
SRR7296878	PAIRED	https://ftp.sra.ebi.ac.uk/vol1/fastq/SRR729/008/SRR7296878/SRR7296878_1.fastq.gz	https://ftp.sra.ebi.ac.uk/vol1/fastq/SRR729/008/SRR7296878/SRR7296878_2.fastq.gz	SAMN09401002	1942376	u
SRR7296880	PAIRED	https://ftp.sra.ebi.ac.uk/vol1/fastq/SRR729/000/SRR7296880/SRR7296880_1.fastq.gz	https://ftp.sra.ebi.ac.uk/vol1/fastq/SRR729/000/SRR7296880/SRR7296880_2.fastq.gz	SAMN09401000	1280706	u
SRR7296953	PAIRED	https://ftp.sra.ebi.ac.uk/vol1/fastq/SRR729/003/SRR7296953/SRR7296953_1.fastq.gz	https://ftp.sra.ebi.ac.uk/vol1/fastq/SRR729/003/SRR7296953/SRR7296953_2.fastq.gz	SAMN09401037	2089388	u
SRR7296955	PAIRED	https://ftp.sra.ebi.ac.uk/vol1/fastq/SRR729/005/SRR7296955/SRR7296955_1.fastq.gz	https://ftp.sra.ebi.ac.uk/vol1/fastq/SRR729/005/SRR7296955/SRR7296955_2.fastq.gz	SAMN09401030	2093837	u
SRR7296956	PAIRED	https://ftp.sra.ebi.ac.uk/vol1/fastq/SRR729/006/SRR7296956/SRR7296956_1.fastq.gz	https://ftp.sra.ebi.ac.uk/vol1/fastq/SRR729/006/SRR7296956/SRR7296956_2.fastq.gz	SAMN09401029	2408107	u
SRR7296957	PAIRED	https://ftp.sra.ebi.ac.uk/vol1/fastq/SRR729/007/SRR7296957/SRR7296957_1.fastq.gz	https://ftp.sra.ebi.ac.uk/vol1/fastq/SRR729/007/SRR7296957/SRR7296957_2.fastq.gz	SAMN09401032	853374	u
SRR7296958	PAIRED	https://ftp.sra.ebi.ac.uk/vol1/fastq/SRR729/008/SRR7296958/SRR7296958_1.fastq.gz	https://ftp.sra.ebi.ac.uk/vol1/fastq/SRR729/008/SRR7296958/SRR7296958_2.fastq.gz	SAMN09401031	917186	u
SRR7296960	PAIRED	https://ftp.sra.ebi.ac.uk/vol1/fastq/SRR729/000/SRR7296960/SRR7296960_1.fastq.gz	https://ftp.sra.ebi.ac.uk/vol1/fastq/SRR729/000/SRR7296960/SRR7296960_2.fastq.gz	SAMN09401033	1089848	u
SRR7296963	PAIRED	https://ftp.sra.ebi.ac.uk/vol1/fastq/SRR729/003/SRR7296963/SRR7296963_1.fastq.gz	https://ftp.sra.ebi.ac.uk/vol1/fastq/SRR729/003/SRR7296963/SRR7296963_2.fastq.gz	SAMN09401095	1562796	u
SRR7296969	PAIRED	https://ftp.sra.ebi.ac.uk/vol1/fastq/SRR729/009/SRR7296969/SRR7296969_1.fastq.gz	https://ftp.sra.ebi.ac.uk/vol1/fastq/SRR729/009/SRR7296969/SRR7296969_2.fastq.gz	SAMN09401096	2079826	u
SRR7296979	PAIRED	https://ftp.sra.ebi.ac.uk/vol1/fastq/SRR729/009/SRR7296979/SRR7296979_1.fastq.gz	https://ftp.sra.ebi.ac.uk/vol1/fastq/SRR729/009/SRR7296979/SRR7296979_2.fastq.gz	SAMN09400961	1793592	u
SRR7296980	PAIRED	https://ftp.sra.ebi.ac.uk/vol1/fastq/SRR729/000/SRR7296980/SRR7296980_1.fastq.gz	https://ftp.sra.ebi.ac.uk/vol1/fastq/SRR729/000/SRR7296980/SRR7296980_2.fastq.gz	SAMN09400962	2675787	u
SRR7296981	PAIRED	https://ftp.sra.ebi.ac.uk/vol1/fastq/SRR729/001/SRR7296981/SRR7296981_1.fastq.gz	https://ftp.sra.ebi.ac.uk/vol1/fastq/SRR729/001/SRR7296981/SRR7296981_2.fastq.gz	SAMN09400959	1593083	u
SRR7296983	PAIRED	https://ftp.sra.ebi.ac.uk/vol1/fastq/SRR729/003/SRR7296983/SRR7296983_1.fastq.gz	https://ftp.sra.ebi.ac.uk/vol1/fastq/SRR729/003/SRR7296983/SRR7296983_2.fastq.gz	SAMN09400965	1031993	u
SRR7296985	PAIRED	https://ftp.sra.ebi.ac.uk/vol1/fastq/SRR729/005/SRR7296985/SRR7296985_1.fastq.gz	https://ftp.sra.ebi.ac.uk/vol1/fastq/SRR729/005/SRR7296985/SRR7296985_2.fastq.gz	SAMN09400963	1710563	u
SRR7296986	PAIRED	https://ftp.sra.ebi.ac.uk/vol1/fastq/SRR729/006/SRR7296986/SRR7296986_1.fastq.gz	https://ftp.sra.ebi.ac.uk/vol1/fastq/SRR729/006/SRR7296986/SRR7296986_2.fastq.gz	SAMN09400964	2182341	u
SRR7296989	PAIRED	https://ftp.sra.ebi.ac.uk/vol1/fastq/SRR729/009/SRR7296989/SRR7296989_1.fastq.gz	https://ftp.sra.ebi.ac.uk/vol1/fastq/SRR729/009/SRR7296989/SRR7296989_2.fastq.gz	SAMN09400968	1596313	u
SRR7296995	PAIRED	https://ftp.sra.ebi.ac.uk/vol1/fastq/SRR729/005/SRR7296995/SRR7296995_1.fastq.gz	https://ftp.sra.ebi.ac.uk/vol1/fastq/SRR729/005/SRR7296995/SRR7296995_2.fastq.gz	SAMN09400911	1220952	u
SRR7296996	PAIRED	https://ftp.sra.ebi.ac.uk/vol1/fastq/SRR729/006/SRR7296996/SRR7296996_1.fastq.gz	https://ftp.sra.ebi.ac.uk/vol1/fastq/SRR729/006/SRR7296996/SRR7296996_2.fastq.gz	SAMN09400912	942529	u
SRR7296998	PAIRED	https://ftp.sra.ebi.ac.uk/vol1/fastq/SRR729/008/SRR7296998/SRR7296998_1.fastq.gz	https://ftp.sra.ebi.ac.uk/vol1/fastq/SRR729/008/SRR7296998/SRR7296998_2.fastq.gz	SAMN09400914	19703110	u
SRR7296999	PAIRED	https://ftp.sra.ebi.ac.uk/vol1/fastq/SRR729/009/SRR7296999/SRR7296999_1.fastq.gz	https://ftp.sra.ebi.ac.uk/vol1/fastq/SRR729/009/SRR7296999/SRR7296999_2.fastq.gz	SAMN09400915	1930876	u
SRR7297000	PAIRED	https://ftp.sra.ebi.ac.uk/vol1/fastq/SRR729/000/SRR7297000/SRR7297000_1.fastq.gz	https://ftp.sra.ebi.ac.uk/vol1/fastq/SRR729/000/SRR7297000/SRR7297000_2.fastq.gz	SAMN09400916	1781596	u
SRR7297017	PAIRED	https://ftp.sra.ebi.ac.uk/vol1/fastq/SRR729/007/SRR7297017/SRR7297017_1.fastq.gz	https://ftp.sra.ebi.ac.uk/vol1/fastq/SRR729/007/SRR7297017/SRR7297017_2.fastq.gz	SAMN09401099	1790575	u
SRR7297136	PAIRED	https://ftp.sra.ebi.ac.uk/vol1/fastq/SRR729/006/SRR7297136/SRR7297136_1.fastq.gz	https://ftp.sra.ebi.ac.uk/vol1/fastq/SRR729/006/SRR7297136/SRR7297136_2.fastq.gz	SAMN09401097	1755171	u
SRR7297137	PAIRED	https://ftp.sra.ebi.ac.uk/vol1/fastq/SRR729/007/SRR7297137/SRR7297137_1.fastq.gz	https://ftp.sra.ebi.ac.uk/vol1/fastq/SRR729/007/SRR7297137/SRR7297137_2.fastq.gz	SAMN09401098	1859282	u
SRR7297151	PAIRED	https://ftp.sra.ebi.ac.uk/vol1/fastq/SRR729/001/SRR7297151/SRR7297151_1.fastq.gz	https://ftp.sra.ebi.ac.uk/vol1/fastq/SRR729/001/SRR7297151/SRR7297151_2.fastq.gz	SAMN09401082	1033825	u
SRR7297154	PAIRED	https://ftp.sra.ebi.ac.uk/vol1/fastq/SRR729/004/SRR7297154/SRR7297154_1.fastq.gz	https://ftp.sra.ebi.ac.uk/vol1/fastq/SRR729/004/SRR7297154/SRR7297154_2.fastq.gz	SAMN09401083	1879812	u
SRR7297155	PAIRED	https://ftp.sra.ebi.ac.uk/vol1/fastq/SRR729/005/SRR7297155/SRR7297155_1.fastq.gz	https://ftp.sra.ebi.ac.uk/vol1/fastq/SRR729/005/SRR7297155/SRR7297155_2.fastq.gz	SAMN09401086	1846031	u
SRR7297159	PAIRED	https://ftp.sra.ebi.ac.uk/vol1/fastq/SRR729/009/SRR7297159/SRR7297159_1.fastq.gz	https://ftp.sra.ebi.ac.uk/vol1/fastq/SRR729/009/SRR7297159/SRR7297159_2.fastq.gz	SAMN09400981	1172304	u
SRR7297163	PAIRED	https://ftp.sra.ebi.ac.uk/vol1/fastq/SRR729/003/SRR7297163/SRR7297163_1.fastq.gz	https://ftp.sra.ebi.ac.uk/vol1/fastq/SRR729/003/SRR7297163/SRR7297163_2.fastq.gz	SAMN09400985	1224940	u
SRR7297164	PAIRED	https://ftp.sra.ebi.ac.uk/vol1/fastq/SRR729/004/SRR7297164/SRR7297164_1.fastq.gz	https://ftp.sra.ebi.ac.uk/vol1/fastq/SRR729/004/SRR7297164/SRR7297164_2.fastq.gz	SAMN09400986	1059063	u
SRR7297225	PAIRED	https://ftp.sra.ebi.ac.uk/vol1/fastq/SRR729/005/SRR7297225/SRR7297225_1.fastq.gz	https://ftp.sra.ebi.ac.uk/vol1/fastq/SRR729/005/SRR7297225/SRR7297225_2.fastq.gz	SAMN09400943	1837331	u
SRR7297227	PAIRED	https://ftp.sra.ebi.ac.uk/vol1/fastq/SRR729/007/SRR7297227/SRR7297227_1.fastq.gz	https://ftp.sra.ebi.ac.uk/vol1/fastq/SRR729/007/SRR7297227/SRR7297227_2.fastq.gz	SAMN09400945	1427317	u
SRR7297228	PAIRED	https://ftp.sra.ebi.ac.uk/vol1/fastq/SRR729/008/SRR7297228/SRR7297228_1.fastq.gz	https://ftp.sra.ebi.ac.uk/vol1/fastq/SRR729/008/SRR7297228/SRR7297228_2.fastq.gz	SAMN09400940	3130948	u
SRR7297230	PAIRED	https://ftp.sra.ebi.ac.uk/vol1/fastq/SRR729/000/SRR7297230/SRR7297230_1.fastq.gz	https://ftp.sra.ebi.ac.uk/vol1/fastq/SRR729/000/SRR7297230/SRR7297230_2.fastq.gz	SAMN09400942	2542964	u
SRR7297231	PAIRED	https://ftp.sra.ebi.ac.uk/vol1/fastq/SRR729/001/SRR7297231/SRR7297231_1.fastq.gz	https://ftp.sra.ebi.ac.uk/vol1/fastq/SRR729/001/SRR7297231/SRR7297231_2.fastq.gz	SAMN09400941	2591547	u
SRR7297232	PAIRED	https://ftp.sra.ebi.ac.uk/vol1/fastq/SRR729/002/SRR7297232/SRR7297232_1.fastq.gz	https://ftp.sra.ebi.ac.uk/vol1/fastq/SRR729/002/SRR7297232/SRR7297232_2.fastq.gz	SAMN09400948	2182810	u
SRR7297241	PAIRED	https://ftp.sra.ebi.ac.uk/vol1/fastq/SRR729/001/SRR7297241/SRR7297241_1.fastq.gz	https://ftp.sra.ebi.ac.uk/vol1/fastq/SRR729/001/SRR7297241/SRR7297241_2.fastq.gz	SAMN09401016	1830273	u
SRR7297242	PAIRED	https://ftp.sra.ebi.ac.uk/vol1/fastq/SRR729/002/SRR7297242/SRR7297242_1.fastq.gz	https://ftp.sra.ebi.ac.uk/vol1/fastq/SRR729/002/SRR7297242/SRR7297242_2.fastq.gz	SAMN09401015	1713609	u
SRR7297243	PAIRED	https://ftp.sra.ebi.ac.uk/vol1/fastq/SRR729/003/SRR7297243/SRR7297243_1.fastq.gz	https://ftp.sra.ebi.ac.uk/vol1/fastq/SRR729/003/SRR7297243/SRR7297243_2.fastq.gz	SAMN09401014	1669610	u
SRR7297259	PAIRED	https://ftp.sra.ebi.ac.uk/vol1/fastq/SRR729/009/SRR7297259/SRR7297259_1.fastq.gz	https://ftp.sra.ebi.ac.uk/vol1/fastq/SRR729/009/SRR7297259/SRR7297259_2.fastq.gz	SAMN09400897	1720065	u
SRR7297276	PAIRED	https://ftp.sra.ebi.ac.uk/vol1/fastq/SRR729/006/SRR7297276/SRR7297276_1.fastq.gz	https://ftp.sra.ebi.ac.uk/vol1/fastq/SRR729/006/SRR7297276/SRR7297276_2.fastq.gz	SAMN09401057	1718834	u
SRR7297284	PAIRED	https://ftp.sra.ebi.ac.uk/vol1/fastq/SRR729/004/SRR7297284/SRR7297284_1.fastq.gz	https://ftp.sra.ebi.ac.uk/vol1/fastq/SRR729/004/SRR7297284/SRR7297284_2.fastq.gz	SAMN09401049	1735351	u
SRR7297285	PAIRED	https://ftp.sra.ebi.ac.uk/vol1/fastq/SRR729/005/SRR7297285/SRR7297285_1.fastq.gz	https://ftp.sra.ebi.ac.uk/vol1/fastq/SRR729/005/SRR7297285/SRR7297285_2.fastq.gz	SAMN09401050	1991442	u
SRR7297286	PAIRED	https://ftp.sra.ebi.ac.uk/vol1/fastq/SRR729/006/SRR7297286/SRR7297286_1.fastq.gz	https://ftp.sra.ebi.ac.uk/vol1/fastq/SRR729/006/SRR7297286/SRR7297286_2.fastq.gz	SAMN09401051	3253961	u
SRR7297288	PAIRED	https://ftp.sra.ebi.ac.uk/vol1/fastq/SRR729/008/SRR7297288/SRR7297288_1.fastq.gz	https://ftp.sra.ebi.ac.uk/vol1/fastq/SRR729/008/SRR7297288/SRR7297288_2.fastq.gz	SAMN09401053	1178658	u
SRR7297290	PAIRED	https://ftp.sra.ebi.ac.uk/vol1/fastq/SRR729/000/SRR7297290/SRR7297290_1.fastq.gz	https://ftp.sra.ebi.ac.uk/vol1/fastq/SRR729/000/SRR7297290/SRR7297290_2.fastq.gz	SAMN09401055	2316006	u
SRR7297303	PAIRED	https://ftp.sra.ebi.ac.uk/vol1/fastq/SRR729/003/SRR7297303/SRR7297303_1.fastq.gz	https://ftp.sra.ebi.ac.uk/vol1/fastq/SRR729/003/SRR7297303/SRR7297303_2.fastq.gz	SAMN09400920	1964745	u
SRR7297360	PAIRED	https://ftp.sra.ebi.ac.uk/vol1/fastq/SRR729/000/SRR7297360/SRR7297360_1.fastq.gz	https://ftp.sra.ebi.ac.uk/vol1/fastq/SRR729/000/SRR7297360/SRR7297360_2.fastq.gz	SAMN09401101	2051534	u
SRR7297364	PAIRED	https://ftp.sra.ebi.ac.uk/vol1/fastq/SRR729/004/SRR7297364/SRR7297364_1.fastq.gz	https://ftp.sra.ebi.ac.uk/vol1/fastq/SRR729/004/SRR7297364/SRR7297364_2.fastq.gz	SAMN09401105	1332821	u
SRR7297376	PAIRED	https://ftp.sra.ebi.ac.uk/vol1/fastq/SRR729/006/SRR7297376/SRR7297376_1.fastq.gz	https://ftp.sra.ebi.ac.uk/vol1/fastq/SRR729/006/SRR7297376/SRR7297376_2.fastq.gz	SAMN09401042	2218969	u
SRR7297389	PAIRED	https://ftp.sra.ebi.ac.uk/vol1/fastq/SRR729/009/SRR7297389/SRR7297389_1.fastq.gz	https://ftp.sra.ebi.ac.uk/vol1/fastq/SRR729/009/SRR7297389/SRR7297389_2.fastq.gz	SAMN09401039	1449729	u
SRR7297393	PAIRED	https://ftp.sra.ebi.ac.uk/vol1/fastq/SRR729/003/SRR7297393/SRR7297393_1.fastq.gz	https://ftp.sra.ebi.ac.uk/vol1/fastq/SRR729/003/SRR7297393/SRR7297393_2.fastq.gz	SAMN09401043	923099	u
SRR7297405	PAIRED	https://ftp.sra.ebi.ac.uk/vol1/fastq/SRR729/005/SRR7297405/SRR7297405_1.fastq.gz	https://ftp.sra.ebi.ac.uk/vol1/fastq/SRR729/005/SRR7297405/SRR7297405_2.fastq.gz	SAMN09401108	1902454	u
SRR7297408	PAIRED	https://ftp.sra.ebi.ac.uk/vol1/fastq/SRR729/008/SRR7297408/SRR7297408_1.fastq.gz	https://ftp.sra.ebi.ac.uk/vol1/fastq/SRR729/008/SRR7297408/SRR7297408_2.fastq.gz	SAMN09400974	2395274	u
SRR7297409	PAIRED	https://ftp.sra.ebi.ac.uk/vol1/fastq/SRR729/009/SRR7297409/SRR7297409_1.fastq.gz	https://ftp.sra.ebi.ac.uk/vol1/fastq/SRR729/009/SRR7297409/SRR7297409_2.fastq.gz	SAMN09400973	1997024	u
SRR7297413	PAIRED	https://ftp.sra.ebi.ac.uk/vol1/fastq/SRR729/003/SRR7297413/SRR7297413_1.fastq.gz	https://ftp.sra.ebi.ac.uk/vol1/fastq/SRR729/003/SRR7297413/SRR7297413_2.fastq.gz	SAMN09400969	2839906	u
SRR7297417	PAIRED	https://ftp.sra.ebi.ac.uk/vol1/fastq/SRR729/007/SRR7297417/SRR7297417_1.fastq.gz	https://ftp.sra.ebi.ac.uk/vol1/fastq/SRR729/007/SRR7297417/SRR7297417_2.fastq.gz	SAMN09400977	1211408	u
SRR7297447	PAIRED	https://ftp.sra.ebi.ac.uk/vol1/fastq/SRR729/007/SRR7297447/SRR7297447_1.fastq.gz	https://ftp.sra.ebi.ac.uk/vol1/fastq/SRR729/007/SRR7297447/SRR7297447_2.fastq.gz	SAMN09401088	1649424	u
SRR7297450	PAIRED	https://ftp.sra.ebi.ac.uk/vol1/fastq/SRR729/000/SRR7297450/SRR7297450_1.fastq.gz	https://ftp.sra.ebi.ac.uk/vol1/fastq/SRR729/000/SRR7297450/SRR7297450_2.fastq.gz	SAMN09401087	1878296	u
SRR7297460	PAIRED	https://ftp.sra.ebi.ac.uk/vol1/fastq/SRR729/000/SRR7297460/SRR7297460_1.fastq.gz	https://ftp.sra.ebi.ac.uk/vol1/fastq/SRR729/000/SRR7297460/SRR7297460_2.fastq.gz	SAMN09401071	1553149	u
SRR7297461	PAIRED	https://ftp.sra.ebi.ac.uk/vol1/fastq/SRR729/001/SRR7297461/SRR7297461_1.fastq.gz	https://ftp.sra.ebi.ac.uk/vol1/fastq/SRR729/001/SRR7297461/SRR7297461_2.fastq.gz	SAMN09401072	2715519	u
SRR7297463	PAIRED	https://ftp.sra.ebi.ac.uk/vol1/fastq/SRR729/003/SRR7297463/SRR7297463_1.fastq.gz	https://ftp.sra.ebi.ac.uk/vol1/fastq/SRR729/003/SRR7297463/SRR7297463_2.fastq.gz	SAMN09401070	1414495	u
SRR7297464	PAIRED	https://ftp.sra.ebi.ac.uk/vol1/fastq/SRR729/004/SRR7297464/SRR7297464_1.fastq.gz	https://ftp.sra.ebi.ac.uk/vol1/fastq/SRR729/004/SRR7297464/SRR7297464_2.fastq.gz	SAMN09400998	3351003	u
SRR7297466	PAIRED	https://ftp.sra.ebi.ac.uk/vol1/fastq/SRR729/006/SRR7297466/SRR7297466_1.fastq.gz	https://ftp.sra.ebi.ac.uk/vol1/fastq/SRR729/006/SRR7297466/SRR7297466_2.fastq.gz	SAMN09401073	1205402	u
SRR7297468	PAIRED	https://ftp.sra.ebi.ac.uk/vol1/fastq/SRR729/008/SRR7297468/SRR7297468_1.fastq.gz	https://ftp.sra.ebi.ac.uk/vol1/fastq/SRR729/008/SRR7297468/SRR7297468_2.fastq.gz	SAMN09400994	1520834	u
SRR7297469	PAIRED	https://ftp.sra.ebi.ac.uk/vol1/fastq/SRR729/009/SRR7297469/SRR7297469_1.fastq.gz	https://ftp.sra.ebi.ac.uk/vol1/fastq/SRR729/009/SRR7297469/SRR7297469_2.fastq.gz	SAMN09400993	2283835	u
SRR7297470	PAIRED	https://ftp.sra.ebi.ac.uk/vol1/fastq/SRR729/000/SRR7297470/SRR7297470_1.fastq.gz	https://ftp.sra.ebi.ac.uk/vol1/fastq/SRR729/000/SRR7297470/SRR7297470_2.fastq.gz	SAMN09400996	2507244	u
SRR7297471	PAIRED	https://ftp.sra.ebi.ac.uk/vol1/fastq/SRR729/001/SRR7297471/SRR7297471_1.fastq.gz	https://ftp.sra.ebi.ac.uk/vol1/fastq/SRR729/001/SRR7297471/SRR7297471_2.fastq.gz	SAMN09400995	2636306	u
SRR7297473	PAIRED	https://ftp.sra.ebi.ac.uk/vol1/fastq/SRR729/003/SRR7297473/SRR7297473_1.fastq.gz	https://ftp.sra.ebi.ac.uk/vol1/fastq/SRR729/003/SRR7297473/SRR7297473_2.fastq.gz	SAMN09400989	2018917	u
SRR7297534	PAIRED	https://ftp.sra.ebi.ac.uk/vol1/fastq/SRR729/004/SRR7297534/SRR7297534_1.fastq.gz	https://ftp.sra.ebi.ac.uk/vol1/fastq/SRR729/004/SRR7297534/SRR7297534_2.fastq.gz	SAMN09400935	2338489	u
SRR7297535	PAIRED	https://ftp.sra.ebi.ac.uk/vol1/fastq/SRR729/005/SRR7297535/SRR7297535_1.fastq.gz	https://ftp.sra.ebi.ac.uk/vol1/fastq/SRR729/005/SRR7297535/SRR7297535_2.fastq.gz	SAMN09400936	3367908	u
SRR7297540	PAIRED	https://ftp.sra.ebi.ac.uk/vol1/fastq/SRR729/000/SRR7297540/SRR7297540_1.fastq.gz	https://ftp.sra.ebi.ac.uk/vol1/fastq/SRR729/000/SRR7297540/SRR7297540_2.fastq.gz	SAMN09400929	1687782	u
SRR7297541	PAIRED	https://ftp.sra.ebi.ac.uk/vol1/fastq/SRR729/001/SRR7297541/SRR7297541_1.fastq.gz	https://ftp.sra.ebi.ac.uk/vol1/fastq/SRR729/001/SRR7297541/SRR7297541_2.fastq.gz	SAMN09400930	3486080	u
SRR7297566	PAIRED	https://ftp.sra.ebi.ac.uk/vol1/fastq/SRR729/006/SRR7297566/SRR7297566_1.fastq.gz	https://ftp.sra.ebi.ac.uk/vol1/fastq/SRR729/006/SRR7297566/SRR7297566_2.fastq.gz	SAMN09401023	636354	u
SRR7297567	PAIRED	https://ftp.sra.ebi.ac.uk/vol1/fastq/SRR729/007/SRR7297567/SRR7297567_1.fastq.gz	https://ftp.sra.ebi.ac.uk/vol1/fastq/SRR729/007/SRR7297567/SRR7297567_2.fastq.gz	SAMN09401024	773341	u
SRR7297569	PAIRED	https://ftp.sra.ebi.ac.uk/vol1/fastq/SRR729/009/SRR7297569/SRR7297569_1.fastq.gz	https://ftp.sra.ebi.ac.uk/vol1/fastq/SRR729/009/SRR7297569/SRR7297569_2.fastq.gz	SAMN09401026	1337277	u
SRR7297572	PAIRED	https://ftp.sra.ebi.ac.uk/vol1/fastq/SRR729/002/SRR7297572/SRR7297572_1.fastq.gz	https://ftp.sra.ebi.ac.uk/vol1/fastq/SRR729/002/SRR7297572/SRR7297572_2.fastq.gz	SAMN09401021	2076959	u
SRR7297573	PAIRED	https://ftp.sra.ebi.ac.uk/vol1/fastq/SRR729/003/SRR7297573/SRR7297573_1.fastq.gz	https://ftp.sra.ebi.ac.uk/vol1/fastq/SRR729/003/SRR7297573/SRR7297573_2.fastq.gz	SAMN09401022	857189	u
SRR7297574	PAIRED	https://ftp.sra.ebi.ac.uk/vol1/fastq/SRR729/004/SRR7297574/SRR7297574_1.fastq.gz	https://ftp.sra.ebi.ac.uk/vol1/fastq/SRR729/004/SRR7297574/SRR7297574_2.fastq.gz	SAMN09401027	400821	u
SRR7297575	PAIRED	https://ftp.sra.ebi.ac.uk/vol1/fastq/SRR729/005/SRR7297575/SRR7297575_1.fastq.gz	https://ftp.sra.ebi.ac.uk/vol1/fastq/SRR729/005/SRR7297575/SRR7297575_2.fastq.gz	SAMN09401028	323691	u
SRR7297577	PAIRED	https://ftp.sra.ebi.ac.uk/vol1/fastq/SRR729/007/SRR7297577/SRR7297577_1.fastq.gz	https://ftp.sra.ebi.ac.uk/vol1/fastq/SRR729/007/SRR7297577/SRR7297577_2.fastq.gz	SAMN09401060	1778842	u
SRR7297579	PAIRED	https://ftp.sra.ebi.ac.uk/vol1/fastq/SRR729/009/SRR7297579/SRR7297579_1.fastq.gz	https://ftp.sra.ebi.ac.uk/vol1/fastq/SRR729/009/SRR7297579/SRR7297579_2.fastq.gz	SAMN09400927	1600614	u
SRR7297585	PAIRED	https://ftp.sra.ebi.ac.uk/vol1/fastq/SRR729/005/SRR7297585/SRR7297585_1.fastq.gz	https://ftp.sra.ebi.ac.uk/vol1/fastq/SRR729/005/SRR7297585/SRR7297585_2.fastq.gz	SAMN09400951	1414839	u
SRR7297588	PAIRED	https://ftp.sra.ebi.ac.uk/vol1/fastq/SRR729/008/SRR7297588/SRR7297588_1.fastq.gz	https://ftp.sra.ebi.ac.uk/vol1/fastq/SRR729/008/SRR7297588/SRR7297588_2.fastq.gz	SAMN09400956	1611504	u
SRR7297591	PAIRED	https://ftp.sra.ebi.ac.uk/vol1/fastq/SRR729/001/SRR7297591/SRR7297591_1.fastq.gz	https://ftp.sra.ebi.ac.uk/vol1/fastq/SRR729/001/SRR7297591/SRR7297591_2.fastq.gz	SAMN09400957	1549396	u
SRR7297593	PAIRED	https://ftp.sra.ebi.ac.uk/vol1/fastq/SRR729/003/SRR7297593/SRR7297593_1.fastq.gz	https://ftp.sra.ebi.ac.uk/vol1/fastq/SRR729/003/SRR7297593/SRR7297593_2.fastq.gz	SAMN09400925	1950357	u
SRR7297595	PAIRED	https://ftp.sra.ebi.ac.uk/vol1/fastq/SRR729/005/SRR7297595/SRR7297595_1.fastq.gz	https://ftp.sra.ebi.ac.uk/vol1/fastq/SRR729/005/SRR7297595/SRR7297595_2.fastq.gz	SAMN09400923	1634653	u
SRR7297597	PAIRED	https://ftp.sra.ebi.ac.uk/vol1/fastq/SRR729/007/SRR7297597/SRR7297597_1.fastq.gz	https://ftp.sra.ebi.ac.uk/vol1/fastq/SRR729/007/SRR7297597/SRR7297597_2.fastq.gz	SAMN09400921	1001256	u
SRR7795231	PAIRED	https://ftp.sra.ebi.ac.uk/vol1/fastq/SRR779/001/SRR7795231/SRR7795231_1.fastq.gz	https://ftp.sra.ebi.ac.uk/vol1/fastq/SRR779/001/SRR7795231/SRR7795231_2.fastq.gz	SAMN08456662	7600116	s
SRR7795232	PAIRED	https://ftp.sra.ebi.ac.uk/vol1/fastq/SRR779/002/SRR7795232/SRR7795232_1.fastq.gz	https://ftp.sra.ebi.ac.uk/vol1/fastq/SRR779/002/SRR7795232/SRR7795232_2.fastq.gz	SAMN08456651	8602186	s
SRR7867445	PAIRED	https://ftp.sra.ebi.ac.uk/vol1/fastq/SRR786/005/SRR7867445/SRR7867445_1.fastq.gz	https://ftp.sra.ebi.ac.uk/vol1/fastq/SRR786/005/SRR7867445/SRR7867445_2.fastq.gz	SAMN10080618	580795	u
SRR7867449	PAIRED	https://ftp.sra.ebi.ac.uk/vol1/fastq/SRR786/009/SRR7867449/SRR7867449_1.fastq.gz	https://ftp.sra.ebi.ac.uk/vol1/fastq/SRR786/009/SRR7867449/SRR7867449_2.fastq.gz	SAMN10080702	1169000	u
SRR7867451	PAIRED	https://ftp.sra.ebi.ac.uk/vol1/fastq/SRR786/001/SRR7867451/SRR7867451_1.fastq.gz	https://ftp.sra.ebi.ac.uk/vol1/fastq/SRR786/001/SRR7867451/SRR7867451_2.fastq.gz	SAMN10080700	677748	u
SRR7867454	PAIRED	https://ftp.sra.ebi.ac.uk/vol1/fastq/SRR786/004/SRR7867454/SRR7867454_1.fastq.gz	https://ftp.sra.ebi.ac.uk/vol1/fastq/SRR786/004/SRR7867454/SRR7867454_2.fastq.gz	SAMN10080697	436319	u
SRR7867455	PAIRED	https://ftp.sra.ebi.ac.uk/vol1/fastq/SRR786/005/SRR7867455/SRR7867455_1.fastq.gz	https://ftp.sra.ebi.ac.uk/vol1/fastq/SRR786/005/SRR7867455/SRR7867455_2.fastq.gz	SAMN10080696	1014018	u
SRR7867456	PAIRED	https://ftp.sra.ebi.ac.uk/vol1/fastq/SRR786/006/SRR7867456/SRR7867456_1.fastq.gz	https://ftp.sra.ebi.ac.uk/vol1/fastq/SRR786/006/SRR7867456/SRR7867456_2.fastq.gz	SAMN10080695	745782	u
SRR7867457	PAIRED	https://ftp.sra.ebi.ac.uk/vol1/fastq/SRR786/007/SRR7867457/SRR7867457_1.fastq.gz	https://ftp.sra.ebi.ac.uk/vol1/fastq/SRR786/007/SRR7867457/SRR7867457_2.fastq.gz	SAMN10080694	632402	u
SRR7867470	PAIRED	https://ftp.sra.ebi.ac.uk/vol1/fastq/SRR786/000/SRR7867470/SRR7867470_1.fastq.gz	https://ftp.sra.ebi.ac.uk/vol1/fastq/SRR786/000/SRR7867470/SRR7867470_2.fastq.gz	SAMN10080693	654121	u
SRR7867471	PAIRED	https://ftp.sra.ebi.ac.uk/vol1/fastq/SRR786/001/SRR7867471/SRR7867471_1.fastq.gz	https://ftp.sra.ebi.ac.uk/vol1/fastq/SRR786/001/SRR7867471/SRR7867471_2.fastq.gz	SAMN10080686	1114099	u
SRR7867473	PAIRED	https://ftp.sra.ebi.ac.uk/vol1/fastq/SRR786/003/SRR7867473/SRR7867473_1.fastq.gz	https://ftp.sra.ebi.ac.uk/vol1/fastq/SRR786/003/SRR7867473/SRR7867473_2.fastq.gz	SAMN10080684	1187	u
SRR7867476	PAIRED	https://ftp.sra.ebi.ac.uk/vol1/fastq/SRR786/006/SRR7867476/SRR7867476_1.fastq.gz	https://ftp.sra.ebi.ac.uk/vol1/fastq/SRR786/006/SRR7867476/SRR7867476_2.fastq.gz	SAMN10080691	1399138	u
SRR7867479	PAIRED	https://ftp.sra.ebi.ac.uk/vol1/fastq/SRR786/009/SRR7867479/SRR7867479_1.fastq.gz	https://ftp.sra.ebi.ac.uk/vol1/fastq/SRR786/009/SRR7867479/SRR7867479_2.fastq.gz	SAMN10080672	1079469	u
SRR7867480	PAIRED	https://ftp.sra.ebi.ac.uk/vol1/fastq/SRR786/000/SRR7867480/SRR7867480_1.fastq.gz	https://ftp.sra.ebi.ac.uk/vol1/fastq/SRR786/000/SRR7867480/SRR7867480_2.fastq.gz	SAMN10080673	1386756	u
SRR7867484	PAIRED	https://ftp.sra.ebi.ac.uk/vol1/fastq/SRR786/004/SRR7867484/SRR7867484_1.fastq.gz	https://ftp.sra.ebi.ac.uk/vol1/fastq/SRR786/004/SRR7867484/SRR7867484_2.fastq.gz	SAMN10080671	734076	u
SRR7867486	PAIRED	https://ftp.sra.ebi.ac.uk/vol1/fastq/SRR786/006/SRR7867486/SRR7867486_1.fastq.gz	https://ftp.sra.ebi.ac.uk/vol1/fastq/SRR786/006/SRR7867486/SRR7867486_2.fastq.gz	SAMN10080665	1048785	u
SRR7867495	PAIRED	https://ftp.sra.ebi.ac.uk/vol1/fastq/SRR786/005/SRR7867495/SRR7867495_1.fastq.gz	https://ftp.sra.ebi.ac.uk/vol1/fastq/SRR786/005/SRR7867495/SRR7867495_2.fastq.gz	SAMN10080614	859723	u
SRR7867497	PAIRED	https://ftp.sra.ebi.ac.uk/vol1/fastq/SRR786/007/SRR7867497/SRR7867497_1.fastq.gz	https://ftp.sra.ebi.ac.uk/vol1/fastq/SRR786/007/SRR7867497/SRR7867497_2.fastq.gz	SAMN10080616	660552	u
SRR7867498	PAIRED	https://ftp.sra.ebi.ac.uk/vol1/fastq/SRR786/008/SRR7867498/SRR7867498_1.fastq.gz	https://ftp.sra.ebi.ac.uk/vol1/fastq/SRR786/008/SRR7867498/SRR7867498_2.fastq.gz	SAMN10080675	998894	u
SRR7867502	PAIRED	https://ftp.sra.ebi.ac.uk/vol1/fastq/SRR786/002/SRR7867502/SRR7867502_1.fastq.gz	https://ftp.sra.ebi.ac.uk/vol1/fastq/SRR786/002/SRR7867502/SRR7867502_2.fastq.gz	SAMN10080679	408540	u
SRR7867504	PAIRED	https://ftp.sra.ebi.ac.uk/vol1/fastq/SRR786/004/SRR7867504/SRR7867504_1.fastq.gz	https://ftp.sra.ebi.ac.uk/vol1/fastq/SRR786/004/SRR7867504/SRR7867504_2.fastq.gz	SAMN10080681	861891	u
SRR7867506	PAIRED	https://ftp.sra.ebi.ac.uk/vol1/fastq/SRR786/006/SRR7867506/SRR7867506_1.fastq.gz	https://ftp.sra.ebi.ac.uk/vol1/fastq/SRR786/006/SRR7867506/SRR7867506_2.fastq.gz	SAMN10080663	965702	u
SRR7867512	PAIRED	https://ftp.sra.ebi.ac.uk/vol1/fastq/SRR786/002/SRR7867512/SRR7867512_1.fastq.gz	https://ftp.sra.ebi.ac.uk/vol1/fastq/SRR786/002/SRR7867512/SRR7867512_2.fastq.gz	SAMN10080661	869641	u
SRR7867527	PAIRED	https://ftp.sra.ebi.ac.uk/vol1/fastq/SRR786/007/SRR7867527/SRR7867527_1.fastq.gz	https://ftp.sra.ebi.ac.uk/vol1/fastq/SRR786/007/SRR7867527/SRR7867527_2.fastq.gz	SAMN10080631	466539	u
SRR7867528	PAIRED	https://ftp.sra.ebi.ac.uk/vol1/fastq/SRR786/008/SRR7867528/SRR7867528_1.fastq.gz	https://ftp.sra.ebi.ac.uk/vol1/fastq/SRR786/008/SRR7867528/SRR7867528_2.fastq.gz	SAMN10080628	1177157	u
SRR7867530	PAIRED	https://ftp.sra.ebi.ac.uk/vol1/fastq/SRR786/000/SRR7867530/SRR7867530_1.fastq.gz	https://ftp.sra.ebi.ac.uk/vol1/fastq/SRR786/000/SRR7867530/SRR7867530_2.fastq.gz	SAMN10080626	945572	u
SRR7867531	PAIRED	https://ftp.sra.ebi.ac.uk/vol1/fastq/SRR786/001/SRR7867531/SRR7867531_1.fastq.gz	https://ftp.sra.ebi.ac.uk/vol1/fastq/SRR786/001/SRR7867531/SRR7867531_2.fastq.gz	SAMN10080627	853	u
SRR7867533	PAIRED	https://ftp.sra.ebi.ac.uk/vol1/fastq/SRR786/003/SRR7867533/SRR7867533_1.fastq.gz	https://ftp.sra.ebi.ac.uk/vol1/fastq/SRR786/003/SRR7867533/SRR7867533_2.fastq.gz	SAMN10080625	1248437	u
SRR7867571	PAIRED	https://ftp.sra.ebi.ac.uk/vol1/fastq/SRR786/001/SRR7867571/SRR7867571_1.fastq.gz	https://ftp.sra.ebi.ac.uk/vol1/fastq/SRR786/001/SRR7867571/SRR7867571_2.fastq.gz	SAMN10080610	819638	u
SRR7867577	PAIRED	https://ftp.sra.ebi.ac.uk/vol1/fastq/SRR786/007/SRR7867577/SRR7867577_1.fastq.gz	https://ftp.sra.ebi.ac.uk/vol1/fastq/SRR786/007/SRR7867577/SRR7867577_2.fastq.gz	SAMN10080612	850722	u
SRR7867580	PAIRED	https://ftp.sra.ebi.ac.uk/vol1/fastq/SRR786/000/SRR7867580/SRR7867580_1.fastq.gz	https://ftp.sra.ebi.ac.uk/vol1/fastq/SRR786/000/SRR7867580/SRR7867580_2.fastq.gz	SAMN10080732	988308	u
SRR7867583	PAIRED	https://ftp.sra.ebi.ac.uk/vol1/fastq/SRR786/003/SRR7867583/SRR7867583_1.fastq.gz	https://ftp.sra.ebi.ac.uk/vol1/fastq/SRR786/003/SRR7867583/SRR7867583_2.fastq.gz	SAMN10080731	720073	u
SRR7867588	PAIRED	https://ftp.sra.ebi.ac.uk/vol1/fastq/SRR786/008/SRR7867588/SRR7867588_1.fastq.gz	https://ftp.sra.ebi.ac.uk/vol1/fastq/SRR786/008/SRR7867588/SRR7867588_2.fastq.gz	SAMN10080724	587135	u
SRR7867590	PAIRED	https://ftp.sra.ebi.ac.uk/vol1/fastq/SRR786/000/SRR7867590/SRR7867590_1.fastq.gz	https://ftp.sra.ebi.ac.uk/vol1/fastq/SRR786/000/SRR7867590/SRR7867590_2.fastq.gz	SAMN10080736	226335	u
SRR7867595	PAIRED	https://ftp.sra.ebi.ac.uk/vol1/fastq/SRR786/005/SRR7867595/SRR7867595_1.fastq.gz	https://ftp.sra.ebi.ac.uk/vol1/fastq/SRR786/005/SRR7867595/SRR7867595_2.fastq.gz	SAMN10080705	791948	u
SRR7867596	PAIRED	https://ftp.sra.ebi.ac.uk/vol1/fastq/SRR786/006/SRR7867596/SRR7867596_1.fastq.gz	https://ftp.sra.ebi.ac.uk/vol1/fastq/SRR786/006/SRR7867596/SRR7867596_2.fastq.gz	SAMN10080706	1171549	u
SRR7867597	PAIRED	https://ftp.sra.ebi.ac.uk/vol1/fastq/SRR786/007/SRR7867597/SRR7867597_1.fastq.gz	https://ftp.sra.ebi.ac.uk/vol1/fastq/SRR786/007/SRR7867597/SRR7867597_2.fastq.gz	SAMN10080707	1150778	u
SRR7867599	PAIRED	https://ftp.sra.ebi.ac.uk/vol1/fastq/SRR786/009/SRR7867599/SRR7867599_1.fastq.gz	https://ftp.sra.ebi.ac.uk/vol1/fastq/SRR786/009/SRR7867599/SRR7867599_2.fastq.gz	SAMN10080709	1328806	u
SRR7867600	PAIRED	https://ftp.sra.ebi.ac.uk/vol1/fastq/SRR786/000/SRR7867600/SRR7867600_1.fastq.gz	https://ftp.sra.ebi.ac.uk/vol1/fastq/SRR786/000/SRR7867600/SRR7867600_2.fastq.gz	SAMN10080710	808185	u
SRR7867602	PAIRED	https://ftp.sra.ebi.ac.uk/vol1/fastq/SRR786/002/SRR7867602/SRR7867602_1.fastq.gz	https://ftp.sra.ebi.ac.uk/vol1/fastq/SRR786/002/SRR7867602/SRR7867602_2.fastq.gz	SAMN10080712	1110491	u
SRR7867603	PAIRED	https://ftp.sra.ebi.ac.uk/vol1/fastq/SRR786/003/SRR7867603/SRR7867603_1.fastq.gz	https://ftp.sra.ebi.ac.uk/vol1/fastq/SRR786/003/SRR7867603/SRR7867603_2.fastq.gz	SAMN10080713	701733	u
SRR7867618	PAIRED	https://ftp.sra.ebi.ac.uk/vol1/fastq/SRR786/008/SRR7867618/SRR7867618_1.fastq.gz	https://ftp.sra.ebi.ac.uk/vol1/fastq/SRR786/008/SRR7867618/SRR7867618_2.fastq.gz	SAMN10080722	591589	u
SRR7867621	PAIRED	https://ftp.sra.ebi.ac.uk/vol1/fastq/SRR786/001/SRR7867621/SRR7867621_1.fastq.gz	https://ftp.sra.ebi.ac.uk/vol1/fastq/SRR786/001/SRR7867621/SRR7867621_2.fastq.gz	SAMN10080721	910124	u
SRR7867622	PAIRED	https://ftp.sra.ebi.ac.uk/vol1/fastq/SRR786/002/SRR7867622/SRR7867622_1.fastq.gz	https://ftp.sra.ebi.ac.uk/vol1/fastq/SRR786/002/SRR7867622/SRR7867622_2.fastq.gz	SAMN10080720	618006	u
SRR7867623	PAIRED	https://ftp.sra.ebi.ac.uk/vol1/fastq/SRR786/003/SRR7867623/SRR7867623_1.fastq.gz	https://ftp.sra.ebi.ac.uk/vol1/fastq/SRR786/003/SRR7867623/SRR7867623_2.fastq.gz	SAMN10080715	838727	u
SRR7867624	PAIRED	https://ftp.sra.ebi.ac.uk/vol1/fastq/SRR786/004/SRR7867624/SRR7867624_1.fastq.gz	https://ftp.sra.ebi.ac.uk/vol1/fastq/SRR786/004/SRR7867624/SRR7867624_2.fastq.gz	SAMN10080714	587845	u
SRR7867635	PAIRED	https://ftp.sra.ebi.ac.uk/vol1/fastq/SRR786/005/SRR7867635/SRR7867635_1.fastq.gz	https://ftp.sra.ebi.ac.uk/vol1/fastq/SRR786/005/SRR7867635/SRR7867635_2.fastq.gz	SAMN10080592	469553	u
SRR8526659	PAIRED	https://ftp.sra.ebi.ac.uk/vol1/fastq/SRR852/009/SRR8526659/SRR8526659_1.fastq.gz	https://ftp.sra.ebi.ac.uk/vol1/fastq/SRR852/009/SRR8526659/SRR8526659_2.fastq.gz	SAMN07291574	920846	r
SRR8526660	PAIRED	https://ftp.sra.ebi.ac.uk/vol1/fastq/SRR852/000/SRR8526660/SRR8526660_1.fastq.gz	https://ftp.sra.ebi.ac.uk/vol1/fastq/SRR852/000/SRR8526660/SRR8526660_2.fastq.gz	SAMN07291585	895994	s
SRR8526661	PAIRED	https://ftp.sra.ebi.ac.uk/vol1/fastq/SRR852/001/SRR8526661/SRR8526661_1.fastq.gz	https://ftp.sra.ebi.ac.uk/vol1/fastq/SRR852/001/SRR8526661/SRR8526661_2.fastq.gz	SAMN07291581	907483	s
SRR8526663	PAIRED	https://ftp.sra.ebi.ac.uk/vol1/fastq/SRR852/003/SRR8526663/SRR8526663_1.fastq.gz	https://ftp.sra.ebi.ac.uk/vol1/fastq/SRR852/003/SRR8526663/SRR8526663_2.fastq.gz	SAMN07291570	813068	r
SRR8526667	PAIRED	https://ftp.sra.ebi.ac.uk/vol1/fastq/SRR852/007/SRR8526667/SRR8526667_1.fastq.gz	https://ftp.sra.ebi.ac.uk/vol1/fastq/SRR852/007/SRR8526667/SRR8526667_2.fastq.gz	SAMN07291572	593802	r
SRR8526669	PAIRED	https://ftp.sra.ebi.ac.uk/vol1/fastq/SRR852/009/SRR8526669/SRR8526669_1.fastq.gz	https://ftp.sra.ebi.ac.uk/vol1/fastq/SRR852/009/SRR8526669/SRR8526669_2.fastq.gz	SAMN07291578	763573	s
SRR8526671	PAIRED	https://ftp.sra.ebi.ac.uk/vol1/fastq/SRR852/001/SRR8526671/SRR8526671_1.fastq.gz	https://ftp.sra.ebi.ac.uk/vol1/fastq/SRR852/001/SRR8526671/SRR8526671_2.fastq.gz	SAMN07291571	610214	r
SRR8526674	PAIRED	https://ftp.sra.ebi.ac.uk/vol1/fastq/SRR852/004/SRR8526674/SRR8526674_1.fastq.gz	https://ftp.sra.ebi.ac.uk/vol1/fastq/SRR852/004/SRR8526674/SRR8526674_2.fastq.gz	SAMN07291575	909822	r
SRR8526675	PAIRED	https://ftp.sra.ebi.ac.uk/vol1/fastq/SRR852/005/SRR8526675/SRR8526675_1.fastq.gz	https://ftp.sra.ebi.ac.uk/vol1/fastq/SRR852/005/SRR8526675/SRR8526675_2.fastq.gz	SAMN07291582	964180	u
SRR9046749	PAIRED	https://ftp.sra.ebi.ac.uk/vol1/fastq/SRR904/009/SRR9046749/SRR9046749_1.fastq.gz	https://ftp.sra.ebi.ac.uk/vol1/fastq/SRR904/009/SRR9046749/SRR9046749_2.fastq.gz	SAMN11611371	552060	u
SRR9046750	PAIRED	https://ftp.sra.ebi.ac.uk/vol1/fastq/SRR904/000/SRR9046750/SRR9046750_1.fastq.gz	https://ftp.sra.ebi.ac.uk/vol1/fastq/SRR904/000/SRR9046750/SRR9046750_2.fastq.gz	SAMN11611372	859263	u
SRR9046751	PAIRED	https://ftp.sra.ebi.ac.uk/vol1/fastq/SRR904/001/SRR9046751/SRR9046751_1.fastq.gz	https://ftp.sra.ebi.ac.uk/vol1/fastq/SRR904/001/SRR9046751/SRR9046751_2.fastq.gz	SAMN11611369	887481	u
SRR9046752	PAIRED	https://ftp.sra.ebi.ac.uk/vol1/fastq/SRR904/002/SRR9046752/SRR9046752_1.fastq.gz	https://ftp.sra.ebi.ac.uk/vol1/fastq/SRR904/002/SRR9046752/SRR9046752_2.fastq.gz	SAMN11611370	780063	u
SRR9046753	PAIRED	https://ftp.sra.ebi.ac.uk/vol1/fastq/SRR904/003/SRR9046753/SRR9046753_1.fastq.gz	https://ftp.sra.ebi.ac.uk/vol1/fastq/SRR904/003/SRR9046753/SRR9046753_2.fastq.gz	SAMN11611375	767221	u
SRR9046755	PAIRED	https://ftp.sra.ebi.ac.uk/vol1/fastq/SRR904/005/SRR9046755/SRR9046755_1.fastq.gz	https://ftp.sra.ebi.ac.uk/vol1/fastq/SRR904/005/SRR9046755/SRR9046755_2.fastq.gz	SAMN11611373	741262	u
SRR9046757	PAIRED	https://ftp.sra.ebi.ac.uk/vol1/fastq/SRR904/007/SRR9046757/SRR9046757_1.fastq.gz	https://ftp.sra.ebi.ac.uk/vol1/fastq/SRR904/007/SRR9046757/SRR9046757_2.fastq.gz	SAMN11611377	1564535	u
